run_id,method,paired_trace_id,identity_label_for_scoring,event_id,rpa_value,action,aes_attempts,deferred,delay_ms,admission_path
m12_heavy_flood_dup60_s20260624_bonded,P3-Persist,m12_heavy_flood_dup60_s20260624,bonded,66696,PRIVPROBE:0,cache_hit,0,False,0,cache
m12_heavy_flood_dup60_s20260624_bonded,P3-Persist,m12_heavy_flood_dup60_s20260624,bonded,67801,PRIVPROBE:0,cache_hit,0,False,0,cache
m12_heavy_flood_dup60_s20260624_bonded,P3-Persist,m12_heavy_flood_dup60_s20260624,bonded,68853,PRIVPROBE:0,cache_hit,0,False,0,cache
m12_heavy_flood_dup60_s20260624_bonded,P3-Persist,m12_heavy_flood_dup60_s20260624,bonded,69993,PRIVPROBE:0,cache_hit,0,False,0,cache
m12_heavy_flood_dup60_s20260624_bonded,P3-Persist,m12_heavy_flood_dup60_s20260624,bonded,71063,PRIVPROBE:0,cache_hit,0,False,0,cache
m12_heavy_flood_dup60_s20260624_bonded,P3-Persist,m12_heavy_flood_dup60_s20260624,bonded,72179,PRIVPROBE:0,cache_hit,0,False,0,cache
m12_heavy_flood_dup60_s20260624_bonded,P3-Persist,m12_heavy_flood_dup60_s20260624,bonded,73243,PRIVPROBE:0,cache_hit,0,False,0,cache
m12_heavy_flood_dup60_s20260624_bonded,P3-Persist,m12_heavy_flood_dup60_s20260624,bonded,74350,PRIVPROBE:0,cache_hit,0,False,0,cache
m12_heavy_flood_dup60_s20260624_bonded,P3-Persist,m12_heavy_flood_dup60_s20260624,bonded,75431,PRIVPROBE:0,cache_hit,0,False,0,cache
m12_heavy_flood_dup60_s20260624_bonded,P3-Persist,m12_heavy_flood_dup60_s20260624,bonded,76574,PRIVPROBE:0,cache_hit,0,False,0,cache
m12_heavy_flood_dup60_s20260624_bonded,P3-Persist,m12_heavy_flood_dup60_s20260624,bonded,77718,PRIVPROBE:0,cache_hit,0,False,0,cache
m12_heavy_flood_dup60_s20260624_bonded,P3-Persist,m12_heavy_flood_dup60_s20260624,bonded,78873,PRIVPROBE:0,cache_hit,0,False,0,cache
m12_heavy_flood_dup60_s20260624_bonded,P3-Persist,m12_heavy_flood_dup60_s20260624,bonded,79977,PRIVPROBE:0,cache_hit,0,False,0,cache
m12_heavy_flood_dup60_s20260624_bonded,P3-Persist,m12_heavy_flood_dup60_s20260624,bonded,81091,PRIVPROBE:0,cache_hit,0,False,0,cache
m12_heavy_flood_dup60_s20260624_bonded,P3-Persist,m12_heavy_flood_dup60_s20260624,bonded,82242,PRIVPROBE:0,cache_hit,0,False,0,cache
m12_heavy_flood_dup60_s20260624_bonded,P3-Persist,m12_heavy_flood_dup60_s20260624,bonded,83326,PRIVPROBE:0,cache_hit,0,False,0,cache
m12_heavy_flood_dup60_s20260624_bonded,P3-Persist,m12_heavy_flood_dup60_s20260624,bonded,84489,PRIVPROBE:0,cache_hit,0,False,0,cache
m12_heavy_flood_dup60_s20260624_bonded,P3-Persist,m12_heavy_flood_dup60_s20260624,bonded,85544,PRIVPROBE:0,cache_hit,0,False,0,cache
m12_heavy_flood_dup60_s20260624_bonded,P3-Persist,m12_heavy_flood_dup60_s20260624,bonded,86708,PRIVPROBE:0,cache_hit,0,False,0,cache
m12_heavy_flood_dup60_s20260624_bonded,P3-Persist,m12_heavy_flood_dup60_s20260624,bonded,87786,PRIVPROBE:0,cache_hit,0,False,0,cache
m12_heavy_flood_dup60_s20260624_bonded,P3-Persist,m12_heavy_flood_dup60_s20260624,bonded,88910,PRIVPROBE:0,cache_hit,0,False,0,cache
m12_heavy_flood_dup60_s20260624_bonded,P3-Persist,m12_heavy_flood_dup60_s20260624,bonded,90051,PRIVPROBE:0,cache_hit,0,False,0,cache
m12_heavy_flood_dup60_s20260624_bonded,P3-Persist,m12_heavy_flood_dup60_s20260624,bonded,91181,PRIVPROBE:0,cache_hit,0,False,0,cache
m12_heavy_flood_dup60_s20260624_bonded,P3-Persist,m12_heavy_flood_dup60_s20260624,bonded,92266,PRIVPROBE:0,cache_hit,0,False,0,cache
m12_heavy_flood_dup60_s20260624_bonded,P3-Persist,m12_heavy_flood_dup60_s20260624,bonded,93316,PRIVPROBE:0,cache_hit,0,False,0,cache
m12_heavy_flood_dup60_s20260624_bonded,P3-Persist,m12_heavy_flood_dup60_s20260624,bonded,94429,PRIVPROBE:0,cache_hit,0,False,0,cache
m12_heavy_flood_dup60_s20260624_bonded,P3-Persist,m12_heavy_flood_dup60_s20260624,bonded,95527,PRIVPROBE:0,cache_hit,0,False,0,cache
m12_heavy_flood_dup60_s20260624_bonded,P3-Persist,m12_heavy_flood_dup60_s20260624,bonded,96579,PRIVPROBE:0,cache_hit,0,False,0,cache
m12_heavy_flood_dup60_s20260624_bonded,P3-Persist,m12_heavy_flood_dup60_s20260624,bonded,97671,PRIVPROBE:0,cache_hit,0,False,0,cache
m12_heavy_flood_dup60_s20260624_bonded,P3-Persist,m12_heavy_flood_dup60_s20260624,bonded,98837,PRIVPROBE:0,cache_hit,0,False,0,cache
m12_heavy_flood_dup60_s20260624_bonded,P3-Persist,m12_heavy_flood_dup60_s20260624,bonded,99865,PRIVPROBE:0,cache_hit,0,False,0,cache
m12_heavy_flood_dup60_s20260624_bonded,P3-Persist,m12_heavy_flood_dup60_s20260624,bonded,100907,PRIVPROBE:0,cache_hit,0,False,0,cache
m12_heavy_flood_dup60_s20260624_bonded,P3-Persist,m12_heavy_flood_dup60_s20260624,bonded,101963,PRIVPROBE:0,cache_hit,0,False,0,cache
m12_heavy_flood_dup60_s20260624_bonded,P3-Persist,m12_heavy_flood_dup60_s20260624,bonded,103083,PRIVPROBE:0,cache_hit,0,False,0,cache
m12_heavy_flood_dup60_s20260624_bonded,P3-Persist,m12_heavy_flood_dup60_s20260624,bonded,104205,PRIVPROBE:0,cache_hit,0,False,0,cache
m12_heavy_flood_dup60_s20260624_bonded,P3-Persist,m12_heavy_flood_dup60_s20260624,bonded,105339,PRIVPROBE:0,cache_hit,0,False,0,cache
m12_heavy_flood_dup60_s20260624_bonded,P3-Persist,m12_heavy_flood_dup60_s20260624,bonded,106447,PRIVPROBE:0,cache_hit,0,False,0,cache
m12_heavy_flood_dup60_s20260624_bonded,P3-Persist,m12_heavy_flood_dup60_s20260624,bonded,107504,PRIVPROBE:0,cache_hit,0,False,0,cache
m12_heavy_flood_dup60_s20260624_bonded,P3-Persist,m12_heavy_flood_dup60_s20260624,bonded,108665,PRIVPROBE:0,cache_hit,0,False,0,cache
m12_heavy_flood_dup60_s20260624_bonded,P3-Persist,m12_heavy_flood_dup60_s20260624,bonded,109818,PRIVPROBE:0,cache_hit,0,False,0,cache
m12_heavy_flood_dup60_s20260624_bonded,P3-Persist,m12_heavy_flood_dup60_s20260624,bonded,110995,PRIVPROBE:0,cache_hit,0,False,0,cache
m12_heavy_flood_dup60_s20260624_bonded,P3-Persist,m12_heavy_flood_dup60_s20260624,bonded,112195,PRIVPROBE:0,cache_hit,0,False,0,cache
m12_heavy_flood_dup60_s20260624_bonded,P3-Persist,m12_heavy_flood_dup60_s20260624,bonded,113347,PRIVPROBE:0,cache_hit,0,False,0,cache
m12_heavy_flood_dup60_s20260624_bonded,P3-Persist,m12_heavy_flood_dup60_s20260624,bonded,114459,PRIVPROBE:0,cache_hit,0,False,0,cache
m12_heavy_flood_dup60_s20260624_bonded,P3-Persist,m12_heavy_flood_dup60_s20260624,bonded,115572,PRIVPROBE:0,cache_hit,0,False,0,cache
m12_heavy_flood_dup60_s20260624_bonded,P3-Persist,m12_heavy_flood_dup60_s20260624,bonded,116698,PRIVPROBE:0,cache_hit,0,False,0,cache
m12_heavy_flood_dup60_s20260624_bonded,P3-Persist,m12_heavy_flood_dup60_s20260624,bonded,117848,PRIVPROBE:0,cache_hit,0,False,0,cache
m12_heavy_flood_dup60_s20260624_bonded,P3-Persist,m12_heavy_flood_dup60_s20260624,bonded,119030,PRIVPROBE:0,cache_hit,0,False,0,cache
m12_heavy_flood_dup60_s20260624_bonded,P3-Persist,m12_heavy_flood_dup60_s20260624,bonded,120123,PRIVPROBE:0,cache_hit,0,False,0,cache
m12_heavy_flood_dup60_s20260624_bonded,P3-Persist,m12_heavy_flood_dup60_s20260624,bonded,121179,PRIVPROBE:0,cache_hit,0,False,0,cache
m12_heavy_flood_dup60_s20260624_bonded,P3-Persist,m12_heavy_flood_dup60_s20260624,bonded,122347,PRIVPROBE:0,cache_hit,0,False,0,cache
m12_heavy_flood_dup60_s20260624_bonded,P3-Persist,m12_heavy_flood_dup60_s20260624,bonded,123442,PRIVPROBE:0,cache_hit,0,False,0,cache
m12_heavy_flood_dup60_s20260624_bonded,P3-Persist,m12_heavy_flood_dup60_s20260624,bonded,124602,PRIVPROBE:0,cache_hit,0,False,0,cache
m12_heavy_flood_dup60_s20260624_bonded,P3-Persist,m12_heavy_flood_dup60_s20260624,bonded,125704,PRIVPROBE:0,cache_hit,0,False,0,cache
m12_heavy_flood_dup60_s20260624_bonded,P3-Persist,m12_heavy_flood_dup60_s20260624,bonded,126810,PRIVPROBE:0,cache_hit,0,False,0,cache
m12_heavy_flood_dup60_s20260624_bonded,P3-Persist,m12_heavy_flood_dup60_s20260624,bonded,127951,PRIVPROBE:0,cache_hit,0,False,0,cache
m12_heavy_flood_dup60_s20260624_bonded,P3-Persist,m12_heavy_flood_dup60_s20260624,bonded,129025,PRIVPROBE:0,cache_hit,0,False,0,cache
m12_heavy_flood_dup60_s20260624_bonded,P3-Persist,m12_heavy_flood_dup60_s20260624,bonded,130171,PRIVPROBE:0,cache_hit,0,False,0,cache
m12_heavy_flood_dup60_s20260624_bonded,P3-Persist,m12_heavy_flood_dup60_s20260624,bonded,131230,PRIVPROBE:0,cache_hit,0,False,0,cache
m12_heavy_flood_dup60_s20260624_bonded,P3-Persist,m12_heavy_flood_dup60_s20260624,bonded,132256,PRIVPROBE:0,cache_hit,0,False,0,cache
m12_heavy_flood_dup60_s20260624_bonded,P3-Persist,m12_heavy_flood_dup60_s20260624,bonded,133370,PRIVPROBE:0,cache_hit,0,False,0,cache
m12_heavy_flood_dup60_s20260624_bonded,P3-Persist,m12_heavy_flood_dup60_s20260624,bonded,134430,PRIVPROBE:0,cache_hit,0,False,0,cache
m12_heavy_flood_dup60_s20260624_bonded,P3-Persist,m12_heavy_flood_dup60_s20260624,bonded,135541,PRIVPROBE:0,cache_hit,0,False,0,cache
m12_heavy_flood_dup60_s20260624_bonded,P3-Persist,m12_heavy_flood_dup60_s20260624,bonded,136713,PRIVPROBE:0,cache_hit,0,False,0,cache
m12_heavy_flood_dup60_s20260624_bonded,P3-Persist,m12_heavy_flood_dup60_s20260624,bonded,137849,PRIVPROBE:0,cache_hit,0,False,0,cache
m12_heavy_flood_dup60_s20260624_bonded,P3-Persist,m12_heavy_flood_dup60_s20260624,bonded,138933,PRIVPROBE:0,cache_hit,0,False,0,cache
m12_heavy_flood_dup60_s20260624_bonded,P3-Persist,m12_heavy_flood_dup60_s20260624,bonded,140055,PRIVPROBE:0,cache_hit,0,False,0,cache
m12_heavy_flood_dup60_s20260624_bonded,P3-Persist,m12_heavy_flood_dup60_s20260624,bonded,141221,PRIVPROBE:0,cache_hit,0,False,0,cache
m12_heavy_flood_dup60_s20260624_bonded,P3-Persist,m12_heavy_flood_dup60_s20260624,bonded,142322,PRIVPROBE:0,cache_hit,0,False,0,cache
m12_heavy_flood_dup60_s20260624_bonded,P3-Persist,m12_heavy_flood_dup60_s20260624,bonded,143492,PRIVPROBE:0,cache_hit,0,False,0,cache
m12_heavy_flood_dup60_s20260624_bonded,P3-Persist,m12_heavy_flood_dup60_s20260624,bonded,144597,PRIVPROBE:0,cache_hit,0,False,0,cache
m12_heavy_flood_dup60_s20260624_bonded,P3-Persist,m12_heavy_flood_dup60_s20260624,bonded,145799,PRIVPROBE:0,cache_hit,0,False,0,cache
m12_heavy_flood_dup60_s20260624_bonded,P3-Persist,m12_heavy_flood_dup60_s20260624,bonded,146964,PRIVPROBE:0,cache_hit,0,False,0,cache
m12_heavy_flood_dup60_s20260624_bonded,P3-Persist,m12_heavy_flood_dup60_s20260624,bonded,148087,PRIVPROBE:0,cache_hit,0,False,0,cache
m12_heavy_flood_dup60_s20260624_bonded,P3-Persist,m12_heavy_flood_dup60_s20260624,bonded,149192,PRIVPROBE:0,cache_hit,0,False,0,cache
m12_heavy_flood_dup60_s20260624_bonded,P3-Persist,m12_heavy_flood_dup60_s20260624,bonded,150286,PRIVPROBE:0,cache_hit,0,False,0,cache
m12_heavy_flood_dup60_s20260624_bonded,P3-Persist,m12_heavy_flood_dup60_s20260624,bonded,151435,PRIVPROBE:0,cache_hit,0,False,0,cache
m12_heavy_flood_dup60_s20260624_bonded,P3-Persist,m12_heavy_flood_dup60_s20260624,bonded,152508,PRIVPROBE:0,cache_hit,0,False,0,cache
m12_heavy_flood_dup60_s20260624_bonded,P3-Persist,m12_heavy_flood_dup60_s20260624,bonded,153668,PRIVPROBE:0,cache_hit,0,False,0,cache
m12_heavy_flood_dup60_s20260624_bonded,P3-Persist,m12_heavy_flood_dup60_s20260624,bonded,154729,PRIVPROBE:0,cache_hit,0,False,0,cache
m12_heavy_flood_dup60_s20260624_bonded,P3-Persist,m12_heavy_flood_dup60_s20260624,bonded,155809,PRIVPROBE:0,cache_hit,0,False,0,cache
m12_heavy_flood_dup60_s20260624_bonded,P3-Persist,m12_heavy_flood_dup60_s20260624,bonded,156843,PRIVPROBE:0,cache_hit,0,False,0,cache
m12_heavy_flood_dup60_s20260624_bonded,P3-Persist,m12_heavy_flood_dup60_s20260624,bonded,157985,PRIVPROBE:0,cache_hit,0,False,0,cache
m12_heavy_flood_dup60_s20260624_bonded,P3-Persist,m12_heavy_flood_dup60_s20260624,bonded,159102,PRIVPROBE:0,cache_hit,0,False,0,cache
m12_heavy_flood_dup60_s20260624_bonded,P3-Persist,m12_heavy_flood_dup60_s20260624,bonded,160173,PRIVPROBE:0,cache_hit,0,False,0,cache
m12_heavy_flood_dup60_s20260624_bonded,P3-Persist,m12_heavy_flood_dup60_s20260624,bonded,161307,PRIVPROBE:0,cache_hit,0,False,0,cache
m12_heavy_flood_dup60_s20260624_bonded,P3-Persist,m12_heavy_flood_dup60_s20260624,bonded,162441,PRIVPROBE:0,cache_hit,0,False,0,cache
m12_heavy_flood_dup60_s20260624_bonded,P3-Persist,m12_heavy_flood_dup60_s20260624,bonded,163516,PRIVPROBE:0,cache_hit,0,False,0,cache
m12_heavy_flood_dup60_s20260624_bonded,P3-Persist,m12_heavy_flood_dup60_s20260624,bonded,164645,PRIVPROBE:0,cache_hit,0,False,0,cache
m12_heavy_flood_dup60_s20260624_bonded,P3-Persist,m12_heavy_flood_dup60_s20260624,bonded,165734,PRIVPROBE:0,cache_hit,0,False,0,cache
m12_heavy_flood_dup60_s20260624_bonded,P3-Persist,m12_heavy_flood_dup60_s20260624,bonded,166810,PRIVPROBE:0,cache_hit,0,False,0,cache
m12_heavy_flood_dup60_s20260624_bonded,P3-Persist,m12_heavy_flood_dup60_s20260624,bonded,167963,PRIVPROBE:0,cache_hit,0,False,0,cache
m12_heavy_flood_dup60_s20260624_bonded,P3-Persist,m12_heavy_flood_dup60_s20260624,bonded,169105,PRIVPROBE:0,cache_hit,0,False,0,cache
m12_heavy_flood_dup60_s20260624_bonded,P3-Persist,m12_heavy_flood_dup60_s20260624,bonded,170239,PRIVPROBE:0,cache_hit,0,False,0,cache
m12_heavy_flood_dup60_s20260624_bonded,P3-Persist,m12_heavy_flood_dup60_s20260624,bonded,171385,PRIVPROBE:0,cache_hit,0,False,0,cache
m12_heavy_flood_dup60_s20260624_bonded,P3-Persist,m12_heavy_flood_dup60_s20260624,bonded,172473,PRIVPROBE:0,cache_hit,0,False,0,cache
m12_heavy_flood_dup60_s20260624_bonded,P3-Persist,m12_heavy_flood_dup60_s20260624,bonded,173573,PRIVPROBE:0,cache_hit,0,False,0,cache
m12_heavy_flood_dup60_s20260624_bonded,P3-Persist,m12_heavy_flood_dup60_s20260624,bonded,174720,PRIVPROBE:0,cache_hit,0,False,0,cache
m12_heavy_flood_dup60_s20260624_bonded,P3-Persist,m12_heavy_flood_dup60_s20260624,bonded,175773,PRIVPROBE:0,cache_hit,0,False,0,cache
m12_heavy_flood_dup60_s20260624_bonded,P3-Persist,m12_heavy_flood_dup60_s20260624,bonded,176847,PRIVPROBE:0,cache_hit,0,False,0,cache
m12_heavy_flood_dup60_s20260624_bonded,P3-Persist,m12_heavy_flood_dup60_s20260624,bonded,177912,PRIVPROBE:0,cache_hit,0,False,0,cache
m12_heavy_flood_dup60_s20260624_bonded,P3-Persist,m12_heavy_flood_dup60_s20260624,bonded,179032,PRIVPROBE:0,cache_hit,0,False,0,cache
m12_heavy_flood_dup60_s20260624_bonded,P3-Persist,m12_heavy_flood_dup60_s20260624,bonded,180198,PRIVPROBE:0,cache_hit,0,False,0,cache
m12_heavy_flood_dup60_s20260624_bonded,P3-Persist,m12_heavy_flood_dup60_s20260624,bonded,181289,PRIVPROBE:0,cache_hit,0,False,0,cache
m12_heavy_flood_dup60_s20260624_bonded,P3-Persist,m12_heavy_flood_dup60_s20260624,bonded,182425,PRIVPROBE:0,cache_hit,0,False,0,cache
m12_heavy_flood_dup60_s20260624_bonded,P3-Persist,m12_heavy_flood_dup60_s20260624,bonded,183581,PRIVPROBE:0,cache_hit,0,False,0,cache
m12_heavy_flood_dup60_s20260624_bonded,P3-Persist,m12_heavy_flood_dup60_s20260624,bonded,184717,PRIVPROBE:0,cache_hit,0,False,0,cache
m12_heavy_flood_dup60_s20260624_bonded,P3-Persist,m12_heavy_flood_dup60_s20260624,bonded,185856,PRIVPROBE:0,cache_hit,0,False,0,cache
m12_heavy_flood_dup60_s20260624_bonded,P3-Persist,m12_heavy_flood_dup60_s20260624,bonded,186977,PRIVPROBE:0,cache_hit,0,False,0,cache
m12_heavy_flood_dup60_s20260624_bonded,P3-Persist,m12_heavy_flood_dup60_s20260624,bonded,188043,PRIVPROBE:0,cache_hit,0,False,0,cache
m12_heavy_flood_dup60_s20260624_bonded,P3-Persist,m12_heavy_flood_dup60_s20260624,bonded,189170,PRIVPROBE:0,cache_hit,0,False,0,cache
m12_heavy_flood_dup60_s20260624_bonded,P3-Persist,m12_heavy_flood_dup60_s20260624,bonded,190278,PRIVPROBE:0,cache_hit,0,False,0,cache
m12_heavy_flood_dup60_s20260624_bonded,P3-Persist,m12_heavy_flood_dup60_s20260624,bonded,191390,PRIVPROBE:0,cache_hit,0,False,0,cache
m12_heavy_flood_dup60_s20260624_bonded,P3-Persist,m12_heavy_flood_dup60_s20260624,bonded,192518,PRIVPROBE:0,cache_hit,0,False,0,cache
m12_heavy_flood_dup60_s20260624_bonded,P3-Persist,m12_heavy_flood_dup60_s20260624,bonded,193639,PRIVPROBE:0,cache_hit,0,False,0,cache
m12_heavy_flood_dup60_s20260624_bonded,P3-Persist,m12_heavy_flood_dup60_s20260624,bonded,194790,PRIVPROBE:0,cache_hit,0,False,0,cache
m12_heavy_flood_dup60_s20260624_bonded,P3-Persist,m12_heavy_flood_dup60_s20260624,bonded,195931,PRIVPROBE:0,cache_hit,0,False,0,cache
m12_heavy_flood_dup60_s20260624_bonded,P3-Persist,m12_heavy_flood_dup60_s20260624,bonded,197081,PRIVPROBE:0,cache_hit,0,False,0,cache
m12_heavy_flood_dup60_s20260624_bonded,P3-Persist,m12_heavy_flood_dup60_s20260624,bonded,198288,PRIVPROBE:0,cache_hit,0,False,0,cache
m12_heavy_flood_dup60_s20260624_bonded,P3-Persist,m12_heavy_flood_dup60_s20260624,bonded,199430,PRIVPROBE:0,cache_hit,0,False,0,cache
m12_heavy_flood_dup60_s20260624_bonded,P3-Persist,m12_heavy_flood_dup60_s20260624,bonded,200593,PRIVPROBE:1,defer,0,True,1000,defer
m12_heavy_flood_dup60_s20260624_bonded,P3-Persist,m12_heavy_flood_dup60_s20260624,bonded,201771,PRIVPROBE:1,duplicate_filter,0,False,0,duplicate_filter
m12_heavy_flood_dup60_s20260624_bonded,P3-Persist,m12_heavy_flood_dup60_s20260624,bonded,202878,PRIVPROBE:1,duplicate_filter,0,False,0,duplicate_filter
m12_heavy_flood_dup60_s20260624_bonded,P3-Persist,m12_heavy_flood_dup60_s20260624,bonded,203970,PRIVPROBE:1,duplicate_filter,0,False,0,duplicate_filter
m12_heavy_flood_dup60_s20260624_bonded,P3-Persist,m12_heavy_flood_dup60_s20260624,bonded,205125,PRIVPROBE:1,duplicate_filter,0,False,0,duplicate_filter
m12_heavy_flood_dup60_s20260624_bonded,P3-Persist,m12_heavy_flood_dup60_s20260624,bonded,206184,PRIVPROBE:1,duplicate_filter,0,False,0,duplicate_filter
m12_heavy_flood_dup60_s20260624_bonded,P3-Persist,m12_heavy_flood_dup60_s20260624,bonded,207308,PRIVPROBE:1,duplicate_filter,0,False,0,duplicate_filter
m12_heavy_flood_dup60_s20260624_bonded,P3-Persist,m12_heavy_flood_dup60_s20260624,bonded,208412,PRIVPROBE:1,duplicate_filter,0,False,0,duplicate_filter
m12_heavy_flood_dup60_s20260624_bonded,P3-Persist,m12_heavy_flood_dup60_s20260624,bonded,209565,PRIVPROBE:1,duplicate_filter,0,False,0,duplicate_filter
m12_heavy_flood_dup60_s20260624_bonded,P3-Persist,m12_heavy_flood_dup60_s20260624,bonded,210601,PRIVPROBE:1,duplicate_filter,0,False,0,duplicate_filter
m12_heavy_flood_dup60_s20260624_bonded,P3-Persist,m12_heavy_flood_dup60_s20260624,bonded,211762,PRIVPROBE:1,duplicate_filter,0,False,0,duplicate_filter
m12_heavy_flood_dup60_s20260624_bonded,P3-Persist,m12_heavy_flood_dup60_s20260624,bonded,212834,PRIVPROBE:1,duplicate_filter,0,False,0,duplicate_filter
m12_heavy_flood_dup60_s20260624_bonded,P3-Persist,m12_heavy_flood_dup60_s20260624,bonded,213901,PRIVPROBE:1,host_scan,504,False,0,reserve
m12_heavy_flood_dup60_s20260624_bonded,P3-Persist,m12_heavy_flood_dup60_s20260624,bonded,215014,PRIVPROBE:1,cache_hit,0,False,0,cache
m12_heavy_flood_dup60_s20260624_bonded,P3-Persist,m12_heavy_flood_dup60_s20260624,bonded,216149,PRIVPROBE:1,cache_hit,0,False,0,cache
m12_heavy_flood_dup60_s20260624_bonded,P3-Persist,m12_heavy_flood_dup60_s20260624,bonded,217205,PRIVPROBE:1,cache_hit,0,False,0,cache
m12_heavy_flood_dup60_s20260624_bonded,P3-Persist,m12_heavy_flood_dup60_s20260624,bonded,218323,PRIVPROBE:1,cache_hit,0,False,0,cache
m12_heavy_flood_dup60_s20260624_bonded,P3-Persist,m12_heavy_flood_dup60_s20260624,bonded,219430,PRIVPROBE:1,cache_hit,0,False,0,cache
m12_heavy_flood_dup60_s20260624_bonded,P3-Persist,m12_heavy_flood_dup60_s20260624,bonded,220563,PRIVPROBE:1,cache_hit,0,False,0,cache
m12_heavy_flood_dup60_s20260624_bonded,P3-Persist,m12_heavy_flood_dup60_s20260624,bonded,221613,PRIVPROBE:1,cache_hit,0,False,0,cache
m12_heavy_flood_dup60_s20260624_bonded,P3-Persist,m12_heavy_flood_dup60_s20260624,bonded,222727,PRIVPROBE:1,cache_hit,0,False,0,cache
m12_heavy_flood_dup60_s20260624_bonded,P3-Persist,m12_heavy_flood_dup60_s20260624,bonded,223853,PRIVPROBE:1,cache_hit,0,False,0,cache
m12_heavy_flood_dup60_s20260624_bonded,P3-Persist,m12_heavy_flood_dup60_s20260624,bonded,224930,PRIVPROBE:1,cache_hit,0,False,0,cache
m12_heavy_flood_dup60_s20260624_bonded,P3-Persist,m12_heavy_flood_dup60_s20260624,bonded,226005,PRIVPROBE:1,cache_hit,0,False,0,cache
m12_heavy_flood_dup60_s20260624_bonded,P3-Persist,m12_heavy_flood_dup60_s20260624,bonded,227057,PRIVPROBE:1,cache_hit,0,False,0,cache
m12_heavy_flood_dup60_s20260624_bonded,P3-Persist,m12_heavy_flood_dup60_s20260624,bonded,228149,PRIVPROBE:1,cache_hit,0,False,0,cache
m12_heavy_flood_dup60_s20260624_bonded,P3-Persist,m12_heavy_flood_dup60_s20260624,bonded,229264,PRIVPROBE:1,cache_hit,0,False,0,cache
m12_heavy_flood_dup60_s20260624_bonded,P3-Persist,m12_heavy_flood_dup60_s20260624,bonded,230396,PRIVPROBE:1,cache_hit,0,False,0,cache
m12_heavy_flood_dup60_s20260624_bonded,P3-Persist,m12_heavy_flood_dup60_s20260624,bonded,231511,PRIVPROBE:1,cache_hit,0,False,0,cache
m12_heavy_flood_dup60_s20260624_bonded,P3-Persist,m12_heavy_flood_dup60_s20260624,bonded,232621,PRIVPROBE:1,cache_hit,0,False,0,cache
m12_heavy_flood_dup60_s20260624_bonded,P3-Persist,m12_heavy_flood_dup60_s20260624,bonded,233606,PRIVPROBE:1,cache_hit,0,False,0,cache
m12_heavy_flood_dup60_s20260624_bonded,P3-Persist,m12_heavy_flood_dup60_s20260624,bonded,234725,PRIVPROBE:1,cache_hit,0,False,0,cache
m12_heavy_flood_dup60_s20260624_bonded,P3-Persist,m12_heavy_flood_dup60_s20260624,bonded,235841,PRIVPROBE:1,cache_hit,0,False,0,cache
m12_heavy_flood_dup60_s20260624_bonded,P3-Persist,m12_heavy_flood_dup60_s20260624,bonded,236914,PRIVPROBE:1,cache_hit,0,False,0,cache
m12_heavy_flood_dup60_s20260624_bonded,P3-Persist,m12_heavy_flood_dup60_s20260624,bonded,238074,PRIVPROBE:1,cache_hit,0,False,0,cache
m12_heavy_flood_dup60_s20260624_bonded,P3-Persist,m12_heavy_flood_dup60_s20260624,bonded,239235,PRIVPROBE:1,cache_hit,0,False,0,cache
m12_heavy_flood_dup60_s20260624_bonded,P3-Persist,m12_heavy_flood_dup60_s20260624,bonded,240330,PRIVPROBE:1,cache_hit,0,False,0,cache
m12_heavy_flood_dup60_s20260624_bonded,P3-Persist,m12_heavy_flood_dup60_s20260624,bonded,241428,PRIVPROBE:1,cache_hit,0,False,0,cache
m12_heavy_flood_dup60_s20260624_bonded,P3-Persist,m12_heavy_flood_dup60_s20260624,bonded,242560,PRIVPROBE:1,cache_hit,0,False,0,cache
m12_heavy_flood_dup60_s20260624_bonded,P3-Persist,m12_heavy_flood_dup60_s20260624,bonded,243659,PRIVPROBE:1,cache_hit,0,False,0,cache
m12_heavy_flood_dup60_s20260624_bonded,P3-Persist,m12_heavy_flood_dup60_s20260624,bonded,244731,PRIVPROBE:1,cache_hit,0,False,0,cache
m12_heavy_flood_dup60_s20260624_bonded,P3-Persist,m12_heavy_flood_dup60_s20260624,bonded,245822,PRIVPROBE:1,cache_hit,0,False,0,cache
m12_heavy_flood_dup60_s20260624_bonded,P3-Persist,m12_heavy_flood_dup60_s20260624,bonded,246898,PRIVPROBE:1,cache_hit,0,False,0,cache
m12_heavy_flood_dup60_s20260624_bonded,P3-Persist,m12_heavy_flood_dup60_s20260624,bonded,247940,PRIVPROBE:1,cache_hit,0,False,0,cache
m12_heavy_flood_dup60_s20260624_bonded,P3-Persist,m12_heavy_flood_dup60_s20260624,bonded,249088,PRIVPROBE:1,cache_hit,0,False,0,cache
m12_heavy_flood_dup60_s20260624_bonded,P3-Persist,m12_heavy_flood_dup60_s20260624,bonded,250240,PRIVPROBE:1,cache_hit,0,False,0,cache
m12_heavy_flood_dup60_s20260624_bonded,P3-Persist,m12_heavy_flood_dup60_s20260624,bonded,251310,PRIVPROBE:1,cache_hit,0,False,0,cache
m12_heavy_flood_dup60_s20260624_bonded,P3-Persist,m12_heavy_flood_dup60_s20260624,bonded,252454,PRIVPROBE:1,cache_hit,0,False,0,cache
m12_heavy_flood_dup60_s20260624_bonded,P3-Persist,m12_heavy_flood_dup60_s20260624,bonded,253538,PRIVPROBE:1,cache_hit,0,False,0,cache
m12_heavy_flood_dup60_s20260624_bonded,P3-Persist,m12_heavy_flood_dup60_s20260624,bonded,254687,PRIVPROBE:1,cache_hit,0,False,0,cache
m12_heavy_flood_dup60_s20260624_bonded,P3-Persist,m12_heavy_flood_dup60_s20260624,bonded,255783,PRIVPROBE:1,cache_hit,0,False,0,cache
m12_heavy_flood_dup60_s20260624_bonded,P3-Persist,m12_heavy_flood_dup60_s20260624,bonded,256882,PRIVPROBE:1,cache_hit,0,False,0,cache
m12_heavy_flood_dup60_s20260624_bonded,P3-Persist,m12_heavy_flood_dup60_s20260624,bonded,257961,PRIVPROBE:1,cache_hit,0,False,0,cache
m12_heavy_flood_dup60_s20260624_bonded,P3-Persist,m12_heavy_flood_dup60_s20260624,bonded,259102,PRIVPROBE:1,cache_hit,0,False,0,cache
m12_heavy_flood_dup60_s20260624_bonded,P3-Persist,m12_heavy_flood_dup60_s20260624,bonded,260206,PRIVPROBE:1,cache_hit,0,False,0,cache
m12_heavy_flood_dup60_s20260624_bonded,P3-Persist,m12_heavy_flood_dup60_s20260624,bonded,261302,PRIVPROBE:1,cache_hit,0,False,0,cache
m12_heavy_flood_dup60_s20260624_bonded,P3-Persist,m12_heavy_flood_dup60_s20260624,bonded,262441,PRIVPROBE:1,cache_hit,0,False,0,cache
m12_heavy_flood_dup60_s20260624_bonded,P3-Persist,m12_heavy_flood_dup60_s20260624,bonded,263563,PRIVPROBE:1,cache_hit,0,False,0,cache
m12_heavy_flood_dup60_s20260624_bonded,P3-Persist,m12_heavy_flood_dup60_s20260624,bonded,264658,PRIVPROBE:1,cache_hit,0,False,0,cache
m12_heavy_flood_dup60_s20260624_bonded,P3-Persist,m12_heavy_flood_dup60_s20260624,bonded,265759,PRIVPROBE:1,cache_hit,0,False,0,cache
m12_heavy_flood_dup60_s20260624_bonded,P3-Persist,m12_heavy_flood_dup60_s20260624,bonded,266917,PRIVPROBE:1,cache_hit,0,False,0,cache
m12_heavy_flood_dup60_s20260624_bonded,P3-Persist,m12_heavy_flood_dup60_s20260624,bonded,268018,PRIVPROBE:1,cache_hit,0,False,0,cache
m12_heavy_flood_dup60_s20260624_bonded,P3-Persist,m12_heavy_flood_dup60_s20260624,bonded,269093,PRIVPROBE:1,cache_hit,0,False,0,cache
m12_heavy_flood_dup60_s20260624_bonded,P3-Persist,m12_heavy_flood_dup60_s20260624,bonded,270237,PRIVPROBE:1,cache_hit,0,False,0,cache
m12_heavy_flood_dup60_s20260624_bonded,P3-Persist,m12_heavy_flood_dup60_s20260624,bonded,271398,PRIVPROBE:1,cache_hit,0,False,0,cache
m12_heavy_flood_dup60_s20260624_bonded,P3-Persist,m12_heavy_flood_dup60_s20260624,bonded,272529,PRIVPROBE:1,cache_hit,0,False,0,cache
m12_heavy_flood_dup60_s20260624_bonded,P3-Persist,m12_heavy_flood_dup60_s20260624,bonded,273670,PRIVPROBE:1,cache_hit,0,False,0,cache
m12_heavy_flood_dup60_s20260624_bonded,P3-Persist,m12_heavy_flood_dup60_s20260624,bonded,274796,PRIVPROBE:1,cache_hit,0,False,0,cache
m12_heavy_flood_dup60_s20260624_bonded,P3-Persist,m12_heavy_flood_dup60_s20260624,bonded,275914,PRIVPROBE:1,cache_hit,0,False,0,cache
m12_heavy_flood_dup60_s20260624_bonded,P3-Persist,m12_heavy_flood_dup60_s20260624,bonded,277060,PRIVPROBE:1,cache_hit,0,False,0,cache
m12_heavy_flood_dup60_s20260624_bonded,P3-Persist,m12_heavy_flood_dup60_s20260624,bonded,278221,PRIVPROBE:1,cache_hit,0,False,0,cache
m12_heavy_flood_dup60_s20260624_bonded,P3-Persist,m12_heavy_flood_dup60_s20260624,bonded,279320,PRIVPROBE:1,cache_hit,0,False,0,cache
m12_heavy_flood_dup60_s20260624_bonded,P3-Persist,m12_heavy_flood_dup60_s20260624,bonded,280476,PRIVPROBE:1,cache_hit,0,False,0,cache
m12_heavy_flood_dup60_s20260624_bonded,P3-Persist,m12_heavy_flood_dup60_s20260624,bonded,281598,PRIVPROBE:1,cache_hit,0,False,0,cache
m12_heavy_flood_dup60_s20260624_bonded,P3-Persist,m12_heavy_flood_dup60_s20260624,bonded,282644,PRIVPROBE:1,cache_hit,0,False,0,cache
m12_heavy_flood_dup60_s20260624_bonded,P3-Persist,m12_heavy_flood_dup60_s20260624,bonded,283806,PRIVPROBE:1,cache_hit,0,False,0,cache
m12_heavy_flood_dup60_s20260624_bonded,P3-Persist,m12_heavy_flood_dup60_s20260624,bonded,284955,PRIVPROBE:1,cache_hit,0,False,0,cache
m12_heavy_flood_dup60_s20260624_bonded,P3-Persist,m12_heavy_flood_dup60_s20260624,bonded,286102,PRIVPROBE:1,cache_hit,0,False,0,cache
m12_heavy_flood_dup60_s20260624_bonded,P3-Persist,m12_heavy_flood_dup60_s20260624,bonded,287176,PRIVPROBE:1,cache_hit,0,False,0,cache
m12_heavy_flood_dup60_s20260624_bonded,P3-Persist,m12_heavy_flood_dup60_s20260624,bonded,288281,PRIVPROBE:1,cache_hit,0,False,0,cache
m12_heavy_flood_dup60_s20260624_bonded,P3-Persist,m12_heavy_flood_dup60_s20260624,bonded,289373,PRIVPROBE:1,cache_hit,0,False,0,cache
m12_heavy_flood_dup60_s20260624_bonded,P3-Persist,m12_heavy_flood_dup60_s20260624,bonded,290465,PRIVPROBE:1,cache_hit,0,False,0,cache
m12_heavy_flood_dup60_s20260624_bonded,P3-Persist,m12_heavy_flood_dup60_s20260624,bonded,291574,PRIVPROBE:1,cache_hit,0,False,0,cache
m12_heavy_flood_dup60_s20260624_bonded,P3-Persist,m12_heavy_flood_dup60_s20260624,bonded,292732,PRIVPROBE:1,cache_hit,0,False,0,cache
m12_heavy_flood_dup60_s20260624_bonded,P3-Persist,m12_heavy_flood_dup60_s20260624,bonded,293873,PRIVPROBE:1,cache_hit,0,False,0,cache
m12_heavy_flood_dup60_s20260624_bonded,P3-Persist,m12_heavy_flood_dup60_s20260624,bonded,294995,PRIVPROBE:1,cache_hit,0,False,0,cache
m12_heavy_flood_dup60_s20260624_bonded,P3-Persist,m12_heavy_flood_dup60_s20260624,bonded,296102,PRIVPROBE:1,cache_hit,0,False,0,cache
m12_heavy_flood_dup60_s20260624_bonded,P3-Persist,m12_heavy_flood_dup60_s20260624,bonded,297170,PRIVPROBE:1,cache_hit,0,False,0,cache
m12_heavy_flood_dup60_s20260624_bonded,P3-Persist,m12_heavy_flood_dup60_s20260624,bonded,298310,PRIVPROBE:1,cache_hit,0,False,0,cache
m12_heavy_flood_dup60_s20260624_bonded,P3-Persist,m12_heavy_flood_dup60_s20260624,bonded,299466,PRIVPROBE:1,cache_hit,0,False,0,cache
m12_heavy_flood_dup60_s20260624_bonded,P3-Persist,m12_heavy_flood_dup60_s20260624,bonded,300592,PRIVPROBE:1,cache_hit,0,False,0,cache
m12_heavy_flood_dup60_s20260624_bonded,P3-Persist,m12_heavy_flood_dup60_s20260624,bonded,301641,PRIVPROBE:1,cache_hit,0,False,0,cache
m12_heavy_flood_dup60_s20260624_bonded,P3-Persist,m12_heavy_flood_dup60_s20260624,bonded,302821,PRIVPROBE:1,cache_hit,0,False,0,cache
m12_heavy_flood_dup60_s20260624_bonded,P3-Persist,m12_heavy_flood_dup60_s20260624,bonded,303912,PRIVPROBE:1,cache_hit,0,False,0,cache
m12_heavy_flood_dup60_s20260624_bonded,P3-Persist,m12_heavy_flood_dup60_s20260624,bonded,305051,PRIVPROBE:1,cache_hit,0,False,0,cache
m12_heavy_flood_dup60_s20260624_bonded,P3-Persist,m12_heavy_flood_dup60_s20260624,bonded,306187,PRIVPROBE:1,cache_hit,0,False,0,cache
m12_heavy_flood_dup60_s20260624_bonded,P3-Persist,m12_heavy_flood_dup60_s20260624,bonded,307299,PRIVPROBE:1,cache_hit,0,False,0,cache
m12_heavy_flood_dup60_s20260624_bonded,P3-Persist,m12_heavy_flood_dup60_s20260624,bonded,308426,PRIVPROBE:1,cache_hit,0,False,0,cache
m12_heavy_flood_dup60_s20260624_bonded,P3-Persist,m12_heavy_flood_dup60_s20260624,bonded,309502,PRIVPROBE:1,cache_hit,0,False,0,cache
m12_heavy_flood_dup60_s20260624_bonded,P3-Persist,m12_heavy_flood_dup60_s20260624,bonded,310640,PRIVPROBE:1,cache_hit,0,False,0,cache
m12_heavy_flood_dup60_s20260624_bonded,P3-Persist,m12_heavy_flood_dup60_s20260624,bonded,311674,PRIVPROBE:1,cache_hit,0,False,0,cache
m12_heavy_flood_dup60_s20260624_bonded,P3-Persist,m12_heavy_flood_dup60_s20260624,bonded,312721,PRIVPROBE:1,cache_hit,0,False,0,cache
m12_heavy_flood_dup60_s20260624_bonded,P3-Persist,m12_heavy_flood_dup60_s20260624,bonded,313793,PRIVPROBE:1,cache_hit,0,False,0,cache
m12_heavy_flood_dup60_s20260624_bonded,P3-Persist,m12_heavy_flood_dup60_s20260624,bonded,314857,PRIVPROBE:1,cache_hit,0,False,0,cache
m12_heavy_flood_dup60_s20260624_bonded,P3-Persist,m12_heavy_flood_dup60_s20260624,bonded,315972,PRIVPROBE:1,cache_hit,0,False,0,cache
m12_heavy_flood_dup60_s20260624_bonded,P3-Persist,m12_heavy_flood_dup60_s20260624,bonded,317132,PRIVPROBE:1,cache_hit,0,False,0,cache
m12_heavy_flood_dup60_s20260624_bonded,P3-Persist,m12_heavy_flood_dup60_s20260624,bonded,318211,PRIVPROBE:1,cache_hit,0,False,0,cache
m12_heavy_flood_dup60_s20260624_bonded,P3-Persist,m12_heavy_flood_dup60_s20260624,bonded,319366,PRIVPROBE:1,cache_hit,0,False,0,cache
m12_heavy_flood_dup60_s20260624_bonded,P3-Persist,m12_heavy_flood_dup60_s20260624,bonded,320493,PRIVPROBE:1,cache_hit,0,False,0,cache
m12_heavy_flood_dup60_s20260624_bonded,P3-Persist,m12_heavy_flood_dup60_s20260624,bonded,321563,PRIVPROBE:1,cache_hit,0,False,0,cache
m12_heavy_flood_dup60_s20260624_bonded,P3-Persist,m12_heavy_flood_dup60_s20260624,bonded,322762,PRIVPROBE:1,cache_hit,0,False,0,cache
m12_heavy_flood_dup60_s20260624_bonded,P3-Persist,m12_heavy_flood_dup60_s20260624,bonded,323901,PRIVPROBE:1,cache_hit,0,False,0,cache
m12_heavy_flood_dup60_s20260624_bonded,P3-Persist,m12_heavy_flood_dup60_s20260624,bonded,325024,PRIVPROBE:1,cache_hit,0,False,0,cache
m12_heavy_flood_dup60_s20260624_bonded,P3-Persist,m12_heavy_flood_dup60_s20260624,bonded,326172,PRIVPROBE:1,cache_hit,0,False,0,cache
m12_heavy_flood_dup60_s20260624_bonded,P3-Persist,m12_heavy_flood_dup60_s20260624,bonded,327273,PRIVPROBE:1,cache_hit,0,False,0,cache
m12_heavy_flood_dup60_s20260624_bonded,P3-Persist,m12_heavy_flood_dup60_s20260624,bonded,328361,PRIVPROBE:1,cache_hit,0,False,0,cache
m12_heavy_flood_dup60_s20260624_bonded,P3-Persist,m12_heavy_flood_dup60_s20260624,bonded,329476,PRIVPROBE:1,cache_hit,0,False,0,cache
m12_heavy_flood_dup60_s20260624_bonded,P3-Persist,m12_heavy_flood_dup60_s20260624,bonded,330616,PRIVPROBE:1,cache_hit,0,False,0,cache
m12_heavy_flood_dup60_s20260624_bonded,P3-Persist,m12_heavy_flood_dup60_s20260624,bonded,331736,PRIVPROBE:1,cache_hit,0,False,0,cache
m12_heavy_flood_dup60_s20260624_bonded,P3-Persist,m12_heavy_flood_dup60_s20260624,bonded,332857,PRIVPROBE:1,cache_hit,0,False,0,cache
m12_heavy_flood_dup60_s20260624_bonded,P3-Persist,m12_heavy_flood_dup60_s20260624,bonded,333978,PRIVPROBE:1,cache_hit,0,False,0,cache
m12_heavy_flood_dup60_s20260624_bonded,P3-Persist,m12_heavy_flood_dup60_s20260624,bonded,335143,PRIVPROBE:1,cache_hit,0,False,0,cache
m12_heavy_flood_dup60_s20260624_bonded,P3-Persist,m12_heavy_flood_dup60_s20260624,bonded,336236,PRIVPROBE:1,cache_hit,0,False,0,cache
m12_heavy_flood_dup60_s20260624_bonded,P3-Persist,m12_heavy_flood_dup60_s20260624,bonded,337336,PRIVPROBE:1,cache_hit,0,False,0,cache
m12_heavy_flood_dup60_s20260624_bonded,P3-Persist,m12_heavy_flood_dup60_s20260624,bonded,338401,PRIVPROBE:1,cache_hit,0,False,0,cache
m12_heavy_flood_dup60_s20260624_bonded,P3-Persist,m12_heavy_flood_dup60_s20260624,bonded,339599,PRIVPROBE:1,cache_hit,0,False,0,cache
m12_heavy_flood_dup60_s20260624_bonded,P3-Persist,m12_heavy_flood_dup60_s20260624,bonded,340733,PRIVPROBE:1,cache_hit,0,False,0,cache
m12_heavy_flood_dup60_s20260624_bonded,P3-Persist,m12_heavy_flood_dup60_s20260624,bonded,341872,PRIVPROBE:1,cache_hit,0,False,0,cache
m12_heavy_flood_dup60_s20260624_bonded,P3-Persist,m12_heavy_flood_dup60_s20260624,bonded,343006,PRIVPROBE:1,cache_hit,0,False,0,cache
m12_heavy_flood_dup60_s20260624_bonded,P3-Persist,m12_heavy_flood_dup60_s20260624,bonded,344126,PRIVPROBE:1,cache_hit,0,False,0,cache
m12_heavy_flood_dup60_s20260624_bonded,P3-Persist,m12_heavy_flood_dup60_s20260624,bonded,345152,PRIVPROBE:1,cache_hit,0,False,0,cache
m12_heavy_flood_dup60_s20260624_bonded,P3-Persist,m12_heavy_flood_dup60_s20260624,bonded,346302,PRIVPROBE:1,cache_hit,0,False,0,cache
m12_heavy_flood_dup60_s20260624_bonded,P3-Persist,m12_heavy_flood_dup60_s20260624,bonded,347438,PRIVPROBE:1,cache_hit,0,False,0,cache
m12_heavy_flood_dup60_s20260624_bonded,P3-Persist,m12_heavy_flood_dup60_s20260624,bonded,348589,PRIVPROBE:1,cache_hit,0,False,0,cache
m12_heavy_flood_dup60_s20260624_bonded,P3-Persist,m12_heavy_flood_dup60_s20260624,bonded,349713,PRIVPROBE:1,cache_hit,0,False,0,cache
m12_heavy_flood_dup60_s20260624_bonded,P3-Persist,m12_heavy_flood_dup60_s20260624,bonded,350871,PRIVPROBE:1,cache_hit,0,False,0,cache
m12_heavy_flood_dup60_s20260624_bonded,P3-Persist,m12_heavy_flood_dup60_s20260624,bonded,352067,PRIVPROBE:1,cache_hit,0,False,0,cache
m12_heavy_flood_dup60_s20260624_bonded,P3-Persist,m12_heavy_flood_dup60_s20260624,bonded,353185,PRIVPROBE:1,cache_hit,0,False,0,cache
m12_heavy_flood_dup60_s20260624_bonded,P3-Persist,m12_heavy_flood_dup60_s20260624,bonded,354287,PRIVPROBE:1,cache_hit,0,False,0,cache
m12_heavy_flood_dup60_s20260624_bonded,P3-Persist,m12_heavy_flood_dup60_s20260624,bonded,355449,PRIVPROBE:1,cache_hit,0,False,0,cache
m12_heavy_flood_dup60_s20260624_bonded,P3-Persist,m12_heavy_flood_dup60_s20260624,bonded,356513,PRIVPROBE:1,cache_hit,0,False,0,cache
m12_heavy_flood_dup60_s20260624_bonded,P3-Persist,m12_heavy_flood_dup60_s20260624,bonded,357643,PRIVPROBE:1,cache_hit,0,False,0,cache
m12_heavy_flood_dup60_s20260624_bonded,P3-Persist,m12_heavy_flood_dup60_s20260624,bonded,358756,PRIVPROBE:1,cache_hit,0,False,0,cache
m12_heavy_flood_dup60_s20260624_bonded,P3-Persist,m12_heavy_flood_dup60_s20260624,bonded,359863,PRIVPROBE:1,cache_hit,0,False,0,cache
m12_heavy_flood_dup60_s20260624_bonded,P3-Persist,m12_heavy_flood_dup60_s20260624,bonded,361039,PRIVPROBE:1,cache_hit,0,False,0,cache
m12_heavy_flood_dup60_s20260624_bonded,P3-Persist,m12_heavy_flood_dup60_s20260624,bonded,362180,PRIVPROBE:1,cache_hit,0,False,0,cache
m12_heavy_flood_dup60_s20260624_bonded,P3-Persist,m12_heavy_flood_dup60_s20260624,bonded,363307,PRIVPROBE:1,cache_hit,0,False,0,cache
m12_heavy_flood_dup60_s20260624_bonded,P3-Persist,m12_heavy_flood_dup60_s20260624,bonded,364360,PRIVPROBE:1,cache_hit,0,False,0,cache
m12_heavy_flood_dup60_s20260624_bonded,P3-Persist,m12_heavy_flood_dup60_s20260624,bonded,365483,PRIVPROBE:1,cache_hit,0,False,0,cache
m12_heavy_flood_dup60_s20260624_bonded,P3-Persist,m12_heavy_flood_dup60_s20260624,bonded,366656,PRIVPROBE:1,cache_hit,0,False,0,cache
m12_heavy_flood_dup60_s20260624_bonded,P3-Persist,m12_heavy_flood_dup60_s20260624,bonded,367739,PRIVPROBE:1,cache_hit,0,False,0,cache
m12_heavy_flood_dup60_s20260624_bonded,P3-Persist,m12_heavy_flood_dup60_s20260624,bonded,368890,PRIVPROBE:1,cache_hit,0,False,0,cache
m12_heavy_flood_dup60_s20260624_bonded,P3-Persist,m12_heavy_flood_dup60_s20260624,bonded,369924,PRIVPROBE:1,cache_hit,0,False,0,cache
m12_heavy_flood_dup60_s20260624_bonded,P3-Persist,m12_heavy_flood_dup60_s20260624,bonded,371004,PRIVPROBE:1,cache_hit,0,False,0,cache
m12_heavy_flood_dup60_s20260624_bonded,P3-Persist,m12_heavy_flood_dup60_s20260624,bonded,372110,PRIVPROBE:1,cache_hit,0,False,0,cache
m12_heavy_flood_dup60_s20260624_bonded,P3-Persist,m12_heavy_flood_dup60_s20260624,bonded,373264,PRIVPROBE:1,cache_hit,0,False,0,cache
m12_heavy_flood_dup60_s20260624_bonded,P3-Persist,m12_heavy_flood_dup60_s20260624,bonded,374406,PRIVPROBE:1,cache_hit,0,False,0,cache
m12_heavy_flood_dup60_s20260624_bonded,P3-Persist,m12_heavy_flood_dup60_s20260624,bonded,375475,PRIVPROBE:1,cache_hit,0,False,0,cache
m12_heavy_flood_dup60_s20260624_bonded,P3-Persist,m12_heavy_flood_dup60_s20260624,bonded,376565,PRIVPROBE:1,cache_hit,0,False,0,cache
m12_heavy_flood_dup60_s20260624_bonded,P3-Persist,m12_heavy_flood_dup60_s20260624,bonded,377713,PRIVPROBE:1,cache_hit,0,False,0,cache
m12_heavy_flood_dup60_s20260624_bonded,P3-Persist,m12_heavy_flood_dup60_s20260624,bonded,378799,PRIVPROBE:1,cache_hit,0,False,0,cache
m12_heavy_flood_dup60_s20260624_bonded,P3-Persist,m12_heavy_flood_dup60_s20260624,bonded,379924,PRIVPROBE:1,cache_hit,0,False,0,cache
m12_heavy_flood_dup60_s20260624_bonded,P3-Persist,m12_heavy_flood_dup60_s20260624,bonded,381008,PRIVPROBE:1,cache_hit,0,False,0,cache
m12_heavy_flood_dup60_s20260624_bonded,P3-Persist,m12_heavy_flood_dup60_s20260624,bonded,382124,PRIVPROBE:1,cache_hit,0,False,0,cache
m12_heavy_flood_dup60_s20260624_bonded,P3-Persist,m12_heavy_flood_dup60_s20260624,bonded,383191,PRIVPROBE:1,cache_hit,0,False,0,cache
m12_heavy_flood_dup60_s20260624_bonded,P3-Persist,m12_heavy_flood_dup60_s20260624,bonded,384266,PRIVPROBE:1,cache_hit,0,False,0,cache
m12_heavy_flood_dup60_s20260624_bonded,P3-Persist,m12_heavy_flood_dup60_s20260624,bonded,385330,PRIVPROBE:1,cache_hit,0,False,0,cache
m12_heavy_flood_dup60_s20260624_bonded,P3-Persist,m12_heavy_flood_dup60_s20260624,bonded,386454,PRIVPROBE:1,cache_hit,0,False,0,cache
m12_heavy_flood_dup60_s20260624_bonded,P3-Persist,m12_heavy_flood_dup60_s20260624,bonded,387531,PRIVPROBE:1,cache_hit,0,False,0,cache
m12_heavy_flood_dup60_s20260624_bonded,P3-Persist,m12_heavy_flood_dup60_s20260624,bonded,388643,PRIVPROBE:1,cache_hit,0,False,0,cache
m12_heavy_flood_dup60_s20260624_bonded,P3-Persist,m12_heavy_flood_dup60_s20260624,bonded,389771,PRIVPROBE:1,cache_hit,0,False,0,cache
m12_heavy_flood_dup60_s20260624_bonded,P3-Persist,m12_heavy_flood_dup60_s20260624,bonded,390908,PRIVPROBE:1,cache_hit,0,False,0,cache
m12_heavy_flood_dup60_s20260624_bonded,P3-Persist,m12_heavy_flood_dup60_s20260624,bonded,391979,PRIVPROBE:1,cache_hit,0,False,0,cache
m12_heavy_flood_dup60_s20260624_bonded,P3-Persist,m12_heavy_flood_dup60_s20260624,bonded,393149,PRIVPROBE:1,cache_hit,0,False,0,cache
m12_heavy_flood_dup60_s20260624_bonded,P3-Persist,m12_heavy_flood_dup60_s20260624,bonded,394283,PRIVPROBE:1,cache_hit,0,False,0,cache
m12_heavy_flood_dup60_s20260624_bonded,P3-Persist,m12_heavy_flood_dup60_s20260624,bonded,395377,PRIVPROBE:1,cache_hit,0,False,0,cache
m12_heavy_flood_dup60_s20260624_bonded,P3-Persist,m12_heavy_flood_dup60_s20260624,bonded,396478,PRIVPROBE:1,cache_hit,0,False,0,cache
m12_heavy_flood_dup60_s20260624_bonded,P3-Persist,m12_heavy_flood_dup60_s20260624,bonded,397609,PRIVPROBE:1,cache_hit,0,False,0,cache
m12_heavy_flood_dup60_s20260624_bonded,P3-Persist,m12_heavy_flood_dup60_s20260624,bonded,398718,PRIVPROBE:1,cache_hit,0,False,0,cache
m12_heavy_flood_dup60_s20260624_bonded,P3-Persist,m12_heavy_flood_dup60_s20260624,bonded,399822,PRIVPROBE:1,cache_hit,0,False,0,cache
m12_heavy_flood_dup60_s20260624_bonded,P3-NoPersist,m12_heavy_flood_dup60_s20260624,bonded,66696,PRIVPROBE:0,defer,0,True,1000,defer
m12_heavy_flood_dup60_s20260624_bonded,P3-NoPersist,m12_heavy_flood_dup60_s20260624,bonded,67801,PRIVPROBE:0,duplicate_filter,0,False,0,duplicate_filter
m12_heavy_flood_dup60_s20260624_bonded,P3-NoPersist,m12_heavy_flood_dup60_s20260624,bonded,68853,PRIVPROBE:0,duplicate_filter,0,False,0,duplicate_filter
m12_heavy_flood_dup60_s20260624_bonded,P3-NoPersist,m12_heavy_flood_dup60_s20260624,bonded,69993,PRIVPROBE:0,duplicate_filter,0,False,0,duplicate_filter
m12_heavy_flood_dup60_s20260624_bonded,P3-NoPersist,m12_heavy_flood_dup60_s20260624,bonded,71063,PRIVPROBE:0,duplicate_filter,0,False,0,duplicate_filter
m12_heavy_flood_dup60_s20260624_bonded,P3-NoPersist,m12_heavy_flood_dup60_s20260624,bonded,72179,PRIVPROBE:0,duplicate_filter,0,False,0,duplicate_filter
m12_heavy_flood_dup60_s20260624_bonded,P3-NoPersist,m12_heavy_flood_dup60_s20260624,bonded,73243,PRIVPROBE:0,duplicate_filter,0,False,0,duplicate_filter
m12_heavy_flood_dup60_s20260624_bonded,P3-NoPersist,m12_heavy_flood_dup60_s20260624,bonded,74350,PRIVPROBE:0,duplicate_filter,0,False,0,duplicate_filter
m12_heavy_flood_dup60_s20260624_bonded,P3-NoPersist,m12_heavy_flood_dup60_s20260624,bonded,75431,PRIVPROBE:0,duplicate_filter,0,False,0,duplicate_filter
m12_heavy_flood_dup60_s20260624_bonded,P3-NoPersist,m12_heavy_flood_dup60_s20260624,bonded,76574,PRIVPROBE:0,duplicate_filter,0,False,0,duplicate_filter
m12_heavy_flood_dup60_s20260624_bonded,P3-NoPersist,m12_heavy_flood_dup60_s20260624,bonded,77718,PRIVPROBE:0,duplicate_filter,0,False,0,duplicate_filter
m12_heavy_flood_dup60_s20260624_bonded,P3-NoPersist,m12_heavy_flood_dup60_s20260624,bonded,78873,PRIVPROBE:0,duplicate_filter,0,False,0,duplicate_filter
m12_heavy_flood_dup60_s20260624_bonded,P3-NoPersist,m12_heavy_flood_dup60_s20260624,bonded,79977,PRIVPROBE:0,defer,0,True,1000,defer
m12_heavy_flood_dup60_s20260624_bonded,P3-NoPersist,m12_heavy_flood_dup60_s20260624,bonded,81091,PRIVPROBE:0,duplicate_filter,0,False,0,duplicate_filter
m12_heavy_flood_dup60_s20260624_bonded,P3-NoPersist,m12_heavy_flood_dup60_s20260624,bonded,82242,PRIVPROBE:0,duplicate_filter,0,False,0,duplicate_filter
m12_heavy_flood_dup60_s20260624_bonded,P3-NoPersist,m12_heavy_flood_dup60_s20260624,bonded,83326,PRIVPROBE:0,duplicate_filter,0,False,0,duplicate_filter
m12_heavy_flood_dup60_s20260624_bonded,P3-NoPersist,m12_heavy_flood_dup60_s20260624,bonded,84489,PRIVPROBE:0,duplicate_filter,0,False,0,duplicate_filter
m12_heavy_flood_dup60_s20260624_bonded,P3-NoPersist,m12_heavy_flood_dup60_s20260624,bonded,85544,PRIVPROBE:0,duplicate_filter,0,False,0,duplicate_filter
m12_heavy_flood_dup60_s20260624_bonded,P3-NoPersist,m12_heavy_flood_dup60_s20260624,bonded,86708,PRIVPROBE:0,duplicate_filter,0,False,0,duplicate_filter
m12_heavy_flood_dup60_s20260624_bonded,P3-NoPersist,m12_heavy_flood_dup60_s20260624,bonded,87786,PRIVPROBE:0,duplicate_filter,0,False,0,duplicate_filter
m12_heavy_flood_dup60_s20260624_bonded,P3-NoPersist,m12_heavy_flood_dup60_s20260624,bonded,88910,PRIVPROBE:0,duplicate_filter,0,False,0,duplicate_filter
m12_heavy_flood_dup60_s20260624_bonded,P3-NoPersist,m12_heavy_flood_dup60_s20260624,bonded,90051,PRIVPROBE:0,duplicate_filter,0,False,0,duplicate_filter
m12_heavy_flood_dup60_s20260624_bonded,P3-NoPersist,m12_heavy_flood_dup60_s20260624,bonded,91181,PRIVPROBE:0,duplicate_filter,0,False,0,duplicate_filter
m12_heavy_flood_dup60_s20260624_bonded,P3-NoPersist,m12_heavy_flood_dup60_s20260624,bonded,92266,PRIVPROBE:0,duplicate_filter,0,False,0,duplicate_filter
m12_heavy_flood_dup60_s20260624_bonded,P3-NoPersist,m12_heavy_flood_dup60_s20260624,bonded,93316,PRIVPROBE:0,defer,0,True,1000,defer
m12_heavy_flood_dup60_s20260624_bonded,P3-NoPersist,m12_heavy_flood_dup60_s20260624,bonded,94429,PRIVPROBE:0,duplicate_filter,0,False,0,duplicate_filter
m12_heavy_flood_dup60_s20260624_bonded,P3-NoPersist,m12_heavy_flood_dup60_s20260624,bonded,95527,PRIVPROBE:0,duplicate_filter,0,False,0,duplicate_filter
m12_heavy_flood_dup60_s20260624_bonded,P3-NoPersist,m12_heavy_flood_dup60_s20260624,bonded,96579,PRIVPROBE:0,duplicate_filter,0,False,0,duplicate_filter
m12_heavy_flood_dup60_s20260624_bonded,P3-NoPersist,m12_heavy_flood_dup60_s20260624,bonded,97671,PRIVPROBE:0,duplicate_filter,0,False,0,duplicate_filter
m12_heavy_flood_dup60_s20260624_bonded,P3-NoPersist,m12_heavy_flood_dup60_s20260624,bonded,98837,PRIVPROBE:0,duplicate_filter,0,False,0,duplicate_filter
m12_heavy_flood_dup60_s20260624_bonded,P3-NoPersist,m12_heavy_flood_dup60_s20260624,bonded,99865,PRIVPROBE:0,duplicate_filter,0,False,0,duplicate_filter
m12_heavy_flood_dup60_s20260624_bonded,P3-NoPersist,m12_heavy_flood_dup60_s20260624,bonded,100907,PRIVPROBE:0,duplicate_filter,0,False,0,duplicate_filter
m12_heavy_flood_dup60_s20260624_bonded,P3-NoPersist,m12_heavy_flood_dup60_s20260624,bonded,101963,PRIVPROBE:0,duplicate_filter,0,False,0,duplicate_filter
m12_heavy_flood_dup60_s20260624_bonded,P3-NoPersist,m12_heavy_flood_dup60_s20260624,bonded,103083,PRIVPROBE:0,duplicate_filter,0,False,0,duplicate_filter
m12_heavy_flood_dup60_s20260624_bonded,P3-NoPersist,m12_heavy_flood_dup60_s20260624,bonded,104205,PRIVPROBE:0,duplicate_filter,0,False,0,duplicate_filter
m12_heavy_flood_dup60_s20260624_bonded,P3-NoPersist,m12_heavy_flood_dup60_s20260624,bonded,105339,PRIVPROBE:0,duplicate_filter,0,False,0,duplicate_filter
m12_heavy_flood_dup60_s20260624_bonded,P3-NoPersist,m12_heavy_flood_dup60_s20260624,bonded,106447,PRIVPROBE:0,defer,0,True,1000,defer
m12_heavy_flood_dup60_s20260624_bonded,P3-NoPersist,m12_heavy_flood_dup60_s20260624,bonded,107504,PRIVPROBE:0,duplicate_filter,0,False,0,duplicate_filter
m12_heavy_flood_dup60_s20260624_bonded,P3-NoPersist,m12_heavy_flood_dup60_s20260624,bonded,108665,PRIVPROBE:0,duplicate_filter,0,False,0,duplicate_filter
m12_heavy_flood_dup60_s20260624_bonded,P3-NoPersist,m12_heavy_flood_dup60_s20260624,bonded,109818,PRIVPROBE:0,duplicate_filter,0,False,0,duplicate_filter
m12_heavy_flood_dup60_s20260624_bonded,P3-NoPersist,m12_heavy_flood_dup60_s20260624,bonded,110995,PRIVPROBE:0,duplicate_filter,0,False,0,duplicate_filter
m12_heavy_flood_dup60_s20260624_bonded,P3-NoPersist,m12_heavy_flood_dup60_s20260624,bonded,112195,PRIVPROBE:0,duplicate_filter,0,False,0,duplicate_filter
m12_heavy_flood_dup60_s20260624_bonded,P3-NoPersist,m12_heavy_flood_dup60_s20260624,bonded,113347,PRIVPROBE:0,duplicate_filter,0,False,0,duplicate_filter
m12_heavy_flood_dup60_s20260624_bonded,P3-NoPersist,m12_heavy_flood_dup60_s20260624,bonded,114459,PRIVPROBE:0,duplicate_filter,0,False,0,duplicate_filter
m12_heavy_flood_dup60_s20260624_bonded,P3-NoPersist,m12_heavy_flood_dup60_s20260624,bonded,115572,PRIVPROBE:0,duplicate_filter,0,False,0,duplicate_filter
m12_heavy_flood_dup60_s20260624_bonded,P3-NoPersist,m12_heavy_flood_dup60_s20260624,bonded,116698,PRIVPROBE:0,duplicate_filter,0,False,0,duplicate_filter
m12_heavy_flood_dup60_s20260624_bonded,P3-NoPersist,m12_heavy_flood_dup60_s20260624,bonded,117848,PRIVPROBE:0,duplicate_filter,0,False,0,duplicate_filter
m12_heavy_flood_dup60_s20260624_bonded,P3-NoPersist,m12_heavy_flood_dup60_s20260624,bonded,119030,PRIVPROBE:0,duplicate_filter,0,False,0,duplicate_filter
m12_heavy_flood_dup60_s20260624_bonded,P3-NoPersist,m12_heavy_flood_dup60_s20260624,bonded,120123,PRIVPROBE:0,defer,0,True,1000,defer
m12_heavy_flood_dup60_s20260624_bonded,P3-NoPersist,m12_heavy_flood_dup60_s20260624,bonded,121179,PRIVPROBE:0,duplicate_filter,0,False,0,duplicate_filter
m12_heavy_flood_dup60_s20260624_bonded,P3-NoPersist,m12_heavy_flood_dup60_s20260624,bonded,122347,PRIVPROBE:0,duplicate_filter,0,False,0,duplicate_filter
m12_heavy_flood_dup60_s20260624_bonded,P3-NoPersist,m12_heavy_flood_dup60_s20260624,bonded,123442,PRIVPROBE:0,duplicate_filter,0,False,0,duplicate_filter
m12_heavy_flood_dup60_s20260624_bonded,P3-NoPersist,m12_heavy_flood_dup60_s20260624,bonded,124602,PRIVPROBE:0,duplicate_filter,0,False,0,duplicate_filter
m12_heavy_flood_dup60_s20260624_bonded,P3-NoPersist,m12_heavy_flood_dup60_s20260624,bonded,125704,PRIVPROBE:0,duplicate_filter,0,False,0,duplicate_filter
m12_heavy_flood_dup60_s20260624_bonded,P3-NoPersist,m12_heavy_flood_dup60_s20260624,bonded,126810,PRIVPROBE:0,duplicate_filter,0,False,0,duplicate_filter
m12_heavy_flood_dup60_s20260624_bonded,P3-NoPersist,m12_heavy_flood_dup60_s20260624,bonded,127951,PRIVPROBE:0,duplicate_filter,0,False,0,duplicate_filter
m12_heavy_flood_dup60_s20260624_bonded,P3-NoPersist,m12_heavy_flood_dup60_s20260624,bonded,129025,PRIVPROBE:0,duplicate_filter,0,False,0,duplicate_filter
m12_heavy_flood_dup60_s20260624_bonded,P3-NoPersist,m12_heavy_flood_dup60_s20260624,bonded,130171,PRIVPROBE:0,duplicate_filter,0,False,0,duplicate_filter
m12_heavy_flood_dup60_s20260624_bonded,P3-NoPersist,m12_heavy_flood_dup60_s20260624,bonded,131230,PRIVPROBE:0,duplicate_filter,0,False,0,duplicate_filter
m12_heavy_flood_dup60_s20260624_bonded,P3-NoPersist,m12_heavy_flood_dup60_s20260624,bonded,132256,PRIVPROBE:0,duplicate_filter,0,False,0,duplicate_filter
m12_heavy_flood_dup60_s20260624_bonded,P3-NoPersist,m12_heavy_flood_dup60_s20260624,bonded,133370,PRIVPROBE:0,defer,0,True,1000,defer
m12_heavy_flood_dup60_s20260624_bonded,P3-NoPersist,m12_heavy_flood_dup60_s20260624,bonded,134430,PRIVPROBE:0,duplicate_filter,0,False,0,duplicate_filter
m12_heavy_flood_dup60_s20260624_bonded,P3-NoPersist,m12_heavy_flood_dup60_s20260624,bonded,135541,PRIVPROBE:0,duplicate_filter,0,False,0,duplicate_filter
m12_heavy_flood_dup60_s20260624_bonded,P3-NoPersist,m12_heavy_flood_dup60_s20260624,bonded,136713,PRIVPROBE:0,duplicate_filter,0,False,0,duplicate_filter
m12_heavy_flood_dup60_s20260624_bonded,P3-NoPersist,m12_heavy_flood_dup60_s20260624,bonded,137849,PRIVPROBE:0,duplicate_filter,0,False,0,duplicate_filter
m12_heavy_flood_dup60_s20260624_bonded,P3-NoPersist,m12_heavy_flood_dup60_s20260624,bonded,138933,PRIVPROBE:0,duplicate_filter,0,False,0,duplicate_filter
m12_heavy_flood_dup60_s20260624_bonded,P3-NoPersist,m12_heavy_flood_dup60_s20260624,bonded,140055,PRIVPROBE:0,duplicate_filter,0,False,0,duplicate_filter
m12_heavy_flood_dup60_s20260624_bonded,P3-NoPersist,m12_heavy_flood_dup60_s20260624,bonded,141221,PRIVPROBE:0,duplicate_filter,0,False,0,duplicate_filter
m12_heavy_flood_dup60_s20260624_bonded,P3-NoPersist,m12_heavy_flood_dup60_s20260624,bonded,142322,PRIVPROBE:0,duplicate_filter,0,False,0,duplicate_filter
m12_heavy_flood_dup60_s20260624_bonded,P3-NoPersist,m12_heavy_flood_dup60_s20260624,bonded,143492,PRIVPROBE:0,duplicate_filter,0,False,0,duplicate_filter
m12_heavy_flood_dup60_s20260624_bonded,P3-NoPersist,m12_heavy_flood_dup60_s20260624,bonded,144597,PRIVPROBE:0,duplicate_filter,0,False,0,duplicate_filter
m12_heavy_flood_dup60_s20260624_bonded,P3-NoPersist,m12_heavy_flood_dup60_s20260624,bonded,145799,PRIVPROBE:0,duplicate_filter,0,False,0,duplicate_filter
m12_heavy_flood_dup60_s20260624_bonded,P3-NoPersist,m12_heavy_flood_dup60_s20260624,bonded,146964,PRIVPROBE:0,defer,0,True,1000,defer
m12_heavy_flood_dup60_s20260624_bonded,P3-NoPersist,m12_heavy_flood_dup60_s20260624,bonded,148087,PRIVPROBE:0,duplicate_filter,0,False,0,duplicate_filter
m12_heavy_flood_dup60_s20260624_bonded,P3-NoPersist,m12_heavy_flood_dup60_s20260624,bonded,149192,PRIVPROBE:0,duplicate_filter,0,False,0,duplicate_filter
m12_heavy_flood_dup60_s20260624_bonded,P3-NoPersist,m12_heavy_flood_dup60_s20260624,bonded,150286,PRIVPROBE:0,duplicate_filter,0,False,0,duplicate_filter
m12_heavy_flood_dup60_s20260624_bonded,P3-NoPersist,m12_heavy_flood_dup60_s20260624,bonded,151435,PRIVPROBE:0,duplicate_filter,0,False,0,duplicate_filter
m12_heavy_flood_dup60_s20260624_bonded,P3-NoPersist,m12_heavy_flood_dup60_s20260624,bonded,152508,PRIVPROBE:0,duplicate_filter,0,False,0,duplicate_filter
m12_heavy_flood_dup60_s20260624_bonded,P3-NoPersist,m12_heavy_flood_dup60_s20260624,bonded,153668,PRIVPROBE:0,duplicate_filter,0,False,0,duplicate_filter
m12_heavy_flood_dup60_s20260624_bonded,P3-NoPersist,m12_heavy_flood_dup60_s20260624,bonded,154729,PRIVPROBE:0,duplicate_filter,0,False,0,duplicate_filter
m12_heavy_flood_dup60_s20260624_bonded,P3-NoPersist,m12_heavy_flood_dup60_s20260624,bonded,155809,PRIVPROBE:0,duplicate_filter,0,False,0,duplicate_filter
m12_heavy_flood_dup60_s20260624_bonded,P3-NoPersist,m12_heavy_flood_dup60_s20260624,bonded,156843,PRIVPROBE:0,duplicate_filter,0,False,0,duplicate_filter
m12_heavy_flood_dup60_s20260624_bonded,P3-NoPersist,m12_heavy_flood_dup60_s20260624,bonded,157985,PRIVPROBE:0,duplicate_filter,0,False,0,duplicate_filter
m12_heavy_flood_dup60_s20260624_bonded,P3-NoPersist,m12_heavy_flood_dup60_s20260624,bonded,159102,PRIVPROBE:0,duplicate_filter,0,False,0,duplicate_filter
m12_heavy_flood_dup60_s20260624_bonded,P3-NoPersist,m12_heavy_flood_dup60_s20260624,bonded,160173,PRIVPROBE:0,defer,0,True,1000,defer
m12_heavy_flood_dup60_s20260624_bonded,P3-NoPersist,m12_heavy_flood_dup60_s20260624,bonded,161307,PRIVPROBE:0,duplicate_filter,0,False,0,duplicate_filter
m12_heavy_flood_dup60_s20260624_bonded,P3-NoPersist,m12_heavy_flood_dup60_s20260624,bonded,162441,PRIVPROBE:0,duplicate_filter,0,False,0,duplicate_filter
m12_heavy_flood_dup60_s20260624_bonded,P3-NoPersist,m12_heavy_flood_dup60_s20260624,bonded,163516,PRIVPROBE:0,duplicate_filter,0,False,0,duplicate_filter
m12_heavy_flood_dup60_s20260624_bonded,P3-NoPersist,m12_heavy_flood_dup60_s20260624,bonded,164645,PRIVPROBE:0,duplicate_filter,0,False,0,duplicate_filter
m12_heavy_flood_dup60_s20260624_bonded,P3-NoPersist,m12_heavy_flood_dup60_s20260624,bonded,165734,PRIVPROBE:0,duplicate_filter,0,False,0,duplicate_filter
m12_heavy_flood_dup60_s20260624_bonded,P3-NoPersist,m12_heavy_flood_dup60_s20260624,bonded,166810,PRIVPROBE:0,duplicate_filter,0,False,0,duplicate_filter
m12_heavy_flood_dup60_s20260624_bonded,P3-NoPersist,m12_heavy_flood_dup60_s20260624,bonded,167963,PRIVPROBE:0,duplicate_filter,0,False,0,duplicate_filter
m12_heavy_flood_dup60_s20260624_bonded,P3-NoPersist,m12_heavy_flood_dup60_s20260624,bonded,169105,PRIVPROBE:0,duplicate_filter,0,False,0,duplicate_filter
m12_heavy_flood_dup60_s20260624_bonded,P3-NoPersist,m12_heavy_flood_dup60_s20260624,bonded,170239,PRIVPROBE:0,duplicate_filter,0,False,0,duplicate_filter
m12_heavy_flood_dup60_s20260624_bonded,P3-NoPersist,m12_heavy_flood_dup60_s20260624,bonded,171385,PRIVPROBE:0,duplicate_filter,0,False,0,duplicate_filter
m12_heavy_flood_dup60_s20260624_bonded,P3-NoPersist,m12_heavy_flood_dup60_s20260624,bonded,172473,PRIVPROBE:0,duplicate_filter,0,False,0,duplicate_filter
m12_heavy_flood_dup60_s20260624_bonded,P3-NoPersist,m12_heavy_flood_dup60_s20260624,bonded,173573,PRIVPROBE:0,defer,0,True,1000,defer
m12_heavy_flood_dup60_s20260624_bonded,P3-NoPersist,m12_heavy_flood_dup60_s20260624,bonded,174720,PRIVPROBE:0,duplicate_filter,0,False,0,duplicate_filter
m12_heavy_flood_dup60_s20260624_bonded,P3-NoPersist,m12_heavy_flood_dup60_s20260624,bonded,175773,PRIVPROBE:0,duplicate_filter,0,False,0,duplicate_filter
m12_heavy_flood_dup60_s20260624_bonded,P3-NoPersist,m12_heavy_flood_dup60_s20260624,bonded,176847,PRIVPROBE:0,duplicate_filter,0,False,0,duplicate_filter
m12_heavy_flood_dup60_s20260624_bonded,P3-NoPersist,m12_heavy_flood_dup60_s20260624,bonded,177912,PRIVPROBE:0,duplicate_filter,0,False,0,duplicate_filter
m12_heavy_flood_dup60_s20260624_bonded,P3-NoPersist,m12_heavy_flood_dup60_s20260624,bonded,179032,PRIVPROBE:0,duplicate_filter,0,False,0,duplicate_filter
m12_heavy_flood_dup60_s20260624_bonded,P3-NoPersist,m12_heavy_flood_dup60_s20260624,bonded,180198,PRIVPROBE:0,duplicate_filter,0,False,0,duplicate_filter
m12_heavy_flood_dup60_s20260624_bonded,P3-NoPersist,m12_heavy_flood_dup60_s20260624,bonded,181289,PRIVPROBE:0,duplicate_filter,0,False,0,duplicate_filter
m12_heavy_flood_dup60_s20260624_bonded,P3-NoPersist,m12_heavy_flood_dup60_s20260624,bonded,182425,PRIVPROBE:0,duplicate_filter,0,False,0,duplicate_filter
m12_heavy_flood_dup60_s20260624_bonded,P3-NoPersist,m12_heavy_flood_dup60_s20260624,bonded,183581,PRIVPROBE:0,duplicate_filter,0,False,0,duplicate_filter
m12_heavy_flood_dup60_s20260624_bonded,P3-NoPersist,m12_heavy_flood_dup60_s20260624,bonded,184717,PRIVPROBE:0,duplicate_filter,0,False,0,duplicate_filter
m12_heavy_flood_dup60_s20260624_bonded,P3-NoPersist,m12_heavy_flood_dup60_s20260624,bonded,185856,PRIVPROBE:0,duplicate_filter,0,False,0,duplicate_filter
m12_heavy_flood_dup60_s20260624_bonded,P3-NoPersist,m12_heavy_flood_dup60_s20260624,bonded,186977,PRIVPROBE:0,defer,0,True,1000,defer
m12_heavy_flood_dup60_s20260624_bonded,P3-NoPersist,m12_heavy_flood_dup60_s20260624,bonded,188043,PRIVPROBE:0,duplicate_filter,0,False,0,duplicate_filter
m12_heavy_flood_dup60_s20260624_bonded,P3-NoPersist,m12_heavy_flood_dup60_s20260624,bonded,189170,PRIVPROBE:0,duplicate_filter,0,False,0,duplicate_filter
m12_heavy_flood_dup60_s20260624_bonded,P3-NoPersist,m12_heavy_flood_dup60_s20260624,bonded,190278,PRIVPROBE:0,duplicate_filter,0,False,0,duplicate_filter
m12_heavy_flood_dup60_s20260624_bonded,P3-NoPersist,m12_heavy_flood_dup60_s20260624,bonded,191390,PRIVPROBE:0,duplicate_filter,0,False,0,duplicate_filter
m12_heavy_flood_dup60_s20260624_bonded,P3-NoPersist,m12_heavy_flood_dup60_s20260624,bonded,192518,PRIVPROBE:0,duplicate_filter,0,False,0,duplicate_filter
m12_heavy_flood_dup60_s20260624_bonded,P3-NoPersist,m12_heavy_flood_dup60_s20260624,bonded,193639,PRIVPROBE:0,duplicate_filter,0,False,0,duplicate_filter
m12_heavy_flood_dup60_s20260624_bonded,P3-NoPersist,m12_heavy_flood_dup60_s20260624,bonded,194790,PRIVPROBE:0,duplicate_filter,0,False,0,duplicate_filter
m12_heavy_flood_dup60_s20260624_bonded,P3-NoPersist,m12_heavy_flood_dup60_s20260624,bonded,195931,PRIVPROBE:0,duplicate_filter,0,False,0,duplicate_filter
m12_heavy_flood_dup60_s20260624_bonded,P3-NoPersist,m12_heavy_flood_dup60_s20260624,bonded,197081,PRIVPROBE:0,duplicate_filter,0,False,0,duplicate_filter
m12_heavy_flood_dup60_s20260624_bonded,P3-NoPersist,m12_heavy_flood_dup60_s20260624,bonded,198288,PRIVPROBE:0,duplicate_filter,0,False,0,duplicate_filter
m12_heavy_flood_dup60_s20260624_bonded,P3-NoPersist,m12_heavy_flood_dup60_s20260624,bonded,199430,PRIVPROBE:0,duplicate_filter,0,False,0,duplicate_filter
m12_heavy_flood_dup60_s20260624_bonded,P3-NoPersist,m12_heavy_flood_dup60_s20260624,bonded,200593,PRIVPROBE:1,defer,0,True,1000,defer
m12_heavy_flood_dup60_s20260624_bonded,P3-NoPersist,m12_heavy_flood_dup60_s20260624,bonded,201771,PRIVPROBE:1,duplicate_filter,0,False,0,duplicate_filter
m12_heavy_flood_dup60_s20260624_bonded,P3-NoPersist,m12_heavy_flood_dup60_s20260624,bonded,202878,PRIVPROBE:1,duplicate_filter,0,False,0,duplicate_filter
m12_heavy_flood_dup60_s20260624_bonded,P3-NoPersist,m12_heavy_flood_dup60_s20260624,bonded,203970,PRIVPROBE:1,duplicate_filter,0,False,0,duplicate_filter
m12_heavy_flood_dup60_s20260624_bonded,P3-NoPersist,m12_heavy_flood_dup60_s20260624,bonded,205125,PRIVPROBE:1,duplicate_filter,0,False,0,duplicate_filter
m12_heavy_flood_dup60_s20260624_bonded,P3-NoPersist,m12_heavy_flood_dup60_s20260624,bonded,206184,PRIVPROBE:1,duplicate_filter,0,False,0,duplicate_filter
m12_heavy_flood_dup60_s20260624_bonded,P3-NoPersist,m12_heavy_flood_dup60_s20260624,bonded,207308,PRIVPROBE:1,duplicate_filter,0,False,0,duplicate_filter
m12_heavy_flood_dup60_s20260624_bonded,P3-NoPersist,m12_heavy_flood_dup60_s20260624,bonded,208412,PRIVPROBE:1,duplicate_filter,0,False,0,duplicate_filter
m12_heavy_flood_dup60_s20260624_bonded,P3-NoPersist,m12_heavy_flood_dup60_s20260624,bonded,209565,PRIVPROBE:1,duplicate_filter,0,False,0,duplicate_filter
m12_heavy_flood_dup60_s20260624_bonded,P3-NoPersist,m12_heavy_flood_dup60_s20260624,bonded,210601,PRIVPROBE:1,duplicate_filter,0,False,0,duplicate_filter
m12_heavy_flood_dup60_s20260624_bonded,P3-NoPersist,m12_heavy_flood_dup60_s20260624,bonded,211762,PRIVPROBE:1,duplicate_filter,0,False,0,duplicate_filter
m12_heavy_flood_dup60_s20260624_bonded,P3-NoPersist,m12_heavy_flood_dup60_s20260624,bonded,212834,PRIVPROBE:1,duplicate_filter,0,False,0,duplicate_filter
m12_heavy_flood_dup60_s20260624_bonded,P3-NoPersist,m12_heavy_flood_dup60_s20260624,bonded,213901,PRIVPROBE:1,defer,0,True,1000,defer
m12_heavy_flood_dup60_s20260624_bonded,P3-NoPersist,m12_heavy_flood_dup60_s20260624,bonded,215014,PRIVPROBE:1,duplicate_filter,0,False,0,duplicate_filter
m12_heavy_flood_dup60_s20260624_bonded,P3-NoPersist,m12_heavy_flood_dup60_s20260624,bonded,216149,PRIVPROBE:1,duplicate_filter,0,False,0,duplicate_filter
m12_heavy_flood_dup60_s20260624_bonded,P3-NoPersist,m12_heavy_flood_dup60_s20260624,bonded,217205,PRIVPROBE:1,duplicate_filter,0,False,0,duplicate_filter
m12_heavy_flood_dup60_s20260624_bonded,P3-NoPersist,m12_heavy_flood_dup60_s20260624,bonded,218323,PRIVPROBE:1,duplicate_filter,0,False,0,duplicate_filter
m12_heavy_flood_dup60_s20260624_bonded,P3-NoPersist,m12_heavy_flood_dup60_s20260624,bonded,219430,PRIVPROBE:1,duplicate_filter,0,False,0,duplicate_filter
m12_heavy_flood_dup60_s20260624_bonded,P3-NoPersist,m12_heavy_flood_dup60_s20260624,bonded,220563,PRIVPROBE:1,duplicate_filter,0,False,0,duplicate_filter
m12_heavy_flood_dup60_s20260624_bonded,P3-NoPersist,m12_heavy_flood_dup60_s20260624,bonded,221613,PRIVPROBE:1,duplicate_filter,0,False,0,duplicate_filter
m12_heavy_flood_dup60_s20260624_bonded,P3-NoPersist,m12_heavy_flood_dup60_s20260624,bonded,222727,PRIVPROBE:1,duplicate_filter,0,False,0,duplicate_filter
m12_heavy_flood_dup60_s20260624_bonded,P3-NoPersist,m12_heavy_flood_dup60_s20260624,bonded,223853,PRIVPROBE:1,duplicate_filter,0,False,0,duplicate_filter
m12_heavy_flood_dup60_s20260624_bonded,P3-NoPersist,m12_heavy_flood_dup60_s20260624,bonded,224930,PRIVPROBE:1,duplicate_filter,0,False,0,duplicate_filter
m12_heavy_flood_dup60_s20260624_bonded,P3-NoPersist,m12_heavy_flood_dup60_s20260624,bonded,226005,PRIVPROBE:1,duplicate_filter,0,False,0,duplicate_filter
m12_heavy_flood_dup60_s20260624_bonded,P3-NoPersist,m12_heavy_flood_dup60_s20260624,bonded,227057,PRIVPROBE:1,defer,0,True,1000,defer
m12_heavy_flood_dup60_s20260624_bonded,P3-NoPersist,m12_heavy_flood_dup60_s20260624,bonded,228149,PRIVPROBE:1,duplicate_filter,0,False,0,duplicate_filter
m12_heavy_flood_dup60_s20260624_bonded,P3-NoPersist,m12_heavy_flood_dup60_s20260624,bonded,229264,PRIVPROBE:1,duplicate_filter,0,False,0,duplicate_filter
m12_heavy_flood_dup60_s20260624_bonded,P3-NoPersist,m12_heavy_flood_dup60_s20260624,bonded,230396,PRIVPROBE:1,duplicate_filter,0,False,0,duplicate_filter
m12_heavy_flood_dup60_s20260624_bonded,P3-NoPersist,m12_heavy_flood_dup60_s20260624,bonded,231511,PRIVPROBE:1,duplicate_filter,0,False,0,duplicate_filter
m12_heavy_flood_dup60_s20260624_bonded,P3-NoPersist,m12_heavy_flood_dup60_s20260624,bonded,232621,PRIVPROBE:1,duplicate_filter,0,False,0,duplicate_filter
m12_heavy_flood_dup60_s20260624_bonded,P3-NoPersist,m12_heavy_flood_dup60_s20260624,bonded,233606,PRIVPROBE:1,duplicate_filter,0,False,0,duplicate_filter
m12_heavy_flood_dup60_s20260624_bonded,P3-NoPersist,m12_heavy_flood_dup60_s20260624,bonded,234725,PRIVPROBE:1,duplicate_filter,0,False,0,duplicate_filter
m12_heavy_flood_dup60_s20260624_bonded,P3-NoPersist,m12_heavy_flood_dup60_s20260624,bonded,235841,PRIVPROBE:1,duplicate_filter,0,False,0,duplicate_filter
m12_heavy_flood_dup60_s20260624_bonded,P3-NoPersist,m12_heavy_flood_dup60_s20260624,bonded,236914,PRIVPROBE:1,duplicate_filter,0,False,0,duplicate_filter
m12_heavy_flood_dup60_s20260624_bonded,P3-NoPersist,m12_heavy_flood_dup60_s20260624,bonded,238074,PRIVPROBE:1,duplicate_filter,0,False,0,duplicate_filter
m12_heavy_flood_dup60_s20260624_bonded,P3-NoPersist,m12_heavy_flood_dup60_s20260624,bonded,239235,PRIVPROBE:1,duplicate_filter,0,False,0,duplicate_filter
m12_heavy_flood_dup60_s20260624_bonded,P3-NoPersist,m12_heavy_flood_dup60_s20260624,bonded,240330,PRIVPROBE:1,defer,0,True,1000,defer
m12_heavy_flood_dup60_s20260624_bonded,P3-NoPersist,m12_heavy_flood_dup60_s20260624,bonded,241428,PRIVPROBE:1,duplicate_filter,0,False,0,duplicate_filter
m12_heavy_flood_dup60_s20260624_bonded,P3-NoPersist,m12_heavy_flood_dup60_s20260624,bonded,242560,PRIVPROBE:1,duplicate_filter,0,False,0,duplicate_filter
m12_heavy_flood_dup60_s20260624_bonded,P3-NoPersist,m12_heavy_flood_dup60_s20260624,bonded,243659,PRIVPROBE:1,duplicate_filter,0,False,0,duplicate_filter
m12_heavy_flood_dup60_s20260624_bonded,P3-NoPersist,m12_heavy_flood_dup60_s20260624,bonded,244731,PRIVPROBE:1,duplicate_filter,0,False,0,duplicate_filter
m12_heavy_flood_dup60_s20260624_bonded,P3-NoPersist,m12_heavy_flood_dup60_s20260624,bonded,245822,PRIVPROBE:1,duplicate_filter,0,False,0,duplicate_filter
m12_heavy_flood_dup60_s20260624_bonded,P3-NoPersist,m12_heavy_flood_dup60_s20260624,bonded,246898,PRIVPROBE:1,duplicate_filter,0,False,0,duplicate_filter
m12_heavy_flood_dup60_s20260624_bonded,P3-NoPersist,m12_heavy_flood_dup60_s20260624,bonded,247940,PRIVPROBE:1,duplicate_filter,0,False,0,duplicate_filter
m12_heavy_flood_dup60_s20260624_bonded,P3-NoPersist,m12_heavy_flood_dup60_s20260624,bonded,249088,PRIVPROBE:1,duplicate_filter,0,False,0,duplicate_filter
m12_heavy_flood_dup60_s20260624_bonded,P3-NoPersist,m12_heavy_flood_dup60_s20260624,bonded,250240,PRIVPROBE:1,duplicate_filter,0,False,0,duplicate_filter
m12_heavy_flood_dup60_s20260624_bonded,P3-NoPersist,m12_heavy_flood_dup60_s20260624,bonded,251310,PRIVPROBE:1,duplicate_filter,0,False,0,duplicate_filter
m12_heavy_flood_dup60_s20260624_bonded,P3-NoPersist,m12_heavy_flood_dup60_s20260624,bonded,252454,PRIVPROBE:1,duplicate_filter,0,False,0,duplicate_filter
m12_heavy_flood_dup60_s20260624_bonded,P3-NoPersist,m12_heavy_flood_dup60_s20260624,bonded,253538,PRIVPROBE:1,defer,0,True,1000,defer
m12_heavy_flood_dup60_s20260624_bonded,P3-NoPersist,m12_heavy_flood_dup60_s20260624,bonded,254687,PRIVPROBE:1,duplicate_filter,0,False,0,duplicate_filter
m12_heavy_flood_dup60_s20260624_bonded,P3-NoPersist,m12_heavy_flood_dup60_s20260624,bonded,255783,PRIVPROBE:1,duplicate_filter,0,False,0,duplicate_filter
m12_heavy_flood_dup60_s20260624_bonded,P3-NoPersist,m12_heavy_flood_dup60_s20260624,bonded,256882,PRIVPROBE:1,duplicate_filter,0,False,0,duplicate_filter
m12_heavy_flood_dup60_s20260624_bonded,P3-NoPersist,m12_heavy_flood_dup60_s20260624,bonded,257961,PRIVPROBE:1,duplicate_filter,0,False,0,duplicate_filter
m12_heavy_flood_dup60_s20260624_bonded,P3-NoPersist,m12_heavy_flood_dup60_s20260624,bonded,259102,PRIVPROBE:1,duplicate_filter,0,False,0,duplicate_filter
m12_heavy_flood_dup60_s20260624_bonded,P3-NoPersist,m12_heavy_flood_dup60_s20260624,bonded,260206,PRIVPROBE:1,duplicate_filter,0,False,0,duplicate_filter
m12_heavy_flood_dup60_s20260624_bonded,P3-NoPersist,m12_heavy_flood_dup60_s20260624,bonded,261302,PRIVPROBE:1,duplicate_filter,0,False,0,duplicate_filter
m12_heavy_flood_dup60_s20260624_bonded,P3-NoPersist,m12_heavy_flood_dup60_s20260624,bonded,262441,PRIVPROBE:1,duplicate_filter,0,False,0,duplicate_filter
m12_heavy_flood_dup60_s20260624_bonded,P3-NoPersist,m12_heavy_flood_dup60_s20260624,bonded,263563,PRIVPROBE:1,duplicate_filter,0,False,0,duplicate_filter
m12_heavy_flood_dup60_s20260624_bonded,P3-NoPersist,m12_heavy_flood_dup60_s20260624,bonded,264658,PRIVPROBE:1,duplicate_filter,0,False,0,duplicate_filter
m12_heavy_flood_dup60_s20260624_bonded,P3-NoPersist,m12_heavy_flood_dup60_s20260624,bonded,265759,PRIVPROBE:1,duplicate_filter,0,False,0,duplicate_filter
m12_heavy_flood_dup60_s20260624_bonded,P3-NoPersist,m12_heavy_flood_dup60_s20260624,bonded,266917,PRIVPROBE:1,defer,0,True,1000,defer
m12_heavy_flood_dup60_s20260624_bonded,P3-NoPersist,m12_heavy_flood_dup60_s20260624,bonded,268018,PRIVPROBE:1,duplicate_filter,0,False,0,duplicate_filter
m12_heavy_flood_dup60_s20260624_bonded,P3-NoPersist,m12_heavy_flood_dup60_s20260624,bonded,269093,PRIVPROBE:1,duplicate_filter,0,False,0,duplicate_filter
m12_heavy_flood_dup60_s20260624_bonded,P3-NoPersist,m12_heavy_flood_dup60_s20260624,bonded,270237,PRIVPROBE:1,duplicate_filter,0,False,0,duplicate_filter
m12_heavy_flood_dup60_s20260624_bonded,P3-NoPersist,m12_heavy_flood_dup60_s20260624,bonded,271398,PRIVPROBE:1,duplicate_filter,0,False,0,duplicate_filter
m12_heavy_flood_dup60_s20260624_bonded,P3-NoPersist,m12_heavy_flood_dup60_s20260624,bonded,272529,PRIVPROBE:1,duplicate_filter,0,False,0,duplicate_filter
m12_heavy_flood_dup60_s20260624_bonded,P3-NoPersist,m12_heavy_flood_dup60_s20260624,bonded,273670,PRIVPROBE:1,duplicate_filter,0,False,0,duplicate_filter
m12_heavy_flood_dup60_s20260624_bonded,P3-NoPersist,m12_heavy_flood_dup60_s20260624,bonded,274796,PRIVPROBE:1,duplicate_filter,0,False,0,duplicate_filter
m12_heavy_flood_dup60_s20260624_bonded,P3-NoPersist,m12_heavy_flood_dup60_s20260624,bonded,275914,PRIVPROBE:1,duplicate_filter,0,False,0,duplicate_filter
m12_heavy_flood_dup60_s20260624_bonded,P3-NoPersist,m12_heavy_flood_dup60_s20260624,bonded,277060,PRIVPROBE:1,duplicate_filter,0,False,0,duplicate_filter
m12_heavy_flood_dup60_s20260624_bonded,P3-NoPersist,m12_heavy_flood_dup60_s20260624,bonded,278221,PRIVPROBE:1,duplicate_filter,0,False,0,duplicate_filter
m12_heavy_flood_dup60_s20260624_bonded,P3-NoPersist,m12_heavy_flood_dup60_s20260624,bonded,279320,PRIVPROBE:1,duplicate_filter,0,False,0,duplicate_filter
m12_heavy_flood_dup60_s20260624_bonded,P3-NoPersist,m12_heavy_flood_dup60_s20260624,bonded,280476,PRIVPROBE:1,defer,0,True,1000,defer
m12_heavy_flood_dup60_s20260624_bonded,P3-NoPersist,m12_heavy_flood_dup60_s20260624,bonded,281598,PRIVPROBE:1,duplicate_filter,0,False,0,duplicate_filter
m12_heavy_flood_dup60_s20260624_bonded,P3-NoPersist,m12_heavy_flood_dup60_s20260624,bonded,282644,PRIVPROBE:1,duplicate_filter,0,False,0,duplicate_filter
m12_heavy_flood_dup60_s20260624_bonded,P3-NoPersist,m12_heavy_flood_dup60_s20260624,bonded,283806,PRIVPROBE:1,duplicate_filter,0,False,0,duplicate_filter
m12_heavy_flood_dup60_s20260624_bonded,P3-NoPersist,m12_heavy_flood_dup60_s20260624,bonded,284955,PRIVPROBE:1,duplicate_filter,0,False,0,duplicate_filter
m12_heavy_flood_dup60_s20260624_bonded,P3-NoPersist,m12_heavy_flood_dup60_s20260624,bonded,286102,PRIVPROBE:1,duplicate_filter,0,False,0,duplicate_filter
m12_heavy_flood_dup60_s20260624_bonded,P3-NoPersist,m12_heavy_flood_dup60_s20260624,bonded,287176,PRIVPROBE:1,duplicate_filter,0,False,0,duplicate_filter
m12_heavy_flood_dup60_s20260624_bonded,P3-NoPersist,m12_heavy_flood_dup60_s20260624,bonded,288281,PRIVPROBE:1,duplicate_filter,0,False,0,duplicate_filter
m12_heavy_flood_dup60_s20260624_bonded,P3-NoPersist,m12_heavy_flood_dup60_s20260624,bonded,289373,PRIVPROBE:1,duplicate_filter,0,False,0,duplicate_filter
m12_heavy_flood_dup60_s20260624_bonded,P3-NoPersist,m12_heavy_flood_dup60_s20260624,bonded,290465,PRIVPROBE:1,duplicate_filter,0,False,0,duplicate_filter
m12_heavy_flood_dup60_s20260624_bonded,P3-NoPersist,m12_heavy_flood_dup60_s20260624,bonded,291574,PRIVPROBE:1,duplicate_filter,0,False,0,duplicate_filter
m12_heavy_flood_dup60_s20260624_bonded,P3-NoPersist,m12_heavy_flood_dup60_s20260624,bonded,292732,PRIVPROBE:1,duplicate_filter,0,False,0,duplicate_filter
m12_heavy_flood_dup60_s20260624_bonded,P3-NoPersist,m12_heavy_flood_dup60_s20260624,bonded,293873,PRIVPROBE:1,defer,0,True,1000,defer
m12_heavy_flood_dup60_s20260624_bonded,P3-NoPersist,m12_heavy_flood_dup60_s20260624,bonded,294995,PRIVPROBE:1,duplicate_filter,0,False,0,duplicate_filter
m12_heavy_flood_dup60_s20260624_bonded,P3-NoPersist,m12_heavy_flood_dup60_s20260624,bonded,296102,PRIVPROBE:1,duplicate_filter,0,False,0,duplicate_filter
m12_heavy_flood_dup60_s20260624_bonded,P3-NoPersist,m12_heavy_flood_dup60_s20260624,bonded,297170,PRIVPROBE:1,duplicate_filter,0,False,0,duplicate_filter
m12_heavy_flood_dup60_s20260624_bonded,P3-NoPersist,m12_heavy_flood_dup60_s20260624,bonded,298310,PRIVPROBE:1,duplicate_filter,0,False,0,duplicate_filter
m12_heavy_flood_dup60_s20260624_bonded,P3-NoPersist,m12_heavy_flood_dup60_s20260624,bonded,299466,PRIVPROBE:1,duplicate_filter,0,False,0,duplicate_filter
m12_heavy_flood_dup60_s20260624_bonded,P3-NoPersist,m12_heavy_flood_dup60_s20260624,bonded,300592,PRIVPROBE:1,duplicate_filter,0,False,0,duplicate_filter
m12_heavy_flood_dup60_s20260624_bonded,P3-NoPersist,m12_heavy_flood_dup60_s20260624,bonded,301641,PRIVPROBE:1,duplicate_filter,0,False,0,duplicate_filter
m12_heavy_flood_dup60_s20260624_bonded,P3-NoPersist,m12_heavy_flood_dup60_s20260624,bonded,302821,PRIVPROBE:1,duplicate_filter,0,False,0,duplicate_filter
m12_heavy_flood_dup60_s20260624_bonded,P3-NoPersist,m12_heavy_flood_dup60_s20260624,bonded,303912,PRIVPROBE:1,duplicate_filter,0,False,0,duplicate_filter
m12_heavy_flood_dup60_s20260624_bonded,P3-NoPersist,m12_heavy_flood_dup60_s20260624,bonded,305051,PRIVPROBE:1,duplicate_filter,0,False,0,duplicate_filter
m12_heavy_flood_dup60_s20260624_bonded,P3-NoPersist,m12_heavy_flood_dup60_s20260624,bonded,306187,PRIVPROBE:1,duplicate_filter,0,False,0,duplicate_filter
m12_heavy_flood_dup60_s20260624_bonded,P3-NoPersist,m12_heavy_flood_dup60_s20260624,bonded,307299,PRIVPROBE:1,defer,0,True,1000,defer
m12_heavy_flood_dup60_s20260624_bonded,P3-NoPersist,m12_heavy_flood_dup60_s20260624,bonded,308426,PRIVPROBE:1,duplicate_filter,0,False,0,duplicate_filter
m12_heavy_flood_dup60_s20260624_bonded,P3-NoPersist,m12_heavy_flood_dup60_s20260624,bonded,309502,PRIVPROBE:1,duplicate_filter,0,False,0,duplicate_filter
m12_heavy_flood_dup60_s20260624_bonded,P3-NoPersist,m12_heavy_flood_dup60_s20260624,bonded,310640,PRIVPROBE:1,duplicate_filter,0,False,0,duplicate_filter
m12_heavy_flood_dup60_s20260624_bonded,P3-NoPersist,m12_heavy_flood_dup60_s20260624,bonded,311674,PRIVPROBE:1,duplicate_filter,0,False,0,duplicate_filter
m12_heavy_flood_dup60_s20260624_bonded,P3-NoPersist,m12_heavy_flood_dup60_s20260624,bonded,312721,PRIVPROBE:1,duplicate_filter,0,False,0,duplicate_filter
m12_heavy_flood_dup60_s20260624_bonded,P3-NoPersist,m12_heavy_flood_dup60_s20260624,bonded,313793,PRIVPROBE:1,duplicate_filter,0,False,0,duplicate_filter
m12_heavy_flood_dup60_s20260624_bonded,P3-NoPersist,m12_heavy_flood_dup60_s20260624,bonded,314857,PRIVPROBE:1,duplicate_filter,0,False,0,duplicate_filter
m12_heavy_flood_dup60_s20260624_bonded,P3-NoPersist,m12_heavy_flood_dup60_s20260624,bonded,315972,PRIVPROBE:1,duplicate_filter,0,False,0,duplicate_filter
m12_heavy_flood_dup60_s20260624_bonded,P3-NoPersist,m12_heavy_flood_dup60_s20260624,bonded,317132,PRIVPROBE:1,duplicate_filter,0,False,0,duplicate_filter
m12_heavy_flood_dup60_s20260624_bonded,P3-NoPersist,m12_heavy_flood_dup60_s20260624,bonded,318211,PRIVPROBE:1,duplicate_filter,0,False,0,duplicate_filter
m12_heavy_flood_dup60_s20260624_bonded,P3-NoPersist,m12_heavy_flood_dup60_s20260624,bonded,319366,PRIVPROBE:1,duplicate_filter,0,False,0,duplicate_filter
m12_heavy_flood_dup60_s20260624_bonded,P3-NoPersist,m12_heavy_flood_dup60_s20260624,bonded,320493,PRIVPROBE:1,defer,0,True,1000,defer
m12_heavy_flood_dup60_s20260624_bonded,P3-NoPersist,m12_heavy_flood_dup60_s20260624,bonded,321563,PRIVPROBE:1,duplicate_filter,0,False,0,duplicate_filter
m12_heavy_flood_dup60_s20260624_bonded,P3-NoPersist,m12_heavy_flood_dup60_s20260624,bonded,322762,PRIVPROBE:1,duplicate_filter,0,False,0,duplicate_filter
m12_heavy_flood_dup60_s20260624_bonded,P3-NoPersist,m12_heavy_flood_dup60_s20260624,bonded,323901,PRIVPROBE:1,duplicate_filter,0,False,0,duplicate_filter
m12_heavy_flood_dup60_s20260624_bonded,P3-NoPersist,m12_heavy_flood_dup60_s20260624,bonded,325024,PRIVPROBE:1,duplicate_filter,0,False,0,duplicate_filter
m12_heavy_flood_dup60_s20260624_bonded,P3-NoPersist,m12_heavy_flood_dup60_s20260624,bonded,326172,PRIVPROBE:1,duplicate_filter,0,False,0,duplicate_filter
m12_heavy_flood_dup60_s20260624_bonded,P3-NoPersist,m12_heavy_flood_dup60_s20260624,bonded,327273,PRIVPROBE:1,duplicate_filter,0,False,0,duplicate_filter
m12_heavy_flood_dup60_s20260624_bonded,P3-NoPersist,m12_heavy_flood_dup60_s20260624,bonded,328361,PRIVPROBE:1,duplicate_filter,0,False,0,duplicate_filter
m12_heavy_flood_dup60_s20260624_bonded,P3-NoPersist,m12_heavy_flood_dup60_s20260624,bonded,329476,PRIVPROBE:1,duplicate_filter,0,False,0,duplicate_filter
m12_heavy_flood_dup60_s20260624_bonded,P3-NoPersist,m12_heavy_flood_dup60_s20260624,bonded,330616,PRIVPROBE:1,duplicate_filter,0,False,0,duplicate_filter
m12_heavy_flood_dup60_s20260624_bonded,P3-NoPersist,m12_heavy_flood_dup60_s20260624,bonded,331736,PRIVPROBE:1,duplicate_filter,0,False,0,duplicate_filter
m12_heavy_flood_dup60_s20260624_bonded,P3-NoPersist,m12_heavy_flood_dup60_s20260624,bonded,332857,PRIVPROBE:1,duplicate_filter,0,False,0,duplicate_filter
m12_heavy_flood_dup60_s20260624_bonded,P3-NoPersist,m12_heavy_flood_dup60_s20260624,bonded,333978,PRIVPROBE:1,defer,0,True,1000,defer
m12_heavy_flood_dup60_s20260624_bonded,P3-NoPersist,m12_heavy_flood_dup60_s20260624,bonded,335143,PRIVPROBE:1,duplicate_filter,0,False,0,duplicate_filter
m12_heavy_flood_dup60_s20260624_bonded,P3-NoPersist,m12_heavy_flood_dup60_s20260624,bonded,336236,PRIVPROBE:1,duplicate_filter,0,False,0,duplicate_filter
m12_heavy_flood_dup60_s20260624_bonded,P3-NoPersist,m12_heavy_flood_dup60_s20260624,bonded,337336,PRIVPROBE:1,duplicate_filter,0,False,0,duplicate_filter
m12_heavy_flood_dup60_s20260624_bonded,P3-NoPersist,m12_heavy_flood_dup60_s20260624,bonded,338401,PRIVPROBE:1,duplicate_filter,0,False,0,duplicate_filter
m12_heavy_flood_dup60_s20260624_bonded,P3-NoPersist,m12_heavy_flood_dup60_s20260624,bonded,339599,PRIVPROBE:1,duplicate_filter,0,False,0,duplicate_filter
m12_heavy_flood_dup60_s20260624_bonded,P3-NoPersist,m12_heavy_flood_dup60_s20260624,bonded,340733,PRIVPROBE:1,duplicate_filter,0,False,0,duplicate_filter
m12_heavy_flood_dup60_s20260624_bonded,P3-NoPersist,m12_heavy_flood_dup60_s20260624,bonded,341872,PRIVPROBE:1,duplicate_filter,0,False,0,duplicate_filter
m12_heavy_flood_dup60_s20260624_bonded,P3-NoPersist,m12_heavy_flood_dup60_s20260624,bonded,343006,PRIVPROBE:1,duplicate_filter,0,False,0,duplicate_filter
m12_heavy_flood_dup60_s20260624_bonded,P3-NoPersist,m12_heavy_flood_dup60_s20260624,bonded,344126,PRIVPROBE:1,duplicate_filter,0,False,0,duplicate_filter
m12_heavy_flood_dup60_s20260624_bonded,P3-NoPersist,m12_heavy_flood_dup60_s20260624,bonded,345152,PRIVPROBE:1,duplicate_filter,0,False,0,duplicate_filter
m12_heavy_flood_dup60_s20260624_bonded,P3-NoPersist,m12_heavy_flood_dup60_s20260624,bonded,346302,PRIVPROBE:1,duplicate_filter,0,False,0,duplicate_filter
m12_heavy_flood_dup60_s20260624_bonded,P3-NoPersist,m12_heavy_flood_dup60_s20260624,bonded,347438,PRIVPROBE:1,defer,0,True,1000,defer
m12_heavy_flood_dup60_s20260624_bonded,P3-NoPersist,m12_heavy_flood_dup60_s20260624,bonded,348589,PRIVPROBE:1,duplicate_filter,0,False,0,duplicate_filter
m12_heavy_flood_dup60_s20260624_bonded,P3-NoPersist,m12_heavy_flood_dup60_s20260624,bonded,349713,PRIVPROBE:1,duplicate_filter,0,False,0,duplicate_filter
m12_heavy_flood_dup60_s20260624_bonded,P3-NoPersist,m12_heavy_flood_dup60_s20260624,bonded,350871,PRIVPROBE:1,duplicate_filter,0,False,0,duplicate_filter
m12_heavy_flood_dup60_s20260624_bonded,P3-NoPersist,m12_heavy_flood_dup60_s20260624,bonded,352067,PRIVPROBE:1,duplicate_filter,0,False,0,duplicate_filter
m12_heavy_flood_dup60_s20260624_bonded,P3-NoPersist,m12_heavy_flood_dup60_s20260624,bonded,353185,PRIVPROBE:1,duplicate_filter,0,False,0,duplicate_filter
m12_heavy_flood_dup60_s20260624_bonded,P3-NoPersist,m12_heavy_flood_dup60_s20260624,bonded,354287,PRIVPROBE:1,duplicate_filter,0,False,0,duplicate_filter
m12_heavy_flood_dup60_s20260624_bonded,P3-NoPersist,m12_heavy_flood_dup60_s20260624,bonded,355449,PRIVPROBE:1,duplicate_filter,0,False,0,duplicate_filter
m12_heavy_flood_dup60_s20260624_bonded,P3-NoPersist,m12_heavy_flood_dup60_s20260624,bonded,356513,PRIVPROBE:1,duplicate_filter,0,False,0,duplicate_filter
m12_heavy_flood_dup60_s20260624_bonded,P3-NoPersist,m12_heavy_flood_dup60_s20260624,bonded,357643,PRIVPROBE:1,duplicate_filter,0,False,0,duplicate_filter
m12_heavy_flood_dup60_s20260624_bonded,P3-NoPersist,m12_heavy_flood_dup60_s20260624,bonded,358756,PRIVPROBE:1,duplicate_filter,0,False,0,duplicate_filter
m12_heavy_flood_dup60_s20260624_bonded,P3-NoPersist,m12_heavy_flood_dup60_s20260624,bonded,359863,PRIVPROBE:1,duplicate_filter,0,False,0,duplicate_filter
m12_heavy_flood_dup60_s20260624_bonded,P3-NoPersist,m12_heavy_flood_dup60_s20260624,bonded,361039,PRIVPROBE:1,defer,0,True,1000,defer
m12_heavy_flood_dup60_s20260624_bonded,P3-NoPersist,m12_heavy_flood_dup60_s20260624,bonded,362180,PRIVPROBE:1,duplicate_filter,0,False,0,duplicate_filter
m12_heavy_flood_dup60_s20260624_bonded,P3-NoPersist,m12_heavy_flood_dup60_s20260624,bonded,363307,PRIVPROBE:1,duplicate_filter,0,False,0,duplicate_filter
m12_heavy_flood_dup60_s20260624_bonded,P3-NoPersist,m12_heavy_flood_dup60_s20260624,bonded,364360,PRIVPROBE:1,duplicate_filter,0,False,0,duplicate_filter
m12_heavy_flood_dup60_s20260624_bonded,P3-NoPersist,m12_heavy_flood_dup60_s20260624,bonded,365483,PRIVPROBE:1,duplicate_filter,0,False,0,duplicate_filter
m12_heavy_flood_dup60_s20260624_bonded,P3-NoPersist,m12_heavy_flood_dup60_s20260624,bonded,366656,PRIVPROBE:1,duplicate_filter,0,False,0,duplicate_filter
m12_heavy_flood_dup60_s20260624_bonded,P3-NoPersist,m12_heavy_flood_dup60_s20260624,bonded,367739,PRIVPROBE:1,duplicate_filter,0,False,0,duplicate_filter
m12_heavy_flood_dup60_s20260624_bonded,P3-NoPersist,m12_heavy_flood_dup60_s20260624,bonded,368890,PRIVPROBE:1,duplicate_filter,0,False,0,duplicate_filter
m12_heavy_flood_dup60_s20260624_bonded,P3-NoPersist,m12_heavy_flood_dup60_s20260624,bonded,369924,PRIVPROBE:1,duplicate_filter,0,False,0,duplicate_filter
m12_heavy_flood_dup60_s20260624_bonded,P3-NoPersist,m12_heavy_flood_dup60_s20260624,bonded,371004,PRIVPROBE:1,duplicate_filter,0,False,0,duplicate_filter
m12_heavy_flood_dup60_s20260624_bonded,P3-NoPersist,m12_heavy_flood_dup60_s20260624,bonded,372110,PRIVPROBE:1,duplicate_filter,0,False,0,duplicate_filter
m12_heavy_flood_dup60_s20260624_bonded,P3-NoPersist,m12_heavy_flood_dup60_s20260624,bonded,373264,PRIVPROBE:1,duplicate_filter,0,False,0,duplicate_filter
m12_heavy_flood_dup60_s20260624_bonded,P3-NoPersist,m12_heavy_flood_dup60_s20260624,bonded,374406,PRIVPROBE:1,defer,0,True,1000,defer
m12_heavy_flood_dup60_s20260624_bonded,P3-NoPersist,m12_heavy_flood_dup60_s20260624,bonded,375475,PRIVPROBE:1,duplicate_filter,0,False,0,duplicate_filter
m12_heavy_flood_dup60_s20260624_bonded,P3-NoPersist,m12_heavy_flood_dup60_s20260624,bonded,376565,PRIVPROBE:1,duplicate_filter,0,False,0,duplicate_filter
m12_heavy_flood_dup60_s20260624_bonded,P3-NoPersist,m12_heavy_flood_dup60_s20260624,bonded,377713,PRIVPROBE:1,duplicate_filter,0,False,0,duplicate_filter
m12_heavy_flood_dup60_s20260624_bonded,P3-NoPersist,m12_heavy_flood_dup60_s20260624,bonded,378799,PRIVPROBE:1,duplicate_filter,0,False,0,duplicate_filter
m12_heavy_flood_dup60_s20260624_bonded,P3-NoPersist,m12_heavy_flood_dup60_s20260624,bonded,379924,PRIVPROBE:1,duplicate_filter,0,False,0,duplicate_filter
m12_heavy_flood_dup60_s20260624_bonded,P3-NoPersist,m12_heavy_flood_dup60_s20260624,bonded,381008,PRIVPROBE:1,duplicate_filter,0,False,0,duplicate_filter
m12_heavy_flood_dup60_s20260624_bonded,P3-NoPersist,m12_heavy_flood_dup60_s20260624,bonded,382124,PRIVPROBE:1,duplicate_filter,0,False,0,duplicate_filter
m12_heavy_flood_dup60_s20260624_bonded,P3-NoPersist,m12_heavy_flood_dup60_s20260624,bonded,383191,PRIVPROBE:1,duplicate_filter,0,False,0,duplicate_filter
m12_heavy_flood_dup60_s20260624_bonded,P3-NoPersist,m12_heavy_flood_dup60_s20260624,bonded,384266,PRIVPROBE:1,duplicate_filter,0,False,0,duplicate_filter
m12_heavy_flood_dup60_s20260624_bonded,P3-NoPersist,m12_heavy_flood_dup60_s20260624,bonded,385330,PRIVPROBE:1,duplicate_filter,0,False,0,duplicate_filter
m12_heavy_flood_dup60_s20260624_bonded,P3-NoPersist,m12_heavy_flood_dup60_s20260624,bonded,386454,PRIVPROBE:1,duplicate_filter,0,False,0,duplicate_filter
m12_heavy_flood_dup60_s20260624_bonded,P3-NoPersist,m12_heavy_flood_dup60_s20260624,bonded,387531,PRIVPROBE:1,defer,0,True,1000,defer
m12_heavy_flood_dup60_s20260624_bonded,P3-NoPersist,m12_heavy_flood_dup60_s20260624,bonded,388643,PRIVPROBE:1,duplicate_filter,0,False,0,duplicate_filter
m12_heavy_flood_dup60_s20260624_bonded,P3-NoPersist,m12_heavy_flood_dup60_s20260624,bonded,389771,PRIVPROBE:1,duplicate_filter,0,False,0,duplicate_filter
m12_heavy_flood_dup60_s20260624_bonded,P3-NoPersist,m12_heavy_flood_dup60_s20260624,bonded,390908,PRIVPROBE:1,duplicate_filter,0,False,0,duplicate_filter
m12_heavy_flood_dup60_s20260624_bonded,P3-NoPersist,m12_heavy_flood_dup60_s20260624,bonded,391979,PRIVPROBE:1,duplicate_filter,0,False,0,duplicate_filter
m12_heavy_flood_dup60_s20260624_bonded,P3-NoPersist,m12_heavy_flood_dup60_s20260624,bonded,393149,PRIVPROBE:1,duplicate_filter,0,False,0,duplicate_filter
m12_heavy_flood_dup60_s20260624_bonded,P3-NoPersist,m12_heavy_flood_dup60_s20260624,bonded,394283,PRIVPROBE:1,duplicate_filter,0,False,0,duplicate_filter
m12_heavy_flood_dup60_s20260624_bonded,P3-NoPersist,m12_heavy_flood_dup60_s20260624,bonded,395377,PRIVPROBE:1,duplicate_filter,0,False,0,duplicate_filter
m12_heavy_flood_dup60_s20260624_bonded,P3-NoPersist,m12_heavy_flood_dup60_s20260624,bonded,396478,PRIVPROBE:1,duplicate_filter,0,False,0,duplicate_filter
m12_heavy_flood_dup60_s20260624_bonded,P3-NoPersist,m12_heavy_flood_dup60_s20260624,bonded,397609,PRIVPROBE:1,duplicate_filter,0,False,0,duplicate_filter
m12_heavy_flood_dup60_s20260624_bonded,P3-NoPersist,m12_heavy_flood_dup60_s20260624,bonded,398718,PRIVPROBE:1,duplicate_filter,0,False,0,duplicate_filter
m12_heavy_flood_dup60_s20260624_bonded,P3-NoPersist,m12_heavy_flood_dup60_s20260624,bonded,399822,PRIVPROBE:1,duplicate_filter,0,False,0,duplicate_filter
m12_heavy_flood_dup60_s20260624_bonded,BudgetDoS,m12_heavy_flood_dup60_s20260624,bonded,66696,PRIVPROBE:0,budget_skip,0,False,0,budget_skip
m12_heavy_flood_dup60_s20260624_bonded,BudgetDoS,m12_heavy_flood_dup60_s20260624,bonded,67801,PRIVPROBE:0,duplicate_filter,0,False,0,duplicate_filter
m12_heavy_flood_dup60_s20260624_bonded,BudgetDoS,m12_heavy_flood_dup60_s20260624,bonded,68853,PRIVPROBE:0,duplicate_filter,0,False,0,duplicate_filter
m12_heavy_flood_dup60_s20260624_bonded,BudgetDoS,m12_heavy_flood_dup60_s20260624,bonded,69993,PRIVPROBE:0,duplicate_filter,0,False,0,duplicate_filter
m12_heavy_flood_dup60_s20260624_bonded,BudgetDoS,m12_heavy_flood_dup60_s20260624,bonded,71063,PRIVPROBE:0,duplicate_filter,0,False,0,duplicate_filter
m12_heavy_flood_dup60_s20260624_bonded,BudgetDoS,m12_heavy_flood_dup60_s20260624,bonded,72179,PRIVPROBE:0,duplicate_filter,0,False,0,duplicate_filter
m12_heavy_flood_dup60_s20260624_bonded,BudgetDoS,m12_heavy_flood_dup60_s20260624,bonded,73243,PRIVPROBE:0,duplicate_filter,0,False,0,duplicate_filter
m12_heavy_flood_dup60_s20260624_bonded,BudgetDoS,m12_heavy_flood_dup60_s20260624,bonded,74350,PRIVPROBE:0,duplicate_filter,0,False,0,duplicate_filter
m12_heavy_flood_dup60_s20260624_bonded,BudgetDoS,m12_heavy_flood_dup60_s20260624,bonded,75431,PRIVPROBE:0,duplicate_filter,0,False,0,duplicate_filter
m12_heavy_flood_dup60_s20260624_bonded,BudgetDoS,m12_heavy_flood_dup60_s20260624,bonded,76574,PRIVPROBE:0,duplicate_filter,0,False,0,duplicate_filter
m12_heavy_flood_dup60_s20260624_bonded,BudgetDoS,m12_heavy_flood_dup60_s20260624,bonded,77718,PRIVPROBE:0,duplicate_filter,0,False,0,duplicate_filter
m12_heavy_flood_dup60_s20260624_bonded,BudgetDoS,m12_heavy_flood_dup60_s20260624,bonded,78873,PRIVPROBE:0,duplicate_filter,0,False,0,duplicate_filter
m12_heavy_flood_dup60_s20260624_bonded,BudgetDoS,m12_heavy_flood_dup60_s20260624,bonded,79977,PRIVPROBE:0,budget_skip,0,False,0,budget_skip
m12_heavy_flood_dup60_s20260624_bonded,BudgetDoS,m12_heavy_flood_dup60_s20260624,bonded,81091,PRIVPROBE:0,duplicate_filter,0,False,0,duplicate_filter
m12_heavy_flood_dup60_s20260624_bonded,BudgetDoS,m12_heavy_flood_dup60_s20260624,bonded,82242,PRIVPROBE:0,duplicate_filter,0,False,0,duplicate_filter
m12_heavy_flood_dup60_s20260624_bonded,BudgetDoS,m12_heavy_flood_dup60_s20260624,bonded,83326,PRIVPROBE:0,duplicate_filter,0,False,0,duplicate_filter
m12_heavy_flood_dup60_s20260624_bonded,BudgetDoS,m12_heavy_flood_dup60_s20260624,bonded,84489,PRIVPROBE:0,duplicate_filter,0,False,0,duplicate_filter
m12_heavy_flood_dup60_s20260624_bonded,BudgetDoS,m12_heavy_flood_dup60_s20260624,bonded,85544,PRIVPROBE:0,duplicate_filter,0,False,0,duplicate_filter
m12_heavy_flood_dup60_s20260624_bonded,BudgetDoS,m12_heavy_flood_dup60_s20260624,bonded,86708,PRIVPROBE:0,duplicate_filter,0,False,0,duplicate_filter
m12_heavy_flood_dup60_s20260624_bonded,BudgetDoS,m12_heavy_flood_dup60_s20260624,bonded,87786,PRIVPROBE:0,duplicate_filter,0,False,0,duplicate_filter
m12_heavy_flood_dup60_s20260624_bonded,BudgetDoS,m12_heavy_flood_dup60_s20260624,bonded,88910,PRIVPROBE:0,duplicate_filter,0,False,0,duplicate_filter
m12_heavy_flood_dup60_s20260624_bonded,BudgetDoS,m12_heavy_flood_dup60_s20260624,bonded,90051,PRIVPROBE:0,duplicate_filter,0,False,0,duplicate_filter
m12_heavy_flood_dup60_s20260624_bonded,BudgetDoS,m12_heavy_flood_dup60_s20260624,bonded,91181,PRIVPROBE:0,duplicate_filter,0,False,0,duplicate_filter
m12_heavy_flood_dup60_s20260624_bonded,BudgetDoS,m12_heavy_flood_dup60_s20260624,bonded,92266,PRIVPROBE:0,duplicate_filter,0,False,0,duplicate_filter
m12_heavy_flood_dup60_s20260624_bonded,BudgetDoS,m12_heavy_flood_dup60_s20260624,bonded,93316,PRIVPROBE:0,budget_skip,0,False,0,budget_skip
m12_heavy_flood_dup60_s20260624_bonded,BudgetDoS,m12_heavy_flood_dup60_s20260624,bonded,94429,PRIVPROBE:0,duplicate_filter,0,False,0,duplicate_filter
m12_heavy_flood_dup60_s20260624_bonded,BudgetDoS,m12_heavy_flood_dup60_s20260624,bonded,95527,PRIVPROBE:0,duplicate_filter,0,False,0,duplicate_filter
m12_heavy_flood_dup60_s20260624_bonded,BudgetDoS,m12_heavy_flood_dup60_s20260624,bonded,96579,PRIVPROBE:0,duplicate_filter,0,False,0,duplicate_filter
m12_heavy_flood_dup60_s20260624_bonded,BudgetDoS,m12_heavy_flood_dup60_s20260624,bonded,97671,PRIVPROBE:0,duplicate_filter,0,False,0,duplicate_filter
m12_heavy_flood_dup60_s20260624_bonded,BudgetDoS,m12_heavy_flood_dup60_s20260624,bonded,98837,PRIVPROBE:0,duplicate_filter,0,False,0,duplicate_filter
m12_heavy_flood_dup60_s20260624_bonded,BudgetDoS,m12_heavy_flood_dup60_s20260624,bonded,99865,PRIVPROBE:0,duplicate_filter,0,False,0,duplicate_filter
m12_heavy_flood_dup60_s20260624_bonded,BudgetDoS,m12_heavy_flood_dup60_s20260624,bonded,100907,PRIVPROBE:0,duplicate_filter,0,False,0,duplicate_filter
m12_heavy_flood_dup60_s20260624_bonded,BudgetDoS,m12_heavy_flood_dup60_s20260624,bonded,101963,PRIVPROBE:0,duplicate_filter,0,False,0,duplicate_filter
m12_heavy_flood_dup60_s20260624_bonded,BudgetDoS,m12_heavy_flood_dup60_s20260624,bonded,103083,PRIVPROBE:0,duplicate_filter,0,False,0,duplicate_filter
m12_heavy_flood_dup60_s20260624_bonded,BudgetDoS,m12_heavy_flood_dup60_s20260624,bonded,104205,PRIVPROBE:0,duplicate_filter,0,False,0,duplicate_filter
m12_heavy_flood_dup60_s20260624_bonded,BudgetDoS,m12_heavy_flood_dup60_s20260624,bonded,105339,PRIVPROBE:0,duplicate_filter,0,False,0,duplicate_filter
m12_heavy_flood_dup60_s20260624_bonded,BudgetDoS,m12_heavy_flood_dup60_s20260624,bonded,106447,PRIVPROBE:0,budget_skip,0,False,0,budget_skip
m12_heavy_flood_dup60_s20260624_bonded,BudgetDoS,m12_heavy_flood_dup60_s20260624,bonded,107504,PRIVPROBE:0,duplicate_filter,0,False,0,duplicate_filter
m12_heavy_flood_dup60_s20260624_bonded,BudgetDoS,m12_heavy_flood_dup60_s20260624,bonded,108665,PRIVPROBE:0,duplicate_filter,0,False,0,duplicate_filter
m12_heavy_flood_dup60_s20260624_bonded,BudgetDoS,m12_heavy_flood_dup60_s20260624,bonded,109818,PRIVPROBE:0,duplicate_filter,0,False,0,duplicate_filter
m12_heavy_flood_dup60_s20260624_bonded,BudgetDoS,m12_heavy_flood_dup60_s20260624,bonded,110995,PRIVPROBE:0,duplicate_filter,0,False,0,duplicate_filter
m12_heavy_flood_dup60_s20260624_bonded,BudgetDoS,m12_heavy_flood_dup60_s20260624,bonded,112195,PRIVPROBE:0,duplicate_filter,0,False,0,duplicate_filter
m12_heavy_flood_dup60_s20260624_bonded,BudgetDoS,m12_heavy_flood_dup60_s20260624,bonded,113347,PRIVPROBE:0,duplicate_filter,0,False,0,duplicate_filter
m12_heavy_flood_dup60_s20260624_bonded,BudgetDoS,m12_heavy_flood_dup60_s20260624,bonded,114459,PRIVPROBE:0,duplicate_filter,0,False,0,duplicate_filter
m12_heavy_flood_dup60_s20260624_bonded,BudgetDoS,m12_heavy_flood_dup60_s20260624,bonded,115572,PRIVPROBE:0,duplicate_filter,0,False,0,duplicate_filter
m12_heavy_flood_dup60_s20260624_bonded,BudgetDoS,m12_heavy_flood_dup60_s20260624,bonded,116698,PRIVPROBE:0,duplicate_filter,0,False,0,duplicate_filter
m12_heavy_flood_dup60_s20260624_bonded,BudgetDoS,m12_heavy_flood_dup60_s20260624,bonded,117848,PRIVPROBE:0,duplicate_filter,0,False,0,duplicate_filter
m12_heavy_flood_dup60_s20260624_bonded,BudgetDoS,m12_heavy_flood_dup60_s20260624,bonded,119030,PRIVPROBE:0,duplicate_filter,0,False,0,duplicate_filter
m12_heavy_flood_dup60_s20260624_bonded,BudgetDoS,m12_heavy_flood_dup60_s20260624,bonded,120123,PRIVPROBE:0,budget_skip,0,False,0,budget_skip
m12_heavy_flood_dup60_s20260624_bonded,BudgetDoS,m12_heavy_flood_dup60_s20260624,bonded,121179,PRIVPROBE:0,duplicate_filter,0,False,0,duplicate_filter
m12_heavy_flood_dup60_s20260624_bonded,BudgetDoS,m12_heavy_flood_dup60_s20260624,bonded,122347,PRIVPROBE:0,duplicate_filter,0,False,0,duplicate_filter
m12_heavy_flood_dup60_s20260624_bonded,BudgetDoS,m12_heavy_flood_dup60_s20260624,bonded,123442,PRIVPROBE:0,duplicate_filter,0,False,0,duplicate_filter
m12_heavy_flood_dup60_s20260624_bonded,BudgetDoS,m12_heavy_flood_dup60_s20260624,bonded,124602,PRIVPROBE:0,duplicate_filter,0,False,0,duplicate_filter
m12_heavy_flood_dup60_s20260624_bonded,BudgetDoS,m12_heavy_flood_dup60_s20260624,bonded,125704,PRIVPROBE:0,duplicate_filter,0,False,0,duplicate_filter
m12_heavy_flood_dup60_s20260624_bonded,BudgetDoS,m12_heavy_flood_dup60_s20260624,bonded,126810,PRIVPROBE:0,duplicate_filter,0,False,0,duplicate_filter
m12_heavy_flood_dup60_s20260624_bonded,BudgetDoS,m12_heavy_flood_dup60_s20260624,bonded,127951,PRIVPROBE:0,duplicate_filter,0,False,0,duplicate_filter
m12_heavy_flood_dup60_s20260624_bonded,BudgetDoS,m12_heavy_flood_dup60_s20260624,bonded,129025,PRIVPROBE:0,duplicate_filter,0,False,0,duplicate_filter
m12_heavy_flood_dup60_s20260624_bonded,BudgetDoS,m12_heavy_flood_dup60_s20260624,bonded,130171,PRIVPROBE:0,duplicate_filter,0,False,0,duplicate_filter
m12_heavy_flood_dup60_s20260624_bonded,BudgetDoS,m12_heavy_flood_dup60_s20260624,bonded,131230,PRIVPROBE:0,duplicate_filter,0,False,0,duplicate_filter
m12_heavy_flood_dup60_s20260624_bonded,BudgetDoS,m12_heavy_flood_dup60_s20260624,bonded,132256,PRIVPROBE:0,duplicate_filter,0,False,0,duplicate_filter
m12_heavy_flood_dup60_s20260624_bonded,BudgetDoS,m12_heavy_flood_dup60_s20260624,bonded,133370,PRIVPROBE:0,budget_skip,0,False,0,budget_skip
m12_heavy_flood_dup60_s20260624_bonded,BudgetDoS,m12_heavy_flood_dup60_s20260624,bonded,134430,PRIVPROBE:0,duplicate_filter,0,False,0,duplicate_filter
m12_heavy_flood_dup60_s20260624_bonded,BudgetDoS,m12_heavy_flood_dup60_s20260624,bonded,135541,PRIVPROBE:0,duplicate_filter,0,False,0,duplicate_filter
m12_heavy_flood_dup60_s20260624_bonded,BudgetDoS,m12_heavy_flood_dup60_s20260624,bonded,136713,PRIVPROBE:0,duplicate_filter,0,False,0,duplicate_filter
m12_heavy_flood_dup60_s20260624_bonded,BudgetDoS,m12_heavy_flood_dup60_s20260624,bonded,137849,PRIVPROBE:0,duplicate_filter,0,False,0,duplicate_filter
m12_heavy_flood_dup60_s20260624_bonded,BudgetDoS,m12_heavy_flood_dup60_s20260624,bonded,138933,PRIVPROBE:0,duplicate_filter,0,False,0,duplicate_filter
m12_heavy_flood_dup60_s20260624_bonded,BudgetDoS,m12_heavy_flood_dup60_s20260624,bonded,140055,PRIVPROBE:0,duplicate_filter,0,False,0,duplicate_filter
m12_heavy_flood_dup60_s20260624_bonded,BudgetDoS,m12_heavy_flood_dup60_s20260624,bonded,141221,PRIVPROBE:0,duplicate_filter,0,False,0,duplicate_filter
m12_heavy_flood_dup60_s20260624_bonded,BudgetDoS,m12_heavy_flood_dup60_s20260624,bonded,142322,PRIVPROBE:0,duplicate_filter,0,False,0,duplicate_filter
m12_heavy_flood_dup60_s20260624_bonded,BudgetDoS,m12_heavy_flood_dup60_s20260624,bonded,143492,PRIVPROBE:0,duplicate_filter,0,False,0,duplicate_filter
m12_heavy_flood_dup60_s20260624_bonded,BudgetDoS,m12_heavy_flood_dup60_s20260624,bonded,144597,PRIVPROBE:0,duplicate_filter,0,False,0,duplicate_filter
m12_heavy_flood_dup60_s20260624_bonded,BudgetDoS,m12_heavy_flood_dup60_s20260624,bonded,145799,PRIVPROBE:0,duplicate_filter,0,False,0,duplicate_filter
m12_heavy_flood_dup60_s20260624_bonded,BudgetDoS,m12_heavy_flood_dup60_s20260624,bonded,146964,PRIVPROBE:0,budget_skip,0,False,0,budget_skip
m12_heavy_flood_dup60_s20260624_bonded,BudgetDoS,m12_heavy_flood_dup60_s20260624,bonded,148087,PRIVPROBE:0,duplicate_filter,0,False,0,duplicate_filter
m12_heavy_flood_dup60_s20260624_bonded,BudgetDoS,m12_heavy_flood_dup60_s20260624,bonded,149192,PRIVPROBE:0,duplicate_filter,0,False,0,duplicate_filter
m12_heavy_flood_dup60_s20260624_bonded,BudgetDoS,m12_heavy_flood_dup60_s20260624,bonded,150286,PRIVPROBE:0,duplicate_filter,0,False,0,duplicate_filter
m12_heavy_flood_dup60_s20260624_bonded,BudgetDoS,m12_heavy_flood_dup60_s20260624,bonded,151435,PRIVPROBE:0,duplicate_filter,0,False,0,duplicate_filter
m12_heavy_flood_dup60_s20260624_bonded,BudgetDoS,m12_heavy_flood_dup60_s20260624,bonded,152508,PRIVPROBE:0,duplicate_filter,0,False,0,duplicate_filter
m12_heavy_flood_dup60_s20260624_bonded,BudgetDoS,m12_heavy_flood_dup60_s20260624,bonded,153668,PRIVPROBE:0,duplicate_filter,0,False,0,duplicate_filter
m12_heavy_flood_dup60_s20260624_bonded,BudgetDoS,m12_heavy_flood_dup60_s20260624,bonded,154729,PRIVPROBE:0,duplicate_filter,0,False,0,duplicate_filter
m12_heavy_flood_dup60_s20260624_bonded,BudgetDoS,m12_heavy_flood_dup60_s20260624,bonded,155809,PRIVPROBE:0,duplicate_filter,0,False,0,duplicate_filter
m12_heavy_flood_dup60_s20260624_bonded,BudgetDoS,m12_heavy_flood_dup60_s20260624,bonded,156843,PRIVPROBE:0,duplicate_filter,0,False,0,duplicate_filter
m12_heavy_flood_dup60_s20260624_bonded,BudgetDoS,m12_heavy_flood_dup60_s20260624,bonded,157985,PRIVPROBE:0,duplicate_filter,0,False,0,duplicate_filter
m12_heavy_flood_dup60_s20260624_bonded,BudgetDoS,m12_heavy_flood_dup60_s20260624,bonded,159102,PRIVPROBE:0,duplicate_filter,0,False,0,duplicate_filter
m12_heavy_flood_dup60_s20260624_bonded,BudgetDoS,m12_heavy_flood_dup60_s20260624,bonded,160173,PRIVPROBE:0,budget_skip,0,False,0,budget_skip
m12_heavy_flood_dup60_s20260624_bonded,BudgetDoS,m12_heavy_flood_dup60_s20260624,bonded,161307,PRIVPROBE:0,duplicate_filter,0,False,0,duplicate_filter
m12_heavy_flood_dup60_s20260624_bonded,BudgetDoS,m12_heavy_flood_dup60_s20260624,bonded,162441,PRIVPROBE:0,duplicate_filter,0,False,0,duplicate_filter
m12_heavy_flood_dup60_s20260624_bonded,BudgetDoS,m12_heavy_flood_dup60_s20260624,bonded,163516,PRIVPROBE:0,duplicate_filter,0,False,0,duplicate_filter
m12_heavy_flood_dup60_s20260624_bonded,BudgetDoS,m12_heavy_flood_dup60_s20260624,bonded,164645,PRIVPROBE:0,duplicate_filter,0,False,0,duplicate_filter
m12_heavy_flood_dup60_s20260624_bonded,BudgetDoS,m12_heavy_flood_dup60_s20260624,bonded,165734,PRIVPROBE:0,duplicate_filter,0,False,0,duplicate_filter
m12_heavy_flood_dup60_s20260624_bonded,BudgetDoS,m12_heavy_flood_dup60_s20260624,bonded,166810,PRIVPROBE:0,duplicate_filter,0,False,0,duplicate_filter
m12_heavy_flood_dup60_s20260624_bonded,BudgetDoS,m12_heavy_flood_dup60_s20260624,bonded,167963,PRIVPROBE:0,duplicate_filter,0,False,0,duplicate_filter
m12_heavy_flood_dup60_s20260624_bonded,BudgetDoS,m12_heavy_flood_dup60_s20260624,bonded,169105,PRIVPROBE:0,duplicate_filter,0,False,0,duplicate_filter
m12_heavy_flood_dup60_s20260624_bonded,BudgetDoS,m12_heavy_flood_dup60_s20260624,bonded,170239,PRIVPROBE:0,duplicate_filter,0,False,0,duplicate_filter
m12_heavy_flood_dup60_s20260624_bonded,BudgetDoS,m12_heavy_flood_dup60_s20260624,bonded,171385,PRIVPROBE:0,duplicate_filter,0,False,0,duplicate_filter
m12_heavy_flood_dup60_s20260624_bonded,BudgetDoS,m12_heavy_flood_dup60_s20260624,bonded,172473,PRIVPROBE:0,duplicate_filter,0,False,0,duplicate_filter
m12_heavy_flood_dup60_s20260624_bonded,BudgetDoS,m12_heavy_flood_dup60_s20260624,bonded,173573,PRIVPROBE:0,budget_skip,0,False,0,budget_skip
m12_heavy_flood_dup60_s20260624_bonded,BudgetDoS,m12_heavy_flood_dup60_s20260624,bonded,174720,PRIVPROBE:0,duplicate_filter,0,False,0,duplicate_filter
m12_heavy_flood_dup60_s20260624_bonded,BudgetDoS,m12_heavy_flood_dup60_s20260624,bonded,175773,PRIVPROBE:0,duplicate_filter,0,False,0,duplicate_filter
m12_heavy_flood_dup60_s20260624_bonded,BudgetDoS,m12_heavy_flood_dup60_s20260624,bonded,176847,PRIVPROBE:0,duplicate_filter,0,False,0,duplicate_filter
m12_heavy_flood_dup60_s20260624_bonded,BudgetDoS,m12_heavy_flood_dup60_s20260624,bonded,177912,PRIVPROBE:0,duplicate_filter,0,False,0,duplicate_filter
m12_heavy_flood_dup60_s20260624_bonded,BudgetDoS,m12_heavy_flood_dup60_s20260624,bonded,179032,PRIVPROBE:0,duplicate_filter,0,False,0,duplicate_filter
m12_heavy_flood_dup60_s20260624_bonded,BudgetDoS,m12_heavy_flood_dup60_s20260624,bonded,180198,PRIVPROBE:0,duplicate_filter,0,False,0,duplicate_filter
m12_heavy_flood_dup60_s20260624_bonded,BudgetDoS,m12_heavy_flood_dup60_s20260624,bonded,181289,PRIVPROBE:0,duplicate_filter,0,False,0,duplicate_filter
m12_heavy_flood_dup60_s20260624_bonded,BudgetDoS,m12_heavy_flood_dup60_s20260624,bonded,182425,PRIVPROBE:0,duplicate_filter,0,False,0,duplicate_filter
m12_heavy_flood_dup60_s20260624_bonded,BudgetDoS,m12_heavy_flood_dup60_s20260624,bonded,183581,PRIVPROBE:0,duplicate_filter,0,False,0,duplicate_filter
m12_heavy_flood_dup60_s20260624_bonded,BudgetDoS,m12_heavy_flood_dup60_s20260624,bonded,184717,PRIVPROBE:0,duplicate_filter,0,False,0,duplicate_filter
m12_heavy_flood_dup60_s20260624_bonded,BudgetDoS,m12_heavy_flood_dup60_s20260624,bonded,185856,PRIVPROBE:0,duplicate_filter,0,False,0,duplicate_filter
m12_heavy_flood_dup60_s20260624_bonded,BudgetDoS,m12_heavy_flood_dup60_s20260624,bonded,186977,PRIVPROBE:0,budget_skip,0,False,0,budget_skip
m12_heavy_flood_dup60_s20260624_bonded,BudgetDoS,m12_heavy_flood_dup60_s20260624,bonded,188043,PRIVPROBE:0,duplicate_filter,0,False,0,duplicate_filter
m12_heavy_flood_dup60_s20260624_bonded,BudgetDoS,m12_heavy_flood_dup60_s20260624,bonded,189170,PRIVPROBE:0,duplicate_filter,0,False,0,duplicate_filter
m12_heavy_flood_dup60_s20260624_bonded,BudgetDoS,m12_heavy_flood_dup60_s20260624,bonded,190278,PRIVPROBE:0,duplicate_filter,0,False,0,duplicate_filter
m12_heavy_flood_dup60_s20260624_bonded,BudgetDoS,m12_heavy_flood_dup60_s20260624,bonded,191390,PRIVPROBE:0,duplicate_filter,0,False,0,duplicate_filter
m12_heavy_flood_dup60_s20260624_bonded,BudgetDoS,m12_heavy_flood_dup60_s20260624,bonded,192518,PRIVPROBE:0,duplicate_filter,0,False,0,duplicate_filter
m12_heavy_flood_dup60_s20260624_bonded,BudgetDoS,m12_heavy_flood_dup60_s20260624,bonded,193639,PRIVPROBE:0,duplicate_filter,0,False,0,duplicate_filter
m12_heavy_flood_dup60_s20260624_bonded,BudgetDoS,m12_heavy_flood_dup60_s20260624,bonded,194790,PRIVPROBE:0,duplicate_filter,0,False,0,duplicate_filter
m12_heavy_flood_dup60_s20260624_bonded,BudgetDoS,m12_heavy_flood_dup60_s20260624,bonded,195931,PRIVPROBE:0,duplicate_filter,0,False,0,duplicate_filter
m12_heavy_flood_dup60_s20260624_bonded,BudgetDoS,m12_heavy_flood_dup60_s20260624,bonded,197081,PRIVPROBE:0,duplicate_filter,0,False,0,duplicate_filter
m12_heavy_flood_dup60_s20260624_bonded,BudgetDoS,m12_heavy_flood_dup60_s20260624,bonded,198288,PRIVPROBE:0,duplicate_filter,0,False,0,duplicate_filter
m12_heavy_flood_dup60_s20260624_bonded,BudgetDoS,m12_heavy_flood_dup60_s20260624,bonded,199430,PRIVPROBE:0,duplicate_filter,0,False,0,duplicate_filter
m12_heavy_flood_dup60_s20260624_bonded,BudgetDoS,m12_heavy_flood_dup60_s20260624,bonded,200593,PRIVPROBE:1,budget_skip,0,False,0,budget_skip
m12_heavy_flood_dup60_s20260624_bonded,BudgetDoS,m12_heavy_flood_dup60_s20260624,bonded,201771,PRIVPROBE:1,duplicate_filter,0,False,0,duplicate_filter
m12_heavy_flood_dup60_s20260624_bonded,BudgetDoS,m12_heavy_flood_dup60_s20260624,bonded,202878,PRIVPROBE:1,duplicate_filter,0,False,0,duplicate_filter
m12_heavy_flood_dup60_s20260624_bonded,BudgetDoS,m12_heavy_flood_dup60_s20260624,bonded,203970,PRIVPROBE:1,duplicate_filter,0,False,0,duplicate_filter
m12_heavy_flood_dup60_s20260624_bonded,BudgetDoS,m12_heavy_flood_dup60_s20260624,bonded,205125,PRIVPROBE:1,duplicate_filter,0,False,0,duplicate_filter
m12_heavy_flood_dup60_s20260624_bonded,BudgetDoS,m12_heavy_flood_dup60_s20260624,bonded,206184,PRIVPROBE:1,duplicate_filter,0,False,0,duplicate_filter
m12_heavy_flood_dup60_s20260624_bonded,BudgetDoS,m12_heavy_flood_dup60_s20260624,bonded,207308,PRIVPROBE:1,duplicate_filter,0,False,0,duplicate_filter
m12_heavy_flood_dup60_s20260624_bonded,BudgetDoS,m12_heavy_flood_dup60_s20260624,bonded,208412,PRIVPROBE:1,duplicate_filter,0,False,0,duplicate_filter
m12_heavy_flood_dup60_s20260624_bonded,BudgetDoS,m12_heavy_flood_dup60_s20260624,bonded,209565,PRIVPROBE:1,duplicate_filter,0,False,0,duplicate_filter
m12_heavy_flood_dup60_s20260624_bonded,BudgetDoS,m12_heavy_flood_dup60_s20260624,bonded,210601,PRIVPROBE:1,duplicate_filter,0,False,0,duplicate_filter
m12_heavy_flood_dup60_s20260624_bonded,BudgetDoS,m12_heavy_flood_dup60_s20260624,bonded,211762,PRIVPROBE:1,duplicate_filter,0,False,0,duplicate_filter
m12_heavy_flood_dup60_s20260624_bonded,BudgetDoS,m12_heavy_flood_dup60_s20260624,bonded,212834,PRIVPROBE:1,duplicate_filter,0,False,0,duplicate_filter
m12_heavy_flood_dup60_s20260624_bonded,BudgetDoS,m12_heavy_flood_dup60_s20260624,bonded,213901,PRIVPROBE:1,budget_skip,0,False,0,budget_skip
m12_heavy_flood_dup60_s20260624_bonded,BudgetDoS,m12_heavy_flood_dup60_s20260624,bonded,215014,PRIVPROBE:1,duplicate_filter,0,False,0,duplicate_filter
m12_heavy_flood_dup60_s20260624_bonded,BudgetDoS,m12_heavy_flood_dup60_s20260624,bonded,216149,PRIVPROBE:1,duplicate_filter,0,False,0,duplicate_filter
m12_heavy_flood_dup60_s20260624_bonded,BudgetDoS,m12_heavy_flood_dup60_s20260624,bonded,217205,PRIVPROBE:1,duplicate_filter,0,False,0,duplicate_filter
m12_heavy_flood_dup60_s20260624_bonded,BudgetDoS,m12_heavy_flood_dup60_s20260624,bonded,218323,PRIVPROBE:1,duplicate_filter,0,False,0,duplicate_filter
m12_heavy_flood_dup60_s20260624_bonded,BudgetDoS,m12_heavy_flood_dup60_s20260624,bonded,219430,PRIVPROBE:1,duplicate_filter,0,False,0,duplicate_filter
m12_heavy_flood_dup60_s20260624_bonded,BudgetDoS,m12_heavy_flood_dup60_s20260624,bonded,220563,PRIVPROBE:1,duplicate_filter,0,False,0,duplicate_filter
m12_heavy_flood_dup60_s20260624_bonded,BudgetDoS,m12_heavy_flood_dup60_s20260624,bonded,221613,PRIVPROBE:1,duplicate_filter,0,False,0,duplicate_filter
m12_heavy_flood_dup60_s20260624_bonded,BudgetDoS,m12_heavy_flood_dup60_s20260624,bonded,222727,PRIVPROBE:1,duplicate_filter,0,False,0,duplicate_filter
m12_heavy_flood_dup60_s20260624_bonded,BudgetDoS,m12_heavy_flood_dup60_s20260624,bonded,223853,PRIVPROBE:1,duplicate_filter,0,False,0,duplicate_filter
m12_heavy_flood_dup60_s20260624_bonded,BudgetDoS,m12_heavy_flood_dup60_s20260624,bonded,224930,PRIVPROBE:1,duplicate_filter,0,False,0,duplicate_filter
m12_heavy_flood_dup60_s20260624_bonded,BudgetDoS,m12_heavy_flood_dup60_s20260624,bonded,226005,PRIVPROBE:1,duplicate_filter,0,False,0,duplicate_filter
m12_heavy_flood_dup60_s20260624_bonded,BudgetDoS,m12_heavy_flood_dup60_s20260624,bonded,227057,PRIVPROBE:1,budget_skip,0,False,0,budget_skip
m12_heavy_flood_dup60_s20260624_bonded,BudgetDoS,m12_heavy_flood_dup60_s20260624,bonded,228149,PRIVPROBE:1,duplicate_filter,0,False,0,duplicate_filter
m12_heavy_flood_dup60_s20260624_bonded,BudgetDoS,m12_heavy_flood_dup60_s20260624,bonded,229264,PRIVPROBE:1,duplicate_filter,0,False,0,duplicate_filter
m12_heavy_flood_dup60_s20260624_bonded,BudgetDoS,m12_heavy_flood_dup60_s20260624,bonded,230396,PRIVPROBE:1,duplicate_filter,0,False,0,duplicate_filter
m12_heavy_flood_dup60_s20260624_bonded,BudgetDoS,m12_heavy_flood_dup60_s20260624,bonded,231511,PRIVPROBE:1,duplicate_filter,0,False,0,duplicate_filter
m12_heavy_flood_dup60_s20260624_bonded,BudgetDoS,m12_heavy_flood_dup60_s20260624,bonded,232621,PRIVPROBE:1,duplicate_filter,0,False,0,duplicate_filter
m12_heavy_flood_dup60_s20260624_bonded,BudgetDoS,m12_heavy_flood_dup60_s20260624,bonded,233606,PRIVPROBE:1,duplicate_filter,0,False,0,duplicate_filter
m12_heavy_flood_dup60_s20260624_bonded,BudgetDoS,m12_heavy_flood_dup60_s20260624,bonded,234725,PRIVPROBE:1,duplicate_filter,0,False,0,duplicate_filter
m12_heavy_flood_dup60_s20260624_bonded,BudgetDoS,m12_heavy_flood_dup60_s20260624,bonded,235841,PRIVPROBE:1,duplicate_filter,0,False,0,duplicate_filter
m12_heavy_flood_dup60_s20260624_bonded,BudgetDoS,m12_heavy_flood_dup60_s20260624,bonded,236914,PRIVPROBE:1,duplicate_filter,0,False,0,duplicate_filter
m12_heavy_flood_dup60_s20260624_bonded,BudgetDoS,m12_heavy_flood_dup60_s20260624,bonded,238074,PRIVPROBE:1,duplicate_filter,0,False,0,duplicate_filter
m12_heavy_flood_dup60_s20260624_bonded,BudgetDoS,m12_heavy_flood_dup60_s20260624,bonded,239235,PRIVPROBE:1,duplicate_filter,0,False,0,duplicate_filter
m12_heavy_flood_dup60_s20260624_bonded,BudgetDoS,m12_heavy_flood_dup60_s20260624,bonded,240330,PRIVPROBE:1,budget_skip,0,False,0,budget_skip
m12_heavy_flood_dup60_s20260624_bonded,BudgetDoS,m12_heavy_flood_dup60_s20260624,bonded,241428,PRIVPROBE:1,duplicate_filter,0,False,0,duplicate_filter
m12_heavy_flood_dup60_s20260624_bonded,BudgetDoS,m12_heavy_flood_dup60_s20260624,bonded,242560,PRIVPROBE:1,duplicate_filter,0,False,0,duplicate_filter
m12_heavy_flood_dup60_s20260624_bonded,BudgetDoS,m12_heavy_flood_dup60_s20260624,bonded,243659,PRIVPROBE:1,duplicate_filter,0,False,0,duplicate_filter
m12_heavy_flood_dup60_s20260624_bonded,BudgetDoS,m12_heavy_flood_dup60_s20260624,bonded,244731,PRIVPROBE:1,duplicate_filter,0,False,0,duplicate_filter
m12_heavy_flood_dup60_s20260624_bonded,BudgetDoS,m12_heavy_flood_dup60_s20260624,bonded,245822,PRIVPROBE:1,duplicate_filter,0,False,0,duplicate_filter
m12_heavy_flood_dup60_s20260624_bonded,BudgetDoS,m12_heavy_flood_dup60_s20260624,bonded,246898,PRIVPROBE:1,duplicate_filter,0,False,0,duplicate_filter
m12_heavy_flood_dup60_s20260624_bonded,BudgetDoS,m12_heavy_flood_dup60_s20260624,bonded,247940,PRIVPROBE:1,duplicate_filter,0,False,0,duplicate_filter
m12_heavy_flood_dup60_s20260624_bonded,BudgetDoS,m12_heavy_flood_dup60_s20260624,bonded,249088,PRIVPROBE:1,duplicate_filter,0,False,0,duplicate_filter
m12_heavy_flood_dup60_s20260624_bonded,BudgetDoS,m12_heavy_flood_dup60_s20260624,bonded,250240,PRIVPROBE:1,duplicate_filter,0,False,0,duplicate_filter
m12_heavy_flood_dup60_s20260624_bonded,BudgetDoS,m12_heavy_flood_dup60_s20260624,bonded,251310,PRIVPROBE:1,duplicate_filter,0,False,0,duplicate_filter
m12_heavy_flood_dup60_s20260624_bonded,BudgetDoS,m12_heavy_flood_dup60_s20260624,bonded,252454,PRIVPROBE:1,duplicate_filter,0,False,0,duplicate_filter
m12_heavy_flood_dup60_s20260624_bonded,BudgetDoS,m12_heavy_flood_dup60_s20260624,bonded,253538,PRIVPROBE:1,budget_skip,0,False,0,budget_skip
m12_heavy_flood_dup60_s20260624_bonded,BudgetDoS,m12_heavy_flood_dup60_s20260624,bonded,254687,PRIVPROBE:1,duplicate_filter,0,False,0,duplicate_filter
m12_heavy_flood_dup60_s20260624_bonded,BudgetDoS,m12_heavy_flood_dup60_s20260624,bonded,255783,PRIVPROBE:1,duplicate_filter,0,False,0,duplicate_filter
m12_heavy_flood_dup60_s20260624_bonded,BudgetDoS,m12_heavy_flood_dup60_s20260624,bonded,256882,PRIVPROBE:1,duplicate_filter,0,False,0,duplicate_filter
m12_heavy_flood_dup60_s20260624_bonded,BudgetDoS,m12_heavy_flood_dup60_s20260624,bonded,257961,PRIVPROBE:1,duplicate_filter,0,False,0,duplicate_filter
m12_heavy_flood_dup60_s20260624_bonded,BudgetDoS,m12_heavy_flood_dup60_s20260624,bonded,259102,PRIVPROBE:1,duplicate_filter,0,False,0,duplicate_filter
m12_heavy_flood_dup60_s20260624_bonded,BudgetDoS,m12_heavy_flood_dup60_s20260624,bonded,260206,PRIVPROBE:1,duplicate_filter,0,False,0,duplicate_filter
m12_heavy_flood_dup60_s20260624_bonded,BudgetDoS,m12_heavy_flood_dup60_s20260624,bonded,261302,PRIVPROBE:1,duplicate_filter,0,False,0,duplicate_filter
m12_heavy_flood_dup60_s20260624_bonded,BudgetDoS,m12_heavy_flood_dup60_s20260624,bonded,262441,PRIVPROBE:1,duplicate_filter,0,False,0,duplicate_filter
m12_heavy_flood_dup60_s20260624_bonded,BudgetDoS,m12_heavy_flood_dup60_s20260624,bonded,263563,PRIVPROBE:1,duplicate_filter,0,False,0,duplicate_filter
m12_heavy_flood_dup60_s20260624_bonded,BudgetDoS,m12_heavy_flood_dup60_s20260624,bonded,264658,PRIVPROBE:1,duplicate_filter,0,False,0,duplicate_filter
m12_heavy_flood_dup60_s20260624_bonded,BudgetDoS,m12_heavy_flood_dup60_s20260624,bonded,265759,PRIVPROBE:1,duplicate_filter,0,False,0,duplicate_filter
m12_heavy_flood_dup60_s20260624_bonded,BudgetDoS,m12_heavy_flood_dup60_s20260624,bonded,266917,PRIVPROBE:1,budget_skip,0,False,0,budget_skip
m12_heavy_flood_dup60_s20260624_bonded,BudgetDoS,m12_heavy_flood_dup60_s20260624,bonded,268018,PRIVPROBE:1,duplicate_filter,0,False,0,duplicate_filter
m12_heavy_flood_dup60_s20260624_bonded,BudgetDoS,m12_heavy_flood_dup60_s20260624,bonded,269093,PRIVPROBE:1,duplicate_filter,0,False,0,duplicate_filter
m12_heavy_flood_dup60_s20260624_bonded,BudgetDoS,m12_heavy_flood_dup60_s20260624,bonded,270237,PRIVPROBE:1,duplicate_filter,0,False,0,duplicate_filter
m12_heavy_flood_dup60_s20260624_bonded,BudgetDoS,m12_heavy_flood_dup60_s20260624,bonded,271398,PRIVPROBE:1,duplicate_filter,0,False,0,duplicate_filter
m12_heavy_flood_dup60_s20260624_bonded,BudgetDoS,m12_heavy_flood_dup60_s20260624,bonded,272529,PRIVPROBE:1,duplicate_filter,0,False,0,duplicate_filter
m12_heavy_flood_dup60_s20260624_bonded,BudgetDoS,m12_heavy_flood_dup60_s20260624,bonded,273670,PRIVPROBE:1,duplicate_filter,0,False,0,duplicate_filter
m12_heavy_flood_dup60_s20260624_bonded,BudgetDoS,m12_heavy_flood_dup60_s20260624,bonded,274796,PRIVPROBE:1,duplicate_filter,0,False,0,duplicate_filter
m12_heavy_flood_dup60_s20260624_bonded,BudgetDoS,m12_heavy_flood_dup60_s20260624,bonded,275914,PRIVPROBE:1,duplicate_filter,0,False,0,duplicate_filter
m12_heavy_flood_dup60_s20260624_bonded,BudgetDoS,m12_heavy_flood_dup60_s20260624,bonded,277060,PRIVPROBE:1,duplicate_filter,0,False,0,duplicate_filter
m12_heavy_flood_dup60_s20260624_bonded,BudgetDoS,m12_heavy_flood_dup60_s20260624,bonded,278221,PRIVPROBE:1,duplicate_filter,0,False,0,duplicate_filter
m12_heavy_flood_dup60_s20260624_bonded,BudgetDoS,m12_heavy_flood_dup60_s20260624,bonded,279320,PRIVPROBE:1,duplicate_filter,0,False,0,duplicate_filter
m12_heavy_flood_dup60_s20260624_bonded,BudgetDoS,m12_heavy_flood_dup60_s20260624,bonded,280476,PRIVPROBE:1,budget_skip,0,False,0,budget_skip
m12_heavy_flood_dup60_s20260624_bonded,BudgetDoS,m12_heavy_flood_dup60_s20260624,bonded,281598,PRIVPROBE:1,duplicate_filter,0,False,0,duplicate_filter
m12_heavy_flood_dup60_s20260624_bonded,BudgetDoS,m12_heavy_flood_dup60_s20260624,bonded,282644,PRIVPROBE:1,duplicate_filter,0,False,0,duplicate_filter
m12_heavy_flood_dup60_s20260624_bonded,BudgetDoS,m12_heavy_flood_dup60_s20260624,bonded,283806,PRIVPROBE:1,duplicate_filter,0,False,0,duplicate_filter
m12_heavy_flood_dup60_s20260624_bonded,BudgetDoS,m12_heavy_flood_dup60_s20260624,bonded,284955,PRIVPROBE:1,duplicate_filter,0,False,0,duplicate_filter
m12_heavy_flood_dup60_s20260624_bonded,BudgetDoS,m12_heavy_flood_dup60_s20260624,bonded,286102,PRIVPROBE:1,duplicate_filter,0,False,0,duplicate_filter
m12_heavy_flood_dup60_s20260624_bonded,BudgetDoS,m12_heavy_flood_dup60_s20260624,bonded,287176,PRIVPROBE:1,duplicate_filter,0,False,0,duplicate_filter
m12_heavy_flood_dup60_s20260624_bonded,BudgetDoS,m12_heavy_flood_dup60_s20260624,bonded,288281,PRIVPROBE:1,duplicate_filter,0,False,0,duplicate_filter
m12_heavy_flood_dup60_s20260624_bonded,BudgetDoS,m12_heavy_flood_dup60_s20260624,bonded,289373,PRIVPROBE:1,duplicate_filter,0,False,0,duplicate_filter
m12_heavy_flood_dup60_s20260624_bonded,BudgetDoS,m12_heavy_flood_dup60_s20260624,bonded,290465,PRIVPROBE:1,duplicate_filter,0,False,0,duplicate_filter
m12_heavy_flood_dup60_s20260624_bonded,BudgetDoS,m12_heavy_flood_dup60_s20260624,bonded,291574,PRIVPROBE:1,duplicate_filter,0,False,0,duplicate_filter
m12_heavy_flood_dup60_s20260624_bonded,BudgetDoS,m12_heavy_flood_dup60_s20260624,bonded,292732,PRIVPROBE:1,duplicate_filter,0,False,0,duplicate_filter
m12_heavy_flood_dup60_s20260624_bonded,BudgetDoS,m12_heavy_flood_dup60_s20260624,bonded,293873,PRIVPROBE:1,budget_skip,0,False,0,budget_skip
m12_heavy_flood_dup60_s20260624_bonded,BudgetDoS,m12_heavy_flood_dup60_s20260624,bonded,294995,PRIVPROBE:1,duplicate_filter,0,False,0,duplicate_filter
m12_heavy_flood_dup60_s20260624_bonded,BudgetDoS,m12_heavy_flood_dup60_s20260624,bonded,296102,PRIVPROBE:1,duplicate_filter,0,False,0,duplicate_filter
m12_heavy_flood_dup60_s20260624_bonded,BudgetDoS,m12_heavy_flood_dup60_s20260624,bonded,297170,PRIVPROBE:1,duplicate_filter,0,False,0,duplicate_filter
m12_heavy_flood_dup60_s20260624_bonded,BudgetDoS,m12_heavy_flood_dup60_s20260624,bonded,298310,PRIVPROBE:1,duplicate_filter,0,False,0,duplicate_filter
m12_heavy_flood_dup60_s20260624_bonded,BudgetDoS,m12_heavy_flood_dup60_s20260624,bonded,299466,PRIVPROBE:1,duplicate_filter,0,False,0,duplicate_filter
m12_heavy_flood_dup60_s20260624_bonded,BudgetDoS,m12_heavy_flood_dup60_s20260624,bonded,300592,PRIVPROBE:1,duplicate_filter,0,False,0,duplicate_filter
m12_heavy_flood_dup60_s20260624_bonded,BudgetDoS,m12_heavy_flood_dup60_s20260624,bonded,301641,PRIVPROBE:1,duplicate_filter,0,False,0,duplicate_filter
m12_heavy_flood_dup60_s20260624_bonded,BudgetDoS,m12_heavy_flood_dup60_s20260624,bonded,302821,PRIVPROBE:1,duplicate_filter,0,False,0,duplicate_filter
m12_heavy_flood_dup60_s20260624_bonded,BudgetDoS,m12_heavy_flood_dup60_s20260624,bonded,303912,PRIVPROBE:1,duplicate_filter,0,False,0,duplicate_filter
m12_heavy_flood_dup60_s20260624_bonded,BudgetDoS,m12_heavy_flood_dup60_s20260624,bonded,305051,PRIVPROBE:1,duplicate_filter,0,False,0,duplicate_filter
m12_heavy_flood_dup60_s20260624_bonded,BudgetDoS,m12_heavy_flood_dup60_s20260624,bonded,306187,PRIVPROBE:1,duplicate_filter,0,False,0,duplicate_filter
m12_heavy_flood_dup60_s20260624_bonded,BudgetDoS,m12_heavy_flood_dup60_s20260624,bonded,307299,PRIVPROBE:1,budget_skip,0,False,0,budget_skip
m12_heavy_flood_dup60_s20260624_bonded,BudgetDoS,m12_heavy_flood_dup60_s20260624,bonded,308426,PRIVPROBE:1,duplicate_filter,0,False,0,duplicate_filter
m12_heavy_flood_dup60_s20260624_bonded,BudgetDoS,m12_heavy_flood_dup60_s20260624,bonded,309502,PRIVPROBE:1,duplicate_filter,0,False,0,duplicate_filter
m12_heavy_flood_dup60_s20260624_bonded,BudgetDoS,m12_heavy_flood_dup60_s20260624,bonded,310640,PRIVPROBE:1,duplicate_filter,0,False,0,duplicate_filter
m12_heavy_flood_dup60_s20260624_bonded,BudgetDoS,m12_heavy_flood_dup60_s20260624,bonded,311674,PRIVPROBE:1,duplicate_filter,0,False,0,duplicate_filter
m12_heavy_flood_dup60_s20260624_bonded,BudgetDoS,m12_heavy_flood_dup60_s20260624,bonded,312721,PRIVPROBE:1,duplicate_filter,0,False,0,duplicate_filter
m12_heavy_flood_dup60_s20260624_bonded,BudgetDoS,m12_heavy_flood_dup60_s20260624,bonded,313793,PRIVPROBE:1,duplicate_filter,0,False,0,duplicate_filter
m12_heavy_flood_dup60_s20260624_bonded,BudgetDoS,m12_heavy_flood_dup60_s20260624,bonded,314857,PRIVPROBE:1,duplicate_filter,0,False,0,duplicate_filter
m12_heavy_flood_dup60_s20260624_bonded,BudgetDoS,m12_heavy_flood_dup60_s20260624,bonded,315972,PRIVPROBE:1,duplicate_filter,0,False,0,duplicate_filter
m12_heavy_flood_dup60_s20260624_bonded,BudgetDoS,m12_heavy_flood_dup60_s20260624,bonded,317132,PRIVPROBE:1,duplicate_filter,0,False,0,duplicate_filter
m12_heavy_flood_dup60_s20260624_bonded,BudgetDoS,m12_heavy_flood_dup60_s20260624,bonded,318211,PRIVPROBE:1,duplicate_filter,0,False,0,duplicate_filter
m12_heavy_flood_dup60_s20260624_bonded,BudgetDoS,m12_heavy_flood_dup60_s20260624,bonded,319366,PRIVPROBE:1,duplicate_filter,0,False,0,duplicate_filter
m12_heavy_flood_dup60_s20260624_bonded,BudgetDoS,m12_heavy_flood_dup60_s20260624,bonded,320493,PRIVPROBE:1,budget_skip,0,False,0,budget_skip
m12_heavy_flood_dup60_s20260624_bonded,BudgetDoS,m12_heavy_flood_dup60_s20260624,bonded,321563,PRIVPROBE:1,duplicate_filter,0,False,0,duplicate_filter
m12_heavy_flood_dup60_s20260624_bonded,BudgetDoS,m12_heavy_flood_dup60_s20260624,bonded,322762,PRIVPROBE:1,duplicate_filter,0,False,0,duplicate_filter
m12_heavy_flood_dup60_s20260624_bonded,BudgetDoS,m12_heavy_flood_dup60_s20260624,bonded,323901,PRIVPROBE:1,duplicate_filter,0,False,0,duplicate_filter
m12_heavy_flood_dup60_s20260624_bonded,BudgetDoS,m12_heavy_flood_dup60_s20260624,bonded,325024,PRIVPROBE:1,duplicate_filter,0,False,0,duplicate_filter
m12_heavy_flood_dup60_s20260624_bonded,BudgetDoS,m12_heavy_flood_dup60_s20260624,bonded,326172,PRIVPROBE:1,duplicate_filter,0,False,0,duplicate_filter
m12_heavy_flood_dup60_s20260624_bonded,BudgetDoS,m12_heavy_flood_dup60_s20260624,bonded,327273,PRIVPROBE:1,duplicate_filter,0,False,0,duplicate_filter
m12_heavy_flood_dup60_s20260624_bonded,BudgetDoS,m12_heavy_flood_dup60_s20260624,bonded,328361,PRIVPROBE:1,duplicate_filter,0,False,0,duplicate_filter
m12_heavy_flood_dup60_s20260624_bonded,BudgetDoS,m12_heavy_flood_dup60_s20260624,bonded,329476,PRIVPROBE:1,duplicate_filter,0,False,0,duplicate_filter
m12_heavy_flood_dup60_s20260624_bonded,BudgetDoS,m12_heavy_flood_dup60_s20260624,bonded,330616,PRIVPROBE:1,duplicate_filter,0,False,0,duplicate_filter
m12_heavy_flood_dup60_s20260624_bonded,BudgetDoS,m12_heavy_flood_dup60_s20260624,bonded,331736,PRIVPROBE:1,duplicate_filter,0,False,0,duplicate_filter
m12_heavy_flood_dup60_s20260624_bonded,BudgetDoS,m12_heavy_flood_dup60_s20260624,bonded,332857,PRIVPROBE:1,duplicate_filter,0,False,0,duplicate_filter
m12_heavy_flood_dup60_s20260624_bonded,BudgetDoS,m12_heavy_flood_dup60_s20260624,bonded,333978,PRIVPROBE:1,budget_skip,0,False,0,budget_skip
m12_heavy_flood_dup60_s20260624_bonded,BudgetDoS,m12_heavy_flood_dup60_s20260624,bonded,335143,PRIVPROBE:1,duplicate_filter,0,False,0,duplicate_filter
m12_heavy_flood_dup60_s20260624_bonded,BudgetDoS,m12_heavy_flood_dup60_s20260624,bonded,336236,PRIVPROBE:1,duplicate_filter,0,False,0,duplicate_filter
m12_heavy_flood_dup60_s20260624_bonded,BudgetDoS,m12_heavy_flood_dup60_s20260624,bonded,337336,PRIVPROBE:1,duplicate_filter,0,False,0,duplicate_filter
m12_heavy_flood_dup60_s20260624_bonded,BudgetDoS,m12_heavy_flood_dup60_s20260624,bonded,338401,PRIVPROBE:1,duplicate_filter,0,False,0,duplicate_filter
m12_heavy_flood_dup60_s20260624_bonded,BudgetDoS,m12_heavy_flood_dup60_s20260624,bonded,339599,PRIVPROBE:1,duplicate_filter,0,False,0,duplicate_filter
m12_heavy_flood_dup60_s20260624_bonded,BudgetDoS,m12_heavy_flood_dup60_s20260624,bonded,340733,PRIVPROBE:1,duplicate_filter,0,False,0,duplicate_filter
m12_heavy_flood_dup60_s20260624_bonded,BudgetDoS,m12_heavy_flood_dup60_s20260624,bonded,341872,PRIVPROBE:1,duplicate_filter,0,False,0,duplicate_filter
m12_heavy_flood_dup60_s20260624_bonded,BudgetDoS,m12_heavy_flood_dup60_s20260624,bonded,343006,PRIVPROBE:1,duplicate_filter,0,False,0,duplicate_filter
m12_heavy_flood_dup60_s20260624_bonded,BudgetDoS,m12_heavy_flood_dup60_s20260624,bonded,344126,PRIVPROBE:1,duplicate_filter,0,False,0,duplicate_filter
m12_heavy_flood_dup60_s20260624_bonded,BudgetDoS,m12_heavy_flood_dup60_s20260624,bonded,345152,PRIVPROBE:1,duplicate_filter,0,False,0,duplicate_filter
m12_heavy_flood_dup60_s20260624_bonded,BudgetDoS,m12_heavy_flood_dup60_s20260624,bonded,346302,PRIVPROBE:1,duplicate_filter,0,False,0,duplicate_filter
m12_heavy_flood_dup60_s20260624_bonded,BudgetDoS,m12_heavy_flood_dup60_s20260624,bonded,347438,PRIVPROBE:1,budget_skip,0,False,0,budget_skip
m12_heavy_flood_dup60_s20260624_bonded,BudgetDoS,m12_heavy_flood_dup60_s20260624,bonded,348589,PRIVPROBE:1,duplicate_filter,0,False,0,duplicate_filter
m12_heavy_flood_dup60_s20260624_bonded,BudgetDoS,m12_heavy_flood_dup60_s20260624,bonded,349713,PRIVPROBE:1,duplicate_filter,0,False,0,duplicate_filter
m12_heavy_flood_dup60_s20260624_bonded,BudgetDoS,m12_heavy_flood_dup60_s20260624,bonded,350871,PRIVPROBE:1,duplicate_filter,0,False,0,duplicate_filter
m12_heavy_flood_dup60_s20260624_bonded,BudgetDoS,m12_heavy_flood_dup60_s20260624,bonded,352067,PRIVPROBE:1,duplicate_filter,0,False,0,duplicate_filter
m12_heavy_flood_dup60_s20260624_bonded,BudgetDoS,m12_heavy_flood_dup60_s20260624,bonded,353185,PRIVPROBE:1,duplicate_filter,0,False,0,duplicate_filter
m12_heavy_flood_dup60_s20260624_bonded,BudgetDoS,m12_heavy_flood_dup60_s20260624,bonded,354287,PRIVPROBE:1,duplicate_filter,0,False,0,duplicate_filter
m12_heavy_flood_dup60_s20260624_bonded,BudgetDoS,m12_heavy_flood_dup60_s20260624,bonded,355449,PRIVPROBE:1,duplicate_filter,0,False,0,duplicate_filter
m12_heavy_flood_dup60_s20260624_bonded,BudgetDoS,m12_heavy_flood_dup60_s20260624,bonded,356513,PRIVPROBE:1,duplicate_filter,0,False,0,duplicate_filter
m12_heavy_flood_dup60_s20260624_bonded,BudgetDoS,m12_heavy_flood_dup60_s20260624,bonded,357643,PRIVPROBE:1,duplicate_filter,0,False,0,duplicate_filter
m12_heavy_flood_dup60_s20260624_bonded,BudgetDoS,m12_heavy_flood_dup60_s20260624,bonded,358756,PRIVPROBE:1,duplicate_filter,0,False,0,duplicate_filter
m12_heavy_flood_dup60_s20260624_bonded,BudgetDoS,m12_heavy_flood_dup60_s20260624,bonded,359863,PRIVPROBE:1,duplicate_filter,0,False,0,duplicate_filter
m12_heavy_flood_dup60_s20260624_bonded,BudgetDoS,m12_heavy_flood_dup60_s20260624,bonded,361039,PRIVPROBE:1,budget_skip,0,False,0,budget_skip
m12_heavy_flood_dup60_s20260624_bonded,BudgetDoS,m12_heavy_flood_dup60_s20260624,bonded,362180,PRIVPROBE:1,duplicate_filter,0,False,0,duplicate_filter
m12_heavy_flood_dup60_s20260624_bonded,BudgetDoS,m12_heavy_flood_dup60_s20260624,bonded,363307,PRIVPROBE:1,duplicate_filter,0,False,0,duplicate_filter
m12_heavy_flood_dup60_s20260624_bonded,BudgetDoS,m12_heavy_flood_dup60_s20260624,bonded,364360,PRIVPROBE:1,duplicate_filter,0,False,0,duplicate_filter
m12_heavy_flood_dup60_s20260624_bonded,BudgetDoS,m12_heavy_flood_dup60_s20260624,bonded,365483,PRIVPROBE:1,duplicate_filter,0,False,0,duplicate_filter
m12_heavy_flood_dup60_s20260624_bonded,BudgetDoS,m12_heavy_flood_dup60_s20260624,bonded,366656,PRIVPROBE:1,duplicate_filter,0,False,0,duplicate_filter
m12_heavy_flood_dup60_s20260624_bonded,BudgetDoS,m12_heavy_flood_dup60_s20260624,bonded,367739,PRIVPROBE:1,duplicate_filter,0,False,0,duplicate_filter
m12_heavy_flood_dup60_s20260624_bonded,BudgetDoS,m12_heavy_flood_dup60_s20260624,bonded,368890,PRIVPROBE:1,duplicate_filter,0,False,0,duplicate_filter
m12_heavy_flood_dup60_s20260624_bonded,BudgetDoS,m12_heavy_flood_dup60_s20260624,bonded,369924,PRIVPROBE:1,duplicate_filter,0,False,0,duplicate_filter
m12_heavy_flood_dup60_s20260624_bonded,BudgetDoS,m12_heavy_flood_dup60_s20260624,bonded,371004,PRIVPROBE:1,duplicate_filter,0,False,0,duplicate_filter
m12_heavy_flood_dup60_s20260624_bonded,BudgetDoS,m12_heavy_flood_dup60_s20260624,bonded,372110,PRIVPROBE:1,duplicate_filter,0,False,0,duplicate_filter
m12_heavy_flood_dup60_s20260624_bonded,BudgetDoS,m12_heavy_flood_dup60_s20260624,bonded,373264,PRIVPROBE:1,duplicate_filter,0,False,0,duplicate_filter
m12_heavy_flood_dup60_s20260624_bonded,BudgetDoS,m12_heavy_flood_dup60_s20260624,bonded,374406,PRIVPROBE:1,budget_skip,0,False,0,budget_skip
m12_heavy_flood_dup60_s20260624_bonded,BudgetDoS,m12_heavy_flood_dup60_s20260624,bonded,375475,PRIVPROBE:1,duplicate_filter,0,False,0,duplicate_filter
m12_heavy_flood_dup60_s20260624_bonded,BudgetDoS,m12_heavy_flood_dup60_s20260624,bonded,376565,PRIVPROBE:1,duplicate_filter,0,False,0,duplicate_filter
m12_heavy_flood_dup60_s20260624_bonded,BudgetDoS,m12_heavy_flood_dup60_s20260624,bonded,377713,PRIVPROBE:1,duplicate_filter,0,False,0,duplicate_filter
m12_heavy_flood_dup60_s20260624_bonded,BudgetDoS,m12_heavy_flood_dup60_s20260624,bonded,378799,PRIVPROBE:1,duplicate_filter,0,False,0,duplicate_filter
m12_heavy_flood_dup60_s20260624_bonded,BudgetDoS,m12_heavy_flood_dup60_s20260624,bonded,379924,PRIVPROBE:1,duplicate_filter,0,False,0,duplicate_filter
m12_heavy_flood_dup60_s20260624_bonded,BudgetDoS,m12_heavy_flood_dup60_s20260624,bonded,381008,PRIVPROBE:1,duplicate_filter,0,False,0,duplicate_filter
m12_heavy_flood_dup60_s20260624_bonded,BudgetDoS,m12_heavy_flood_dup60_s20260624,bonded,382124,PRIVPROBE:1,duplicate_filter,0,False,0,duplicate_filter
m12_heavy_flood_dup60_s20260624_bonded,BudgetDoS,m12_heavy_flood_dup60_s20260624,bonded,383191,PRIVPROBE:1,duplicate_filter,0,False,0,duplicate_filter
m12_heavy_flood_dup60_s20260624_bonded,BudgetDoS,m12_heavy_flood_dup60_s20260624,bonded,384266,PRIVPROBE:1,duplicate_filter,0,False,0,duplicate_filter
m12_heavy_flood_dup60_s20260624_bonded,BudgetDoS,m12_heavy_flood_dup60_s20260624,bonded,385330,PRIVPROBE:1,duplicate_filter,0,False,0,duplicate_filter
m12_heavy_flood_dup60_s20260624_bonded,BudgetDoS,m12_heavy_flood_dup60_s20260624,bonded,386454,PRIVPROBE:1,duplicate_filter,0,False,0,duplicate_filter
m12_heavy_flood_dup60_s20260624_bonded,BudgetDoS,m12_heavy_flood_dup60_s20260624,bonded,387531,PRIVPROBE:1,budget_skip,0,False,0,budget_skip
m12_heavy_flood_dup60_s20260624_bonded,BudgetDoS,m12_heavy_flood_dup60_s20260624,bonded,388643,PRIVPROBE:1,duplicate_filter,0,False,0,duplicate_filter
m12_heavy_flood_dup60_s20260624_bonded,BudgetDoS,m12_heavy_flood_dup60_s20260624,bonded,389771,PRIVPROBE:1,duplicate_filter,0,False,0,duplicate_filter
m12_heavy_flood_dup60_s20260624_bonded,BudgetDoS,m12_heavy_flood_dup60_s20260624,bonded,390908,PRIVPROBE:1,duplicate_filter,0,False,0,duplicate_filter
m12_heavy_flood_dup60_s20260624_bonded,BudgetDoS,m12_heavy_flood_dup60_s20260624,bonded,391979,PRIVPROBE:1,duplicate_filter,0,False,0,duplicate_filter
m12_heavy_flood_dup60_s20260624_bonded,BudgetDoS,m12_heavy_flood_dup60_s20260624,bonded,393149,PRIVPROBE:1,duplicate_filter,0,False,0,duplicate_filter
m12_heavy_flood_dup60_s20260624_bonded,BudgetDoS,m12_heavy_flood_dup60_s20260624,bonded,394283,PRIVPROBE:1,duplicate_filter,0,False,0,duplicate_filter
m12_heavy_flood_dup60_s20260624_bonded,BudgetDoS,m12_heavy_flood_dup60_s20260624,bonded,395377,PRIVPROBE:1,duplicate_filter,0,False,0,duplicate_filter
m12_heavy_flood_dup60_s20260624_bonded,BudgetDoS,m12_heavy_flood_dup60_s20260624,bonded,396478,PRIVPROBE:1,duplicate_filter,0,False,0,duplicate_filter
m12_heavy_flood_dup60_s20260624_bonded,BudgetDoS,m12_heavy_flood_dup60_s20260624,bonded,397609,PRIVPROBE:1,duplicate_filter,0,False,0,duplicate_filter
m12_heavy_flood_dup60_s20260624_bonded,BudgetDoS,m12_heavy_flood_dup60_s20260624,bonded,398718,PRIVPROBE:1,duplicate_filter,0,False,0,duplicate_filter
m12_heavy_flood_dup60_s20260624_bonded,BudgetDoS,m12_heavy_flood_dup60_s20260624,bonded,399822,PRIVPROBE:1,duplicate_filter,0,False,0,duplicate_filter
