run_id,method,paired_trace_id,identity_label_for_scoring,event_id,rpa_value,action,aes_attempts,deferred,delay_ms,admission_path
m12_heavy_flood_dup60_s20260624_nonbonded,P3-Persist,m12_heavy_flood_dup60_s20260624,nonbonded,66696,PRIVPROBE:0,host_scan,504,False,0,reserve
m12_heavy_flood_dup60_s20260624_nonbonded,P3-Persist,m12_heavy_flood_dup60_s20260624,nonbonded,67801,PRIVPROBE:0,duplicate_filter,0,False,0,duplicate_filter
m12_heavy_flood_dup60_s20260624_nonbonded,P3-Persist,m12_heavy_flood_dup60_s20260624,nonbonded,68853,PRIVPROBE:0,duplicate_filter,0,False,0,duplicate_filter
m12_heavy_flood_dup60_s20260624_nonbonded,P3-Persist,m12_heavy_flood_dup60_s20260624,nonbonded,69993,PRIVPROBE:0,duplicate_filter,0,False,0,duplicate_filter
m12_heavy_flood_dup60_s20260624_nonbonded,P3-Persist,m12_heavy_flood_dup60_s20260624,nonbonded,71063,PRIVPROBE:0,duplicate_filter,0,False,0,duplicate_filter
m12_heavy_flood_dup60_s20260624_nonbonded,P3-Persist,m12_heavy_flood_dup60_s20260624,nonbonded,72179,PRIVPROBE:0,duplicate_filter,0,False,0,duplicate_filter
m12_heavy_flood_dup60_s20260624_nonbonded,P3-Persist,m12_heavy_flood_dup60_s20260624,nonbonded,73243,PRIVPROBE:0,duplicate_filter,0,False,0,duplicate_filter
m12_heavy_flood_dup60_s20260624_nonbonded,P3-Persist,m12_heavy_flood_dup60_s20260624,nonbonded,74350,PRIVPROBE:0,duplicate_filter,0,False,0,duplicate_filter
m12_heavy_flood_dup60_s20260624_nonbonded,P3-Persist,m12_heavy_flood_dup60_s20260624,nonbonded,75431,PRIVPROBE:0,duplicate_filter,0,False,0,duplicate_filter
m12_heavy_flood_dup60_s20260624_nonbonded,P3-Persist,m12_heavy_flood_dup60_s20260624,nonbonded,76574,PRIVPROBE:0,duplicate_filter,0,False,0,duplicate_filter
m12_heavy_flood_dup60_s20260624_nonbonded,P3-Persist,m12_heavy_flood_dup60_s20260624,nonbonded,77718,PRIVPROBE:0,duplicate_filter,0,False,0,duplicate_filter
m12_heavy_flood_dup60_s20260624_nonbonded,P3-Persist,m12_heavy_flood_dup60_s20260624,nonbonded,78873,PRIVPROBE:0,duplicate_filter,0,False,0,duplicate_filter
m12_heavy_flood_dup60_s20260624_nonbonded,P3-Persist,m12_heavy_flood_dup60_s20260624,nonbonded,79977,PRIVPROBE:0,host_scan,504,False,0,reserve
m12_heavy_flood_dup60_s20260624_nonbonded,P3-Persist,m12_heavy_flood_dup60_s20260624,nonbonded,81091,PRIVPROBE:0,duplicate_filter,0,False,0,duplicate_filter
m12_heavy_flood_dup60_s20260624_nonbonded,P3-Persist,m12_heavy_flood_dup60_s20260624,nonbonded,82242,PRIVPROBE:0,duplicate_filter,0,False,0,duplicate_filter
m12_heavy_flood_dup60_s20260624_nonbonded,P3-Persist,m12_heavy_flood_dup60_s20260624,nonbonded,83326,PRIVPROBE:0,duplicate_filter,0,False,0,duplicate_filter
m12_heavy_flood_dup60_s20260624_nonbonded,P3-Persist,m12_heavy_flood_dup60_s20260624,nonbonded,84489,PRIVPROBE:0,duplicate_filter,0,False,0,duplicate_filter
m12_heavy_flood_dup60_s20260624_nonbonded,P3-Persist,m12_heavy_flood_dup60_s20260624,nonbonded,85544,PRIVPROBE:0,duplicate_filter,0,False,0,duplicate_filter
m12_heavy_flood_dup60_s20260624_nonbonded,P3-Persist,m12_heavy_flood_dup60_s20260624,nonbonded,86708,PRIVPROBE:0,duplicate_filter,0,False,0,duplicate_filter
m12_heavy_flood_dup60_s20260624_nonbonded,P3-Persist,m12_heavy_flood_dup60_s20260624,nonbonded,87786,PRIVPROBE:0,duplicate_filter,0,False,0,duplicate_filter
m12_heavy_flood_dup60_s20260624_nonbonded,P3-Persist,m12_heavy_flood_dup60_s20260624,nonbonded,88910,PRIVPROBE:0,duplicate_filter,0,False,0,duplicate_filter
m12_heavy_flood_dup60_s20260624_nonbonded,P3-Persist,m12_heavy_flood_dup60_s20260624,nonbonded,90051,PRIVPROBE:0,duplicate_filter,0,False,0,duplicate_filter
m12_heavy_flood_dup60_s20260624_nonbonded,P3-Persist,m12_heavy_flood_dup60_s20260624,nonbonded,91181,PRIVPROBE:0,duplicate_filter,0,False,0,duplicate_filter
m12_heavy_flood_dup60_s20260624_nonbonded,P3-Persist,m12_heavy_flood_dup60_s20260624,nonbonded,92266,PRIVPROBE:0,duplicate_filter,0,False,0,duplicate_filter
m12_heavy_flood_dup60_s20260624_nonbonded,P3-Persist,m12_heavy_flood_dup60_s20260624,nonbonded,93316,PRIVPROBE:0,host_scan,504,False,0,reserve
m12_heavy_flood_dup60_s20260624_nonbonded,P3-Persist,m12_heavy_flood_dup60_s20260624,nonbonded,94429,PRIVPROBE:0,duplicate_filter,0,False,0,duplicate_filter
m12_heavy_flood_dup60_s20260624_nonbonded,P3-Persist,m12_heavy_flood_dup60_s20260624,nonbonded,95527,PRIVPROBE:0,duplicate_filter,0,False,0,duplicate_filter
m12_heavy_flood_dup60_s20260624_nonbonded,P3-Persist,m12_heavy_flood_dup60_s20260624,nonbonded,96579,PRIVPROBE:0,duplicate_filter,0,False,0,duplicate_filter
m12_heavy_flood_dup60_s20260624_nonbonded,P3-Persist,m12_heavy_flood_dup60_s20260624,nonbonded,97671,PRIVPROBE:0,duplicate_filter,0,False,0,duplicate_filter
m12_heavy_flood_dup60_s20260624_nonbonded,P3-Persist,m12_heavy_flood_dup60_s20260624,nonbonded,98837,PRIVPROBE:0,duplicate_filter,0,False,0,duplicate_filter
m12_heavy_flood_dup60_s20260624_nonbonded,P3-Persist,m12_heavy_flood_dup60_s20260624,nonbonded,99865,PRIVPROBE:0,duplicate_filter,0,False,0,duplicate_filter
m12_heavy_flood_dup60_s20260624_nonbonded,P3-Persist,m12_heavy_flood_dup60_s20260624,nonbonded,100907,PRIVPROBE:0,duplicate_filter,0,False,0,duplicate_filter
m12_heavy_flood_dup60_s20260624_nonbonded,P3-Persist,m12_heavy_flood_dup60_s20260624,nonbonded,101963,PRIVPROBE:0,duplicate_filter,0,False,0,duplicate_filter
m12_heavy_flood_dup60_s20260624_nonbonded,P3-Persist,m12_heavy_flood_dup60_s20260624,nonbonded,103083,PRIVPROBE:0,duplicate_filter,0,False,0,duplicate_filter
m12_heavy_flood_dup60_s20260624_nonbonded,P3-Persist,m12_heavy_flood_dup60_s20260624,nonbonded,104205,PRIVPROBE:0,duplicate_filter,0,False,0,duplicate_filter
m12_heavy_flood_dup60_s20260624_nonbonded,P3-Persist,m12_heavy_flood_dup60_s20260624,nonbonded,105339,PRIVPROBE:0,duplicate_filter,0,False,0,duplicate_filter
m12_heavy_flood_dup60_s20260624_nonbonded,P3-Persist,m12_heavy_flood_dup60_s20260624,nonbonded,106447,PRIVPROBE:0,host_scan,504,False,0,reserve
m12_heavy_flood_dup60_s20260624_nonbonded,P3-Persist,m12_heavy_flood_dup60_s20260624,nonbonded,107504,PRIVPROBE:0,duplicate_filter,0,False,0,duplicate_filter
m12_heavy_flood_dup60_s20260624_nonbonded,P3-Persist,m12_heavy_flood_dup60_s20260624,nonbonded,108665,PRIVPROBE:0,duplicate_filter,0,False,0,duplicate_filter
m12_heavy_flood_dup60_s20260624_nonbonded,P3-Persist,m12_heavy_flood_dup60_s20260624,nonbonded,109818,PRIVPROBE:0,duplicate_filter,0,False,0,duplicate_filter
m12_heavy_flood_dup60_s20260624_nonbonded,P3-Persist,m12_heavy_flood_dup60_s20260624,nonbonded,110995,PRIVPROBE:0,duplicate_filter,0,False,0,duplicate_filter
m12_heavy_flood_dup60_s20260624_nonbonded,P3-Persist,m12_heavy_flood_dup60_s20260624,nonbonded,112195,PRIVPROBE:0,duplicate_filter,0,False,0,duplicate_filter
m12_heavy_flood_dup60_s20260624_nonbonded,P3-Persist,m12_heavy_flood_dup60_s20260624,nonbonded,113347,PRIVPROBE:0,duplicate_filter,0,False,0,duplicate_filter
m12_heavy_flood_dup60_s20260624_nonbonded,P3-Persist,m12_heavy_flood_dup60_s20260624,nonbonded,114459,PRIVPROBE:0,duplicate_filter,0,False,0,duplicate_filter
m12_heavy_flood_dup60_s20260624_nonbonded,P3-Persist,m12_heavy_flood_dup60_s20260624,nonbonded,115572,PRIVPROBE:0,duplicate_filter,0,False,0,duplicate_filter
m12_heavy_flood_dup60_s20260624_nonbonded,P3-Persist,m12_heavy_flood_dup60_s20260624,nonbonded,116698,PRIVPROBE:0,duplicate_filter,0,False,0,duplicate_filter
m12_heavy_flood_dup60_s20260624_nonbonded,P3-Persist,m12_heavy_flood_dup60_s20260624,nonbonded,117848,PRIVPROBE:0,duplicate_filter,0,False,0,duplicate_filter
m12_heavy_flood_dup60_s20260624_nonbonded,P3-Persist,m12_heavy_flood_dup60_s20260624,nonbonded,119030,PRIVPROBE:0,duplicate_filter,0,False,0,duplicate_filter
m12_heavy_flood_dup60_s20260624_nonbonded,P3-Persist,m12_heavy_flood_dup60_s20260624,nonbonded,120123,PRIVPROBE:0,host_scan,504,False,0,reserve
m12_heavy_flood_dup60_s20260624_nonbonded,P3-Persist,m12_heavy_flood_dup60_s20260624,nonbonded,121179,PRIVPROBE:0,duplicate_filter,0,False,0,duplicate_filter
m12_heavy_flood_dup60_s20260624_nonbonded,P3-Persist,m12_heavy_flood_dup60_s20260624,nonbonded,122347,PRIVPROBE:0,duplicate_filter,0,False,0,duplicate_filter
m12_heavy_flood_dup60_s20260624_nonbonded,P3-Persist,m12_heavy_flood_dup60_s20260624,nonbonded,123442,PRIVPROBE:0,duplicate_filter,0,False,0,duplicate_filter
m12_heavy_flood_dup60_s20260624_nonbonded,P3-Persist,m12_heavy_flood_dup60_s20260624,nonbonded,124602,PRIVPROBE:0,duplicate_filter,0,False,0,duplicate_filter
m12_heavy_flood_dup60_s20260624_nonbonded,P3-Persist,m12_heavy_flood_dup60_s20260624,nonbonded,125704,PRIVPROBE:0,duplicate_filter,0,False,0,duplicate_filter
m12_heavy_flood_dup60_s20260624_nonbonded,P3-Persist,m12_heavy_flood_dup60_s20260624,nonbonded,126810,PRIVPROBE:0,duplicate_filter,0,False,0,duplicate_filter
m12_heavy_flood_dup60_s20260624_nonbonded,P3-Persist,m12_heavy_flood_dup60_s20260624,nonbonded,127951,PRIVPROBE:0,duplicate_filter,0,False,0,duplicate_filter
m12_heavy_flood_dup60_s20260624_nonbonded,P3-Persist,m12_heavy_flood_dup60_s20260624,nonbonded,129025,PRIVPROBE:0,duplicate_filter,0,False,0,duplicate_filter
m12_heavy_flood_dup60_s20260624_nonbonded,P3-Persist,m12_heavy_flood_dup60_s20260624,nonbonded,130171,PRIVPROBE:0,duplicate_filter,0,False,0,duplicate_filter
m12_heavy_flood_dup60_s20260624_nonbonded,P3-Persist,m12_heavy_flood_dup60_s20260624,nonbonded,131230,PRIVPROBE:0,duplicate_filter,0,False,0,duplicate_filter
m12_heavy_flood_dup60_s20260624_nonbonded,P3-Persist,m12_heavy_flood_dup60_s20260624,nonbonded,132256,PRIVPROBE:0,duplicate_filter,0,False,0,duplicate_filter
m12_heavy_flood_dup60_s20260624_nonbonded,P3-Persist,m12_heavy_flood_dup60_s20260624,nonbonded,133370,PRIVPROBE:0,host_scan,504,False,0,reserve
m12_heavy_flood_dup60_s20260624_nonbonded,P3-Persist,m12_heavy_flood_dup60_s20260624,nonbonded,134430,PRIVPROBE:0,duplicate_filter,0,False,0,duplicate_filter
m12_heavy_flood_dup60_s20260624_nonbonded,P3-Persist,m12_heavy_flood_dup60_s20260624,nonbonded,135541,PRIVPROBE:0,duplicate_filter,0,False,0,duplicate_filter
m12_heavy_flood_dup60_s20260624_nonbonded,P3-Persist,m12_heavy_flood_dup60_s20260624,nonbonded,136713,PRIVPROBE:0,duplicate_filter,0,False,0,duplicate_filter
m12_heavy_flood_dup60_s20260624_nonbonded,P3-Persist,m12_heavy_flood_dup60_s20260624,nonbonded,137849,PRIVPROBE:0,duplicate_filter,0,False,0,duplicate_filter
m12_heavy_flood_dup60_s20260624_nonbonded,P3-Persist,m12_heavy_flood_dup60_s20260624,nonbonded,138933,PRIVPROBE:0,duplicate_filter,0,False,0,duplicate_filter
m12_heavy_flood_dup60_s20260624_nonbonded,P3-Persist,m12_heavy_flood_dup60_s20260624,nonbonded,140055,PRIVPROBE:0,duplicate_filter,0,False,0,duplicate_filter
m12_heavy_flood_dup60_s20260624_nonbonded,P3-Persist,m12_heavy_flood_dup60_s20260624,nonbonded,141221,PRIVPROBE:0,duplicate_filter,0,False,0,duplicate_filter
m12_heavy_flood_dup60_s20260624_nonbonded,P3-Persist,m12_heavy_flood_dup60_s20260624,nonbonded,142322,PRIVPROBE:0,duplicate_filter,0,False,0,duplicate_filter
m12_heavy_flood_dup60_s20260624_nonbonded,P3-Persist,m12_heavy_flood_dup60_s20260624,nonbonded,143492,PRIVPROBE:0,duplicate_filter,0,False,0,duplicate_filter
m12_heavy_flood_dup60_s20260624_nonbonded,P3-Persist,m12_heavy_flood_dup60_s20260624,nonbonded,144597,PRIVPROBE:0,duplicate_filter,0,False,0,duplicate_filter
m12_heavy_flood_dup60_s20260624_nonbonded,P3-Persist,m12_heavy_flood_dup60_s20260624,nonbonded,145799,PRIVPROBE:0,duplicate_filter,0,False,0,duplicate_filter
m12_heavy_flood_dup60_s20260624_nonbonded,P3-Persist,m12_heavy_flood_dup60_s20260624,nonbonded,146964,PRIVPROBE:0,host_scan,504,False,0,reserve
m12_heavy_flood_dup60_s20260624_nonbonded,P3-Persist,m12_heavy_flood_dup60_s20260624,nonbonded,148087,PRIVPROBE:0,duplicate_filter,0,False,0,duplicate_filter
m12_heavy_flood_dup60_s20260624_nonbonded,P3-Persist,m12_heavy_flood_dup60_s20260624,nonbonded,149192,PRIVPROBE:0,duplicate_filter,0,False,0,duplicate_filter
m12_heavy_flood_dup60_s20260624_nonbonded,P3-Persist,m12_heavy_flood_dup60_s20260624,nonbonded,150286,PRIVPROBE:0,duplicate_filter,0,False,0,duplicate_filter
m12_heavy_flood_dup60_s20260624_nonbonded,P3-Persist,m12_heavy_flood_dup60_s20260624,nonbonded,151435,PRIVPROBE:0,duplicate_filter,0,False,0,duplicate_filter
m12_heavy_flood_dup60_s20260624_nonbonded,P3-Persist,m12_heavy_flood_dup60_s20260624,nonbonded,152508,PRIVPROBE:0,duplicate_filter,0,False,0,duplicate_filter
m12_heavy_flood_dup60_s20260624_nonbonded,P3-Persist,m12_heavy_flood_dup60_s20260624,nonbonded,153668,PRIVPROBE:0,duplicate_filter,0,False,0,duplicate_filter
m12_heavy_flood_dup60_s20260624_nonbonded,P3-Persist,m12_heavy_flood_dup60_s20260624,nonbonded,154729,PRIVPROBE:0,duplicate_filter,0,False,0,duplicate_filter
m12_heavy_flood_dup60_s20260624_nonbonded,P3-Persist,m12_heavy_flood_dup60_s20260624,nonbonded,155809,PRIVPROBE:0,duplicate_filter,0,False,0,duplicate_filter
m12_heavy_flood_dup60_s20260624_nonbonded,P3-Persist,m12_heavy_flood_dup60_s20260624,nonbonded,156843,PRIVPROBE:0,duplicate_filter,0,False,0,duplicate_filter
m12_heavy_flood_dup60_s20260624_nonbonded,P3-Persist,m12_heavy_flood_dup60_s20260624,nonbonded,157985,PRIVPROBE:0,duplicate_filter,0,False,0,duplicate_filter
m12_heavy_flood_dup60_s20260624_nonbonded,P3-Persist,m12_heavy_flood_dup60_s20260624,nonbonded,159102,PRIVPROBE:0,duplicate_filter,0,False,0,duplicate_filter
m12_heavy_flood_dup60_s20260624_nonbonded,P3-Persist,m12_heavy_flood_dup60_s20260624,nonbonded,160173,PRIVPROBE:0,host_scan,504,False,0,reserve
m12_heavy_flood_dup60_s20260624_nonbonded,P3-Persist,m12_heavy_flood_dup60_s20260624,nonbonded,161307,PRIVPROBE:0,duplicate_filter,0,False,0,duplicate_filter
m12_heavy_flood_dup60_s20260624_nonbonded,P3-Persist,m12_heavy_flood_dup60_s20260624,nonbonded,162441,PRIVPROBE:0,duplicate_filter,0,False,0,duplicate_filter
m12_heavy_flood_dup60_s20260624_nonbonded,P3-Persist,m12_heavy_flood_dup60_s20260624,nonbonded,163516,PRIVPROBE:0,duplicate_filter,0,False,0,duplicate_filter
m12_heavy_flood_dup60_s20260624_nonbonded,P3-Persist,m12_heavy_flood_dup60_s20260624,nonbonded,164645,PRIVPROBE:0,duplicate_filter,0,False,0,duplicate_filter
m12_heavy_flood_dup60_s20260624_nonbonded,P3-Persist,m12_heavy_flood_dup60_s20260624,nonbonded,165734,PRIVPROBE:0,duplicate_filter,0,False,0,duplicate_filter
m12_heavy_flood_dup60_s20260624_nonbonded,P3-Persist,m12_heavy_flood_dup60_s20260624,nonbonded,166810,PRIVPROBE:0,duplicate_filter,0,False,0,duplicate_filter
m12_heavy_flood_dup60_s20260624_nonbonded,P3-Persist,m12_heavy_flood_dup60_s20260624,nonbonded,167963,PRIVPROBE:0,duplicate_filter,0,False,0,duplicate_filter
m12_heavy_flood_dup60_s20260624_nonbonded,P3-Persist,m12_heavy_flood_dup60_s20260624,nonbonded,169105,PRIVPROBE:0,duplicate_filter,0,False,0,duplicate_filter
m12_heavy_flood_dup60_s20260624_nonbonded,P3-Persist,m12_heavy_flood_dup60_s20260624,nonbonded,170239,PRIVPROBE:0,duplicate_filter,0,False,0,duplicate_filter
m12_heavy_flood_dup60_s20260624_nonbonded,P3-Persist,m12_heavy_flood_dup60_s20260624,nonbonded,171385,PRIVPROBE:0,duplicate_filter,0,False,0,duplicate_filter
m12_heavy_flood_dup60_s20260624_nonbonded,P3-Persist,m12_heavy_flood_dup60_s20260624,nonbonded,172473,PRIVPROBE:0,duplicate_filter,0,False,0,duplicate_filter
m12_heavy_flood_dup60_s20260624_nonbonded,P3-Persist,m12_heavy_flood_dup60_s20260624,nonbonded,173573,PRIVPROBE:0,host_scan,504,False,0,reserve
m12_heavy_flood_dup60_s20260624_nonbonded,P3-Persist,m12_heavy_flood_dup60_s20260624,nonbonded,174720,PRIVPROBE:0,duplicate_filter,0,False,0,duplicate_filter
m12_heavy_flood_dup60_s20260624_nonbonded,P3-Persist,m12_heavy_flood_dup60_s20260624,nonbonded,175773,PRIVPROBE:0,duplicate_filter,0,False,0,duplicate_filter
m12_heavy_flood_dup60_s20260624_nonbonded,P3-Persist,m12_heavy_flood_dup60_s20260624,nonbonded,176847,PRIVPROBE:0,duplicate_filter,0,False,0,duplicate_filter
m12_heavy_flood_dup60_s20260624_nonbonded,P3-Persist,m12_heavy_flood_dup60_s20260624,nonbonded,177912,PRIVPROBE:0,duplicate_filter,0,False,0,duplicate_filter
m12_heavy_flood_dup60_s20260624_nonbonded,P3-Persist,m12_heavy_flood_dup60_s20260624,nonbonded,179032,PRIVPROBE:0,duplicate_filter,0,False,0,duplicate_filter
m12_heavy_flood_dup60_s20260624_nonbonded,P3-Persist,m12_heavy_flood_dup60_s20260624,nonbonded,180198,PRIVPROBE:0,duplicate_filter,0,False,0,duplicate_filter
m12_heavy_flood_dup60_s20260624_nonbonded,P3-Persist,m12_heavy_flood_dup60_s20260624,nonbonded,181289,PRIVPROBE:0,duplicate_filter,0,False,0,duplicate_filter
m12_heavy_flood_dup60_s20260624_nonbonded,P3-Persist,m12_heavy_flood_dup60_s20260624,nonbonded,182425,PRIVPROBE:0,duplicate_filter,0,False,0,duplicate_filter
m12_heavy_flood_dup60_s20260624_nonbonded,P3-Persist,m12_heavy_flood_dup60_s20260624,nonbonded,183581,PRIVPROBE:0,duplicate_filter,0,False,0,duplicate_filter
m12_heavy_flood_dup60_s20260624_nonbonded,P3-Persist,m12_heavy_flood_dup60_s20260624,nonbonded,184717,PRIVPROBE:0,duplicate_filter,0,False,0,duplicate_filter
m12_heavy_flood_dup60_s20260624_nonbonded,P3-Persist,m12_heavy_flood_dup60_s20260624,nonbonded,185856,PRIVPROBE:0,duplicate_filter,0,False,0,duplicate_filter
m12_heavy_flood_dup60_s20260624_nonbonded,P3-Persist,m12_heavy_flood_dup60_s20260624,nonbonded,186977,PRIVPROBE:0,host_scan,504,False,0,reserve
m12_heavy_flood_dup60_s20260624_nonbonded,P3-Persist,m12_heavy_flood_dup60_s20260624,nonbonded,188043,PRIVPROBE:0,duplicate_filter,0,False,0,duplicate_filter
m12_heavy_flood_dup60_s20260624_nonbonded,P3-Persist,m12_heavy_flood_dup60_s20260624,nonbonded,189170,PRIVPROBE:0,duplicate_filter,0,False,0,duplicate_filter
m12_heavy_flood_dup60_s20260624_nonbonded,P3-Persist,m12_heavy_flood_dup60_s20260624,nonbonded,190278,PRIVPROBE:0,duplicate_filter,0,False,0,duplicate_filter
m12_heavy_flood_dup60_s20260624_nonbonded,P3-Persist,m12_heavy_flood_dup60_s20260624,nonbonded,191390,PRIVPROBE:0,duplicate_filter,0,False,0,duplicate_filter
m12_heavy_flood_dup60_s20260624_nonbonded,P3-Persist,m12_heavy_flood_dup60_s20260624,nonbonded,192518,PRIVPROBE:0,duplicate_filter,0,False,0,duplicate_filter
m12_heavy_flood_dup60_s20260624_nonbonded,P3-Persist,m12_heavy_flood_dup60_s20260624,nonbonded,193639,PRIVPROBE:0,duplicate_filter,0,False,0,duplicate_filter
m12_heavy_flood_dup60_s20260624_nonbonded,P3-Persist,m12_heavy_flood_dup60_s20260624,nonbonded,194790,PRIVPROBE:0,duplicate_filter,0,False,0,duplicate_filter
m12_heavy_flood_dup60_s20260624_nonbonded,P3-Persist,m12_heavy_flood_dup60_s20260624,nonbonded,195931,PRIVPROBE:0,duplicate_filter,0,False,0,duplicate_filter
m12_heavy_flood_dup60_s20260624_nonbonded,P3-Persist,m12_heavy_flood_dup60_s20260624,nonbonded,197081,PRIVPROBE:0,duplicate_filter,0,False,0,duplicate_filter
m12_heavy_flood_dup60_s20260624_nonbonded,P3-Persist,m12_heavy_flood_dup60_s20260624,nonbonded,198288,PRIVPROBE:0,duplicate_filter,0,False,0,duplicate_filter
m12_heavy_flood_dup60_s20260624_nonbonded,P3-Persist,m12_heavy_flood_dup60_s20260624,nonbonded,199430,PRIVPROBE:0,duplicate_filter,0,False,0,duplicate_filter
m12_heavy_flood_dup60_s20260624_nonbonded,P3-Persist,m12_heavy_flood_dup60_s20260624,nonbonded,200593,PRIVPROBE:1,defer,0,True,1000,defer
m12_heavy_flood_dup60_s20260624_nonbonded,P3-Persist,m12_heavy_flood_dup60_s20260624,nonbonded,201771,PRIVPROBE:1,duplicate_filter,0,False,0,duplicate_filter
m12_heavy_flood_dup60_s20260624_nonbonded,P3-Persist,m12_heavy_flood_dup60_s20260624,nonbonded,202878,PRIVPROBE:1,duplicate_filter,0,False,0,duplicate_filter
m12_heavy_flood_dup60_s20260624_nonbonded,P3-Persist,m12_heavy_flood_dup60_s20260624,nonbonded,203970,PRIVPROBE:1,duplicate_filter,0,False,0,duplicate_filter
m12_heavy_flood_dup60_s20260624_nonbonded,P3-Persist,m12_heavy_flood_dup60_s20260624,nonbonded,205125,PRIVPROBE:1,duplicate_filter,0,False,0,duplicate_filter
m12_heavy_flood_dup60_s20260624_nonbonded,P3-Persist,m12_heavy_flood_dup60_s20260624,nonbonded,206184,PRIVPROBE:1,duplicate_filter,0,False,0,duplicate_filter
m12_heavy_flood_dup60_s20260624_nonbonded,P3-Persist,m12_heavy_flood_dup60_s20260624,nonbonded,207308,PRIVPROBE:1,duplicate_filter,0,False,0,duplicate_filter
m12_heavy_flood_dup60_s20260624_nonbonded,P3-Persist,m12_heavy_flood_dup60_s20260624,nonbonded,208412,PRIVPROBE:1,duplicate_filter,0,False,0,duplicate_filter
m12_heavy_flood_dup60_s20260624_nonbonded,P3-Persist,m12_heavy_flood_dup60_s20260624,nonbonded,209565,PRIVPROBE:1,duplicate_filter,0,False,0,duplicate_filter
m12_heavy_flood_dup60_s20260624_nonbonded,P3-Persist,m12_heavy_flood_dup60_s20260624,nonbonded,210601,PRIVPROBE:1,duplicate_filter,0,False,0,duplicate_filter
m12_heavy_flood_dup60_s20260624_nonbonded,P3-Persist,m12_heavy_flood_dup60_s20260624,nonbonded,211762,PRIVPROBE:1,duplicate_filter,0,False,0,duplicate_filter
m12_heavy_flood_dup60_s20260624_nonbonded,P3-Persist,m12_heavy_flood_dup60_s20260624,nonbonded,212834,PRIVPROBE:1,duplicate_filter,0,False,0,duplicate_filter
m12_heavy_flood_dup60_s20260624_nonbonded,P3-Persist,m12_heavy_flood_dup60_s20260624,nonbonded,213901,PRIVPROBE:1,host_scan,504,False,0,reserve
m12_heavy_flood_dup60_s20260624_nonbonded,P3-Persist,m12_heavy_flood_dup60_s20260624,nonbonded,215014,PRIVPROBE:1,duplicate_filter,0,False,0,duplicate_filter
m12_heavy_flood_dup60_s20260624_nonbonded,P3-Persist,m12_heavy_flood_dup60_s20260624,nonbonded,216149,PRIVPROBE:1,duplicate_filter,0,False,0,duplicate_filter
m12_heavy_flood_dup60_s20260624_nonbonded,P3-Persist,m12_heavy_flood_dup60_s20260624,nonbonded,217205,PRIVPROBE:1,duplicate_filter,0,False,0,duplicate_filter
m12_heavy_flood_dup60_s20260624_nonbonded,P3-Persist,m12_heavy_flood_dup60_s20260624,nonbonded,218323,PRIVPROBE:1,duplicate_filter,0,False,0,duplicate_filter
m12_heavy_flood_dup60_s20260624_nonbonded,P3-Persist,m12_heavy_flood_dup60_s20260624,nonbonded,219430,PRIVPROBE:1,duplicate_filter,0,False,0,duplicate_filter
m12_heavy_flood_dup60_s20260624_nonbonded,P3-Persist,m12_heavy_flood_dup60_s20260624,nonbonded,220563,PRIVPROBE:1,duplicate_filter,0,False,0,duplicate_filter
m12_heavy_flood_dup60_s20260624_nonbonded,P3-Persist,m12_heavy_flood_dup60_s20260624,nonbonded,221613,PRIVPROBE:1,duplicate_filter,0,False,0,duplicate_filter
m12_heavy_flood_dup60_s20260624_nonbonded,P3-Persist,m12_heavy_flood_dup60_s20260624,nonbonded,222727,PRIVPROBE:1,duplicate_filter,0,False,0,duplicate_filter
m12_heavy_flood_dup60_s20260624_nonbonded,P3-Persist,m12_heavy_flood_dup60_s20260624,nonbonded,223853,PRIVPROBE:1,duplicate_filter,0,False,0,duplicate_filter
m12_heavy_flood_dup60_s20260624_nonbonded,P3-Persist,m12_heavy_flood_dup60_s20260624,nonbonded,224930,PRIVPROBE:1,duplicate_filter,0,False,0,duplicate_filter
m12_heavy_flood_dup60_s20260624_nonbonded,P3-Persist,m12_heavy_flood_dup60_s20260624,nonbonded,226005,PRIVPROBE:1,duplicate_filter,0,False,0,duplicate_filter
m12_heavy_flood_dup60_s20260624_nonbonded,P3-Persist,m12_heavy_flood_dup60_s20260624,nonbonded,227057,PRIVPROBE:1,host_scan,504,False,0,reserve
m12_heavy_flood_dup60_s20260624_nonbonded,P3-Persist,m12_heavy_flood_dup60_s20260624,nonbonded,228149,PRIVPROBE:1,duplicate_filter,0,False,0,duplicate_filter
m12_heavy_flood_dup60_s20260624_nonbonded,P3-Persist,m12_heavy_flood_dup60_s20260624,nonbonded,229264,PRIVPROBE:1,duplicate_filter,0,False,0,duplicate_filter
m12_heavy_flood_dup60_s20260624_nonbonded,P3-Persist,m12_heavy_flood_dup60_s20260624,nonbonded,230396,PRIVPROBE:1,duplicate_filter,0,False,0,duplicate_filter
m12_heavy_flood_dup60_s20260624_nonbonded,P3-Persist,m12_heavy_flood_dup60_s20260624,nonbonded,231511,PRIVPROBE:1,duplicate_filter,0,False,0,duplicate_filter
m12_heavy_flood_dup60_s20260624_nonbonded,P3-Persist,m12_heavy_flood_dup60_s20260624,nonbonded,232621,PRIVPROBE:1,duplicate_filter,0,False,0,duplicate_filter
m12_heavy_flood_dup60_s20260624_nonbonded,P3-Persist,m12_heavy_flood_dup60_s20260624,nonbonded,233606,PRIVPROBE:1,duplicate_filter,0,False,0,duplicate_filter
m12_heavy_flood_dup60_s20260624_nonbonded,P3-Persist,m12_heavy_flood_dup60_s20260624,nonbonded,234725,PRIVPROBE:1,duplicate_filter,0,False,0,duplicate_filter
m12_heavy_flood_dup60_s20260624_nonbonded,P3-Persist,m12_heavy_flood_dup60_s20260624,nonbonded,235841,PRIVPROBE:1,duplicate_filter,0,False,0,duplicate_filter
m12_heavy_flood_dup60_s20260624_nonbonded,P3-Persist,m12_heavy_flood_dup60_s20260624,nonbonded,236914,PRIVPROBE:1,duplicate_filter,0,False,0,duplicate_filter
m12_heavy_flood_dup60_s20260624_nonbonded,P3-Persist,m12_heavy_flood_dup60_s20260624,nonbonded,238074,PRIVPROBE:1,duplicate_filter,0,False,0,duplicate_filter
m12_heavy_flood_dup60_s20260624_nonbonded,P3-Persist,m12_heavy_flood_dup60_s20260624,nonbonded,239235,PRIVPROBE:1,duplicate_filter,0,False,0,duplicate_filter
m12_heavy_flood_dup60_s20260624_nonbonded,P3-Persist,m12_heavy_flood_dup60_s20260624,nonbonded,240330,PRIVPROBE:1,host_scan,504,False,0,reserve
m12_heavy_flood_dup60_s20260624_nonbonded,P3-Persist,m12_heavy_flood_dup60_s20260624,nonbonded,241428,PRIVPROBE:1,duplicate_filter,0,False,0,duplicate_filter
m12_heavy_flood_dup60_s20260624_nonbonded,P3-Persist,m12_heavy_flood_dup60_s20260624,nonbonded,242560,PRIVPROBE:1,duplicate_filter,0,False,0,duplicate_filter
m12_heavy_flood_dup60_s20260624_nonbonded,P3-Persist,m12_heavy_flood_dup60_s20260624,nonbonded,243659,PRIVPROBE:1,duplicate_filter,0,False,0,duplicate_filter
m12_heavy_flood_dup60_s20260624_nonbonded,P3-Persist,m12_heavy_flood_dup60_s20260624,nonbonded,244731,PRIVPROBE:1,duplicate_filter,0,False,0,duplicate_filter
m12_heavy_flood_dup60_s20260624_nonbonded,P3-Persist,m12_heavy_flood_dup60_s20260624,nonbonded,245822,PRIVPROBE:1,duplicate_filter,0,False,0,duplicate_filter
m12_heavy_flood_dup60_s20260624_nonbonded,P3-Persist,m12_heavy_flood_dup60_s20260624,nonbonded,246898,PRIVPROBE:1,duplicate_filter,0,False,0,duplicate_filter
m12_heavy_flood_dup60_s20260624_nonbonded,P3-Persist,m12_heavy_flood_dup60_s20260624,nonbonded,247940,PRIVPROBE:1,duplicate_filter,0,False,0,duplicate_filter
m12_heavy_flood_dup60_s20260624_nonbonded,P3-Persist,m12_heavy_flood_dup60_s20260624,nonbonded,249088,PRIVPROBE:1,duplicate_filter,0,False,0,duplicate_filter
m12_heavy_flood_dup60_s20260624_nonbonded,P3-Persist,m12_heavy_flood_dup60_s20260624,nonbonded,250240,PRIVPROBE:1,duplicate_filter,0,False,0,duplicate_filter
m12_heavy_flood_dup60_s20260624_nonbonded,P3-Persist,m12_heavy_flood_dup60_s20260624,nonbonded,251310,PRIVPROBE:1,duplicate_filter,0,False,0,duplicate_filter
m12_heavy_flood_dup60_s20260624_nonbonded,P3-Persist,m12_heavy_flood_dup60_s20260624,nonbonded,252454,PRIVPROBE:1,duplicate_filter,0,False,0,duplicate_filter
m12_heavy_flood_dup60_s20260624_nonbonded,P3-Persist,m12_heavy_flood_dup60_s20260624,nonbonded,253538,PRIVPROBE:1,host_scan,504,False,0,reserve
m12_heavy_flood_dup60_s20260624_nonbonded,P3-Persist,m12_heavy_flood_dup60_s20260624,nonbonded,254687,PRIVPROBE:1,duplicate_filter,0,False,0,duplicate_filter
m12_heavy_flood_dup60_s20260624_nonbonded,P3-Persist,m12_heavy_flood_dup60_s20260624,nonbonded,255783,PRIVPROBE:1,duplicate_filter,0,False,0,duplicate_filter
m12_heavy_flood_dup60_s20260624_nonbonded,P3-Persist,m12_heavy_flood_dup60_s20260624,nonbonded,256882,PRIVPROBE:1,duplicate_filter,0,False,0,duplicate_filter
m12_heavy_flood_dup60_s20260624_nonbonded,P3-Persist,m12_heavy_flood_dup60_s20260624,nonbonded,257961,PRIVPROBE:1,duplicate_filter,0,False,0,duplicate_filter
m12_heavy_flood_dup60_s20260624_nonbonded,P3-Persist,m12_heavy_flood_dup60_s20260624,nonbonded,259102,PRIVPROBE:1,duplicate_filter,0,False,0,duplicate_filter
m12_heavy_flood_dup60_s20260624_nonbonded,P3-Persist,m12_heavy_flood_dup60_s20260624,nonbonded,260206,PRIVPROBE:1,duplicate_filter,0,False,0,duplicate_filter
m12_heavy_flood_dup60_s20260624_nonbonded,P3-Persist,m12_heavy_flood_dup60_s20260624,nonbonded,261302,PRIVPROBE:1,duplicate_filter,0,False,0,duplicate_filter
m12_heavy_flood_dup60_s20260624_nonbonded,P3-Persist,m12_heavy_flood_dup60_s20260624,nonbonded,262441,PRIVPROBE:1,duplicate_filter,0,False,0,duplicate_filter
m12_heavy_flood_dup60_s20260624_nonbonded,P3-Persist,m12_heavy_flood_dup60_s20260624,nonbonded,263563,PRIVPROBE:1,duplicate_filter,0,False,0,duplicate_filter
m12_heavy_flood_dup60_s20260624_nonbonded,P3-Persist,m12_heavy_flood_dup60_s20260624,nonbonded,264658,PRIVPROBE:1,duplicate_filter,0,False,0,duplicate_filter
m12_heavy_flood_dup60_s20260624_nonbonded,P3-Persist,m12_heavy_flood_dup60_s20260624,nonbonded,265759,PRIVPROBE:1,duplicate_filter,0,False,0,duplicate_filter
m12_heavy_flood_dup60_s20260624_nonbonded,P3-Persist,m12_heavy_flood_dup60_s20260624,nonbonded,266917,PRIVPROBE:1,host_scan,504,False,0,reserve
m12_heavy_flood_dup60_s20260624_nonbonded,P3-Persist,m12_heavy_flood_dup60_s20260624,nonbonded,268018,PRIVPROBE:1,duplicate_filter,0,False,0,duplicate_filter
m12_heavy_flood_dup60_s20260624_nonbonded,P3-Persist,m12_heavy_flood_dup60_s20260624,nonbonded,269093,PRIVPROBE:1,duplicate_filter,0,False,0,duplicate_filter
m12_heavy_flood_dup60_s20260624_nonbonded,P3-Persist,m12_heavy_flood_dup60_s20260624,nonbonded,270237,PRIVPROBE:1,duplicate_filter,0,False,0,duplicate_filter
m12_heavy_flood_dup60_s20260624_nonbonded,P3-Persist,m12_heavy_flood_dup60_s20260624,nonbonded,271398,PRIVPROBE:1,duplicate_filter,0,False,0,duplicate_filter
m12_heavy_flood_dup60_s20260624_nonbonded,P3-Persist,m12_heavy_flood_dup60_s20260624,nonbonded,272529,PRIVPROBE:1,duplicate_filter,0,False,0,duplicate_filter
m12_heavy_flood_dup60_s20260624_nonbonded,P3-Persist,m12_heavy_flood_dup60_s20260624,nonbonded,273670,PRIVPROBE:1,duplicate_filter,0,False,0,duplicate_filter
m12_heavy_flood_dup60_s20260624_nonbonded,P3-Persist,m12_heavy_flood_dup60_s20260624,nonbonded,274796,PRIVPROBE:1,duplicate_filter,0,False,0,duplicate_filter
m12_heavy_flood_dup60_s20260624_nonbonded,P3-Persist,m12_heavy_flood_dup60_s20260624,nonbonded,275914,PRIVPROBE:1,duplicate_filter,0,False,0,duplicate_filter
m12_heavy_flood_dup60_s20260624_nonbonded,P3-Persist,m12_heavy_flood_dup60_s20260624,nonbonded,277060,PRIVPROBE:1,duplicate_filter,0,False,0,duplicate_filter
m12_heavy_flood_dup60_s20260624_nonbonded,P3-Persist,m12_heavy_flood_dup60_s20260624,nonbonded,278221,PRIVPROBE:1,duplicate_filter,0,False,0,duplicate_filter
m12_heavy_flood_dup60_s20260624_nonbonded,P3-Persist,m12_heavy_flood_dup60_s20260624,nonbonded,279320,PRIVPROBE:1,duplicate_filter,0,False,0,duplicate_filter
m12_heavy_flood_dup60_s20260624_nonbonded,P3-Persist,m12_heavy_flood_dup60_s20260624,nonbonded,280476,PRIVPROBE:1,host_scan,504,False,0,reserve
m12_heavy_flood_dup60_s20260624_nonbonded,P3-Persist,m12_heavy_flood_dup60_s20260624,nonbonded,281598,PRIVPROBE:1,duplicate_filter,0,False,0,duplicate_filter
m12_heavy_flood_dup60_s20260624_nonbonded,P3-Persist,m12_heavy_flood_dup60_s20260624,nonbonded,282644,PRIVPROBE:1,duplicate_filter,0,False,0,duplicate_filter
m12_heavy_flood_dup60_s20260624_nonbonded,P3-Persist,m12_heavy_flood_dup60_s20260624,nonbonded,283806,PRIVPROBE:1,duplicate_filter,0,False,0,duplicate_filter
m12_heavy_flood_dup60_s20260624_nonbonded,P3-Persist,m12_heavy_flood_dup60_s20260624,nonbonded,284955,PRIVPROBE:1,duplicate_filter,0,False,0,duplicate_filter
m12_heavy_flood_dup60_s20260624_nonbonded,P3-Persist,m12_heavy_flood_dup60_s20260624,nonbonded,286102,PRIVPROBE:1,duplicate_filter,0,False,0,duplicate_filter
m12_heavy_flood_dup60_s20260624_nonbonded,P3-Persist,m12_heavy_flood_dup60_s20260624,nonbonded,287176,PRIVPROBE:1,duplicate_filter,0,False,0,duplicate_filter
m12_heavy_flood_dup60_s20260624_nonbonded,P3-Persist,m12_heavy_flood_dup60_s20260624,nonbonded,288281,PRIVPROBE:1,duplicate_filter,0,False,0,duplicate_filter
m12_heavy_flood_dup60_s20260624_nonbonded,P3-Persist,m12_heavy_flood_dup60_s20260624,nonbonded,289373,PRIVPROBE:1,duplicate_filter,0,False,0,duplicate_filter
m12_heavy_flood_dup60_s20260624_nonbonded,P3-Persist,m12_heavy_flood_dup60_s20260624,nonbonded,290465,PRIVPROBE:1,duplicate_filter,0,False,0,duplicate_filter
m12_heavy_flood_dup60_s20260624_nonbonded,P3-Persist,m12_heavy_flood_dup60_s20260624,nonbonded,291574,PRIVPROBE:1,duplicate_filter,0,False,0,duplicate_filter
m12_heavy_flood_dup60_s20260624_nonbonded,P3-Persist,m12_heavy_flood_dup60_s20260624,nonbonded,292732,PRIVPROBE:1,duplicate_filter,0,False,0,duplicate_filter
m12_heavy_flood_dup60_s20260624_nonbonded,P3-Persist,m12_heavy_flood_dup60_s20260624,nonbonded,293873,PRIVPROBE:1,host_scan,504,False,0,reserve
m12_heavy_flood_dup60_s20260624_nonbonded,P3-Persist,m12_heavy_flood_dup60_s20260624,nonbonded,294995,PRIVPROBE:1,duplicate_filter,0,False,0,duplicate_filter
m12_heavy_flood_dup60_s20260624_nonbonded,P3-Persist,m12_heavy_flood_dup60_s20260624,nonbonded,296102,PRIVPROBE:1,duplicate_filter,0,False,0,duplicate_filter
m12_heavy_flood_dup60_s20260624_nonbonded,P3-Persist,m12_heavy_flood_dup60_s20260624,nonbonded,297170,PRIVPROBE:1,duplicate_filter,0,False,0,duplicate_filter
m12_heavy_flood_dup60_s20260624_nonbonded,P3-Persist,m12_heavy_flood_dup60_s20260624,nonbonded,298310,PRIVPROBE:1,duplicate_filter,0,False,0,duplicate_filter
m12_heavy_flood_dup60_s20260624_nonbonded,P3-Persist,m12_heavy_flood_dup60_s20260624,nonbonded,299466,PRIVPROBE:1,duplicate_filter,0,False,0,duplicate_filter
m12_heavy_flood_dup60_s20260624_nonbonded,P3-Persist,m12_heavy_flood_dup60_s20260624,nonbonded,300592,PRIVPROBE:1,duplicate_filter,0,False,0,duplicate_filter
m12_heavy_flood_dup60_s20260624_nonbonded,P3-Persist,m12_heavy_flood_dup60_s20260624,nonbonded,301641,PRIVPROBE:1,duplicate_filter,0,False,0,duplicate_filter
m12_heavy_flood_dup60_s20260624_nonbonded,P3-Persist,m12_heavy_flood_dup60_s20260624,nonbonded,302821,PRIVPROBE:1,duplicate_filter,0,False,0,duplicate_filter
m12_heavy_flood_dup60_s20260624_nonbonded,P3-Persist,m12_heavy_flood_dup60_s20260624,nonbonded,303912,PRIVPROBE:1,duplicate_filter,0,False,0,duplicate_filter
m12_heavy_flood_dup60_s20260624_nonbonded,P3-Persist,m12_heavy_flood_dup60_s20260624,nonbonded,305051,PRIVPROBE:1,duplicate_filter,0,False,0,duplicate_filter
m12_heavy_flood_dup60_s20260624_nonbonded,P3-Persist,m12_heavy_flood_dup60_s20260624,nonbonded,306187,PRIVPROBE:1,duplicate_filter,0,False,0,duplicate_filter
m12_heavy_flood_dup60_s20260624_nonbonded,P3-Persist,m12_heavy_flood_dup60_s20260624,nonbonded,307299,PRIVPROBE:1,host_scan,504,False,0,reserve
m12_heavy_flood_dup60_s20260624_nonbonded,P3-Persist,m12_heavy_flood_dup60_s20260624,nonbonded,308426,PRIVPROBE:1,duplicate_filter,0,False,0,duplicate_filter
m12_heavy_flood_dup60_s20260624_nonbonded,P3-Persist,m12_heavy_flood_dup60_s20260624,nonbonded,309502,PRIVPROBE:1,duplicate_filter,0,False,0,duplicate_filter
m12_heavy_flood_dup60_s20260624_nonbonded,P3-Persist,m12_heavy_flood_dup60_s20260624,nonbonded,310640,PRIVPROBE:1,duplicate_filter,0,False,0,duplicate_filter
m12_heavy_flood_dup60_s20260624_nonbonded,P3-Persist,m12_heavy_flood_dup60_s20260624,nonbonded,311674,PRIVPROBE:1,duplicate_filter,0,False,0,duplicate_filter
m12_heavy_flood_dup60_s20260624_nonbonded,P3-Persist,m12_heavy_flood_dup60_s20260624,nonbonded,312721,PRIVPROBE:1,duplicate_filter,0,False,0,duplicate_filter
m12_heavy_flood_dup60_s20260624_nonbonded,P3-Persist,m12_heavy_flood_dup60_s20260624,nonbonded,313793,PRIVPROBE:1,duplicate_filter,0,False,0,duplicate_filter
m12_heavy_flood_dup60_s20260624_nonbonded,P3-Persist,m12_heavy_flood_dup60_s20260624,nonbonded,314857,PRIVPROBE:1,duplicate_filter,0,False,0,duplicate_filter
m12_heavy_flood_dup60_s20260624_nonbonded,P3-Persist,m12_heavy_flood_dup60_s20260624,nonbonded,315972,PRIVPROBE:1,duplicate_filter,0,False,0,duplicate_filter
m12_heavy_flood_dup60_s20260624_nonbonded,P3-Persist,m12_heavy_flood_dup60_s20260624,nonbonded,317132,PRIVPROBE:1,duplicate_filter,0,False,0,duplicate_filter
m12_heavy_flood_dup60_s20260624_nonbonded,P3-Persist,m12_heavy_flood_dup60_s20260624,nonbonded,318211,PRIVPROBE:1,duplicate_filter,0,False,0,duplicate_filter
m12_heavy_flood_dup60_s20260624_nonbonded,P3-Persist,m12_heavy_flood_dup60_s20260624,nonbonded,319366,PRIVPROBE:1,duplicate_filter,0,False,0,duplicate_filter
m12_heavy_flood_dup60_s20260624_nonbonded,P3-Persist,m12_heavy_flood_dup60_s20260624,nonbonded,320493,PRIVPROBE:1,host_scan,504,False,0,reserve
m12_heavy_flood_dup60_s20260624_nonbonded,P3-Persist,m12_heavy_flood_dup60_s20260624,nonbonded,321563,PRIVPROBE:1,duplicate_filter,0,False,0,duplicate_filter
m12_heavy_flood_dup60_s20260624_nonbonded,P3-Persist,m12_heavy_flood_dup60_s20260624,nonbonded,322762,PRIVPROBE:1,duplicate_filter,0,False,0,duplicate_filter
m12_heavy_flood_dup60_s20260624_nonbonded,P3-Persist,m12_heavy_flood_dup60_s20260624,nonbonded,323901,PRIVPROBE:1,duplicate_filter,0,False,0,duplicate_filter
m12_heavy_flood_dup60_s20260624_nonbonded,P3-Persist,m12_heavy_flood_dup60_s20260624,nonbonded,325024,PRIVPROBE:1,duplicate_filter,0,False,0,duplicate_filter
m12_heavy_flood_dup60_s20260624_nonbonded,P3-Persist,m12_heavy_flood_dup60_s20260624,nonbonded,326172,PRIVPROBE:1,duplicate_filter,0,False,0,duplicate_filter
m12_heavy_flood_dup60_s20260624_nonbonded,P3-Persist,m12_heavy_flood_dup60_s20260624,nonbonded,327273,PRIVPROBE:1,duplicate_filter,0,False,0,duplicate_filter
m12_heavy_flood_dup60_s20260624_nonbonded,P3-Persist,m12_heavy_flood_dup60_s20260624,nonbonded,328361,PRIVPROBE:1,duplicate_filter,0,False,0,duplicate_filter
m12_heavy_flood_dup60_s20260624_nonbonded,P3-Persist,m12_heavy_flood_dup60_s20260624,nonbonded,329476,PRIVPROBE:1,duplicate_filter,0,False,0,duplicate_filter
m12_heavy_flood_dup60_s20260624_nonbonded,P3-Persist,m12_heavy_flood_dup60_s20260624,nonbonded,330616,PRIVPROBE:1,duplicate_filter,0,False,0,duplicate_filter
m12_heavy_flood_dup60_s20260624_nonbonded,P3-Persist,m12_heavy_flood_dup60_s20260624,nonbonded,331736,PRIVPROBE:1,duplicate_filter,0,False,0,duplicate_filter
m12_heavy_flood_dup60_s20260624_nonbonded,P3-Persist,m12_heavy_flood_dup60_s20260624,nonbonded,332857,PRIVPROBE:1,duplicate_filter,0,False,0,duplicate_filter
m12_heavy_flood_dup60_s20260624_nonbonded,P3-Persist,m12_heavy_flood_dup60_s20260624,nonbonded,333978,PRIVPROBE:1,host_scan,504,False,0,reserve
m12_heavy_flood_dup60_s20260624_nonbonded,P3-Persist,m12_heavy_flood_dup60_s20260624,nonbonded,335143,PRIVPROBE:1,duplicate_filter,0,False,0,duplicate_filter
m12_heavy_flood_dup60_s20260624_nonbonded,P3-Persist,m12_heavy_flood_dup60_s20260624,nonbonded,336236,PRIVPROBE:1,duplicate_filter,0,False,0,duplicate_filter
m12_heavy_flood_dup60_s20260624_nonbonded,P3-Persist,m12_heavy_flood_dup60_s20260624,nonbonded,337336,PRIVPROBE:1,duplicate_filter,0,False,0,duplicate_filter
m12_heavy_flood_dup60_s20260624_nonbonded,P3-Persist,m12_heavy_flood_dup60_s20260624,nonbonded,338401,PRIVPROBE:1,duplicate_filter,0,False,0,duplicate_filter
m12_heavy_flood_dup60_s20260624_nonbonded,P3-Persist,m12_heavy_flood_dup60_s20260624,nonbonded,339599,PRIVPROBE:1,duplicate_filter,0,False,0,duplicate_filter
m12_heavy_flood_dup60_s20260624_nonbonded,P3-Persist,m12_heavy_flood_dup60_s20260624,nonbonded,340733,PRIVPROBE:1,duplicate_filter,0,False,0,duplicate_filter
m12_heavy_flood_dup60_s20260624_nonbonded,P3-Persist,m12_heavy_flood_dup60_s20260624,nonbonded,341872,PRIVPROBE:1,duplicate_filter,0,False,0,duplicate_filter
m12_heavy_flood_dup60_s20260624_nonbonded,P3-Persist,m12_heavy_flood_dup60_s20260624,nonbonded,343006,PRIVPROBE:1,duplicate_filter,0,False,0,duplicate_filter
m12_heavy_flood_dup60_s20260624_nonbonded,P3-Persist,m12_heavy_flood_dup60_s20260624,nonbonded,344126,PRIVPROBE:1,duplicate_filter,0,False,0,duplicate_filter
m12_heavy_flood_dup60_s20260624_nonbonded,P3-Persist,m12_heavy_flood_dup60_s20260624,nonbonded,345152,PRIVPROBE:1,duplicate_filter,0,False,0,duplicate_filter
m12_heavy_flood_dup60_s20260624_nonbonded,P3-Persist,m12_heavy_flood_dup60_s20260624,nonbonded,346302,PRIVPROBE:1,duplicate_filter,0,False,0,duplicate_filter
m12_heavy_flood_dup60_s20260624_nonbonded,P3-Persist,m12_heavy_flood_dup60_s20260624,nonbonded,347438,PRIVPROBE:1,host_scan,504,False,0,reserve
m12_heavy_flood_dup60_s20260624_nonbonded,P3-Persist,m12_heavy_flood_dup60_s20260624,nonbonded,348589,PRIVPROBE:1,duplicate_filter,0,False,0,duplicate_filter
m12_heavy_flood_dup60_s20260624_nonbonded,P3-Persist,m12_heavy_flood_dup60_s20260624,nonbonded,349713,PRIVPROBE:1,duplicate_filter,0,False,0,duplicate_filter
m12_heavy_flood_dup60_s20260624_nonbonded,P3-Persist,m12_heavy_flood_dup60_s20260624,nonbonded,350871,PRIVPROBE:1,duplicate_filter,0,False,0,duplicate_filter
m12_heavy_flood_dup60_s20260624_nonbonded,P3-Persist,m12_heavy_flood_dup60_s20260624,nonbonded,352067,PRIVPROBE:1,duplicate_filter,0,False,0,duplicate_filter
m12_heavy_flood_dup60_s20260624_nonbonded,P3-Persist,m12_heavy_flood_dup60_s20260624,nonbonded,353185,PRIVPROBE:1,duplicate_filter,0,False,0,duplicate_filter
m12_heavy_flood_dup60_s20260624_nonbonded,P3-Persist,m12_heavy_flood_dup60_s20260624,nonbonded,354287,PRIVPROBE:1,duplicate_filter,0,False,0,duplicate_filter
m12_heavy_flood_dup60_s20260624_nonbonded,P3-Persist,m12_heavy_flood_dup60_s20260624,nonbonded,355449,PRIVPROBE:1,duplicate_filter,0,False,0,duplicate_filter
m12_heavy_flood_dup60_s20260624_nonbonded,P3-Persist,m12_heavy_flood_dup60_s20260624,nonbonded,356513,PRIVPROBE:1,duplicate_filter,0,False,0,duplicate_filter
m12_heavy_flood_dup60_s20260624_nonbonded,P3-Persist,m12_heavy_flood_dup60_s20260624,nonbonded,357643,PRIVPROBE:1,duplicate_filter,0,False,0,duplicate_filter
m12_heavy_flood_dup60_s20260624_nonbonded,P3-Persist,m12_heavy_flood_dup60_s20260624,nonbonded,358756,PRIVPROBE:1,duplicate_filter,0,False,0,duplicate_filter
m12_heavy_flood_dup60_s20260624_nonbonded,P3-Persist,m12_heavy_flood_dup60_s20260624,nonbonded,359863,PRIVPROBE:1,duplicate_filter,0,False,0,duplicate_filter
m12_heavy_flood_dup60_s20260624_nonbonded,P3-Persist,m12_heavy_flood_dup60_s20260624,nonbonded,361039,PRIVPROBE:1,host_scan,504,False,0,reserve
m12_heavy_flood_dup60_s20260624_nonbonded,P3-Persist,m12_heavy_flood_dup60_s20260624,nonbonded,362180,PRIVPROBE:1,duplicate_filter,0,False,0,duplicate_filter
m12_heavy_flood_dup60_s20260624_nonbonded,P3-Persist,m12_heavy_flood_dup60_s20260624,nonbonded,363307,PRIVPROBE:1,duplicate_filter,0,False,0,duplicate_filter
m12_heavy_flood_dup60_s20260624_nonbonded,P3-Persist,m12_heavy_flood_dup60_s20260624,nonbonded,364360,PRIVPROBE:1,duplicate_filter,0,False,0,duplicate_filter
m12_heavy_flood_dup60_s20260624_nonbonded,P3-Persist,m12_heavy_flood_dup60_s20260624,nonbonded,365483,PRIVPROBE:1,duplicate_filter,0,False,0,duplicate_filter
m12_heavy_flood_dup60_s20260624_nonbonded,P3-Persist,m12_heavy_flood_dup60_s20260624,nonbonded,366656,PRIVPROBE:1,duplicate_filter,0,False,0,duplicate_filter
m12_heavy_flood_dup60_s20260624_nonbonded,P3-Persist,m12_heavy_flood_dup60_s20260624,nonbonded,367739,PRIVPROBE:1,duplicate_filter,0,False,0,duplicate_filter
m12_heavy_flood_dup60_s20260624_nonbonded,P3-Persist,m12_heavy_flood_dup60_s20260624,nonbonded,368890,PRIVPROBE:1,duplicate_filter,0,False,0,duplicate_filter
m12_heavy_flood_dup60_s20260624_nonbonded,P3-Persist,m12_heavy_flood_dup60_s20260624,nonbonded,369924,PRIVPROBE:1,duplicate_filter,0,False,0,duplicate_filter
m12_heavy_flood_dup60_s20260624_nonbonded,P3-Persist,m12_heavy_flood_dup60_s20260624,nonbonded,371004,PRIVPROBE:1,duplicate_filter,0,False,0,duplicate_filter
m12_heavy_flood_dup60_s20260624_nonbonded,P3-Persist,m12_heavy_flood_dup60_s20260624,nonbonded,372110,PRIVPROBE:1,duplicate_filter,0,False,0,duplicate_filter
m12_heavy_flood_dup60_s20260624_nonbonded,P3-Persist,m12_heavy_flood_dup60_s20260624,nonbonded,373264,PRIVPROBE:1,duplicate_filter,0,False,0,duplicate_filter
m12_heavy_flood_dup60_s20260624_nonbonded,P3-Persist,m12_heavy_flood_dup60_s20260624,nonbonded,374406,PRIVPROBE:1,host_scan,504,False,0,reserve
m12_heavy_flood_dup60_s20260624_nonbonded,P3-Persist,m12_heavy_flood_dup60_s20260624,nonbonded,375475,PRIVPROBE:1,duplicate_filter,0,False,0,duplicate_filter
m12_heavy_flood_dup60_s20260624_nonbonded,P3-Persist,m12_heavy_flood_dup60_s20260624,nonbonded,376565,PRIVPROBE:1,duplicate_filter,0,False,0,duplicate_filter
m12_heavy_flood_dup60_s20260624_nonbonded,P3-Persist,m12_heavy_flood_dup60_s20260624,nonbonded,377713,PRIVPROBE:1,duplicate_filter,0,False,0,duplicate_filter
m12_heavy_flood_dup60_s20260624_nonbonded,P3-Persist,m12_heavy_flood_dup60_s20260624,nonbonded,378799,PRIVPROBE:1,duplicate_filter,0,False,0,duplicate_filter
m12_heavy_flood_dup60_s20260624_nonbonded,P3-Persist,m12_heavy_flood_dup60_s20260624,nonbonded,379924,PRIVPROBE:1,duplicate_filter,0,False,0,duplicate_filter
m12_heavy_flood_dup60_s20260624_nonbonded,P3-Persist,m12_heavy_flood_dup60_s20260624,nonbonded,381008,PRIVPROBE:1,duplicate_filter,0,False,0,duplicate_filter
m12_heavy_flood_dup60_s20260624_nonbonded,P3-Persist,m12_heavy_flood_dup60_s20260624,nonbonded,382124,PRIVPROBE:1,duplicate_filter,0,False,0,duplicate_filter
m12_heavy_flood_dup60_s20260624_nonbonded,P3-Persist,m12_heavy_flood_dup60_s20260624,nonbonded,383191,PRIVPROBE:1,duplicate_filter,0,False,0,duplicate_filter
m12_heavy_flood_dup60_s20260624_nonbonded,P3-Persist,m12_heavy_flood_dup60_s20260624,nonbonded,384266,PRIVPROBE:1,duplicate_filter,0,False,0,duplicate_filter
m12_heavy_flood_dup60_s20260624_nonbonded,P3-Persist,m12_heavy_flood_dup60_s20260624,nonbonded,385330,PRIVPROBE:1,duplicate_filter,0,False,0,duplicate_filter
m12_heavy_flood_dup60_s20260624_nonbonded,P3-Persist,m12_heavy_flood_dup60_s20260624,nonbonded,386454,PRIVPROBE:1,duplicate_filter,0,False,0,duplicate_filter
m12_heavy_flood_dup60_s20260624_nonbonded,P3-Persist,m12_heavy_flood_dup60_s20260624,nonbonded,387531,PRIVPROBE:1,host_scan,504,False,0,reserve
m12_heavy_flood_dup60_s20260624_nonbonded,P3-Persist,m12_heavy_flood_dup60_s20260624,nonbonded,388643,PRIVPROBE:1,duplicate_filter,0,False,0,duplicate_filter
m12_heavy_flood_dup60_s20260624_nonbonded,P3-Persist,m12_heavy_flood_dup60_s20260624,nonbonded,389771,PRIVPROBE:1,duplicate_filter,0,False,0,duplicate_filter
m12_heavy_flood_dup60_s20260624_nonbonded,P3-Persist,m12_heavy_flood_dup60_s20260624,nonbonded,390908,PRIVPROBE:1,duplicate_filter,0,False,0,duplicate_filter
m12_heavy_flood_dup60_s20260624_nonbonded,P3-Persist,m12_heavy_flood_dup60_s20260624,nonbonded,391979,PRIVPROBE:1,duplicate_filter,0,False,0,duplicate_filter
m12_heavy_flood_dup60_s20260624_nonbonded,P3-Persist,m12_heavy_flood_dup60_s20260624,nonbonded,393149,PRIVPROBE:1,duplicate_filter,0,False,0,duplicate_filter
m12_heavy_flood_dup60_s20260624_nonbonded,P3-Persist,m12_heavy_flood_dup60_s20260624,nonbonded,394283,PRIVPROBE:1,duplicate_filter,0,False,0,duplicate_filter
m12_heavy_flood_dup60_s20260624_nonbonded,P3-Persist,m12_heavy_flood_dup60_s20260624,nonbonded,395377,PRIVPROBE:1,duplicate_filter,0,False,0,duplicate_filter
m12_heavy_flood_dup60_s20260624_nonbonded,P3-Persist,m12_heavy_flood_dup60_s20260624,nonbonded,396478,PRIVPROBE:1,duplicate_filter,0,False,0,duplicate_filter
m12_heavy_flood_dup60_s20260624_nonbonded,P3-Persist,m12_heavy_flood_dup60_s20260624,nonbonded,397609,PRIVPROBE:1,duplicate_filter,0,False,0,duplicate_filter
m12_heavy_flood_dup60_s20260624_nonbonded,P3-Persist,m12_heavy_flood_dup60_s20260624,nonbonded,398718,PRIVPROBE:1,duplicate_filter,0,False,0,duplicate_filter
m12_heavy_flood_dup60_s20260624_nonbonded,P3-Persist,m12_heavy_flood_dup60_s20260624,nonbonded,399822,PRIVPROBE:1,duplicate_filter,0,False,0,duplicate_filter
m12_heavy_flood_dup60_s20260624_nonbonded,P3-NoPersist,m12_heavy_flood_dup60_s20260624,nonbonded,66696,PRIVPROBE:0,defer,0,True,1000,defer
m12_heavy_flood_dup60_s20260624_nonbonded,P3-NoPersist,m12_heavy_flood_dup60_s20260624,nonbonded,67801,PRIVPROBE:0,duplicate_filter,0,False,0,duplicate_filter
m12_heavy_flood_dup60_s20260624_nonbonded,P3-NoPersist,m12_heavy_flood_dup60_s20260624,nonbonded,68853,PRIVPROBE:0,duplicate_filter,0,False,0,duplicate_filter
m12_heavy_flood_dup60_s20260624_nonbonded,P3-NoPersist,m12_heavy_flood_dup60_s20260624,nonbonded,69993,PRIVPROBE:0,duplicate_filter,0,False,0,duplicate_filter
m12_heavy_flood_dup60_s20260624_nonbonded,P3-NoPersist,m12_heavy_flood_dup60_s20260624,nonbonded,71063,PRIVPROBE:0,duplicate_filter,0,False,0,duplicate_filter
m12_heavy_flood_dup60_s20260624_nonbonded,P3-NoPersist,m12_heavy_flood_dup60_s20260624,nonbonded,72179,PRIVPROBE:0,duplicate_filter,0,False,0,duplicate_filter
m12_heavy_flood_dup60_s20260624_nonbonded,P3-NoPersist,m12_heavy_flood_dup60_s20260624,nonbonded,73243,PRIVPROBE:0,duplicate_filter,0,False,0,duplicate_filter
m12_heavy_flood_dup60_s20260624_nonbonded,P3-NoPersist,m12_heavy_flood_dup60_s20260624,nonbonded,74350,PRIVPROBE:0,duplicate_filter,0,False,0,duplicate_filter
m12_heavy_flood_dup60_s20260624_nonbonded,P3-NoPersist,m12_heavy_flood_dup60_s20260624,nonbonded,75431,PRIVPROBE:0,duplicate_filter,0,False,0,duplicate_filter
m12_heavy_flood_dup60_s20260624_nonbonded,P3-NoPersist,m12_heavy_flood_dup60_s20260624,nonbonded,76574,PRIVPROBE:0,duplicate_filter,0,False,0,duplicate_filter
m12_heavy_flood_dup60_s20260624_nonbonded,P3-NoPersist,m12_heavy_flood_dup60_s20260624,nonbonded,77718,PRIVPROBE:0,duplicate_filter,0,False,0,duplicate_filter
m12_heavy_flood_dup60_s20260624_nonbonded,P3-NoPersist,m12_heavy_flood_dup60_s20260624,nonbonded,78873,PRIVPROBE:0,duplicate_filter,0,False,0,duplicate_filter
m12_heavy_flood_dup60_s20260624_nonbonded,P3-NoPersist,m12_heavy_flood_dup60_s20260624,nonbonded,79977,PRIVPROBE:0,defer,0,True,1000,defer
m12_heavy_flood_dup60_s20260624_nonbonded,P3-NoPersist,m12_heavy_flood_dup60_s20260624,nonbonded,81091,PRIVPROBE:0,duplicate_filter,0,False,0,duplicate_filter
m12_heavy_flood_dup60_s20260624_nonbonded,P3-NoPersist,m12_heavy_flood_dup60_s20260624,nonbonded,82242,PRIVPROBE:0,duplicate_filter,0,False,0,duplicate_filter
m12_heavy_flood_dup60_s20260624_nonbonded,P3-NoPersist,m12_heavy_flood_dup60_s20260624,nonbonded,83326,PRIVPROBE:0,duplicate_filter,0,False,0,duplicate_filter
m12_heavy_flood_dup60_s20260624_nonbonded,P3-NoPersist,m12_heavy_flood_dup60_s20260624,nonbonded,84489,PRIVPROBE:0,duplicate_filter,0,False,0,duplicate_filter
m12_heavy_flood_dup60_s20260624_nonbonded,P3-NoPersist,m12_heavy_flood_dup60_s20260624,nonbonded,85544,PRIVPROBE:0,duplicate_filter,0,False,0,duplicate_filter
m12_heavy_flood_dup60_s20260624_nonbonded,P3-NoPersist,m12_heavy_flood_dup60_s20260624,nonbonded,86708,PRIVPROBE:0,duplicate_filter,0,False,0,duplicate_filter
m12_heavy_flood_dup60_s20260624_nonbonded,P3-NoPersist,m12_heavy_flood_dup60_s20260624,nonbonded,87786,PRIVPROBE:0,duplicate_filter,0,False,0,duplicate_filter
m12_heavy_flood_dup60_s20260624_nonbonded,P3-NoPersist,m12_heavy_flood_dup60_s20260624,nonbonded,88910,PRIVPROBE:0,duplicate_filter,0,False,0,duplicate_filter
m12_heavy_flood_dup60_s20260624_nonbonded,P3-NoPersist,m12_heavy_flood_dup60_s20260624,nonbonded,90051,PRIVPROBE:0,duplicate_filter,0,False,0,duplicate_filter
m12_heavy_flood_dup60_s20260624_nonbonded,P3-NoPersist,m12_heavy_flood_dup60_s20260624,nonbonded,91181,PRIVPROBE:0,duplicate_filter,0,False,0,duplicate_filter
m12_heavy_flood_dup60_s20260624_nonbonded,P3-NoPersist,m12_heavy_flood_dup60_s20260624,nonbonded,92266,PRIVPROBE:0,duplicate_filter,0,False,0,duplicate_filter
m12_heavy_flood_dup60_s20260624_nonbonded,P3-NoPersist,m12_heavy_flood_dup60_s20260624,nonbonded,93316,PRIVPROBE:0,defer,0,True,1000,defer
m12_heavy_flood_dup60_s20260624_nonbonded,P3-NoPersist,m12_heavy_flood_dup60_s20260624,nonbonded,94429,PRIVPROBE:0,duplicate_filter,0,False,0,duplicate_filter
m12_heavy_flood_dup60_s20260624_nonbonded,P3-NoPersist,m12_heavy_flood_dup60_s20260624,nonbonded,95527,PRIVPROBE:0,duplicate_filter,0,False,0,duplicate_filter
m12_heavy_flood_dup60_s20260624_nonbonded,P3-NoPersist,m12_heavy_flood_dup60_s20260624,nonbonded,96579,PRIVPROBE:0,duplicate_filter,0,False,0,duplicate_filter
m12_heavy_flood_dup60_s20260624_nonbonded,P3-NoPersist,m12_heavy_flood_dup60_s20260624,nonbonded,97671,PRIVPROBE:0,duplicate_filter,0,False,0,duplicate_filter
m12_heavy_flood_dup60_s20260624_nonbonded,P3-NoPersist,m12_heavy_flood_dup60_s20260624,nonbonded,98837,PRIVPROBE:0,duplicate_filter,0,False,0,duplicate_filter
m12_heavy_flood_dup60_s20260624_nonbonded,P3-NoPersist,m12_heavy_flood_dup60_s20260624,nonbonded,99865,PRIVPROBE:0,duplicate_filter,0,False,0,duplicate_filter
m12_heavy_flood_dup60_s20260624_nonbonded,P3-NoPersist,m12_heavy_flood_dup60_s20260624,nonbonded,100907,PRIVPROBE:0,duplicate_filter,0,False,0,duplicate_filter
m12_heavy_flood_dup60_s20260624_nonbonded,P3-NoPersist,m12_heavy_flood_dup60_s20260624,nonbonded,101963,PRIVPROBE:0,duplicate_filter,0,False,0,duplicate_filter
m12_heavy_flood_dup60_s20260624_nonbonded,P3-NoPersist,m12_heavy_flood_dup60_s20260624,nonbonded,103083,PRIVPROBE:0,duplicate_filter,0,False,0,duplicate_filter
m12_heavy_flood_dup60_s20260624_nonbonded,P3-NoPersist,m12_heavy_flood_dup60_s20260624,nonbonded,104205,PRIVPROBE:0,duplicate_filter,0,False,0,duplicate_filter
m12_heavy_flood_dup60_s20260624_nonbonded,P3-NoPersist,m12_heavy_flood_dup60_s20260624,nonbonded,105339,PRIVPROBE:0,duplicate_filter,0,False,0,duplicate_filter
m12_heavy_flood_dup60_s20260624_nonbonded,P3-NoPersist,m12_heavy_flood_dup60_s20260624,nonbonded,106447,PRIVPROBE:0,defer,0,True,1000,defer
m12_heavy_flood_dup60_s20260624_nonbonded,P3-NoPersist,m12_heavy_flood_dup60_s20260624,nonbonded,107504,PRIVPROBE:0,duplicate_filter,0,False,0,duplicate_filter
m12_heavy_flood_dup60_s20260624_nonbonded,P3-NoPersist,m12_heavy_flood_dup60_s20260624,nonbonded,108665,PRIVPROBE:0,duplicate_filter,0,False,0,duplicate_filter
m12_heavy_flood_dup60_s20260624_nonbonded,P3-NoPersist,m12_heavy_flood_dup60_s20260624,nonbonded,109818,PRIVPROBE:0,duplicate_filter,0,False,0,duplicate_filter
m12_heavy_flood_dup60_s20260624_nonbonded,P3-NoPersist,m12_heavy_flood_dup60_s20260624,nonbonded,110995,PRIVPROBE:0,duplicate_filter,0,False,0,duplicate_filter
m12_heavy_flood_dup60_s20260624_nonbonded,P3-NoPersist,m12_heavy_flood_dup60_s20260624,nonbonded,112195,PRIVPROBE:0,duplicate_filter,0,False,0,duplicate_filter
m12_heavy_flood_dup60_s20260624_nonbonded,P3-NoPersist,m12_heavy_flood_dup60_s20260624,nonbonded,113347,PRIVPROBE:0,duplicate_filter,0,False,0,duplicate_filter
m12_heavy_flood_dup60_s20260624_nonbonded,P3-NoPersist,m12_heavy_flood_dup60_s20260624,nonbonded,114459,PRIVPROBE:0,duplicate_filter,0,False,0,duplicate_filter
m12_heavy_flood_dup60_s20260624_nonbonded,P3-NoPersist,m12_heavy_flood_dup60_s20260624,nonbonded,115572,PRIVPROBE:0,duplicate_filter,0,False,0,duplicate_filter
m12_heavy_flood_dup60_s20260624_nonbonded,P3-NoPersist,m12_heavy_flood_dup60_s20260624,nonbonded,116698,PRIVPROBE:0,duplicate_filter,0,False,0,duplicate_filter
m12_heavy_flood_dup60_s20260624_nonbonded,P3-NoPersist,m12_heavy_flood_dup60_s20260624,nonbonded,117848,PRIVPROBE:0,duplicate_filter,0,False,0,duplicate_filter
m12_heavy_flood_dup60_s20260624_nonbonded,P3-NoPersist,m12_heavy_flood_dup60_s20260624,nonbonded,119030,PRIVPROBE:0,duplicate_filter,0,False,0,duplicate_filter
m12_heavy_flood_dup60_s20260624_nonbonded,P3-NoPersist,m12_heavy_flood_dup60_s20260624,nonbonded,120123,PRIVPROBE:0,defer,0,True,1000,defer
m12_heavy_flood_dup60_s20260624_nonbonded,P3-NoPersist,m12_heavy_flood_dup60_s20260624,nonbonded,121179,PRIVPROBE:0,duplicate_filter,0,False,0,duplicate_filter
m12_heavy_flood_dup60_s20260624_nonbonded,P3-NoPersist,m12_heavy_flood_dup60_s20260624,nonbonded,122347,PRIVPROBE:0,duplicate_filter,0,False,0,duplicate_filter
m12_heavy_flood_dup60_s20260624_nonbonded,P3-NoPersist,m12_heavy_flood_dup60_s20260624,nonbonded,123442,PRIVPROBE:0,duplicate_filter,0,False,0,duplicate_filter
m12_heavy_flood_dup60_s20260624_nonbonded,P3-NoPersist,m12_heavy_flood_dup60_s20260624,nonbonded,124602,PRIVPROBE:0,duplicate_filter,0,False,0,duplicate_filter
m12_heavy_flood_dup60_s20260624_nonbonded,P3-NoPersist,m12_heavy_flood_dup60_s20260624,nonbonded,125704,PRIVPROBE:0,duplicate_filter,0,False,0,duplicate_filter
m12_heavy_flood_dup60_s20260624_nonbonded,P3-NoPersist,m12_heavy_flood_dup60_s20260624,nonbonded,126810,PRIVPROBE:0,duplicate_filter,0,False,0,duplicate_filter
m12_heavy_flood_dup60_s20260624_nonbonded,P3-NoPersist,m12_heavy_flood_dup60_s20260624,nonbonded,127951,PRIVPROBE:0,duplicate_filter,0,False,0,duplicate_filter
m12_heavy_flood_dup60_s20260624_nonbonded,P3-NoPersist,m12_heavy_flood_dup60_s20260624,nonbonded,129025,PRIVPROBE:0,duplicate_filter,0,False,0,duplicate_filter
m12_heavy_flood_dup60_s20260624_nonbonded,P3-NoPersist,m12_heavy_flood_dup60_s20260624,nonbonded,130171,PRIVPROBE:0,duplicate_filter,0,False,0,duplicate_filter
m12_heavy_flood_dup60_s20260624_nonbonded,P3-NoPersist,m12_heavy_flood_dup60_s20260624,nonbonded,131230,PRIVPROBE:0,duplicate_filter,0,False,0,duplicate_filter
m12_heavy_flood_dup60_s20260624_nonbonded,P3-NoPersist,m12_heavy_flood_dup60_s20260624,nonbonded,132256,PRIVPROBE:0,duplicate_filter,0,False,0,duplicate_filter
m12_heavy_flood_dup60_s20260624_nonbonded,P3-NoPersist,m12_heavy_flood_dup60_s20260624,nonbonded,133370,PRIVPROBE:0,defer,0,True,1000,defer
m12_heavy_flood_dup60_s20260624_nonbonded,P3-NoPersist,m12_heavy_flood_dup60_s20260624,nonbonded,134430,PRIVPROBE:0,duplicate_filter,0,False,0,duplicate_filter
m12_heavy_flood_dup60_s20260624_nonbonded,P3-NoPersist,m12_heavy_flood_dup60_s20260624,nonbonded,135541,PRIVPROBE:0,duplicate_filter,0,False,0,duplicate_filter
m12_heavy_flood_dup60_s20260624_nonbonded,P3-NoPersist,m12_heavy_flood_dup60_s20260624,nonbonded,136713,PRIVPROBE:0,duplicate_filter,0,False,0,duplicate_filter
m12_heavy_flood_dup60_s20260624_nonbonded,P3-NoPersist,m12_heavy_flood_dup60_s20260624,nonbonded,137849,PRIVPROBE:0,duplicate_filter,0,False,0,duplicate_filter
m12_heavy_flood_dup60_s20260624_nonbonded,P3-NoPersist,m12_heavy_flood_dup60_s20260624,nonbonded,138933,PRIVPROBE:0,duplicate_filter,0,False,0,duplicate_filter
m12_heavy_flood_dup60_s20260624_nonbonded,P3-NoPersist,m12_heavy_flood_dup60_s20260624,nonbonded,140055,PRIVPROBE:0,duplicate_filter,0,False,0,duplicate_filter
m12_heavy_flood_dup60_s20260624_nonbonded,P3-NoPersist,m12_heavy_flood_dup60_s20260624,nonbonded,141221,PRIVPROBE:0,duplicate_filter,0,False,0,duplicate_filter
m12_heavy_flood_dup60_s20260624_nonbonded,P3-NoPersist,m12_heavy_flood_dup60_s20260624,nonbonded,142322,PRIVPROBE:0,duplicate_filter,0,False,0,duplicate_filter
m12_heavy_flood_dup60_s20260624_nonbonded,P3-NoPersist,m12_heavy_flood_dup60_s20260624,nonbonded,143492,PRIVPROBE:0,duplicate_filter,0,False,0,duplicate_filter
m12_heavy_flood_dup60_s20260624_nonbonded,P3-NoPersist,m12_heavy_flood_dup60_s20260624,nonbonded,144597,PRIVPROBE:0,duplicate_filter,0,False,0,duplicate_filter
m12_heavy_flood_dup60_s20260624_nonbonded,P3-NoPersist,m12_heavy_flood_dup60_s20260624,nonbonded,145799,PRIVPROBE:0,duplicate_filter,0,False,0,duplicate_filter
m12_heavy_flood_dup60_s20260624_nonbonded,P3-NoPersist,m12_heavy_flood_dup60_s20260624,nonbonded,146964,PRIVPROBE:0,defer,0,True,1000,defer
m12_heavy_flood_dup60_s20260624_nonbonded,P3-NoPersist,m12_heavy_flood_dup60_s20260624,nonbonded,148087,PRIVPROBE:0,duplicate_filter,0,False,0,duplicate_filter
m12_heavy_flood_dup60_s20260624_nonbonded,P3-NoPersist,m12_heavy_flood_dup60_s20260624,nonbonded,149192,PRIVPROBE:0,duplicate_filter,0,False,0,duplicate_filter
m12_heavy_flood_dup60_s20260624_nonbonded,P3-NoPersist,m12_heavy_flood_dup60_s20260624,nonbonded,150286,PRIVPROBE:0,duplicate_filter,0,False,0,duplicate_filter
m12_heavy_flood_dup60_s20260624_nonbonded,P3-NoPersist,m12_heavy_flood_dup60_s20260624,nonbonded,151435,PRIVPROBE:0,duplicate_filter,0,False,0,duplicate_filter
m12_heavy_flood_dup60_s20260624_nonbonded,P3-NoPersist,m12_heavy_flood_dup60_s20260624,nonbonded,152508,PRIVPROBE:0,duplicate_filter,0,False,0,duplicate_filter
m12_heavy_flood_dup60_s20260624_nonbonded,P3-NoPersist,m12_heavy_flood_dup60_s20260624,nonbonded,153668,PRIVPROBE:0,duplicate_filter,0,False,0,duplicate_filter
m12_heavy_flood_dup60_s20260624_nonbonded,P3-NoPersist,m12_heavy_flood_dup60_s20260624,nonbonded,154729,PRIVPROBE:0,duplicate_filter,0,False,0,duplicate_filter
m12_heavy_flood_dup60_s20260624_nonbonded,P3-NoPersist,m12_heavy_flood_dup60_s20260624,nonbonded,155809,PRIVPROBE:0,duplicate_filter,0,False,0,duplicate_filter
m12_heavy_flood_dup60_s20260624_nonbonded,P3-NoPersist,m12_heavy_flood_dup60_s20260624,nonbonded,156843,PRIVPROBE:0,duplicate_filter,0,False,0,duplicate_filter
m12_heavy_flood_dup60_s20260624_nonbonded,P3-NoPersist,m12_heavy_flood_dup60_s20260624,nonbonded,157985,PRIVPROBE:0,duplicate_filter,0,False,0,duplicate_filter
m12_heavy_flood_dup60_s20260624_nonbonded,P3-NoPersist,m12_heavy_flood_dup60_s20260624,nonbonded,159102,PRIVPROBE:0,duplicate_filter,0,False,0,duplicate_filter
m12_heavy_flood_dup60_s20260624_nonbonded,P3-NoPersist,m12_heavy_flood_dup60_s20260624,nonbonded,160173,PRIVPROBE:0,defer,0,True,1000,defer
m12_heavy_flood_dup60_s20260624_nonbonded,P3-NoPersist,m12_heavy_flood_dup60_s20260624,nonbonded,161307,PRIVPROBE:0,duplicate_filter,0,False,0,duplicate_filter
m12_heavy_flood_dup60_s20260624_nonbonded,P3-NoPersist,m12_heavy_flood_dup60_s20260624,nonbonded,162441,PRIVPROBE:0,duplicate_filter,0,False,0,duplicate_filter
m12_heavy_flood_dup60_s20260624_nonbonded,P3-NoPersist,m12_heavy_flood_dup60_s20260624,nonbonded,163516,PRIVPROBE:0,duplicate_filter,0,False,0,duplicate_filter
m12_heavy_flood_dup60_s20260624_nonbonded,P3-NoPersist,m12_heavy_flood_dup60_s20260624,nonbonded,164645,PRIVPROBE:0,duplicate_filter,0,False,0,duplicate_filter
m12_heavy_flood_dup60_s20260624_nonbonded,P3-NoPersist,m12_heavy_flood_dup60_s20260624,nonbonded,165734,PRIVPROBE:0,duplicate_filter,0,False,0,duplicate_filter
m12_heavy_flood_dup60_s20260624_nonbonded,P3-NoPersist,m12_heavy_flood_dup60_s20260624,nonbonded,166810,PRIVPROBE:0,duplicate_filter,0,False,0,duplicate_filter
m12_heavy_flood_dup60_s20260624_nonbonded,P3-NoPersist,m12_heavy_flood_dup60_s20260624,nonbonded,167963,PRIVPROBE:0,duplicate_filter,0,False,0,duplicate_filter
m12_heavy_flood_dup60_s20260624_nonbonded,P3-NoPersist,m12_heavy_flood_dup60_s20260624,nonbonded,169105,PRIVPROBE:0,duplicate_filter,0,False,0,duplicate_filter
m12_heavy_flood_dup60_s20260624_nonbonded,P3-NoPersist,m12_heavy_flood_dup60_s20260624,nonbonded,170239,PRIVPROBE:0,duplicate_filter,0,False,0,duplicate_filter
m12_heavy_flood_dup60_s20260624_nonbonded,P3-NoPersist,m12_heavy_flood_dup60_s20260624,nonbonded,171385,PRIVPROBE:0,duplicate_filter,0,False,0,duplicate_filter
m12_heavy_flood_dup60_s20260624_nonbonded,P3-NoPersist,m12_heavy_flood_dup60_s20260624,nonbonded,172473,PRIVPROBE:0,duplicate_filter,0,False,0,duplicate_filter
m12_heavy_flood_dup60_s20260624_nonbonded,P3-NoPersist,m12_heavy_flood_dup60_s20260624,nonbonded,173573,PRIVPROBE:0,defer,0,True,1000,defer
m12_heavy_flood_dup60_s20260624_nonbonded,P3-NoPersist,m12_heavy_flood_dup60_s20260624,nonbonded,174720,PRIVPROBE:0,duplicate_filter,0,False,0,duplicate_filter
m12_heavy_flood_dup60_s20260624_nonbonded,P3-NoPersist,m12_heavy_flood_dup60_s20260624,nonbonded,175773,PRIVPROBE:0,duplicate_filter,0,False,0,duplicate_filter
m12_heavy_flood_dup60_s20260624_nonbonded,P3-NoPersist,m12_heavy_flood_dup60_s20260624,nonbonded,176847,PRIVPROBE:0,duplicate_filter,0,False,0,duplicate_filter
m12_heavy_flood_dup60_s20260624_nonbonded,P3-NoPersist,m12_heavy_flood_dup60_s20260624,nonbonded,177912,PRIVPROBE:0,duplicate_filter,0,False,0,duplicate_filter
m12_heavy_flood_dup60_s20260624_nonbonded,P3-NoPersist,m12_heavy_flood_dup60_s20260624,nonbonded,179032,PRIVPROBE:0,duplicate_filter,0,False,0,duplicate_filter
m12_heavy_flood_dup60_s20260624_nonbonded,P3-NoPersist,m12_heavy_flood_dup60_s20260624,nonbonded,180198,PRIVPROBE:0,duplicate_filter,0,False,0,duplicate_filter
m12_heavy_flood_dup60_s20260624_nonbonded,P3-NoPersist,m12_heavy_flood_dup60_s20260624,nonbonded,181289,PRIVPROBE:0,duplicate_filter,0,False,0,duplicate_filter
m12_heavy_flood_dup60_s20260624_nonbonded,P3-NoPersist,m12_heavy_flood_dup60_s20260624,nonbonded,182425,PRIVPROBE:0,duplicate_filter,0,False,0,duplicate_filter
m12_heavy_flood_dup60_s20260624_nonbonded,P3-NoPersist,m12_heavy_flood_dup60_s20260624,nonbonded,183581,PRIVPROBE:0,duplicate_filter,0,False,0,duplicate_filter
m12_heavy_flood_dup60_s20260624_nonbonded,P3-NoPersist,m12_heavy_flood_dup60_s20260624,nonbonded,184717,PRIVPROBE:0,duplicate_filter,0,False,0,duplicate_filter
m12_heavy_flood_dup60_s20260624_nonbonded,P3-NoPersist,m12_heavy_flood_dup60_s20260624,nonbonded,185856,PRIVPROBE:0,duplicate_filter,0,False,0,duplicate_filter
m12_heavy_flood_dup60_s20260624_nonbonded,P3-NoPersist,m12_heavy_flood_dup60_s20260624,nonbonded,186977,PRIVPROBE:0,defer,0,True,1000,defer
m12_heavy_flood_dup60_s20260624_nonbonded,P3-NoPersist,m12_heavy_flood_dup60_s20260624,nonbonded,188043,PRIVPROBE:0,duplicate_filter,0,False,0,duplicate_filter
m12_heavy_flood_dup60_s20260624_nonbonded,P3-NoPersist,m12_heavy_flood_dup60_s20260624,nonbonded,189170,PRIVPROBE:0,duplicate_filter,0,False,0,duplicate_filter
m12_heavy_flood_dup60_s20260624_nonbonded,P3-NoPersist,m12_heavy_flood_dup60_s20260624,nonbonded,190278,PRIVPROBE:0,duplicate_filter,0,False,0,duplicate_filter
m12_heavy_flood_dup60_s20260624_nonbonded,P3-NoPersist,m12_heavy_flood_dup60_s20260624,nonbonded,191390,PRIVPROBE:0,duplicate_filter,0,False,0,duplicate_filter
m12_heavy_flood_dup60_s20260624_nonbonded,P3-NoPersist,m12_heavy_flood_dup60_s20260624,nonbonded,192518,PRIVPROBE:0,duplicate_filter,0,False,0,duplicate_filter
m12_heavy_flood_dup60_s20260624_nonbonded,P3-NoPersist,m12_heavy_flood_dup60_s20260624,nonbonded,193639,PRIVPROBE:0,duplicate_filter,0,False,0,duplicate_filter
m12_heavy_flood_dup60_s20260624_nonbonded,P3-NoPersist,m12_heavy_flood_dup60_s20260624,nonbonded,194790,PRIVPROBE:0,duplicate_filter,0,False,0,duplicate_filter
m12_heavy_flood_dup60_s20260624_nonbonded,P3-NoPersist,m12_heavy_flood_dup60_s20260624,nonbonded,195931,PRIVPROBE:0,duplicate_filter,0,False,0,duplicate_filter
m12_heavy_flood_dup60_s20260624_nonbonded,P3-NoPersist,m12_heavy_flood_dup60_s20260624,nonbonded,197081,PRIVPROBE:0,duplicate_filter,0,False,0,duplicate_filter
m12_heavy_flood_dup60_s20260624_nonbonded,P3-NoPersist,m12_heavy_flood_dup60_s20260624,nonbonded,198288,PRIVPROBE:0,duplicate_filter,0,False,0,duplicate_filter
m12_heavy_flood_dup60_s20260624_nonbonded,P3-NoPersist,m12_heavy_flood_dup60_s20260624,nonbonded,199430,PRIVPROBE:0,duplicate_filter,0,False,0,duplicate_filter
m12_heavy_flood_dup60_s20260624_nonbonded,P3-NoPersist,m12_heavy_flood_dup60_s20260624,nonbonded,200593,PRIVPROBE:1,defer,0,True,1000,defer
m12_heavy_flood_dup60_s20260624_nonbonded,P3-NoPersist,m12_heavy_flood_dup60_s20260624,nonbonded,201771,PRIVPROBE:1,duplicate_filter,0,False,0,duplicate_filter
m12_heavy_flood_dup60_s20260624_nonbonded,P3-NoPersist,m12_heavy_flood_dup60_s20260624,nonbonded,202878,PRIVPROBE:1,duplicate_filter,0,False,0,duplicate_filter
m12_heavy_flood_dup60_s20260624_nonbonded,P3-NoPersist,m12_heavy_flood_dup60_s20260624,nonbonded,203970,PRIVPROBE:1,duplicate_filter,0,False,0,duplicate_filter
m12_heavy_flood_dup60_s20260624_nonbonded,P3-NoPersist,m12_heavy_flood_dup60_s20260624,nonbonded,205125,PRIVPROBE:1,duplicate_filter,0,False,0,duplicate_filter
m12_heavy_flood_dup60_s20260624_nonbonded,P3-NoPersist,m12_heavy_flood_dup60_s20260624,nonbonded,206184,PRIVPROBE:1,duplicate_filter,0,False,0,duplicate_filter
m12_heavy_flood_dup60_s20260624_nonbonded,P3-NoPersist,m12_heavy_flood_dup60_s20260624,nonbonded,207308,PRIVPROBE:1,duplicate_filter,0,False,0,duplicate_filter
m12_heavy_flood_dup60_s20260624_nonbonded,P3-NoPersist,m12_heavy_flood_dup60_s20260624,nonbonded,208412,PRIVPROBE:1,duplicate_filter,0,False,0,duplicate_filter
m12_heavy_flood_dup60_s20260624_nonbonded,P3-NoPersist,m12_heavy_flood_dup60_s20260624,nonbonded,209565,PRIVPROBE:1,duplicate_filter,0,False,0,duplicate_filter
m12_heavy_flood_dup60_s20260624_nonbonded,P3-NoPersist,m12_heavy_flood_dup60_s20260624,nonbonded,210601,PRIVPROBE:1,duplicate_filter,0,False,0,duplicate_filter
m12_heavy_flood_dup60_s20260624_nonbonded,P3-NoPersist,m12_heavy_flood_dup60_s20260624,nonbonded,211762,PRIVPROBE:1,duplicate_filter,0,False,0,duplicate_filter
m12_heavy_flood_dup60_s20260624_nonbonded,P3-NoPersist,m12_heavy_flood_dup60_s20260624,nonbonded,212834,PRIVPROBE:1,duplicate_filter,0,False,0,duplicate_filter
m12_heavy_flood_dup60_s20260624_nonbonded,P3-NoPersist,m12_heavy_flood_dup60_s20260624,nonbonded,213901,PRIVPROBE:1,defer,0,True,1000,defer
m12_heavy_flood_dup60_s20260624_nonbonded,P3-NoPersist,m12_heavy_flood_dup60_s20260624,nonbonded,215014,PRIVPROBE:1,duplicate_filter,0,False,0,duplicate_filter
m12_heavy_flood_dup60_s20260624_nonbonded,P3-NoPersist,m12_heavy_flood_dup60_s20260624,nonbonded,216149,PRIVPROBE:1,duplicate_filter,0,False,0,duplicate_filter
m12_heavy_flood_dup60_s20260624_nonbonded,P3-NoPersist,m12_heavy_flood_dup60_s20260624,nonbonded,217205,PRIVPROBE:1,duplicate_filter,0,False,0,duplicate_filter
m12_heavy_flood_dup60_s20260624_nonbonded,P3-NoPersist,m12_heavy_flood_dup60_s20260624,nonbonded,218323,PRIVPROBE:1,duplicate_filter,0,False,0,duplicate_filter
m12_heavy_flood_dup60_s20260624_nonbonded,P3-NoPersist,m12_heavy_flood_dup60_s20260624,nonbonded,219430,PRIVPROBE:1,duplicate_filter,0,False,0,duplicate_filter
m12_heavy_flood_dup60_s20260624_nonbonded,P3-NoPersist,m12_heavy_flood_dup60_s20260624,nonbonded,220563,PRIVPROBE:1,duplicate_filter,0,False,0,duplicate_filter
m12_heavy_flood_dup60_s20260624_nonbonded,P3-NoPersist,m12_heavy_flood_dup60_s20260624,nonbonded,221613,PRIVPROBE:1,duplicate_filter,0,False,0,duplicate_filter
m12_heavy_flood_dup60_s20260624_nonbonded,P3-NoPersist,m12_heavy_flood_dup60_s20260624,nonbonded,222727,PRIVPROBE:1,duplicate_filter,0,False,0,duplicate_filter
m12_heavy_flood_dup60_s20260624_nonbonded,P3-NoPersist,m12_heavy_flood_dup60_s20260624,nonbonded,223853,PRIVPROBE:1,duplicate_filter,0,False,0,duplicate_filter
m12_heavy_flood_dup60_s20260624_nonbonded,P3-NoPersist,m12_heavy_flood_dup60_s20260624,nonbonded,224930,PRIVPROBE:1,duplicate_filter,0,False,0,duplicate_filter
m12_heavy_flood_dup60_s20260624_nonbonded,P3-NoPersist,m12_heavy_flood_dup60_s20260624,nonbonded,226005,PRIVPROBE:1,duplicate_filter,0,False,0,duplicate_filter
m12_heavy_flood_dup60_s20260624_nonbonded,P3-NoPersist,m12_heavy_flood_dup60_s20260624,nonbonded,227057,PRIVPROBE:1,defer,0,True,1000,defer
m12_heavy_flood_dup60_s20260624_nonbonded,P3-NoPersist,m12_heavy_flood_dup60_s20260624,nonbonded,228149,PRIVPROBE:1,duplicate_filter,0,False,0,duplicate_filter
m12_heavy_flood_dup60_s20260624_nonbonded,P3-NoPersist,m12_heavy_flood_dup60_s20260624,nonbonded,229264,PRIVPROBE:1,duplicate_filter,0,False,0,duplicate_filter
m12_heavy_flood_dup60_s20260624_nonbonded,P3-NoPersist,m12_heavy_flood_dup60_s20260624,nonbonded,230396,PRIVPROBE:1,duplicate_filter,0,False,0,duplicate_filter
m12_heavy_flood_dup60_s20260624_nonbonded,P3-NoPersist,m12_heavy_flood_dup60_s20260624,nonbonded,231511,PRIVPROBE:1,duplicate_filter,0,False,0,duplicate_filter
m12_heavy_flood_dup60_s20260624_nonbonded,P3-NoPersist,m12_heavy_flood_dup60_s20260624,nonbonded,232621,PRIVPROBE:1,duplicate_filter,0,False,0,duplicate_filter
m12_heavy_flood_dup60_s20260624_nonbonded,P3-NoPersist,m12_heavy_flood_dup60_s20260624,nonbonded,233606,PRIVPROBE:1,duplicate_filter,0,False,0,duplicate_filter
m12_heavy_flood_dup60_s20260624_nonbonded,P3-NoPersist,m12_heavy_flood_dup60_s20260624,nonbonded,234725,PRIVPROBE:1,duplicate_filter,0,False,0,duplicate_filter
m12_heavy_flood_dup60_s20260624_nonbonded,P3-NoPersist,m12_heavy_flood_dup60_s20260624,nonbonded,235841,PRIVPROBE:1,duplicate_filter,0,False,0,duplicate_filter
m12_heavy_flood_dup60_s20260624_nonbonded,P3-NoPersist,m12_heavy_flood_dup60_s20260624,nonbonded,236914,PRIVPROBE:1,duplicate_filter,0,False,0,duplicate_filter
m12_heavy_flood_dup60_s20260624_nonbonded,P3-NoPersist,m12_heavy_flood_dup60_s20260624,nonbonded,238074,PRIVPROBE:1,duplicate_filter,0,False,0,duplicate_filter
m12_heavy_flood_dup60_s20260624_nonbonded,P3-NoPersist,m12_heavy_flood_dup60_s20260624,nonbonded,239235,PRIVPROBE:1,duplicate_filter,0,False,0,duplicate_filter
m12_heavy_flood_dup60_s20260624_nonbonded,P3-NoPersist,m12_heavy_flood_dup60_s20260624,nonbonded,240330,PRIVPROBE:1,defer,0,True,1000,defer
m12_heavy_flood_dup60_s20260624_nonbonded,P3-NoPersist,m12_heavy_flood_dup60_s20260624,nonbonded,241428,PRIVPROBE:1,duplicate_filter,0,False,0,duplicate_filter
m12_heavy_flood_dup60_s20260624_nonbonded,P3-NoPersist,m12_heavy_flood_dup60_s20260624,nonbonded,242560,PRIVPROBE:1,duplicate_filter,0,False,0,duplicate_filter
m12_heavy_flood_dup60_s20260624_nonbonded,P3-NoPersist,m12_heavy_flood_dup60_s20260624,nonbonded,243659,PRIVPROBE:1,duplicate_filter,0,False,0,duplicate_filter
m12_heavy_flood_dup60_s20260624_nonbonded,P3-NoPersist,m12_heavy_flood_dup60_s20260624,nonbonded,244731,PRIVPROBE:1,duplicate_filter,0,False,0,duplicate_filter
m12_heavy_flood_dup60_s20260624_nonbonded,P3-NoPersist,m12_heavy_flood_dup60_s20260624,nonbonded,245822,PRIVPROBE:1,duplicate_filter,0,False,0,duplicate_filter
m12_heavy_flood_dup60_s20260624_nonbonded,P3-NoPersist,m12_heavy_flood_dup60_s20260624,nonbonded,246898,PRIVPROBE:1,duplicate_filter,0,False,0,duplicate_filter
m12_heavy_flood_dup60_s20260624_nonbonded,P3-NoPersist,m12_heavy_flood_dup60_s20260624,nonbonded,247940,PRIVPROBE:1,duplicate_filter,0,False,0,duplicate_filter
m12_heavy_flood_dup60_s20260624_nonbonded,P3-NoPersist,m12_heavy_flood_dup60_s20260624,nonbonded,249088,PRIVPROBE:1,duplicate_filter,0,False,0,duplicate_filter
m12_heavy_flood_dup60_s20260624_nonbonded,P3-NoPersist,m12_heavy_flood_dup60_s20260624,nonbonded,250240,PRIVPROBE:1,duplicate_filter,0,False,0,duplicate_filter
m12_heavy_flood_dup60_s20260624_nonbonded,P3-NoPersist,m12_heavy_flood_dup60_s20260624,nonbonded,251310,PRIVPROBE:1,duplicate_filter,0,False,0,duplicate_filter
m12_heavy_flood_dup60_s20260624_nonbonded,P3-NoPersist,m12_heavy_flood_dup60_s20260624,nonbonded,252454,PRIVPROBE:1,duplicate_filter,0,False,0,duplicate_filter
m12_heavy_flood_dup60_s20260624_nonbonded,P3-NoPersist,m12_heavy_flood_dup60_s20260624,nonbonded,253538,PRIVPROBE:1,defer,0,True,1000,defer
m12_heavy_flood_dup60_s20260624_nonbonded,P3-NoPersist,m12_heavy_flood_dup60_s20260624,nonbonded,254687,PRIVPROBE:1,duplicate_filter,0,False,0,duplicate_filter
m12_heavy_flood_dup60_s20260624_nonbonded,P3-NoPersist,m12_heavy_flood_dup60_s20260624,nonbonded,255783,PRIVPROBE:1,duplicate_filter,0,False,0,duplicate_filter
m12_heavy_flood_dup60_s20260624_nonbonded,P3-NoPersist,m12_heavy_flood_dup60_s20260624,nonbonded,256882,PRIVPROBE:1,duplicate_filter,0,False,0,duplicate_filter
m12_heavy_flood_dup60_s20260624_nonbonded,P3-NoPersist,m12_heavy_flood_dup60_s20260624,nonbonded,257961,PRIVPROBE:1,duplicate_filter,0,False,0,duplicate_filter
m12_heavy_flood_dup60_s20260624_nonbonded,P3-NoPersist,m12_heavy_flood_dup60_s20260624,nonbonded,259102,PRIVPROBE:1,duplicate_filter,0,False,0,duplicate_filter
m12_heavy_flood_dup60_s20260624_nonbonded,P3-NoPersist,m12_heavy_flood_dup60_s20260624,nonbonded,260206,PRIVPROBE:1,duplicate_filter,0,False,0,duplicate_filter
m12_heavy_flood_dup60_s20260624_nonbonded,P3-NoPersist,m12_heavy_flood_dup60_s20260624,nonbonded,261302,PRIVPROBE:1,duplicate_filter,0,False,0,duplicate_filter
m12_heavy_flood_dup60_s20260624_nonbonded,P3-NoPersist,m12_heavy_flood_dup60_s20260624,nonbonded,262441,PRIVPROBE:1,duplicate_filter,0,False,0,duplicate_filter
m12_heavy_flood_dup60_s20260624_nonbonded,P3-NoPersist,m12_heavy_flood_dup60_s20260624,nonbonded,263563,PRIVPROBE:1,duplicate_filter,0,False,0,duplicate_filter
m12_heavy_flood_dup60_s20260624_nonbonded,P3-NoPersist,m12_heavy_flood_dup60_s20260624,nonbonded,264658,PRIVPROBE:1,duplicate_filter,0,False,0,duplicate_filter
m12_heavy_flood_dup60_s20260624_nonbonded,P3-NoPersist,m12_heavy_flood_dup60_s20260624,nonbonded,265759,PRIVPROBE:1,duplicate_filter,0,False,0,duplicate_filter
m12_heavy_flood_dup60_s20260624_nonbonded,P3-NoPersist,m12_heavy_flood_dup60_s20260624,nonbonded,266917,PRIVPROBE:1,defer,0,True,1000,defer
m12_heavy_flood_dup60_s20260624_nonbonded,P3-NoPersist,m12_heavy_flood_dup60_s20260624,nonbonded,268018,PRIVPROBE:1,duplicate_filter,0,False,0,duplicate_filter
m12_heavy_flood_dup60_s20260624_nonbonded,P3-NoPersist,m12_heavy_flood_dup60_s20260624,nonbonded,269093,PRIVPROBE:1,duplicate_filter,0,False,0,duplicate_filter
m12_heavy_flood_dup60_s20260624_nonbonded,P3-NoPersist,m12_heavy_flood_dup60_s20260624,nonbonded,270237,PRIVPROBE:1,duplicate_filter,0,False,0,duplicate_filter
m12_heavy_flood_dup60_s20260624_nonbonded,P3-NoPersist,m12_heavy_flood_dup60_s20260624,nonbonded,271398,PRIVPROBE:1,duplicate_filter,0,False,0,duplicate_filter
m12_heavy_flood_dup60_s20260624_nonbonded,P3-NoPersist,m12_heavy_flood_dup60_s20260624,nonbonded,272529,PRIVPROBE:1,duplicate_filter,0,False,0,duplicate_filter
m12_heavy_flood_dup60_s20260624_nonbonded,P3-NoPersist,m12_heavy_flood_dup60_s20260624,nonbonded,273670,PRIVPROBE:1,duplicate_filter,0,False,0,duplicate_filter
m12_heavy_flood_dup60_s20260624_nonbonded,P3-NoPersist,m12_heavy_flood_dup60_s20260624,nonbonded,274796,PRIVPROBE:1,duplicate_filter,0,False,0,duplicate_filter
m12_heavy_flood_dup60_s20260624_nonbonded,P3-NoPersist,m12_heavy_flood_dup60_s20260624,nonbonded,275914,PRIVPROBE:1,duplicate_filter,0,False,0,duplicate_filter
m12_heavy_flood_dup60_s20260624_nonbonded,P3-NoPersist,m12_heavy_flood_dup60_s20260624,nonbonded,277060,PRIVPROBE:1,duplicate_filter,0,False,0,duplicate_filter
m12_heavy_flood_dup60_s20260624_nonbonded,P3-NoPersist,m12_heavy_flood_dup60_s20260624,nonbonded,278221,PRIVPROBE:1,duplicate_filter,0,False,0,duplicate_filter
m12_heavy_flood_dup60_s20260624_nonbonded,P3-NoPersist,m12_heavy_flood_dup60_s20260624,nonbonded,279320,PRIVPROBE:1,duplicate_filter,0,False,0,duplicate_filter
m12_heavy_flood_dup60_s20260624_nonbonded,P3-NoPersist,m12_heavy_flood_dup60_s20260624,nonbonded,280476,PRIVPROBE:1,defer,0,True,1000,defer
m12_heavy_flood_dup60_s20260624_nonbonded,P3-NoPersist,m12_heavy_flood_dup60_s20260624,nonbonded,281598,PRIVPROBE:1,duplicate_filter,0,False,0,duplicate_filter
m12_heavy_flood_dup60_s20260624_nonbonded,P3-NoPersist,m12_heavy_flood_dup60_s20260624,nonbonded,282644,PRIVPROBE:1,duplicate_filter,0,False,0,duplicate_filter
m12_heavy_flood_dup60_s20260624_nonbonded,P3-NoPersist,m12_heavy_flood_dup60_s20260624,nonbonded,283806,PRIVPROBE:1,duplicate_filter,0,False,0,duplicate_filter
m12_heavy_flood_dup60_s20260624_nonbonded,P3-NoPersist,m12_heavy_flood_dup60_s20260624,nonbonded,284955,PRIVPROBE:1,duplicate_filter,0,False,0,duplicate_filter
m12_heavy_flood_dup60_s20260624_nonbonded,P3-NoPersist,m12_heavy_flood_dup60_s20260624,nonbonded,286102,PRIVPROBE:1,duplicate_filter,0,False,0,duplicate_filter
m12_heavy_flood_dup60_s20260624_nonbonded,P3-NoPersist,m12_heavy_flood_dup60_s20260624,nonbonded,287176,PRIVPROBE:1,duplicate_filter,0,False,0,duplicate_filter
m12_heavy_flood_dup60_s20260624_nonbonded,P3-NoPersist,m12_heavy_flood_dup60_s20260624,nonbonded,288281,PRIVPROBE:1,duplicate_filter,0,False,0,duplicate_filter
m12_heavy_flood_dup60_s20260624_nonbonded,P3-NoPersist,m12_heavy_flood_dup60_s20260624,nonbonded,289373,PRIVPROBE:1,duplicate_filter,0,False,0,duplicate_filter
m12_heavy_flood_dup60_s20260624_nonbonded,P3-NoPersist,m12_heavy_flood_dup60_s20260624,nonbonded,290465,PRIVPROBE:1,duplicate_filter,0,False,0,duplicate_filter
m12_heavy_flood_dup60_s20260624_nonbonded,P3-NoPersist,m12_heavy_flood_dup60_s20260624,nonbonded,291574,PRIVPROBE:1,duplicate_filter,0,False,0,duplicate_filter
m12_heavy_flood_dup60_s20260624_nonbonded,P3-NoPersist,m12_heavy_flood_dup60_s20260624,nonbonded,292732,PRIVPROBE:1,duplicate_filter,0,False,0,duplicate_filter
m12_heavy_flood_dup60_s20260624_nonbonded,P3-NoPersist,m12_heavy_flood_dup60_s20260624,nonbonded,293873,PRIVPROBE:1,defer,0,True,1000,defer
m12_heavy_flood_dup60_s20260624_nonbonded,P3-NoPersist,m12_heavy_flood_dup60_s20260624,nonbonded,294995,PRIVPROBE:1,duplicate_filter,0,False,0,duplicate_filter
m12_heavy_flood_dup60_s20260624_nonbonded,P3-NoPersist,m12_heavy_flood_dup60_s20260624,nonbonded,296102,PRIVPROBE:1,duplicate_filter,0,False,0,duplicate_filter
m12_heavy_flood_dup60_s20260624_nonbonded,P3-NoPersist,m12_heavy_flood_dup60_s20260624,nonbonded,297170,PRIVPROBE:1,duplicate_filter,0,False,0,duplicate_filter
m12_heavy_flood_dup60_s20260624_nonbonded,P3-NoPersist,m12_heavy_flood_dup60_s20260624,nonbonded,298310,PRIVPROBE:1,duplicate_filter,0,False,0,duplicate_filter
m12_heavy_flood_dup60_s20260624_nonbonded,P3-NoPersist,m12_heavy_flood_dup60_s20260624,nonbonded,299466,PRIVPROBE:1,duplicate_filter,0,False,0,duplicate_filter
m12_heavy_flood_dup60_s20260624_nonbonded,P3-NoPersist,m12_heavy_flood_dup60_s20260624,nonbonded,300592,PRIVPROBE:1,duplicate_filter,0,False,0,duplicate_filter
m12_heavy_flood_dup60_s20260624_nonbonded,P3-NoPersist,m12_heavy_flood_dup60_s20260624,nonbonded,301641,PRIVPROBE:1,duplicate_filter,0,False,0,duplicate_filter
m12_heavy_flood_dup60_s20260624_nonbonded,P3-NoPersist,m12_heavy_flood_dup60_s20260624,nonbonded,302821,PRIVPROBE:1,duplicate_filter,0,False,0,duplicate_filter
m12_heavy_flood_dup60_s20260624_nonbonded,P3-NoPersist,m12_heavy_flood_dup60_s20260624,nonbonded,303912,PRIVPROBE:1,duplicate_filter,0,False,0,duplicate_filter
m12_heavy_flood_dup60_s20260624_nonbonded,P3-NoPersist,m12_heavy_flood_dup60_s20260624,nonbonded,305051,PRIVPROBE:1,duplicate_filter,0,False,0,duplicate_filter
m12_heavy_flood_dup60_s20260624_nonbonded,P3-NoPersist,m12_heavy_flood_dup60_s20260624,nonbonded,306187,PRIVPROBE:1,duplicate_filter,0,False,0,duplicate_filter
m12_heavy_flood_dup60_s20260624_nonbonded,P3-NoPersist,m12_heavy_flood_dup60_s20260624,nonbonded,307299,PRIVPROBE:1,defer,0,True,1000,defer
m12_heavy_flood_dup60_s20260624_nonbonded,P3-NoPersist,m12_heavy_flood_dup60_s20260624,nonbonded,308426,PRIVPROBE:1,duplicate_filter,0,False,0,duplicate_filter
m12_heavy_flood_dup60_s20260624_nonbonded,P3-NoPersist,m12_heavy_flood_dup60_s20260624,nonbonded,309502,PRIVPROBE:1,duplicate_filter,0,False,0,duplicate_filter
m12_heavy_flood_dup60_s20260624_nonbonded,P3-NoPersist,m12_heavy_flood_dup60_s20260624,nonbonded,310640,PRIVPROBE:1,duplicate_filter,0,False,0,duplicate_filter
m12_heavy_flood_dup60_s20260624_nonbonded,P3-NoPersist,m12_heavy_flood_dup60_s20260624,nonbonded,311674,PRIVPROBE:1,duplicate_filter,0,False,0,duplicate_filter
m12_heavy_flood_dup60_s20260624_nonbonded,P3-NoPersist,m12_heavy_flood_dup60_s20260624,nonbonded,312721,PRIVPROBE:1,duplicate_filter,0,False,0,duplicate_filter
m12_heavy_flood_dup60_s20260624_nonbonded,P3-NoPersist,m12_heavy_flood_dup60_s20260624,nonbonded,313793,PRIVPROBE:1,duplicate_filter,0,False,0,duplicate_filter
m12_heavy_flood_dup60_s20260624_nonbonded,P3-NoPersist,m12_heavy_flood_dup60_s20260624,nonbonded,314857,PRIVPROBE:1,duplicate_filter,0,False,0,duplicate_filter
m12_heavy_flood_dup60_s20260624_nonbonded,P3-NoPersist,m12_heavy_flood_dup60_s20260624,nonbonded,315972,PRIVPROBE:1,duplicate_filter,0,False,0,duplicate_filter
m12_heavy_flood_dup60_s20260624_nonbonded,P3-NoPersist,m12_heavy_flood_dup60_s20260624,nonbonded,317132,PRIVPROBE:1,duplicate_filter,0,False,0,duplicate_filter
m12_heavy_flood_dup60_s20260624_nonbonded,P3-NoPersist,m12_heavy_flood_dup60_s20260624,nonbonded,318211,PRIVPROBE:1,duplicate_filter,0,False,0,duplicate_filter
m12_heavy_flood_dup60_s20260624_nonbonded,P3-NoPersist,m12_heavy_flood_dup60_s20260624,nonbonded,319366,PRIVPROBE:1,duplicate_filter,0,False,0,duplicate_filter
m12_heavy_flood_dup60_s20260624_nonbonded,P3-NoPersist,m12_heavy_flood_dup60_s20260624,nonbonded,320493,PRIVPROBE:1,defer,0,True,1000,defer
m12_heavy_flood_dup60_s20260624_nonbonded,P3-NoPersist,m12_heavy_flood_dup60_s20260624,nonbonded,321563,PRIVPROBE:1,duplicate_filter,0,False,0,duplicate_filter
m12_heavy_flood_dup60_s20260624_nonbonded,P3-NoPersist,m12_heavy_flood_dup60_s20260624,nonbonded,322762,PRIVPROBE:1,duplicate_filter,0,False,0,duplicate_filter
m12_heavy_flood_dup60_s20260624_nonbonded,P3-NoPersist,m12_heavy_flood_dup60_s20260624,nonbonded,323901,PRIVPROBE:1,duplicate_filter,0,False,0,duplicate_filter
m12_heavy_flood_dup60_s20260624_nonbonded,P3-NoPersist,m12_heavy_flood_dup60_s20260624,nonbonded,325024,PRIVPROBE:1,duplicate_filter,0,False,0,duplicate_filter
m12_heavy_flood_dup60_s20260624_nonbonded,P3-NoPersist,m12_heavy_flood_dup60_s20260624,nonbonded,326172,PRIVPROBE:1,duplicate_filter,0,False,0,duplicate_filter
m12_heavy_flood_dup60_s20260624_nonbonded,P3-NoPersist,m12_heavy_flood_dup60_s20260624,nonbonded,327273,PRIVPROBE:1,duplicate_filter,0,False,0,duplicate_filter
m12_heavy_flood_dup60_s20260624_nonbonded,P3-NoPersist,m12_heavy_flood_dup60_s20260624,nonbonded,328361,PRIVPROBE:1,duplicate_filter,0,False,0,duplicate_filter
m12_heavy_flood_dup60_s20260624_nonbonded,P3-NoPersist,m12_heavy_flood_dup60_s20260624,nonbonded,329476,PRIVPROBE:1,duplicate_filter,0,False,0,duplicate_filter
m12_heavy_flood_dup60_s20260624_nonbonded,P3-NoPersist,m12_heavy_flood_dup60_s20260624,nonbonded,330616,PRIVPROBE:1,duplicate_filter,0,False,0,duplicate_filter
m12_heavy_flood_dup60_s20260624_nonbonded,P3-NoPersist,m12_heavy_flood_dup60_s20260624,nonbonded,331736,PRIVPROBE:1,duplicate_filter,0,False,0,duplicate_filter
m12_heavy_flood_dup60_s20260624_nonbonded,P3-NoPersist,m12_heavy_flood_dup60_s20260624,nonbonded,332857,PRIVPROBE:1,duplicate_filter,0,False,0,duplicate_filter
m12_heavy_flood_dup60_s20260624_nonbonded,P3-NoPersist,m12_heavy_flood_dup60_s20260624,nonbonded,333978,PRIVPROBE:1,defer,0,True,1000,defer
m12_heavy_flood_dup60_s20260624_nonbonded,P3-NoPersist,m12_heavy_flood_dup60_s20260624,nonbonded,335143,PRIVPROBE:1,duplicate_filter,0,False,0,duplicate_filter
m12_heavy_flood_dup60_s20260624_nonbonded,P3-NoPersist,m12_heavy_flood_dup60_s20260624,nonbonded,336236,PRIVPROBE:1,duplicate_filter,0,False,0,duplicate_filter
m12_heavy_flood_dup60_s20260624_nonbonded,P3-NoPersist,m12_heavy_flood_dup60_s20260624,nonbonded,337336,PRIVPROBE:1,duplicate_filter,0,False,0,duplicate_filter
m12_heavy_flood_dup60_s20260624_nonbonded,P3-NoPersist,m12_heavy_flood_dup60_s20260624,nonbonded,338401,PRIVPROBE:1,duplicate_filter,0,False,0,duplicate_filter
m12_heavy_flood_dup60_s20260624_nonbonded,P3-NoPersist,m12_heavy_flood_dup60_s20260624,nonbonded,339599,PRIVPROBE:1,duplicate_filter,0,False,0,duplicate_filter
m12_heavy_flood_dup60_s20260624_nonbonded,P3-NoPersist,m12_heavy_flood_dup60_s20260624,nonbonded,340733,PRIVPROBE:1,duplicate_filter,0,False,0,duplicate_filter
m12_heavy_flood_dup60_s20260624_nonbonded,P3-NoPersist,m12_heavy_flood_dup60_s20260624,nonbonded,341872,PRIVPROBE:1,duplicate_filter,0,False,0,duplicate_filter
m12_heavy_flood_dup60_s20260624_nonbonded,P3-NoPersist,m12_heavy_flood_dup60_s20260624,nonbonded,343006,PRIVPROBE:1,duplicate_filter,0,False,0,duplicate_filter
m12_heavy_flood_dup60_s20260624_nonbonded,P3-NoPersist,m12_heavy_flood_dup60_s20260624,nonbonded,344126,PRIVPROBE:1,duplicate_filter,0,False,0,duplicate_filter
m12_heavy_flood_dup60_s20260624_nonbonded,P3-NoPersist,m12_heavy_flood_dup60_s20260624,nonbonded,345152,PRIVPROBE:1,duplicate_filter,0,False,0,duplicate_filter
m12_heavy_flood_dup60_s20260624_nonbonded,P3-NoPersist,m12_heavy_flood_dup60_s20260624,nonbonded,346302,PRIVPROBE:1,duplicate_filter,0,False,0,duplicate_filter
m12_heavy_flood_dup60_s20260624_nonbonded,P3-NoPersist,m12_heavy_flood_dup60_s20260624,nonbonded,347438,PRIVPROBE:1,defer,0,True,1000,defer
m12_heavy_flood_dup60_s20260624_nonbonded,P3-NoPersist,m12_heavy_flood_dup60_s20260624,nonbonded,348589,PRIVPROBE:1,duplicate_filter,0,False,0,duplicate_filter
m12_heavy_flood_dup60_s20260624_nonbonded,P3-NoPersist,m12_heavy_flood_dup60_s20260624,nonbonded,349713,PRIVPROBE:1,duplicate_filter,0,False,0,duplicate_filter
m12_heavy_flood_dup60_s20260624_nonbonded,P3-NoPersist,m12_heavy_flood_dup60_s20260624,nonbonded,350871,PRIVPROBE:1,duplicate_filter,0,False,0,duplicate_filter
m12_heavy_flood_dup60_s20260624_nonbonded,P3-NoPersist,m12_heavy_flood_dup60_s20260624,nonbonded,352067,PRIVPROBE:1,duplicate_filter,0,False,0,duplicate_filter
m12_heavy_flood_dup60_s20260624_nonbonded,P3-NoPersist,m12_heavy_flood_dup60_s20260624,nonbonded,353185,PRIVPROBE:1,duplicate_filter,0,False,0,duplicate_filter
m12_heavy_flood_dup60_s20260624_nonbonded,P3-NoPersist,m12_heavy_flood_dup60_s20260624,nonbonded,354287,PRIVPROBE:1,duplicate_filter,0,False,0,duplicate_filter
m12_heavy_flood_dup60_s20260624_nonbonded,P3-NoPersist,m12_heavy_flood_dup60_s20260624,nonbonded,355449,PRIVPROBE:1,duplicate_filter,0,False,0,duplicate_filter
m12_heavy_flood_dup60_s20260624_nonbonded,P3-NoPersist,m12_heavy_flood_dup60_s20260624,nonbonded,356513,PRIVPROBE:1,duplicate_filter,0,False,0,duplicate_filter
m12_heavy_flood_dup60_s20260624_nonbonded,P3-NoPersist,m12_heavy_flood_dup60_s20260624,nonbonded,357643,PRIVPROBE:1,duplicate_filter,0,False,0,duplicate_filter
m12_heavy_flood_dup60_s20260624_nonbonded,P3-NoPersist,m12_heavy_flood_dup60_s20260624,nonbonded,358756,PRIVPROBE:1,duplicate_filter,0,False,0,duplicate_filter
m12_heavy_flood_dup60_s20260624_nonbonded,P3-NoPersist,m12_heavy_flood_dup60_s20260624,nonbonded,359863,PRIVPROBE:1,duplicate_filter,0,False,0,duplicate_filter
m12_heavy_flood_dup60_s20260624_nonbonded,P3-NoPersist,m12_heavy_flood_dup60_s20260624,nonbonded,361039,PRIVPROBE:1,defer,0,True,1000,defer
m12_heavy_flood_dup60_s20260624_nonbonded,P3-NoPersist,m12_heavy_flood_dup60_s20260624,nonbonded,362180,PRIVPROBE:1,duplicate_filter,0,False,0,duplicate_filter
m12_heavy_flood_dup60_s20260624_nonbonded,P3-NoPersist,m12_heavy_flood_dup60_s20260624,nonbonded,363307,PRIVPROBE:1,duplicate_filter,0,False,0,duplicate_filter
m12_heavy_flood_dup60_s20260624_nonbonded,P3-NoPersist,m12_heavy_flood_dup60_s20260624,nonbonded,364360,PRIVPROBE:1,duplicate_filter,0,False,0,duplicate_filter
m12_heavy_flood_dup60_s20260624_nonbonded,P3-NoPersist,m12_heavy_flood_dup60_s20260624,nonbonded,365483,PRIVPROBE:1,duplicate_filter,0,False,0,duplicate_filter
m12_heavy_flood_dup60_s20260624_nonbonded,P3-NoPersist,m12_heavy_flood_dup60_s20260624,nonbonded,366656,PRIVPROBE:1,duplicate_filter,0,False,0,duplicate_filter
m12_heavy_flood_dup60_s20260624_nonbonded,P3-NoPersist,m12_heavy_flood_dup60_s20260624,nonbonded,367739,PRIVPROBE:1,duplicate_filter,0,False,0,duplicate_filter
m12_heavy_flood_dup60_s20260624_nonbonded,P3-NoPersist,m12_heavy_flood_dup60_s20260624,nonbonded,368890,PRIVPROBE:1,duplicate_filter,0,False,0,duplicate_filter
m12_heavy_flood_dup60_s20260624_nonbonded,P3-NoPersist,m12_heavy_flood_dup60_s20260624,nonbonded,369924,PRIVPROBE:1,duplicate_filter,0,False,0,duplicate_filter
m12_heavy_flood_dup60_s20260624_nonbonded,P3-NoPersist,m12_heavy_flood_dup60_s20260624,nonbonded,371004,PRIVPROBE:1,duplicate_filter,0,False,0,duplicate_filter
m12_heavy_flood_dup60_s20260624_nonbonded,P3-NoPersist,m12_heavy_flood_dup60_s20260624,nonbonded,372110,PRIVPROBE:1,duplicate_filter,0,False,0,duplicate_filter
m12_heavy_flood_dup60_s20260624_nonbonded,P3-NoPersist,m12_heavy_flood_dup60_s20260624,nonbonded,373264,PRIVPROBE:1,duplicate_filter,0,False,0,duplicate_filter
m12_heavy_flood_dup60_s20260624_nonbonded,P3-NoPersist,m12_heavy_flood_dup60_s20260624,nonbonded,374406,PRIVPROBE:1,defer,0,True,1000,defer
m12_heavy_flood_dup60_s20260624_nonbonded,P3-NoPersist,m12_heavy_flood_dup60_s20260624,nonbonded,375475,PRIVPROBE:1,duplicate_filter,0,False,0,duplicate_filter
m12_heavy_flood_dup60_s20260624_nonbonded,P3-NoPersist,m12_heavy_flood_dup60_s20260624,nonbonded,376565,PRIVPROBE:1,duplicate_filter,0,False,0,duplicate_filter
m12_heavy_flood_dup60_s20260624_nonbonded,P3-NoPersist,m12_heavy_flood_dup60_s20260624,nonbonded,377713,PRIVPROBE:1,duplicate_filter,0,False,0,duplicate_filter
m12_heavy_flood_dup60_s20260624_nonbonded,P3-NoPersist,m12_heavy_flood_dup60_s20260624,nonbonded,378799,PRIVPROBE:1,duplicate_filter,0,False,0,duplicate_filter
m12_heavy_flood_dup60_s20260624_nonbonded,P3-NoPersist,m12_heavy_flood_dup60_s20260624,nonbonded,379924,PRIVPROBE:1,duplicate_filter,0,False,0,duplicate_filter
m12_heavy_flood_dup60_s20260624_nonbonded,P3-NoPersist,m12_heavy_flood_dup60_s20260624,nonbonded,381008,PRIVPROBE:1,duplicate_filter,0,False,0,duplicate_filter
m12_heavy_flood_dup60_s20260624_nonbonded,P3-NoPersist,m12_heavy_flood_dup60_s20260624,nonbonded,382124,PRIVPROBE:1,duplicate_filter,0,False,0,duplicate_filter
m12_heavy_flood_dup60_s20260624_nonbonded,P3-NoPersist,m12_heavy_flood_dup60_s20260624,nonbonded,383191,PRIVPROBE:1,duplicate_filter,0,False,0,duplicate_filter
m12_heavy_flood_dup60_s20260624_nonbonded,P3-NoPersist,m12_heavy_flood_dup60_s20260624,nonbonded,384266,PRIVPROBE:1,duplicate_filter,0,False,0,duplicate_filter
m12_heavy_flood_dup60_s20260624_nonbonded,P3-NoPersist,m12_heavy_flood_dup60_s20260624,nonbonded,385330,PRIVPROBE:1,duplicate_filter,0,False,0,duplicate_filter
m12_heavy_flood_dup60_s20260624_nonbonded,P3-NoPersist,m12_heavy_flood_dup60_s20260624,nonbonded,386454,PRIVPROBE:1,duplicate_filter,0,False,0,duplicate_filter
m12_heavy_flood_dup60_s20260624_nonbonded,P3-NoPersist,m12_heavy_flood_dup60_s20260624,nonbonded,387531,PRIVPROBE:1,defer,0,True,1000,defer
m12_heavy_flood_dup60_s20260624_nonbonded,P3-NoPersist,m12_heavy_flood_dup60_s20260624,nonbonded,388643,PRIVPROBE:1,duplicate_filter,0,False,0,duplicate_filter
m12_heavy_flood_dup60_s20260624_nonbonded,P3-NoPersist,m12_heavy_flood_dup60_s20260624,nonbonded,389771,PRIVPROBE:1,duplicate_filter,0,False,0,duplicate_filter
m12_heavy_flood_dup60_s20260624_nonbonded,P3-NoPersist,m12_heavy_flood_dup60_s20260624,nonbonded,390908,PRIVPROBE:1,duplicate_filter,0,False,0,duplicate_filter
m12_heavy_flood_dup60_s20260624_nonbonded,P3-NoPersist,m12_heavy_flood_dup60_s20260624,nonbonded,391979,PRIVPROBE:1,duplicate_filter,0,False,0,duplicate_filter
m12_heavy_flood_dup60_s20260624_nonbonded,P3-NoPersist,m12_heavy_flood_dup60_s20260624,nonbonded,393149,PRIVPROBE:1,duplicate_filter,0,False,0,duplicate_filter
m12_heavy_flood_dup60_s20260624_nonbonded,P3-NoPersist,m12_heavy_flood_dup60_s20260624,nonbonded,394283,PRIVPROBE:1,duplicate_filter,0,False,0,duplicate_filter
m12_heavy_flood_dup60_s20260624_nonbonded,P3-NoPersist,m12_heavy_flood_dup60_s20260624,nonbonded,395377,PRIVPROBE:1,duplicate_filter,0,False,0,duplicate_filter
m12_heavy_flood_dup60_s20260624_nonbonded,P3-NoPersist,m12_heavy_flood_dup60_s20260624,nonbonded,396478,PRIVPROBE:1,duplicate_filter,0,False,0,duplicate_filter
m12_heavy_flood_dup60_s20260624_nonbonded,P3-NoPersist,m12_heavy_flood_dup60_s20260624,nonbonded,397609,PRIVPROBE:1,duplicate_filter,0,False,0,duplicate_filter
m12_heavy_flood_dup60_s20260624_nonbonded,P3-NoPersist,m12_heavy_flood_dup60_s20260624,nonbonded,398718,PRIVPROBE:1,duplicate_filter,0,False,0,duplicate_filter
m12_heavy_flood_dup60_s20260624_nonbonded,P3-NoPersist,m12_heavy_flood_dup60_s20260624,nonbonded,399822,PRIVPROBE:1,duplicate_filter,0,False,0,duplicate_filter
m12_heavy_flood_dup60_s20260624_nonbonded,BudgetDoS,m12_heavy_flood_dup60_s20260624,nonbonded,66696,PRIVPROBE:0,budget_skip,0,False,0,budget_skip
m12_heavy_flood_dup60_s20260624_nonbonded,BudgetDoS,m12_heavy_flood_dup60_s20260624,nonbonded,67801,PRIVPROBE:0,duplicate_filter,0,False,0,duplicate_filter
m12_heavy_flood_dup60_s20260624_nonbonded,BudgetDoS,m12_heavy_flood_dup60_s20260624,nonbonded,68853,PRIVPROBE:0,duplicate_filter,0,False,0,duplicate_filter
m12_heavy_flood_dup60_s20260624_nonbonded,BudgetDoS,m12_heavy_flood_dup60_s20260624,nonbonded,69993,PRIVPROBE:0,duplicate_filter,0,False,0,duplicate_filter
m12_heavy_flood_dup60_s20260624_nonbonded,BudgetDoS,m12_heavy_flood_dup60_s20260624,nonbonded,71063,PRIVPROBE:0,duplicate_filter,0,False,0,duplicate_filter
m12_heavy_flood_dup60_s20260624_nonbonded,BudgetDoS,m12_heavy_flood_dup60_s20260624,nonbonded,72179,PRIVPROBE:0,duplicate_filter,0,False,0,duplicate_filter
m12_heavy_flood_dup60_s20260624_nonbonded,BudgetDoS,m12_heavy_flood_dup60_s20260624,nonbonded,73243,PRIVPROBE:0,duplicate_filter,0,False,0,duplicate_filter
m12_heavy_flood_dup60_s20260624_nonbonded,BudgetDoS,m12_heavy_flood_dup60_s20260624,nonbonded,74350,PRIVPROBE:0,duplicate_filter,0,False,0,duplicate_filter
m12_heavy_flood_dup60_s20260624_nonbonded,BudgetDoS,m12_heavy_flood_dup60_s20260624,nonbonded,75431,PRIVPROBE:0,duplicate_filter,0,False,0,duplicate_filter
m12_heavy_flood_dup60_s20260624_nonbonded,BudgetDoS,m12_heavy_flood_dup60_s20260624,nonbonded,76574,PRIVPROBE:0,duplicate_filter,0,False,0,duplicate_filter
m12_heavy_flood_dup60_s20260624_nonbonded,BudgetDoS,m12_heavy_flood_dup60_s20260624,nonbonded,77718,PRIVPROBE:0,duplicate_filter,0,False,0,duplicate_filter
m12_heavy_flood_dup60_s20260624_nonbonded,BudgetDoS,m12_heavy_flood_dup60_s20260624,nonbonded,78873,PRIVPROBE:0,duplicate_filter,0,False,0,duplicate_filter
m12_heavy_flood_dup60_s20260624_nonbonded,BudgetDoS,m12_heavy_flood_dup60_s20260624,nonbonded,79977,PRIVPROBE:0,budget_skip,0,False,0,budget_skip
m12_heavy_flood_dup60_s20260624_nonbonded,BudgetDoS,m12_heavy_flood_dup60_s20260624,nonbonded,81091,PRIVPROBE:0,duplicate_filter,0,False,0,duplicate_filter
m12_heavy_flood_dup60_s20260624_nonbonded,BudgetDoS,m12_heavy_flood_dup60_s20260624,nonbonded,82242,PRIVPROBE:0,duplicate_filter,0,False,0,duplicate_filter
m12_heavy_flood_dup60_s20260624_nonbonded,BudgetDoS,m12_heavy_flood_dup60_s20260624,nonbonded,83326,PRIVPROBE:0,duplicate_filter,0,False,0,duplicate_filter
m12_heavy_flood_dup60_s20260624_nonbonded,BudgetDoS,m12_heavy_flood_dup60_s20260624,nonbonded,84489,PRIVPROBE:0,duplicate_filter,0,False,0,duplicate_filter
m12_heavy_flood_dup60_s20260624_nonbonded,BudgetDoS,m12_heavy_flood_dup60_s20260624,nonbonded,85544,PRIVPROBE:0,duplicate_filter,0,False,0,duplicate_filter
m12_heavy_flood_dup60_s20260624_nonbonded,BudgetDoS,m12_heavy_flood_dup60_s20260624,nonbonded,86708,PRIVPROBE:0,duplicate_filter,0,False,0,duplicate_filter
m12_heavy_flood_dup60_s20260624_nonbonded,BudgetDoS,m12_heavy_flood_dup60_s20260624,nonbonded,87786,PRIVPROBE:0,duplicate_filter,0,False,0,duplicate_filter
m12_heavy_flood_dup60_s20260624_nonbonded,BudgetDoS,m12_heavy_flood_dup60_s20260624,nonbonded,88910,PRIVPROBE:0,duplicate_filter,0,False,0,duplicate_filter
m12_heavy_flood_dup60_s20260624_nonbonded,BudgetDoS,m12_heavy_flood_dup60_s20260624,nonbonded,90051,PRIVPROBE:0,duplicate_filter,0,False,0,duplicate_filter
m12_heavy_flood_dup60_s20260624_nonbonded,BudgetDoS,m12_heavy_flood_dup60_s20260624,nonbonded,91181,PRIVPROBE:0,duplicate_filter,0,False,0,duplicate_filter
m12_heavy_flood_dup60_s20260624_nonbonded,BudgetDoS,m12_heavy_flood_dup60_s20260624,nonbonded,92266,PRIVPROBE:0,duplicate_filter,0,False,0,duplicate_filter
m12_heavy_flood_dup60_s20260624_nonbonded,BudgetDoS,m12_heavy_flood_dup60_s20260624,nonbonded,93316,PRIVPROBE:0,budget_skip,0,False,0,budget_skip
m12_heavy_flood_dup60_s20260624_nonbonded,BudgetDoS,m12_heavy_flood_dup60_s20260624,nonbonded,94429,PRIVPROBE:0,duplicate_filter,0,False,0,duplicate_filter
m12_heavy_flood_dup60_s20260624_nonbonded,BudgetDoS,m12_heavy_flood_dup60_s20260624,nonbonded,95527,PRIVPROBE:0,duplicate_filter,0,False,0,duplicate_filter
m12_heavy_flood_dup60_s20260624_nonbonded,BudgetDoS,m12_heavy_flood_dup60_s20260624,nonbonded,96579,PRIVPROBE:0,duplicate_filter,0,False,0,duplicate_filter
m12_heavy_flood_dup60_s20260624_nonbonded,BudgetDoS,m12_heavy_flood_dup60_s20260624,nonbonded,97671,PRIVPROBE:0,duplicate_filter,0,False,0,duplicate_filter
m12_heavy_flood_dup60_s20260624_nonbonded,BudgetDoS,m12_heavy_flood_dup60_s20260624,nonbonded,98837,PRIVPROBE:0,duplicate_filter,0,False,0,duplicate_filter
m12_heavy_flood_dup60_s20260624_nonbonded,BudgetDoS,m12_heavy_flood_dup60_s20260624,nonbonded,99865,PRIVPROBE:0,duplicate_filter,0,False,0,duplicate_filter
m12_heavy_flood_dup60_s20260624_nonbonded,BudgetDoS,m12_heavy_flood_dup60_s20260624,nonbonded,100907,PRIVPROBE:0,duplicate_filter,0,False,0,duplicate_filter
m12_heavy_flood_dup60_s20260624_nonbonded,BudgetDoS,m12_heavy_flood_dup60_s20260624,nonbonded,101963,PRIVPROBE:0,duplicate_filter,0,False,0,duplicate_filter
m12_heavy_flood_dup60_s20260624_nonbonded,BudgetDoS,m12_heavy_flood_dup60_s20260624,nonbonded,103083,PRIVPROBE:0,duplicate_filter,0,False,0,duplicate_filter
m12_heavy_flood_dup60_s20260624_nonbonded,BudgetDoS,m12_heavy_flood_dup60_s20260624,nonbonded,104205,PRIVPROBE:0,duplicate_filter,0,False,0,duplicate_filter
m12_heavy_flood_dup60_s20260624_nonbonded,BudgetDoS,m12_heavy_flood_dup60_s20260624,nonbonded,105339,PRIVPROBE:0,duplicate_filter,0,False,0,duplicate_filter
m12_heavy_flood_dup60_s20260624_nonbonded,BudgetDoS,m12_heavy_flood_dup60_s20260624,nonbonded,106447,PRIVPROBE:0,budget_skip,0,False,0,budget_skip
m12_heavy_flood_dup60_s20260624_nonbonded,BudgetDoS,m12_heavy_flood_dup60_s20260624,nonbonded,107504,PRIVPROBE:0,duplicate_filter,0,False,0,duplicate_filter
m12_heavy_flood_dup60_s20260624_nonbonded,BudgetDoS,m12_heavy_flood_dup60_s20260624,nonbonded,108665,PRIVPROBE:0,duplicate_filter,0,False,0,duplicate_filter
m12_heavy_flood_dup60_s20260624_nonbonded,BudgetDoS,m12_heavy_flood_dup60_s20260624,nonbonded,109818,PRIVPROBE:0,duplicate_filter,0,False,0,duplicate_filter
m12_heavy_flood_dup60_s20260624_nonbonded,BudgetDoS,m12_heavy_flood_dup60_s20260624,nonbonded,110995,PRIVPROBE:0,duplicate_filter,0,False,0,duplicate_filter
m12_heavy_flood_dup60_s20260624_nonbonded,BudgetDoS,m12_heavy_flood_dup60_s20260624,nonbonded,112195,PRIVPROBE:0,duplicate_filter,0,False,0,duplicate_filter
m12_heavy_flood_dup60_s20260624_nonbonded,BudgetDoS,m12_heavy_flood_dup60_s20260624,nonbonded,113347,PRIVPROBE:0,duplicate_filter,0,False,0,duplicate_filter
m12_heavy_flood_dup60_s20260624_nonbonded,BudgetDoS,m12_heavy_flood_dup60_s20260624,nonbonded,114459,PRIVPROBE:0,duplicate_filter,0,False,0,duplicate_filter
m12_heavy_flood_dup60_s20260624_nonbonded,BudgetDoS,m12_heavy_flood_dup60_s20260624,nonbonded,115572,PRIVPROBE:0,duplicate_filter,0,False,0,duplicate_filter
m12_heavy_flood_dup60_s20260624_nonbonded,BudgetDoS,m12_heavy_flood_dup60_s20260624,nonbonded,116698,PRIVPROBE:0,duplicate_filter,0,False,0,duplicate_filter
m12_heavy_flood_dup60_s20260624_nonbonded,BudgetDoS,m12_heavy_flood_dup60_s20260624,nonbonded,117848,PRIVPROBE:0,duplicate_filter,0,False,0,duplicate_filter
m12_heavy_flood_dup60_s20260624_nonbonded,BudgetDoS,m12_heavy_flood_dup60_s20260624,nonbonded,119030,PRIVPROBE:0,duplicate_filter,0,False,0,duplicate_filter
m12_heavy_flood_dup60_s20260624_nonbonded,BudgetDoS,m12_heavy_flood_dup60_s20260624,nonbonded,120123,PRIVPROBE:0,budget_skip,0,False,0,budget_skip
m12_heavy_flood_dup60_s20260624_nonbonded,BudgetDoS,m12_heavy_flood_dup60_s20260624,nonbonded,121179,PRIVPROBE:0,duplicate_filter,0,False,0,duplicate_filter
m12_heavy_flood_dup60_s20260624_nonbonded,BudgetDoS,m12_heavy_flood_dup60_s20260624,nonbonded,122347,PRIVPROBE:0,duplicate_filter,0,False,0,duplicate_filter
m12_heavy_flood_dup60_s20260624_nonbonded,BudgetDoS,m12_heavy_flood_dup60_s20260624,nonbonded,123442,PRIVPROBE:0,duplicate_filter,0,False,0,duplicate_filter
m12_heavy_flood_dup60_s20260624_nonbonded,BudgetDoS,m12_heavy_flood_dup60_s20260624,nonbonded,124602,PRIVPROBE:0,duplicate_filter,0,False,0,duplicate_filter
m12_heavy_flood_dup60_s20260624_nonbonded,BudgetDoS,m12_heavy_flood_dup60_s20260624,nonbonded,125704,PRIVPROBE:0,duplicate_filter,0,False,0,duplicate_filter
m12_heavy_flood_dup60_s20260624_nonbonded,BudgetDoS,m12_heavy_flood_dup60_s20260624,nonbonded,126810,PRIVPROBE:0,duplicate_filter,0,False,0,duplicate_filter
m12_heavy_flood_dup60_s20260624_nonbonded,BudgetDoS,m12_heavy_flood_dup60_s20260624,nonbonded,127951,PRIVPROBE:0,duplicate_filter,0,False,0,duplicate_filter
m12_heavy_flood_dup60_s20260624_nonbonded,BudgetDoS,m12_heavy_flood_dup60_s20260624,nonbonded,129025,PRIVPROBE:0,duplicate_filter,0,False,0,duplicate_filter
m12_heavy_flood_dup60_s20260624_nonbonded,BudgetDoS,m12_heavy_flood_dup60_s20260624,nonbonded,130171,PRIVPROBE:0,duplicate_filter,0,False,0,duplicate_filter
m12_heavy_flood_dup60_s20260624_nonbonded,BudgetDoS,m12_heavy_flood_dup60_s20260624,nonbonded,131230,PRIVPROBE:0,duplicate_filter,0,False,0,duplicate_filter
m12_heavy_flood_dup60_s20260624_nonbonded,BudgetDoS,m12_heavy_flood_dup60_s20260624,nonbonded,132256,PRIVPROBE:0,duplicate_filter,0,False,0,duplicate_filter
m12_heavy_flood_dup60_s20260624_nonbonded,BudgetDoS,m12_heavy_flood_dup60_s20260624,nonbonded,133370,PRIVPROBE:0,budget_skip,0,False,0,budget_skip
m12_heavy_flood_dup60_s20260624_nonbonded,BudgetDoS,m12_heavy_flood_dup60_s20260624,nonbonded,134430,PRIVPROBE:0,duplicate_filter,0,False,0,duplicate_filter
m12_heavy_flood_dup60_s20260624_nonbonded,BudgetDoS,m12_heavy_flood_dup60_s20260624,nonbonded,135541,PRIVPROBE:0,duplicate_filter,0,False,0,duplicate_filter
m12_heavy_flood_dup60_s20260624_nonbonded,BudgetDoS,m12_heavy_flood_dup60_s20260624,nonbonded,136713,PRIVPROBE:0,duplicate_filter,0,False,0,duplicate_filter
m12_heavy_flood_dup60_s20260624_nonbonded,BudgetDoS,m12_heavy_flood_dup60_s20260624,nonbonded,137849,PRIVPROBE:0,duplicate_filter,0,False,0,duplicate_filter
m12_heavy_flood_dup60_s20260624_nonbonded,BudgetDoS,m12_heavy_flood_dup60_s20260624,nonbonded,138933,PRIVPROBE:0,duplicate_filter,0,False,0,duplicate_filter
m12_heavy_flood_dup60_s20260624_nonbonded,BudgetDoS,m12_heavy_flood_dup60_s20260624,nonbonded,140055,PRIVPROBE:0,duplicate_filter,0,False,0,duplicate_filter
m12_heavy_flood_dup60_s20260624_nonbonded,BudgetDoS,m12_heavy_flood_dup60_s20260624,nonbonded,141221,PRIVPROBE:0,duplicate_filter,0,False,0,duplicate_filter
m12_heavy_flood_dup60_s20260624_nonbonded,BudgetDoS,m12_heavy_flood_dup60_s20260624,nonbonded,142322,PRIVPROBE:0,duplicate_filter,0,False,0,duplicate_filter
m12_heavy_flood_dup60_s20260624_nonbonded,BudgetDoS,m12_heavy_flood_dup60_s20260624,nonbonded,143492,PRIVPROBE:0,duplicate_filter,0,False,0,duplicate_filter
m12_heavy_flood_dup60_s20260624_nonbonded,BudgetDoS,m12_heavy_flood_dup60_s20260624,nonbonded,144597,PRIVPROBE:0,duplicate_filter,0,False,0,duplicate_filter
m12_heavy_flood_dup60_s20260624_nonbonded,BudgetDoS,m12_heavy_flood_dup60_s20260624,nonbonded,145799,PRIVPROBE:0,duplicate_filter,0,False,0,duplicate_filter
m12_heavy_flood_dup60_s20260624_nonbonded,BudgetDoS,m12_heavy_flood_dup60_s20260624,nonbonded,146964,PRIVPROBE:0,budget_skip,0,False,0,budget_skip
m12_heavy_flood_dup60_s20260624_nonbonded,BudgetDoS,m12_heavy_flood_dup60_s20260624,nonbonded,148087,PRIVPROBE:0,duplicate_filter,0,False,0,duplicate_filter
m12_heavy_flood_dup60_s20260624_nonbonded,BudgetDoS,m12_heavy_flood_dup60_s20260624,nonbonded,149192,PRIVPROBE:0,duplicate_filter,0,False,0,duplicate_filter
m12_heavy_flood_dup60_s20260624_nonbonded,BudgetDoS,m12_heavy_flood_dup60_s20260624,nonbonded,150286,PRIVPROBE:0,duplicate_filter,0,False,0,duplicate_filter
m12_heavy_flood_dup60_s20260624_nonbonded,BudgetDoS,m12_heavy_flood_dup60_s20260624,nonbonded,151435,PRIVPROBE:0,duplicate_filter,0,False,0,duplicate_filter
m12_heavy_flood_dup60_s20260624_nonbonded,BudgetDoS,m12_heavy_flood_dup60_s20260624,nonbonded,152508,PRIVPROBE:0,duplicate_filter,0,False,0,duplicate_filter
m12_heavy_flood_dup60_s20260624_nonbonded,BudgetDoS,m12_heavy_flood_dup60_s20260624,nonbonded,153668,PRIVPROBE:0,duplicate_filter,0,False,0,duplicate_filter
m12_heavy_flood_dup60_s20260624_nonbonded,BudgetDoS,m12_heavy_flood_dup60_s20260624,nonbonded,154729,PRIVPROBE:0,duplicate_filter,0,False,0,duplicate_filter
m12_heavy_flood_dup60_s20260624_nonbonded,BudgetDoS,m12_heavy_flood_dup60_s20260624,nonbonded,155809,PRIVPROBE:0,duplicate_filter,0,False,0,duplicate_filter
m12_heavy_flood_dup60_s20260624_nonbonded,BudgetDoS,m12_heavy_flood_dup60_s20260624,nonbonded,156843,PRIVPROBE:0,duplicate_filter,0,False,0,duplicate_filter
m12_heavy_flood_dup60_s20260624_nonbonded,BudgetDoS,m12_heavy_flood_dup60_s20260624,nonbonded,157985,PRIVPROBE:0,duplicate_filter,0,False,0,duplicate_filter
m12_heavy_flood_dup60_s20260624_nonbonded,BudgetDoS,m12_heavy_flood_dup60_s20260624,nonbonded,159102,PRIVPROBE:0,duplicate_filter,0,False,0,duplicate_filter
m12_heavy_flood_dup60_s20260624_nonbonded,BudgetDoS,m12_heavy_flood_dup60_s20260624,nonbonded,160173,PRIVPROBE:0,budget_skip,0,False,0,budget_skip
m12_heavy_flood_dup60_s20260624_nonbonded,BudgetDoS,m12_heavy_flood_dup60_s20260624,nonbonded,161307,PRIVPROBE:0,duplicate_filter,0,False,0,duplicate_filter
m12_heavy_flood_dup60_s20260624_nonbonded,BudgetDoS,m12_heavy_flood_dup60_s20260624,nonbonded,162441,PRIVPROBE:0,duplicate_filter,0,False,0,duplicate_filter
m12_heavy_flood_dup60_s20260624_nonbonded,BudgetDoS,m12_heavy_flood_dup60_s20260624,nonbonded,163516,PRIVPROBE:0,duplicate_filter,0,False,0,duplicate_filter
m12_heavy_flood_dup60_s20260624_nonbonded,BudgetDoS,m12_heavy_flood_dup60_s20260624,nonbonded,164645,PRIVPROBE:0,duplicate_filter,0,False,0,duplicate_filter
m12_heavy_flood_dup60_s20260624_nonbonded,BudgetDoS,m12_heavy_flood_dup60_s20260624,nonbonded,165734,PRIVPROBE:0,duplicate_filter,0,False,0,duplicate_filter
m12_heavy_flood_dup60_s20260624_nonbonded,BudgetDoS,m12_heavy_flood_dup60_s20260624,nonbonded,166810,PRIVPROBE:0,duplicate_filter,0,False,0,duplicate_filter
m12_heavy_flood_dup60_s20260624_nonbonded,BudgetDoS,m12_heavy_flood_dup60_s20260624,nonbonded,167963,PRIVPROBE:0,duplicate_filter,0,False,0,duplicate_filter
m12_heavy_flood_dup60_s20260624_nonbonded,BudgetDoS,m12_heavy_flood_dup60_s20260624,nonbonded,169105,PRIVPROBE:0,duplicate_filter,0,False,0,duplicate_filter
m12_heavy_flood_dup60_s20260624_nonbonded,BudgetDoS,m12_heavy_flood_dup60_s20260624,nonbonded,170239,PRIVPROBE:0,duplicate_filter,0,False,0,duplicate_filter
m12_heavy_flood_dup60_s20260624_nonbonded,BudgetDoS,m12_heavy_flood_dup60_s20260624,nonbonded,171385,PRIVPROBE:0,duplicate_filter,0,False,0,duplicate_filter
m12_heavy_flood_dup60_s20260624_nonbonded,BudgetDoS,m12_heavy_flood_dup60_s20260624,nonbonded,172473,PRIVPROBE:0,duplicate_filter,0,False,0,duplicate_filter
m12_heavy_flood_dup60_s20260624_nonbonded,BudgetDoS,m12_heavy_flood_dup60_s20260624,nonbonded,173573,PRIVPROBE:0,budget_skip,0,False,0,budget_skip
m12_heavy_flood_dup60_s20260624_nonbonded,BudgetDoS,m12_heavy_flood_dup60_s20260624,nonbonded,174720,PRIVPROBE:0,duplicate_filter,0,False,0,duplicate_filter
m12_heavy_flood_dup60_s20260624_nonbonded,BudgetDoS,m12_heavy_flood_dup60_s20260624,nonbonded,175773,PRIVPROBE:0,duplicate_filter,0,False,0,duplicate_filter
m12_heavy_flood_dup60_s20260624_nonbonded,BudgetDoS,m12_heavy_flood_dup60_s20260624,nonbonded,176847,PRIVPROBE:0,duplicate_filter,0,False,0,duplicate_filter
m12_heavy_flood_dup60_s20260624_nonbonded,BudgetDoS,m12_heavy_flood_dup60_s20260624,nonbonded,177912,PRIVPROBE:0,duplicate_filter,0,False,0,duplicate_filter
m12_heavy_flood_dup60_s20260624_nonbonded,BudgetDoS,m12_heavy_flood_dup60_s20260624,nonbonded,179032,PRIVPROBE:0,duplicate_filter,0,False,0,duplicate_filter
m12_heavy_flood_dup60_s20260624_nonbonded,BudgetDoS,m12_heavy_flood_dup60_s20260624,nonbonded,180198,PRIVPROBE:0,duplicate_filter,0,False,0,duplicate_filter
m12_heavy_flood_dup60_s20260624_nonbonded,BudgetDoS,m12_heavy_flood_dup60_s20260624,nonbonded,181289,PRIVPROBE:0,duplicate_filter,0,False,0,duplicate_filter
m12_heavy_flood_dup60_s20260624_nonbonded,BudgetDoS,m12_heavy_flood_dup60_s20260624,nonbonded,182425,PRIVPROBE:0,duplicate_filter,0,False,0,duplicate_filter
m12_heavy_flood_dup60_s20260624_nonbonded,BudgetDoS,m12_heavy_flood_dup60_s20260624,nonbonded,183581,PRIVPROBE:0,duplicate_filter,0,False,0,duplicate_filter
m12_heavy_flood_dup60_s20260624_nonbonded,BudgetDoS,m12_heavy_flood_dup60_s20260624,nonbonded,184717,PRIVPROBE:0,duplicate_filter,0,False,0,duplicate_filter
m12_heavy_flood_dup60_s20260624_nonbonded,BudgetDoS,m12_heavy_flood_dup60_s20260624,nonbonded,185856,PRIVPROBE:0,duplicate_filter,0,False,0,duplicate_filter
m12_heavy_flood_dup60_s20260624_nonbonded,BudgetDoS,m12_heavy_flood_dup60_s20260624,nonbonded,186977,PRIVPROBE:0,budget_skip,0,False,0,budget_skip
m12_heavy_flood_dup60_s20260624_nonbonded,BudgetDoS,m12_heavy_flood_dup60_s20260624,nonbonded,188043,PRIVPROBE:0,duplicate_filter,0,False,0,duplicate_filter
m12_heavy_flood_dup60_s20260624_nonbonded,BudgetDoS,m12_heavy_flood_dup60_s20260624,nonbonded,189170,PRIVPROBE:0,duplicate_filter,0,False,0,duplicate_filter
m12_heavy_flood_dup60_s20260624_nonbonded,BudgetDoS,m12_heavy_flood_dup60_s20260624,nonbonded,190278,PRIVPROBE:0,duplicate_filter,0,False,0,duplicate_filter
m12_heavy_flood_dup60_s20260624_nonbonded,BudgetDoS,m12_heavy_flood_dup60_s20260624,nonbonded,191390,PRIVPROBE:0,duplicate_filter,0,False,0,duplicate_filter
m12_heavy_flood_dup60_s20260624_nonbonded,BudgetDoS,m12_heavy_flood_dup60_s20260624,nonbonded,192518,PRIVPROBE:0,duplicate_filter,0,False,0,duplicate_filter
m12_heavy_flood_dup60_s20260624_nonbonded,BudgetDoS,m12_heavy_flood_dup60_s20260624,nonbonded,193639,PRIVPROBE:0,duplicate_filter,0,False,0,duplicate_filter
m12_heavy_flood_dup60_s20260624_nonbonded,BudgetDoS,m12_heavy_flood_dup60_s20260624,nonbonded,194790,PRIVPROBE:0,duplicate_filter,0,False,0,duplicate_filter
m12_heavy_flood_dup60_s20260624_nonbonded,BudgetDoS,m12_heavy_flood_dup60_s20260624,nonbonded,195931,PRIVPROBE:0,duplicate_filter,0,False,0,duplicate_filter
m12_heavy_flood_dup60_s20260624_nonbonded,BudgetDoS,m12_heavy_flood_dup60_s20260624,nonbonded,197081,PRIVPROBE:0,duplicate_filter,0,False,0,duplicate_filter
m12_heavy_flood_dup60_s20260624_nonbonded,BudgetDoS,m12_heavy_flood_dup60_s20260624,nonbonded,198288,PRIVPROBE:0,duplicate_filter,0,False,0,duplicate_filter
m12_heavy_flood_dup60_s20260624_nonbonded,BudgetDoS,m12_heavy_flood_dup60_s20260624,nonbonded,199430,PRIVPROBE:0,duplicate_filter,0,False,0,duplicate_filter
m12_heavy_flood_dup60_s20260624_nonbonded,BudgetDoS,m12_heavy_flood_dup60_s20260624,nonbonded,200593,PRIVPROBE:1,budget_skip,0,False,0,budget_skip
m12_heavy_flood_dup60_s20260624_nonbonded,BudgetDoS,m12_heavy_flood_dup60_s20260624,nonbonded,201771,PRIVPROBE:1,duplicate_filter,0,False,0,duplicate_filter
m12_heavy_flood_dup60_s20260624_nonbonded,BudgetDoS,m12_heavy_flood_dup60_s20260624,nonbonded,202878,PRIVPROBE:1,duplicate_filter,0,False,0,duplicate_filter
m12_heavy_flood_dup60_s20260624_nonbonded,BudgetDoS,m12_heavy_flood_dup60_s20260624,nonbonded,203970,PRIVPROBE:1,duplicate_filter,0,False,0,duplicate_filter
m12_heavy_flood_dup60_s20260624_nonbonded,BudgetDoS,m12_heavy_flood_dup60_s20260624,nonbonded,205125,PRIVPROBE:1,duplicate_filter,0,False,0,duplicate_filter
m12_heavy_flood_dup60_s20260624_nonbonded,BudgetDoS,m12_heavy_flood_dup60_s20260624,nonbonded,206184,PRIVPROBE:1,duplicate_filter,0,False,0,duplicate_filter
m12_heavy_flood_dup60_s20260624_nonbonded,BudgetDoS,m12_heavy_flood_dup60_s20260624,nonbonded,207308,PRIVPROBE:1,duplicate_filter,0,False,0,duplicate_filter
m12_heavy_flood_dup60_s20260624_nonbonded,BudgetDoS,m12_heavy_flood_dup60_s20260624,nonbonded,208412,PRIVPROBE:1,duplicate_filter,0,False,0,duplicate_filter
m12_heavy_flood_dup60_s20260624_nonbonded,BudgetDoS,m12_heavy_flood_dup60_s20260624,nonbonded,209565,PRIVPROBE:1,duplicate_filter,0,False,0,duplicate_filter
m12_heavy_flood_dup60_s20260624_nonbonded,BudgetDoS,m12_heavy_flood_dup60_s20260624,nonbonded,210601,PRIVPROBE:1,duplicate_filter,0,False,0,duplicate_filter
m12_heavy_flood_dup60_s20260624_nonbonded,BudgetDoS,m12_heavy_flood_dup60_s20260624,nonbonded,211762,PRIVPROBE:1,duplicate_filter,0,False,0,duplicate_filter
m12_heavy_flood_dup60_s20260624_nonbonded,BudgetDoS,m12_heavy_flood_dup60_s20260624,nonbonded,212834,PRIVPROBE:1,duplicate_filter,0,False,0,duplicate_filter
m12_heavy_flood_dup60_s20260624_nonbonded,BudgetDoS,m12_heavy_flood_dup60_s20260624,nonbonded,213901,PRIVPROBE:1,budget_skip,0,False,0,budget_skip
m12_heavy_flood_dup60_s20260624_nonbonded,BudgetDoS,m12_heavy_flood_dup60_s20260624,nonbonded,215014,PRIVPROBE:1,duplicate_filter,0,False,0,duplicate_filter
m12_heavy_flood_dup60_s20260624_nonbonded,BudgetDoS,m12_heavy_flood_dup60_s20260624,nonbonded,216149,PRIVPROBE:1,duplicate_filter,0,False,0,duplicate_filter
m12_heavy_flood_dup60_s20260624_nonbonded,BudgetDoS,m12_heavy_flood_dup60_s20260624,nonbonded,217205,PRIVPROBE:1,duplicate_filter,0,False,0,duplicate_filter
m12_heavy_flood_dup60_s20260624_nonbonded,BudgetDoS,m12_heavy_flood_dup60_s20260624,nonbonded,218323,PRIVPROBE:1,duplicate_filter,0,False,0,duplicate_filter
m12_heavy_flood_dup60_s20260624_nonbonded,BudgetDoS,m12_heavy_flood_dup60_s20260624,nonbonded,219430,PRIVPROBE:1,duplicate_filter,0,False,0,duplicate_filter
m12_heavy_flood_dup60_s20260624_nonbonded,BudgetDoS,m12_heavy_flood_dup60_s20260624,nonbonded,220563,PRIVPROBE:1,duplicate_filter,0,False,0,duplicate_filter
m12_heavy_flood_dup60_s20260624_nonbonded,BudgetDoS,m12_heavy_flood_dup60_s20260624,nonbonded,221613,PRIVPROBE:1,duplicate_filter,0,False,0,duplicate_filter
m12_heavy_flood_dup60_s20260624_nonbonded,BudgetDoS,m12_heavy_flood_dup60_s20260624,nonbonded,222727,PRIVPROBE:1,duplicate_filter,0,False,0,duplicate_filter
m12_heavy_flood_dup60_s20260624_nonbonded,BudgetDoS,m12_heavy_flood_dup60_s20260624,nonbonded,223853,PRIVPROBE:1,duplicate_filter,0,False,0,duplicate_filter
m12_heavy_flood_dup60_s20260624_nonbonded,BudgetDoS,m12_heavy_flood_dup60_s20260624,nonbonded,224930,PRIVPROBE:1,duplicate_filter,0,False,0,duplicate_filter
m12_heavy_flood_dup60_s20260624_nonbonded,BudgetDoS,m12_heavy_flood_dup60_s20260624,nonbonded,226005,PRIVPROBE:1,duplicate_filter,0,False,0,duplicate_filter
m12_heavy_flood_dup60_s20260624_nonbonded,BudgetDoS,m12_heavy_flood_dup60_s20260624,nonbonded,227057,PRIVPROBE:1,budget_skip,0,False,0,budget_skip
m12_heavy_flood_dup60_s20260624_nonbonded,BudgetDoS,m12_heavy_flood_dup60_s20260624,nonbonded,228149,PRIVPROBE:1,duplicate_filter,0,False,0,duplicate_filter
m12_heavy_flood_dup60_s20260624_nonbonded,BudgetDoS,m12_heavy_flood_dup60_s20260624,nonbonded,229264,PRIVPROBE:1,duplicate_filter,0,False,0,duplicate_filter
m12_heavy_flood_dup60_s20260624_nonbonded,BudgetDoS,m12_heavy_flood_dup60_s20260624,nonbonded,230396,PRIVPROBE:1,duplicate_filter,0,False,0,duplicate_filter
m12_heavy_flood_dup60_s20260624_nonbonded,BudgetDoS,m12_heavy_flood_dup60_s20260624,nonbonded,231511,PRIVPROBE:1,duplicate_filter,0,False,0,duplicate_filter
m12_heavy_flood_dup60_s20260624_nonbonded,BudgetDoS,m12_heavy_flood_dup60_s20260624,nonbonded,232621,PRIVPROBE:1,duplicate_filter,0,False,0,duplicate_filter
m12_heavy_flood_dup60_s20260624_nonbonded,BudgetDoS,m12_heavy_flood_dup60_s20260624,nonbonded,233606,PRIVPROBE:1,duplicate_filter,0,False,0,duplicate_filter
m12_heavy_flood_dup60_s20260624_nonbonded,BudgetDoS,m12_heavy_flood_dup60_s20260624,nonbonded,234725,PRIVPROBE:1,duplicate_filter,0,False,0,duplicate_filter
m12_heavy_flood_dup60_s20260624_nonbonded,BudgetDoS,m12_heavy_flood_dup60_s20260624,nonbonded,235841,PRIVPROBE:1,duplicate_filter,0,False,0,duplicate_filter
m12_heavy_flood_dup60_s20260624_nonbonded,BudgetDoS,m12_heavy_flood_dup60_s20260624,nonbonded,236914,PRIVPROBE:1,duplicate_filter,0,False,0,duplicate_filter
m12_heavy_flood_dup60_s20260624_nonbonded,BudgetDoS,m12_heavy_flood_dup60_s20260624,nonbonded,238074,PRIVPROBE:1,duplicate_filter,0,False,0,duplicate_filter
m12_heavy_flood_dup60_s20260624_nonbonded,BudgetDoS,m12_heavy_flood_dup60_s20260624,nonbonded,239235,PRIVPROBE:1,duplicate_filter,0,False,0,duplicate_filter
m12_heavy_flood_dup60_s20260624_nonbonded,BudgetDoS,m12_heavy_flood_dup60_s20260624,nonbonded,240330,PRIVPROBE:1,budget_skip,0,False,0,budget_skip
m12_heavy_flood_dup60_s20260624_nonbonded,BudgetDoS,m12_heavy_flood_dup60_s20260624,nonbonded,241428,PRIVPROBE:1,duplicate_filter,0,False,0,duplicate_filter
m12_heavy_flood_dup60_s20260624_nonbonded,BudgetDoS,m12_heavy_flood_dup60_s20260624,nonbonded,242560,PRIVPROBE:1,duplicate_filter,0,False,0,duplicate_filter
m12_heavy_flood_dup60_s20260624_nonbonded,BudgetDoS,m12_heavy_flood_dup60_s20260624,nonbonded,243659,PRIVPROBE:1,duplicate_filter,0,False,0,duplicate_filter
m12_heavy_flood_dup60_s20260624_nonbonded,BudgetDoS,m12_heavy_flood_dup60_s20260624,nonbonded,244731,PRIVPROBE:1,duplicate_filter,0,False,0,duplicate_filter
m12_heavy_flood_dup60_s20260624_nonbonded,BudgetDoS,m12_heavy_flood_dup60_s20260624,nonbonded,245822,PRIVPROBE:1,duplicate_filter,0,False,0,duplicate_filter
m12_heavy_flood_dup60_s20260624_nonbonded,BudgetDoS,m12_heavy_flood_dup60_s20260624,nonbonded,246898,PRIVPROBE:1,duplicate_filter,0,False,0,duplicate_filter
m12_heavy_flood_dup60_s20260624_nonbonded,BudgetDoS,m12_heavy_flood_dup60_s20260624,nonbonded,247940,PRIVPROBE:1,duplicate_filter,0,False,0,duplicate_filter
m12_heavy_flood_dup60_s20260624_nonbonded,BudgetDoS,m12_heavy_flood_dup60_s20260624,nonbonded,249088,PRIVPROBE:1,duplicate_filter,0,False,0,duplicate_filter
m12_heavy_flood_dup60_s20260624_nonbonded,BudgetDoS,m12_heavy_flood_dup60_s20260624,nonbonded,250240,PRIVPROBE:1,duplicate_filter,0,False,0,duplicate_filter
m12_heavy_flood_dup60_s20260624_nonbonded,BudgetDoS,m12_heavy_flood_dup60_s20260624,nonbonded,251310,PRIVPROBE:1,duplicate_filter,0,False,0,duplicate_filter
m12_heavy_flood_dup60_s20260624_nonbonded,BudgetDoS,m12_heavy_flood_dup60_s20260624,nonbonded,252454,PRIVPROBE:1,duplicate_filter,0,False,0,duplicate_filter
m12_heavy_flood_dup60_s20260624_nonbonded,BudgetDoS,m12_heavy_flood_dup60_s20260624,nonbonded,253538,PRIVPROBE:1,budget_skip,0,False,0,budget_skip
m12_heavy_flood_dup60_s20260624_nonbonded,BudgetDoS,m12_heavy_flood_dup60_s20260624,nonbonded,254687,PRIVPROBE:1,duplicate_filter,0,False,0,duplicate_filter
m12_heavy_flood_dup60_s20260624_nonbonded,BudgetDoS,m12_heavy_flood_dup60_s20260624,nonbonded,255783,PRIVPROBE:1,duplicate_filter,0,False,0,duplicate_filter
m12_heavy_flood_dup60_s20260624_nonbonded,BudgetDoS,m12_heavy_flood_dup60_s20260624,nonbonded,256882,PRIVPROBE:1,duplicate_filter,0,False,0,duplicate_filter
m12_heavy_flood_dup60_s20260624_nonbonded,BudgetDoS,m12_heavy_flood_dup60_s20260624,nonbonded,257961,PRIVPROBE:1,duplicate_filter,0,False,0,duplicate_filter
m12_heavy_flood_dup60_s20260624_nonbonded,BudgetDoS,m12_heavy_flood_dup60_s20260624,nonbonded,259102,PRIVPROBE:1,duplicate_filter,0,False,0,duplicate_filter
m12_heavy_flood_dup60_s20260624_nonbonded,BudgetDoS,m12_heavy_flood_dup60_s20260624,nonbonded,260206,PRIVPROBE:1,duplicate_filter,0,False,0,duplicate_filter
m12_heavy_flood_dup60_s20260624_nonbonded,BudgetDoS,m12_heavy_flood_dup60_s20260624,nonbonded,261302,PRIVPROBE:1,duplicate_filter,0,False,0,duplicate_filter
m12_heavy_flood_dup60_s20260624_nonbonded,BudgetDoS,m12_heavy_flood_dup60_s20260624,nonbonded,262441,PRIVPROBE:1,duplicate_filter,0,False,0,duplicate_filter
m12_heavy_flood_dup60_s20260624_nonbonded,BudgetDoS,m12_heavy_flood_dup60_s20260624,nonbonded,263563,PRIVPROBE:1,duplicate_filter,0,False,0,duplicate_filter
m12_heavy_flood_dup60_s20260624_nonbonded,BudgetDoS,m12_heavy_flood_dup60_s20260624,nonbonded,264658,PRIVPROBE:1,duplicate_filter,0,False,0,duplicate_filter
m12_heavy_flood_dup60_s20260624_nonbonded,BudgetDoS,m12_heavy_flood_dup60_s20260624,nonbonded,265759,PRIVPROBE:1,duplicate_filter,0,False,0,duplicate_filter
m12_heavy_flood_dup60_s20260624_nonbonded,BudgetDoS,m12_heavy_flood_dup60_s20260624,nonbonded,266917,PRIVPROBE:1,budget_skip,0,False,0,budget_skip
m12_heavy_flood_dup60_s20260624_nonbonded,BudgetDoS,m12_heavy_flood_dup60_s20260624,nonbonded,268018,PRIVPROBE:1,duplicate_filter,0,False,0,duplicate_filter
m12_heavy_flood_dup60_s20260624_nonbonded,BudgetDoS,m12_heavy_flood_dup60_s20260624,nonbonded,269093,PRIVPROBE:1,duplicate_filter,0,False,0,duplicate_filter
m12_heavy_flood_dup60_s20260624_nonbonded,BudgetDoS,m12_heavy_flood_dup60_s20260624,nonbonded,270237,PRIVPROBE:1,duplicate_filter,0,False,0,duplicate_filter
m12_heavy_flood_dup60_s20260624_nonbonded,BudgetDoS,m12_heavy_flood_dup60_s20260624,nonbonded,271398,PRIVPROBE:1,duplicate_filter,0,False,0,duplicate_filter
m12_heavy_flood_dup60_s20260624_nonbonded,BudgetDoS,m12_heavy_flood_dup60_s20260624,nonbonded,272529,PRIVPROBE:1,duplicate_filter,0,False,0,duplicate_filter
m12_heavy_flood_dup60_s20260624_nonbonded,BudgetDoS,m12_heavy_flood_dup60_s20260624,nonbonded,273670,PRIVPROBE:1,duplicate_filter,0,False,0,duplicate_filter
m12_heavy_flood_dup60_s20260624_nonbonded,BudgetDoS,m12_heavy_flood_dup60_s20260624,nonbonded,274796,PRIVPROBE:1,duplicate_filter,0,False,0,duplicate_filter
m12_heavy_flood_dup60_s20260624_nonbonded,BudgetDoS,m12_heavy_flood_dup60_s20260624,nonbonded,275914,PRIVPROBE:1,duplicate_filter,0,False,0,duplicate_filter
m12_heavy_flood_dup60_s20260624_nonbonded,BudgetDoS,m12_heavy_flood_dup60_s20260624,nonbonded,277060,PRIVPROBE:1,duplicate_filter,0,False,0,duplicate_filter
m12_heavy_flood_dup60_s20260624_nonbonded,BudgetDoS,m12_heavy_flood_dup60_s20260624,nonbonded,278221,PRIVPROBE:1,duplicate_filter,0,False,0,duplicate_filter
m12_heavy_flood_dup60_s20260624_nonbonded,BudgetDoS,m12_heavy_flood_dup60_s20260624,nonbonded,279320,PRIVPROBE:1,duplicate_filter,0,False,0,duplicate_filter
m12_heavy_flood_dup60_s20260624_nonbonded,BudgetDoS,m12_heavy_flood_dup60_s20260624,nonbonded,280476,PRIVPROBE:1,budget_skip,0,False,0,budget_skip
m12_heavy_flood_dup60_s20260624_nonbonded,BudgetDoS,m12_heavy_flood_dup60_s20260624,nonbonded,281598,PRIVPROBE:1,duplicate_filter,0,False,0,duplicate_filter
m12_heavy_flood_dup60_s20260624_nonbonded,BudgetDoS,m12_heavy_flood_dup60_s20260624,nonbonded,282644,PRIVPROBE:1,duplicate_filter,0,False,0,duplicate_filter
m12_heavy_flood_dup60_s20260624_nonbonded,BudgetDoS,m12_heavy_flood_dup60_s20260624,nonbonded,283806,PRIVPROBE:1,duplicate_filter,0,False,0,duplicate_filter
m12_heavy_flood_dup60_s20260624_nonbonded,BudgetDoS,m12_heavy_flood_dup60_s20260624,nonbonded,284955,PRIVPROBE:1,duplicate_filter,0,False,0,duplicate_filter
m12_heavy_flood_dup60_s20260624_nonbonded,BudgetDoS,m12_heavy_flood_dup60_s20260624,nonbonded,286102,PRIVPROBE:1,duplicate_filter,0,False,0,duplicate_filter
m12_heavy_flood_dup60_s20260624_nonbonded,BudgetDoS,m12_heavy_flood_dup60_s20260624,nonbonded,287176,PRIVPROBE:1,duplicate_filter,0,False,0,duplicate_filter
m12_heavy_flood_dup60_s20260624_nonbonded,BudgetDoS,m12_heavy_flood_dup60_s20260624,nonbonded,288281,PRIVPROBE:1,duplicate_filter,0,False,0,duplicate_filter
m12_heavy_flood_dup60_s20260624_nonbonded,BudgetDoS,m12_heavy_flood_dup60_s20260624,nonbonded,289373,PRIVPROBE:1,duplicate_filter,0,False,0,duplicate_filter
m12_heavy_flood_dup60_s20260624_nonbonded,BudgetDoS,m12_heavy_flood_dup60_s20260624,nonbonded,290465,PRIVPROBE:1,duplicate_filter,0,False,0,duplicate_filter
m12_heavy_flood_dup60_s20260624_nonbonded,BudgetDoS,m12_heavy_flood_dup60_s20260624,nonbonded,291574,PRIVPROBE:1,duplicate_filter,0,False,0,duplicate_filter
m12_heavy_flood_dup60_s20260624_nonbonded,BudgetDoS,m12_heavy_flood_dup60_s20260624,nonbonded,292732,PRIVPROBE:1,duplicate_filter,0,False,0,duplicate_filter
m12_heavy_flood_dup60_s20260624_nonbonded,BudgetDoS,m12_heavy_flood_dup60_s20260624,nonbonded,293873,PRIVPROBE:1,budget_skip,0,False,0,budget_skip
m12_heavy_flood_dup60_s20260624_nonbonded,BudgetDoS,m12_heavy_flood_dup60_s20260624,nonbonded,294995,PRIVPROBE:1,duplicate_filter,0,False,0,duplicate_filter
m12_heavy_flood_dup60_s20260624_nonbonded,BudgetDoS,m12_heavy_flood_dup60_s20260624,nonbonded,296102,PRIVPROBE:1,duplicate_filter,0,False,0,duplicate_filter
m12_heavy_flood_dup60_s20260624_nonbonded,BudgetDoS,m12_heavy_flood_dup60_s20260624,nonbonded,297170,PRIVPROBE:1,duplicate_filter,0,False,0,duplicate_filter
m12_heavy_flood_dup60_s20260624_nonbonded,BudgetDoS,m12_heavy_flood_dup60_s20260624,nonbonded,298310,PRIVPROBE:1,duplicate_filter,0,False,0,duplicate_filter
m12_heavy_flood_dup60_s20260624_nonbonded,BudgetDoS,m12_heavy_flood_dup60_s20260624,nonbonded,299466,PRIVPROBE:1,duplicate_filter,0,False,0,duplicate_filter
m12_heavy_flood_dup60_s20260624_nonbonded,BudgetDoS,m12_heavy_flood_dup60_s20260624,nonbonded,300592,PRIVPROBE:1,duplicate_filter,0,False,0,duplicate_filter
m12_heavy_flood_dup60_s20260624_nonbonded,BudgetDoS,m12_heavy_flood_dup60_s20260624,nonbonded,301641,PRIVPROBE:1,duplicate_filter,0,False,0,duplicate_filter
m12_heavy_flood_dup60_s20260624_nonbonded,BudgetDoS,m12_heavy_flood_dup60_s20260624,nonbonded,302821,PRIVPROBE:1,duplicate_filter,0,False,0,duplicate_filter
m12_heavy_flood_dup60_s20260624_nonbonded,BudgetDoS,m12_heavy_flood_dup60_s20260624,nonbonded,303912,PRIVPROBE:1,duplicate_filter,0,False,0,duplicate_filter
m12_heavy_flood_dup60_s20260624_nonbonded,BudgetDoS,m12_heavy_flood_dup60_s20260624,nonbonded,305051,PRIVPROBE:1,duplicate_filter,0,False,0,duplicate_filter
m12_heavy_flood_dup60_s20260624_nonbonded,BudgetDoS,m12_heavy_flood_dup60_s20260624,nonbonded,306187,PRIVPROBE:1,duplicate_filter,0,False,0,duplicate_filter
m12_heavy_flood_dup60_s20260624_nonbonded,BudgetDoS,m12_heavy_flood_dup60_s20260624,nonbonded,307299,PRIVPROBE:1,budget_skip,0,False,0,budget_skip
m12_heavy_flood_dup60_s20260624_nonbonded,BudgetDoS,m12_heavy_flood_dup60_s20260624,nonbonded,308426,PRIVPROBE:1,duplicate_filter,0,False,0,duplicate_filter
m12_heavy_flood_dup60_s20260624_nonbonded,BudgetDoS,m12_heavy_flood_dup60_s20260624,nonbonded,309502,PRIVPROBE:1,duplicate_filter,0,False,0,duplicate_filter
m12_heavy_flood_dup60_s20260624_nonbonded,BudgetDoS,m12_heavy_flood_dup60_s20260624,nonbonded,310640,PRIVPROBE:1,duplicate_filter,0,False,0,duplicate_filter
m12_heavy_flood_dup60_s20260624_nonbonded,BudgetDoS,m12_heavy_flood_dup60_s20260624,nonbonded,311674,PRIVPROBE:1,duplicate_filter,0,False,0,duplicate_filter
m12_heavy_flood_dup60_s20260624_nonbonded,BudgetDoS,m12_heavy_flood_dup60_s20260624,nonbonded,312721,PRIVPROBE:1,duplicate_filter,0,False,0,duplicate_filter
m12_heavy_flood_dup60_s20260624_nonbonded,BudgetDoS,m12_heavy_flood_dup60_s20260624,nonbonded,313793,PRIVPROBE:1,duplicate_filter,0,False,0,duplicate_filter
m12_heavy_flood_dup60_s20260624_nonbonded,BudgetDoS,m12_heavy_flood_dup60_s20260624,nonbonded,314857,PRIVPROBE:1,duplicate_filter,0,False,0,duplicate_filter
m12_heavy_flood_dup60_s20260624_nonbonded,BudgetDoS,m12_heavy_flood_dup60_s20260624,nonbonded,315972,PRIVPROBE:1,duplicate_filter,0,False,0,duplicate_filter
m12_heavy_flood_dup60_s20260624_nonbonded,BudgetDoS,m12_heavy_flood_dup60_s20260624,nonbonded,317132,PRIVPROBE:1,duplicate_filter,0,False,0,duplicate_filter
m12_heavy_flood_dup60_s20260624_nonbonded,BudgetDoS,m12_heavy_flood_dup60_s20260624,nonbonded,318211,PRIVPROBE:1,duplicate_filter,0,False,0,duplicate_filter
m12_heavy_flood_dup60_s20260624_nonbonded,BudgetDoS,m12_heavy_flood_dup60_s20260624,nonbonded,319366,PRIVPROBE:1,duplicate_filter,0,False,0,duplicate_filter
m12_heavy_flood_dup60_s20260624_nonbonded,BudgetDoS,m12_heavy_flood_dup60_s20260624,nonbonded,320493,PRIVPROBE:1,budget_skip,0,False,0,budget_skip
m12_heavy_flood_dup60_s20260624_nonbonded,BudgetDoS,m12_heavy_flood_dup60_s20260624,nonbonded,321563,PRIVPROBE:1,duplicate_filter,0,False,0,duplicate_filter
m12_heavy_flood_dup60_s20260624_nonbonded,BudgetDoS,m12_heavy_flood_dup60_s20260624,nonbonded,322762,PRIVPROBE:1,duplicate_filter,0,False,0,duplicate_filter
m12_heavy_flood_dup60_s20260624_nonbonded,BudgetDoS,m12_heavy_flood_dup60_s20260624,nonbonded,323901,PRIVPROBE:1,duplicate_filter,0,False,0,duplicate_filter
m12_heavy_flood_dup60_s20260624_nonbonded,BudgetDoS,m12_heavy_flood_dup60_s20260624,nonbonded,325024,PRIVPROBE:1,duplicate_filter,0,False,0,duplicate_filter
m12_heavy_flood_dup60_s20260624_nonbonded,BudgetDoS,m12_heavy_flood_dup60_s20260624,nonbonded,326172,PRIVPROBE:1,duplicate_filter,0,False,0,duplicate_filter
m12_heavy_flood_dup60_s20260624_nonbonded,BudgetDoS,m12_heavy_flood_dup60_s20260624,nonbonded,327273,PRIVPROBE:1,duplicate_filter,0,False,0,duplicate_filter
m12_heavy_flood_dup60_s20260624_nonbonded,BudgetDoS,m12_heavy_flood_dup60_s20260624,nonbonded,328361,PRIVPROBE:1,duplicate_filter,0,False,0,duplicate_filter
m12_heavy_flood_dup60_s20260624_nonbonded,BudgetDoS,m12_heavy_flood_dup60_s20260624,nonbonded,329476,PRIVPROBE:1,duplicate_filter,0,False,0,duplicate_filter
m12_heavy_flood_dup60_s20260624_nonbonded,BudgetDoS,m12_heavy_flood_dup60_s20260624,nonbonded,330616,PRIVPROBE:1,duplicate_filter,0,False,0,duplicate_filter
m12_heavy_flood_dup60_s20260624_nonbonded,BudgetDoS,m12_heavy_flood_dup60_s20260624,nonbonded,331736,PRIVPROBE:1,duplicate_filter,0,False,0,duplicate_filter
m12_heavy_flood_dup60_s20260624_nonbonded,BudgetDoS,m12_heavy_flood_dup60_s20260624,nonbonded,332857,PRIVPROBE:1,duplicate_filter,0,False,0,duplicate_filter
m12_heavy_flood_dup60_s20260624_nonbonded,BudgetDoS,m12_heavy_flood_dup60_s20260624,nonbonded,333978,PRIVPROBE:1,budget_skip,0,False,0,budget_skip
m12_heavy_flood_dup60_s20260624_nonbonded,BudgetDoS,m12_heavy_flood_dup60_s20260624,nonbonded,335143,PRIVPROBE:1,duplicate_filter,0,False,0,duplicate_filter
m12_heavy_flood_dup60_s20260624_nonbonded,BudgetDoS,m12_heavy_flood_dup60_s20260624,nonbonded,336236,PRIVPROBE:1,duplicate_filter,0,False,0,duplicate_filter
m12_heavy_flood_dup60_s20260624_nonbonded,BudgetDoS,m12_heavy_flood_dup60_s20260624,nonbonded,337336,PRIVPROBE:1,duplicate_filter,0,False,0,duplicate_filter
m12_heavy_flood_dup60_s20260624_nonbonded,BudgetDoS,m12_heavy_flood_dup60_s20260624,nonbonded,338401,PRIVPROBE:1,duplicate_filter,0,False,0,duplicate_filter
m12_heavy_flood_dup60_s20260624_nonbonded,BudgetDoS,m12_heavy_flood_dup60_s20260624,nonbonded,339599,PRIVPROBE:1,duplicate_filter,0,False,0,duplicate_filter
m12_heavy_flood_dup60_s20260624_nonbonded,BudgetDoS,m12_heavy_flood_dup60_s20260624,nonbonded,340733,PRIVPROBE:1,duplicate_filter,0,False,0,duplicate_filter
m12_heavy_flood_dup60_s20260624_nonbonded,BudgetDoS,m12_heavy_flood_dup60_s20260624,nonbonded,341872,PRIVPROBE:1,duplicate_filter,0,False,0,duplicate_filter
m12_heavy_flood_dup60_s20260624_nonbonded,BudgetDoS,m12_heavy_flood_dup60_s20260624,nonbonded,343006,PRIVPROBE:1,duplicate_filter,0,False,0,duplicate_filter
m12_heavy_flood_dup60_s20260624_nonbonded,BudgetDoS,m12_heavy_flood_dup60_s20260624,nonbonded,344126,PRIVPROBE:1,duplicate_filter,0,False,0,duplicate_filter
m12_heavy_flood_dup60_s20260624_nonbonded,BudgetDoS,m12_heavy_flood_dup60_s20260624,nonbonded,345152,PRIVPROBE:1,duplicate_filter,0,False,0,duplicate_filter
m12_heavy_flood_dup60_s20260624_nonbonded,BudgetDoS,m12_heavy_flood_dup60_s20260624,nonbonded,346302,PRIVPROBE:1,duplicate_filter,0,False,0,duplicate_filter
m12_heavy_flood_dup60_s20260624_nonbonded,BudgetDoS,m12_heavy_flood_dup60_s20260624,nonbonded,347438,PRIVPROBE:1,budget_skip,0,False,0,budget_skip
m12_heavy_flood_dup60_s20260624_nonbonded,BudgetDoS,m12_heavy_flood_dup60_s20260624,nonbonded,348589,PRIVPROBE:1,duplicate_filter,0,False,0,duplicate_filter
m12_heavy_flood_dup60_s20260624_nonbonded,BudgetDoS,m12_heavy_flood_dup60_s20260624,nonbonded,349713,PRIVPROBE:1,duplicate_filter,0,False,0,duplicate_filter
m12_heavy_flood_dup60_s20260624_nonbonded,BudgetDoS,m12_heavy_flood_dup60_s20260624,nonbonded,350871,PRIVPROBE:1,duplicate_filter,0,False,0,duplicate_filter
m12_heavy_flood_dup60_s20260624_nonbonded,BudgetDoS,m12_heavy_flood_dup60_s20260624,nonbonded,352067,PRIVPROBE:1,duplicate_filter,0,False,0,duplicate_filter
m12_heavy_flood_dup60_s20260624_nonbonded,BudgetDoS,m12_heavy_flood_dup60_s20260624,nonbonded,353185,PRIVPROBE:1,duplicate_filter,0,False,0,duplicate_filter
m12_heavy_flood_dup60_s20260624_nonbonded,BudgetDoS,m12_heavy_flood_dup60_s20260624,nonbonded,354287,PRIVPROBE:1,duplicate_filter,0,False,0,duplicate_filter
m12_heavy_flood_dup60_s20260624_nonbonded,BudgetDoS,m12_heavy_flood_dup60_s20260624,nonbonded,355449,PRIVPROBE:1,duplicate_filter,0,False,0,duplicate_filter
m12_heavy_flood_dup60_s20260624_nonbonded,BudgetDoS,m12_heavy_flood_dup60_s20260624,nonbonded,356513,PRIVPROBE:1,duplicate_filter,0,False,0,duplicate_filter
m12_heavy_flood_dup60_s20260624_nonbonded,BudgetDoS,m12_heavy_flood_dup60_s20260624,nonbonded,357643,PRIVPROBE:1,duplicate_filter,0,False,0,duplicate_filter
m12_heavy_flood_dup60_s20260624_nonbonded,BudgetDoS,m12_heavy_flood_dup60_s20260624,nonbonded,358756,PRIVPROBE:1,duplicate_filter,0,False,0,duplicate_filter
m12_heavy_flood_dup60_s20260624_nonbonded,BudgetDoS,m12_heavy_flood_dup60_s20260624,nonbonded,359863,PRIVPROBE:1,duplicate_filter,0,False,0,duplicate_filter
m12_heavy_flood_dup60_s20260624_nonbonded,BudgetDoS,m12_heavy_flood_dup60_s20260624,nonbonded,361039,PRIVPROBE:1,budget_skip,0,False,0,budget_skip
m12_heavy_flood_dup60_s20260624_nonbonded,BudgetDoS,m12_heavy_flood_dup60_s20260624,nonbonded,362180,PRIVPROBE:1,duplicate_filter,0,False,0,duplicate_filter
m12_heavy_flood_dup60_s20260624_nonbonded,BudgetDoS,m12_heavy_flood_dup60_s20260624,nonbonded,363307,PRIVPROBE:1,duplicate_filter,0,False,0,duplicate_filter
m12_heavy_flood_dup60_s20260624_nonbonded,BudgetDoS,m12_heavy_flood_dup60_s20260624,nonbonded,364360,PRIVPROBE:1,duplicate_filter,0,False,0,duplicate_filter
m12_heavy_flood_dup60_s20260624_nonbonded,BudgetDoS,m12_heavy_flood_dup60_s20260624,nonbonded,365483,PRIVPROBE:1,duplicate_filter,0,False,0,duplicate_filter
m12_heavy_flood_dup60_s20260624_nonbonded,BudgetDoS,m12_heavy_flood_dup60_s20260624,nonbonded,366656,PRIVPROBE:1,duplicate_filter,0,False,0,duplicate_filter
m12_heavy_flood_dup60_s20260624_nonbonded,BudgetDoS,m12_heavy_flood_dup60_s20260624,nonbonded,367739,PRIVPROBE:1,duplicate_filter,0,False,0,duplicate_filter
m12_heavy_flood_dup60_s20260624_nonbonded,BudgetDoS,m12_heavy_flood_dup60_s20260624,nonbonded,368890,PRIVPROBE:1,duplicate_filter,0,False,0,duplicate_filter
m12_heavy_flood_dup60_s20260624_nonbonded,BudgetDoS,m12_heavy_flood_dup60_s20260624,nonbonded,369924,PRIVPROBE:1,duplicate_filter,0,False,0,duplicate_filter
m12_heavy_flood_dup60_s20260624_nonbonded,BudgetDoS,m12_heavy_flood_dup60_s20260624,nonbonded,371004,PRIVPROBE:1,duplicate_filter,0,False,0,duplicate_filter
m12_heavy_flood_dup60_s20260624_nonbonded,BudgetDoS,m12_heavy_flood_dup60_s20260624,nonbonded,372110,PRIVPROBE:1,duplicate_filter,0,False,0,duplicate_filter
m12_heavy_flood_dup60_s20260624_nonbonded,BudgetDoS,m12_heavy_flood_dup60_s20260624,nonbonded,373264,PRIVPROBE:1,duplicate_filter,0,False,0,duplicate_filter
m12_heavy_flood_dup60_s20260624_nonbonded,BudgetDoS,m12_heavy_flood_dup60_s20260624,nonbonded,374406,PRIVPROBE:1,budget_skip,0,False,0,budget_skip
m12_heavy_flood_dup60_s20260624_nonbonded,BudgetDoS,m12_heavy_flood_dup60_s20260624,nonbonded,375475,PRIVPROBE:1,duplicate_filter,0,False,0,duplicate_filter
m12_heavy_flood_dup60_s20260624_nonbonded,BudgetDoS,m12_heavy_flood_dup60_s20260624,nonbonded,376565,PRIVPROBE:1,duplicate_filter,0,False,0,duplicate_filter
m12_heavy_flood_dup60_s20260624_nonbonded,BudgetDoS,m12_heavy_flood_dup60_s20260624,nonbonded,377713,PRIVPROBE:1,duplicate_filter,0,False,0,duplicate_filter
m12_heavy_flood_dup60_s20260624_nonbonded,BudgetDoS,m12_heavy_flood_dup60_s20260624,nonbonded,378799,PRIVPROBE:1,duplicate_filter,0,False,0,duplicate_filter
m12_heavy_flood_dup60_s20260624_nonbonded,BudgetDoS,m12_heavy_flood_dup60_s20260624,nonbonded,379924,PRIVPROBE:1,duplicate_filter,0,False,0,duplicate_filter
m12_heavy_flood_dup60_s20260624_nonbonded,BudgetDoS,m12_heavy_flood_dup60_s20260624,nonbonded,381008,PRIVPROBE:1,duplicate_filter,0,False,0,duplicate_filter
m12_heavy_flood_dup60_s20260624_nonbonded,BudgetDoS,m12_heavy_flood_dup60_s20260624,nonbonded,382124,PRIVPROBE:1,duplicate_filter,0,False,0,duplicate_filter
m12_heavy_flood_dup60_s20260624_nonbonded,BudgetDoS,m12_heavy_flood_dup60_s20260624,nonbonded,383191,PRIVPROBE:1,duplicate_filter,0,False,0,duplicate_filter
m12_heavy_flood_dup60_s20260624_nonbonded,BudgetDoS,m12_heavy_flood_dup60_s20260624,nonbonded,384266,PRIVPROBE:1,duplicate_filter,0,False,0,duplicate_filter
m12_heavy_flood_dup60_s20260624_nonbonded,BudgetDoS,m12_heavy_flood_dup60_s20260624,nonbonded,385330,PRIVPROBE:1,duplicate_filter,0,False,0,duplicate_filter
m12_heavy_flood_dup60_s20260624_nonbonded,BudgetDoS,m12_heavy_flood_dup60_s20260624,nonbonded,386454,PRIVPROBE:1,duplicate_filter,0,False,0,duplicate_filter
m12_heavy_flood_dup60_s20260624_nonbonded,BudgetDoS,m12_heavy_flood_dup60_s20260624,nonbonded,387531,PRIVPROBE:1,budget_skip,0,False,0,budget_skip
m12_heavy_flood_dup60_s20260624_nonbonded,BudgetDoS,m12_heavy_flood_dup60_s20260624,nonbonded,388643,PRIVPROBE:1,duplicate_filter,0,False,0,duplicate_filter
m12_heavy_flood_dup60_s20260624_nonbonded,BudgetDoS,m12_heavy_flood_dup60_s20260624,nonbonded,389771,PRIVPROBE:1,duplicate_filter,0,False,0,duplicate_filter
m12_heavy_flood_dup60_s20260624_nonbonded,BudgetDoS,m12_heavy_flood_dup60_s20260624,nonbonded,390908,PRIVPROBE:1,duplicate_filter,0,False,0,duplicate_filter
m12_heavy_flood_dup60_s20260624_nonbonded,BudgetDoS,m12_heavy_flood_dup60_s20260624,nonbonded,391979,PRIVPROBE:1,duplicate_filter,0,False,0,duplicate_filter
m12_heavy_flood_dup60_s20260624_nonbonded,BudgetDoS,m12_heavy_flood_dup60_s20260624,nonbonded,393149,PRIVPROBE:1,duplicate_filter,0,False,0,duplicate_filter
m12_heavy_flood_dup60_s20260624_nonbonded,BudgetDoS,m12_heavy_flood_dup60_s20260624,nonbonded,394283,PRIVPROBE:1,duplicate_filter,0,False,0,duplicate_filter
m12_heavy_flood_dup60_s20260624_nonbonded,BudgetDoS,m12_heavy_flood_dup60_s20260624,nonbonded,395377,PRIVPROBE:1,duplicate_filter,0,False,0,duplicate_filter
m12_heavy_flood_dup60_s20260624_nonbonded,BudgetDoS,m12_heavy_flood_dup60_s20260624,nonbonded,396478,PRIVPROBE:1,duplicate_filter,0,False,0,duplicate_filter
m12_heavy_flood_dup60_s20260624_nonbonded,BudgetDoS,m12_heavy_flood_dup60_s20260624,nonbonded,397609,PRIVPROBE:1,duplicate_filter,0,False,0,duplicate_filter
m12_heavy_flood_dup60_s20260624_nonbonded,BudgetDoS,m12_heavy_flood_dup60_s20260624,nonbonded,398718,PRIVPROBE:1,duplicate_filter,0,False,0,duplicate_filter
m12_heavy_flood_dup60_s20260624_nonbonded,BudgetDoS,m12_heavy_flood_dup60_s20260624,nonbonded,399822,PRIVPROBE:1,duplicate_filter,0,False,0,duplicate_filter
