run_id,method,paired_trace_id,identity_label_for_scoring,event_id,rpa_value,action,aes_attempts,deferred,delay_ms,admission_path
m12_no_attack_dup60_s20260616_bonded,P3-Persist,m12_no_attack_dup60_s20260616,bonded,1296,PRIVPROBE:0,cache_hit,0,False,0,cache
m12_no_attack_dup60_s20260616_bonded,P3-Persist,m12_no_attack_dup60_s20260616,bonded,1317,PRIVPROBE:0,cache_hit,0,False,0,cache
m12_no_attack_dup60_s20260616_bonded,P3-Persist,m12_no_attack_dup60_s20260616,bonded,1331,PRIVPROBE:0,cache_hit,0,False,0,cache
m12_no_attack_dup60_s20260616_bonded,P3-Persist,m12_no_attack_dup60_s20260616,bonded,1342,PRIVPROBE:0,cache_hit,0,False,0,cache
m12_no_attack_dup60_s20260616_bonded,P3-Persist,m12_no_attack_dup60_s20260616,bonded,1363,PRIVPROBE:0,cache_hit,0,False,0,cache
m12_no_attack_dup60_s20260616_bonded,P3-Persist,m12_no_attack_dup60_s20260616,bonded,1385,PRIVPROBE:0,cache_hit,0,False,0,cache
m12_no_attack_dup60_s20260616_bonded,P3-Persist,m12_no_attack_dup60_s20260616,bonded,1409,PRIVPROBE:0,cache_hit,0,False,0,cache
m12_no_attack_dup60_s20260616_bonded,P3-Persist,m12_no_attack_dup60_s20260616,bonded,1429,PRIVPROBE:0,cache_hit,0,False,0,cache
m12_no_attack_dup60_s20260616_bonded,P3-Persist,m12_no_attack_dup60_s20260616,bonded,1457,PRIVPROBE:0,cache_hit,0,False,0,cache
m12_no_attack_dup60_s20260616_bonded,P3-Persist,m12_no_attack_dup60_s20260616,bonded,1482,PRIVPROBE:0,cache_hit,0,False,0,cache
m12_no_attack_dup60_s20260616_bonded,P3-Persist,m12_no_attack_dup60_s20260616,bonded,1494,PRIVPROBE:0,cache_hit,0,False,0,cache
m12_no_attack_dup60_s20260616_bonded,P3-Persist,m12_no_attack_dup60_s20260616,bonded,1510,PRIVPROBE:0,cache_hit,0,False,0,cache
m12_no_attack_dup60_s20260616_bonded,P3-Persist,m12_no_attack_dup60_s20260616,bonded,1526,PRIVPROBE:0,cache_hit,0,False,0,cache
m12_no_attack_dup60_s20260616_bonded,P3-Persist,m12_no_attack_dup60_s20260616,bonded,1542,PRIVPROBE:0,cache_hit,0,False,0,cache
m12_no_attack_dup60_s20260616_bonded,P3-Persist,m12_no_attack_dup60_s20260616,bonded,1554,PRIVPROBE:0,cache_hit,0,False,0,cache
m12_no_attack_dup60_s20260616_bonded,P3-Persist,m12_no_attack_dup60_s20260616,bonded,1578,PRIVPROBE:0,cache_hit,0,False,0,cache
m12_no_attack_dup60_s20260616_bonded,P3-Persist,m12_no_attack_dup60_s20260616,bonded,1604,PRIVPROBE:0,cache_hit,0,False,0,cache
m12_no_attack_dup60_s20260616_bonded,P3-Persist,m12_no_attack_dup60_s20260616,bonded,1625,PRIVPROBE:0,cache_hit,0,False,0,cache
m12_no_attack_dup60_s20260616_bonded,P3-Persist,m12_no_attack_dup60_s20260616,bonded,1635,PRIVPROBE:0,cache_hit,0,False,0,cache
m12_no_attack_dup60_s20260616_bonded,P3-Persist,m12_no_attack_dup60_s20260616,bonded,1654,PRIVPROBE:0,cache_hit,0,False,0,cache
m12_no_attack_dup60_s20260616_bonded,P3-Persist,m12_no_attack_dup60_s20260616,bonded,1677,PRIVPROBE:0,cache_hit,0,False,0,cache
m12_no_attack_dup60_s20260616_bonded,P3-Persist,m12_no_attack_dup60_s20260616,bonded,1699,PRIVPROBE:0,cache_hit,0,False,0,cache
m12_no_attack_dup60_s20260616_bonded,P3-Persist,m12_no_attack_dup60_s20260616,bonded,1723,PRIVPROBE:0,cache_hit,0,False,0,cache
m12_no_attack_dup60_s20260616_bonded,P3-Persist,m12_no_attack_dup60_s20260616,bonded,1743,PRIVPROBE:0,cache_hit,0,False,0,cache
m12_no_attack_dup60_s20260616_bonded,P3-Persist,m12_no_attack_dup60_s20260616,bonded,1755,PRIVPROBE:0,cache_hit,0,False,0,cache
m12_no_attack_dup60_s20260616_bonded,P3-Persist,m12_no_attack_dup60_s20260616,bonded,1776,PRIVPROBE:0,cache_hit,0,False,0,cache
m12_no_attack_dup60_s20260616_bonded,P3-Persist,m12_no_attack_dup60_s20260616,bonded,1797,PRIVPROBE:0,cache_hit,0,False,0,cache
m12_no_attack_dup60_s20260616_bonded,P3-Persist,m12_no_attack_dup60_s20260616,bonded,1814,PRIVPROBE:0,cache_hit,0,False,0,cache
m12_no_attack_dup60_s20260616_bonded,P3-Persist,m12_no_attack_dup60_s20260616,bonded,1839,PRIVPROBE:0,cache_hit,0,False,0,cache
m12_no_attack_dup60_s20260616_bonded,P3-Persist,m12_no_attack_dup60_s20260616,bonded,1852,PRIVPROBE:0,cache_hit,0,False,0,cache
m12_no_attack_dup60_s20260616_bonded,P3-Persist,m12_no_attack_dup60_s20260616,bonded,1882,PRIVPROBE:0,cache_hit,0,False,0,cache
m12_no_attack_dup60_s20260616_bonded,P3-Persist,m12_no_attack_dup60_s20260616,bonded,1901,PRIVPROBE:0,cache_hit,0,False,0,cache
m12_no_attack_dup60_s20260616_bonded,P3-Persist,m12_no_attack_dup60_s20260616,bonded,1920,PRIVPROBE:0,cache_hit,0,False,0,cache
m12_no_attack_dup60_s20260616_bonded,P3-Persist,m12_no_attack_dup60_s20260616,bonded,1946,PRIVPROBE:0,cache_hit,0,False,0,cache
m12_no_attack_dup60_s20260616_bonded,P3-Persist,m12_no_attack_dup60_s20260616,bonded,1965,PRIVPROBE:0,cache_hit,0,False,0,cache
m12_no_attack_dup60_s20260616_bonded,P3-Persist,m12_no_attack_dup60_s20260616,bonded,1981,PRIVPROBE:0,cache_hit,0,False,0,cache
m12_no_attack_dup60_s20260616_bonded,P3-Persist,m12_no_attack_dup60_s20260616,bonded,2001,PRIVPROBE:0,cache_hit,0,False,0,cache
m12_no_attack_dup60_s20260616_bonded,P3-Persist,m12_no_attack_dup60_s20260616,bonded,2019,PRIVPROBE:0,cache_hit,0,False,0,cache
m12_no_attack_dup60_s20260616_bonded,P3-Persist,m12_no_attack_dup60_s20260616,bonded,2039,PRIVPROBE:0,cache_hit,0,False,0,cache
m12_no_attack_dup60_s20260616_bonded,P3-Persist,m12_no_attack_dup60_s20260616,bonded,2060,PRIVPROBE:0,cache_hit,0,False,0,cache
m12_no_attack_dup60_s20260616_bonded,P3-Persist,m12_no_attack_dup60_s20260616,bonded,2080,PRIVPROBE:0,cache_hit,0,False,0,cache
m12_no_attack_dup60_s20260616_bonded,P3-Persist,m12_no_attack_dup60_s20260616,bonded,2109,PRIVPROBE:0,cache_hit,0,False,0,cache
m12_no_attack_dup60_s20260616_bonded,P3-Persist,m12_no_attack_dup60_s20260616,bonded,2130,PRIVPROBE:0,cache_hit,0,False,0,cache
m12_no_attack_dup60_s20260616_bonded,P3-Persist,m12_no_attack_dup60_s20260616,bonded,2156,PRIVPROBE:0,cache_hit,0,False,0,cache
m12_no_attack_dup60_s20260616_bonded,P3-Persist,m12_no_attack_dup60_s20260616,bonded,2179,PRIVPROBE:0,cache_hit,0,False,0,cache
m12_no_attack_dup60_s20260616_bonded,P3-Persist,m12_no_attack_dup60_s20260616,bonded,2203,PRIVPROBE:0,cache_hit,0,False,0,cache
m12_no_attack_dup60_s20260616_bonded,P3-Persist,m12_no_attack_dup60_s20260616,bonded,2221,PRIVPROBE:0,cache_hit,0,False,0,cache
m12_no_attack_dup60_s20260616_bonded,P3-Persist,m12_no_attack_dup60_s20260616,bonded,2234,PRIVPROBE:0,cache_hit,0,False,0,cache
m12_no_attack_dup60_s20260616_bonded,P3-Persist,m12_no_attack_dup60_s20260616,bonded,2245,PRIVPROBE:0,cache_hit,0,False,0,cache
m12_no_attack_dup60_s20260616_bonded,P3-Persist,m12_no_attack_dup60_s20260616,bonded,2263,PRIVPROBE:0,cache_hit,0,False,0,cache
m12_no_attack_dup60_s20260616_bonded,P3-Persist,m12_no_attack_dup60_s20260616,bonded,2279,PRIVPROBE:0,cache_hit,0,False,0,cache
m12_no_attack_dup60_s20260616_bonded,P3-Persist,m12_no_attack_dup60_s20260616,bonded,2307,PRIVPROBE:0,cache_hit,0,False,0,cache
m12_no_attack_dup60_s20260616_bonded,P3-Persist,m12_no_attack_dup60_s20260616,bonded,2327,PRIVPROBE:0,cache_hit,0,False,0,cache
m12_no_attack_dup60_s20260616_bonded,P3-Persist,m12_no_attack_dup60_s20260616,bonded,2346,PRIVPROBE:0,cache_hit,0,False,0,cache
m12_no_attack_dup60_s20260616_bonded,P3-Persist,m12_no_attack_dup60_s20260616,bonded,2373,PRIVPROBE:0,cache_hit,0,False,0,cache
m12_no_attack_dup60_s20260616_bonded,P3-Persist,m12_no_attack_dup60_s20260616,bonded,2399,PRIVPROBE:0,cache_hit,0,False,0,cache
m12_no_attack_dup60_s20260616_bonded,P3-Persist,m12_no_attack_dup60_s20260616,bonded,2423,PRIVPROBE:0,cache_hit,0,False,0,cache
m12_no_attack_dup60_s20260616_bonded,P3-Persist,m12_no_attack_dup60_s20260616,bonded,2440,PRIVPROBE:0,cache_hit,0,False,0,cache
m12_no_attack_dup60_s20260616_bonded,P3-Persist,m12_no_attack_dup60_s20260616,bonded,2469,PRIVPROBE:0,cache_hit,0,False,0,cache
m12_no_attack_dup60_s20260616_bonded,P3-Persist,m12_no_attack_dup60_s20260616,bonded,2495,PRIVPROBE:0,cache_hit,0,False,0,cache
m12_no_attack_dup60_s20260616_bonded,P3-Persist,m12_no_attack_dup60_s20260616,bonded,2518,PRIVPROBE:0,cache_hit,0,False,0,cache
m12_no_attack_dup60_s20260616_bonded,P3-Persist,m12_no_attack_dup60_s20260616,bonded,2542,PRIVPROBE:0,cache_hit,0,False,0,cache
m12_no_attack_dup60_s20260616_bonded,P3-Persist,m12_no_attack_dup60_s20260616,bonded,2564,PRIVPROBE:0,cache_hit,0,False,0,cache
m12_no_attack_dup60_s20260616_bonded,P3-Persist,m12_no_attack_dup60_s20260616,bonded,2588,PRIVPROBE:0,cache_hit,0,False,0,cache
m12_no_attack_dup60_s20260616_bonded,P3-Persist,m12_no_attack_dup60_s20260616,bonded,2613,PRIVPROBE:0,cache_hit,0,False,0,cache
m12_no_attack_dup60_s20260616_bonded,P3-Persist,m12_no_attack_dup60_s20260616,bonded,2647,PRIVPROBE:0,cache_hit,0,False,0,cache
m12_no_attack_dup60_s20260616_bonded,P3-Persist,m12_no_attack_dup60_s20260616,bonded,2668,PRIVPROBE:0,cache_hit,0,False,0,cache
m12_no_attack_dup60_s20260616_bonded,P3-Persist,m12_no_attack_dup60_s20260616,bonded,2690,PRIVPROBE:0,cache_hit,0,False,0,cache
m12_no_attack_dup60_s20260616_bonded,P3-Persist,m12_no_attack_dup60_s20260616,bonded,2708,PRIVPROBE:0,cache_hit,0,False,0,cache
m12_no_attack_dup60_s20260616_bonded,P3-Persist,m12_no_attack_dup60_s20260616,bonded,2725,PRIVPROBE:0,cache_hit,0,False,0,cache
m12_no_attack_dup60_s20260616_bonded,P3-Persist,m12_no_attack_dup60_s20260616,bonded,2741,PRIVPROBE:0,cache_hit,0,False,0,cache
m12_no_attack_dup60_s20260616_bonded,P3-Persist,m12_no_attack_dup60_s20260616,bonded,2760,PRIVPROBE:0,cache_hit,0,False,0,cache
m12_no_attack_dup60_s20260616_bonded,P3-Persist,m12_no_attack_dup60_s20260616,bonded,2780,PRIVPROBE:0,cache_hit,0,False,0,cache
m12_no_attack_dup60_s20260616_bonded,P3-Persist,m12_no_attack_dup60_s20260616,bonded,2809,PRIVPROBE:0,cache_hit,0,False,0,cache
m12_no_attack_dup60_s20260616_bonded,P3-Persist,m12_no_attack_dup60_s20260616,bonded,2830,PRIVPROBE:0,cache_hit,0,False,0,cache
m12_no_attack_dup60_s20260616_bonded,P3-Persist,m12_no_attack_dup60_s20260616,bonded,2854,PRIVPROBE:0,cache_hit,0,False,0,cache
m12_no_attack_dup60_s20260616_bonded,P3-Persist,m12_no_attack_dup60_s20260616,bonded,2876,PRIVPROBE:0,cache_hit,0,False,0,cache
m12_no_attack_dup60_s20260616_bonded,P3-Persist,m12_no_attack_dup60_s20260616,bonded,2895,PRIVPROBE:0,cache_hit,0,False,0,cache
m12_no_attack_dup60_s20260616_bonded,P3-Persist,m12_no_attack_dup60_s20260616,bonded,2920,PRIVPROBE:0,cache_hit,0,False,0,cache
m12_no_attack_dup60_s20260616_bonded,P3-Persist,m12_no_attack_dup60_s20260616,bonded,2941,PRIVPROBE:0,cache_hit,0,False,0,cache
m12_no_attack_dup60_s20260616_bonded,P3-Persist,m12_no_attack_dup60_s20260616,bonded,2973,PRIVPROBE:0,cache_hit,0,False,0,cache
m12_no_attack_dup60_s20260616_bonded,P3-Persist,m12_no_attack_dup60_s20260616,bonded,2985,PRIVPROBE:0,cache_hit,0,False,0,cache
m12_no_attack_dup60_s20260616_bonded,P3-Persist,m12_no_attack_dup60_s20260616,bonded,3009,PRIVPROBE:0,cache_hit,0,False,0,cache
m12_no_attack_dup60_s20260616_bonded,P3-Persist,m12_no_attack_dup60_s20260616,bonded,3031,PRIVPROBE:0,cache_hit,0,False,0,cache
m12_no_attack_dup60_s20260616_bonded,P3-Persist,m12_no_attack_dup60_s20260616,bonded,3045,PRIVPROBE:0,cache_hit,0,False,0,cache
m12_no_attack_dup60_s20260616_bonded,P3-Persist,m12_no_attack_dup60_s20260616,bonded,3072,PRIVPROBE:0,cache_hit,0,False,0,cache
m12_no_attack_dup60_s20260616_bonded,P3-Persist,m12_no_attack_dup60_s20260616,bonded,3098,PRIVPROBE:0,cache_hit,0,False,0,cache
m12_no_attack_dup60_s20260616_bonded,P3-Persist,m12_no_attack_dup60_s20260616,bonded,3122,PRIVPROBE:0,cache_hit,0,False,0,cache
m12_no_attack_dup60_s20260616_bonded,P3-Persist,m12_no_attack_dup60_s20260616,bonded,3145,PRIVPROBE:0,cache_hit,0,False,0,cache
m12_no_attack_dup60_s20260616_bonded,P3-Persist,m12_no_attack_dup60_s20260616,bonded,3165,PRIVPROBE:0,cache_hit,0,False,0,cache
m12_no_attack_dup60_s20260616_bonded,P3-Persist,m12_no_attack_dup60_s20260616,bonded,3191,PRIVPROBE:0,cache_hit,0,False,0,cache
m12_no_attack_dup60_s20260616_bonded,P3-Persist,m12_no_attack_dup60_s20260616,bonded,3213,PRIVPROBE:0,cache_hit,0,False,0,cache
m12_no_attack_dup60_s20260616_bonded,P3-Persist,m12_no_attack_dup60_s20260616,bonded,3233,PRIVPROBE:0,cache_hit,0,False,0,cache
m12_no_attack_dup60_s20260616_bonded,P3-Persist,m12_no_attack_dup60_s20260616,bonded,3254,PRIVPROBE:0,cache_hit,0,False,0,cache
m12_no_attack_dup60_s20260616_bonded,P3-Persist,m12_no_attack_dup60_s20260616,bonded,3275,PRIVPROBE:0,cache_hit,0,False,0,cache
m12_no_attack_dup60_s20260616_bonded,P3-Persist,m12_no_attack_dup60_s20260616,bonded,3293,PRIVPROBE:0,cache_hit,0,False,0,cache
m12_no_attack_dup60_s20260616_bonded,P3-Persist,m12_no_attack_dup60_s20260616,bonded,3308,PRIVPROBE:0,cache_hit,0,False,0,cache
m12_no_attack_dup60_s20260616_bonded,P3-Persist,m12_no_attack_dup60_s20260616,bonded,3325,PRIVPROBE:0,cache_hit,0,False,0,cache
m12_no_attack_dup60_s20260616_bonded,P3-Persist,m12_no_attack_dup60_s20260616,bonded,3345,PRIVPROBE:0,cache_hit,0,False,0,cache
m12_no_attack_dup60_s20260616_bonded,P3-Persist,m12_no_attack_dup60_s20260616,bonded,3357,PRIVPROBE:0,cache_hit,0,False,0,cache
m12_no_attack_dup60_s20260616_bonded,P3-Persist,m12_no_attack_dup60_s20260616,bonded,3374,PRIVPROBE:0,cache_hit,0,False,0,cache
m12_no_attack_dup60_s20260616_bonded,P3-Persist,m12_no_attack_dup60_s20260616,bonded,3402,PRIVPROBE:0,cache_hit,0,False,0,cache
m12_no_attack_dup60_s20260616_bonded,P3-Persist,m12_no_attack_dup60_s20260616,bonded,3425,PRIVPROBE:0,cache_hit,0,False,0,cache
m12_no_attack_dup60_s20260616_bonded,P3-Persist,m12_no_attack_dup60_s20260616,bonded,3440,PRIVPROBE:0,cache_hit,0,False,0,cache
m12_no_attack_dup60_s20260616_bonded,P3-Persist,m12_no_attack_dup60_s20260616,bonded,3462,PRIVPROBE:0,cache_hit,0,False,0,cache
m12_no_attack_dup60_s20260616_bonded,P3-Persist,m12_no_attack_dup60_s20260616,bonded,3489,PRIVPROBE:0,cache_hit,0,False,0,cache
m12_no_attack_dup60_s20260616_bonded,P3-Persist,m12_no_attack_dup60_s20260616,bonded,3515,PRIVPROBE:0,cache_hit,0,False,0,cache
m12_no_attack_dup60_s20260616_bonded,P3-Persist,m12_no_attack_dup60_s20260616,bonded,3536,PRIVPROBE:0,cache_hit,0,False,0,cache
m12_no_attack_dup60_s20260616_bonded,P3-Persist,m12_no_attack_dup60_s20260616,bonded,3554,PRIVPROBE:0,cache_hit,0,False,0,cache
m12_no_attack_dup60_s20260616_bonded,P3-Persist,m12_no_attack_dup60_s20260616,bonded,3570,PRIVPROBE:0,cache_hit,0,False,0,cache
m12_no_attack_dup60_s20260616_bonded,P3-Persist,m12_no_attack_dup60_s20260616,bonded,3584,PRIVPROBE:0,cache_hit,0,False,0,cache
m12_no_attack_dup60_s20260616_bonded,P3-Persist,m12_no_attack_dup60_s20260616,bonded,3607,PRIVPROBE:0,cache_hit,0,False,0,cache
m12_no_attack_dup60_s20260616_bonded,P3-Persist,m12_no_attack_dup60_s20260616,bonded,3630,PRIVPROBE:0,cache_hit,0,False,0,cache
m12_no_attack_dup60_s20260616_bonded,P3-Persist,m12_no_attack_dup60_s20260616,bonded,3653,PRIVPROBE:0,cache_hit,0,False,0,cache
m12_no_attack_dup60_s20260616_bonded,P3-Persist,m12_no_attack_dup60_s20260616,bonded,3676,PRIVPROBE:0,cache_hit,0,False,0,cache
m12_no_attack_dup60_s20260616_bonded,P3-Persist,m12_no_attack_dup60_s20260616,bonded,3695,PRIVPROBE:0,cache_hit,0,False,0,cache
m12_no_attack_dup60_s20260616_bonded,P3-Persist,m12_no_attack_dup60_s20260616,bonded,3709,PRIVPROBE:0,cache_hit,0,False,0,cache
m12_no_attack_dup60_s20260616_bonded,P3-Persist,m12_no_attack_dup60_s20260616,bonded,3731,PRIVPROBE:0,cache_hit,0,False,0,cache
m12_no_attack_dup60_s20260616_bonded,P3-Persist,m12_no_attack_dup60_s20260616,bonded,3744,PRIVPROBE:0,cache_hit,0,False,0,cache
m12_no_attack_dup60_s20260616_bonded,P3-Persist,m12_no_attack_dup60_s20260616,bonded,3765,PRIVPROBE:0,cache_hit,0,False,0,cache
m12_no_attack_dup60_s20260616_bonded,P3-Persist,m12_no_attack_dup60_s20260616,bonded,3780,PRIVPROBE:1,host_scan,504,False,0,host_scan
m12_no_attack_dup60_s20260616_bonded,P3-Persist,m12_no_attack_dup60_s20260616,bonded,3789,PRIVPROBE:1,cache_hit,0,False,0,cache
m12_no_attack_dup60_s20260616_bonded,P3-Persist,m12_no_attack_dup60_s20260616,bonded,3814,PRIVPROBE:1,cache_hit,0,False,0,cache
m12_no_attack_dup60_s20260616_bonded,P3-Persist,m12_no_attack_dup60_s20260616,bonded,3829,PRIVPROBE:1,cache_hit,0,False,0,cache
m12_no_attack_dup60_s20260616_bonded,P3-Persist,m12_no_attack_dup60_s20260616,bonded,3848,PRIVPROBE:1,cache_hit,0,False,0,cache
m12_no_attack_dup60_s20260616_bonded,P3-Persist,m12_no_attack_dup60_s20260616,bonded,3867,PRIVPROBE:1,cache_hit,0,False,0,cache
m12_no_attack_dup60_s20260616_bonded,P3-Persist,m12_no_attack_dup60_s20260616,bonded,3889,PRIVPROBE:1,cache_hit,0,False,0,cache
m12_no_attack_dup60_s20260616_bonded,P3-Persist,m12_no_attack_dup60_s20260616,bonded,3912,PRIVPROBE:1,cache_hit,0,False,0,cache
m12_no_attack_dup60_s20260616_bonded,P3-Persist,m12_no_attack_dup60_s20260616,bonded,3932,PRIVPROBE:1,cache_hit,0,False,0,cache
m12_no_attack_dup60_s20260616_bonded,P3-Persist,m12_no_attack_dup60_s20260616,bonded,3957,PRIVPROBE:1,cache_hit,0,False,0,cache
m12_no_attack_dup60_s20260616_bonded,P3-Persist,m12_no_attack_dup60_s20260616,bonded,3974,PRIVPROBE:1,cache_hit,0,False,0,cache
m12_no_attack_dup60_s20260616_bonded,P3-Persist,m12_no_attack_dup60_s20260616,bonded,3996,PRIVPROBE:1,cache_hit,0,False,0,cache
m12_no_attack_dup60_s20260616_bonded,P3-Persist,m12_no_attack_dup60_s20260616,bonded,4017,PRIVPROBE:1,cache_hit,0,False,0,cache
m12_no_attack_dup60_s20260616_bonded,P3-Persist,m12_no_attack_dup60_s20260616,bonded,4032,PRIVPROBE:1,cache_hit,0,False,0,cache
m12_no_attack_dup60_s20260616_bonded,P3-Persist,m12_no_attack_dup60_s20260616,bonded,4052,PRIVPROBE:1,cache_hit,0,False,0,cache
m12_no_attack_dup60_s20260616_bonded,P3-Persist,m12_no_attack_dup60_s20260616,bonded,4077,PRIVPROBE:1,cache_hit,0,False,0,cache
m12_no_attack_dup60_s20260616_bonded,P3-Persist,m12_no_attack_dup60_s20260616,bonded,4101,PRIVPROBE:1,cache_hit,0,False,0,cache
m12_no_attack_dup60_s20260616_bonded,P3-Persist,m12_no_attack_dup60_s20260616,bonded,4112,PRIVPROBE:1,cache_hit,0,False,0,cache
m12_no_attack_dup60_s20260616_bonded,P3-Persist,m12_no_attack_dup60_s20260616,bonded,4132,PRIVPROBE:1,cache_hit,0,False,0,cache
m12_no_attack_dup60_s20260616_bonded,P3-Persist,m12_no_attack_dup60_s20260616,bonded,4158,PRIVPROBE:1,cache_hit,0,False,0,cache
m12_no_attack_dup60_s20260616_bonded,P3-Persist,m12_no_attack_dup60_s20260616,bonded,4183,PRIVPROBE:1,cache_hit,0,False,0,cache
m12_no_attack_dup60_s20260616_bonded,P3-Persist,m12_no_attack_dup60_s20260616,bonded,4204,PRIVPROBE:1,cache_hit,0,False,0,cache
m12_no_attack_dup60_s20260616_bonded,P3-Persist,m12_no_attack_dup60_s20260616,bonded,4217,PRIVPROBE:1,cache_hit,0,False,0,cache
m12_no_attack_dup60_s20260616_bonded,P3-Persist,m12_no_attack_dup60_s20260616,bonded,4236,PRIVPROBE:1,cache_hit,0,False,0,cache
m12_no_attack_dup60_s20260616_bonded,P3-Persist,m12_no_attack_dup60_s20260616,bonded,4257,PRIVPROBE:1,cache_hit,0,False,0,cache
m12_no_attack_dup60_s20260616_bonded,P3-Persist,m12_no_attack_dup60_s20260616,bonded,4274,PRIVPROBE:1,cache_hit,0,False,0,cache
m12_no_attack_dup60_s20260616_bonded,P3-Persist,m12_no_attack_dup60_s20260616,bonded,4302,PRIVPROBE:1,cache_hit,0,False,0,cache
m12_no_attack_dup60_s20260616_bonded,P3-Persist,m12_no_attack_dup60_s20260616,bonded,4334,PRIVPROBE:1,cache_hit,0,False,0,cache
m12_no_attack_dup60_s20260616_bonded,P3-Persist,m12_no_attack_dup60_s20260616,bonded,4352,PRIVPROBE:1,cache_hit,0,False,0,cache
m12_no_attack_dup60_s20260616_bonded,P3-Persist,m12_no_attack_dup60_s20260616,bonded,4369,PRIVPROBE:1,cache_hit,0,False,0,cache
m12_no_attack_dup60_s20260616_bonded,P3-Persist,m12_no_attack_dup60_s20260616,bonded,4385,PRIVPROBE:1,cache_hit,0,False,0,cache
m12_no_attack_dup60_s20260616_bonded,P3-Persist,m12_no_attack_dup60_s20260616,bonded,4404,PRIVPROBE:1,cache_hit,0,False,0,cache
m12_no_attack_dup60_s20260616_bonded,P3-Persist,m12_no_attack_dup60_s20260616,bonded,4434,PRIVPROBE:1,cache_hit,0,False,0,cache
m12_no_attack_dup60_s20260616_bonded,P3-Persist,m12_no_attack_dup60_s20260616,bonded,4452,PRIVPROBE:1,cache_hit,0,False,0,cache
m12_no_attack_dup60_s20260616_bonded,P3-Persist,m12_no_attack_dup60_s20260616,bonded,4468,PRIVPROBE:1,cache_hit,0,False,0,cache
m12_no_attack_dup60_s20260616_bonded,P3-Persist,m12_no_attack_dup60_s20260616,bonded,4487,PRIVPROBE:1,cache_hit,0,False,0,cache
m12_no_attack_dup60_s20260616_bonded,P3-Persist,m12_no_attack_dup60_s20260616,bonded,4501,PRIVPROBE:1,cache_hit,0,False,0,cache
m12_no_attack_dup60_s20260616_bonded,P3-Persist,m12_no_attack_dup60_s20260616,bonded,4525,PRIVPROBE:1,cache_hit,0,False,0,cache
m12_no_attack_dup60_s20260616_bonded,P3-Persist,m12_no_attack_dup60_s20260616,bonded,4540,PRIVPROBE:1,cache_hit,0,False,0,cache
m12_no_attack_dup60_s20260616_bonded,P3-Persist,m12_no_attack_dup60_s20260616,bonded,4563,PRIVPROBE:1,cache_hit,0,False,0,cache
m12_no_attack_dup60_s20260616_bonded,P3-Persist,m12_no_attack_dup60_s20260616,bonded,4593,PRIVPROBE:1,cache_hit,0,False,0,cache
m12_no_attack_dup60_s20260616_bonded,P3-Persist,m12_no_attack_dup60_s20260616,bonded,4613,PRIVPROBE:1,cache_hit,0,False,0,cache
m12_no_attack_dup60_s20260616_bonded,P3-Persist,m12_no_attack_dup60_s20260616,bonded,4637,PRIVPROBE:1,cache_hit,0,False,0,cache
m12_no_attack_dup60_s20260616_bonded,P3-Persist,m12_no_attack_dup60_s20260616,bonded,4661,PRIVPROBE:1,cache_hit,0,False,0,cache
m12_no_attack_dup60_s20260616_bonded,P3-Persist,m12_no_attack_dup60_s20260616,bonded,4682,PRIVPROBE:1,cache_hit,0,False,0,cache
m12_no_attack_dup60_s20260616_bonded,P3-Persist,m12_no_attack_dup60_s20260616,bonded,4711,PRIVPROBE:1,cache_hit,0,False,0,cache
m12_no_attack_dup60_s20260616_bonded,P3-Persist,m12_no_attack_dup60_s20260616,bonded,4725,PRIVPROBE:1,cache_hit,0,False,0,cache
m12_no_attack_dup60_s20260616_bonded,P3-Persist,m12_no_attack_dup60_s20260616,bonded,4746,PRIVPROBE:1,cache_hit,0,False,0,cache
m12_no_attack_dup60_s20260616_bonded,P3-Persist,m12_no_attack_dup60_s20260616,bonded,4762,PRIVPROBE:1,cache_hit,0,False,0,cache
m12_no_attack_dup60_s20260616_bonded,P3-Persist,m12_no_attack_dup60_s20260616,bonded,4777,PRIVPROBE:1,cache_hit,0,False,0,cache
m12_no_attack_dup60_s20260616_bonded,P3-Persist,m12_no_attack_dup60_s20260616,bonded,4799,PRIVPROBE:1,cache_hit,0,False,0,cache
m12_no_attack_dup60_s20260616_bonded,P3-Persist,m12_no_attack_dup60_s20260616,bonded,4823,PRIVPROBE:1,cache_hit,0,False,0,cache
m12_no_attack_dup60_s20260616_bonded,P3-Persist,m12_no_attack_dup60_s20260616,bonded,4845,PRIVPROBE:1,cache_hit,0,False,0,cache
m12_no_attack_dup60_s20260616_bonded,P3-Persist,m12_no_attack_dup60_s20260616,bonded,4870,PRIVPROBE:1,cache_hit,0,False,0,cache
m12_no_attack_dup60_s20260616_bonded,P3-Persist,m12_no_attack_dup60_s20260616,bonded,4895,PRIVPROBE:1,cache_hit,0,False,0,cache
m12_no_attack_dup60_s20260616_bonded,P3-Persist,m12_no_attack_dup60_s20260616,bonded,4914,PRIVPROBE:1,cache_hit,0,False,0,cache
m12_no_attack_dup60_s20260616_bonded,P3-Persist,m12_no_attack_dup60_s20260616,bonded,4930,PRIVPROBE:1,cache_hit,0,False,0,cache
m12_no_attack_dup60_s20260616_bonded,P3-Persist,m12_no_attack_dup60_s20260616,bonded,4941,PRIVPROBE:1,cache_hit,0,False,0,cache
m12_no_attack_dup60_s20260616_bonded,P3-Persist,m12_no_attack_dup60_s20260616,bonded,4956,PRIVPROBE:1,cache_hit,0,False,0,cache
m12_no_attack_dup60_s20260616_bonded,P3-Persist,m12_no_attack_dup60_s20260616,bonded,4985,PRIVPROBE:1,cache_hit,0,False,0,cache
m12_no_attack_dup60_s20260616_bonded,P3-Persist,m12_no_attack_dup60_s20260616,bonded,4998,PRIVPROBE:1,cache_hit,0,False,0,cache
m12_no_attack_dup60_s20260616_bonded,P3-Persist,m12_no_attack_dup60_s20260616,bonded,5014,PRIVPROBE:1,cache_hit,0,False,0,cache
m12_no_attack_dup60_s20260616_bonded,P3-Persist,m12_no_attack_dup60_s20260616,bonded,5043,PRIVPROBE:1,cache_hit,0,False,0,cache
m12_no_attack_dup60_s20260616_bonded,P3-Persist,m12_no_attack_dup60_s20260616,bonded,5059,PRIVPROBE:1,cache_hit,0,False,0,cache
m12_no_attack_dup60_s20260616_bonded,P3-Persist,m12_no_attack_dup60_s20260616,bonded,5077,PRIVPROBE:1,cache_hit,0,False,0,cache
m12_no_attack_dup60_s20260616_bonded,P3-Persist,m12_no_attack_dup60_s20260616,bonded,5098,PRIVPROBE:1,cache_hit,0,False,0,cache
m12_no_attack_dup60_s20260616_bonded,P3-Persist,m12_no_attack_dup60_s20260616,bonded,5120,PRIVPROBE:1,cache_hit,0,False,0,cache
m12_no_attack_dup60_s20260616_bonded,P3-Persist,m12_no_attack_dup60_s20260616,bonded,5145,PRIVPROBE:1,cache_hit,0,False,0,cache
m12_no_attack_dup60_s20260616_bonded,P3-Persist,m12_no_attack_dup60_s20260616,bonded,5166,PRIVPROBE:1,cache_hit,0,False,0,cache
m12_no_attack_dup60_s20260616_bonded,P3-Persist,m12_no_attack_dup60_s20260616,bonded,5198,PRIVPROBE:1,cache_hit,0,False,0,cache
m12_no_attack_dup60_s20260616_bonded,P3-Persist,m12_no_attack_dup60_s20260616,bonded,5222,PRIVPROBE:1,cache_hit,0,False,0,cache
m12_no_attack_dup60_s20260616_bonded,P3-Persist,m12_no_attack_dup60_s20260616,bonded,5251,PRIVPROBE:1,cache_hit,0,False,0,cache
m12_no_attack_dup60_s20260616_bonded,P3-Persist,m12_no_attack_dup60_s20260616,bonded,5272,PRIVPROBE:1,cache_hit,0,False,0,cache
m12_no_attack_dup60_s20260616_bonded,P3-Persist,m12_no_attack_dup60_s20260616,bonded,5290,PRIVPROBE:1,cache_hit,0,False,0,cache
m12_no_attack_dup60_s20260616_bonded,P3-Persist,m12_no_attack_dup60_s20260616,bonded,5317,PRIVPROBE:1,cache_hit,0,False,0,cache
m12_no_attack_dup60_s20260616_bonded,P3-Persist,m12_no_attack_dup60_s20260616,bonded,5339,PRIVPROBE:1,cache_hit,0,False,0,cache
m12_no_attack_dup60_s20260616_bonded,P3-Persist,m12_no_attack_dup60_s20260616,bonded,5367,PRIVPROBE:1,cache_hit,0,False,0,cache
m12_no_attack_dup60_s20260616_bonded,P3-Persist,m12_no_attack_dup60_s20260616,bonded,5388,PRIVPROBE:1,cache_hit,0,False,0,cache
m12_no_attack_dup60_s20260616_bonded,P3-Persist,m12_no_attack_dup60_s20260616,bonded,5404,PRIVPROBE:1,cache_hit,0,False,0,cache
m12_no_attack_dup60_s20260616_bonded,P3-Persist,m12_no_attack_dup60_s20260616,bonded,5419,PRIVPROBE:1,cache_hit,0,False,0,cache
m12_no_attack_dup60_s20260616_bonded,P3-Persist,m12_no_attack_dup60_s20260616,bonded,5445,PRIVPROBE:1,cache_hit,0,False,0,cache
m12_no_attack_dup60_s20260616_bonded,P3-Persist,m12_no_attack_dup60_s20260616,bonded,5474,PRIVPROBE:1,cache_hit,0,False,0,cache
m12_no_attack_dup60_s20260616_bonded,P3-Persist,m12_no_attack_dup60_s20260616,bonded,5495,PRIVPROBE:1,cache_hit,0,False,0,cache
m12_no_attack_dup60_s20260616_bonded,P3-Persist,m12_no_attack_dup60_s20260616,bonded,5517,PRIVPROBE:1,cache_hit,0,False,0,cache
m12_no_attack_dup60_s20260616_bonded,P3-Persist,m12_no_attack_dup60_s20260616,bonded,5530,PRIVPROBE:1,cache_hit,0,False,0,cache
m12_no_attack_dup60_s20260616_bonded,P3-Persist,m12_no_attack_dup60_s20260616,bonded,5552,PRIVPROBE:1,cache_hit,0,False,0,cache
m12_no_attack_dup60_s20260616_bonded,P3-Persist,m12_no_attack_dup60_s20260616,bonded,5580,PRIVPROBE:1,cache_hit,0,False,0,cache
m12_no_attack_dup60_s20260616_bonded,P3-Persist,m12_no_attack_dup60_s20260616,bonded,5605,PRIVPROBE:1,cache_hit,0,False,0,cache
m12_no_attack_dup60_s20260616_bonded,P3-Persist,m12_no_attack_dup60_s20260616,bonded,5619,PRIVPROBE:1,cache_hit,0,False,0,cache
m12_no_attack_dup60_s20260616_bonded,P3-Persist,m12_no_attack_dup60_s20260616,bonded,5637,PRIVPROBE:1,cache_hit,0,False,0,cache
m12_no_attack_dup60_s20260616_bonded,P3-Persist,m12_no_attack_dup60_s20260616,bonded,5659,PRIVPROBE:1,cache_hit,0,False,0,cache
m12_no_attack_dup60_s20260616_bonded,P3-Persist,m12_no_attack_dup60_s20260616,bonded,5678,PRIVPROBE:1,cache_hit,0,False,0,cache
m12_no_attack_dup60_s20260616_bonded,P3-Persist,m12_no_attack_dup60_s20260616,bonded,5692,PRIVPROBE:1,cache_hit,0,False,0,cache
m12_no_attack_dup60_s20260616_bonded,P3-Persist,m12_no_attack_dup60_s20260616,bonded,5716,PRIVPROBE:1,cache_hit,0,False,0,cache
m12_no_attack_dup60_s20260616_bonded,P3-Persist,m12_no_attack_dup60_s20260616,bonded,5739,PRIVPROBE:1,cache_hit,0,False,0,cache
m12_no_attack_dup60_s20260616_bonded,P3-Persist,m12_no_attack_dup60_s20260616,bonded,5755,PRIVPROBE:1,cache_hit,0,False,0,cache
m12_no_attack_dup60_s20260616_bonded,P3-Persist,m12_no_attack_dup60_s20260616,bonded,5786,PRIVPROBE:1,cache_hit,0,False,0,cache
m12_no_attack_dup60_s20260616_bonded,P3-Persist,m12_no_attack_dup60_s20260616,bonded,5806,PRIVPROBE:1,cache_hit,0,False,0,cache
m12_no_attack_dup60_s20260616_bonded,P3-Persist,m12_no_attack_dup60_s20260616,bonded,5831,PRIVPROBE:1,cache_hit,0,False,0,cache
m12_no_attack_dup60_s20260616_bonded,P3-Persist,m12_no_attack_dup60_s20260616,bonded,5850,PRIVPROBE:1,cache_hit,0,False,0,cache
m12_no_attack_dup60_s20260616_bonded,P3-Persist,m12_no_attack_dup60_s20260616,bonded,5871,PRIVPROBE:1,cache_hit,0,False,0,cache
m12_no_attack_dup60_s20260616_bonded,P3-Persist,m12_no_attack_dup60_s20260616,bonded,5893,PRIVPROBE:1,cache_hit,0,False,0,cache
m12_no_attack_dup60_s20260616_bonded,P3-Persist,m12_no_attack_dup60_s20260616,bonded,5917,PRIVPROBE:1,cache_hit,0,False,0,cache
m12_no_attack_dup60_s20260616_bonded,P3-Persist,m12_no_attack_dup60_s20260616,bonded,5940,PRIVPROBE:1,cache_hit,0,False,0,cache
m12_no_attack_dup60_s20260616_bonded,P3-Persist,m12_no_attack_dup60_s20260616,bonded,5965,PRIVPROBE:1,cache_hit,0,False,0,cache
m12_no_attack_dup60_s20260616_bonded,P3-Persist,m12_no_attack_dup60_s20260616,bonded,5991,PRIVPROBE:1,cache_hit,0,False,0,cache
m12_no_attack_dup60_s20260616_bonded,P3-Persist,m12_no_attack_dup60_s20260616,bonded,6011,PRIVPROBE:1,cache_hit,0,False,0,cache
m12_no_attack_dup60_s20260616_bonded,P3-Persist,m12_no_attack_dup60_s20260616,bonded,6030,PRIVPROBE:1,cache_hit,0,False,0,cache
m12_no_attack_dup60_s20260616_bonded,P3-Persist,m12_no_attack_dup60_s20260616,bonded,6050,PRIVPROBE:1,cache_hit,0,False,0,cache
m12_no_attack_dup60_s20260616_bonded,P3-Persist,m12_no_attack_dup60_s20260616,bonded,6064,PRIVPROBE:1,cache_hit,0,False,0,cache
m12_no_attack_dup60_s20260616_bonded,P3-Persist,m12_no_attack_dup60_s20260616,bonded,6079,PRIVPROBE:1,cache_hit,0,False,0,cache
m12_no_attack_dup60_s20260616_bonded,P3-Persist,m12_no_attack_dup60_s20260616,bonded,6102,PRIVPROBE:1,cache_hit,0,False,0,cache
m12_no_attack_dup60_s20260616_bonded,P3-Persist,m12_no_attack_dup60_s20260616,bonded,6121,PRIVPROBE:1,cache_hit,0,False,0,cache
m12_no_attack_dup60_s20260616_bonded,P3-Persist,m12_no_attack_dup60_s20260616,bonded,6147,PRIVPROBE:1,cache_hit,0,False,0,cache
m12_no_attack_dup60_s20260616_bonded,P3-Persist,m12_no_attack_dup60_s20260616,bonded,6172,PRIVPROBE:1,cache_hit,0,False,0,cache
m12_no_attack_dup60_s20260616_bonded,P3-Persist,m12_no_attack_dup60_s20260616,bonded,6202,PRIVPROBE:1,cache_hit,0,False,0,cache
m12_no_attack_dup60_s20260616_bonded,P3-Persist,m12_no_attack_dup60_s20260616,bonded,6223,PRIVPROBE:1,cache_hit,0,False,0,cache
m12_no_attack_dup60_s20260616_bonded,P3-Persist,m12_no_attack_dup60_s20260616,bonded,6242,PRIVPROBE:1,cache_hit,0,False,0,cache
m12_no_attack_dup60_s20260616_bonded,P3-Persist,m12_no_attack_dup60_s20260616,bonded,6271,PRIVPROBE:1,cache_hit,0,False,0,cache
m12_no_attack_dup60_s20260616_bonded,P3-Persist,m12_no_attack_dup60_s20260616,bonded,6288,PRIVPROBE:1,cache_hit,0,False,0,cache
m12_no_attack_dup60_s20260616_bonded,P3-Persist,m12_no_attack_dup60_s20260616,bonded,6302,PRIVPROBE:1,cache_hit,0,False,0,cache
m12_no_attack_dup60_s20260616_bonded,P3-Persist,m12_no_attack_dup60_s20260616,bonded,6328,PRIVPROBE:1,cache_hit,0,False,0,cache
m12_no_attack_dup60_s20260616_bonded,P3-Persist,m12_no_attack_dup60_s20260616,bonded,6343,PRIVPROBE:1,cache_hit,0,False,0,cache
m12_no_attack_dup60_s20260616_bonded,P3-Persist,m12_no_attack_dup60_s20260616,bonded,6363,PRIVPROBE:1,cache_hit,0,False,0,cache
m12_no_attack_dup60_s20260616_bonded,P3-Persist,m12_no_attack_dup60_s20260616,bonded,6384,PRIVPROBE:1,cache_hit,0,False,0,cache
m12_no_attack_dup60_s20260616_bonded,P3-Persist,m12_no_attack_dup60_s20260616,bonded,6403,PRIVPROBE:1,cache_hit,0,False,0,cache
m12_no_attack_dup60_s20260616_bonded,P3-Persist,m12_no_attack_dup60_s20260616,bonded,6420,PRIVPROBE:1,cache_hit,0,False,0,cache
m12_no_attack_dup60_s20260616_bonded,P3-Persist,m12_no_attack_dup60_s20260616,bonded,6448,PRIVPROBE:1,cache_hit,0,False,0,cache
m12_no_attack_dup60_s20260616_bonded,P3-Persist,m12_no_attack_dup60_s20260616,bonded,6468,PRIVPROBE:1,cache_hit,0,False,0,cache
m12_no_attack_dup60_s20260616_bonded,P3-Persist,m12_no_attack_dup60_s20260616,bonded,6490,PRIVPROBE:1,cache_hit,0,False,0,cache
m12_no_attack_dup60_s20260616_bonded,P3-Persist,m12_no_attack_dup60_s20260616,bonded,6508,PRIVPROBE:1,cache_hit,0,False,0,cache
m12_no_attack_dup60_s20260616_bonded,P3-Persist,m12_no_attack_dup60_s20260616,bonded,6526,PRIVPROBE:1,cache_hit,0,False,0,cache
m12_no_attack_dup60_s20260616_bonded,P3-Persist,m12_no_attack_dup60_s20260616,bonded,6533,PRIVPROBE:1,cache_hit,0,False,0,cache
m12_no_attack_dup60_s20260616_bonded,P3-Persist,m12_no_attack_dup60_s20260616,bonded,6548,PRIVPROBE:1,cache_hit,0,False,0,cache
m12_no_attack_dup60_s20260616_bonded,P3-Persist,m12_no_attack_dup60_s20260616,bonded,6565,PRIVPROBE:1,cache_hit,0,False,0,cache
m12_no_attack_dup60_s20260616_bonded,P3-Persist,m12_no_attack_dup60_s20260616,bonded,6582,PRIVPROBE:1,cache_hit,0,False,0,cache
m12_no_attack_dup60_s20260616_bonded,P3-Persist,m12_no_attack_dup60_s20260616,bonded,6598,PRIVPROBE:1,cache_hit,0,False,0,cache
m12_no_attack_dup60_s20260616_bonded,P3-Persist,m12_no_attack_dup60_s20260616,bonded,6616,PRIVPROBE:1,cache_hit,0,False,0,cache
m12_no_attack_dup60_s20260616_bonded,P3-Persist,m12_no_attack_dup60_s20260616,bonded,6634,PRIVPROBE:1,cache_hit,0,False,0,cache
m12_no_attack_dup60_s20260616_bonded,P3-Persist,m12_no_attack_dup60_s20260616,bonded,6650,PRIVPROBE:1,cache_hit,0,False,0,cache
m12_no_attack_dup60_s20260616_bonded,P3-Persist,m12_no_attack_dup60_s20260616,bonded,6677,PRIVPROBE:1,cache_hit,0,False,0,cache
m12_no_attack_dup60_s20260616_bonded,P3-Persist,m12_no_attack_dup60_s20260616,bonded,6706,PRIVPROBE:1,cache_hit,0,False,0,cache
m12_no_attack_dup60_s20260616_bonded,P3-Persist,m12_no_attack_dup60_s20260616,bonded,6734,PRIVPROBE:1,cache_hit,0,False,0,cache
m12_no_attack_dup60_s20260616_bonded,P3-Persist,m12_no_attack_dup60_s20260616,bonded,6766,PRIVPROBE:1,cache_hit,0,False,0,cache
m12_no_attack_dup60_s20260616_bonded,P3-Persist,m12_no_attack_dup60_s20260616,bonded,6791,PRIVPROBE:1,cache_hit,0,False,0,cache
m12_no_attack_dup60_s20260616_bonded,P3-Persist,m12_no_attack_dup60_s20260616,bonded,6816,PRIVPROBE:1,cache_hit,0,False,0,cache
m12_no_attack_dup60_s20260616_bonded,P3-Persist,m12_no_attack_dup60_s20260616,bonded,6850,PRIVPROBE:1,cache_hit,0,False,0,cache
m12_no_attack_dup60_s20260616_bonded,P3-Persist,m12_no_attack_dup60_s20260616,bonded,6868,PRIVPROBE:1,cache_hit,0,False,0,cache
m12_no_attack_dup60_s20260616_bonded,P3-Persist,m12_no_attack_dup60_s20260616,bonded,6892,PRIVPROBE:1,cache_hit,0,False,0,cache
m12_no_attack_dup60_s20260616_bonded,P3-Persist,m12_no_attack_dup60_s20260616,bonded,6912,PRIVPROBE:1,cache_hit,0,False,0,cache
m12_no_attack_dup60_s20260616_bonded,P3-Persist,m12_no_attack_dup60_s20260616,bonded,6940,PRIVPROBE:1,cache_hit,0,False,0,cache
m12_no_attack_dup60_s20260616_bonded,P3-Persist,m12_no_attack_dup60_s20260616,bonded,6965,PRIVPROBE:1,cache_hit,0,False,0,cache
m12_no_attack_dup60_s20260616_bonded,P3-Persist,m12_no_attack_dup60_s20260616,bonded,6977,PRIVPROBE:1,cache_hit,0,False,0,cache
m12_no_attack_dup60_s20260616_bonded,P3-Persist,m12_no_attack_dup60_s20260616,bonded,7006,PRIVPROBE:1,cache_hit,0,False,0,cache
m12_no_attack_dup60_s20260616_bonded,P3-Persist,m12_no_attack_dup60_s20260616,bonded,7027,PRIVPROBE:1,cache_hit,0,False,0,cache
m12_no_attack_dup60_s20260616_bonded,P3-Persist,m12_no_attack_dup60_s20260616,bonded,7050,PRIVPROBE:1,cache_hit,0,False,0,cache
m12_no_attack_dup60_s20260616_bonded,P3-Persist,m12_no_attack_dup60_s20260616,bonded,7072,PRIVPROBE:1,cache_hit,0,False,0,cache
m12_no_attack_dup60_s20260616_bonded,P3-Persist,m12_no_attack_dup60_s20260616,bonded,7098,PRIVPROBE:1,cache_hit,0,False,0,cache
m12_no_attack_dup60_s20260616_bonded,P3-Persist,m12_no_attack_dup60_s20260616,bonded,7109,PRIVPROBE:1,cache_hit,0,False,0,cache
m12_no_attack_dup60_s20260616_bonded,P3-Persist,m12_no_attack_dup60_s20260616,bonded,7133,PRIVPROBE:1,cache_hit,0,False,0,cache
m12_no_attack_dup60_s20260616_bonded,P3-Persist,m12_no_attack_dup60_s20260616,bonded,7149,PRIVPROBE:1,cache_hit,0,False,0,cache
m12_no_attack_dup60_s20260616_bonded,P3-Persist,m12_no_attack_dup60_s20260616,bonded,7176,PRIVPROBE:1,cache_hit,0,False,0,cache
m12_no_attack_dup60_s20260616_bonded,P3-Persist,m12_no_attack_dup60_s20260616,bonded,7199,PRIVPROBE:1,cache_hit,0,False,0,cache
m12_no_attack_dup60_s20260616_bonded,P3-Persist,m12_no_attack_dup60_s20260616,bonded,7213,PRIVPROBE:1,cache_hit,0,False,0,cache
m12_no_attack_dup60_s20260616_bonded,P3-Persist,m12_no_attack_dup60_s20260616,bonded,7231,PRIVPROBE:1,cache_hit,0,False,0,cache
m12_no_attack_dup60_s20260616_bonded,P3-Persist,m12_no_attack_dup60_s20260616,bonded,7257,PRIVPROBE:1,cache_hit,0,False,0,cache
m12_no_attack_dup60_s20260616_bonded,P3-Persist,m12_no_attack_dup60_s20260616,bonded,7285,PRIVPROBE:1,cache_hit,0,False,0,cache
m12_no_attack_dup60_s20260616_bonded,P3-Persist,m12_no_attack_dup60_s20260616,bonded,7310,PRIVPROBE:1,cache_hit,0,False,0,cache
m12_no_attack_dup60_s20260616_bonded,P3-Persist,m12_no_attack_dup60_s20260616,bonded,7324,PRIVPROBE:1,cache_hit,0,False,0,cache
m12_no_attack_dup60_s20260616_bonded,P3-Persist,m12_no_attack_dup60_s20260616,bonded,7343,PRIVPROBE:1,cache_hit,0,False,0,cache
m12_no_attack_dup60_s20260616_bonded,P3-Persist,m12_no_attack_dup60_s20260616,bonded,7365,PRIVPROBE:1,cache_hit,0,False,0,cache
m12_no_attack_dup60_s20260616_bonded,P3-Persist,m12_no_attack_dup60_s20260616,bonded,7380,PRIVPROBE:1,cache_hit,0,False,0,cache
m12_no_attack_dup60_s20260616_bonded,P3-Persist,m12_no_attack_dup60_s20260616,bonded,7403,PRIVPROBE:1,cache_hit,0,False,0,cache
m12_no_attack_dup60_s20260616_bonded,P3-Persist,m12_no_attack_dup60_s20260616,bonded,7418,PRIVPROBE:1,cache_hit,0,False,0,cache
m12_no_attack_dup60_s20260616_bonded,P3-Persist,m12_no_attack_dup60_s20260616,bonded,7438,PRIVPROBE:1,cache_hit,0,False,0,cache
m12_no_attack_dup60_s20260616_bonded,P3-Persist,m12_no_attack_dup60_s20260616,bonded,7453,PRIVPROBE:1,cache_hit,0,False,0,cache
m12_no_attack_dup60_s20260616_bonded,P3-Persist,m12_no_attack_dup60_s20260616,bonded,7469,PRIVPROBE:1,cache_hit,0,False,0,cache
m12_no_attack_dup60_s20260616_bonded,P3-Persist,m12_no_attack_dup60_s20260616,bonded,7488,PRIVPROBE:1,cache_hit,0,False,0,cache
m12_no_attack_dup60_s20260616_bonded,P3-Persist,m12_no_attack_dup60_s20260616,bonded,7510,PRIVPROBE:1,cache_hit,0,False,0,cache
m12_no_attack_dup60_s20260616_bonded,P3-Persist,m12_no_attack_dup60_s20260616,bonded,7540,PRIVPROBE:1,cache_hit,0,False,0,cache
m12_no_attack_dup60_s20260616_bonded,P3-NoPersist,m12_no_attack_dup60_s20260616,bonded,1296,PRIVPROBE:0,cache_hit,0,False,0,cache
m12_no_attack_dup60_s20260616_bonded,P3-NoPersist,m12_no_attack_dup60_s20260616,bonded,1317,PRIVPROBE:0,cache_hit,0,False,0,cache
m12_no_attack_dup60_s20260616_bonded,P3-NoPersist,m12_no_attack_dup60_s20260616,bonded,1331,PRIVPROBE:0,cache_hit,0,False,0,cache
m12_no_attack_dup60_s20260616_bonded,P3-NoPersist,m12_no_attack_dup60_s20260616,bonded,1342,PRIVPROBE:0,cache_hit,0,False,0,cache
m12_no_attack_dup60_s20260616_bonded,P3-NoPersist,m12_no_attack_dup60_s20260616,bonded,1363,PRIVPROBE:0,cache_hit,0,False,0,cache
m12_no_attack_dup60_s20260616_bonded,P3-NoPersist,m12_no_attack_dup60_s20260616,bonded,1385,PRIVPROBE:0,cache_hit,0,False,0,cache
m12_no_attack_dup60_s20260616_bonded,P3-NoPersist,m12_no_attack_dup60_s20260616,bonded,1409,PRIVPROBE:0,cache_hit,0,False,0,cache
m12_no_attack_dup60_s20260616_bonded,P3-NoPersist,m12_no_attack_dup60_s20260616,bonded,1429,PRIVPROBE:0,cache_hit,0,False,0,cache
m12_no_attack_dup60_s20260616_bonded,P3-NoPersist,m12_no_attack_dup60_s20260616,bonded,1457,PRIVPROBE:0,cache_hit,0,False,0,cache
m12_no_attack_dup60_s20260616_bonded,P3-NoPersist,m12_no_attack_dup60_s20260616,bonded,1482,PRIVPROBE:0,cache_hit,0,False,0,cache
m12_no_attack_dup60_s20260616_bonded,P3-NoPersist,m12_no_attack_dup60_s20260616,bonded,1494,PRIVPROBE:0,cache_hit,0,False,0,cache
m12_no_attack_dup60_s20260616_bonded,P3-NoPersist,m12_no_attack_dup60_s20260616,bonded,1510,PRIVPROBE:0,cache_hit,0,False,0,cache
m12_no_attack_dup60_s20260616_bonded,P3-NoPersist,m12_no_attack_dup60_s20260616,bonded,1526,PRIVPROBE:0,cache_hit,0,False,0,cache
m12_no_attack_dup60_s20260616_bonded,P3-NoPersist,m12_no_attack_dup60_s20260616,bonded,1542,PRIVPROBE:0,cache_hit,0,False,0,cache
m12_no_attack_dup60_s20260616_bonded,P3-NoPersist,m12_no_attack_dup60_s20260616,bonded,1554,PRIVPROBE:0,cache_hit,0,False,0,cache
m12_no_attack_dup60_s20260616_bonded,P3-NoPersist,m12_no_attack_dup60_s20260616,bonded,1578,PRIVPROBE:0,cache_hit,0,False,0,cache
m12_no_attack_dup60_s20260616_bonded,P3-NoPersist,m12_no_attack_dup60_s20260616,bonded,1604,PRIVPROBE:0,cache_hit,0,False,0,cache
m12_no_attack_dup60_s20260616_bonded,P3-NoPersist,m12_no_attack_dup60_s20260616,bonded,1625,PRIVPROBE:0,cache_hit,0,False,0,cache
m12_no_attack_dup60_s20260616_bonded,P3-NoPersist,m12_no_attack_dup60_s20260616,bonded,1635,PRIVPROBE:0,cache_hit,0,False,0,cache
m12_no_attack_dup60_s20260616_bonded,P3-NoPersist,m12_no_attack_dup60_s20260616,bonded,1654,PRIVPROBE:0,cache_hit,0,False,0,cache
m12_no_attack_dup60_s20260616_bonded,P3-NoPersist,m12_no_attack_dup60_s20260616,bonded,1677,PRIVPROBE:0,cache_hit,0,False,0,cache
m12_no_attack_dup60_s20260616_bonded,P3-NoPersist,m12_no_attack_dup60_s20260616,bonded,1699,PRIVPROBE:0,cache_hit,0,False,0,cache
m12_no_attack_dup60_s20260616_bonded,P3-NoPersist,m12_no_attack_dup60_s20260616,bonded,1723,PRIVPROBE:0,cache_hit,0,False,0,cache
m12_no_attack_dup60_s20260616_bonded,P3-NoPersist,m12_no_attack_dup60_s20260616,bonded,1743,PRIVPROBE:0,cache_hit,0,False,0,cache
m12_no_attack_dup60_s20260616_bonded,P3-NoPersist,m12_no_attack_dup60_s20260616,bonded,1755,PRIVPROBE:0,cache_hit,0,False,0,cache
m12_no_attack_dup60_s20260616_bonded,P3-NoPersist,m12_no_attack_dup60_s20260616,bonded,1776,PRIVPROBE:0,cache_hit,0,False,0,cache
m12_no_attack_dup60_s20260616_bonded,P3-NoPersist,m12_no_attack_dup60_s20260616,bonded,1797,PRIVPROBE:0,cache_hit,0,False,0,cache
m12_no_attack_dup60_s20260616_bonded,P3-NoPersist,m12_no_attack_dup60_s20260616,bonded,1814,PRIVPROBE:0,cache_hit,0,False,0,cache
m12_no_attack_dup60_s20260616_bonded,P3-NoPersist,m12_no_attack_dup60_s20260616,bonded,1839,PRIVPROBE:0,cache_hit,0,False,0,cache
m12_no_attack_dup60_s20260616_bonded,P3-NoPersist,m12_no_attack_dup60_s20260616,bonded,1852,PRIVPROBE:0,cache_hit,0,False,0,cache
m12_no_attack_dup60_s20260616_bonded,P3-NoPersist,m12_no_attack_dup60_s20260616,bonded,1882,PRIVPROBE:0,cache_hit,0,False,0,cache
m12_no_attack_dup60_s20260616_bonded,P3-NoPersist,m12_no_attack_dup60_s20260616,bonded,1901,PRIVPROBE:0,cache_hit,0,False,0,cache
m12_no_attack_dup60_s20260616_bonded,P3-NoPersist,m12_no_attack_dup60_s20260616,bonded,1920,PRIVPROBE:0,cache_hit,0,False,0,cache
m12_no_attack_dup60_s20260616_bonded,P3-NoPersist,m12_no_attack_dup60_s20260616,bonded,1946,PRIVPROBE:0,cache_hit,0,False,0,cache
m12_no_attack_dup60_s20260616_bonded,P3-NoPersist,m12_no_attack_dup60_s20260616,bonded,1965,PRIVPROBE:0,cache_hit,0,False,0,cache
m12_no_attack_dup60_s20260616_bonded,P3-NoPersist,m12_no_attack_dup60_s20260616,bonded,1981,PRIVPROBE:0,cache_hit,0,False,0,cache
m12_no_attack_dup60_s20260616_bonded,P3-NoPersist,m12_no_attack_dup60_s20260616,bonded,2001,PRIVPROBE:0,cache_hit,0,False,0,cache
m12_no_attack_dup60_s20260616_bonded,P3-NoPersist,m12_no_attack_dup60_s20260616,bonded,2019,PRIVPROBE:0,cache_hit,0,False,0,cache
m12_no_attack_dup60_s20260616_bonded,P3-NoPersist,m12_no_attack_dup60_s20260616,bonded,2039,PRIVPROBE:0,cache_hit,0,False,0,cache
m12_no_attack_dup60_s20260616_bonded,P3-NoPersist,m12_no_attack_dup60_s20260616,bonded,2060,PRIVPROBE:0,cache_hit,0,False,0,cache
m12_no_attack_dup60_s20260616_bonded,P3-NoPersist,m12_no_attack_dup60_s20260616,bonded,2080,PRIVPROBE:0,cache_hit,0,False,0,cache
m12_no_attack_dup60_s20260616_bonded,P3-NoPersist,m12_no_attack_dup60_s20260616,bonded,2109,PRIVPROBE:0,cache_hit,0,False,0,cache
m12_no_attack_dup60_s20260616_bonded,P3-NoPersist,m12_no_attack_dup60_s20260616,bonded,2130,PRIVPROBE:0,cache_hit,0,False,0,cache
m12_no_attack_dup60_s20260616_bonded,P3-NoPersist,m12_no_attack_dup60_s20260616,bonded,2156,PRIVPROBE:0,cache_hit,0,False,0,cache
m12_no_attack_dup60_s20260616_bonded,P3-NoPersist,m12_no_attack_dup60_s20260616,bonded,2179,PRIVPROBE:0,cache_hit,0,False,0,cache
m12_no_attack_dup60_s20260616_bonded,P3-NoPersist,m12_no_attack_dup60_s20260616,bonded,2203,PRIVPROBE:0,cache_hit,0,False,0,cache
m12_no_attack_dup60_s20260616_bonded,P3-NoPersist,m12_no_attack_dup60_s20260616,bonded,2221,PRIVPROBE:0,cache_hit,0,False,0,cache
m12_no_attack_dup60_s20260616_bonded,P3-NoPersist,m12_no_attack_dup60_s20260616,bonded,2234,PRIVPROBE:0,cache_hit,0,False,0,cache
m12_no_attack_dup60_s20260616_bonded,P3-NoPersist,m12_no_attack_dup60_s20260616,bonded,2245,PRIVPROBE:0,cache_hit,0,False,0,cache
m12_no_attack_dup60_s20260616_bonded,P3-NoPersist,m12_no_attack_dup60_s20260616,bonded,2263,PRIVPROBE:0,cache_hit,0,False,0,cache
m12_no_attack_dup60_s20260616_bonded,P3-NoPersist,m12_no_attack_dup60_s20260616,bonded,2279,PRIVPROBE:0,cache_hit,0,False,0,cache
m12_no_attack_dup60_s20260616_bonded,P3-NoPersist,m12_no_attack_dup60_s20260616,bonded,2307,PRIVPROBE:0,cache_hit,0,False,0,cache
m12_no_attack_dup60_s20260616_bonded,P3-NoPersist,m12_no_attack_dup60_s20260616,bonded,2327,PRIVPROBE:0,cache_hit,0,False,0,cache
m12_no_attack_dup60_s20260616_bonded,P3-NoPersist,m12_no_attack_dup60_s20260616,bonded,2346,PRIVPROBE:0,cache_hit,0,False,0,cache
m12_no_attack_dup60_s20260616_bonded,P3-NoPersist,m12_no_attack_dup60_s20260616,bonded,2373,PRIVPROBE:0,cache_hit,0,False,0,cache
m12_no_attack_dup60_s20260616_bonded,P3-NoPersist,m12_no_attack_dup60_s20260616,bonded,2399,PRIVPROBE:0,cache_hit,0,False,0,cache
m12_no_attack_dup60_s20260616_bonded,P3-NoPersist,m12_no_attack_dup60_s20260616,bonded,2423,PRIVPROBE:0,cache_hit,0,False,0,cache
m12_no_attack_dup60_s20260616_bonded,P3-NoPersist,m12_no_attack_dup60_s20260616,bonded,2440,PRIVPROBE:0,cache_hit,0,False,0,cache
m12_no_attack_dup60_s20260616_bonded,P3-NoPersist,m12_no_attack_dup60_s20260616,bonded,2469,PRIVPROBE:0,cache_hit,0,False,0,cache
m12_no_attack_dup60_s20260616_bonded,P3-NoPersist,m12_no_attack_dup60_s20260616,bonded,2495,PRIVPROBE:0,cache_hit,0,False,0,cache
m12_no_attack_dup60_s20260616_bonded,P3-NoPersist,m12_no_attack_dup60_s20260616,bonded,2518,PRIVPROBE:0,cache_hit,0,False,0,cache
m12_no_attack_dup60_s20260616_bonded,P3-NoPersist,m12_no_attack_dup60_s20260616,bonded,2542,PRIVPROBE:0,cache_hit,0,False,0,cache
m12_no_attack_dup60_s20260616_bonded,P3-NoPersist,m12_no_attack_dup60_s20260616,bonded,2564,PRIVPROBE:0,cache_hit,0,False,0,cache
m12_no_attack_dup60_s20260616_bonded,P3-NoPersist,m12_no_attack_dup60_s20260616,bonded,2588,PRIVPROBE:0,cache_hit,0,False,0,cache
m12_no_attack_dup60_s20260616_bonded,P3-NoPersist,m12_no_attack_dup60_s20260616,bonded,2613,PRIVPROBE:0,cache_hit,0,False,0,cache
m12_no_attack_dup60_s20260616_bonded,P3-NoPersist,m12_no_attack_dup60_s20260616,bonded,2647,PRIVPROBE:0,cache_hit,0,False,0,cache
m12_no_attack_dup60_s20260616_bonded,P3-NoPersist,m12_no_attack_dup60_s20260616,bonded,2668,PRIVPROBE:0,cache_hit,0,False,0,cache
m12_no_attack_dup60_s20260616_bonded,P3-NoPersist,m12_no_attack_dup60_s20260616,bonded,2690,PRIVPROBE:0,cache_hit,0,False,0,cache
m12_no_attack_dup60_s20260616_bonded,P3-NoPersist,m12_no_attack_dup60_s20260616,bonded,2708,PRIVPROBE:0,cache_hit,0,False,0,cache
m12_no_attack_dup60_s20260616_bonded,P3-NoPersist,m12_no_attack_dup60_s20260616,bonded,2725,PRIVPROBE:0,cache_hit,0,False,0,cache
m12_no_attack_dup60_s20260616_bonded,P3-NoPersist,m12_no_attack_dup60_s20260616,bonded,2741,PRIVPROBE:0,cache_hit,0,False,0,cache
m12_no_attack_dup60_s20260616_bonded,P3-NoPersist,m12_no_attack_dup60_s20260616,bonded,2760,PRIVPROBE:0,cache_hit,0,False,0,cache
m12_no_attack_dup60_s20260616_bonded,P3-NoPersist,m12_no_attack_dup60_s20260616,bonded,2780,PRIVPROBE:0,cache_hit,0,False,0,cache
m12_no_attack_dup60_s20260616_bonded,P3-NoPersist,m12_no_attack_dup60_s20260616,bonded,2809,PRIVPROBE:0,cache_hit,0,False,0,cache
m12_no_attack_dup60_s20260616_bonded,P3-NoPersist,m12_no_attack_dup60_s20260616,bonded,2830,PRIVPROBE:0,cache_hit,0,False,0,cache
m12_no_attack_dup60_s20260616_bonded,P3-NoPersist,m12_no_attack_dup60_s20260616,bonded,2854,PRIVPROBE:0,cache_hit,0,False,0,cache
m12_no_attack_dup60_s20260616_bonded,P3-NoPersist,m12_no_attack_dup60_s20260616,bonded,2876,PRIVPROBE:0,cache_hit,0,False,0,cache
m12_no_attack_dup60_s20260616_bonded,P3-NoPersist,m12_no_attack_dup60_s20260616,bonded,2895,PRIVPROBE:0,cache_hit,0,False,0,cache
m12_no_attack_dup60_s20260616_bonded,P3-NoPersist,m12_no_attack_dup60_s20260616,bonded,2920,PRIVPROBE:0,cache_hit,0,False,0,cache
m12_no_attack_dup60_s20260616_bonded,P3-NoPersist,m12_no_attack_dup60_s20260616,bonded,2941,PRIVPROBE:0,cache_hit,0,False,0,cache
m12_no_attack_dup60_s20260616_bonded,P3-NoPersist,m12_no_attack_dup60_s20260616,bonded,2973,PRIVPROBE:0,cache_hit,0,False,0,cache
m12_no_attack_dup60_s20260616_bonded,P3-NoPersist,m12_no_attack_dup60_s20260616,bonded,2985,PRIVPROBE:0,cache_hit,0,False,0,cache
m12_no_attack_dup60_s20260616_bonded,P3-NoPersist,m12_no_attack_dup60_s20260616,bonded,3009,PRIVPROBE:0,cache_hit,0,False,0,cache
m12_no_attack_dup60_s20260616_bonded,P3-NoPersist,m12_no_attack_dup60_s20260616,bonded,3031,PRIVPROBE:0,cache_hit,0,False,0,cache
m12_no_attack_dup60_s20260616_bonded,P3-NoPersist,m12_no_attack_dup60_s20260616,bonded,3045,PRIVPROBE:0,cache_hit,0,False,0,cache
m12_no_attack_dup60_s20260616_bonded,P3-NoPersist,m12_no_attack_dup60_s20260616,bonded,3072,PRIVPROBE:0,cache_hit,0,False,0,cache
m12_no_attack_dup60_s20260616_bonded,P3-NoPersist,m12_no_attack_dup60_s20260616,bonded,3098,PRIVPROBE:0,cache_hit,0,False,0,cache
m12_no_attack_dup60_s20260616_bonded,P3-NoPersist,m12_no_attack_dup60_s20260616,bonded,3122,PRIVPROBE:0,cache_hit,0,False,0,cache
m12_no_attack_dup60_s20260616_bonded,P3-NoPersist,m12_no_attack_dup60_s20260616,bonded,3145,PRIVPROBE:0,cache_hit,0,False,0,cache
m12_no_attack_dup60_s20260616_bonded,P3-NoPersist,m12_no_attack_dup60_s20260616,bonded,3165,PRIVPROBE:0,cache_hit,0,False,0,cache
m12_no_attack_dup60_s20260616_bonded,P3-NoPersist,m12_no_attack_dup60_s20260616,bonded,3191,PRIVPROBE:0,cache_hit,0,False,0,cache
m12_no_attack_dup60_s20260616_bonded,P3-NoPersist,m12_no_attack_dup60_s20260616,bonded,3213,PRIVPROBE:0,cache_hit,0,False,0,cache
m12_no_attack_dup60_s20260616_bonded,P3-NoPersist,m12_no_attack_dup60_s20260616,bonded,3233,PRIVPROBE:0,cache_hit,0,False,0,cache
m12_no_attack_dup60_s20260616_bonded,P3-NoPersist,m12_no_attack_dup60_s20260616,bonded,3254,PRIVPROBE:0,cache_hit,0,False,0,cache
m12_no_attack_dup60_s20260616_bonded,P3-NoPersist,m12_no_attack_dup60_s20260616,bonded,3275,PRIVPROBE:0,cache_hit,0,False,0,cache
m12_no_attack_dup60_s20260616_bonded,P3-NoPersist,m12_no_attack_dup60_s20260616,bonded,3293,PRIVPROBE:0,cache_hit,0,False,0,cache
m12_no_attack_dup60_s20260616_bonded,P3-NoPersist,m12_no_attack_dup60_s20260616,bonded,3308,PRIVPROBE:0,cache_hit,0,False,0,cache
m12_no_attack_dup60_s20260616_bonded,P3-NoPersist,m12_no_attack_dup60_s20260616,bonded,3325,PRIVPROBE:0,cache_hit,0,False,0,cache
m12_no_attack_dup60_s20260616_bonded,P3-NoPersist,m12_no_attack_dup60_s20260616,bonded,3345,PRIVPROBE:0,cache_hit,0,False,0,cache
m12_no_attack_dup60_s20260616_bonded,P3-NoPersist,m12_no_attack_dup60_s20260616,bonded,3357,PRIVPROBE:0,cache_hit,0,False,0,cache
m12_no_attack_dup60_s20260616_bonded,P3-NoPersist,m12_no_attack_dup60_s20260616,bonded,3374,PRIVPROBE:0,cache_hit,0,False,0,cache
m12_no_attack_dup60_s20260616_bonded,P3-NoPersist,m12_no_attack_dup60_s20260616,bonded,3402,PRIVPROBE:0,cache_hit,0,False,0,cache
m12_no_attack_dup60_s20260616_bonded,P3-NoPersist,m12_no_attack_dup60_s20260616,bonded,3425,PRIVPROBE:0,cache_hit,0,False,0,cache
m12_no_attack_dup60_s20260616_bonded,P3-NoPersist,m12_no_attack_dup60_s20260616,bonded,3440,PRIVPROBE:0,cache_hit,0,False,0,cache
m12_no_attack_dup60_s20260616_bonded,P3-NoPersist,m12_no_attack_dup60_s20260616,bonded,3462,PRIVPROBE:0,cache_hit,0,False,0,cache
m12_no_attack_dup60_s20260616_bonded,P3-NoPersist,m12_no_attack_dup60_s20260616,bonded,3489,PRIVPROBE:0,cache_hit,0,False,0,cache
m12_no_attack_dup60_s20260616_bonded,P3-NoPersist,m12_no_attack_dup60_s20260616,bonded,3515,PRIVPROBE:0,cache_hit,0,False,0,cache
m12_no_attack_dup60_s20260616_bonded,P3-NoPersist,m12_no_attack_dup60_s20260616,bonded,3536,PRIVPROBE:0,cache_hit,0,False,0,cache
m12_no_attack_dup60_s20260616_bonded,P3-NoPersist,m12_no_attack_dup60_s20260616,bonded,3554,PRIVPROBE:0,cache_hit,0,False,0,cache
m12_no_attack_dup60_s20260616_bonded,P3-NoPersist,m12_no_attack_dup60_s20260616,bonded,3570,PRIVPROBE:0,cache_hit,0,False,0,cache
m12_no_attack_dup60_s20260616_bonded,P3-NoPersist,m12_no_attack_dup60_s20260616,bonded,3584,PRIVPROBE:0,cache_hit,0,False,0,cache
m12_no_attack_dup60_s20260616_bonded,P3-NoPersist,m12_no_attack_dup60_s20260616,bonded,3607,PRIVPROBE:0,cache_hit,0,False,0,cache
m12_no_attack_dup60_s20260616_bonded,P3-NoPersist,m12_no_attack_dup60_s20260616,bonded,3630,PRIVPROBE:0,cache_hit,0,False,0,cache
m12_no_attack_dup60_s20260616_bonded,P3-NoPersist,m12_no_attack_dup60_s20260616,bonded,3653,PRIVPROBE:0,cache_hit,0,False,0,cache
m12_no_attack_dup60_s20260616_bonded,P3-NoPersist,m12_no_attack_dup60_s20260616,bonded,3676,PRIVPROBE:0,cache_hit,0,False,0,cache
m12_no_attack_dup60_s20260616_bonded,P3-NoPersist,m12_no_attack_dup60_s20260616,bonded,3695,PRIVPROBE:0,cache_hit,0,False,0,cache
m12_no_attack_dup60_s20260616_bonded,P3-NoPersist,m12_no_attack_dup60_s20260616,bonded,3709,PRIVPROBE:0,cache_hit,0,False,0,cache
m12_no_attack_dup60_s20260616_bonded,P3-NoPersist,m12_no_attack_dup60_s20260616,bonded,3731,PRIVPROBE:0,cache_hit,0,False,0,cache
m12_no_attack_dup60_s20260616_bonded,P3-NoPersist,m12_no_attack_dup60_s20260616,bonded,3744,PRIVPROBE:0,cache_hit,0,False,0,cache
m12_no_attack_dup60_s20260616_bonded,P3-NoPersist,m12_no_attack_dup60_s20260616,bonded,3765,PRIVPROBE:0,cache_hit,0,False,0,cache
m12_no_attack_dup60_s20260616_bonded,P3-NoPersist,m12_no_attack_dup60_s20260616,bonded,3780,PRIVPROBE:1,host_scan,504,False,0,host_scan
m12_no_attack_dup60_s20260616_bonded,P3-NoPersist,m12_no_attack_dup60_s20260616,bonded,3789,PRIVPROBE:1,cache_hit,0,False,0,cache
m12_no_attack_dup60_s20260616_bonded,P3-NoPersist,m12_no_attack_dup60_s20260616,bonded,3814,PRIVPROBE:1,cache_hit,0,False,0,cache
m12_no_attack_dup60_s20260616_bonded,P3-NoPersist,m12_no_attack_dup60_s20260616,bonded,3829,PRIVPROBE:1,cache_hit,0,False,0,cache
m12_no_attack_dup60_s20260616_bonded,P3-NoPersist,m12_no_attack_dup60_s20260616,bonded,3848,PRIVPROBE:1,cache_hit,0,False,0,cache
m12_no_attack_dup60_s20260616_bonded,P3-NoPersist,m12_no_attack_dup60_s20260616,bonded,3867,PRIVPROBE:1,cache_hit,0,False,0,cache
m12_no_attack_dup60_s20260616_bonded,P3-NoPersist,m12_no_attack_dup60_s20260616,bonded,3889,PRIVPROBE:1,cache_hit,0,False,0,cache
m12_no_attack_dup60_s20260616_bonded,P3-NoPersist,m12_no_attack_dup60_s20260616,bonded,3912,PRIVPROBE:1,cache_hit,0,False,0,cache
m12_no_attack_dup60_s20260616_bonded,P3-NoPersist,m12_no_attack_dup60_s20260616,bonded,3932,PRIVPROBE:1,cache_hit,0,False,0,cache
m12_no_attack_dup60_s20260616_bonded,P3-NoPersist,m12_no_attack_dup60_s20260616,bonded,3957,PRIVPROBE:1,cache_hit,0,False,0,cache
m12_no_attack_dup60_s20260616_bonded,P3-NoPersist,m12_no_attack_dup60_s20260616,bonded,3974,PRIVPROBE:1,cache_hit,0,False,0,cache
m12_no_attack_dup60_s20260616_bonded,P3-NoPersist,m12_no_attack_dup60_s20260616,bonded,3996,PRIVPROBE:1,cache_hit,0,False,0,cache
m12_no_attack_dup60_s20260616_bonded,P3-NoPersist,m12_no_attack_dup60_s20260616,bonded,4017,PRIVPROBE:1,cache_hit,0,False,0,cache
m12_no_attack_dup60_s20260616_bonded,P3-NoPersist,m12_no_attack_dup60_s20260616,bonded,4032,PRIVPROBE:1,cache_hit,0,False,0,cache
m12_no_attack_dup60_s20260616_bonded,P3-NoPersist,m12_no_attack_dup60_s20260616,bonded,4052,PRIVPROBE:1,cache_hit,0,False,0,cache
m12_no_attack_dup60_s20260616_bonded,P3-NoPersist,m12_no_attack_dup60_s20260616,bonded,4077,PRIVPROBE:1,cache_hit,0,False,0,cache
m12_no_attack_dup60_s20260616_bonded,P3-NoPersist,m12_no_attack_dup60_s20260616,bonded,4101,PRIVPROBE:1,cache_hit,0,False,0,cache
m12_no_attack_dup60_s20260616_bonded,P3-NoPersist,m12_no_attack_dup60_s20260616,bonded,4112,PRIVPROBE:1,cache_hit,0,False,0,cache
m12_no_attack_dup60_s20260616_bonded,P3-NoPersist,m12_no_attack_dup60_s20260616,bonded,4132,PRIVPROBE:1,cache_hit,0,False,0,cache
m12_no_attack_dup60_s20260616_bonded,P3-NoPersist,m12_no_attack_dup60_s20260616,bonded,4158,PRIVPROBE:1,cache_hit,0,False,0,cache
m12_no_attack_dup60_s20260616_bonded,P3-NoPersist,m12_no_attack_dup60_s20260616,bonded,4183,PRIVPROBE:1,cache_hit,0,False,0,cache
m12_no_attack_dup60_s20260616_bonded,P3-NoPersist,m12_no_attack_dup60_s20260616,bonded,4204,PRIVPROBE:1,cache_hit,0,False,0,cache
m12_no_attack_dup60_s20260616_bonded,P3-NoPersist,m12_no_attack_dup60_s20260616,bonded,4217,PRIVPROBE:1,cache_hit,0,False,0,cache
m12_no_attack_dup60_s20260616_bonded,P3-NoPersist,m12_no_attack_dup60_s20260616,bonded,4236,PRIVPROBE:1,cache_hit,0,False,0,cache
m12_no_attack_dup60_s20260616_bonded,P3-NoPersist,m12_no_attack_dup60_s20260616,bonded,4257,PRIVPROBE:1,cache_hit,0,False,0,cache
m12_no_attack_dup60_s20260616_bonded,P3-NoPersist,m12_no_attack_dup60_s20260616,bonded,4274,PRIVPROBE:1,cache_hit,0,False,0,cache
m12_no_attack_dup60_s20260616_bonded,P3-NoPersist,m12_no_attack_dup60_s20260616,bonded,4302,PRIVPROBE:1,cache_hit,0,False,0,cache
m12_no_attack_dup60_s20260616_bonded,P3-NoPersist,m12_no_attack_dup60_s20260616,bonded,4334,PRIVPROBE:1,cache_hit,0,False,0,cache
m12_no_attack_dup60_s20260616_bonded,P3-NoPersist,m12_no_attack_dup60_s20260616,bonded,4352,PRIVPROBE:1,cache_hit,0,False,0,cache
m12_no_attack_dup60_s20260616_bonded,P3-NoPersist,m12_no_attack_dup60_s20260616,bonded,4369,PRIVPROBE:1,cache_hit,0,False,0,cache
m12_no_attack_dup60_s20260616_bonded,P3-NoPersist,m12_no_attack_dup60_s20260616,bonded,4385,PRIVPROBE:1,cache_hit,0,False,0,cache
m12_no_attack_dup60_s20260616_bonded,P3-NoPersist,m12_no_attack_dup60_s20260616,bonded,4404,PRIVPROBE:1,cache_hit,0,False,0,cache
m12_no_attack_dup60_s20260616_bonded,P3-NoPersist,m12_no_attack_dup60_s20260616,bonded,4434,PRIVPROBE:1,cache_hit,0,False,0,cache
m12_no_attack_dup60_s20260616_bonded,P3-NoPersist,m12_no_attack_dup60_s20260616,bonded,4452,PRIVPROBE:1,cache_hit,0,False,0,cache
m12_no_attack_dup60_s20260616_bonded,P3-NoPersist,m12_no_attack_dup60_s20260616,bonded,4468,PRIVPROBE:1,cache_hit,0,False,0,cache
m12_no_attack_dup60_s20260616_bonded,P3-NoPersist,m12_no_attack_dup60_s20260616,bonded,4487,PRIVPROBE:1,cache_hit,0,False,0,cache
m12_no_attack_dup60_s20260616_bonded,P3-NoPersist,m12_no_attack_dup60_s20260616,bonded,4501,PRIVPROBE:1,cache_hit,0,False,0,cache
m12_no_attack_dup60_s20260616_bonded,P3-NoPersist,m12_no_attack_dup60_s20260616,bonded,4525,PRIVPROBE:1,cache_hit,0,False,0,cache
m12_no_attack_dup60_s20260616_bonded,P3-NoPersist,m12_no_attack_dup60_s20260616,bonded,4540,PRIVPROBE:1,cache_hit,0,False,0,cache
m12_no_attack_dup60_s20260616_bonded,P3-NoPersist,m12_no_attack_dup60_s20260616,bonded,4563,PRIVPROBE:1,cache_hit,0,False,0,cache
m12_no_attack_dup60_s20260616_bonded,P3-NoPersist,m12_no_attack_dup60_s20260616,bonded,4593,PRIVPROBE:1,cache_hit,0,False,0,cache
m12_no_attack_dup60_s20260616_bonded,P3-NoPersist,m12_no_attack_dup60_s20260616,bonded,4613,PRIVPROBE:1,cache_hit,0,False,0,cache
m12_no_attack_dup60_s20260616_bonded,P3-NoPersist,m12_no_attack_dup60_s20260616,bonded,4637,PRIVPROBE:1,cache_hit,0,False,0,cache
m12_no_attack_dup60_s20260616_bonded,P3-NoPersist,m12_no_attack_dup60_s20260616,bonded,4661,PRIVPROBE:1,cache_hit,0,False,0,cache
m12_no_attack_dup60_s20260616_bonded,P3-NoPersist,m12_no_attack_dup60_s20260616,bonded,4682,PRIVPROBE:1,cache_hit,0,False,0,cache
m12_no_attack_dup60_s20260616_bonded,P3-NoPersist,m12_no_attack_dup60_s20260616,bonded,4711,PRIVPROBE:1,cache_hit,0,False,0,cache
m12_no_attack_dup60_s20260616_bonded,P3-NoPersist,m12_no_attack_dup60_s20260616,bonded,4725,PRIVPROBE:1,cache_hit,0,False,0,cache
m12_no_attack_dup60_s20260616_bonded,P3-NoPersist,m12_no_attack_dup60_s20260616,bonded,4746,PRIVPROBE:1,cache_hit,0,False,0,cache
m12_no_attack_dup60_s20260616_bonded,P3-NoPersist,m12_no_attack_dup60_s20260616,bonded,4762,PRIVPROBE:1,cache_hit,0,False,0,cache
m12_no_attack_dup60_s20260616_bonded,P3-NoPersist,m12_no_attack_dup60_s20260616,bonded,4777,PRIVPROBE:1,cache_hit,0,False,0,cache
m12_no_attack_dup60_s20260616_bonded,P3-NoPersist,m12_no_attack_dup60_s20260616,bonded,4799,PRIVPROBE:1,cache_hit,0,False,0,cache
m12_no_attack_dup60_s20260616_bonded,P3-NoPersist,m12_no_attack_dup60_s20260616,bonded,4823,PRIVPROBE:1,cache_hit,0,False,0,cache
m12_no_attack_dup60_s20260616_bonded,P3-NoPersist,m12_no_attack_dup60_s20260616,bonded,4845,PRIVPROBE:1,cache_hit,0,False,0,cache
m12_no_attack_dup60_s20260616_bonded,P3-NoPersist,m12_no_attack_dup60_s20260616,bonded,4870,PRIVPROBE:1,cache_hit,0,False,0,cache
m12_no_attack_dup60_s20260616_bonded,P3-NoPersist,m12_no_attack_dup60_s20260616,bonded,4895,PRIVPROBE:1,cache_hit,0,False,0,cache
m12_no_attack_dup60_s20260616_bonded,P3-NoPersist,m12_no_attack_dup60_s20260616,bonded,4914,PRIVPROBE:1,cache_hit,0,False,0,cache
m12_no_attack_dup60_s20260616_bonded,P3-NoPersist,m12_no_attack_dup60_s20260616,bonded,4930,PRIVPROBE:1,cache_hit,0,False,0,cache
m12_no_attack_dup60_s20260616_bonded,P3-NoPersist,m12_no_attack_dup60_s20260616,bonded,4941,PRIVPROBE:1,cache_hit,0,False,0,cache
m12_no_attack_dup60_s20260616_bonded,P3-NoPersist,m12_no_attack_dup60_s20260616,bonded,4956,PRIVPROBE:1,cache_hit,0,False,0,cache
m12_no_attack_dup60_s20260616_bonded,P3-NoPersist,m12_no_attack_dup60_s20260616,bonded,4985,PRIVPROBE:1,cache_hit,0,False,0,cache
m12_no_attack_dup60_s20260616_bonded,P3-NoPersist,m12_no_attack_dup60_s20260616,bonded,4998,PRIVPROBE:1,cache_hit,0,False,0,cache
m12_no_attack_dup60_s20260616_bonded,P3-NoPersist,m12_no_attack_dup60_s20260616,bonded,5014,PRIVPROBE:1,cache_hit,0,False,0,cache
m12_no_attack_dup60_s20260616_bonded,P3-NoPersist,m12_no_attack_dup60_s20260616,bonded,5043,PRIVPROBE:1,cache_hit,0,False,0,cache
m12_no_attack_dup60_s20260616_bonded,P3-NoPersist,m12_no_attack_dup60_s20260616,bonded,5059,PRIVPROBE:1,cache_hit,0,False,0,cache
m12_no_attack_dup60_s20260616_bonded,P3-NoPersist,m12_no_attack_dup60_s20260616,bonded,5077,PRIVPROBE:1,cache_hit,0,False,0,cache
m12_no_attack_dup60_s20260616_bonded,P3-NoPersist,m12_no_attack_dup60_s20260616,bonded,5098,PRIVPROBE:1,cache_hit,0,False,0,cache
m12_no_attack_dup60_s20260616_bonded,P3-NoPersist,m12_no_attack_dup60_s20260616,bonded,5120,PRIVPROBE:1,cache_hit,0,False,0,cache
m12_no_attack_dup60_s20260616_bonded,P3-NoPersist,m12_no_attack_dup60_s20260616,bonded,5145,PRIVPROBE:1,cache_hit,0,False,0,cache
m12_no_attack_dup60_s20260616_bonded,P3-NoPersist,m12_no_attack_dup60_s20260616,bonded,5166,PRIVPROBE:1,cache_hit,0,False,0,cache
m12_no_attack_dup60_s20260616_bonded,P3-NoPersist,m12_no_attack_dup60_s20260616,bonded,5198,PRIVPROBE:1,cache_hit,0,False,0,cache
m12_no_attack_dup60_s20260616_bonded,P3-NoPersist,m12_no_attack_dup60_s20260616,bonded,5222,PRIVPROBE:1,cache_hit,0,False,0,cache
m12_no_attack_dup60_s20260616_bonded,P3-NoPersist,m12_no_attack_dup60_s20260616,bonded,5251,PRIVPROBE:1,cache_hit,0,False,0,cache
m12_no_attack_dup60_s20260616_bonded,P3-NoPersist,m12_no_attack_dup60_s20260616,bonded,5272,PRIVPROBE:1,cache_hit,0,False,0,cache
m12_no_attack_dup60_s20260616_bonded,P3-NoPersist,m12_no_attack_dup60_s20260616,bonded,5290,PRIVPROBE:1,cache_hit,0,False,0,cache
m12_no_attack_dup60_s20260616_bonded,P3-NoPersist,m12_no_attack_dup60_s20260616,bonded,5317,PRIVPROBE:1,cache_hit,0,False,0,cache
m12_no_attack_dup60_s20260616_bonded,P3-NoPersist,m12_no_attack_dup60_s20260616,bonded,5339,PRIVPROBE:1,cache_hit,0,False,0,cache
m12_no_attack_dup60_s20260616_bonded,P3-NoPersist,m12_no_attack_dup60_s20260616,bonded,5367,PRIVPROBE:1,cache_hit,0,False,0,cache
m12_no_attack_dup60_s20260616_bonded,P3-NoPersist,m12_no_attack_dup60_s20260616,bonded,5388,PRIVPROBE:1,cache_hit,0,False,0,cache
m12_no_attack_dup60_s20260616_bonded,P3-NoPersist,m12_no_attack_dup60_s20260616,bonded,5404,PRIVPROBE:1,cache_hit,0,False,0,cache
m12_no_attack_dup60_s20260616_bonded,P3-NoPersist,m12_no_attack_dup60_s20260616,bonded,5419,PRIVPROBE:1,cache_hit,0,False,0,cache
m12_no_attack_dup60_s20260616_bonded,P3-NoPersist,m12_no_attack_dup60_s20260616,bonded,5445,PRIVPROBE:1,cache_hit,0,False,0,cache
m12_no_attack_dup60_s20260616_bonded,P3-NoPersist,m12_no_attack_dup60_s20260616,bonded,5474,PRIVPROBE:1,cache_hit,0,False,0,cache
m12_no_attack_dup60_s20260616_bonded,P3-NoPersist,m12_no_attack_dup60_s20260616,bonded,5495,PRIVPROBE:1,cache_hit,0,False,0,cache
m12_no_attack_dup60_s20260616_bonded,P3-NoPersist,m12_no_attack_dup60_s20260616,bonded,5517,PRIVPROBE:1,cache_hit,0,False,0,cache
m12_no_attack_dup60_s20260616_bonded,P3-NoPersist,m12_no_attack_dup60_s20260616,bonded,5530,PRIVPROBE:1,cache_hit,0,False,0,cache
m12_no_attack_dup60_s20260616_bonded,P3-NoPersist,m12_no_attack_dup60_s20260616,bonded,5552,PRIVPROBE:1,cache_hit,0,False,0,cache
m12_no_attack_dup60_s20260616_bonded,P3-NoPersist,m12_no_attack_dup60_s20260616,bonded,5580,PRIVPROBE:1,cache_hit,0,False,0,cache
m12_no_attack_dup60_s20260616_bonded,P3-NoPersist,m12_no_attack_dup60_s20260616,bonded,5605,PRIVPROBE:1,cache_hit,0,False,0,cache
m12_no_attack_dup60_s20260616_bonded,P3-NoPersist,m12_no_attack_dup60_s20260616,bonded,5619,PRIVPROBE:1,cache_hit,0,False,0,cache
m12_no_attack_dup60_s20260616_bonded,P3-NoPersist,m12_no_attack_dup60_s20260616,bonded,5637,PRIVPROBE:1,cache_hit,0,False,0,cache
m12_no_attack_dup60_s20260616_bonded,P3-NoPersist,m12_no_attack_dup60_s20260616,bonded,5659,PRIVPROBE:1,cache_hit,0,False,0,cache
m12_no_attack_dup60_s20260616_bonded,P3-NoPersist,m12_no_attack_dup60_s20260616,bonded,5678,PRIVPROBE:1,cache_hit,0,False,0,cache
m12_no_attack_dup60_s20260616_bonded,P3-NoPersist,m12_no_attack_dup60_s20260616,bonded,5692,PRIVPROBE:1,cache_hit,0,False,0,cache
m12_no_attack_dup60_s20260616_bonded,P3-NoPersist,m12_no_attack_dup60_s20260616,bonded,5716,PRIVPROBE:1,cache_hit,0,False,0,cache
m12_no_attack_dup60_s20260616_bonded,P3-NoPersist,m12_no_attack_dup60_s20260616,bonded,5739,PRIVPROBE:1,cache_hit,0,False,0,cache
m12_no_attack_dup60_s20260616_bonded,P3-NoPersist,m12_no_attack_dup60_s20260616,bonded,5755,PRIVPROBE:1,cache_hit,0,False,0,cache
m12_no_attack_dup60_s20260616_bonded,P3-NoPersist,m12_no_attack_dup60_s20260616,bonded,5786,PRIVPROBE:1,cache_hit,0,False,0,cache
m12_no_attack_dup60_s20260616_bonded,P3-NoPersist,m12_no_attack_dup60_s20260616,bonded,5806,PRIVPROBE:1,cache_hit,0,False,0,cache
m12_no_attack_dup60_s20260616_bonded,P3-NoPersist,m12_no_attack_dup60_s20260616,bonded,5831,PRIVPROBE:1,cache_hit,0,False,0,cache
m12_no_attack_dup60_s20260616_bonded,P3-NoPersist,m12_no_attack_dup60_s20260616,bonded,5850,PRIVPROBE:1,cache_hit,0,False,0,cache
m12_no_attack_dup60_s20260616_bonded,P3-NoPersist,m12_no_attack_dup60_s20260616,bonded,5871,PRIVPROBE:1,cache_hit,0,False,0,cache
m12_no_attack_dup60_s20260616_bonded,P3-NoPersist,m12_no_attack_dup60_s20260616,bonded,5893,PRIVPROBE:1,cache_hit,0,False,0,cache
m12_no_attack_dup60_s20260616_bonded,P3-NoPersist,m12_no_attack_dup60_s20260616,bonded,5917,PRIVPROBE:1,cache_hit,0,False,0,cache
m12_no_attack_dup60_s20260616_bonded,P3-NoPersist,m12_no_attack_dup60_s20260616,bonded,5940,PRIVPROBE:1,cache_hit,0,False,0,cache
m12_no_attack_dup60_s20260616_bonded,P3-NoPersist,m12_no_attack_dup60_s20260616,bonded,5965,PRIVPROBE:1,cache_hit,0,False,0,cache
m12_no_attack_dup60_s20260616_bonded,P3-NoPersist,m12_no_attack_dup60_s20260616,bonded,5991,PRIVPROBE:1,cache_hit,0,False,0,cache
m12_no_attack_dup60_s20260616_bonded,P3-NoPersist,m12_no_attack_dup60_s20260616,bonded,6011,PRIVPROBE:1,cache_hit,0,False,0,cache
m12_no_attack_dup60_s20260616_bonded,P3-NoPersist,m12_no_attack_dup60_s20260616,bonded,6030,PRIVPROBE:1,cache_hit,0,False,0,cache
m12_no_attack_dup60_s20260616_bonded,P3-NoPersist,m12_no_attack_dup60_s20260616,bonded,6050,PRIVPROBE:1,cache_hit,0,False,0,cache
m12_no_attack_dup60_s20260616_bonded,P3-NoPersist,m12_no_attack_dup60_s20260616,bonded,6064,PRIVPROBE:1,cache_hit,0,False,0,cache
m12_no_attack_dup60_s20260616_bonded,P3-NoPersist,m12_no_attack_dup60_s20260616,bonded,6079,PRIVPROBE:1,cache_hit,0,False,0,cache
m12_no_attack_dup60_s20260616_bonded,P3-NoPersist,m12_no_attack_dup60_s20260616,bonded,6102,PRIVPROBE:1,cache_hit,0,False,0,cache
m12_no_attack_dup60_s20260616_bonded,P3-NoPersist,m12_no_attack_dup60_s20260616,bonded,6121,PRIVPROBE:1,cache_hit,0,False,0,cache
m12_no_attack_dup60_s20260616_bonded,P3-NoPersist,m12_no_attack_dup60_s20260616,bonded,6147,PRIVPROBE:1,cache_hit,0,False,0,cache
m12_no_attack_dup60_s20260616_bonded,P3-NoPersist,m12_no_attack_dup60_s20260616,bonded,6172,PRIVPROBE:1,cache_hit,0,False,0,cache
m12_no_attack_dup60_s20260616_bonded,P3-NoPersist,m12_no_attack_dup60_s20260616,bonded,6202,PRIVPROBE:1,cache_hit,0,False,0,cache
m12_no_attack_dup60_s20260616_bonded,P3-NoPersist,m12_no_attack_dup60_s20260616,bonded,6223,PRIVPROBE:1,cache_hit,0,False,0,cache
m12_no_attack_dup60_s20260616_bonded,P3-NoPersist,m12_no_attack_dup60_s20260616,bonded,6242,PRIVPROBE:1,cache_hit,0,False,0,cache
m12_no_attack_dup60_s20260616_bonded,P3-NoPersist,m12_no_attack_dup60_s20260616,bonded,6271,PRIVPROBE:1,cache_hit,0,False,0,cache
m12_no_attack_dup60_s20260616_bonded,P3-NoPersist,m12_no_attack_dup60_s20260616,bonded,6288,PRIVPROBE:1,cache_hit,0,False,0,cache
m12_no_attack_dup60_s20260616_bonded,P3-NoPersist,m12_no_attack_dup60_s20260616,bonded,6302,PRIVPROBE:1,cache_hit,0,False,0,cache
m12_no_attack_dup60_s20260616_bonded,P3-NoPersist,m12_no_attack_dup60_s20260616,bonded,6328,PRIVPROBE:1,cache_hit,0,False,0,cache
m12_no_attack_dup60_s20260616_bonded,P3-NoPersist,m12_no_attack_dup60_s20260616,bonded,6343,PRIVPROBE:1,cache_hit,0,False,0,cache
m12_no_attack_dup60_s20260616_bonded,P3-NoPersist,m12_no_attack_dup60_s20260616,bonded,6363,PRIVPROBE:1,cache_hit,0,False,0,cache
m12_no_attack_dup60_s20260616_bonded,P3-NoPersist,m12_no_attack_dup60_s20260616,bonded,6384,PRIVPROBE:1,cache_hit,0,False,0,cache
m12_no_attack_dup60_s20260616_bonded,P3-NoPersist,m12_no_attack_dup60_s20260616,bonded,6403,PRIVPROBE:1,cache_hit,0,False,0,cache
m12_no_attack_dup60_s20260616_bonded,P3-NoPersist,m12_no_attack_dup60_s20260616,bonded,6420,PRIVPROBE:1,cache_hit,0,False,0,cache
m12_no_attack_dup60_s20260616_bonded,P3-NoPersist,m12_no_attack_dup60_s20260616,bonded,6448,PRIVPROBE:1,cache_hit,0,False,0,cache
m12_no_attack_dup60_s20260616_bonded,P3-NoPersist,m12_no_attack_dup60_s20260616,bonded,6468,PRIVPROBE:1,cache_hit,0,False,0,cache
m12_no_attack_dup60_s20260616_bonded,P3-NoPersist,m12_no_attack_dup60_s20260616,bonded,6490,PRIVPROBE:1,cache_hit,0,False,0,cache
m12_no_attack_dup60_s20260616_bonded,P3-NoPersist,m12_no_attack_dup60_s20260616,bonded,6508,PRIVPROBE:1,cache_hit,0,False,0,cache
m12_no_attack_dup60_s20260616_bonded,P3-NoPersist,m12_no_attack_dup60_s20260616,bonded,6526,PRIVPROBE:1,cache_hit,0,False,0,cache
m12_no_attack_dup60_s20260616_bonded,P3-NoPersist,m12_no_attack_dup60_s20260616,bonded,6533,PRIVPROBE:1,cache_hit,0,False,0,cache
m12_no_attack_dup60_s20260616_bonded,P3-NoPersist,m12_no_attack_dup60_s20260616,bonded,6548,PRIVPROBE:1,cache_hit,0,False,0,cache
m12_no_attack_dup60_s20260616_bonded,P3-NoPersist,m12_no_attack_dup60_s20260616,bonded,6565,PRIVPROBE:1,cache_hit,0,False,0,cache
m12_no_attack_dup60_s20260616_bonded,P3-NoPersist,m12_no_attack_dup60_s20260616,bonded,6582,PRIVPROBE:1,cache_hit,0,False,0,cache
m12_no_attack_dup60_s20260616_bonded,P3-NoPersist,m12_no_attack_dup60_s20260616,bonded,6598,PRIVPROBE:1,cache_hit,0,False,0,cache
m12_no_attack_dup60_s20260616_bonded,P3-NoPersist,m12_no_attack_dup60_s20260616,bonded,6616,PRIVPROBE:1,cache_hit,0,False,0,cache
m12_no_attack_dup60_s20260616_bonded,P3-NoPersist,m12_no_attack_dup60_s20260616,bonded,6634,PRIVPROBE:1,cache_hit,0,False,0,cache
m12_no_attack_dup60_s20260616_bonded,P3-NoPersist,m12_no_attack_dup60_s20260616,bonded,6650,PRIVPROBE:1,cache_hit,0,False,0,cache
m12_no_attack_dup60_s20260616_bonded,P3-NoPersist,m12_no_attack_dup60_s20260616,bonded,6677,PRIVPROBE:1,cache_hit,0,False,0,cache
m12_no_attack_dup60_s20260616_bonded,P3-NoPersist,m12_no_attack_dup60_s20260616,bonded,6706,PRIVPROBE:1,cache_hit,0,False,0,cache
m12_no_attack_dup60_s20260616_bonded,P3-NoPersist,m12_no_attack_dup60_s20260616,bonded,6734,PRIVPROBE:1,cache_hit,0,False,0,cache
m12_no_attack_dup60_s20260616_bonded,P3-NoPersist,m12_no_attack_dup60_s20260616,bonded,6766,PRIVPROBE:1,cache_hit,0,False,0,cache
m12_no_attack_dup60_s20260616_bonded,P3-NoPersist,m12_no_attack_dup60_s20260616,bonded,6791,PRIVPROBE:1,cache_hit,0,False,0,cache
m12_no_attack_dup60_s20260616_bonded,P3-NoPersist,m12_no_attack_dup60_s20260616,bonded,6816,PRIVPROBE:1,cache_hit,0,False,0,cache
m12_no_attack_dup60_s20260616_bonded,P3-NoPersist,m12_no_attack_dup60_s20260616,bonded,6850,PRIVPROBE:1,cache_hit,0,False,0,cache
m12_no_attack_dup60_s20260616_bonded,P3-NoPersist,m12_no_attack_dup60_s20260616,bonded,6868,PRIVPROBE:1,cache_hit,0,False,0,cache
m12_no_attack_dup60_s20260616_bonded,P3-NoPersist,m12_no_attack_dup60_s20260616,bonded,6892,PRIVPROBE:1,cache_hit,0,False,0,cache
m12_no_attack_dup60_s20260616_bonded,P3-NoPersist,m12_no_attack_dup60_s20260616,bonded,6912,PRIVPROBE:1,cache_hit,0,False,0,cache
m12_no_attack_dup60_s20260616_bonded,P3-NoPersist,m12_no_attack_dup60_s20260616,bonded,6940,PRIVPROBE:1,cache_hit,0,False,0,cache
m12_no_attack_dup60_s20260616_bonded,P3-NoPersist,m12_no_attack_dup60_s20260616,bonded,6965,PRIVPROBE:1,cache_hit,0,False,0,cache
m12_no_attack_dup60_s20260616_bonded,P3-NoPersist,m12_no_attack_dup60_s20260616,bonded,6977,PRIVPROBE:1,cache_hit,0,False,0,cache
m12_no_attack_dup60_s20260616_bonded,P3-NoPersist,m12_no_attack_dup60_s20260616,bonded,7006,PRIVPROBE:1,cache_hit,0,False,0,cache
m12_no_attack_dup60_s20260616_bonded,P3-NoPersist,m12_no_attack_dup60_s20260616,bonded,7027,PRIVPROBE:1,cache_hit,0,False,0,cache
m12_no_attack_dup60_s20260616_bonded,P3-NoPersist,m12_no_attack_dup60_s20260616,bonded,7050,PRIVPROBE:1,cache_hit,0,False,0,cache
m12_no_attack_dup60_s20260616_bonded,P3-NoPersist,m12_no_attack_dup60_s20260616,bonded,7072,PRIVPROBE:1,cache_hit,0,False,0,cache
m12_no_attack_dup60_s20260616_bonded,P3-NoPersist,m12_no_attack_dup60_s20260616,bonded,7098,PRIVPROBE:1,cache_hit,0,False,0,cache
m12_no_attack_dup60_s20260616_bonded,P3-NoPersist,m12_no_attack_dup60_s20260616,bonded,7109,PRIVPROBE:1,cache_hit,0,False,0,cache
m12_no_attack_dup60_s20260616_bonded,P3-NoPersist,m12_no_attack_dup60_s20260616,bonded,7133,PRIVPROBE:1,cache_hit,0,False,0,cache
m12_no_attack_dup60_s20260616_bonded,P3-NoPersist,m12_no_attack_dup60_s20260616,bonded,7149,PRIVPROBE:1,cache_hit,0,False,0,cache
m12_no_attack_dup60_s20260616_bonded,P3-NoPersist,m12_no_attack_dup60_s20260616,bonded,7176,PRIVPROBE:1,cache_hit,0,False,0,cache
m12_no_attack_dup60_s20260616_bonded,P3-NoPersist,m12_no_attack_dup60_s20260616,bonded,7199,PRIVPROBE:1,cache_hit,0,False,0,cache
m12_no_attack_dup60_s20260616_bonded,P3-NoPersist,m12_no_attack_dup60_s20260616,bonded,7213,PRIVPROBE:1,cache_hit,0,False,0,cache
m12_no_attack_dup60_s20260616_bonded,P3-NoPersist,m12_no_attack_dup60_s20260616,bonded,7231,PRIVPROBE:1,cache_hit,0,False,0,cache
m12_no_attack_dup60_s20260616_bonded,P3-NoPersist,m12_no_attack_dup60_s20260616,bonded,7257,PRIVPROBE:1,cache_hit,0,False,0,cache
m12_no_attack_dup60_s20260616_bonded,P3-NoPersist,m12_no_attack_dup60_s20260616,bonded,7285,PRIVPROBE:1,cache_hit,0,False,0,cache
m12_no_attack_dup60_s20260616_bonded,P3-NoPersist,m12_no_attack_dup60_s20260616,bonded,7310,PRIVPROBE:1,cache_hit,0,False,0,cache
m12_no_attack_dup60_s20260616_bonded,P3-NoPersist,m12_no_attack_dup60_s20260616,bonded,7324,PRIVPROBE:1,cache_hit,0,False,0,cache
m12_no_attack_dup60_s20260616_bonded,P3-NoPersist,m12_no_attack_dup60_s20260616,bonded,7343,PRIVPROBE:1,cache_hit,0,False,0,cache
m12_no_attack_dup60_s20260616_bonded,P3-NoPersist,m12_no_attack_dup60_s20260616,bonded,7365,PRIVPROBE:1,cache_hit,0,False,0,cache
m12_no_attack_dup60_s20260616_bonded,P3-NoPersist,m12_no_attack_dup60_s20260616,bonded,7380,PRIVPROBE:1,cache_hit,0,False,0,cache
m12_no_attack_dup60_s20260616_bonded,P3-NoPersist,m12_no_attack_dup60_s20260616,bonded,7403,PRIVPROBE:1,cache_hit,0,False,0,cache
m12_no_attack_dup60_s20260616_bonded,P3-NoPersist,m12_no_attack_dup60_s20260616,bonded,7418,PRIVPROBE:1,cache_hit,0,False,0,cache
m12_no_attack_dup60_s20260616_bonded,P3-NoPersist,m12_no_attack_dup60_s20260616,bonded,7438,PRIVPROBE:1,cache_hit,0,False,0,cache
m12_no_attack_dup60_s20260616_bonded,P3-NoPersist,m12_no_attack_dup60_s20260616,bonded,7453,PRIVPROBE:1,cache_hit,0,False,0,cache
m12_no_attack_dup60_s20260616_bonded,P3-NoPersist,m12_no_attack_dup60_s20260616,bonded,7469,PRIVPROBE:1,cache_hit,0,False,0,cache
m12_no_attack_dup60_s20260616_bonded,P3-NoPersist,m12_no_attack_dup60_s20260616,bonded,7488,PRIVPROBE:1,cache_hit,0,False,0,cache
m12_no_attack_dup60_s20260616_bonded,P3-NoPersist,m12_no_attack_dup60_s20260616,bonded,7510,PRIVPROBE:1,cache_hit,0,False,0,cache
m12_no_attack_dup60_s20260616_bonded,P3-NoPersist,m12_no_attack_dup60_s20260616,bonded,7540,PRIVPROBE:1,cache_hit,0,False,0,cache
m12_no_attack_dup60_s20260616_bonded,BudgetDoS,m12_no_attack_dup60_s20260616,bonded,1296,PRIVPROBE:0,host_scan,504,False,0,host_scan
m12_no_attack_dup60_s20260616_bonded,BudgetDoS,m12_no_attack_dup60_s20260616,bonded,1317,PRIVPROBE:0,duplicate_filter,0,False,0,duplicate_filter
m12_no_attack_dup60_s20260616_bonded,BudgetDoS,m12_no_attack_dup60_s20260616,bonded,1331,PRIVPROBE:0,duplicate_filter,0,False,0,duplicate_filter
m12_no_attack_dup60_s20260616_bonded,BudgetDoS,m12_no_attack_dup60_s20260616,bonded,1342,PRIVPROBE:0,duplicate_filter,0,False,0,duplicate_filter
m12_no_attack_dup60_s20260616_bonded,BudgetDoS,m12_no_attack_dup60_s20260616,bonded,1363,PRIVPROBE:0,duplicate_filter,0,False,0,duplicate_filter
m12_no_attack_dup60_s20260616_bonded,BudgetDoS,m12_no_attack_dup60_s20260616,bonded,1385,PRIVPROBE:0,duplicate_filter,0,False,0,duplicate_filter
m12_no_attack_dup60_s20260616_bonded,BudgetDoS,m12_no_attack_dup60_s20260616,bonded,1409,PRIVPROBE:0,duplicate_filter,0,False,0,duplicate_filter
m12_no_attack_dup60_s20260616_bonded,BudgetDoS,m12_no_attack_dup60_s20260616,bonded,1429,PRIVPROBE:0,duplicate_filter,0,False,0,duplicate_filter
m12_no_attack_dup60_s20260616_bonded,BudgetDoS,m12_no_attack_dup60_s20260616,bonded,1457,PRIVPROBE:0,duplicate_filter,0,False,0,duplicate_filter
m12_no_attack_dup60_s20260616_bonded,BudgetDoS,m12_no_attack_dup60_s20260616,bonded,1482,PRIVPROBE:0,duplicate_filter,0,False,0,duplicate_filter
m12_no_attack_dup60_s20260616_bonded,BudgetDoS,m12_no_attack_dup60_s20260616,bonded,1494,PRIVPROBE:0,duplicate_filter,0,False,0,duplicate_filter
m12_no_attack_dup60_s20260616_bonded,BudgetDoS,m12_no_attack_dup60_s20260616,bonded,1510,PRIVPROBE:0,duplicate_filter,0,False,0,duplicate_filter
m12_no_attack_dup60_s20260616_bonded,BudgetDoS,m12_no_attack_dup60_s20260616,bonded,1526,PRIVPROBE:0,rl_hit,1,False,0,rl
m12_no_attack_dup60_s20260616_bonded,BudgetDoS,m12_no_attack_dup60_s20260616,bonded,1542,PRIVPROBE:0,duplicate_filter,0,False,0,duplicate_filter
m12_no_attack_dup60_s20260616_bonded,BudgetDoS,m12_no_attack_dup60_s20260616,bonded,1554,PRIVPROBE:0,duplicate_filter,0,False,0,duplicate_filter
m12_no_attack_dup60_s20260616_bonded,BudgetDoS,m12_no_attack_dup60_s20260616,bonded,1578,PRIVPROBE:0,duplicate_filter,0,False,0,duplicate_filter
m12_no_attack_dup60_s20260616_bonded,BudgetDoS,m12_no_attack_dup60_s20260616,bonded,1604,PRIVPROBE:0,duplicate_filter,0,False,0,duplicate_filter
m12_no_attack_dup60_s20260616_bonded,BudgetDoS,m12_no_attack_dup60_s20260616,bonded,1625,PRIVPROBE:0,duplicate_filter,0,False,0,duplicate_filter
m12_no_attack_dup60_s20260616_bonded,BudgetDoS,m12_no_attack_dup60_s20260616,bonded,1635,PRIVPROBE:0,duplicate_filter,0,False,0,duplicate_filter
m12_no_attack_dup60_s20260616_bonded,BudgetDoS,m12_no_attack_dup60_s20260616,bonded,1654,PRIVPROBE:0,duplicate_filter,0,False,0,duplicate_filter
m12_no_attack_dup60_s20260616_bonded,BudgetDoS,m12_no_attack_dup60_s20260616,bonded,1677,PRIVPROBE:0,duplicate_filter,0,False,0,duplicate_filter
m12_no_attack_dup60_s20260616_bonded,BudgetDoS,m12_no_attack_dup60_s20260616,bonded,1699,PRIVPROBE:0,duplicate_filter,0,False,0,duplicate_filter
m12_no_attack_dup60_s20260616_bonded,BudgetDoS,m12_no_attack_dup60_s20260616,bonded,1723,PRIVPROBE:0,duplicate_filter,0,False,0,duplicate_filter
m12_no_attack_dup60_s20260616_bonded,BudgetDoS,m12_no_attack_dup60_s20260616,bonded,1743,PRIVPROBE:0,duplicate_filter,0,False,0,duplicate_filter
m12_no_attack_dup60_s20260616_bonded,BudgetDoS,m12_no_attack_dup60_s20260616,bonded,1755,PRIVPROBE:0,rl_hit,1,False,0,rl
m12_no_attack_dup60_s20260616_bonded,BudgetDoS,m12_no_attack_dup60_s20260616,bonded,1776,PRIVPROBE:0,duplicate_filter,0,False,0,duplicate_filter
m12_no_attack_dup60_s20260616_bonded,BudgetDoS,m12_no_attack_dup60_s20260616,bonded,1797,PRIVPROBE:0,duplicate_filter,0,False,0,duplicate_filter
m12_no_attack_dup60_s20260616_bonded,BudgetDoS,m12_no_attack_dup60_s20260616,bonded,1814,PRIVPROBE:0,duplicate_filter,0,False,0,duplicate_filter
m12_no_attack_dup60_s20260616_bonded,BudgetDoS,m12_no_attack_dup60_s20260616,bonded,1839,PRIVPROBE:0,duplicate_filter,0,False,0,duplicate_filter
m12_no_attack_dup60_s20260616_bonded,BudgetDoS,m12_no_attack_dup60_s20260616,bonded,1852,PRIVPROBE:0,duplicate_filter,0,False,0,duplicate_filter
m12_no_attack_dup60_s20260616_bonded,BudgetDoS,m12_no_attack_dup60_s20260616,bonded,1882,PRIVPROBE:0,duplicate_filter,0,False,0,duplicate_filter
m12_no_attack_dup60_s20260616_bonded,BudgetDoS,m12_no_attack_dup60_s20260616,bonded,1901,PRIVPROBE:0,duplicate_filter,0,False,0,duplicate_filter
m12_no_attack_dup60_s20260616_bonded,BudgetDoS,m12_no_attack_dup60_s20260616,bonded,1920,PRIVPROBE:0,duplicate_filter,0,False,0,duplicate_filter
m12_no_attack_dup60_s20260616_bonded,BudgetDoS,m12_no_attack_dup60_s20260616,bonded,1946,PRIVPROBE:0,duplicate_filter,0,False,0,duplicate_filter
m12_no_attack_dup60_s20260616_bonded,BudgetDoS,m12_no_attack_dup60_s20260616,bonded,1965,PRIVPROBE:0,duplicate_filter,0,False,0,duplicate_filter
m12_no_attack_dup60_s20260616_bonded,BudgetDoS,m12_no_attack_dup60_s20260616,bonded,1981,PRIVPROBE:0,duplicate_filter,0,False,0,duplicate_filter
m12_no_attack_dup60_s20260616_bonded,BudgetDoS,m12_no_attack_dup60_s20260616,bonded,2001,PRIVPROBE:0,rl_hit,1,False,0,rl
m12_no_attack_dup60_s20260616_bonded,BudgetDoS,m12_no_attack_dup60_s20260616,bonded,2019,PRIVPROBE:0,duplicate_filter,0,False,0,duplicate_filter
m12_no_attack_dup60_s20260616_bonded,BudgetDoS,m12_no_attack_dup60_s20260616,bonded,2039,PRIVPROBE:0,duplicate_filter,0,False,0,duplicate_filter
m12_no_attack_dup60_s20260616_bonded,BudgetDoS,m12_no_attack_dup60_s20260616,bonded,2060,PRIVPROBE:0,duplicate_filter,0,False,0,duplicate_filter
m12_no_attack_dup60_s20260616_bonded,BudgetDoS,m12_no_attack_dup60_s20260616,bonded,2080,PRIVPROBE:0,duplicate_filter,0,False,0,duplicate_filter
m12_no_attack_dup60_s20260616_bonded,BudgetDoS,m12_no_attack_dup60_s20260616,bonded,2109,PRIVPROBE:0,duplicate_filter,0,False,0,duplicate_filter
m12_no_attack_dup60_s20260616_bonded,BudgetDoS,m12_no_attack_dup60_s20260616,bonded,2130,PRIVPROBE:0,duplicate_filter,0,False,0,duplicate_filter
m12_no_attack_dup60_s20260616_bonded,BudgetDoS,m12_no_attack_dup60_s20260616,bonded,2156,PRIVPROBE:0,duplicate_filter,0,False,0,duplicate_filter
m12_no_attack_dup60_s20260616_bonded,BudgetDoS,m12_no_attack_dup60_s20260616,bonded,2179,PRIVPROBE:0,duplicate_filter,0,False,0,duplicate_filter
m12_no_attack_dup60_s20260616_bonded,BudgetDoS,m12_no_attack_dup60_s20260616,bonded,2203,PRIVPROBE:0,duplicate_filter,0,False,0,duplicate_filter
m12_no_attack_dup60_s20260616_bonded,BudgetDoS,m12_no_attack_dup60_s20260616,bonded,2221,PRIVPROBE:0,duplicate_filter,0,False,0,duplicate_filter
m12_no_attack_dup60_s20260616_bonded,BudgetDoS,m12_no_attack_dup60_s20260616,bonded,2234,PRIVPROBE:0,duplicate_filter,0,False,0,duplicate_filter
m12_no_attack_dup60_s20260616_bonded,BudgetDoS,m12_no_attack_dup60_s20260616,bonded,2245,PRIVPROBE:0,rl_hit,1,False,0,rl
m12_no_attack_dup60_s20260616_bonded,BudgetDoS,m12_no_attack_dup60_s20260616,bonded,2263,PRIVPROBE:0,duplicate_filter,0,False,0,duplicate_filter
m12_no_attack_dup60_s20260616_bonded,BudgetDoS,m12_no_attack_dup60_s20260616,bonded,2279,PRIVPROBE:0,duplicate_filter,0,False,0,duplicate_filter
m12_no_attack_dup60_s20260616_bonded,BudgetDoS,m12_no_attack_dup60_s20260616,bonded,2307,PRIVPROBE:0,duplicate_filter,0,False,0,duplicate_filter
m12_no_attack_dup60_s20260616_bonded,BudgetDoS,m12_no_attack_dup60_s20260616,bonded,2327,PRIVPROBE:0,duplicate_filter,0,False,0,duplicate_filter
m12_no_attack_dup60_s20260616_bonded,BudgetDoS,m12_no_attack_dup60_s20260616,bonded,2346,PRIVPROBE:0,duplicate_filter,0,False,0,duplicate_filter
m12_no_attack_dup60_s20260616_bonded,BudgetDoS,m12_no_attack_dup60_s20260616,bonded,2373,PRIVPROBE:0,duplicate_filter,0,False,0,duplicate_filter
m12_no_attack_dup60_s20260616_bonded,BudgetDoS,m12_no_attack_dup60_s20260616,bonded,2399,PRIVPROBE:0,duplicate_filter,0,False,0,duplicate_filter
m12_no_attack_dup60_s20260616_bonded,BudgetDoS,m12_no_attack_dup60_s20260616,bonded,2423,PRIVPROBE:0,duplicate_filter,0,False,0,duplicate_filter
m12_no_attack_dup60_s20260616_bonded,BudgetDoS,m12_no_attack_dup60_s20260616,bonded,2440,PRIVPROBE:0,duplicate_filter,0,False,0,duplicate_filter
m12_no_attack_dup60_s20260616_bonded,BudgetDoS,m12_no_attack_dup60_s20260616,bonded,2469,PRIVPROBE:0,duplicate_filter,0,False,0,duplicate_filter
m12_no_attack_dup60_s20260616_bonded,BudgetDoS,m12_no_attack_dup60_s20260616,bonded,2495,PRIVPROBE:0,duplicate_filter,0,False,0,duplicate_filter
m12_no_attack_dup60_s20260616_bonded,BudgetDoS,m12_no_attack_dup60_s20260616,bonded,2518,PRIVPROBE:0,rl_hit,1,False,0,rl
m12_no_attack_dup60_s20260616_bonded,BudgetDoS,m12_no_attack_dup60_s20260616,bonded,2542,PRIVPROBE:0,duplicate_filter,0,False,0,duplicate_filter
m12_no_attack_dup60_s20260616_bonded,BudgetDoS,m12_no_attack_dup60_s20260616,bonded,2564,PRIVPROBE:0,duplicate_filter,0,False,0,duplicate_filter
m12_no_attack_dup60_s20260616_bonded,BudgetDoS,m12_no_attack_dup60_s20260616,bonded,2588,PRIVPROBE:0,duplicate_filter,0,False,0,duplicate_filter
m12_no_attack_dup60_s20260616_bonded,BudgetDoS,m12_no_attack_dup60_s20260616,bonded,2613,PRIVPROBE:0,duplicate_filter,0,False,0,duplicate_filter
m12_no_attack_dup60_s20260616_bonded,BudgetDoS,m12_no_attack_dup60_s20260616,bonded,2647,PRIVPROBE:0,duplicate_filter,0,False,0,duplicate_filter
m12_no_attack_dup60_s20260616_bonded,BudgetDoS,m12_no_attack_dup60_s20260616,bonded,2668,PRIVPROBE:0,duplicate_filter,0,False,0,duplicate_filter
m12_no_attack_dup60_s20260616_bonded,BudgetDoS,m12_no_attack_dup60_s20260616,bonded,2690,PRIVPROBE:0,duplicate_filter,0,False,0,duplicate_filter
m12_no_attack_dup60_s20260616_bonded,BudgetDoS,m12_no_attack_dup60_s20260616,bonded,2708,PRIVPROBE:0,duplicate_filter,0,False,0,duplicate_filter
m12_no_attack_dup60_s20260616_bonded,BudgetDoS,m12_no_attack_dup60_s20260616,bonded,2725,PRIVPROBE:0,duplicate_filter,0,False,0,duplicate_filter
m12_no_attack_dup60_s20260616_bonded,BudgetDoS,m12_no_attack_dup60_s20260616,bonded,2741,PRIVPROBE:0,duplicate_filter,0,False,0,duplicate_filter
m12_no_attack_dup60_s20260616_bonded,BudgetDoS,m12_no_attack_dup60_s20260616,bonded,2760,PRIVPROBE:0,duplicate_filter,0,False,0,duplicate_filter
m12_no_attack_dup60_s20260616_bonded,BudgetDoS,m12_no_attack_dup60_s20260616,bonded,2780,PRIVPROBE:0,rl_hit,1,False,0,rl
m12_no_attack_dup60_s20260616_bonded,BudgetDoS,m12_no_attack_dup60_s20260616,bonded,2809,PRIVPROBE:0,duplicate_filter,0,False,0,duplicate_filter
m12_no_attack_dup60_s20260616_bonded,BudgetDoS,m12_no_attack_dup60_s20260616,bonded,2830,PRIVPROBE:0,duplicate_filter,0,False,0,duplicate_filter
m12_no_attack_dup60_s20260616_bonded,BudgetDoS,m12_no_attack_dup60_s20260616,bonded,2854,PRIVPROBE:0,duplicate_filter,0,False,0,duplicate_filter
m12_no_attack_dup60_s20260616_bonded,BudgetDoS,m12_no_attack_dup60_s20260616,bonded,2876,PRIVPROBE:0,duplicate_filter,0,False,0,duplicate_filter
m12_no_attack_dup60_s20260616_bonded,BudgetDoS,m12_no_attack_dup60_s20260616,bonded,2895,PRIVPROBE:0,duplicate_filter,0,False,0,duplicate_filter
m12_no_attack_dup60_s20260616_bonded,BudgetDoS,m12_no_attack_dup60_s20260616,bonded,2920,PRIVPROBE:0,duplicate_filter,0,False,0,duplicate_filter
m12_no_attack_dup60_s20260616_bonded,BudgetDoS,m12_no_attack_dup60_s20260616,bonded,2941,PRIVPROBE:0,duplicate_filter,0,False,0,duplicate_filter
m12_no_attack_dup60_s20260616_bonded,BudgetDoS,m12_no_attack_dup60_s20260616,bonded,2973,PRIVPROBE:0,duplicate_filter,0,False,0,duplicate_filter
m12_no_attack_dup60_s20260616_bonded,BudgetDoS,m12_no_attack_dup60_s20260616,bonded,2985,PRIVPROBE:0,duplicate_filter,0,False,0,duplicate_filter
m12_no_attack_dup60_s20260616_bonded,BudgetDoS,m12_no_attack_dup60_s20260616,bonded,3009,PRIVPROBE:0,duplicate_filter,0,False,0,duplicate_filter
m12_no_attack_dup60_s20260616_bonded,BudgetDoS,m12_no_attack_dup60_s20260616,bonded,3031,PRIVPROBE:0,duplicate_filter,0,False,0,duplicate_filter
m12_no_attack_dup60_s20260616_bonded,BudgetDoS,m12_no_attack_dup60_s20260616,bonded,3045,PRIVPROBE:0,rl_hit,1,False,0,rl
m12_no_attack_dup60_s20260616_bonded,BudgetDoS,m12_no_attack_dup60_s20260616,bonded,3072,PRIVPROBE:0,duplicate_filter,0,False,0,duplicate_filter
m12_no_attack_dup60_s20260616_bonded,BudgetDoS,m12_no_attack_dup60_s20260616,bonded,3098,PRIVPROBE:0,duplicate_filter,0,False,0,duplicate_filter
m12_no_attack_dup60_s20260616_bonded,BudgetDoS,m12_no_attack_dup60_s20260616,bonded,3122,PRIVPROBE:0,duplicate_filter,0,False,0,duplicate_filter
m12_no_attack_dup60_s20260616_bonded,BudgetDoS,m12_no_attack_dup60_s20260616,bonded,3145,PRIVPROBE:0,duplicate_filter,0,False,0,duplicate_filter
m12_no_attack_dup60_s20260616_bonded,BudgetDoS,m12_no_attack_dup60_s20260616,bonded,3165,PRIVPROBE:0,duplicate_filter,0,False,0,duplicate_filter
m12_no_attack_dup60_s20260616_bonded,BudgetDoS,m12_no_attack_dup60_s20260616,bonded,3191,PRIVPROBE:0,duplicate_filter,0,False,0,duplicate_filter
m12_no_attack_dup60_s20260616_bonded,BudgetDoS,m12_no_attack_dup60_s20260616,bonded,3213,PRIVPROBE:0,duplicate_filter,0,False,0,duplicate_filter
m12_no_attack_dup60_s20260616_bonded,BudgetDoS,m12_no_attack_dup60_s20260616,bonded,3233,PRIVPROBE:0,duplicate_filter,0,False,0,duplicate_filter
m12_no_attack_dup60_s20260616_bonded,BudgetDoS,m12_no_attack_dup60_s20260616,bonded,3254,PRIVPROBE:0,duplicate_filter,0,False,0,duplicate_filter
m12_no_attack_dup60_s20260616_bonded,BudgetDoS,m12_no_attack_dup60_s20260616,bonded,3275,PRIVPROBE:0,duplicate_filter,0,False,0,duplicate_filter
m12_no_attack_dup60_s20260616_bonded,BudgetDoS,m12_no_attack_dup60_s20260616,bonded,3293,PRIVPROBE:0,duplicate_filter,0,False,0,duplicate_filter
m12_no_attack_dup60_s20260616_bonded,BudgetDoS,m12_no_attack_dup60_s20260616,bonded,3308,PRIVPROBE:0,rl_hit,1,False,0,rl
m12_no_attack_dup60_s20260616_bonded,BudgetDoS,m12_no_attack_dup60_s20260616,bonded,3325,PRIVPROBE:0,duplicate_filter,0,False,0,duplicate_filter
m12_no_attack_dup60_s20260616_bonded,BudgetDoS,m12_no_attack_dup60_s20260616,bonded,3345,PRIVPROBE:0,duplicate_filter,0,False,0,duplicate_filter
m12_no_attack_dup60_s20260616_bonded,BudgetDoS,m12_no_attack_dup60_s20260616,bonded,3357,PRIVPROBE:0,duplicate_filter,0,False,0,duplicate_filter
m12_no_attack_dup60_s20260616_bonded,BudgetDoS,m12_no_attack_dup60_s20260616,bonded,3374,PRIVPROBE:0,duplicate_filter,0,False,0,duplicate_filter
m12_no_attack_dup60_s20260616_bonded,BudgetDoS,m12_no_attack_dup60_s20260616,bonded,3402,PRIVPROBE:0,duplicate_filter,0,False,0,duplicate_filter
m12_no_attack_dup60_s20260616_bonded,BudgetDoS,m12_no_attack_dup60_s20260616,bonded,3425,PRIVPROBE:0,duplicate_filter,0,False,0,duplicate_filter
m12_no_attack_dup60_s20260616_bonded,BudgetDoS,m12_no_attack_dup60_s20260616,bonded,3440,PRIVPROBE:0,duplicate_filter,0,False,0,duplicate_filter
m12_no_attack_dup60_s20260616_bonded,BudgetDoS,m12_no_attack_dup60_s20260616,bonded,3462,PRIVPROBE:0,duplicate_filter,0,False,0,duplicate_filter
m12_no_attack_dup60_s20260616_bonded,BudgetDoS,m12_no_attack_dup60_s20260616,bonded,3489,PRIVPROBE:0,duplicate_filter,0,False,0,duplicate_filter
m12_no_attack_dup60_s20260616_bonded,BudgetDoS,m12_no_attack_dup60_s20260616,bonded,3515,PRIVPROBE:0,duplicate_filter,0,False,0,duplicate_filter
m12_no_attack_dup60_s20260616_bonded,BudgetDoS,m12_no_attack_dup60_s20260616,bonded,3536,PRIVPROBE:0,duplicate_filter,0,False,0,duplicate_filter
m12_no_attack_dup60_s20260616_bonded,BudgetDoS,m12_no_attack_dup60_s20260616,bonded,3554,PRIVPROBE:0,rl_hit,1,False,0,rl
m12_no_attack_dup60_s20260616_bonded,BudgetDoS,m12_no_attack_dup60_s20260616,bonded,3570,PRIVPROBE:0,duplicate_filter,0,False,0,duplicate_filter
m12_no_attack_dup60_s20260616_bonded,BudgetDoS,m12_no_attack_dup60_s20260616,bonded,3584,PRIVPROBE:0,duplicate_filter,0,False,0,duplicate_filter
m12_no_attack_dup60_s20260616_bonded,BudgetDoS,m12_no_attack_dup60_s20260616,bonded,3607,PRIVPROBE:0,duplicate_filter,0,False,0,duplicate_filter
m12_no_attack_dup60_s20260616_bonded,BudgetDoS,m12_no_attack_dup60_s20260616,bonded,3630,PRIVPROBE:0,duplicate_filter,0,False,0,duplicate_filter
m12_no_attack_dup60_s20260616_bonded,BudgetDoS,m12_no_attack_dup60_s20260616,bonded,3653,PRIVPROBE:0,duplicate_filter,0,False,0,duplicate_filter
m12_no_attack_dup60_s20260616_bonded,BudgetDoS,m12_no_attack_dup60_s20260616,bonded,3676,PRIVPROBE:0,duplicate_filter,0,False,0,duplicate_filter
m12_no_attack_dup60_s20260616_bonded,BudgetDoS,m12_no_attack_dup60_s20260616,bonded,3695,PRIVPROBE:0,duplicate_filter,0,False,0,duplicate_filter
m12_no_attack_dup60_s20260616_bonded,BudgetDoS,m12_no_attack_dup60_s20260616,bonded,3709,PRIVPROBE:0,duplicate_filter,0,False,0,duplicate_filter
m12_no_attack_dup60_s20260616_bonded,BudgetDoS,m12_no_attack_dup60_s20260616,bonded,3731,PRIVPROBE:0,duplicate_filter,0,False,0,duplicate_filter
m12_no_attack_dup60_s20260616_bonded,BudgetDoS,m12_no_attack_dup60_s20260616,bonded,3744,PRIVPROBE:0,duplicate_filter,0,False,0,duplicate_filter
m12_no_attack_dup60_s20260616_bonded,BudgetDoS,m12_no_attack_dup60_s20260616,bonded,3765,PRIVPROBE:0,duplicate_filter,0,False,0,duplicate_filter
m12_no_attack_dup60_s20260616_bonded,BudgetDoS,m12_no_attack_dup60_s20260616,bonded,3780,PRIVPROBE:1,rl_hit,1,False,0,rl
m12_no_attack_dup60_s20260616_bonded,BudgetDoS,m12_no_attack_dup60_s20260616,bonded,3789,PRIVPROBE:1,duplicate_filter,0,False,0,duplicate_filter
m12_no_attack_dup60_s20260616_bonded,BudgetDoS,m12_no_attack_dup60_s20260616,bonded,3814,PRIVPROBE:1,duplicate_filter,0,False,0,duplicate_filter
m12_no_attack_dup60_s20260616_bonded,BudgetDoS,m12_no_attack_dup60_s20260616,bonded,3829,PRIVPROBE:1,duplicate_filter,0,False,0,duplicate_filter
m12_no_attack_dup60_s20260616_bonded,BudgetDoS,m12_no_attack_dup60_s20260616,bonded,3848,PRIVPROBE:1,duplicate_filter,0,False,0,duplicate_filter
m12_no_attack_dup60_s20260616_bonded,BudgetDoS,m12_no_attack_dup60_s20260616,bonded,3867,PRIVPROBE:1,duplicate_filter,0,False,0,duplicate_filter
m12_no_attack_dup60_s20260616_bonded,BudgetDoS,m12_no_attack_dup60_s20260616,bonded,3889,PRIVPROBE:1,duplicate_filter,0,False,0,duplicate_filter
m12_no_attack_dup60_s20260616_bonded,BudgetDoS,m12_no_attack_dup60_s20260616,bonded,3912,PRIVPROBE:1,duplicate_filter,0,False,0,duplicate_filter
m12_no_attack_dup60_s20260616_bonded,BudgetDoS,m12_no_attack_dup60_s20260616,bonded,3932,PRIVPROBE:1,duplicate_filter,0,False,0,duplicate_filter
m12_no_attack_dup60_s20260616_bonded,BudgetDoS,m12_no_attack_dup60_s20260616,bonded,3957,PRIVPROBE:1,duplicate_filter,0,False,0,duplicate_filter
m12_no_attack_dup60_s20260616_bonded,BudgetDoS,m12_no_attack_dup60_s20260616,bonded,3974,PRIVPROBE:1,duplicate_filter,0,False,0,duplicate_filter
m12_no_attack_dup60_s20260616_bonded,BudgetDoS,m12_no_attack_dup60_s20260616,bonded,3996,PRIVPROBE:1,duplicate_filter,0,False,0,duplicate_filter
m12_no_attack_dup60_s20260616_bonded,BudgetDoS,m12_no_attack_dup60_s20260616,bonded,4017,PRIVPROBE:1,rl_hit,1,False,0,rl
m12_no_attack_dup60_s20260616_bonded,BudgetDoS,m12_no_attack_dup60_s20260616,bonded,4032,PRIVPROBE:1,duplicate_filter,0,False,0,duplicate_filter
m12_no_attack_dup60_s20260616_bonded,BudgetDoS,m12_no_attack_dup60_s20260616,bonded,4052,PRIVPROBE:1,duplicate_filter,0,False,0,duplicate_filter
m12_no_attack_dup60_s20260616_bonded,BudgetDoS,m12_no_attack_dup60_s20260616,bonded,4077,PRIVPROBE:1,duplicate_filter,0,False,0,duplicate_filter
m12_no_attack_dup60_s20260616_bonded,BudgetDoS,m12_no_attack_dup60_s20260616,bonded,4101,PRIVPROBE:1,duplicate_filter,0,False,0,duplicate_filter
m12_no_attack_dup60_s20260616_bonded,BudgetDoS,m12_no_attack_dup60_s20260616,bonded,4112,PRIVPROBE:1,duplicate_filter,0,False,0,duplicate_filter
m12_no_attack_dup60_s20260616_bonded,BudgetDoS,m12_no_attack_dup60_s20260616,bonded,4132,PRIVPROBE:1,duplicate_filter,0,False,0,duplicate_filter
m12_no_attack_dup60_s20260616_bonded,BudgetDoS,m12_no_attack_dup60_s20260616,bonded,4158,PRIVPROBE:1,duplicate_filter,0,False,0,duplicate_filter
m12_no_attack_dup60_s20260616_bonded,BudgetDoS,m12_no_attack_dup60_s20260616,bonded,4183,PRIVPROBE:1,duplicate_filter,0,False,0,duplicate_filter
m12_no_attack_dup60_s20260616_bonded,BudgetDoS,m12_no_attack_dup60_s20260616,bonded,4204,PRIVPROBE:1,duplicate_filter,0,False,0,duplicate_filter
m12_no_attack_dup60_s20260616_bonded,BudgetDoS,m12_no_attack_dup60_s20260616,bonded,4217,PRIVPROBE:1,duplicate_filter,0,False,0,duplicate_filter
m12_no_attack_dup60_s20260616_bonded,BudgetDoS,m12_no_attack_dup60_s20260616,bonded,4236,PRIVPROBE:1,duplicate_filter,0,False,0,duplicate_filter
m12_no_attack_dup60_s20260616_bonded,BudgetDoS,m12_no_attack_dup60_s20260616,bonded,4257,PRIVPROBE:1,rl_hit,1,False,0,rl
m12_no_attack_dup60_s20260616_bonded,BudgetDoS,m12_no_attack_dup60_s20260616,bonded,4274,PRIVPROBE:1,duplicate_filter,0,False,0,duplicate_filter
m12_no_attack_dup60_s20260616_bonded,BudgetDoS,m12_no_attack_dup60_s20260616,bonded,4302,PRIVPROBE:1,duplicate_filter,0,False,0,duplicate_filter
m12_no_attack_dup60_s20260616_bonded,BudgetDoS,m12_no_attack_dup60_s20260616,bonded,4334,PRIVPROBE:1,duplicate_filter,0,False,0,duplicate_filter
m12_no_attack_dup60_s20260616_bonded,BudgetDoS,m12_no_attack_dup60_s20260616,bonded,4352,PRIVPROBE:1,duplicate_filter,0,False,0,duplicate_filter
m12_no_attack_dup60_s20260616_bonded,BudgetDoS,m12_no_attack_dup60_s20260616,bonded,4369,PRIVPROBE:1,duplicate_filter,0,False,0,duplicate_filter
m12_no_attack_dup60_s20260616_bonded,BudgetDoS,m12_no_attack_dup60_s20260616,bonded,4385,PRIVPROBE:1,duplicate_filter,0,False,0,duplicate_filter
m12_no_attack_dup60_s20260616_bonded,BudgetDoS,m12_no_attack_dup60_s20260616,bonded,4404,PRIVPROBE:1,duplicate_filter,0,False,0,duplicate_filter
m12_no_attack_dup60_s20260616_bonded,BudgetDoS,m12_no_attack_dup60_s20260616,bonded,4434,PRIVPROBE:1,duplicate_filter,0,False,0,duplicate_filter
m12_no_attack_dup60_s20260616_bonded,BudgetDoS,m12_no_attack_dup60_s20260616,bonded,4452,PRIVPROBE:1,duplicate_filter,0,False,0,duplicate_filter
m12_no_attack_dup60_s20260616_bonded,BudgetDoS,m12_no_attack_dup60_s20260616,bonded,4468,PRIVPROBE:1,duplicate_filter,0,False,0,duplicate_filter
m12_no_attack_dup60_s20260616_bonded,BudgetDoS,m12_no_attack_dup60_s20260616,bonded,4487,PRIVPROBE:1,duplicate_filter,0,False,0,duplicate_filter
m12_no_attack_dup60_s20260616_bonded,BudgetDoS,m12_no_attack_dup60_s20260616,bonded,4501,PRIVPROBE:1,rl_hit,1,False,0,rl
m12_no_attack_dup60_s20260616_bonded,BudgetDoS,m12_no_attack_dup60_s20260616,bonded,4525,PRIVPROBE:1,duplicate_filter,0,False,0,duplicate_filter
m12_no_attack_dup60_s20260616_bonded,BudgetDoS,m12_no_attack_dup60_s20260616,bonded,4540,PRIVPROBE:1,duplicate_filter,0,False,0,duplicate_filter
m12_no_attack_dup60_s20260616_bonded,BudgetDoS,m12_no_attack_dup60_s20260616,bonded,4563,PRIVPROBE:1,duplicate_filter,0,False,0,duplicate_filter
m12_no_attack_dup60_s20260616_bonded,BudgetDoS,m12_no_attack_dup60_s20260616,bonded,4593,PRIVPROBE:1,duplicate_filter,0,False,0,duplicate_filter
m12_no_attack_dup60_s20260616_bonded,BudgetDoS,m12_no_attack_dup60_s20260616,bonded,4613,PRIVPROBE:1,duplicate_filter,0,False,0,duplicate_filter
m12_no_attack_dup60_s20260616_bonded,BudgetDoS,m12_no_attack_dup60_s20260616,bonded,4637,PRIVPROBE:1,duplicate_filter,0,False,0,duplicate_filter
m12_no_attack_dup60_s20260616_bonded,BudgetDoS,m12_no_attack_dup60_s20260616,bonded,4661,PRIVPROBE:1,duplicate_filter,0,False,0,duplicate_filter
m12_no_attack_dup60_s20260616_bonded,BudgetDoS,m12_no_attack_dup60_s20260616,bonded,4682,PRIVPROBE:1,duplicate_filter,0,False,0,duplicate_filter
m12_no_attack_dup60_s20260616_bonded,BudgetDoS,m12_no_attack_dup60_s20260616,bonded,4711,PRIVPROBE:1,duplicate_filter,0,False,0,duplicate_filter
m12_no_attack_dup60_s20260616_bonded,BudgetDoS,m12_no_attack_dup60_s20260616,bonded,4725,PRIVPROBE:1,duplicate_filter,0,False,0,duplicate_filter
m12_no_attack_dup60_s20260616_bonded,BudgetDoS,m12_no_attack_dup60_s20260616,bonded,4746,PRIVPROBE:1,duplicate_filter,0,False,0,duplicate_filter
m12_no_attack_dup60_s20260616_bonded,BudgetDoS,m12_no_attack_dup60_s20260616,bonded,4762,PRIVPROBE:1,rl_hit,1,False,0,rl
m12_no_attack_dup60_s20260616_bonded,BudgetDoS,m12_no_attack_dup60_s20260616,bonded,4777,PRIVPROBE:1,duplicate_filter,0,False,0,duplicate_filter
m12_no_attack_dup60_s20260616_bonded,BudgetDoS,m12_no_attack_dup60_s20260616,bonded,4799,PRIVPROBE:1,duplicate_filter,0,False,0,duplicate_filter
m12_no_attack_dup60_s20260616_bonded,BudgetDoS,m12_no_attack_dup60_s20260616,bonded,4823,PRIVPROBE:1,duplicate_filter,0,False,0,duplicate_filter
m12_no_attack_dup60_s20260616_bonded,BudgetDoS,m12_no_attack_dup60_s20260616,bonded,4845,PRIVPROBE:1,duplicate_filter,0,False,0,duplicate_filter
m12_no_attack_dup60_s20260616_bonded,BudgetDoS,m12_no_attack_dup60_s20260616,bonded,4870,PRIVPROBE:1,duplicate_filter,0,False,0,duplicate_filter
m12_no_attack_dup60_s20260616_bonded,BudgetDoS,m12_no_attack_dup60_s20260616,bonded,4895,PRIVPROBE:1,duplicate_filter,0,False,0,duplicate_filter
m12_no_attack_dup60_s20260616_bonded,BudgetDoS,m12_no_attack_dup60_s20260616,bonded,4914,PRIVPROBE:1,duplicate_filter,0,False,0,duplicate_filter
m12_no_attack_dup60_s20260616_bonded,BudgetDoS,m12_no_attack_dup60_s20260616,bonded,4930,PRIVPROBE:1,duplicate_filter,0,False,0,duplicate_filter
m12_no_attack_dup60_s20260616_bonded,BudgetDoS,m12_no_attack_dup60_s20260616,bonded,4941,PRIVPROBE:1,duplicate_filter,0,False,0,duplicate_filter
m12_no_attack_dup60_s20260616_bonded,BudgetDoS,m12_no_attack_dup60_s20260616,bonded,4956,PRIVPROBE:1,duplicate_filter,0,False,0,duplicate_filter
m12_no_attack_dup60_s20260616_bonded,BudgetDoS,m12_no_attack_dup60_s20260616,bonded,4985,PRIVPROBE:1,duplicate_filter,0,False,0,duplicate_filter
m12_no_attack_dup60_s20260616_bonded,BudgetDoS,m12_no_attack_dup60_s20260616,bonded,4998,PRIVPROBE:1,rl_hit,1,False,0,rl
m12_no_attack_dup60_s20260616_bonded,BudgetDoS,m12_no_attack_dup60_s20260616,bonded,5014,PRIVPROBE:1,duplicate_filter,0,False,0,duplicate_filter
m12_no_attack_dup60_s20260616_bonded,BudgetDoS,m12_no_attack_dup60_s20260616,bonded,5043,PRIVPROBE:1,duplicate_filter,0,False,0,duplicate_filter
m12_no_attack_dup60_s20260616_bonded,BudgetDoS,m12_no_attack_dup60_s20260616,bonded,5059,PRIVPROBE:1,duplicate_filter,0,False,0,duplicate_filter
m12_no_attack_dup60_s20260616_bonded,BudgetDoS,m12_no_attack_dup60_s20260616,bonded,5077,PRIVPROBE:1,duplicate_filter,0,False,0,duplicate_filter
m12_no_attack_dup60_s20260616_bonded,BudgetDoS,m12_no_attack_dup60_s20260616,bonded,5098,PRIVPROBE:1,duplicate_filter,0,False,0,duplicate_filter
m12_no_attack_dup60_s20260616_bonded,BudgetDoS,m12_no_attack_dup60_s20260616,bonded,5120,PRIVPROBE:1,duplicate_filter,0,False,0,duplicate_filter
m12_no_attack_dup60_s20260616_bonded,BudgetDoS,m12_no_attack_dup60_s20260616,bonded,5145,PRIVPROBE:1,duplicate_filter,0,False,0,duplicate_filter
m12_no_attack_dup60_s20260616_bonded,BudgetDoS,m12_no_attack_dup60_s20260616,bonded,5166,PRIVPROBE:1,duplicate_filter,0,False,0,duplicate_filter
m12_no_attack_dup60_s20260616_bonded,BudgetDoS,m12_no_attack_dup60_s20260616,bonded,5198,PRIVPROBE:1,duplicate_filter,0,False,0,duplicate_filter
m12_no_attack_dup60_s20260616_bonded,BudgetDoS,m12_no_attack_dup60_s20260616,bonded,5222,PRIVPROBE:1,duplicate_filter,0,False,0,duplicate_filter
m12_no_attack_dup60_s20260616_bonded,BudgetDoS,m12_no_attack_dup60_s20260616,bonded,5251,PRIVPROBE:1,duplicate_filter,0,False,0,duplicate_filter
m12_no_attack_dup60_s20260616_bonded,BudgetDoS,m12_no_attack_dup60_s20260616,bonded,5272,PRIVPROBE:1,rl_hit,1,False,0,rl
m12_no_attack_dup60_s20260616_bonded,BudgetDoS,m12_no_attack_dup60_s20260616,bonded,5290,PRIVPROBE:1,duplicate_filter,0,False,0,duplicate_filter
m12_no_attack_dup60_s20260616_bonded,BudgetDoS,m12_no_attack_dup60_s20260616,bonded,5317,PRIVPROBE:1,duplicate_filter,0,False,0,duplicate_filter
m12_no_attack_dup60_s20260616_bonded,BudgetDoS,m12_no_attack_dup60_s20260616,bonded,5339,PRIVPROBE:1,duplicate_filter,0,False,0,duplicate_filter
m12_no_attack_dup60_s20260616_bonded,BudgetDoS,m12_no_attack_dup60_s20260616,bonded,5367,PRIVPROBE:1,duplicate_filter,0,False,0,duplicate_filter
m12_no_attack_dup60_s20260616_bonded,BudgetDoS,m12_no_attack_dup60_s20260616,bonded,5388,PRIVPROBE:1,duplicate_filter,0,False,0,duplicate_filter
m12_no_attack_dup60_s20260616_bonded,BudgetDoS,m12_no_attack_dup60_s20260616,bonded,5404,PRIVPROBE:1,duplicate_filter,0,False,0,duplicate_filter
m12_no_attack_dup60_s20260616_bonded,BudgetDoS,m12_no_attack_dup60_s20260616,bonded,5419,PRIVPROBE:1,duplicate_filter,0,False,0,duplicate_filter
m12_no_attack_dup60_s20260616_bonded,BudgetDoS,m12_no_attack_dup60_s20260616,bonded,5445,PRIVPROBE:1,duplicate_filter,0,False,0,duplicate_filter
m12_no_attack_dup60_s20260616_bonded,BudgetDoS,m12_no_attack_dup60_s20260616,bonded,5474,PRIVPROBE:1,duplicate_filter,0,False,0,duplicate_filter
m12_no_attack_dup60_s20260616_bonded,BudgetDoS,m12_no_attack_dup60_s20260616,bonded,5495,PRIVPROBE:1,duplicate_filter,0,False,0,duplicate_filter
m12_no_attack_dup60_s20260616_bonded,BudgetDoS,m12_no_attack_dup60_s20260616,bonded,5517,PRIVPROBE:1,duplicate_filter,0,False,0,duplicate_filter
m12_no_attack_dup60_s20260616_bonded,BudgetDoS,m12_no_attack_dup60_s20260616,bonded,5530,PRIVPROBE:1,rl_hit,1,False,0,rl
m12_no_attack_dup60_s20260616_bonded,BudgetDoS,m12_no_attack_dup60_s20260616,bonded,5552,PRIVPROBE:1,duplicate_filter,0,False,0,duplicate_filter
m12_no_attack_dup60_s20260616_bonded,BudgetDoS,m12_no_attack_dup60_s20260616,bonded,5580,PRIVPROBE:1,duplicate_filter,0,False,0,duplicate_filter
m12_no_attack_dup60_s20260616_bonded,BudgetDoS,m12_no_attack_dup60_s20260616,bonded,5605,PRIVPROBE:1,duplicate_filter,0,False,0,duplicate_filter
m12_no_attack_dup60_s20260616_bonded,BudgetDoS,m12_no_attack_dup60_s20260616,bonded,5619,PRIVPROBE:1,duplicate_filter,0,False,0,duplicate_filter
m12_no_attack_dup60_s20260616_bonded,BudgetDoS,m12_no_attack_dup60_s20260616,bonded,5637,PRIVPROBE:1,duplicate_filter,0,False,0,duplicate_filter
m12_no_attack_dup60_s20260616_bonded,BudgetDoS,m12_no_attack_dup60_s20260616,bonded,5659,PRIVPROBE:1,duplicate_filter,0,False,0,duplicate_filter
m12_no_attack_dup60_s20260616_bonded,BudgetDoS,m12_no_attack_dup60_s20260616,bonded,5678,PRIVPROBE:1,duplicate_filter,0,False,0,duplicate_filter
m12_no_attack_dup60_s20260616_bonded,BudgetDoS,m12_no_attack_dup60_s20260616,bonded,5692,PRIVPROBE:1,duplicate_filter,0,False,0,duplicate_filter
m12_no_attack_dup60_s20260616_bonded,BudgetDoS,m12_no_attack_dup60_s20260616,bonded,5716,PRIVPROBE:1,duplicate_filter,0,False,0,duplicate_filter
m12_no_attack_dup60_s20260616_bonded,BudgetDoS,m12_no_attack_dup60_s20260616,bonded,5739,PRIVPROBE:1,duplicate_filter,0,False,0,duplicate_filter
m12_no_attack_dup60_s20260616_bonded,BudgetDoS,m12_no_attack_dup60_s20260616,bonded,5755,PRIVPROBE:1,duplicate_filter,0,False,0,duplicate_filter
m12_no_attack_dup60_s20260616_bonded,BudgetDoS,m12_no_attack_dup60_s20260616,bonded,5786,PRIVPROBE:1,rl_hit,1,False,0,rl
m12_no_attack_dup60_s20260616_bonded,BudgetDoS,m12_no_attack_dup60_s20260616,bonded,5806,PRIVPROBE:1,duplicate_filter,0,False,0,duplicate_filter
m12_no_attack_dup60_s20260616_bonded,BudgetDoS,m12_no_attack_dup60_s20260616,bonded,5831,PRIVPROBE:1,duplicate_filter,0,False,0,duplicate_filter
m12_no_attack_dup60_s20260616_bonded,BudgetDoS,m12_no_attack_dup60_s20260616,bonded,5850,PRIVPROBE:1,duplicate_filter,0,False,0,duplicate_filter
m12_no_attack_dup60_s20260616_bonded,BudgetDoS,m12_no_attack_dup60_s20260616,bonded,5871,PRIVPROBE:1,duplicate_filter,0,False,0,duplicate_filter
m12_no_attack_dup60_s20260616_bonded,BudgetDoS,m12_no_attack_dup60_s20260616,bonded,5893,PRIVPROBE:1,duplicate_filter,0,False,0,duplicate_filter
m12_no_attack_dup60_s20260616_bonded,BudgetDoS,m12_no_attack_dup60_s20260616,bonded,5917,PRIVPROBE:1,duplicate_filter,0,False,0,duplicate_filter
m12_no_attack_dup60_s20260616_bonded,BudgetDoS,m12_no_attack_dup60_s20260616,bonded,5940,PRIVPROBE:1,duplicate_filter,0,False,0,duplicate_filter
m12_no_attack_dup60_s20260616_bonded,BudgetDoS,m12_no_attack_dup60_s20260616,bonded,5965,PRIVPROBE:1,duplicate_filter,0,False,0,duplicate_filter
m12_no_attack_dup60_s20260616_bonded,BudgetDoS,m12_no_attack_dup60_s20260616,bonded,5991,PRIVPROBE:1,duplicate_filter,0,False,0,duplicate_filter
m12_no_attack_dup60_s20260616_bonded,BudgetDoS,m12_no_attack_dup60_s20260616,bonded,6011,PRIVPROBE:1,duplicate_filter,0,False,0,duplicate_filter
m12_no_attack_dup60_s20260616_bonded,BudgetDoS,m12_no_attack_dup60_s20260616,bonded,6030,PRIVPROBE:1,duplicate_filter,0,False,0,duplicate_filter
m12_no_attack_dup60_s20260616_bonded,BudgetDoS,m12_no_attack_dup60_s20260616,bonded,6050,PRIVPROBE:1,rl_hit,1,False,0,rl
m12_no_attack_dup60_s20260616_bonded,BudgetDoS,m12_no_attack_dup60_s20260616,bonded,6064,PRIVPROBE:1,duplicate_filter,0,False,0,duplicate_filter
m12_no_attack_dup60_s20260616_bonded,BudgetDoS,m12_no_attack_dup60_s20260616,bonded,6079,PRIVPROBE:1,duplicate_filter,0,False,0,duplicate_filter
m12_no_attack_dup60_s20260616_bonded,BudgetDoS,m12_no_attack_dup60_s20260616,bonded,6102,PRIVPROBE:1,duplicate_filter,0,False,0,duplicate_filter
m12_no_attack_dup60_s20260616_bonded,BudgetDoS,m12_no_attack_dup60_s20260616,bonded,6121,PRIVPROBE:1,duplicate_filter,0,False,0,duplicate_filter
m12_no_attack_dup60_s20260616_bonded,BudgetDoS,m12_no_attack_dup60_s20260616,bonded,6147,PRIVPROBE:1,duplicate_filter,0,False,0,duplicate_filter
m12_no_attack_dup60_s20260616_bonded,BudgetDoS,m12_no_attack_dup60_s20260616,bonded,6172,PRIVPROBE:1,duplicate_filter,0,False,0,duplicate_filter
m12_no_attack_dup60_s20260616_bonded,BudgetDoS,m12_no_attack_dup60_s20260616,bonded,6202,PRIVPROBE:1,duplicate_filter,0,False,0,duplicate_filter
m12_no_attack_dup60_s20260616_bonded,BudgetDoS,m12_no_attack_dup60_s20260616,bonded,6223,PRIVPROBE:1,duplicate_filter,0,False,0,duplicate_filter
m12_no_attack_dup60_s20260616_bonded,BudgetDoS,m12_no_attack_dup60_s20260616,bonded,6242,PRIVPROBE:1,duplicate_filter,0,False,0,duplicate_filter
m12_no_attack_dup60_s20260616_bonded,BudgetDoS,m12_no_attack_dup60_s20260616,bonded,6271,PRIVPROBE:1,duplicate_filter,0,False,0,duplicate_filter
m12_no_attack_dup60_s20260616_bonded,BudgetDoS,m12_no_attack_dup60_s20260616,bonded,6288,PRIVPROBE:1,duplicate_filter,0,False,0,duplicate_filter
m12_no_attack_dup60_s20260616_bonded,BudgetDoS,m12_no_attack_dup60_s20260616,bonded,6302,PRIVPROBE:1,rl_hit,1,False,0,rl
m12_no_attack_dup60_s20260616_bonded,BudgetDoS,m12_no_attack_dup60_s20260616,bonded,6328,PRIVPROBE:1,duplicate_filter,0,False,0,duplicate_filter
m12_no_attack_dup60_s20260616_bonded,BudgetDoS,m12_no_attack_dup60_s20260616,bonded,6343,PRIVPROBE:1,duplicate_filter,0,False,0,duplicate_filter
m12_no_attack_dup60_s20260616_bonded,BudgetDoS,m12_no_attack_dup60_s20260616,bonded,6363,PRIVPROBE:1,duplicate_filter,0,False,0,duplicate_filter
m12_no_attack_dup60_s20260616_bonded,BudgetDoS,m12_no_attack_dup60_s20260616,bonded,6384,PRIVPROBE:1,duplicate_filter,0,False,0,duplicate_filter
m12_no_attack_dup60_s20260616_bonded,BudgetDoS,m12_no_attack_dup60_s20260616,bonded,6403,PRIVPROBE:1,duplicate_filter,0,False,0,duplicate_filter
m12_no_attack_dup60_s20260616_bonded,BudgetDoS,m12_no_attack_dup60_s20260616,bonded,6420,PRIVPROBE:1,duplicate_filter,0,False,0,duplicate_filter
m12_no_attack_dup60_s20260616_bonded,BudgetDoS,m12_no_attack_dup60_s20260616,bonded,6448,PRIVPROBE:1,duplicate_filter,0,False,0,duplicate_filter
m12_no_attack_dup60_s20260616_bonded,BudgetDoS,m12_no_attack_dup60_s20260616,bonded,6468,PRIVPROBE:1,duplicate_filter,0,False,0,duplicate_filter
m12_no_attack_dup60_s20260616_bonded,BudgetDoS,m12_no_attack_dup60_s20260616,bonded,6490,PRIVPROBE:1,duplicate_filter,0,False,0,duplicate_filter
m12_no_attack_dup60_s20260616_bonded,BudgetDoS,m12_no_attack_dup60_s20260616,bonded,6508,PRIVPROBE:1,duplicate_filter,0,False,0,duplicate_filter
m12_no_attack_dup60_s20260616_bonded,BudgetDoS,m12_no_attack_dup60_s20260616,bonded,6526,PRIVPROBE:1,duplicate_filter,0,False,0,duplicate_filter
m12_no_attack_dup60_s20260616_bonded,BudgetDoS,m12_no_attack_dup60_s20260616,bonded,6533,PRIVPROBE:1,rl_hit,1,False,0,rl
m12_no_attack_dup60_s20260616_bonded,BudgetDoS,m12_no_attack_dup60_s20260616,bonded,6548,PRIVPROBE:1,duplicate_filter,0,False,0,duplicate_filter
m12_no_attack_dup60_s20260616_bonded,BudgetDoS,m12_no_attack_dup60_s20260616,bonded,6565,PRIVPROBE:1,duplicate_filter,0,False,0,duplicate_filter
m12_no_attack_dup60_s20260616_bonded,BudgetDoS,m12_no_attack_dup60_s20260616,bonded,6582,PRIVPROBE:1,duplicate_filter,0,False,0,duplicate_filter
m12_no_attack_dup60_s20260616_bonded,BudgetDoS,m12_no_attack_dup60_s20260616,bonded,6598,PRIVPROBE:1,duplicate_filter,0,False,0,duplicate_filter
m12_no_attack_dup60_s20260616_bonded,BudgetDoS,m12_no_attack_dup60_s20260616,bonded,6616,PRIVPROBE:1,duplicate_filter,0,False,0,duplicate_filter
m12_no_attack_dup60_s20260616_bonded,BudgetDoS,m12_no_attack_dup60_s20260616,bonded,6634,PRIVPROBE:1,duplicate_filter,0,False,0,duplicate_filter
m12_no_attack_dup60_s20260616_bonded,BudgetDoS,m12_no_attack_dup60_s20260616,bonded,6650,PRIVPROBE:1,duplicate_filter,0,False,0,duplicate_filter
m12_no_attack_dup60_s20260616_bonded,BudgetDoS,m12_no_attack_dup60_s20260616,bonded,6677,PRIVPROBE:1,duplicate_filter,0,False,0,duplicate_filter
m12_no_attack_dup60_s20260616_bonded,BudgetDoS,m12_no_attack_dup60_s20260616,bonded,6706,PRIVPROBE:1,duplicate_filter,0,False,0,duplicate_filter
m12_no_attack_dup60_s20260616_bonded,BudgetDoS,m12_no_attack_dup60_s20260616,bonded,6734,PRIVPROBE:1,duplicate_filter,0,False,0,duplicate_filter
m12_no_attack_dup60_s20260616_bonded,BudgetDoS,m12_no_attack_dup60_s20260616,bonded,6766,PRIVPROBE:1,duplicate_filter,0,False,0,duplicate_filter
m12_no_attack_dup60_s20260616_bonded,BudgetDoS,m12_no_attack_dup60_s20260616,bonded,6791,PRIVPROBE:1,rl_hit,1,False,0,rl
m12_no_attack_dup60_s20260616_bonded,BudgetDoS,m12_no_attack_dup60_s20260616,bonded,6816,PRIVPROBE:1,duplicate_filter,0,False,0,duplicate_filter
m12_no_attack_dup60_s20260616_bonded,BudgetDoS,m12_no_attack_dup60_s20260616,bonded,6850,PRIVPROBE:1,duplicate_filter,0,False,0,duplicate_filter
m12_no_attack_dup60_s20260616_bonded,BudgetDoS,m12_no_attack_dup60_s20260616,bonded,6868,PRIVPROBE:1,duplicate_filter,0,False,0,duplicate_filter
m12_no_attack_dup60_s20260616_bonded,BudgetDoS,m12_no_attack_dup60_s20260616,bonded,6892,PRIVPROBE:1,duplicate_filter,0,False,0,duplicate_filter
m12_no_attack_dup60_s20260616_bonded,BudgetDoS,m12_no_attack_dup60_s20260616,bonded,6912,PRIVPROBE:1,duplicate_filter,0,False,0,duplicate_filter
m12_no_attack_dup60_s20260616_bonded,BudgetDoS,m12_no_attack_dup60_s20260616,bonded,6940,PRIVPROBE:1,duplicate_filter,0,False,0,duplicate_filter
m12_no_attack_dup60_s20260616_bonded,BudgetDoS,m12_no_attack_dup60_s20260616,bonded,6965,PRIVPROBE:1,duplicate_filter,0,False,0,duplicate_filter
m12_no_attack_dup60_s20260616_bonded,BudgetDoS,m12_no_attack_dup60_s20260616,bonded,6977,PRIVPROBE:1,duplicate_filter,0,False,0,duplicate_filter
m12_no_attack_dup60_s20260616_bonded,BudgetDoS,m12_no_attack_dup60_s20260616,bonded,7006,PRIVPROBE:1,duplicate_filter,0,False,0,duplicate_filter
m12_no_attack_dup60_s20260616_bonded,BudgetDoS,m12_no_attack_dup60_s20260616,bonded,7027,PRIVPROBE:1,duplicate_filter,0,False,0,duplicate_filter
m12_no_attack_dup60_s20260616_bonded,BudgetDoS,m12_no_attack_dup60_s20260616,bonded,7050,PRIVPROBE:1,duplicate_filter,0,False,0,duplicate_filter
m12_no_attack_dup60_s20260616_bonded,BudgetDoS,m12_no_attack_dup60_s20260616,bonded,7072,PRIVPROBE:1,rl_hit,1,False,0,rl
m12_no_attack_dup60_s20260616_bonded,BudgetDoS,m12_no_attack_dup60_s20260616,bonded,7098,PRIVPROBE:1,duplicate_filter,0,False,0,duplicate_filter
m12_no_attack_dup60_s20260616_bonded,BudgetDoS,m12_no_attack_dup60_s20260616,bonded,7109,PRIVPROBE:1,duplicate_filter,0,False,0,duplicate_filter
m12_no_attack_dup60_s20260616_bonded,BudgetDoS,m12_no_attack_dup60_s20260616,bonded,7133,PRIVPROBE:1,duplicate_filter,0,False,0,duplicate_filter
m12_no_attack_dup60_s20260616_bonded,BudgetDoS,m12_no_attack_dup60_s20260616,bonded,7149,PRIVPROBE:1,duplicate_filter,0,False,0,duplicate_filter
m12_no_attack_dup60_s20260616_bonded,BudgetDoS,m12_no_attack_dup60_s20260616,bonded,7176,PRIVPROBE:1,duplicate_filter,0,False,0,duplicate_filter
m12_no_attack_dup60_s20260616_bonded,BudgetDoS,m12_no_attack_dup60_s20260616,bonded,7199,PRIVPROBE:1,duplicate_filter,0,False,0,duplicate_filter
m12_no_attack_dup60_s20260616_bonded,BudgetDoS,m12_no_attack_dup60_s20260616,bonded,7213,PRIVPROBE:1,duplicate_filter,0,False,0,duplicate_filter
m12_no_attack_dup60_s20260616_bonded,BudgetDoS,m12_no_attack_dup60_s20260616,bonded,7231,PRIVPROBE:1,duplicate_filter,0,False,0,duplicate_filter
m12_no_attack_dup60_s20260616_bonded,BudgetDoS,m12_no_attack_dup60_s20260616,bonded,7257,PRIVPROBE:1,duplicate_filter,0,False,0,duplicate_filter
m12_no_attack_dup60_s20260616_bonded,BudgetDoS,m12_no_attack_dup60_s20260616,bonded,7285,PRIVPROBE:1,duplicate_filter,0,False,0,duplicate_filter
m12_no_attack_dup60_s20260616_bonded,BudgetDoS,m12_no_attack_dup60_s20260616,bonded,7310,PRIVPROBE:1,duplicate_filter,0,False,0,duplicate_filter
m12_no_attack_dup60_s20260616_bonded,BudgetDoS,m12_no_attack_dup60_s20260616,bonded,7324,PRIVPROBE:1,rl_hit,1,False,0,rl
m12_no_attack_dup60_s20260616_bonded,BudgetDoS,m12_no_attack_dup60_s20260616,bonded,7343,PRIVPROBE:1,duplicate_filter,0,False,0,duplicate_filter
m12_no_attack_dup60_s20260616_bonded,BudgetDoS,m12_no_attack_dup60_s20260616,bonded,7365,PRIVPROBE:1,duplicate_filter,0,False,0,duplicate_filter
m12_no_attack_dup60_s20260616_bonded,BudgetDoS,m12_no_attack_dup60_s20260616,bonded,7380,PRIVPROBE:1,duplicate_filter,0,False,0,duplicate_filter
m12_no_attack_dup60_s20260616_bonded,BudgetDoS,m12_no_attack_dup60_s20260616,bonded,7403,PRIVPROBE:1,duplicate_filter,0,False,0,duplicate_filter
m12_no_attack_dup60_s20260616_bonded,BudgetDoS,m12_no_attack_dup60_s20260616,bonded,7418,PRIVPROBE:1,duplicate_filter,0,False,0,duplicate_filter
m12_no_attack_dup60_s20260616_bonded,BudgetDoS,m12_no_attack_dup60_s20260616,bonded,7438,PRIVPROBE:1,duplicate_filter,0,False,0,duplicate_filter
m12_no_attack_dup60_s20260616_bonded,BudgetDoS,m12_no_attack_dup60_s20260616,bonded,7453,PRIVPROBE:1,duplicate_filter,0,False,0,duplicate_filter
m12_no_attack_dup60_s20260616_bonded,BudgetDoS,m12_no_attack_dup60_s20260616,bonded,7469,PRIVPROBE:1,duplicate_filter,0,False,0,duplicate_filter
m12_no_attack_dup60_s20260616_bonded,BudgetDoS,m12_no_attack_dup60_s20260616,bonded,7488,PRIVPROBE:1,duplicate_filter,0,False,0,duplicate_filter
m12_no_attack_dup60_s20260616_bonded,BudgetDoS,m12_no_attack_dup60_s20260616,bonded,7510,PRIVPROBE:1,duplicate_filter,0,False,0,duplicate_filter
m12_no_attack_dup60_s20260616_bonded,BudgetDoS,m12_no_attack_dup60_s20260616,bonded,7540,PRIVPROBE:1,duplicate_filter,0,False,0,duplicate_filter
