run_id,method,paired_trace_id,identity_label_for_scoring,event_id,rpa_value,action,aes_attempts,deferred,delay_ms,admission_path
m12_medium_flood_dup0_s20260619_bonded,P3-Persist,m12_medium_flood_dup0_s20260619,bonded,7366,PRIVPROBE:0,cache_hit,0,False,0,cache
m12_medium_flood_dup0_s20260619_bonded,P3-Persist,m12_medium_flood_dup0_s20260619,bonded,7523,PRIVPROBE:0,cache_hit,0,False,0,cache
m12_medium_flood_dup0_s20260619_bonded,P3-Persist,m12_medium_flood_dup0_s20260619,bonded,7619,PRIVPROBE:0,cache_hit,0,False,0,cache
m12_medium_flood_dup0_s20260619_bonded,P3-Persist,m12_medium_flood_dup0_s20260619,bonded,7740,PRIVPROBE:0,cache_hit,0,False,0,cache
m12_medium_flood_dup0_s20260619_bonded,P3-Persist,m12_medium_flood_dup0_s20260619,bonded,7854,PRIVPROBE:0,cache_hit,0,False,0,cache
m12_medium_flood_dup0_s20260619_bonded,P3-Persist,m12_medium_flood_dup0_s20260619,bonded,7968,PRIVPROBE:0,cache_hit,0,False,0,cache
m12_medium_flood_dup0_s20260619_bonded,P3-Persist,m12_medium_flood_dup0_s20260619,bonded,8100,PRIVPROBE:0,cache_hit,0,False,0,cache
m12_medium_flood_dup0_s20260619_bonded,P3-Persist,m12_medium_flood_dup0_s20260619,bonded,8228,PRIVPROBE:0,cache_hit,0,False,0,cache
m12_medium_flood_dup0_s20260619_bonded,P3-Persist,m12_medium_flood_dup0_s20260619,bonded,8367,PRIVPROBE:0,cache_hit,0,False,0,cache
m12_medium_flood_dup0_s20260619_bonded,P3-Persist,m12_medium_flood_dup0_s20260619,bonded,8489,PRIVPROBE:0,cache_hit,0,False,0,cache
m12_medium_flood_dup0_s20260619_bonded,P3-Persist,m12_medium_flood_dup0_s20260619,bonded,8598,PRIVPROBE:0,cache_hit,0,False,0,cache
m12_medium_flood_dup0_s20260619_bonded,P3-Persist,m12_medium_flood_dup0_s20260619,bonded,8751,PRIVPROBE:0,cache_hit,0,False,0,cache
m12_medium_flood_dup0_s20260619_bonded,P3-Persist,m12_medium_flood_dup0_s20260619,bonded,8861,PRIVPROBE:0,cache_hit,0,False,0,cache
m12_medium_flood_dup0_s20260619_bonded,P3-Persist,m12_medium_flood_dup0_s20260619,bonded,8983,PRIVPROBE:0,cache_hit,0,False,0,cache
m12_medium_flood_dup0_s20260619_bonded,P3-Persist,m12_medium_flood_dup0_s20260619,bonded,9071,PRIVPROBE:0,cache_hit,0,False,0,cache
m12_medium_flood_dup0_s20260619_bonded,P3-Persist,m12_medium_flood_dup0_s20260619,bonded,9183,PRIVPROBE:0,cache_hit,0,False,0,cache
m12_medium_flood_dup0_s20260619_bonded,P3-Persist,m12_medium_flood_dup0_s20260619,bonded,9291,PRIVPROBE:0,cache_hit,0,False,0,cache
m12_medium_flood_dup0_s20260619_bonded,P3-Persist,m12_medium_flood_dup0_s20260619,bonded,9409,PRIVPROBE:0,cache_hit,0,False,0,cache
m12_medium_flood_dup0_s20260619_bonded,P3-Persist,m12_medium_flood_dup0_s20260619,bonded,9527,PRIVPROBE:0,cache_hit,0,False,0,cache
m12_medium_flood_dup0_s20260619_bonded,P3-Persist,m12_medium_flood_dup0_s20260619,bonded,9645,PRIVPROBE:0,cache_hit,0,False,0,cache
m12_medium_flood_dup0_s20260619_bonded,P3-Persist,m12_medium_flood_dup0_s20260619,bonded,9753,PRIVPROBE:0,cache_hit,0,False,0,cache
m12_medium_flood_dup0_s20260619_bonded,P3-Persist,m12_medium_flood_dup0_s20260619,bonded,9868,PRIVPROBE:0,cache_hit,0,False,0,cache
m12_medium_flood_dup0_s20260619_bonded,P3-Persist,m12_medium_flood_dup0_s20260619,bonded,9964,PRIVPROBE:0,cache_hit,0,False,0,cache
m12_medium_flood_dup0_s20260619_bonded,P3-Persist,m12_medium_flood_dup0_s20260619,bonded,10077,PRIVPROBE:0,cache_hit,0,False,0,cache
m12_medium_flood_dup0_s20260619_bonded,P3-Persist,m12_medium_flood_dup0_s20260619,bonded,10218,PRIVPROBE:0,cache_hit,0,False,0,cache
m12_medium_flood_dup0_s20260619_bonded,P3-Persist,m12_medium_flood_dup0_s20260619,bonded,10343,PRIVPROBE:0,cache_hit,0,False,0,cache
m12_medium_flood_dup0_s20260619_bonded,P3-Persist,m12_medium_flood_dup0_s20260619,bonded,10453,PRIVPROBE:0,cache_hit,0,False,0,cache
m12_medium_flood_dup0_s20260619_bonded,P3-Persist,m12_medium_flood_dup0_s20260619,bonded,10572,PRIVPROBE:0,cache_hit,0,False,0,cache
m12_medium_flood_dup0_s20260619_bonded,P3-Persist,m12_medium_flood_dup0_s20260619,bonded,10686,PRIVPROBE:0,cache_hit,0,False,0,cache
m12_medium_flood_dup0_s20260619_bonded,P3-Persist,m12_medium_flood_dup0_s20260619,bonded,10804,PRIVPROBE:0,cache_hit,0,False,0,cache
m12_medium_flood_dup0_s20260619_bonded,P3-Persist,m12_medium_flood_dup0_s20260619,bonded,10943,PRIVPROBE:0,cache_hit,0,False,0,cache
m12_medium_flood_dup0_s20260619_bonded,P3-Persist,m12_medium_flood_dup0_s20260619,bonded,11039,PRIVPROBE:0,cache_hit,0,False,0,cache
m12_medium_flood_dup0_s20260619_bonded,P3-Persist,m12_medium_flood_dup0_s20260619,bonded,11166,PRIVPROBE:0,cache_hit,0,False,0,cache
m12_medium_flood_dup0_s20260619_bonded,P3-Persist,m12_medium_flood_dup0_s20260619,bonded,11291,PRIVPROBE:0,cache_hit,0,False,0,cache
m12_medium_flood_dup0_s20260619_bonded,P3-Persist,m12_medium_flood_dup0_s20260619,bonded,11412,PRIVPROBE:0,cache_hit,0,False,0,cache
m12_medium_flood_dup0_s20260619_bonded,P3-Persist,m12_medium_flood_dup0_s20260619,bonded,11541,PRIVPROBE:0,cache_hit,0,False,0,cache
m12_medium_flood_dup0_s20260619_bonded,P3-Persist,m12_medium_flood_dup0_s20260619,bonded,11669,PRIVPROBE:0,cache_hit,0,False,0,cache
m12_medium_flood_dup0_s20260619_bonded,P3-Persist,m12_medium_flood_dup0_s20260619,bonded,11781,PRIVPROBE:0,cache_hit,0,False,0,cache
m12_medium_flood_dup0_s20260619_bonded,P3-Persist,m12_medium_flood_dup0_s20260619,bonded,11917,PRIVPROBE:0,cache_hit,0,False,0,cache
m12_medium_flood_dup0_s20260619_bonded,P3-Persist,m12_medium_flood_dup0_s20260619,bonded,12013,PRIVPROBE:0,cache_hit,0,False,0,cache
m12_medium_flood_dup0_s20260619_bonded,P3-Persist,m12_medium_flood_dup0_s20260619,bonded,12134,PRIVPROBE:0,cache_hit,0,False,0,cache
m12_medium_flood_dup0_s20260619_bonded,P3-Persist,m12_medium_flood_dup0_s20260619,bonded,12243,PRIVPROBE:0,cache_hit,0,False,0,cache
m12_medium_flood_dup0_s20260619_bonded,P3-Persist,m12_medium_flood_dup0_s20260619,bonded,12379,PRIVPROBE:0,cache_hit,0,False,0,cache
m12_medium_flood_dup0_s20260619_bonded,P3-Persist,m12_medium_flood_dup0_s20260619,bonded,12505,PRIVPROBE:0,cache_hit,0,False,0,cache
m12_medium_flood_dup0_s20260619_bonded,P3-Persist,m12_medium_flood_dup0_s20260619,bonded,12641,PRIVPROBE:0,cache_hit,0,False,0,cache
m12_medium_flood_dup0_s20260619_bonded,P3-Persist,m12_medium_flood_dup0_s20260619,bonded,12741,PRIVPROBE:0,cache_hit,0,False,0,cache
m12_medium_flood_dup0_s20260619_bonded,P3-Persist,m12_medium_flood_dup0_s20260619,bonded,12843,PRIVPROBE:0,cache_hit,0,False,0,cache
m12_medium_flood_dup0_s20260619_bonded,P3-Persist,m12_medium_flood_dup0_s20260619,bonded,12988,PRIVPROBE:0,cache_hit,0,False,0,cache
m12_medium_flood_dup0_s20260619_bonded,P3-Persist,m12_medium_flood_dup0_s20260619,bonded,13084,PRIVPROBE:0,cache_hit,0,False,0,cache
m12_medium_flood_dup0_s20260619_bonded,P3-Persist,m12_medium_flood_dup0_s20260619,bonded,13212,PRIVPROBE:0,cache_hit,0,False,0,cache
m12_medium_flood_dup0_s20260619_bonded,P3-Persist,m12_medium_flood_dup0_s20260619,bonded,13359,PRIVPROBE:0,cache_hit,0,False,0,cache
m12_medium_flood_dup0_s20260619_bonded,P3-Persist,m12_medium_flood_dup0_s20260619,bonded,13486,PRIVPROBE:0,cache_hit,0,False,0,cache
m12_medium_flood_dup0_s20260619_bonded,P3-Persist,m12_medium_flood_dup0_s20260619,bonded,13612,PRIVPROBE:0,cache_hit,0,False,0,cache
m12_medium_flood_dup0_s20260619_bonded,P3-Persist,m12_medium_flood_dup0_s20260619,bonded,13733,PRIVPROBE:0,cache_hit,0,False,0,cache
m12_medium_flood_dup0_s20260619_bonded,P3-Persist,m12_medium_flood_dup0_s20260619,bonded,13840,PRIVPROBE:0,cache_hit,0,False,0,cache
m12_medium_flood_dup0_s20260619_bonded,P3-Persist,m12_medium_flood_dup0_s20260619,bonded,13965,PRIVPROBE:0,cache_hit,0,False,0,cache
m12_medium_flood_dup0_s20260619_bonded,P3-Persist,m12_medium_flood_dup0_s20260619,bonded,14072,PRIVPROBE:0,cache_hit,0,False,0,cache
m12_medium_flood_dup0_s20260619_bonded,P3-Persist,m12_medium_flood_dup0_s20260619,bonded,14195,PRIVPROBE:0,cache_hit,0,False,0,cache
m12_medium_flood_dup0_s20260619_bonded,P3-Persist,m12_medium_flood_dup0_s20260619,bonded,14307,PRIVPROBE:0,cache_hit,0,False,0,cache
m12_medium_flood_dup0_s20260619_bonded,P3-Persist,m12_medium_flood_dup0_s20260619,bonded,14423,PRIVPROBE:0,cache_hit,0,False,0,cache
m12_medium_flood_dup0_s20260619_bonded,P3-Persist,m12_medium_flood_dup0_s20260619,bonded,14562,PRIVPROBE:0,cache_hit,0,False,0,cache
m12_medium_flood_dup0_s20260619_bonded,P3-Persist,m12_medium_flood_dup0_s20260619,bonded,14700,PRIVPROBE:0,cache_hit,0,False,0,cache
m12_medium_flood_dup0_s20260619_bonded,P3-Persist,m12_medium_flood_dup0_s20260619,bonded,14813,PRIVPROBE:0,cache_hit,0,False,0,cache
m12_medium_flood_dup0_s20260619_bonded,P3-Persist,m12_medium_flood_dup0_s20260619,bonded,14923,PRIVPROBE:0,cache_hit,0,False,0,cache
m12_medium_flood_dup0_s20260619_bonded,P3-Persist,m12_medium_flood_dup0_s20260619,bonded,15026,PRIVPROBE:0,cache_hit,0,False,0,cache
m12_medium_flood_dup0_s20260619_bonded,P3-Persist,m12_medium_flood_dup0_s20260619,bonded,15137,PRIVPROBE:0,cache_hit,0,False,0,cache
m12_medium_flood_dup0_s20260619_bonded,P3-Persist,m12_medium_flood_dup0_s20260619,bonded,15252,PRIVPROBE:0,cache_hit,0,False,0,cache
m12_medium_flood_dup0_s20260619_bonded,P3-Persist,m12_medium_flood_dup0_s20260619,bonded,15386,PRIVPROBE:0,cache_hit,0,False,0,cache
m12_medium_flood_dup0_s20260619_bonded,P3-Persist,m12_medium_flood_dup0_s20260619,bonded,15514,PRIVPROBE:0,cache_hit,0,False,0,cache
m12_medium_flood_dup0_s20260619_bonded,P3-Persist,m12_medium_flood_dup0_s20260619,bonded,15638,PRIVPROBE:0,cache_hit,0,False,0,cache
m12_medium_flood_dup0_s20260619_bonded,P3-Persist,m12_medium_flood_dup0_s20260619,bonded,15748,PRIVPROBE:0,cache_hit,0,False,0,cache
m12_medium_flood_dup0_s20260619_bonded,P3-Persist,m12_medium_flood_dup0_s20260619,bonded,15875,PRIVPROBE:0,cache_hit,0,False,0,cache
m12_medium_flood_dup0_s20260619_bonded,P3-Persist,m12_medium_flood_dup0_s20260619,bonded,16026,PRIVPROBE:0,cache_hit,0,False,0,cache
m12_medium_flood_dup0_s20260619_bonded,P3-Persist,m12_medium_flood_dup0_s20260619,bonded,16123,PRIVPROBE:0,cache_hit,0,False,0,cache
m12_medium_flood_dup0_s20260619_bonded,P3-Persist,m12_medium_flood_dup0_s20260619,bonded,16253,PRIVPROBE:0,cache_hit,0,False,0,cache
m12_medium_flood_dup0_s20260619_bonded,P3-Persist,m12_medium_flood_dup0_s20260619,bonded,16380,PRIVPROBE:0,cache_hit,0,False,0,cache
m12_medium_flood_dup0_s20260619_bonded,P3-Persist,m12_medium_flood_dup0_s20260619,bonded,16512,PRIVPROBE:0,cache_hit,0,False,0,cache
m12_medium_flood_dup0_s20260619_bonded,P3-Persist,m12_medium_flood_dup0_s20260619,bonded,16653,PRIVPROBE:0,cache_hit,0,False,0,cache
m12_medium_flood_dup0_s20260619_bonded,P3-Persist,m12_medium_flood_dup0_s20260619,bonded,16775,PRIVPROBE:0,cache_hit,0,False,0,cache
m12_medium_flood_dup0_s20260619_bonded,P3-Persist,m12_medium_flood_dup0_s20260619,bonded,16889,PRIVPROBE:0,cache_hit,0,False,0,cache
m12_medium_flood_dup0_s20260619_bonded,P3-Persist,m12_medium_flood_dup0_s20260619,bonded,16991,PRIVPROBE:0,cache_hit,0,False,0,cache
m12_medium_flood_dup0_s20260619_bonded,P3-Persist,m12_medium_flood_dup0_s20260619,bonded,17101,PRIVPROBE:0,cache_hit,0,False,0,cache
m12_medium_flood_dup0_s20260619_bonded,P3-Persist,m12_medium_flood_dup0_s20260619,bonded,17211,PRIVPROBE:0,cache_hit,0,False,0,cache
m12_medium_flood_dup0_s20260619_bonded,P3-Persist,m12_medium_flood_dup0_s20260619,bonded,17338,PRIVPROBE:0,cache_hit,0,False,0,cache
m12_medium_flood_dup0_s20260619_bonded,P3-Persist,m12_medium_flood_dup0_s20260619,bonded,17466,PRIVPROBE:0,cache_hit,0,False,0,cache
m12_medium_flood_dup0_s20260619_bonded,P3-Persist,m12_medium_flood_dup0_s20260619,bonded,17586,PRIVPROBE:0,cache_hit,0,False,0,cache
m12_medium_flood_dup0_s20260619_bonded,P3-Persist,m12_medium_flood_dup0_s20260619,bonded,17706,PRIVPROBE:0,cache_hit,0,False,0,cache
m12_medium_flood_dup0_s20260619_bonded,P3-Persist,m12_medium_flood_dup0_s20260619,bonded,17840,PRIVPROBE:0,cache_hit,0,False,0,cache
m12_medium_flood_dup0_s20260619_bonded,P3-Persist,m12_medium_flood_dup0_s20260619,bonded,17984,PRIVPROBE:0,cache_hit,0,False,0,cache
m12_medium_flood_dup0_s20260619_bonded,P3-Persist,m12_medium_flood_dup0_s20260619,bonded,18111,PRIVPROBE:0,cache_hit,0,False,0,cache
m12_medium_flood_dup0_s20260619_bonded,P3-Persist,m12_medium_flood_dup0_s20260619,bonded,18225,PRIVPROBE:0,cache_hit,0,False,0,cache
m12_medium_flood_dup0_s20260619_bonded,P3-Persist,m12_medium_flood_dup0_s20260619,bonded,18338,PRIVPROBE:0,cache_hit,0,False,0,cache
m12_medium_flood_dup0_s20260619_bonded,P3-Persist,m12_medium_flood_dup0_s20260619,bonded,18455,PRIVPROBE:0,cache_hit,0,False,0,cache
m12_medium_flood_dup0_s20260619_bonded,P3-Persist,m12_medium_flood_dup0_s20260619,bonded,18558,PRIVPROBE:0,cache_hit,0,False,0,cache
m12_medium_flood_dup0_s20260619_bonded,P3-Persist,m12_medium_flood_dup0_s20260619,bonded,18700,PRIVPROBE:0,cache_hit,0,False,0,cache
m12_medium_flood_dup0_s20260619_bonded,P3-Persist,m12_medium_flood_dup0_s20260619,bonded,18807,PRIVPROBE:0,cache_hit,0,False,0,cache
m12_medium_flood_dup0_s20260619_bonded,P3-Persist,m12_medium_flood_dup0_s20260619,bonded,18926,PRIVPROBE:0,cache_hit,0,False,0,cache
m12_medium_flood_dup0_s20260619_bonded,P3-Persist,m12_medium_flood_dup0_s20260619,bonded,19032,PRIVPROBE:0,cache_hit,0,False,0,cache
m12_medium_flood_dup0_s20260619_bonded,P3-Persist,m12_medium_flood_dup0_s20260619,bonded,19151,PRIVPROBE:0,cache_hit,0,False,0,cache
m12_medium_flood_dup0_s20260619_bonded,P3-Persist,m12_medium_flood_dup0_s20260619,bonded,19274,PRIVPROBE:0,cache_hit,0,False,0,cache
m12_medium_flood_dup0_s20260619_bonded,P3-Persist,m12_medium_flood_dup0_s20260619,bonded,19410,PRIVPROBE:0,cache_hit,0,False,0,cache
m12_medium_flood_dup0_s20260619_bonded,P3-Persist,m12_medium_flood_dup0_s20260619,bonded,19524,PRIVPROBE:0,cache_hit,0,False,0,cache
m12_medium_flood_dup0_s20260619_bonded,P3-Persist,m12_medium_flood_dup0_s20260619,bonded,19636,PRIVPROBE:0,cache_hit,0,False,0,cache
m12_medium_flood_dup0_s20260619_bonded,P3-Persist,m12_medium_flood_dup0_s20260619,bonded,19743,PRIVPROBE:0,cache_hit,0,False,0,cache
m12_medium_flood_dup0_s20260619_bonded,P3-Persist,m12_medium_flood_dup0_s20260619,bonded,19854,PRIVPROBE:0,cache_hit,0,False,0,cache
m12_medium_flood_dup0_s20260619_bonded,P3-Persist,m12_medium_flood_dup0_s20260619,bonded,19965,PRIVPROBE:0,cache_hit,0,False,0,cache
m12_medium_flood_dup0_s20260619_bonded,P3-Persist,m12_medium_flood_dup0_s20260619,bonded,20106,PRIVPROBE:0,cache_hit,0,False,0,cache
m12_medium_flood_dup0_s20260619_bonded,P3-Persist,m12_medium_flood_dup0_s20260619,bonded,20221,PRIVPROBE:0,cache_hit,0,False,0,cache
m12_medium_flood_dup0_s20260619_bonded,P3-Persist,m12_medium_flood_dup0_s20260619,bonded,20326,PRIVPROBE:0,cache_hit,0,False,0,cache
m12_medium_flood_dup0_s20260619_bonded,P3-Persist,m12_medium_flood_dup0_s20260619,bonded,20426,PRIVPROBE:0,cache_hit,0,False,0,cache
m12_medium_flood_dup0_s20260619_bonded,P3-Persist,m12_medium_flood_dup0_s20260619,bonded,20563,PRIVPROBE:0,cache_hit,0,False,0,cache
m12_medium_flood_dup0_s20260619_bonded,P3-Persist,m12_medium_flood_dup0_s20260619,bonded,20689,PRIVPROBE:0,cache_hit,0,False,0,cache
m12_medium_flood_dup0_s20260619_bonded,P3-Persist,m12_medium_flood_dup0_s20260619,bonded,20825,PRIVPROBE:0,cache_hit,0,False,0,cache
m12_medium_flood_dup0_s20260619_bonded,P3-Persist,m12_medium_flood_dup0_s20260619,bonded,20944,PRIVPROBE:0,cache_hit,0,False,0,cache
m12_medium_flood_dup0_s20260619_bonded,P3-Persist,m12_medium_flood_dup0_s20260619,bonded,21043,PRIVPROBE:0,cache_hit,0,False,0,cache
m12_medium_flood_dup0_s20260619_bonded,P3-Persist,m12_medium_flood_dup0_s20260619,bonded,21157,PRIVPROBE:0,cache_hit,0,False,0,cache
m12_medium_flood_dup0_s20260619_bonded,P3-Persist,m12_medium_flood_dup0_s20260619,bonded,21265,PRIVPROBE:0,cache_hit,0,False,0,cache
m12_medium_flood_dup0_s20260619_bonded,P3-Persist,m12_medium_flood_dup0_s20260619,bonded,21393,PRIVPROBE:0,cache_hit,0,False,0,cache
m12_medium_flood_dup0_s20260619_bonded,P3-Persist,m12_medium_flood_dup0_s20260619,bonded,21517,PRIVPROBE:0,cache_hit,0,False,0,cache
m12_medium_flood_dup0_s20260619_bonded,P3-Persist,m12_medium_flood_dup0_s20260619,bonded,21644,PRIVPROBE:0,cache_hit,0,False,0,cache
m12_medium_flood_dup0_s20260619_bonded,P3-Persist,m12_medium_flood_dup0_s20260619,bonded,21763,PRIVPROBE:1,host_scan,504,False,0,host_scan
m12_medium_flood_dup0_s20260619_bonded,P3-Persist,m12_medium_flood_dup0_s20260619,bonded,21881,PRIVPROBE:1,cache_hit,0,False,0,cache
m12_medium_flood_dup0_s20260619_bonded,P3-Persist,m12_medium_flood_dup0_s20260619,bonded,21986,PRIVPROBE:1,cache_hit,0,False,0,cache
m12_medium_flood_dup0_s20260619_bonded,P3-Persist,m12_medium_flood_dup0_s20260619,bonded,22095,PRIVPROBE:1,cache_hit,0,False,0,cache
m12_medium_flood_dup0_s20260619_bonded,P3-Persist,m12_medium_flood_dup0_s20260619,bonded,22219,PRIVPROBE:1,cache_hit,0,False,0,cache
m12_medium_flood_dup0_s20260619_bonded,P3-Persist,m12_medium_flood_dup0_s20260619,bonded,22348,PRIVPROBE:1,cache_hit,0,False,0,cache
m12_medium_flood_dup0_s20260619_bonded,P3-Persist,m12_medium_flood_dup0_s20260619,bonded,22459,PRIVPROBE:1,cache_hit,0,False,0,cache
m12_medium_flood_dup0_s20260619_bonded,P3-Persist,m12_medium_flood_dup0_s20260619,bonded,22603,PRIVPROBE:1,cache_hit,0,False,0,cache
m12_medium_flood_dup0_s20260619_bonded,P3-Persist,m12_medium_flood_dup0_s20260619,bonded,22759,PRIVPROBE:1,cache_hit,0,False,0,cache
m12_medium_flood_dup0_s20260619_bonded,P3-Persist,m12_medium_flood_dup0_s20260619,bonded,22869,PRIVPROBE:1,cache_hit,0,False,0,cache
m12_medium_flood_dup0_s20260619_bonded,P3-Persist,m12_medium_flood_dup0_s20260619,bonded,23012,PRIVPROBE:1,cache_hit,0,False,0,cache
m12_medium_flood_dup0_s20260619_bonded,P3-Persist,m12_medium_flood_dup0_s20260619,bonded,23124,PRIVPROBE:1,cache_hit,0,False,0,cache
m12_medium_flood_dup0_s20260619_bonded,P3-Persist,m12_medium_flood_dup0_s20260619,bonded,23258,PRIVPROBE:1,cache_hit,0,False,0,cache
m12_medium_flood_dup0_s20260619_bonded,P3-Persist,m12_medium_flood_dup0_s20260619,bonded,23396,PRIVPROBE:1,cache_hit,0,False,0,cache
m12_medium_flood_dup0_s20260619_bonded,P3-Persist,m12_medium_flood_dup0_s20260619,bonded,23533,PRIVPROBE:1,cache_hit,0,False,0,cache
m12_medium_flood_dup0_s20260619_bonded,P3-Persist,m12_medium_flood_dup0_s20260619,bonded,23648,PRIVPROBE:1,cache_hit,0,False,0,cache
m12_medium_flood_dup0_s20260619_bonded,P3-Persist,m12_medium_flood_dup0_s20260619,bonded,23786,PRIVPROBE:1,cache_hit,0,False,0,cache
m12_medium_flood_dup0_s20260619_bonded,P3-Persist,m12_medium_flood_dup0_s20260619,bonded,23898,PRIVPROBE:1,cache_hit,0,False,0,cache
m12_medium_flood_dup0_s20260619_bonded,P3-Persist,m12_medium_flood_dup0_s20260619,bonded,23984,PRIVPROBE:1,cache_hit,0,False,0,cache
m12_medium_flood_dup0_s20260619_bonded,P3-Persist,m12_medium_flood_dup0_s20260619,bonded,24133,PRIVPROBE:1,cache_hit,0,False,0,cache
m12_medium_flood_dup0_s20260619_bonded,P3-Persist,m12_medium_flood_dup0_s20260619,bonded,24258,PRIVPROBE:1,cache_hit,0,False,0,cache
m12_medium_flood_dup0_s20260619_bonded,P3-Persist,m12_medium_flood_dup0_s20260619,bonded,24379,PRIVPROBE:1,cache_hit,0,False,0,cache
m12_medium_flood_dup0_s20260619_bonded,P3-Persist,m12_medium_flood_dup0_s20260619,bonded,24523,PRIVPROBE:1,cache_hit,0,False,0,cache
m12_medium_flood_dup0_s20260619_bonded,P3-Persist,m12_medium_flood_dup0_s20260619,bonded,24629,PRIVPROBE:1,cache_hit,0,False,0,cache
m12_medium_flood_dup0_s20260619_bonded,P3-Persist,m12_medium_flood_dup0_s20260619,bonded,24748,PRIVPROBE:1,cache_hit,0,False,0,cache
m12_medium_flood_dup0_s20260619_bonded,P3-Persist,m12_medium_flood_dup0_s20260619,bonded,24861,PRIVPROBE:1,cache_hit,0,False,0,cache
m12_medium_flood_dup0_s20260619_bonded,P3-Persist,m12_medium_flood_dup0_s20260619,bonded,24981,PRIVPROBE:1,cache_hit,0,False,0,cache
m12_medium_flood_dup0_s20260619_bonded,P3-Persist,m12_medium_flood_dup0_s20260619,bonded,25103,PRIVPROBE:1,cache_hit,0,False,0,cache
m12_medium_flood_dup0_s20260619_bonded,P3-Persist,m12_medium_flood_dup0_s20260619,bonded,25224,PRIVPROBE:1,cache_hit,0,False,0,cache
m12_medium_flood_dup0_s20260619_bonded,P3-Persist,m12_medium_flood_dup0_s20260619,bonded,25351,PRIVPROBE:1,cache_hit,0,False,0,cache
m12_medium_flood_dup0_s20260619_bonded,P3-Persist,m12_medium_flood_dup0_s20260619,bonded,25478,PRIVPROBE:1,cache_hit,0,False,0,cache
m12_medium_flood_dup0_s20260619_bonded,P3-Persist,m12_medium_flood_dup0_s20260619,bonded,25597,PRIVPROBE:1,cache_hit,0,False,0,cache
m12_medium_flood_dup0_s20260619_bonded,P3-Persist,m12_medium_flood_dup0_s20260619,bonded,25722,PRIVPROBE:1,cache_hit,0,False,0,cache
m12_medium_flood_dup0_s20260619_bonded,P3-Persist,m12_medium_flood_dup0_s20260619,bonded,25835,PRIVPROBE:1,cache_hit,0,False,0,cache
m12_medium_flood_dup0_s20260619_bonded,P3-Persist,m12_medium_flood_dup0_s20260619,bonded,25962,PRIVPROBE:1,cache_hit,0,False,0,cache
m12_medium_flood_dup0_s20260619_bonded,P3-Persist,m12_medium_flood_dup0_s20260619,bonded,26086,PRIVPROBE:1,cache_hit,0,False,0,cache
m12_medium_flood_dup0_s20260619_bonded,P3-Persist,m12_medium_flood_dup0_s20260619,bonded,26231,PRIVPROBE:1,cache_hit,0,False,0,cache
m12_medium_flood_dup0_s20260619_bonded,P3-Persist,m12_medium_flood_dup0_s20260619,bonded,26359,PRIVPROBE:1,cache_hit,0,False,0,cache
m12_medium_flood_dup0_s20260619_bonded,P3-Persist,m12_medium_flood_dup0_s20260619,bonded,26482,PRIVPROBE:1,cache_hit,0,False,0,cache
m12_medium_flood_dup0_s20260619_bonded,P3-Persist,m12_medium_flood_dup0_s20260619,bonded,26597,PRIVPROBE:1,cache_hit,0,False,0,cache
m12_medium_flood_dup0_s20260619_bonded,P3-Persist,m12_medium_flood_dup0_s20260619,bonded,26712,PRIVPROBE:1,cache_hit,0,False,0,cache
m12_medium_flood_dup0_s20260619_bonded,P3-Persist,m12_medium_flood_dup0_s20260619,bonded,26843,PRIVPROBE:1,cache_hit,0,False,0,cache
m12_medium_flood_dup0_s20260619_bonded,P3-Persist,m12_medium_flood_dup0_s20260619,bonded,26955,PRIVPROBE:1,cache_hit,0,False,0,cache
m12_medium_flood_dup0_s20260619_bonded,P3-Persist,m12_medium_flood_dup0_s20260619,bonded,27074,PRIVPROBE:1,cache_hit,0,False,0,cache
m12_medium_flood_dup0_s20260619_bonded,P3-Persist,m12_medium_flood_dup0_s20260619,bonded,27189,PRIVPROBE:1,cache_hit,0,False,0,cache
m12_medium_flood_dup0_s20260619_bonded,P3-Persist,m12_medium_flood_dup0_s20260619,bonded,27335,PRIVPROBE:1,cache_hit,0,False,0,cache
m12_medium_flood_dup0_s20260619_bonded,P3-Persist,m12_medium_flood_dup0_s20260619,bonded,27448,PRIVPROBE:1,cache_hit,0,False,0,cache
m12_medium_flood_dup0_s20260619_bonded,P3-Persist,m12_medium_flood_dup0_s20260619,bonded,27573,PRIVPROBE:1,cache_hit,0,False,0,cache
m12_medium_flood_dup0_s20260619_bonded,P3-Persist,m12_medium_flood_dup0_s20260619,bonded,27696,PRIVPROBE:1,cache_hit,0,False,0,cache
m12_medium_flood_dup0_s20260619_bonded,P3-Persist,m12_medium_flood_dup0_s20260619,bonded,27833,PRIVPROBE:1,cache_hit,0,False,0,cache
m12_medium_flood_dup0_s20260619_bonded,P3-Persist,m12_medium_flood_dup0_s20260619,bonded,27941,PRIVPROBE:1,cache_hit,0,False,0,cache
m12_medium_flood_dup0_s20260619_bonded,P3-Persist,m12_medium_flood_dup0_s20260619,bonded,28075,PRIVPROBE:1,cache_hit,0,False,0,cache
m12_medium_flood_dup0_s20260619_bonded,P3-Persist,m12_medium_flood_dup0_s20260619,bonded,28208,PRIVPROBE:1,cache_hit,0,False,0,cache
m12_medium_flood_dup0_s20260619_bonded,P3-Persist,m12_medium_flood_dup0_s20260619,bonded,28324,PRIVPROBE:1,cache_hit,0,False,0,cache
m12_medium_flood_dup0_s20260619_bonded,P3-Persist,m12_medium_flood_dup0_s20260619,bonded,28435,PRIVPROBE:1,cache_hit,0,False,0,cache
m12_medium_flood_dup0_s20260619_bonded,P3-Persist,m12_medium_flood_dup0_s20260619,bonded,28563,PRIVPROBE:1,cache_hit,0,False,0,cache
m12_medium_flood_dup0_s20260619_bonded,P3-Persist,m12_medium_flood_dup0_s20260619,bonded,28693,PRIVPROBE:1,cache_hit,0,False,0,cache
m12_medium_flood_dup0_s20260619_bonded,P3-Persist,m12_medium_flood_dup0_s20260619,bonded,28820,PRIVPROBE:1,cache_hit,0,False,0,cache
m12_medium_flood_dup0_s20260619_bonded,P3-Persist,m12_medium_flood_dup0_s20260619,bonded,28936,PRIVPROBE:1,cache_hit,0,False,0,cache
m12_medium_flood_dup0_s20260619_bonded,P3-Persist,m12_medium_flood_dup0_s20260619,bonded,29081,PRIVPROBE:1,cache_hit,0,False,0,cache
m12_medium_flood_dup0_s20260619_bonded,P3-Persist,m12_medium_flood_dup0_s20260619,bonded,29214,PRIVPROBE:1,cache_hit,0,False,0,cache
m12_medium_flood_dup0_s20260619_bonded,P3-Persist,m12_medium_flood_dup0_s20260619,bonded,29344,PRIVPROBE:1,cache_hit,0,False,0,cache
m12_medium_flood_dup0_s20260619_bonded,P3-Persist,m12_medium_flood_dup0_s20260619,bonded,29470,PRIVPROBE:1,cache_hit,0,False,0,cache
m12_medium_flood_dup0_s20260619_bonded,P3-Persist,m12_medium_flood_dup0_s20260619,bonded,29575,PRIVPROBE:1,cache_hit,0,False,0,cache
m12_medium_flood_dup0_s20260619_bonded,P3-Persist,m12_medium_flood_dup0_s20260619,bonded,29706,PRIVPROBE:1,cache_hit,0,False,0,cache
m12_medium_flood_dup0_s20260619_bonded,P3-Persist,m12_medium_flood_dup0_s20260619,bonded,29844,PRIVPROBE:1,cache_hit,0,False,0,cache
m12_medium_flood_dup0_s20260619_bonded,P3-Persist,m12_medium_flood_dup0_s20260619,bonded,29960,PRIVPROBE:1,cache_hit,0,False,0,cache
m12_medium_flood_dup0_s20260619_bonded,P3-Persist,m12_medium_flood_dup0_s20260619,bonded,30076,PRIVPROBE:1,cache_hit,0,False,0,cache
m12_medium_flood_dup0_s20260619_bonded,P3-Persist,m12_medium_flood_dup0_s20260619,bonded,30202,PRIVPROBE:1,cache_hit,0,False,0,cache
m12_medium_flood_dup0_s20260619_bonded,P3-Persist,m12_medium_flood_dup0_s20260619,bonded,30321,PRIVPROBE:1,cache_hit,0,False,0,cache
m12_medium_flood_dup0_s20260619_bonded,P3-Persist,m12_medium_flood_dup0_s20260619,bonded,30450,PRIVPROBE:1,cache_hit,0,False,0,cache
m12_medium_flood_dup0_s20260619_bonded,P3-Persist,m12_medium_flood_dup0_s20260619,bonded,30579,PRIVPROBE:1,cache_hit,0,False,0,cache
m12_medium_flood_dup0_s20260619_bonded,P3-Persist,m12_medium_flood_dup0_s20260619,bonded,30687,PRIVPROBE:1,cache_hit,0,False,0,cache
m12_medium_flood_dup0_s20260619_bonded,P3-Persist,m12_medium_flood_dup0_s20260619,bonded,30786,PRIVPROBE:1,cache_hit,0,False,0,cache
m12_medium_flood_dup0_s20260619_bonded,P3-Persist,m12_medium_flood_dup0_s20260619,bonded,30905,PRIVPROBE:1,cache_hit,0,False,0,cache
m12_medium_flood_dup0_s20260619_bonded,P3-Persist,m12_medium_flood_dup0_s20260619,bonded,31024,PRIVPROBE:1,cache_hit,0,False,0,cache
m12_medium_flood_dup0_s20260619_bonded,P3-Persist,m12_medium_flood_dup0_s20260619,bonded,31153,PRIVPROBE:1,cache_hit,0,False,0,cache
m12_medium_flood_dup0_s20260619_bonded,P3-Persist,m12_medium_flood_dup0_s20260619,bonded,31296,PRIVPROBE:1,cache_hit,0,False,0,cache
m12_medium_flood_dup0_s20260619_bonded,P3-Persist,m12_medium_flood_dup0_s20260619,bonded,31401,PRIVPROBE:1,cache_hit,0,False,0,cache
m12_medium_flood_dup0_s20260619_bonded,P3-Persist,m12_medium_flood_dup0_s20260619,bonded,31534,PRIVPROBE:1,cache_hit,0,False,0,cache
m12_medium_flood_dup0_s20260619_bonded,P3-Persist,m12_medium_flood_dup0_s20260619,bonded,31657,PRIVPROBE:1,cache_hit,0,False,0,cache
m12_medium_flood_dup0_s20260619_bonded,P3-Persist,m12_medium_flood_dup0_s20260619,bonded,31795,PRIVPROBE:1,cache_hit,0,False,0,cache
m12_medium_flood_dup0_s20260619_bonded,P3-Persist,m12_medium_flood_dup0_s20260619,bonded,31935,PRIVPROBE:1,cache_hit,0,False,0,cache
m12_medium_flood_dup0_s20260619_bonded,P3-Persist,m12_medium_flood_dup0_s20260619,bonded,32046,PRIVPROBE:1,cache_hit,0,False,0,cache
m12_medium_flood_dup0_s20260619_bonded,P3-Persist,m12_medium_flood_dup0_s20260619,bonded,32186,PRIVPROBE:1,cache_hit,0,False,0,cache
m12_medium_flood_dup0_s20260619_bonded,P3-Persist,m12_medium_flood_dup0_s20260619,bonded,32324,PRIVPROBE:1,cache_hit,0,False,0,cache
m12_medium_flood_dup0_s20260619_bonded,P3-Persist,m12_medium_flood_dup0_s20260619,bonded,32445,PRIVPROBE:1,cache_hit,0,False,0,cache
m12_medium_flood_dup0_s20260619_bonded,P3-Persist,m12_medium_flood_dup0_s20260619,bonded,32563,PRIVPROBE:1,cache_hit,0,False,0,cache
m12_medium_flood_dup0_s20260619_bonded,P3-Persist,m12_medium_flood_dup0_s20260619,bonded,32680,PRIVPROBE:1,cache_hit,0,False,0,cache
m12_medium_flood_dup0_s20260619_bonded,P3-Persist,m12_medium_flood_dup0_s20260619,bonded,32789,PRIVPROBE:1,cache_hit,0,False,0,cache
m12_medium_flood_dup0_s20260619_bonded,P3-Persist,m12_medium_flood_dup0_s20260619,bonded,32903,PRIVPROBE:1,cache_hit,0,False,0,cache
m12_medium_flood_dup0_s20260619_bonded,P3-Persist,m12_medium_flood_dup0_s20260619,bonded,33036,PRIVPROBE:1,cache_hit,0,False,0,cache
m12_medium_flood_dup0_s20260619_bonded,P3-Persist,m12_medium_flood_dup0_s20260619,bonded,33166,PRIVPROBE:1,cache_hit,0,False,0,cache
m12_medium_flood_dup0_s20260619_bonded,P3-Persist,m12_medium_flood_dup0_s20260619,bonded,33288,PRIVPROBE:1,cache_hit,0,False,0,cache
m12_medium_flood_dup0_s20260619_bonded,P3-Persist,m12_medium_flood_dup0_s20260619,bonded,33387,PRIVPROBE:1,cache_hit,0,False,0,cache
m12_medium_flood_dup0_s20260619_bonded,P3-Persist,m12_medium_flood_dup0_s20260619,bonded,33488,PRIVPROBE:1,cache_hit,0,False,0,cache
m12_medium_flood_dup0_s20260619_bonded,P3-Persist,m12_medium_flood_dup0_s20260619,bonded,33601,PRIVPROBE:1,cache_hit,0,False,0,cache
m12_medium_flood_dup0_s20260619_bonded,P3-Persist,m12_medium_flood_dup0_s20260619,bonded,33708,PRIVPROBE:1,cache_hit,0,False,0,cache
m12_medium_flood_dup0_s20260619_bonded,P3-Persist,m12_medium_flood_dup0_s20260619,bonded,33835,PRIVPROBE:1,cache_hit,0,False,0,cache
m12_medium_flood_dup0_s20260619_bonded,P3-Persist,m12_medium_flood_dup0_s20260619,bonded,33947,PRIVPROBE:1,cache_hit,0,False,0,cache
m12_medium_flood_dup0_s20260619_bonded,P3-Persist,m12_medium_flood_dup0_s20260619,bonded,34095,PRIVPROBE:1,cache_hit,0,False,0,cache
m12_medium_flood_dup0_s20260619_bonded,P3-Persist,m12_medium_flood_dup0_s20260619,bonded,34222,PRIVPROBE:1,cache_hit,0,False,0,cache
m12_medium_flood_dup0_s20260619_bonded,P3-Persist,m12_medium_flood_dup0_s20260619,bonded,34335,PRIVPROBE:1,cache_hit,0,False,0,cache
m12_medium_flood_dup0_s20260619_bonded,P3-Persist,m12_medium_flood_dup0_s20260619,bonded,34455,PRIVPROBE:1,cache_hit,0,False,0,cache
m12_medium_flood_dup0_s20260619_bonded,P3-Persist,m12_medium_flood_dup0_s20260619,bonded,34576,PRIVPROBE:1,cache_hit,0,False,0,cache
m12_medium_flood_dup0_s20260619_bonded,P3-Persist,m12_medium_flood_dup0_s20260619,bonded,34681,PRIVPROBE:1,cache_hit,0,False,0,cache
m12_medium_flood_dup0_s20260619_bonded,P3-Persist,m12_medium_flood_dup0_s20260619,bonded,34793,PRIVPROBE:1,cache_hit,0,False,0,cache
m12_medium_flood_dup0_s20260619_bonded,P3-Persist,m12_medium_flood_dup0_s20260619,bonded,34908,PRIVPROBE:1,cache_hit,0,False,0,cache
m12_medium_flood_dup0_s20260619_bonded,P3-Persist,m12_medium_flood_dup0_s20260619,bonded,35018,PRIVPROBE:1,cache_hit,0,False,0,cache
m12_medium_flood_dup0_s20260619_bonded,P3-Persist,m12_medium_flood_dup0_s20260619,bonded,35127,PRIVPROBE:1,cache_hit,0,False,0,cache
m12_medium_flood_dup0_s20260619_bonded,P3-Persist,m12_medium_flood_dup0_s20260619,bonded,35261,PRIVPROBE:1,cache_hit,0,False,0,cache
m12_medium_flood_dup0_s20260619_bonded,P3-Persist,m12_medium_flood_dup0_s20260619,bonded,35369,PRIVPROBE:1,cache_hit,0,False,0,cache
m12_medium_flood_dup0_s20260619_bonded,P3-Persist,m12_medium_flood_dup0_s20260619,bonded,35485,PRIVPROBE:1,cache_hit,0,False,0,cache
m12_medium_flood_dup0_s20260619_bonded,P3-Persist,m12_medium_flood_dup0_s20260619,bonded,35582,PRIVPROBE:1,cache_hit,0,False,0,cache
m12_medium_flood_dup0_s20260619_bonded,P3-Persist,m12_medium_flood_dup0_s20260619,bonded,35708,PRIVPROBE:1,cache_hit,0,False,0,cache
m12_medium_flood_dup0_s20260619_bonded,P3-Persist,m12_medium_flood_dup0_s20260619,bonded,35846,PRIVPROBE:1,cache_hit,0,False,0,cache
m12_medium_flood_dup0_s20260619_bonded,P3-Persist,m12_medium_flood_dup0_s20260619,bonded,35953,PRIVPROBE:1,cache_hit,0,False,0,cache
m12_medium_flood_dup0_s20260619_bonded,P3-Persist,m12_medium_flood_dup0_s20260619,bonded,36085,PRIVPROBE:1,cache_hit,0,False,0,cache
m12_medium_flood_dup0_s20260619_bonded,P3-Persist,m12_medium_flood_dup0_s20260619,bonded,36207,PRIVPROBE:1,cache_hit,0,False,0,cache
m12_medium_flood_dup0_s20260619_bonded,P3-Persist,m12_medium_flood_dup0_s20260619,bonded,36310,PRIVPROBE:1,cache_hit,0,False,0,cache
m12_medium_flood_dup0_s20260619_bonded,P3-Persist,m12_medium_flood_dup0_s20260619,bonded,36439,PRIVPROBE:1,cache_hit,0,False,0,cache
m12_medium_flood_dup0_s20260619_bonded,P3-Persist,m12_medium_flood_dup0_s20260619,bonded,36542,PRIVPROBE:1,cache_hit,0,False,0,cache
m12_medium_flood_dup0_s20260619_bonded,P3-Persist,m12_medium_flood_dup0_s20260619,bonded,36648,PRIVPROBE:1,cache_hit,0,False,0,cache
m12_medium_flood_dup0_s20260619_bonded,P3-Persist,m12_medium_flood_dup0_s20260619,bonded,36780,PRIVPROBE:1,cache_hit,0,False,0,cache
m12_medium_flood_dup0_s20260619_bonded,P3-Persist,m12_medium_flood_dup0_s20260619,bonded,36906,PRIVPROBE:1,cache_hit,0,False,0,cache
m12_medium_flood_dup0_s20260619_bonded,P3-Persist,m12_medium_flood_dup0_s20260619,bonded,37019,PRIVPROBE:1,cache_hit,0,False,0,cache
m12_medium_flood_dup0_s20260619_bonded,P3-Persist,m12_medium_flood_dup0_s20260619,bonded,37150,PRIVPROBE:1,cache_hit,0,False,0,cache
m12_medium_flood_dup0_s20260619_bonded,P3-Persist,m12_medium_flood_dup0_s20260619,bonded,37278,PRIVPROBE:1,cache_hit,0,False,0,cache
m12_medium_flood_dup0_s20260619_bonded,P3-Persist,m12_medium_flood_dup0_s20260619,bonded,37381,PRIVPROBE:1,cache_hit,0,False,0,cache
m12_medium_flood_dup0_s20260619_bonded,P3-Persist,m12_medium_flood_dup0_s20260619,bonded,37501,PRIVPROBE:1,cache_hit,0,False,0,cache
m12_medium_flood_dup0_s20260619_bonded,P3-Persist,m12_medium_flood_dup0_s20260619,bonded,37636,PRIVPROBE:1,cache_hit,0,False,0,cache
m12_medium_flood_dup0_s20260619_bonded,P3-Persist,m12_medium_flood_dup0_s20260619,bonded,37745,PRIVPROBE:1,cache_hit,0,False,0,cache
m12_medium_flood_dup0_s20260619_bonded,P3-Persist,m12_medium_flood_dup0_s20260619,bonded,37857,PRIVPROBE:1,cache_hit,0,False,0,cache
m12_medium_flood_dup0_s20260619_bonded,P3-Persist,m12_medium_flood_dup0_s20260619,bonded,37971,PRIVPROBE:1,cache_hit,0,False,0,cache
m12_medium_flood_dup0_s20260619_bonded,P3-Persist,m12_medium_flood_dup0_s20260619,bonded,38081,PRIVPROBE:1,cache_hit,0,False,0,cache
m12_medium_flood_dup0_s20260619_bonded,P3-Persist,m12_medium_flood_dup0_s20260619,bonded,38199,PRIVPROBE:1,cache_hit,0,False,0,cache
m12_medium_flood_dup0_s20260619_bonded,P3-Persist,m12_medium_flood_dup0_s20260619,bonded,38335,PRIVPROBE:1,cache_hit,0,False,0,cache
m12_medium_flood_dup0_s20260619_bonded,P3-Persist,m12_medium_flood_dup0_s20260619,bonded,38447,PRIVPROBE:1,cache_hit,0,False,0,cache
m12_medium_flood_dup0_s20260619_bonded,P3-Persist,m12_medium_flood_dup0_s20260619,bonded,38563,PRIVPROBE:1,cache_hit,0,False,0,cache
m12_medium_flood_dup0_s20260619_bonded,P3-Persist,m12_medium_flood_dup0_s20260619,bonded,38679,PRIVPROBE:1,cache_hit,0,False,0,cache
m12_medium_flood_dup0_s20260619_bonded,P3-Persist,m12_medium_flood_dup0_s20260619,bonded,38798,PRIVPROBE:1,cache_hit,0,False,0,cache
m12_medium_flood_dup0_s20260619_bonded,P3-Persist,m12_medium_flood_dup0_s20260619,bonded,38924,PRIVPROBE:1,cache_hit,0,False,0,cache
m12_medium_flood_dup0_s20260619_bonded,P3-Persist,m12_medium_flood_dup0_s20260619,bonded,39050,PRIVPROBE:1,cache_hit,0,False,0,cache
m12_medium_flood_dup0_s20260619_bonded,P3-Persist,m12_medium_flood_dup0_s20260619,bonded,39180,PRIVPROBE:1,cache_hit,0,False,0,cache
m12_medium_flood_dup0_s20260619_bonded,P3-Persist,m12_medium_flood_dup0_s20260619,bonded,39299,PRIVPROBE:1,cache_hit,0,False,0,cache
m12_medium_flood_dup0_s20260619_bonded,P3-Persist,m12_medium_flood_dup0_s20260619,bonded,39394,PRIVPROBE:1,cache_hit,0,False,0,cache
m12_medium_flood_dup0_s20260619_bonded,P3-Persist,m12_medium_flood_dup0_s20260619,bonded,39517,PRIVPROBE:1,cache_hit,0,False,0,cache
m12_medium_flood_dup0_s20260619_bonded,P3-Persist,m12_medium_flood_dup0_s20260619,bonded,39621,PRIVPROBE:1,cache_hit,0,False,0,cache
m12_medium_flood_dup0_s20260619_bonded,P3-Persist,m12_medium_flood_dup0_s20260619,bonded,39733,PRIVPROBE:1,cache_hit,0,False,0,cache
m12_medium_flood_dup0_s20260619_bonded,P3-Persist,m12_medium_flood_dup0_s20260619,bonded,39873,PRIVPROBE:1,cache_hit,0,False,0,cache
m12_medium_flood_dup0_s20260619_bonded,P3-Persist,m12_medium_flood_dup0_s20260619,bonded,39983,PRIVPROBE:1,cache_hit,0,False,0,cache
m12_medium_flood_dup0_s20260619_bonded,P3-Persist,m12_medium_flood_dup0_s20260619,bonded,40110,PRIVPROBE:1,cache_hit,0,False,0,cache
m12_medium_flood_dup0_s20260619_bonded,P3-Persist,m12_medium_flood_dup0_s20260619,bonded,40225,PRIVPROBE:1,cache_hit,0,False,0,cache
m12_medium_flood_dup0_s20260619_bonded,P3-Persist,m12_medium_flood_dup0_s20260619,bonded,40340,PRIVPROBE:1,cache_hit,0,False,0,cache
m12_medium_flood_dup0_s20260619_bonded,P3-Persist,m12_medium_flood_dup0_s20260619,bonded,40492,PRIVPROBE:1,cache_hit,0,False,0,cache
m12_medium_flood_dup0_s20260619_bonded,P3-Persist,m12_medium_flood_dup0_s20260619,bonded,40639,PRIVPROBE:1,cache_hit,0,False,0,cache
m12_medium_flood_dup0_s20260619_bonded,P3-Persist,m12_medium_flood_dup0_s20260619,bonded,40756,PRIVPROBE:1,cache_hit,0,False,0,cache
m12_medium_flood_dup0_s20260619_bonded,P3-Persist,m12_medium_flood_dup0_s20260619,bonded,40862,PRIVPROBE:1,cache_hit,0,False,0,cache
m12_medium_flood_dup0_s20260619_bonded,P3-Persist,m12_medium_flood_dup0_s20260619,bonded,40968,PRIVPROBE:1,cache_hit,0,False,0,cache
m12_medium_flood_dup0_s20260619_bonded,P3-Persist,m12_medium_flood_dup0_s20260619,bonded,41100,PRIVPROBE:1,cache_hit,0,False,0,cache
m12_medium_flood_dup0_s20260619_bonded,P3-Persist,m12_medium_flood_dup0_s20260619,bonded,41203,PRIVPROBE:1,cache_hit,0,False,0,cache
m12_medium_flood_dup0_s20260619_bonded,P3-Persist,m12_medium_flood_dup0_s20260619,bonded,41326,PRIVPROBE:1,cache_hit,0,False,0,cache
m12_medium_flood_dup0_s20260619_bonded,P3-Persist,m12_medium_flood_dup0_s20260619,bonded,41420,PRIVPROBE:1,cache_hit,0,False,0,cache
m12_medium_flood_dup0_s20260619_bonded,P3-Persist,m12_medium_flood_dup0_s20260619,bonded,41547,PRIVPROBE:1,cache_hit,0,False,0,cache
m12_medium_flood_dup0_s20260619_bonded,P3-Persist,m12_medium_flood_dup0_s20260619,bonded,41654,PRIVPROBE:1,cache_hit,0,False,0,cache
m12_medium_flood_dup0_s20260619_bonded,P3-Persist,m12_medium_flood_dup0_s20260619,bonded,41787,PRIVPROBE:1,cache_hit,0,False,0,cache
m12_medium_flood_dup0_s20260619_bonded,P3-Persist,m12_medium_flood_dup0_s20260619,bonded,41921,PRIVPROBE:1,cache_hit,0,False,0,cache
m12_medium_flood_dup0_s20260619_bonded,P3-Persist,m12_medium_flood_dup0_s20260619,bonded,42045,PRIVPROBE:1,cache_hit,0,False,0,cache
m12_medium_flood_dup0_s20260619_bonded,P3-Persist,m12_medium_flood_dup0_s20260619,bonded,42167,PRIVPROBE:1,cache_hit,0,False,0,cache
m12_medium_flood_dup0_s20260619_bonded,P3-Persist,m12_medium_flood_dup0_s20260619,bonded,42309,PRIVPROBE:1,cache_hit,0,False,0,cache
m12_medium_flood_dup0_s20260619_bonded,P3-Persist,m12_medium_flood_dup0_s20260619,bonded,42435,PRIVPROBE:1,cache_hit,0,False,0,cache
m12_medium_flood_dup0_s20260619_bonded,P3-Persist,m12_medium_flood_dup0_s20260619,bonded,42556,PRIVPROBE:1,cache_hit,0,False,0,cache
m12_medium_flood_dup0_s20260619_bonded,P3-Persist,m12_medium_flood_dup0_s20260619,bonded,42671,PRIVPROBE:1,cache_hit,0,False,0,cache
m12_medium_flood_dup0_s20260619_bonded,P3-Persist,m12_medium_flood_dup0_s20260619,bonded,42778,PRIVPROBE:1,cache_hit,0,False,0,cache
m12_medium_flood_dup0_s20260619_bonded,P3-Persist,m12_medium_flood_dup0_s20260619,bonded,42881,PRIVPROBE:1,cache_hit,0,False,0,cache
m12_medium_flood_dup0_s20260619_bonded,P3-Persist,m12_medium_flood_dup0_s20260619,bonded,43007,PRIVPROBE:1,cache_hit,0,False,0,cache
m12_medium_flood_dup0_s20260619_bonded,P3-Persist,m12_medium_flood_dup0_s20260619,bonded,43112,PRIVPROBE:1,cache_hit,0,False,0,cache
m12_medium_flood_dup0_s20260619_bonded,P3-Persist,m12_medium_flood_dup0_s20260619,bonded,43220,PRIVPROBE:1,cache_hit,0,False,0,cache
m12_medium_flood_dup0_s20260619_bonded,P3-Persist,m12_medium_flood_dup0_s20260619,bonded,43345,PRIVPROBE:1,cache_hit,0,False,0,cache
m12_medium_flood_dup0_s20260619_bonded,P3-Persist,m12_medium_flood_dup0_s20260619,bonded,43480,PRIVPROBE:1,cache_hit,0,False,0,cache
m12_medium_flood_dup0_s20260619_bonded,P3-NoPersist,m12_medium_flood_dup0_s20260619,bonded,7366,PRIVPROBE:0,cache_hit,0,False,0,cache
m12_medium_flood_dup0_s20260619_bonded,P3-NoPersist,m12_medium_flood_dup0_s20260619,bonded,7523,PRIVPROBE:0,cache_hit,0,False,0,cache
m12_medium_flood_dup0_s20260619_bonded,P3-NoPersist,m12_medium_flood_dup0_s20260619,bonded,7619,PRIVPROBE:0,cache_hit,0,False,0,cache
m12_medium_flood_dup0_s20260619_bonded,P3-NoPersist,m12_medium_flood_dup0_s20260619,bonded,7740,PRIVPROBE:0,cache_hit,0,False,0,cache
m12_medium_flood_dup0_s20260619_bonded,P3-NoPersist,m12_medium_flood_dup0_s20260619,bonded,7854,PRIVPROBE:0,cache_hit,0,False,0,cache
m12_medium_flood_dup0_s20260619_bonded,P3-NoPersist,m12_medium_flood_dup0_s20260619,bonded,7968,PRIVPROBE:0,cache_hit,0,False,0,cache
m12_medium_flood_dup0_s20260619_bonded,P3-NoPersist,m12_medium_flood_dup0_s20260619,bonded,8100,PRIVPROBE:0,cache_hit,0,False,0,cache
m12_medium_flood_dup0_s20260619_bonded,P3-NoPersist,m12_medium_flood_dup0_s20260619,bonded,8228,PRIVPROBE:0,cache_hit,0,False,0,cache
m12_medium_flood_dup0_s20260619_bonded,P3-NoPersist,m12_medium_flood_dup0_s20260619,bonded,8367,PRIVPROBE:0,cache_hit,0,False,0,cache
m12_medium_flood_dup0_s20260619_bonded,P3-NoPersist,m12_medium_flood_dup0_s20260619,bonded,8489,PRIVPROBE:0,cache_hit,0,False,0,cache
m12_medium_flood_dup0_s20260619_bonded,P3-NoPersist,m12_medium_flood_dup0_s20260619,bonded,8598,PRIVPROBE:0,cache_hit,0,False,0,cache
m12_medium_flood_dup0_s20260619_bonded,P3-NoPersist,m12_medium_flood_dup0_s20260619,bonded,8751,PRIVPROBE:0,cache_hit,0,False,0,cache
m12_medium_flood_dup0_s20260619_bonded,P3-NoPersist,m12_medium_flood_dup0_s20260619,bonded,8861,PRIVPROBE:0,cache_hit,0,False,0,cache
m12_medium_flood_dup0_s20260619_bonded,P3-NoPersist,m12_medium_flood_dup0_s20260619,bonded,8983,PRIVPROBE:0,cache_hit,0,False,0,cache
m12_medium_flood_dup0_s20260619_bonded,P3-NoPersist,m12_medium_flood_dup0_s20260619,bonded,9071,PRIVPROBE:0,cache_hit,0,False,0,cache
m12_medium_flood_dup0_s20260619_bonded,P3-NoPersist,m12_medium_flood_dup0_s20260619,bonded,9183,PRIVPROBE:0,cache_hit,0,False,0,cache
m12_medium_flood_dup0_s20260619_bonded,P3-NoPersist,m12_medium_flood_dup0_s20260619,bonded,9291,PRIVPROBE:0,cache_hit,0,False,0,cache
m12_medium_flood_dup0_s20260619_bonded,P3-NoPersist,m12_medium_flood_dup0_s20260619,bonded,9409,PRIVPROBE:0,cache_hit,0,False,0,cache
m12_medium_flood_dup0_s20260619_bonded,P3-NoPersist,m12_medium_flood_dup0_s20260619,bonded,9527,PRIVPROBE:0,cache_hit,0,False,0,cache
m12_medium_flood_dup0_s20260619_bonded,P3-NoPersist,m12_medium_flood_dup0_s20260619,bonded,9645,PRIVPROBE:0,cache_hit,0,False,0,cache
m12_medium_flood_dup0_s20260619_bonded,P3-NoPersist,m12_medium_flood_dup0_s20260619,bonded,9753,PRIVPROBE:0,cache_hit,0,False,0,cache
m12_medium_flood_dup0_s20260619_bonded,P3-NoPersist,m12_medium_flood_dup0_s20260619,bonded,9868,PRIVPROBE:0,cache_hit,0,False,0,cache
m12_medium_flood_dup0_s20260619_bonded,P3-NoPersist,m12_medium_flood_dup0_s20260619,bonded,9964,PRIVPROBE:0,cache_hit,0,False,0,cache
m12_medium_flood_dup0_s20260619_bonded,P3-NoPersist,m12_medium_flood_dup0_s20260619,bonded,10077,PRIVPROBE:0,cache_hit,0,False,0,cache
m12_medium_flood_dup0_s20260619_bonded,P3-NoPersist,m12_medium_flood_dup0_s20260619,bonded,10218,PRIVPROBE:0,cache_hit,0,False,0,cache
m12_medium_flood_dup0_s20260619_bonded,P3-NoPersist,m12_medium_flood_dup0_s20260619,bonded,10343,PRIVPROBE:0,cache_hit,0,False,0,cache
m12_medium_flood_dup0_s20260619_bonded,P3-NoPersist,m12_medium_flood_dup0_s20260619,bonded,10453,PRIVPROBE:0,cache_hit,0,False,0,cache
m12_medium_flood_dup0_s20260619_bonded,P3-NoPersist,m12_medium_flood_dup0_s20260619,bonded,10572,PRIVPROBE:0,cache_hit,0,False,0,cache
m12_medium_flood_dup0_s20260619_bonded,P3-NoPersist,m12_medium_flood_dup0_s20260619,bonded,10686,PRIVPROBE:0,cache_hit,0,False,0,cache
m12_medium_flood_dup0_s20260619_bonded,P3-NoPersist,m12_medium_flood_dup0_s20260619,bonded,10804,PRIVPROBE:0,cache_hit,0,False,0,cache
m12_medium_flood_dup0_s20260619_bonded,P3-NoPersist,m12_medium_flood_dup0_s20260619,bonded,10943,PRIVPROBE:0,cache_hit,0,False,0,cache
m12_medium_flood_dup0_s20260619_bonded,P3-NoPersist,m12_medium_flood_dup0_s20260619,bonded,11039,PRIVPROBE:0,cache_hit,0,False,0,cache
m12_medium_flood_dup0_s20260619_bonded,P3-NoPersist,m12_medium_flood_dup0_s20260619,bonded,11166,PRIVPROBE:0,cache_hit,0,False,0,cache
m12_medium_flood_dup0_s20260619_bonded,P3-NoPersist,m12_medium_flood_dup0_s20260619,bonded,11291,PRIVPROBE:0,cache_hit,0,False,0,cache
m12_medium_flood_dup0_s20260619_bonded,P3-NoPersist,m12_medium_flood_dup0_s20260619,bonded,11412,PRIVPROBE:0,cache_hit,0,False,0,cache
m12_medium_flood_dup0_s20260619_bonded,P3-NoPersist,m12_medium_flood_dup0_s20260619,bonded,11541,PRIVPROBE:0,cache_hit,0,False,0,cache
m12_medium_flood_dup0_s20260619_bonded,P3-NoPersist,m12_medium_flood_dup0_s20260619,bonded,11669,PRIVPROBE:0,cache_hit,0,False,0,cache
m12_medium_flood_dup0_s20260619_bonded,P3-NoPersist,m12_medium_flood_dup0_s20260619,bonded,11781,PRIVPROBE:0,cache_hit,0,False,0,cache
m12_medium_flood_dup0_s20260619_bonded,P3-NoPersist,m12_medium_flood_dup0_s20260619,bonded,11917,PRIVPROBE:0,cache_hit,0,False,0,cache
m12_medium_flood_dup0_s20260619_bonded,P3-NoPersist,m12_medium_flood_dup0_s20260619,bonded,12013,PRIVPROBE:0,cache_hit,0,False,0,cache
m12_medium_flood_dup0_s20260619_bonded,P3-NoPersist,m12_medium_flood_dup0_s20260619,bonded,12134,PRIVPROBE:0,cache_hit,0,False,0,cache
m12_medium_flood_dup0_s20260619_bonded,P3-NoPersist,m12_medium_flood_dup0_s20260619,bonded,12243,PRIVPROBE:0,cache_hit,0,False,0,cache
m12_medium_flood_dup0_s20260619_bonded,P3-NoPersist,m12_medium_flood_dup0_s20260619,bonded,12379,PRIVPROBE:0,cache_hit,0,False,0,cache
m12_medium_flood_dup0_s20260619_bonded,P3-NoPersist,m12_medium_flood_dup0_s20260619,bonded,12505,PRIVPROBE:0,cache_hit,0,False,0,cache
m12_medium_flood_dup0_s20260619_bonded,P3-NoPersist,m12_medium_flood_dup0_s20260619,bonded,12641,PRIVPROBE:0,cache_hit,0,False,0,cache
m12_medium_flood_dup0_s20260619_bonded,P3-NoPersist,m12_medium_flood_dup0_s20260619,bonded,12741,PRIVPROBE:0,cache_hit,0,False,0,cache
m12_medium_flood_dup0_s20260619_bonded,P3-NoPersist,m12_medium_flood_dup0_s20260619,bonded,12843,PRIVPROBE:0,cache_hit,0,False,0,cache
m12_medium_flood_dup0_s20260619_bonded,P3-NoPersist,m12_medium_flood_dup0_s20260619,bonded,12988,PRIVPROBE:0,cache_hit,0,False,0,cache
m12_medium_flood_dup0_s20260619_bonded,P3-NoPersist,m12_medium_flood_dup0_s20260619,bonded,13084,PRIVPROBE:0,cache_hit,0,False,0,cache
m12_medium_flood_dup0_s20260619_bonded,P3-NoPersist,m12_medium_flood_dup0_s20260619,bonded,13212,PRIVPROBE:0,cache_hit,0,False,0,cache
m12_medium_flood_dup0_s20260619_bonded,P3-NoPersist,m12_medium_flood_dup0_s20260619,bonded,13359,PRIVPROBE:0,cache_hit,0,False,0,cache
m12_medium_flood_dup0_s20260619_bonded,P3-NoPersist,m12_medium_flood_dup0_s20260619,bonded,13486,PRIVPROBE:0,cache_hit,0,False,0,cache
m12_medium_flood_dup0_s20260619_bonded,P3-NoPersist,m12_medium_flood_dup0_s20260619,bonded,13612,PRIVPROBE:0,cache_hit,0,False,0,cache
m12_medium_flood_dup0_s20260619_bonded,P3-NoPersist,m12_medium_flood_dup0_s20260619,bonded,13733,PRIVPROBE:0,cache_hit,0,False,0,cache
m12_medium_flood_dup0_s20260619_bonded,P3-NoPersist,m12_medium_flood_dup0_s20260619,bonded,13840,PRIVPROBE:0,cache_hit,0,False,0,cache
m12_medium_flood_dup0_s20260619_bonded,P3-NoPersist,m12_medium_flood_dup0_s20260619,bonded,13965,PRIVPROBE:0,cache_hit,0,False,0,cache
m12_medium_flood_dup0_s20260619_bonded,P3-NoPersist,m12_medium_flood_dup0_s20260619,bonded,14072,PRIVPROBE:0,cache_hit,0,False,0,cache
m12_medium_flood_dup0_s20260619_bonded,P3-NoPersist,m12_medium_flood_dup0_s20260619,bonded,14195,PRIVPROBE:0,cache_hit,0,False,0,cache
m12_medium_flood_dup0_s20260619_bonded,P3-NoPersist,m12_medium_flood_dup0_s20260619,bonded,14307,PRIVPROBE:0,cache_hit,0,False,0,cache
m12_medium_flood_dup0_s20260619_bonded,P3-NoPersist,m12_medium_flood_dup0_s20260619,bonded,14423,PRIVPROBE:0,cache_hit,0,False,0,cache
m12_medium_flood_dup0_s20260619_bonded,P3-NoPersist,m12_medium_flood_dup0_s20260619,bonded,14562,PRIVPROBE:0,cache_hit,0,False,0,cache
m12_medium_flood_dup0_s20260619_bonded,P3-NoPersist,m12_medium_flood_dup0_s20260619,bonded,14700,PRIVPROBE:0,cache_hit,0,False,0,cache
m12_medium_flood_dup0_s20260619_bonded,P3-NoPersist,m12_medium_flood_dup0_s20260619,bonded,14813,PRIVPROBE:0,cache_hit,0,False,0,cache
m12_medium_flood_dup0_s20260619_bonded,P3-NoPersist,m12_medium_flood_dup0_s20260619,bonded,14923,PRIVPROBE:0,cache_hit,0,False,0,cache
m12_medium_flood_dup0_s20260619_bonded,P3-NoPersist,m12_medium_flood_dup0_s20260619,bonded,15026,PRIVPROBE:0,cache_hit,0,False,0,cache
m12_medium_flood_dup0_s20260619_bonded,P3-NoPersist,m12_medium_flood_dup0_s20260619,bonded,15137,PRIVPROBE:0,cache_hit,0,False,0,cache
m12_medium_flood_dup0_s20260619_bonded,P3-NoPersist,m12_medium_flood_dup0_s20260619,bonded,15252,PRIVPROBE:0,cache_hit,0,False,0,cache
m12_medium_flood_dup0_s20260619_bonded,P3-NoPersist,m12_medium_flood_dup0_s20260619,bonded,15386,PRIVPROBE:0,cache_hit,0,False,0,cache
m12_medium_flood_dup0_s20260619_bonded,P3-NoPersist,m12_medium_flood_dup0_s20260619,bonded,15514,PRIVPROBE:0,cache_hit,0,False,0,cache
m12_medium_flood_dup0_s20260619_bonded,P3-NoPersist,m12_medium_flood_dup0_s20260619,bonded,15638,PRIVPROBE:0,cache_hit,0,False,0,cache
m12_medium_flood_dup0_s20260619_bonded,P3-NoPersist,m12_medium_flood_dup0_s20260619,bonded,15748,PRIVPROBE:0,cache_hit,0,False,0,cache
m12_medium_flood_dup0_s20260619_bonded,P3-NoPersist,m12_medium_flood_dup0_s20260619,bonded,15875,PRIVPROBE:0,cache_hit,0,False,0,cache
m12_medium_flood_dup0_s20260619_bonded,P3-NoPersist,m12_medium_flood_dup0_s20260619,bonded,16026,PRIVPROBE:0,cache_hit,0,False,0,cache
m12_medium_flood_dup0_s20260619_bonded,P3-NoPersist,m12_medium_flood_dup0_s20260619,bonded,16123,PRIVPROBE:0,cache_hit,0,False,0,cache
m12_medium_flood_dup0_s20260619_bonded,P3-NoPersist,m12_medium_flood_dup0_s20260619,bonded,16253,PRIVPROBE:0,cache_hit,0,False,0,cache
m12_medium_flood_dup0_s20260619_bonded,P3-NoPersist,m12_medium_flood_dup0_s20260619,bonded,16380,PRIVPROBE:0,cache_hit,0,False,0,cache
m12_medium_flood_dup0_s20260619_bonded,P3-NoPersist,m12_medium_flood_dup0_s20260619,bonded,16512,PRIVPROBE:0,cache_hit,0,False,0,cache
m12_medium_flood_dup0_s20260619_bonded,P3-NoPersist,m12_medium_flood_dup0_s20260619,bonded,16653,PRIVPROBE:0,cache_hit,0,False,0,cache
m12_medium_flood_dup0_s20260619_bonded,P3-NoPersist,m12_medium_flood_dup0_s20260619,bonded,16775,PRIVPROBE:0,cache_hit,0,False,0,cache
m12_medium_flood_dup0_s20260619_bonded,P3-NoPersist,m12_medium_flood_dup0_s20260619,bonded,16889,PRIVPROBE:0,cache_hit,0,False,0,cache
m12_medium_flood_dup0_s20260619_bonded,P3-NoPersist,m12_medium_flood_dup0_s20260619,bonded,16991,PRIVPROBE:0,cache_hit,0,False,0,cache
m12_medium_flood_dup0_s20260619_bonded,P3-NoPersist,m12_medium_flood_dup0_s20260619,bonded,17101,PRIVPROBE:0,cache_hit,0,False,0,cache
m12_medium_flood_dup0_s20260619_bonded,P3-NoPersist,m12_medium_flood_dup0_s20260619,bonded,17211,PRIVPROBE:0,cache_hit,0,False,0,cache
m12_medium_flood_dup0_s20260619_bonded,P3-NoPersist,m12_medium_flood_dup0_s20260619,bonded,17338,PRIVPROBE:0,cache_hit,0,False,0,cache
m12_medium_flood_dup0_s20260619_bonded,P3-NoPersist,m12_medium_flood_dup0_s20260619,bonded,17466,PRIVPROBE:0,cache_hit,0,False,0,cache
m12_medium_flood_dup0_s20260619_bonded,P3-NoPersist,m12_medium_flood_dup0_s20260619,bonded,17586,PRIVPROBE:0,cache_hit,0,False,0,cache
m12_medium_flood_dup0_s20260619_bonded,P3-NoPersist,m12_medium_flood_dup0_s20260619,bonded,17706,PRIVPROBE:0,cache_hit,0,False,0,cache
m12_medium_flood_dup0_s20260619_bonded,P3-NoPersist,m12_medium_flood_dup0_s20260619,bonded,17840,PRIVPROBE:0,cache_hit,0,False,0,cache
m12_medium_flood_dup0_s20260619_bonded,P3-NoPersist,m12_medium_flood_dup0_s20260619,bonded,17984,PRIVPROBE:0,cache_hit,0,False,0,cache
m12_medium_flood_dup0_s20260619_bonded,P3-NoPersist,m12_medium_flood_dup0_s20260619,bonded,18111,PRIVPROBE:0,cache_hit,0,False,0,cache
m12_medium_flood_dup0_s20260619_bonded,P3-NoPersist,m12_medium_flood_dup0_s20260619,bonded,18225,PRIVPROBE:0,cache_hit,0,False,0,cache
m12_medium_flood_dup0_s20260619_bonded,P3-NoPersist,m12_medium_flood_dup0_s20260619,bonded,18338,PRIVPROBE:0,cache_hit,0,False,0,cache
m12_medium_flood_dup0_s20260619_bonded,P3-NoPersist,m12_medium_flood_dup0_s20260619,bonded,18455,PRIVPROBE:0,cache_hit,0,False,0,cache
m12_medium_flood_dup0_s20260619_bonded,P3-NoPersist,m12_medium_flood_dup0_s20260619,bonded,18558,PRIVPROBE:0,cache_hit,0,False,0,cache
m12_medium_flood_dup0_s20260619_bonded,P3-NoPersist,m12_medium_flood_dup0_s20260619,bonded,18700,PRIVPROBE:0,cache_hit,0,False,0,cache
m12_medium_flood_dup0_s20260619_bonded,P3-NoPersist,m12_medium_flood_dup0_s20260619,bonded,18807,PRIVPROBE:0,cache_hit,0,False,0,cache
m12_medium_flood_dup0_s20260619_bonded,P3-NoPersist,m12_medium_flood_dup0_s20260619,bonded,18926,PRIVPROBE:0,cache_hit,0,False,0,cache
m12_medium_flood_dup0_s20260619_bonded,P3-NoPersist,m12_medium_flood_dup0_s20260619,bonded,19032,PRIVPROBE:0,cache_hit,0,False,0,cache
m12_medium_flood_dup0_s20260619_bonded,P3-NoPersist,m12_medium_flood_dup0_s20260619,bonded,19151,PRIVPROBE:0,cache_hit,0,False,0,cache
m12_medium_flood_dup0_s20260619_bonded,P3-NoPersist,m12_medium_flood_dup0_s20260619,bonded,19274,PRIVPROBE:0,cache_hit,0,False,0,cache
m12_medium_flood_dup0_s20260619_bonded,P3-NoPersist,m12_medium_flood_dup0_s20260619,bonded,19410,PRIVPROBE:0,cache_hit,0,False,0,cache
m12_medium_flood_dup0_s20260619_bonded,P3-NoPersist,m12_medium_flood_dup0_s20260619,bonded,19524,PRIVPROBE:0,cache_hit,0,False,0,cache
m12_medium_flood_dup0_s20260619_bonded,P3-NoPersist,m12_medium_flood_dup0_s20260619,bonded,19636,PRIVPROBE:0,cache_hit,0,False,0,cache
m12_medium_flood_dup0_s20260619_bonded,P3-NoPersist,m12_medium_flood_dup0_s20260619,bonded,19743,PRIVPROBE:0,cache_hit,0,False,0,cache
m12_medium_flood_dup0_s20260619_bonded,P3-NoPersist,m12_medium_flood_dup0_s20260619,bonded,19854,PRIVPROBE:0,cache_hit,0,False,0,cache
m12_medium_flood_dup0_s20260619_bonded,P3-NoPersist,m12_medium_flood_dup0_s20260619,bonded,19965,PRIVPROBE:0,cache_hit,0,False,0,cache
m12_medium_flood_dup0_s20260619_bonded,P3-NoPersist,m12_medium_flood_dup0_s20260619,bonded,20106,PRIVPROBE:0,cache_hit,0,False,0,cache
m12_medium_flood_dup0_s20260619_bonded,P3-NoPersist,m12_medium_flood_dup0_s20260619,bonded,20221,PRIVPROBE:0,cache_hit,0,False,0,cache
m12_medium_flood_dup0_s20260619_bonded,P3-NoPersist,m12_medium_flood_dup0_s20260619,bonded,20326,PRIVPROBE:0,cache_hit,0,False,0,cache
m12_medium_flood_dup0_s20260619_bonded,P3-NoPersist,m12_medium_flood_dup0_s20260619,bonded,20426,PRIVPROBE:0,cache_hit,0,False,0,cache
m12_medium_flood_dup0_s20260619_bonded,P3-NoPersist,m12_medium_flood_dup0_s20260619,bonded,20563,PRIVPROBE:0,cache_hit,0,False,0,cache
m12_medium_flood_dup0_s20260619_bonded,P3-NoPersist,m12_medium_flood_dup0_s20260619,bonded,20689,PRIVPROBE:0,cache_hit,0,False,0,cache
m12_medium_flood_dup0_s20260619_bonded,P3-NoPersist,m12_medium_flood_dup0_s20260619,bonded,20825,PRIVPROBE:0,cache_hit,0,False,0,cache
m12_medium_flood_dup0_s20260619_bonded,P3-NoPersist,m12_medium_flood_dup0_s20260619,bonded,20944,PRIVPROBE:0,cache_hit,0,False,0,cache
m12_medium_flood_dup0_s20260619_bonded,P3-NoPersist,m12_medium_flood_dup0_s20260619,bonded,21043,PRIVPROBE:0,cache_hit,0,False,0,cache
m12_medium_flood_dup0_s20260619_bonded,P3-NoPersist,m12_medium_flood_dup0_s20260619,bonded,21157,PRIVPROBE:0,cache_hit,0,False,0,cache
m12_medium_flood_dup0_s20260619_bonded,P3-NoPersist,m12_medium_flood_dup0_s20260619,bonded,21265,PRIVPROBE:0,cache_hit,0,False,0,cache
m12_medium_flood_dup0_s20260619_bonded,P3-NoPersist,m12_medium_flood_dup0_s20260619,bonded,21393,PRIVPROBE:0,cache_hit,0,False,0,cache
m12_medium_flood_dup0_s20260619_bonded,P3-NoPersist,m12_medium_flood_dup0_s20260619,bonded,21517,PRIVPROBE:0,cache_hit,0,False,0,cache
m12_medium_flood_dup0_s20260619_bonded,P3-NoPersist,m12_medium_flood_dup0_s20260619,bonded,21644,PRIVPROBE:0,cache_hit,0,False,0,cache
m12_medium_flood_dup0_s20260619_bonded,P3-NoPersist,m12_medium_flood_dup0_s20260619,bonded,21763,PRIVPROBE:1,rl_hit,1,False,0,rl
m12_medium_flood_dup0_s20260619_bonded,P3-NoPersist,m12_medium_flood_dup0_s20260619,bonded,21881,PRIVPROBE:1,cache_hit,0,False,0,cache
m12_medium_flood_dup0_s20260619_bonded,P3-NoPersist,m12_medium_flood_dup0_s20260619,bonded,21986,PRIVPROBE:1,cache_hit,0,False,0,cache
m12_medium_flood_dup0_s20260619_bonded,P3-NoPersist,m12_medium_flood_dup0_s20260619,bonded,22095,PRIVPROBE:1,cache_hit,0,False,0,cache
m12_medium_flood_dup0_s20260619_bonded,P3-NoPersist,m12_medium_flood_dup0_s20260619,bonded,22219,PRIVPROBE:1,cache_hit,0,False,0,cache
m12_medium_flood_dup0_s20260619_bonded,P3-NoPersist,m12_medium_flood_dup0_s20260619,bonded,22348,PRIVPROBE:1,cache_hit,0,False,0,cache
m12_medium_flood_dup0_s20260619_bonded,P3-NoPersist,m12_medium_flood_dup0_s20260619,bonded,22459,PRIVPROBE:1,cache_hit,0,False,0,cache
m12_medium_flood_dup0_s20260619_bonded,P3-NoPersist,m12_medium_flood_dup0_s20260619,bonded,22603,PRIVPROBE:1,cache_hit,0,False,0,cache
m12_medium_flood_dup0_s20260619_bonded,P3-NoPersist,m12_medium_flood_dup0_s20260619,bonded,22759,PRIVPROBE:1,cache_hit,0,False,0,cache
m12_medium_flood_dup0_s20260619_bonded,P3-NoPersist,m12_medium_flood_dup0_s20260619,bonded,22869,PRIVPROBE:1,cache_hit,0,False,0,cache
m12_medium_flood_dup0_s20260619_bonded,P3-NoPersist,m12_medium_flood_dup0_s20260619,bonded,23012,PRIVPROBE:1,cache_hit,0,False,0,cache
m12_medium_flood_dup0_s20260619_bonded,P3-NoPersist,m12_medium_flood_dup0_s20260619,bonded,23124,PRIVPROBE:1,cache_hit,0,False,0,cache
m12_medium_flood_dup0_s20260619_bonded,P3-NoPersist,m12_medium_flood_dup0_s20260619,bonded,23258,PRIVPROBE:1,cache_hit,0,False,0,cache
m12_medium_flood_dup0_s20260619_bonded,P3-NoPersist,m12_medium_flood_dup0_s20260619,bonded,23396,PRIVPROBE:1,cache_hit,0,False,0,cache
m12_medium_flood_dup0_s20260619_bonded,P3-NoPersist,m12_medium_flood_dup0_s20260619,bonded,23533,PRIVPROBE:1,cache_hit,0,False,0,cache
m12_medium_flood_dup0_s20260619_bonded,P3-NoPersist,m12_medium_flood_dup0_s20260619,bonded,23648,PRIVPROBE:1,cache_hit,0,False,0,cache
m12_medium_flood_dup0_s20260619_bonded,P3-NoPersist,m12_medium_flood_dup0_s20260619,bonded,23786,PRIVPROBE:1,cache_hit,0,False,0,cache
m12_medium_flood_dup0_s20260619_bonded,P3-NoPersist,m12_medium_flood_dup0_s20260619,bonded,23898,PRIVPROBE:1,cache_hit,0,False,0,cache
m12_medium_flood_dup0_s20260619_bonded,P3-NoPersist,m12_medium_flood_dup0_s20260619,bonded,23984,PRIVPROBE:1,cache_hit,0,False,0,cache
m12_medium_flood_dup0_s20260619_bonded,P3-NoPersist,m12_medium_flood_dup0_s20260619,bonded,24133,PRIVPROBE:1,cache_hit,0,False,0,cache
m12_medium_flood_dup0_s20260619_bonded,P3-NoPersist,m12_medium_flood_dup0_s20260619,bonded,24258,PRIVPROBE:1,cache_hit,0,False,0,cache
m12_medium_flood_dup0_s20260619_bonded,P3-NoPersist,m12_medium_flood_dup0_s20260619,bonded,24379,PRIVPROBE:1,cache_hit,0,False,0,cache
m12_medium_flood_dup0_s20260619_bonded,P3-NoPersist,m12_medium_flood_dup0_s20260619,bonded,24523,PRIVPROBE:1,cache_hit,0,False,0,cache
m12_medium_flood_dup0_s20260619_bonded,P3-NoPersist,m12_medium_flood_dup0_s20260619,bonded,24629,PRIVPROBE:1,cache_hit,0,False,0,cache
m12_medium_flood_dup0_s20260619_bonded,P3-NoPersist,m12_medium_flood_dup0_s20260619,bonded,24748,PRIVPROBE:1,cache_hit,0,False,0,cache
m12_medium_flood_dup0_s20260619_bonded,P3-NoPersist,m12_medium_flood_dup0_s20260619,bonded,24861,PRIVPROBE:1,cache_hit,0,False,0,cache
m12_medium_flood_dup0_s20260619_bonded,P3-NoPersist,m12_medium_flood_dup0_s20260619,bonded,24981,PRIVPROBE:1,cache_hit,0,False,0,cache
m12_medium_flood_dup0_s20260619_bonded,P3-NoPersist,m12_medium_flood_dup0_s20260619,bonded,25103,PRIVPROBE:1,cache_hit,0,False,0,cache
m12_medium_flood_dup0_s20260619_bonded,P3-NoPersist,m12_medium_flood_dup0_s20260619,bonded,25224,PRIVPROBE:1,cache_hit,0,False,0,cache
m12_medium_flood_dup0_s20260619_bonded,P3-NoPersist,m12_medium_flood_dup0_s20260619,bonded,25351,PRIVPROBE:1,cache_hit,0,False,0,cache
m12_medium_flood_dup0_s20260619_bonded,P3-NoPersist,m12_medium_flood_dup0_s20260619,bonded,25478,PRIVPROBE:1,cache_hit,0,False,0,cache
m12_medium_flood_dup0_s20260619_bonded,P3-NoPersist,m12_medium_flood_dup0_s20260619,bonded,25597,PRIVPROBE:1,cache_hit,0,False,0,cache
m12_medium_flood_dup0_s20260619_bonded,P3-NoPersist,m12_medium_flood_dup0_s20260619,bonded,25722,PRIVPROBE:1,cache_hit,0,False,0,cache
m12_medium_flood_dup0_s20260619_bonded,P3-NoPersist,m12_medium_flood_dup0_s20260619,bonded,25835,PRIVPROBE:1,cache_hit,0,False,0,cache
m12_medium_flood_dup0_s20260619_bonded,P3-NoPersist,m12_medium_flood_dup0_s20260619,bonded,25962,PRIVPROBE:1,cache_hit,0,False,0,cache
m12_medium_flood_dup0_s20260619_bonded,P3-NoPersist,m12_medium_flood_dup0_s20260619,bonded,26086,PRIVPROBE:1,cache_hit,0,False,0,cache
m12_medium_flood_dup0_s20260619_bonded,P3-NoPersist,m12_medium_flood_dup0_s20260619,bonded,26231,PRIVPROBE:1,cache_hit,0,False,0,cache
m12_medium_flood_dup0_s20260619_bonded,P3-NoPersist,m12_medium_flood_dup0_s20260619,bonded,26359,PRIVPROBE:1,cache_hit,0,False,0,cache
m12_medium_flood_dup0_s20260619_bonded,P3-NoPersist,m12_medium_flood_dup0_s20260619,bonded,26482,PRIVPROBE:1,cache_hit,0,False,0,cache
m12_medium_flood_dup0_s20260619_bonded,P3-NoPersist,m12_medium_flood_dup0_s20260619,bonded,26597,PRIVPROBE:1,cache_hit,0,False,0,cache
m12_medium_flood_dup0_s20260619_bonded,P3-NoPersist,m12_medium_flood_dup0_s20260619,bonded,26712,PRIVPROBE:1,cache_hit,0,False,0,cache
m12_medium_flood_dup0_s20260619_bonded,P3-NoPersist,m12_medium_flood_dup0_s20260619,bonded,26843,PRIVPROBE:1,cache_hit,0,False,0,cache
m12_medium_flood_dup0_s20260619_bonded,P3-NoPersist,m12_medium_flood_dup0_s20260619,bonded,26955,PRIVPROBE:1,cache_hit,0,False,0,cache
m12_medium_flood_dup0_s20260619_bonded,P3-NoPersist,m12_medium_flood_dup0_s20260619,bonded,27074,PRIVPROBE:1,cache_hit,0,False,0,cache
m12_medium_flood_dup0_s20260619_bonded,P3-NoPersist,m12_medium_flood_dup0_s20260619,bonded,27189,PRIVPROBE:1,cache_hit,0,False,0,cache
m12_medium_flood_dup0_s20260619_bonded,P3-NoPersist,m12_medium_flood_dup0_s20260619,bonded,27335,PRIVPROBE:1,cache_hit,0,False,0,cache
m12_medium_flood_dup0_s20260619_bonded,P3-NoPersist,m12_medium_flood_dup0_s20260619,bonded,27448,PRIVPROBE:1,cache_hit,0,False,0,cache
m12_medium_flood_dup0_s20260619_bonded,P3-NoPersist,m12_medium_flood_dup0_s20260619,bonded,27573,PRIVPROBE:1,cache_hit,0,False,0,cache
m12_medium_flood_dup0_s20260619_bonded,P3-NoPersist,m12_medium_flood_dup0_s20260619,bonded,27696,PRIVPROBE:1,cache_hit,0,False,0,cache
m12_medium_flood_dup0_s20260619_bonded,P3-NoPersist,m12_medium_flood_dup0_s20260619,bonded,27833,PRIVPROBE:1,cache_hit,0,False,0,cache
m12_medium_flood_dup0_s20260619_bonded,P3-NoPersist,m12_medium_flood_dup0_s20260619,bonded,27941,PRIVPROBE:1,cache_hit,0,False,0,cache
m12_medium_flood_dup0_s20260619_bonded,P3-NoPersist,m12_medium_flood_dup0_s20260619,bonded,28075,PRIVPROBE:1,cache_hit,0,False,0,cache
m12_medium_flood_dup0_s20260619_bonded,P3-NoPersist,m12_medium_flood_dup0_s20260619,bonded,28208,PRIVPROBE:1,cache_hit,0,False,0,cache
m12_medium_flood_dup0_s20260619_bonded,P3-NoPersist,m12_medium_flood_dup0_s20260619,bonded,28324,PRIVPROBE:1,cache_hit,0,False,0,cache
m12_medium_flood_dup0_s20260619_bonded,P3-NoPersist,m12_medium_flood_dup0_s20260619,bonded,28435,PRIVPROBE:1,cache_hit,0,False,0,cache
m12_medium_flood_dup0_s20260619_bonded,P3-NoPersist,m12_medium_flood_dup0_s20260619,bonded,28563,PRIVPROBE:1,cache_hit,0,False,0,cache
m12_medium_flood_dup0_s20260619_bonded,P3-NoPersist,m12_medium_flood_dup0_s20260619,bonded,28693,PRIVPROBE:1,cache_hit,0,False,0,cache
m12_medium_flood_dup0_s20260619_bonded,P3-NoPersist,m12_medium_flood_dup0_s20260619,bonded,28820,PRIVPROBE:1,cache_hit,0,False,0,cache
m12_medium_flood_dup0_s20260619_bonded,P3-NoPersist,m12_medium_flood_dup0_s20260619,bonded,28936,PRIVPROBE:1,cache_hit,0,False,0,cache
m12_medium_flood_dup0_s20260619_bonded,P3-NoPersist,m12_medium_flood_dup0_s20260619,bonded,29081,PRIVPROBE:1,cache_hit,0,False,0,cache
m12_medium_flood_dup0_s20260619_bonded,P3-NoPersist,m12_medium_flood_dup0_s20260619,bonded,29214,PRIVPROBE:1,cache_hit,0,False,0,cache
m12_medium_flood_dup0_s20260619_bonded,P3-NoPersist,m12_medium_flood_dup0_s20260619,bonded,29344,PRIVPROBE:1,cache_hit,0,False,0,cache
m12_medium_flood_dup0_s20260619_bonded,P3-NoPersist,m12_medium_flood_dup0_s20260619,bonded,29470,PRIVPROBE:1,cache_hit,0,False,0,cache
m12_medium_flood_dup0_s20260619_bonded,P3-NoPersist,m12_medium_flood_dup0_s20260619,bonded,29575,PRIVPROBE:1,cache_hit,0,False,0,cache
m12_medium_flood_dup0_s20260619_bonded,P3-NoPersist,m12_medium_flood_dup0_s20260619,bonded,29706,PRIVPROBE:1,cache_hit,0,False,0,cache
m12_medium_flood_dup0_s20260619_bonded,P3-NoPersist,m12_medium_flood_dup0_s20260619,bonded,29844,PRIVPROBE:1,cache_hit,0,False,0,cache
m12_medium_flood_dup0_s20260619_bonded,P3-NoPersist,m12_medium_flood_dup0_s20260619,bonded,29960,PRIVPROBE:1,cache_hit,0,False,0,cache
m12_medium_flood_dup0_s20260619_bonded,P3-NoPersist,m12_medium_flood_dup0_s20260619,bonded,30076,PRIVPROBE:1,cache_hit,0,False,0,cache
m12_medium_flood_dup0_s20260619_bonded,P3-NoPersist,m12_medium_flood_dup0_s20260619,bonded,30202,PRIVPROBE:1,cache_hit,0,False,0,cache
m12_medium_flood_dup0_s20260619_bonded,P3-NoPersist,m12_medium_flood_dup0_s20260619,bonded,30321,PRIVPROBE:1,cache_hit,0,False,0,cache
m12_medium_flood_dup0_s20260619_bonded,P3-NoPersist,m12_medium_flood_dup0_s20260619,bonded,30450,PRIVPROBE:1,cache_hit,0,False,0,cache
m12_medium_flood_dup0_s20260619_bonded,P3-NoPersist,m12_medium_flood_dup0_s20260619,bonded,30579,PRIVPROBE:1,cache_hit,0,False,0,cache
m12_medium_flood_dup0_s20260619_bonded,P3-NoPersist,m12_medium_flood_dup0_s20260619,bonded,30687,PRIVPROBE:1,cache_hit,0,False,0,cache
m12_medium_flood_dup0_s20260619_bonded,P3-NoPersist,m12_medium_flood_dup0_s20260619,bonded,30786,PRIVPROBE:1,cache_hit,0,False,0,cache
m12_medium_flood_dup0_s20260619_bonded,P3-NoPersist,m12_medium_flood_dup0_s20260619,bonded,30905,PRIVPROBE:1,cache_hit,0,False,0,cache
m12_medium_flood_dup0_s20260619_bonded,P3-NoPersist,m12_medium_flood_dup0_s20260619,bonded,31024,PRIVPROBE:1,cache_hit,0,False,0,cache
m12_medium_flood_dup0_s20260619_bonded,P3-NoPersist,m12_medium_flood_dup0_s20260619,bonded,31153,PRIVPROBE:1,cache_hit,0,False,0,cache
m12_medium_flood_dup0_s20260619_bonded,P3-NoPersist,m12_medium_flood_dup0_s20260619,bonded,31296,PRIVPROBE:1,cache_hit,0,False,0,cache
m12_medium_flood_dup0_s20260619_bonded,P3-NoPersist,m12_medium_flood_dup0_s20260619,bonded,31401,PRIVPROBE:1,cache_hit,0,False,0,cache
m12_medium_flood_dup0_s20260619_bonded,P3-NoPersist,m12_medium_flood_dup0_s20260619,bonded,31534,PRIVPROBE:1,cache_hit,0,False,0,cache
m12_medium_flood_dup0_s20260619_bonded,P3-NoPersist,m12_medium_flood_dup0_s20260619,bonded,31657,PRIVPROBE:1,cache_hit,0,False,0,cache
m12_medium_flood_dup0_s20260619_bonded,P3-NoPersist,m12_medium_flood_dup0_s20260619,bonded,31795,PRIVPROBE:1,cache_hit,0,False,0,cache
m12_medium_flood_dup0_s20260619_bonded,P3-NoPersist,m12_medium_flood_dup0_s20260619,bonded,31935,PRIVPROBE:1,cache_hit,0,False,0,cache
m12_medium_flood_dup0_s20260619_bonded,P3-NoPersist,m12_medium_flood_dup0_s20260619,bonded,32046,PRIVPROBE:1,cache_hit,0,False,0,cache
m12_medium_flood_dup0_s20260619_bonded,P3-NoPersist,m12_medium_flood_dup0_s20260619,bonded,32186,PRIVPROBE:1,cache_hit,0,False,0,cache
m12_medium_flood_dup0_s20260619_bonded,P3-NoPersist,m12_medium_flood_dup0_s20260619,bonded,32324,PRIVPROBE:1,cache_hit,0,False,0,cache
m12_medium_flood_dup0_s20260619_bonded,P3-NoPersist,m12_medium_flood_dup0_s20260619,bonded,32445,PRIVPROBE:1,cache_hit,0,False,0,cache
m12_medium_flood_dup0_s20260619_bonded,P3-NoPersist,m12_medium_flood_dup0_s20260619,bonded,32563,PRIVPROBE:1,cache_hit,0,False,0,cache
m12_medium_flood_dup0_s20260619_bonded,P3-NoPersist,m12_medium_flood_dup0_s20260619,bonded,32680,PRIVPROBE:1,cache_hit,0,False,0,cache
m12_medium_flood_dup0_s20260619_bonded,P3-NoPersist,m12_medium_flood_dup0_s20260619,bonded,32789,PRIVPROBE:1,cache_hit,0,False,0,cache
m12_medium_flood_dup0_s20260619_bonded,P3-NoPersist,m12_medium_flood_dup0_s20260619,bonded,32903,PRIVPROBE:1,cache_hit,0,False,0,cache
m12_medium_flood_dup0_s20260619_bonded,P3-NoPersist,m12_medium_flood_dup0_s20260619,bonded,33036,PRIVPROBE:1,cache_hit,0,False,0,cache
m12_medium_flood_dup0_s20260619_bonded,P3-NoPersist,m12_medium_flood_dup0_s20260619,bonded,33166,PRIVPROBE:1,cache_hit,0,False,0,cache
m12_medium_flood_dup0_s20260619_bonded,P3-NoPersist,m12_medium_flood_dup0_s20260619,bonded,33288,PRIVPROBE:1,cache_hit,0,False,0,cache
m12_medium_flood_dup0_s20260619_bonded,P3-NoPersist,m12_medium_flood_dup0_s20260619,bonded,33387,PRIVPROBE:1,cache_hit,0,False,0,cache
m12_medium_flood_dup0_s20260619_bonded,P3-NoPersist,m12_medium_flood_dup0_s20260619,bonded,33488,PRIVPROBE:1,cache_hit,0,False,0,cache
m12_medium_flood_dup0_s20260619_bonded,P3-NoPersist,m12_medium_flood_dup0_s20260619,bonded,33601,PRIVPROBE:1,cache_hit,0,False,0,cache
m12_medium_flood_dup0_s20260619_bonded,P3-NoPersist,m12_medium_flood_dup0_s20260619,bonded,33708,PRIVPROBE:1,cache_hit,0,False,0,cache
m12_medium_flood_dup0_s20260619_bonded,P3-NoPersist,m12_medium_flood_dup0_s20260619,bonded,33835,PRIVPROBE:1,cache_hit,0,False,0,cache
m12_medium_flood_dup0_s20260619_bonded,P3-NoPersist,m12_medium_flood_dup0_s20260619,bonded,33947,PRIVPROBE:1,cache_hit,0,False,0,cache
m12_medium_flood_dup0_s20260619_bonded,P3-NoPersist,m12_medium_flood_dup0_s20260619,bonded,34095,PRIVPROBE:1,cache_hit,0,False,0,cache
m12_medium_flood_dup0_s20260619_bonded,P3-NoPersist,m12_medium_flood_dup0_s20260619,bonded,34222,PRIVPROBE:1,cache_hit,0,False,0,cache
m12_medium_flood_dup0_s20260619_bonded,P3-NoPersist,m12_medium_flood_dup0_s20260619,bonded,34335,PRIVPROBE:1,cache_hit,0,False,0,cache
m12_medium_flood_dup0_s20260619_bonded,P3-NoPersist,m12_medium_flood_dup0_s20260619,bonded,34455,PRIVPROBE:1,cache_hit,0,False,0,cache
m12_medium_flood_dup0_s20260619_bonded,P3-NoPersist,m12_medium_flood_dup0_s20260619,bonded,34576,PRIVPROBE:1,cache_hit,0,False,0,cache
m12_medium_flood_dup0_s20260619_bonded,P3-NoPersist,m12_medium_flood_dup0_s20260619,bonded,34681,PRIVPROBE:1,cache_hit,0,False,0,cache
m12_medium_flood_dup0_s20260619_bonded,P3-NoPersist,m12_medium_flood_dup0_s20260619,bonded,34793,PRIVPROBE:1,cache_hit,0,False,0,cache
m12_medium_flood_dup0_s20260619_bonded,P3-NoPersist,m12_medium_flood_dup0_s20260619,bonded,34908,PRIVPROBE:1,cache_hit,0,False,0,cache
m12_medium_flood_dup0_s20260619_bonded,P3-NoPersist,m12_medium_flood_dup0_s20260619,bonded,35018,PRIVPROBE:1,cache_hit,0,False,0,cache
m12_medium_flood_dup0_s20260619_bonded,P3-NoPersist,m12_medium_flood_dup0_s20260619,bonded,35127,PRIVPROBE:1,cache_hit,0,False,0,cache
m12_medium_flood_dup0_s20260619_bonded,P3-NoPersist,m12_medium_flood_dup0_s20260619,bonded,35261,PRIVPROBE:1,cache_hit,0,False,0,cache
m12_medium_flood_dup0_s20260619_bonded,P3-NoPersist,m12_medium_flood_dup0_s20260619,bonded,35369,PRIVPROBE:1,cache_hit,0,False,0,cache
m12_medium_flood_dup0_s20260619_bonded,P3-NoPersist,m12_medium_flood_dup0_s20260619,bonded,35485,PRIVPROBE:1,cache_hit,0,False,0,cache
m12_medium_flood_dup0_s20260619_bonded,P3-NoPersist,m12_medium_flood_dup0_s20260619,bonded,35582,PRIVPROBE:1,cache_hit,0,False,0,cache
m12_medium_flood_dup0_s20260619_bonded,P3-NoPersist,m12_medium_flood_dup0_s20260619,bonded,35708,PRIVPROBE:1,cache_hit,0,False,0,cache
m12_medium_flood_dup0_s20260619_bonded,P3-NoPersist,m12_medium_flood_dup0_s20260619,bonded,35846,PRIVPROBE:1,cache_hit,0,False,0,cache
m12_medium_flood_dup0_s20260619_bonded,P3-NoPersist,m12_medium_flood_dup0_s20260619,bonded,35953,PRIVPROBE:1,cache_hit,0,False,0,cache
m12_medium_flood_dup0_s20260619_bonded,P3-NoPersist,m12_medium_flood_dup0_s20260619,bonded,36085,PRIVPROBE:1,cache_hit,0,False,0,cache
m12_medium_flood_dup0_s20260619_bonded,P3-NoPersist,m12_medium_flood_dup0_s20260619,bonded,36207,PRIVPROBE:1,cache_hit,0,False,0,cache
m12_medium_flood_dup0_s20260619_bonded,P3-NoPersist,m12_medium_flood_dup0_s20260619,bonded,36310,PRIVPROBE:1,cache_hit,0,False,0,cache
m12_medium_flood_dup0_s20260619_bonded,P3-NoPersist,m12_medium_flood_dup0_s20260619,bonded,36439,PRIVPROBE:1,cache_hit,0,False,0,cache
m12_medium_flood_dup0_s20260619_bonded,P3-NoPersist,m12_medium_flood_dup0_s20260619,bonded,36542,PRIVPROBE:1,cache_hit,0,False,0,cache
m12_medium_flood_dup0_s20260619_bonded,P3-NoPersist,m12_medium_flood_dup0_s20260619,bonded,36648,PRIVPROBE:1,cache_hit,0,False,0,cache
m12_medium_flood_dup0_s20260619_bonded,P3-NoPersist,m12_medium_flood_dup0_s20260619,bonded,36780,PRIVPROBE:1,cache_hit,0,False,0,cache
m12_medium_flood_dup0_s20260619_bonded,P3-NoPersist,m12_medium_flood_dup0_s20260619,bonded,36906,PRIVPROBE:1,cache_hit,0,False,0,cache
m12_medium_flood_dup0_s20260619_bonded,P3-NoPersist,m12_medium_flood_dup0_s20260619,bonded,37019,PRIVPROBE:1,cache_hit,0,False,0,cache
m12_medium_flood_dup0_s20260619_bonded,P3-NoPersist,m12_medium_flood_dup0_s20260619,bonded,37150,PRIVPROBE:1,cache_hit,0,False,0,cache
m12_medium_flood_dup0_s20260619_bonded,P3-NoPersist,m12_medium_flood_dup0_s20260619,bonded,37278,PRIVPROBE:1,cache_hit,0,False,0,cache
m12_medium_flood_dup0_s20260619_bonded,P3-NoPersist,m12_medium_flood_dup0_s20260619,bonded,37381,PRIVPROBE:1,cache_hit,0,False,0,cache
m12_medium_flood_dup0_s20260619_bonded,P3-NoPersist,m12_medium_flood_dup0_s20260619,bonded,37501,PRIVPROBE:1,cache_hit,0,False,0,cache
m12_medium_flood_dup0_s20260619_bonded,P3-NoPersist,m12_medium_flood_dup0_s20260619,bonded,37636,PRIVPROBE:1,cache_hit,0,False,0,cache
m12_medium_flood_dup0_s20260619_bonded,P3-NoPersist,m12_medium_flood_dup0_s20260619,bonded,37745,PRIVPROBE:1,cache_hit,0,False,0,cache
m12_medium_flood_dup0_s20260619_bonded,P3-NoPersist,m12_medium_flood_dup0_s20260619,bonded,37857,PRIVPROBE:1,cache_hit,0,False,0,cache
m12_medium_flood_dup0_s20260619_bonded,P3-NoPersist,m12_medium_flood_dup0_s20260619,bonded,37971,PRIVPROBE:1,cache_hit,0,False,0,cache
m12_medium_flood_dup0_s20260619_bonded,P3-NoPersist,m12_medium_flood_dup0_s20260619,bonded,38081,PRIVPROBE:1,cache_hit,0,False,0,cache
m12_medium_flood_dup0_s20260619_bonded,P3-NoPersist,m12_medium_flood_dup0_s20260619,bonded,38199,PRIVPROBE:1,cache_hit,0,False,0,cache
m12_medium_flood_dup0_s20260619_bonded,P3-NoPersist,m12_medium_flood_dup0_s20260619,bonded,38335,PRIVPROBE:1,cache_hit,0,False,0,cache
m12_medium_flood_dup0_s20260619_bonded,P3-NoPersist,m12_medium_flood_dup0_s20260619,bonded,38447,PRIVPROBE:1,cache_hit,0,False,0,cache
m12_medium_flood_dup0_s20260619_bonded,P3-NoPersist,m12_medium_flood_dup0_s20260619,bonded,38563,PRIVPROBE:1,cache_hit,0,False,0,cache
m12_medium_flood_dup0_s20260619_bonded,P3-NoPersist,m12_medium_flood_dup0_s20260619,bonded,38679,PRIVPROBE:1,cache_hit,0,False,0,cache
m12_medium_flood_dup0_s20260619_bonded,P3-NoPersist,m12_medium_flood_dup0_s20260619,bonded,38798,PRIVPROBE:1,cache_hit,0,False,0,cache
m12_medium_flood_dup0_s20260619_bonded,P3-NoPersist,m12_medium_flood_dup0_s20260619,bonded,38924,PRIVPROBE:1,cache_hit,0,False,0,cache
m12_medium_flood_dup0_s20260619_bonded,P3-NoPersist,m12_medium_flood_dup0_s20260619,bonded,39050,PRIVPROBE:1,cache_hit,0,False,0,cache
m12_medium_flood_dup0_s20260619_bonded,P3-NoPersist,m12_medium_flood_dup0_s20260619,bonded,39180,PRIVPROBE:1,cache_hit,0,False,0,cache
m12_medium_flood_dup0_s20260619_bonded,P3-NoPersist,m12_medium_flood_dup0_s20260619,bonded,39299,PRIVPROBE:1,cache_hit,0,False,0,cache
m12_medium_flood_dup0_s20260619_bonded,P3-NoPersist,m12_medium_flood_dup0_s20260619,bonded,39394,PRIVPROBE:1,cache_hit,0,False,0,cache
m12_medium_flood_dup0_s20260619_bonded,P3-NoPersist,m12_medium_flood_dup0_s20260619,bonded,39517,PRIVPROBE:1,cache_hit,0,False,0,cache
m12_medium_flood_dup0_s20260619_bonded,P3-NoPersist,m12_medium_flood_dup0_s20260619,bonded,39621,PRIVPROBE:1,cache_hit,0,False,0,cache
m12_medium_flood_dup0_s20260619_bonded,P3-NoPersist,m12_medium_flood_dup0_s20260619,bonded,39733,PRIVPROBE:1,cache_hit,0,False,0,cache
m12_medium_flood_dup0_s20260619_bonded,P3-NoPersist,m12_medium_flood_dup0_s20260619,bonded,39873,PRIVPROBE:1,cache_hit,0,False,0,cache
m12_medium_flood_dup0_s20260619_bonded,P3-NoPersist,m12_medium_flood_dup0_s20260619,bonded,39983,PRIVPROBE:1,cache_hit,0,False,0,cache
m12_medium_flood_dup0_s20260619_bonded,P3-NoPersist,m12_medium_flood_dup0_s20260619,bonded,40110,PRIVPROBE:1,cache_hit,0,False,0,cache
m12_medium_flood_dup0_s20260619_bonded,P3-NoPersist,m12_medium_flood_dup0_s20260619,bonded,40225,PRIVPROBE:1,cache_hit,0,False,0,cache
m12_medium_flood_dup0_s20260619_bonded,P3-NoPersist,m12_medium_flood_dup0_s20260619,bonded,40340,PRIVPROBE:1,cache_hit,0,False,0,cache
m12_medium_flood_dup0_s20260619_bonded,P3-NoPersist,m12_medium_flood_dup0_s20260619,bonded,40492,PRIVPROBE:1,cache_hit,0,False,0,cache
m12_medium_flood_dup0_s20260619_bonded,P3-NoPersist,m12_medium_flood_dup0_s20260619,bonded,40639,PRIVPROBE:1,cache_hit,0,False,0,cache
m12_medium_flood_dup0_s20260619_bonded,P3-NoPersist,m12_medium_flood_dup0_s20260619,bonded,40756,PRIVPROBE:1,cache_hit,0,False,0,cache
m12_medium_flood_dup0_s20260619_bonded,P3-NoPersist,m12_medium_flood_dup0_s20260619,bonded,40862,PRIVPROBE:1,cache_hit,0,False,0,cache
m12_medium_flood_dup0_s20260619_bonded,P3-NoPersist,m12_medium_flood_dup0_s20260619,bonded,40968,PRIVPROBE:1,cache_hit,0,False,0,cache
m12_medium_flood_dup0_s20260619_bonded,P3-NoPersist,m12_medium_flood_dup0_s20260619,bonded,41100,PRIVPROBE:1,cache_hit,0,False,0,cache
m12_medium_flood_dup0_s20260619_bonded,P3-NoPersist,m12_medium_flood_dup0_s20260619,bonded,41203,PRIVPROBE:1,cache_hit,0,False,0,cache
m12_medium_flood_dup0_s20260619_bonded,P3-NoPersist,m12_medium_flood_dup0_s20260619,bonded,41326,PRIVPROBE:1,cache_hit,0,False,0,cache
m12_medium_flood_dup0_s20260619_bonded,P3-NoPersist,m12_medium_flood_dup0_s20260619,bonded,41420,PRIVPROBE:1,cache_hit,0,False,0,cache
m12_medium_flood_dup0_s20260619_bonded,P3-NoPersist,m12_medium_flood_dup0_s20260619,bonded,41547,PRIVPROBE:1,cache_hit,0,False,0,cache
m12_medium_flood_dup0_s20260619_bonded,P3-NoPersist,m12_medium_flood_dup0_s20260619,bonded,41654,PRIVPROBE:1,cache_hit,0,False,0,cache
m12_medium_flood_dup0_s20260619_bonded,P3-NoPersist,m12_medium_flood_dup0_s20260619,bonded,41787,PRIVPROBE:1,cache_hit,0,False,0,cache
m12_medium_flood_dup0_s20260619_bonded,P3-NoPersist,m12_medium_flood_dup0_s20260619,bonded,41921,PRIVPROBE:1,cache_hit,0,False,0,cache
m12_medium_flood_dup0_s20260619_bonded,P3-NoPersist,m12_medium_flood_dup0_s20260619,bonded,42045,PRIVPROBE:1,cache_hit,0,False,0,cache
m12_medium_flood_dup0_s20260619_bonded,P3-NoPersist,m12_medium_flood_dup0_s20260619,bonded,42167,PRIVPROBE:1,cache_hit,0,False,0,cache
m12_medium_flood_dup0_s20260619_bonded,P3-NoPersist,m12_medium_flood_dup0_s20260619,bonded,42309,PRIVPROBE:1,cache_hit,0,False,0,cache
m12_medium_flood_dup0_s20260619_bonded,P3-NoPersist,m12_medium_flood_dup0_s20260619,bonded,42435,PRIVPROBE:1,cache_hit,0,False,0,cache
m12_medium_flood_dup0_s20260619_bonded,P3-NoPersist,m12_medium_flood_dup0_s20260619,bonded,42556,PRIVPROBE:1,cache_hit,0,False,0,cache
m12_medium_flood_dup0_s20260619_bonded,P3-NoPersist,m12_medium_flood_dup0_s20260619,bonded,42671,PRIVPROBE:1,cache_hit,0,False,0,cache
m12_medium_flood_dup0_s20260619_bonded,P3-NoPersist,m12_medium_flood_dup0_s20260619,bonded,42778,PRIVPROBE:1,cache_hit,0,False,0,cache
m12_medium_flood_dup0_s20260619_bonded,P3-NoPersist,m12_medium_flood_dup0_s20260619,bonded,42881,PRIVPROBE:1,cache_hit,0,False,0,cache
m12_medium_flood_dup0_s20260619_bonded,P3-NoPersist,m12_medium_flood_dup0_s20260619,bonded,43007,PRIVPROBE:1,cache_hit,0,False,0,cache
m12_medium_flood_dup0_s20260619_bonded,P3-NoPersist,m12_medium_flood_dup0_s20260619,bonded,43112,PRIVPROBE:1,cache_hit,0,False,0,cache
m12_medium_flood_dup0_s20260619_bonded,P3-NoPersist,m12_medium_flood_dup0_s20260619,bonded,43220,PRIVPROBE:1,cache_hit,0,False,0,cache
m12_medium_flood_dup0_s20260619_bonded,P3-NoPersist,m12_medium_flood_dup0_s20260619,bonded,43345,PRIVPROBE:1,cache_hit,0,False,0,cache
m12_medium_flood_dup0_s20260619_bonded,P3-NoPersist,m12_medium_flood_dup0_s20260619,bonded,43480,PRIVPROBE:1,cache_hit,0,False,0,cache
m12_medium_flood_dup0_s20260619_bonded,BudgetDoS,m12_medium_flood_dup0_s20260619,bonded,7366,PRIVPROBE:0,rl_hit,1,False,0,rl
m12_medium_flood_dup0_s20260619_bonded,BudgetDoS,m12_medium_flood_dup0_s20260619,bonded,7523,PRIVPROBE:0,rl_hit,1,False,0,rl
m12_medium_flood_dup0_s20260619_bonded,BudgetDoS,m12_medium_flood_dup0_s20260619,bonded,7619,PRIVPROBE:0,rl_hit,1,False,0,rl
m12_medium_flood_dup0_s20260619_bonded,BudgetDoS,m12_medium_flood_dup0_s20260619,bonded,7740,PRIVPROBE:0,rl_hit,1,False,0,rl
m12_medium_flood_dup0_s20260619_bonded,BudgetDoS,m12_medium_flood_dup0_s20260619,bonded,7854,PRIVPROBE:0,rl_hit,1,False,0,rl
m12_medium_flood_dup0_s20260619_bonded,BudgetDoS,m12_medium_flood_dup0_s20260619,bonded,7968,PRIVPROBE:0,rl_hit,1,False,0,rl
m12_medium_flood_dup0_s20260619_bonded,BudgetDoS,m12_medium_flood_dup0_s20260619,bonded,8100,PRIVPROBE:0,rl_hit,1,False,0,rl
m12_medium_flood_dup0_s20260619_bonded,BudgetDoS,m12_medium_flood_dup0_s20260619,bonded,8228,PRIVPROBE:0,rl_hit,1,False,0,rl
m12_medium_flood_dup0_s20260619_bonded,BudgetDoS,m12_medium_flood_dup0_s20260619,bonded,8367,PRIVPROBE:0,rl_hit,1,False,0,rl
m12_medium_flood_dup0_s20260619_bonded,BudgetDoS,m12_medium_flood_dup0_s20260619,bonded,8489,PRIVPROBE:0,rl_hit,1,False,0,rl
m12_medium_flood_dup0_s20260619_bonded,BudgetDoS,m12_medium_flood_dup0_s20260619,bonded,8598,PRIVPROBE:0,rl_hit,1,False,0,rl
m12_medium_flood_dup0_s20260619_bonded,BudgetDoS,m12_medium_flood_dup0_s20260619,bonded,8751,PRIVPROBE:0,rl_hit,1,False,0,rl
m12_medium_flood_dup0_s20260619_bonded,BudgetDoS,m12_medium_flood_dup0_s20260619,bonded,8861,PRIVPROBE:0,rl_hit,1,False,0,rl
m12_medium_flood_dup0_s20260619_bonded,BudgetDoS,m12_medium_flood_dup0_s20260619,bonded,8983,PRIVPROBE:0,rl_hit,1,False,0,rl
m12_medium_flood_dup0_s20260619_bonded,BudgetDoS,m12_medium_flood_dup0_s20260619,bonded,9071,PRIVPROBE:0,rl_hit,1,False,0,rl
m12_medium_flood_dup0_s20260619_bonded,BudgetDoS,m12_medium_flood_dup0_s20260619,bonded,9183,PRIVPROBE:0,rl_hit,1,False,0,rl
m12_medium_flood_dup0_s20260619_bonded,BudgetDoS,m12_medium_flood_dup0_s20260619,bonded,9291,PRIVPROBE:0,rl_hit,1,False,0,rl
m12_medium_flood_dup0_s20260619_bonded,BudgetDoS,m12_medium_flood_dup0_s20260619,bonded,9409,PRIVPROBE:0,rl_hit,1,False,0,rl
m12_medium_flood_dup0_s20260619_bonded,BudgetDoS,m12_medium_flood_dup0_s20260619,bonded,9527,PRIVPROBE:0,rl_hit,1,False,0,rl
m12_medium_flood_dup0_s20260619_bonded,BudgetDoS,m12_medium_flood_dup0_s20260619,bonded,9645,PRIVPROBE:0,rl_hit,1,False,0,rl
m12_medium_flood_dup0_s20260619_bonded,BudgetDoS,m12_medium_flood_dup0_s20260619,bonded,9753,PRIVPROBE:0,rl_hit,1,False,0,rl
m12_medium_flood_dup0_s20260619_bonded,BudgetDoS,m12_medium_flood_dup0_s20260619,bonded,9868,PRIVPROBE:0,rl_hit,1,False,0,rl
m12_medium_flood_dup0_s20260619_bonded,BudgetDoS,m12_medium_flood_dup0_s20260619,bonded,9964,PRIVPROBE:0,rl_hit,1,False,0,rl
m12_medium_flood_dup0_s20260619_bonded,BudgetDoS,m12_medium_flood_dup0_s20260619,bonded,10077,PRIVPROBE:0,rl_hit,1,False,0,rl
m12_medium_flood_dup0_s20260619_bonded,BudgetDoS,m12_medium_flood_dup0_s20260619,bonded,10218,PRIVPROBE:0,rl_hit,1,False,0,rl
m12_medium_flood_dup0_s20260619_bonded,BudgetDoS,m12_medium_flood_dup0_s20260619,bonded,10343,PRIVPROBE:0,rl_hit,1,False,0,rl
m12_medium_flood_dup0_s20260619_bonded,BudgetDoS,m12_medium_flood_dup0_s20260619,bonded,10453,PRIVPROBE:0,rl_hit,1,False,0,rl
m12_medium_flood_dup0_s20260619_bonded,BudgetDoS,m12_medium_flood_dup0_s20260619,bonded,10572,PRIVPROBE:0,rl_hit,1,False,0,rl
m12_medium_flood_dup0_s20260619_bonded,BudgetDoS,m12_medium_flood_dup0_s20260619,bonded,10686,PRIVPROBE:0,rl_hit,1,False,0,rl
m12_medium_flood_dup0_s20260619_bonded,BudgetDoS,m12_medium_flood_dup0_s20260619,bonded,10804,PRIVPROBE:0,rl_hit,1,False,0,rl
m12_medium_flood_dup0_s20260619_bonded,BudgetDoS,m12_medium_flood_dup0_s20260619,bonded,10943,PRIVPROBE:0,rl_hit,1,False,0,rl
m12_medium_flood_dup0_s20260619_bonded,BudgetDoS,m12_medium_flood_dup0_s20260619,bonded,11039,PRIVPROBE:0,rl_hit,1,False,0,rl
m12_medium_flood_dup0_s20260619_bonded,BudgetDoS,m12_medium_flood_dup0_s20260619,bonded,11166,PRIVPROBE:0,rl_hit,1,False,0,rl
m12_medium_flood_dup0_s20260619_bonded,BudgetDoS,m12_medium_flood_dup0_s20260619,bonded,11291,PRIVPROBE:0,rl_hit,1,False,0,rl
m12_medium_flood_dup0_s20260619_bonded,BudgetDoS,m12_medium_flood_dup0_s20260619,bonded,11412,PRIVPROBE:0,rl_hit,1,False,0,rl
m12_medium_flood_dup0_s20260619_bonded,BudgetDoS,m12_medium_flood_dup0_s20260619,bonded,11541,PRIVPROBE:0,rl_hit,1,False,0,rl
m12_medium_flood_dup0_s20260619_bonded,BudgetDoS,m12_medium_flood_dup0_s20260619,bonded,11669,PRIVPROBE:0,rl_hit,1,False,0,rl
m12_medium_flood_dup0_s20260619_bonded,BudgetDoS,m12_medium_flood_dup0_s20260619,bonded,11781,PRIVPROBE:0,rl_hit,1,False,0,rl
m12_medium_flood_dup0_s20260619_bonded,BudgetDoS,m12_medium_flood_dup0_s20260619,bonded,11917,PRIVPROBE:0,rl_hit,1,False,0,rl
m12_medium_flood_dup0_s20260619_bonded,BudgetDoS,m12_medium_flood_dup0_s20260619,bonded,12013,PRIVPROBE:0,rl_hit,1,False,0,rl
m12_medium_flood_dup0_s20260619_bonded,BudgetDoS,m12_medium_flood_dup0_s20260619,bonded,12134,PRIVPROBE:0,rl_hit,1,False,0,rl
m12_medium_flood_dup0_s20260619_bonded,BudgetDoS,m12_medium_flood_dup0_s20260619,bonded,12243,PRIVPROBE:0,rl_hit,1,False,0,rl
m12_medium_flood_dup0_s20260619_bonded,BudgetDoS,m12_medium_flood_dup0_s20260619,bonded,12379,PRIVPROBE:0,rl_hit,1,False,0,rl
m12_medium_flood_dup0_s20260619_bonded,BudgetDoS,m12_medium_flood_dup0_s20260619,bonded,12505,PRIVPROBE:0,rl_hit,1,False,0,rl
m12_medium_flood_dup0_s20260619_bonded,BudgetDoS,m12_medium_flood_dup0_s20260619,bonded,12641,PRIVPROBE:0,rl_hit,1,False,0,rl
m12_medium_flood_dup0_s20260619_bonded,BudgetDoS,m12_medium_flood_dup0_s20260619,bonded,12741,PRIVPROBE:0,rl_hit,1,False,0,rl
m12_medium_flood_dup0_s20260619_bonded,BudgetDoS,m12_medium_flood_dup0_s20260619,bonded,12843,PRIVPROBE:0,rl_hit,1,False,0,rl
m12_medium_flood_dup0_s20260619_bonded,BudgetDoS,m12_medium_flood_dup0_s20260619,bonded,12988,PRIVPROBE:0,rl_hit,1,False,0,rl
m12_medium_flood_dup0_s20260619_bonded,BudgetDoS,m12_medium_flood_dup0_s20260619,bonded,13084,PRIVPROBE:0,rl_hit,1,False,0,rl
m12_medium_flood_dup0_s20260619_bonded,BudgetDoS,m12_medium_flood_dup0_s20260619,bonded,13212,PRIVPROBE:0,rl_hit,1,False,0,rl
m12_medium_flood_dup0_s20260619_bonded,BudgetDoS,m12_medium_flood_dup0_s20260619,bonded,13359,PRIVPROBE:0,rl_hit,1,False,0,rl
m12_medium_flood_dup0_s20260619_bonded,BudgetDoS,m12_medium_flood_dup0_s20260619,bonded,13486,PRIVPROBE:0,rl_hit,1,False,0,rl
m12_medium_flood_dup0_s20260619_bonded,BudgetDoS,m12_medium_flood_dup0_s20260619,bonded,13612,PRIVPROBE:0,rl_hit,1,False,0,rl
m12_medium_flood_dup0_s20260619_bonded,BudgetDoS,m12_medium_flood_dup0_s20260619,bonded,13733,PRIVPROBE:0,rl_hit,1,False,0,rl
m12_medium_flood_dup0_s20260619_bonded,BudgetDoS,m12_medium_flood_dup0_s20260619,bonded,13840,PRIVPROBE:0,rl_hit,1,False,0,rl
m12_medium_flood_dup0_s20260619_bonded,BudgetDoS,m12_medium_flood_dup0_s20260619,bonded,13965,PRIVPROBE:0,rl_hit,1,False,0,rl
m12_medium_flood_dup0_s20260619_bonded,BudgetDoS,m12_medium_flood_dup0_s20260619,bonded,14072,PRIVPROBE:0,rl_hit,1,False,0,rl
m12_medium_flood_dup0_s20260619_bonded,BudgetDoS,m12_medium_flood_dup0_s20260619,bonded,14195,PRIVPROBE:0,rl_hit,1,False,0,rl
m12_medium_flood_dup0_s20260619_bonded,BudgetDoS,m12_medium_flood_dup0_s20260619,bonded,14307,PRIVPROBE:0,rl_hit,1,False,0,rl
m12_medium_flood_dup0_s20260619_bonded,BudgetDoS,m12_medium_flood_dup0_s20260619,bonded,14423,PRIVPROBE:0,rl_hit,1,False,0,rl
m12_medium_flood_dup0_s20260619_bonded,BudgetDoS,m12_medium_flood_dup0_s20260619,bonded,14562,PRIVPROBE:0,rl_hit,1,False,0,rl
m12_medium_flood_dup0_s20260619_bonded,BudgetDoS,m12_medium_flood_dup0_s20260619,bonded,14700,PRIVPROBE:0,rl_hit,1,False,0,rl
m12_medium_flood_dup0_s20260619_bonded,BudgetDoS,m12_medium_flood_dup0_s20260619,bonded,14813,PRIVPROBE:0,rl_hit,1,False,0,rl
m12_medium_flood_dup0_s20260619_bonded,BudgetDoS,m12_medium_flood_dup0_s20260619,bonded,14923,PRIVPROBE:0,rl_hit,1,False,0,rl
m12_medium_flood_dup0_s20260619_bonded,BudgetDoS,m12_medium_flood_dup0_s20260619,bonded,15026,PRIVPROBE:0,rl_hit,1,False,0,rl
m12_medium_flood_dup0_s20260619_bonded,BudgetDoS,m12_medium_flood_dup0_s20260619,bonded,15137,PRIVPROBE:0,rl_hit,1,False,0,rl
m12_medium_flood_dup0_s20260619_bonded,BudgetDoS,m12_medium_flood_dup0_s20260619,bonded,15252,PRIVPROBE:0,rl_hit,1,False,0,rl
m12_medium_flood_dup0_s20260619_bonded,BudgetDoS,m12_medium_flood_dup0_s20260619,bonded,15386,PRIVPROBE:0,rl_hit,1,False,0,rl
m12_medium_flood_dup0_s20260619_bonded,BudgetDoS,m12_medium_flood_dup0_s20260619,bonded,15514,PRIVPROBE:0,rl_hit,1,False,0,rl
m12_medium_flood_dup0_s20260619_bonded,BudgetDoS,m12_medium_flood_dup0_s20260619,bonded,15638,PRIVPROBE:0,rl_hit,1,False,0,rl
m12_medium_flood_dup0_s20260619_bonded,BudgetDoS,m12_medium_flood_dup0_s20260619,bonded,15748,PRIVPROBE:0,rl_hit,1,False,0,rl
m12_medium_flood_dup0_s20260619_bonded,BudgetDoS,m12_medium_flood_dup0_s20260619,bonded,15875,PRIVPROBE:0,rl_hit,1,False,0,rl
m12_medium_flood_dup0_s20260619_bonded,BudgetDoS,m12_medium_flood_dup0_s20260619,bonded,16026,PRIVPROBE:0,rl_hit,1,False,0,rl
m12_medium_flood_dup0_s20260619_bonded,BudgetDoS,m12_medium_flood_dup0_s20260619,bonded,16123,PRIVPROBE:0,rl_hit,1,False,0,rl
m12_medium_flood_dup0_s20260619_bonded,BudgetDoS,m12_medium_flood_dup0_s20260619,bonded,16253,PRIVPROBE:0,rl_hit,1,False,0,rl
m12_medium_flood_dup0_s20260619_bonded,BudgetDoS,m12_medium_flood_dup0_s20260619,bonded,16380,PRIVPROBE:0,rl_hit,1,False,0,rl
m12_medium_flood_dup0_s20260619_bonded,BudgetDoS,m12_medium_flood_dup0_s20260619,bonded,16512,PRIVPROBE:0,rl_hit,1,False,0,rl
m12_medium_flood_dup0_s20260619_bonded,BudgetDoS,m12_medium_flood_dup0_s20260619,bonded,16653,PRIVPROBE:0,rl_hit,1,False,0,rl
m12_medium_flood_dup0_s20260619_bonded,BudgetDoS,m12_medium_flood_dup0_s20260619,bonded,16775,PRIVPROBE:0,rl_hit,1,False,0,rl
m12_medium_flood_dup0_s20260619_bonded,BudgetDoS,m12_medium_flood_dup0_s20260619,bonded,16889,PRIVPROBE:0,rl_hit,1,False,0,rl
m12_medium_flood_dup0_s20260619_bonded,BudgetDoS,m12_medium_flood_dup0_s20260619,bonded,16991,PRIVPROBE:0,rl_hit,1,False,0,rl
m12_medium_flood_dup0_s20260619_bonded,BudgetDoS,m12_medium_flood_dup0_s20260619,bonded,17101,PRIVPROBE:0,rl_hit,1,False,0,rl
m12_medium_flood_dup0_s20260619_bonded,BudgetDoS,m12_medium_flood_dup0_s20260619,bonded,17211,PRIVPROBE:0,rl_hit,1,False,0,rl
m12_medium_flood_dup0_s20260619_bonded,BudgetDoS,m12_medium_flood_dup0_s20260619,bonded,17338,PRIVPROBE:0,rl_hit,1,False,0,rl
m12_medium_flood_dup0_s20260619_bonded,BudgetDoS,m12_medium_flood_dup0_s20260619,bonded,17466,PRIVPROBE:0,rl_hit,1,False,0,rl
m12_medium_flood_dup0_s20260619_bonded,BudgetDoS,m12_medium_flood_dup0_s20260619,bonded,17586,PRIVPROBE:0,rl_hit,1,False,0,rl
m12_medium_flood_dup0_s20260619_bonded,BudgetDoS,m12_medium_flood_dup0_s20260619,bonded,17706,PRIVPROBE:0,rl_hit,1,False,0,rl
m12_medium_flood_dup0_s20260619_bonded,BudgetDoS,m12_medium_flood_dup0_s20260619,bonded,17840,PRIVPROBE:0,rl_hit,1,False,0,rl
m12_medium_flood_dup0_s20260619_bonded,BudgetDoS,m12_medium_flood_dup0_s20260619,bonded,17984,PRIVPROBE:0,rl_hit,1,False,0,rl
m12_medium_flood_dup0_s20260619_bonded,BudgetDoS,m12_medium_flood_dup0_s20260619,bonded,18111,PRIVPROBE:0,rl_hit,1,False,0,rl
m12_medium_flood_dup0_s20260619_bonded,BudgetDoS,m12_medium_flood_dup0_s20260619,bonded,18225,PRIVPROBE:0,rl_hit,1,False,0,rl
m12_medium_flood_dup0_s20260619_bonded,BudgetDoS,m12_medium_flood_dup0_s20260619,bonded,18338,PRIVPROBE:0,rl_hit,1,False,0,rl
m12_medium_flood_dup0_s20260619_bonded,BudgetDoS,m12_medium_flood_dup0_s20260619,bonded,18455,PRIVPROBE:0,rl_hit,1,False,0,rl
m12_medium_flood_dup0_s20260619_bonded,BudgetDoS,m12_medium_flood_dup0_s20260619,bonded,18558,PRIVPROBE:0,rl_hit,1,False,0,rl
m12_medium_flood_dup0_s20260619_bonded,BudgetDoS,m12_medium_flood_dup0_s20260619,bonded,18700,PRIVPROBE:0,rl_hit,1,False,0,rl
m12_medium_flood_dup0_s20260619_bonded,BudgetDoS,m12_medium_flood_dup0_s20260619,bonded,18807,PRIVPROBE:0,rl_hit,1,False,0,rl
m12_medium_flood_dup0_s20260619_bonded,BudgetDoS,m12_medium_flood_dup0_s20260619,bonded,18926,PRIVPROBE:0,rl_hit,1,False,0,rl
m12_medium_flood_dup0_s20260619_bonded,BudgetDoS,m12_medium_flood_dup0_s20260619,bonded,19032,PRIVPROBE:0,rl_hit,1,False,0,rl
m12_medium_flood_dup0_s20260619_bonded,BudgetDoS,m12_medium_flood_dup0_s20260619,bonded,19151,PRIVPROBE:0,rl_hit,1,False,0,rl
m12_medium_flood_dup0_s20260619_bonded,BudgetDoS,m12_medium_flood_dup0_s20260619,bonded,19274,PRIVPROBE:0,rl_hit,1,False,0,rl
m12_medium_flood_dup0_s20260619_bonded,BudgetDoS,m12_medium_flood_dup0_s20260619,bonded,19410,PRIVPROBE:0,rl_hit,1,False,0,rl
m12_medium_flood_dup0_s20260619_bonded,BudgetDoS,m12_medium_flood_dup0_s20260619,bonded,19524,PRIVPROBE:0,rl_hit,1,False,0,rl
m12_medium_flood_dup0_s20260619_bonded,BudgetDoS,m12_medium_flood_dup0_s20260619,bonded,19636,PRIVPROBE:0,rl_hit,1,False,0,rl
m12_medium_flood_dup0_s20260619_bonded,BudgetDoS,m12_medium_flood_dup0_s20260619,bonded,19743,PRIVPROBE:0,rl_hit,1,False,0,rl
m12_medium_flood_dup0_s20260619_bonded,BudgetDoS,m12_medium_flood_dup0_s20260619,bonded,19854,PRIVPROBE:0,rl_hit,1,False,0,rl
m12_medium_flood_dup0_s20260619_bonded,BudgetDoS,m12_medium_flood_dup0_s20260619,bonded,19965,PRIVPROBE:0,rl_hit,1,False,0,rl
m12_medium_flood_dup0_s20260619_bonded,BudgetDoS,m12_medium_flood_dup0_s20260619,bonded,20106,PRIVPROBE:0,rl_hit,1,False,0,rl
m12_medium_flood_dup0_s20260619_bonded,BudgetDoS,m12_medium_flood_dup0_s20260619,bonded,20221,PRIVPROBE:0,rl_hit,1,False,0,rl
m12_medium_flood_dup0_s20260619_bonded,BudgetDoS,m12_medium_flood_dup0_s20260619,bonded,20326,PRIVPROBE:0,rl_hit,1,False,0,rl
m12_medium_flood_dup0_s20260619_bonded,BudgetDoS,m12_medium_flood_dup0_s20260619,bonded,20426,PRIVPROBE:0,rl_hit,1,False,0,rl
m12_medium_flood_dup0_s20260619_bonded,BudgetDoS,m12_medium_flood_dup0_s20260619,bonded,20563,PRIVPROBE:0,rl_hit,1,False,0,rl
m12_medium_flood_dup0_s20260619_bonded,BudgetDoS,m12_medium_flood_dup0_s20260619,bonded,20689,PRIVPROBE:0,rl_hit,1,False,0,rl
m12_medium_flood_dup0_s20260619_bonded,BudgetDoS,m12_medium_flood_dup0_s20260619,bonded,20825,PRIVPROBE:0,rl_hit,1,False,0,rl
m12_medium_flood_dup0_s20260619_bonded,BudgetDoS,m12_medium_flood_dup0_s20260619,bonded,20944,PRIVPROBE:0,rl_hit,1,False,0,rl
m12_medium_flood_dup0_s20260619_bonded,BudgetDoS,m12_medium_flood_dup0_s20260619,bonded,21043,PRIVPROBE:0,rl_hit,1,False,0,rl
m12_medium_flood_dup0_s20260619_bonded,BudgetDoS,m12_medium_flood_dup0_s20260619,bonded,21157,PRIVPROBE:0,rl_hit,1,False,0,rl
m12_medium_flood_dup0_s20260619_bonded,BudgetDoS,m12_medium_flood_dup0_s20260619,bonded,21265,PRIVPROBE:0,rl_hit,1,False,0,rl
m12_medium_flood_dup0_s20260619_bonded,BudgetDoS,m12_medium_flood_dup0_s20260619,bonded,21393,PRIVPROBE:0,rl_hit,1,False,0,rl
m12_medium_flood_dup0_s20260619_bonded,BudgetDoS,m12_medium_flood_dup0_s20260619,bonded,21517,PRIVPROBE:0,rl_hit,1,False,0,rl
m12_medium_flood_dup0_s20260619_bonded,BudgetDoS,m12_medium_flood_dup0_s20260619,bonded,21644,PRIVPROBE:0,rl_hit,1,False,0,rl
m12_medium_flood_dup0_s20260619_bonded,BudgetDoS,m12_medium_flood_dup0_s20260619,bonded,21763,PRIVPROBE:1,rl_hit,1,False,0,rl
m12_medium_flood_dup0_s20260619_bonded,BudgetDoS,m12_medium_flood_dup0_s20260619,bonded,21881,PRIVPROBE:1,rl_hit,1,False,0,rl
m12_medium_flood_dup0_s20260619_bonded,BudgetDoS,m12_medium_flood_dup0_s20260619,bonded,21986,PRIVPROBE:1,rl_hit,1,False,0,rl
m12_medium_flood_dup0_s20260619_bonded,BudgetDoS,m12_medium_flood_dup0_s20260619,bonded,22095,PRIVPROBE:1,rl_hit,1,False,0,rl
m12_medium_flood_dup0_s20260619_bonded,BudgetDoS,m12_medium_flood_dup0_s20260619,bonded,22219,PRIVPROBE:1,rl_hit,1,False,0,rl
m12_medium_flood_dup0_s20260619_bonded,BudgetDoS,m12_medium_flood_dup0_s20260619,bonded,22348,PRIVPROBE:1,rl_hit,1,False,0,rl
m12_medium_flood_dup0_s20260619_bonded,BudgetDoS,m12_medium_flood_dup0_s20260619,bonded,22459,PRIVPROBE:1,rl_hit,1,False,0,rl
m12_medium_flood_dup0_s20260619_bonded,BudgetDoS,m12_medium_flood_dup0_s20260619,bonded,22603,PRIVPROBE:1,rl_hit,1,False,0,rl
m12_medium_flood_dup0_s20260619_bonded,BudgetDoS,m12_medium_flood_dup0_s20260619,bonded,22759,PRIVPROBE:1,rl_hit,1,False,0,rl
m12_medium_flood_dup0_s20260619_bonded,BudgetDoS,m12_medium_flood_dup0_s20260619,bonded,22869,PRIVPROBE:1,rl_hit,1,False,0,rl
m12_medium_flood_dup0_s20260619_bonded,BudgetDoS,m12_medium_flood_dup0_s20260619,bonded,23012,PRIVPROBE:1,rl_hit,1,False,0,rl
m12_medium_flood_dup0_s20260619_bonded,BudgetDoS,m12_medium_flood_dup0_s20260619,bonded,23124,PRIVPROBE:1,rl_hit,1,False,0,rl
m12_medium_flood_dup0_s20260619_bonded,BudgetDoS,m12_medium_flood_dup0_s20260619,bonded,23258,PRIVPROBE:1,rl_hit,1,False,0,rl
m12_medium_flood_dup0_s20260619_bonded,BudgetDoS,m12_medium_flood_dup0_s20260619,bonded,23396,PRIVPROBE:1,rl_hit,1,False,0,rl
m12_medium_flood_dup0_s20260619_bonded,BudgetDoS,m12_medium_flood_dup0_s20260619,bonded,23533,PRIVPROBE:1,rl_hit,1,False,0,rl
m12_medium_flood_dup0_s20260619_bonded,BudgetDoS,m12_medium_flood_dup0_s20260619,bonded,23648,PRIVPROBE:1,rl_hit,1,False,0,rl
m12_medium_flood_dup0_s20260619_bonded,BudgetDoS,m12_medium_flood_dup0_s20260619,bonded,23786,PRIVPROBE:1,rl_hit,1,False,0,rl
m12_medium_flood_dup0_s20260619_bonded,BudgetDoS,m12_medium_flood_dup0_s20260619,bonded,23898,PRIVPROBE:1,rl_hit,1,False,0,rl
m12_medium_flood_dup0_s20260619_bonded,BudgetDoS,m12_medium_flood_dup0_s20260619,bonded,23984,PRIVPROBE:1,rl_hit,1,False,0,rl
m12_medium_flood_dup0_s20260619_bonded,BudgetDoS,m12_medium_flood_dup0_s20260619,bonded,24133,PRIVPROBE:1,rl_hit,1,False,0,rl
m12_medium_flood_dup0_s20260619_bonded,BudgetDoS,m12_medium_flood_dup0_s20260619,bonded,24258,PRIVPROBE:1,rl_hit,1,False,0,rl
m12_medium_flood_dup0_s20260619_bonded,BudgetDoS,m12_medium_flood_dup0_s20260619,bonded,24379,PRIVPROBE:1,rl_hit,1,False,0,rl
m12_medium_flood_dup0_s20260619_bonded,BudgetDoS,m12_medium_flood_dup0_s20260619,bonded,24523,PRIVPROBE:1,rl_hit,1,False,0,rl
m12_medium_flood_dup0_s20260619_bonded,BudgetDoS,m12_medium_flood_dup0_s20260619,bonded,24629,PRIVPROBE:1,rl_hit,1,False,0,rl
m12_medium_flood_dup0_s20260619_bonded,BudgetDoS,m12_medium_flood_dup0_s20260619,bonded,24748,PRIVPROBE:1,rl_hit,1,False,0,rl
m12_medium_flood_dup0_s20260619_bonded,BudgetDoS,m12_medium_flood_dup0_s20260619,bonded,24861,PRIVPROBE:1,rl_hit,1,False,0,rl
m12_medium_flood_dup0_s20260619_bonded,BudgetDoS,m12_medium_flood_dup0_s20260619,bonded,24981,PRIVPROBE:1,rl_hit,1,False,0,rl
m12_medium_flood_dup0_s20260619_bonded,BudgetDoS,m12_medium_flood_dup0_s20260619,bonded,25103,PRIVPROBE:1,rl_hit,1,False,0,rl
m12_medium_flood_dup0_s20260619_bonded,BudgetDoS,m12_medium_flood_dup0_s20260619,bonded,25224,PRIVPROBE:1,rl_hit,1,False,0,rl
m12_medium_flood_dup0_s20260619_bonded,BudgetDoS,m12_medium_flood_dup0_s20260619,bonded,25351,PRIVPROBE:1,rl_hit,1,False,0,rl
m12_medium_flood_dup0_s20260619_bonded,BudgetDoS,m12_medium_flood_dup0_s20260619,bonded,25478,PRIVPROBE:1,rl_hit,1,False,0,rl
m12_medium_flood_dup0_s20260619_bonded,BudgetDoS,m12_medium_flood_dup0_s20260619,bonded,25597,PRIVPROBE:1,rl_hit,1,False,0,rl
m12_medium_flood_dup0_s20260619_bonded,BudgetDoS,m12_medium_flood_dup0_s20260619,bonded,25722,PRIVPROBE:1,rl_hit,1,False,0,rl
m12_medium_flood_dup0_s20260619_bonded,BudgetDoS,m12_medium_flood_dup0_s20260619,bonded,25835,PRIVPROBE:1,rl_hit,1,False,0,rl
m12_medium_flood_dup0_s20260619_bonded,BudgetDoS,m12_medium_flood_dup0_s20260619,bonded,25962,PRIVPROBE:1,rl_hit,1,False,0,rl
m12_medium_flood_dup0_s20260619_bonded,BudgetDoS,m12_medium_flood_dup0_s20260619,bonded,26086,PRIVPROBE:1,rl_hit,1,False,0,rl
m12_medium_flood_dup0_s20260619_bonded,BudgetDoS,m12_medium_flood_dup0_s20260619,bonded,26231,PRIVPROBE:1,rl_hit,1,False,0,rl
m12_medium_flood_dup0_s20260619_bonded,BudgetDoS,m12_medium_flood_dup0_s20260619,bonded,26359,PRIVPROBE:1,rl_hit,1,False,0,rl
m12_medium_flood_dup0_s20260619_bonded,BudgetDoS,m12_medium_flood_dup0_s20260619,bonded,26482,PRIVPROBE:1,rl_hit,1,False,0,rl
m12_medium_flood_dup0_s20260619_bonded,BudgetDoS,m12_medium_flood_dup0_s20260619,bonded,26597,PRIVPROBE:1,rl_hit,1,False,0,rl
m12_medium_flood_dup0_s20260619_bonded,BudgetDoS,m12_medium_flood_dup0_s20260619,bonded,26712,PRIVPROBE:1,rl_hit,1,False,0,rl
m12_medium_flood_dup0_s20260619_bonded,BudgetDoS,m12_medium_flood_dup0_s20260619,bonded,26843,PRIVPROBE:1,rl_hit,1,False,0,rl
m12_medium_flood_dup0_s20260619_bonded,BudgetDoS,m12_medium_flood_dup0_s20260619,bonded,26955,PRIVPROBE:1,rl_hit,1,False,0,rl
m12_medium_flood_dup0_s20260619_bonded,BudgetDoS,m12_medium_flood_dup0_s20260619,bonded,27074,PRIVPROBE:1,rl_hit,1,False,0,rl
m12_medium_flood_dup0_s20260619_bonded,BudgetDoS,m12_medium_flood_dup0_s20260619,bonded,27189,PRIVPROBE:1,rl_hit,1,False,0,rl
m12_medium_flood_dup0_s20260619_bonded,BudgetDoS,m12_medium_flood_dup0_s20260619,bonded,27335,PRIVPROBE:1,rl_hit,1,False,0,rl
m12_medium_flood_dup0_s20260619_bonded,BudgetDoS,m12_medium_flood_dup0_s20260619,bonded,27448,PRIVPROBE:1,rl_hit,1,False,0,rl
m12_medium_flood_dup0_s20260619_bonded,BudgetDoS,m12_medium_flood_dup0_s20260619,bonded,27573,PRIVPROBE:1,rl_hit,1,False,0,rl
m12_medium_flood_dup0_s20260619_bonded,BudgetDoS,m12_medium_flood_dup0_s20260619,bonded,27696,PRIVPROBE:1,rl_hit,1,False,0,rl
m12_medium_flood_dup0_s20260619_bonded,BudgetDoS,m12_medium_flood_dup0_s20260619,bonded,27833,PRIVPROBE:1,rl_hit,1,False,0,rl
m12_medium_flood_dup0_s20260619_bonded,BudgetDoS,m12_medium_flood_dup0_s20260619,bonded,27941,PRIVPROBE:1,rl_hit,1,False,0,rl
m12_medium_flood_dup0_s20260619_bonded,BudgetDoS,m12_medium_flood_dup0_s20260619,bonded,28075,PRIVPROBE:1,rl_hit,1,False,0,rl
m12_medium_flood_dup0_s20260619_bonded,BudgetDoS,m12_medium_flood_dup0_s20260619,bonded,28208,PRIVPROBE:1,rl_hit,1,False,0,rl
m12_medium_flood_dup0_s20260619_bonded,BudgetDoS,m12_medium_flood_dup0_s20260619,bonded,28324,PRIVPROBE:1,rl_hit,1,False,0,rl
m12_medium_flood_dup0_s20260619_bonded,BudgetDoS,m12_medium_flood_dup0_s20260619,bonded,28435,PRIVPROBE:1,rl_hit,1,False,0,rl
m12_medium_flood_dup0_s20260619_bonded,BudgetDoS,m12_medium_flood_dup0_s20260619,bonded,28563,PRIVPROBE:1,rl_hit,1,False,0,rl
m12_medium_flood_dup0_s20260619_bonded,BudgetDoS,m12_medium_flood_dup0_s20260619,bonded,28693,PRIVPROBE:1,rl_hit,1,False,0,rl
m12_medium_flood_dup0_s20260619_bonded,BudgetDoS,m12_medium_flood_dup0_s20260619,bonded,28820,PRIVPROBE:1,rl_hit,1,False,0,rl
m12_medium_flood_dup0_s20260619_bonded,BudgetDoS,m12_medium_flood_dup0_s20260619,bonded,28936,PRIVPROBE:1,rl_hit,1,False,0,rl
m12_medium_flood_dup0_s20260619_bonded,BudgetDoS,m12_medium_flood_dup0_s20260619,bonded,29081,PRIVPROBE:1,rl_hit,1,False,0,rl
m12_medium_flood_dup0_s20260619_bonded,BudgetDoS,m12_medium_flood_dup0_s20260619,bonded,29214,PRIVPROBE:1,rl_hit,1,False,0,rl
m12_medium_flood_dup0_s20260619_bonded,BudgetDoS,m12_medium_flood_dup0_s20260619,bonded,29344,PRIVPROBE:1,rl_hit,1,False,0,rl
m12_medium_flood_dup0_s20260619_bonded,BudgetDoS,m12_medium_flood_dup0_s20260619,bonded,29470,PRIVPROBE:1,rl_hit,1,False,0,rl
m12_medium_flood_dup0_s20260619_bonded,BudgetDoS,m12_medium_flood_dup0_s20260619,bonded,29575,PRIVPROBE:1,rl_hit,1,False,0,rl
m12_medium_flood_dup0_s20260619_bonded,BudgetDoS,m12_medium_flood_dup0_s20260619,bonded,29706,PRIVPROBE:1,rl_hit,1,False,0,rl
m12_medium_flood_dup0_s20260619_bonded,BudgetDoS,m12_medium_flood_dup0_s20260619,bonded,29844,PRIVPROBE:1,rl_hit,1,False,0,rl
m12_medium_flood_dup0_s20260619_bonded,BudgetDoS,m12_medium_flood_dup0_s20260619,bonded,29960,PRIVPROBE:1,rl_hit,1,False,0,rl
m12_medium_flood_dup0_s20260619_bonded,BudgetDoS,m12_medium_flood_dup0_s20260619,bonded,30076,PRIVPROBE:1,rl_hit,1,False,0,rl
m12_medium_flood_dup0_s20260619_bonded,BudgetDoS,m12_medium_flood_dup0_s20260619,bonded,30202,PRIVPROBE:1,rl_hit,1,False,0,rl
m12_medium_flood_dup0_s20260619_bonded,BudgetDoS,m12_medium_flood_dup0_s20260619,bonded,30321,PRIVPROBE:1,rl_hit,1,False,0,rl
m12_medium_flood_dup0_s20260619_bonded,BudgetDoS,m12_medium_flood_dup0_s20260619,bonded,30450,PRIVPROBE:1,rl_hit,1,False,0,rl
m12_medium_flood_dup0_s20260619_bonded,BudgetDoS,m12_medium_flood_dup0_s20260619,bonded,30579,PRIVPROBE:1,rl_hit,1,False,0,rl
m12_medium_flood_dup0_s20260619_bonded,BudgetDoS,m12_medium_flood_dup0_s20260619,bonded,30687,PRIVPROBE:1,rl_hit,1,False,0,rl
m12_medium_flood_dup0_s20260619_bonded,BudgetDoS,m12_medium_flood_dup0_s20260619,bonded,30786,PRIVPROBE:1,rl_hit,1,False,0,rl
m12_medium_flood_dup0_s20260619_bonded,BudgetDoS,m12_medium_flood_dup0_s20260619,bonded,30905,PRIVPROBE:1,rl_hit,1,False,0,rl
m12_medium_flood_dup0_s20260619_bonded,BudgetDoS,m12_medium_flood_dup0_s20260619,bonded,31024,PRIVPROBE:1,rl_hit,1,False,0,rl
m12_medium_flood_dup0_s20260619_bonded,BudgetDoS,m12_medium_flood_dup0_s20260619,bonded,31153,PRIVPROBE:1,rl_hit,1,False,0,rl
m12_medium_flood_dup0_s20260619_bonded,BudgetDoS,m12_medium_flood_dup0_s20260619,bonded,31296,PRIVPROBE:1,rl_hit,1,False,0,rl
m12_medium_flood_dup0_s20260619_bonded,BudgetDoS,m12_medium_flood_dup0_s20260619,bonded,31401,PRIVPROBE:1,rl_hit,1,False,0,rl
m12_medium_flood_dup0_s20260619_bonded,BudgetDoS,m12_medium_flood_dup0_s20260619,bonded,31534,PRIVPROBE:1,rl_hit,1,False,0,rl
m12_medium_flood_dup0_s20260619_bonded,BudgetDoS,m12_medium_flood_dup0_s20260619,bonded,31657,PRIVPROBE:1,rl_hit,1,False,0,rl
m12_medium_flood_dup0_s20260619_bonded,BudgetDoS,m12_medium_flood_dup0_s20260619,bonded,31795,PRIVPROBE:1,rl_hit,1,False,0,rl
m12_medium_flood_dup0_s20260619_bonded,BudgetDoS,m12_medium_flood_dup0_s20260619,bonded,31935,PRIVPROBE:1,rl_hit,1,False,0,rl
m12_medium_flood_dup0_s20260619_bonded,BudgetDoS,m12_medium_flood_dup0_s20260619,bonded,32046,PRIVPROBE:1,rl_hit,1,False,0,rl
m12_medium_flood_dup0_s20260619_bonded,BudgetDoS,m12_medium_flood_dup0_s20260619,bonded,32186,PRIVPROBE:1,rl_hit,1,False,0,rl
m12_medium_flood_dup0_s20260619_bonded,BudgetDoS,m12_medium_flood_dup0_s20260619,bonded,32324,PRIVPROBE:1,rl_hit,1,False,0,rl
m12_medium_flood_dup0_s20260619_bonded,BudgetDoS,m12_medium_flood_dup0_s20260619,bonded,32445,PRIVPROBE:1,rl_hit,1,False,0,rl
m12_medium_flood_dup0_s20260619_bonded,BudgetDoS,m12_medium_flood_dup0_s20260619,bonded,32563,PRIVPROBE:1,rl_hit,1,False,0,rl
m12_medium_flood_dup0_s20260619_bonded,BudgetDoS,m12_medium_flood_dup0_s20260619,bonded,32680,PRIVPROBE:1,rl_hit,1,False,0,rl
m12_medium_flood_dup0_s20260619_bonded,BudgetDoS,m12_medium_flood_dup0_s20260619,bonded,32789,PRIVPROBE:1,rl_hit,1,False,0,rl
m12_medium_flood_dup0_s20260619_bonded,BudgetDoS,m12_medium_flood_dup0_s20260619,bonded,32903,PRIVPROBE:1,rl_hit,1,False,0,rl
m12_medium_flood_dup0_s20260619_bonded,BudgetDoS,m12_medium_flood_dup0_s20260619,bonded,33036,PRIVPROBE:1,rl_hit,1,False,0,rl
m12_medium_flood_dup0_s20260619_bonded,BudgetDoS,m12_medium_flood_dup0_s20260619,bonded,33166,PRIVPROBE:1,rl_hit,1,False,0,rl
m12_medium_flood_dup0_s20260619_bonded,BudgetDoS,m12_medium_flood_dup0_s20260619,bonded,33288,PRIVPROBE:1,rl_hit,1,False,0,rl
m12_medium_flood_dup0_s20260619_bonded,BudgetDoS,m12_medium_flood_dup0_s20260619,bonded,33387,PRIVPROBE:1,rl_hit,1,False,0,rl
m12_medium_flood_dup0_s20260619_bonded,BudgetDoS,m12_medium_flood_dup0_s20260619,bonded,33488,PRIVPROBE:1,rl_hit,1,False,0,rl
m12_medium_flood_dup0_s20260619_bonded,BudgetDoS,m12_medium_flood_dup0_s20260619,bonded,33601,PRIVPROBE:1,rl_hit,1,False,0,rl
m12_medium_flood_dup0_s20260619_bonded,BudgetDoS,m12_medium_flood_dup0_s20260619,bonded,33708,PRIVPROBE:1,rl_hit,1,False,0,rl
m12_medium_flood_dup0_s20260619_bonded,BudgetDoS,m12_medium_flood_dup0_s20260619,bonded,33835,PRIVPROBE:1,rl_hit,1,False,0,rl
m12_medium_flood_dup0_s20260619_bonded,BudgetDoS,m12_medium_flood_dup0_s20260619,bonded,33947,PRIVPROBE:1,rl_hit,1,False,0,rl
m12_medium_flood_dup0_s20260619_bonded,BudgetDoS,m12_medium_flood_dup0_s20260619,bonded,34095,PRIVPROBE:1,rl_hit,1,False,0,rl
m12_medium_flood_dup0_s20260619_bonded,BudgetDoS,m12_medium_flood_dup0_s20260619,bonded,34222,PRIVPROBE:1,rl_hit,1,False,0,rl
m12_medium_flood_dup0_s20260619_bonded,BudgetDoS,m12_medium_flood_dup0_s20260619,bonded,34335,PRIVPROBE:1,rl_hit,1,False,0,rl
m12_medium_flood_dup0_s20260619_bonded,BudgetDoS,m12_medium_flood_dup0_s20260619,bonded,34455,PRIVPROBE:1,rl_hit,1,False,0,rl
m12_medium_flood_dup0_s20260619_bonded,BudgetDoS,m12_medium_flood_dup0_s20260619,bonded,34576,PRIVPROBE:1,rl_hit,1,False,0,rl
m12_medium_flood_dup0_s20260619_bonded,BudgetDoS,m12_medium_flood_dup0_s20260619,bonded,34681,PRIVPROBE:1,rl_hit,1,False,0,rl
m12_medium_flood_dup0_s20260619_bonded,BudgetDoS,m12_medium_flood_dup0_s20260619,bonded,34793,PRIVPROBE:1,rl_hit,1,False,0,rl
m12_medium_flood_dup0_s20260619_bonded,BudgetDoS,m12_medium_flood_dup0_s20260619,bonded,34908,PRIVPROBE:1,rl_hit,1,False,0,rl
m12_medium_flood_dup0_s20260619_bonded,BudgetDoS,m12_medium_flood_dup0_s20260619,bonded,35018,PRIVPROBE:1,rl_hit,1,False,0,rl
m12_medium_flood_dup0_s20260619_bonded,BudgetDoS,m12_medium_flood_dup0_s20260619,bonded,35127,PRIVPROBE:1,rl_hit,1,False,0,rl
m12_medium_flood_dup0_s20260619_bonded,BudgetDoS,m12_medium_flood_dup0_s20260619,bonded,35261,PRIVPROBE:1,rl_hit,1,False,0,rl
m12_medium_flood_dup0_s20260619_bonded,BudgetDoS,m12_medium_flood_dup0_s20260619,bonded,35369,PRIVPROBE:1,rl_hit,1,False,0,rl
m12_medium_flood_dup0_s20260619_bonded,BudgetDoS,m12_medium_flood_dup0_s20260619,bonded,35485,PRIVPROBE:1,rl_hit,1,False,0,rl
m12_medium_flood_dup0_s20260619_bonded,BudgetDoS,m12_medium_flood_dup0_s20260619,bonded,35582,PRIVPROBE:1,rl_hit,1,False,0,rl
m12_medium_flood_dup0_s20260619_bonded,BudgetDoS,m12_medium_flood_dup0_s20260619,bonded,35708,PRIVPROBE:1,rl_hit,1,False,0,rl
m12_medium_flood_dup0_s20260619_bonded,BudgetDoS,m12_medium_flood_dup0_s20260619,bonded,35846,PRIVPROBE:1,rl_hit,1,False,0,rl
m12_medium_flood_dup0_s20260619_bonded,BudgetDoS,m12_medium_flood_dup0_s20260619,bonded,35953,PRIVPROBE:1,rl_hit,1,False,0,rl
m12_medium_flood_dup0_s20260619_bonded,BudgetDoS,m12_medium_flood_dup0_s20260619,bonded,36085,PRIVPROBE:1,rl_hit,1,False,0,rl
m12_medium_flood_dup0_s20260619_bonded,BudgetDoS,m12_medium_flood_dup0_s20260619,bonded,36207,PRIVPROBE:1,rl_hit,1,False,0,rl
m12_medium_flood_dup0_s20260619_bonded,BudgetDoS,m12_medium_flood_dup0_s20260619,bonded,36310,PRIVPROBE:1,rl_hit,1,False,0,rl
m12_medium_flood_dup0_s20260619_bonded,BudgetDoS,m12_medium_flood_dup0_s20260619,bonded,36439,PRIVPROBE:1,rl_hit,1,False,0,rl
m12_medium_flood_dup0_s20260619_bonded,BudgetDoS,m12_medium_flood_dup0_s20260619,bonded,36542,PRIVPROBE:1,rl_hit,1,False,0,rl
m12_medium_flood_dup0_s20260619_bonded,BudgetDoS,m12_medium_flood_dup0_s20260619,bonded,36648,PRIVPROBE:1,rl_hit,1,False,0,rl
m12_medium_flood_dup0_s20260619_bonded,BudgetDoS,m12_medium_flood_dup0_s20260619,bonded,36780,PRIVPROBE:1,rl_hit,1,False,0,rl
m12_medium_flood_dup0_s20260619_bonded,BudgetDoS,m12_medium_flood_dup0_s20260619,bonded,36906,PRIVPROBE:1,rl_hit,1,False,0,rl
m12_medium_flood_dup0_s20260619_bonded,BudgetDoS,m12_medium_flood_dup0_s20260619,bonded,37019,PRIVPROBE:1,rl_hit,1,False,0,rl
m12_medium_flood_dup0_s20260619_bonded,BudgetDoS,m12_medium_flood_dup0_s20260619,bonded,37150,PRIVPROBE:1,rl_hit,1,False,0,rl
m12_medium_flood_dup0_s20260619_bonded,BudgetDoS,m12_medium_flood_dup0_s20260619,bonded,37278,PRIVPROBE:1,rl_hit,1,False,0,rl
m12_medium_flood_dup0_s20260619_bonded,BudgetDoS,m12_medium_flood_dup0_s20260619,bonded,37381,PRIVPROBE:1,rl_hit,1,False,0,rl
m12_medium_flood_dup0_s20260619_bonded,BudgetDoS,m12_medium_flood_dup0_s20260619,bonded,37501,PRIVPROBE:1,rl_hit,1,False,0,rl
m12_medium_flood_dup0_s20260619_bonded,BudgetDoS,m12_medium_flood_dup0_s20260619,bonded,37636,PRIVPROBE:1,rl_hit,1,False,0,rl
m12_medium_flood_dup0_s20260619_bonded,BudgetDoS,m12_medium_flood_dup0_s20260619,bonded,37745,PRIVPROBE:1,rl_hit,1,False,0,rl
m12_medium_flood_dup0_s20260619_bonded,BudgetDoS,m12_medium_flood_dup0_s20260619,bonded,37857,PRIVPROBE:1,rl_hit,1,False,0,rl
m12_medium_flood_dup0_s20260619_bonded,BudgetDoS,m12_medium_flood_dup0_s20260619,bonded,37971,PRIVPROBE:1,rl_hit,1,False,0,rl
m12_medium_flood_dup0_s20260619_bonded,BudgetDoS,m12_medium_flood_dup0_s20260619,bonded,38081,PRIVPROBE:1,rl_hit,1,False,0,rl
m12_medium_flood_dup0_s20260619_bonded,BudgetDoS,m12_medium_flood_dup0_s20260619,bonded,38199,PRIVPROBE:1,rl_hit,1,False,0,rl
m12_medium_flood_dup0_s20260619_bonded,BudgetDoS,m12_medium_flood_dup0_s20260619,bonded,38335,PRIVPROBE:1,rl_hit,1,False,0,rl
m12_medium_flood_dup0_s20260619_bonded,BudgetDoS,m12_medium_flood_dup0_s20260619,bonded,38447,PRIVPROBE:1,rl_hit,1,False,0,rl
m12_medium_flood_dup0_s20260619_bonded,BudgetDoS,m12_medium_flood_dup0_s20260619,bonded,38563,PRIVPROBE:1,rl_hit,1,False,0,rl
m12_medium_flood_dup0_s20260619_bonded,BudgetDoS,m12_medium_flood_dup0_s20260619,bonded,38679,PRIVPROBE:1,rl_hit,1,False,0,rl
m12_medium_flood_dup0_s20260619_bonded,BudgetDoS,m12_medium_flood_dup0_s20260619,bonded,38798,PRIVPROBE:1,rl_hit,1,False,0,rl
m12_medium_flood_dup0_s20260619_bonded,BudgetDoS,m12_medium_flood_dup0_s20260619,bonded,38924,PRIVPROBE:1,rl_hit,1,False,0,rl
m12_medium_flood_dup0_s20260619_bonded,BudgetDoS,m12_medium_flood_dup0_s20260619,bonded,39050,PRIVPROBE:1,rl_hit,1,False,0,rl
m12_medium_flood_dup0_s20260619_bonded,BudgetDoS,m12_medium_flood_dup0_s20260619,bonded,39180,PRIVPROBE:1,rl_hit,1,False,0,rl
m12_medium_flood_dup0_s20260619_bonded,BudgetDoS,m12_medium_flood_dup0_s20260619,bonded,39299,PRIVPROBE:1,rl_hit,1,False,0,rl
m12_medium_flood_dup0_s20260619_bonded,BudgetDoS,m12_medium_flood_dup0_s20260619,bonded,39394,PRIVPROBE:1,rl_hit,1,False,0,rl
m12_medium_flood_dup0_s20260619_bonded,BudgetDoS,m12_medium_flood_dup0_s20260619,bonded,39517,PRIVPROBE:1,rl_hit,1,False,0,rl
m12_medium_flood_dup0_s20260619_bonded,BudgetDoS,m12_medium_flood_dup0_s20260619,bonded,39621,PRIVPROBE:1,rl_hit,1,False,0,rl
m12_medium_flood_dup0_s20260619_bonded,BudgetDoS,m12_medium_flood_dup0_s20260619,bonded,39733,PRIVPROBE:1,rl_hit,1,False,0,rl
m12_medium_flood_dup0_s20260619_bonded,BudgetDoS,m12_medium_flood_dup0_s20260619,bonded,39873,PRIVPROBE:1,rl_hit,1,False,0,rl
m12_medium_flood_dup0_s20260619_bonded,BudgetDoS,m12_medium_flood_dup0_s20260619,bonded,39983,PRIVPROBE:1,rl_hit,1,False,0,rl
m12_medium_flood_dup0_s20260619_bonded,BudgetDoS,m12_medium_flood_dup0_s20260619,bonded,40110,PRIVPROBE:1,rl_hit,1,False,0,rl
m12_medium_flood_dup0_s20260619_bonded,BudgetDoS,m12_medium_flood_dup0_s20260619,bonded,40225,PRIVPROBE:1,rl_hit,1,False,0,rl
m12_medium_flood_dup0_s20260619_bonded,BudgetDoS,m12_medium_flood_dup0_s20260619,bonded,40340,PRIVPROBE:1,rl_hit,1,False,0,rl
m12_medium_flood_dup0_s20260619_bonded,BudgetDoS,m12_medium_flood_dup0_s20260619,bonded,40492,PRIVPROBE:1,rl_hit,1,False,0,rl
m12_medium_flood_dup0_s20260619_bonded,BudgetDoS,m12_medium_flood_dup0_s20260619,bonded,40639,PRIVPROBE:1,rl_hit,1,False,0,rl
m12_medium_flood_dup0_s20260619_bonded,BudgetDoS,m12_medium_flood_dup0_s20260619,bonded,40756,PRIVPROBE:1,rl_hit,1,False,0,rl
m12_medium_flood_dup0_s20260619_bonded,BudgetDoS,m12_medium_flood_dup0_s20260619,bonded,40862,PRIVPROBE:1,rl_hit,1,False,0,rl
m12_medium_flood_dup0_s20260619_bonded,BudgetDoS,m12_medium_flood_dup0_s20260619,bonded,40968,PRIVPROBE:1,rl_hit,1,False,0,rl
m12_medium_flood_dup0_s20260619_bonded,BudgetDoS,m12_medium_flood_dup0_s20260619,bonded,41100,PRIVPROBE:1,rl_hit,1,False,0,rl
m12_medium_flood_dup0_s20260619_bonded,BudgetDoS,m12_medium_flood_dup0_s20260619,bonded,41203,PRIVPROBE:1,rl_hit,1,False,0,rl
m12_medium_flood_dup0_s20260619_bonded,BudgetDoS,m12_medium_flood_dup0_s20260619,bonded,41326,PRIVPROBE:1,rl_hit,1,False,0,rl
m12_medium_flood_dup0_s20260619_bonded,BudgetDoS,m12_medium_flood_dup0_s20260619,bonded,41420,PRIVPROBE:1,rl_hit,1,False,0,rl
m12_medium_flood_dup0_s20260619_bonded,BudgetDoS,m12_medium_flood_dup0_s20260619,bonded,41547,PRIVPROBE:1,rl_hit,1,False,0,rl
m12_medium_flood_dup0_s20260619_bonded,BudgetDoS,m12_medium_flood_dup0_s20260619,bonded,41654,PRIVPROBE:1,rl_hit,1,False,0,rl
m12_medium_flood_dup0_s20260619_bonded,BudgetDoS,m12_medium_flood_dup0_s20260619,bonded,41787,PRIVPROBE:1,rl_hit,1,False,0,rl
m12_medium_flood_dup0_s20260619_bonded,BudgetDoS,m12_medium_flood_dup0_s20260619,bonded,41921,PRIVPROBE:1,rl_hit,1,False,0,rl
m12_medium_flood_dup0_s20260619_bonded,BudgetDoS,m12_medium_flood_dup0_s20260619,bonded,42045,PRIVPROBE:1,rl_hit,1,False,0,rl
m12_medium_flood_dup0_s20260619_bonded,BudgetDoS,m12_medium_flood_dup0_s20260619,bonded,42167,PRIVPROBE:1,rl_hit,1,False,0,rl
m12_medium_flood_dup0_s20260619_bonded,BudgetDoS,m12_medium_flood_dup0_s20260619,bonded,42309,PRIVPROBE:1,rl_hit,1,False,0,rl
m12_medium_flood_dup0_s20260619_bonded,BudgetDoS,m12_medium_flood_dup0_s20260619,bonded,42435,PRIVPROBE:1,rl_hit,1,False,0,rl
m12_medium_flood_dup0_s20260619_bonded,BudgetDoS,m12_medium_flood_dup0_s20260619,bonded,42556,PRIVPROBE:1,rl_hit,1,False,0,rl
m12_medium_flood_dup0_s20260619_bonded,BudgetDoS,m12_medium_flood_dup0_s20260619,bonded,42671,PRIVPROBE:1,rl_hit,1,False,0,rl
m12_medium_flood_dup0_s20260619_bonded,BudgetDoS,m12_medium_flood_dup0_s20260619,bonded,42778,PRIVPROBE:1,rl_hit,1,False,0,rl
m12_medium_flood_dup0_s20260619_bonded,BudgetDoS,m12_medium_flood_dup0_s20260619,bonded,42881,PRIVPROBE:1,rl_hit,1,False,0,rl
m12_medium_flood_dup0_s20260619_bonded,BudgetDoS,m12_medium_flood_dup0_s20260619,bonded,43007,PRIVPROBE:1,rl_hit,1,False,0,rl
m12_medium_flood_dup0_s20260619_bonded,BudgetDoS,m12_medium_flood_dup0_s20260619,bonded,43112,PRIVPROBE:1,rl_hit,1,False,0,rl
m12_medium_flood_dup0_s20260619_bonded,BudgetDoS,m12_medium_flood_dup0_s20260619,bonded,43220,PRIVPROBE:1,rl_hit,1,False,0,rl
m12_medium_flood_dup0_s20260619_bonded,BudgetDoS,m12_medium_flood_dup0_s20260619,bonded,43345,PRIVPROBE:1,rl_hit,1,False,0,rl
m12_medium_flood_dup0_s20260619_bonded,BudgetDoS,m12_medium_flood_dup0_s20260619,bonded,43480,PRIVPROBE:1,rl_hit,1,False,0,rl
