run_id,method,paired_trace_id,identity_label_for_scoring,event_id,rpa_value,action,aes_attempts,deferred,delay_ms,admission_path
m12_heavy_flood_dup0_s20260619_bonded,P3-Persist,m12_heavy_flood_dup0_s20260619,bonded,66856,PRIVPROBE:0,cache_hit,0,False,0,cache
m12_heavy_flood_dup0_s20260619_bonded,P3-Persist,m12_heavy_flood_dup0_s20260619,bonded,68008,PRIVPROBE:0,cache_hit,0,False,0,cache
m12_heavy_flood_dup0_s20260619_bonded,P3-Persist,m12_heavy_flood_dup0_s20260619,bonded,69130,PRIVPROBE:0,cache_hit,0,False,0,cache
m12_heavy_flood_dup0_s20260619_bonded,P3-Persist,m12_heavy_flood_dup0_s20260619,bonded,70226,PRIVPROBE:0,cache_hit,0,False,0,cache
m12_heavy_flood_dup0_s20260619_bonded,P3-Persist,m12_heavy_flood_dup0_s20260619,bonded,71349,PRIVPROBE:0,cache_hit,0,False,0,cache
m12_heavy_flood_dup0_s20260619_bonded,P3-Persist,m12_heavy_flood_dup0_s20260619,bonded,72446,PRIVPROBE:0,cache_hit,0,False,0,cache
m12_heavy_flood_dup0_s20260619_bonded,P3-Persist,m12_heavy_flood_dup0_s20260619,bonded,73581,PRIVPROBE:0,cache_hit,0,False,0,cache
m12_heavy_flood_dup0_s20260619_bonded,P3-Persist,m12_heavy_flood_dup0_s20260619,bonded,74744,PRIVPROBE:0,cache_hit,0,False,0,cache
m12_heavy_flood_dup0_s20260619_bonded,P3-Persist,m12_heavy_flood_dup0_s20260619,bonded,75825,PRIVPROBE:0,cache_hit,0,False,0,cache
m12_heavy_flood_dup0_s20260619_bonded,P3-Persist,m12_heavy_flood_dup0_s20260619,bonded,76942,PRIVPROBE:0,cache_hit,0,False,0,cache
m12_heavy_flood_dup0_s20260619_bonded,P3-Persist,m12_heavy_flood_dup0_s20260619,bonded,78076,PRIVPROBE:0,cache_hit,0,False,0,cache
m12_heavy_flood_dup0_s20260619_bonded,P3-Persist,m12_heavy_flood_dup0_s20260619,bonded,79191,PRIVPROBE:0,cache_hit,0,False,0,cache
m12_heavy_flood_dup0_s20260619_bonded,P3-Persist,m12_heavy_flood_dup0_s20260619,bonded,80267,PRIVPROBE:0,cache_hit,0,False,0,cache
m12_heavy_flood_dup0_s20260619_bonded,P3-Persist,m12_heavy_flood_dup0_s20260619,bonded,81351,PRIVPROBE:0,cache_hit,0,False,0,cache
m12_heavy_flood_dup0_s20260619_bonded,P3-Persist,m12_heavy_flood_dup0_s20260619,bonded,82440,PRIVPROBE:0,cache_hit,0,False,0,cache
m12_heavy_flood_dup0_s20260619_bonded,P3-Persist,m12_heavy_flood_dup0_s20260619,bonded,83516,PRIVPROBE:0,cache_hit,0,False,0,cache
m12_heavy_flood_dup0_s20260619_bonded,P3-Persist,m12_heavy_flood_dup0_s20260619,bonded,84619,PRIVPROBE:0,cache_hit,0,False,0,cache
m12_heavy_flood_dup0_s20260619_bonded,P3-Persist,m12_heavy_flood_dup0_s20260619,bonded,85751,PRIVPROBE:0,cache_hit,0,False,0,cache
m12_heavy_flood_dup0_s20260619_bonded,P3-Persist,m12_heavy_flood_dup0_s20260619,bonded,86861,PRIVPROBE:0,cache_hit,0,False,0,cache
m12_heavy_flood_dup0_s20260619_bonded,P3-Persist,m12_heavy_flood_dup0_s20260619,bonded,87921,PRIVPROBE:0,cache_hit,0,False,0,cache
m12_heavy_flood_dup0_s20260619_bonded,P3-Persist,m12_heavy_flood_dup0_s20260619,bonded,89073,PRIVPROBE:0,cache_hit,0,False,0,cache
m12_heavy_flood_dup0_s20260619_bonded,P3-Persist,m12_heavy_flood_dup0_s20260619,bonded,90173,PRIVPROBE:0,cache_hit,0,False,0,cache
m12_heavy_flood_dup0_s20260619_bonded,P3-Persist,m12_heavy_flood_dup0_s20260619,bonded,91371,PRIVPROBE:0,cache_hit,0,False,0,cache
m12_heavy_flood_dup0_s20260619_bonded,P3-Persist,m12_heavy_flood_dup0_s20260619,bonded,92412,PRIVPROBE:0,cache_hit,0,False,0,cache
m12_heavy_flood_dup0_s20260619_bonded,P3-Persist,m12_heavy_flood_dup0_s20260619,bonded,93463,PRIVPROBE:0,cache_hit,0,False,0,cache
m12_heavy_flood_dup0_s20260619_bonded,P3-Persist,m12_heavy_flood_dup0_s20260619,bonded,94646,PRIVPROBE:0,cache_hit,0,False,0,cache
m12_heavy_flood_dup0_s20260619_bonded,P3-Persist,m12_heavy_flood_dup0_s20260619,bonded,95782,PRIVPROBE:0,cache_hit,0,False,0,cache
m12_heavy_flood_dup0_s20260619_bonded,P3-Persist,m12_heavy_flood_dup0_s20260619,bonded,96915,PRIVPROBE:0,cache_hit,0,False,0,cache
m12_heavy_flood_dup0_s20260619_bonded,P3-Persist,m12_heavy_flood_dup0_s20260619,bonded,98064,PRIVPROBE:0,cache_hit,0,False,0,cache
m12_heavy_flood_dup0_s20260619_bonded,P3-Persist,m12_heavy_flood_dup0_s20260619,bonded,99172,PRIVPROBE:0,cache_hit,0,False,0,cache
m12_heavy_flood_dup0_s20260619_bonded,P3-Persist,m12_heavy_flood_dup0_s20260619,bonded,100249,PRIVPROBE:0,cache_hit,0,False,0,cache
m12_heavy_flood_dup0_s20260619_bonded,P3-Persist,m12_heavy_flood_dup0_s20260619,bonded,101292,PRIVPROBE:0,cache_hit,0,False,0,cache
m12_heavy_flood_dup0_s20260619_bonded,P3-Persist,m12_heavy_flood_dup0_s20260619,bonded,102419,PRIVPROBE:0,cache_hit,0,False,0,cache
m12_heavy_flood_dup0_s20260619_bonded,P3-Persist,m12_heavy_flood_dup0_s20260619,bonded,103520,PRIVPROBE:0,cache_hit,0,False,0,cache
m12_heavy_flood_dup0_s20260619_bonded,P3-Persist,m12_heavy_flood_dup0_s20260619,bonded,104708,PRIVPROBE:0,cache_hit,0,False,0,cache
m12_heavy_flood_dup0_s20260619_bonded,P3-Persist,m12_heavy_flood_dup0_s20260619,bonded,105803,PRIVPROBE:0,cache_hit,0,False,0,cache
m12_heavy_flood_dup0_s20260619_bonded,P3-Persist,m12_heavy_flood_dup0_s20260619,bonded,106889,PRIVPROBE:0,cache_hit,0,False,0,cache
m12_heavy_flood_dup0_s20260619_bonded,P3-Persist,m12_heavy_flood_dup0_s20260619,bonded,108006,PRIVPROBE:0,cache_hit,0,False,0,cache
m12_heavy_flood_dup0_s20260619_bonded,P3-Persist,m12_heavy_flood_dup0_s20260619,bonded,109110,PRIVPROBE:0,cache_hit,0,False,0,cache
m12_heavy_flood_dup0_s20260619_bonded,P3-Persist,m12_heavy_flood_dup0_s20260619,bonded,110238,PRIVPROBE:0,cache_hit,0,False,0,cache
m12_heavy_flood_dup0_s20260619_bonded,P3-Persist,m12_heavy_flood_dup0_s20260619,bonded,111355,PRIVPROBE:0,cache_hit,0,False,0,cache
m12_heavy_flood_dup0_s20260619_bonded,P3-Persist,m12_heavy_flood_dup0_s20260619,bonded,112428,PRIVPROBE:0,cache_hit,0,False,0,cache
m12_heavy_flood_dup0_s20260619_bonded,P3-Persist,m12_heavy_flood_dup0_s20260619,bonded,113579,PRIVPROBE:0,cache_hit,0,False,0,cache
m12_heavy_flood_dup0_s20260619_bonded,P3-Persist,m12_heavy_flood_dup0_s20260619,bonded,114609,PRIVPROBE:0,cache_hit,0,False,0,cache
m12_heavy_flood_dup0_s20260619_bonded,P3-Persist,m12_heavy_flood_dup0_s20260619,bonded,115699,PRIVPROBE:0,cache_hit,0,False,0,cache
m12_heavy_flood_dup0_s20260619_bonded,P3-Persist,m12_heavy_flood_dup0_s20260619,bonded,116774,PRIVPROBE:0,cache_hit,0,False,0,cache
m12_heavy_flood_dup0_s20260619_bonded,P3-Persist,m12_heavy_flood_dup0_s20260619,bonded,117845,PRIVPROBE:0,cache_hit,0,False,0,cache
m12_heavy_flood_dup0_s20260619_bonded,P3-Persist,m12_heavy_flood_dup0_s20260619,bonded,118940,PRIVPROBE:0,cache_hit,0,False,0,cache
m12_heavy_flood_dup0_s20260619_bonded,P3-Persist,m12_heavy_flood_dup0_s20260619,bonded,120065,PRIVPROBE:0,cache_hit,0,False,0,cache
m12_heavy_flood_dup0_s20260619_bonded,P3-Persist,m12_heavy_flood_dup0_s20260619,bonded,121194,PRIVPROBE:0,cache_hit,0,False,0,cache
m12_heavy_flood_dup0_s20260619_bonded,P3-Persist,m12_heavy_flood_dup0_s20260619,bonded,122247,PRIVPROBE:0,cache_hit,0,False,0,cache
m12_heavy_flood_dup0_s20260619_bonded,P3-Persist,m12_heavy_flood_dup0_s20260619,bonded,123386,PRIVPROBE:0,cache_hit,0,False,0,cache
m12_heavy_flood_dup0_s20260619_bonded,P3-Persist,m12_heavy_flood_dup0_s20260619,bonded,124509,PRIVPROBE:0,cache_hit,0,False,0,cache
m12_heavy_flood_dup0_s20260619_bonded,P3-Persist,m12_heavy_flood_dup0_s20260619,bonded,125600,PRIVPROBE:0,cache_hit,0,False,0,cache
m12_heavy_flood_dup0_s20260619_bonded,P3-Persist,m12_heavy_flood_dup0_s20260619,bonded,126697,PRIVPROBE:0,cache_hit,0,False,0,cache
m12_heavy_flood_dup0_s20260619_bonded,P3-Persist,m12_heavy_flood_dup0_s20260619,bonded,127833,PRIVPROBE:0,cache_hit,0,False,0,cache
m12_heavy_flood_dup0_s20260619_bonded,P3-Persist,m12_heavy_flood_dup0_s20260619,bonded,128903,PRIVPROBE:0,cache_hit,0,False,0,cache
m12_heavy_flood_dup0_s20260619_bonded,P3-Persist,m12_heavy_flood_dup0_s20260619,bonded,130082,PRIVPROBE:0,cache_hit,0,False,0,cache
m12_heavy_flood_dup0_s20260619_bonded,P3-Persist,m12_heavy_flood_dup0_s20260619,bonded,131142,PRIVPROBE:0,cache_hit,0,False,0,cache
m12_heavy_flood_dup0_s20260619_bonded,P3-Persist,m12_heavy_flood_dup0_s20260619,bonded,132283,PRIVPROBE:0,cache_hit,0,False,0,cache
m12_heavy_flood_dup0_s20260619_bonded,P3-Persist,m12_heavy_flood_dup0_s20260619,bonded,133419,PRIVPROBE:0,cache_hit,0,False,0,cache
m12_heavy_flood_dup0_s20260619_bonded,P3-Persist,m12_heavy_flood_dup0_s20260619,bonded,134521,PRIVPROBE:0,cache_hit,0,False,0,cache
m12_heavy_flood_dup0_s20260619_bonded,P3-Persist,m12_heavy_flood_dup0_s20260619,bonded,135546,PRIVPROBE:0,cache_hit,0,False,0,cache
m12_heavy_flood_dup0_s20260619_bonded,P3-Persist,m12_heavy_flood_dup0_s20260619,bonded,136646,PRIVPROBE:0,cache_hit,0,False,0,cache
m12_heavy_flood_dup0_s20260619_bonded,P3-Persist,m12_heavy_flood_dup0_s20260619,bonded,137755,PRIVPROBE:0,cache_hit,0,False,0,cache
m12_heavy_flood_dup0_s20260619_bonded,P3-Persist,m12_heavy_flood_dup0_s20260619,bonded,138906,PRIVPROBE:0,cache_hit,0,False,0,cache
m12_heavy_flood_dup0_s20260619_bonded,P3-Persist,m12_heavy_flood_dup0_s20260619,bonded,139988,PRIVPROBE:0,cache_hit,0,False,0,cache
m12_heavy_flood_dup0_s20260619_bonded,P3-Persist,m12_heavy_flood_dup0_s20260619,bonded,141092,PRIVPROBE:0,cache_hit,0,False,0,cache
m12_heavy_flood_dup0_s20260619_bonded,P3-Persist,m12_heavy_flood_dup0_s20260619,bonded,142218,PRIVPROBE:0,cache_hit,0,False,0,cache
m12_heavy_flood_dup0_s20260619_bonded,P3-Persist,m12_heavy_flood_dup0_s20260619,bonded,143329,PRIVPROBE:0,cache_hit,0,False,0,cache
m12_heavy_flood_dup0_s20260619_bonded,P3-Persist,m12_heavy_flood_dup0_s20260619,bonded,144452,PRIVPROBE:0,cache_hit,0,False,0,cache
m12_heavy_flood_dup0_s20260619_bonded,P3-Persist,m12_heavy_flood_dup0_s20260619,bonded,145465,PRIVPROBE:0,cache_hit,0,False,0,cache
m12_heavy_flood_dup0_s20260619_bonded,P3-Persist,m12_heavy_flood_dup0_s20260619,bonded,146523,PRIVPROBE:0,cache_hit,0,False,0,cache
m12_heavy_flood_dup0_s20260619_bonded,P3-Persist,m12_heavy_flood_dup0_s20260619,bonded,147663,PRIVPROBE:0,cache_hit,0,False,0,cache
m12_heavy_flood_dup0_s20260619_bonded,P3-Persist,m12_heavy_flood_dup0_s20260619,bonded,148740,PRIVPROBE:0,cache_hit,0,False,0,cache
m12_heavy_flood_dup0_s20260619_bonded,P3-Persist,m12_heavy_flood_dup0_s20260619,bonded,149882,PRIVPROBE:0,cache_hit,0,False,0,cache
m12_heavy_flood_dup0_s20260619_bonded,P3-Persist,m12_heavy_flood_dup0_s20260619,bonded,151037,PRIVPROBE:0,cache_hit,0,False,0,cache
m12_heavy_flood_dup0_s20260619_bonded,P3-Persist,m12_heavy_flood_dup0_s20260619,bonded,152169,PRIVPROBE:0,cache_hit,0,False,0,cache
m12_heavy_flood_dup0_s20260619_bonded,P3-Persist,m12_heavy_flood_dup0_s20260619,bonded,153287,PRIVPROBE:0,cache_hit,0,False,0,cache
m12_heavy_flood_dup0_s20260619_bonded,P3-Persist,m12_heavy_flood_dup0_s20260619,bonded,154393,PRIVPROBE:0,cache_hit,0,False,0,cache
m12_heavy_flood_dup0_s20260619_bonded,P3-Persist,m12_heavy_flood_dup0_s20260619,bonded,155528,PRIVPROBE:0,cache_hit,0,False,0,cache
m12_heavy_flood_dup0_s20260619_bonded,P3-Persist,m12_heavy_flood_dup0_s20260619,bonded,156586,PRIVPROBE:0,cache_hit,0,False,0,cache
m12_heavy_flood_dup0_s20260619_bonded,P3-Persist,m12_heavy_flood_dup0_s20260619,bonded,157717,PRIVPROBE:0,cache_hit,0,False,0,cache
m12_heavy_flood_dup0_s20260619_bonded,P3-Persist,m12_heavy_flood_dup0_s20260619,bonded,158813,PRIVPROBE:0,cache_hit,0,False,0,cache
m12_heavy_flood_dup0_s20260619_bonded,P3-Persist,m12_heavy_flood_dup0_s20260619,bonded,159833,PRIVPROBE:0,cache_hit,0,False,0,cache
m12_heavy_flood_dup0_s20260619_bonded,P3-Persist,m12_heavy_flood_dup0_s20260619,bonded,160898,PRIVPROBE:0,cache_hit,0,False,0,cache
m12_heavy_flood_dup0_s20260619_bonded,P3-Persist,m12_heavy_flood_dup0_s20260619,bonded,162005,PRIVPROBE:0,cache_hit,0,False,0,cache
m12_heavy_flood_dup0_s20260619_bonded,P3-Persist,m12_heavy_flood_dup0_s20260619,bonded,163075,PRIVPROBE:0,cache_hit,0,False,0,cache
m12_heavy_flood_dup0_s20260619_bonded,P3-Persist,m12_heavy_flood_dup0_s20260619,bonded,164261,PRIVPROBE:0,cache_hit,0,False,0,cache
m12_heavy_flood_dup0_s20260619_bonded,P3-Persist,m12_heavy_flood_dup0_s20260619,bonded,165391,PRIVPROBE:0,cache_hit,0,False,0,cache
m12_heavy_flood_dup0_s20260619_bonded,P3-Persist,m12_heavy_flood_dup0_s20260619,bonded,166469,PRIVPROBE:0,cache_hit,0,False,0,cache
m12_heavy_flood_dup0_s20260619_bonded,P3-Persist,m12_heavy_flood_dup0_s20260619,bonded,167589,PRIVPROBE:0,cache_hit,0,False,0,cache
m12_heavy_flood_dup0_s20260619_bonded,P3-Persist,m12_heavy_flood_dup0_s20260619,bonded,168652,PRIVPROBE:0,cache_hit,0,False,0,cache
m12_heavy_flood_dup0_s20260619_bonded,P3-Persist,m12_heavy_flood_dup0_s20260619,bonded,169825,PRIVPROBE:0,cache_hit,0,False,0,cache
m12_heavy_flood_dup0_s20260619_bonded,P3-Persist,m12_heavy_flood_dup0_s20260619,bonded,170964,PRIVPROBE:0,cache_hit,0,False,0,cache
m12_heavy_flood_dup0_s20260619_bonded,P3-Persist,m12_heavy_flood_dup0_s20260619,bonded,172070,PRIVPROBE:0,cache_hit,0,False,0,cache
m12_heavy_flood_dup0_s20260619_bonded,P3-Persist,m12_heavy_flood_dup0_s20260619,bonded,173210,PRIVPROBE:0,cache_hit,0,False,0,cache
m12_heavy_flood_dup0_s20260619_bonded,P3-Persist,m12_heavy_flood_dup0_s20260619,bonded,174366,PRIVPROBE:0,cache_hit,0,False,0,cache
m12_heavy_flood_dup0_s20260619_bonded,P3-Persist,m12_heavy_flood_dup0_s20260619,bonded,175465,PRIVPROBE:0,cache_hit,0,False,0,cache
m12_heavy_flood_dup0_s20260619_bonded,P3-Persist,m12_heavy_flood_dup0_s20260619,bonded,176537,PRIVPROBE:0,cache_hit,0,False,0,cache
m12_heavy_flood_dup0_s20260619_bonded,P3-Persist,m12_heavy_flood_dup0_s20260619,bonded,177651,PRIVPROBE:0,cache_hit,0,False,0,cache
m12_heavy_flood_dup0_s20260619_bonded,P3-Persist,m12_heavy_flood_dup0_s20260619,bonded,178768,PRIVPROBE:0,cache_hit,0,False,0,cache
m12_heavy_flood_dup0_s20260619_bonded,P3-Persist,m12_heavy_flood_dup0_s20260619,bonded,179851,PRIVPROBE:0,cache_hit,0,False,0,cache
m12_heavy_flood_dup0_s20260619_bonded,P3-Persist,m12_heavy_flood_dup0_s20260619,bonded,180918,PRIVPROBE:0,cache_hit,0,False,0,cache
m12_heavy_flood_dup0_s20260619_bonded,P3-Persist,m12_heavy_flood_dup0_s20260619,bonded,182028,PRIVPROBE:0,cache_hit,0,False,0,cache
m12_heavy_flood_dup0_s20260619_bonded,P3-Persist,m12_heavy_flood_dup0_s20260619,bonded,183078,PRIVPROBE:0,cache_hit,0,False,0,cache
m12_heavy_flood_dup0_s20260619_bonded,P3-Persist,m12_heavy_flood_dup0_s20260619,bonded,184162,PRIVPROBE:0,cache_hit,0,False,0,cache
m12_heavy_flood_dup0_s20260619_bonded,P3-Persist,m12_heavy_flood_dup0_s20260619,bonded,185246,PRIVPROBE:0,cache_hit,0,False,0,cache
m12_heavy_flood_dup0_s20260619_bonded,P3-Persist,m12_heavy_flood_dup0_s20260619,bonded,186355,PRIVPROBE:0,cache_hit,0,False,0,cache
m12_heavy_flood_dup0_s20260619_bonded,P3-Persist,m12_heavy_flood_dup0_s20260619,bonded,187555,PRIVPROBE:0,cache_hit,0,False,0,cache
m12_heavy_flood_dup0_s20260619_bonded,P3-Persist,m12_heavy_flood_dup0_s20260619,bonded,188613,PRIVPROBE:0,cache_hit,0,False,0,cache
m12_heavy_flood_dup0_s20260619_bonded,P3-Persist,m12_heavy_flood_dup0_s20260619,bonded,189770,PRIVPROBE:0,cache_hit,0,False,0,cache
m12_heavy_flood_dup0_s20260619_bonded,P3-Persist,m12_heavy_flood_dup0_s20260619,bonded,190893,PRIVPROBE:0,cache_hit,0,False,0,cache
m12_heavy_flood_dup0_s20260619_bonded,P3-Persist,m12_heavy_flood_dup0_s20260619,bonded,191899,PRIVPROBE:0,cache_hit,0,False,0,cache
m12_heavy_flood_dup0_s20260619_bonded,P3-Persist,m12_heavy_flood_dup0_s20260619,bonded,193012,PRIVPROBE:0,cache_hit,0,False,0,cache
m12_heavy_flood_dup0_s20260619_bonded,P3-Persist,m12_heavy_flood_dup0_s20260619,bonded,194098,PRIVPROBE:0,cache_hit,0,False,0,cache
m12_heavy_flood_dup0_s20260619_bonded,P3-Persist,m12_heavy_flood_dup0_s20260619,bonded,195157,PRIVPROBE:0,cache_hit,0,False,0,cache
m12_heavy_flood_dup0_s20260619_bonded,P3-Persist,m12_heavy_flood_dup0_s20260619,bonded,196259,PRIVPROBE:0,cache_hit,0,False,0,cache
m12_heavy_flood_dup0_s20260619_bonded,P3-Persist,m12_heavy_flood_dup0_s20260619,bonded,197342,PRIVPROBE:0,cache_hit,0,False,0,cache
m12_heavy_flood_dup0_s20260619_bonded,P3-Persist,m12_heavy_flood_dup0_s20260619,bonded,198441,PRIVPROBE:0,cache_hit,0,False,0,cache
m12_heavy_flood_dup0_s20260619_bonded,P3-Persist,m12_heavy_flood_dup0_s20260619,bonded,199463,PRIVPROBE:1,defer,0,True,1000,defer
m12_heavy_flood_dup0_s20260619_bonded,P3-Persist,m12_heavy_flood_dup0_s20260619,bonded,200630,PRIVPROBE:1,host_scan,504,False,0,reserve
m12_heavy_flood_dup0_s20260619_bonded,P3-Persist,m12_heavy_flood_dup0_s20260619,bonded,201741,PRIVPROBE:1,cache_hit,0,False,0,cache
m12_heavy_flood_dup0_s20260619_bonded,P3-Persist,m12_heavy_flood_dup0_s20260619,bonded,202791,PRIVPROBE:1,cache_hit,0,False,0,cache
m12_heavy_flood_dup0_s20260619_bonded,P3-Persist,m12_heavy_flood_dup0_s20260619,bonded,203899,PRIVPROBE:1,cache_hit,0,False,0,cache
m12_heavy_flood_dup0_s20260619_bonded,P3-Persist,m12_heavy_flood_dup0_s20260619,bonded,204998,PRIVPROBE:1,cache_hit,0,False,0,cache
m12_heavy_flood_dup0_s20260619_bonded,P3-Persist,m12_heavy_flood_dup0_s20260619,bonded,206117,PRIVPROBE:1,cache_hit,0,False,0,cache
m12_heavy_flood_dup0_s20260619_bonded,P3-Persist,m12_heavy_flood_dup0_s20260619,bonded,207225,PRIVPROBE:1,cache_hit,0,False,0,cache
m12_heavy_flood_dup0_s20260619_bonded,P3-Persist,m12_heavy_flood_dup0_s20260619,bonded,208367,PRIVPROBE:1,cache_hit,0,False,0,cache
m12_heavy_flood_dup0_s20260619_bonded,P3-Persist,m12_heavy_flood_dup0_s20260619,bonded,209396,PRIVPROBE:1,cache_hit,0,False,0,cache
m12_heavy_flood_dup0_s20260619_bonded,P3-Persist,m12_heavy_flood_dup0_s20260619,bonded,210456,PRIVPROBE:1,cache_hit,0,False,0,cache
m12_heavy_flood_dup0_s20260619_bonded,P3-Persist,m12_heavy_flood_dup0_s20260619,bonded,211536,PRIVPROBE:1,cache_hit,0,False,0,cache
m12_heavy_flood_dup0_s20260619_bonded,P3-Persist,m12_heavy_flood_dup0_s20260619,bonded,212660,PRIVPROBE:1,cache_hit,0,False,0,cache
m12_heavy_flood_dup0_s20260619_bonded,P3-Persist,m12_heavy_flood_dup0_s20260619,bonded,213795,PRIVPROBE:1,cache_hit,0,False,0,cache
m12_heavy_flood_dup0_s20260619_bonded,P3-Persist,m12_heavy_flood_dup0_s20260619,bonded,214835,PRIVPROBE:1,cache_hit,0,False,0,cache
m12_heavy_flood_dup0_s20260619_bonded,P3-Persist,m12_heavy_flood_dup0_s20260619,bonded,215943,PRIVPROBE:1,cache_hit,0,False,0,cache
m12_heavy_flood_dup0_s20260619_bonded,P3-Persist,m12_heavy_flood_dup0_s20260619,bonded,217008,PRIVPROBE:1,cache_hit,0,False,0,cache
m12_heavy_flood_dup0_s20260619_bonded,P3-Persist,m12_heavy_flood_dup0_s20260619,bonded,218141,PRIVPROBE:1,cache_hit,0,False,0,cache
m12_heavy_flood_dup0_s20260619_bonded,P3-Persist,m12_heavy_flood_dup0_s20260619,bonded,219241,PRIVPROBE:1,cache_hit,0,False,0,cache
m12_heavy_flood_dup0_s20260619_bonded,P3-Persist,m12_heavy_flood_dup0_s20260619,bonded,220335,PRIVPROBE:1,cache_hit,0,False,0,cache
m12_heavy_flood_dup0_s20260619_bonded,P3-Persist,m12_heavy_flood_dup0_s20260619,bonded,221318,PRIVPROBE:1,cache_hit,0,False,0,cache
m12_heavy_flood_dup0_s20260619_bonded,P3-Persist,m12_heavy_flood_dup0_s20260619,bonded,222391,PRIVPROBE:1,cache_hit,0,False,0,cache
m12_heavy_flood_dup0_s20260619_bonded,P3-Persist,m12_heavy_flood_dup0_s20260619,bonded,223498,PRIVPROBE:1,cache_hit,0,False,0,cache
m12_heavy_flood_dup0_s20260619_bonded,P3-Persist,m12_heavy_flood_dup0_s20260619,bonded,224640,PRIVPROBE:1,cache_hit,0,False,0,cache
m12_heavy_flood_dup0_s20260619_bonded,P3-Persist,m12_heavy_flood_dup0_s20260619,bonded,225730,PRIVPROBE:1,cache_hit,0,False,0,cache
m12_heavy_flood_dup0_s20260619_bonded,P3-Persist,m12_heavy_flood_dup0_s20260619,bonded,226896,PRIVPROBE:1,cache_hit,0,False,0,cache
m12_heavy_flood_dup0_s20260619_bonded,P3-Persist,m12_heavy_flood_dup0_s20260619,bonded,228042,PRIVPROBE:1,cache_hit,0,False,0,cache
m12_heavy_flood_dup0_s20260619_bonded,P3-Persist,m12_heavy_flood_dup0_s20260619,bonded,229127,PRIVPROBE:1,cache_hit,0,False,0,cache
m12_heavy_flood_dup0_s20260619_bonded,P3-Persist,m12_heavy_flood_dup0_s20260619,bonded,230258,PRIVPROBE:1,cache_hit,0,False,0,cache
m12_heavy_flood_dup0_s20260619_bonded,P3-Persist,m12_heavy_flood_dup0_s20260619,bonded,231374,PRIVPROBE:1,cache_hit,0,False,0,cache
m12_heavy_flood_dup0_s20260619_bonded,P3-Persist,m12_heavy_flood_dup0_s20260619,bonded,232476,PRIVPROBE:1,cache_hit,0,False,0,cache
m12_heavy_flood_dup0_s20260619_bonded,P3-Persist,m12_heavy_flood_dup0_s20260619,bonded,233652,PRIVPROBE:1,cache_hit,0,False,0,cache
m12_heavy_flood_dup0_s20260619_bonded,P3-Persist,m12_heavy_flood_dup0_s20260619,bonded,234720,PRIVPROBE:1,cache_hit,0,False,0,cache
m12_heavy_flood_dup0_s20260619_bonded,P3-Persist,m12_heavy_flood_dup0_s20260619,bonded,235808,PRIVPROBE:1,cache_hit,0,False,0,cache
m12_heavy_flood_dup0_s20260619_bonded,P3-Persist,m12_heavy_flood_dup0_s20260619,bonded,236867,PRIVPROBE:1,cache_hit,0,False,0,cache
m12_heavy_flood_dup0_s20260619_bonded,P3-Persist,m12_heavy_flood_dup0_s20260619,bonded,237962,PRIVPROBE:1,cache_hit,0,False,0,cache
m12_heavy_flood_dup0_s20260619_bonded,P3-Persist,m12_heavy_flood_dup0_s20260619,bonded,239050,PRIVPROBE:1,cache_hit,0,False,0,cache
m12_heavy_flood_dup0_s20260619_bonded,P3-Persist,m12_heavy_flood_dup0_s20260619,bonded,240185,PRIVPROBE:1,cache_hit,0,False,0,cache
m12_heavy_flood_dup0_s20260619_bonded,P3-Persist,m12_heavy_flood_dup0_s20260619,bonded,241304,PRIVPROBE:1,cache_hit,0,False,0,cache
m12_heavy_flood_dup0_s20260619_bonded,P3-Persist,m12_heavy_flood_dup0_s20260619,bonded,242374,PRIVPROBE:1,cache_hit,0,False,0,cache
m12_heavy_flood_dup0_s20260619_bonded,P3-Persist,m12_heavy_flood_dup0_s20260619,bonded,243501,PRIVPROBE:1,cache_hit,0,False,0,cache
m12_heavy_flood_dup0_s20260619_bonded,P3-Persist,m12_heavy_flood_dup0_s20260619,bonded,244616,PRIVPROBE:1,cache_hit,0,False,0,cache
m12_heavy_flood_dup0_s20260619_bonded,P3-Persist,m12_heavy_flood_dup0_s20260619,bonded,245791,PRIVPROBE:1,cache_hit,0,False,0,cache
m12_heavy_flood_dup0_s20260619_bonded,P3-Persist,m12_heavy_flood_dup0_s20260619,bonded,246841,PRIVPROBE:1,cache_hit,0,False,0,cache
m12_heavy_flood_dup0_s20260619_bonded,P3-Persist,m12_heavy_flood_dup0_s20260619,bonded,247984,PRIVPROBE:1,cache_hit,0,False,0,cache
m12_heavy_flood_dup0_s20260619_bonded,P3-Persist,m12_heavy_flood_dup0_s20260619,bonded,249089,PRIVPROBE:1,cache_hit,0,False,0,cache
m12_heavy_flood_dup0_s20260619_bonded,P3-Persist,m12_heavy_flood_dup0_s20260619,bonded,250208,PRIVPROBE:1,cache_hit,0,False,0,cache
m12_heavy_flood_dup0_s20260619_bonded,P3-Persist,m12_heavy_flood_dup0_s20260619,bonded,251385,PRIVPROBE:1,cache_hit,0,False,0,cache
m12_heavy_flood_dup0_s20260619_bonded,P3-Persist,m12_heavy_flood_dup0_s20260619,bonded,252471,PRIVPROBE:1,cache_hit,0,False,0,cache
m12_heavy_flood_dup0_s20260619_bonded,P3-Persist,m12_heavy_flood_dup0_s20260619,bonded,253579,PRIVPROBE:1,cache_hit,0,False,0,cache
m12_heavy_flood_dup0_s20260619_bonded,P3-Persist,m12_heavy_flood_dup0_s20260619,bonded,254679,PRIVPROBE:1,cache_hit,0,False,0,cache
m12_heavy_flood_dup0_s20260619_bonded,P3-Persist,m12_heavy_flood_dup0_s20260619,bonded,255727,PRIVPROBE:1,cache_hit,0,False,0,cache
m12_heavy_flood_dup0_s20260619_bonded,P3-Persist,m12_heavy_flood_dup0_s20260619,bonded,256831,PRIVPROBE:1,cache_hit,0,False,0,cache
m12_heavy_flood_dup0_s20260619_bonded,P3-Persist,m12_heavy_flood_dup0_s20260619,bonded,257985,PRIVPROBE:1,cache_hit,0,False,0,cache
m12_heavy_flood_dup0_s20260619_bonded,P3-Persist,m12_heavy_flood_dup0_s20260619,bonded,259168,PRIVPROBE:1,cache_hit,0,False,0,cache
m12_heavy_flood_dup0_s20260619_bonded,P3-Persist,m12_heavy_flood_dup0_s20260619,bonded,260285,PRIVPROBE:1,cache_hit,0,False,0,cache
m12_heavy_flood_dup0_s20260619_bonded,P3-Persist,m12_heavy_flood_dup0_s20260619,bonded,261428,PRIVPROBE:1,cache_hit,0,False,0,cache
m12_heavy_flood_dup0_s20260619_bonded,P3-Persist,m12_heavy_flood_dup0_s20260619,bonded,262558,PRIVPROBE:1,cache_hit,0,False,0,cache
m12_heavy_flood_dup0_s20260619_bonded,P3-Persist,m12_heavy_flood_dup0_s20260619,bonded,263647,PRIVPROBE:1,cache_hit,0,False,0,cache
m12_heavy_flood_dup0_s20260619_bonded,P3-Persist,m12_heavy_flood_dup0_s20260619,bonded,264781,PRIVPROBE:1,cache_hit,0,False,0,cache
m12_heavy_flood_dup0_s20260619_bonded,P3-Persist,m12_heavy_flood_dup0_s20260619,bonded,265935,PRIVPROBE:1,cache_hit,0,False,0,cache
m12_heavy_flood_dup0_s20260619_bonded,P3-Persist,m12_heavy_flood_dup0_s20260619,bonded,267044,PRIVPROBE:1,cache_hit,0,False,0,cache
m12_heavy_flood_dup0_s20260619_bonded,P3-Persist,m12_heavy_flood_dup0_s20260619,bonded,268100,PRIVPROBE:1,cache_hit,0,False,0,cache
m12_heavy_flood_dup0_s20260619_bonded,P3-Persist,m12_heavy_flood_dup0_s20260619,bonded,269240,PRIVPROBE:1,cache_hit,0,False,0,cache
m12_heavy_flood_dup0_s20260619_bonded,P3-Persist,m12_heavy_flood_dup0_s20260619,bonded,270339,PRIVPROBE:1,cache_hit,0,False,0,cache
m12_heavy_flood_dup0_s20260619_bonded,P3-Persist,m12_heavy_flood_dup0_s20260619,bonded,271516,PRIVPROBE:1,cache_hit,0,False,0,cache
m12_heavy_flood_dup0_s20260619_bonded,P3-Persist,m12_heavy_flood_dup0_s20260619,bonded,272686,PRIVPROBE:1,cache_hit,0,False,0,cache
m12_heavy_flood_dup0_s20260619_bonded,P3-Persist,m12_heavy_flood_dup0_s20260619,bonded,273811,PRIVPROBE:1,cache_hit,0,False,0,cache
m12_heavy_flood_dup0_s20260619_bonded,P3-Persist,m12_heavy_flood_dup0_s20260619,bonded,274842,PRIVPROBE:1,cache_hit,0,False,0,cache
m12_heavy_flood_dup0_s20260619_bonded,P3-Persist,m12_heavy_flood_dup0_s20260619,bonded,275895,PRIVPROBE:1,cache_hit,0,False,0,cache
m12_heavy_flood_dup0_s20260619_bonded,P3-Persist,m12_heavy_flood_dup0_s20260619,bonded,276952,PRIVPROBE:1,cache_hit,0,False,0,cache
m12_heavy_flood_dup0_s20260619_bonded,P3-Persist,m12_heavy_flood_dup0_s20260619,bonded,278029,PRIVPROBE:1,cache_hit,0,False,0,cache
m12_heavy_flood_dup0_s20260619_bonded,P3-Persist,m12_heavy_flood_dup0_s20260619,bonded,279115,PRIVPROBE:1,cache_hit,0,False,0,cache
m12_heavy_flood_dup0_s20260619_bonded,P3-Persist,m12_heavy_flood_dup0_s20260619,bonded,280216,PRIVPROBE:1,cache_hit,0,False,0,cache
m12_heavy_flood_dup0_s20260619_bonded,P3-Persist,m12_heavy_flood_dup0_s20260619,bonded,281310,PRIVPROBE:1,cache_hit,0,False,0,cache
m12_heavy_flood_dup0_s20260619_bonded,P3-Persist,m12_heavy_flood_dup0_s20260619,bonded,282466,PRIVPROBE:1,cache_hit,0,False,0,cache
m12_heavy_flood_dup0_s20260619_bonded,P3-Persist,m12_heavy_flood_dup0_s20260619,bonded,283542,PRIVPROBE:1,cache_hit,0,False,0,cache
m12_heavy_flood_dup0_s20260619_bonded,P3-Persist,m12_heavy_flood_dup0_s20260619,bonded,284605,PRIVPROBE:1,cache_hit,0,False,0,cache
m12_heavy_flood_dup0_s20260619_bonded,P3-Persist,m12_heavy_flood_dup0_s20260619,bonded,285746,PRIVPROBE:1,cache_hit,0,False,0,cache
m12_heavy_flood_dup0_s20260619_bonded,P3-Persist,m12_heavy_flood_dup0_s20260619,bonded,286869,PRIVPROBE:1,cache_hit,0,False,0,cache
m12_heavy_flood_dup0_s20260619_bonded,P3-Persist,m12_heavy_flood_dup0_s20260619,bonded,287942,PRIVPROBE:1,cache_hit,0,False,0,cache
m12_heavy_flood_dup0_s20260619_bonded,P3-Persist,m12_heavy_flood_dup0_s20260619,bonded,289043,PRIVPROBE:1,cache_hit,0,False,0,cache
m12_heavy_flood_dup0_s20260619_bonded,P3-Persist,m12_heavy_flood_dup0_s20260619,bonded,290136,PRIVPROBE:1,cache_hit,0,False,0,cache
m12_heavy_flood_dup0_s20260619_bonded,P3-Persist,m12_heavy_flood_dup0_s20260619,bonded,291204,PRIVPROBE:1,cache_hit,0,False,0,cache
m12_heavy_flood_dup0_s20260619_bonded,P3-Persist,m12_heavy_flood_dup0_s20260619,bonded,292268,PRIVPROBE:1,cache_hit,0,False,0,cache
m12_heavy_flood_dup0_s20260619_bonded,P3-Persist,m12_heavy_flood_dup0_s20260619,bonded,293410,PRIVPROBE:1,cache_hit,0,False,0,cache
m12_heavy_flood_dup0_s20260619_bonded,P3-Persist,m12_heavy_flood_dup0_s20260619,bonded,294582,PRIVPROBE:1,cache_hit,0,False,0,cache
m12_heavy_flood_dup0_s20260619_bonded,P3-Persist,m12_heavy_flood_dup0_s20260619,bonded,295757,PRIVPROBE:1,cache_hit,0,False,0,cache
m12_heavy_flood_dup0_s20260619_bonded,P3-Persist,m12_heavy_flood_dup0_s20260619,bonded,296948,PRIVPROBE:1,cache_hit,0,False,0,cache
m12_heavy_flood_dup0_s20260619_bonded,P3-Persist,m12_heavy_flood_dup0_s20260619,bonded,298012,PRIVPROBE:1,cache_hit,0,False,0,cache
m12_heavy_flood_dup0_s20260619_bonded,P3-Persist,m12_heavy_flood_dup0_s20260619,bonded,299046,PRIVPROBE:1,cache_hit,0,False,0,cache
m12_heavy_flood_dup0_s20260619_bonded,P3-Persist,m12_heavy_flood_dup0_s20260619,bonded,300197,PRIVPROBE:1,cache_hit,0,False,0,cache
m12_heavy_flood_dup0_s20260619_bonded,P3-Persist,m12_heavy_flood_dup0_s20260619,bonded,301366,PRIVPROBE:1,cache_hit,0,False,0,cache
m12_heavy_flood_dup0_s20260619_bonded,P3-Persist,m12_heavy_flood_dup0_s20260619,bonded,302480,PRIVPROBE:1,cache_hit,0,False,0,cache
m12_heavy_flood_dup0_s20260619_bonded,P3-Persist,m12_heavy_flood_dup0_s20260619,bonded,303583,PRIVPROBE:1,cache_hit,0,False,0,cache
m12_heavy_flood_dup0_s20260619_bonded,P3-Persist,m12_heavy_flood_dup0_s20260619,bonded,304742,PRIVPROBE:1,cache_hit,0,False,0,cache
m12_heavy_flood_dup0_s20260619_bonded,P3-Persist,m12_heavy_flood_dup0_s20260619,bonded,305857,PRIVPROBE:1,cache_hit,0,False,0,cache
m12_heavy_flood_dup0_s20260619_bonded,P3-Persist,m12_heavy_flood_dup0_s20260619,bonded,306974,PRIVPROBE:1,cache_hit,0,False,0,cache
m12_heavy_flood_dup0_s20260619_bonded,P3-Persist,m12_heavy_flood_dup0_s20260619,bonded,308190,PRIVPROBE:1,cache_hit,0,False,0,cache
m12_heavy_flood_dup0_s20260619_bonded,P3-Persist,m12_heavy_flood_dup0_s20260619,bonded,309281,PRIVPROBE:1,cache_hit,0,False,0,cache
m12_heavy_flood_dup0_s20260619_bonded,P3-Persist,m12_heavy_flood_dup0_s20260619,bonded,310409,PRIVPROBE:1,cache_hit,0,False,0,cache
m12_heavy_flood_dup0_s20260619_bonded,P3-Persist,m12_heavy_flood_dup0_s20260619,bonded,311492,PRIVPROBE:1,cache_hit,0,False,0,cache
m12_heavy_flood_dup0_s20260619_bonded,P3-Persist,m12_heavy_flood_dup0_s20260619,bonded,312621,PRIVPROBE:1,cache_hit,0,False,0,cache
m12_heavy_flood_dup0_s20260619_bonded,P3-Persist,m12_heavy_flood_dup0_s20260619,bonded,313746,PRIVPROBE:1,cache_hit,0,False,0,cache
m12_heavy_flood_dup0_s20260619_bonded,P3-Persist,m12_heavy_flood_dup0_s20260619,bonded,314821,PRIVPROBE:1,cache_hit,0,False,0,cache
m12_heavy_flood_dup0_s20260619_bonded,P3-Persist,m12_heavy_flood_dup0_s20260619,bonded,315955,PRIVPROBE:1,cache_hit,0,False,0,cache
m12_heavy_flood_dup0_s20260619_bonded,P3-Persist,m12_heavy_flood_dup0_s20260619,bonded,317106,PRIVPROBE:1,cache_hit,0,False,0,cache
m12_heavy_flood_dup0_s20260619_bonded,P3-Persist,m12_heavy_flood_dup0_s20260619,bonded,318223,PRIVPROBE:1,cache_hit,0,False,0,cache
m12_heavy_flood_dup0_s20260619_bonded,P3-Persist,m12_heavy_flood_dup0_s20260619,bonded,319306,PRIVPROBE:1,cache_hit,0,False,0,cache
m12_heavy_flood_dup0_s20260619_bonded,P3-Persist,m12_heavy_flood_dup0_s20260619,bonded,320441,PRIVPROBE:1,cache_hit,0,False,0,cache
m12_heavy_flood_dup0_s20260619_bonded,P3-Persist,m12_heavy_flood_dup0_s20260619,bonded,321536,PRIVPROBE:1,cache_hit,0,False,0,cache
m12_heavy_flood_dup0_s20260619_bonded,P3-Persist,m12_heavy_flood_dup0_s20260619,bonded,322601,PRIVPROBE:1,cache_hit,0,False,0,cache
m12_heavy_flood_dup0_s20260619_bonded,P3-Persist,m12_heavy_flood_dup0_s20260619,bonded,323721,PRIVPROBE:1,cache_hit,0,False,0,cache
m12_heavy_flood_dup0_s20260619_bonded,P3-Persist,m12_heavy_flood_dup0_s20260619,bonded,324829,PRIVPROBE:1,cache_hit,0,False,0,cache
m12_heavy_flood_dup0_s20260619_bonded,P3-Persist,m12_heavy_flood_dup0_s20260619,bonded,325900,PRIVPROBE:1,cache_hit,0,False,0,cache
m12_heavy_flood_dup0_s20260619_bonded,P3-Persist,m12_heavy_flood_dup0_s20260619,bonded,327019,PRIVPROBE:1,cache_hit,0,False,0,cache
m12_heavy_flood_dup0_s20260619_bonded,P3-Persist,m12_heavy_flood_dup0_s20260619,bonded,328113,PRIVPROBE:1,cache_hit,0,False,0,cache
m12_heavy_flood_dup0_s20260619_bonded,P3-Persist,m12_heavy_flood_dup0_s20260619,bonded,329214,PRIVPROBE:1,cache_hit,0,False,0,cache
m12_heavy_flood_dup0_s20260619_bonded,P3-Persist,m12_heavy_flood_dup0_s20260619,bonded,330293,PRIVPROBE:1,cache_hit,0,False,0,cache
m12_heavy_flood_dup0_s20260619_bonded,P3-Persist,m12_heavy_flood_dup0_s20260619,bonded,331393,PRIVPROBE:1,cache_hit,0,False,0,cache
m12_heavy_flood_dup0_s20260619_bonded,P3-Persist,m12_heavy_flood_dup0_s20260619,bonded,332497,PRIVPROBE:1,cache_hit,0,False,0,cache
m12_heavy_flood_dup0_s20260619_bonded,P3-Persist,m12_heavy_flood_dup0_s20260619,bonded,333661,PRIVPROBE:1,cache_hit,0,False,0,cache
m12_heavy_flood_dup0_s20260619_bonded,P3-Persist,m12_heavy_flood_dup0_s20260619,bonded,334773,PRIVPROBE:1,cache_hit,0,False,0,cache
m12_heavy_flood_dup0_s20260619_bonded,P3-Persist,m12_heavy_flood_dup0_s20260619,bonded,335958,PRIVPROBE:1,cache_hit,0,False,0,cache
m12_heavy_flood_dup0_s20260619_bonded,P3-Persist,m12_heavy_flood_dup0_s20260619,bonded,337091,PRIVPROBE:1,cache_hit,0,False,0,cache
m12_heavy_flood_dup0_s20260619_bonded,P3-Persist,m12_heavy_flood_dup0_s20260619,bonded,338130,PRIVPROBE:1,cache_hit,0,False,0,cache
m12_heavy_flood_dup0_s20260619_bonded,P3-Persist,m12_heavy_flood_dup0_s20260619,bonded,339206,PRIVPROBE:1,cache_hit,0,False,0,cache
m12_heavy_flood_dup0_s20260619_bonded,P3-Persist,m12_heavy_flood_dup0_s20260619,bonded,340374,PRIVPROBE:1,cache_hit,0,False,0,cache
m12_heavy_flood_dup0_s20260619_bonded,P3-Persist,m12_heavy_flood_dup0_s20260619,bonded,341480,PRIVPROBE:1,cache_hit,0,False,0,cache
m12_heavy_flood_dup0_s20260619_bonded,P3-Persist,m12_heavy_flood_dup0_s20260619,bonded,342622,PRIVPROBE:1,cache_hit,0,False,0,cache
m12_heavy_flood_dup0_s20260619_bonded,P3-Persist,m12_heavy_flood_dup0_s20260619,bonded,343748,PRIVPROBE:1,cache_hit,0,False,0,cache
m12_heavy_flood_dup0_s20260619_bonded,P3-Persist,m12_heavy_flood_dup0_s20260619,bonded,344820,PRIVPROBE:1,cache_hit,0,False,0,cache
m12_heavy_flood_dup0_s20260619_bonded,P3-Persist,m12_heavy_flood_dup0_s20260619,bonded,345912,PRIVPROBE:1,cache_hit,0,False,0,cache
m12_heavy_flood_dup0_s20260619_bonded,P3-Persist,m12_heavy_flood_dup0_s20260619,bonded,346989,PRIVPROBE:1,cache_hit,0,False,0,cache
m12_heavy_flood_dup0_s20260619_bonded,P3-Persist,m12_heavy_flood_dup0_s20260619,bonded,348079,PRIVPROBE:1,cache_hit,0,False,0,cache
m12_heavy_flood_dup0_s20260619_bonded,P3-Persist,m12_heavy_flood_dup0_s20260619,bonded,349219,PRIVPROBE:1,cache_hit,0,False,0,cache
m12_heavy_flood_dup0_s20260619_bonded,P3-Persist,m12_heavy_flood_dup0_s20260619,bonded,350282,PRIVPROBE:1,cache_hit,0,False,0,cache
m12_heavy_flood_dup0_s20260619_bonded,P3-Persist,m12_heavy_flood_dup0_s20260619,bonded,351414,PRIVPROBE:1,cache_hit,0,False,0,cache
m12_heavy_flood_dup0_s20260619_bonded,P3-Persist,m12_heavy_flood_dup0_s20260619,bonded,352490,PRIVPROBE:1,cache_hit,0,False,0,cache
m12_heavy_flood_dup0_s20260619_bonded,P3-Persist,m12_heavy_flood_dup0_s20260619,bonded,353538,PRIVPROBE:1,cache_hit,0,False,0,cache
m12_heavy_flood_dup0_s20260619_bonded,P3-Persist,m12_heavy_flood_dup0_s20260619,bonded,354583,PRIVPROBE:1,cache_hit,0,False,0,cache
m12_heavy_flood_dup0_s20260619_bonded,P3-Persist,m12_heavy_flood_dup0_s20260619,bonded,355640,PRIVPROBE:1,cache_hit,0,False,0,cache
m12_heavy_flood_dup0_s20260619_bonded,P3-Persist,m12_heavy_flood_dup0_s20260619,bonded,356812,PRIVPROBE:1,cache_hit,0,False,0,cache
m12_heavy_flood_dup0_s20260619_bonded,P3-Persist,m12_heavy_flood_dup0_s20260619,bonded,357887,PRIVPROBE:1,cache_hit,0,False,0,cache
m12_heavy_flood_dup0_s20260619_bonded,P3-Persist,m12_heavy_flood_dup0_s20260619,bonded,358966,PRIVPROBE:1,cache_hit,0,False,0,cache
m12_heavy_flood_dup0_s20260619_bonded,P3-Persist,m12_heavy_flood_dup0_s20260619,bonded,360015,PRIVPROBE:1,cache_hit,0,False,0,cache
m12_heavy_flood_dup0_s20260619_bonded,P3-Persist,m12_heavy_flood_dup0_s20260619,bonded,361082,PRIVPROBE:1,cache_hit,0,False,0,cache
m12_heavy_flood_dup0_s20260619_bonded,P3-Persist,m12_heavy_flood_dup0_s20260619,bonded,362166,PRIVPROBE:1,cache_hit,0,False,0,cache
m12_heavy_flood_dup0_s20260619_bonded,P3-Persist,m12_heavy_flood_dup0_s20260619,bonded,363262,PRIVPROBE:1,cache_hit,0,False,0,cache
m12_heavy_flood_dup0_s20260619_bonded,P3-Persist,m12_heavy_flood_dup0_s20260619,bonded,364417,PRIVPROBE:1,cache_hit,0,False,0,cache
m12_heavy_flood_dup0_s20260619_bonded,P3-Persist,m12_heavy_flood_dup0_s20260619,bonded,365514,PRIVPROBE:1,cache_hit,0,False,0,cache
m12_heavy_flood_dup0_s20260619_bonded,P3-Persist,m12_heavy_flood_dup0_s20260619,bonded,366662,PRIVPROBE:1,cache_hit,0,False,0,cache
m12_heavy_flood_dup0_s20260619_bonded,P3-Persist,m12_heavy_flood_dup0_s20260619,bonded,367790,PRIVPROBE:1,cache_hit,0,False,0,cache
m12_heavy_flood_dup0_s20260619_bonded,P3-Persist,m12_heavy_flood_dup0_s20260619,bonded,368828,PRIVPROBE:1,cache_hit,0,False,0,cache
m12_heavy_flood_dup0_s20260619_bonded,P3-Persist,m12_heavy_flood_dup0_s20260619,bonded,369948,PRIVPROBE:1,cache_hit,0,False,0,cache
m12_heavy_flood_dup0_s20260619_bonded,P3-Persist,m12_heavy_flood_dup0_s20260619,bonded,371078,PRIVPROBE:1,cache_hit,0,False,0,cache
m12_heavy_flood_dup0_s20260619_bonded,P3-Persist,m12_heavy_flood_dup0_s20260619,bonded,372209,PRIVPROBE:1,cache_hit,0,False,0,cache
m12_heavy_flood_dup0_s20260619_bonded,P3-Persist,m12_heavy_flood_dup0_s20260619,bonded,373301,PRIVPROBE:1,cache_hit,0,False,0,cache
m12_heavy_flood_dup0_s20260619_bonded,P3-Persist,m12_heavy_flood_dup0_s20260619,bonded,374410,PRIVPROBE:1,cache_hit,0,False,0,cache
m12_heavy_flood_dup0_s20260619_bonded,P3-Persist,m12_heavy_flood_dup0_s20260619,bonded,375495,PRIVPROBE:1,cache_hit,0,False,0,cache
m12_heavy_flood_dup0_s20260619_bonded,P3-Persist,m12_heavy_flood_dup0_s20260619,bonded,376551,PRIVPROBE:1,cache_hit,0,False,0,cache
m12_heavy_flood_dup0_s20260619_bonded,P3-Persist,m12_heavy_flood_dup0_s20260619,bonded,377578,PRIVPROBE:1,cache_hit,0,False,0,cache
m12_heavy_flood_dup0_s20260619_bonded,P3-Persist,m12_heavy_flood_dup0_s20260619,bonded,378718,PRIVPROBE:1,cache_hit,0,False,0,cache
m12_heavy_flood_dup0_s20260619_bonded,P3-Persist,m12_heavy_flood_dup0_s20260619,bonded,379791,PRIVPROBE:1,cache_hit,0,False,0,cache
m12_heavy_flood_dup0_s20260619_bonded,P3-Persist,m12_heavy_flood_dup0_s20260619,bonded,380847,PRIVPROBE:1,cache_hit,0,False,0,cache
m12_heavy_flood_dup0_s20260619_bonded,P3-Persist,m12_heavy_flood_dup0_s20260619,bonded,381955,PRIVPROBE:1,cache_hit,0,False,0,cache
m12_heavy_flood_dup0_s20260619_bonded,P3-Persist,m12_heavy_flood_dup0_s20260619,bonded,383056,PRIVPROBE:1,cache_hit,0,False,0,cache
m12_heavy_flood_dup0_s20260619_bonded,P3-Persist,m12_heavy_flood_dup0_s20260619,bonded,384208,PRIVPROBE:1,cache_hit,0,False,0,cache
m12_heavy_flood_dup0_s20260619_bonded,P3-Persist,m12_heavy_flood_dup0_s20260619,bonded,385275,PRIVPROBE:1,cache_hit,0,False,0,cache
m12_heavy_flood_dup0_s20260619_bonded,P3-Persist,m12_heavy_flood_dup0_s20260619,bonded,386373,PRIVPROBE:1,cache_hit,0,False,0,cache
m12_heavy_flood_dup0_s20260619_bonded,P3-Persist,m12_heavy_flood_dup0_s20260619,bonded,387487,PRIVPROBE:1,cache_hit,0,False,0,cache
m12_heavy_flood_dup0_s20260619_bonded,P3-Persist,m12_heavy_flood_dup0_s20260619,bonded,388595,PRIVPROBE:1,cache_hit,0,False,0,cache
m12_heavy_flood_dup0_s20260619_bonded,P3-Persist,m12_heavy_flood_dup0_s20260619,bonded,389705,PRIVPROBE:1,cache_hit,0,False,0,cache
m12_heavy_flood_dup0_s20260619_bonded,P3-Persist,m12_heavy_flood_dup0_s20260619,bonded,390819,PRIVPROBE:1,cache_hit,0,False,0,cache
m12_heavy_flood_dup0_s20260619_bonded,P3-Persist,m12_heavy_flood_dup0_s20260619,bonded,391960,PRIVPROBE:1,cache_hit,0,False,0,cache
m12_heavy_flood_dup0_s20260619_bonded,P3-Persist,m12_heavy_flood_dup0_s20260619,bonded,393095,PRIVPROBE:1,cache_hit,0,False,0,cache
m12_heavy_flood_dup0_s20260619_bonded,P3-Persist,m12_heavy_flood_dup0_s20260619,bonded,394169,PRIVPROBE:1,cache_hit,0,False,0,cache
m12_heavy_flood_dup0_s20260619_bonded,P3-Persist,m12_heavy_flood_dup0_s20260619,bonded,395322,PRIVPROBE:1,cache_hit,0,False,0,cache
m12_heavy_flood_dup0_s20260619_bonded,P3-Persist,m12_heavy_flood_dup0_s20260619,bonded,396483,PRIVPROBE:1,cache_hit,0,False,0,cache
m12_heavy_flood_dup0_s20260619_bonded,P3-Persist,m12_heavy_flood_dup0_s20260619,bonded,397583,PRIVPROBE:1,cache_hit,0,False,0,cache
m12_heavy_flood_dup0_s20260619_bonded,P3-NoPersist,m12_heavy_flood_dup0_s20260619,bonded,66856,PRIVPROBE:0,defer,0,True,1000,defer
m12_heavy_flood_dup0_s20260619_bonded,P3-NoPersist,m12_heavy_flood_dup0_s20260619,bonded,68008,PRIVPROBE:0,defer,0,True,1000,defer
m12_heavy_flood_dup0_s20260619_bonded,P3-NoPersist,m12_heavy_flood_dup0_s20260619,bonded,69130,PRIVPROBE:0,defer,0,True,1000,defer
m12_heavy_flood_dup0_s20260619_bonded,P3-NoPersist,m12_heavy_flood_dup0_s20260619,bonded,70226,PRIVPROBE:0,defer,0,True,1000,defer
m12_heavy_flood_dup0_s20260619_bonded,P3-NoPersist,m12_heavy_flood_dup0_s20260619,bonded,71349,PRIVPROBE:0,defer,0,True,1000,defer
m12_heavy_flood_dup0_s20260619_bonded,P3-NoPersist,m12_heavy_flood_dup0_s20260619,bonded,72446,PRIVPROBE:0,defer,0,True,1000,defer
m12_heavy_flood_dup0_s20260619_bonded,P3-NoPersist,m12_heavy_flood_dup0_s20260619,bonded,73581,PRIVPROBE:0,defer,0,True,1000,defer
m12_heavy_flood_dup0_s20260619_bonded,P3-NoPersist,m12_heavy_flood_dup0_s20260619,bonded,74744,PRIVPROBE:0,defer,0,True,1000,defer
m12_heavy_flood_dup0_s20260619_bonded,P3-NoPersist,m12_heavy_flood_dup0_s20260619,bonded,75825,PRIVPROBE:0,defer,0,True,1000,defer
m12_heavy_flood_dup0_s20260619_bonded,P3-NoPersist,m12_heavy_flood_dup0_s20260619,bonded,76942,PRIVPROBE:0,defer,0,True,1000,defer
m12_heavy_flood_dup0_s20260619_bonded,P3-NoPersist,m12_heavy_flood_dup0_s20260619,bonded,78076,PRIVPROBE:0,defer,0,True,1000,defer
m12_heavy_flood_dup0_s20260619_bonded,P3-NoPersist,m12_heavy_flood_dup0_s20260619,bonded,79191,PRIVPROBE:0,defer,0,True,1000,defer
m12_heavy_flood_dup0_s20260619_bonded,P3-NoPersist,m12_heavy_flood_dup0_s20260619,bonded,80267,PRIVPROBE:0,defer,0,True,1000,defer
m12_heavy_flood_dup0_s20260619_bonded,P3-NoPersist,m12_heavy_flood_dup0_s20260619,bonded,81351,PRIVPROBE:0,defer,0,True,1000,defer
m12_heavy_flood_dup0_s20260619_bonded,P3-NoPersist,m12_heavy_flood_dup0_s20260619,bonded,82440,PRIVPROBE:0,defer,0,True,1000,defer
m12_heavy_flood_dup0_s20260619_bonded,P3-NoPersist,m12_heavy_flood_dup0_s20260619,bonded,83516,PRIVPROBE:0,defer,0,True,1000,defer
m12_heavy_flood_dup0_s20260619_bonded,P3-NoPersist,m12_heavy_flood_dup0_s20260619,bonded,84619,PRIVPROBE:0,defer,0,True,1000,defer
m12_heavy_flood_dup0_s20260619_bonded,P3-NoPersist,m12_heavy_flood_dup0_s20260619,bonded,85751,PRIVPROBE:0,defer,0,True,1000,defer
m12_heavy_flood_dup0_s20260619_bonded,P3-NoPersist,m12_heavy_flood_dup0_s20260619,bonded,86861,PRIVPROBE:0,defer,0,True,1000,defer
m12_heavy_flood_dup0_s20260619_bonded,P3-NoPersist,m12_heavy_flood_dup0_s20260619,bonded,87921,PRIVPROBE:0,defer,0,True,1000,defer
m12_heavy_flood_dup0_s20260619_bonded,P3-NoPersist,m12_heavy_flood_dup0_s20260619,bonded,89073,PRIVPROBE:0,defer,0,True,1000,defer
m12_heavy_flood_dup0_s20260619_bonded,P3-NoPersist,m12_heavy_flood_dup0_s20260619,bonded,90173,PRIVPROBE:0,defer,0,True,1000,defer
m12_heavy_flood_dup0_s20260619_bonded,P3-NoPersist,m12_heavy_flood_dup0_s20260619,bonded,91371,PRIVPROBE:0,defer,0,True,1000,defer
m12_heavy_flood_dup0_s20260619_bonded,P3-NoPersist,m12_heavy_flood_dup0_s20260619,bonded,92412,PRIVPROBE:0,defer,0,True,1000,defer
m12_heavy_flood_dup0_s20260619_bonded,P3-NoPersist,m12_heavy_flood_dup0_s20260619,bonded,93463,PRIVPROBE:0,defer,0,True,1000,defer
m12_heavy_flood_dup0_s20260619_bonded,P3-NoPersist,m12_heavy_flood_dup0_s20260619,bonded,94646,PRIVPROBE:0,defer,0,True,1000,defer
m12_heavy_flood_dup0_s20260619_bonded,P3-NoPersist,m12_heavy_flood_dup0_s20260619,bonded,95782,PRIVPROBE:0,defer,0,True,1000,defer
m12_heavy_flood_dup0_s20260619_bonded,P3-NoPersist,m12_heavy_flood_dup0_s20260619,bonded,96915,PRIVPROBE:0,defer,0,True,1000,defer
m12_heavy_flood_dup0_s20260619_bonded,P3-NoPersist,m12_heavy_flood_dup0_s20260619,bonded,98064,PRIVPROBE:0,defer,0,True,1000,defer
m12_heavy_flood_dup0_s20260619_bonded,P3-NoPersist,m12_heavy_flood_dup0_s20260619,bonded,99172,PRIVPROBE:0,defer,0,True,1000,defer
m12_heavy_flood_dup0_s20260619_bonded,P3-NoPersist,m12_heavy_flood_dup0_s20260619,bonded,100249,PRIVPROBE:0,defer,0,True,1000,defer
m12_heavy_flood_dup0_s20260619_bonded,P3-NoPersist,m12_heavy_flood_dup0_s20260619,bonded,101292,PRIVPROBE:0,defer,0,True,1000,defer
m12_heavy_flood_dup0_s20260619_bonded,P3-NoPersist,m12_heavy_flood_dup0_s20260619,bonded,102419,PRIVPROBE:0,defer,0,True,1000,defer
m12_heavy_flood_dup0_s20260619_bonded,P3-NoPersist,m12_heavy_flood_dup0_s20260619,bonded,103520,PRIVPROBE:0,defer,0,True,1000,defer
m12_heavy_flood_dup0_s20260619_bonded,P3-NoPersist,m12_heavy_flood_dup0_s20260619,bonded,104708,PRIVPROBE:0,defer,0,True,1000,defer
m12_heavy_flood_dup0_s20260619_bonded,P3-NoPersist,m12_heavy_flood_dup0_s20260619,bonded,105803,PRIVPROBE:0,defer,0,True,1000,defer
m12_heavy_flood_dup0_s20260619_bonded,P3-NoPersist,m12_heavy_flood_dup0_s20260619,bonded,106889,PRIVPROBE:0,defer,0,True,1000,defer
m12_heavy_flood_dup0_s20260619_bonded,P3-NoPersist,m12_heavy_flood_dup0_s20260619,bonded,108006,PRIVPROBE:0,defer,0,True,1000,defer
m12_heavy_flood_dup0_s20260619_bonded,P3-NoPersist,m12_heavy_flood_dup0_s20260619,bonded,109110,PRIVPROBE:0,defer,0,True,1000,defer
m12_heavy_flood_dup0_s20260619_bonded,P3-NoPersist,m12_heavy_flood_dup0_s20260619,bonded,110238,PRIVPROBE:0,defer,0,True,1000,defer
m12_heavy_flood_dup0_s20260619_bonded,P3-NoPersist,m12_heavy_flood_dup0_s20260619,bonded,111355,PRIVPROBE:0,defer,0,True,1000,defer
m12_heavy_flood_dup0_s20260619_bonded,P3-NoPersist,m12_heavy_flood_dup0_s20260619,bonded,112428,PRIVPROBE:0,defer,0,True,1000,defer
m12_heavy_flood_dup0_s20260619_bonded,P3-NoPersist,m12_heavy_flood_dup0_s20260619,bonded,113579,PRIVPROBE:0,defer,0,True,1000,defer
m12_heavy_flood_dup0_s20260619_bonded,P3-NoPersist,m12_heavy_flood_dup0_s20260619,bonded,114609,PRIVPROBE:0,defer,0,True,1000,defer
m12_heavy_flood_dup0_s20260619_bonded,P3-NoPersist,m12_heavy_flood_dup0_s20260619,bonded,115699,PRIVPROBE:0,defer,0,True,1000,defer
m12_heavy_flood_dup0_s20260619_bonded,P3-NoPersist,m12_heavy_flood_dup0_s20260619,bonded,116774,PRIVPROBE:0,defer,0,True,1000,defer
m12_heavy_flood_dup0_s20260619_bonded,P3-NoPersist,m12_heavy_flood_dup0_s20260619,bonded,117845,PRIVPROBE:0,defer,0,True,1000,defer
m12_heavy_flood_dup0_s20260619_bonded,P3-NoPersist,m12_heavy_flood_dup0_s20260619,bonded,118940,PRIVPROBE:0,defer,0,True,1000,defer
m12_heavy_flood_dup0_s20260619_bonded,P3-NoPersist,m12_heavy_flood_dup0_s20260619,bonded,120065,PRIVPROBE:0,defer,0,True,1000,defer
m12_heavy_flood_dup0_s20260619_bonded,P3-NoPersist,m12_heavy_flood_dup0_s20260619,bonded,121194,PRIVPROBE:0,defer,0,True,1000,defer
m12_heavy_flood_dup0_s20260619_bonded,P3-NoPersist,m12_heavy_flood_dup0_s20260619,bonded,122247,PRIVPROBE:0,defer,0,True,1000,defer
m12_heavy_flood_dup0_s20260619_bonded,P3-NoPersist,m12_heavy_flood_dup0_s20260619,bonded,123386,PRIVPROBE:0,defer,0,True,1000,defer
m12_heavy_flood_dup0_s20260619_bonded,P3-NoPersist,m12_heavy_flood_dup0_s20260619,bonded,124509,PRIVPROBE:0,defer,0,True,1000,defer
m12_heavy_flood_dup0_s20260619_bonded,P3-NoPersist,m12_heavy_flood_dup0_s20260619,bonded,125600,PRIVPROBE:0,defer,0,True,1000,defer
m12_heavy_flood_dup0_s20260619_bonded,P3-NoPersist,m12_heavy_flood_dup0_s20260619,bonded,126697,PRIVPROBE:0,defer,0,True,1000,defer
m12_heavy_flood_dup0_s20260619_bonded,P3-NoPersist,m12_heavy_flood_dup0_s20260619,bonded,127833,PRIVPROBE:0,defer,0,True,1000,defer
m12_heavy_flood_dup0_s20260619_bonded,P3-NoPersist,m12_heavy_flood_dup0_s20260619,bonded,128903,PRIVPROBE:0,defer,0,True,1000,defer
m12_heavy_flood_dup0_s20260619_bonded,P3-NoPersist,m12_heavy_flood_dup0_s20260619,bonded,130082,PRIVPROBE:0,defer,0,True,1000,defer
m12_heavy_flood_dup0_s20260619_bonded,P3-NoPersist,m12_heavy_flood_dup0_s20260619,bonded,131142,PRIVPROBE:0,defer,0,True,1000,defer
m12_heavy_flood_dup0_s20260619_bonded,P3-NoPersist,m12_heavy_flood_dup0_s20260619,bonded,132283,PRIVPROBE:0,defer,0,True,1000,defer
m12_heavy_flood_dup0_s20260619_bonded,P3-NoPersist,m12_heavy_flood_dup0_s20260619,bonded,133419,PRIVPROBE:0,defer,0,True,1000,defer
m12_heavy_flood_dup0_s20260619_bonded,P3-NoPersist,m12_heavy_flood_dup0_s20260619,bonded,134521,PRIVPROBE:0,defer,0,True,1000,defer
m12_heavy_flood_dup0_s20260619_bonded,P3-NoPersist,m12_heavy_flood_dup0_s20260619,bonded,135546,PRIVPROBE:0,defer,0,True,1000,defer
m12_heavy_flood_dup0_s20260619_bonded,P3-NoPersist,m12_heavy_flood_dup0_s20260619,bonded,136646,PRIVPROBE:0,defer,0,True,1000,defer
m12_heavy_flood_dup0_s20260619_bonded,P3-NoPersist,m12_heavy_flood_dup0_s20260619,bonded,137755,PRIVPROBE:0,defer,0,True,1000,defer
m12_heavy_flood_dup0_s20260619_bonded,P3-NoPersist,m12_heavy_flood_dup0_s20260619,bonded,138906,PRIVPROBE:0,defer,0,True,1000,defer
m12_heavy_flood_dup0_s20260619_bonded,P3-NoPersist,m12_heavy_flood_dup0_s20260619,bonded,139988,PRIVPROBE:0,defer,0,True,1000,defer
m12_heavy_flood_dup0_s20260619_bonded,P3-NoPersist,m12_heavy_flood_dup0_s20260619,bonded,141092,PRIVPROBE:0,defer,0,True,1000,defer
m12_heavy_flood_dup0_s20260619_bonded,P3-NoPersist,m12_heavy_flood_dup0_s20260619,bonded,142218,PRIVPROBE:0,defer,0,True,1000,defer
m12_heavy_flood_dup0_s20260619_bonded,P3-NoPersist,m12_heavy_flood_dup0_s20260619,bonded,143329,PRIVPROBE:0,defer,0,True,1000,defer
m12_heavy_flood_dup0_s20260619_bonded,P3-NoPersist,m12_heavy_flood_dup0_s20260619,bonded,144452,PRIVPROBE:0,defer,0,True,1000,defer
m12_heavy_flood_dup0_s20260619_bonded,P3-NoPersist,m12_heavy_flood_dup0_s20260619,bonded,145465,PRIVPROBE:0,defer,0,True,1000,defer
m12_heavy_flood_dup0_s20260619_bonded,P3-NoPersist,m12_heavy_flood_dup0_s20260619,bonded,146523,PRIVPROBE:0,defer,0,True,1000,defer
m12_heavy_flood_dup0_s20260619_bonded,P3-NoPersist,m12_heavy_flood_dup0_s20260619,bonded,147663,PRIVPROBE:0,defer,0,True,1000,defer
m12_heavy_flood_dup0_s20260619_bonded,P3-NoPersist,m12_heavy_flood_dup0_s20260619,bonded,148740,PRIVPROBE:0,defer,0,True,1000,defer
m12_heavy_flood_dup0_s20260619_bonded,P3-NoPersist,m12_heavy_flood_dup0_s20260619,bonded,149882,PRIVPROBE:0,defer,0,True,1000,defer
m12_heavy_flood_dup0_s20260619_bonded,P3-NoPersist,m12_heavy_flood_dup0_s20260619,bonded,151037,PRIVPROBE:0,defer,0,True,1000,defer
m12_heavy_flood_dup0_s20260619_bonded,P3-NoPersist,m12_heavy_flood_dup0_s20260619,bonded,152169,PRIVPROBE:0,defer,0,True,1000,defer
m12_heavy_flood_dup0_s20260619_bonded,P3-NoPersist,m12_heavy_flood_dup0_s20260619,bonded,153287,PRIVPROBE:0,defer,0,True,1000,defer
m12_heavy_flood_dup0_s20260619_bonded,P3-NoPersist,m12_heavy_flood_dup0_s20260619,bonded,154393,PRIVPROBE:0,defer,0,True,1000,defer
m12_heavy_flood_dup0_s20260619_bonded,P3-NoPersist,m12_heavy_flood_dup0_s20260619,bonded,155528,PRIVPROBE:0,defer,0,True,1000,defer
m12_heavy_flood_dup0_s20260619_bonded,P3-NoPersist,m12_heavy_flood_dup0_s20260619,bonded,156586,PRIVPROBE:0,defer,0,True,1000,defer
m12_heavy_flood_dup0_s20260619_bonded,P3-NoPersist,m12_heavy_flood_dup0_s20260619,bonded,157717,PRIVPROBE:0,defer,0,True,1000,defer
m12_heavy_flood_dup0_s20260619_bonded,P3-NoPersist,m12_heavy_flood_dup0_s20260619,bonded,158813,PRIVPROBE:0,defer,0,True,1000,defer
m12_heavy_flood_dup0_s20260619_bonded,P3-NoPersist,m12_heavy_flood_dup0_s20260619,bonded,159833,PRIVPROBE:0,defer,0,True,1000,defer
m12_heavy_flood_dup0_s20260619_bonded,P3-NoPersist,m12_heavy_flood_dup0_s20260619,bonded,160898,PRIVPROBE:0,defer,0,True,1000,defer
m12_heavy_flood_dup0_s20260619_bonded,P3-NoPersist,m12_heavy_flood_dup0_s20260619,bonded,162005,PRIVPROBE:0,defer,0,True,1000,defer
m12_heavy_flood_dup0_s20260619_bonded,P3-NoPersist,m12_heavy_flood_dup0_s20260619,bonded,163075,PRIVPROBE:0,defer,0,True,1000,defer
m12_heavy_flood_dup0_s20260619_bonded,P3-NoPersist,m12_heavy_flood_dup0_s20260619,bonded,164261,PRIVPROBE:0,defer,0,True,1000,defer
m12_heavy_flood_dup0_s20260619_bonded,P3-NoPersist,m12_heavy_flood_dup0_s20260619,bonded,165391,PRIVPROBE:0,defer,0,True,1000,defer
m12_heavy_flood_dup0_s20260619_bonded,P3-NoPersist,m12_heavy_flood_dup0_s20260619,bonded,166469,PRIVPROBE:0,defer,0,True,1000,defer
m12_heavy_flood_dup0_s20260619_bonded,P3-NoPersist,m12_heavy_flood_dup0_s20260619,bonded,167589,PRIVPROBE:0,defer,0,True,1000,defer
m12_heavy_flood_dup0_s20260619_bonded,P3-NoPersist,m12_heavy_flood_dup0_s20260619,bonded,168652,PRIVPROBE:0,defer,0,True,1000,defer
m12_heavy_flood_dup0_s20260619_bonded,P3-NoPersist,m12_heavy_flood_dup0_s20260619,bonded,169825,PRIVPROBE:0,defer,0,True,1000,defer
m12_heavy_flood_dup0_s20260619_bonded,P3-NoPersist,m12_heavy_flood_dup0_s20260619,bonded,170964,PRIVPROBE:0,defer,0,True,1000,defer
m12_heavy_flood_dup0_s20260619_bonded,P3-NoPersist,m12_heavy_flood_dup0_s20260619,bonded,172070,PRIVPROBE:0,defer,0,True,1000,defer
m12_heavy_flood_dup0_s20260619_bonded,P3-NoPersist,m12_heavy_flood_dup0_s20260619,bonded,173210,PRIVPROBE:0,defer,0,True,1000,defer
m12_heavy_flood_dup0_s20260619_bonded,P3-NoPersist,m12_heavy_flood_dup0_s20260619,bonded,174366,PRIVPROBE:0,defer,0,True,1000,defer
m12_heavy_flood_dup0_s20260619_bonded,P3-NoPersist,m12_heavy_flood_dup0_s20260619,bonded,175465,PRIVPROBE:0,defer,0,True,1000,defer
m12_heavy_flood_dup0_s20260619_bonded,P3-NoPersist,m12_heavy_flood_dup0_s20260619,bonded,176537,PRIVPROBE:0,defer,0,True,1000,defer
m12_heavy_flood_dup0_s20260619_bonded,P3-NoPersist,m12_heavy_flood_dup0_s20260619,bonded,177651,PRIVPROBE:0,defer,0,True,1000,defer
m12_heavy_flood_dup0_s20260619_bonded,P3-NoPersist,m12_heavy_flood_dup0_s20260619,bonded,178768,PRIVPROBE:0,defer,0,True,1000,defer
m12_heavy_flood_dup0_s20260619_bonded,P3-NoPersist,m12_heavy_flood_dup0_s20260619,bonded,179851,PRIVPROBE:0,defer,0,True,1000,defer
m12_heavy_flood_dup0_s20260619_bonded,P3-NoPersist,m12_heavy_flood_dup0_s20260619,bonded,180918,PRIVPROBE:0,defer,0,True,1000,defer
m12_heavy_flood_dup0_s20260619_bonded,P3-NoPersist,m12_heavy_flood_dup0_s20260619,bonded,182028,PRIVPROBE:0,defer,0,True,1000,defer
m12_heavy_flood_dup0_s20260619_bonded,P3-NoPersist,m12_heavy_flood_dup0_s20260619,bonded,183078,PRIVPROBE:0,defer,0,True,1000,defer
m12_heavy_flood_dup0_s20260619_bonded,P3-NoPersist,m12_heavy_flood_dup0_s20260619,bonded,184162,PRIVPROBE:0,defer,0,True,1000,defer
m12_heavy_flood_dup0_s20260619_bonded,P3-NoPersist,m12_heavy_flood_dup0_s20260619,bonded,185246,PRIVPROBE:0,defer,0,True,1000,defer
m12_heavy_flood_dup0_s20260619_bonded,P3-NoPersist,m12_heavy_flood_dup0_s20260619,bonded,186355,PRIVPROBE:0,defer,0,True,1000,defer
m12_heavy_flood_dup0_s20260619_bonded,P3-NoPersist,m12_heavy_flood_dup0_s20260619,bonded,187555,PRIVPROBE:0,defer,0,True,1000,defer
m12_heavy_flood_dup0_s20260619_bonded,P3-NoPersist,m12_heavy_flood_dup0_s20260619,bonded,188613,PRIVPROBE:0,defer,0,True,1000,defer
m12_heavy_flood_dup0_s20260619_bonded,P3-NoPersist,m12_heavy_flood_dup0_s20260619,bonded,189770,PRIVPROBE:0,defer,0,True,1000,defer
m12_heavy_flood_dup0_s20260619_bonded,P3-NoPersist,m12_heavy_flood_dup0_s20260619,bonded,190893,PRIVPROBE:0,defer,0,True,1000,defer
m12_heavy_flood_dup0_s20260619_bonded,P3-NoPersist,m12_heavy_flood_dup0_s20260619,bonded,191899,PRIVPROBE:0,defer,0,True,1000,defer
m12_heavy_flood_dup0_s20260619_bonded,P3-NoPersist,m12_heavy_flood_dup0_s20260619,bonded,193012,PRIVPROBE:0,defer,0,True,1000,defer
m12_heavy_flood_dup0_s20260619_bonded,P3-NoPersist,m12_heavy_flood_dup0_s20260619,bonded,194098,PRIVPROBE:0,defer,0,True,1000,defer
m12_heavy_flood_dup0_s20260619_bonded,P3-NoPersist,m12_heavy_flood_dup0_s20260619,bonded,195157,PRIVPROBE:0,defer,0,True,1000,defer
m12_heavy_flood_dup0_s20260619_bonded,P3-NoPersist,m12_heavy_flood_dup0_s20260619,bonded,196259,PRIVPROBE:0,defer,0,True,1000,defer
m12_heavy_flood_dup0_s20260619_bonded,P3-NoPersist,m12_heavy_flood_dup0_s20260619,bonded,197342,PRIVPROBE:0,defer,0,True,1000,defer
m12_heavy_flood_dup0_s20260619_bonded,P3-NoPersist,m12_heavy_flood_dup0_s20260619,bonded,198441,PRIVPROBE:0,defer,0,True,1000,defer
m12_heavy_flood_dup0_s20260619_bonded,P3-NoPersist,m12_heavy_flood_dup0_s20260619,bonded,199463,PRIVPROBE:1,defer,0,True,1000,defer
m12_heavy_flood_dup0_s20260619_bonded,P3-NoPersist,m12_heavy_flood_dup0_s20260619,bonded,200630,PRIVPROBE:1,defer,0,True,1000,defer
m12_heavy_flood_dup0_s20260619_bonded,P3-NoPersist,m12_heavy_flood_dup0_s20260619,bonded,201741,PRIVPROBE:1,defer,0,True,1000,defer
m12_heavy_flood_dup0_s20260619_bonded,P3-NoPersist,m12_heavy_flood_dup0_s20260619,bonded,202791,PRIVPROBE:1,defer,0,True,1000,defer
m12_heavy_flood_dup0_s20260619_bonded,P3-NoPersist,m12_heavy_flood_dup0_s20260619,bonded,203899,PRIVPROBE:1,defer,0,True,1000,defer
m12_heavy_flood_dup0_s20260619_bonded,P3-NoPersist,m12_heavy_flood_dup0_s20260619,bonded,204998,PRIVPROBE:1,defer,0,True,1000,defer
m12_heavy_flood_dup0_s20260619_bonded,P3-NoPersist,m12_heavy_flood_dup0_s20260619,bonded,206117,PRIVPROBE:1,defer,0,True,1000,defer
m12_heavy_flood_dup0_s20260619_bonded,P3-NoPersist,m12_heavy_flood_dup0_s20260619,bonded,207225,PRIVPROBE:1,defer,0,True,1000,defer
m12_heavy_flood_dup0_s20260619_bonded,P3-NoPersist,m12_heavy_flood_dup0_s20260619,bonded,208367,PRIVPROBE:1,defer,0,True,1000,defer
m12_heavy_flood_dup0_s20260619_bonded,P3-NoPersist,m12_heavy_flood_dup0_s20260619,bonded,209396,PRIVPROBE:1,defer,0,True,1000,defer
m12_heavy_flood_dup0_s20260619_bonded,P3-NoPersist,m12_heavy_flood_dup0_s20260619,bonded,210456,PRIVPROBE:1,defer,0,True,1000,defer
m12_heavy_flood_dup0_s20260619_bonded,P3-NoPersist,m12_heavy_flood_dup0_s20260619,bonded,211536,PRIVPROBE:1,defer,0,True,1000,defer
m12_heavy_flood_dup0_s20260619_bonded,P3-NoPersist,m12_heavy_flood_dup0_s20260619,bonded,212660,PRIVPROBE:1,defer,0,True,1000,defer
m12_heavy_flood_dup0_s20260619_bonded,P3-NoPersist,m12_heavy_flood_dup0_s20260619,bonded,213795,PRIVPROBE:1,defer,0,True,1000,defer
m12_heavy_flood_dup0_s20260619_bonded,P3-NoPersist,m12_heavy_flood_dup0_s20260619,bonded,214835,PRIVPROBE:1,defer,0,True,1000,defer
m12_heavy_flood_dup0_s20260619_bonded,P3-NoPersist,m12_heavy_flood_dup0_s20260619,bonded,215943,PRIVPROBE:1,defer,0,True,1000,defer
m12_heavy_flood_dup0_s20260619_bonded,P3-NoPersist,m12_heavy_flood_dup0_s20260619,bonded,217008,PRIVPROBE:1,defer,0,True,1000,defer
m12_heavy_flood_dup0_s20260619_bonded,P3-NoPersist,m12_heavy_flood_dup0_s20260619,bonded,218141,PRIVPROBE:1,defer,0,True,1000,defer
m12_heavy_flood_dup0_s20260619_bonded,P3-NoPersist,m12_heavy_flood_dup0_s20260619,bonded,219241,PRIVPROBE:1,defer,0,True,1000,defer
m12_heavy_flood_dup0_s20260619_bonded,P3-NoPersist,m12_heavy_flood_dup0_s20260619,bonded,220335,PRIVPROBE:1,defer,0,True,1000,defer
m12_heavy_flood_dup0_s20260619_bonded,P3-NoPersist,m12_heavy_flood_dup0_s20260619,bonded,221318,PRIVPROBE:1,defer,0,True,1000,defer
m12_heavy_flood_dup0_s20260619_bonded,P3-NoPersist,m12_heavy_flood_dup0_s20260619,bonded,222391,PRIVPROBE:1,defer,0,True,1000,defer
m12_heavy_flood_dup0_s20260619_bonded,P3-NoPersist,m12_heavy_flood_dup0_s20260619,bonded,223498,PRIVPROBE:1,defer,0,True,1000,defer
m12_heavy_flood_dup0_s20260619_bonded,P3-NoPersist,m12_heavy_flood_dup0_s20260619,bonded,224640,PRIVPROBE:1,defer,0,True,1000,defer
m12_heavy_flood_dup0_s20260619_bonded,P3-NoPersist,m12_heavy_flood_dup0_s20260619,bonded,225730,PRIVPROBE:1,defer,0,True,1000,defer
m12_heavy_flood_dup0_s20260619_bonded,P3-NoPersist,m12_heavy_flood_dup0_s20260619,bonded,226896,PRIVPROBE:1,defer,0,True,1000,defer
m12_heavy_flood_dup0_s20260619_bonded,P3-NoPersist,m12_heavy_flood_dup0_s20260619,bonded,228042,PRIVPROBE:1,defer,0,True,1000,defer
m12_heavy_flood_dup0_s20260619_bonded,P3-NoPersist,m12_heavy_flood_dup0_s20260619,bonded,229127,PRIVPROBE:1,defer,0,True,1000,defer
m12_heavy_flood_dup0_s20260619_bonded,P3-NoPersist,m12_heavy_flood_dup0_s20260619,bonded,230258,PRIVPROBE:1,defer,0,True,1000,defer
m12_heavy_flood_dup0_s20260619_bonded,P3-NoPersist,m12_heavy_flood_dup0_s20260619,bonded,231374,PRIVPROBE:1,defer,0,True,1000,defer
m12_heavy_flood_dup0_s20260619_bonded,P3-NoPersist,m12_heavy_flood_dup0_s20260619,bonded,232476,PRIVPROBE:1,defer,0,True,1000,defer
m12_heavy_flood_dup0_s20260619_bonded,P3-NoPersist,m12_heavy_flood_dup0_s20260619,bonded,233652,PRIVPROBE:1,defer,0,True,1000,defer
m12_heavy_flood_dup0_s20260619_bonded,P3-NoPersist,m12_heavy_flood_dup0_s20260619,bonded,234720,PRIVPROBE:1,defer,0,True,1000,defer
m12_heavy_flood_dup0_s20260619_bonded,P3-NoPersist,m12_heavy_flood_dup0_s20260619,bonded,235808,PRIVPROBE:1,defer,0,True,1000,defer
m12_heavy_flood_dup0_s20260619_bonded,P3-NoPersist,m12_heavy_flood_dup0_s20260619,bonded,236867,PRIVPROBE:1,defer,0,True,1000,defer
m12_heavy_flood_dup0_s20260619_bonded,P3-NoPersist,m12_heavy_flood_dup0_s20260619,bonded,237962,PRIVPROBE:1,defer,0,True,1000,defer
m12_heavy_flood_dup0_s20260619_bonded,P3-NoPersist,m12_heavy_flood_dup0_s20260619,bonded,239050,PRIVPROBE:1,defer,0,True,1000,defer
m12_heavy_flood_dup0_s20260619_bonded,P3-NoPersist,m12_heavy_flood_dup0_s20260619,bonded,240185,PRIVPROBE:1,defer,0,True,1000,defer
m12_heavy_flood_dup0_s20260619_bonded,P3-NoPersist,m12_heavy_flood_dup0_s20260619,bonded,241304,PRIVPROBE:1,defer,0,True,1000,defer
m12_heavy_flood_dup0_s20260619_bonded,P3-NoPersist,m12_heavy_flood_dup0_s20260619,bonded,242374,PRIVPROBE:1,defer,0,True,1000,defer
m12_heavy_flood_dup0_s20260619_bonded,P3-NoPersist,m12_heavy_flood_dup0_s20260619,bonded,243501,PRIVPROBE:1,defer,0,True,1000,defer
m12_heavy_flood_dup0_s20260619_bonded,P3-NoPersist,m12_heavy_flood_dup0_s20260619,bonded,244616,PRIVPROBE:1,defer,0,True,1000,defer
m12_heavy_flood_dup0_s20260619_bonded,P3-NoPersist,m12_heavy_flood_dup0_s20260619,bonded,245791,PRIVPROBE:1,defer,0,True,1000,defer
m12_heavy_flood_dup0_s20260619_bonded,P3-NoPersist,m12_heavy_flood_dup0_s20260619,bonded,246841,PRIVPROBE:1,defer,0,True,1000,defer
m12_heavy_flood_dup0_s20260619_bonded,P3-NoPersist,m12_heavy_flood_dup0_s20260619,bonded,247984,PRIVPROBE:1,defer,0,True,1000,defer
m12_heavy_flood_dup0_s20260619_bonded,P3-NoPersist,m12_heavy_flood_dup0_s20260619,bonded,249089,PRIVPROBE:1,defer,0,True,1000,defer
m12_heavy_flood_dup0_s20260619_bonded,P3-NoPersist,m12_heavy_flood_dup0_s20260619,bonded,250208,PRIVPROBE:1,defer,0,True,1000,defer
m12_heavy_flood_dup0_s20260619_bonded,P3-NoPersist,m12_heavy_flood_dup0_s20260619,bonded,251385,PRIVPROBE:1,defer,0,True,1000,defer
m12_heavy_flood_dup0_s20260619_bonded,P3-NoPersist,m12_heavy_flood_dup0_s20260619,bonded,252471,PRIVPROBE:1,defer,0,True,1000,defer
m12_heavy_flood_dup0_s20260619_bonded,P3-NoPersist,m12_heavy_flood_dup0_s20260619,bonded,253579,PRIVPROBE:1,defer,0,True,1000,defer
m12_heavy_flood_dup0_s20260619_bonded,P3-NoPersist,m12_heavy_flood_dup0_s20260619,bonded,254679,PRIVPROBE:1,defer,0,True,1000,defer
m12_heavy_flood_dup0_s20260619_bonded,P3-NoPersist,m12_heavy_flood_dup0_s20260619,bonded,255727,PRIVPROBE:1,defer,0,True,1000,defer
m12_heavy_flood_dup0_s20260619_bonded,P3-NoPersist,m12_heavy_flood_dup0_s20260619,bonded,256831,PRIVPROBE:1,defer,0,True,1000,defer
m12_heavy_flood_dup0_s20260619_bonded,P3-NoPersist,m12_heavy_flood_dup0_s20260619,bonded,257985,PRIVPROBE:1,defer,0,True,1000,defer
m12_heavy_flood_dup0_s20260619_bonded,P3-NoPersist,m12_heavy_flood_dup0_s20260619,bonded,259168,PRIVPROBE:1,defer,0,True,1000,defer
m12_heavy_flood_dup0_s20260619_bonded,P3-NoPersist,m12_heavy_flood_dup0_s20260619,bonded,260285,PRIVPROBE:1,defer,0,True,1000,defer
m12_heavy_flood_dup0_s20260619_bonded,P3-NoPersist,m12_heavy_flood_dup0_s20260619,bonded,261428,PRIVPROBE:1,defer,0,True,1000,defer
m12_heavy_flood_dup0_s20260619_bonded,P3-NoPersist,m12_heavy_flood_dup0_s20260619,bonded,262558,PRIVPROBE:1,defer,0,True,1000,defer
m12_heavy_flood_dup0_s20260619_bonded,P3-NoPersist,m12_heavy_flood_dup0_s20260619,bonded,263647,PRIVPROBE:1,defer,0,True,1000,defer
m12_heavy_flood_dup0_s20260619_bonded,P3-NoPersist,m12_heavy_flood_dup0_s20260619,bonded,264781,PRIVPROBE:1,defer,0,True,1000,defer
m12_heavy_flood_dup0_s20260619_bonded,P3-NoPersist,m12_heavy_flood_dup0_s20260619,bonded,265935,PRIVPROBE:1,defer,0,True,1000,defer
m12_heavy_flood_dup0_s20260619_bonded,P3-NoPersist,m12_heavy_flood_dup0_s20260619,bonded,267044,PRIVPROBE:1,defer,0,True,1000,defer
m12_heavy_flood_dup0_s20260619_bonded,P3-NoPersist,m12_heavy_flood_dup0_s20260619,bonded,268100,PRIVPROBE:1,defer,0,True,1000,defer
m12_heavy_flood_dup0_s20260619_bonded,P3-NoPersist,m12_heavy_flood_dup0_s20260619,bonded,269240,PRIVPROBE:1,defer,0,True,1000,defer
m12_heavy_flood_dup0_s20260619_bonded,P3-NoPersist,m12_heavy_flood_dup0_s20260619,bonded,270339,PRIVPROBE:1,defer,0,True,1000,defer
m12_heavy_flood_dup0_s20260619_bonded,P3-NoPersist,m12_heavy_flood_dup0_s20260619,bonded,271516,PRIVPROBE:1,defer,0,True,1000,defer
m12_heavy_flood_dup0_s20260619_bonded,P3-NoPersist,m12_heavy_flood_dup0_s20260619,bonded,272686,PRIVPROBE:1,defer,0,True,1000,defer
m12_heavy_flood_dup0_s20260619_bonded,P3-NoPersist,m12_heavy_flood_dup0_s20260619,bonded,273811,PRIVPROBE:1,defer,0,True,1000,defer
m12_heavy_flood_dup0_s20260619_bonded,P3-NoPersist,m12_heavy_flood_dup0_s20260619,bonded,274842,PRIVPROBE:1,defer,0,True,1000,defer
m12_heavy_flood_dup0_s20260619_bonded,P3-NoPersist,m12_heavy_flood_dup0_s20260619,bonded,275895,PRIVPROBE:1,defer,0,True,1000,defer
m12_heavy_flood_dup0_s20260619_bonded,P3-NoPersist,m12_heavy_flood_dup0_s20260619,bonded,276952,PRIVPROBE:1,defer,0,True,1000,defer
m12_heavy_flood_dup0_s20260619_bonded,P3-NoPersist,m12_heavy_flood_dup0_s20260619,bonded,278029,PRIVPROBE:1,defer,0,True,1000,defer
m12_heavy_flood_dup0_s20260619_bonded,P3-NoPersist,m12_heavy_flood_dup0_s20260619,bonded,279115,PRIVPROBE:1,defer,0,True,1000,defer
m12_heavy_flood_dup0_s20260619_bonded,P3-NoPersist,m12_heavy_flood_dup0_s20260619,bonded,280216,PRIVPROBE:1,defer,0,True,1000,defer
m12_heavy_flood_dup0_s20260619_bonded,P3-NoPersist,m12_heavy_flood_dup0_s20260619,bonded,281310,PRIVPROBE:1,defer,0,True,1000,defer
m12_heavy_flood_dup0_s20260619_bonded,P3-NoPersist,m12_heavy_flood_dup0_s20260619,bonded,282466,PRIVPROBE:1,defer,0,True,1000,defer
m12_heavy_flood_dup0_s20260619_bonded,P3-NoPersist,m12_heavy_flood_dup0_s20260619,bonded,283542,PRIVPROBE:1,defer,0,True,1000,defer
m12_heavy_flood_dup0_s20260619_bonded,P3-NoPersist,m12_heavy_flood_dup0_s20260619,bonded,284605,PRIVPROBE:1,defer,0,True,1000,defer
m12_heavy_flood_dup0_s20260619_bonded,P3-NoPersist,m12_heavy_flood_dup0_s20260619,bonded,285746,PRIVPROBE:1,defer,0,True,1000,defer
m12_heavy_flood_dup0_s20260619_bonded,P3-NoPersist,m12_heavy_flood_dup0_s20260619,bonded,286869,PRIVPROBE:1,defer,0,True,1000,defer
m12_heavy_flood_dup0_s20260619_bonded,P3-NoPersist,m12_heavy_flood_dup0_s20260619,bonded,287942,PRIVPROBE:1,defer,0,True,1000,defer
m12_heavy_flood_dup0_s20260619_bonded,P3-NoPersist,m12_heavy_flood_dup0_s20260619,bonded,289043,PRIVPROBE:1,defer,0,True,1000,defer
m12_heavy_flood_dup0_s20260619_bonded,P3-NoPersist,m12_heavy_flood_dup0_s20260619,bonded,290136,PRIVPROBE:1,defer,0,True,1000,defer
m12_heavy_flood_dup0_s20260619_bonded,P3-NoPersist,m12_heavy_flood_dup0_s20260619,bonded,291204,PRIVPROBE:1,defer,0,True,1000,defer
m12_heavy_flood_dup0_s20260619_bonded,P3-NoPersist,m12_heavy_flood_dup0_s20260619,bonded,292268,PRIVPROBE:1,defer,0,True,1000,defer
m12_heavy_flood_dup0_s20260619_bonded,P3-NoPersist,m12_heavy_flood_dup0_s20260619,bonded,293410,PRIVPROBE:1,defer,0,True,1000,defer
m12_heavy_flood_dup0_s20260619_bonded,P3-NoPersist,m12_heavy_flood_dup0_s20260619,bonded,294582,PRIVPROBE:1,defer,0,True,1000,defer
m12_heavy_flood_dup0_s20260619_bonded,P3-NoPersist,m12_heavy_flood_dup0_s20260619,bonded,295757,PRIVPROBE:1,defer,0,True,1000,defer
m12_heavy_flood_dup0_s20260619_bonded,P3-NoPersist,m12_heavy_flood_dup0_s20260619,bonded,296948,PRIVPROBE:1,defer,0,True,1000,defer
m12_heavy_flood_dup0_s20260619_bonded,P3-NoPersist,m12_heavy_flood_dup0_s20260619,bonded,298012,PRIVPROBE:1,defer,0,True,1000,defer
m12_heavy_flood_dup0_s20260619_bonded,P3-NoPersist,m12_heavy_flood_dup0_s20260619,bonded,299046,PRIVPROBE:1,defer,0,True,1000,defer
m12_heavy_flood_dup0_s20260619_bonded,P3-NoPersist,m12_heavy_flood_dup0_s20260619,bonded,300197,PRIVPROBE:1,defer,0,True,1000,defer
m12_heavy_flood_dup0_s20260619_bonded,P3-NoPersist,m12_heavy_flood_dup0_s20260619,bonded,301366,PRIVPROBE:1,defer,0,True,1000,defer
m12_heavy_flood_dup0_s20260619_bonded,P3-NoPersist,m12_heavy_flood_dup0_s20260619,bonded,302480,PRIVPROBE:1,defer,0,True,1000,defer
m12_heavy_flood_dup0_s20260619_bonded,P3-NoPersist,m12_heavy_flood_dup0_s20260619,bonded,303583,PRIVPROBE:1,defer,0,True,1000,defer
m12_heavy_flood_dup0_s20260619_bonded,P3-NoPersist,m12_heavy_flood_dup0_s20260619,bonded,304742,PRIVPROBE:1,defer,0,True,1000,defer
m12_heavy_flood_dup0_s20260619_bonded,P3-NoPersist,m12_heavy_flood_dup0_s20260619,bonded,305857,PRIVPROBE:1,defer,0,True,1000,defer
m12_heavy_flood_dup0_s20260619_bonded,P3-NoPersist,m12_heavy_flood_dup0_s20260619,bonded,306974,PRIVPROBE:1,defer,0,True,1000,defer
m12_heavy_flood_dup0_s20260619_bonded,P3-NoPersist,m12_heavy_flood_dup0_s20260619,bonded,308190,PRIVPROBE:1,defer,0,True,1000,defer
m12_heavy_flood_dup0_s20260619_bonded,P3-NoPersist,m12_heavy_flood_dup0_s20260619,bonded,309281,PRIVPROBE:1,defer,0,True,1000,defer
m12_heavy_flood_dup0_s20260619_bonded,P3-NoPersist,m12_heavy_flood_dup0_s20260619,bonded,310409,PRIVPROBE:1,defer,0,True,1000,defer
m12_heavy_flood_dup0_s20260619_bonded,P3-NoPersist,m12_heavy_flood_dup0_s20260619,bonded,311492,PRIVPROBE:1,defer,0,True,1000,defer
m12_heavy_flood_dup0_s20260619_bonded,P3-NoPersist,m12_heavy_flood_dup0_s20260619,bonded,312621,PRIVPROBE:1,defer,0,True,1000,defer
m12_heavy_flood_dup0_s20260619_bonded,P3-NoPersist,m12_heavy_flood_dup0_s20260619,bonded,313746,PRIVPROBE:1,defer,0,True,1000,defer
m12_heavy_flood_dup0_s20260619_bonded,P3-NoPersist,m12_heavy_flood_dup0_s20260619,bonded,314821,PRIVPROBE:1,defer,0,True,1000,defer
m12_heavy_flood_dup0_s20260619_bonded,P3-NoPersist,m12_heavy_flood_dup0_s20260619,bonded,315955,PRIVPROBE:1,defer,0,True,1000,defer
m12_heavy_flood_dup0_s20260619_bonded,P3-NoPersist,m12_heavy_flood_dup0_s20260619,bonded,317106,PRIVPROBE:1,defer,0,True,1000,defer
m12_heavy_flood_dup0_s20260619_bonded,P3-NoPersist,m12_heavy_flood_dup0_s20260619,bonded,318223,PRIVPROBE:1,defer,0,True,1000,defer
m12_heavy_flood_dup0_s20260619_bonded,P3-NoPersist,m12_heavy_flood_dup0_s20260619,bonded,319306,PRIVPROBE:1,defer,0,True,1000,defer
m12_heavy_flood_dup0_s20260619_bonded,P3-NoPersist,m12_heavy_flood_dup0_s20260619,bonded,320441,PRIVPROBE:1,defer,0,True,1000,defer
m12_heavy_flood_dup0_s20260619_bonded,P3-NoPersist,m12_heavy_flood_dup0_s20260619,bonded,321536,PRIVPROBE:1,defer,0,True,1000,defer
m12_heavy_flood_dup0_s20260619_bonded,P3-NoPersist,m12_heavy_flood_dup0_s20260619,bonded,322601,PRIVPROBE:1,defer,0,True,1000,defer
m12_heavy_flood_dup0_s20260619_bonded,P3-NoPersist,m12_heavy_flood_dup0_s20260619,bonded,323721,PRIVPROBE:1,defer,0,True,1000,defer
m12_heavy_flood_dup0_s20260619_bonded,P3-NoPersist,m12_heavy_flood_dup0_s20260619,bonded,324829,PRIVPROBE:1,defer,0,True,1000,defer
m12_heavy_flood_dup0_s20260619_bonded,P3-NoPersist,m12_heavy_flood_dup0_s20260619,bonded,325900,PRIVPROBE:1,defer,0,True,1000,defer
m12_heavy_flood_dup0_s20260619_bonded,P3-NoPersist,m12_heavy_flood_dup0_s20260619,bonded,327019,PRIVPROBE:1,defer,0,True,1000,defer
m12_heavy_flood_dup0_s20260619_bonded,P3-NoPersist,m12_heavy_flood_dup0_s20260619,bonded,328113,PRIVPROBE:1,defer,0,True,1000,defer
m12_heavy_flood_dup0_s20260619_bonded,P3-NoPersist,m12_heavy_flood_dup0_s20260619,bonded,329214,PRIVPROBE:1,defer,0,True,1000,defer
m12_heavy_flood_dup0_s20260619_bonded,P3-NoPersist,m12_heavy_flood_dup0_s20260619,bonded,330293,PRIVPROBE:1,defer,0,True,1000,defer
m12_heavy_flood_dup0_s20260619_bonded,P3-NoPersist,m12_heavy_flood_dup0_s20260619,bonded,331393,PRIVPROBE:1,defer,0,True,1000,defer
m12_heavy_flood_dup0_s20260619_bonded,P3-NoPersist,m12_heavy_flood_dup0_s20260619,bonded,332497,PRIVPROBE:1,defer,0,True,1000,defer
m12_heavy_flood_dup0_s20260619_bonded,P3-NoPersist,m12_heavy_flood_dup0_s20260619,bonded,333661,PRIVPROBE:1,defer,0,True,1000,defer
m12_heavy_flood_dup0_s20260619_bonded,P3-NoPersist,m12_heavy_flood_dup0_s20260619,bonded,334773,PRIVPROBE:1,defer,0,True,1000,defer
m12_heavy_flood_dup0_s20260619_bonded,P3-NoPersist,m12_heavy_flood_dup0_s20260619,bonded,335958,PRIVPROBE:1,defer,0,True,1000,defer
m12_heavy_flood_dup0_s20260619_bonded,P3-NoPersist,m12_heavy_flood_dup0_s20260619,bonded,337091,PRIVPROBE:1,defer,0,True,1000,defer
m12_heavy_flood_dup0_s20260619_bonded,P3-NoPersist,m12_heavy_flood_dup0_s20260619,bonded,338130,PRIVPROBE:1,defer,0,True,1000,defer
m12_heavy_flood_dup0_s20260619_bonded,P3-NoPersist,m12_heavy_flood_dup0_s20260619,bonded,339206,PRIVPROBE:1,defer,0,True,1000,defer
m12_heavy_flood_dup0_s20260619_bonded,P3-NoPersist,m12_heavy_flood_dup0_s20260619,bonded,340374,PRIVPROBE:1,defer,0,True,1000,defer
m12_heavy_flood_dup0_s20260619_bonded,P3-NoPersist,m12_heavy_flood_dup0_s20260619,bonded,341480,PRIVPROBE:1,defer,0,True,1000,defer
m12_heavy_flood_dup0_s20260619_bonded,P3-NoPersist,m12_heavy_flood_dup0_s20260619,bonded,342622,PRIVPROBE:1,defer,0,True,1000,defer
m12_heavy_flood_dup0_s20260619_bonded,P3-NoPersist,m12_heavy_flood_dup0_s20260619,bonded,343748,PRIVPROBE:1,defer,0,True,1000,defer
m12_heavy_flood_dup0_s20260619_bonded,P3-NoPersist,m12_heavy_flood_dup0_s20260619,bonded,344820,PRIVPROBE:1,defer,0,True,1000,defer
m12_heavy_flood_dup0_s20260619_bonded,P3-NoPersist,m12_heavy_flood_dup0_s20260619,bonded,345912,PRIVPROBE:1,defer,0,True,1000,defer
m12_heavy_flood_dup0_s20260619_bonded,P3-NoPersist,m12_heavy_flood_dup0_s20260619,bonded,346989,PRIVPROBE:1,defer,0,True,1000,defer
m12_heavy_flood_dup0_s20260619_bonded,P3-NoPersist,m12_heavy_flood_dup0_s20260619,bonded,348079,PRIVPROBE:1,defer,0,True,1000,defer
m12_heavy_flood_dup0_s20260619_bonded,P3-NoPersist,m12_heavy_flood_dup0_s20260619,bonded,349219,PRIVPROBE:1,defer,0,True,1000,defer
m12_heavy_flood_dup0_s20260619_bonded,P3-NoPersist,m12_heavy_flood_dup0_s20260619,bonded,350282,PRIVPROBE:1,defer,0,True,1000,defer
m12_heavy_flood_dup0_s20260619_bonded,P3-NoPersist,m12_heavy_flood_dup0_s20260619,bonded,351414,PRIVPROBE:1,defer,0,True,1000,defer
m12_heavy_flood_dup0_s20260619_bonded,P3-NoPersist,m12_heavy_flood_dup0_s20260619,bonded,352490,PRIVPROBE:1,defer,0,True,1000,defer
m12_heavy_flood_dup0_s20260619_bonded,P3-NoPersist,m12_heavy_flood_dup0_s20260619,bonded,353538,PRIVPROBE:1,defer,0,True,1000,defer
m12_heavy_flood_dup0_s20260619_bonded,P3-NoPersist,m12_heavy_flood_dup0_s20260619,bonded,354583,PRIVPROBE:1,defer,0,True,1000,defer
m12_heavy_flood_dup0_s20260619_bonded,P3-NoPersist,m12_heavy_flood_dup0_s20260619,bonded,355640,PRIVPROBE:1,defer,0,True,1000,defer
m12_heavy_flood_dup0_s20260619_bonded,P3-NoPersist,m12_heavy_flood_dup0_s20260619,bonded,356812,PRIVPROBE:1,defer,0,True,1000,defer
m12_heavy_flood_dup0_s20260619_bonded,P3-NoPersist,m12_heavy_flood_dup0_s20260619,bonded,357887,PRIVPROBE:1,defer,0,True,1000,defer
m12_heavy_flood_dup0_s20260619_bonded,P3-NoPersist,m12_heavy_flood_dup0_s20260619,bonded,358966,PRIVPROBE:1,defer,0,True,1000,defer
m12_heavy_flood_dup0_s20260619_bonded,P3-NoPersist,m12_heavy_flood_dup0_s20260619,bonded,360015,PRIVPROBE:1,defer,0,True,1000,defer
m12_heavy_flood_dup0_s20260619_bonded,P3-NoPersist,m12_heavy_flood_dup0_s20260619,bonded,361082,PRIVPROBE:1,defer,0,True,1000,defer
m12_heavy_flood_dup0_s20260619_bonded,P3-NoPersist,m12_heavy_flood_dup0_s20260619,bonded,362166,PRIVPROBE:1,defer,0,True,1000,defer
m12_heavy_flood_dup0_s20260619_bonded,P3-NoPersist,m12_heavy_flood_dup0_s20260619,bonded,363262,PRIVPROBE:1,defer,0,True,1000,defer
m12_heavy_flood_dup0_s20260619_bonded,P3-NoPersist,m12_heavy_flood_dup0_s20260619,bonded,364417,PRIVPROBE:1,defer,0,True,1000,defer
m12_heavy_flood_dup0_s20260619_bonded,P3-NoPersist,m12_heavy_flood_dup0_s20260619,bonded,365514,PRIVPROBE:1,defer,0,True,1000,defer
m12_heavy_flood_dup0_s20260619_bonded,P3-NoPersist,m12_heavy_flood_dup0_s20260619,bonded,366662,PRIVPROBE:1,defer,0,True,1000,defer
m12_heavy_flood_dup0_s20260619_bonded,P3-NoPersist,m12_heavy_flood_dup0_s20260619,bonded,367790,PRIVPROBE:1,defer,0,True,1000,defer
m12_heavy_flood_dup0_s20260619_bonded,P3-NoPersist,m12_heavy_flood_dup0_s20260619,bonded,368828,PRIVPROBE:1,defer,0,True,1000,defer
m12_heavy_flood_dup0_s20260619_bonded,P3-NoPersist,m12_heavy_flood_dup0_s20260619,bonded,369948,PRIVPROBE:1,defer,0,True,1000,defer
m12_heavy_flood_dup0_s20260619_bonded,P3-NoPersist,m12_heavy_flood_dup0_s20260619,bonded,371078,PRIVPROBE:1,defer,0,True,1000,defer
m12_heavy_flood_dup0_s20260619_bonded,P3-NoPersist,m12_heavy_flood_dup0_s20260619,bonded,372209,PRIVPROBE:1,defer,0,True,1000,defer
m12_heavy_flood_dup0_s20260619_bonded,P3-NoPersist,m12_heavy_flood_dup0_s20260619,bonded,373301,PRIVPROBE:1,defer,0,True,1000,defer
m12_heavy_flood_dup0_s20260619_bonded,P3-NoPersist,m12_heavy_flood_dup0_s20260619,bonded,374410,PRIVPROBE:1,defer,0,True,1000,defer
m12_heavy_flood_dup0_s20260619_bonded,P3-NoPersist,m12_heavy_flood_dup0_s20260619,bonded,375495,PRIVPROBE:1,defer,0,True,1000,defer
m12_heavy_flood_dup0_s20260619_bonded,P3-NoPersist,m12_heavy_flood_dup0_s20260619,bonded,376551,PRIVPROBE:1,defer,0,True,1000,defer
m12_heavy_flood_dup0_s20260619_bonded,P3-NoPersist,m12_heavy_flood_dup0_s20260619,bonded,377578,PRIVPROBE:1,defer,0,True,1000,defer
m12_heavy_flood_dup0_s20260619_bonded,P3-NoPersist,m12_heavy_flood_dup0_s20260619,bonded,378718,PRIVPROBE:1,defer,0,True,1000,defer
m12_heavy_flood_dup0_s20260619_bonded,P3-NoPersist,m12_heavy_flood_dup0_s20260619,bonded,379791,PRIVPROBE:1,defer,0,True,1000,defer
m12_heavy_flood_dup0_s20260619_bonded,P3-NoPersist,m12_heavy_flood_dup0_s20260619,bonded,380847,PRIVPROBE:1,defer,0,True,1000,defer
m12_heavy_flood_dup0_s20260619_bonded,P3-NoPersist,m12_heavy_flood_dup0_s20260619,bonded,381955,PRIVPROBE:1,defer,0,True,1000,defer
m12_heavy_flood_dup0_s20260619_bonded,P3-NoPersist,m12_heavy_flood_dup0_s20260619,bonded,383056,PRIVPROBE:1,defer,0,True,1000,defer
m12_heavy_flood_dup0_s20260619_bonded,P3-NoPersist,m12_heavy_flood_dup0_s20260619,bonded,384208,PRIVPROBE:1,defer,0,True,1000,defer
m12_heavy_flood_dup0_s20260619_bonded,P3-NoPersist,m12_heavy_flood_dup0_s20260619,bonded,385275,PRIVPROBE:1,defer,0,True,1000,defer
m12_heavy_flood_dup0_s20260619_bonded,P3-NoPersist,m12_heavy_flood_dup0_s20260619,bonded,386373,PRIVPROBE:1,defer,0,True,1000,defer
m12_heavy_flood_dup0_s20260619_bonded,P3-NoPersist,m12_heavy_flood_dup0_s20260619,bonded,387487,PRIVPROBE:1,defer,0,True,1000,defer
m12_heavy_flood_dup0_s20260619_bonded,P3-NoPersist,m12_heavy_flood_dup0_s20260619,bonded,388595,PRIVPROBE:1,defer,0,True,1000,defer
m12_heavy_flood_dup0_s20260619_bonded,P3-NoPersist,m12_heavy_flood_dup0_s20260619,bonded,389705,PRIVPROBE:1,defer,0,True,1000,defer
m12_heavy_flood_dup0_s20260619_bonded,P3-NoPersist,m12_heavy_flood_dup0_s20260619,bonded,390819,PRIVPROBE:1,defer,0,True,1000,defer
m12_heavy_flood_dup0_s20260619_bonded,P3-NoPersist,m12_heavy_flood_dup0_s20260619,bonded,391960,PRIVPROBE:1,defer,0,True,1000,defer
m12_heavy_flood_dup0_s20260619_bonded,P3-NoPersist,m12_heavy_flood_dup0_s20260619,bonded,393095,PRIVPROBE:1,defer,0,True,1000,defer
m12_heavy_flood_dup0_s20260619_bonded,P3-NoPersist,m12_heavy_flood_dup0_s20260619,bonded,394169,PRIVPROBE:1,defer,0,True,1000,defer
m12_heavy_flood_dup0_s20260619_bonded,P3-NoPersist,m12_heavy_flood_dup0_s20260619,bonded,395322,PRIVPROBE:1,defer,0,True,1000,defer
m12_heavy_flood_dup0_s20260619_bonded,P3-NoPersist,m12_heavy_flood_dup0_s20260619,bonded,396483,PRIVPROBE:1,defer,0,True,1000,defer
m12_heavy_flood_dup0_s20260619_bonded,P3-NoPersist,m12_heavy_flood_dup0_s20260619,bonded,397583,PRIVPROBE:1,defer,0,True,1000,defer
m12_heavy_flood_dup0_s20260619_bonded,BudgetDoS,m12_heavy_flood_dup0_s20260619,bonded,66856,PRIVPROBE:0,budget_skip,0,False,0,budget_skip
m12_heavy_flood_dup0_s20260619_bonded,BudgetDoS,m12_heavy_flood_dup0_s20260619,bonded,68008,PRIVPROBE:0,budget_skip,0,False,0,budget_skip
m12_heavy_flood_dup0_s20260619_bonded,BudgetDoS,m12_heavy_flood_dup0_s20260619,bonded,69130,PRIVPROBE:0,budget_skip,0,False,0,budget_skip
m12_heavy_flood_dup0_s20260619_bonded,BudgetDoS,m12_heavy_flood_dup0_s20260619,bonded,70226,PRIVPROBE:0,budget_skip,0,False,0,budget_skip
m12_heavy_flood_dup0_s20260619_bonded,BudgetDoS,m12_heavy_flood_dup0_s20260619,bonded,71349,PRIVPROBE:0,budget_skip,0,False,0,budget_skip
m12_heavy_flood_dup0_s20260619_bonded,BudgetDoS,m12_heavy_flood_dup0_s20260619,bonded,72446,PRIVPROBE:0,budget_skip,0,False,0,budget_skip
m12_heavy_flood_dup0_s20260619_bonded,BudgetDoS,m12_heavy_flood_dup0_s20260619,bonded,73581,PRIVPROBE:0,budget_skip,0,False,0,budget_skip
m12_heavy_flood_dup0_s20260619_bonded,BudgetDoS,m12_heavy_flood_dup0_s20260619,bonded,74744,PRIVPROBE:0,budget_skip,0,False,0,budget_skip
m12_heavy_flood_dup0_s20260619_bonded,BudgetDoS,m12_heavy_flood_dup0_s20260619,bonded,75825,PRIVPROBE:0,budget_skip,0,False,0,budget_skip
m12_heavy_flood_dup0_s20260619_bonded,BudgetDoS,m12_heavy_flood_dup0_s20260619,bonded,76942,PRIVPROBE:0,budget_skip,0,False,0,budget_skip
m12_heavy_flood_dup0_s20260619_bonded,BudgetDoS,m12_heavy_flood_dup0_s20260619,bonded,78076,PRIVPROBE:0,budget_skip,0,False,0,budget_skip
m12_heavy_flood_dup0_s20260619_bonded,BudgetDoS,m12_heavy_flood_dup0_s20260619,bonded,79191,PRIVPROBE:0,budget_skip,0,False,0,budget_skip
m12_heavy_flood_dup0_s20260619_bonded,BudgetDoS,m12_heavy_flood_dup0_s20260619,bonded,80267,PRIVPROBE:0,budget_skip,0,False,0,budget_skip
m12_heavy_flood_dup0_s20260619_bonded,BudgetDoS,m12_heavy_flood_dup0_s20260619,bonded,81351,PRIVPROBE:0,budget_skip,0,False,0,budget_skip
m12_heavy_flood_dup0_s20260619_bonded,BudgetDoS,m12_heavy_flood_dup0_s20260619,bonded,82440,PRIVPROBE:0,budget_skip,0,False,0,budget_skip
m12_heavy_flood_dup0_s20260619_bonded,BudgetDoS,m12_heavy_flood_dup0_s20260619,bonded,83516,PRIVPROBE:0,budget_skip,0,False,0,budget_skip
m12_heavy_flood_dup0_s20260619_bonded,BudgetDoS,m12_heavy_flood_dup0_s20260619,bonded,84619,PRIVPROBE:0,budget_skip,0,False,0,budget_skip
m12_heavy_flood_dup0_s20260619_bonded,BudgetDoS,m12_heavy_flood_dup0_s20260619,bonded,85751,PRIVPROBE:0,budget_skip,0,False,0,budget_skip
m12_heavy_flood_dup0_s20260619_bonded,BudgetDoS,m12_heavy_flood_dup0_s20260619,bonded,86861,PRIVPROBE:0,budget_skip,0,False,0,budget_skip
m12_heavy_flood_dup0_s20260619_bonded,BudgetDoS,m12_heavy_flood_dup0_s20260619,bonded,87921,PRIVPROBE:0,budget_skip,0,False,0,budget_skip
m12_heavy_flood_dup0_s20260619_bonded,BudgetDoS,m12_heavy_flood_dup0_s20260619,bonded,89073,PRIVPROBE:0,budget_skip,0,False,0,budget_skip
m12_heavy_flood_dup0_s20260619_bonded,BudgetDoS,m12_heavy_flood_dup0_s20260619,bonded,90173,PRIVPROBE:0,budget_skip,0,False,0,budget_skip
m12_heavy_flood_dup0_s20260619_bonded,BudgetDoS,m12_heavy_flood_dup0_s20260619,bonded,91371,PRIVPROBE:0,budget_skip,0,False,0,budget_skip
m12_heavy_flood_dup0_s20260619_bonded,BudgetDoS,m12_heavy_flood_dup0_s20260619,bonded,92412,PRIVPROBE:0,budget_skip,0,False,0,budget_skip
m12_heavy_flood_dup0_s20260619_bonded,BudgetDoS,m12_heavy_flood_dup0_s20260619,bonded,93463,PRIVPROBE:0,budget_skip,0,False,0,budget_skip
m12_heavy_flood_dup0_s20260619_bonded,BudgetDoS,m12_heavy_flood_dup0_s20260619,bonded,94646,PRIVPROBE:0,budget_skip,0,False,0,budget_skip
m12_heavy_flood_dup0_s20260619_bonded,BudgetDoS,m12_heavy_flood_dup0_s20260619,bonded,95782,PRIVPROBE:0,budget_skip,0,False,0,budget_skip
m12_heavy_flood_dup0_s20260619_bonded,BudgetDoS,m12_heavy_flood_dup0_s20260619,bonded,96915,PRIVPROBE:0,budget_skip,0,False,0,budget_skip
m12_heavy_flood_dup0_s20260619_bonded,BudgetDoS,m12_heavy_flood_dup0_s20260619,bonded,98064,PRIVPROBE:0,budget_skip,0,False,0,budget_skip
m12_heavy_flood_dup0_s20260619_bonded,BudgetDoS,m12_heavy_flood_dup0_s20260619,bonded,99172,PRIVPROBE:0,budget_skip,0,False,0,budget_skip
m12_heavy_flood_dup0_s20260619_bonded,BudgetDoS,m12_heavy_flood_dup0_s20260619,bonded,100249,PRIVPROBE:0,budget_skip,0,False,0,budget_skip
m12_heavy_flood_dup0_s20260619_bonded,BudgetDoS,m12_heavy_flood_dup0_s20260619,bonded,101292,PRIVPROBE:0,budget_skip,0,False,0,budget_skip
m12_heavy_flood_dup0_s20260619_bonded,BudgetDoS,m12_heavy_flood_dup0_s20260619,bonded,102419,PRIVPROBE:0,budget_skip,0,False,0,budget_skip
m12_heavy_flood_dup0_s20260619_bonded,BudgetDoS,m12_heavy_flood_dup0_s20260619,bonded,103520,PRIVPROBE:0,budget_skip,0,False,0,budget_skip
m12_heavy_flood_dup0_s20260619_bonded,BudgetDoS,m12_heavy_flood_dup0_s20260619,bonded,104708,PRIVPROBE:0,budget_skip,0,False,0,budget_skip
m12_heavy_flood_dup0_s20260619_bonded,BudgetDoS,m12_heavy_flood_dup0_s20260619,bonded,105803,PRIVPROBE:0,budget_skip,0,False,0,budget_skip
m12_heavy_flood_dup0_s20260619_bonded,BudgetDoS,m12_heavy_flood_dup0_s20260619,bonded,106889,PRIVPROBE:0,budget_skip,0,False,0,budget_skip
m12_heavy_flood_dup0_s20260619_bonded,BudgetDoS,m12_heavy_flood_dup0_s20260619,bonded,108006,PRIVPROBE:0,budget_skip,0,False,0,budget_skip
m12_heavy_flood_dup0_s20260619_bonded,BudgetDoS,m12_heavy_flood_dup0_s20260619,bonded,109110,PRIVPROBE:0,budget_skip,0,False,0,budget_skip
m12_heavy_flood_dup0_s20260619_bonded,BudgetDoS,m12_heavy_flood_dup0_s20260619,bonded,110238,PRIVPROBE:0,budget_skip,0,False,0,budget_skip
m12_heavy_flood_dup0_s20260619_bonded,BudgetDoS,m12_heavy_flood_dup0_s20260619,bonded,111355,PRIVPROBE:0,budget_skip,0,False,0,budget_skip
m12_heavy_flood_dup0_s20260619_bonded,BudgetDoS,m12_heavy_flood_dup0_s20260619,bonded,112428,PRIVPROBE:0,budget_skip,0,False,0,budget_skip
m12_heavy_flood_dup0_s20260619_bonded,BudgetDoS,m12_heavy_flood_dup0_s20260619,bonded,113579,PRIVPROBE:0,budget_skip,0,False,0,budget_skip
m12_heavy_flood_dup0_s20260619_bonded,BudgetDoS,m12_heavy_flood_dup0_s20260619,bonded,114609,PRIVPROBE:0,budget_skip,0,False,0,budget_skip
m12_heavy_flood_dup0_s20260619_bonded,BudgetDoS,m12_heavy_flood_dup0_s20260619,bonded,115699,PRIVPROBE:0,budget_skip,0,False,0,budget_skip
m12_heavy_flood_dup0_s20260619_bonded,BudgetDoS,m12_heavy_flood_dup0_s20260619,bonded,116774,PRIVPROBE:0,budget_skip,0,False,0,budget_skip
m12_heavy_flood_dup0_s20260619_bonded,BudgetDoS,m12_heavy_flood_dup0_s20260619,bonded,117845,PRIVPROBE:0,budget_skip,0,False,0,budget_skip
m12_heavy_flood_dup0_s20260619_bonded,BudgetDoS,m12_heavy_flood_dup0_s20260619,bonded,118940,PRIVPROBE:0,budget_skip,0,False,0,budget_skip
m12_heavy_flood_dup0_s20260619_bonded,BudgetDoS,m12_heavy_flood_dup0_s20260619,bonded,120065,PRIVPROBE:0,budget_skip,0,False,0,budget_skip
m12_heavy_flood_dup0_s20260619_bonded,BudgetDoS,m12_heavy_flood_dup0_s20260619,bonded,121194,PRIVPROBE:0,budget_skip,0,False,0,budget_skip
m12_heavy_flood_dup0_s20260619_bonded,BudgetDoS,m12_heavy_flood_dup0_s20260619,bonded,122247,PRIVPROBE:0,budget_skip,0,False,0,budget_skip
m12_heavy_flood_dup0_s20260619_bonded,BudgetDoS,m12_heavy_flood_dup0_s20260619,bonded,123386,PRIVPROBE:0,budget_skip,0,False,0,budget_skip
m12_heavy_flood_dup0_s20260619_bonded,BudgetDoS,m12_heavy_flood_dup0_s20260619,bonded,124509,PRIVPROBE:0,budget_skip,0,False,0,budget_skip
m12_heavy_flood_dup0_s20260619_bonded,BudgetDoS,m12_heavy_flood_dup0_s20260619,bonded,125600,PRIVPROBE:0,budget_skip,0,False,0,budget_skip
m12_heavy_flood_dup0_s20260619_bonded,BudgetDoS,m12_heavy_flood_dup0_s20260619,bonded,126697,PRIVPROBE:0,budget_skip,0,False,0,budget_skip
m12_heavy_flood_dup0_s20260619_bonded,BudgetDoS,m12_heavy_flood_dup0_s20260619,bonded,127833,PRIVPROBE:0,budget_skip,0,False,0,budget_skip
m12_heavy_flood_dup0_s20260619_bonded,BudgetDoS,m12_heavy_flood_dup0_s20260619,bonded,128903,PRIVPROBE:0,budget_skip,0,False,0,budget_skip
m12_heavy_flood_dup0_s20260619_bonded,BudgetDoS,m12_heavy_flood_dup0_s20260619,bonded,130082,PRIVPROBE:0,budget_skip,0,False,0,budget_skip
m12_heavy_flood_dup0_s20260619_bonded,BudgetDoS,m12_heavy_flood_dup0_s20260619,bonded,131142,PRIVPROBE:0,budget_skip,0,False,0,budget_skip
m12_heavy_flood_dup0_s20260619_bonded,BudgetDoS,m12_heavy_flood_dup0_s20260619,bonded,132283,PRIVPROBE:0,budget_skip,0,False,0,budget_skip
m12_heavy_flood_dup0_s20260619_bonded,BudgetDoS,m12_heavy_flood_dup0_s20260619,bonded,133419,PRIVPROBE:0,budget_skip,0,False,0,budget_skip
m12_heavy_flood_dup0_s20260619_bonded,BudgetDoS,m12_heavy_flood_dup0_s20260619,bonded,134521,PRIVPROBE:0,budget_skip,0,False,0,budget_skip
m12_heavy_flood_dup0_s20260619_bonded,BudgetDoS,m12_heavy_flood_dup0_s20260619,bonded,135546,PRIVPROBE:0,budget_skip,0,False,0,budget_skip
m12_heavy_flood_dup0_s20260619_bonded,BudgetDoS,m12_heavy_flood_dup0_s20260619,bonded,136646,PRIVPROBE:0,budget_skip,0,False,0,budget_skip
m12_heavy_flood_dup0_s20260619_bonded,BudgetDoS,m12_heavy_flood_dup0_s20260619,bonded,137755,PRIVPROBE:0,budget_skip,0,False,0,budget_skip
m12_heavy_flood_dup0_s20260619_bonded,BudgetDoS,m12_heavy_flood_dup0_s20260619,bonded,138906,PRIVPROBE:0,budget_skip,0,False,0,budget_skip
m12_heavy_flood_dup0_s20260619_bonded,BudgetDoS,m12_heavy_flood_dup0_s20260619,bonded,139988,PRIVPROBE:0,budget_skip,0,False,0,budget_skip
m12_heavy_flood_dup0_s20260619_bonded,BudgetDoS,m12_heavy_flood_dup0_s20260619,bonded,141092,PRIVPROBE:0,budget_skip,0,False,0,budget_skip
m12_heavy_flood_dup0_s20260619_bonded,BudgetDoS,m12_heavy_flood_dup0_s20260619,bonded,142218,PRIVPROBE:0,budget_skip,0,False,0,budget_skip
m12_heavy_flood_dup0_s20260619_bonded,BudgetDoS,m12_heavy_flood_dup0_s20260619,bonded,143329,PRIVPROBE:0,budget_skip,0,False,0,budget_skip
m12_heavy_flood_dup0_s20260619_bonded,BudgetDoS,m12_heavy_flood_dup0_s20260619,bonded,144452,PRIVPROBE:0,budget_skip,0,False,0,budget_skip
m12_heavy_flood_dup0_s20260619_bonded,BudgetDoS,m12_heavy_flood_dup0_s20260619,bonded,145465,PRIVPROBE:0,budget_skip,0,False,0,budget_skip
m12_heavy_flood_dup0_s20260619_bonded,BudgetDoS,m12_heavy_flood_dup0_s20260619,bonded,146523,PRIVPROBE:0,budget_skip,0,False,0,budget_skip
m12_heavy_flood_dup0_s20260619_bonded,BudgetDoS,m12_heavy_flood_dup0_s20260619,bonded,147663,PRIVPROBE:0,budget_skip,0,False,0,budget_skip
m12_heavy_flood_dup0_s20260619_bonded,BudgetDoS,m12_heavy_flood_dup0_s20260619,bonded,148740,PRIVPROBE:0,budget_skip,0,False,0,budget_skip
m12_heavy_flood_dup0_s20260619_bonded,BudgetDoS,m12_heavy_flood_dup0_s20260619,bonded,149882,PRIVPROBE:0,budget_skip,0,False,0,budget_skip
m12_heavy_flood_dup0_s20260619_bonded,BudgetDoS,m12_heavy_flood_dup0_s20260619,bonded,151037,PRIVPROBE:0,budget_skip,0,False,0,budget_skip
m12_heavy_flood_dup0_s20260619_bonded,BudgetDoS,m12_heavy_flood_dup0_s20260619,bonded,152169,PRIVPROBE:0,budget_skip,0,False,0,budget_skip
m12_heavy_flood_dup0_s20260619_bonded,BudgetDoS,m12_heavy_flood_dup0_s20260619,bonded,153287,PRIVPROBE:0,budget_skip,0,False,0,budget_skip
m12_heavy_flood_dup0_s20260619_bonded,BudgetDoS,m12_heavy_flood_dup0_s20260619,bonded,154393,PRIVPROBE:0,budget_skip,0,False,0,budget_skip
m12_heavy_flood_dup0_s20260619_bonded,BudgetDoS,m12_heavy_flood_dup0_s20260619,bonded,155528,PRIVPROBE:0,budget_skip,0,False,0,budget_skip
m12_heavy_flood_dup0_s20260619_bonded,BudgetDoS,m12_heavy_flood_dup0_s20260619,bonded,156586,PRIVPROBE:0,budget_skip,0,False,0,budget_skip
m12_heavy_flood_dup0_s20260619_bonded,BudgetDoS,m12_heavy_flood_dup0_s20260619,bonded,157717,PRIVPROBE:0,budget_skip,0,False,0,budget_skip
m12_heavy_flood_dup0_s20260619_bonded,BudgetDoS,m12_heavy_flood_dup0_s20260619,bonded,158813,PRIVPROBE:0,budget_skip,0,False,0,budget_skip
m12_heavy_flood_dup0_s20260619_bonded,BudgetDoS,m12_heavy_flood_dup0_s20260619,bonded,159833,PRIVPROBE:0,budget_skip,0,False,0,budget_skip
m12_heavy_flood_dup0_s20260619_bonded,BudgetDoS,m12_heavy_flood_dup0_s20260619,bonded,160898,PRIVPROBE:0,budget_skip,0,False,0,budget_skip
m12_heavy_flood_dup0_s20260619_bonded,BudgetDoS,m12_heavy_flood_dup0_s20260619,bonded,162005,PRIVPROBE:0,budget_skip,0,False,0,budget_skip
m12_heavy_flood_dup0_s20260619_bonded,BudgetDoS,m12_heavy_flood_dup0_s20260619,bonded,163075,PRIVPROBE:0,budget_skip,0,False,0,budget_skip
m12_heavy_flood_dup0_s20260619_bonded,BudgetDoS,m12_heavy_flood_dup0_s20260619,bonded,164261,PRIVPROBE:0,budget_skip,0,False,0,budget_skip
m12_heavy_flood_dup0_s20260619_bonded,BudgetDoS,m12_heavy_flood_dup0_s20260619,bonded,165391,PRIVPROBE:0,budget_skip,0,False,0,budget_skip
m12_heavy_flood_dup0_s20260619_bonded,BudgetDoS,m12_heavy_flood_dup0_s20260619,bonded,166469,PRIVPROBE:0,budget_skip,0,False,0,budget_skip
m12_heavy_flood_dup0_s20260619_bonded,BudgetDoS,m12_heavy_flood_dup0_s20260619,bonded,167589,PRIVPROBE:0,budget_skip,0,False,0,budget_skip
m12_heavy_flood_dup0_s20260619_bonded,BudgetDoS,m12_heavy_flood_dup0_s20260619,bonded,168652,PRIVPROBE:0,budget_skip,0,False,0,budget_skip
m12_heavy_flood_dup0_s20260619_bonded,BudgetDoS,m12_heavy_flood_dup0_s20260619,bonded,169825,PRIVPROBE:0,budget_skip,0,False,0,budget_skip
m12_heavy_flood_dup0_s20260619_bonded,BudgetDoS,m12_heavy_flood_dup0_s20260619,bonded,170964,PRIVPROBE:0,budget_skip,0,False,0,budget_skip
m12_heavy_flood_dup0_s20260619_bonded,BudgetDoS,m12_heavy_flood_dup0_s20260619,bonded,172070,PRIVPROBE:0,budget_skip,0,False,0,budget_skip
m12_heavy_flood_dup0_s20260619_bonded,BudgetDoS,m12_heavy_flood_dup0_s20260619,bonded,173210,PRIVPROBE:0,budget_skip,0,False,0,budget_skip
m12_heavy_flood_dup0_s20260619_bonded,BudgetDoS,m12_heavy_flood_dup0_s20260619,bonded,174366,PRIVPROBE:0,budget_skip,0,False,0,budget_skip
m12_heavy_flood_dup0_s20260619_bonded,BudgetDoS,m12_heavy_flood_dup0_s20260619,bonded,175465,PRIVPROBE:0,budget_skip,0,False,0,budget_skip
m12_heavy_flood_dup0_s20260619_bonded,BudgetDoS,m12_heavy_flood_dup0_s20260619,bonded,176537,PRIVPROBE:0,budget_skip,0,False,0,budget_skip
m12_heavy_flood_dup0_s20260619_bonded,BudgetDoS,m12_heavy_flood_dup0_s20260619,bonded,177651,PRIVPROBE:0,budget_skip,0,False,0,budget_skip
m12_heavy_flood_dup0_s20260619_bonded,BudgetDoS,m12_heavy_flood_dup0_s20260619,bonded,178768,PRIVPROBE:0,budget_skip,0,False,0,budget_skip
m12_heavy_flood_dup0_s20260619_bonded,BudgetDoS,m12_heavy_flood_dup0_s20260619,bonded,179851,PRIVPROBE:0,budget_skip,0,False,0,budget_skip
m12_heavy_flood_dup0_s20260619_bonded,BudgetDoS,m12_heavy_flood_dup0_s20260619,bonded,180918,PRIVPROBE:0,budget_skip,0,False,0,budget_skip
m12_heavy_flood_dup0_s20260619_bonded,BudgetDoS,m12_heavy_flood_dup0_s20260619,bonded,182028,PRIVPROBE:0,budget_skip,0,False,0,budget_skip
m12_heavy_flood_dup0_s20260619_bonded,BudgetDoS,m12_heavy_flood_dup0_s20260619,bonded,183078,PRIVPROBE:0,budget_skip,0,False,0,budget_skip
m12_heavy_flood_dup0_s20260619_bonded,BudgetDoS,m12_heavy_flood_dup0_s20260619,bonded,184162,PRIVPROBE:0,budget_skip,0,False,0,budget_skip
m12_heavy_flood_dup0_s20260619_bonded,BudgetDoS,m12_heavy_flood_dup0_s20260619,bonded,185246,PRIVPROBE:0,budget_skip,0,False,0,budget_skip
m12_heavy_flood_dup0_s20260619_bonded,BudgetDoS,m12_heavy_flood_dup0_s20260619,bonded,186355,PRIVPROBE:0,budget_skip,0,False,0,budget_skip
m12_heavy_flood_dup0_s20260619_bonded,BudgetDoS,m12_heavy_flood_dup0_s20260619,bonded,187555,PRIVPROBE:0,budget_skip,0,False,0,budget_skip
m12_heavy_flood_dup0_s20260619_bonded,BudgetDoS,m12_heavy_flood_dup0_s20260619,bonded,188613,PRIVPROBE:0,budget_skip,0,False,0,budget_skip
m12_heavy_flood_dup0_s20260619_bonded,BudgetDoS,m12_heavy_flood_dup0_s20260619,bonded,189770,PRIVPROBE:0,budget_skip,0,False,0,budget_skip
m12_heavy_flood_dup0_s20260619_bonded,BudgetDoS,m12_heavy_flood_dup0_s20260619,bonded,190893,PRIVPROBE:0,budget_skip,0,False,0,budget_skip
m12_heavy_flood_dup0_s20260619_bonded,BudgetDoS,m12_heavy_flood_dup0_s20260619,bonded,191899,PRIVPROBE:0,budget_skip,0,False,0,budget_skip
m12_heavy_flood_dup0_s20260619_bonded,BudgetDoS,m12_heavy_flood_dup0_s20260619,bonded,193012,PRIVPROBE:0,budget_skip,0,False,0,budget_skip
m12_heavy_flood_dup0_s20260619_bonded,BudgetDoS,m12_heavy_flood_dup0_s20260619,bonded,194098,PRIVPROBE:0,budget_skip,0,False,0,budget_skip
m12_heavy_flood_dup0_s20260619_bonded,BudgetDoS,m12_heavy_flood_dup0_s20260619,bonded,195157,PRIVPROBE:0,budget_skip,0,False,0,budget_skip
m12_heavy_flood_dup0_s20260619_bonded,BudgetDoS,m12_heavy_flood_dup0_s20260619,bonded,196259,PRIVPROBE:0,budget_skip,0,False,0,budget_skip
m12_heavy_flood_dup0_s20260619_bonded,BudgetDoS,m12_heavy_flood_dup0_s20260619,bonded,197342,PRIVPROBE:0,budget_skip,0,False,0,budget_skip
m12_heavy_flood_dup0_s20260619_bonded,BudgetDoS,m12_heavy_flood_dup0_s20260619,bonded,198441,PRIVPROBE:0,budget_skip,0,False,0,budget_skip
m12_heavy_flood_dup0_s20260619_bonded,BudgetDoS,m12_heavy_flood_dup0_s20260619,bonded,199463,PRIVPROBE:1,budget_skip,0,False,0,budget_skip
m12_heavy_flood_dup0_s20260619_bonded,BudgetDoS,m12_heavy_flood_dup0_s20260619,bonded,200630,PRIVPROBE:1,budget_skip,0,False,0,budget_skip
m12_heavy_flood_dup0_s20260619_bonded,BudgetDoS,m12_heavy_flood_dup0_s20260619,bonded,201741,PRIVPROBE:1,budget_skip,0,False,0,budget_skip
m12_heavy_flood_dup0_s20260619_bonded,BudgetDoS,m12_heavy_flood_dup0_s20260619,bonded,202791,PRIVPROBE:1,budget_skip,0,False,0,budget_skip
m12_heavy_flood_dup0_s20260619_bonded,BudgetDoS,m12_heavy_flood_dup0_s20260619,bonded,203899,PRIVPROBE:1,budget_skip,0,False,0,budget_skip
m12_heavy_flood_dup0_s20260619_bonded,BudgetDoS,m12_heavy_flood_dup0_s20260619,bonded,204998,PRIVPROBE:1,budget_skip,0,False,0,budget_skip
m12_heavy_flood_dup0_s20260619_bonded,BudgetDoS,m12_heavy_flood_dup0_s20260619,bonded,206117,PRIVPROBE:1,budget_skip,0,False,0,budget_skip
m12_heavy_flood_dup0_s20260619_bonded,BudgetDoS,m12_heavy_flood_dup0_s20260619,bonded,207225,PRIVPROBE:1,budget_skip,0,False,0,budget_skip
m12_heavy_flood_dup0_s20260619_bonded,BudgetDoS,m12_heavy_flood_dup0_s20260619,bonded,208367,PRIVPROBE:1,budget_skip,0,False,0,budget_skip
m12_heavy_flood_dup0_s20260619_bonded,BudgetDoS,m12_heavy_flood_dup0_s20260619,bonded,209396,PRIVPROBE:1,budget_skip,0,False,0,budget_skip
m12_heavy_flood_dup0_s20260619_bonded,BudgetDoS,m12_heavy_flood_dup0_s20260619,bonded,210456,PRIVPROBE:1,budget_skip,0,False,0,budget_skip
m12_heavy_flood_dup0_s20260619_bonded,BudgetDoS,m12_heavy_flood_dup0_s20260619,bonded,211536,PRIVPROBE:1,budget_skip,0,False,0,budget_skip
m12_heavy_flood_dup0_s20260619_bonded,BudgetDoS,m12_heavy_flood_dup0_s20260619,bonded,212660,PRIVPROBE:1,budget_skip,0,False,0,budget_skip
m12_heavy_flood_dup0_s20260619_bonded,BudgetDoS,m12_heavy_flood_dup0_s20260619,bonded,213795,PRIVPROBE:1,budget_skip,0,False,0,budget_skip
m12_heavy_flood_dup0_s20260619_bonded,BudgetDoS,m12_heavy_flood_dup0_s20260619,bonded,214835,PRIVPROBE:1,budget_skip,0,False,0,budget_skip
m12_heavy_flood_dup0_s20260619_bonded,BudgetDoS,m12_heavy_flood_dup0_s20260619,bonded,215943,PRIVPROBE:1,budget_skip,0,False,0,budget_skip
m12_heavy_flood_dup0_s20260619_bonded,BudgetDoS,m12_heavy_flood_dup0_s20260619,bonded,217008,PRIVPROBE:1,budget_skip,0,False,0,budget_skip
m12_heavy_flood_dup0_s20260619_bonded,BudgetDoS,m12_heavy_flood_dup0_s20260619,bonded,218141,PRIVPROBE:1,budget_skip,0,False,0,budget_skip
m12_heavy_flood_dup0_s20260619_bonded,BudgetDoS,m12_heavy_flood_dup0_s20260619,bonded,219241,PRIVPROBE:1,budget_skip,0,False,0,budget_skip
m12_heavy_flood_dup0_s20260619_bonded,BudgetDoS,m12_heavy_flood_dup0_s20260619,bonded,220335,PRIVPROBE:1,budget_skip,0,False,0,budget_skip
m12_heavy_flood_dup0_s20260619_bonded,BudgetDoS,m12_heavy_flood_dup0_s20260619,bonded,221318,PRIVPROBE:1,budget_skip,0,False,0,budget_skip
m12_heavy_flood_dup0_s20260619_bonded,BudgetDoS,m12_heavy_flood_dup0_s20260619,bonded,222391,PRIVPROBE:1,budget_skip,0,False,0,budget_skip
m12_heavy_flood_dup0_s20260619_bonded,BudgetDoS,m12_heavy_flood_dup0_s20260619,bonded,223498,PRIVPROBE:1,budget_skip,0,False,0,budget_skip
m12_heavy_flood_dup0_s20260619_bonded,BudgetDoS,m12_heavy_flood_dup0_s20260619,bonded,224640,PRIVPROBE:1,budget_skip,0,False,0,budget_skip
m12_heavy_flood_dup0_s20260619_bonded,BudgetDoS,m12_heavy_flood_dup0_s20260619,bonded,225730,PRIVPROBE:1,budget_skip,0,False,0,budget_skip
m12_heavy_flood_dup0_s20260619_bonded,BudgetDoS,m12_heavy_flood_dup0_s20260619,bonded,226896,PRIVPROBE:1,budget_skip,0,False,0,budget_skip
m12_heavy_flood_dup0_s20260619_bonded,BudgetDoS,m12_heavy_flood_dup0_s20260619,bonded,228042,PRIVPROBE:1,budget_skip,0,False,0,budget_skip
m12_heavy_flood_dup0_s20260619_bonded,BudgetDoS,m12_heavy_flood_dup0_s20260619,bonded,229127,PRIVPROBE:1,budget_skip,0,False,0,budget_skip
m12_heavy_flood_dup0_s20260619_bonded,BudgetDoS,m12_heavy_flood_dup0_s20260619,bonded,230258,PRIVPROBE:1,budget_skip,0,False,0,budget_skip
m12_heavy_flood_dup0_s20260619_bonded,BudgetDoS,m12_heavy_flood_dup0_s20260619,bonded,231374,PRIVPROBE:1,budget_skip,0,False,0,budget_skip
m12_heavy_flood_dup0_s20260619_bonded,BudgetDoS,m12_heavy_flood_dup0_s20260619,bonded,232476,PRIVPROBE:1,budget_skip,0,False,0,budget_skip
m12_heavy_flood_dup0_s20260619_bonded,BudgetDoS,m12_heavy_flood_dup0_s20260619,bonded,233652,PRIVPROBE:1,budget_skip,0,False,0,budget_skip
m12_heavy_flood_dup0_s20260619_bonded,BudgetDoS,m12_heavy_flood_dup0_s20260619,bonded,234720,PRIVPROBE:1,budget_skip,0,False,0,budget_skip
m12_heavy_flood_dup0_s20260619_bonded,BudgetDoS,m12_heavy_flood_dup0_s20260619,bonded,235808,PRIVPROBE:1,budget_skip,0,False,0,budget_skip
m12_heavy_flood_dup0_s20260619_bonded,BudgetDoS,m12_heavy_flood_dup0_s20260619,bonded,236867,PRIVPROBE:1,budget_skip,0,False,0,budget_skip
m12_heavy_flood_dup0_s20260619_bonded,BudgetDoS,m12_heavy_flood_dup0_s20260619,bonded,237962,PRIVPROBE:1,budget_skip,0,False,0,budget_skip
m12_heavy_flood_dup0_s20260619_bonded,BudgetDoS,m12_heavy_flood_dup0_s20260619,bonded,239050,PRIVPROBE:1,budget_skip,0,False,0,budget_skip
m12_heavy_flood_dup0_s20260619_bonded,BudgetDoS,m12_heavy_flood_dup0_s20260619,bonded,240185,PRIVPROBE:1,budget_skip,0,False,0,budget_skip
m12_heavy_flood_dup0_s20260619_bonded,BudgetDoS,m12_heavy_flood_dup0_s20260619,bonded,241304,PRIVPROBE:1,budget_skip,0,False,0,budget_skip
m12_heavy_flood_dup0_s20260619_bonded,BudgetDoS,m12_heavy_flood_dup0_s20260619,bonded,242374,PRIVPROBE:1,budget_skip,0,False,0,budget_skip
m12_heavy_flood_dup0_s20260619_bonded,BudgetDoS,m12_heavy_flood_dup0_s20260619,bonded,243501,PRIVPROBE:1,budget_skip,0,False,0,budget_skip
m12_heavy_flood_dup0_s20260619_bonded,BudgetDoS,m12_heavy_flood_dup0_s20260619,bonded,244616,PRIVPROBE:1,budget_skip,0,False,0,budget_skip
m12_heavy_flood_dup0_s20260619_bonded,BudgetDoS,m12_heavy_flood_dup0_s20260619,bonded,245791,PRIVPROBE:1,budget_skip,0,False,0,budget_skip
m12_heavy_flood_dup0_s20260619_bonded,BudgetDoS,m12_heavy_flood_dup0_s20260619,bonded,246841,PRIVPROBE:1,budget_skip,0,False,0,budget_skip
m12_heavy_flood_dup0_s20260619_bonded,BudgetDoS,m12_heavy_flood_dup0_s20260619,bonded,247984,PRIVPROBE:1,budget_skip,0,False,0,budget_skip
m12_heavy_flood_dup0_s20260619_bonded,BudgetDoS,m12_heavy_flood_dup0_s20260619,bonded,249089,PRIVPROBE:1,budget_skip,0,False,0,budget_skip
m12_heavy_flood_dup0_s20260619_bonded,BudgetDoS,m12_heavy_flood_dup0_s20260619,bonded,250208,PRIVPROBE:1,budget_skip,0,False,0,budget_skip
m12_heavy_flood_dup0_s20260619_bonded,BudgetDoS,m12_heavy_flood_dup0_s20260619,bonded,251385,PRIVPROBE:1,budget_skip,0,False,0,budget_skip
m12_heavy_flood_dup0_s20260619_bonded,BudgetDoS,m12_heavy_flood_dup0_s20260619,bonded,252471,PRIVPROBE:1,budget_skip,0,False,0,budget_skip
m12_heavy_flood_dup0_s20260619_bonded,BudgetDoS,m12_heavy_flood_dup0_s20260619,bonded,253579,PRIVPROBE:1,budget_skip,0,False,0,budget_skip
m12_heavy_flood_dup0_s20260619_bonded,BudgetDoS,m12_heavy_flood_dup0_s20260619,bonded,254679,PRIVPROBE:1,budget_skip,0,False,0,budget_skip
m12_heavy_flood_dup0_s20260619_bonded,BudgetDoS,m12_heavy_flood_dup0_s20260619,bonded,255727,PRIVPROBE:1,budget_skip,0,False,0,budget_skip
m12_heavy_flood_dup0_s20260619_bonded,BudgetDoS,m12_heavy_flood_dup0_s20260619,bonded,256831,PRIVPROBE:1,budget_skip,0,False,0,budget_skip
m12_heavy_flood_dup0_s20260619_bonded,BudgetDoS,m12_heavy_flood_dup0_s20260619,bonded,257985,PRIVPROBE:1,budget_skip,0,False,0,budget_skip
m12_heavy_flood_dup0_s20260619_bonded,BudgetDoS,m12_heavy_flood_dup0_s20260619,bonded,259168,PRIVPROBE:1,budget_skip,0,False,0,budget_skip
m12_heavy_flood_dup0_s20260619_bonded,BudgetDoS,m12_heavy_flood_dup0_s20260619,bonded,260285,PRIVPROBE:1,budget_skip,0,False,0,budget_skip
m12_heavy_flood_dup0_s20260619_bonded,BudgetDoS,m12_heavy_flood_dup0_s20260619,bonded,261428,PRIVPROBE:1,budget_skip,0,False,0,budget_skip
m12_heavy_flood_dup0_s20260619_bonded,BudgetDoS,m12_heavy_flood_dup0_s20260619,bonded,262558,PRIVPROBE:1,budget_skip,0,False,0,budget_skip
m12_heavy_flood_dup0_s20260619_bonded,BudgetDoS,m12_heavy_flood_dup0_s20260619,bonded,263647,PRIVPROBE:1,budget_skip,0,False,0,budget_skip
m12_heavy_flood_dup0_s20260619_bonded,BudgetDoS,m12_heavy_flood_dup0_s20260619,bonded,264781,PRIVPROBE:1,budget_skip,0,False,0,budget_skip
m12_heavy_flood_dup0_s20260619_bonded,BudgetDoS,m12_heavy_flood_dup0_s20260619,bonded,265935,PRIVPROBE:1,budget_skip,0,False,0,budget_skip
m12_heavy_flood_dup0_s20260619_bonded,BudgetDoS,m12_heavy_flood_dup0_s20260619,bonded,267044,PRIVPROBE:1,budget_skip,0,False,0,budget_skip
m12_heavy_flood_dup0_s20260619_bonded,BudgetDoS,m12_heavy_flood_dup0_s20260619,bonded,268100,PRIVPROBE:1,budget_skip,0,False,0,budget_skip
m12_heavy_flood_dup0_s20260619_bonded,BudgetDoS,m12_heavy_flood_dup0_s20260619,bonded,269240,PRIVPROBE:1,budget_skip,0,False,0,budget_skip
m12_heavy_flood_dup0_s20260619_bonded,BudgetDoS,m12_heavy_flood_dup0_s20260619,bonded,270339,PRIVPROBE:1,budget_skip,0,False,0,budget_skip
m12_heavy_flood_dup0_s20260619_bonded,BudgetDoS,m12_heavy_flood_dup0_s20260619,bonded,271516,PRIVPROBE:1,budget_skip,0,False,0,budget_skip
m12_heavy_flood_dup0_s20260619_bonded,BudgetDoS,m12_heavy_flood_dup0_s20260619,bonded,272686,PRIVPROBE:1,budget_skip,0,False,0,budget_skip
m12_heavy_flood_dup0_s20260619_bonded,BudgetDoS,m12_heavy_flood_dup0_s20260619,bonded,273811,PRIVPROBE:1,budget_skip,0,False,0,budget_skip
m12_heavy_flood_dup0_s20260619_bonded,BudgetDoS,m12_heavy_flood_dup0_s20260619,bonded,274842,PRIVPROBE:1,budget_skip,0,False,0,budget_skip
m12_heavy_flood_dup0_s20260619_bonded,BudgetDoS,m12_heavy_flood_dup0_s20260619,bonded,275895,PRIVPROBE:1,budget_skip,0,False,0,budget_skip
m12_heavy_flood_dup0_s20260619_bonded,BudgetDoS,m12_heavy_flood_dup0_s20260619,bonded,276952,PRIVPROBE:1,budget_skip,0,False,0,budget_skip
m12_heavy_flood_dup0_s20260619_bonded,BudgetDoS,m12_heavy_flood_dup0_s20260619,bonded,278029,PRIVPROBE:1,budget_skip,0,False,0,budget_skip
m12_heavy_flood_dup0_s20260619_bonded,BudgetDoS,m12_heavy_flood_dup0_s20260619,bonded,279115,PRIVPROBE:1,budget_skip,0,False,0,budget_skip
m12_heavy_flood_dup0_s20260619_bonded,BudgetDoS,m12_heavy_flood_dup0_s20260619,bonded,280216,PRIVPROBE:1,budget_skip,0,False,0,budget_skip
m12_heavy_flood_dup0_s20260619_bonded,BudgetDoS,m12_heavy_flood_dup0_s20260619,bonded,281310,PRIVPROBE:1,budget_skip,0,False,0,budget_skip
m12_heavy_flood_dup0_s20260619_bonded,BudgetDoS,m12_heavy_flood_dup0_s20260619,bonded,282466,PRIVPROBE:1,budget_skip,0,False,0,budget_skip
m12_heavy_flood_dup0_s20260619_bonded,BudgetDoS,m12_heavy_flood_dup0_s20260619,bonded,283542,PRIVPROBE:1,budget_skip,0,False,0,budget_skip
m12_heavy_flood_dup0_s20260619_bonded,BudgetDoS,m12_heavy_flood_dup0_s20260619,bonded,284605,PRIVPROBE:1,budget_skip,0,False,0,budget_skip
m12_heavy_flood_dup0_s20260619_bonded,BudgetDoS,m12_heavy_flood_dup0_s20260619,bonded,285746,PRIVPROBE:1,budget_skip,0,False,0,budget_skip
m12_heavy_flood_dup0_s20260619_bonded,BudgetDoS,m12_heavy_flood_dup0_s20260619,bonded,286869,PRIVPROBE:1,budget_skip,0,False,0,budget_skip
m12_heavy_flood_dup0_s20260619_bonded,BudgetDoS,m12_heavy_flood_dup0_s20260619,bonded,287942,PRIVPROBE:1,budget_skip,0,False,0,budget_skip
m12_heavy_flood_dup0_s20260619_bonded,BudgetDoS,m12_heavy_flood_dup0_s20260619,bonded,289043,PRIVPROBE:1,budget_skip,0,False,0,budget_skip
m12_heavy_flood_dup0_s20260619_bonded,BudgetDoS,m12_heavy_flood_dup0_s20260619,bonded,290136,PRIVPROBE:1,budget_skip,0,False,0,budget_skip
m12_heavy_flood_dup0_s20260619_bonded,BudgetDoS,m12_heavy_flood_dup0_s20260619,bonded,291204,PRIVPROBE:1,budget_skip,0,False,0,budget_skip
m12_heavy_flood_dup0_s20260619_bonded,BudgetDoS,m12_heavy_flood_dup0_s20260619,bonded,292268,PRIVPROBE:1,budget_skip,0,False,0,budget_skip
m12_heavy_flood_dup0_s20260619_bonded,BudgetDoS,m12_heavy_flood_dup0_s20260619,bonded,293410,PRIVPROBE:1,budget_skip,0,False,0,budget_skip
m12_heavy_flood_dup0_s20260619_bonded,BudgetDoS,m12_heavy_flood_dup0_s20260619,bonded,294582,PRIVPROBE:1,budget_skip,0,False,0,budget_skip
m12_heavy_flood_dup0_s20260619_bonded,BudgetDoS,m12_heavy_flood_dup0_s20260619,bonded,295757,PRIVPROBE:1,budget_skip,0,False,0,budget_skip
m12_heavy_flood_dup0_s20260619_bonded,BudgetDoS,m12_heavy_flood_dup0_s20260619,bonded,296948,PRIVPROBE:1,budget_skip,0,False,0,budget_skip
m12_heavy_flood_dup0_s20260619_bonded,BudgetDoS,m12_heavy_flood_dup0_s20260619,bonded,298012,PRIVPROBE:1,budget_skip,0,False,0,budget_skip
m12_heavy_flood_dup0_s20260619_bonded,BudgetDoS,m12_heavy_flood_dup0_s20260619,bonded,299046,PRIVPROBE:1,budget_skip,0,False,0,budget_skip
m12_heavy_flood_dup0_s20260619_bonded,BudgetDoS,m12_heavy_flood_dup0_s20260619,bonded,300197,PRIVPROBE:1,budget_skip,0,False,0,budget_skip
m12_heavy_flood_dup0_s20260619_bonded,BudgetDoS,m12_heavy_flood_dup0_s20260619,bonded,301366,PRIVPROBE:1,budget_skip,0,False,0,budget_skip
m12_heavy_flood_dup0_s20260619_bonded,BudgetDoS,m12_heavy_flood_dup0_s20260619,bonded,302480,PRIVPROBE:1,budget_skip,0,False,0,budget_skip
m12_heavy_flood_dup0_s20260619_bonded,BudgetDoS,m12_heavy_flood_dup0_s20260619,bonded,303583,PRIVPROBE:1,budget_skip,0,False,0,budget_skip
m12_heavy_flood_dup0_s20260619_bonded,BudgetDoS,m12_heavy_flood_dup0_s20260619,bonded,304742,PRIVPROBE:1,budget_skip,0,False,0,budget_skip
m12_heavy_flood_dup0_s20260619_bonded,BudgetDoS,m12_heavy_flood_dup0_s20260619,bonded,305857,PRIVPROBE:1,budget_skip,0,False,0,budget_skip
m12_heavy_flood_dup0_s20260619_bonded,BudgetDoS,m12_heavy_flood_dup0_s20260619,bonded,306974,PRIVPROBE:1,budget_skip,0,False,0,budget_skip
m12_heavy_flood_dup0_s20260619_bonded,BudgetDoS,m12_heavy_flood_dup0_s20260619,bonded,308190,PRIVPROBE:1,budget_skip,0,False,0,budget_skip
m12_heavy_flood_dup0_s20260619_bonded,BudgetDoS,m12_heavy_flood_dup0_s20260619,bonded,309281,PRIVPROBE:1,budget_skip,0,False,0,budget_skip
m12_heavy_flood_dup0_s20260619_bonded,BudgetDoS,m12_heavy_flood_dup0_s20260619,bonded,310409,PRIVPROBE:1,budget_skip,0,False,0,budget_skip
m12_heavy_flood_dup0_s20260619_bonded,BudgetDoS,m12_heavy_flood_dup0_s20260619,bonded,311492,PRIVPROBE:1,budget_skip,0,False,0,budget_skip
m12_heavy_flood_dup0_s20260619_bonded,BudgetDoS,m12_heavy_flood_dup0_s20260619,bonded,312621,PRIVPROBE:1,budget_skip,0,False,0,budget_skip
m12_heavy_flood_dup0_s20260619_bonded,BudgetDoS,m12_heavy_flood_dup0_s20260619,bonded,313746,PRIVPROBE:1,budget_skip,0,False,0,budget_skip
m12_heavy_flood_dup0_s20260619_bonded,BudgetDoS,m12_heavy_flood_dup0_s20260619,bonded,314821,PRIVPROBE:1,budget_skip,0,False,0,budget_skip
m12_heavy_flood_dup0_s20260619_bonded,BudgetDoS,m12_heavy_flood_dup0_s20260619,bonded,315955,PRIVPROBE:1,budget_skip,0,False,0,budget_skip
m12_heavy_flood_dup0_s20260619_bonded,BudgetDoS,m12_heavy_flood_dup0_s20260619,bonded,317106,PRIVPROBE:1,budget_skip,0,False,0,budget_skip
m12_heavy_flood_dup0_s20260619_bonded,BudgetDoS,m12_heavy_flood_dup0_s20260619,bonded,318223,PRIVPROBE:1,budget_skip,0,False,0,budget_skip
m12_heavy_flood_dup0_s20260619_bonded,BudgetDoS,m12_heavy_flood_dup0_s20260619,bonded,319306,PRIVPROBE:1,budget_skip,0,False,0,budget_skip
m12_heavy_flood_dup0_s20260619_bonded,BudgetDoS,m12_heavy_flood_dup0_s20260619,bonded,320441,PRIVPROBE:1,budget_skip,0,False,0,budget_skip
m12_heavy_flood_dup0_s20260619_bonded,BudgetDoS,m12_heavy_flood_dup0_s20260619,bonded,321536,PRIVPROBE:1,budget_skip,0,False,0,budget_skip
m12_heavy_flood_dup0_s20260619_bonded,BudgetDoS,m12_heavy_flood_dup0_s20260619,bonded,322601,PRIVPROBE:1,budget_skip,0,False,0,budget_skip
m12_heavy_flood_dup0_s20260619_bonded,BudgetDoS,m12_heavy_flood_dup0_s20260619,bonded,323721,PRIVPROBE:1,budget_skip,0,False,0,budget_skip
m12_heavy_flood_dup0_s20260619_bonded,BudgetDoS,m12_heavy_flood_dup0_s20260619,bonded,324829,PRIVPROBE:1,budget_skip,0,False,0,budget_skip
m12_heavy_flood_dup0_s20260619_bonded,BudgetDoS,m12_heavy_flood_dup0_s20260619,bonded,325900,PRIVPROBE:1,budget_skip,0,False,0,budget_skip
m12_heavy_flood_dup0_s20260619_bonded,BudgetDoS,m12_heavy_flood_dup0_s20260619,bonded,327019,PRIVPROBE:1,budget_skip,0,False,0,budget_skip
m12_heavy_flood_dup0_s20260619_bonded,BudgetDoS,m12_heavy_flood_dup0_s20260619,bonded,328113,PRIVPROBE:1,budget_skip,0,False,0,budget_skip
m12_heavy_flood_dup0_s20260619_bonded,BudgetDoS,m12_heavy_flood_dup0_s20260619,bonded,329214,PRIVPROBE:1,budget_skip,0,False,0,budget_skip
m12_heavy_flood_dup0_s20260619_bonded,BudgetDoS,m12_heavy_flood_dup0_s20260619,bonded,330293,PRIVPROBE:1,budget_skip,0,False,0,budget_skip
m12_heavy_flood_dup0_s20260619_bonded,BudgetDoS,m12_heavy_flood_dup0_s20260619,bonded,331393,PRIVPROBE:1,budget_skip,0,False,0,budget_skip
m12_heavy_flood_dup0_s20260619_bonded,BudgetDoS,m12_heavy_flood_dup0_s20260619,bonded,332497,PRIVPROBE:1,budget_skip,0,False,0,budget_skip
m12_heavy_flood_dup0_s20260619_bonded,BudgetDoS,m12_heavy_flood_dup0_s20260619,bonded,333661,PRIVPROBE:1,budget_skip,0,False,0,budget_skip
m12_heavy_flood_dup0_s20260619_bonded,BudgetDoS,m12_heavy_flood_dup0_s20260619,bonded,334773,PRIVPROBE:1,budget_skip,0,False,0,budget_skip
m12_heavy_flood_dup0_s20260619_bonded,BudgetDoS,m12_heavy_flood_dup0_s20260619,bonded,335958,PRIVPROBE:1,budget_skip,0,False,0,budget_skip
m12_heavy_flood_dup0_s20260619_bonded,BudgetDoS,m12_heavy_flood_dup0_s20260619,bonded,337091,PRIVPROBE:1,budget_skip,0,False,0,budget_skip
m12_heavy_flood_dup0_s20260619_bonded,BudgetDoS,m12_heavy_flood_dup0_s20260619,bonded,338130,PRIVPROBE:1,budget_skip,0,False,0,budget_skip
m12_heavy_flood_dup0_s20260619_bonded,BudgetDoS,m12_heavy_flood_dup0_s20260619,bonded,339206,PRIVPROBE:1,budget_skip,0,False,0,budget_skip
m12_heavy_flood_dup0_s20260619_bonded,BudgetDoS,m12_heavy_flood_dup0_s20260619,bonded,340374,PRIVPROBE:1,budget_skip,0,False,0,budget_skip
m12_heavy_flood_dup0_s20260619_bonded,BudgetDoS,m12_heavy_flood_dup0_s20260619,bonded,341480,PRIVPROBE:1,budget_skip,0,False,0,budget_skip
m12_heavy_flood_dup0_s20260619_bonded,BudgetDoS,m12_heavy_flood_dup0_s20260619,bonded,342622,PRIVPROBE:1,budget_skip,0,False,0,budget_skip
m12_heavy_flood_dup0_s20260619_bonded,BudgetDoS,m12_heavy_flood_dup0_s20260619,bonded,343748,PRIVPROBE:1,budget_skip,0,False,0,budget_skip
m12_heavy_flood_dup0_s20260619_bonded,BudgetDoS,m12_heavy_flood_dup0_s20260619,bonded,344820,PRIVPROBE:1,budget_skip,0,False,0,budget_skip
m12_heavy_flood_dup0_s20260619_bonded,BudgetDoS,m12_heavy_flood_dup0_s20260619,bonded,345912,PRIVPROBE:1,budget_skip,0,False,0,budget_skip
m12_heavy_flood_dup0_s20260619_bonded,BudgetDoS,m12_heavy_flood_dup0_s20260619,bonded,346989,PRIVPROBE:1,budget_skip,0,False,0,budget_skip
m12_heavy_flood_dup0_s20260619_bonded,BudgetDoS,m12_heavy_flood_dup0_s20260619,bonded,348079,PRIVPROBE:1,budget_skip,0,False,0,budget_skip
m12_heavy_flood_dup0_s20260619_bonded,BudgetDoS,m12_heavy_flood_dup0_s20260619,bonded,349219,PRIVPROBE:1,budget_skip,0,False,0,budget_skip
m12_heavy_flood_dup0_s20260619_bonded,BudgetDoS,m12_heavy_flood_dup0_s20260619,bonded,350282,PRIVPROBE:1,budget_skip,0,False,0,budget_skip
m12_heavy_flood_dup0_s20260619_bonded,BudgetDoS,m12_heavy_flood_dup0_s20260619,bonded,351414,PRIVPROBE:1,budget_skip,0,False,0,budget_skip
m12_heavy_flood_dup0_s20260619_bonded,BudgetDoS,m12_heavy_flood_dup0_s20260619,bonded,352490,PRIVPROBE:1,budget_skip,0,False,0,budget_skip
m12_heavy_flood_dup0_s20260619_bonded,BudgetDoS,m12_heavy_flood_dup0_s20260619,bonded,353538,PRIVPROBE:1,budget_skip,0,False,0,budget_skip
m12_heavy_flood_dup0_s20260619_bonded,BudgetDoS,m12_heavy_flood_dup0_s20260619,bonded,354583,PRIVPROBE:1,budget_skip,0,False,0,budget_skip
m12_heavy_flood_dup0_s20260619_bonded,BudgetDoS,m12_heavy_flood_dup0_s20260619,bonded,355640,PRIVPROBE:1,budget_skip,0,False,0,budget_skip
m12_heavy_flood_dup0_s20260619_bonded,BudgetDoS,m12_heavy_flood_dup0_s20260619,bonded,356812,PRIVPROBE:1,budget_skip,0,False,0,budget_skip
m12_heavy_flood_dup0_s20260619_bonded,BudgetDoS,m12_heavy_flood_dup0_s20260619,bonded,357887,PRIVPROBE:1,budget_skip,0,False,0,budget_skip
m12_heavy_flood_dup0_s20260619_bonded,BudgetDoS,m12_heavy_flood_dup0_s20260619,bonded,358966,PRIVPROBE:1,budget_skip,0,False,0,budget_skip
m12_heavy_flood_dup0_s20260619_bonded,BudgetDoS,m12_heavy_flood_dup0_s20260619,bonded,360015,PRIVPROBE:1,budget_skip,0,False,0,budget_skip
m12_heavy_flood_dup0_s20260619_bonded,BudgetDoS,m12_heavy_flood_dup0_s20260619,bonded,361082,PRIVPROBE:1,budget_skip,0,False,0,budget_skip
m12_heavy_flood_dup0_s20260619_bonded,BudgetDoS,m12_heavy_flood_dup0_s20260619,bonded,362166,PRIVPROBE:1,budget_skip,0,False,0,budget_skip
m12_heavy_flood_dup0_s20260619_bonded,BudgetDoS,m12_heavy_flood_dup0_s20260619,bonded,363262,PRIVPROBE:1,budget_skip,0,False,0,budget_skip
m12_heavy_flood_dup0_s20260619_bonded,BudgetDoS,m12_heavy_flood_dup0_s20260619,bonded,364417,PRIVPROBE:1,budget_skip,0,False,0,budget_skip
m12_heavy_flood_dup0_s20260619_bonded,BudgetDoS,m12_heavy_flood_dup0_s20260619,bonded,365514,PRIVPROBE:1,budget_skip,0,False,0,budget_skip
m12_heavy_flood_dup0_s20260619_bonded,BudgetDoS,m12_heavy_flood_dup0_s20260619,bonded,366662,PRIVPROBE:1,budget_skip,0,False,0,budget_skip
m12_heavy_flood_dup0_s20260619_bonded,BudgetDoS,m12_heavy_flood_dup0_s20260619,bonded,367790,PRIVPROBE:1,budget_skip,0,False,0,budget_skip
m12_heavy_flood_dup0_s20260619_bonded,BudgetDoS,m12_heavy_flood_dup0_s20260619,bonded,368828,PRIVPROBE:1,budget_skip,0,False,0,budget_skip
m12_heavy_flood_dup0_s20260619_bonded,BudgetDoS,m12_heavy_flood_dup0_s20260619,bonded,369948,PRIVPROBE:1,budget_skip,0,False,0,budget_skip
m12_heavy_flood_dup0_s20260619_bonded,BudgetDoS,m12_heavy_flood_dup0_s20260619,bonded,371078,PRIVPROBE:1,budget_skip,0,False,0,budget_skip
m12_heavy_flood_dup0_s20260619_bonded,BudgetDoS,m12_heavy_flood_dup0_s20260619,bonded,372209,PRIVPROBE:1,budget_skip,0,False,0,budget_skip
m12_heavy_flood_dup0_s20260619_bonded,BudgetDoS,m12_heavy_flood_dup0_s20260619,bonded,373301,PRIVPROBE:1,budget_skip,0,False,0,budget_skip
m12_heavy_flood_dup0_s20260619_bonded,BudgetDoS,m12_heavy_flood_dup0_s20260619,bonded,374410,PRIVPROBE:1,budget_skip,0,False,0,budget_skip
m12_heavy_flood_dup0_s20260619_bonded,BudgetDoS,m12_heavy_flood_dup0_s20260619,bonded,375495,PRIVPROBE:1,budget_skip,0,False,0,budget_skip
m12_heavy_flood_dup0_s20260619_bonded,BudgetDoS,m12_heavy_flood_dup0_s20260619,bonded,376551,PRIVPROBE:1,budget_skip,0,False,0,budget_skip
m12_heavy_flood_dup0_s20260619_bonded,BudgetDoS,m12_heavy_flood_dup0_s20260619,bonded,377578,PRIVPROBE:1,budget_skip,0,False,0,budget_skip
m12_heavy_flood_dup0_s20260619_bonded,BudgetDoS,m12_heavy_flood_dup0_s20260619,bonded,378718,PRIVPROBE:1,budget_skip,0,False,0,budget_skip
m12_heavy_flood_dup0_s20260619_bonded,BudgetDoS,m12_heavy_flood_dup0_s20260619,bonded,379791,PRIVPROBE:1,budget_skip,0,False,0,budget_skip
m12_heavy_flood_dup0_s20260619_bonded,BudgetDoS,m12_heavy_flood_dup0_s20260619,bonded,380847,PRIVPROBE:1,budget_skip,0,False,0,budget_skip
m12_heavy_flood_dup0_s20260619_bonded,BudgetDoS,m12_heavy_flood_dup0_s20260619,bonded,381955,PRIVPROBE:1,budget_skip,0,False,0,budget_skip
m12_heavy_flood_dup0_s20260619_bonded,BudgetDoS,m12_heavy_flood_dup0_s20260619,bonded,383056,PRIVPROBE:1,budget_skip,0,False,0,budget_skip
m12_heavy_flood_dup0_s20260619_bonded,BudgetDoS,m12_heavy_flood_dup0_s20260619,bonded,384208,PRIVPROBE:1,budget_skip,0,False,0,budget_skip
m12_heavy_flood_dup0_s20260619_bonded,BudgetDoS,m12_heavy_flood_dup0_s20260619,bonded,385275,PRIVPROBE:1,budget_skip,0,False,0,budget_skip
m12_heavy_flood_dup0_s20260619_bonded,BudgetDoS,m12_heavy_flood_dup0_s20260619,bonded,386373,PRIVPROBE:1,budget_skip,0,False,0,budget_skip
m12_heavy_flood_dup0_s20260619_bonded,BudgetDoS,m12_heavy_flood_dup0_s20260619,bonded,387487,PRIVPROBE:1,budget_skip,0,False,0,budget_skip
m12_heavy_flood_dup0_s20260619_bonded,BudgetDoS,m12_heavy_flood_dup0_s20260619,bonded,388595,PRIVPROBE:1,budget_skip,0,False,0,budget_skip
m12_heavy_flood_dup0_s20260619_bonded,BudgetDoS,m12_heavy_flood_dup0_s20260619,bonded,389705,PRIVPROBE:1,budget_skip,0,False,0,budget_skip
m12_heavy_flood_dup0_s20260619_bonded,BudgetDoS,m12_heavy_flood_dup0_s20260619,bonded,390819,PRIVPROBE:1,budget_skip,0,False,0,budget_skip
m12_heavy_flood_dup0_s20260619_bonded,BudgetDoS,m12_heavy_flood_dup0_s20260619,bonded,391960,PRIVPROBE:1,budget_skip,0,False,0,budget_skip
m12_heavy_flood_dup0_s20260619_bonded,BudgetDoS,m12_heavy_flood_dup0_s20260619,bonded,393095,PRIVPROBE:1,budget_skip,0,False,0,budget_skip
m12_heavy_flood_dup0_s20260619_bonded,BudgetDoS,m12_heavy_flood_dup0_s20260619,bonded,394169,PRIVPROBE:1,budget_skip,0,False,0,budget_skip
m12_heavy_flood_dup0_s20260619_bonded,BudgetDoS,m12_heavy_flood_dup0_s20260619,bonded,395322,PRIVPROBE:1,budget_skip,0,False,0,budget_skip
m12_heavy_flood_dup0_s20260619_bonded,BudgetDoS,m12_heavy_flood_dup0_s20260619,bonded,396483,PRIVPROBE:1,budget_skip,0,False,0,budget_skip
m12_heavy_flood_dup0_s20260619_bonded,BudgetDoS,m12_heavy_flood_dup0_s20260619,bonded,397583,PRIVPROBE:1,budget_skip,0,False,0,budget_skip
