run_id,method,paired_trace_id,identity_label_for_scoring,event_id,rpa_value,action,aes_attempts,deferred,delay_ms,admission_path
m12_no_attack_dup0_s20260623_nonbonded,P3-Persist,m12_no_attack_dup0_s20260623,nonbonded,1272,PRIVPROBE:0,host_scan,504,False,0,host_scan
m12_no_attack_dup0_s20260623_nonbonded,P3-Persist,m12_no_attack_dup0_s20260623,nonbonded,1288,PRIVPROBE:0,host_scan,504,False,0,host_scan
m12_no_attack_dup0_s20260623_nonbonded,P3-Persist,m12_no_attack_dup0_s20260623,nonbonded,1307,PRIVPROBE:0,host_scan,504,False,0,host_scan
m12_no_attack_dup0_s20260623_nonbonded,P3-Persist,m12_no_attack_dup0_s20260623,nonbonded,1333,PRIVPROBE:0,host_scan,504,False,0,host_scan
m12_no_attack_dup0_s20260623_nonbonded,P3-Persist,m12_no_attack_dup0_s20260623,nonbonded,1354,PRIVPROBE:0,host_scan,504,False,0,host_scan
m12_no_attack_dup0_s20260623_nonbonded,P3-Persist,m12_no_attack_dup0_s20260623,nonbonded,1380,PRIVPROBE:0,host_scan,504,False,0,host_scan
m12_no_attack_dup0_s20260623_nonbonded,P3-Persist,m12_no_attack_dup0_s20260623,nonbonded,1394,PRIVPROBE:0,host_scan,504,False,0,host_scan
m12_no_attack_dup0_s20260623_nonbonded,P3-Persist,m12_no_attack_dup0_s20260623,nonbonded,1410,PRIVPROBE:0,host_scan,504,False,0,host_scan
m12_no_attack_dup0_s20260623_nonbonded,P3-Persist,m12_no_attack_dup0_s20260623,nonbonded,1427,PRIVPROBE:0,host_scan,504,False,0,host_scan
m12_no_attack_dup0_s20260623_nonbonded,P3-Persist,m12_no_attack_dup0_s20260623,nonbonded,1443,PRIVPROBE:0,host_scan,504,False,0,host_scan
m12_no_attack_dup0_s20260623_nonbonded,P3-Persist,m12_no_attack_dup0_s20260623,nonbonded,1477,PRIVPROBE:0,host_scan,504,False,0,reserve
m12_no_attack_dup0_s20260623_nonbonded,P3-Persist,m12_no_attack_dup0_s20260623,nonbonded,1507,PRIVPROBE:0,host_scan,504,False,0,reserve
m12_no_attack_dup0_s20260623_nonbonded,P3-Persist,m12_no_attack_dup0_s20260623,nonbonded,1532,PRIVPROBE:0,host_scan,504,False,0,host_scan
m12_no_attack_dup0_s20260623_nonbonded,P3-Persist,m12_no_attack_dup0_s20260623,nonbonded,1568,PRIVPROBE:0,host_scan,504,False,0,host_scan
m12_no_attack_dup0_s20260623_nonbonded,P3-Persist,m12_no_attack_dup0_s20260623,nonbonded,1593,PRIVPROBE:0,host_scan,504,False,0,host_scan
m12_no_attack_dup0_s20260623_nonbonded,P3-Persist,m12_no_attack_dup0_s20260623,nonbonded,1609,PRIVPROBE:0,host_scan,504,False,0,host_scan
m12_no_attack_dup0_s20260623_nonbonded,P3-Persist,m12_no_attack_dup0_s20260623,nonbonded,1626,PRIVPROBE:0,host_scan,504,False,0,host_scan
m12_no_attack_dup0_s20260623_nonbonded,P3-Persist,m12_no_attack_dup0_s20260623,nonbonded,1643,PRIVPROBE:0,host_scan,504,False,0,host_scan
m12_no_attack_dup0_s20260623_nonbonded,P3-Persist,m12_no_attack_dup0_s20260623,nonbonded,1670,PRIVPROBE:0,host_scan,504,False,0,host_scan
m12_no_attack_dup0_s20260623_nonbonded,P3-Persist,m12_no_attack_dup0_s20260623,nonbonded,1685,PRIVPROBE:0,host_scan,504,False,0,host_scan
m12_no_attack_dup0_s20260623_nonbonded,P3-Persist,m12_no_attack_dup0_s20260623,nonbonded,1703,PRIVPROBE:0,host_scan,504,False,0,host_scan
m12_no_attack_dup0_s20260623_nonbonded,P3-Persist,m12_no_attack_dup0_s20260623,nonbonded,1730,PRIVPROBE:0,host_scan,504,False,0,host_scan
m12_no_attack_dup0_s20260623_nonbonded,P3-Persist,m12_no_attack_dup0_s20260623,nonbonded,1751,PRIVPROBE:0,host_scan,504,False,0,reserve
m12_no_attack_dup0_s20260623_nonbonded,P3-Persist,m12_no_attack_dup0_s20260623,nonbonded,1784,PRIVPROBE:0,host_scan,504,False,0,reserve
m12_no_attack_dup0_s20260623_nonbonded,P3-Persist,m12_no_attack_dup0_s20260623,nonbonded,1805,PRIVPROBE:0,host_scan,504,False,0,host_scan
m12_no_attack_dup0_s20260623_nonbonded,P3-Persist,m12_no_attack_dup0_s20260623,nonbonded,1827,PRIVPROBE:0,host_scan,504,False,0,host_scan
m12_no_attack_dup0_s20260623_nonbonded,P3-Persist,m12_no_attack_dup0_s20260623,nonbonded,1842,PRIVPROBE:0,host_scan,504,False,0,host_scan
m12_no_attack_dup0_s20260623_nonbonded,P3-Persist,m12_no_attack_dup0_s20260623,nonbonded,1860,PRIVPROBE:0,host_scan,504,False,0,host_scan
m12_no_attack_dup0_s20260623_nonbonded,P3-Persist,m12_no_attack_dup0_s20260623,nonbonded,1872,PRIVPROBE:0,host_scan,504,False,0,host_scan
m12_no_attack_dup0_s20260623_nonbonded,P3-Persist,m12_no_attack_dup0_s20260623,nonbonded,1890,PRIVPROBE:0,host_scan,504,False,0,host_scan
m12_no_attack_dup0_s20260623_nonbonded,P3-Persist,m12_no_attack_dup0_s20260623,nonbonded,1919,PRIVPROBE:0,host_scan,504,False,0,host_scan
m12_no_attack_dup0_s20260623_nonbonded,P3-Persist,m12_no_attack_dup0_s20260623,nonbonded,1935,PRIVPROBE:0,host_scan,504,False,0,host_scan
m12_no_attack_dup0_s20260623_nonbonded,P3-Persist,m12_no_attack_dup0_s20260623,nonbonded,1965,PRIVPROBE:0,host_scan,504,False,0,host_scan
m12_no_attack_dup0_s20260623_nonbonded,P3-Persist,m12_no_attack_dup0_s20260623,nonbonded,1989,PRIVPROBE:0,host_scan,504,False,0,host_scan
m12_no_attack_dup0_s20260623_nonbonded,P3-Persist,m12_no_attack_dup0_s20260623,nonbonded,2007,PRIVPROBE:0,host_scan,504,False,0,reserve
m12_no_attack_dup0_s20260623_nonbonded,P3-Persist,m12_no_attack_dup0_s20260623,nonbonded,2029,PRIVPROBE:0,host_scan,504,False,0,reserve
m12_no_attack_dup0_s20260623_nonbonded,P3-Persist,m12_no_attack_dup0_s20260623,nonbonded,2049,PRIVPROBE:0,host_scan,504,False,0,host_scan
m12_no_attack_dup0_s20260623_nonbonded,P3-Persist,m12_no_attack_dup0_s20260623,nonbonded,2073,PRIVPROBE:0,host_scan,504,False,0,host_scan
m12_no_attack_dup0_s20260623_nonbonded,P3-Persist,m12_no_attack_dup0_s20260623,nonbonded,2092,PRIVPROBE:0,host_scan,504,False,0,host_scan
m12_no_attack_dup0_s20260623_nonbonded,P3-Persist,m12_no_attack_dup0_s20260623,nonbonded,2117,PRIVPROBE:0,host_scan,504,False,0,host_scan
m12_no_attack_dup0_s20260623_nonbonded,P3-Persist,m12_no_attack_dup0_s20260623,nonbonded,2144,PRIVPROBE:0,host_scan,504,False,0,host_scan
m12_no_attack_dup0_s20260623_nonbonded,P3-Persist,m12_no_attack_dup0_s20260623,nonbonded,2163,PRIVPROBE:0,host_scan,504,False,0,host_scan
m12_no_attack_dup0_s20260623_nonbonded,P3-Persist,m12_no_attack_dup0_s20260623,nonbonded,2186,PRIVPROBE:0,host_scan,504,False,0,host_scan
m12_no_attack_dup0_s20260623_nonbonded,P3-Persist,m12_no_attack_dup0_s20260623,nonbonded,2202,PRIVPROBE:0,host_scan,504,False,0,host_scan
m12_no_attack_dup0_s20260623_nonbonded,P3-Persist,m12_no_attack_dup0_s20260623,nonbonded,2228,PRIVPROBE:0,host_scan,504,False,0,host_scan
m12_no_attack_dup0_s20260623_nonbonded,P3-Persist,m12_no_attack_dup0_s20260623,nonbonded,2250,PRIVPROBE:0,host_scan,504,False,0,host_scan
m12_no_attack_dup0_s20260623_nonbonded,P3-Persist,m12_no_attack_dup0_s20260623,nonbonded,2277,PRIVPROBE:0,host_scan,504,False,0,reserve
m12_no_attack_dup0_s20260623_nonbonded,P3-Persist,m12_no_attack_dup0_s20260623,nonbonded,2292,PRIVPROBE:0,host_scan,504,False,0,reserve
m12_no_attack_dup0_s20260623_nonbonded,P3-Persist,m12_no_attack_dup0_s20260623,nonbonded,2318,PRIVPROBE:0,host_scan,504,False,0,host_scan
m12_no_attack_dup0_s20260623_nonbonded,P3-Persist,m12_no_attack_dup0_s20260623,nonbonded,2340,PRIVPROBE:0,host_scan,504,False,0,host_scan
m12_no_attack_dup0_s20260623_nonbonded,P3-Persist,m12_no_attack_dup0_s20260623,nonbonded,2369,PRIVPROBE:0,host_scan,504,False,0,host_scan
m12_no_attack_dup0_s20260623_nonbonded,P3-Persist,m12_no_attack_dup0_s20260623,nonbonded,2395,PRIVPROBE:0,host_scan,504,False,0,host_scan
m12_no_attack_dup0_s20260623_nonbonded,P3-Persist,m12_no_attack_dup0_s20260623,nonbonded,2422,PRIVPROBE:0,host_scan,504,False,0,host_scan
m12_no_attack_dup0_s20260623_nonbonded,P3-Persist,m12_no_attack_dup0_s20260623,nonbonded,2439,PRIVPROBE:0,host_scan,504,False,0,host_scan
m12_no_attack_dup0_s20260623_nonbonded,P3-Persist,m12_no_attack_dup0_s20260623,nonbonded,2466,PRIVPROBE:0,host_scan,504,False,0,host_scan
m12_no_attack_dup0_s20260623_nonbonded,P3-Persist,m12_no_attack_dup0_s20260623,nonbonded,2493,PRIVPROBE:0,host_scan,504,False,0,host_scan
m12_no_attack_dup0_s20260623_nonbonded,P3-Persist,m12_no_attack_dup0_s20260623,nonbonded,2517,PRIVPROBE:0,host_scan,504,False,0,reserve
m12_no_attack_dup0_s20260623_nonbonded,P3-Persist,m12_no_attack_dup0_s20260623,nonbonded,2536,PRIVPROBE:0,host_scan,504,False,0,reserve
m12_no_attack_dup0_s20260623_nonbonded,P3-Persist,m12_no_attack_dup0_s20260623,nonbonded,2548,PRIVPROBE:0,host_scan,504,False,0,reserve
m12_no_attack_dup0_s20260623_nonbonded,P3-Persist,m12_no_attack_dup0_s20260623,nonbonded,2570,PRIVPROBE:0,host_scan,504,False,0,reserve
m12_no_attack_dup0_s20260623_nonbonded,P3-Persist,m12_no_attack_dup0_s20260623,nonbonded,2596,PRIVPROBE:0,host_scan,504,False,0,host_scan
m12_no_attack_dup0_s20260623_nonbonded,P3-Persist,m12_no_attack_dup0_s20260623,nonbonded,2623,PRIVPROBE:0,host_scan,504,False,0,host_scan
m12_no_attack_dup0_s20260623_nonbonded,P3-Persist,m12_no_attack_dup0_s20260623,nonbonded,2637,PRIVPROBE:0,host_scan,504,False,0,host_scan
m12_no_attack_dup0_s20260623_nonbonded,P3-Persist,m12_no_attack_dup0_s20260623,nonbonded,2655,PRIVPROBE:0,host_scan,504,False,0,host_scan
m12_no_attack_dup0_s20260623_nonbonded,P3-Persist,m12_no_attack_dup0_s20260623,nonbonded,2676,PRIVPROBE:0,host_scan,504,False,0,host_scan
m12_no_attack_dup0_s20260623_nonbonded,P3-Persist,m12_no_attack_dup0_s20260623,nonbonded,2688,PRIVPROBE:0,host_scan,504,False,0,host_scan
m12_no_attack_dup0_s20260623_nonbonded,P3-Persist,m12_no_attack_dup0_s20260623,nonbonded,2713,PRIVPROBE:0,host_scan,504,False,0,host_scan
m12_no_attack_dup0_s20260623_nonbonded,P3-Persist,m12_no_attack_dup0_s20260623,nonbonded,2739,PRIVPROBE:0,host_scan,504,False,0,host_scan
m12_no_attack_dup0_s20260623_nonbonded,P3-Persist,m12_no_attack_dup0_s20260623,nonbonded,2758,PRIVPROBE:0,host_scan,504,False,0,host_scan
m12_no_attack_dup0_s20260623_nonbonded,P3-Persist,m12_no_attack_dup0_s20260623,nonbonded,2779,PRIVPROBE:0,host_scan,504,False,0,reserve
m12_no_attack_dup0_s20260623_nonbonded,P3-Persist,m12_no_attack_dup0_s20260623,nonbonded,2811,PRIVPROBE:0,host_scan,504,False,0,reserve
m12_no_attack_dup0_s20260623_nonbonded,P3-Persist,m12_no_attack_dup0_s20260623,nonbonded,2832,PRIVPROBE:0,host_scan,504,False,0,reserve
m12_no_attack_dup0_s20260623_nonbonded,P3-Persist,m12_no_attack_dup0_s20260623,nonbonded,2858,PRIVPROBE:0,host_scan,504,False,0,host_scan
m12_no_attack_dup0_s20260623_nonbonded,P3-Persist,m12_no_attack_dup0_s20260623,nonbonded,2878,PRIVPROBE:0,host_scan,504,False,0,host_scan
m12_no_attack_dup0_s20260623_nonbonded,P3-Persist,m12_no_attack_dup0_s20260623,nonbonded,2895,PRIVPROBE:0,host_scan,504,False,0,host_scan
m12_no_attack_dup0_s20260623_nonbonded,P3-Persist,m12_no_attack_dup0_s20260623,nonbonded,2907,PRIVPROBE:0,host_scan,504,False,0,host_scan
m12_no_attack_dup0_s20260623_nonbonded,P3-Persist,m12_no_attack_dup0_s20260623,nonbonded,2924,PRIVPROBE:0,host_scan,504,False,0,host_scan
m12_no_attack_dup0_s20260623_nonbonded,P3-Persist,m12_no_attack_dup0_s20260623,nonbonded,2943,PRIVPROBE:0,host_scan,504,False,0,host_scan
m12_no_attack_dup0_s20260623_nonbonded,P3-Persist,m12_no_attack_dup0_s20260623,nonbonded,2962,PRIVPROBE:0,host_scan,504,False,0,host_scan
m12_no_attack_dup0_s20260623_nonbonded,P3-Persist,m12_no_attack_dup0_s20260623,nonbonded,2986,PRIVPROBE:0,host_scan,504,False,0,host_scan
m12_no_attack_dup0_s20260623_nonbonded,P3-Persist,m12_no_attack_dup0_s20260623,nonbonded,3008,PRIVPROBE:0,host_scan,504,False,0,host_scan
m12_no_attack_dup0_s20260623_nonbonded,P3-Persist,m12_no_attack_dup0_s20260623,nonbonded,3040,PRIVPROBE:0,host_scan,504,False,0,host_scan
m12_no_attack_dup0_s20260623_nonbonded,P3-Persist,m12_no_attack_dup0_s20260623,nonbonded,3061,PRIVPROBE:0,host_scan,504,False,0,host_scan
m12_no_attack_dup0_s20260623_nonbonded,P3-Persist,m12_no_attack_dup0_s20260623,nonbonded,3089,PRIVPROBE:0,host_scan,504,False,0,reserve
m12_no_attack_dup0_s20260623_nonbonded,P3-Persist,m12_no_attack_dup0_s20260623,nonbonded,3107,PRIVPROBE:0,host_scan,504,False,0,host_scan
m12_no_attack_dup0_s20260623_nonbonded,P3-Persist,m12_no_attack_dup0_s20260623,nonbonded,3126,PRIVPROBE:0,host_scan,504,False,0,host_scan
m12_no_attack_dup0_s20260623_nonbonded,P3-Persist,m12_no_attack_dup0_s20260623,nonbonded,3142,PRIVPROBE:0,host_scan,504,False,0,host_scan
m12_no_attack_dup0_s20260623_nonbonded,P3-Persist,m12_no_attack_dup0_s20260623,nonbonded,3162,PRIVPROBE:0,host_scan,504,False,0,host_scan
m12_no_attack_dup0_s20260623_nonbonded,P3-Persist,m12_no_attack_dup0_s20260623,nonbonded,3179,PRIVPROBE:0,host_scan,504,False,0,host_scan
m12_no_attack_dup0_s20260623_nonbonded,P3-Persist,m12_no_attack_dup0_s20260623,nonbonded,3195,PRIVPROBE:0,host_scan,504,False,0,host_scan
m12_no_attack_dup0_s20260623_nonbonded,P3-Persist,m12_no_attack_dup0_s20260623,nonbonded,3219,PRIVPROBE:0,host_scan,504,False,0,host_scan
m12_no_attack_dup0_s20260623_nonbonded,P3-Persist,m12_no_attack_dup0_s20260623,nonbonded,3243,PRIVPROBE:0,host_scan,504,False,0,host_scan
m12_no_attack_dup0_s20260623_nonbonded,P3-Persist,m12_no_attack_dup0_s20260623,nonbonded,3259,PRIVPROBE:0,host_scan,504,False,0,host_scan
m12_no_attack_dup0_s20260623_nonbonded,P3-Persist,m12_no_attack_dup0_s20260623,nonbonded,3274,PRIVPROBE:0,host_scan,504,False,0,host_scan
m12_no_attack_dup0_s20260623_nonbonded,P3-Persist,m12_no_attack_dup0_s20260623,nonbonded,3298,PRIVPROBE:0,host_scan,504,False,0,host_scan
m12_no_attack_dup0_s20260623_nonbonded,P3-Persist,m12_no_attack_dup0_s20260623,nonbonded,3323,PRIVPROBE:0,host_scan,504,False,0,reserve
m12_no_attack_dup0_s20260623_nonbonded,P3-Persist,m12_no_attack_dup0_s20260623,nonbonded,3343,PRIVPROBE:0,host_scan,504,False,0,host_scan
m12_no_attack_dup0_s20260623_nonbonded,P3-Persist,m12_no_attack_dup0_s20260623,nonbonded,3364,PRIVPROBE:0,host_scan,504,False,0,host_scan
m12_no_attack_dup0_s20260623_nonbonded,P3-Persist,m12_no_attack_dup0_s20260623,nonbonded,3384,PRIVPROBE:0,host_scan,504,False,0,host_scan
m12_no_attack_dup0_s20260623_nonbonded,P3-Persist,m12_no_attack_dup0_s20260623,nonbonded,3405,PRIVPROBE:0,host_scan,504,False,0,host_scan
m12_no_attack_dup0_s20260623_nonbonded,P3-Persist,m12_no_attack_dup0_s20260623,nonbonded,3426,PRIVPROBE:0,host_scan,504,False,0,host_scan
m12_no_attack_dup0_s20260623_nonbonded,P3-Persist,m12_no_attack_dup0_s20260623,nonbonded,3444,PRIVPROBE:0,host_scan,504,False,0,host_scan
m12_no_attack_dup0_s20260623_nonbonded,P3-Persist,m12_no_attack_dup0_s20260623,nonbonded,3471,PRIVPROBE:0,host_scan,504,False,0,host_scan
m12_no_attack_dup0_s20260623_nonbonded,P3-Persist,m12_no_attack_dup0_s20260623,nonbonded,3491,PRIVPROBE:0,host_scan,504,False,0,host_scan
m12_no_attack_dup0_s20260623_nonbonded,P3-Persist,m12_no_attack_dup0_s20260623,nonbonded,3513,PRIVPROBE:0,host_scan,504,False,0,host_scan
m12_no_attack_dup0_s20260623_nonbonded,P3-Persist,m12_no_attack_dup0_s20260623,nonbonded,3537,PRIVPROBE:0,host_scan,504,False,0,host_scan
m12_no_attack_dup0_s20260623_nonbonded,P3-Persist,m12_no_attack_dup0_s20260623,nonbonded,3552,PRIVPROBE:0,host_scan,504,False,0,reserve
m12_no_attack_dup0_s20260623_nonbonded,P3-Persist,m12_no_attack_dup0_s20260623,nonbonded,3575,PRIVPROBE:0,host_scan,504,False,0,reserve
m12_no_attack_dup0_s20260623_nonbonded,P3-Persist,m12_no_attack_dup0_s20260623,nonbonded,3592,PRIVPROBE:0,host_scan,504,False,0,host_scan
m12_no_attack_dup0_s20260623_nonbonded,P3-Persist,m12_no_attack_dup0_s20260623,nonbonded,3609,PRIVPROBE:0,host_scan,504,False,0,host_scan
m12_no_attack_dup0_s20260623_nonbonded,P3-Persist,m12_no_attack_dup0_s20260623,nonbonded,3626,PRIVPROBE:0,host_scan,504,False,0,host_scan
m12_no_attack_dup0_s20260623_nonbonded,P3-Persist,m12_no_attack_dup0_s20260623,nonbonded,3653,PRIVPROBE:0,host_scan,504,False,0,host_scan
m12_no_attack_dup0_s20260623_nonbonded,P3-Persist,m12_no_attack_dup0_s20260623,nonbonded,3670,PRIVPROBE:0,host_scan,504,False,0,host_scan
m12_no_attack_dup0_s20260623_nonbonded,P3-Persist,m12_no_attack_dup0_s20260623,nonbonded,3699,PRIVPROBE:0,host_scan,504,False,0,host_scan
m12_no_attack_dup0_s20260623_nonbonded,P3-Persist,m12_no_attack_dup0_s20260623,nonbonded,3709,PRIVPROBE:0,host_scan,504,False,0,host_scan
m12_no_attack_dup0_s20260623_nonbonded,P3-Persist,m12_no_attack_dup0_s20260623,nonbonded,3732,PRIVPROBE:0,host_scan,504,False,0,host_scan
m12_no_attack_dup0_s20260623_nonbonded,P3-Persist,m12_no_attack_dup0_s20260623,nonbonded,3758,PRIVPROBE:0,host_scan,504,False,0,host_scan
m12_no_attack_dup0_s20260623_nonbonded,P3-Persist,m12_no_attack_dup0_s20260623,nonbonded,3783,PRIVPROBE:0,host_scan,504,False,0,host_scan
m12_no_attack_dup0_s20260623_nonbonded,P3-Persist,m12_no_attack_dup0_s20260623,nonbonded,3809,PRIVPROBE:0,host_scan,504,False,0,reserve
m12_no_attack_dup0_s20260623_nonbonded,P3-Persist,m12_no_attack_dup0_s20260623,nonbonded,3823,PRIVPROBE:0,host_scan,504,False,0,reserve
m12_no_attack_dup0_s20260623_nonbonded,P3-Persist,m12_no_attack_dup0_s20260623,nonbonded,3848,PRIVPROBE:1,host_scan,504,False,0,host_scan
m12_no_attack_dup0_s20260623_nonbonded,P3-Persist,m12_no_attack_dup0_s20260623,nonbonded,3866,PRIVPROBE:1,host_scan,504,False,0,host_scan
m12_no_attack_dup0_s20260623_nonbonded,P3-Persist,m12_no_attack_dup0_s20260623,nonbonded,3886,PRIVPROBE:1,host_scan,504,False,0,host_scan
m12_no_attack_dup0_s20260623_nonbonded,P3-Persist,m12_no_attack_dup0_s20260623,nonbonded,3905,PRIVPROBE:1,host_scan,504,False,0,host_scan
m12_no_attack_dup0_s20260623_nonbonded,P3-Persist,m12_no_attack_dup0_s20260623,nonbonded,3929,PRIVPROBE:1,host_scan,504,False,0,host_scan
m12_no_attack_dup0_s20260623_nonbonded,P3-Persist,m12_no_attack_dup0_s20260623,nonbonded,3949,PRIVPROBE:1,host_scan,504,False,0,host_scan
m12_no_attack_dup0_s20260623_nonbonded,P3-Persist,m12_no_attack_dup0_s20260623,nonbonded,3973,PRIVPROBE:1,host_scan,504,False,0,host_scan
m12_no_attack_dup0_s20260623_nonbonded,P3-Persist,m12_no_attack_dup0_s20260623,nonbonded,4004,PRIVPROBE:1,defer,0,True,1000,defer
m12_no_attack_dup0_s20260623_nonbonded,P3-Persist,m12_no_attack_dup0_s20260623,nonbonded,4029,PRIVPROBE:1,host_scan,504,False,0,reserve
m12_no_attack_dup0_s20260623_nonbonded,P3-Persist,m12_no_attack_dup0_s20260623,nonbonded,4055,PRIVPROBE:1,host_scan,504,False,0,reserve
m12_no_attack_dup0_s20260623_nonbonded,P3-Persist,m12_no_attack_dup0_s20260623,nonbonded,4072,PRIVPROBE:1,host_scan,504,False,0,reserve
m12_no_attack_dup0_s20260623_nonbonded,P3-Persist,m12_no_attack_dup0_s20260623,nonbonded,4099,PRIVPROBE:1,host_scan,504,False,0,reserve
m12_no_attack_dup0_s20260623_nonbonded,P3-Persist,m12_no_attack_dup0_s20260623,nonbonded,4119,PRIVPROBE:1,host_scan,504,False,0,host_scan
m12_no_attack_dup0_s20260623_nonbonded,P3-Persist,m12_no_attack_dup0_s20260623,nonbonded,4139,PRIVPROBE:1,host_scan,504,False,0,host_scan
m12_no_attack_dup0_s20260623_nonbonded,P3-Persist,m12_no_attack_dup0_s20260623,nonbonded,4155,PRIVPROBE:1,host_scan,504,False,0,host_scan
m12_no_attack_dup0_s20260623_nonbonded,P3-Persist,m12_no_attack_dup0_s20260623,nonbonded,4176,PRIVPROBE:1,host_scan,504,False,0,host_scan
m12_no_attack_dup0_s20260623_nonbonded,P3-Persist,m12_no_attack_dup0_s20260623,nonbonded,4198,PRIVPROBE:1,host_scan,504,False,0,host_scan
m12_no_attack_dup0_s20260623_nonbonded,P3-Persist,m12_no_attack_dup0_s20260623,nonbonded,4217,PRIVPROBE:1,host_scan,504,False,0,host_scan
m12_no_attack_dup0_s20260623_nonbonded,P3-Persist,m12_no_attack_dup0_s20260623,nonbonded,4231,PRIVPROBE:1,host_scan,504,False,0,host_scan
m12_no_attack_dup0_s20260623_nonbonded,P3-Persist,m12_no_attack_dup0_s20260623,nonbonded,4249,PRIVPROBE:1,host_scan,504,False,0,host_scan
m12_no_attack_dup0_s20260623_nonbonded,P3-Persist,m12_no_attack_dup0_s20260623,nonbonded,4266,PRIVPROBE:1,host_scan,504,False,0,host_scan
m12_no_attack_dup0_s20260623_nonbonded,P3-Persist,m12_no_attack_dup0_s20260623,nonbonded,4288,PRIVPROBE:1,host_scan,504,False,0,reserve
m12_no_attack_dup0_s20260623_nonbonded,P3-Persist,m12_no_attack_dup0_s20260623,nonbonded,4303,PRIVPROBE:1,host_scan,504,False,0,reserve
m12_no_attack_dup0_s20260623_nonbonded,P3-Persist,m12_no_attack_dup0_s20260623,nonbonded,4322,PRIVPROBE:1,host_scan,504,False,0,reserve
m12_no_attack_dup0_s20260623_nonbonded,P3-Persist,m12_no_attack_dup0_s20260623,nonbonded,4357,PRIVPROBE:1,host_scan,504,False,0,host_scan
m12_no_attack_dup0_s20260623_nonbonded,P3-Persist,m12_no_attack_dup0_s20260623,nonbonded,4377,PRIVPROBE:1,host_scan,504,False,0,host_scan
m12_no_attack_dup0_s20260623_nonbonded,P3-Persist,m12_no_attack_dup0_s20260623,nonbonded,4391,PRIVPROBE:1,host_scan,504,False,0,host_scan
m12_no_attack_dup0_s20260623_nonbonded,P3-Persist,m12_no_attack_dup0_s20260623,nonbonded,4411,PRIVPROBE:1,host_scan,504,False,0,host_scan
m12_no_attack_dup0_s20260623_nonbonded,P3-Persist,m12_no_attack_dup0_s20260623,nonbonded,4424,PRIVPROBE:1,host_scan,504,False,0,host_scan
m12_no_attack_dup0_s20260623_nonbonded,P3-Persist,m12_no_attack_dup0_s20260623,nonbonded,4441,PRIVPROBE:1,host_scan,504,False,0,host_scan
m12_no_attack_dup0_s20260623_nonbonded,P3-Persist,m12_no_attack_dup0_s20260623,nonbonded,4469,PRIVPROBE:1,host_scan,504,False,0,host_scan
m12_no_attack_dup0_s20260623_nonbonded,P3-Persist,m12_no_attack_dup0_s20260623,nonbonded,4491,PRIVPROBE:1,host_scan,504,False,0,host_scan
m12_no_attack_dup0_s20260623_nonbonded,P3-Persist,m12_no_attack_dup0_s20260623,nonbonded,4518,PRIVPROBE:1,host_scan,504,False,0,host_scan
m12_no_attack_dup0_s20260623_nonbonded,P3-Persist,m12_no_attack_dup0_s20260623,nonbonded,4544,PRIVPROBE:1,host_scan,504,False,0,host_scan
m12_no_attack_dup0_s20260623_nonbonded,P3-Persist,m12_no_attack_dup0_s20260623,nonbonded,4569,PRIVPROBE:1,host_scan,504,False,0,reserve
m12_no_attack_dup0_s20260623_nonbonded,P3-Persist,m12_no_attack_dup0_s20260623,nonbonded,4584,PRIVPROBE:1,host_scan,504,False,0,reserve
m12_no_attack_dup0_s20260623_nonbonded,P3-Persist,m12_no_attack_dup0_s20260623,nonbonded,4610,PRIVPROBE:1,host_scan,504,False,0,host_scan
m12_no_attack_dup0_s20260623_nonbonded,P3-Persist,m12_no_attack_dup0_s20260623,nonbonded,4627,PRIVPROBE:1,host_scan,504,False,0,host_scan
m12_no_attack_dup0_s20260623_nonbonded,P3-Persist,m12_no_attack_dup0_s20260623,nonbonded,4649,PRIVPROBE:1,host_scan,504,False,0,host_scan
m12_no_attack_dup0_s20260623_nonbonded,P3-Persist,m12_no_attack_dup0_s20260623,nonbonded,4659,PRIVPROBE:1,host_scan,504,False,0,host_scan
m12_no_attack_dup0_s20260623_nonbonded,P3-Persist,m12_no_attack_dup0_s20260623,nonbonded,4686,PRIVPROBE:1,host_scan,504,False,0,host_scan
m12_no_attack_dup0_s20260623_nonbonded,P3-Persist,m12_no_attack_dup0_s20260623,nonbonded,4709,PRIVPROBE:1,host_scan,504,False,0,host_scan
m12_no_attack_dup0_s20260623_nonbonded,P3-Persist,m12_no_attack_dup0_s20260623,nonbonded,4720,PRIVPROBE:1,host_scan,504,False,0,host_scan
m12_no_attack_dup0_s20260623_nonbonded,P3-Persist,m12_no_attack_dup0_s20260623,nonbonded,4741,PRIVPROBE:1,host_scan,504,False,0,host_scan
m12_no_attack_dup0_s20260623_nonbonded,P3-Persist,m12_no_attack_dup0_s20260623,nonbonded,4764,PRIVPROBE:1,host_scan,504,False,0,host_scan
m12_no_attack_dup0_s20260623_nonbonded,P3-Persist,m12_no_attack_dup0_s20260623,nonbonded,4796,PRIVPROBE:1,host_scan,504,False,0,reserve
m12_no_attack_dup0_s20260623_nonbonded,P3-Persist,m12_no_attack_dup0_s20260623,nonbonded,4813,PRIVPROBE:1,host_scan,504,False,0,reserve
m12_no_attack_dup0_s20260623_nonbonded,P3-Persist,m12_no_attack_dup0_s20260623,nonbonded,4831,PRIVPROBE:1,host_scan,504,False,0,reserve
m12_no_attack_dup0_s20260623_nonbonded,P3-Persist,m12_no_attack_dup0_s20260623,nonbonded,4862,PRIVPROBE:1,host_scan,504,False,0,host_scan
m12_no_attack_dup0_s20260623_nonbonded,P3-Persist,m12_no_attack_dup0_s20260623,nonbonded,4886,PRIVPROBE:1,host_scan,504,False,0,host_scan
m12_no_attack_dup0_s20260623_nonbonded,P3-Persist,m12_no_attack_dup0_s20260623,nonbonded,4903,PRIVPROBE:1,host_scan,504,False,0,host_scan
m12_no_attack_dup0_s20260623_nonbonded,P3-Persist,m12_no_attack_dup0_s20260623,nonbonded,4922,PRIVPROBE:1,host_scan,504,False,0,host_scan
m12_no_attack_dup0_s20260623_nonbonded,P3-Persist,m12_no_attack_dup0_s20260623,nonbonded,4939,PRIVPROBE:1,host_scan,504,False,0,host_scan
m12_no_attack_dup0_s20260623_nonbonded,P3-Persist,m12_no_attack_dup0_s20260623,nonbonded,4961,PRIVPROBE:1,host_scan,504,False,0,host_scan
m12_no_attack_dup0_s20260623_nonbonded,P3-Persist,m12_no_attack_dup0_s20260623,nonbonded,4985,PRIVPROBE:1,host_scan,504,False,0,host_scan
m12_no_attack_dup0_s20260623_nonbonded,P3-Persist,m12_no_attack_dup0_s20260623,nonbonded,5006,PRIVPROBE:1,host_scan,504,False,0,host_scan
m12_no_attack_dup0_s20260623_nonbonded,P3-Persist,m12_no_attack_dup0_s20260623,nonbonded,5027,PRIVPROBE:1,host_scan,504,False,0,host_scan
m12_no_attack_dup0_s20260623_nonbonded,P3-Persist,m12_no_attack_dup0_s20260623,nonbonded,5050,PRIVPROBE:1,host_scan,504,False,0,reserve
m12_no_attack_dup0_s20260623_nonbonded,P3-Persist,m12_no_attack_dup0_s20260623,nonbonded,5074,PRIVPROBE:1,host_scan,504,False,0,reserve
m12_no_attack_dup0_s20260623_nonbonded,P3-Persist,m12_no_attack_dup0_s20260623,nonbonded,5106,PRIVPROBE:1,host_scan,504,False,0,reserve
m12_no_attack_dup0_s20260623_nonbonded,P3-Persist,m12_no_attack_dup0_s20260623,nonbonded,5128,PRIVPROBE:1,host_scan,504,False,0,host_scan
m12_no_attack_dup0_s20260623_nonbonded,P3-Persist,m12_no_attack_dup0_s20260623,nonbonded,5144,PRIVPROBE:1,host_scan,504,False,0,host_scan
m12_no_attack_dup0_s20260623_nonbonded,P3-Persist,m12_no_attack_dup0_s20260623,nonbonded,5161,PRIVPROBE:1,host_scan,504,False,0,host_scan
m12_no_attack_dup0_s20260623_nonbonded,P3-Persist,m12_no_attack_dup0_s20260623,nonbonded,5188,PRIVPROBE:1,host_scan,504,False,0,host_scan
m12_no_attack_dup0_s20260623_nonbonded,P3-Persist,m12_no_attack_dup0_s20260623,nonbonded,5206,PRIVPROBE:1,host_scan,504,False,0,host_scan
m12_no_attack_dup0_s20260623_nonbonded,P3-Persist,m12_no_attack_dup0_s20260623,nonbonded,5229,PRIVPROBE:1,host_scan,504,False,0,host_scan
m12_no_attack_dup0_s20260623_nonbonded,P3-Persist,m12_no_attack_dup0_s20260623,nonbonded,5246,PRIVPROBE:1,host_scan,504,False,0,host_scan
m12_no_attack_dup0_s20260623_nonbonded,P3-Persist,m12_no_attack_dup0_s20260623,nonbonded,5270,PRIVPROBE:1,host_scan,504,False,0,host_scan
m12_no_attack_dup0_s20260623_nonbonded,P3-Persist,m12_no_attack_dup0_s20260623,nonbonded,5286,PRIVPROBE:1,host_scan,504,False,0,host_scan
m12_no_attack_dup0_s20260623_nonbonded,P3-Persist,m12_no_attack_dup0_s20260623,nonbonded,5305,PRIVPROBE:1,host_scan,504,False,0,host_scan
m12_no_attack_dup0_s20260623_nonbonded,P3-Persist,m12_no_attack_dup0_s20260623,nonbonded,5323,PRIVPROBE:1,host_scan,504,False,0,host_scan
m12_no_attack_dup0_s20260623_nonbonded,P3-Persist,m12_no_attack_dup0_s20260623,nonbonded,5349,PRIVPROBE:1,host_scan,504,False,0,reserve
m12_no_attack_dup0_s20260623_nonbonded,P3-Persist,m12_no_attack_dup0_s20260623,nonbonded,5371,PRIVPROBE:1,host_scan,504,False,0,host_scan
m12_no_attack_dup0_s20260623_nonbonded,P3-Persist,m12_no_attack_dup0_s20260623,nonbonded,5404,PRIVPROBE:1,host_scan,504,False,0,host_scan
m12_no_attack_dup0_s20260623_nonbonded,P3-Persist,m12_no_attack_dup0_s20260623,nonbonded,5419,PRIVPROBE:1,host_scan,504,False,0,host_scan
m12_no_attack_dup0_s20260623_nonbonded,P3-Persist,m12_no_attack_dup0_s20260623,nonbonded,5432,PRIVPROBE:1,host_scan,504,False,0,host_scan
m12_no_attack_dup0_s20260623_nonbonded,P3-Persist,m12_no_attack_dup0_s20260623,nonbonded,5448,PRIVPROBE:1,host_scan,504,False,0,host_scan
m12_no_attack_dup0_s20260623_nonbonded,P3-Persist,m12_no_attack_dup0_s20260623,nonbonded,5468,PRIVPROBE:1,host_scan,504,False,0,host_scan
m12_no_attack_dup0_s20260623_nonbonded,P3-Persist,m12_no_attack_dup0_s20260623,nonbonded,5482,PRIVPROBE:1,host_scan,504,False,0,host_scan
m12_no_attack_dup0_s20260623_nonbonded,P3-Persist,m12_no_attack_dup0_s20260623,nonbonded,5511,PRIVPROBE:1,host_scan,504,False,0,host_scan
m12_no_attack_dup0_s20260623_nonbonded,P3-Persist,m12_no_attack_dup0_s20260623,nonbonded,5533,PRIVPROBE:1,host_scan,504,False,0,host_scan
m12_no_attack_dup0_s20260623_nonbonded,P3-Persist,m12_no_attack_dup0_s20260623,nonbonded,5556,PRIVPROBE:1,host_scan,504,False,0,host_scan
m12_no_attack_dup0_s20260623_nonbonded,P3-Persist,m12_no_attack_dup0_s20260623,nonbonded,5577,PRIVPROBE:1,host_scan,504,False,0,host_scan
m12_no_attack_dup0_s20260623_nonbonded,P3-Persist,m12_no_attack_dup0_s20260623,nonbonded,5602,PRIVPROBE:1,host_scan,504,False,0,reserve
m12_no_attack_dup0_s20260623_nonbonded,P3-Persist,m12_no_attack_dup0_s20260623,nonbonded,5624,PRIVPROBE:1,host_scan,504,False,0,host_scan
m12_no_attack_dup0_s20260623_nonbonded,P3-Persist,m12_no_attack_dup0_s20260623,nonbonded,5649,PRIVPROBE:1,host_scan,504,False,0,host_scan
m12_no_attack_dup0_s20260623_nonbonded,P3-Persist,m12_no_attack_dup0_s20260623,nonbonded,5666,PRIVPROBE:1,host_scan,504,False,0,host_scan
m12_no_attack_dup0_s20260623_nonbonded,P3-Persist,m12_no_attack_dup0_s20260623,nonbonded,5691,PRIVPROBE:1,host_scan,504,False,0,host_scan
m12_no_attack_dup0_s20260623_nonbonded,P3-Persist,m12_no_attack_dup0_s20260623,nonbonded,5705,PRIVPROBE:1,host_scan,504,False,0,host_scan
m12_no_attack_dup0_s20260623_nonbonded,P3-Persist,m12_no_attack_dup0_s20260623,nonbonded,5726,PRIVPROBE:1,host_scan,504,False,0,host_scan
m12_no_attack_dup0_s20260623_nonbonded,P3-Persist,m12_no_attack_dup0_s20260623,nonbonded,5765,PRIVPROBE:1,host_scan,504,False,0,host_scan
m12_no_attack_dup0_s20260623_nonbonded,P3-Persist,m12_no_attack_dup0_s20260623,nonbonded,5787,PRIVPROBE:1,host_scan,504,False,0,host_scan
m12_no_attack_dup0_s20260623_nonbonded,P3-Persist,m12_no_attack_dup0_s20260623,nonbonded,5809,PRIVPROBE:1,host_scan,504,False,0,host_scan
m12_no_attack_dup0_s20260623_nonbonded,P3-Persist,m12_no_attack_dup0_s20260623,nonbonded,5831,PRIVPROBE:1,host_scan,504,False,0,reserve
m12_no_attack_dup0_s20260623_nonbonded,P3-Persist,m12_no_attack_dup0_s20260623,nonbonded,5845,PRIVPROBE:1,host_scan,504,False,0,reserve
m12_no_attack_dup0_s20260623_nonbonded,P3-Persist,m12_no_attack_dup0_s20260623,nonbonded,5866,PRIVPROBE:1,host_scan,504,False,0,reserve
m12_no_attack_dup0_s20260623_nonbonded,P3-Persist,m12_no_attack_dup0_s20260623,nonbonded,5881,PRIVPROBE:1,host_scan,504,False,0,host_scan
m12_no_attack_dup0_s20260623_nonbonded,P3-Persist,m12_no_attack_dup0_s20260623,nonbonded,5898,PRIVPROBE:1,host_scan,504,False,0,host_scan
m12_no_attack_dup0_s20260623_nonbonded,P3-Persist,m12_no_attack_dup0_s20260623,nonbonded,5917,PRIVPROBE:1,host_scan,504,False,0,host_scan
m12_no_attack_dup0_s20260623_nonbonded,P3-Persist,m12_no_attack_dup0_s20260623,nonbonded,5938,PRIVPROBE:1,host_scan,504,False,0,host_scan
m12_no_attack_dup0_s20260623_nonbonded,P3-Persist,m12_no_attack_dup0_s20260623,nonbonded,5954,PRIVPROBE:1,host_scan,504,False,0,host_scan
m12_no_attack_dup0_s20260623_nonbonded,P3-Persist,m12_no_attack_dup0_s20260623,nonbonded,5979,PRIVPROBE:1,host_scan,504,False,0,host_scan
m12_no_attack_dup0_s20260623_nonbonded,P3-Persist,m12_no_attack_dup0_s20260623,nonbonded,6003,PRIVPROBE:1,host_scan,504,False,0,host_scan
m12_no_attack_dup0_s20260623_nonbonded,P3-Persist,m12_no_attack_dup0_s20260623,nonbonded,6025,PRIVPROBE:1,host_scan,504,False,0,host_scan
m12_no_attack_dup0_s20260623_nonbonded,P3-Persist,m12_no_attack_dup0_s20260623,nonbonded,6048,PRIVPROBE:1,host_scan,504,False,0,host_scan
m12_no_attack_dup0_s20260623_nonbonded,P3-Persist,m12_no_attack_dup0_s20260623,nonbonded,6060,PRIVPROBE:1,host_scan,504,False,0,host_scan
m12_no_attack_dup0_s20260623_nonbonded,P3-Persist,m12_no_attack_dup0_s20260623,nonbonded,6084,PRIVPROBE:1,host_scan,504,False,0,reserve
m12_no_attack_dup0_s20260623_nonbonded,P3-Persist,m12_no_attack_dup0_s20260623,nonbonded,6099,PRIVPROBE:1,host_scan,504,False,0,reserve
m12_no_attack_dup0_s20260623_nonbonded,P3-Persist,m12_no_attack_dup0_s20260623,nonbonded,6117,PRIVPROBE:1,host_scan,504,False,0,host_scan
m12_no_attack_dup0_s20260623_nonbonded,P3-Persist,m12_no_attack_dup0_s20260623,nonbonded,6147,PRIVPROBE:1,host_scan,504,False,0,host_scan
m12_no_attack_dup0_s20260623_nonbonded,P3-Persist,m12_no_attack_dup0_s20260623,nonbonded,6163,PRIVPROBE:1,host_scan,504,False,0,host_scan
m12_no_attack_dup0_s20260623_nonbonded,P3-Persist,m12_no_attack_dup0_s20260623,nonbonded,6182,PRIVPROBE:1,host_scan,504,False,0,host_scan
m12_no_attack_dup0_s20260623_nonbonded,P3-Persist,m12_no_attack_dup0_s20260623,nonbonded,6198,PRIVPROBE:1,host_scan,504,False,0,host_scan
m12_no_attack_dup0_s20260623_nonbonded,P3-Persist,m12_no_attack_dup0_s20260623,nonbonded,6226,PRIVPROBE:1,host_scan,504,False,0,host_scan
m12_no_attack_dup0_s20260623_nonbonded,P3-Persist,m12_no_attack_dup0_s20260623,nonbonded,6242,PRIVPROBE:1,host_scan,504,False,0,host_scan
m12_no_attack_dup0_s20260623_nonbonded,P3-Persist,m12_no_attack_dup0_s20260623,nonbonded,6259,PRIVPROBE:1,host_scan,504,False,0,host_scan
m12_no_attack_dup0_s20260623_nonbonded,P3-Persist,m12_no_attack_dup0_s20260623,nonbonded,6275,PRIVPROBE:1,host_scan,504,False,0,host_scan
m12_no_attack_dup0_s20260623_nonbonded,P3-Persist,m12_no_attack_dup0_s20260623,nonbonded,6302,PRIVPROBE:1,host_scan,504,False,0,host_scan
m12_no_attack_dup0_s20260623_nonbonded,P3-Persist,m12_no_attack_dup0_s20260623,nonbonded,6315,PRIVPROBE:1,host_scan,504,False,0,host_scan
m12_no_attack_dup0_s20260623_nonbonded,P3-Persist,m12_no_attack_dup0_s20260623,nonbonded,6339,PRIVPROBE:1,host_scan,504,False,0,reserve
m12_no_attack_dup0_s20260623_nonbonded,P3-Persist,m12_no_attack_dup0_s20260623,nonbonded,6355,PRIVPROBE:1,host_scan,504,False,0,host_scan
m12_no_attack_dup0_s20260623_nonbonded,P3-Persist,m12_no_attack_dup0_s20260623,nonbonded,6374,PRIVPROBE:1,host_scan,504,False,0,host_scan
m12_no_attack_dup0_s20260623_nonbonded,P3-Persist,m12_no_attack_dup0_s20260623,nonbonded,6398,PRIVPROBE:1,host_scan,504,False,0,host_scan
m12_no_attack_dup0_s20260623_nonbonded,P3-Persist,m12_no_attack_dup0_s20260623,nonbonded,6420,PRIVPROBE:1,host_scan,504,False,0,host_scan
m12_no_attack_dup0_s20260623_nonbonded,P3-Persist,m12_no_attack_dup0_s20260623,nonbonded,6441,PRIVPROBE:1,host_scan,504,False,0,host_scan
m12_no_attack_dup0_s20260623_nonbonded,P3-Persist,m12_no_attack_dup0_s20260623,nonbonded,6463,PRIVPROBE:1,host_scan,504,False,0,host_scan
m12_no_attack_dup0_s20260623_nonbonded,P3-Persist,m12_no_attack_dup0_s20260623,nonbonded,6488,PRIVPROBE:1,host_scan,504,False,0,host_scan
m12_no_attack_dup0_s20260623_nonbonded,P3-Persist,m12_no_attack_dup0_s20260623,nonbonded,6510,PRIVPROBE:1,host_scan,504,False,0,host_scan
m12_no_attack_dup0_s20260623_nonbonded,P3-Persist,m12_no_attack_dup0_s20260623,nonbonded,6536,PRIVPROBE:1,host_scan,504,False,0,host_scan
m12_no_attack_dup0_s20260623_nonbonded,P3-Persist,m12_no_attack_dup0_s20260623,nonbonded,6558,PRIVPROBE:1,host_scan,504,False,0,host_scan
m12_no_attack_dup0_s20260623_nonbonded,P3-Persist,m12_no_attack_dup0_s20260623,nonbonded,6578,PRIVPROBE:1,host_scan,504,False,0,reserve
m12_no_attack_dup0_s20260623_nonbonded,P3-Persist,m12_no_attack_dup0_s20260623,nonbonded,6592,PRIVPROBE:1,host_scan,504,False,0,reserve
m12_no_attack_dup0_s20260623_nonbonded,P3-Persist,m12_no_attack_dup0_s20260623,nonbonded,6625,PRIVPROBE:1,host_scan,504,False,0,host_scan
m12_no_attack_dup0_s20260623_nonbonded,P3-Persist,m12_no_attack_dup0_s20260623,nonbonded,6649,PRIVPROBE:1,host_scan,504,False,0,host_scan
m12_no_attack_dup0_s20260623_nonbonded,P3-Persist,m12_no_attack_dup0_s20260623,nonbonded,6672,PRIVPROBE:1,host_scan,504,False,0,host_scan
m12_no_attack_dup0_s20260623_nonbonded,P3-Persist,m12_no_attack_dup0_s20260623,nonbonded,6690,PRIVPROBE:1,host_scan,504,False,0,host_scan
m12_no_attack_dup0_s20260623_nonbonded,P3-Persist,m12_no_attack_dup0_s20260623,nonbonded,6709,PRIVPROBE:1,host_scan,504,False,0,host_scan
m12_no_attack_dup0_s20260623_nonbonded,P3-Persist,m12_no_attack_dup0_s20260623,nonbonded,6731,PRIVPROBE:1,host_scan,504,False,0,host_scan
m12_no_attack_dup0_s20260623_nonbonded,P3-Persist,m12_no_attack_dup0_s20260623,nonbonded,6750,PRIVPROBE:1,host_scan,504,False,0,host_scan
m12_no_attack_dup0_s20260623_nonbonded,P3-Persist,m12_no_attack_dup0_s20260623,nonbonded,6769,PRIVPROBE:1,host_scan,504,False,0,host_scan
m12_no_attack_dup0_s20260623_nonbonded,P3-Persist,m12_no_attack_dup0_s20260623,nonbonded,6801,PRIVPROBE:1,host_scan,504,False,0,host_scan
m12_no_attack_dup0_s20260623_nonbonded,P3-Persist,m12_no_attack_dup0_s20260623,nonbonded,6836,PRIVPROBE:1,host_scan,504,False,0,reserve
m12_no_attack_dup0_s20260623_nonbonded,P3-Persist,m12_no_attack_dup0_s20260623,nonbonded,6853,PRIVPROBE:1,host_scan,504,False,0,reserve
m12_no_attack_dup0_s20260623_nonbonded,P3-Persist,m12_no_attack_dup0_s20260623,nonbonded,6887,PRIVPROBE:1,host_scan,504,False,0,reserve
m12_no_attack_dup0_s20260623_nonbonded,P3-Persist,m12_no_attack_dup0_s20260623,nonbonded,6906,PRIVPROBE:1,host_scan,504,False,0,host_scan
m12_no_attack_dup0_s20260623_nonbonded,P3-Persist,m12_no_attack_dup0_s20260623,nonbonded,6921,PRIVPROBE:1,host_scan,504,False,0,host_scan
m12_no_attack_dup0_s20260623_nonbonded,P3-Persist,m12_no_attack_dup0_s20260623,nonbonded,6948,PRIVPROBE:1,host_scan,504,False,0,host_scan
m12_no_attack_dup0_s20260623_nonbonded,P3-Persist,m12_no_attack_dup0_s20260623,nonbonded,6972,PRIVPROBE:1,host_scan,504,False,0,host_scan
m12_no_attack_dup0_s20260623_nonbonded,P3-Persist,m12_no_attack_dup0_s20260623,nonbonded,6999,PRIVPROBE:1,host_scan,504,False,0,host_scan
m12_no_attack_dup0_s20260623_nonbonded,P3-Persist,m12_no_attack_dup0_s20260623,nonbonded,7026,PRIVPROBE:1,host_scan,504,False,0,host_scan
m12_no_attack_dup0_s20260623_nonbonded,P3-Persist,m12_no_attack_dup0_s20260623,nonbonded,7047,PRIVPROBE:1,host_scan,504,False,0,host_scan
m12_no_attack_dup0_s20260623_nonbonded,P3-Persist,m12_no_attack_dup0_s20260623,nonbonded,7076,PRIVPROBE:1,host_scan,504,False,0,host_scan
m12_no_attack_dup0_s20260623_nonbonded,P3-Persist,m12_no_attack_dup0_s20260623,nonbonded,7091,PRIVPROBE:1,host_scan,504,False,0,host_scan
m12_no_attack_dup0_s20260623_nonbonded,P3-Persist,m12_no_attack_dup0_s20260623,nonbonded,7121,PRIVPROBE:1,host_scan,504,False,0,reserve
m12_no_attack_dup0_s20260623_nonbonded,P3-Persist,m12_no_attack_dup0_s20260623,nonbonded,7140,PRIVPROBE:1,host_scan,504,False,0,reserve
m12_no_attack_dup0_s20260623_nonbonded,P3-Persist,m12_no_attack_dup0_s20260623,nonbonded,7165,PRIVPROBE:1,host_scan,504,False,0,reserve
m12_no_attack_dup0_s20260623_nonbonded,P3-Persist,m12_no_attack_dup0_s20260623,nonbonded,7179,PRIVPROBE:1,host_scan,504,False,0,host_scan
m12_no_attack_dup0_s20260623_nonbonded,P3-Persist,m12_no_attack_dup0_s20260623,nonbonded,7202,PRIVPROBE:1,host_scan,504,False,0,host_scan
m12_no_attack_dup0_s20260623_nonbonded,P3-Persist,m12_no_attack_dup0_s20260623,nonbonded,7219,PRIVPROBE:1,host_scan,504,False,0,host_scan
m12_no_attack_dup0_s20260623_nonbonded,P3-Persist,m12_no_attack_dup0_s20260623,nonbonded,7245,PRIVPROBE:1,host_scan,504,False,0,host_scan
m12_no_attack_dup0_s20260623_nonbonded,P3-Persist,m12_no_attack_dup0_s20260623,nonbonded,7261,PRIVPROBE:1,host_scan,504,False,0,host_scan
m12_no_attack_dup0_s20260623_nonbonded,P3-Persist,m12_no_attack_dup0_s20260623,nonbonded,7288,PRIVPROBE:1,host_scan,504,False,0,host_scan
m12_no_attack_dup0_s20260623_nonbonded,P3-Persist,m12_no_attack_dup0_s20260623,nonbonded,7323,PRIVPROBE:1,host_scan,504,False,0,host_scan
m12_no_attack_dup0_s20260623_nonbonded,P3-Persist,m12_no_attack_dup0_s20260623,nonbonded,7354,PRIVPROBE:1,host_scan,504,False,0,host_scan
m12_no_attack_dup0_s20260623_nonbonded,P3-Persist,m12_no_attack_dup0_s20260623,nonbonded,7376,PRIVPROBE:1,host_scan,504,False,0,host_scan
m12_no_attack_dup0_s20260623_nonbonded,P3-Persist,m12_no_attack_dup0_s20260623,nonbonded,7395,PRIVPROBE:1,host_scan,504,False,0,reserve
m12_no_attack_dup0_s20260623_nonbonded,P3-Persist,m12_no_attack_dup0_s20260623,nonbonded,7411,PRIVPROBE:1,host_scan,504,False,0,reserve
m12_no_attack_dup0_s20260623_nonbonded,P3-Persist,m12_no_attack_dup0_s20260623,nonbonded,7433,PRIVPROBE:1,host_scan,504,False,0,reserve
m12_no_attack_dup0_s20260623_nonbonded,P3-Persist,m12_no_attack_dup0_s20260623,nonbonded,7455,PRIVPROBE:1,host_scan,504,False,0,host_scan
m12_no_attack_dup0_s20260623_nonbonded,P3-Persist,m12_no_attack_dup0_s20260623,nonbonded,7475,PRIVPROBE:1,host_scan,504,False,0,host_scan
m12_no_attack_dup0_s20260623_nonbonded,P3-Persist,m12_no_attack_dup0_s20260623,nonbonded,7504,PRIVPROBE:1,host_scan,504,False,0,host_scan
m12_no_attack_dup0_s20260623_nonbonded,P3-Persist,m12_no_attack_dup0_s20260623,nonbonded,7537,PRIVPROBE:1,host_scan,504,False,0,host_scan
m12_no_attack_dup0_s20260623_nonbonded,P3-Persist,m12_no_attack_dup0_s20260623,nonbonded,7567,PRIVPROBE:1,host_scan,504,False,0,host_scan
m12_no_attack_dup0_s20260623_nonbonded,P3-Persist,m12_no_attack_dup0_s20260623,nonbonded,7581,PRIVPROBE:1,host_scan,504,False,0,host_scan
m12_no_attack_dup0_s20260623_nonbonded,P3-Persist,m12_no_attack_dup0_s20260623,nonbonded,7593,PRIVPROBE:1,host_scan,504,False,0,host_scan
m12_no_attack_dup0_s20260623_nonbonded,P3-Persist,m12_no_attack_dup0_s20260623,nonbonded,7615,PRIVPROBE:1,host_scan,504,False,0,host_scan
m12_no_attack_dup0_s20260623_nonbonded,P3-Persist,m12_no_attack_dup0_s20260623,nonbonded,7632,PRIVPROBE:1,host_scan,504,False,0,host_scan
m12_no_attack_dup0_s20260623_nonbonded,P3-Persist,m12_no_attack_dup0_s20260623,nonbonded,7649,PRIVPROBE:1,host_scan,504,False,0,host_scan
m12_no_attack_dup0_s20260623_nonbonded,P3-Persist,m12_no_attack_dup0_s20260623,nonbonded,7671,PRIVPROBE:1,host_scan,504,False,0,reserve
m12_no_attack_dup0_s20260623_nonbonded,P3-Persist,m12_no_attack_dup0_s20260623,nonbonded,7698,PRIVPROBE:1,host_scan,504,False,0,reserve
m12_no_attack_dup0_s20260623_nonbonded,P3-NoPersist,m12_no_attack_dup0_s20260623,nonbonded,1272,PRIVPROBE:0,host_scan,504,False,0,host_scan
m12_no_attack_dup0_s20260623_nonbonded,P3-NoPersist,m12_no_attack_dup0_s20260623,nonbonded,1288,PRIVPROBE:0,host_scan,504,False,0,host_scan
m12_no_attack_dup0_s20260623_nonbonded,P3-NoPersist,m12_no_attack_dup0_s20260623,nonbonded,1307,PRIVPROBE:0,host_scan,504,False,0,host_scan
m12_no_attack_dup0_s20260623_nonbonded,P3-NoPersist,m12_no_attack_dup0_s20260623,nonbonded,1333,PRIVPROBE:0,host_scan,504,False,0,host_scan
m12_no_attack_dup0_s20260623_nonbonded,P3-NoPersist,m12_no_attack_dup0_s20260623,nonbonded,1354,PRIVPROBE:0,host_scan,504,False,0,host_scan
m12_no_attack_dup0_s20260623_nonbonded,P3-NoPersist,m12_no_attack_dup0_s20260623,nonbonded,1380,PRIVPROBE:0,host_scan,504,False,0,host_scan
m12_no_attack_dup0_s20260623_nonbonded,P3-NoPersist,m12_no_attack_dup0_s20260623,nonbonded,1394,PRIVPROBE:0,host_scan,504,False,0,host_scan
m12_no_attack_dup0_s20260623_nonbonded,P3-NoPersist,m12_no_attack_dup0_s20260623,nonbonded,1410,PRIVPROBE:0,host_scan,504,False,0,host_scan
m12_no_attack_dup0_s20260623_nonbonded,P3-NoPersist,m12_no_attack_dup0_s20260623,nonbonded,1427,PRIVPROBE:0,host_scan,504,False,0,host_scan
m12_no_attack_dup0_s20260623_nonbonded,P3-NoPersist,m12_no_attack_dup0_s20260623,nonbonded,1443,PRIVPROBE:0,host_scan,504,False,0,host_scan
m12_no_attack_dup0_s20260623_nonbonded,P3-NoPersist,m12_no_attack_dup0_s20260623,nonbonded,1477,PRIVPROBE:0,defer,0,True,1000,defer
m12_no_attack_dup0_s20260623_nonbonded,P3-NoPersist,m12_no_attack_dup0_s20260623,nonbonded,1507,PRIVPROBE:0,defer,0,True,1000,defer
m12_no_attack_dup0_s20260623_nonbonded,P3-NoPersist,m12_no_attack_dup0_s20260623,nonbonded,1532,PRIVPROBE:0,host_scan,504,False,0,host_scan
m12_no_attack_dup0_s20260623_nonbonded,P3-NoPersist,m12_no_attack_dup0_s20260623,nonbonded,1568,PRIVPROBE:0,host_scan,504,False,0,host_scan
m12_no_attack_dup0_s20260623_nonbonded,P3-NoPersist,m12_no_attack_dup0_s20260623,nonbonded,1593,PRIVPROBE:0,host_scan,504,False,0,host_scan
m12_no_attack_dup0_s20260623_nonbonded,P3-NoPersist,m12_no_attack_dup0_s20260623,nonbonded,1609,PRIVPROBE:0,host_scan,504,False,0,host_scan
m12_no_attack_dup0_s20260623_nonbonded,P3-NoPersist,m12_no_attack_dup0_s20260623,nonbonded,1626,PRIVPROBE:0,host_scan,504,False,0,host_scan
m12_no_attack_dup0_s20260623_nonbonded,P3-NoPersist,m12_no_attack_dup0_s20260623,nonbonded,1643,PRIVPROBE:0,host_scan,504,False,0,host_scan
m12_no_attack_dup0_s20260623_nonbonded,P3-NoPersist,m12_no_attack_dup0_s20260623,nonbonded,1670,PRIVPROBE:0,host_scan,504,False,0,host_scan
m12_no_attack_dup0_s20260623_nonbonded,P3-NoPersist,m12_no_attack_dup0_s20260623,nonbonded,1685,PRIVPROBE:0,host_scan,504,False,0,host_scan
m12_no_attack_dup0_s20260623_nonbonded,P3-NoPersist,m12_no_attack_dup0_s20260623,nonbonded,1703,PRIVPROBE:0,host_scan,504,False,0,host_scan
m12_no_attack_dup0_s20260623_nonbonded,P3-NoPersist,m12_no_attack_dup0_s20260623,nonbonded,1730,PRIVPROBE:0,host_scan,504,False,0,host_scan
m12_no_attack_dup0_s20260623_nonbonded,P3-NoPersist,m12_no_attack_dup0_s20260623,nonbonded,1751,PRIVPROBE:0,defer,0,True,1000,defer
m12_no_attack_dup0_s20260623_nonbonded,P3-NoPersist,m12_no_attack_dup0_s20260623,nonbonded,1784,PRIVPROBE:0,defer,0,True,1000,defer
m12_no_attack_dup0_s20260623_nonbonded,P3-NoPersist,m12_no_attack_dup0_s20260623,nonbonded,1805,PRIVPROBE:0,host_scan,504,False,0,host_scan
m12_no_attack_dup0_s20260623_nonbonded,P3-NoPersist,m12_no_attack_dup0_s20260623,nonbonded,1827,PRIVPROBE:0,host_scan,504,False,0,host_scan
m12_no_attack_dup0_s20260623_nonbonded,P3-NoPersist,m12_no_attack_dup0_s20260623,nonbonded,1842,PRIVPROBE:0,host_scan,504,False,0,host_scan
m12_no_attack_dup0_s20260623_nonbonded,P3-NoPersist,m12_no_attack_dup0_s20260623,nonbonded,1860,PRIVPROBE:0,host_scan,504,False,0,host_scan
m12_no_attack_dup0_s20260623_nonbonded,P3-NoPersist,m12_no_attack_dup0_s20260623,nonbonded,1872,PRIVPROBE:0,host_scan,504,False,0,host_scan
m12_no_attack_dup0_s20260623_nonbonded,P3-NoPersist,m12_no_attack_dup0_s20260623,nonbonded,1890,PRIVPROBE:0,host_scan,504,False,0,host_scan
m12_no_attack_dup0_s20260623_nonbonded,P3-NoPersist,m12_no_attack_dup0_s20260623,nonbonded,1919,PRIVPROBE:0,host_scan,504,False,0,host_scan
m12_no_attack_dup0_s20260623_nonbonded,P3-NoPersist,m12_no_attack_dup0_s20260623,nonbonded,1935,PRIVPROBE:0,host_scan,504,False,0,host_scan
m12_no_attack_dup0_s20260623_nonbonded,P3-NoPersist,m12_no_attack_dup0_s20260623,nonbonded,1965,PRIVPROBE:0,host_scan,504,False,0,host_scan
m12_no_attack_dup0_s20260623_nonbonded,P3-NoPersist,m12_no_attack_dup0_s20260623,nonbonded,1989,PRIVPROBE:0,host_scan,504,False,0,host_scan
m12_no_attack_dup0_s20260623_nonbonded,P3-NoPersist,m12_no_attack_dup0_s20260623,nonbonded,2007,PRIVPROBE:0,defer,0,True,1000,defer
m12_no_attack_dup0_s20260623_nonbonded,P3-NoPersist,m12_no_attack_dup0_s20260623,nonbonded,2029,PRIVPROBE:0,defer,0,True,1000,defer
m12_no_attack_dup0_s20260623_nonbonded,P3-NoPersist,m12_no_attack_dup0_s20260623,nonbonded,2049,PRIVPROBE:0,host_scan,504,False,0,host_scan
m12_no_attack_dup0_s20260623_nonbonded,P3-NoPersist,m12_no_attack_dup0_s20260623,nonbonded,2073,PRIVPROBE:0,host_scan,504,False,0,host_scan
m12_no_attack_dup0_s20260623_nonbonded,P3-NoPersist,m12_no_attack_dup0_s20260623,nonbonded,2092,PRIVPROBE:0,host_scan,504,False,0,host_scan
m12_no_attack_dup0_s20260623_nonbonded,P3-NoPersist,m12_no_attack_dup0_s20260623,nonbonded,2117,PRIVPROBE:0,host_scan,504,False,0,host_scan
m12_no_attack_dup0_s20260623_nonbonded,P3-NoPersist,m12_no_attack_dup0_s20260623,nonbonded,2144,PRIVPROBE:0,host_scan,504,False,0,host_scan
m12_no_attack_dup0_s20260623_nonbonded,P3-NoPersist,m12_no_attack_dup0_s20260623,nonbonded,2163,PRIVPROBE:0,host_scan,504,False,0,host_scan
m12_no_attack_dup0_s20260623_nonbonded,P3-NoPersist,m12_no_attack_dup0_s20260623,nonbonded,2186,PRIVPROBE:0,host_scan,504,False,0,host_scan
m12_no_attack_dup0_s20260623_nonbonded,P3-NoPersist,m12_no_attack_dup0_s20260623,nonbonded,2202,PRIVPROBE:0,host_scan,504,False,0,host_scan
m12_no_attack_dup0_s20260623_nonbonded,P3-NoPersist,m12_no_attack_dup0_s20260623,nonbonded,2228,PRIVPROBE:0,host_scan,504,False,0,host_scan
m12_no_attack_dup0_s20260623_nonbonded,P3-NoPersist,m12_no_attack_dup0_s20260623,nonbonded,2250,PRIVPROBE:0,host_scan,504,False,0,host_scan
m12_no_attack_dup0_s20260623_nonbonded,P3-NoPersist,m12_no_attack_dup0_s20260623,nonbonded,2277,PRIVPROBE:0,defer,0,True,1000,defer
m12_no_attack_dup0_s20260623_nonbonded,P3-NoPersist,m12_no_attack_dup0_s20260623,nonbonded,2292,PRIVPROBE:0,defer,0,True,1000,defer
m12_no_attack_dup0_s20260623_nonbonded,P3-NoPersist,m12_no_attack_dup0_s20260623,nonbonded,2318,PRIVPROBE:0,host_scan,504,False,0,host_scan
m12_no_attack_dup0_s20260623_nonbonded,P3-NoPersist,m12_no_attack_dup0_s20260623,nonbonded,2340,PRIVPROBE:0,host_scan,504,False,0,host_scan
m12_no_attack_dup0_s20260623_nonbonded,P3-NoPersist,m12_no_attack_dup0_s20260623,nonbonded,2369,PRIVPROBE:0,host_scan,504,False,0,host_scan
m12_no_attack_dup0_s20260623_nonbonded,P3-NoPersist,m12_no_attack_dup0_s20260623,nonbonded,2395,PRIVPROBE:0,host_scan,504,False,0,host_scan
m12_no_attack_dup0_s20260623_nonbonded,P3-NoPersist,m12_no_attack_dup0_s20260623,nonbonded,2422,PRIVPROBE:0,host_scan,504,False,0,host_scan
m12_no_attack_dup0_s20260623_nonbonded,P3-NoPersist,m12_no_attack_dup0_s20260623,nonbonded,2439,PRIVPROBE:0,host_scan,504,False,0,host_scan
m12_no_attack_dup0_s20260623_nonbonded,P3-NoPersist,m12_no_attack_dup0_s20260623,nonbonded,2466,PRIVPROBE:0,host_scan,504,False,0,host_scan
m12_no_attack_dup0_s20260623_nonbonded,P3-NoPersist,m12_no_attack_dup0_s20260623,nonbonded,2493,PRIVPROBE:0,host_scan,504,False,0,host_scan
m12_no_attack_dup0_s20260623_nonbonded,P3-NoPersist,m12_no_attack_dup0_s20260623,nonbonded,2517,PRIVPROBE:0,defer,0,True,1000,defer
m12_no_attack_dup0_s20260623_nonbonded,P3-NoPersist,m12_no_attack_dup0_s20260623,nonbonded,2536,PRIVPROBE:0,defer,0,True,1000,defer
m12_no_attack_dup0_s20260623_nonbonded,P3-NoPersist,m12_no_attack_dup0_s20260623,nonbonded,2548,PRIVPROBE:0,defer,0,True,1000,defer
m12_no_attack_dup0_s20260623_nonbonded,P3-NoPersist,m12_no_attack_dup0_s20260623,nonbonded,2570,PRIVPROBE:0,defer,0,True,1000,defer
m12_no_attack_dup0_s20260623_nonbonded,P3-NoPersist,m12_no_attack_dup0_s20260623,nonbonded,2596,PRIVPROBE:0,host_scan,504,False,0,host_scan
m12_no_attack_dup0_s20260623_nonbonded,P3-NoPersist,m12_no_attack_dup0_s20260623,nonbonded,2623,PRIVPROBE:0,host_scan,504,False,0,host_scan
m12_no_attack_dup0_s20260623_nonbonded,P3-NoPersist,m12_no_attack_dup0_s20260623,nonbonded,2637,PRIVPROBE:0,host_scan,504,False,0,host_scan
m12_no_attack_dup0_s20260623_nonbonded,P3-NoPersist,m12_no_attack_dup0_s20260623,nonbonded,2655,PRIVPROBE:0,host_scan,504,False,0,host_scan
m12_no_attack_dup0_s20260623_nonbonded,P3-NoPersist,m12_no_attack_dup0_s20260623,nonbonded,2676,PRIVPROBE:0,host_scan,504,False,0,host_scan
m12_no_attack_dup0_s20260623_nonbonded,P3-NoPersist,m12_no_attack_dup0_s20260623,nonbonded,2688,PRIVPROBE:0,host_scan,504,False,0,host_scan
m12_no_attack_dup0_s20260623_nonbonded,P3-NoPersist,m12_no_attack_dup0_s20260623,nonbonded,2713,PRIVPROBE:0,host_scan,504,False,0,host_scan
m12_no_attack_dup0_s20260623_nonbonded,P3-NoPersist,m12_no_attack_dup0_s20260623,nonbonded,2739,PRIVPROBE:0,host_scan,504,False,0,host_scan
m12_no_attack_dup0_s20260623_nonbonded,P3-NoPersist,m12_no_attack_dup0_s20260623,nonbonded,2758,PRIVPROBE:0,host_scan,504,False,0,host_scan
m12_no_attack_dup0_s20260623_nonbonded,P3-NoPersist,m12_no_attack_dup0_s20260623,nonbonded,2779,PRIVPROBE:0,defer,0,True,1000,defer
m12_no_attack_dup0_s20260623_nonbonded,P3-NoPersist,m12_no_attack_dup0_s20260623,nonbonded,2811,PRIVPROBE:0,defer,0,True,1000,defer
m12_no_attack_dup0_s20260623_nonbonded,P3-NoPersist,m12_no_attack_dup0_s20260623,nonbonded,2832,PRIVPROBE:0,defer,0,True,1000,defer
m12_no_attack_dup0_s20260623_nonbonded,P3-NoPersist,m12_no_attack_dup0_s20260623,nonbonded,2858,PRIVPROBE:0,host_scan,504,False,0,host_scan
m12_no_attack_dup0_s20260623_nonbonded,P3-NoPersist,m12_no_attack_dup0_s20260623,nonbonded,2878,PRIVPROBE:0,host_scan,504,False,0,host_scan
m12_no_attack_dup0_s20260623_nonbonded,P3-NoPersist,m12_no_attack_dup0_s20260623,nonbonded,2895,PRIVPROBE:0,host_scan,504,False,0,host_scan
m12_no_attack_dup0_s20260623_nonbonded,P3-NoPersist,m12_no_attack_dup0_s20260623,nonbonded,2907,PRIVPROBE:0,host_scan,504,False,0,host_scan
m12_no_attack_dup0_s20260623_nonbonded,P3-NoPersist,m12_no_attack_dup0_s20260623,nonbonded,2924,PRIVPROBE:0,host_scan,504,False,0,host_scan
m12_no_attack_dup0_s20260623_nonbonded,P3-NoPersist,m12_no_attack_dup0_s20260623,nonbonded,2943,PRIVPROBE:0,host_scan,504,False,0,host_scan
m12_no_attack_dup0_s20260623_nonbonded,P3-NoPersist,m12_no_attack_dup0_s20260623,nonbonded,2962,PRIVPROBE:0,host_scan,504,False,0,host_scan
m12_no_attack_dup0_s20260623_nonbonded,P3-NoPersist,m12_no_attack_dup0_s20260623,nonbonded,2986,PRIVPROBE:0,host_scan,504,False,0,host_scan
m12_no_attack_dup0_s20260623_nonbonded,P3-NoPersist,m12_no_attack_dup0_s20260623,nonbonded,3008,PRIVPROBE:0,host_scan,504,False,0,host_scan
m12_no_attack_dup0_s20260623_nonbonded,P3-NoPersist,m12_no_attack_dup0_s20260623,nonbonded,3040,PRIVPROBE:0,host_scan,504,False,0,host_scan
m12_no_attack_dup0_s20260623_nonbonded,P3-NoPersist,m12_no_attack_dup0_s20260623,nonbonded,3061,PRIVPROBE:0,host_scan,504,False,0,host_scan
m12_no_attack_dup0_s20260623_nonbonded,P3-NoPersist,m12_no_attack_dup0_s20260623,nonbonded,3089,PRIVPROBE:0,defer,0,True,1000,defer
m12_no_attack_dup0_s20260623_nonbonded,P3-NoPersist,m12_no_attack_dup0_s20260623,nonbonded,3107,PRIVPROBE:0,host_scan,504,False,0,host_scan
m12_no_attack_dup0_s20260623_nonbonded,P3-NoPersist,m12_no_attack_dup0_s20260623,nonbonded,3126,PRIVPROBE:0,host_scan,504,False,0,host_scan
m12_no_attack_dup0_s20260623_nonbonded,P3-NoPersist,m12_no_attack_dup0_s20260623,nonbonded,3142,PRIVPROBE:0,host_scan,504,False,0,host_scan
m12_no_attack_dup0_s20260623_nonbonded,P3-NoPersist,m12_no_attack_dup0_s20260623,nonbonded,3162,PRIVPROBE:0,host_scan,504,False,0,host_scan
m12_no_attack_dup0_s20260623_nonbonded,P3-NoPersist,m12_no_attack_dup0_s20260623,nonbonded,3179,PRIVPROBE:0,host_scan,504,False,0,host_scan
m12_no_attack_dup0_s20260623_nonbonded,P3-NoPersist,m12_no_attack_dup0_s20260623,nonbonded,3195,PRIVPROBE:0,host_scan,504,False,0,host_scan
m12_no_attack_dup0_s20260623_nonbonded,P3-NoPersist,m12_no_attack_dup0_s20260623,nonbonded,3219,PRIVPROBE:0,host_scan,504,False,0,host_scan
m12_no_attack_dup0_s20260623_nonbonded,P3-NoPersist,m12_no_attack_dup0_s20260623,nonbonded,3243,PRIVPROBE:0,host_scan,504,False,0,host_scan
m12_no_attack_dup0_s20260623_nonbonded,P3-NoPersist,m12_no_attack_dup0_s20260623,nonbonded,3259,PRIVPROBE:0,host_scan,504,False,0,host_scan
m12_no_attack_dup0_s20260623_nonbonded,P3-NoPersist,m12_no_attack_dup0_s20260623,nonbonded,3274,PRIVPROBE:0,host_scan,504,False,0,host_scan
m12_no_attack_dup0_s20260623_nonbonded,P3-NoPersist,m12_no_attack_dup0_s20260623,nonbonded,3298,PRIVPROBE:0,host_scan,504,False,0,host_scan
m12_no_attack_dup0_s20260623_nonbonded,P3-NoPersist,m12_no_attack_dup0_s20260623,nonbonded,3323,PRIVPROBE:0,defer,0,True,1000,defer
m12_no_attack_dup0_s20260623_nonbonded,P3-NoPersist,m12_no_attack_dup0_s20260623,nonbonded,3343,PRIVPROBE:0,host_scan,504,False,0,host_scan
m12_no_attack_dup0_s20260623_nonbonded,P3-NoPersist,m12_no_attack_dup0_s20260623,nonbonded,3364,PRIVPROBE:0,host_scan,504,False,0,host_scan
m12_no_attack_dup0_s20260623_nonbonded,P3-NoPersist,m12_no_attack_dup0_s20260623,nonbonded,3384,PRIVPROBE:0,host_scan,504,False,0,host_scan
m12_no_attack_dup0_s20260623_nonbonded,P3-NoPersist,m12_no_attack_dup0_s20260623,nonbonded,3405,PRIVPROBE:0,host_scan,504,False,0,host_scan
m12_no_attack_dup0_s20260623_nonbonded,P3-NoPersist,m12_no_attack_dup0_s20260623,nonbonded,3426,PRIVPROBE:0,host_scan,504,False,0,host_scan
m12_no_attack_dup0_s20260623_nonbonded,P3-NoPersist,m12_no_attack_dup0_s20260623,nonbonded,3444,PRIVPROBE:0,host_scan,504,False,0,host_scan
m12_no_attack_dup0_s20260623_nonbonded,P3-NoPersist,m12_no_attack_dup0_s20260623,nonbonded,3471,PRIVPROBE:0,host_scan,504,False,0,host_scan
m12_no_attack_dup0_s20260623_nonbonded,P3-NoPersist,m12_no_attack_dup0_s20260623,nonbonded,3491,PRIVPROBE:0,host_scan,504,False,0,host_scan
m12_no_attack_dup0_s20260623_nonbonded,P3-NoPersist,m12_no_attack_dup0_s20260623,nonbonded,3513,PRIVPROBE:0,host_scan,504,False,0,host_scan
m12_no_attack_dup0_s20260623_nonbonded,P3-NoPersist,m12_no_attack_dup0_s20260623,nonbonded,3537,PRIVPROBE:0,host_scan,504,False,0,host_scan
m12_no_attack_dup0_s20260623_nonbonded,P3-NoPersist,m12_no_attack_dup0_s20260623,nonbonded,3552,PRIVPROBE:0,defer,0,True,1000,defer
m12_no_attack_dup0_s20260623_nonbonded,P3-NoPersist,m12_no_attack_dup0_s20260623,nonbonded,3575,PRIVPROBE:0,defer,0,True,1000,defer
m12_no_attack_dup0_s20260623_nonbonded,P3-NoPersist,m12_no_attack_dup0_s20260623,nonbonded,3592,PRIVPROBE:0,host_scan,504,False,0,host_scan
m12_no_attack_dup0_s20260623_nonbonded,P3-NoPersist,m12_no_attack_dup0_s20260623,nonbonded,3609,PRIVPROBE:0,host_scan,504,False,0,host_scan
m12_no_attack_dup0_s20260623_nonbonded,P3-NoPersist,m12_no_attack_dup0_s20260623,nonbonded,3626,PRIVPROBE:0,host_scan,504,False,0,host_scan
m12_no_attack_dup0_s20260623_nonbonded,P3-NoPersist,m12_no_attack_dup0_s20260623,nonbonded,3653,PRIVPROBE:0,host_scan,504,False,0,host_scan
m12_no_attack_dup0_s20260623_nonbonded,P3-NoPersist,m12_no_attack_dup0_s20260623,nonbonded,3670,PRIVPROBE:0,host_scan,504,False,0,host_scan
m12_no_attack_dup0_s20260623_nonbonded,P3-NoPersist,m12_no_attack_dup0_s20260623,nonbonded,3699,PRIVPROBE:0,host_scan,504,False,0,host_scan
m12_no_attack_dup0_s20260623_nonbonded,P3-NoPersist,m12_no_attack_dup0_s20260623,nonbonded,3709,PRIVPROBE:0,host_scan,504,False,0,host_scan
m12_no_attack_dup0_s20260623_nonbonded,P3-NoPersist,m12_no_attack_dup0_s20260623,nonbonded,3732,PRIVPROBE:0,host_scan,504,False,0,host_scan
m12_no_attack_dup0_s20260623_nonbonded,P3-NoPersist,m12_no_attack_dup0_s20260623,nonbonded,3758,PRIVPROBE:0,host_scan,504,False,0,host_scan
m12_no_attack_dup0_s20260623_nonbonded,P3-NoPersist,m12_no_attack_dup0_s20260623,nonbonded,3783,PRIVPROBE:0,host_scan,504,False,0,host_scan
m12_no_attack_dup0_s20260623_nonbonded,P3-NoPersist,m12_no_attack_dup0_s20260623,nonbonded,3809,PRIVPROBE:0,defer,0,True,1000,defer
m12_no_attack_dup0_s20260623_nonbonded,P3-NoPersist,m12_no_attack_dup0_s20260623,nonbonded,3823,PRIVPROBE:0,defer,0,True,1000,defer
m12_no_attack_dup0_s20260623_nonbonded,P3-NoPersist,m12_no_attack_dup0_s20260623,nonbonded,3848,PRIVPROBE:1,host_scan,504,False,0,host_scan
m12_no_attack_dup0_s20260623_nonbonded,P3-NoPersist,m12_no_attack_dup0_s20260623,nonbonded,3866,PRIVPROBE:1,host_scan,504,False,0,host_scan
m12_no_attack_dup0_s20260623_nonbonded,P3-NoPersist,m12_no_attack_dup0_s20260623,nonbonded,3886,PRIVPROBE:1,host_scan,504,False,0,host_scan
m12_no_attack_dup0_s20260623_nonbonded,P3-NoPersist,m12_no_attack_dup0_s20260623,nonbonded,3905,PRIVPROBE:1,host_scan,504,False,0,host_scan
m12_no_attack_dup0_s20260623_nonbonded,P3-NoPersist,m12_no_attack_dup0_s20260623,nonbonded,3929,PRIVPROBE:1,host_scan,504,False,0,host_scan
m12_no_attack_dup0_s20260623_nonbonded,P3-NoPersist,m12_no_attack_dup0_s20260623,nonbonded,3949,PRIVPROBE:1,host_scan,504,False,0,host_scan
m12_no_attack_dup0_s20260623_nonbonded,P3-NoPersist,m12_no_attack_dup0_s20260623,nonbonded,3973,PRIVPROBE:1,host_scan,504,False,0,host_scan
m12_no_attack_dup0_s20260623_nonbonded,P3-NoPersist,m12_no_attack_dup0_s20260623,nonbonded,4004,PRIVPROBE:1,defer,0,True,1000,defer
m12_no_attack_dup0_s20260623_nonbonded,P3-NoPersist,m12_no_attack_dup0_s20260623,nonbonded,4029,PRIVPROBE:1,defer,0,True,1000,defer
m12_no_attack_dup0_s20260623_nonbonded,P3-NoPersist,m12_no_attack_dup0_s20260623,nonbonded,4055,PRIVPROBE:1,defer,0,True,1000,defer
m12_no_attack_dup0_s20260623_nonbonded,P3-NoPersist,m12_no_attack_dup0_s20260623,nonbonded,4072,PRIVPROBE:1,defer,0,True,1000,defer
m12_no_attack_dup0_s20260623_nonbonded,P3-NoPersist,m12_no_attack_dup0_s20260623,nonbonded,4099,PRIVPROBE:1,defer,0,True,1000,defer
m12_no_attack_dup0_s20260623_nonbonded,P3-NoPersist,m12_no_attack_dup0_s20260623,nonbonded,4119,PRIVPROBE:1,host_scan,504,False,0,host_scan
m12_no_attack_dup0_s20260623_nonbonded,P3-NoPersist,m12_no_attack_dup0_s20260623,nonbonded,4139,PRIVPROBE:1,host_scan,504,False,0,host_scan
m12_no_attack_dup0_s20260623_nonbonded,P3-NoPersist,m12_no_attack_dup0_s20260623,nonbonded,4155,PRIVPROBE:1,host_scan,504,False,0,host_scan
m12_no_attack_dup0_s20260623_nonbonded,P3-NoPersist,m12_no_attack_dup0_s20260623,nonbonded,4176,PRIVPROBE:1,host_scan,504,False,0,host_scan
m12_no_attack_dup0_s20260623_nonbonded,P3-NoPersist,m12_no_attack_dup0_s20260623,nonbonded,4198,PRIVPROBE:1,host_scan,504,False,0,host_scan
m12_no_attack_dup0_s20260623_nonbonded,P3-NoPersist,m12_no_attack_dup0_s20260623,nonbonded,4217,PRIVPROBE:1,host_scan,504,False,0,host_scan
m12_no_attack_dup0_s20260623_nonbonded,P3-NoPersist,m12_no_attack_dup0_s20260623,nonbonded,4231,PRIVPROBE:1,host_scan,504,False,0,host_scan
m12_no_attack_dup0_s20260623_nonbonded,P3-NoPersist,m12_no_attack_dup0_s20260623,nonbonded,4249,PRIVPROBE:1,host_scan,504,False,0,host_scan
m12_no_attack_dup0_s20260623_nonbonded,P3-NoPersist,m12_no_attack_dup0_s20260623,nonbonded,4266,PRIVPROBE:1,host_scan,504,False,0,host_scan
m12_no_attack_dup0_s20260623_nonbonded,P3-NoPersist,m12_no_attack_dup0_s20260623,nonbonded,4288,PRIVPROBE:1,defer,0,True,1000,defer
m12_no_attack_dup0_s20260623_nonbonded,P3-NoPersist,m12_no_attack_dup0_s20260623,nonbonded,4303,PRIVPROBE:1,defer,0,True,1000,defer
m12_no_attack_dup0_s20260623_nonbonded,P3-NoPersist,m12_no_attack_dup0_s20260623,nonbonded,4322,PRIVPROBE:1,defer,0,True,1000,defer
m12_no_attack_dup0_s20260623_nonbonded,P3-NoPersist,m12_no_attack_dup0_s20260623,nonbonded,4357,PRIVPROBE:1,host_scan,504,False,0,host_scan
m12_no_attack_dup0_s20260623_nonbonded,P3-NoPersist,m12_no_attack_dup0_s20260623,nonbonded,4377,PRIVPROBE:1,host_scan,504,False,0,host_scan
m12_no_attack_dup0_s20260623_nonbonded,P3-NoPersist,m12_no_attack_dup0_s20260623,nonbonded,4391,PRIVPROBE:1,host_scan,504,False,0,host_scan
m12_no_attack_dup0_s20260623_nonbonded,P3-NoPersist,m12_no_attack_dup0_s20260623,nonbonded,4411,PRIVPROBE:1,host_scan,504,False,0,host_scan
m12_no_attack_dup0_s20260623_nonbonded,P3-NoPersist,m12_no_attack_dup0_s20260623,nonbonded,4424,PRIVPROBE:1,host_scan,504,False,0,host_scan
m12_no_attack_dup0_s20260623_nonbonded,P3-NoPersist,m12_no_attack_dup0_s20260623,nonbonded,4441,PRIVPROBE:1,host_scan,504,False,0,host_scan
m12_no_attack_dup0_s20260623_nonbonded,P3-NoPersist,m12_no_attack_dup0_s20260623,nonbonded,4469,PRIVPROBE:1,host_scan,504,False,0,host_scan
m12_no_attack_dup0_s20260623_nonbonded,P3-NoPersist,m12_no_attack_dup0_s20260623,nonbonded,4491,PRIVPROBE:1,host_scan,504,False,0,host_scan
m12_no_attack_dup0_s20260623_nonbonded,P3-NoPersist,m12_no_attack_dup0_s20260623,nonbonded,4518,PRIVPROBE:1,host_scan,504,False,0,host_scan
m12_no_attack_dup0_s20260623_nonbonded,P3-NoPersist,m12_no_attack_dup0_s20260623,nonbonded,4544,PRIVPROBE:1,host_scan,504,False,0,host_scan
m12_no_attack_dup0_s20260623_nonbonded,P3-NoPersist,m12_no_attack_dup0_s20260623,nonbonded,4569,PRIVPROBE:1,defer,0,True,1000,defer
m12_no_attack_dup0_s20260623_nonbonded,P3-NoPersist,m12_no_attack_dup0_s20260623,nonbonded,4584,PRIVPROBE:1,defer,0,True,1000,defer
m12_no_attack_dup0_s20260623_nonbonded,P3-NoPersist,m12_no_attack_dup0_s20260623,nonbonded,4610,PRIVPROBE:1,host_scan,504,False,0,host_scan
m12_no_attack_dup0_s20260623_nonbonded,P3-NoPersist,m12_no_attack_dup0_s20260623,nonbonded,4627,PRIVPROBE:1,host_scan,504,False,0,host_scan
m12_no_attack_dup0_s20260623_nonbonded,P3-NoPersist,m12_no_attack_dup0_s20260623,nonbonded,4649,PRIVPROBE:1,host_scan,504,False,0,host_scan
m12_no_attack_dup0_s20260623_nonbonded,P3-NoPersist,m12_no_attack_dup0_s20260623,nonbonded,4659,PRIVPROBE:1,host_scan,504,False,0,host_scan
m12_no_attack_dup0_s20260623_nonbonded,P3-NoPersist,m12_no_attack_dup0_s20260623,nonbonded,4686,PRIVPROBE:1,host_scan,504,False,0,host_scan
m12_no_attack_dup0_s20260623_nonbonded,P3-NoPersist,m12_no_attack_dup0_s20260623,nonbonded,4709,PRIVPROBE:1,host_scan,504,False,0,host_scan
m12_no_attack_dup0_s20260623_nonbonded,P3-NoPersist,m12_no_attack_dup0_s20260623,nonbonded,4720,PRIVPROBE:1,host_scan,504,False,0,host_scan
m12_no_attack_dup0_s20260623_nonbonded,P3-NoPersist,m12_no_attack_dup0_s20260623,nonbonded,4741,PRIVPROBE:1,host_scan,504,False,0,host_scan
m12_no_attack_dup0_s20260623_nonbonded,P3-NoPersist,m12_no_attack_dup0_s20260623,nonbonded,4764,PRIVPROBE:1,host_scan,504,False,0,host_scan
m12_no_attack_dup0_s20260623_nonbonded,P3-NoPersist,m12_no_attack_dup0_s20260623,nonbonded,4796,PRIVPROBE:1,defer,0,True,1000,defer
m12_no_attack_dup0_s20260623_nonbonded,P3-NoPersist,m12_no_attack_dup0_s20260623,nonbonded,4813,PRIVPROBE:1,defer,0,True,1000,defer
m12_no_attack_dup0_s20260623_nonbonded,P3-NoPersist,m12_no_attack_dup0_s20260623,nonbonded,4831,PRIVPROBE:1,defer,0,True,1000,defer
m12_no_attack_dup0_s20260623_nonbonded,P3-NoPersist,m12_no_attack_dup0_s20260623,nonbonded,4862,PRIVPROBE:1,host_scan,504,False,0,host_scan
m12_no_attack_dup0_s20260623_nonbonded,P3-NoPersist,m12_no_attack_dup0_s20260623,nonbonded,4886,PRIVPROBE:1,host_scan,504,False,0,host_scan
m12_no_attack_dup0_s20260623_nonbonded,P3-NoPersist,m12_no_attack_dup0_s20260623,nonbonded,4903,PRIVPROBE:1,host_scan,504,False,0,host_scan
m12_no_attack_dup0_s20260623_nonbonded,P3-NoPersist,m12_no_attack_dup0_s20260623,nonbonded,4922,PRIVPROBE:1,host_scan,504,False,0,host_scan
m12_no_attack_dup0_s20260623_nonbonded,P3-NoPersist,m12_no_attack_dup0_s20260623,nonbonded,4939,PRIVPROBE:1,host_scan,504,False,0,host_scan
m12_no_attack_dup0_s20260623_nonbonded,P3-NoPersist,m12_no_attack_dup0_s20260623,nonbonded,4961,PRIVPROBE:1,host_scan,504,False,0,host_scan
m12_no_attack_dup0_s20260623_nonbonded,P3-NoPersist,m12_no_attack_dup0_s20260623,nonbonded,4985,PRIVPROBE:1,host_scan,504,False,0,host_scan
m12_no_attack_dup0_s20260623_nonbonded,P3-NoPersist,m12_no_attack_dup0_s20260623,nonbonded,5006,PRIVPROBE:1,host_scan,504,False,0,host_scan
m12_no_attack_dup0_s20260623_nonbonded,P3-NoPersist,m12_no_attack_dup0_s20260623,nonbonded,5027,PRIVPROBE:1,host_scan,504,False,0,host_scan
m12_no_attack_dup0_s20260623_nonbonded,P3-NoPersist,m12_no_attack_dup0_s20260623,nonbonded,5050,PRIVPROBE:1,defer,0,True,1000,defer
m12_no_attack_dup0_s20260623_nonbonded,P3-NoPersist,m12_no_attack_dup0_s20260623,nonbonded,5074,PRIVPROBE:1,defer,0,True,1000,defer
m12_no_attack_dup0_s20260623_nonbonded,P3-NoPersist,m12_no_attack_dup0_s20260623,nonbonded,5106,PRIVPROBE:1,defer,0,True,1000,defer
m12_no_attack_dup0_s20260623_nonbonded,P3-NoPersist,m12_no_attack_dup0_s20260623,nonbonded,5128,PRIVPROBE:1,host_scan,504,False,0,host_scan
m12_no_attack_dup0_s20260623_nonbonded,P3-NoPersist,m12_no_attack_dup0_s20260623,nonbonded,5144,PRIVPROBE:1,host_scan,504,False,0,host_scan
m12_no_attack_dup0_s20260623_nonbonded,P3-NoPersist,m12_no_attack_dup0_s20260623,nonbonded,5161,PRIVPROBE:1,host_scan,504,False,0,host_scan
m12_no_attack_dup0_s20260623_nonbonded,P3-NoPersist,m12_no_attack_dup0_s20260623,nonbonded,5188,PRIVPROBE:1,host_scan,504,False,0,host_scan
m12_no_attack_dup0_s20260623_nonbonded,P3-NoPersist,m12_no_attack_dup0_s20260623,nonbonded,5206,PRIVPROBE:1,host_scan,504,False,0,host_scan
m12_no_attack_dup0_s20260623_nonbonded,P3-NoPersist,m12_no_attack_dup0_s20260623,nonbonded,5229,PRIVPROBE:1,host_scan,504,False,0,host_scan
m12_no_attack_dup0_s20260623_nonbonded,P3-NoPersist,m12_no_attack_dup0_s20260623,nonbonded,5246,PRIVPROBE:1,host_scan,504,False,0,host_scan
m12_no_attack_dup0_s20260623_nonbonded,P3-NoPersist,m12_no_attack_dup0_s20260623,nonbonded,5270,PRIVPROBE:1,host_scan,504,False,0,host_scan
m12_no_attack_dup0_s20260623_nonbonded,P3-NoPersist,m12_no_attack_dup0_s20260623,nonbonded,5286,PRIVPROBE:1,host_scan,504,False,0,host_scan
m12_no_attack_dup0_s20260623_nonbonded,P3-NoPersist,m12_no_attack_dup0_s20260623,nonbonded,5305,PRIVPROBE:1,host_scan,504,False,0,host_scan
m12_no_attack_dup0_s20260623_nonbonded,P3-NoPersist,m12_no_attack_dup0_s20260623,nonbonded,5323,PRIVPROBE:1,host_scan,504,False,0,host_scan
m12_no_attack_dup0_s20260623_nonbonded,P3-NoPersist,m12_no_attack_dup0_s20260623,nonbonded,5349,PRIVPROBE:1,defer,0,True,1000,defer
m12_no_attack_dup0_s20260623_nonbonded,P3-NoPersist,m12_no_attack_dup0_s20260623,nonbonded,5371,PRIVPROBE:1,host_scan,504,False,0,host_scan
m12_no_attack_dup0_s20260623_nonbonded,P3-NoPersist,m12_no_attack_dup0_s20260623,nonbonded,5404,PRIVPROBE:1,host_scan,504,False,0,host_scan
m12_no_attack_dup0_s20260623_nonbonded,P3-NoPersist,m12_no_attack_dup0_s20260623,nonbonded,5419,PRIVPROBE:1,host_scan,504,False,0,host_scan
m12_no_attack_dup0_s20260623_nonbonded,P3-NoPersist,m12_no_attack_dup0_s20260623,nonbonded,5432,PRIVPROBE:1,host_scan,504,False,0,host_scan
m12_no_attack_dup0_s20260623_nonbonded,P3-NoPersist,m12_no_attack_dup0_s20260623,nonbonded,5448,PRIVPROBE:1,host_scan,504,False,0,host_scan
m12_no_attack_dup0_s20260623_nonbonded,P3-NoPersist,m12_no_attack_dup0_s20260623,nonbonded,5468,PRIVPROBE:1,host_scan,504,False,0,host_scan
m12_no_attack_dup0_s20260623_nonbonded,P3-NoPersist,m12_no_attack_dup0_s20260623,nonbonded,5482,PRIVPROBE:1,host_scan,504,False,0,host_scan
m12_no_attack_dup0_s20260623_nonbonded,P3-NoPersist,m12_no_attack_dup0_s20260623,nonbonded,5511,PRIVPROBE:1,host_scan,504,False,0,host_scan
m12_no_attack_dup0_s20260623_nonbonded,P3-NoPersist,m12_no_attack_dup0_s20260623,nonbonded,5533,PRIVPROBE:1,host_scan,504,False,0,host_scan
m12_no_attack_dup0_s20260623_nonbonded,P3-NoPersist,m12_no_attack_dup0_s20260623,nonbonded,5556,PRIVPROBE:1,host_scan,504,False,0,host_scan
m12_no_attack_dup0_s20260623_nonbonded,P3-NoPersist,m12_no_attack_dup0_s20260623,nonbonded,5577,PRIVPROBE:1,host_scan,504,False,0,host_scan
m12_no_attack_dup0_s20260623_nonbonded,P3-NoPersist,m12_no_attack_dup0_s20260623,nonbonded,5602,PRIVPROBE:1,defer,0,True,1000,defer
m12_no_attack_dup0_s20260623_nonbonded,P3-NoPersist,m12_no_attack_dup0_s20260623,nonbonded,5624,PRIVPROBE:1,host_scan,504,False,0,host_scan
m12_no_attack_dup0_s20260623_nonbonded,P3-NoPersist,m12_no_attack_dup0_s20260623,nonbonded,5649,PRIVPROBE:1,host_scan,504,False,0,host_scan
m12_no_attack_dup0_s20260623_nonbonded,P3-NoPersist,m12_no_attack_dup0_s20260623,nonbonded,5666,PRIVPROBE:1,host_scan,504,False,0,host_scan
m12_no_attack_dup0_s20260623_nonbonded,P3-NoPersist,m12_no_attack_dup0_s20260623,nonbonded,5691,PRIVPROBE:1,host_scan,504,False,0,host_scan
m12_no_attack_dup0_s20260623_nonbonded,P3-NoPersist,m12_no_attack_dup0_s20260623,nonbonded,5705,PRIVPROBE:1,host_scan,504,False,0,host_scan
m12_no_attack_dup0_s20260623_nonbonded,P3-NoPersist,m12_no_attack_dup0_s20260623,nonbonded,5726,PRIVPROBE:1,host_scan,504,False,0,host_scan
m12_no_attack_dup0_s20260623_nonbonded,P3-NoPersist,m12_no_attack_dup0_s20260623,nonbonded,5765,PRIVPROBE:1,host_scan,504,False,0,host_scan
m12_no_attack_dup0_s20260623_nonbonded,P3-NoPersist,m12_no_attack_dup0_s20260623,nonbonded,5787,PRIVPROBE:1,host_scan,504,False,0,host_scan
m12_no_attack_dup0_s20260623_nonbonded,P3-NoPersist,m12_no_attack_dup0_s20260623,nonbonded,5809,PRIVPROBE:1,host_scan,504,False,0,host_scan
m12_no_attack_dup0_s20260623_nonbonded,P3-NoPersist,m12_no_attack_dup0_s20260623,nonbonded,5831,PRIVPROBE:1,defer,0,True,1000,defer
m12_no_attack_dup0_s20260623_nonbonded,P3-NoPersist,m12_no_attack_dup0_s20260623,nonbonded,5845,PRIVPROBE:1,defer,0,True,1000,defer
m12_no_attack_dup0_s20260623_nonbonded,P3-NoPersist,m12_no_attack_dup0_s20260623,nonbonded,5866,PRIVPROBE:1,defer,0,True,1000,defer
m12_no_attack_dup0_s20260623_nonbonded,P3-NoPersist,m12_no_attack_dup0_s20260623,nonbonded,5881,PRIVPROBE:1,host_scan,504,False,0,host_scan
m12_no_attack_dup0_s20260623_nonbonded,P3-NoPersist,m12_no_attack_dup0_s20260623,nonbonded,5898,PRIVPROBE:1,host_scan,504,False,0,host_scan
m12_no_attack_dup0_s20260623_nonbonded,P3-NoPersist,m12_no_attack_dup0_s20260623,nonbonded,5917,PRIVPROBE:1,host_scan,504,False,0,host_scan
m12_no_attack_dup0_s20260623_nonbonded,P3-NoPersist,m12_no_attack_dup0_s20260623,nonbonded,5938,PRIVPROBE:1,host_scan,504,False,0,host_scan
m12_no_attack_dup0_s20260623_nonbonded,P3-NoPersist,m12_no_attack_dup0_s20260623,nonbonded,5954,PRIVPROBE:1,host_scan,504,False,0,host_scan
m12_no_attack_dup0_s20260623_nonbonded,P3-NoPersist,m12_no_attack_dup0_s20260623,nonbonded,5979,PRIVPROBE:1,host_scan,504,False,0,host_scan
m12_no_attack_dup0_s20260623_nonbonded,P3-NoPersist,m12_no_attack_dup0_s20260623,nonbonded,6003,PRIVPROBE:1,host_scan,504,False,0,host_scan
m12_no_attack_dup0_s20260623_nonbonded,P3-NoPersist,m12_no_attack_dup0_s20260623,nonbonded,6025,PRIVPROBE:1,host_scan,504,False,0,host_scan
m12_no_attack_dup0_s20260623_nonbonded,P3-NoPersist,m12_no_attack_dup0_s20260623,nonbonded,6048,PRIVPROBE:1,host_scan,504,False,0,host_scan
m12_no_attack_dup0_s20260623_nonbonded,P3-NoPersist,m12_no_attack_dup0_s20260623,nonbonded,6060,PRIVPROBE:1,host_scan,504,False,0,host_scan
m12_no_attack_dup0_s20260623_nonbonded,P3-NoPersist,m12_no_attack_dup0_s20260623,nonbonded,6084,PRIVPROBE:1,defer,0,True,1000,defer
m12_no_attack_dup0_s20260623_nonbonded,P3-NoPersist,m12_no_attack_dup0_s20260623,nonbonded,6099,PRIVPROBE:1,defer,0,True,1000,defer
m12_no_attack_dup0_s20260623_nonbonded,P3-NoPersist,m12_no_attack_dup0_s20260623,nonbonded,6117,PRIVPROBE:1,host_scan,504,False,0,host_scan
m12_no_attack_dup0_s20260623_nonbonded,P3-NoPersist,m12_no_attack_dup0_s20260623,nonbonded,6147,PRIVPROBE:1,host_scan,504,False,0,host_scan
m12_no_attack_dup0_s20260623_nonbonded,P3-NoPersist,m12_no_attack_dup0_s20260623,nonbonded,6163,PRIVPROBE:1,host_scan,504,False,0,host_scan
m12_no_attack_dup0_s20260623_nonbonded,P3-NoPersist,m12_no_attack_dup0_s20260623,nonbonded,6182,PRIVPROBE:1,host_scan,504,False,0,host_scan
m12_no_attack_dup0_s20260623_nonbonded,P3-NoPersist,m12_no_attack_dup0_s20260623,nonbonded,6198,PRIVPROBE:1,host_scan,504,False,0,host_scan
m12_no_attack_dup0_s20260623_nonbonded,P3-NoPersist,m12_no_attack_dup0_s20260623,nonbonded,6226,PRIVPROBE:1,host_scan,504,False,0,host_scan
m12_no_attack_dup0_s20260623_nonbonded,P3-NoPersist,m12_no_attack_dup0_s20260623,nonbonded,6242,PRIVPROBE:1,host_scan,504,False,0,host_scan
m12_no_attack_dup0_s20260623_nonbonded,P3-NoPersist,m12_no_attack_dup0_s20260623,nonbonded,6259,PRIVPROBE:1,host_scan,504,False,0,host_scan
m12_no_attack_dup0_s20260623_nonbonded,P3-NoPersist,m12_no_attack_dup0_s20260623,nonbonded,6275,PRIVPROBE:1,host_scan,504,False,0,host_scan
m12_no_attack_dup0_s20260623_nonbonded,P3-NoPersist,m12_no_attack_dup0_s20260623,nonbonded,6302,PRIVPROBE:1,host_scan,504,False,0,host_scan
m12_no_attack_dup0_s20260623_nonbonded,P3-NoPersist,m12_no_attack_dup0_s20260623,nonbonded,6315,PRIVPROBE:1,host_scan,504,False,0,host_scan
m12_no_attack_dup0_s20260623_nonbonded,P3-NoPersist,m12_no_attack_dup0_s20260623,nonbonded,6339,PRIVPROBE:1,defer,0,True,1000,defer
m12_no_attack_dup0_s20260623_nonbonded,P3-NoPersist,m12_no_attack_dup0_s20260623,nonbonded,6355,PRIVPROBE:1,host_scan,504,False,0,host_scan
m12_no_attack_dup0_s20260623_nonbonded,P3-NoPersist,m12_no_attack_dup0_s20260623,nonbonded,6374,PRIVPROBE:1,host_scan,504,False,0,host_scan
m12_no_attack_dup0_s20260623_nonbonded,P3-NoPersist,m12_no_attack_dup0_s20260623,nonbonded,6398,PRIVPROBE:1,host_scan,504,False,0,host_scan
m12_no_attack_dup0_s20260623_nonbonded,P3-NoPersist,m12_no_attack_dup0_s20260623,nonbonded,6420,PRIVPROBE:1,host_scan,504,False,0,host_scan
m12_no_attack_dup0_s20260623_nonbonded,P3-NoPersist,m12_no_attack_dup0_s20260623,nonbonded,6441,PRIVPROBE:1,host_scan,504,False,0,host_scan
m12_no_attack_dup0_s20260623_nonbonded,P3-NoPersist,m12_no_attack_dup0_s20260623,nonbonded,6463,PRIVPROBE:1,host_scan,504,False,0,host_scan
m12_no_attack_dup0_s20260623_nonbonded,P3-NoPersist,m12_no_attack_dup0_s20260623,nonbonded,6488,PRIVPROBE:1,host_scan,504,False,0,host_scan
m12_no_attack_dup0_s20260623_nonbonded,P3-NoPersist,m12_no_attack_dup0_s20260623,nonbonded,6510,PRIVPROBE:1,host_scan,504,False,0,host_scan
m12_no_attack_dup0_s20260623_nonbonded,P3-NoPersist,m12_no_attack_dup0_s20260623,nonbonded,6536,PRIVPROBE:1,host_scan,504,False,0,host_scan
m12_no_attack_dup0_s20260623_nonbonded,P3-NoPersist,m12_no_attack_dup0_s20260623,nonbonded,6558,PRIVPROBE:1,host_scan,504,False,0,host_scan
m12_no_attack_dup0_s20260623_nonbonded,P3-NoPersist,m12_no_attack_dup0_s20260623,nonbonded,6578,PRIVPROBE:1,defer,0,True,1000,defer
m12_no_attack_dup0_s20260623_nonbonded,P3-NoPersist,m12_no_attack_dup0_s20260623,nonbonded,6592,PRIVPROBE:1,defer,0,True,1000,defer
m12_no_attack_dup0_s20260623_nonbonded,P3-NoPersist,m12_no_attack_dup0_s20260623,nonbonded,6625,PRIVPROBE:1,host_scan,504,False,0,host_scan
m12_no_attack_dup0_s20260623_nonbonded,P3-NoPersist,m12_no_attack_dup0_s20260623,nonbonded,6649,PRIVPROBE:1,host_scan,504,False,0,host_scan
m12_no_attack_dup0_s20260623_nonbonded,P3-NoPersist,m12_no_attack_dup0_s20260623,nonbonded,6672,PRIVPROBE:1,host_scan,504,False,0,host_scan
m12_no_attack_dup0_s20260623_nonbonded,P3-NoPersist,m12_no_attack_dup0_s20260623,nonbonded,6690,PRIVPROBE:1,host_scan,504,False,0,host_scan
m12_no_attack_dup0_s20260623_nonbonded,P3-NoPersist,m12_no_attack_dup0_s20260623,nonbonded,6709,PRIVPROBE:1,host_scan,504,False,0,host_scan
m12_no_attack_dup0_s20260623_nonbonded,P3-NoPersist,m12_no_attack_dup0_s20260623,nonbonded,6731,PRIVPROBE:1,host_scan,504,False,0,host_scan
m12_no_attack_dup0_s20260623_nonbonded,P3-NoPersist,m12_no_attack_dup0_s20260623,nonbonded,6750,PRIVPROBE:1,host_scan,504,False,0,host_scan
m12_no_attack_dup0_s20260623_nonbonded,P3-NoPersist,m12_no_attack_dup0_s20260623,nonbonded,6769,PRIVPROBE:1,host_scan,504,False,0,host_scan
m12_no_attack_dup0_s20260623_nonbonded,P3-NoPersist,m12_no_attack_dup0_s20260623,nonbonded,6801,PRIVPROBE:1,host_scan,504,False,0,host_scan
m12_no_attack_dup0_s20260623_nonbonded,P3-NoPersist,m12_no_attack_dup0_s20260623,nonbonded,6836,PRIVPROBE:1,defer,0,True,1000,defer
m12_no_attack_dup0_s20260623_nonbonded,P3-NoPersist,m12_no_attack_dup0_s20260623,nonbonded,6853,PRIVPROBE:1,defer,0,True,1000,defer
m12_no_attack_dup0_s20260623_nonbonded,P3-NoPersist,m12_no_attack_dup0_s20260623,nonbonded,6887,PRIVPROBE:1,defer,0,True,1000,defer
m12_no_attack_dup0_s20260623_nonbonded,P3-NoPersist,m12_no_attack_dup0_s20260623,nonbonded,6906,PRIVPROBE:1,host_scan,504,False,0,host_scan
m12_no_attack_dup0_s20260623_nonbonded,P3-NoPersist,m12_no_attack_dup0_s20260623,nonbonded,6921,PRIVPROBE:1,host_scan,504,False,0,host_scan
m12_no_attack_dup0_s20260623_nonbonded,P3-NoPersist,m12_no_attack_dup0_s20260623,nonbonded,6948,PRIVPROBE:1,host_scan,504,False,0,host_scan
m12_no_attack_dup0_s20260623_nonbonded,P3-NoPersist,m12_no_attack_dup0_s20260623,nonbonded,6972,PRIVPROBE:1,host_scan,504,False,0,host_scan
m12_no_attack_dup0_s20260623_nonbonded,P3-NoPersist,m12_no_attack_dup0_s20260623,nonbonded,6999,PRIVPROBE:1,host_scan,504,False,0,host_scan
m12_no_attack_dup0_s20260623_nonbonded,P3-NoPersist,m12_no_attack_dup0_s20260623,nonbonded,7026,PRIVPROBE:1,host_scan,504,False,0,host_scan
m12_no_attack_dup0_s20260623_nonbonded,P3-NoPersist,m12_no_attack_dup0_s20260623,nonbonded,7047,PRIVPROBE:1,host_scan,504,False,0,host_scan
m12_no_attack_dup0_s20260623_nonbonded,P3-NoPersist,m12_no_attack_dup0_s20260623,nonbonded,7076,PRIVPROBE:1,host_scan,504,False,0,host_scan
m12_no_attack_dup0_s20260623_nonbonded,P3-NoPersist,m12_no_attack_dup0_s20260623,nonbonded,7091,PRIVPROBE:1,host_scan,504,False,0,host_scan
m12_no_attack_dup0_s20260623_nonbonded,P3-NoPersist,m12_no_attack_dup0_s20260623,nonbonded,7121,PRIVPROBE:1,defer,0,True,1000,defer
m12_no_attack_dup0_s20260623_nonbonded,P3-NoPersist,m12_no_attack_dup0_s20260623,nonbonded,7140,PRIVPROBE:1,defer,0,True,1000,defer
m12_no_attack_dup0_s20260623_nonbonded,P3-NoPersist,m12_no_attack_dup0_s20260623,nonbonded,7165,PRIVPROBE:1,defer,0,True,1000,defer
m12_no_attack_dup0_s20260623_nonbonded,P3-NoPersist,m12_no_attack_dup0_s20260623,nonbonded,7179,PRIVPROBE:1,host_scan,504,False,0,host_scan
m12_no_attack_dup0_s20260623_nonbonded,P3-NoPersist,m12_no_attack_dup0_s20260623,nonbonded,7202,PRIVPROBE:1,host_scan,504,False,0,host_scan
m12_no_attack_dup0_s20260623_nonbonded,P3-NoPersist,m12_no_attack_dup0_s20260623,nonbonded,7219,PRIVPROBE:1,host_scan,504,False,0,host_scan
m12_no_attack_dup0_s20260623_nonbonded,P3-NoPersist,m12_no_attack_dup0_s20260623,nonbonded,7245,PRIVPROBE:1,host_scan,504,False,0,host_scan
m12_no_attack_dup0_s20260623_nonbonded,P3-NoPersist,m12_no_attack_dup0_s20260623,nonbonded,7261,PRIVPROBE:1,host_scan,504,False,0,host_scan
m12_no_attack_dup0_s20260623_nonbonded,P3-NoPersist,m12_no_attack_dup0_s20260623,nonbonded,7288,PRIVPROBE:1,host_scan,504,False,0,host_scan
m12_no_attack_dup0_s20260623_nonbonded,P3-NoPersist,m12_no_attack_dup0_s20260623,nonbonded,7323,PRIVPROBE:1,host_scan,504,False,0,host_scan
m12_no_attack_dup0_s20260623_nonbonded,P3-NoPersist,m12_no_attack_dup0_s20260623,nonbonded,7354,PRIVPROBE:1,host_scan,504,False,0,host_scan
m12_no_attack_dup0_s20260623_nonbonded,P3-NoPersist,m12_no_attack_dup0_s20260623,nonbonded,7376,PRIVPROBE:1,host_scan,504,False,0,host_scan
m12_no_attack_dup0_s20260623_nonbonded,P3-NoPersist,m12_no_attack_dup0_s20260623,nonbonded,7395,PRIVPROBE:1,defer,0,True,1000,defer
m12_no_attack_dup0_s20260623_nonbonded,P3-NoPersist,m12_no_attack_dup0_s20260623,nonbonded,7411,PRIVPROBE:1,defer,0,True,1000,defer
m12_no_attack_dup0_s20260623_nonbonded,P3-NoPersist,m12_no_attack_dup0_s20260623,nonbonded,7433,PRIVPROBE:1,defer,0,True,1000,defer
m12_no_attack_dup0_s20260623_nonbonded,P3-NoPersist,m12_no_attack_dup0_s20260623,nonbonded,7455,PRIVPROBE:1,host_scan,504,False,0,host_scan
m12_no_attack_dup0_s20260623_nonbonded,P3-NoPersist,m12_no_attack_dup0_s20260623,nonbonded,7475,PRIVPROBE:1,host_scan,504,False,0,host_scan
m12_no_attack_dup0_s20260623_nonbonded,P3-NoPersist,m12_no_attack_dup0_s20260623,nonbonded,7504,PRIVPROBE:1,host_scan,504,False,0,host_scan
m12_no_attack_dup0_s20260623_nonbonded,P3-NoPersist,m12_no_attack_dup0_s20260623,nonbonded,7537,PRIVPROBE:1,host_scan,504,False,0,host_scan
m12_no_attack_dup0_s20260623_nonbonded,P3-NoPersist,m12_no_attack_dup0_s20260623,nonbonded,7567,PRIVPROBE:1,host_scan,504,False,0,host_scan
m12_no_attack_dup0_s20260623_nonbonded,P3-NoPersist,m12_no_attack_dup0_s20260623,nonbonded,7581,PRIVPROBE:1,host_scan,504,False,0,host_scan
m12_no_attack_dup0_s20260623_nonbonded,P3-NoPersist,m12_no_attack_dup0_s20260623,nonbonded,7593,PRIVPROBE:1,host_scan,504,False,0,host_scan
m12_no_attack_dup0_s20260623_nonbonded,P3-NoPersist,m12_no_attack_dup0_s20260623,nonbonded,7615,PRIVPROBE:1,host_scan,504,False,0,host_scan
m12_no_attack_dup0_s20260623_nonbonded,P3-NoPersist,m12_no_attack_dup0_s20260623,nonbonded,7632,PRIVPROBE:1,host_scan,504,False,0,host_scan
m12_no_attack_dup0_s20260623_nonbonded,P3-NoPersist,m12_no_attack_dup0_s20260623,nonbonded,7649,PRIVPROBE:1,host_scan,504,False,0,host_scan
m12_no_attack_dup0_s20260623_nonbonded,P3-NoPersist,m12_no_attack_dup0_s20260623,nonbonded,7671,PRIVPROBE:1,defer,0,True,1000,defer
m12_no_attack_dup0_s20260623_nonbonded,P3-NoPersist,m12_no_attack_dup0_s20260623,nonbonded,7698,PRIVPROBE:1,defer,0,True,1000,defer
m12_no_attack_dup0_s20260623_nonbonded,BudgetDoS,m12_no_attack_dup0_s20260623,nonbonded,1272,PRIVPROBE:0,host_scan,504,False,0,host_scan
m12_no_attack_dup0_s20260623_nonbonded,BudgetDoS,m12_no_attack_dup0_s20260623,nonbonded,1288,PRIVPROBE:0,host_scan,504,False,0,host_scan
m12_no_attack_dup0_s20260623_nonbonded,BudgetDoS,m12_no_attack_dup0_s20260623,nonbonded,1307,PRIVPROBE:0,host_scan,504,False,0,host_scan
m12_no_attack_dup0_s20260623_nonbonded,BudgetDoS,m12_no_attack_dup0_s20260623,nonbonded,1333,PRIVPROBE:0,host_scan,504,False,0,host_scan
m12_no_attack_dup0_s20260623_nonbonded,BudgetDoS,m12_no_attack_dup0_s20260623,nonbonded,1354,PRIVPROBE:0,host_scan,504,False,0,host_scan
m12_no_attack_dup0_s20260623_nonbonded,BudgetDoS,m12_no_attack_dup0_s20260623,nonbonded,1380,PRIVPROBE:0,host_scan,504,False,0,host_scan
m12_no_attack_dup0_s20260623_nonbonded,BudgetDoS,m12_no_attack_dup0_s20260623,nonbonded,1394,PRIVPROBE:0,host_scan,504,False,0,host_scan
m12_no_attack_dup0_s20260623_nonbonded,BudgetDoS,m12_no_attack_dup0_s20260623,nonbonded,1410,PRIVPROBE:0,host_scan,504,False,0,host_scan
m12_no_attack_dup0_s20260623_nonbonded,BudgetDoS,m12_no_attack_dup0_s20260623,nonbonded,1427,PRIVPROBE:0,host_scan,504,False,0,host_scan
m12_no_attack_dup0_s20260623_nonbonded,BudgetDoS,m12_no_attack_dup0_s20260623,nonbonded,1443,PRIVPROBE:0,budget_skip,0,False,0,budget_skip
m12_no_attack_dup0_s20260623_nonbonded,BudgetDoS,m12_no_attack_dup0_s20260623,nonbonded,1477,PRIVPROBE:0,budget_skip,0,False,0,budget_skip
m12_no_attack_dup0_s20260623_nonbonded,BudgetDoS,m12_no_attack_dup0_s20260623,nonbonded,1507,PRIVPROBE:0,budget_skip,0,False,0,budget_skip
m12_no_attack_dup0_s20260623_nonbonded,BudgetDoS,m12_no_attack_dup0_s20260623,nonbonded,1532,PRIVPROBE:0,host_scan,504,False,0,host_scan
m12_no_attack_dup0_s20260623_nonbonded,BudgetDoS,m12_no_attack_dup0_s20260623,nonbonded,1568,PRIVPROBE:0,host_scan,504,False,0,host_scan
m12_no_attack_dup0_s20260623_nonbonded,BudgetDoS,m12_no_attack_dup0_s20260623,nonbonded,1593,PRIVPROBE:0,host_scan,504,False,0,host_scan
m12_no_attack_dup0_s20260623_nonbonded,BudgetDoS,m12_no_attack_dup0_s20260623,nonbonded,1609,PRIVPROBE:0,host_scan,504,False,0,host_scan
m12_no_attack_dup0_s20260623_nonbonded,BudgetDoS,m12_no_attack_dup0_s20260623,nonbonded,1626,PRIVPROBE:0,host_scan,504,False,0,host_scan
m12_no_attack_dup0_s20260623_nonbonded,BudgetDoS,m12_no_attack_dup0_s20260623,nonbonded,1643,PRIVPROBE:0,host_scan,504,False,0,host_scan
m12_no_attack_dup0_s20260623_nonbonded,BudgetDoS,m12_no_attack_dup0_s20260623,nonbonded,1670,PRIVPROBE:0,host_scan,504,False,0,host_scan
m12_no_attack_dup0_s20260623_nonbonded,BudgetDoS,m12_no_attack_dup0_s20260623,nonbonded,1685,PRIVPROBE:0,host_scan,504,False,0,host_scan
m12_no_attack_dup0_s20260623_nonbonded,BudgetDoS,m12_no_attack_dup0_s20260623,nonbonded,1703,PRIVPROBE:0,budget_skip,0,False,0,budget_skip
m12_no_attack_dup0_s20260623_nonbonded,BudgetDoS,m12_no_attack_dup0_s20260623,nonbonded,1730,PRIVPROBE:0,budget_skip,0,False,0,budget_skip
m12_no_attack_dup0_s20260623_nonbonded,BudgetDoS,m12_no_attack_dup0_s20260623,nonbonded,1751,PRIVPROBE:0,budget_skip,0,False,0,budget_skip
m12_no_attack_dup0_s20260623_nonbonded,BudgetDoS,m12_no_attack_dup0_s20260623,nonbonded,1784,PRIVPROBE:0,budget_skip,0,False,0,budget_skip
m12_no_attack_dup0_s20260623_nonbonded,BudgetDoS,m12_no_attack_dup0_s20260623,nonbonded,1805,PRIVPROBE:0,host_scan,504,False,0,host_scan
m12_no_attack_dup0_s20260623_nonbonded,BudgetDoS,m12_no_attack_dup0_s20260623,nonbonded,1827,PRIVPROBE:0,host_scan,504,False,0,host_scan
m12_no_attack_dup0_s20260623_nonbonded,BudgetDoS,m12_no_attack_dup0_s20260623,nonbonded,1842,PRIVPROBE:0,host_scan,504,False,0,host_scan
m12_no_attack_dup0_s20260623_nonbonded,BudgetDoS,m12_no_attack_dup0_s20260623,nonbonded,1860,PRIVPROBE:0,host_scan,504,False,0,host_scan
m12_no_attack_dup0_s20260623_nonbonded,BudgetDoS,m12_no_attack_dup0_s20260623,nonbonded,1872,PRIVPROBE:0,host_scan,504,False,0,host_scan
m12_no_attack_dup0_s20260623_nonbonded,BudgetDoS,m12_no_attack_dup0_s20260623,nonbonded,1890,PRIVPROBE:0,host_scan,504,False,0,host_scan
m12_no_attack_dup0_s20260623_nonbonded,BudgetDoS,m12_no_attack_dup0_s20260623,nonbonded,1919,PRIVPROBE:0,host_scan,504,False,0,host_scan
m12_no_attack_dup0_s20260623_nonbonded,BudgetDoS,m12_no_attack_dup0_s20260623,nonbonded,1935,PRIVPROBE:0,host_scan,504,False,0,host_scan
m12_no_attack_dup0_s20260623_nonbonded,BudgetDoS,m12_no_attack_dup0_s20260623,nonbonded,1965,PRIVPROBE:0,budget_skip,0,False,0,budget_skip
m12_no_attack_dup0_s20260623_nonbonded,BudgetDoS,m12_no_attack_dup0_s20260623,nonbonded,1989,PRIVPROBE:0,budget_skip,0,False,0,budget_skip
m12_no_attack_dup0_s20260623_nonbonded,BudgetDoS,m12_no_attack_dup0_s20260623,nonbonded,2007,PRIVPROBE:0,budget_skip,0,False,0,budget_skip
m12_no_attack_dup0_s20260623_nonbonded,BudgetDoS,m12_no_attack_dup0_s20260623,nonbonded,2029,PRIVPROBE:0,budget_skip,0,False,0,budget_skip
m12_no_attack_dup0_s20260623_nonbonded,BudgetDoS,m12_no_attack_dup0_s20260623,nonbonded,2049,PRIVPROBE:0,host_scan,504,False,0,host_scan
m12_no_attack_dup0_s20260623_nonbonded,BudgetDoS,m12_no_attack_dup0_s20260623,nonbonded,2073,PRIVPROBE:0,host_scan,504,False,0,host_scan
m12_no_attack_dup0_s20260623_nonbonded,BudgetDoS,m12_no_attack_dup0_s20260623,nonbonded,2092,PRIVPROBE:0,host_scan,504,False,0,host_scan
m12_no_attack_dup0_s20260623_nonbonded,BudgetDoS,m12_no_attack_dup0_s20260623,nonbonded,2117,PRIVPROBE:0,host_scan,504,False,0,host_scan
m12_no_attack_dup0_s20260623_nonbonded,BudgetDoS,m12_no_attack_dup0_s20260623,nonbonded,2144,PRIVPROBE:0,host_scan,504,False,0,host_scan
m12_no_attack_dup0_s20260623_nonbonded,BudgetDoS,m12_no_attack_dup0_s20260623,nonbonded,2163,PRIVPROBE:0,host_scan,504,False,0,host_scan
m12_no_attack_dup0_s20260623_nonbonded,BudgetDoS,m12_no_attack_dup0_s20260623,nonbonded,2186,PRIVPROBE:0,host_scan,504,False,0,host_scan
m12_no_attack_dup0_s20260623_nonbonded,BudgetDoS,m12_no_attack_dup0_s20260623,nonbonded,2202,PRIVPROBE:0,budget_skip,0,False,0,budget_skip
m12_no_attack_dup0_s20260623_nonbonded,BudgetDoS,m12_no_attack_dup0_s20260623,nonbonded,2228,PRIVPROBE:0,budget_skip,0,False,0,budget_skip
m12_no_attack_dup0_s20260623_nonbonded,BudgetDoS,m12_no_attack_dup0_s20260623,nonbonded,2250,PRIVPROBE:0,budget_skip,0,False,0,budget_skip
m12_no_attack_dup0_s20260623_nonbonded,BudgetDoS,m12_no_attack_dup0_s20260623,nonbonded,2277,PRIVPROBE:0,budget_skip,0,False,0,budget_skip
m12_no_attack_dup0_s20260623_nonbonded,BudgetDoS,m12_no_attack_dup0_s20260623,nonbonded,2292,PRIVPROBE:0,budget_skip,0,False,0,budget_skip
m12_no_attack_dup0_s20260623_nonbonded,BudgetDoS,m12_no_attack_dup0_s20260623,nonbonded,2318,PRIVPROBE:0,host_scan,504,False,0,host_scan
m12_no_attack_dup0_s20260623_nonbonded,BudgetDoS,m12_no_attack_dup0_s20260623,nonbonded,2340,PRIVPROBE:0,host_scan,504,False,0,host_scan
m12_no_attack_dup0_s20260623_nonbonded,BudgetDoS,m12_no_attack_dup0_s20260623,nonbonded,2369,PRIVPROBE:0,host_scan,504,False,0,host_scan
m12_no_attack_dup0_s20260623_nonbonded,BudgetDoS,m12_no_attack_dup0_s20260623,nonbonded,2395,PRIVPROBE:0,host_scan,504,False,0,host_scan
m12_no_attack_dup0_s20260623_nonbonded,BudgetDoS,m12_no_attack_dup0_s20260623,nonbonded,2422,PRIVPROBE:0,host_scan,504,False,0,host_scan
m12_no_attack_dup0_s20260623_nonbonded,BudgetDoS,m12_no_attack_dup0_s20260623,nonbonded,2439,PRIVPROBE:0,host_scan,504,False,0,host_scan
m12_no_attack_dup0_s20260623_nonbonded,BudgetDoS,m12_no_attack_dup0_s20260623,nonbonded,2466,PRIVPROBE:0,host_scan,504,False,0,host_scan
m12_no_attack_dup0_s20260623_nonbonded,BudgetDoS,m12_no_attack_dup0_s20260623,nonbonded,2493,PRIVPROBE:0,budget_skip,0,False,0,budget_skip
m12_no_attack_dup0_s20260623_nonbonded,BudgetDoS,m12_no_attack_dup0_s20260623,nonbonded,2517,PRIVPROBE:0,budget_skip,0,False,0,budget_skip
m12_no_attack_dup0_s20260623_nonbonded,BudgetDoS,m12_no_attack_dup0_s20260623,nonbonded,2536,PRIVPROBE:0,budget_skip,0,False,0,budget_skip
m12_no_attack_dup0_s20260623_nonbonded,BudgetDoS,m12_no_attack_dup0_s20260623,nonbonded,2548,PRIVPROBE:0,budget_skip,0,False,0,budget_skip
m12_no_attack_dup0_s20260623_nonbonded,BudgetDoS,m12_no_attack_dup0_s20260623,nonbonded,2570,PRIVPROBE:0,budget_skip,0,False,0,budget_skip
m12_no_attack_dup0_s20260623_nonbonded,BudgetDoS,m12_no_attack_dup0_s20260623,nonbonded,2596,PRIVPROBE:0,host_scan,504,False,0,host_scan
m12_no_attack_dup0_s20260623_nonbonded,BudgetDoS,m12_no_attack_dup0_s20260623,nonbonded,2623,PRIVPROBE:0,host_scan,504,False,0,host_scan
m12_no_attack_dup0_s20260623_nonbonded,BudgetDoS,m12_no_attack_dup0_s20260623,nonbonded,2637,PRIVPROBE:0,host_scan,504,False,0,host_scan
m12_no_attack_dup0_s20260623_nonbonded,BudgetDoS,m12_no_attack_dup0_s20260623,nonbonded,2655,PRIVPROBE:0,host_scan,504,False,0,host_scan
m12_no_attack_dup0_s20260623_nonbonded,BudgetDoS,m12_no_attack_dup0_s20260623,nonbonded,2676,PRIVPROBE:0,host_scan,504,False,0,host_scan
m12_no_attack_dup0_s20260623_nonbonded,BudgetDoS,m12_no_attack_dup0_s20260623,nonbonded,2688,PRIVPROBE:0,host_scan,504,False,0,host_scan
m12_no_attack_dup0_s20260623_nonbonded,BudgetDoS,m12_no_attack_dup0_s20260623,nonbonded,2713,PRIVPROBE:0,host_scan,504,False,0,host_scan
m12_no_attack_dup0_s20260623_nonbonded,BudgetDoS,m12_no_attack_dup0_s20260623,nonbonded,2739,PRIVPROBE:0,budget_skip,0,False,0,budget_skip
m12_no_attack_dup0_s20260623_nonbonded,BudgetDoS,m12_no_attack_dup0_s20260623,nonbonded,2758,PRIVPROBE:0,budget_skip,0,False,0,budget_skip
m12_no_attack_dup0_s20260623_nonbonded,BudgetDoS,m12_no_attack_dup0_s20260623,nonbonded,2779,PRIVPROBE:0,budget_skip,0,False,0,budget_skip
m12_no_attack_dup0_s20260623_nonbonded,BudgetDoS,m12_no_attack_dup0_s20260623,nonbonded,2811,PRIVPROBE:0,budget_skip,0,False,0,budget_skip
m12_no_attack_dup0_s20260623_nonbonded,BudgetDoS,m12_no_attack_dup0_s20260623,nonbonded,2832,PRIVPROBE:0,budget_skip,0,False,0,budget_skip
m12_no_attack_dup0_s20260623_nonbonded,BudgetDoS,m12_no_attack_dup0_s20260623,nonbonded,2858,PRIVPROBE:0,host_scan,504,False,0,host_scan
m12_no_attack_dup0_s20260623_nonbonded,BudgetDoS,m12_no_attack_dup0_s20260623,nonbonded,2878,PRIVPROBE:0,host_scan,504,False,0,host_scan
m12_no_attack_dup0_s20260623_nonbonded,BudgetDoS,m12_no_attack_dup0_s20260623,nonbonded,2895,PRIVPROBE:0,host_scan,504,False,0,host_scan
m12_no_attack_dup0_s20260623_nonbonded,BudgetDoS,m12_no_attack_dup0_s20260623,nonbonded,2907,PRIVPROBE:0,host_scan,504,False,0,host_scan
m12_no_attack_dup0_s20260623_nonbonded,BudgetDoS,m12_no_attack_dup0_s20260623,nonbonded,2924,PRIVPROBE:0,host_scan,504,False,0,host_scan
m12_no_attack_dup0_s20260623_nonbonded,BudgetDoS,m12_no_attack_dup0_s20260623,nonbonded,2943,PRIVPROBE:0,host_scan,504,False,0,host_scan
m12_no_attack_dup0_s20260623_nonbonded,BudgetDoS,m12_no_attack_dup0_s20260623,nonbonded,2962,PRIVPROBE:0,host_scan,504,False,0,host_scan
m12_no_attack_dup0_s20260623_nonbonded,BudgetDoS,m12_no_attack_dup0_s20260623,nonbonded,2986,PRIVPROBE:0,host_scan,504,False,0,host_scan
m12_no_attack_dup0_s20260623_nonbonded,BudgetDoS,m12_no_attack_dup0_s20260623,nonbonded,3008,PRIVPROBE:0,host_scan,504,False,0,host_scan
m12_no_attack_dup0_s20260623_nonbonded,BudgetDoS,m12_no_attack_dup0_s20260623,nonbonded,3040,PRIVPROBE:0,budget_skip,0,False,0,budget_skip
m12_no_attack_dup0_s20260623_nonbonded,BudgetDoS,m12_no_attack_dup0_s20260623,nonbonded,3061,PRIVPROBE:0,budget_skip,0,False,0,budget_skip
m12_no_attack_dup0_s20260623_nonbonded,BudgetDoS,m12_no_attack_dup0_s20260623,nonbonded,3089,PRIVPROBE:0,budget_skip,0,False,0,budget_skip
m12_no_attack_dup0_s20260623_nonbonded,BudgetDoS,m12_no_attack_dup0_s20260623,nonbonded,3107,PRIVPROBE:0,host_scan,504,False,0,host_scan
m12_no_attack_dup0_s20260623_nonbonded,BudgetDoS,m12_no_attack_dup0_s20260623,nonbonded,3126,PRIVPROBE:0,host_scan,504,False,0,host_scan
m12_no_attack_dup0_s20260623_nonbonded,BudgetDoS,m12_no_attack_dup0_s20260623,nonbonded,3142,PRIVPROBE:0,host_scan,504,False,0,host_scan
m12_no_attack_dup0_s20260623_nonbonded,BudgetDoS,m12_no_attack_dup0_s20260623,nonbonded,3162,PRIVPROBE:0,host_scan,504,False,0,host_scan
m12_no_attack_dup0_s20260623_nonbonded,BudgetDoS,m12_no_attack_dup0_s20260623,nonbonded,3179,PRIVPROBE:0,host_scan,504,False,0,host_scan
m12_no_attack_dup0_s20260623_nonbonded,BudgetDoS,m12_no_attack_dup0_s20260623,nonbonded,3195,PRIVPROBE:0,host_scan,504,False,0,host_scan
m12_no_attack_dup0_s20260623_nonbonded,BudgetDoS,m12_no_attack_dup0_s20260623,nonbonded,3219,PRIVPROBE:0,host_scan,504,False,0,host_scan
m12_no_attack_dup0_s20260623_nonbonded,BudgetDoS,m12_no_attack_dup0_s20260623,nonbonded,3243,PRIVPROBE:0,host_scan,504,False,0,host_scan
m12_no_attack_dup0_s20260623_nonbonded,BudgetDoS,m12_no_attack_dup0_s20260623,nonbonded,3259,PRIVPROBE:0,host_scan,504,False,0,host_scan
m12_no_attack_dup0_s20260623_nonbonded,BudgetDoS,m12_no_attack_dup0_s20260623,nonbonded,3274,PRIVPROBE:0,budget_skip,0,False,0,budget_skip
m12_no_attack_dup0_s20260623_nonbonded,BudgetDoS,m12_no_attack_dup0_s20260623,nonbonded,3298,PRIVPROBE:0,budget_skip,0,False,0,budget_skip
m12_no_attack_dup0_s20260623_nonbonded,BudgetDoS,m12_no_attack_dup0_s20260623,nonbonded,3323,PRIVPROBE:0,budget_skip,0,False,0,budget_skip
m12_no_attack_dup0_s20260623_nonbonded,BudgetDoS,m12_no_attack_dup0_s20260623,nonbonded,3343,PRIVPROBE:0,host_scan,504,False,0,host_scan
m12_no_attack_dup0_s20260623_nonbonded,BudgetDoS,m12_no_attack_dup0_s20260623,nonbonded,3364,PRIVPROBE:0,host_scan,504,False,0,host_scan
m12_no_attack_dup0_s20260623_nonbonded,BudgetDoS,m12_no_attack_dup0_s20260623,nonbonded,3384,PRIVPROBE:0,host_scan,504,False,0,host_scan
m12_no_attack_dup0_s20260623_nonbonded,BudgetDoS,m12_no_attack_dup0_s20260623,nonbonded,3405,PRIVPROBE:0,host_scan,504,False,0,host_scan
m12_no_attack_dup0_s20260623_nonbonded,BudgetDoS,m12_no_attack_dup0_s20260623,nonbonded,3426,PRIVPROBE:0,host_scan,504,False,0,host_scan
m12_no_attack_dup0_s20260623_nonbonded,BudgetDoS,m12_no_attack_dup0_s20260623,nonbonded,3444,PRIVPROBE:0,host_scan,504,False,0,host_scan
m12_no_attack_dup0_s20260623_nonbonded,BudgetDoS,m12_no_attack_dup0_s20260623,nonbonded,3471,PRIVPROBE:0,host_scan,504,False,0,host_scan
m12_no_attack_dup0_s20260623_nonbonded,BudgetDoS,m12_no_attack_dup0_s20260623,nonbonded,3491,PRIVPROBE:0,host_scan,504,False,0,host_scan
m12_no_attack_dup0_s20260623_nonbonded,BudgetDoS,m12_no_attack_dup0_s20260623,nonbonded,3513,PRIVPROBE:0,budget_skip,0,False,0,budget_skip
m12_no_attack_dup0_s20260623_nonbonded,BudgetDoS,m12_no_attack_dup0_s20260623,nonbonded,3537,PRIVPROBE:0,budget_skip,0,False,0,budget_skip
m12_no_attack_dup0_s20260623_nonbonded,BudgetDoS,m12_no_attack_dup0_s20260623,nonbonded,3552,PRIVPROBE:0,budget_skip,0,False,0,budget_skip
m12_no_attack_dup0_s20260623_nonbonded,BudgetDoS,m12_no_attack_dup0_s20260623,nonbonded,3575,PRIVPROBE:0,budget_skip,0,False,0,budget_skip
m12_no_attack_dup0_s20260623_nonbonded,BudgetDoS,m12_no_attack_dup0_s20260623,nonbonded,3592,PRIVPROBE:0,host_scan,504,False,0,host_scan
m12_no_attack_dup0_s20260623_nonbonded,BudgetDoS,m12_no_attack_dup0_s20260623,nonbonded,3609,PRIVPROBE:0,host_scan,504,False,0,host_scan
m12_no_attack_dup0_s20260623_nonbonded,BudgetDoS,m12_no_attack_dup0_s20260623,nonbonded,3626,PRIVPROBE:0,host_scan,504,False,0,host_scan
m12_no_attack_dup0_s20260623_nonbonded,BudgetDoS,m12_no_attack_dup0_s20260623,nonbonded,3653,PRIVPROBE:0,host_scan,504,False,0,host_scan
m12_no_attack_dup0_s20260623_nonbonded,BudgetDoS,m12_no_attack_dup0_s20260623,nonbonded,3670,PRIVPROBE:0,host_scan,504,False,0,host_scan
m12_no_attack_dup0_s20260623_nonbonded,BudgetDoS,m12_no_attack_dup0_s20260623,nonbonded,3699,PRIVPROBE:0,host_scan,504,False,0,host_scan
m12_no_attack_dup0_s20260623_nonbonded,BudgetDoS,m12_no_attack_dup0_s20260623,nonbonded,3709,PRIVPROBE:0,host_scan,504,False,0,host_scan
m12_no_attack_dup0_s20260623_nonbonded,BudgetDoS,m12_no_attack_dup0_s20260623,nonbonded,3732,PRIVPROBE:0,host_scan,504,False,0,host_scan
m12_no_attack_dup0_s20260623_nonbonded,BudgetDoS,m12_no_attack_dup0_s20260623,nonbonded,3758,PRIVPROBE:0,budget_skip,0,False,0,budget_skip
m12_no_attack_dup0_s20260623_nonbonded,BudgetDoS,m12_no_attack_dup0_s20260623,nonbonded,3783,PRIVPROBE:0,budget_skip,0,False,0,budget_skip
m12_no_attack_dup0_s20260623_nonbonded,BudgetDoS,m12_no_attack_dup0_s20260623,nonbonded,3809,PRIVPROBE:0,budget_skip,0,False,0,budget_skip
m12_no_attack_dup0_s20260623_nonbonded,BudgetDoS,m12_no_attack_dup0_s20260623,nonbonded,3823,PRIVPROBE:0,budget_skip,0,False,0,budget_skip
m12_no_attack_dup0_s20260623_nonbonded,BudgetDoS,m12_no_attack_dup0_s20260623,nonbonded,3848,PRIVPROBE:1,host_scan,504,False,0,host_scan
m12_no_attack_dup0_s20260623_nonbonded,BudgetDoS,m12_no_attack_dup0_s20260623,nonbonded,3866,PRIVPROBE:1,host_scan,504,False,0,host_scan
m12_no_attack_dup0_s20260623_nonbonded,BudgetDoS,m12_no_attack_dup0_s20260623,nonbonded,3886,PRIVPROBE:1,host_scan,504,False,0,host_scan
m12_no_attack_dup0_s20260623_nonbonded,BudgetDoS,m12_no_attack_dup0_s20260623,nonbonded,3905,PRIVPROBE:1,host_scan,504,False,0,host_scan
m12_no_attack_dup0_s20260623_nonbonded,BudgetDoS,m12_no_attack_dup0_s20260623,nonbonded,3929,PRIVPROBE:1,host_scan,504,False,0,host_scan
m12_no_attack_dup0_s20260623_nonbonded,BudgetDoS,m12_no_attack_dup0_s20260623,nonbonded,3949,PRIVPROBE:1,host_scan,504,False,0,host_scan
m12_no_attack_dup0_s20260623_nonbonded,BudgetDoS,m12_no_attack_dup0_s20260623,nonbonded,3973,PRIVPROBE:1,host_scan,504,False,0,host_scan
m12_no_attack_dup0_s20260623_nonbonded,BudgetDoS,m12_no_attack_dup0_s20260623,nonbonded,4004,PRIVPROBE:1,host_scan,504,False,0,host_scan
m12_no_attack_dup0_s20260623_nonbonded,BudgetDoS,m12_no_attack_dup0_s20260623,nonbonded,4029,PRIVPROBE:1,budget_skip,0,False,0,budget_skip
m12_no_attack_dup0_s20260623_nonbonded,BudgetDoS,m12_no_attack_dup0_s20260623,nonbonded,4055,PRIVPROBE:1,budget_skip,0,False,0,budget_skip
m12_no_attack_dup0_s20260623_nonbonded,BudgetDoS,m12_no_attack_dup0_s20260623,nonbonded,4072,PRIVPROBE:1,budget_skip,0,False,0,budget_skip
m12_no_attack_dup0_s20260623_nonbonded,BudgetDoS,m12_no_attack_dup0_s20260623,nonbonded,4099,PRIVPROBE:1,budget_skip,0,False,0,budget_skip
m12_no_attack_dup0_s20260623_nonbonded,BudgetDoS,m12_no_attack_dup0_s20260623,nonbonded,4119,PRIVPROBE:1,host_scan,504,False,0,host_scan
m12_no_attack_dup0_s20260623_nonbonded,BudgetDoS,m12_no_attack_dup0_s20260623,nonbonded,4139,PRIVPROBE:1,host_scan,504,False,0,host_scan
m12_no_attack_dup0_s20260623_nonbonded,BudgetDoS,m12_no_attack_dup0_s20260623,nonbonded,4155,PRIVPROBE:1,host_scan,504,False,0,host_scan
m12_no_attack_dup0_s20260623_nonbonded,BudgetDoS,m12_no_attack_dup0_s20260623,nonbonded,4176,PRIVPROBE:1,host_scan,504,False,0,host_scan
m12_no_attack_dup0_s20260623_nonbonded,BudgetDoS,m12_no_attack_dup0_s20260623,nonbonded,4198,PRIVPROBE:1,host_scan,504,False,0,host_scan
m12_no_attack_dup0_s20260623_nonbonded,BudgetDoS,m12_no_attack_dup0_s20260623,nonbonded,4217,PRIVPROBE:1,host_scan,504,False,0,host_scan
m12_no_attack_dup0_s20260623_nonbonded,BudgetDoS,m12_no_attack_dup0_s20260623,nonbonded,4231,PRIVPROBE:1,host_scan,504,False,0,host_scan
m12_no_attack_dup0_s20260623_nonbonded,BudgetDoS,m12_no_attack_dup0_s20260623,nonbonded,4249,PRIVPROBE:1,host_scan,504,False,0,host_scan
m12_no_attack_dup0_s20260623_nonbonded,BudgetDoS,m12_no_attack_dup0_s20260623,nonbonded,4266,PRIVPROBE:1,budget_skip,0,False,0,budget_skip
m12_no_attack_dup0_s20260623_nonbonded,BudgetDoS,m12_no_attack_dup0_s20260623,nonbonded,4288,PRIVPROBE:1,budget_skip,0,False,0,budget_skip
m12_no_attack_dup0_s20260623_nonbonded,BudgetDoS,m12_no_attack_dup0_s20260623,nonbonded,4303,PRIVPROBE:1,budget_skip,0,False,0,budget_skip
m12_no_attack_dup0_s20260623_nonbonded,BudgetDoS,m12_no_attack_dup0_s20260623,nonbonded,4322,PRIVPROBE:1,budget_skip,0,False,0,budget_skip
m12_no_attack_dup0_s20260623_nonbonded,BudgetDoS,m12_no_attack_dup0_s20260623,nonbonded,4357,PRIVPROBE:1,host_scan,504,False,0,host_scan
m12_no_attack_dup0_s20260623_nonbonded,BudgetDoS,m12_no_attack_dup0_s20260623,nonbonded,4377,PRIVPROBE:1,host_scan,504,False,0,host_scan
m12_no_attack_dup0_s20260623_nonbonded,BudgetDoS,m12_no_attack_dup0_s20260623,nonbonded,4391,PRIVPROBE:1,host_scan,504,False,0,host_scan
m12_no_attack_dup0_s20260623_nonbonded,BudgetDoS,m12_no_attack_dup0_s20260623,nonbonded,4411,PRIVPROBE:1,host_scan,504,False,0,host_scan
m12_no_attack_dup0_s20260623_nonbonded,BudgetDoS,m12_no_attack_dup0_s20260623,nonbonded,4424,PRIVPROBE:1,host_scan,504,False,0,host_scan
m12_no_attack_dup0_s20260623_nonbonded,BudgetDoS,m12_no_attack_dup0_s20260623,nonbonded,4441,PRIVPROBE:1,host_scan,504,False,0,host_scan
m12_no_attack_dup0_s20260623_nonbonded,BudgetDoS,m12_no_attack_dup0_s20260623,nonbonded,4469,PRIVPROBE:1,host_scan,504,False,0,host_scan
m12_no_attack_dup0_s20260623_nonbonded,BudgetDoS,m12_no_attack_dup0_s20260623,nonbonded,4491,PRIVPROBE:1,host_scan,504,False,0,host_scan
m12_no_attack_dup0_s20260623_nonbonded,BudgetDoS,m12_no_attack_dup0_s20260623,nonbonded,4518,PRIVPROBE:1,host_scan,504,False,0,host_scan
m12_no_attack_dup0_s20260623_nonbonded,BudgetDoS,m12_no_attack_dup0_s20260623,nonbonded,4544,PRIVPROBE:1,budget_skip,0,False,0,budget_skip
m12_no_attack_dup0_s20260623_nonbonded,BudgetDoS,m12_no_attack_dup0_s20260623,nonbonded,4569,PRIVPROBE:1,budget_skip,0,False,0,budget_skip
m12_no_attack_dup0_s20260623_nonbonded,BudgetDoS,m12_no_attack_dup0_s20260623,nonbonded,4584,PRIVPROBE:1,budget_skip,0,False,0,budget_skip
m12_no_attack_dup0_s20260623_nonbonded,BudgetDoS,m12_no_attack_dup0_s20260623,nonbonded,4610,PRIVPROBE:1,host_scan,504,False,0,host_scan
m12_no_attack_dup0_s20260623_nonbonded,BudgetDoS,m12_no_attack_dup0_s20260623,nonbonded,4627,PRIVPROBE:1,host_scan,504,False,0,host_scan
m12_no_attack_dup0_s20260623_nonbonded,BudgetDoS,m12_no_attack_dup0_s20260623,nonbonded,4649,PRIVPROBE:1,host_scan,504,False,0,host_scan
m12_no_attack_dup0_s20260623_nonbonded,BudgetDoS,m12_no_attack_dup0_s20260623,nonbonded,4659,PRIVPROBE:1,host_scan,504,False,0,host_scan
m12_no_attack_dup0_s20260623_nonbonded,BudgetDoS,m12_no_attack_dup0_s20260623,nonbonded,4686,PRIVPROBE:1,host_scan,504,False,0,host_scan
m12_no_attack_dup0_s20260623_nonbonded,BudgetDoS,m12_no_attack_dup0_s20260623,nonbonded,4709,PRIVPROBE:1,host_scan,504,False,0,host_scan
m12_no_attack_dup0_s20260623_nonbonded,BudgetDoS,m12_no_attack_dup0_s20260623,nonbonded,4720,PRIVPROBE:1,host_scan,504,False,0,host_scan
m12_no_attack_dup0_s20260623_nonbonded,BudgetDoS,m12_no_attack_dup0_s20260623,nonbonded,4741,PRIVPROBE:1,host_scan,504,False,0,host_scan
m12_no_attack_dup0_s20260623_nonbonded,BudgetDoS,m12_no_attack_dup0_s20260623,nonbonded,4764,PRIVPROBE:1,budget_skip,0,False,0,budget_skip
m12_no_attack_dup0_s20260623_nonbonded,BudgetDoS,m12_no_attack_dup0_s20260623,nonbonded,4796,PRIVPROBE:1,budget_skip,0,False,0,budget_skip
m12_no_attack_dup0_s20260623_nonbonded,BudgetDoS,m12_no_attack_dup0_s20260623,nonbonded,4813,PRIVPROBE:1,budget_skip,0,False,0,budget_skip
m12_no_attack_dup0_s20260623_nonbonded,BudgetDoS,m12_no_attack_dup0_s20260623,nonbonded,4831,PRIVPROBE:1,budget_skip,0,False,0,budget_skip
m12_no_attack_dup0_s20260623_nonbonded,BudgetDoS,m12_no_attack_dup0_s20260623,nonbonded,4862,PRIVPROBE:1,host_scan,504,False,0,host_scan
m12_no_attack_dup0_s20260623_nonbonded,BudgetDoS,m12_no_attack_dup0_s20260623,nonbonded,4886,PRIVPROBE:1,host_scan,504,False,0,host_scan
m12_no_attack_dup0_s20260623_nonbonded,BudgetDoS,m12_no_attack_dup0_s20260623,nonbonded,4903,PRIVPROBE:1,host_scan,504,False,0,host_scan
m12_no_attack_dup0_s20260623_nonbonded,BudgetDoS,m12_no_attack_dup0_s20260623,nonbonded,4922,PRIVPROBE:1,host_scan,504,False,0,host_scan
m12_no_attack_dup0_s20260623_nonbonded,BudgetDoS,m12_no_attack_dup0_s20260623,nonbonded,4939,PRIVPROBE:1,host_scan,504,False,0,host_scan
m12_no_attack_dup0_s20260623_nonbonded,BudgetDoS,m12_no_attack_dup0_s20260623,nonbonded,4961,PRIVPROBE:1,host_scan,504,False,0,host_scan
m12_no_attack_dup0_s20260623_nonbonded,BudgetDoS,m12_no_attack_dup0_s20260623,nonbonded,4985,PRIVPROBE:1,host_scan,504,False,0,host_scan
m12_no_attack_dup0_s20260623_nonbonded,BudgetDoS,m12_no_attack_dup0_s20260623,nonbonded,5006,PRIVPROBE:1,host_scan,504,False,0,host_scan
m12_no_attack_dup0_s20260623_nonbonded,BudgetDoS,m12_no_attack_dup0_s20260623,nonbonded,5027,PRIVPROBE:1,budget_skip,0,False,0,budget_skip
m12_no_attack_dup0_s20260623_nonbonded,BudgetDoS,m12_no_attack_dup0_s20260623,nonbonded,5050,PRIVPROBE:1,budget_skip,0,False,0,budget_skip
m12_no_attack_dup0_s20260623_nonbonded,BudgetDoS,m12_no_attack_dup0_s20260623,nonbonded,5074,PRIVPROBE:1,budget_skip,0,False,0,budget_skip
m12_no_attack_dup0_s20260623_nonbonded,BudgetDoS,m12_no_attack_dup0_s20260623,nonbonded,5106,PRIVPROBE:1,budget_skip,0,False,0,budget_skip
m12_no_attack_dup0_s20260623_nonbonded,BudgetDoS,m12_no_attack_dup0_s20260623,nonbonded,5128,PRIVPROBE:1,host_scan,504,False,0,host_scan
m12_no_attack_dup0_s20260623_nonbonded,BudgetDoS,m12_no_attack_dup0_s20260623,nonbonded,5144,PRIVPROBE:1,host_scan,504,False,0,host_scan
m12_no_attack_dup0_s20260623_nonbonded,BudgetDoS,m12_no_attack_dup0_s20260623,nonbonded,5161,PRIVPROBE:1,host_scan,504,False,0,host_scan
m12_no_attack_dup0_s20260623_nonbonded,BudgetDoS,m12_no_attack_dup0_s20260623,nonbonded,5188,PRIVPROBE:1,host_scan,504,False,0,host_scan
m12_no_attack_dup0_s20260623_nonbonded,BudgetDoS,m12_no_attack_dup0_s20260623,nonbonded,5206,PRIVPROBE:1,host_scan,504,False,0,host_scan
m12_no_attack_dup0_s20260623_nonbonded,BudgetDoS,m12_no_attack_dup0_s20260623,nonbonded,5229,PRIVPROBE:1,host_scan,504,False,0,host_scan
m12_no_attack_dup0_s20260623_nonbonded,BudgetDoS,m12_no_attack_dup0_s20260623,nonbonded,5246,PRIVPROBE:1,host_scan,504,False,0,host_scan
m12_no_attack_dup0_s20260623_nonbonded,BudgetDoS,m12_no_attack_dup0_s20260623,nonbonded,5270,PRIVPROBE:1,host_scan,504,False,0,host_scan
m12_no_attack_dup0_s20260623_nonbonded,BudgetDoS,m12_no_attack_dup0_s20260623,nonbonded,5286,PRIVPROBE:1,budget_skip,0,False,0,budget_skip
m12_no_attack_dup0_s20260623_nonbonded,BudgetDoS,m12_no_attack_dup0_s20260623,nonbonded,5305,PRIVPROBE:1,budget_skip,0,False,0,budget_skip
m12_no_attack_dup0_s20260623_nonbonded,BudgetDoS,m12_no_attack_dup0_s20260623,nonbonded,5323,PRIVPROBE:1,budget_skip,0,False,0,budget_skip
m12_no_attack_dup0_s20260623_nonbonded,BudgetDoS,m12_no_attack_dup0_s20260623,nonbonded,5349,PRIVPROBE:1,budget_skip,0,False,0,budget_skip
m12_no_attack_dup0_s20260623_nonbonded,BudgetDoS,m12_no_attack_dup0_s20260623,nonbonded,5371,PRIVPROBE:1,host_scan,504,False,0,host_scan
m12_no_attack_dup0_s20260623_nonbonded,BudgetDoS,m12_no_attack_dup0_s20260623,nonbonded,5404,PRIVPROBE:1,host_scan,504,False,0,host_scan
m12_no_attack_dup0_s20260623_nonbonded,BudgetDoS,m12_no_attack_dup0_s20260623,nonbonded,5419,PRIVPROBE:1,host_scan,504,False,0,host_scan
m12_no_attack_dup0_s20260623_nonbonded,BudgetDoS,m12_no_attack_dup0_s20260623,nonbonded,5432,PRIVPROBE:1,host_scan,504,False,0,host_scan
m12_no_attack_dup0_s20260623_nonbonded,BudgetDoS,m12_no_attack_dup0_s20260623,nonbonded,5448,PRIVPROBE:1,host_scan,504,False,0,host_scan
m12_no_attack_dup0_s20260623_nonbonded,BudgetDoS,m12_no_attack_dup0_s20260623,nonbonded,5468,PRIVPROBE:1,host_scan,504,False,0,host_scan
m12_no_attack_dup0_s20260623_nonbonded,BudgetDoS,m12_no_attack_dup0_s20260623,nonbonded,5482,PRIVPROBE:1,host_scan,504,False,0,host_scan
m12_no_attack_dup0_s20260623_nonbonded,BudgetDoS,m12_no_attack_dup0_s20260623,nonbonded,5511,PRIVPROBE:1,host_scan,504,False,0,host_scan
m12_no_attack_dup0_s20260623_nonbonded,BudgetDoS,m12_no_attack_dup0_s20260623,nonbonded,5533,PRIVPROBE:1,host_scan,504,False,0,host_scan
m12_no_attack_dup0_s20260623_nonbonded,BudgetDoS,m12_no_attack_dup0_s20260623,nonbonded,5556,PRIVPROBE:1,budget_skip,0,False,0,budget_skip
m12_no_attack_dup0_s20260623_nonbonded,BudgetDoS,m12_no_attack_dup0_s20260623,nonbonded,5577,PRIVPROBE:1,budget_skip,0,False,0,budget_skip
m12_no_attack_dup0_s20260623_nonbonded,BudgetDoS,m12_no_attack_dup0_s20260623,nonbonded,5602,PRIVPROBE:1,budget_skip,0,False,0,budget_skip
m12_no_attack_dup0_s20260623_nonbonded,BudgetDoS,m12_no_attack_dup0_s20260623,nonbonded,5624,PRIVPROBE:1,host_scan,504,False,0,host_scan
m12_no_attack_dup0_s20260623_nonbonded,BudgetDoS,m12_no_attack_dup0_s20260623,nonbonded,5649,PRIVPROBE:1,host_scan,504,False,0,host_scan
m12_no_attack_dup0_s20260623_nonbonded,BudgetDoS,m12_no_attack_dup0_s20260623,nonbonded,5666,PRIVPROBE:1,host_scan,504,False,0,host_scan
m12_no_attack_dup0_s20260623_nonbonded,BudgetDoS,m12_no_attack_dup0_s20260623,nonbonded,5691,PRIVPROBE:1,host_scan,504,False,0,host_scan
m12_no_attack_dup0_s20260623_nonbonded,BudgetDoS,m12_no_attack_dup0_s20260623,nonbonded,5705,PRIVPROBE:1,host_scan,504,False,0,host_scan
m12_no_attack_dup0_s20260623_nonbonded,BudgetDoS,m12_no_attack_dup0_s20260623,nonbonded,5726,PRIVPROBE:1,host_scan,504,False,0,host_scan
m12_no_attack_dup0_s20260623_nonbonded,BudgetDoS,m12_no_attack_dup0_s20260623,nonbonded,5765,PRIVPROBE:1,host_scan,504,False,0,host_scan
m12_no_attack_dup0_s20260623_nonbonded,BudgetDoS,m12_no_attack_dup0_s20260623,nonbonded,5787,PRIVPROBE:1,budget_skip,0,False,0,budget_skip
m12_no_attack_dup0_s20260623_nonbonded,BudgetDoS,m12_no_attack_dup0_s20260623,nonbonded,5809,PRIVPROBE:1,budget_skip,0,False,0,budget_skip
m12_no_attack_dup0_s20260623_nonbonded,BudgetDoS,m12_no_attack_dup0_s20260623,nonbonded,5831,PRIVPROBE:1,budget_skip,0,False,0,budget_skip
m12_no_attack_dup0_s20260623_nonbonded,BudgetDoS,m12_no_attack_dup0_s20260623,nonbonded,5845,PRIVPROBE:1,budget_skip,0,False,0,budget_skip
m12_no_attack_dup0_s20260623_nonbonded,BudgetDoS,m12_no_attack_dup0_s20260623,nonbonded,5866,PRIVPROBE:1,budget_skip,0,False,0,budget_skip
m12_no_attack_dup0_s20260623_nonbonded,BudgetDoS,m12_no_attack_dup0_s20260623,nonbonded,5881,PRIVPROBE:1,host_scan,504,False,0,host_scan
m12_no_attack_dup0_s20260623_nonbonded,BudgetDoS,m12_no_attack_dup0_s20260623,nonbonded,5898,PRIVPROBE:1,host_scan,504,False,0,host_scan
m12_no_attack_dup0_s20260623_nonbonded,BudgetDoS,m12_no_attack_dup0_s20260623,nonbonded,5917,PRIVPROBE:1,host_scan,504,False,0,host_scan
m12_no_attack_dup0_s20260623_nonbonded,BudgetDoS,m12_no_attack_dup0_s20260623,nonbonded,5938,PRIVPROBE:1,host_scan,504,False,0,host_scan
m12_no_attack_dup0_s20260623_nonbonded,BudgetDoS,m12_no_attack_dup0_s20260623,nonbonded,5954,PRIVPROBE:1,host_scan,504,False,0,host_scan
m12_no_attack_dup0_s20260623_nonbonded,BudgetDoS,m12_no_attack_dup0_s20260623,nonbonded,5979,PRIVPROBE:1,host_scan,504,False,0,host_scan
m12_no_attack_dup0_s20260623_nonbonded,BudgetDoS,m12_no_attack_dup0_s20260623,nonbonded,6003,PRIVPROBE:1,host_scan,504,False,0,host_scan
m12_no_attack_dup0_s20260623_nonbonded,BudgetDoS,m12_no_attack_dup0_s20260623,nonbonded,6025,PRIVPROBE:1,host_scan,504,False,0,host_scan
m12_no_attack_dup0_s20260623_nonbonded,BudgetDoS,m12_no_attack_dup0_s20260623,nonbonded,6048,PRIVPROBE:1,budget_skip,0,False,0,budget_skip
m12_no_attack_dup0_s20260623_nonbonded,BudgetDoS,m12_no_attack_dup0_s20260623,nonbonded,6060,PRIVPROBE:1,budget_skip,0,False,0,budget_skip
m12_no_attack_dup0_s20260623_nonbonded,BudgetDoS,m12_no_attack_dup0_s20260623,nonbonded,6084,PRIVPROBE:1,budget_skip,0,False,0,budget_skip
m12_no_attack_dup0_s20260623_nonbonded,BudgetDoS,m12_no_attack_dup0_s20260623,nonbonded,6099,PRIVPROBE:1,budget_skip,0,False,0,budget_skip
m12_no_attack_dup0_s20260623_nonbonded,BudgetDoS,m12_no_attack_dup0_s20260623,nonbonded,6117,PRIVPROBE:1,host_scan,504,False,0,host_scan
m12_no_attack_dup0_s20260623_nonbonded,BudgetDoS,m12_no_attack_dup0_s20260623,nonbonded,6147,PRIVPROBE:1,host_scan,504,False,0,host_scan
m12_no_attack_dup0_s20260623_nonbonded,BudgetDoS,m12_no_attack_dup0_s20260623,nonbonded,6163,PRIVPROBE:1,host_scan,504,False,0,host_scan
m12_no_attack_dup0_s20260623_nonbonded,BudgetDoS,m12_no_attack_dup0_s20260623,nonbonded,6182,PRIVPROBE:1,host_scan,504,False,0,host_scan
m12_no_attack_dup0_s20260623_nonbonded,BudgetDoS,m12_no_attack_dup0_s20260623,nonbonded,6198,PRIVPROBE:1,host_scan,504,False,0,host_scan
m12_no_attack_dup0_s20260623_nonbonded,BudgetDoS,m12_no_attack_dup0_s20260623,nonbonded,6226,PRIVPROBE:1,host_scan,504,False,0,host_scan
m12_no_attack_dup0_s20260623_nonbonded,BudgetDoS,m12_no_attack_dup0_s20260623,nonbonded,6242,PRIVPROBE:1,host_scan,504,False,0,host_scan
m12_no_attack_dup0_s20260623_nonbonded,BudgetDoS,m12_no_attack_dup0_s20260623,nonbonded,6259,PRIVPROBE:1,host_scan,504,False,0,host_scan
m12_no_attack_dup0_s20260623_nonbonded,BudgetDoS,m12_no_attack_dup0_s20260623,nonbonded,6275,PRIVPROBE:1,host_scan,504,False,0,host_scan
m12_no_attack_dup0_s20260623_nonbonded,BudgetDoS,m12_no_attack_dup0_s20260623,nonbonded,6302,PRIVPROBE:1,budget_skip,0,False,0,budget_skip
m12_no_attack_dup0_s20260623_nonbonded,BudgetDoS,m12_no_attack_dup0_s20260623,nonbonded,6315,PRIVPROBE:1,budget_skip,0,False,0,budget_skip
m12_no_attack_dup0_s20260623_nonbonded,BudgetDoS,m12_no_attack_dup0_s20260623,nonbonded,6339,PRIVPROBE:1,budget_skip,0,False,0,budget_skip
m12_no_attack_dup0_s20260623_nonbonded,BudgetDoS,m12_no_attack_dup0_s20260623,nonbonded,6355,PRIVPROBE:1,host_scan,504,False,0,host_scan
m12_no_attack_dup0_s20260623_nonbonded,BudgetDoS,m12_no_attack_dup0_s20260623,nonbonded,6374,PRIVPROBE:1,host_scan,504,False,0,host_scan
m12_no_attack_dup0_s20260623_nonbonded,BudgetDoS,m12_no_attack_dup0_s20260623,nonbonded,6398,PRIVPROBE:1,host_scan,504,False,0,host_scan
m12_no_attack_dup0_s20260623_nonbonded,BudgetDoS,m12_no_attack_dup0_s20260623,nonbonded,6420,PRIVPROBE:1,host_scan,504,False,0,host_scan
m12_no_attack_dup0_s20260623_nonbonded,BudgetDoS,m12_no_attack_dup0_s20260623,nonbonded,6441,PRIVPROBE:1,host_scan,504,False,0,host_scan
m12_no_attack_dup0_s20260623_nonbonded,BudgetDoS,m12_no_attack_dup0_s20260623,nonbonded,6463,PRIVPROBE:1,host_scan,504,False,0,host_scan
m12_no_attack_dup0_s20260623_nonbonded,BudgetDoS,m12_no_attack_dup0_s20260623,nonbonded,6488,PRIVPROBE:1,host_scan,504,False,0,host_scan
m12_no_attack_dup0_s20260623_nonbonded,BudgetDoS,m12_no_attack_dup0_s20260623,nonbonded,6510,PRIVPROBE:1,budget_skip,0,False,0,budget_skip
m12_no_attack_dup0_s20260623_nonbonded,BudgetDoS,m12_no_attack_dup0_s20260623,nonbonded,6536,PRIVPROBE:1,budget_skip,0,False,0,budget_skip
m12_no_attack_dup0_s20260623_nonbonded,BudgetDoS,m12_no_attack_dup0_s20260623,nonbonded,6558,PRIVPROBE:1,budget_skip,0,False,0,budget_skip
m12_no_attack_dup0_s20260623_nonbonded,BudgetDoS,m12_no_attack_dup0_s20260623,nonbonded,6578,PRIVPROBE:1,budget_skip,0,False,0,budget_skip
m12_no_attack_dup0_s20260623_nonbonded,BudgetDoS,m12_no_attack_dup0_s20260623,nonbonded,6592,PRIVPROBE:1,budget_skip,0,False,0,budget_skip
m12_no_attack_dup0_s20260623_nonbonded,BudgetDoS,m12_no_attack_dup0_s20260623,nonbonded,6625,PRIVPROBE:1,host_scan,504,False,0,host_scan
m12_no_attack_dup0_s20260623_nonbonded,BudgetDoS,m12_no_attack_dup0_s20260623,nonbonded,6649,PRIVPROBE:1,host_scan,504,False,0,host_scan
m12_no_attack_dup0_s20260623_nonbonded,BudgetDoS,m12_no_attack_dup0_s20260623,nonbonded,6672,PRIVPROBE:1,host_scan,504,False,0,host_scan
m12_no_attack_dup0_s20260623_nonbonded,BudgetDoS,m12_no_attack_dup0_s20260623,nonbonded,6690,PRIVPROBE:1,host_scan,504,False,0,host_scan
m12_no_attack_dup0_s20260623_nonbonded,BudgetDoS,m12_no_attack_dup0_s20260623,nonbonded,6709,PRIVPROBE:1,host_scan,504,False,0,host_scan
m12_no_attack_dup0_s20260623_nonbonded,BudgetDoS,m12_no_attack_dup0_s20260623,nonbonded,6731,PRIVPROBE:1,host_scan,504,False,0,host_scan
m12_no_attack_dup0_s20260623_nonbonded,BudgetDoS,m12_no_attack_dup0_s20260623,nonbonded,6750,PRIVPROBE:1,host_scan,504,False,0,host_scan
m12_no_attack_dup0_s20260623_nonbonded,BudgetDoS,m12_no_attack_dup0_s20260623,nonbonded,6769,PRIVPROBE:1,host_scan,504,False,0,host_scan
m12_no_attack_dup0_s20260623_nonbonded,BudgetDoS,m12_no_attack_dup0_s20260623,nonbonded,6801,PRIVPROBE:1,budget_skip,0,False,0,budget_skip
m12_no_attack_dup0_s20260623_nonbonded,BudgetDoS,m12_no_attack_dup0_s20260623,nonbonded,6836,PRIVPROBE:1,budget_skip,0,False,0,budget_skip
m12_no_attack_dup0_s20260623_nonbonded,BudgetDoS,m12_no_attack_dup0_s20260623,nonbonded,6853,PRIVPROBE:1,budget_skip,0,False,0,budget_skip
m12_no_attack_dup0_s20260623_nonbonded,BudgetDoS,m12_no_attack_dup0_s20260623,nonbonded,6887,PRIVPROBE:1,budget_skip,0,False,0,budget_skip
m12_no_attack_dup0_s20260623_nonbonded,BudgetDoS,m12_no_attack_dup0_s20260623,nonbonded,6906,PRIVPROBE:1,host_scan,504,False,0,host_scan
m12_no_attack_dup0_s20260623_nonbonded,BudgetDoS,m12_no_attack_dup0_s20260623,nonbonded,6921,PRIVPROBE:1,host_scan,504,False,0,host_scan
m12_no_attack_dup0_s20260623_nonbonded,BudgetDoS,m12_no_attack_dup0_s20260623,nonbonded,6948,PRIVPROBE:1,host_scan,504,False,0,host_scan
m12_no_attack_dup0_s20260623_nonbonded,BudgetDoS,m12_no_attack_dup0_s20260623,nonbonded,6972,PRIVPROBE:1,host_scan,504,False,0,host_scan
m12_no_attack_dup0_s20260623_nonbonded,BudgetDoS,m12_no_attack_dup0_s20260623,nonbonded,6999,PRIVPROBE:1,host_scan,504,False,0,host_scan
m12_no_attack_dup0_s20260623_nonbonded,BudgetDoS,m12_no_attack_dup0_s20260623,nonbonded,7026,PRIVPROBE:1,host_scan,504,False,0,host_scan
m12_no_attack_dup0_s20260623_nonbonded,BudgetDoS,m12_no_attack_dup0_s20260623,nonbonded,7047,PRIVPROBE:1,host_scan,504,False,0,host_scan
m12_no_attack_dup0_s20260623_nonbonded,BudgetDoS,m12_no_attack_dup0_s20260623,nonbonded,7076,PRIVPROBE:1,budget_skip,0,False,0,budget_skip
m12_no_attack_dup0_s20260623_nonbonded,BudgetDoS,m12_no_attack_dup0_s20260623,nonbonded,7091,PRIVPROBE:1,budget_skip,0,False,0,budget_skip
m12_no_attack_dup0_s20260623_nonbonded,BudgetDoS,m12_no_attack_dup0_s20260623,nonbonded,7121,PRIVPROBE:1,budget_skip,0,False,0,budget_skip
m12_no_attack_dup0_s20260623_nonbonded,BudgetDoS,m12_no_attack_dup0_s20260623,nonbonded,7140,PRIVPROBE:1,budget_skip,0,False,0,budget_skip
m12_no_attack_dup0_s20260623_nonbonded,BudgetDoS,m12_no_attack_dup0_s20260623,nonbonded,7165,PRIVPROBE:1,budget_skip,0,False,0,budget_skip
m12_no_attack_dup0_s20260623_nonbonded,BudgetDoS,m12_no_attack_dup0_s20260623,nonbonded,7179,PRIVPROBE:1,host_scan,504,False,0,host_scan
m12_no_attack_dup0_s20260623_nonbonded,BudgetDoS,m12_no_attack_dup0_s20260623,nonbonded,7202,PRIVPROBE:1,host_scan,504,False,0,host_scan
m12_no_attack_dup0_s20260623_nonbonded,BudgetDoS,m12_no_attack_dup0_s20260623,nonbonded,7219,PRIVPROBE:1,host_scan,504,False,0,host_scan
m12_no_attack_dup0_s20260623_nonbonded,BudgetDoS,m12_no_attack_dup0_s20260623,nonbonded,7245,PRIVPROBE:1,host_scan,504,False,0,host_scan
m12_no_attack_dup0_s20260623_nonbonded,BudgetDoS,m12_no_attack_dup0_s20260623,nonbonded,7261,PRIVPROBE:1,host_scan,504,False,0,host_scan
m12_no_attack_dup0_s20260623_nonbonded,BudgetDoS,m12_no_attack_dup0_s20260623,nonbonded,7288,PRIVPROBE:1,host_scan,504,False,0,host_scan
m12_no_attack_dup0_s20260623_nonbonded,BudgetDoS,m12_no_attack_dup0_s20260623,nonbonded,7323,PRIVPROBE:1,host_scan,504,False,0,host_scan
m12_no_attack_dup0_s20260623_nonbonded,BudgetDoS,m12_no_attack_dup0_s20260623,nonbonded,7354,PRIVPROBE:1,budget_skip,0,False,0,budget_skip
m12_no_attack_dup0_s20260623_nonbonded,BudgetDoS,m12_no_attack_dup0_s20260623,nonbonded,7376,PRIVPROBE:1,budget_skip,0,False,0,budget_skip
m12_no_attack_dup0_s20260623_nonbonded,BudgetDoS,m12_no_attack_dup0_s20260623,nonbonded,7395,PRIVPROBE:1,budget_skip,0,False,0,budget_skip
m12_no_attack_dup0_s20260623_nonbonded,BudgetDoS,m12_no_attack_dup0_s20260623,nonbonded,7411,PRIVPROBE:1,budget_skip,0,False,0,budget_skip
m12_no_attack_dup0_s20260623_nonbonded,BudgetDoS,m12_no_attack_dup0_s20260623,nonbonded,7433,PRIVPROBE:1,budget_skip,0,False,0,budget_skip
m12_no_attack_dup0_s20260623_nonbonded,BudgetDoS,m12_no_attack_dup0_s20260623,nonbonded,7455,PRIVPROBE:1,host_scan,504,False,0,host_scan
m12_no_attack_dup0_s20260623_nonbonded,BudgetDoS,m12_no_attack_dup0_s20260623,nonbonded,7475,PRIVPROBE:1,host_scan,504,False,0,host_scan
m12_no_attack_dup0_s20260623_nonbonded,BudgetDoS,m12_no_attack_dup0_s20260623,nonbonded,7504,PRIVPROBE:1,host_scan,504,False,0,host_scan
m12_no_attack_dup0_s20260623_nonbonded,BudgetDoS,m12_no_attack_dup0_s20260623,nonbonded,7537,PRIVPROBE:1,host_scan,504,False,0,host_scan
m12_no_attack_dup0_s20260623_nonbonded,BudgetDoS,m12_no_attack_dup0_s20260623,nonbonded,7567,PRIVPROBE:1,host_scan,504,False,0,host_scan
m12_no_attack_dup0_s20260623_nonbonded,BudgetDoS,m12_no_attack_dup0_s20260623,nonbonded,7581,PRIVPROBE:1,host_scan,504,False,0,host_scan
m12_no_attack_dup0_s20260623_nonbonded,BudgetDoS,m12_no_attack_dup0_s20260623,nonbonded,7593,PRIVPROBE:1,host_scan,504,False,0,host_scan
m12_no_attack_dup0_s20260623_nonbonded,BudgetDoS,m12_no_attack_dup0_s20260623,nonbonded,7615,PRIVPROBE:1,host_scan,504,False,0,host_scan
m12_no_attack_dup0_s20260623_nonbonded,BudgetDoS,m12_no_attack_dup0_s20260623,nonbonded,7632,PRIVPROBE:1,budget_skip,0,False,0,budget_skip
m12_no_attack_dup0_s20260623_nonbonded,BudgetDoS,m12_no_attack_dup0_s20260623,nonbonded,7649,PRIVPROBE:1,budget_skip,0,False,0,budget_skip
m12_no_attack_dup0_s20260623_nonbonded,BudgetDoS,m12_no_attack_dup0_s20260623,nonbonded,7671,PRIVPROBE:1,budget_skip,0,False,0,budget_skip
m12_no_attack_dup0_s20260623_nonbonded,BudgetDoS,m12_no_attack_dup0_s20260623,nonbonded,7698,PRIVPROBE:1,budget_skip,0,False,0,budget_skip
