run_id,method,paired_trace_id,identity_label_for_scoring,event_id,rpa_value,action,aes_attempts,deferred,delay_ms,admission_path
m12_heavy_flood_dup60_s20260613_bonded,P3-Persist,m12_heavy_flood_dup60_s20260613,bonded,66974,PRIVPROBE:0,cache_hit,0,False,0,cache
m12_heavy_flood_dup60_s20260613_bonded,P3-Persist,m12_heavy_flood_dup60_s20260613,bonded,68078,PRIVPROBE:0,cache_hit,0,False,0,cache
m12_heavy_flood_dup60_s20260613_bonded,P3-Persist,m12_heavy_flood_dup60_s20260613,bonded,69174,PRIVPROBE:0,cache_hit,0,False,0,cache
m12_heavy_flood_dup60_s20260613_bonded,P3-Persist,m12_heavy_flood_dup60_s20260613,bonded,70299,PRIVPROBE:0,cache_hit,0,False,0,cache
m12_heavy_flood_dup60_s20260613_bonded,P3-Persist,m12_heavy_flood_dup60_s20260613,bonded,71406,PRIVPROBE:0,cache_hit,0,False,0,cache
m12_heavy_flood_dup60_s20260613_bonded,P3-Persist,m12_heavy_flood_dup60_s20260613,bonded,72531,PRIVPROBE:0,cache_hit,0,False,0,cache
m12_heavy_flood_dup60_s20260613_bonded,P3-Persist,m12_heavy_flood_dup60_s20260613,bonded,73644,PRIVPROBE:0,cache_hit,0,False,0,cache
m12_heavy_flood_dup60_s20260613_bonded,P3-Persist,m12_heavy_flood_dup60_s20260613,bonded,74832,PRIVPROBE:0,cache_hit,0,False,0,cache
m12_heavy_flood_dup60_s20260613_bonded,P3-Persist,m12_heavy_flood_dup60_s20260613,bonded,75970,PRIVPROBE:0,cache_hit,0,False,0,cache
m12_heavy_flood_dup60_s20260613_bonded,P3-Persist,m12_heavy_flood_dup60_s20260613,bonded,77060,PRIVPROBE:0,cache_hit,0,False,0,cache
m12_heavy_flood_dup60_s20260613_bonded,P3-Persist,m12_heavy_flood_dup60_s20260613,bonded,78175,PRIVPROBE:0,cache_hit,0,False,0,cache
m12_heavy_flood_dup60_s20260613_bonded,P3-Persist,m12_heavy_flood_dup60_s20260613,bonded,79270,PRIVPROBE:0,cache_hit,0,False,0,cache
m12_heavy_flood_dup60_s20260613_bonded,P3-Persist,m12_heavy_flood_dup60_s20260613,bonded,80341,PRIVPROBE:0,cache_hit,0,False,0,cache
m12_heavy_flood_dup60_s20260613_bonded,P3-Persist,m12_heavy_flood_dup60_s20260613,bonded,81430,PRIVPROBE:0,cache_hit,0,False,0,cache
m12_heavy_flood_dup60_s20260613_bonded,P3-Persist,m12_heavy_flood_dup60_s20260613,bonded,82560,PRIVPROBE:0,cache_hit,0,False,0,cache
m12_heavy_flood_dup60_s20260613_bonded,P3-Persist,m12_heavy_flood_dup60_s20260613,bonded,83685,PRIVPROBE:0,cache_hit,0,False,0,cache
m12_heavy_flood_dup60_s20260613_bonded,P3-Persist,m12_heavy_flood_dup60_s20260613,bonded,84843,PRIVPROBE:0,cache_hit,0,False,0,cache
m12_heavy_flood_dup60_s20260613_bonded,P3-Persist,m12_heavy_flood_dup60_s20260613,bonded,85973,PRIVPROBE:0,cache_hit,0,False,0,cache
m12_heavy_flood_dup60_s20260613_bonded,P3-Persist,m12_heavy_flood_dup60_s20260613,bonded,87108,PRIVPROBE:0,cache_hit,0,False,0,cache
m12_heavy_flood_dup60_s20260613_bonded,P3-Persist,m12_heavy_flood_dup60_s20260613,bonded,88191,PRIVPROBE:0,cache_hit,0,False,0,cache
m12_heavy_flood_dup60_s20260613_bonded,P3-Persist,m12_heavy_flood_dup60_s20260613,bonded,89294,PRIVPROBE:0,cache_hit,0,False,0,cache
m12_heavy_flood_dup60_s20260613_bonded,P3-Persist,m12_heavy_flood_dup60_s20260613,bonded,90470,PRIVPROBE:0,cache_hit,0,False,0,cache
m12_heavy_flood_dup60_s20260613_bonded,P3-Persist,m12_heavy_flood_dup60_s20260613,bonded,91573,PRIVPROBE:0,cache_hit,0,False,0,cache
m12_heavy_flood_dup60_s20260613_bonded,P3-Persist,m12_heavy_flood_dup60_s20260613,bonded,92671,PRIVPROBE:0,cache_hit,0,False,0,cache
m12_heavy_flood_dup60_s20260613_bonded,P3-Persist,m12_heavy_flood_dup60_s20260613,bonded,93762,PRIVPROBE:0,cache_hit,0,False,0,cache
m12_heavy_flood_dup60_s20260613_bonded,P3-Persist,m12_heavy_flood_dup60_s20260613,bonded,94861,PRIVPROBE:0,cache_hit,0,False,0,cache
m12_heavy_flood_dup60_s20260613_bonded,P3-Persist,m12_heavy_flood_dup60_s20260613,bonded,95975,PRIVPROBE:0,cache_hit,0,False,0,cache
m12_heavy_flood_dup60_s20260613_bonded,P3-Persist,m12_heavy_flood_dup60_s20260613,bonded,97074,PRIVPROBE:0,cache_hit,0,False,0,cache
m12_heavy_flood_dup60_s20260613_bonded,P3-Persist,m12_heavy_flood_dup60_s20260613,bonded,98208,PRIVPROBE:0,cache_hit,0,False,0,cache
m12_heavy_flood_dup60_s20260613_bonded,P3-Persist,m12_heavy_flood_dup60_s20260613,bonded,99300,PRIVPROBE:0,cache_hit,0,False,0,cache
m12_heavy_flood_dup60_s20260613_bonded,P3-Persist,m12_heavy_flood_dup60_s20260613,bonded,100363,PRIVPROBE:0,cache_hit,0,False,0,cache
m12_heavy_flood_dup60_s20260613_bonded,P3-Persist,m12_heavy_flood_dup60_s20260613,bonded,101441,PRIVPROBE:0,cache_hit,0,False,0,cache
m12_heavy_flood_dup60_s20260613_bonded,P3-Persist,m12_heavy_flood_dup60_s20260613,bonded,102581,PRIVPROBE:0,cache_hit,0,False,0,cache
m12_heavy_flood_dup60_s20260613_bonded,P3-Persist,m12_heavy_flood_dup60_s20260613,bonded,103793,PRIVPROBE:0,cache_hit,0,False,0,cache
m12_heavy_flood_dup60_s20260613_bonded,P3-Persist,m12_heavy_flood_dup60_s20260613,bonded,104871,PRIVPROBE:0,cache_hit,0,False,0,cache
m12_heavy_flood_dup60_s20260613_bonded,P3-Persist,m12_heavy_flood_dup60_s20260613,bonded,105961,PRIVPROBE:0,cache_hit,0,False,0,cache
m12_heavy_flood_dup60_s20260613_bonded,P3-Persist,m12_heavy_flood_dup60_s20260613,bonded,107038,PRIVPROBE:0,cache_hit,0,False,0,cache
m12_heavy_flood_dup60_s20260613_bonded,P3-Persist,m12_heavy_flood_dup60_s20260613,bonded,108160,PRIVPROBE:0,cache_hit,0,False,0,cache
m12_heavy_flood_dup60_s20260613_bonded,P3-Persist,m12_heavy_flood_dup60_s20260613,bonded,109270,PRIVPROBE:0,cache_hit,0,False,0,cache
m12_heavy_flood_dup60_s20260613_bonded,P3-Persist,m12_heavy_flood_dup60_s20260613,bonded,110445,PRIVPROBE:0,cache_hit,0,False,0,cache
m12_heavy_flood_dup60_s20260613_bonded,P3-Persist,m12_heavy_flood_dup60_s20260613,bonded,111504,PRIVPROBE:0,cache_hit,0,False,0,cache
m12_heavy_flood_dup60_s20260613_bonded,P3-Persist,m12_heavy_flood_dup60_s20260613,bonded,112657,PRIVPROBE:0,cache_hit,0,False,0,cache
m12_heavy_flood_dup60_s20260613_bonded,P3-Persist,m12_heavy_flood_dup60_s20260613,bonded,113831,PRIVPROBE:0,cache_hit,0,False,0,cache
m12_heavy_flood_dup60_s20260613_bonded,P3-Persist,m12_heavy_flood_dup60_s20260613,bonded,115001,PRIVPROBE:0,cache_hit,0,False,0,cache
m12_heavy_flood_dup60_s20260613_bonded,P3-Persist,m12_heavy_flood_dup60_s20260613,bonded,116150,PRIVPROBE:0,cache_hit,0,False,0,cache
m12_heavy_flood_dup60_s20260613_bonded,P3-Persist,m12_heavy_flood_dup60_s20260613,bonded,117215,PRIVPROBE:0,cache_hit,0,False,0,cache
m12_heavy_flood_dup60_s20260613_bonded,P3-Persist,m12_heavy_flood_dup60_s20260613,bonded,118362,PRIVPROBE:0,cache_hit,0,False,0,cache
m12_heavy_flood_dup60_s20260613_bonded,P3-Persist,m12_heavy_flood_dup60_s20260613,bonded,119477,PRIVPROBE:0,cache_hit,0,False,0,cache
m12_heavy_flood_dup60_s20260613_bonded,P3-Persist,m12_heavy_flood_dup60_s20260613,bonded,120556,PRIVPROBE:0,cache_hit,0,False,0,cache
m12_heavy_flood_dup60_s20260613_bonded,P3-Persist,m12_heavy_flood_dup60_s20260613,bonded,121664,PRIVPROBE:0,cache_hit,0,False,0,cache
m12_heavy_flood_dup60_s20260613_bonded,P3-Persist,m12_heavy_flood_dup60_s20260613,bonded,122865,PRIVPROBE:0,cache_hit,0,False,0,cache
m12_heavy_flood_dup60_s20260613_bonded,P3-Persist,m12_heavy_flood_dup60_s20260613,bonded,123989,PRIVPROBE:0,cache_hit,0,False,0,cache
m12_heavy_flood_dup60_s20260613_bonded,P3-Persist,m12_heavy_flood_dup60_s20260613,bonded,125108,PRIVPROBE:0,cache_hit,0,False,0,cache
m12_heavy_flood_dup60_s20260613_bonded,P3-Persist,m12_heavy_flood_dup60_s20260613,bonded,126258,PRIVPROBE:0,cache_hit,0,False,0,cache
m12_heavy_flood_dup60_s20260613_bonded,P3-Persist,m12_heavy_flood_dup60_s20260613,bonded,127358,PRIVPROBE:0,cache_hit,0,False,0,cache
m12_heavy_flood_dup60_s20260613_bonded,P3-Persist,m12_heavy_flood_dup60_s20260613,bonded,128444,PRIVPROBE:0,cache_hit,0,False,0,cache
m12_heavy_flood_dup60_s20260613_bonded,P3-Persist,m12_heavy_flood_dup60_s20260613,bonded,129468,PRIVPROBE:0,cache_hit,0,False,0,cache
m12_heavy_flood_dup60_s20260613_bonded,P3-Persist,m12_heavy_flood_dup60_s20260613,bonded,130570,PRIVPROBE:0,cache_hit,0,False,0,cache
m12_heavy_flood_dup60_s20260613_bonded,P3-Persist,m12_heavy_flood_dup60_s20260613,bonded,131738,PRIVPROBE:0,cache_hit,0,False,0,cache
m12_heavy_flood_dup60_s20260613_bonded,P3-Persist,m12_heavy_flood_dup60_s20260613,bonded,132848,PRIVPROBE:0,cache_hit,0,False,0,cache
m12_heavy_flood_dup60_s20260613_bonded,P3-Persist,m12_heavy_flood_dup60_s20260613,bonded,133928,PRIVPROBE:0,cache_hit,0,False,0,cache
m12_heavy_flood_dup60_s20260613_bonded,P3-Persist,m12_heavy_flood_dup60_s20260613,bonded,135002,PRIVPROBE:0,cache_hit,0,False,0,cache
m12_heavy_flood_dup60_s20260613_bonded,P3-Persist,m12_heavy_flood_dup60_s20260613,bonded,136050,PRIVPROBE:0,cache_hit,0,False,0,cache
m12_heavy_flood_dup60_s20260613_bonded,P3-Persist,m12_heavy_flood_dup60_s20260613,bonded,137138,PRIVPROBE:0,cache_hit,0,False,0,cache
m12_heavy_flood_dup60_s20260613_bonded,P3-Persist,m12_heavy_flood_dup60_s20260613,bonded,138252,PRIVPROBE:0,cache_hit,0,False,0,cache
m12_heavy_flood_dup60_s20260613_bonded,P3-Persist,m12_heavy_flood_dup60_s20260613,bonded,139324,PRIVPROBE:0,cache_hit,0,False,0,cache
m12_heavy_flood_dup60_s20260613_bonded,P3-Persist,m12_heavy_flood_dup60_s20260613,bonded,140466,PRIVPROBE:0,cache_hit,0,False,0,cache
m12_heavy_flood_dup60_s20260613_bonded,P3-Persist,m12_heavy_flood_dup60_s20260613,bonded,141613,PRIVPROBE:0,cache_hit,0,False,0,cache
m12_heavy_flood_dup60_s20260613_bonded,P3-Persist,m12_heavy_flood_dup60_s20260613,bonded,142759,PRIVPROBE:0,cache_hit,0,False,0,cache
m12_heavy_flood_dup60_s20260613_bonded,P3-Persist,m12_heavy_flood_dup60_s20260613,bonded,143905,PRIVPROBE:0,cache_hit,0,False,0,cache
m12_heavy_flood_dup60_s20260613_bonded,P3-Persist,m12_heavy_flood_dup60_s20260613,bonded,144928,PRIVPROBE:0,cache_hit,0,False,0,cache
m12_heavy_flood_dup60_s20260613_bonded,P3-Persist,m12_heavy_flood_dup60_s20260613,bonded,146049,PRIVPROBE:0,cache_hit,0,False,0,cache
m12_heavy_flood_dup60_s20260613_bonded,P3-Persist,m12_heavy_flood_dup60_s20260613,bonded,147162,PRIVPROBE:0,cache_hit,0,False,0,cache
m12_heavy_flood_dup60_s20260613_bonded,P3-Persist,m12_heavy_flood_dup60_s20260613,bonded,148260,PRIVPROBE:0,cache_hit,0,False,0,cache
m12_heavy_flood_dup60_s20260613_bonded,P3-Persist,m12_heavy_flood_dup60_s20260613,bonded,149351,PRIVPROBE:0,cache_hit,0,False,0,cache
m12_heavy_flood_dup60_s20260613_bonded,P3-Persist,m12_heavy_flood_dup60_s20260613,bonded,150450,PRIVPROBE:0,cache_hit,0,False,0,cache
m12_heavy_flood_dup60_s20260613_bonded,P3-Persist,m12_heavy_flood_dup60_s20260613,bonded,151563,PRIVPROBE:0,cache_hit,0,False,0,cache
m12_heavy_flood_dup60_s20260613_bonded,P3-Persist,m12_heavy_flood_dup60_s20260613,bonded,152687,PRIVPROBE:0,cache_hit,0,False,0,cache
m12_heavy_flood_dup60_s20260613_bonded,P3-Persist,m12_heavy_flood_dup60_s20260613,bonded,153805,PRIVPROBE:0,cache_hit,0,False,0,cache
m12_heavy_flood_dup60_s20260613_bonded,P3-Persist,m12_heavy_flood_dup60_s20260613,bonded,154930,PRIVPROBE:0,cache_hit,0,False,0,cache
m12_heavy_flood_dup60_s20260613_bonded,P3-Persist,m12_heavy_flood_dup60_s20260613,bonded,156114,PRIVPROBE:0,cache_hit,0,False,0,cache
m12_heavy_flood_dup60_s20260613_bonded,P3-Persist,m12_heavy_flood_dup60_s20260613,bonded,157229,PRIVPROBE:0,cache_hit,0,False,0,cache
m12_heavy_flood_dup60_s20260613_bonded,P3-Persist,m12_heavy_flood_dup60_s20260613,bonded,158304,PRIVPROBE:0,cache_hit,0,False,0,cache
m12_heavy_flood_dup60_s20260613_bonded,P3-Persist,m12_heavy_flood_dup60_s20260613,bonded,159357,PRIVPROBE:0,cache_hit,0,False,0,cache
m12_heavy_flood_dup60_s20260613_bonded,P3-Persist,m12_heavy_flood_dup60_s20260613,bonded,160465,PRIVPROBE:0,cache_hit,0,False,0,cache
m12_heavy_flood_dup60_s20260613_bonded,P3-Persist,m12_heavy_flood_dup60_s20260613,bonded,161617,PRIVPROBE:0,cache_hit,0,False,0,cache
m12_heavy_flood_dup60_s20260613_bonded,P3-Persist,m12_heavy_flood_dup60_s20260613,bonded,162701,PRIVPROBE:0,cache_hit,0,False,0,cache
m12_heavy_flood_dup60_s20260613_bonded,P3-Persist,m12_heavy_flood_dup60_s20260613,bonded,163832,PRIVPROBE:0,cache_hit,0,False,0,cache
m12_heavy_flood_dup60_s20260613_bonded,P3-Persist,m12_heavy_flood_dup60_s20260613,bonded,164971,PRIVPROBE:0,cache_hit,0,False,0,cache
m12_heavy_flood_dup60_s20260613_bonded,P3-Persist,m12_heavy_flood_dup60_s20260613,bonded,166031,PRIVPROBE:0,cache_hit,0,False,0,cache
m12_heavy_flood_dup60_s20260613_bonded,P3-Persist,m12_heavy_flood_dup60_s20260613,bonded,167216,PRIVPROBE:0,cache_hit,0,False,0,cache
m12_heavy_flood_dup60_s20260613_bonded,P3-Persist,m12_heavy_flood_dup60_s20260613,bonded,168363,PRIVPROBE:0,cache_hit,0,False,0,cache
m12_heavy_flood_dup60_s20260613_bonded,P3-Persist,m12_heavy_flood_dup60_s20260613,bonded,169455,PRIVPROBE:0,cache_hit,0,False,0,cache
m12_heavy_flood_dup60_s20260613_bonded,P3-Persist,m12_heavy_flood_dup60_s20260613,bonded,170565,PRIVPROBE:0,cache_hit,0,False,0,cache
m12_heavy_flood_dup60_s20260613_bonded,P3-Persist,m12_heavy_flood_dup60_s20260613,bonded,171677,PRIVPROBE:0,cache_hit,0,False,0,cache
m12_heavy_flood_dup60_s20260613_bonded,P3-Persist,m12_heavy_flood_dup60_s20260613,bonded,172787,PRIVPROBE:0,cache_hit,0,False,0,cache
m12_heavy_flood_dup60_s20260613_bonded,P3-Persist,m12_heavy_flood_dup60_s20260613,bonded,173863,PRIVPROBE:0,cache_hit,0,False,0,cache
m12_heavy_flood_dup60_s20260613_bonded,P3-Persist,m12_heavy_flood_dup60_s20260613,bonded,174970,PRIVPROBE:0,cache_hit,0,False,0,cache
m12_heavy_flood_dup60_s20260613_bonded,P3-Persist,m12_heavy_flood_dup60_s20260613,bonded,176098,PRIVPROBE:0,cache_hit,0,False,0,cache
m12_heavy_flood_dup60_s20260613_bonded,P3-Persist,m12_heavy_flood_dup60_s20260613,bonded,177189,PRIVPROBE:0,cache_hit,0,False,0,cache
m12_heavy_flood_dup60_s20260613_bonded,P3-Persist,m12_heavy_flood_dup60_s20260613,bonded,178282,PRIVPROBE:0,cache_hit,0,False,0,cache
m12_heavy_flood_dup60_s20260613_bonded,P3-Persist,m12_heavy_flood_dup60_s20260613,bonded,179382,PRIVPROBE:0,cache_hit,0,False,0,cache
m12_heavy_flood_dup60_s20260613_bonded,P3-Persist,m12_heavy_flood_dup60_s20260613,bonded,180515,PRIVPROBE:0,cache_hit,0,False,0,cache
m12_heavy_flood_dup60_s20260613_bonded,P3-Persist,m12_heavy_flood_dup60_s20260613,bonded,181623,PRIVPROBE:0,cache_hit,0,False,0,cache
m12_heavy_flood_dup60_s20260613_bonded,P3-Persist,m12_heavy_flood_dup60_s20260613,bonded,182744,PRIVPROBE:0,cache_hit,0,False,0,cache
m12_heavy_flood_dup60_s20260613_bonded,P3-Persist,m12_heavy_flood_dup60_s20260613,bonded,183881,PRIVPROBE:0,cache_hit,0,False,0,cache
m12_heavy_flood_dup60_s20260613_bonded,P3-Persist,m12_heavy_flood_dup60_s20260613,bonded,184990,PRIVPROBE:0,cache_hit,0,False,0,cache
m12_heavy_flood_dup60_s20260613_bonded,P3-Persist,m12_heavy_flood_dup60_s20260613,bonded,186112,PRIVPROBE:0,cache_hit,0,False,0,cache
m12_heavy_flood_dup60_s20260613_bonded,P3-Persist,m12_heavy_flood_dup60_s20260613,bonded,187223,PRIVPROBE:0,cache_hit,0,False,0,cache
m12_heavy_flood_dup60_s20260613_bonded,P3-Persist,m12_heavy_flood_dup60_s20260613,bonded,188368,PRIVPROBE:0,cache_hit,0,False,0,cache
m12_heavy_flood_dup60_s20260613_bonded,P3-Persist,m12_heavy_flood_dup60_s20260613,bonded,189457,PRIVPROBE:0,cache_hit,0,False,0,cache
m12_heavy_flood_dup60_s20260613_bonded,P3-Persist,m12_heavy_flood_dup60_s20260613,bonded,190532,PRIVPROBE:0,cache_hit,0,False,0,cache
m12_heavy_flood_dup60_s20260613_bonded,P3-Persist,m12_heavy_flood_dup60_s20260613,bonded,191674,PRIVPROBE:0,cache_hit,0,False,0,cache
m12_heavy_flood_dup60_s20260613_bonded,P3-Persist,m12_heavy_flood_dup60_s20260613,bonded,192743,PRIVPROBE:0,cache_hit,0,False,0,cache
m12_heavy_flood_dup60_s20260613_bonded,P3-Persist,m12_heavy_flood_dup60_s20260613,bonded,193970,PRIVPROBE:0,cache_hit,0,False,0,cache
m12_heavy_flood_dup60_s20260613_bonded,P3-Persist,m12_heavy_flood_dup60_s20260613,bonded,195042,PRIVPROBE:0,cache_hit,0,False,0,cache
m12_heavy_flood_dup60_s20260613_bonded,P3-Persist,m12_heavy_flood_dup60_s20260613,bonded,196240,PRIVPROBE:0,cache_hit,0,False,0,cache
m12_heavy_flood_dup60_s20260613_bonded,P3-Persist,m12_heavy_flood_dup60_s20260613,bonded,197356,PRIVPROBE:0,cache_hit,0,False,0,cache
m12_heavy_flood_dup60_s20260613_bonded,P3-Persist,m12_heavy_flood_dup60_s20260613,bonded,198433,PRIVPROBE:0,cache_hit,0,False,0,cache
m12_heavy_flood_dup60_s20260613_bonded,P3-Persist,m12_heavy_flood_dup60_s20260613,bonded,199549,PRIVPROBE:0,cache_hit,0,False,0,cache
m12_heavy_flood_dup60_s20260613_bonded,P3-Persist,m12_heavy_flood_dup60_s20260613,bonded,200632,PRIVPROBE:1,defer,0,True,1000,defer
m12_heavy_flood_dup60_s20260613_bonded,P3-Persist,m12_heavy_flood_dup60_s20260613,bonded,201730,PRIVPROBE:1,duplicate_filter,0,False,0,duplicate_filter
m12_heavy_flood_dup60_s20260613_bonded,P3-Persist,m12_heavy_flood_dup60_s20260613,bonded,202805,PRIVPROBE:1,duplicate_filter,0,False,0,duplicate_filter
m12_heavy_flood_dup60_s20260613_bonded,P3-Persist,m12_heavy_flood_dup60_s20260613,bonded,203898,PRIVPROBE:1,duplicate_filter,0,False,0,duplicate_filter
m12_heavy_flood_dup60_s20260613_bonded,P3-Persist,m12_heavy_flood_dup60_s20260613,bonded,205002,PRIVPROBE:1,duplicate_filter,0,False,0,duplicate_filter
m12_heavy_flood_dup60_s20260613_bonded,P3-Persist,m12_heavy_flood_dup60_s20260613,bonded,206100,PRIVPROBE:1,duplicate_filter,0,False,0,duplicate_filter
m12_heavy_flood_dup60_s20260613_bonded,P3-Persist,m12_heavy_flood_dup60_s20260613,bonded,207226,PRIVPROBE:1,duplicate_filter,0,False,0,duplicate_filter
m12_heavy_flood_dup60_s20260613_bonded,P3-Persist,m12_heavy_flood_dup60_s20260613,bonded,208380,PRIVPROBE:1,duplicate_filter,0,False,0,duplicate_filter
m12_heavy_flood_dup60_s20260613_bonded,P3-Persist,m12_heavy_flood_dup60_s20260613,bonded,209489,PRIVPROBE:1,duplicate_filter,0,False,0,duplicate_filter
m12_heavy_flood_dup60_s20260613_bonded,P3-Persist,m12_heavy_flood_dup60_s20260613,bonded,210614,PRIVPROBE:1,duplicate_filter,0,False,0,duplicate_filter
m12_heavy_flood_dup60_s20260613_bonded,P3-Persist,m12_heavy_flood_dup60_s20260613,bonded,211707,PRIVPROBE:1,duplicate_filter,0,False,0,duplicate_filter
m12_heavy_flood_dup60_s20260613_bonded,P3-Persist,m12_heavy_flood_dup60_s20260613,bonded,212786,PRIVPROBE:1,duplicate_filter,0,False,0,duplicate_filter
m12_heavy_flood_dup60_s20260613_bonded,P3-Persist,m12_heavy_flood_dup60_s20260613,bonded,213884,PRIVPROBE:1,host_scan,504,False,0,reserve
m12_heavy_flood_dup60_s20260613_bonded,P3-Persist,m12_heavy_flood_dup60_s20260613,bonded,215079,PRIVPROBE:1,cache_hit,0,False,0,cache
m12_heavy_flood_dup60_s20260613_bonded,P3-Persist,m12_heavy_flood_dup60_s20260613,bonded,216194,PRIVPROBE:1,cache_hit,0,False,0,cache
m12_heavy_flood_dup60_s20260613_bonded,P3-Persist,m12_heavy_flood_dup60_s20260613,bonded,217344,PRIVPROBE:1,cache_hit,0,False,0,cache
m12_heavy_flood_dup60_s20260613_bonded,P3-Persist,m12_heavy_flood_dup60_s20260613,bonded,218517,PRIVPROBE:1,cache_hit,0,False,0,cache
m12_heavy_flood_dup60_s20260613_bonded,P3-Persist,m12_heavy_flood_dup60_s20260613,bonded,219645,PRIVPROBE:1,cache_hit,0,False,0,cache
m12_heavy_flood_dup60_s20260613_bonded,P3-Persist,m12_heavy_flood_dup60_s20260613,bonded,220722,PRIVPROBE:1,cache_hit,0,False,0,cache
m12_heavy_flood_dup60_s20260613_bonded,P3-Persist,m12_heavy_flood_dup60_s20260613,bonded,221832,PRIVPROBE:1,cache_hit,0,False,0,cache
m12_heavy_flood_dup60_s20260613_bonded,P3-Persist,m12_heavy_flood_dup60_s20260613,bonded,222894,PRIVPROBE:1,cache_hit,0,False,0,cache
m12_heavy_flood_dup60_s20260613_bonded,P3-Persist,m12_heavy_flood_dup60_s20260613,bonded,224096,PRIVPROBE:1,cache_hit,0,False,0,cache
m12_heavy_flood_dup60_s20260613_bonded,P3-Persist,m12_heavy_flood_dup60_s20260613,bonded,225239,PRIVPROBE:1,cache_hit,0,False,0,cache
m12_heavy_flood_dup60_s20260613_bonded,P3-Persist,m12_heavy_flood_dup60_s20260613,bonded,226367,PRIVPROBE:1,cache_hit,0,False,0,cache
m12_heavy_flood_dup60_s20260613_bonded,P3-Persist,m12_heavy_flood_dup60_s20260613,bonded,227530,PRIVPROBE:1,cache_hit,0,False,0,cache
m12_heavy_flood_dup60_s20260613_bonded,P3-Persist,m12_heavy_flood_dup60_s20260613,bonded,228658,PRIVPROBE:1,cache_hit,0,False,0,cache
m12_heavy_flood_dup60_s20260613_bonded,P3-Persist,m12_heavy_flood_dup60_s20260613,bonded,229760,PRIVPROBE:1,cache_hit,0,False,0,cache
m12_heavy_flood_dup60_s20260613_bonded,P3-Persist,m12_heavy_flood_dup60_s20260613,bonded,230825,PRIVPROBE:1,cache_hit,0,False,0,cache
m12_heavy_flood_dup60_s20260613_bonded,P3-Persist,m12_heavy_flood_dup60_s20260613,bonded,231896,PRIVPROBE:1,cache_hit,0,False,0,cache
m12_heavy_flood_dup60_s20260613_bonded,P3-Persist,m12_heavy_flood_dup60_s20260613,bonded,232935,PRIVPROBE:1,cache_hit,0,False,0,cache
m12_heavy_flood_dup60_s20260613_bonded,P3-Persist,m12_heavy_flood_dup60_s20260613,bonded,234081,PRIVPROBE:1,cache_hit,0,False,0,cache
m12_heavy_flood_dup60_s20260613_bonded,P3-Persist,m12_heavy_flood_dup60_s20260613,bonded,235195,PRIVPROBE:1,cache_hit,0,False,0,cache
m12_heavy_flood_dup60_s20260613_bonded,P3-Persist,m12_heavy_flood_dup60_s20260613,bonded,236347,PRIVPROBE:1,cache_hit,0,False,0,cache
m12_heavy_flood_dup60_s20260613_bonded,P3-Persist,m12_heavy_flood_dup60_s20260613,bonded,237487,PRIVPROBE:1,cache_hit,0,False,0,cache
m12_heavy_flood_dup60_s20260613_bonded,P3-Persist,m12_heavy_flood_dup60_s20260613,bonded,238618,PRIVPROBE:1,cache_hit,0,False,0,cache
m12_heavy_flood_dup60_s20260613_bonded,P3-Persist,m12_heavy_flood_dup60_s20260613,bonded,239771,PRIVPROBE:1,cache_hit,0,False,0,cache
m12_heavy_flood_dup60_s20260613_bonded,P3-Persist,m12_heavy_flood_dup60_s20260613,bonded,240880,PRIVPROBE:1,cache_hit,0,False,0,cache
m12_heavy_flood_dup60_s20260613_bonded,P3-Persist,m12_heavy_flood_dup60_s20260613,bonded,241982,PRIVPROBE:1,cache_hit,0,False,0,cache
m12_heavy_flood_dup60_s20260613_bonded,P3-Persist,m12_heavy_flood_dup60_s20260613,bonded,243084,PRIVPROBE:1,cache_hit,0,False,0,cache
m12_heavy_flood_dup60_s20260613_bonded,P3-Persist,m12_heavy_flood_dup60_s20260613,bonded,244258,PRIVPROBE:1,cache_hit,0,False,0,cache
m12_heavy_flood_dup60_s20260613_bonded,P3-Persist,m12_heavy_flood_dup60_s20260613,bonded,245406,PRIVPROBE:1,cache_hit,0,False,0,cache
m12_heavy_flood_dup60_s20260613_bonded,P3-Persist,m12_heavy_flood_dup60_s20260613,bonded,246482,PRIVPROBE:1,cache_hit,0,False,0,cache
m12_heavy_flood_dup60_s20260613_bonded,P3-Persist,m12_heavy_flood_dup60_s20260613,bonded,247588,PRIVPROBE:1,cache_hit,0,False,0,cache
m12_heavy_flood_dup60_s20260613_bonded,P3-Persist,m12_heavy_flood_dup60_s20260613,bonded,248714,PRIVPROBE:1,cache_hit,0,False,0,cache
m12_heavy_flood_dup60_s20260613_bonded,P3-Persist,m12_heavy_flood_dup60_s20260613,bonded,249808,PRIVPROBE:1,cache_hit,0,False,0,cache
m12_heavy_flood_dup60_s20260613_bonded,P3-Persist,m12_heavy_flood_dup60_s20260613,bonded,250854,PRIVPROBE:1,cache_hit,0,False,0,cache
m12_heavy_flood_dup60_s20260613_bonded,P3-Persist,m12_heavy_flood_dup60_s20260613,bonded,251957,PRIVPROBE:1,cache_hit,0,False,0,cache
m12_heavy_flood_dup60_s20260613_bonded,P3-Persist,m12_heavy_flood_dup60_s20260613,bonded,253049,PRIVPROBE:1,cache_hit,0,False,0,cache
m12_heavy_flood_dup60_s20260613_bonded,P3-Persist,m12_heavy_flood_dup60_s20260613,bonded,254160,PRIVPROBE:1,cache_hit,0,False,0,cache
m12_heavy_flood_dup60_s20260613_bonded,P3-Persist,m12_heavy_flood_dup60_s20260613,bonded,255231,PRIVPROBE:1,cache_hit,0,False,0,cache
m12_heavy_flood_dup60_s20260613_bonded,P3-Persist,m12_heavy_flood_dup60_s20260613,bonded,256319,PRIVPROBE:1,cache_hit,0,False,0,cache
m12_heavy_flood_dup60_s20260613_bonded,P3-Persist,m12_heavy_flood_dup60_s20260613,bonded,257437,PRIVPROBE:1,cache_hit,0,False,0,cache
m12_heavy_flood_dup60_s20260613_bonded,P3-Persist,m12_heavy_flood_dup60_s20260613,bonded,258501,PRIVPROBE:1,cache_hit,0,False,0,cache
m12_heavy_flood_dup60_s20260613_bonded,P3-Persist,m12_heavy_flood_dup60_s20260613,bonded,259626,PRIVPROBE:1,cache_hit,0,False,0,cache
m12_heavy_flood_dup60_s20260613_bonded,P3-Persist,m12_heavy_flood_dup60_s20260613,bonded,260690,PRIVPROBE:1,cache_hit,0,False,0,cache
m12_heavy_flood_dup60_s20260613_bonded,P3-Persist,m12_heavy_flood_dup60_s20260613,bonded,261821,PRIVPROBE:1,cache_hit,0,False,0,cache
m12_heavy_flood_dup60_s20260613_bonded,P3-Persist,m12_heavy_flood_dup60_s20260613,bonded,262938,PRIVPROBE:1,cache_hit,0,False,0,cache
m12_heavy_flood_dup60_s20260613_bonded,P3-Persist,m12_heavy_flood_dup60_s20260613,bonded,264036,PRIVPROBE:1,cache_hit,0,False,0,cache
m12_heavy_flood_dup60_s20260613_bonded,P3-Persist,m12_heavy_flood_dup60_s20260613,bonded,265125,PRIVPROBE:1,cache_hit,0,False,0,cache
m12_heavy_flood_dup60_s20260613_bonded,P3-Persist,m12_heavy_flood_dup60_s20260613,bonded,266279,PRIVPROBE:1,cache_hit,0,False,0,cache
m12_heavy_flood_dup60_s20260613_bonded,P3-Persist,m12_heavy_flood_dup60_s20260613,bonded,267399,PRIVPROBE:1,cache_hit,0,False,0,cache
m12_heavy_flood_dup60_s20260613_bonded,P3-Persist,m12_heavy_flood_dup60_s20260613,bonded,268480,PRIVPROBE:1,cache_hit,0,False,0,cache
m12_heavy_flood_dup60_s20260613_bonded,P3-Persist,m12_heavy_flood_dup60_s20260613,bonded,269588,PRIVPROBE:1,cache_hit,0,False,0,cache
m12_heavy_flood_dup60_s20260613_bonded,P3-Persist,m12_heavy_flood_dup60_s20260613,bonded,270651,PRIVPROBE:1,cache_hit,0,False,0,cache
m12_heavy_flood_dup60_s20260613_bonded,P3-Persist,m12_heavy_flood_dup60_s20260613,bonded,271713,PRIVPROBE:1,cache_hit,0,False,0,cache
m12_heavy_flood_dup60_s20260613_bonded,P3-Persist,m12_heavy_flood_dup60_s20260613,bonded,272827,PRIVPROBE:1,cache_hit,0,False,0,cache
m12_heavy_flood_dup60_s20260613_bonded,P3-Persist,m12_heavy_flood_dup60_s20260613,bonded,273925,PRIVPROBE:1,cache_hit,0,False,0,cache
m12_heavy_flood_dup60_s20260613_bonded,P3-Persist,m12_heavy_flood_dup60_s20260613,bonded,274985,PRIVPROBE:1,cache_hit,0,False,0,cache
m12_heavy_flood_dup60_s20260613_bonded,P3-Persist,m12_heavy_flood_dup60_s20260613,bonded,276098,PRIVPROBE:1,cache_hit,0,False,0,cache
m12_heavy_flood_dup60_s20260613_bonded,P3-Persist,m12_heavy_flood_dup60_s20260613,bonded,277231,PRIVPROBE:1,cache_hit,0,False,0,cache
m12_heavy_flood_dup60_s20260613_bonded,P3-Persist,m12_heavy_flood_dup60_s20260613,bonded,278359,PRIVPROBE:1,cache_hit,0,False,0,cache
m12_heavy_flood_dup60_s20260613_bonded,P3-Persist,m12_heavy_flood_dup60_s20260613,bonded,279502,PRIVPROBE:1,cache_hit,0,False,0,cache
m12_heavy_flood_dup60_s20260613_bonded,P3-Persist,m12_heavy_flood_dup60_s20260613,bonded,280570,PRIVPROBE:1,cache_hit,0,False,0,cache
m12_heavy_flood_dup60_s20260613_bonded,P3-Persist,m12_heavy_flood_dup60_s20260613,bonded,281694,PRIVPROBE:1,cache_hit,0,False,0,cache
m12_heavy_flood_dup60_s20260613_bonded,P3-Persist,m12_heavy_flood_dup60_s20260613,bonded,282764,PRIVPROBE:1,cache_hit,0,False,0,cache
m12_heavy_flood_dup60_s20260613_bonded,P3-Persist,m12_heavy_flood_dup60_s20260613,bonded,283859,PRIVPROBE:1,cache_hit,0,False,0,cache
m12_heavy_flood_dup60_s20260613_bonded,P3-Persist,m12_heavy_flood_dup60_s20260613,bonded,285035,PRIVPROBE:1,cache_hit,0,False,0,cache
m12_heavy_flood_dup60_s20260613_bonded,P3-Persist,m12_heavy_flood_dup60_s20260613,bonded,286123,PRIVPROBE:1,cache_hit,0,False,0,cache
m12_heavy_flood_dup60_s20260613_bonded,P3-Persist,m12_heavy_flood_dup60_s20260613,bonded,287256,PRIVPROBE:1,cache_hit,0,False,0,cache
m12_heavy_flood_dup60_s20260613_bonded,P3-Persist,m12_heavy_flood_dup60_s20260613,bonded,288447,PRIVPROBE:1,cache_hit,0,False,0,cache
m12_heavy_flood_dup60_s20260613_bonded,P3-Persist,m12_heavy_flood_dup60_s20260613,bonded,289569,PRIVPROBE:1,cache_hit,0,False,0,cache
m12_heavy_flood_dup60_s20260613_bonded,P3-Persist,m12_heavy_flood_dup60_s20260613,bonded,290704,PRIVPROBE:1,cache_hit,0,False,0,cache
m12_heavy_flood_dup60_s20260613_bonded,P3-Persist,m12_heavy_flood_dup60_s20260613,bonded,291878,PRIVPROBE:1,cache_hit,0,False,0,cache
m12_heavy_flood_dup60_s20260613_bonded,P3-Persist,m12_heavy_flood_dup60_s20260613,bonded,292943,PRIVPROBE:1,cache_hit,0,False,0,cache
m12_heavy_flood_dup60_s20260613_bonded,P3-Persist,m12_heavy_flood_dup60_s20260613,bonded,294111,PRIVPROBE:1,cache_hit,0,False,0,cache
m12_heavy_flood_dup60_s20260613_bonded,P3-Persist,m12_heavy_flood_dup60_s20260613,bonded,295250,PRIVPROBE:1,cache_hit,0,False,0,cache
m12_heavy_flood_dup60_s20260613_bonded,P3-Persist,m12_heavy_flood_dup60_s20260613,bonded,296373,PRIVPROBE:1,cache_hit,0,False,0,cache
m12_heavy_flood_dup60_s20260613_bonded,P3-Persist,m12_heavy_flood_dup60_s20260613,bonded,297530,PRIVPROBE:1,cache_hit,0,False,0,cache
m12_heavy_flood_dup60_s20260613_bonded,P3-Persist,m12_heavy_flood_dup60_s20260613,bonded,298625,PRIVPROBE:1,cache_hit,0,False,0,cache
m12_heavy_flood_dup60_s20260613_bonded,P3-Persist,m12_heavy_flood_dup60_s20260613,bonded,299758,PRIVPROBE:1,cache_hit,0,False,0,cache
m12_heavy_flood_dup60_s20260613_bonded,P3-Persist,m12_heavy_flood_dup60_s20260613,bonded,300822,PRIVPROBE:1,cache_hit,0,False,0,cache
m12_heavy_flood_dup60_s20260613_bonded,P3-Persist,m12_heavy_flood_dup60_s20260613,bonded,302005,PRIVPROBE:1,cache_hit,0,False,0,cache
m12_heavy_flood_dup60_s20260613_bonded,P3-Persist,m12_heavy_flood_dup60_s20260613,bonded,303048,PRIVPROBE:1,cache_hit,0,False,0,cache
m12_heavy_flood_dup60_s20260613_bonded,P3-Persist,m12_heavy_flood_dup60_s20260613,bonded,304147,PRIVPROBE:1,cache_hit,0,False,0,cache
m12_heavy_flood_dup60_s20260613_bonded,P3-Persist,m12_heavy_flood_dup60_s20260613,bonded,305315,PRIVPROBE:1,cache_hit,0,False,0,cache
m12_heavy_flood_dup60_s20260613_bonded,P3-Persist,m12_heavy_flood_dup60_s20260613,bonded,306403,PRIVPROBE:1,cache_hit,0,False,0,cache
m12_heavy_flood_dup60_s20260613_bonded,P3-Persist,m12_heavy_flood_dup60_s20260613,bonded,307560,PRIVPROBE:1,cache_hit,0,False,0,cache
m12_heavy_flood_dup60_s20260613_bonded,P3-Persist,m12_heavy_flood_dup60_s20260613,bonded,308655,PRIVPROBE:1,cache_hit,0,False,0,cache
m12_heavy_flood_dup60_s20260613_bonded,P3-Persist,m12_heavy_flood_dup60_s20260613,bonded,309808,PRIVPROBE:1,cache_hit,0,False,0,cache
m12_heavy_flood_dup60_s20260613_bonded,P3-Persist,m12_heavy_flood_dup60_s20260613,bonded,310901,PRIVPROBE:1,cache_hit,0,False,0,cache
m12_heavy_flood_dup60_s20260613_bonded,P3-Persist,m12_heavy_flood_dup60_s20260613,bonded,312009,PRIVPROBE:1,cache_hit,0,False,0,cache
m12_heavy_flood_dup60_s20260613_bonded,P3-Persist,m12_heavy_flood_dup60_s20260613,bonded,313102,PRIVPROBE:1,cache_hit,0,False,0,cache
m12_heavy_flood_dup60_s20260613_bonded,P3-Persist,m12_heavy_flood_dup60_s20260613,bonded,314158,PRIVPROBE:1,cache_hit,0,False,0,cache
m12_heavy_flood_dup60_s20260613_bonded,P3-Persist,m12_heavy_flood_dup60_s20260613,bonded,315329,PRIVPROBE:1,cache_hit,0,False,0,cache
m12_heavy_flood_dup60_s20260613_bonded,P3-Persist,m12_heavy_flood_dup60_s20260613,bonded,316429,PRIVPROBE:1,cache_hit,0,False,0,cache
m12_heavy_flood_dup60_s20260613_bonded,P3-Persist,m12_heavy_flood_dup60_s20260613,bonded,317631,PRIVPROBE:1,cache_hit,0,False,0,cache
m12_heavy_flood_dup60_s20260613_bonded,P3-Persist,m12_heavy_flood_dup60_s20260613,bonded,318749,PRIVPROBE:1,cache_hit,0,False,0,cache
m12_heavy_flood_dup60_s20260613_bonded,P3-Persist,m12_heavy_flood_dup60_s20260613,bonded,319850,PRIVPROBE:1,cache_hit,0,False,0,cache
m12_heavy_flood_dup60_s20260613_bonded,P3-Persist,m12_heavy_flood_dup60_s20260613,bonded,320956,PRIVPROBE:1,cache_hit,0,False,0,cache
m12_heavy_flood_dup60_s20260613_bonded,P3-Persist,m12_heavy_flood_dup60_s20260613,bonded,322063,PRIVPROBE:1,cache_hit,0,False,0,cache
m12_heavy_flood_dup60_s20260613_bonded,P3-Persist,m12_heavy_flood_dup60_s20260613,bonded,323165,PRIVPROBE:1,cache_hit,0,False,0,cache
m12_heavy_flood_dup60_s20260613_bonded,P3-Persist,m12_heavy_flood_dup60_s20260613,bonded,324340,PRIVPROBE:1,cache_hit,0,False,0,cache
m12_heavy_flood_dup60_s20260613_bonded,P3-Persist,m12_heavy_flood_dup60_s20260613,bonded,325409,PRIVPROBE:1,cache_hit,0,False,0,cache
m12_heavy_flood_dup60_s20260613_bonded,P3-Persist,m12_heavy_flood_dup60_s20260613,bonded,326466,PRIVPROBE:1,cache_hit,0,False,0,cache
m12_heavy_flood_dup60_s20260613_bonded,P3-Persist,m12_heavy_flood_dup60_s20260613,bonded,327548,PRIVPROBE:1,cache_hit,0,False,0,cache
m12_heavy_flood_dup60_s20260613_bonded,P3-Persist,m12_heavy_flood_dup60_s20260613,bonded,328688,PRIVPROBE:1,cache_hit,0,False,0,cache
m12_heavy_flood_dup60_s20260613_bonded,P3-Persist,m12_heavy_flood_dup60_s20260613,bonded,329779,PRIVPROBE:1,cache_hit,0,False,0,cache
m12_heavy_flood_dup60_s20260613_bonded,P3-Persist,m12_heavy_flood_dup60_s20260613,bonded,330940,PRIVPROBE:1,cache_hit,0,False,0,cache
m12_heavy_flood_dup60_s20260613_bonded,P3-Persist,m12_heavy_flood_dup60_s20260613,bonded,331995,PRIVPROBE:1,cache_hit,0,False,0,cache
m12_heavy_flood_dup60_s20260613_bonded,P3-Persist,m12_heavy_flood_dup60_s20260613,bonded,333071,PRIVPROBE:1,cache_hit,0,False,0,cache
m12_heavy_flood_dup60_s20260613_bonded,P3-Persist,m12_heavy_flood_dup60_s20260613,bonded,334137,PRIVPROBE:1,cache_hit,0,False,0,cache
m12_heavy_flood_dup60_s20260613_bonded,P3-Persist,m12_heavy_flood_dup60_s20260613,bonded,335255,PRIVPROBE:1,cache_hit,0,False,0,cache
m12_heavy_flood_dup60_s20260613_bonded,P3-Persist,m12_heavy_flood_dup60_s20260613,bonded,336286,PRIVPROBE:1,cache_hit,0,False,0,cache
m12_heavy_flood_dup60_s20260613_bonded,P3-Persist,m12_heavy_flood_dup60_s20260613,bonded,337361,PRIVPROBE:1,cache_hit,0,False,0,cache
m12_heavy_flood_dup60_s20260613_bonded,P3-Persist,m12_heavy_flood_dup60_s20260613,bonded,338471,PRIVPROBE:1,cache_hit,0,False,0,cache
m12_heavy_flood_dup60_s20260613_bonded,P3-Persist,m12_heavy_flood_dup60_s20260613,bonded,339671,PRIVPROBE:1,cache_hit,0,False,0,cache
m12_heavy_flood_dup60_s20260613_bonded,P3-Persist,m12_heavy_flood_dup60_s20260613,bonded,340780,PRIVPROBE:1,cache_hit,0,False,0,cache
m12_heavy_flood_dup60_s20260613_bonded,P3-Persist,m12_heavy_flood_dup60_s20260613,bonded,341972,PRIVPROBE:1,cache_hit,0,False,0,cache
m12_heavy_flood_dup60_s20260613_bonded,P3-Persist,m12_heavy_flood_dup60_s20260613,bonded,343045,PRIVPROBE:1,cache_hit,0,False,0,cache
m12_heavy_flood_dup60_s20260613_bonded,P3-Persist,m12_heavy_flood_dup60_s20260613,bonded,344164,PRIVPROBE:1,cache_hit,0,False,0,cache
m12_heavy_flood_dup60_s20260613_bonded,P3-Persist,m12_heavy_flood_dup60_s20260613,bonded,345309,PRIVPROBE:1,cache_hit,0,False,0,cache
m12_heavy_flood_dup60_s20260613_bonded,P3-Persist,m12_heavy_flood_dup60_s20260613,bonded,346401,PRIVPROBE:1,cache_hit,0,False,0,cache
m12_heavy_flood_dup60_s20260613_bonded,P3-Persist,m12_heavy_flood_dup60_s20260613,bonded,347530,PRIVPROBE:1,cache_hit,0,False,0,cache
m12_heavy_flood_dup60_s20260613_bonded,P3-Persist,m12_heavy_flood_dup60_s20260613,bonded,348668,PRIVPROBE:1,cache_hit,0,False,0,cache
m12_heavy_flood_dup60_s20260613_bonded,P3-Persist,m12_heavy_flood_dup60_s20260613,bonded,349814,PRIVPROBE:1,cache_hit,0,False,0,cache
m12_heavy_flood_dup60_s20260613_bonded,P3-Persist,m12_heavy_flood_dup60_s20260613,bonded,350929,PRIVPROBE:1,cache_hit,0,False,0,cache
m12_heavy_flood_dup60_s20260613_bonded,P3-Persist,m12_heavy_flood_dup60_s20260613,bonded,352034,PRIVPROBE:1,cache_hit,0,False,0,cache
m12_heavy_flood_dup60_s20260613_bonded,P3-Persist,m12_heavy_flood_dup60_s20260613,bonded,353110,PRIVPROBE:1,cache_hit,0,False,0,cache
m12_heavy_flood_dup60_s20260613_bonded,P3-Persist,m12_heavy_flood_dup60_s20260613,bonded,354227,PRIVPROBE:1,cache_hit,0,False,0,cache
m12_heavy_flood_dup60_s20260613_bonded,P3-Persist,m12_heavy_flood_dup60_s20260613,bonded,355334,PRIVPROBE:1,cache_hit,0,False,0,cache
m12_heavy_flood_dup60_s20260613_bonded,P3-Persist,m12_heavy_flood_dup60_s20260613,bonded,356454,PRIVPROBE:1,cache_hit,0,False,0,cache
m12_heavy_flood_dup60_s20260613_bonded,P3-Persist,m12_heavy_flood_dup60_s20260613,bonded,357557,PRIVPROBE:1,cache_hit,0,False,0,cache
m12_heavy_flood_dup60_s20260613_bonded,P3-Persist,m12_heavy_flood_dup60_s20260613,bonded,358646,PRIVPROBE:1,cache_hit,0,False,0,cache
m12_heavy_flood_dup60_s20260613_bonded,P3-Persist,m12_heavy_flood_dup60_s20260613,bonded,359804,PRIVPROBE:1,cache_hit,0,False,0,cache
m12_heavy_flood_dup60_s20260613_bonded,P3-Persist,m12_heavy_flood_dup60_s20260613,bonded,360951,PRIVPROBE:1,cache_hit,0,False,0,cache
m12_heavy_flood_dup60_s20260613_bonded,P3-Persist,m12_heavy_flood_dup60_s20260613,bonded,362100,PRIVPROBE:1,cache_hit,0,False,0,cache
m12_heavy_flood_dup60_s20260613_bonded,P3-Persist,m12_heavy_flood_dup60_s20260613,bonded,363266,PRIVPROBE:1,cache_hit,0,False,0,cache
m12_heavy_flood_dup60_s20260613_bonded,P3-Persist,m12_heavy_flood_dup60_s20260613,bonded,364431,PRIVPROBE:1,cache_hit,0,False,0,cache
m12_heavy_flood_dup60_s20260613_bonded,P3-Persist,m12_heavy_flood_dup60_s20260613,bonded,365507,PRIVPROBE:1,cache_hit,0,False,0,cache
m12_heavy_flood_dup60_s20260613_bonded,P3-Persist,m12_heavy_flood_dup60_s20260613,bonded,366601,PRIVPROBE:1,cache_hit,0,False,0,cache
m12_heavy_flood_dup60_s20260613_bonded,P3-Persist,m12_heavy_flood_dup60_s20260613,bonded,367706,PRIVPROBE:1,cache_hit,0,False,0,cache
m12_heavy_flood_dup60_s20260613_bonded,P3-Persist,m12_heavy_flood_dup60_s20260613,bonded,368817,PRIVPROBE:1,cache_hit,0,False,0,cache
m12_heavy_flood_dup60_s20260613_bonded,P3-Persist,m12_heavy_flood_dup60_s20260613,bonded,369957,PRIVPROBE:1,cache_hit,0,False,0,cache
m12_heavy_flood_dup60_s20260613_bonded,P3-Persist,m12_heavy_flood_dup60_s20260613,bonded,371075,PRIVPROBE:1,cache_hit,0,False,0,cache
m12_heavy_flood_dup60_s20260613_bonded,P3-Persist,m12_heavy_flood_dup60_s20260613,bonded,372191,PRIVPROBE:1,cache_hit,0,False,0,cache
m12_heavy_flood_dup60_s20260613_bonded,P3-Persist,m12_heavy_flood_dup60_s20260613,bonded,373315,PRIVPROBE:1,cache_hit,0,False,0,cache
m12_heavy_flood_dup60_s20260613_bonded,P3-Persist,m12_heavy_flood_dup60_s20260613,bonded,374463,PRIVPROBE:1,cache_hit,0,False,0,cache
m12_heavy_flood_dup60_s20260613_bonded,P3-Persist,m12_heavy_flood_dup60_s20260613,bonded,375653,PRIVPROBE:1,cache_hit,0,False,0,cache
m12_heavy_flood_dup60_s20260613_bonded,P3-Persist,m12_heavy_flood_dup60_s20260613,bonded,376691,PRIVPROBE:1,cache_hit,0,False,0,cache
m12_heavy_flood_dup60_s20260613_bonded,P3-Persist,m12_heavy_flood_dup60_s20260613,bonded,377802,PRIVPROBE:1,cache_hit,0,False,0,cache
m12_heavy_flood_dup60_s20260613_bonded,P3-Persist,m12_heavy_flood_dup60_s20260613,bonded,378883,PRIVPROBE:1,cache_hit,0,False,0,cache
m12_heavy_flood_dup60_s20260613_bonded,P3-Persist,m12_heavy_flood_dup60_s20260613,bonded,380037,PRIVPROBE:1,cache_hit,0,False,0,cache
m12_heavy_flood_dup60_s20260613_bonded,P3-Persist,m12_heavy_flood_dup60_s20260613,bonded,381130,PRIVPROBE:1,cache_hit,0,False,0,cache
m12_heavy_flood_dup60_s20260613_bonded,P3-Persist,m12_heavy_flood_dup60_s20260613,bonded,382274,PRIVPROBE:1,cache_hit,0,False,0,cache
m12_heavy_flood_dup60_s20260613_bonded,P3-Persist,m12_heavy_flood_dup60_s20260613,bonded,383376,PRIVPROBE:1,cache_hit,0,False,0,cache
m12_heavy_flood_dup60_s20260613_bonded,P3-Persist,m12_heavy_flood_dup60_s20260613,bonded,384489,PRIVPROBE:1,cache_hit,0,False,0,cache
m12_heavy_flood_dup60_s20260613_bonded,P3-Persist,m12_heavy_flood_dup60_s20260613,bonded,385552,PRIVPROBE:1,cache_hit,0,False,0,cache
m12_heavy_flood_dup60_s20260613_bonded,P3-Persist,m12_heavy_flood_dup60_s20260613,bonded,386610,PRIVPROBE:1,cache_hit,0,False,0,cache
m12_heavy_flood_dup60_s20260613_bonded,P3-Persist,m12_heavy_flood_dup60_s20260613,bonded,387671,PRIVPROBE:1,cache_hit,0,False,0,cache
m12_heavy_flood_dup60_s20260613_bonded,P3-Persist,m12_heavy_flood_dup60_s20260613,bonded,388782,PRIVPROBE:1,cache_hit,0,False,0,cache
m12_heavy_flood_dup60_s20260613_bonded,P3-Persist,m12_heavy_flood_dup60_s20260613,bonded,389879,PRIVPROBE:1,cache_hit,0,False,0,cache
m12_heavy_flood_dup60_s20260613_bonded,P3-Persist,m12_heavy_flood_dup60_s20260613,bonded,390958,PRIVPROBE:1,cache_hit,0,False,0,cache
m12_heavy_flood_dup60_s20260613_bonded,P3-Persist,m12_heavy_flood_dup60_s20260613,bonded,392043,PRIVPROBE:1,cache_hit,0,False,0,cache
m12_heavy_flood_dup60_s20260613_bonded,P3-Persist,m12_heavy_flood_dup60_s20260613,bonded,393168,PRIVPROBE:1,cache_hit,0,False,0,cache
m12_heavy_flood_dup60_s20260613_bonded,P3-Persist,m12_heavy_flood_dup60_s20260613,bonded,394297,PRIVPROBE:1,cache_hit,0,False,0,cache
m12_heavy_flood_dup60_s20260613_bonded,P3-Persist,m12_heavy_flood_dup60_s20260613,bonded,395444,PRIVPROBE:1,cache_hit,0,False,0,cache
m12_heavy_flood_dup60_s20260613_bonded,P3-Persist,m12_heavy_flood_dup60_s20260613,bonded,396587,PRIVPROBE:1,cache_hit,0,False,0,cache
m12_heavy_flood_dup60_s20260613_bonded,P3-Persist,m12_heavy_flood_dup60_s20260613,bonded,397674,PRIVPROBE:1,cache_hit,0,False,0,cache
m12_heavy_flood_dup60_s20260613_bonded,P3-Persist,m12_heavy_flood_dup60_s20260613,bonded,398770,PRIVPROBE:1,cache_hit,0,False,0,cache
m12_heavy_flood_dup60_s20260613_bonded,P3-Persist,m12_heavy_flood_dup60_s20260613,bonded,399924,PRIVPROBE:1,cache_hit,0,False,0,cache
m12_heavy_flood_dup60_s20260613_bonded,P3-NoPersist,m12_heavy_flood_dup60_s20260613,bonded,66974,PRIVPROBE:0,defer,0,True,1000,defer
m12_heavy_flood_dup60_s20260613_bonded,P3-NoPersist,m12_heavy_flood_dup60_s20260613,bonded,68078,PRIVPROBE:0,duplicate_filter,0,False,0,duplicate_filter
m12_heavy_flood_dup60_s20260613_bonded,P3-NoPersist,m12_heavy_flood_dup60_s20260613,bonded,69174,PRIVPROBE:0,duplicate_filter,0,False,0,duplicate_filter
m12_heavy_flood_dup60_s20260613_bonded,P3-NoPersist,m12_heavy_flood_dup60_s20260613,bonded,70299,PRIVPROBE:0,duplicate_filter,0,False,0,duplicate_filter
m12_heavy_flood_dup60_s20260613_bonded,P3-NoPersist,m12_heavy_flood_dup60_s20260613,bonded,71406,PRIVPROBE:0,duplicate_filter,0,False,0,duplicate_filter
m12_heavy_flood_dup60_s20260613_bonded,P3-NoPersist,m12_heavy_flood_dup60_s20260613,bonded,72531,PRIVPROBE:0,duplicate_filter,0,False,0,duplicate_filter
m12_heavy_flood_dup60_s20260613_bonded,P3-NoPersist,m12_heavy_flood_dup60_s20260613,bonded,73644,PRIVPROBE:0,duplicate_filter,0,False,0,duplicate_filter
m12_heavy_flood_dup60_s20260613_bonded,P3-NoPersist,m12_heavy_flood_dup60_s20260613,bonded,74832,PRIVPROBE:0,duplicate_filter,0,False,0,duplicate_filter
m12_heavy_flood_dup60_s20260613_bonded,P3-NoPersist,m12_heavy_flood_dup60_s20260613,bonded,75970,PRIVPROBE:0,duplicate_filter,0,False,0,duplicate_filter
m12_heavy_flood_dup60_s20260613_bonded,P3-NoPersist,m12_heavy_flood_dup60_s20260613,bonded,77060,PRIVPROBE:0,duplicate_filter,0,False,0,duplicate_filter
m12_heavy_flood_dup60_s20260613_bonded,P3-NoPersist,m12_heavy_flood_dup60_s20260613,bonded,78175,PRIVPROBE:0,duplicate_filter,0,False,0,duplicate_filter
m12_heavy_flood_dup60_s20260613_bonded,P3-NoPersist,m12_heavy_flood_dup60_s20260613,bonded,79270,PRIVPROBE:0,duplicate_filter,0,False,0,duplicate_filter
m12_heavy_flood_dup60_s20260613_bonded,P3-NoPersist,m12_heavy_flood_dup60_s20260613,bonded,80341,PRIVPROBE:0,defer,0,True,1000,defer
m12_heavy_flood_dup60_s20260613_bonded,P3-NoPersist,m12_heavy_flood_dup60_s20260613,bonded,81430,PRIVPROBE:0,duplicate_filter,0,False,0,duplicate_filter
m12_heavy_flood_dup60_s20260613_bonded,P3-NoPersist,m12_heavy_flood_dup60_s20260613,bonded,82560,PRIVPROBE:0,duplicate_filter,0,False,0,duplicate_filter
m12_heavy_flood_dup60_s20260613_bonded,P3-NoPersist,m12_heavy_flood_dup60_s20260613,bonded,83685,PRIVPROBE:0,duplicate_filter,0,False,0,duplicate_filter
m12_heavy_flood_dup60_s20260613_bonded,P3-NoPersist,m12_heavy_flood_dup60_s20260613,bonded,84843,PRIVPROBE:0,duplicate_filter,0,False,0,duplicate_filter
m12_heavy_flood_dup60_s20260613_bonded,P3-NoPersist,m12_heavy_flood_dup60_s20260613,bonded,85973,PRIVPROBE:0,duplicate_filter,0,False,0,duplicate_filter
m12_heavy_flood_dup60_s20260613_bonded,P3-NoPersist,m12_heavy_flood_dup60_s20260613,bonded,87108,PRIVPROBE:0,duplicate_filter,0,False,0,duplicate_filter
m12_heavy_flood_dup60_s20260613_bonded,P3-NoPersist,m12_heavy_flood_dup60_s20260613,bonded,88191,PRIVPROBE:0,duplicate_filter,0,False,0,duplicate_filter
m12_heavy_flood_dup60_s20260613_bonded,P3-NoPersist,m12_heavy_flood_dup60_s20260613,bonded,89294,PRIVPROBE:0,duplicate_filter,0,False,0,duplicate_filter
m12_heavy_flood_dup60_s20260613_bonded,P3-NoPersist,m12_heavy_flood_dup60_s20260613,bonded,90470,PRIVPROBE:0,duplicate_filter,0,False,0,duplicate_filter
m12_heavy_flood_dup60_s20260613_bonded,P3-NoPersist,m12_heavy_flood_dup60_s20260613,bonded,91573,PRIVPROBE:0,duplicate_filter,0,False,0,duplicate_filter
m12_heavy_flood_dup60_s20260613_bonded,P3-NoPersist,m12_heavy_flood_dup60_s20260613,bonded,92671,PRIVPROBE:0,duplicate_filter,0,False,0,duplicate_filter
m12_heavy_flood_dup60_s20260613_bonded,P3-NoPersist,m12_heavy_flood_dup60_s20260613,bonded,93762,PRIVPROBE:0,defer,0,True,1000,defer
m12_heavy_flood_dup60_s20260613_bonded,P3-NoPersist,m12_heavy_flood_dup60_s20260613,bonded,94861,PRIVPROBE:0,duplicate_filter,0,False,0,duplicate_filter
m12_heavy_flood_dup60_s20260613_bonded,P3-NoPersist,m12_heavy_flood_dup60_s20260613,bonded,95975,PRIVPROBE:0,duplicate_filter,0,False,0,duplicate_filter
m12_heavy_flood_dup60_s20260613_bonded,P3-NoPersist,m12_heavy_flood_dup60_s20260613,bonded,97074,PRIVPROBE:0,duplicate_filter,0,False,0,duplicate_filter
m12_heavy_flood_dup60_s20260613_bonded,P3-NoPersist,m12_heavy_flood_dup60_s20260613,bonded,98208,PRIVPROBE:0,duplicate_filter,0,False,0,duplicate_filter
m12_heavy_flood_dup60_s20260613_bonded,P3-NoPersist,m12_heavy_flood_dup60_s20260613,bonded,99300,PRIVPROBE:0,duplicate_filter,0,False,0,duplicate_filter
m12_heavy_flood_dup60_s20260613_bonded,P3-NoPersist,m12_heavy_flood_dup60_s20260613,bonded,100363,PRIVPROBE:0,duplicate_filter,0,False,0,duplicate_filter
m12_heavy_flood_dup60_s20260613_bonded,P3-NoPersist,m12_heavy_flood_dup60_s20260613,bonded,101441,PRIVPROBE:0,duplicate_filter,0,False,0,duplicate_filter
m12_heavy_flood_dup60_s20260613_bonded,P3-NoPersist,m12_heavy_flood_dup60_s20260613,bonded,102581,PRIVPROBE:0,duplicate_filter,0,False,0,duplicate_filter
m12_heavy_flood_dup60_s20260613_bonded,P3-NoPersist,m12_heavy_flood_dup60_s20260613,bonded,103793,PRIVPROBE:0,duplicate_filter,0,False,0,duplicate_filter
m12_heavy_flood_dup60_s20260613_bonded,P3-NoPersist,m12_heavy_flood_dup60_s20260613,bonded,104871,PRIVPROBE:0,duplicate_filter,0,False,0,duplicate_filter
m12_heavy_flood_dup60_s20260613_bonded,P3-NoPersist,m12_heavy_flood_dup60_s20260613,bonded,105961,PRIVPROBE:0,duplicate_filter,0,False,0,duplicate_filter
m12_heavy_flood_dup60_s20260613_bonded,P3-NoPersist,m12_heavy_flood_dup60_s20260613,bonded,107038,PRIVPROBE:0,defer,0,True,1000,defer
m12_heavy_flood_dup60_s20260613_bonded,P3-NoPersist,m12_heavy_flood_dup60_s20260613,bonded,108160,PRIVPROBE:0,duplicate_filter,0,False,0,duplicate_filter
m12_heavy_flood_dup60_s20260613_bonded,P3-NoPersist,m12_heavy_flood_dup60_s20260613,bonded,109270,PRIVPROBE:0,duplicate_filter,0,False,0,duplicate_filter
m12_heavy_flood_dup60_s20260613_bonded,P3-NoPersist,m12_heavy_flood_dup60_s20260613,bonded,110445,PRIVPROBE:0,duplicate_filter,0,False,0,duplicate_filter
m12_heavy_flood_dup60_s20260613_bonded,P3-NoPersist,m12_heavy_flood_dup60_s20260613,bonded,111504,PRIVPROBE:0,duplicate_filter,0,False,0,duplicate_filter
m12_heavy_flood_dup60_s20260613_bonded,P3-NoPersist,m12_heavy_flood_dup60_s20260613,bonded,112657,PRIVPROBE:0,duplicate_filter,0,False,0,duplicate_filter
m12_heavy_flood_dup60_s20260613_bonded,P3-NoPersist,m12_heavy_flood_dup60_s20260613,bonded,113831,PRIVPROBE:0,duplicate_filter,0,False,0,duplicate_filter
m12_heavy_flood_dup60_s20260613_bonded,P3-NoPersist,m12_heavy_flood_dup60_s20260613,bonded,115001,PRIVPROBE:0,duplicate_filter,0,False,0,duplicate_filter
m12_heavy_flood_dup60_s20260613_bonded,P3-NoPersist,m12_heavy_flood_dup60_s20260613,bonded,116150,PRIVPROBE:0,duplicate_filter,0,False,0,duplicate_filter
m12_heavy_flood_dup60_s20260613_bonded,P3-NoPersist,m12_heavy_flood_dup60_s20260613,bonded,117215,PRIVPROBE:0,duplicate_filter,0,False,0,duplicate_filter
m12_heavy_flood_dup60_s20260613_bonded,P3-NoPersist,m12_heavy_flood_dup60_s20260613,bonded,118362,PRIVPROBE:0,duplicate_filter,0,False,0,duplicate_filter
m12_heavy_flood_dup60_s20260613_bonded,P3-NoPersist,m12_heavy_flood_dup60_s20260613,bonded,119477,PRIVPROBE:0,duplicate_filter,0,False,0,duplicate_filter
m12_heavy_flood_dup60_s20260613_bonded,P3-NoPersist,m12_heavy_flood_dup60_s20260613,bonded,120556,PRIVPROBE:0,defer,0,True,1000,defer
m12_heavy_flood_dup60_s20260613_bonded,P3-NoPersist,m12_heavy_flood_dup60_s20260613,bonded,121664,PRIVPROBE:0,duplicate_filter,0,False,0,duplicate_filter
m12_heavy_flood_dup60_s20260613_bonded,P3-NoPersist,m12_heavy_flood_dup60_s20260613,bonded,122865,PRIVPROBE:0,duplicate_filter,0,False,0,duplicate_filter
m12_heavy_flood_dup60_s20260613_bonded,P3-NoPersist,m12_heavy_flood_dup60_s20260613,bonded,123989,PRIVPROBE:0,duplicate_filter,0,False,0,duplicate_filter
m12_heavy_flood_dup60_s20260613_bonded,P3-NoPersist,m12_heavy_flood_dup60_s20260613,bonded,125108,PRIVPROBE:0,duplicate_filter,0,False,0,duplicate_filter
m12_heavy_flood_dup60_s20260613_bonded,P3-NoPersist,m12_heavy_flood_dup60_s20260613,bonded,126258,PRIVPROBE:0,duplicate_filter,0,False,0,duplicate_filter
m12_heavy_flood_dup60_s20260613_bonded,P3-NoPersist,m12_heavy_flood_dup60_s20260613,bonded,127358,PRIVPROBE:0,duplicate_filter,0,False,0,duplicate_filter
m12_heavy_flood_dup60_s20260613_bonded,P3-NoPersist,m12_heavy_flood_dup60_s20260613,bonded,128444,PRIVPROBE:0,duplicate_filter,0,False,0,duplicate_filter
m12_heavy_flood_dup60_s20260613_bonded,P3-NoPersist,m12_heavy_flood_dup60_s20260613,bonded,129468,PRIVPROBE:0,duplicate_filter,0,False,0,duplicate_filter
m12_heavy_flood_dup60_s20260613_bonded,P3-NoPersist,m12_heavy_flood_dup60_s20260613,bonded,130570,PRIVPROBE:0,duplicate_filter,0,False,0,duplicate_filter
m12_heavy_flood_dup60_s20260613_bonded,P3-NoPersist,m12_heavy_flood_dup60_s20260613,bonded,131738,PRIVPROBE:0,duplicate_filter,0,False,0,duplicate_filter
m12_heavy_flood_dup60_s20260613_bonded,P3-NoPersist,m12_heavy_flood_dup60_s20260613,bonded,132848,PRIVPROBE:0,duplicate_filter,0,False,0,duplicate_filter
m12_heavy_flood_dup60_s20260613_bonded,P3-NoPersist,m12_heavy_flood_dup60_s20260613,bonded,133928,PRIVPROBE:0,defer,0,True,1000,defer
m12_heavy_flood_dup60_s20260613_bonded,P3-NoPersist,m12_heavy_flood_dup60_s20260613,bonded,135002,PRIVPROBE:0,duplicate_filter,0,False,0,duplicate_filter
m12_heavy_flood_dup60_s20260613_bonded,P3-NoPersist,m12_heavy_flood_dup60_s20260613,bonded,136050,PRIVPROBE:0,duplicate_filter,0,False,0,duplicate_filter
m12_heavy_flood_dup60_s20260613_bonded,P3-NoPersist,m12_heavy_flood_dup60_s20260613,bonded,137138,PRIVPROBE:0,duplicate_filter,0,False,0,duplicate_filter
m12_heavy_flood_dup60_s20260613_bonded,P3-NoPersist,m12_heavy_flood_dup60_s20260613,bonded,138252,PRIVPROBE:0,duplicate_filter,0,False,0,duplicate_filter
m12_heavy_flood_dup60_s20260613_bonded,P3-NoPersist,m12_heavy_flood_dup60_s20260613,bonded,139324,PRIVPROBE:0,duplicate_filter,0,False,0,duplicate_filter
m12_heavy_flood_dup60_s20260613_bonded,P3-NoPersist,m12_heavy_flood_dup60_s20260613,bonded,140466,PRIVPROBE:0,duplicate_filter,0,False,0,duplicate_filter
m12_heavy_flood_dup60_s20260613_bonded,P3-NoPersist,m12_heavy_flood_dup60_s20260613,bonded,141613,PRIVPROBE:0,duplicate_filter,0,False,0,duplicate_filter
m12_heavy_flood_dup60_s20260613_bonded,P3-NoPersist,m12_heavy_flood_dup60_s20260613,bonded,142759,PRIVPROBE:0,duplicate_filter,0,False,0,duplicate_filter
m12_heavy_flood_dup60_s20260613_bonded,P3-NoPersist,m12_heavy_flood_dup60_s20260613,bonded,143905,PRIVPROBE:0,duplicate_filter,0,False,0,duplicate_filter
m12_heavy_flood_dup60_s20260613_bonded,P3-NoPersist,m12_heavy_flood_dup60_s20260613,bonded,144928,PRIVPROBE:0,duplicate_filter,0,False,0,duplicate_filter
m12_heavy_flood_dup60_s20260613_bonded,P3-NoPersist,m12_heavy_flood_dup60_s20260613,bonded,146049,PRIVPROBE:0,duplicate_filter,0,False,0,duplicate_filter
m12_heavy_flood_dup60_s20260613_bonded,P3-NoPersist,m12_heavy_flood_dup60_s20260613,bonded,147162,PRIVPROBE:0,defer,0,True,1000,defer
m12_heavy_flood_dup60_s20260613_bonded,P3-NoPersist,m12_heavy_flood_dup60_s20260613,bonded,148260,PRIVPROBE:0,duplicate_filter,0,False,0,duplicate_filter
m12_heavy_flood_dup60_s20260613_bonded,P3-NoPersist,m12_heavy_flood_dup60_s20260613,bonded,149351,PRIVPROBE:0,duplicate_filter,0,False,0,duplicate_filter
m12_heavy_flood_dup60_s20260613_bonded,P3-NoPersist,m12_heavy_flood_dup60_s20260613,bonded,150450,PRIVPROBE:0,duplicate_filter,0,False,0,duplicate_filter
m12_heavy_flood_dup60_s20260613_bonded,P3-NoPersist,m12_heavy_flood_dup60_s20260613,bonded,151563,PRIVPROBE:0,duplicate_filter,0,False,0,duplicate_filter
m12_heavy_flood_dup60_s20260613_bonded,P3-NoPersist,m12_heavy_flood_dup60_s20260613,bonded,152687,PRIVPROBE:0,duplicate_filter,0,False,0,duplicate_filter
m12_heavy_flood_dup60_s20260613_bonded,P3-NoPersist,m12_heavy_flood_dup60_s20260613,bonded,153805,PRIVPROBE:0,duplicate_filter,0,False,0,duplicate_filter
m12_heavy_flood_dup60_s20260613_bonded,P3-NoPersist,m12_heavy_flood_dup60_s20260613,bonded,154930,PRIVPROBE:0,duplicate_filter,0,False,0,duplicate_filter
m12_heavy_flood_dup60_s20260613_bonded,P3-NoPersist,m12_heavy_flood_dup60_s20260613,bonded,156114,PRIVPROBE:0,duplicate_filter,0,False,0,duplicate_filter
m12_heavy_flood_dup60_s20260613_bonded,P3-NoPersist,m12_heavy_flood_dup60_s20260613,bonded,157229,PRIVPROBE:0,duplicate_filter,0,False,0,duplicate_filter
m12_heavy_flood_dup60_s20260613_bonded,P3-NoPersist,m12_heavy_flood_dup60_s20260613,bonded,158304,PRIVPROBE:0,duplicate_filter,0,False,0,duplicate_filter
m12_heavy_flood_dup60_s20260613_bonded,P3-NoPersist,m12_heavy_flood_dup60_s20260613,bonded,159357,PRIVPROBE:0,duplicate_filter,0,False,0,duplicate_filter
m12_heavy_flood_dup60_s20260613_bonded,P3-NoPersist,m12_heavy_flood_dup60_s20260613,bonded,160465,PRIVPROBE:0,defer,0,True,1000,defer
m12_heavy_flood_dup60_s20260613_bonded,P3-NoPersist,m12_heavy_flood_dup60_s20260613,bonded,161617,PRIVPROBE:0,duplicate_filter,0,False,0,duplicate_filter
m12_heavy_flood_dup60_s20260613_bonded,P3-NoPersist,m12_heavy_flood_dup60_s20260613,bonded,162701,PRIVPROBE:0,duplicate_filter,0,False,0,duplicate_filter
m12_heavy_flood_dup60_s20260613_bonded,P3-NoPersist,m12_heavy_flood_dup60_s20260613,bonded,163832,PRIVPROBE:0,duplicate_filter,0,False,0,duplicate_filter
m12_heavy_flood_dup60_s20260613_bonded,P3-NoPersist,m12_heavy_flood_dup60_s20260613,bonded,164971,PRIVPROBE:0,duplicate_filter,0,False,0,duplicate_filter
m12_heavy_flood_dup60_s20260613_bonded,P3-NoPersist,m12_heavy_flood_dup60_s20260613,bonded,166031,PRIVPROBE:0,duplicate_filter,0,False,0,duplicate_filter
m12_heavy_flood_dup60_s20260613_bonded,P3-NoPersist,m12_heavy_flood_dup60_s20260613,bonded,167216,PRIVPROBE:0,duplicate_filter,0,False,0,duplicate_filter
m12_heavy_flood_dup60_s20260613_bonded,P3-NoPersist,m12_heavy_flood_dup60_s20260613,bonded,168363,PRIVPROBE:0,duplicate_filter,0,False,0,duplicate_filter
m12_heavy_flood_dup60_s20260613_bonded,P3-NoPersist,m12_heavy_flood_dup60_s20260613,bonded,169455,PRIVPROBE:0,duplicate_filter,0,False,0,duplicate_filter
m12_heavy_flood_dup60_s20260613_bonded,P3-NoPersist,m12_heavy_flood_dup60_s20260613,bonded,170565,PRIVPROBE:0,duplicate_filter,0,False,0,duplicate_filter
m12_heavy_flood_dup60_s20260613_bonded,P3-NoPersist,m12_heavy_flood_dup60_s20260613,bonded,171677,PRIVPROBE:0,duplicate_filter,0,False,0,duplicate_filter
m12_heavy_flood_dup60_s20260613_bonded,P3-NoPersist,m12_heavy_flood_dup60_s20260613,bonded,172787,PRIVPROBE:0,duplicate_filter,0,False,0,duplicate_filter
m12_heavy_flood_dup60_s20260613_bonded,P3-NoPersist,m12_heavy_flood_dup60_s20260613,bonded,173863,PRIVPROBE:0,defer,0,True,1000,defer
m12_heavy_flood_dup60_s20260613_bonded,P3-NoPersist,m12_heavy_flood_dup60_s20260613,bonded,174970,PRIVPROBE:0,duplicate_filter,0,False,0,duplicate_filter
m12_heavy_flood_dup60_s20260613_bonded,P3-NoPersist,m12_heavy_flood_dup60_s20260613,bonded,176098,PRIVPROBE:0,duplicate_filter,0,False,0,duplicate_filter
m12_heavy_flood_dup60_s20260613_bonded,P3-NoPersist,m12_heavy_flood_dup60_s20260613,bonded,177189,PRIVPROBE:0,duplicate_filter,0,False,0,duplicate_filter
m12_heavy_flood_dup60_s20260613_bonded,P3-NoPersist,m12_heavy_flood_dup60_s20260613,bonded,178282,PRIVPROBE:0,duplicate_filter,0,False,0,duplicate_filter
m12_heavy_flood_dup60_s20260613_bonded,P3-NoPersist,m12_heavy_flood_dup60_s20260613,bonded,179382,PRIVPROBE:0,duplicate_filter,0,False,0,duplicate_filter
m12_heavy_flood_dup60_s20260613_bonded,P3-NoPersist,m12_heavy_flood_dup60_s20260613,bonded,180515,PRIVPROBE:0,duplicate_filter,0,False,0,duplicate_filter
m12_heavy_flood_dup60_s20260613_bonded,P3-NoPersist,m12_heavy_flood_dup60_s20260613,bonded,181623,PRIVPROBE:0,duplicate_filter,0,False,0,duplicate_filter
m12_heavy_flood_dup60_s20260613_bonded,P3-NoPersist,m12_heavy_flood_dup60_s20260613,bonded,182744,PRIVPROBE:0,duplicate_filter,0,False,0,duplicate_filter
m12_heavy_flood_dup60_s20260613_bonded,P3-NoPersist,m12_heavy_flood_dup60_s20260613,bonded,183881,PRIVPROBE:0,duplicate_filter,0,False,0,duplicate_filter
m12_heavy_flood_dup60_s20260613_bonded,P3-NoPersist,m12_heavy_flood_dup60_s20260613,bonded,184990,PRIVPROBE:0,duplicate_filter,0,False,0,duplicate_filter
m12_heavy_flood_dup60_s20260613_bonded,P3-NoPersist,m12_heavy_flood_dup60_s20260613,bonded,186112,PRIVPROBE:0,duplicate_filter,0,False,0,duplicate_filter
m12_heavy_flood_dup60_s20260613_bonded,P3-NoPersist,m12_heavy_flood_dup60_s20260613,bonded,187223,PRIVPROBE:0,defer,0,True,1000,defer
m12_heavy_flood_dup60_s20260613_bonded,P3-NoPersist,m12_heavy_flood_dup60_s20260613,bonded,188368,PRIVPROBE:0,duplicate_filter,0,False,0,duplicate_filter
m12_heavy_flood_dup60_s20260613_bonded,P3-NoPersist,m12_heavy_flood_dup60_s20260613,bonded,189457,PRIVPROBE:0,duplicate_filter,0,False,0,duplicate_filter
m12_heavy_flood_dup60_s20260613_bonded,P3-NoPersist,m12_heavy_flood_dup60_s20260613,bonded,190532,PRIVPROBE:0,duplicate_filter,0,False,0,duplicate_filter
m12_heavy_flood_dup60_s20260613_bonded,P3-NoPersist,m12_heavy_flood_dup60_s20260613,bonded,191674,PRIVPROBE:0,duplicate_filter,0,False,0,duplicate_filter
m12_heavy_flood_dup60_s20260613_bonded,P3-NoPersist,m12_heavy_flood_dup60_s20260613,bonded,192743,PRIVPROBE:0,duplicate_filter,0,False,0,duplicate_filter
m12_heavy_flood_dup60_s20260613_bonded,P3-NoPersist,m12_heavy_flood_dup60_s20260613,bonded,193970,PRIVPROBE:0,duplicate_filter,0,False,0,duplicate_filter
m12_heavy_flood_dup60_s20260613_bonded,P3-NoPersist,m12_heavy_flood_dup60_s20260613,bonded,195042,PRIVPROBE:0,duplicate_filter,0,False,0,duplicate_filter
m12_heavy_flood_dup60_s20260613_bonded,P3-NoPersist,m12_heavy_flood_dup60_s20260613,bonded,196240,PRIVPROBE:0,duplicate_filter,0,False,0,duplicate_filter
m12_heavy_flood_dup60_s20260613_bonded,P3-NoPersist,m12_heavy_flood_dup60_s20260613,bonded,197356,PRIVPROBE:0,duplicate_filter,0,False,0,duplicate_filter
m12_heavy_flood_dup60_s20260613_bonded,P3-NoPersist,m12_heavy_flood_dup60_s20260613,bonded,198433,PRIVPROBE:0,duplicate_filter,0,False,0,duplicate_filter
m12_heavy_flood_dup60_s20260613_bonded,P3-NoPersist,m12_heavy_flood_dup60_s20260613,bonded,199549,PRIVPROBE:0,duplicate_filter,0,False,0,duplicate_filter
m12_heavy_flood_dup60_s20260613_bonded,P3-NoPersist,m12_heavy_flood_dup60_s20260613,bonded,200632,PRIVPROBE:1,defer,0,True,1000,defer
m12_heavy_flood_dup60_s20260613_bonded,P3-NoPersist,m12_heavy_flood_dup60_s20260613,bonded,201730,PRIVPROBE:1,duplicate_filter,0,False,0,duplicate_filter
m12_heavy_flood_dup60_s20260613_bonded,P3-NoPersist,m12_heavy_flood_dup60_s20260613,bonded,202805,PRIVPROBE:1,duplicate_filter,0,False,0,duplicate_filter
m12_heavy_flood_dup60_s20260613_bonded,P3-NoPersist,m12_heavy_flood_dup60_s20260613,bonded,203898,PRIVPROBE:1,duplicate_filter,0,False,0,duplicate_filter
m12_heavy_flood_dup60_s20260613_bonded,P3-NoPersist,m12_heavy_flood_dup60_s20260613,bonded,205002,PRIVPROBE:1,duplicate_filter,0,False,0,duplicate_filter
m12_heavy_flood_dup60_s20260613_bonded,P3-NoPersist,m12_heavy_flood_dup60_s20260613,bonded,206100,PRIVPROBE:1,duplicate_filter,0,False,0,duplicate_filter
m12_heavy_flood_dup60_s20260613_bonded,P3-NoPersist,m12_heavy_flood_dup60_s20260613,bonded,207226,PRIVPROBE:1,duplicate_filter,0,False,0,duplicate_filter
m12_heavy_flood_dup60_s20260613_bonded,P3-NoPersist,m12_heavy_flood_dup60_s20260613,bonded,208380,PRIVPROBE:1,duplicate_filter,0,False,0,duplicate_filter
m12_heavy_flood_dup60_s20260613_bonded,P3-NoPersist,m12_heavy_flood_dup60_s20260613,bonded,209489,PRIVPROBE:1,duplicate_filter,0,False,0,duplicate_filter
m12_heavy_flood_dup60_s20260613_bonded,P3-NoPersist,m12_heavy_flood_dup60_s20260613,bonded,210614,PRIVPROBE:1,duplicate_filter,0,False,0,duplicate_filter
m12_heavy_flood_dup60_s20260613_bonded,P3-NoPersist,m12_heavy_flood_dup60_s20260613,bonded,211707,PRIVPROBE:1,duplicate_filter,0,False,0,duplicate_filter
m12_heavy_flood_dup60_s20260613_bonded,P3-NoPersist,m12_heavy_flood_dup60_s20260613,bonded,212786,PRIVPROBE:1,duplicate_filter,0,False,0,duplicate_filter
m12_heavy_flood_dup60_s20260613_bonded,P3-NoPersist,m12_heavy_flood_dup60_s20260613,bonded,213884,PRIVPROBE:1,defer,0,True,1000,defer
m12_heavy_flood_dup60_s20260613_bonded,P3-NoPersist,m12_heavy_flood_dup60_s20260613,bonded,215079,PRIVPROBE:1,duplicate_filter,0,False,0,duplicate_filter
m12_heavy_flood_dup60_s20260613_bonded,P3-NoPersist,m12_heavy_flood_dup60_s20260613,bonded,216194,PRIVPROBE:1,duplicate_filter,0,False,0,duplicate_filter
m12_heavy_flood_dup60_s20260613_bonded,P3-NoPersist,m12_heavy_flood_dup60_s20260613,bonded,217344,PRIVPROBE:1,duplicate_filter,0,False,0,duplicate_filter
m12_heavy_flood_dup60_s20260613_bonded,P3-NoPersist,m12_heavy_flood_dup60_s20260613,bonded,218517,PRIVPROBE:1,duplicate_filter,0,False,0,duplicate_filter
m12_heavy_flood_dup60_s20260613_bonded,P3-NoPersist,m12_heavy_flood_dup60_s20260613,bonded,219645,PRIVPROBE:1,duplicate_filter,0,False,0,duplicate_filter
m12_heavy_flood_dup60_s20260613_bonded,P3-NoPersist,m12_heavy_flood_dup60_s20260613,bonded,220722,PRIVPROBE:1,duplicate_filter,0,False,0,duplicate_filter
m12_heavy_flood_dup60_s20260613_bonded,P3-NoPersist,m12_heavy_flood_dup60_s20260613,bonded,221832,PRIVPROBE:1,duplicate_filter,0,False,0,duplicate_filter
m12_heavy_flood_dup60_s20260613_bonded,P3-NoPersist,m12_heavy_flood_dup60_s20260613,bonded,222894,PRIVPROBE:1,duplicate_filter,0,False,0,duplicate_filter
m12_heavy_flood_dup60_s20260613_bonded,P3-NoPersist,m12_heavy_flood_dup60_s20260613,bonded,224096,PRIVPROBE:1,duplicate_filter,0,False,0,duplicate_filter
m12_heavy_flood_dup60_s20260613_bonded,P3-NoPersist,m12_heavy_flood_dup60_s20260613,bonded,225239,PRIVPROBE:1,duplicate_filter,0,False,0,duplicate_filter
m12_heavy_flood_dup60_s20260613_bonded,P3-NoPersist,m12_heavy_flood_dup60_s20260613,bonded,226367,PRIVPROBE:1,duplicate_filter,0,False,0,duplicate_filter
m12_heavy_flood_dup60_s20260613_bonded,P3-NoPersist,m12_heavy_flood_dup60_s20260613,bonded,227530,PRIVPROBE:1,defer,0,True,1000,defer
m12_heavy_flood_dup60_s20260613_bonded,P3-NoPersist,m12_heavy_flood_dup60_s20260613,bonded,228658,PRIVPROBE:1,duplicate_filter,0,False,0,duplicate_filter
m12_heavy_flood_dup60_s20260613_bonded,P3-NoPersist,m12_heavy_flood_dup60_s20260613,bonded,229760,PRIVPROBE:1,duplicate_filter,0,False,0,duplicate_filter
m12_heavy_flood_dup60_s20260613_bonded,P3-NoPersist,m12_heavy_flood_dup60_s20260613,bonded,230825,PRIVPROBE:1,duplicate_filter,0,False,0,duplicate_filter
m12_heavy_flood_dup60_s20260613_bonded,P3-NoPersist,m12_heavy_flood_dup60_s20260613,bonded,231896,PRIVPROBE:1,duplicate_filter,0,False,0,duplicate_filter
m12_heavy_flood_dup60_s20260613_bonded,P3-NoPersist,m12_heavy_flood_dup60_s20260613,bonded,232935,PRIVPROBE:1,duplicate_filter,0,False,0,duplicate_filter
m12_heavy_flood_dup60_s20260613_bonded,P3-NoPersist,m12_heavy_flood_dup60_s20260613,bonded,234081,PRIVPROBE:1,duplicate_filter,0,False,0,duplicate_filter
m12_heavy_flood_dup60_s20260613_bonded,P3-NoPersist,m12_heavy_flood_dup60_s20260613,bonded,235195,PRIVPROBE:1,duplicate_filter,0,False,0,duplicate_filter
m12_heavy_flood_dup60_s20260613_bonded,P3-NoPersist,m12_heavy_flood_dup60_s20260613,bonded,236347,PRIVPROBE:1,duplicate_filter,0,False,0,duplicate_filter
m12_heavy_flood_dup60_s20260613_bonded,P3-NoPersist,m12_heavy_flood_dup60_s20260613,bonded,237487,PRIVPROBE:1,duplicate_filter,0,False,0,duplicate_filter
m12_heavy_flood_dup60_s20260613_bonded,P3-NoPersist,m12_heavy_flood_dup60_s20260613,bonded,238618,PRIVPROBE:1,duplicate_filter,0,False,0,duplicate_filter
m12_heavy_flood_dup60_s20260613_bonded,P3-NoPersist,m12_heavy_flood_dup60_s20260613,bonded,239771,PRIVPROBE:1,duplicate_filter,0,False,0,duplicate_filter
m12_heavy_flood_dup60_s20260613_bonded,P3-NoPersist,m12_heavy_flood_dup60_s20260613,bonded,240880,PRIVPROBE:1,defer,0,True,1000,defer
m12_heavy_flood_dup60_s20260613_bonded,P3-NoPersist,m12_heavy_flood_dup60_s20260613,bonded,241982,PRIVPROBE:1,duplicate_filter,0,False,0,duplicate_filter
m12_heavy_flood_dup60_s20260613_bonded,P3-NoPersist,m12_heavy_flood_dup60_s20260613,bonded,243084,PRIVPROBE:1,duplicate_filter,0,False,0,duplicate_filter
m12_heavy_flood_dup60_s20260613_bonded,P3-NoPersist,m12_heavy_flood_dup60_s20260613,bonded,244258,PRIVPROBE:1,duplicate_filter,0,False,0,duplicate_filter
m12_heavy_flood_dup60_s20260613_bonded,P3-NoPersist,m12_heavy_flood_dup60_s20260613,bonded,245406,PRIVPROBE:1,duplicate_filter,0,False,0,duplicate_filter
m12_heavy_flood_dup60_s20260613_bonded,P3-NoPersist,m12_heavy_flood_dup60_s20260613,bonded,246482,PRIVPROBE:1,duplicate_filter,0,False,0,duplicate_filter
m12_heavy_flood_dup60_s20260613_bonded,P3-NoPersist,m12_heavy_flood_dup60_s20260613,bonded,247588,PRIVPROBE:1,duplicate_filter,0,False,0,duplicate_filter
m12_heavy_flood_dup60_s20260613_bonded,P3-NoPersist,m12_heavy_flood_dup60_s20260613,bonded,248714,PRIVPROBE:1,duplicate_filter,0,False,0,duplicate_filter
m12_heavy_flood_dup60_s20260613_bonded,P3-NoPersist,m12_heavy_flood_dup60_s20260613,bonded,249808,PRIVPROBE:1,duplicate_filter,0,False,0,duplicate_filter
m12_heavy_flood_dup60_s20260613_bonded,P3-NoPersist,m12_heavy_flood_dup60_s20260613,bonded,250854,PRIVPROBE:1,duplicate_filter,0,False,0,duplicate_filter
m12_heavy_flood_dup60_s20260613_bonded,P3-NoPersist,m12_heavy_flood_dup60_s20260613,bonded,251957,PRIVPROBE:1,duplicate_filter,0,False,0,duplicate_filter
m12_heavy_flood_dup60_s20260613_bonded,P3-NoPersist,m12_heavy_flood_dup60_s20260613,bonded,253049,PRIVPROBE:1,duplicate_filter,0,False,0,duplicate_filter
m12_heavy_flood_dup60_s20260613_bonded,P3-NoPersist,m12_heavy_flood_dup60_s20260613,bonded,254160,PRIVPROBE:1,defer,0,True,1000,defer
m12_heavy_flood_dup60_s20260613_bonded,P3-NoPersist,m12_heavy_flood_dup60_s20260613,bonded,255231,PRIVPROBE:1,duplicate_filter,0,False,0,duplicate_filter
m12_heavy_flood_dup60_s20260613_bonded,P3-NoPersist,m12_heavy_flood_dup60_s20260613,bonded,256319,PRIVPROBE:1,duplicate_filter,0,False,0,duplicate_filter
m12_heavy_flood_dup60_s20260613_bonded,P3-NoPersist,m12_heavy_flood_dup60_s20260613,bonded,257437,PRIVPROBE:1,duplicate_filter,0,False,0,duplicate_filter
m12_heavy_flood_dup60_s20260613_bonded,P3-NoPersist,m12_heavy_flood_dup60_s20260613,bonded,258501,PRIVPROBE:1,duplicate_filter,0,False,0,duplicate_filter
m12_heavy_flood_dup60_s20260613_bonded,P3-NoPersist,m12_heavy_flood_dup60_s20260613,bonded,259626,PRIVPROBE:1,duplicate_filter,0,False,0,duplicate_filter
m12_heavy_flood_dup60_s20260613_bonded,P3-NoPersist,m12_heavy_flood_dup60_s20260613,bonded,260690,PRIVPROBE:1,duplicate_filter,0,False,0,duplicate_filter
m12_heavy_flood_dup60_s20260613_bonded,P3-NoPersist,m12_heavy_flood_dup60_s20260613,bonded,261821,PRIVPROBE:1,duplicate_filter,0,False,0,duplicate_filter
m12_heavy_flood_dup60_s20260613_bonded,P3-NoPersist,m12_heavy_flood_dup60_s20260613,bonded,262938,PRIVPROBE:1,duplicate_filter,0,False,0,duplicate_filter
m12_heavy_flood_dup60_s20260613_bonded,P3-NoPersist,m12_heavy_flood_dup60_s20260613,bonded,264036,PRIVPROBE:1,duplicate_filter,0,False,0,duplicate_filter
m12_heavy_flood_dup60_s20260613_bonded,P3-NoPersist,m12_heavy_flood_dup60_s20260613,bonded,265125,PRIVPROBE:1,duplicate_filter,0,False,0,duplicate_filter
m12_heavy_flood_dup60_s20260613_bonded,P3-NoPersist,m12_heavy_flood_dup60_s20260613,bonded,266279,PRIVPROBE:1,duplicate_filter,0,False,0,duplicate_filter
m12_heavy_flood_dup60_s20260613_bonded,P3-NoPersist,m12_heavy_flood_dup60_s20260613,bonded,267399,PRIVPROBE:1,defer,0,True,1000,defer
m12_heavy_flood_dup60_s20260613_bonded,P3-NoPersist,m12_heavy_flood_dup60_s20260613,bonded,268480,PRIVPROBE:1,duplicate_filter,0,False,0,duplicate_filter
m12_heavy_flood_dup60_s20260613_bonded,P3-NoPersist,m12_heavy_flood_dup60_s20260613,bonded,269588,PRIVPROBE:1,duplicate_filter,0,False,0,duplicate_filter
m12_heavy_flood_dup60_s20260613_bonded,P3-NoPersist,m12_heavy_flood_dup60_s20260613,bonded,270651,PRIVPROBE:1,duplicate_filter,0,False,0,duplicate_filter
m12_heavy_flood_dup60_s20260613_bonded,P3-NoPersist,m12_heavy_flood_dup60_s20260613,bonded,271713,PRIVPROBE:1,duplicate_filter,0,False,0,duplicate_filter
m12_heavy_flood_dup60_s20260613_bonded,P3-NoPersist,m12_heavy_flood_dup60_s20260613,bonded,272827,PRIVPROBE:1,duplicate_filter,0,False,0,duplicate_filter
m12_heavy_flood_dup60_s20260613_bonded,P3-NoPersist,m12_heavy_flood_dup60_s20260613,bonded,273925,PRIVPROBE:1,duplicate_filter,0,False,0,duplicate_filter
m12_heavy_flood_dup60_s20260613_bonded,P3-NoPersist,m12_heavy_flood_dup60_s20260613,bonded,274985,PRIVPROBE:1,duplicate_filter,0,False,0,duplicate_filter
m12_heavy_flood_dup60_s20260613_bonded,P3-NoPersist,m12_heavy_flood_dup60_s20260613,bonded,276098,PRIVPROBE:1,duplicate_filter,0,False,0,duplicate_filter
m12_heavy_flood_dup60_s20260613_bonded,P3-NoPersist,m12_heavy_flood_dup60_s20260613,bonded,277231,PRIVPROBE:1,duplicate_filter,0,False,0,duplicate_filter
m12_heavy_flood_dup60_s20260613_bonded,P3-NoPersist,m12_heavy_flood_dup60_s20260613,bonded,278359,PRIVPROBE:1,duplicate_filter,0,False,0,duplicate_filter
m12_heavy_flood_dup60_s20260613_bonded,P3-NoPersist,m12_heavy_flood_dup60_s20260613,bonded,279502,PRIVPROBE:1,duplicate_filter,0,False,0,duplicate_filter
m12_heavy_flood_dup60_s20260613_bonded,P3-NoPersist,m12_heavy_flood_dup60_s20260613,bonded,280570,PRIVPROBE:1,defer,0,True,1000,defer
m12_heavy_flood_dup60_s20260613_bonded,P3-NoPersist,m12_heavy_flood_dup60_s20260613,bonded,281694,PRIVPROBE:1,duplicate_filter,0,False,0,duplicate_filter
m12_heavy_flood_dup60_s20260613_bonded,P3-NoPersist,m12_heavy_flood_dup60_s20260613,bonded,282764,PRIVPROBE:1,duplicate_filter,0,False,0,duplicate_filter
m12_heavy_flood_dup60_s20260613_bonded,P3-NoPersist,m12_heavy_flood_dup60_s20260613,bonded,283859,PRIVPROBE:1,duplicate_filter,0,False,0,duplicate_filter
m12_heavy_flood_dup60_s20260613_bonded,P3-NoPersist,m12_heavy_flood_dup60_s20260613,bonded,285035,PRIVPROBE:1,duplicate_filter,0,False,0,duplicate_filter
m12_heavy_flood_dup60_s20260613_bonded,P3-NoPersist,m12_heavy_flood_dup60_s20260613,bonded,286123,PRIVPROBE:1,duplicate_filter,0,False,0,duplicate_filter
m12_heavy_flood_dup60_s20260613_bonded,P3-NoPersist,m12_heavy_flood_dup60_s20260613,bonded,287256,PRIVPROBE:1,duplicate_filter,0,False,0,duplicate_filter
m12_heavy_flood_dup60_s20260613_bonded,P3-NoPersist,m12_heavy_flood_dup60_s20260613,bonded,288447,PRIVPROBE:1,duplicate_filter,0,False,0,duplicate_filter
m12_heavy_flood_dup60_s20260613_bonded,P3-NoPersist,m12_heavy_flood_dup60_s20260613,bonded,289569,PRIVPROBE:1,duplicate_filter,0,False,0,duplicate_filter
m12_heavy_flood_dup60_s20260613_bonded,P3-NoPersist,m12_heavy_flood_dup60_s20260613,bonded,290704,PRIVPROBE:1,duplicate_filter,0,False,0,duplicate_filter
m12_heavy_flood_dup60_s20260613_bonded,P3-NoPersist,m12_heavy_flood_dup60_s20260613,bonded,291878,PRIVPROBE:1,duplicate_filter,0,False,0,duplicate_filter
m12_heavy_flood_dup60_s20260613_bonded,P3-NoPersist,m12_heavy_flood_dup60_s20260613,bonded,292943,PRIVPROBE:1,duplicate_filter,0,False,0,duplicate_filter
m12_heavy_flood_dup60_s20260613_bonded,P3-NoPersist,m12_heavy_flood_dup60_s20260613,bonded,294111,PRIVPROBE:1,defer,0,True,1000,defer
m12_heavy_flood_dup60_s20260613_bonded,P3-NoPersist,m12_heavy_flood_dup60_s20260613,bonded,295250,PRIVPROBE:1,duplicate_filter,0,False,0,duplicate_filter
m12_heavy_flood_dup60_s20260613_bonded,P3-NoPersist,m12_heavy_flood_dup60_s20260613,bonded,296373,PRIVPROBE:1,duplicate_filter,0,False,0,duplicate_filter
m12_heavy_flood_dup60_s20260613_bonded,P3-NoPersist,m12_heavy_flood_dup60_s20260613,bonded,297530,PRIVPROBE:1,duplicate_filter,0,False,0,duplicate_filter
m12_heavy_flood_dup60_s20260613_bonded,P3-NoPersist,m12_heavy_flood_dup60_s20260613,bonded,298625,PRIVPROBE:1,duplicate_filter,0,False,0,duplicate_filter
m12_heavy_flood_dup60_s20260613_bonded,P3-NoPersist,m12_heavy_flood_dup60_s20260613,bonded,299758,PRIVPROBE:1,duplicate_filter,0,False,0,duplicate_filter
m12_heavy_flood_dup60_s20260613_bonded,P3-NoPersist,m12_heavy_flood_dup60_s20260613,bonded,300822,PRIVPROBE:1,duplicate_filter,0,False,0,duplicate_filter
m12_heavy_flood_dup60_s20260613_bonded,P3-NoPersist,m12_heavy_flood_dup60_s20260613,bonded,302005,PRIVPROBE:1,duplicate_filter,0,False,0,duplicate_filter
m12_heavy_flood_dup60_s20260613_bonded,P3-NoPersist,m12_heavy_flood_dup60_s20260613,bonded,303048,PRIVPROBE:1,duplicate_filter,0,False,0,duplicate_filter
m12_heavy_flood_dup60_s20260613_bonded,P3-NoPersist,m12_heavy_flood_dup60_s20260613,bonded,304147,PRIVPROBE:1,duplicate_filter,0,False,0,duplicate_filter
m12_heavy_flood_dup60_s20260613_bonded,P3-NoPersist,m12_heavy_flood_dup60_s20260613,bonded,305315,PRIVPROBE:1,duplicate_filter,0,False,0,duplicate_filter
m12_heavy_flood_dup60_s20260613_bonded,P3-NoPersist,m12_heavy_flood_dup60_s20260613,bonded,306403,PRIVPROBE:1,duplicate_filter,0,False,0,duplicate_filter
m12_heavy_flood_dup60_s20260613_bonded,P3-NoPersist,m12_heavy_flood_dup60_s20260613,bonded,307560,PRIVPROBE:1,defer,0,True,1000,defer
m12_heavy_flood_dup60_s20260613_bonded,P3-NoPersist,m12_heavy_flood_dup60_s20260613,bonded,308655,PRIVPROBE:1,duplicate_filter,0,False,0,duplicate_filter
m12_heavy_flood_dup60_s20260613_bonded,P3-NoPersist,m12_heavy_flood_dup60_s20260613,bonded,309808,PRIVPROBE:1,duplicate_filter,0,False,0,duplicate_filter
m12_heavy_flood_dup60_s20260613_bonded,P3-NoPersist,m12_heavy_flood_dup60_s20260613,bonded,310901,PRIVPROBE:1,duplicate_filter,0,False,0,duplicate_filter
m12_heavy_flood_dup60_s20260613_bonded,P3-NoPersist,m12_heavy_flood_dup60_s20260613,bonded,312009,PRIVPROBE:1,duplicate_filter,0,False,0,duplicate_filter
m12_heavy_flood_dup60_s20260613_bonded,P3-NoPersist,m12_heavy_flood_dup60_s20260613,bonded,313102,PRIVPROBE:1,duplicate_filter,0,False,0,duplicate_filter
m12_heavy_flood_dup60_s20260613_bonded,P3-NoPersist,m12_heavy_flood_dup60_s20260613,bonded,314158,PRIVPROBE:1,duplicate_filter,0,False,0,duplicate_filter
m12_heavy_flood_dup60_s20260613_bonded,P3-NoPersist,m12_heavy_flood_dup60_s20260613,bonded,315329,PRIVPROBE:1,duplicate_filter,0,False,0,duplicate_filter
m12_heavy_flood_dup60_s20260613_bonded,P3-NoPersist,m12_heavy_flood_dup60_s20260613,bonded,316429,PRIVPROBE:1,duplicate_filter,0,False,0,duplicate_filter
m12_heavy_flood_dup60_s20260613_bonded,P3-NoPersist,m12_heavy_flood_dup60_s20260613,bonded,317631,PRIVPROBE:1,duplicate_filter,0,False,0,duplicate_filter
m12_heavy_flood_dup60_s20260613_bonded,P3-NoPersist,m12_heavy_flood_dup60_s20260613,bonded,318749,PRIVPROBE:1,duplicate_filter,0,False,0,duplicate_filter
m12_heavy_flood_dup60_s20260613_bonded,P3-NoPersist,m12_heavy_flood_dup60_s20260613,bonded,319850,PRIVPROBE:1,duplicate_filter,0,False,0,duplicate_filter
m12_heavy_flood_dup60_s20260613_bonded,P3-NoPersist,m12_heavy_flood_dup60_s20260613,bonded,320956,PRIVPROBE:1,defer,0,True,1000,defer
m12_heavy_flood_dup60_s20260613_bonded,P3-NoPersist,m12_heavy_flood_dup60_s20260613,bonded,322063,PRIVPROBE:1,duplicate_filter,0,False,0,duplicate_filter
m12_heavy_flood_dup60_s20260613_bonded,P3-NoPersist,m12_heavy_flood_dup60_s20260613,bonded,323165,PRIVPROBE:1,duplicate_filter,0,False,0,duplicate_filter
m12_heavy_flood_dup60_s20260613_bonded,P3-NoPersist,m12_heavy_flood_dup60_s20260613,bonded,324340,PRIVPROBE:1,duplicate_filter,0,False,0,duplicate_filter
m12_heavy_flood_dup60_s20260613_bonded,P3-NoPersist,m12_heavy_flood_dup60_s20260613,bonded,325409,PRIVPROBE:1,duplicate_filter,0,False,0,duplicate_filter
m12_heavy_flood_dup60_s20260613_bonded,P3-NoPersist,m12_heavy_flood_dup60_s20260613,bonded,326466,PRIVPROBE:1,duplicate_filter,0,False,0,duplicate_filter
m12_heavy_flood_dup60_s20260613_bonded,P3-NoPersist,m12_heavy_flood_dup60_s20260613,bonded,327548,PRIVPROBE:1,duplicate_filter,0,False,0,duplicate_filter
m12_heavy_flood_dup60_s20260613_bonded,P3-NoPersist,m12_heavy_flood_dup60_s20260613,bonded,328688,PRIVPROBE:1,duplicate_filter,0,False,0,duplicate_filter
m12_heavy_flood_dup60_s20260613_bonded,P3-NoPersist,m12_heavy_flood_dup60_s20260613,bonded,329779,PRIVPROBE:1,duplicate_filter,0,False,0,duplicate_filter
m12_heavy_flood_dup60_s20260613_bonded,P3-NoPersist,m12_heavy_flood_dup60_s20260613,bonded,330940,PRIVPROBE:1,duplicate_filter,0,False,0,duplicate_filter
m12_heavy_flood_dup60_s20260613_bonded,P3-NoPersist,m12_heavy_flood_dup60_s20260613,bonded,331995,PRIVPROBE:1,duplicate_filter,0,False,0,duplicate_filter
m12_heavy_flood_dup60_s20260613_bonded,P3-NoPersist,m12_heavy_flood_dup60_s20260613,bonded,333071,PRIVPROBE:1,duplicate_filter,0,False,0,duplicate_filter
m12_heavy_flood_dup60_s20260613_bonded,P3-NoPersist,m12_heavy_flood_dup60_s20260613,bonded,334137,PRIVPROBE:1,defer,0,True,1000,defer
m12_heavy_flood_dup60_s20260613_bonded,P3-NoPersist,m12_heavy_flood_dup60_s20260613,bonded,335255,PRIVPROBE:1,duplicate_filter,0,False,0,duplicate_filter
m12_heavy_flood_dup60_s20260613_bonded,P3-NoPersist,m12_heavy_flood_dup60_s20260613,bonded,336286,PRIVPROBE:1,duplicate_filter,0,False,0,duplicate_filter
m12_heavy_flood_dup60_s20260613_bonded,P3-NoPersist,m12_heavy_flood_dup60_s20260613,bonded,337361,PRIVPROBE:1,duplicate_filter,0,False,0,duplicate_filter
m12_heavy_flood_dup60_s20260613_bonded,P3-NoPersist,m12_heavy_flood_dup60_s20260613,bonded,338471,PRIVPROBE:1,duplicate_filter,0,False,0,duplicate_filter
m12_heavy_flood_dup60_s20260613_bonded,P3-NoPersist,m12_heavy_flood_dup60_s20260613,bonded,339671,PRIVPROBE:1,duplicate_filter,0,False,0,duplicate_filter
m12_heavy_flood_dup60_s20260613_bonded,P3-NoPersist,m12_heavy_flood_dup60_s20260613,bonded,340780,PRIVPROBE:1,duplicate_filter,0,False,0,duplicate_filter
m12_heavy_flood_dup60_s20260613_bonded,P3-NoPersist,m12_heavy_flood_dup60_s20260613,bonded,341972,PRIVPROBE:1,duplicate_filter,0,False,0,duplicate_filter
m12_heavy_flood_dup60_s20260613_bonded,P3-NoPersist,m12_heavy_flood_dup60_s20260613,bonded,343045,PRIVPROBE:1,duplicate_filter,0,False,0,duplicate_filter
m12_heavy_flood_dup60_s20260613_bonded,P3-NoPersist,m12_heavy_flood_dup60_s20260613,bonded,344164,PRIVPROBE:1,duplicate_filter,0,False,0,duplicate_filter
m12_heavy_flood_dup60_s20260613_bonded,P3-NoPersist,m12_heavy_flood_dup60_s20260613,bonded,345309,PRIVPROBE:1,duplicate_filter,0,False,0,duplicate_filter
m12_heavy_flood_dup60_s20260613_bonded,P3-NoPersist,m12_heavy_flood_dup60_s20260613,bonded,346401,PRIVPROBE:1,duplicate_filter,0,False,0,duplicate_filter
m12_heavy_flood_dup60_s20260613_bonded,P3-NoPersist,m12_heavy_flood_dup60_s20260613,bonded,347530,PRIVPROBE:1,defer,0,True,1000,defer
m12_heavy_flood_dup60_s20260613_bonded,P3-NoPersist,m12_heavy_flood_dup60_s20260613,bonded,348668,PRIVPROBE:1,duplicate_filter,0,False,0,duplicate_filter
m12_heavy_flood_dup60_s20260613_bonded,P3-NoPersist,m12_heavy_flood_dup60_s20260613,bonded,349814,PRIVPROBE:1,duplicate_filter,0,False,0,duplicate_filter
m12_heavy_flood_dup60_s20260613_bonded,P3-NoPersist,m12_heavy_flood_dup60_s20260613,bonded,350929,PRIVPROBE:1,duplicate_filter,0,False,0,duplicate_filter
m12_heavy_flood_dup60_s20260613_bonded,P3-NoPersist,m12_heavy_flood_dup60_s20260613,bonded,352034,PRIVPROBE:1,duplicate_filter,0,False,0,duplicate_filter
m12_heavy_flood_dup60_s20260613_bonded,P3-NoPersist,m12_heavy_flood_dup60_s20260613,bonded,353110,PRIVPROBE:1,duplicate_filter,0,False,0,duplicate_filter
m12_heavy_flood_dup60_s20260613_bonded,P3-NoPersist,m12_heavy_flood_dup60_s20260613,bonded,354227,PRIVPROBE:1,duplicate_filter,0,False,0,duplicate_filter
m12_heavy_flood_dup60_s20260613_bonded,P3-NoPersist,m12_heavy_flood_dup60_s20260613,bonded,355334,PRIVPROBE:1,duplicate_filter,0,False,0,duplicate_filter
m12_heavy_flood_dup60_s20260613_bonded,P3-NoPersist,m12_heavy_flood_dup60_s20260613,bonded,356454,PRIVPROBE:1,duplicate_filter,0,False,0,duplicate_filter
m12_heavy_flood_dup60_s20260613_bonded,P3-NoPersist,m12_heavy_flood_dup60_s20260613,bonded,357557,PRIVPROBE:1,duplicate_filter,0,False,0,duplicate_filter
m12_heavy_flood_dup60_s20260613_bonded,P3-NoPersist,m12_heavy_flood_dup60_s20260613,bonded,358646,PRIVPROBE:1,duplicate_filter,0,False,0,duplicate_filter
m12_heavy_flood_dup60_s20260613_bonded,P3-NoPersist,m12_heavy_flood_dup60_s20260613,bonded,359804,PRIVPROBE:1,duplicate_filter,0,False,0,duplicate_filter
m12_heavy_flood_dup60_s20260613_bonded,P3-NoPersist,m12_heavy_flood_dup60_s20260613,bonded,360951,PRIVPROBE:1,defer,0,True,1000,defer
m12_heavy_flood_dup60_s20260613_bonded,P3-NoPersist,m12_heavy_flood_dup60_s20260613,bonded,362100,PRIVPROBE:1,duplicate_filter,0,False,0,duplicate_filter
m12_heavy_flood_dup60_s20260613_bonded,P3-NoPersist,m12_heavy_flood_dup60_s20260613,bonded,363266,PRIVPROBE:1,duplicate_filter,0,False,0,duplicate_filter
m12_heavy_flood_dup60_s20260613_bonded,P3-NoPersist,m12_heavy_flood_dup60_s20260613,bonded,364431,PRIVPROBE:1,duplicate_filter,0,False,0,duplicate_filter
m12_heavy_flood_dup60_s20260613_bonded,P3-NoPersist,m12_heavy_flood_dup60_s20260613,bonded,365507,PRIVPROBE:1,duplicate_filter,0,False,0,duplicate_filter
m12_heavy_flood_dup60_s20260613_bonded,P3-NoPersist,m12_heavy_flood_dup60_s20260613,bonded,366601,PRIVPROBE:1,duplicate_filter,0,False,0,duplicate_filter
m12_heavy_flood_dup60_s20260613_bonded,P3-NoPersist,m12_heavy_flood_dup60_s20260613,bonded,367706,PRIVPROBE:1,duplicate_filter,0,False,0,duplicate_filter
m12_heavy_flood_dup60_s20260613_bonded,P3-NoPersist,m12_heavy_flood_dup60_s20260613,bonded,368817,PRIVPROBE:1,duplicate_filter,0,False,0,duplicate_filter
m12_heavy_flood_dup60_s20260613_bonded,P3-NoPersist,m12_heavy_flood_dup60_s20260613,bonded,369957,PRIVPROBE:1,duplicate_filter,0,False,0,duplicate_filter
m12_heavy_flood_dup60_s20260613_bonded,P3-NoPersist,m12_heavy_flood_dup60_s20260613,bonded,371075,PRIVPROBE:1,duplicate_filter,0,False,0,duplicate_filter
m12_heavy_flood_dup60_s20260613_bonded,P3-NoPersist,m12_heavy_flood_dup60_s20260613,bonded,372191,PRIVPROBE:1,duplicate_filter,0,False,0,duplicate_filter
m12_heavy_flood_dup60_s20260613_bonded,P3-NoPersist,m12_heavy_flood_dup60_s20260613,bonded,373315,PRIVPROBE:1,duplicate_filter,0,False,0,duplicate_filter
m12_heavy_flood_dup60_s20260613_bonded,P3-NoPersist,m12_heavy_flood_dup60_s20260613,bonded,374463,PRIVPROBE:1,defer,0,True,1000,defer
m12_heavy_flood_dup60_s20260613_bonded,P3-NoPersist,m12_heavy_flood_dup60_s20260613,bonded,375653,PRIVPROBE:1,duplicate_filter,0,False,0,duplicate_filter
m12_heavy_flood_dup60_s20260613_bonded,P3-NoPersist,m12_heavy_flood_dup60_s20260613,bonded,376691,PRIVPROBE:1,duplicate_filter,0,False,0,duplicate_filter
m12_heavy_flood_dup60_s20260613_bonded,P3-NoPersist,m12_heavy_flood_dup60_s20260613,bonded,377802,PRIVPROBE:1,duplicate_filter,0,False,0,duplicate_filter
m12_heavy_flood_dup60_s20260613_bonded,P3-NoPersist,m12_heavy_flood_dup60_s20260613,bonded,378883,PRIVPROBE:1,duplicate_filter,0,False,0,duplicate_filter
m12_heavy_flood_dup60_s20260613_bonded,P3-NoPersist,m12_heavy_flood_dup60_s20260613,bonded,380037,PRIVPROBE:1,duplicate_filter,0,False,0,duplicate_filter
m12_heavy_flood_dup60_s20260613_bonded,P3-NoPersist,m12_heavy_flood_dup60_s20260613,bonded,381130,PRIVPROBE:1,duplicate_filter,0,False,0,duplicate_filter
m12_heavy_flood_dup60_s20260613_bonded,P3-NoPersist,m12_heavy_flood_dup60_s20260613,bonded,382274,PRIVPROBE:1,duplicate_filter,0,False,0,duplicate_filter
m12_heavy_flood_dup60_s20260613_bonded,P3-NoPersist,m12_heavy_flood_dup60_s20260613,bonded,383376,PRIVPROBE:1,duplicate_filter,0,False,0,duplicate_filter
m12_heavy_flood_dup60_s20260613_bonded,P3-NoPersist,m12_heavy_flood_dup60_s20260613,bonded,384489,PRIVPROBE:1,duplicate_filter,0,False,0,duplicate_filter
m12_heavy_flood_dup60_s20260613_bonded,P3-NoPersist,m12_heavy_flood_dup60_s20260613,bonded,385552,PRIVPROBE:1,duplicate_filter,0,False,0,duplicate_filter
m12_heavy_flood_dup60_s20260613_bonded,P3-NoPersist,m12_heavy_flood_dup60_s20260613,bonded,386610,PRIVPROBE:1,duplicate_filter,0,False,0,duplicate_filter
m12_heavy_flood_dup60_s20260613_bonded,P3-NoPersist,m12_heavy_flood_dup60_s20260613,bonded,387671,PRIVPROBE:1,defer,0,True,1000,defer
m12_heavy_flood_dup60_s20260613_bonded,P3-NoPersist,m12_heavy_flood_dup60_s20260613,bonded,388782,PRIVPROBE:1,duplicate_filter,0,False,0,duplicate_filter
m12_heavy_flood_dup60_s20260613_bonded,P3-NoPersist,m12_heavy_flood_dup60_s20260613,bonded,389879,PRIVPROBE:1,duplicate_filter,0,False,0,duplicate_filter
m12_heavy_flood_dup60_s20260613_bonded,P3-NoPersist,m12_heavy_flood_dup60_s20260613,bonded,390958,PRIVPROBE:1,duplicate_filter,0,False,0,duplicate_filter
m12_heavy_flood_dup60_s20260613_bonded,P3-NoPersist,m12_heavy_flood_dup60_s20260613,bonded,392043,PRIVPROBE:1,duplicate_filter,0,False,0,duplicate_filter
m12_heavy_flood_dup60_s20260613_bonded,P3-NoPersist,m12_heavy_flood_dup60_s20260613,bonded,393168,PRIVPROBE:1,duplicate_filter,0,False,0,duplicate_filter
m12_heavy_flood_dup60_s20260613_bonded,P3-NoPersist,m12_heavy_flood_dup60_s20260613,bonded,394297,PRIVPROBE:1,duplicate_filter,0,False,0,duplicate_filter
m12_heavy_flood_dup60_s20260613_bonded,P3-NoPersist,m12_heavy_flood_dup60_s20260613,bonded,395444,PRIVPROBE:1,duplicate_filter,0,False,0,duplicate_filter
m12_heavy_flood_dup60_s20260613_bonded,P3-NoPersist,m12_heavy_flood_dup60_s20260613,bonded,396587,PRIVPROBE:1,duplicate_filter,0,False,0,duplicate_filter
m12_heavy_flood_dup60_s20260613_bonded,P3-NoPersist,m12_heavy_flood_dup60_s20260613,bonded,397674,PRIVPROBE:1,duplicate_filter,0,False,0,duplicate_filter
m12_heavy_flood_dup60_s20260613_bonded,P3-NoPersist,m12_heavy_flood_dup60_s20260613,bonded,398770,PRIVPROBE:1,duplicate_filter,0,False,0,duplicate_filter
m12_heavy_flood_dup60_s20260613_bonded,P3-NoPersist,m12_heavy_flood_dup60_s20260613,bonded,399924,PRIVPROBE:1,duplicate_filter,0,False,0,duplicate_filter
m12_heavy_flood_dup60_s20260613_bonded,BudgetDoS,m12_heavy_flood_dup60_s20260613,bonded,66974,PRIVPROBE:0,budget_skip,0,False,0,budget_skip
m12_heavy_flood_dup60_s20260613_bonded,BudgetDoS,m12_heavy_flood_dup60_s20260613,bonded,68078,PRIVPROBE:0,duplicate_filter,0,False,0,duplicate_filter
m12_heavy_flood_dup60_s20260613_bonded,BudgetDoS,m12_heavy_flood_dup60_s20260613,bonded,69174,PRIVPROBE:0,duplicate_filter,0,False,0,duplicate_filter
m12_heavy_flood_dup60_s20260613_bonded,BudgetDoS,m12_heavy_flood_dup60_s20260613,bonded,70299,PRIVPROBE:0,duplicate_filter,0,False,0,duplicate_filter
m12_heavy_flood_dup60_s20260613_bonded,BudgetDoS,m12_heavy_flood_dup60_s20260613,bonded,71406,PRIVPROBE:0,duplicate_filter,0,False,0,duplicate_filter
m12_heavy_flood_dup60_s20260613_bonded,BudgetDoS,m12_heavy_flood_dup60_s20260613,bonded,72531,PRIVPROBE:0,duplicate_filter,0,False,0,duplicate_filter
m12_heavy_flood_dup60_s20260613_bonded,BudgetDoS,m12_heavy_flood_dup60_s20260613,bonded,73644,PRIVPROBE:0,duplicate_filter,0,False,0,duplicate_filter
m12_heavy_flood_dup60_s20260613_bonded,BudgetDoS,m12_heavy_flood_dup60_s20260613,bonded,74832,PRIVPROBE:0,duplicate_filter,0,False,0,duplicate_filter
m12_heavy_flood_dup60_s20260613_bonded,BudgetDoS,m12_heavy_flood_dup60_s20260613,bonded,75970,PRIVPROBE:0,duplicate_filter,0,False,0,duplicate_filter
m12_heavy_flood_dup60_s20260613_bonded,BudgetDoS,m12_heavy_flood_dup60_s20260613,bonded,77060,PRIVPROBE:0,duplicate_filter,0,False,0,duplicate_filter
m12_heavy_flood_dup60_s20260613_bonded,BudgetDoS,m12_heavy_flood_dup60_s20260613,bonded,78175,PRIVPROBE:0,duplicate_filter,0,False,0,duplicate_filter
m12_heavy_flood_dup60_s20260613_bonded,BudgetDoS,m12_heavy_flood_dup60_s20260613,bonded,79270,PRIVPROBE:0,duplicate_filter,0,False,0,duplicate_filter
m12_heavy_flood_dup60_s20260613_bonded,BudgetDoS,m12_heavy_flood_dup60_s20260613,bonded,80341,PRIVPROBE:0,budget_skip,0,False,0,budget_skip
m12_heavy_flood_dup60_s20260613_bonded,BudgetDoS,m12_heavy_flood_dup60_s20260613,bonded,81430,PRIVPROBE:0,duplicate_filter,0,False,0,duplicate_filter
m12_heavy_flood_dup60_s20260613_bonded,BudgetDoS,m12_heavy_flood_dup60_s20260613,bonded,82560,PRIVPROBE:0,duplicate_filter,0,False,0,duplicate_filter
m12_heavy_flood_dup60_s20260613_bonded,BudgetDoS,m12_heavy_flood_dup60_s20260613,bonded,83685,PRIVPROBE:0,duplicate_filter,0,False,0,duplicate_filter
m12_heavy_flood_dup60_s20260613_bonded,BudgetDoS,m12_heavy_flood_dup60_s20260613,bonded,84843,PRIVPROBE:0,duplicate_filter,0,False,0,duplicate_filter
m12_heavy_flood_dup60_s20260613_bonded,BudgetDoS,m12_heavy_flood_dup60_s20260613,bonded,85973,PRIVPROBE:0,duplicate_filter,0,False,0,duplicate_filter
m12_heavy_flood_dup60_s20260613_bonded,BudgetDoS,m12_heavy_flood_dup60_s20260613,bonded,87108,PRIVPROBE:0,duplicate_filter,0,False,0,duplicate_filter
m12_heavy_flood_dup60_s20260613_bonded,BudgetDoS,m12_heavy_flood_dup60_s20260613,bonded,88191,PRIVPROBE:0,duplicate_filter,0,False,0,duplicate_filter
m12_heavy_flood_dup60_s20260613_bonded,BudgetDoS,m12_heavy_flood_dup60_s20260613,bonded,89294,PRIVPROBE:0,duplicate_filter,0,False,0,duplicate_filter
m12_heavy_flood_dup60_s20260613_bonded,BudgetDoS,m12_heavy_flood_dup60_s20260613,bonded,90470,PRIVPROBE:0,duplicate_filter,0,False,0,duplicate_filter
m12_heavy_flood_dup60_s20260613_bonded,BudgetDoS,m12_heavy_flood_dup60_s20260613,bonded,91573,PRIVPROBE:0,duplicate_filter,0,False,0,duplicate_filter
m12_heavy_flood_dup60_s20260613_bonded,BudgetDoS,m12_heavy_flood_dup60_s20260613,bonded,92671,PRIVPROBE:0,duplicate_filter,0,False,0,duplicate_filter
m12_heavy_flood_dup60_s20260613_bonded,BudgetDoS,m12_heavy_flood_dup60_s20260613,bonded,93762,PRIVPROBE:0,budget_skip,0,False,0,budget_skip
m12_heavy_flood_dup60_s20260613_bonded,BudgetDoS,m12_heavy_flood_dup60_s20260613,bonded,94861,PRIVPROBE:0,duplicate_filter,0,False,0,duplicate_filter
m12_heavy_flood_dup60_s20260613_bonded,BudgetDoS,m12_heavy_flood_dup60_s20260613,bonded,95975,PRIVPROBE:0,duplicate_filter,0,False,0,duplicate_filter
m12_heavy_flood_dup60_s20260613_bonded,BudgetDoS,m12_heavy_flood_dup60_s20260613,bonded,97074,PRIVPROBE:0,duplicate_filter,0,False,0,duplicate_filter
m12_heavy_flood_dup60_s20260613_bonded,BudgetDoS,m12_heavy_flood_dup60_s20260613,bonded,98208,PRIVPROBE:0,duplicate_filter,0,False,0,duplicate_filter
m12_heavy_flood_dup60_s20260613_bonded,BudgetDoS,m12_heavy_flood_dup60_s20260613,bonded,99300,PRIVPROBE:0,duplicate_filter,0,False,0,duplicate_filter
m12_heavy_flood_dup60_s20260613_bonded,BudgetDoS,m12_heavy_flood_dup60_s20260613,bonded,100363,PRIVPROBE:0,duplicate_filter,0,False,0,duplicate_filter
m12_heavy_flood_dup60_s20260613_bonded,BudgetDoS,m12_heavy_flood_dup60_s20260613,bonded,101441,PRIVPROBE:0,duplicate_filter,0,False,0,duplicate_filter
m12_heavy_flood_dup60_s20260613_bonded,BudgetDoS,m12_heavy_flood_dup60_s20260613,bonded,102581,PRIVPROBE:0,duplicate_filter,0,False,0,duplicate_filter
m12_heavy_flood_dup60_s20260613_bonded,BudgetDoS,m12_heavy_flood_dup60_s20260613,bonded,103793,PRIVPROBE:0,duplicate_filter,0,False,0,duplicate_filter
m12_heavy_flood_dup60_s20260613_bonded,BudgetDoS,m12_heavy_flood_dup60_s20260613,bonded,104871,PRIVPROBE:0,duplicate_filter,0,False,0,duplicate_filter
m12_heavy_flood_dup60_s20260613_bonded,BudgetDoS,m12_heavy_flood_dup60_s20260613,bonded,105961,PRIVPROBE:0,duplicate_filter,0,False,0,duplicate_filter
m12_heavy_flood_dup60_s20260613_bonded,BudgetDoS,m12_heavy_flood_dup60_s20260613,bonded,107038,PRIVPROBE:0,budget_skip,0,False,0,budget_skip
m12_heavy_flood_dup60_s20260613_bonded,BudgetDoS,m12_heavy_flood_dup60_s20260613,bonded,108160,PRIVPROBE:0,duplicate_filter,0,False,0,duplicate_filter
m12_heavy_flood_dup60_s20260613_bonded,BudgetDoS,m12_heavy_flood_dup60_s20260613,bonded,109270,PRIVPROBE:0,duplicate_filter,0,False,0,duplicate_filter
m12_heavy_flood_dup60_s20260613_bonded,BudgetDoS,m12_heavy_flood_dup60_s20260613,bonded,110445,PRIVPROBE:0,duplicate_filter,0,False,0,duplicate_filter
m12_heavy_flood_dup60_s20260613_bonded,BudgetDoS,m12_heavy_flood_dup60_s20260613,bonded,111504,PRIVPROBE:0,duplicate_filter,0,False,0,duplicate_filter
m12_heavy_flood_dup60_s20260613_bonded,BudgetDoS,m12_heavy_flood_dup60_s20260613,bonded,112657,PRIVPROBE:0,duplicate_filter,0,False,0,duplicate_filter
m12_heavy_flood_dup60_s20260613_bonded,BudgetDoS,m12_heavy_flood_dup60_s20260613,bonded,113831,PRIVPROBE:0,duplicate_filter,0,False,0,duplicate_filter
m12_heavy_flood_dup60_s20260613_bonded,BudgetDoS,m12_heavy_flood_dup60_s20260613,bonded,115001,PRIVPROBE:0,duplicate_filter,0,False,0,duplicate_filter
m12_heavy_flood_dup60_s20260613_bonded,BudgetDoS,m12_heavy_flood_dup60_s20260613,bonded,116150,PRIVPROBE:0,duplicate_filter,0,False,0,duplicate_filter
m12_heavy_flood_dup60_s20260613_bonded,BudgetDoS,m12_heavy_flood_dup60_s20260613,bonded,117215,PRIVPROBE:0,duplicate_filter,0,False,0,duplicate_filter
m12_heavy_flood_dup60_s20260613_bonded,BudgetDoS,m12_heavy_flood_dup60_s20260613,bonded,118362,PRIVPROBE:0,duplicate_filter,0,False,0,duplicate_filter
m12_heavy_flood_dup60_s20260613_bonded,BudgetDoS,m12_heavy_flood_dup60_s20260613,bonded,119477,PRIVPROBE:0,duplicate_filter,0,False,0,duplicate_filter
m12_heavy_flood_dup60_s20260613_bonded,BudgetDoS,m12_heavy_flood_dup60_s20260613,bonded,120556,PRIVPROBE:0,budget_skip,0,False,0,budget_skip
m12_heavy_flood_dup60_s20260613_bonded,BudgetDoS,m12_heavy_flood_dup60_s20260613,bonded,121664,PRIVPROBE:0,duplicate_filter,0,False,0,duplicate_filter
m12_heavy_flood_dup60_s20260613_bonded,BudgetDoS,m12_heavy_flood_dup60_s20260613,bonded,122865,PRIVPROBE:0,duplicate_filter,0,False,0,duplicate_filter
m12_heavy_flood_dup60_s20260613_bonded,BudgetDoS,m12_heavy_flood_dup60_s20260613,bonded,123989,PRIVPROBE:0,duplicate_filter,0,False,0,duplicate_filter
m12_heavy_flood_dup60_s20260613_bonded,BudgetDoS,m12_heavy_flood_dup60_s20260613,bonded,125108,PRIVPROBE:0,duplicate_filter,0,False,0,duplicate_filter
m12_heavy_flood_dup60_s20260613_bonded,BudgetDoS,m12_heavy_flood_dup60_s20260613,bonded,126258,PRIVPROBE:0,duplicate_filter,0,False,0,duplicate_filter
m12_heavy_flood_dup60_s20260613_bonded,BudgetDoS,m12_heavy_flood_dup60_s20260613,bonded,127358,PRIVPROBE:0,duplicate_filter,0,False,0,duplicate_filter
m12_heavy_flood_dup60_s20260613_bonded,BudgetDoS,m12_heavy_flood_dup60_s20260613,bonded,128444,PRIVPROBE:0,duplicate_filter,0,False,0,duplicate_filter
m12_heavy_flood_dup60_s20260613_bonded,BudgetDoS,m12_heavy_flood_dup60_s20260613,bonded,129468,PRIVPROBE:0,duplicate_filter,0,False,0,duplicate_filter
m12_heavy_flood_dup60_s20260613_bonded,BudgetDoS,m12_heavy_flood_dup60_s20260613,bonded,130570,PRIVPROBE:0,duplicate_filter,0,False,0,duplicate_filter
m12_heavy_flood_dup60_s20260613_bonded,BudgetDoS,m12_heavy_flood_dup60_s20260613,bonded,131738,PRIVPROBE:0,duplicate_filter,0,False,0,duplicate_filter
m12_heavy_flood_dup60_s20260613_bonded,BudgetDoS,m12_heavy_flood_dup60_s20260613,bonded,132848,PRIVPROBE:0,duplicate_filter,0,False,0,duplicate_filter
m12_heavy_flood_dup60_s20260613_bonded,BudgetDoS,m12_heavy_flood_dup60_s20260613,bonded,133928,PRIVPROBE:0,budget_skip,0,False,0,budget_skip
m12_heavy_flood_dup60_s20260613_bonded,BudgetDoS,m12_heavy_flood_dup60_s20260613,bonded,135002,PRIVPROBE:0,duplicate_filter,0,False,0,duplicate_filter
m12_heavy_flood_dup60_s20260613_bonded,BudgetDoS,m12_heavy_flood_dup60_s20260613,bonded,136050,PRIVPROBE:0,duplicate_filter,0,False,0,duplicate_filter
m12_heavy_flood_dup60_s20260613_bonded,BudgetDoS,m12_heavy_flood_dup60_s20260613,bonded,137138,PRIVPROBE:0,duplicate_filter,0,False,0,duplicate_filter
m12_heavy_flood_dup60_s20260613_bonded,BudgetDoS,m12_heavy_flood_dup60_s20260613,bonded,138252,PRIVPROBE:0,duplicate_filter,0,False,0,duplicate_filter
m12_heavy_flood_dup60_s20260613_bonded,BudgetDoS,m12_heavy_flood_dup60_s20260613,bonded,139324,PRIVPROBE:0,duplicate_filter,0,False,0,duplicate_filter
m12_heavy_flood_dup60_s20260613_bonded,BudgetDoS,m12_heavy_flood_dup60_s20260613,bonded,140466,PRIVPROBE:0,duplicate_filter,0,False,0,duplicate_filter
m12_heavy_flood_dup60_s20260613_bonded,BudgetDoS,m12_heavy_flood_dup60_s20260613,bonded,141613,PRIVPROBE:0,duplicate_filter,0,False,0,duplicate_filter
m12_heavy_flood_dup60_s20260613_bonded,BudgetDoS,m12_heavy_flood_dup60_s20260613,bonded,142759,PRIVPROBE:0,duplicate_filter,0,False,0,duplicate_filter
m12_heavy_flood_dup60_s20260613_bonded,BudgetDoS,m12_heavy_flood_dup60_s20260613,bonded,143905,PRIVPROBE:0,duplicate_filter,0,False,0,duplicate_filter
m12_heavy_flood_dup60_s20260613_bonded,BudgetDoS,m12_heavy_flood_dup60_s20260613,bonded,144928,PRIVPROBE:0,duplicate_filter,0,False,0,duplicate_filter
m12_heavy_flood_dup60_s20260613_bonded,BudgetDoS,m12_heavy_flood_dup60_s20260613,bonded,146049,PRIVPROBE:0,duplicate_filter,0,False,0,duplicate_filter
m12_heavy_flood_dup60_s20260613_bonded,BudgetDoS,m12_heavy_flood_dup60_s20260613,bonded,147162,PRIVPROBE:0,budget_skip,0,False,0,budget_skip
m12_heavy_flood_dup60_s20260613_bonded,BudgetDoS,m12_heavy_flood_dup60_s20260613,bonded,148260,PRIVPROBE:0,duplicate_filter,0,False,0,duplicate_filter
m12_heavy_flood_dup60_s20260613_bonded,BudgetDoS,m12_heavy_flood_dup60_s20260613,bonded,149351,PRIVPROBE:0,duplicate_filter,0,False,0,duplicate_filter
m12_heavy_flood_dup60_s20260613_bonded,BudgetDoS,m12_heavy_flood_dup60_s20260613,bonded,150450,PRIVPROBE:0,duplicate_filter,0,False,0,duplicate_filter
m12_heavy_flood_dup60_s20260613_bonded,BudgetDoS,m12_heavy_flood_dup60_s20260613,bonded,151563,PRIVPROBE:0,duplicate_filter,0,False,0,duplicate_filter
m12_heavy_flood_dup60_s20260613_bonded,BudgetDoS,m12_heavy_flood_dup60_s20260613,bonded,152687,PRIVPROBE:0,duplicate_filter,0,False,0,duplicate_filter
m12_heavy_flood_dup60_s20260613_bonded,BudgetDoS,m12_heavy_flood_dup60_s20260613,bonded,153805,PRIVPROBE:0,duplicate_filter,0,False,0,duplicate_filter
m12_heavy_flood_dup60_s20260613_bonded,BudgetDoS,m12_heavy_flood_dup60_s20260613,bonded,154930,PRIVPROBE:0,duplicate_filter,0,False,0,duplicate_filter
m12_heavy_flood_dup60_s20260613_bonded,BudgetDoS,m12_heavy_flood_dup60_s20260613,bonded,156114,PRIVPROBE:0,duplicate_filter,0,False,0,duplicate_filter
m12_heavy_flood_dup60_s20260613_bonded,BudgetDoS,m12_heavy_flood_dup60_s20260613,bonded,157229,PRIVPROBE:0,duplicate_filter,0,False,0,duplicate_filter
m12_heavy_flood_dup60_s20260613_bonded,BudgetDoS,m12_heavy_flood_dup60_s20260613,bonded,158304,PRIVPROBE:0,duplicate_filter,0,False,0,duplicate_filter
m12_heavy_flood_dup60_s20260613_bonded,BudgetDoS,m12_heavy_flood_dup60_s20260613,bonded,159357,PRIVPROBE:0,duplicate_filter,0,False,0,duplicate_filter
m12_heavy_flood_dup60_s20260613_bonded,BudgetDoS,m12_heavy_flood_dup60_s20260613,bonded,160465,PRIVPROBE:0,budget_skip,0,False,0,budget_skip
m12_heavy_flood_dup60_s20260613_bonded,BudgetDoS,m12_heavy_flood_dup60_s20260613,bonded,161617,PRIVPROBE:0,duplicate_filter,0,False,0,duplicate_filter
m12_heavy_flood_dup60_s20260613_bonded,BudgetDoS,m12_heavy_flood_dup60_s20260613,bonded,162701,PRIVPROBE:0,duplicate_filter,0,False,0,duplicate_filter
m12_heavy_flood_dup60_s20260613_bonded,BudgetDoS,m12_heavy_flood_dup60_s20260613,bonded,163832,PRIVPROBE:0,duplicate_filter,0,False,0,duplicate_filter
m12_heavy_flood_dup60_s20260613_bonded,BudgetDoS,m12_heavy_flood_dup60_s20260613,bonded,164971,PRIVPROBE:0,duplicate_filter,0,False,0,duplicate_filter
m12_heavy_flood_dup60_s20260613_bonded,BudgetDoS,m12_heavy_flood_dup60_s20260613,bonded,166031,PRIVPROBE:0,duplicate_filter,0,False,0,duplicate_filter
m12_heavy_flood_dup60_s20260613_bonded,BudgetDoS,m12_heavy_flood_dup60_s20260613,bonded,167216,PRIVPROBE:0,duplicate_filter,0,False,0,duplicate_filter
m12_heavy_flood_dup60_s20260613_bonded,BudgetDoS,m12_heavy_flood_dup60_s20260613,bonded,168363,PRIVPROBE:0,duplicate_filter,0,False,0,duplicate_filter
m12_heavy_flood_dup60_s20260613_bonded,BudgetDoS,m12_heavy_flood_dup60_s20260613,bonded,169455,PRIVPROBE:0,duplicate_filter,0,False,0,duplicate_filter
m12_heavy_flood_dup60_s20260613_bonded,BudgetDoS,m12_heavy_flood_dup60_s20260613,bonded,170565,PRIVPROBE:0,duplicate_filter,0,False,0,duplicate_filter
m12_heavy_flood_dup60_s20260613_bonded,BudgetDoS,m12_heavy_flood_dup60_s20260613,bonded,171677,PRIVPROBE:0,duplicate_filter,0,False,0,duplicate_filter
m12_heavy_flood_dup60_s20260613_bonded,BudgetDoS,m12_heavy_flood_dup60_s20260613,bonded,172787,PRIVPROBE:0,duplicate_filter,0,False,0,duplicate_filter
m12_heavy_flood_dup60_s20260613_bonded,BudgetDoS,m12_heavy_flood_dup60_s20260613,bonded,173863,PRIVPROBE:0,budget_skip,0,False,0,budget_skip
m12_heavy_flood_dup60_s20260613_bonded,BudgetDoS,m12_heavy_flood_dup60_s20260613,bonded,174970,PRIVPROBE:0,duplicate_filter,0,False,0,duplicate_filter
m12_heavy_flood_dup60_s20260613_bonded,BudgetDoS,m12_heavy_flood_dup60_s20260613,bonded,176098,PRIVPROBE:0,duplicate_filter,0,False,0,duplicate_filter
m12_heavy_flood_dup60_s20260613_bonded,BudgetDoS,m12_heavy_flood_dup60_s20260613,bonded,177189,PRIVPROBE:0,duplicate_filter,0,False,0,duplicate_filter
m12_heavy_flood_dup60_s20260613_bonded,BudgetDoS,m12_heavy_flood_dup60_s20260613,bonded,178282,PRIVPROBE:0,duplicate_filter,0,False,0,duplicate_filter
m12_heavy_flood_dup60_s20260613_bonded,BudgetDoS,m12_heavy_flood_dup60_s20260613,bonded,179382,PRIVPROBE:0,duplicate_filter,0,False,0,duplicate_filter
m12_heavy_flood_dup60_s20260613_bonded,BudgetDoS,m12_heavy_flood_dup60_s20260613,bonded,180515,PRIVPROBE:0,duplicate_filter,0,False,0,duplicate_filter
m12_heavy_flood_dup60_s20260613_bonded,BudgetDoS,m12_heavy_flood_dup60_s20260613,bonded,181623,PRIVPROBE:0,duplicate_filter,0,False,0,duplicate_filter
m12_heavy_flood_dup60_s20260613_bonded,BudgetDoS,m12_heavy_flood_dup60_s20260613,bonded,182744,PRIVPROBE:0,duplicate_filter,0,False,0,duplicate_filter
m12_heavy_flood_dup60_s20260613_bonded,BudgetDoS,m12_heavy_flood_dup60_s20260613,bonded,183881,PRIVPROBE:0,duplicate_filter,0,False,0,duplicate_filter
m12_heavy_flood_dup60_s20260613_bonded,BudgetDoS,m12_heavy_flood_dup60_s20260613,bonded,184990,PRIVPROBE:0,duplicate_filter,0,False,0,duplicate_filter
m12_heavy_flood_dup60_s20260613_bonded,BudgetDoS,m12_heavy_flood_dup60_s20260613,bonded,186112,PRIVPROBE:0,duplicate_filter,0,False,0,duplicate_filter
m12_heavy_flood_dup60_s20260613_bonded,BudgetDoS,m12_heavy_flood_dup60_s20260613,bonded,187223,PRIVPROBE:0,budget_skip,0,False,0,budget_skip
m12_heavy_flood_dup60_s20260613_bonded,BudgetDoS,m12_heavy_flood_dup60_s20260613,bonded,188368,PRIVPROBE:0,duplicate_filter,0,False,0,duplicate_filter
m12_heavy_flood_dup60_s20260613_bonded,BudgetDoS,m12_heavy_flood_dup60_s20260613,bonded,189457,PRIVPROBE:0,duplicate_filter,0,False,0,duplicate_filter
m12_heavy_flood_dup60_s20260613_bonded,BudgetDoS,m12_heavy_flood_dup60_s20260613,bonded,190532,PRIVPROBE:0,duplicate_filter,0,False,0,duplicate_filter
m12_heavy_flood_dup60_s20260613_bonded,BudgetDoS,m12_heavy_flood_dup60_s20260613,bonded,191674,PRIVPROBE:0,duplicate_filter,0,False,0,duplicate_filter
m12_heavy_flood_dup60_s20260613_bonded,BudgetDoS,m12_heavy_flood_dup60_s20260613,bonded,192743,PRIVPROBE:0,duplicate_filter,0,False,0,duplicate_filter
m12_heavy_flood_dup60_s20260613_bonded,BudgetDoS,m12_heavy_flood_dup60_s20260613,bonded,193970,PRIVPROBE:0,duplicate_filter,0,False,0,duplicate_filter
m12_heavy_flood_dup60_s20260613_bonded,BudgetDoS,m12_heavy_flood_dup60_s20260613,bonded,195042,PRIVPROBE:0,duplicate_filter,0,False,0,duplicate_filter
m12_heavy_flood_dup60_s20260613_bonded,BudgetDoS,m12_heavy_flood_dup60_s20260613,bonded,196240,PRIVPROBE:0,duplicate_filter,0,False,0,duplicate_filter
m12_heavy_flood_dup60_s20260613_bonded,BudgetDoS,m12_heavy_flood_dup60_s20260613,bonded,197356,PRIVPROBE:0,duplicate_filter,0,False,0,duplicate_filter
m12_heavy_flood_dup60_s20260613_bonded,BudgetDoS,m12_heavy_flood_dup60_s20260613,bonded,198433,PRIVPROBE:0,duplicate_filter,0,False,0,duplicate_filter
m12_heavy_flood_dup60_s20260613_bonded,BudgetDoS,m12_heavy_flood_dup60_s20260613,bonded,199549,PRIVPROBE:0,duplicate_filter,0,False,0,duplicate_filter
m12_heavy_flood_dup60_s20260613_bonded,BudgetDoS,m12_heavy_flood_dup60_s20260613,bonded,200632,PRIVPROBE:1,budget_skip,0,False,0,budget_skip
m12_heavy_flood_dup60_s20260613_bonded,BudgetDoS,m12_heavy_flood_dup60_s20260613,bonded,201730,PRIVPROBE:1,duplicate_filter,0,False,0,duplicate_filter
m12_heavy_flood_dup60_s20260613_bonded,BudgetDoS,m12_heavy_flood_dup60_s20260613,bonded,202805,PRIVPROBE:1,duplicate_filter,0,False,0,duplicate_filter
m12_heavy_flood_dup60_s20260613_bonded,BudgetDoS,m12_heavy_flood_dup60_s20260613,bonded,203898,PRIVPROBE:1,duplicate_filter,0,False,0,duplicate_filter
m12_heavy_flood_dup60_s20260613_bonded,BudgetDoS,m12_heavy_flood_dup60_s20260613,bonded,205002,PRIVPROBE:1,duplicate_filter,0,False,0,duplicate_filter
m12_heavy_flood_dup60_s20260613_bonded,BudgetDoS,m12_heavy_flood_dup60_s20260613,bonded,206100,PRIVPROBE:1,duplicate_filter,0,False,0,duplicate_filter
m12_heavy_flood_dup60_s20260613_bonded,BudgetDoS,m12_heavy_flood_dup60_s20260613,bonded,207226,PRIVPROBE:1,duplicate_filter,0,False,0,duplicate_filter
m12_heavy_flood_dup60_s20260613_bonded,BudgetDoS,m12_heavy_flood_dup60_s20260613,bonded,208380,PRIVPROBE:1,duplicate_filter,0,False,0,duplicate_filter
m12_heavy_flood_dup60_s20260613_bonded,BudgetDoS,m12_heavy_flood_dup60_s20260613,bonded,209489,PRIVPROBE:1,duplicate_filter,0,False,0,duplicate_filter
m12_heavy_flood_dup60_s20260613_bonded,BudgetDoS,m12_heavy_flood_dup60_s20260613,bonded,210614,PRIVPROBE:1,duplicate_filter,0,False,0,duplicate_filter
m12_heavy_flood_dup60_s20260613_bonded,BudgetDoS,m12_heavy_flood_dup60_s20260613,bonded,211707,PRIVPROBE:1,duplicate_filter,0,False,0,duplicate_filter
m12_heavy_flood_dup60_s20260613_bonded,BudgetDoS,m12_heavy_flood_dup60_s20260613,bonded,212786,PRIVPROBE:1,duplicate_filter,0,False,0,duplicate_filter
m12_heavy_flood_dup60_s20260613_bonded,BudgetDoS,m12_heavy_flood_dup60_s20260613,bonded,213884,PRIVPROBE:1,budget_skip,0,False,0,budget_skip
m12_heavy_flood_dup60_s20260613_bonded,BudgetDoS,m12_heavy_flood_dup60_s20260613,bonded,215079,PRIVPROBE:1,duplicate_filter,0,False,0,duplicate_filter
m12_heavy_flood_dup60_s20260613_bonded,BudgetDoS,m12_heavy_flood_dup60_s20260613,bonded,216194,PRIVPROBE:1,duplicate_filter,0,False,0,duplicate_filter
m12_heavy_flood_dup60_s20260613_bonded,BudgetDoS,m12_heavy_flood_dup60_s20260613,bonded,217344,PRIVPROBE:1,duplicate_filter,0,False,0,duplicate_filter
m12_heavy_flood_dup60_s20260613_bonded,BudgetDoS,m12_heavy_flood_dup60_s20260613,bonded,218517,PRIVPROBE:1,duplicate_filter,0,False,0,duplicate_filter
m12_heavy_flood_dup60_s20260613_bonded,BudgetDoS,m12_heavy_flood_dup60_s20260613,bonded,219645,PRIVPROBE:1,duplicate_filter,0,False,0,duplicate_filter
m12_heavy_flood_dup60_s20260613_bonded,BudgetDoS,m12_heavy_flood_dup60_s20260613,bonded,220722,PRIVPROBE:1,duplicate_filter,0,False,0,duplicate_filter
m12_heavy_flood_dup60_s20260613_bonded,BudgetDoS,m12_heavy_flood_dup60_s20260613,bonded,221832,PRIVPROBE:1,duplicate_filter,0,False,0,duplicate_filter
m12_heavy_flood_dup60_s20260613_bonded,BudgetDoS,m12_heavy_flood_dup60_s20260613,bonded,222894,PRIVPROBE:1,duplicate_filter,0,False,0,duplicate_filter
m12_heavy_flood_dup60_s20260613_bonded,BudgetDoS,m12_heavy_flood_dup60_s20260613,bonded,224096,PRIVPROBE:1,duplicate_filter,0,False,0,duplicate_filter
m12_heavy_flood_dup60_s20260613_bonded,BudgetDoS,m12_heavy_flood_dup60_s20260613,bonded,225239,PRIVPROBE:1,duplicate_filter,0,False,0,duplicate_filter
m12_heavy_flood_dup60_s20260613_bonded,BudgetDoS,m12_heavy_flood_dup60_s20260613,bonded,226367,PRIVPROBE:1,duplicate_filter,0,False,0,duplicate_filter
m12_heavy_flood_dup60_s20260613_bonded,BudgetDoS,m12_heavy_flood_dup60_s20260613,bonded,227530,PRIVPROBE:1,budget_skip,0,False,0,budget_skip
m12_heavy_flood_dup60_s20260613_bonded,BudgetDoS,m12_heavy_flood_dup60_s20260613,bonded,228658,PRIVPROBE:1,duplicate_filter,0,False,0,duplicate_filter
m12_heavy_flood_dup60_s20260613_bonded,BudgetDoS,m12_heavy_flood_dup60_s20260613,bonded,229760,PRIVPROBE:1,duplicate_filter,0,False,0,duplicate_filter
m12_heavy_flood_dup60_s20260613_bonded,BudgetDoS,m12_heavy_flood_dup60_s20260613,bonded,230825,PRIVPROBE:1,duplicate_filter,0,False,0,duplicate_filter
m12_heavy_flood_dup60_s20260613_bonded,BudgetDoS,m12_heavy_flood_dup60_s20260613,bonded,231896,PRIVPROBE:1,duplicate_filter,0,False,0,duplicate_filter
m12_heavy_flood_dup60_s20260613_bonded,BudgetDoS,m12_heavy_flood_dup60_s20260613,bonded,232935,PRIVPROBE:1,duplicate_filter,0,False,0,duplicate_filter
m12_heavy_flood_dup60_s20260613_bonded,BudgetDoS,m12_heavy_flood_dup60_s20260613,bonded,234081,PRIVPROBE:1,duplicate_filter,0,False,0,duplicate_filter
m12_heavy_flood_dup60_s20260613_bonded,BudgetDoS,m12_heavy_flood_dup60_s20260613,bonded,235195,PRIVPROBE:1,duplicate_filter,0,False,0,duplicate_filter
m12_heavy_flood_dup60_s20260613_bonded,BudgetDoS,m12_heavy_flood_dup60_s20260613,bonded,236347,PRIVPROBE:1,duplicate_filter,0,False,0,duplicate_filter
m12_heavy_flood_dup60_s20260613_bonded,BudgetDoS,m12_heavy_flood_dup60_s20260613,bonded,237487,PRIVPROBE:1,duplicate_filter,0,False,0,duplicate_filter
m12_heavy_flood_dup60_s20260613_bonded,BudgetDoS,m12_heavy_flood_dup60_s20260613,bonded,238618,PRIVPROBE:1,duplicate_filter,0,False,0,duplicate_filter
m12_heavy_flood_dup60_s20260613_bonded,BudgetDoS,m12_heavy_flood_dup60_s20260613,bonded,239771,PRIVPROBE:1,duplicate_filter,0,False,0,duplicate_filter
m12_heavy_flood_dup60_s20260613_bonded,BudgetDoS,m12_heavy_flood_dup60_s20260613,bonded,240880,PRIVPROBE:1,budget_skip,0,False,0,budget_skip
m12_heavy_flood_dup60_s20260613_bonded,BudgetDoS,m12_heavy_flood_dup60_s20260613,bonded,241982,PRIVPROBE:1,duplicate_filter,0,False,0,duplicate_filter
m12_heavy_flood_dup60_s20260613_bonded,BudgetDoS,m12_heavy_flood_dup60_s20260613,bonded,243084,PRIVPROBE:1,duplicate_filter,0,False,0,duplicate_filter
m12_heavy_flood_dup60_s20260613_bonded,BudgetDoS,m12_heavy_flood_dup60_s20260613,bonded,244258,PRIVPROBE:1,duplicate_filter,0,False,0,duplicate_filter
m12_heavy_flood_dup60_s20260613_bonded,BudgetDoS,m12_heavy_flood_dup60_s20260613,bonded,245406,PRIVPROBE:1,duplicate_filter,0,False,0,duplicate_filter
m12_heavy_flood_dup60_s20260613_bonded,BudgetDoS,m12_heavy_flood_dup60_s20260613,bonded,246482,PRIVPROBE:1,duplicate_filter,0,False,0,duplicate_filter
m12_heavy_flood_dup60_s20260613_bonded,BudgetDoS,m12_heavy_flood_dup60_s20260613,bonded,247588,PRIVPROBE:1,duplicate_filter,0,False,0,duplicate_filter
m12_heavy_flood_dup60_s20260613_bonded,BudgetDoS,m12_heavy_flood_dup60_s20260613,bonded,248714,PRIVPROBE:1,duplicate_filter,0,False,0,duplicate_filter
m12_heavy_flood_dup60_s20260613_bonded,BudgetDoS,m12_heavy_flood_dup60_s20260613,bonded,249808,PRIVPROBE:1,duplicate_filter,0,False,0,duplicate_filter
m12_heavy_flood_dup60_s20260613_bonded,BudgetDoS,m12_heavy_flood_dup60_s20260613,bonded,250854,PRIVPROBE:1,duplicate_filter,0,False,0,duplicate_filter
m12_heavy_flood_dup60_s20260613_bonded,BudgetDoS,m12_heavy_flood_dup60_s20260613,bonded,251957,PRIVPROBE:1,duplicate_filter,0,False,0,duplicate_filter
m12_heavy_flood_dup60_s20260613_bonded,BudgetDoS,m12_heavy_flood_dup60_s20260613,bonded,253049,PRIVPROBE:1,duplicate_filter,0,False,0,duplicate_filter
m12_heavy_flood_dup60_s20260613_bonded,BudgetDoS,m12_heavy_flood_dup60_s20260613,bonded,254160,PRIVPROBE:1,budget_skip,0,False,0,budget_skip
m12_heavy_flood_dup60_s20260613_bonded,BudgetDoS,m12_heavy_flood_dup60_s20260613,bonded,255231,PRIVPROBE:1,duplicate_filter,0,False,0,duplicate_filter
m12_heavy_flood_dup60_s20260613_bonded,BudgetDoS,m12_heavy_flood_dup60_s20260613,bonded,256319,PRIVPROBE:1,duplicate_filter,0,False,0,duplicate_filter
m12_heavy_flood_dup60_s20260613_bonded,BudgetDoS,m12_heavy_flood_dup60_s20260613,bonded,257437,PRIVPROBE:1,duplicate_filter,0,False,0,duplicate_filter
m12_heavy_flood_dup60_s20260613_bonded,BudgetDoS,m12_heavy_flood_dup60_s20260613,bonded,258501,PRIVPROBE:1,duplicate_filter,0,False,0,duplicate_filter
m12_heavy_flood_dup60_s20260613_bonded,BudgetDoS,m12_heavy_flood_dup60_s20260613,bonded,259626,PRIVPROBE:1,duplicate_filter,0,False,0,duplicate_filter
m12_heavy_flood_dup60_s20260613_bonded,BudgetDoS,m12_heavy_flood_dup60_s20260613,bonded,260690,PRIVPROBE:1,duplicate_filter,0,False,0,duplicate_filter
m12_heavy_flood_dup60_s20260613_bonded,BudgetDoS,m12_heavy_flood_dup60_s20260613,bonded,261821,PRIVPROBE:1,duplicate_filter,0,False,0,duplicate_filter
m12_heavy_flood_dup60_s20260613_bonded,BudgetDoS,m12_heavy_flood_dup60_s20260613,bonded,262938,PRIVPROBE:1,duplicate_filter,0,False,0,duplicate_filter
m12_heavy_flood_dup60_s20260613_bonded,BudgetDoS,m12_heavy_flood_dup60_s20260613,bonded,264036,PRIVPROBE:1,duplicate_filter,0,False,0,duplicate_filter
m12_heavy_flood_dup60_s20260613_bonded,BudgetDoS,m12_heavy_flood_dup60_s20260613,bonded,265125,PRIVPROBE:1,duplicate_filter,0,False,0,duplicate_filter
m12_heavy_flood_dup60_s20260613_bonded,BudgetDoS,m12_heavy_flood_dup60_s20260613,bonded,266279,PRIVPROBE:1,duplicate_filter,0,False,0,duplicate_filter
m12_heavy_flood_dup60_s20260613_bonded,BudgetDoS,m12_heavy_flood_dup60_s20260613,bonded,267399,PRIVPROBE:1,budget_skip,0,False,0,budget_skip
m12_heavy_flood_dup60_s20260613_bonded,BudgetDoS,m12_heavy_flood_dup60_s20260613,bonded,268480,PRIVPROBE:1,duplicate_filter,0,False,0,duplicate_filter
m12_heavy_flood_dup60_s20260613_bonded,BudgetDoS,m12_heavy_flood_dup60_s20260613,bonded,269588,PRIVPROBE:1,duplicate_filter,0,False,0,duplicate_filter
m12_heavy_flood_dup60_s20260613_bonded,BudgetDoS,m12_heavy_flood_dup60_s20260613,bonded,270651,PRIVPROBE:1,duplicate_filter,0,False,0,duplicate_filter
m12_heavy_flood_dup60_s20260613_bonded,BudgetDoS,m12_heavy_flood_dup60_s20260613,bonded,271713,PRIVPROBE:1,duplicate_filter,0,False,0,duplicate_filter
m12_heavy_flood_dup60_s20260613_bonded,BudgetDoS,m12_heavy_flood_dup60_s20260613,bonded,272827,PRIVPROBE:1,duplicate_filter,0,False,0,duplicate_filter
m12_heavy_flood_dup60_s20260613_bonded,BudgetDoS,m12_heavy_flood_dup60_s20260613,bonded,273925,PRIVPROBE:1,duplicate_filter,0,False,0,duplicate_filter
m12_heavy_flood_dup60_s20260613_bonded,BudgetDoS,m12_heavy_flood_dup60_s20260613,bonded,274985,PRIVPROBE:1,duplicate_filter,0,False,0,duplicate_filter
m12_heavy_flood_dup60_s20260613_bonded,BudgetDoS,m12_heavy_flood_dup60_s20260613,bonded,276098,PRIVPROBE:1,duplicate_filter,0,False,0,duplicate_filter
m12_heavy_flood_dup60_s20260613_bonded,BudgetDoS,m12_heavy_flood_dup60_s20260613,bonded,277231,PRIVPROBE:1,duplicate_filter,0,False,0,duplicate_filter
m12_heavy_flood_dup60_s20260613_bonded,BudgetDoS,m12_heavy_flood_dup60_s20260613,bonded,278359,PRIVPROBE:1,duplicate_filter,0,False,0,duplicate_filter
m12_heavy_flood_dup60_s20260613_bonded,BudgetDoS,m12_heavy_flood_dup60_s20260613,bonded,279502,PRIVPROBE:1,duplicate_filter,0,False,0,duplicate_filter
m12_heavy_flood_dup60_s20260613_bonded,BudgetDoS,m12_heavy_flood_dup60_s20260613,bonded,280570,PRIVPROBE:1,budget_skip,0,False,0,budget_skip
m12_heavy_flood_dup60_s20260613_bonded,BudgetDoS,m12_heavy_flood_dup60_s20260613,bonded,281694,PRIVPROBE:1,duplicate_filter,0,False,0,duplicate_filter
m12_heavy_flood_dup60_s20260613_bonded,BudgetDoS,m12_heavy_flood_dup60_s20260613,bonded,282764,PRIVPROBE:1,duplicate_filter,0,False,0,duplicate_filter
m12_heavy_flood_dup60_s20260613_bonded,BudgetDoS,m12_heavy_flood_dup60_s20260613,bonded,283859,PRIVPROBE:1,duplicate_filter,0,False,0,duplicate_filter
m12_heavy_flood_dup60_s20260613_bonded,BudgetDoS,m12_heavy_flood_dup60_s20260613,bonded,285035,PRIVPROBE:1,duplicate_filter,0,False,0,duplicate_filter
m12_heavy_flood_dup60_s20260613_bonded,BudgetDoS,m12_heavy_flood_dup60_s20260613,bonded,286123,PRIVPROBE:1,duplicate_filter,0,False,0,duplicate_filter
m12_heavy_flood_dup60_s20260613_bonded,BudgetDoS,m12_heavy_flood_dup60_s20260613,bonded,287256,PRIVPROBE:1,duplicate_filter,0,False,0,duplicate_filter
m12_heavy_flood_dup60_s20260613_bonded,BudgetDoS,m12_heavy_flood_dup60_s20260613,bonded,288447,PRIVPROBE:1,duplicate_filter,0,False,0,duplicate_filter
m12_heavy_flood_dup60_s20260613_bonded,BudgetDoS,m12_heavy_flood_dup60_s20260613,bonded,289569,PRIVPROBE:1,duplicate_filter,0,False,0,duplicate_filter
m12_heavy_flood_dup60_s20260613_bonded,BudgetDoS,m12_heavy_flood_dup60_s20260613,bonded,290704,PRIVPROBE:1,duplicate_filter,0,False,0,duplicate_filter
m12_heavy_flood_dup60_s20260613_bonded,BudgetDoS,m12_heavy_flood_dup60_s20260613,bonded,291878,PRIVPROBE:1,duplicate_filter,0,False,0,duplicate_filter
m12_heavy_flood_dup60_s20260613_bonded,BudgetDoS,m12_heavy_flood_dup60_s20260613,bonded,292943,PRIVPROBE:1,duplicate_filter,0,False,0,duplicate_filter
m12_heavy_flood_dup60_s20260613_bonded,BudgetDoS,m12_heavy_flood_dup60_s20260613,bonded,294111,PRIVPROBE:1,budget_skip,0,False,0,budget_skip
m12_heavy_flood_dup60_s20260613_bonded,BudgetDoS,m12_heavy_flood_dup60_s20260613,bonded,295250,PRIVPROBE:1,duplicate_filter,0,False,0,duplicate_filter
m12_heavy_flood_dup60_s20260613_bonded,BudgetDoS,m12_heavy_flood_dup60_s20260613,bonded,296373,PRIVPROBE:1,duplicate_filter,0,False,0,duplicate_filter
m12_heavy_flood_dup60_s20260613_bonded,BudgetDoS,m12_heavy_flood_dup60_s20260613,bonded,297530,PRIVPROBE:1,duplicate_filter,0,False,0,duplicate_filter
m12_heavy_flood_dup60_s20260613_bonded,BudgetDoS,m12_heavy_flood_dup60_s20260613,bonded,298625,PRIVPROBE:1,duplicate_filter,0,False,0,duplicate_filter
m12_heavy_flood_dup60_s20260613_bonded,BudgetDoS,m12_heavy_flood_dup60_s20260613,bonded,299758,PRIVPROBE:1,duplicate_filter,0,False,0,duplicate_filter
m12_heavy_flood_dup60_s20260613_bonded,BudgetDoS,m12_heavy_flood_dup60_s20260613,bonded,300822,PRIVPROBE:1,duplicate_filter,0,False,0,duplicate_filter
m12_heavy_flood_dup60_s20260613_bonded,BudgetDoS,m12_heavy_flood_dup60_s20260613,bonded,302005,PRIVPROBE:1,duplicate_filter,0,False,0,duplicate_filter
m12_heavy_flood_dup60_s20260613_bonded,BudgetDoS,m12_heavy_flood_dup60_s20260613,bonded,303048,PRIVPROBE:1,duplicate_filter,0,False,0,duplicate_filter
m12_heavy_flood_dup60_s20260613_bonded,BudgetDoS,m12_heavy_flood_dup60_s20260613,bonded,304147,PRIVPROBE:1,duplicate_filter,0,False,0,duplicate_filter
m12_heavy_flood_dup60_s20260613_bonded,BudgetDoS,m12_heavy_flood_dup60_s20260613,bonded,305315,PRIVPROBE:1,duplicate_filter,0,False,0,duplicate_filter
m12_heavy_flood_dup60_s20260613_bonded,BudgetDoS,m12_heavy_flood_dup60_s20260613,bonded,306403,PRIVPROBE:1,duplicate_filter,0,False,0,duplicate_filter
m12_heavy_flood_dup60_s20260613_bonded,BudgetDoS,m12_heavy_flood_dup60_s20260613,bonded,307560,PRIVPROBE:1,budget_skip,0,False,0,budget_skip
m12_heavy_flood_dup60_s20260613_bonded,BudgetDoS,m12_heavy_flood_dup60_s20260613,bonded,308655,PRIVPROBE:1,duplicate_filter,0,False,0,duplicate_filter
m12_heavy_flood_dup60_s20260613_bonded,BudgetDoS,m12_heavy_flood_dup60_s20260613,bonded,309808,PRIVPROBE:1,duplicate_filter,0,False,0,duplicate_filter
m12_heavy_flood_dup60_s20260613_bonded,BudgetDoS,m12_heavy_flood_dup60_s20260613,bonded,310901,PRIVPROBE:1,duplicate_filter,0,False,0,duplicate_filter
m12_heavy_flood_dup60_s20260613_bonded,BudgetDoS,m12_heavy_flood_dup60_s20260613,bonded,312009,PRIVPROBE:1,duplicate_filter,0,False,0,duplicate_filter
m12_heavy_flood_dup60_s20260613_bonded,BudgetDoS,m12_heavy_flood_dup60_s20260613,bonded,313102,PRIVPROBE:1,duplicate_filter,0,False,0,duplicate_filter
m12_heavy_flood_dup60_s20260613_bonded,BudgetDoS,m12_heavy_flood_dup60_s20260613,bonded,314158,PRIVPROBE:1,duplicate_filter,0,False,0,duplicate_filter
m12_heavy_flood_dup60_s20260613_bonded,BudgetDoS,m12_heavy_flood_dup60_s20260613,bonded,315329,PRIVPROBE:1,duplicate_filter,0,False,0,duplicate_filter
m12_heavy_flood_dup60_s20260613_bonded,BudgetDoS,m12_heavy_flood_dup60_s20260613,bonded,316429,PRIVPROBE:1,duplicate_filter,0,False,0,duplicate_filter
m12_heavy_flood_dup60_s20260613_bonded,BudgetDoS,m12_heavy_flood_dup60_s20260613,bonded,317631,PRIVPROBE:1,duplicate_filter,0,False,0,duplicate_filter
m12_heavy_flood_dup60_s20260613_bonded,BudgetDoS,m12_heavy_flood_dup60_s20260613,bonded,318749,PRIVPROBE:1,duplicate_filter,0,False,0,duplicate_filter
m12_heavy_flood_dup60_s20260613_bonded,BudgetDoS,m12_heavy_flood_dup60_s20260613,bonded,319850,PRIVPROBE:1,duplicate_filter,0,False,0,duplicate_filter
m12_heavy_flood_dup60_s20260613_bonded,BudgetDoS,m12_heavy_flood_dup60_s20260613,bonded,320956,PRIVPROBE:1,budget_skip,0,False,0,budget_skip
m12_heavy_flood_dup60_s20260613_bonded,BudgetDoS,m12_heavy_flood_dup60_s20260613,bonded,322063,PRIVPROBE:1,duplicate_filter,0,False,0,duplicate_filter
m12_heavy_flood_dup60_s20260613_bonded,BudgetDoS,m12_heavy_flood_dup60_s20260613,bonded,323165,PRIVPROBE:1,duplicate_filter,0,False,0,duplicate_filter
m12_heavy_flood_dup60_s20260613_bonded,BudgetDoS,m12_heavy_flood_dup60_s20260613,bonded,324340,PRIVPROBE:1,duplicate_filter,0,False,0,duplicate_filter
m12_heavy_flood_dup60_s20260613_bonded,BudgetDoS,m12_heavy_flood_dup60_s20260613,bonded,325409,PRIVPROBE:1,duplicate_filter,0,False,0,duplicate_filter
m12_heavy_flood_dup60_s20260613_bonded,BudgetDoS,m12_heavy_flood_dup60_s20260613,bonded,326466,PRIVPROBE:1,duplicate_filter,0,False,0,duplicate_filter
m12_heavy_flood_dup60_s20260613_bonded,BudgetDoS,m12_heavy_flood_dup60_s20260613,bonded,327548,PRIVPROBE:1,duplicate_filter,0,False,0,duplicate_filter
m12_heavy_flood_dup60_s20260613_bonded,BudgetDoS,m12_heavy_flood_dup60_s20260613,bonded,328688,PRIVPROBE:1,duplicate_filter,0,False,0,duplicate_filter
m12_heavy_flood_dup60_s20260613_bonded,BudgetDoS,m12_heavy_flood_dup60_s20260613,bonded,329779,PRIVPROBE:1,duplicate_filter,0,False,0,duplicate_filter
m12_heavy_flood_dup60_s20260613_bonded,BudgetDoS,m12_heavy_flood_dup60_s20260613,bonded,330940,PRIVPROBE:1,duplicate_filter,0,False,0,duplicate_filter
m12_heavy_flood_dup60_s20260613_bonded,BudgetDoS,m12_heavy_flood_dup60_s20260613,bonded,331995,PRIVPROBE:1,duplicate_filter,0,False,0,duplicate_filter
m12_heavy_flood_dup60_s20260613_bonded,BudgetDoS,m12_heavy_flood_dup60_s20260613,bonded,333071,PRIVPROBE:1,duplicate_filter,0,False,0,duplicate_filter
m12_heavy_flood_dup60_s20260613_bonded,BudgetDoS,m12_heavy_flood_dup60_s20260613,bonded,334137,PRIVPROBE:1,budget_skip,0,False,0,budget_skip
m12_heavy_flood_dup60_s20260613_bonded,BudgetDoS,m12_heavy_flood_dup60_s20260613,bonded,335255,PRIVPROBE:1,duplicate_filter,0,False,0,duplicate_filter
m12_heavy_flood_dup60_s20260613_bonded,BudgetDoS,m12_heavy_flood_dup60_s20260613,bonded,336286,PRIVPROBE:1,duplicate_filter,0,False,0,duplicate_filter
m12_heavy_flood_dup60_s20260613_bonded,BudgetDoS,m12_heavy_flood_dup60_s20260613,bonded,337361,PRIVPROBE:1,duplicate_filter,0,False,0,duplicate_filter
m12_heavy_flood_dup60_s20260613_bonded,BudgetDoS,m12_heavy_flood_dup60_s20260613,bonded,338471,PRIVPROBE:1,duplicate_filter,0,False,0,duplicate_filter
m12_heavy_flood_dup60_s20260613_bonded,BudgetDoS,m12_heavy_flood_dup60_s20260613,bonded,339671,PRIVPROBE:1,duplicate_filter,0,False,0,duplicate_filter
m12_heavy_flood_dup60_s20260613_bonded,BudgetDoS,m12_heavy_flood_dup60_s20260613,bonded,340780,PRIVPROBE:1,duplicate_filter,0,False,0,duplicate_filter
m12_heavy_flood_dup60_s20260613_bonded,BudgetDoS,m12_heavy_flood_dup60_s20260613,bonded,341972,PRIVPROBE:1,duplicate_filter,0,False,0,duplicate_filter
m12_heavy_flood_dup60_s20260613_bonded,BudgetDoS,m12_heavy_flood_dup60_s20260613,bonded,343045,PRIVPROBE:1,duplicate_filter,0,False,0,duplicate_filter
m12_heavy_flood_dup60_s20260613_bonded,BudgetDoS,m12_heavy_flood_dup60_s20260613,bonded,344164,PRIVPROBE:1,duplicate_filter,0,False,0,duplicate_filter
m12_heavy_flood_dup60_s20260613_bonded,BudgetDoS,m12_heavy_flood_dup60_s20260613,bonded,345309,PRIVPROBE:1,duplicate_filter,0,False,0,duplicate_filter
m12_heavy_flood_dup60_s20260613_bonded,BudgetDoS,m12_heavy_flood_dup60_s20260613,bonded,346401,PRIVPROBE:1,duplicate_filter,0,False,0,duplicate_filter
m12_heavy_flood_dup60_s20260613_bonded,BudgetDoS,m12_heavy_flood_dup60_s20260613,bonded,347530,PRIVPROBE:1,budget_skip,0,False,0,budget_skip
m12_heavy_flood_dup60_s20260613_bonded,BudgetDoS,m12_heavy_flood_dup60_s20260613,bonded,348668,PRIVPROBE:1,duplicate_filter,0,False,0,duplicate_filter
m12_heavy_flood_dup60_s20260613_bonded,BudgetDoS,m12_heavy_flood_dup60_s20260613,bonded,349814,PRIVPROBE:1,duplicate_filter,0,False,0,duplicate_filter
m12_heavy_flood_dup60_s20260613_bonded,BudgetDoS,m12_heavy_flood_dup60_s20260613,bonded,350929,PRIVPROBE:1,duplicate_filter,0,False,0,duplicate_filter
m12_heavy_flood_dup60_s20260613_bonded,BudgetDoS,m12_heavy_flood_dup60_s20260613,bonded,352034,PRIVPROBE:1,duplicate_filter,0,False,0,duplicate_filter
m12_heavy_flood_dup60_s20260613_bonded,BudgetDoS,m12_heavy_flood_dup60_s20260613,bonded,353110,PRIVPROBE:1,duplicate_filter,0,False,0,duplicate_filter
m12_heavy_flood_dup60_s20260613_bonded,BudgetDoS,m12_heavy_flood_dup60_s20260613,bonded,354227,PRIVPROBE:1,duplicate_filter,0,False,0,duplicate_filter
m12_heavy_flood_dup60_s20260613_bonded,BudgetDoS,m12_heavy_flood_dup60_s20260613,bonded,355334,PRIVPROBE:1,duplicate_filter,0,False,0,duplicate_filter
m12_heavy_flood_dup60_s20260613_bonded,BudgetDoS,m12_heavy_flood_dup60_s20260613,bonded,356454,PRIVPROBE:1,duplicate_filter,0,False,0,duplicate_filter
m12_heavy_flood_dup60_s20260613_bonded,BudgetDoS,m12_heavy_flood_dup60_s20260613,bonded,357557,PRIVPROBE:1,duplicate_filter,0,False,0,duplicate_filter
m12_heavy_flood_dup60_s20260613_bonded,BudgetDoS,m12_heavy_flood_dup60_s20260613,bonded,358646,PRIVPROBE:1,duplicate_filter,0,False,0,duplicate_filter
m12_heavy_flood_dup60_s20260613_bonded,BudgetDoS,m12_heavy_flood_dup60_s20260613,bonded,359804,PRIVPROBE:1,duplicate_filter,0,False,0,duplicate_filter
m12_heavy_flood_dup60_s20260613_bonded,BudgetDoS,m12_heavy_flood_dup60_s20260613,bonded,360951,PRIVPROBE:1,budget_skip,0,False,0,budget_skip
m12_heavy_flood_dup60_s20260613_bonded,BudgetDoS,m12_heavy_flood_dup60_s20260613,bonded,362100,PRIVPROBE:1,duplicate_filter,0,False,0,duplicate_filter
m12_heavy_flood_dup60_s20260613_bonded,BudgetDoS,m12_heavy_flood_dup60_s20260613,bonded,363266,PRIVPROBE:1,duplicate_filter,0,False,0,duplicate_filter
m12_heavy_flood_dup60_s20260613_bonded,BudgetDoS,m12_heavy_flood_dup60_s20260613,bonded,364431,PRIVPROBE:1,duplicate_filter,0,False,0,duplicate_filter
m12_heavy_flood_dup60_s20260613_bonded,BudgetDoS,m12_heavy_flood_dup60_s20260613,bonded,365507,PRIVPROBE:1,duplicate_filter,0,False,0,duplicate_filter
m12_heavy_flood_dup60_s20260613_bonded,BudgetDoS,m12_heavy_flood_dup60_s20260613,bonded,366601,PRIVPROBE:1,duplicate_filter,0,False,0,duplicate_filter
m12_heavy_flood_dup60_s20260613_bonded,BudgetDoS,m12_heavy_flood_dup60_s20260613,bonded,367706,PRIVPROBE:1,duplicate_filter,0,False,0,duplicate_filter
m12_heavy_flood_dup60_s20260613_bonded,BudgetDoS,m12_heavy_flood_dup60_s20260613,bonded,368817,PRIVPROBE:1,duplicate_filter,0,False,0,duplicate_filter
m12_heavy_flood_dup60_s20260613_bonded,BudgetDoS,m12_heavy_flood_dup60_s20260613,bonded,369957,PRIVPROBE:1,duplicate_filter,0,False,0,duplicate_filter
m12_heavy_flood_dup60_s20260613_bonded,BudgetDoS,m12_heavy_flood_dup60_s20260613,bonded,371075,PRIVPROBE:1,duplicate_filter,0,False,0,duplicate_filter
m12_heavy_flood_dup60_s20260613_bonded,BudgetDoS,m12_heavy_flood_dup60_s20260613,bonded,372191,PRIVPROBE:1,duplicate_filter,0,False,0,duplicate_filter
m12_heavy_flood_dup60_s20260613_bonded,BudgetDoS,m12_heavy_flood_dup60_s20260613,bonded,373315,PRIVPROBE:1,duplicate_filter,0,False,0,duplicate_filter
m12_heavy_flood_dup60_s20260613_bonded,BudgetDoS,m12_heavy_flood_dup60_s20260613,bonded,374463,PRIVPROBE:1,budget_skip,0,False,0,budget_skip
m12_heavy_flood_dup60_s20260613_bonded,BudgetDoS,m12_heavy_flood_dup60_s20260613,bonded,375653,PRIVPROBE:1,duplicate_filter,0,False,0,duplicate_filter
m12_heavy_flood_dup60_s20260613_bonded,BudgetDoS,m12_heavy_flood_dup60_s20260613,bonded,376691,PRIVPROBE:1,duplicate_filter,0,False,0,duplicate_filter
m12_heavy_flood_dup60_s20260613_bonded,BudgetDoS,m12_heavy_flood_dup60_s20260613,bonded,377802,PRIVPROBE:1,duplicate_filter,0,False,0,duplicate_filter
m12_heavy_flood_dup60_s20260613_bonded,BudgetDoS,m12_heavy_flood_dup60_s20260613,bonded,378883,PRIVPROBE:1,duplicate_filter,0,False,0,duplicate_filter
m12_heavy_flood_dup60_s20260613_bonded,BudgetDoS,m12_heavy_flood_dup60_s20260613,bonded,380037,PRIVPROBE:1,duplicate_filter,0,False,0,duplicate_filter
m12_heavy_flood_dup60_s20260613_bonded,BudgetDoS,m12_heavy_flood_dup60_s20260613,bonded,381130,PRIVPROBE:1,duplicate_filter,0,False,0,duplicate_filter
m12_heavy_flood_dup60_s20260613_bonded,BudgetDoS,m12_heavy_flood_dup60_s20260613,bonded,382274,PRIVPROBE:1,duplicate_filter,0,False,0,duplicate_filter
m12_heavy_flood_dup60_s20260613_bonded,BudgetDoS,m12_heavy_flood_dup60_s20260613,bonded,383376,PRIVPROBE:1,duplicate_filter,0,False,0,duplicate_filter
m12_heavy_flood_dup60_s20260613_bonded,BudgetDoS,m12_heavy_flood_dup60_s20260613,bonded,384489,PRIVPROBE:1,duplicate_filter,0,False,0,duplicate_filter
m12_heavy_flood_dup60_s20260613_bonded,BudgetDoS,m12_heavy_flood_dup60_s20260613,bonded,385552,PRIVPROBE:1,duplicate_filter,0,False,0,duplicate_filter
m12_heavy_flood_dup60_s20260613_bonded,BudgetDoS,m12_heavy_flood_dup60_s20260613,bonded,386610,PRIVPROBE:1,duplicate_filter,0,False,0,duplicate_filter
m12_heavy_flood_dup60_s20260613_bonded,BudgetDoS,m12_heavy_flood_dup60_s20260613,bonded,387671,PRIVPROBE:1,budget_skip,0,False,0,budget_skip
m12_heavy_flood_dup60_s20260613_bonded,BudgetDoS,m12_heavy_flood_dup60_s20260613,bonded,388782,PRIVPROBE:1,duplicate_filter,0,False,0,duplicate_filter
m12_heavy_flood_dup60_s20260613_bonded,BudgetDoS,m12_heavy_flood_dup60_s20260613,bonded,389879,PRIVPROBE:1,duplicate_filter,0,False,0,duplicate_filter
m12_heavy_flood_dup60_s20260613_bonded,BudgetDoS,m12_heavy_flood_dup60_s20260613,bonded,390958,PRIVPROBE:1,duplicate_filter,0,False,0,duplicate_filter
m12_heavy_flood_dup60_s20260613_bonded,BudgetDoS,m12_heavy_flood_dup60_s20260613,bonded,392043,PRIVPROBE:1,duplicate_filter,0,False,0,duplicate_filter
m12_heavy_flood_dup60_s20260613_bonded,BudgetDoS,m12_heavy_flood_dup60_s20260613,bonded,393168,PRIVPROBE:1,duplicate_filter,0,False,0,duplicate_filter
m12_heavy_flood_dup60_s20260613_bonded,BudgetDoS,m12_heavy_flood_dup60_s20260613,bonded,394297,PRIVPROBE:1,duplicate_filter,0,False,0,duplicate_filter
m12_heavy_flood_dup60_s20260613_bonded,BudgetDoS,m12_heavy_flood_dup60_s20260613,bonded,395444,PRIVPROBE:1,duplicate_filter,0,False,0,duplicate_filter
m12_heavy_flood_dup60_s20260613_bonded,BudgetDoS,m12_heavy_flood_dup60_s20260613,bonded,396587,PRIVPROBE:1,duplicate_filter,0,False,0,duplicate_filter
m12_heavy_flood_dup60_s20260613_bonded,BudgetDoS,m12_heavy_flood_dup60_s20260613,bonded,397674,PRIVPROBE:1,duplicate_filter,0,False,0,duplicate_filter
m12_heavy_flood_dup60_s20260613_bonded,BudgetDoS,m12_heavy_flood_dup60_s20260613,bonded,398770,PRIVPROBE:1,duplicate_filter,0,False,0,duplicate_filter
m12_heavy_flood_dup60_s20260613_bonded,BudgetDoS,m12_heavy_flood_dup60_s20260613,bonded,399924,PRIVPROBE:1,duplicate_filter,0,False,0,duplicate_filter
