run_id,method,paired_trace_id,identity_label_for_scoring,event_id,rpa_value,action,aes_attempts,deferred,delay_ms,admission_path
m12_medium_flood_dup60_s20260627_nonbonded,P3-Persist,m12_medium_flood_dup60_s20260627,nonbonded,7326,PRIVPROBE:0,host_scan,504,False,0,host_scan
m12_medium_flood_dup60_s20260627_nonbonded,P3-Persist,m12_medium_flood_dup60_s20260627,nonbonded,7451,PRIVPROBE:0,duplicate_filter,0,False,0,duplicate_filter
m12_medium_flood_dup60_s20260627_nonbonded,P3-Persist,m12_medium_flood_dup60_s20260627,nonbonded,7589,PRIVPROBE:0,duplicate_filter,0,False,0,duplicate_filter
m12_medium_flood_dup60_s20260627_nonbonded,P3-Persist,m12_medium_flood_dup60_s20260627,nonbonded,7699,PRIVPROBE:0,duplicate_filter,0,False,0,duplicate_filter
m12_medium_flood_dup60_s20260627_nonbonded,P3-Persist,m12_medium_flood_dup60_s20260627,nonbonded,7826,PRIVPROBE:0,duplicate_filter,0,False,0,duplicate_filter
m12_medium_flood_dup60_s20260627_nonbonded,P3-Persist,m12_medium_flood_dup60_s20260627,nonbonded,7968,PRIVPROBE:0,duplicate_filter,0,False,0,duplicate_filter
m12_medium_flood_dup60_s20260627_nonbonded,P3-Persist,m12_medium_flood_dup60_s20260627,nonbonded,8109,PRIVPROBE:0,duplicate_filter,0,False,0,duplicate_filter
m12_medium_flood_dup60_s20260627_nonbonded,P3-Persist,m12_medium_flood_dup60_s20260627,nonbonded,8239,PRIVPROBE:0,duplicate_filter,0,False,0,duplicate_filter
m12_medium_flood_dup60_s20260627_nonbonded,P3-Persist,m12_medium_flood_dup60_s20260627,nonbonded,8345,PRIVPROBE:0,duplicate_filter,0,False,0,duplicate_filter
m12_medium_flood_dup60_s20260627_nonbonded,P3-Persist,m12_medium_flood_dup60_s20260627,nonbonded,8478,PRIVPROBE:0,duplicate_filter,0,False,0,duplicate_filter
m12_medium_flood_dup60_s20260627_nonbonded,P3-Persist,m12_medium_flood_dup60_s20260627,nonbonded,8569,PRIVPROBE:0,duplicate_filter,0,False,0,duplicate_filter
m12_medium_flood_dup60_s20260627_nonbonded,P3-Persist,m12_medium_flood_dup60_s20260627,nonbonded,8698,PRIVPROBE:0,duplicate_filter,0,False,0,duplicate_filter
m12_medium_flood_dup60_s20260627_nonbonded,P3-Persist,m12_medium_flood_dup60_s20260627,nonbonded,8828,PRIVPROBE:0,host_scan,504,False,0,host_scan
m12_medium_flood_dup60_s20260627_nonbonded,P3-Persist,m12_medium_flood_dup60_s20260627,nonbonded,8964,PRIVPROBE:0,duplicate_filter,0,False,0,duplicate_filter
m12_medium_flood_dup60_s20260627_nonbonded,P3-Persist,m12_medium_flood_dup60_s20260627,nonbonded,9075,PRIVPROBE:0,duplicate_filter,0,False,0,duplicate_filter
m12_medium_flood_dup60_s20260627_nonbonded,P3-Persist,m12_medium_flood_dup60_s20260627,nonbonded,9197,PRIVPROBE:0,duplicate_filter,0,False,0,duplicate_filter
m12_medium_flood_dup60_s20260627_nonbonded,P3-Persist,m12_medium_flood_dup60_s20260627,nonbonded,9328,PRIVPROBE:0,duplicate_filter,0,False,0,duplicate_filter
m12_medium_flood_dup60_s20260627_nonbonded,P3-Persist,m12_medium_flood_dup60_s20260627,nonbonded,9434,PRIVPROBE:0,duplicate_filter,0,False,0,duplicate_filter
m12_medium_flood_dup60_s20260627_nonbonded,P3-Persist,m12_medium_flood_dup60_s20260627,nonbonded,9567,PRIVPROBE:0,duplicate_filter,0,False,0,duplicate_filter
m12_medium_flood_dup60_s20260627_nonbonded,P3-Persist,m12_medium_flood_dup60_s20260627,nonbonded,9678,PRIVPROBE:0,duplicate_filter,0,False,0,duplicate_filter
m12_medium_flood_dup60_s20260627_nonbonded,P3-Persist,m12_medium_flood_dup60_s20260627,nonbonded,9796,PRIVPROBE:0,duplicate_filter,0,False,0,duplicate_filter
m12_medium_flood_dup60_s20260627_nonbonded,P3-Persist,m12_medium_flood_dup60_s20260627,nonbonded,9914,PRIVPROBE:0,duplicate_filter,0,False,0,duplicate_filter
m12_medium_flood_dup60_s20260627_nonbonded,P3-Persist,m12_medium_flood_dup60_s20260627,nonbonded,10053,PRIVPROBE:0,duplicate_filter,0,False,0,duplicate_filter
m12_medium_flood_dup60_s20260627_nonbonded,P3-Persist,m12_medium_flood_dup60_s20260627,nonbonded,10162,PRIVPROBE:0,duplicate_filter,0,False,0,duplicate_filter
m12_medium_flood_dup60_s20260627_nonbonded,P3-Persist,m12_medium_flood_dup60_s20260627,nonbonded,10282,PRIVPROBE:0,host_scan,504,False,0,host_scan
m12_medium_flood_dup60_s20260627_nonbonded,P3-Persist,m12_medium_flood_dup60_s20260627,nonbonded,10396,PRIVPROBE:0,duplicate_filter,0,False,0,duplicate_filter
m12_medium_flood_dup60_s20260627_nonbonded,P3-Persist,m12_medium_flood_dup60_s20260627,nonbonded,10533,PRIVPROBE:0,duplicate_filter,0,False,0,duplicate_filter
m12_medium_flood_dup60_s20260627_nonbonded,P3-Persist,m12_medium_flood_dup60_s20260627,nonbonded,10665,PRIVPROBE:0,duplicate_filter,0,False,0,duplicate_filter
m12_medium_flood_dup60_s20260627_nonbonded,P3-Persist,m12_medium_flood_dup60_s20260627,nonbonded,10780,PRIVPROBE:0,duplicate_filter,0,False,0,duplicate_filter
m12_medium_flood_dup60_s20260627_nonbonded,P3-Persist,m12_medium_flood_dup60_s20260627,nonbonded,10919,PRIVPROBE:0,duplicate_filter,0,False,0,duplicate_filter
m12_medium_flood_dup60_s20260627_nonbonded,P3-Persist,m12_medium_flood_dup60_s20260627,nonbonded,11040,PRIVPROBE:0,duplicate_filter,0,False,0,duplicate_filter
m12_medium_flood_dup60_s20260627_nonbonded,P3-Persist,m12_medium_flood_dup60_s20260627,nonbonded,11159,PRIVPROBE:0,duplicate_filter,0,False,0,duplicate_filter
m12_medium_flood_dup60_s20260627_nonbonded,P3-Persist,m12_medium_flood_dup60_s20260627,nonbonded,11286,PRIVPROBE:0,duplicate_filter,0,False,0,duplicate_filter
m12_medium_flood_dup60_s20260627_nonbonded,P3-Persist,m12_medium_flood_dup60_s20260627,nonbonded,11424,PRIVPROBE:0,duplicate_filter,0,False,0,duplicate_filter
m12_medium_flood_dup60_s20260627_nonbonded,P3-Persist,m12_medium_flood_dup60_s20260627,nonbonded,11558,PRIVPROBE:0,duplicate_filter,0,False,0,duplicate_filter
m12_medium_flood_dup60_s20260627_nonbonded,P3-Persist,m12_medium_flood_dup60_s20260627,nonbonded,11680,PRIVPROBE:0,duplicate_filter,0,False,0,duplicate_filter
m12_medium_flood_dup60_s20260627_nonbonded,P3-Persist,m12_medium_flood_dup60_s20260627,nonbonded,11807,PRIVPROBE:0,host_scan,504,False,0,host_scan
m12_medium_flood_dup60_s20260627_nonbonded,P3-Persist,m12_medium_flood_dup60_s20260627,nonbonded,11931,PRIVPROBE:0,duplicate_filter,0,False,0,duplicate_filter
m12_medium_flood_dup60_s20260627_nonbonded,P3-Persist,m12_medium_flood_dup60_s20260627,nonbonded,12063,PRIVPROBE:0,duplicate_filter,0,False,0,duplicate_filter
m12_medium_flood_dup60_s20260627_nonbonded,P3-Persist,m12_medium_flood_dup60_s20260627,nonbonded,12180,PRIVPROBE:0,duplicate_filter,0,False,0,duplicate_filter
m12_medium_flood_dup60_s20260627_nonbonded,P3-Persist,m12_medium_flood_dup60_s20260627,nonbonded,12297,PRIVPROBE:0,duplicate_filter,0,False,0,duplicate_filter
m12_medium_flood_dup60_s20260627_nonbonded,P3-Persist,m12_medium_flood_dup60_s20260627,nonbonded,12419,PRIVPROBE:0,duplicate_filter,0,False,0,duplicate_filter
m12_medium_flood_dup60_s20260627_nonbonded,P3-Persist,m12_medium_flood_dup60_s20260627,nonbonded,12561,PRIVPROBE:0,duplicate_filter,0,False,0,duplicate_filter
m12_medium_flood_dup60_s20260627_nonbonded,P3-Persist,m12_medium_flood_dup60_s20260627,nonbonded,12692,PRIVPROBE:0,duplicate_filter,0,False,0,duplicate_filter
m12_medium_flood_dup60_s20260627_nonbonded,P3-Persist,m12_medium_flood_dup60_s20260627,nonbonded,12823,PRIVPROBE:0,duplicate_filter,0,False,0,duplicate_filter
m12_medium_flood_dup60_s20260627_nonbonded,P3-Persist,m12_medium_flood_dup60_s20260627,nonbonded,12933,PRIVPROBE:0,duplicate_filter,0,False,0,duplicate_filter
m12_medium_flood_dup60_s20260627_nonbonded,P3-Persist,m12_medium_flood_dup60_s20260627,nonbonded,13048,PRIVPROBE:0,duplicate_filter,0,False,0,duplicate_filter
m12_medium_flood_dup60_s20260627_nonbonded,P3-Persist,m12_medium_flood_dup60_s20260627,nonbonded,13169,PRIVPROBE:0,duplicate_filter,0,False,0,duplicate_filter
m12_medium_flood_dup60_s20260627_nonbonded,P3-Persist,m12_medium_flood_dup60_s20260627,nonbonded,13292,PRIVPROBE:0,host_scan,504,False,0,host_scan
m12_medium_flood_dup60_s20260627_nonbonded,P3-Persist,m12_medium_flood_dup60_s20260627,nonbonded,13419,PRIVPROBE:0,duplicate_filter,0,False,0,duplicate_filter
m12_medium_flood_dup60_s20260627_nonbonded,P3-Persist,m12_medium_flood_dup60_s20260627,nonbonded,13533,PRIVPROBE:0,duplicate_filter,0,False,0,duplicate_filter
m12_medium_flood_dup60_s20260627_nonbonded,P3-Persist,m12_medium_flood_dup60_s20260627,nonbonded,13645,PRIVPROBE:0,duplicate_filter,0,False,0,duplicate_filter
m12_medium_flood_dup60_s20260627_nonbonded,P3-Persist,m12_medium_flood_dup60_s20260627,nonbonded,13769,PRIVPROBE:0,duplicate_filter,0,False,0,duplicate_filter
m12_medium_flood_dup60_s20260627_nonbonded,P3-Persist,m12_medium_flood_dup60_s20260627,nonbonded,13899,PRIVPROBE:0,duplicate_filter,0,False,0,duplicate_filter
m12_medium_flood_dup60_s20260627_nonbonded,P3-Persist,m12_medium_flood_dup60_s20260627,nonbonded,14021,PRIVPROBE:0,duplicate_filter,0,False,0,duplicate_filter
m12_medium_flood_dup60_s20260627_nonbonded,P3-Persist,m12_medium_flood_dup60_s20260627,nonbonded,14149,PRIVPROBE:0,duplicate_filter,0,False,0,duplicate_filter
m12_medium_flood_dup60_s20260627_nonbonded,P3-Persist,m12_medium_flood_dup60_s20260627,nonbonded,14255,PRIVPROBE:0,duplicate_filter,0,False,0,duplicate_filter
m12_medium_flood_dup60_s20260627_nonbonded,P3-Persist,m12_medium_flood_dup60_s20260627,nonbonded,14387,PRIVPROBE:0,duplicate_filter,0,False,0,duplicate_filter
m12_medium_flood_dup60_s20260627_nonbonded,P3-Persist,m12_medium_flood_dup60_s20260627,nonbonded,14518,PRIVPROBE:0,duplicate_filter,0,False,0,duplicate_filter
m12_medium_flood_dup60_s20260627_nonbonded,P3-Persist,m12_medium_flood_dup60_s20260627,nonbonded,14625,PRIVPROBE:0,duplicate_filter,0,False,0,duplicate_filter
m12_medium_flood_dup60_s20260627_nonbonded,P3-Persist,m12_medium_flood_dup60_s20260627,nonbonded,14746,PRIVPROBE:0,host_scan,504,False,0,host_scan
m12_medium_flood_dup60_s20260627_nonbonded,P3-Persist,m12_medium_flood_dup60_s20260627,nonbonded,14872,PRIVPROBE:0,duplicate_filter,0,False,0,duplicate_filter
m12_medium_flood_dup60_s20260627_nonbonded,P3-Persist,m12_medium_flood_dup60_s20260627,nonbonded,14985,PRIVPROBE:0,duplicate_filter,0,False,0,duplicate_filter
m12_medium_flood_dup60_s20260627_nonbonded,P3-Persist,m12_medium_flood_dup60_s20260627,nonbonded,15115,PRIVPROBE:0,duplicate_filter,0,False,0,duplicate_filter
m12_medium_flood_dup60_s20260627_nonbonded,P3-Persist,m12_medium_flood_dup60_s20260627,nonbonded,15244,PRIVPROBE:0,duplicate_filter,0,False,0,duplicate_filter
m12_medium_flood_dup60_s20260627_nonbonded,P3-Persist,m12_medium_flood_dup60_s20260627,nonbonded,15391,PRIVPROBE:0,duplicate_filter,0,False,0,duplicate_filter
m12_medium_flood_dup60_s20260627_nonbonded,P3-Persist,m12_medium_flood_dup60_s20260627,nonbonded,15491,PRIVPROBE:0,duplicate_filter,0,False,0,duplicate_filter
m12_medium_flood_dup60_s20260627_nonbonded,P3-Persist,m12_medium_flood_dup60_s20260627,nonbonded,15611,PRIVPROBE:0,duplicate_filter,0,False,0,duplicate_filter
m12_medium_flood_dup60_s20260627_nonbonded,P3-Persist,m12_medium_flood_dup60_s20260627,nonbonded,15754,PRIVPROBE:0,duplicate_filter,0,False,0,duplicate_filter
m12_medium_flood_dup60_s20260627_nonbonded,P3-Persist,m12_medium_flood_dup60_s20260627,nonbonded,15875,PRIVPROBE:0,duplicate_filter,0,False,0,duplicate_filter
m12_medium_flood_dup60_s20260627_nonbonded,P3-Persist,m12_medium_flood_dup60_s20260627,nonbonded,16008,PRIVPROBE:0,duplicate_filter,0,False,0,duplicate_filter
m12_medium_flood_dup60_s20260627_nonbonded,P3-Persist,m12_medium_flood_dup60_s20260627,nonbonded,16131,PRIVPROBE:0,duplicate_filter,0,False,0,duplicate_filter
m12_medium_flood_dup60_s20260627_nonbonded,P3-Persist,m12_medium_flood_dup60_s20260627,nonbonded,16250,PRIVPROBE:0,host_scan,504,False,0,host_scan
m12_medium_flood_dup60_s20260627_nonbonded,P3-Persist,m12_medium_flood_dup60_s20260627,nonbonded,16363,PRIVPROBE:0,duplicate_filter,0,False,0,duplicate_filter
m12_medium_flood_dup60_s20260627_nonbonded,P3-Persist,m12_medium_flood_dup60_s20260627,nonbonded,16500,PRIVPROBE:0,duplicate_filter,0,False,0,duplicate_filter
m12_medium_flood_dup60_s20260627_nonbonded,P3-Persist,m12_medium_flood_dup60_s20260627,nonbonded,16612,PRIVPROBE:0,duplicate_filter,0,False,0,duplicate_filter
m12_medium_flood_dup60_s20260627_nonbonded,P3-Persist,m12_medium_flood_dup60_s20260627,nonbonded,16727,PRIVPROBE:0,duplicate_filter,0,False,0,duplicate_filter
m12_medium_flood_dup60_s20260627_nonbonded,P3-Persist,m12_medium_flood_dup60_s20260627,nonbonded,16851,PRIVPROBE:0,duplicate_filter,0,False,0,duplicate_filter
m12_medium_flood_dup60_s20260627_nonbonded,P3-Persist,m12_medium_flood_dup60_s20260627,nonbonded,16977,PRIVPROBE:0,duplicate_filter,0,False,0,duplicate_filter
m12_medium_flood_dup60_s20260627_nonbonded,P3-Persist,m12_medium_flood_dup60_s20260627,nonbonded,17092,PRIVPROBE:0,duplicate_filter,0,False,0,duplicate_filter
m12_medium_flood_dup60_s20260627_nonbonded,P3-Persist,m12_medium_flood_dup60_s20260627,nonbonded,17191,PRIVPROBE:0,duplicate_filter,0,False,0,duplicate_filter
m12_medium_flood_dup60_s20260627_nonbonded,P3-Persist,m12_medium_flood_dup60_s20260627,nonbonded,17329,PRIVPROBE:0,duplicate_filter,0,False,0,duplicate_filter
m12_medium_flood_dup60_s20260627_nonbonded,P3-Persist,m12_medium_flood_dup60_s20260627,nonbonded,17452,PRIVPROBE:0,duplicate_filter,0,False,0,duplicate_filter
m12_medium_flood_dup60_s20260627_nonbonded,P3-Persist,m12_medium_flood_dup60_s20260627,nonbonded,17583,PRIVPROBE:0,duplicate_filter,0,False,0,duplicate_filter
m12_medium_flood_dup60_s20260627_nonbonded,P3-Persist,m12_medium_flood_dup60_s20260627,nonbonded,17697,PRIVPROBE:0,host_scan,504,False,0,host_scan
m12_medium_flood_dup60_s20260627_nonbonded,P3-Persist,m12_medium_flood_dup60_s20260627,nonbonded,17818,PRIVPROBE:0,duplicate_filter,0,False,0,duplicate_filter
m12_medium_flood_dup60_s20260627_nonbonded,P3-Persist,m12_medium_flood_dup60_s20260627,nonbonded,17956,PRIVPROBE:0,duplicate_filter,0,False,0,duplicate_filter
m12_medium_flood_dup60_s20260627_nonbonded,P3-Persist,m12_medium_flood_dup60_s20260627,nonbonded,18064,PRIVPROBE:0,duplicate_filter,0,False,0,duplicate_filter
m12_medium_flood_dup60_s20260627_nonbonded,P3-Persist,m12_medium_flood_dup60_s20260627,nonbonded,18181,PRIVPROBE:0,duplicate_filter,0,False,0,duplicate_filter
m12_medium_flood_dup60_s20260627_nonbonded,P3-Persist,m12_medium_flood_dup60_s20260627,nonbonded,18303,PRIVPROBE:0,duplicate_filter,0,False,0,duplicate_filter
m12_medium_flood_dup60_s20260627_nonbonded,P3-Persist,m12_medium_flood_dup60_s20260627,nonbonded,18448,PRIVPROBE:0,duplicate_filter,0,False,0,duplicate_filter
m12_medium_flood_dup60_s20260627_nonbonded,P3-Persist,m12_medium_flood_dup60_s20260627,nonbonded,18586,PRIVPROBE:0,duplicate_filter,0,False,0,duplicate_filter
m12_medium_flood_dup60_s20260627_nonbonded,P3-Persist,m12_medium_flood_dup60_s20260627,nonbonded,18715,PRIVPROBE:0,duplicate_filter,0,False,0,duplicate_filter
m12_medium_flood_dup60_s20260627_nonbonded,P3-Persist,m12_medium_flood_dup60_s20260627,nonbonded,18837,PRIVPROBE:0,duplicate_filter,0,False,0,duplicate_filter
m12_medium_flood_dup60_s20260627_nonbonded,P3-Persist,m12_medium_flood_dup60_s20260627,nonbonded,18956,PRIVPROBE:0,duplicate_filter,0,False,0,duplicate_filter
m12_medium_flood_dup60_s20260627_nonbonded,P3-Persist,m12_medium_flood_dup60_s20260627,nonbonded,19073,PRIVPROBE:0,duplicate_filter,0,False,0,duplicate_filter
m12_medium_flood_dup60_s20260627_nonbonded,P3-Persist,m12_medium_flood_dup60_s20260627,nonbonded,19215,PRIVPROBE:0,host_scan,504,False,0,host_scan
m12_medium_flood_dup60_s20260627_nonbonded,P3-Persist,m12_medium_flood_dup60_s20260627,nonbonded,19338,PRIVPROBE:0,duplicate_filter,0,False,0,duplicate_filter
m12_medium_flood_dup60_s20260627_nonbonded,P3-Persist,m12_medium_flood_dup60_s20260627,nonbonded,19444,PRIVPROBE:0,duplicate_filter,0,False,0,duplicate_filter
m12_medium_flood_dup60_s20260627_nonbonded,P3-Persist,m12_medium_flood_dup60_s20260627,nonbonded,19558,PRIVPROBE:0,duplicate_filter,0,False,0,duplicate_filter
m12_medium_flood_dup60_s20260627_nonbonded,P3-Persist,m12_medium_flood_dup60_s20260627,nonbonded,19682,PRIVPROBE:0,duplicate_filter,0,False,0,duplicate_filter
m12_medium_flood_dup60_s20260627_nonbonded,P3-Persist,m12_medium_flood_dup60_s20260627,nonbonded,19784,PRIVPROBE:0,duplicate_filter,0,False,0,duplicate_filter
m12_medium_flood_dup60_s20260627_nonbonded,P3-Persist,m12_medium_flood_dup60_s20260627,nonbonded,19914,PRIVPROBE:0,duplicate_filter,0,False,0,duplicate_filter
m12_medium_flood_dup60_s20260627_nonbonded,P3-Persist,m12_medium_flood_dup60_s20260627,nonbonded,20016,PRIVPROBE:0,duplicate_filter,0,False,0,duplicate_filter
m12_medium_flood_dup60_s20260627_nonbonded,P3-Persist,m12_medium_flood_dup60_s20260627,nonbonded,20120,PRIVPROBE:0,duplicate_filter,0,False,0,duplicate_filter
m12_medium_flood_dup60_s20260627_nonbonded,P3-Persist,m12_medium_flood_dup60_s20260627,nonbonded,20238,PRIVPROBE:0,duplicate_filter,0,False,0,duplicate_filter
m12_medium_flood_dup60_s20260627_nonbonded,P3-Persist,m12_medium_flood_dup60_s20260627,nonbonded,20377,PRIVPROBE:0,duplicate_filter,0,False,0,duplicate_filter
m12_medium_flood_dup60_s20260627_nonbonded,P3-Persist,m12_medium_flood_dup60_s20260627,nonbonded,20500,PRIVPROBE:0,duplicate_filter,0,False,0,duplicate_filter
m12_medium_flood_dup60_s20260627_nonbonded,P3-Persist,m12_medium_flood_dup60_s20260627,nonbonded,20613,PRIVPROBE:0,host_scan,504,False,0,host_scan
m12_medium_flood_dup60_s20260627_nonbonded,P3-Persist,m12_medium_flood_dup60_s20260627,nonbonded,20731,PRIVPROBE:0,duplicate_filter,0,False,0,duplicate_filter
m12_medium_flood_dup60_s20260627_nonbonded,P3-Persist,m12_medium_flood_dup60_s20260627,nonbonded,20851,PRIVPROBE:0,duplicate_filter,0,False,0,duplicate_filter
m12_medium_flood_dup60_s20260627_nonbonded,P3-Persist,m12_medium_flood_dup60_s20260627,nonbonded,20955,PRIVPROBE:0,duplicate_filter,0,False,0,duplicate_filter
m12_medium_flood_dup60_s20260627_nonbonded,P3-Persist,m12_medium_flood_dup60_s20260627,nonbonded,21078,PRIVPROBE:0,duplicate_filter,0,False,0,duplicate_filter
m12_medium_flood_dup60_s20260627_nonbonded,P3-Persist,m12_medium_flood_dup60_s20260627,nonbonded,21190,PRIVPROBE:0,duplicate_filter,0,False,0,duplicate_filter
m12_medium_flood_dup60_s20260627_nonbonded,P3-Persist,m12_medium_flood_dup60_s20260627,nonbonded,21305,PRIVPROBE:0,duplicate_filter,0,False,0,duplicate_filter
m12_medium_flood_dup60_s20260627_nonbonded,P3-Persist,m12_medium_flood_dup60_s20260627,nonbonded,21431,PRIVPROBE:0,duplicate_filter,0,False,0,duplicate_filter
m12_medium_flood_dup60_s20260627_nonbonded,P3-Persist,m12_medium_flood_dup60_s20260627,nonbonded,21551,PRIVPROBE:0,duplicate_filter,0,False,0,duplicate_filter
m12_medium_flood_dup60_s20260627_nonbonded,P3-Persist,m12_medium_flood_dup60_s20260627,nonbonded,21667,PRIVPROBE:0,duplicate_filter,0,False,0,duplicate_filter
m12_medium_flood_dup60_s20260627_nonbonded,P3-Persist,m12_medium_flood_dup60_s20260627,nonbonded,21792,PRIVPROBE:0,duplicate_filter,0,False,0,duplicate_filter
m12_medium_flood_dup60_s20260627_nonbonded,P3-Persist,m12_medium_flood_dup60_s20260627,nonbonded,21919,PRIVPROBE:0,duplicate_filter,0,False,0,duplicate_filter
m12_medium_flood_dup60_s20260627_nonbonded,P3-Persist,m12_medium_flood_dup60_s20260627,nonbonded,22039,PRIVPROBE:1,host_scan,504,False,0,host_scan
m12_medium_flood_dup60_s20260627_nonbonded,P3-Persist,m12_medium_flood_dup60_s20260627,nonbonded,22178,PRIVPROBE:1,duplicate_filter,0,False,0,duplicate_filter
m12_medium_flood_dup60_s20260627_nonbonded,P3-Persist,m12_medium_flood_dup60_s20260627,nonbonded,22308,PRIVPROBE:1,duplicate_filter,0,False,0,duplicate_filter
m12_medium_flood_dup60_s20260627_nonbonded,P3-Persist,m12_medium_flood_dup60_s20260627,nonbonded,22439,PRIVPROBE:1,duplicate_filter,0,False,0,duplicate_filter
m12_medium_flood_dup60_s20260627_nonbonded,P3-Persist,m12_medium_flood_dup60_s20260627,nonbonded,22557,PRIVPROBE:1,duplicate_filter,0,False,0,duplicate_filter
m12_medium_flood_dup60_s20260627_nonbonded,P3-Persist,m12_medium_flood_dup60_s20260627,nonbonded,22690,PRIVPROBE:1,duplicate_filter,0,False,0,duplicate_filter
m12_medium_flood_dup60_s20260627_nonbonded,P3-Persist,m12_medium_flood_dup60_s20260627,nonbonded,22813,PRIVPROBE:1,duplicate_filter,0,False,0,duplicate_filter
m12_medium_flood_dup60_s20260627_nonbonded,P3-Persist,m12_medium_flood_dup60_s20260627,nonbonded,22925,PRIVPROBE:1,duplicate_filter,0,False,0,duplicate_filter
m12_medium_flood_dup60_s20260627_nonbonded,P3-Persist,m12_medium_flood_dup60_s20260627,nonbonded,23043,PRIVPROBE:1,duplicate_filter,0,False,0,duplicate_filter
m12_medium_flood_dup60_s20260627_nonbonded,P3-Persist,m12_medium_flood_dup60_s20260627,nonbonded,23198,PRIVPROBE:1,duplicate_filter,0,False,0,duplicate_filter
m12_medium_flood_dup60_s20260627_nonbonded,P3-Persist,m12_medium_flood_dup60_s20260627,nonbonded,23319,PRIVPROBE:1,duplicate_filter,0,False,0,duplicate_filter
m12_medium_flood_dup60_s20260627_nonbonded,P3-Persist,m12_medium_flood_dup60_s20260627,nonbonded,23446,PRIVPROBE:1,duplicate_filter,0,False,0,duplicate_filter
m12_medium_flood_dup60_s20260627_nonbonded,P3-Persist,m12_medium_flood_dup60_s20260627,nonbonded,23586,PRIVPROBE:1,host_scan,504,False,0,host_scan
m12_medium_flood_dup60_s20260627_nonbonded,P3-Persist,m12_medium_flood_dup60_s20260627,nonbonded,23700,PRIVPROBE:1,duplicate_filter,0,False,0,duplicate_filter
m12_medium_flood_dup60_s20260627_nonbonded,P3-Persist,m12_medium_flood_dup60_s20260627,nonbonded,23833,PRIVPROBE:1,duplicate_filter,0,False,0,duplicate_filter
m12_medium_flood_dup60_s20260627_nonbonded,P3-Persist,m12_medium_flood_dup60_s20260627,nonbonded,23929,PRIVPROBE:1,duplicate_filter,0,False,0,duplicate_filter
m12_medium_flood_dup60_s20260627_nonbonded,P3-Persist,m12_medium_flood_dup60_s20260627,nonbonded,24018,PRIVPROBE:1,duplicate_filter,0,False,0,duplicate_filter
m12_medium_flood_dup60_s20260627_nonbonded,P3-Persist,m12_medium_flood_dup60_s20260627,nonbonded,24129,PRIVPROBE:1,duplicate_filter,0,False,0,duplicate_filter
m12_medium_flood_dup60_s20260627_nonbonded,P3-Persist,m12_medium_flood_dup60_s20260627,nonbonded,24257,PRIVPROBE:1,duplicate_filter,0,False,0,duplicate_filter
m12_medium_flood_dup60_s20260627_nonbonded,P3-Persist,m12_medium_flood_dup60_s20260627,nonbonded,24385,PRIVPROBE:1,duplicate_filter,0,False,0,duplicate_filter
m12_medium_flood_dup60_s20260627_nonbonded,P3-Persist,m12_medium_flood_dup60_s20260627,nonbonded,24499,PRIVPROBE:1,duplicate_filter,0,False,0,duplicate_filter
m12_medium_flood_dup60_s20260627_nonbonded,P3-Persist,m12_medium_flood_dup60_s20260627,nonbonded,24602,PRIVPROBE:1,duplicate_filter,0,False,0,duplicate_filter
m12_medium_flood_dup60_s20260627_nonbonded,P3-Persist,m12_medium_flood_dup60_s20260627,nonbonded,24724,PRIVPROBE:1,duplicate_filter,0,False,0,duplicate_filter
m12_medium_flood_dup60_s20260627_nonbonded,P3-Persist,m12_medium_flood_dup60_s20260627,nonbonded,24855,PRIVPROBE:1,duplicate_filter,0,False,0,duplicate_filter
m12_medium_flood_dup60_s20260627_nonbonded,P3-Persist,m12_medium_flood_dup60_s20260627,nonbonded,24975,PRIVPROBE:1,host_scan,504,False,0,host_scan
m12_medium_flood_dup60_s20260627_nonbonded,P3-Persist,m12_medium_flood_dup60_s20260627,nonbonded,25091,PRIVPROBE:1,duplicate_filter,0,False,0,duplicate_filter
m12_medium_flood_dup60_s20260627_nonbonded,P3-Persist,m12_medium_flood_dup60_s20260627,nonbonded,25207,PRIVPROBE:1,duplicate_filter,0,False,0,duplicate_filter
m12_medium_flood_dup60_s20260627_nonbonded,P3-Persist,m12_medium_flood_dup60_s20260627,nonbonded,25319,PRIVPROBE:1,duplicate_filter,0,False,0,duplicate_filter
m12_medium_flood_dup60_s20260627_nonbonded,P3-Persist,m12_medium_flood_dup60_s20260627,nonbonded,25440,PRIVPROBE:1,duplicate_filter,0,False,0,duplicate_filter
m12_medium_flood_dup60_s20260627_nonbonded,P3-Persist,m12_medium_flood_dup60_s20260627,nonbonded,25535,PRIVPROBE:1,duplicate_filter,0,False,0,duplicate_filter
m12_medium_flood_dup60_s20260627_nonbonded,P3-Persist,m12_medium_flood_dup60_s20260627,nonbonded,25650,PRIVPROBE:1,duplicate_filter,0,False,0,duplicate_filter
m12_medium_flood_dup60_s20260627_nonbonded,P3-Persist,m12_medium_flood_dup60_s20260627,nonbonded,25746,PRIVPROBE:1,duplicate_filter,0,False,0,duplicate_filter
m12_medium_flood_dup60_s20260627_nonbonded,P3-Persist,m12_medium_flood_dup60_s20260627,nonbonded,25865,PRIVPROBE:1,duplicate_filter,0,False,0,duplicate_filter
m12_medium_flood_dup60_s20260627_nonbonded,P3-Persist,m12_medium_flood_dup60_s20260627,nonbonded,25980,PRIVPROBE:1,duplicate_filter,0,False,0,duplicate_filter
m12_medium_flood_dup60_s20260627_nonbonded,P3-Persist,m12_medium_flood_dup60_s20260627,nonbonded,26114,PRIVPROBE:1,duplicate_filter,0,False,0,duplicate_filter
m12_medium_flood_dup60_s20260627_nonbonded,P3-Persist,m12_medium_flood_dup60_s20260627,nonbonded,26230,PRIVPROBE:1,duplicate_filter,0,False,0,duplicate_filter
m12_medium_flood_dup60_s20260627_nonbonded,P3-Persist,m12_medium_flood_dup60_s20260627,nonbonded,26332,PRIVPROBE:1,host_scan,504,False,0,host_scan
m12_medium_flood_dup60_s20260627_nonbonded,P3-Persist,m12_medium_flood_dup60_s20260627,nonbonded,26451,PRIVPROBE:1,duplicate_filter,0,False,0,duplicate_filter
m12_medium_flood_dup60_s20260627_nonbonded,P3-Persist,m12_medium_flood_dup60_s20260627,nonbonded,26576,PRIVPROBE:1,duplicate_filter,0,False,0,duplicate_filter
m12_medium_flood_dup60_s20260627_nonbonded,P3-Persist,m12_medium_flood_dup60_s20260627,nonbonded,26702,PRIVPROBE:1,duplicate_filter,0,False,0,duplicate_filter
m12_medium_flood_dup60_s20260627_nonbonded,P3-Persist,m12_medium_flood_dup60_s20260627,nonbonded,26809,PRIVPROBE:1,duplicate_filter,0,False,0,duplicate_filter
m12_medium_flood_dup60_s20260627_nonbonded,P3-Persist,m12_medium_flood_dup60_s20260627,nonbonded,26933,PRIVPROBE:1,duplicate_filter,0,False,0,duplicate_filter
m12_medium_flood_dup60_s20260627_nonbonded,P3-Persist,m12_medium_flood_dup60_s20260627,nonbonded,27063,PRIVPROBE:1,duplicate_filter,0,False,0,duplicate_filter
m12_medium_flood_dup60_s20260627_nonbonded,P3-Persist,m12_medium_flood_dup60_s20260627,nonbonded,27182,PRIVPROBE:1,duplicate_filter,0,False,0,duplicate_filter
m12_medium_flood_dup60_s20260627_nonbonded,P3-Persist,m12_medium_flood_dup60_s20260627,nonbonded,27318,PRIVPROBE:1,duplicate_filter,0,False,0,duplicate_filter
m12_medium_flood_dup60_s20260627_nonbonded,P3-Persist,m12_medium_flood_dup60_s20260627,nonbonded,27441,PRIVPROBE:1,duplicate_filter,0,False,0,duplicate_filter
m12_medium_flood_dup60_s20260627_nonbonded,P3-Persist,m12_medium_flood_dup60_s20260627,nonbonded,27548,PRIVPROBE:1,duplicate_filter,0,False,0,duplicate_filter
m12_medium_flood_dup60_s20260627_nonbonded,P3-Persist,m12_medium_flood_dup60_s20260627,nonbonded,27674,PRIVPROBE:1,duplicate_filter,0,False,0,duplicate_filter
m12_medium_flood_dup60_s20260627_nonbonded,P3-Persist,m12_medium_flood_dup60_s20260627,nonbonded,27782,PRIVPROBE:1,host_scan,504,False,0,host_scan
m12_medium_flood_dup60_s20260627_nonbonded,P3-Persist,m12_medium_flood_dup60_s20260627,nonbonded,27904,PRIVPROBE:1,duplicate_filter,0,False,0,duplicate_filter
m12_medium_flood_dup60_s20260627_nonbonded,P3-Persist,m12_medium_flood_dup60_s20260627,nonbonded,28017,PRIVPROBE:1,duplicate_filter,0,False,0,duplicate_filter
m12_medium_flood_dup60_s20260627_nonbonded,P3-Persist,m12_medium_flood_dup60_s20260627,nonbonded,28132,PRIVPROBE:1,duplicate_filter,0,False,0,duplicate_filter
m12_medium_flood_dup60_s20260627_nonbonded,P3-Persist,m12_medium_flood_dup60_s20260627,nonbonded,28239,PRIVPROBE:1,duplicate_filter,0,False,0,duplicate_filter
m12_medium_flood_dup60_s20260627_nonbonded,P3-Persist,m12_medium_flood_dup60_s20260627,nonbonded,28365,PRIVPROBE:1,duplicate_filter,0,False,0,duplicate_filter
m12_medium_flood_dup60_s20260627_nonbonded,P3-Persist,m12_medium_flood_dup60_s20260627,nonbonded,28486,PRIVPROBE:1,duplicate_filter,0,False,0,duplicate_filter
m12_medium_flood_dup60_s20260627_nonbonded,P3-Persist,m12_medium_flood_dup60_s20260627,nonbonded,28613,PRIVPROBE:1,duplicate_filter,0,False,0,duplicate_filter
m12_medium_flood_dup60_s20260627_nonbonded,P3-Persist,m12_medium_flood_dup60_s20260627,nonbonded,28740,PRIVPROBE:1,duplicate_filter,0,False,0,duplicate_filter
m12_medium_flood_dup60_s20260627_nonbonded,P3-Persist,m12_medium_flood_dup60_s20260627,nonbonded,28867,PRIVPROBE:1,duplicate_filter,0,False,0,duplicate_filter
m12_medium_flood_dup60_s20260627_nonbonded,P3-Persist,m12_medium_flood_dup60_s20260627,nonbonded,28989,PRIVPROBE:1,duplicate_filter,0,False,0,duplicate_filter
m12_medium_flood_dup60_s20260627_nonbonded,P3-Persist,m12_medium_flood_dup60_s20260627,nonbonded,29110,PRIVPROBE:1,duplicate_filter,0,False,0,duplicate_filter
m12_medium_flood_dup60_s20260627_nonbonded,P3-Persist,m12_medium_flood_dup60_s20260627,nonbonded,29237,PRIVPROBE:1,host_scan,504,False,0,host_scan
m12_medium_flood_dup60_s20260627_nonbonded,P3-Persist,m12_medium_flood_dup60_s20260627,nonbonded,29356,PRIVPROBE:1,duplicate_filter,0,False,0,duplicate_filter
m12_medium_flood_dup60_s20260627_nonbonded,P3-Persist,m12_medium_flood_dup60_s20260627,nonbonded,29468,PRIVPROBE:1,duplicate_filter,0,False,0,duplicate_filter
m12_medium_flood_dup60_s20260627_nonbonded,P3-Persist,m12_medium_flood_dup60_s20260627,nonbonded,29566,PRIVPROBE:1,duplicate_filter,0,False,0,duplicate_filter
m12_medium_flood_dup60_s20260627_nonbonded,P3-Persist,m12_medium_flood_dup60_s20260627,nonbonded,29674,PRIVPROBE:1,duplicate_filter,0,False,0,duplicate_filter
m12_medium_flood_dup60_s20260627_nonbonded,P3-Persist,m12_medium_flood_dup60_s20260627,nonbonded,29775,PRIVPROBE:1,duplicate_filter,0,False,0,duplicate_filter
m12_medium_flood_dup60_s20260627_nonbonded,P3-Persist,m12_medium_flood_dup60_s20260627,nonbonded,29895,PRIVPROBE:1,duplicate_filter,0,False,0,duplicate_filter
m12_medium_flood_dup60_s20260627_nonbonded,P3-Persist,m12_medium_flood_dup60_s20260627,nonbonded,30011,PRIVPROBE:1,duplicate_filter,0,False,0,duplicate_filter
m12_medium_flood_dup60_s20260627_nonbonded,P3-Persist,m12_medium_flood_dup60_s20260627,nonbonded,30122,PRIVPROBE:1,duplicate_filter,0,False,0,duplicate_filter
m12_medium_flood_dup60_s20260627_nonbonded,P3-Persist,m12_medium_flood_dup60_s20260627,nonbonded,30219,PRIVPROBE:1,duplicate_filter,0,False,0,duplicate_filter
m12_medium_flood_dup60_s20260627_nonbonded,P3-Persist,m12_medium_flood_dup60_s20260627,nonbonded,30357,PRIVPROBE:1,duplicate_filter,0,False,0,duplicate_filter
m12_medium_flood_dup60_s20260627_nonbonded,P3-Persist,m12_medium_flood_dup60_s20260627,nonbonded,30478,PRIVPROBE:1,duplicate_filter,0,False,0,duplicate_filter
m12_medium_flood_dup60_s20260627_nonbonded,P3-Persist,m12_medium_flood_dup60_s20260627,nonbonded,30588,PRIVPROBE:1,host_scan,504,False,0,host_scan
m12_medium_flood_dup60_s20260627_nonbonded,P3-Persist,m12_medium_flood_dup60_s20260627,nonbonded,30716,PRIVPROBE:1,duplicate_filter,0,False,0,duplicate_filter
m12_medium_flood_dup60_s20260627_nonbonded,P3-Persist,m12_medium_flood_dup60_s20260627,nonbonded,30844,PRIVPROBE:1,duplicate_filter,0,False,0,duplicate_filter
m12_medium_flood_dup60_s20260627_nonbonded,P3-Persist,m12_medium_flood_dup60_s20260627,nonbonded,30967,PRIVPROBE:1,duplicate_filter,0,False,0,duplicate_filter
m12_medium_flood_dup60_s20260627_nonbonded,P3-Persist,m12_medium_flood_dup60_s20260627,nonbonded,31085,PRIVPROBE:1,duplicate_filter,0,False,0,duplicate_filter
m12_medium_flood_dup60_s20260627_nonbonded,P3-Persist,m12_medium_flood_dup60_s20260627,nonbonded,31178,PRIVPROBE:1,duplicate_filter,0,False,0,duplicate_filter
m12_medium_flood_dup60_s20260627_nonbonded,P3-Persist,m12_medium_flood_dup60_s20260627,nonbonded,31325,PRIVPROBE:1,duplicate_filter,0,False,0,duplicate_filter
m12_medium_flood_dup60_s20260627_nonbonded,P3-Persist,m12_medium_flood_dup60_s20260627,nonbonded,31437,PRIVPROBE:1,duplicate_filter,0,False,0,duplicate_filter
m12_medium_flood_dup60_s20260627_nonbonded,P3-Persist,m12_medium_flood_dup60_s20260627,nonbonded,31570,PRIVPROBE:1,duplicate_filter,0,False,0,duplicate_filter
m12_medium_flood_dup60_s20260627_nonbonded,P3-Persist,m12_medium_flood_dup60_s20260627,nonbonded,31685,PRIVPROBE:1,duplicate_filter,0,False,0,duplicate_filter
m12_medium_flood_dup60_s20260627_nonbonded,P3-Persist,m12_medium_flood_dup60_s20260627,nonbonded,31808,PRIVPROBE:1,duplicate_filter,0,False,0,duplicate_filter
m12_medium_flood_dup60_s20260627_nonbonded,P3-Persist,m12_medium_flood_dup60_s20260627,nonbonded,31916,PRIVPROBE:1,duplicate_filter,0,False,0,duplicate_filter
m12_medium_flood_dup60_s20260627_nonbonded,P3-Persist,m12_medium_flood_dup60_s20260627,nonbonded,32041,PRIVPROBE:1,host_scan,504,False,0,host_scan
m12_medium_flood_dup60_s20260627_nonbonded,P3-Persist,m12_medium_flood_dup60_s20260627,nonbonded,32160,PRIVPROBE:1,duplicate_filter,0,False,0,duplicate_filter
m12_medium_flood_dup60_s20260627_nonbonded,P3-Persist,m12_medium_flood_dup60_s20260627,nonbonded,32268,PRIVPROBE:1,duplicate_filter,0,False,0,duplicate_filter
m12_medium_flood_dup60_s20260627_nonbonded,P3-Persist,m12_medium_flood_dup60_s20260627,nonbonded,32393,PRIVPROBE:1,duplicate_filter,0,False,0,duplicate_filter
m12_medium_flood_dup60_s20260627_nonbonded,P3-Persist,m12_medium_flood_dup60_s20260627,nonbonded,32514,PRIVPROBE:1,duplicate_filter,0,False,0,duplicate_filter
m12_medium_flood_dup60_s20260627_nonbonded,P3-Persist,m12_medium_flood_dup60_s20260627,nonbonded,32623,PRIVPROBE:1,duplicate_filter,0,False,0,duplicate_filter
m12_medium_flood_dup60_s20260627_nonbonded,P3-Persist,m12_medium_flood_dup60_s20260627,nonbonded,32720,PRIVPROBE:1,duplicate_filter,0,False,0,duplicate_filter
m12_medium_flood_dup60_s20260627_nonbonded,P3-Persist,m12_medium_flood_dup60_s20260627,nonbonded,32824,PRIVPROBE:1,duplicate_filter,0,False,0,duplicate_filter
m12_medium_flood_dup60_s20260627_nonbonded,P3-Persist,m12_medium_flood_dup60_s20260627,nonbonded,32956,PRIVPROBE:1,duplicate_filter,0,False,0,duplicate_filter
m12_medium_flood_dup60_s20260627_nonbonded,P3-Persist,m12_medium_flood_dup60_s20260627,nonbonded,33068,PRIVPROBE:1,duplicate_filter,0,False,0,duplicate_filter
m12_medium_flood_dup60_s20260627_nonbonded,P3-Persist,m12_medium_flood_dup60_s20260627,nonbonded,33197,PRIVPROBE:1,duplicate_filter,0,False,0,duplicate_filter
m12_medium_flood_dup60_s20260627_nonbonded,P3-Persist,m12_medium_flood_dup60_s20260627,nonbonded,33313,PRIVPROBE:1,duplicate_filter,0,False,0,duplicate_filter
m12_medium_flood_dup60_s20260627_nonbonded,P3-Persist,m12_medium_flood_dup60_s20260627,nonbonded,33437,PRIVPROBE:1,host_scan,504,False,0,host_scan
m12_medium_flood_dup60_s20260627_nonbonded,P3-Persist,m12_medium_flood_dup60_s20260627,nonbonded,33580,PRIVPROBE:1,duplicate_filter,0,False,0,duplicate_filter
m12_medium_flood_dup60_s20260627_nonbonded,P3-Persist,m12_medium_flood_dup60_s20260627,nonbonded,33705,PRIVPROBE:1,duplicate_filter,0,False,0,duplicate_filter
m12_medium_flood_dup60_s20260627_nonbonded,P3-Persist,m12_medium_flood_dup60_s20260627,nonbonded,33828,PRIVPROBE:1,duplicate_filter,0,False,0,duplicate_filter
m12_medium_flood_dup60_s20260627_nonbonded,P3-Persist,m12_medium_flood_dup60_s20260627,nonbonded,33934,PRIVPROBE:1,duplicate_filter,0,False,0,duplicate_filter
m12_medium_flood_dup60_s20260627_nonbonded,P3-Persist,m12_medium_flood_dup60_s20260627,nonbonded,34064,PRIVPROBE:1,duplicate_filter,0,False,0,duplicate_filter
m12_medium_flood_dup60_s20260627_nonbonded,P3-Persist,m12_medium_flood_dup60_s20260627,nonbonded,34183,PRIVPROBE:1,duplicate_filter,0,False,0,duplicate_filter
m12_medium_flood_dup60_s20260627_nonbonded,P3-Persist,m12_medium_flood_dup60_s20260627,nonbonded,34305,PRIVPROBE:1,duplicate_filter,0,False,0,duplicate_filter
m12_medium_flood_dup60_s20260627_nonbonded,P3-Persist,m12_medium_flood_dup60_s20260627,nonbonded,34422,PRIVPROBE:1,duplicate_filter,0,False,0,duplicate_filter
m12_medium_flood_dup60_s20260627_nonbonded,P3-Persist,m12_medium_flood_dup60_s20260627,nonbonded,34539,PRIVPROBE:1,duplicate_filter,0,False,0,duplicate_filter
m12_medium_flood_dup60_s20260627_nonbonded,P3-Persist,m12_medium_flood_dup60_s20260627,nonbonded,34652,PRIVPROBE:1,duplicate_filter,0,False,0,duplicate_filter
m12_medium_flood_dup60_s20260627_nonbonded,P3-Persist,m12_medium_flood_dup60_s20260627,nonbonded,34772,PRIVPROBE:1,duplicate_filter,0,False,0,duplicate_filter
m12_medium_flood_dup60_s20260627_nonbonded,P3-Persist,m12_medium_flood_dup60_s20260627,nonbonded,34908,PRIVPROBE:1,host_scan,504,False,0,host_scan
m12_medium_flood_dup60_s20260627_nonbonded,P3-Persist,m12_medium_flood_dup60_s20260627,nonbonded,35020,PRIVPROBE:1,duplicate_filter,0,False,0,duplicate_filter
m12_medium_flood_dup60_s20260627_nonbonded,P3-Persist,m12_medium_flood_dup60_s20260627,nonbonded,35148,PRIVPROBE:1,duplicate_filter,0,False,0,duplicate_filter
m12_medium_flood_dup60_s20260627_nonbonded,P3-Persist,m12_medium_flood_dup60_s20260627,nonbonded,35258,PRIVPROBE:1,duplicate_filter,0,False,0,duplicate_filter
m12_medium_flood_dup60_s20260627_nonbonded,P3-Persist,m12_medium_flood_dup60_s20260627,nonbonded,35378,PRIVPROBE:1,duplicate_filter,0,False,0,duplicate_filter
m12_medium_flood_dup60_s20260627_nonbonded,P3-Persist,m12_medium_flood_dup60_s20260627,nonbonded,35511,PRIVPROBE:1,duplicate_filter,0,False,0,duplicate_filter
m12_medium_flood_dup60_s20260627_nonbonded,P3-Persist,m12_medium_flood_dup60_s20260627,nonbonded,35648,PRIVPROBE:1,duplicate_filter,0,False,0,duplicate_filter
m12_medium_flood_dup60_s20260627_nonbonded,P3-Persist,m12_medium_flood_dup60_s20260627,nonbonded,35769,PRIVPROBE:1,duplicate_filter,0,False,0,duplicate_filter
m12_medium_flood_dup60_s20260627_nonbonded,P3-Persist,m12_medium_flood_dup60_s20260627,nonbonded,35898,PRIVPROBE:1,duplicate_filter,0,False,0,duplicate_filter
m12_medium_flood_dup60_s20260627_nonbonded,P3-Persist,m12_medium_flood_dup60_s20260627,nonbonded,36030,PRIVPROBE:1,duplicate_filter,0,False,0,duplicate_filter
m12_medium_flood_dup60_s20260627_nonbonded,P3-Persist,m12_medium_flood_dup60_s20260627,nonbonded,36167,PRIVPROBE:1,duplicate_filter,0,False,0,duplicate_filter
m12_medium_flood_dup60_s20260627_nonbonded,P3-Persist,m12_medium_flood_dup60_s20260627,nonbonded,36270,PRIVPROBE:1,duplicate_filter,0,False,0,duplicate_filter
m12_medium_flood_dup60_s20260627_nonbonded,P3-Persist,m12_medium_flood_dup60_s20260627,nonbonded,36385,PRIVPROBE:1,host_scan,504,False,0,host_scan
m12_medium_flood_dup60_s20260627_nonbonded,P3-Persist,m12_medium_flood_dup60_s20260627,nonbonded,36511,PRIVPROBE:1,duplicate_filter,0,False,0,duplicate_filter
m12_medium_flood_dup60_s20260627_nonbonded,P3-Persist,m12_medium_flood_dup60_s20260627,nonbonded,36612,PRIVPROBE:1,duplicate_filter,0,False,0,duplicate_filter
m12_medium_flood_dup60_s20260627_nonbonded,P3-Persist,m12_medium_flood_dup60_s20260627,nonbonded,36738,PRIVPROBE:1,duplicate_filter,0,False,0,duplicate_filter
m12_medium_flood_dup60_s20260627_nonbonded,P3-Persist,m12_medium_flood_dup60_s20260627,nonbonded,36862,PRIVPROBE:1,duplicate_filter,0,False,0,duplicate_filter
m12_medium_flood_dup60_s20260627_nonbonded,P3-Persist,m12_medium_flood_dup60_s20260627,nonbonded,36989,PRIVPROBE:1,duplicate_filter,0,False,0,duplicate_filter
m12_medium_flood_dup60_s20260627_nonbonded,P3-Persist,m12_medium_flood_dup60_s20260627,nonbonded,37115,PRIVPROBE:1,duplicate_filter,0,False,0,duplicate_filter
m12_medium_flood_dup60_s20260627_nonbonded,P3-Persist,m12_medium_flood_dup60_s20260627,nonbonded,37271,PRIVPROBE:1,duplicate_filter,0,False,0,duplicate_filter
m12_medium_flood_dup60_s20260627_nonbonded,P3-Persist,m12_medium_flood_dup60_s20260627,nonbonded,37400,PRIVPROBE:1,duplicate_filter,0,False,0,duplicate_filter
m12_medium_flood_dup60_s20260627_nonbonded,P3-Persist,m12_medium_flood_dup60_s20260627,nonbonded,37499,PRIVPROBE:1,duplicate_filter,0,False,0,duplicate_filter
m12_medium_flood_dup60_s20260627_nonbonded,P3-Persist,m12_medium_flood_dup60_s20260627,nonbonded,37617,PRIVPROBE:1,duplicate_filter,0,False,0,duplicate_filter
m12_medium_flood_dup60_s20260627_nonbonded,P3-Persist,m12_medium_flood_dup60_s20260627,nonbonded,37725,PRIVPROBE:1,duplicate_filter,0,False,0,duplicate_filter
m12_medium_flood_dup60_s20260627_nonbonded,P3-Persist,m12_medium_flood_dup60_s20260627,nonbonded,37858,PRIVPROBE:1,host_scan,504,False,0,host_scan
m12_medium_flood_dup60_s20260627_nonbonded,P3-Persist,m12_medium_flood_dup60_s20260627,nonbonded,37978,PRIVPROBE:1,duplicate_filter,0,False,0,duplicate_filter
m12_medium_flood_dup60_s20260627_nonbonded,P3-Persist,m12_medium_flood_dup60_s20260627,nonbonded,38082,PRIVPROBE:1,duplicate_filter,0,False,0,duplicate_filter
m12_medium_flood_dup60_s20260627_nonbonded,P3-Persist,m12_medium_flood_dup60_s20260627,nonbonded,38201,PRIVPROBE:1,duplicate_filter,0,False,0,duplicate_filter
m12_medium_flood_dup60_s20260627_nonbonded,P3-Persist,m12_medium_flood_dup60_s20260627,nonbonded,38333,PRIVPROBE:1,duplicate_filter,0,False,0,duplicate_filter
m12_medium_flood_dup60_s20260627_nonbonded,P3-Persist,m12_medium_flood_dup60_s20260627,nonbonded,38473,PRIVPROBE:1,duplicate_filter,0,False,0,duplicate_filter
m12_medium_flood_dup60_s20260627_nonbonded,P3-Persist,m12_medium_flood_dup60_s20260627,nonbonded,38610,PRIVPROBE:1,duplicate_filter,0,False,0,duplicate_filter
m12_medium_flood_dup60_s20260627_nonbonded,P3-Persist,m12_medium_flood_dup60_s20260627,nonbonded,38733,PRIVPROBE:1,duplicate_filter,0,False,0,duplicate_filter
m12_medium_flood_dup60_s20260627_nonbonded,P3-Persist,m12_medium_flood_dup60_s20260627,nonbonded,38859,PRIVPROBE:1,duplicate_filter,0,False,0,duplicate_filter
m12_medium_flood_dup60_s20260627_nonbonded,P3-Persist,m12_medium_flood_dup60_s20260627,nonbonded,38990,PRIVPROBE:1,duplicate_filter,0,False,0,duplicate_filter
m12_medium_flood_dup60_s20260627_nonbonded,P3-Persist,m12_medium_flood_dup60_s20260627,nonbonded,39113,PRIVPROBE:1,duplicate_filter,0,False,0,duplicate_filter
m12_medium_flood_dup60_s20260627_nonbonded,P3-Persist,m12_medium_flood_dup60_s20260627,nonbonded,39232,PRIVPROBE:1,duplicate_filter,0,False,0,duplicate_filter
m12_medium_flood_dup60_s20260627_nonbonded,P3-Persist,m12_medium_flood_dup60_s20260627,nonbonded,39336,PRIVPROBE:1,host_scan,504,False,0,host_scan
m12_medium_flood_dup60_s20260627_nonbonded,P3-Persist,m12_medium_flood_dup60_s20260627,nonbonded,39452,PRIVPROBE:1,duplicate_filter,0,False,0,duplicate_filter
m12_medium_flood_dup60_s20260627_nonbonded,P3-Persist,m12_medium_flood_dup60_s20260627,nonbonded,39566,PRIVPROBE:1,duplicate_filter,0,False,0,duplicate_filter
m12_medium_flood_dup60_s20260627_nonbonded,P3-Persist,m12_medium_flood_dup60_s20260627,nonbonded,39700,PRIVPROBE:1,duplicate_filter,0,False,0,duplicate_filter
m12_medium_flood_dup60_s20260627_nonbonded,P3-Persist,m12_medium_flood_dup60_s20260627,nonbonded,39837,PRIVPROBE:1,duplicate_filter,0,False,0,duplicate_filter
m12_medium_flood_dup60_s20260627_nonbonded,P3-Persist,m12_medium_flood_dup60_s20260627,nonbonded,39971,PRIVPROBE:1,duplicate_filter,0,False,0,duplicate_filter
m12_medium_flood_dup60_s20260627_nonbonded,P3-Persist,m12_medium_flood_dup60_s20260627,nonbonded,40089,PRIVPROBE:1,duplicate_filter,0,False,0,duplicate_filter
m12_medium_flood_dup60_s20260627_nonbonded,P3-Persist,m12_medium_flood_dup60_s20260627,nonbonded,40197,PRIVPROBE:1,duplicate_filter,0,False,0,duplicate_filter
m12_medium_flood_dup60_s20260627_nonbonded,P3-Persist,m12_medium_flood_dup60_s20260627,nonbonded,40316,PRIVPROBE:1,duplicate_filter,0,False,0,duplicate_filter
m12_medium_flood_dup60_s20260627_nonbonded,P3-Persist,m12_medium_flood_dup60_s20260627,nonbonded,40438,PRIVPROBE:1,duplicate_filter,0,False,0,duplicate_filter
m12_medium_flood_dup60_s20260627_nonbonded,P3-Persist,m12_medium_flood_dup60_s20260627,nonbonded,40570,PRIVPROBE:1,duplicate_filter,0,False,0,duplicate_filter
m12_medium_flood_dup60_s20260627_nonbonded,P3-Persist,m12_medium_flood_dup60_s20260627,nonbonded,40677,PRIVPROBE:1,duplicate_filter,0,False,0,duplicate_filter
m12_medium_flood_dup60_s20260627_nonbonded,P3-Persist,m12_medium_flood_dup60_s20260627,nonbonded,40787,PRIVPROBE:1,host_scan,504,False,0,host_scan
m12_medium_flood_dup60_s20260627_nonbonded,P3-Persist,m12_medium_flood_dup60_s20260627,nonbonded,40909,PRIVPROBE:1,duplicate_filter,0,False,0,duplicate_filter
m12_medium_flood_dup60_s20260627_nonbonded,P3-Persist,m12_medium_flood_dup60_s20260627,nonbonded,41021,PRIVPROBE:1,duplicate_filter,0,False,0,duplicate_filter
m12_medium_flood_dup60_s20260627_nonbonded,P3-Persist,m12_medium_flood_dup60_s20260627,nonbonded,41144,PRIVPROBE:1,duplicate_filter,0,False,0,duplicate_filter
m12_medium_flood_dup60_s20260627_nonbonded,P3-Persist,m12_medium_flood_dup60_s20260627,nonbonded,41289,PRIVPROBE:1,duplicate_filter,0,False,0,duplicate_filter
m12_medium_flood_dup60_s20260627_nonbonded,P3-Persist,m12_medium_flood_dup60_s20260627,nonbonded,41421,PRIVPROBE:1,duplicate_filter,0,False,0,duplicate_filter
m12_medium_flood_dup60_s20260627_nonbonded,P3-Persist,m12_medium_flood_dup60_s20260627,nonbonded,41539,PRIVPROBE:1,duplicate_filter,0,False,0,duplicate_filter
m12_medium_flood_dup60_s20260627_nonbonded,P3-Persist,m12_medium_flood_dup60_s20260627,nonbonded,41662,PRIVPROBE:1,duplicate_filter,0,False,0,duplicate_filter
m12_medium_flood_dup60_s20260627_nonbonded,P3-Persist,m12_medium_flood_dup60_s20260627,nonbonded,41800,PRIVPROBE:1,duplicate_filter,0,False,0,duplicate_filter
m12_medium_flood_dup60_s20260627_nonbonded,P3-Persist,m12_medium_flood_dup60_s20260627,nonbonded,41909,PRIVPROBE:1,duplicate_filter,0,False,0,duplicate_filter
m12_medium_flood_dup60_s20260627_nonbonded,P3-Persist,m12_medium_flood_dup60_s20260627,nonbonded,42015,PRIVPROBE:1,duplicate_filter,0,False,0,duplicate_filter
m12_medium_flood_dup60_s20260627_nonbonded,P3-Persist,m12_medium_flood_dup60_s20260627,nonbonded,42142,PRIVPROBE:1,duplicate_filter,0,False,0,duplicate_filter
m12_medium_flood_dup60_s20260627_nonbonded,P3-Persist,m12_medium_flood_dup60_s20260627,nonbonded,42275,PRIVPROBE:1,host_scan,504,False,0,host_scan
m12_medium_flood_dup60_s20260627_nonbonded,P3-Persist,m12_medium_flood_dup60_s20260627,nonbonded,42398,PRIVPROBE:1,duplicate_filter,0,False,0,duplicate_filter
m12_medium_flood_dup60_s20260627_nonbonded,P3-Persist,m12_medium_flood_dup60_s20260627,nonbonded,42514,PRIVPROBE:1,duplicate_filter,0,False,0,duplicate_filter
m12_medium_flood_dup60_s20260627_nonbonded,P3-Persist,m12_medium_flood_dup60_s20260627,nonbonded,42664,PRIVPROBE:1,duplicate_filter,0,False,0,duplicate_filter
m12_medium_flood_dup60_s20260627_nonbonded,P3-Persist,m12_medium_flood_dup60_s20260627,nonbonded,42799,PRIVPROBE:1,duplicate_filter,0,False,0,duplicate_filter
m12_medium_flood_dup60_s20260627_nonbonded,P3-Persist,m12_medium_flood_dup60_s20260627,nonbonded,42926,PRIVPROBE:1,duplicate_filter,0,False,0,duplicate_filter
m12_medium_flood_dup60_s20260627_nonbonded,P3-Persist,m12_medium_flood_dup60_s20260627,nonbonded,43052,PRIVPROBE:1,duplicate_filter,0,False,0,duplicate_filter
m12_medium_flood_dup60_s20260627_nonbonded,P3-Persist,m12_medium_flood_dup60_s20260627,nonbonded,43179,PRIVPROBE:1,duplicate_filter,0,False,0,duplicate_filter
m12_medium_flood_dup60_s20260627_nonbonded,P3-Persist,m12_medium_flood_dup60_s20260627,nonbonded,43300,PRIVPROBE:1,duplicate_filter,0,False,0,duplicate_filter
m12_medium_flood_dup60_s20260627_nonbonded,P3-Persist,m12_medium_flood_dup60_s20260627,nonbonded,43421,PRIVPROBE:1,duplicate_filter,0,False,0,duplicate_filter
m12_medium_flood_dup60_s20260627_nonbonded,P3-Persist,m12_medium_flood_dup60_s20260627,nonbonded,43547,PRIVPROBE:1,duplicate_filter,0,False,0,duplicate_filter
m12_medium_flood_dup60_s20260627_nonbonded,P3-Persist,m12_medium_flood_dup60_s20260627,nonbonded,43681,PRIVPROBE:1,duplicate_filter,0,False,0,duplicate_filter
m12_medium_flood_dup60_s20260627_nonbonded,P3-NoPersist,m12_medium_flood_dup60_s20260627,nonbonded,7326,PRIVPROBE:0,host_scan,504,False,0,host_scan
m12_medium_flood_dup60_s20260627_nonbonded,P3-NoPersist,m12_medium_flood_dup60_s20260627,nonbonded,7451,PRIVPROBE:0,duplicate_filter,0,False,0,duplicate_filter
m12_medium_flood_dup60_s20260627_nonbonded,P3-NoPersist,m12_medium_flood_dup60_s20260627,nonbonded,7589,PRIVPROBE:0,duplicate_filter,0,False,0,duplicate_filter
m12_medium_flood_dup60_s20260627_nonbonded,P3-NoPersist,m12_medium_flood_dup60_s20260627,nonbonded,7699,PRIVPROBE:0,duplicate_filter,0,False,0,duplicate_filter
m12_medium_flood_dup60_s20260627_nonbonded,P3-NoPersist,m12_medium_flood_dup60_s20260627,nonbonded,7826,PRIVPROBE:0,duplicate_filter,0,False,0,duplicate_filter
m12_medium_flood_dup60_s20260627_nonbonded,P3-NoPersist,m12_medium_flood_dup60_s20260627,nonbonded,7968,PRIVPROBE:0,duplicate_filter,0,False,0,duplicate_filter
m12_medium_flood_dup60_s20260627_nonbonded,P3-NoPersist,m12_medium_flood_dup60_s20260627,nonbonded,8109,PRIVPROBE:0,duplicate_filter,0,False,0,duplicate_filter
m12_medium_flood_dup60_s20260627_nonbonded,P3-NoPersist,m12_medium_flood_dup60_s20260627,nonbonded,8239,PRIVPROBE:0,duplicate_filter,0,False,0,duplicate_filter
m12_medium_flood_dup60_s20260627_nonbonded,P3-NoPersist,m12_medium_flood_dup60_s20260627,nonbonded,8345,PRIVPROBE:0,duplicate_filter,0,False,0,duplicate_filter
m12_medium_flood_dup60_s20260627_nonbonded,P3-NoPersist,m12_medium_flood_dup60_s20260627,nonbonded,8478,PRIVPROBE:0,duplicate_filter,0,False,0,duplicate_filter
m12_medium_flood_dup60_s20260627_nonbonded,P3-NoPersist,m12_medium_flood_dup60_s20260627,nonbonded,8569,PRIVPROBE:0,duplicate_filter,0,False,0,duplicate_filter
m12_medium_flood_dup60_s20260627_nonbonded,P3-NoPersist,m12_medium_flood_dup60_s20260627,nonbonded,8698,PRIVPROBE:0,duplicate_filter,0,False,0,duplicate_filter
m12_medium_flood_dup60_s20260627_nonbonded,P3-NoPersist,m12_medium_flood_dup60_s20260627,nonbonded,8828,PRIVPROBE:0,host_scan,504,False,0,host_scan
m12_medium_flood_dup60_s20260627_nonbonded,P3-NoPersist,m12_medium_flood_dup60_s20260627,nonbonded,8964,PRIVPROBE:0,duplicate_filter,0,False,0,duplicate_filter
m12_medium_flood_dup60_s20260627_nonbonded,P3-NoPersist,m12_medium_flood_dup60_s20260627,nonbonded,9075,PRIVPROBE:0,duplicate_filter,0,False,0,duplicate_filter
m12_medium_flood_dup60_s20260627_nonbonded,P3-NoPersist,m12_medium_flood_dup60_s20260627,nonbonded,9197,PRIVPROBE:0,duplicate_filter,0,False,0,duplicate_filter
m12_medium_flood_dup60_s20260627_nonbonded,P3-NoPersist,m12_medium_flood_dup60_s20260627,nonbonded,9328,PRIVPROBE:0,duplicate_filter,0,False,0,duplicate_filter
m12_medium_flood_dup60_s20260627_nonbonded,P3-NoPersist,m12_medium_flood_dup60_s20260627,nonbonded,9434,PRIVPROBE:0,duplicate_filter,0,False,0,duplicate_filter
m12_medium_flood_dup60_s20260627_nonbonded,P3-NoPersist,m12_medium_flood_dup60_s20260627,nonbonded,9567,PRIVPROBE:0,duplicate_filter,0,False,0,duplicate_filter
m12_medium_flood_dup60_s20260627_nonbonded,P3-NoPersist,m12_medium_flood_dup60_s20260627,nonbonded,9678,PRIVPROBE:0,duplicate_filter,0,False,0,duplicate_filter
m12_medium_flood_dup60_s20260627_nonbonded,P3-NoPersist,m12_medium_flood_dup60_s20260627,nonbonded,9796,PRIVPROBE:0,duplicate_filter,0,False,0,duplicate_filter
m12_medium_flood_dup60_s20260627_nonbonded,P3-NoPersist,m12_medium_flood_dup60_s20260627,nonbonded,9914,PRIVPROBE:0,duplicate_filter,0,False,0,duplicate_filter
m12_medium_flood_dup60_s20260627_nonbonded,P3-NoPersist,m12_medium_flood_dup60_s20260627,nonbonded,10053,PRIVPROBE:0,duplicate_filter,0,False,0,duplicate_filter
m12_medium_flood_dup60_s20260627_nonbonded,P3-NoPersist,m12_medium_flood_dup60_s20260627,nonbonded,10162,PRIVPROBE:0,duplicate_filter,0,False,0,duplicate_filter
m12_medium_flood_dup60_s20260627_nonbonded,P3-NoPersist,m12_medium_flood_dup60_s20260627,nonbonded,10282,PRIVPROBE:0,host_scan,504,False,0,host_scan
m12_medium_flood_dup60_s20260627_nonbonded,P3-NoPersist,m12_medium_flood_dup60_s20260627,nonbonded,10396,PRIVPROBE:0,duplicate_filter,0,False,0,duplicate_filter
m12_medium_flood_dup60_s20260627_nonbonded,P3-NoPersist,m12_medium_flood_dup60_s20260627,nonbonded,10533,PRIVPROBE:0,duplicate_filter,0,False,0,duplicate_filter
m12_medium_flood_dup60_s20260627_nonbonded,P3-NoPersist,m12_medium_flood_dup60_s20260627,nonbonded,10665,PRIVPROBE:0,duplicate_filter,0,False,0,duplicate_filter
m12_medium_flood_dup60_s20260627_nonbonded,P3-NoPersist,m12_medium_flood_dup60_s20260627,nonbonded,10780,PRIVPROBE:0,duplicate_filter,0,False,0,duplicate_filter
m12_medium_flood_dup60_s20260627_nonbonded,P3-NoPersist,m12_medium_flood_dup60_s20260627,nonbonded,10919,PRIVPROBE:0,duplicate_filter,0,False,0,duplicate_filter
m12_medium_flood_dup60_s20260627_nonbonded,P3-NoPersist,m12_medium_flood_dup60_s20260627,nonbonded,11040,PRIVPROBE:0,duplicate_filter,0,False,0,duplicate_filter
m12_medium_flood_dup60_s20260627_nonbonded,P3-NoPersist,m12_medium_flood_dup60_s20260627,nonbonded,11159,PRIVPROBE:0,duplicate_filter,0,False,0,duplicate_filter
m12_medium_flood_dup60_s20260627_nonbonded,P3-NoPersist,m12_medium_flood_dup60_s20260627,nonbonded,11286,PRIVPROBE:0,duplicate_filter,0,False,0,duplicate_filter
m12_medium_flood_dup60_s20260627_nonbonded,P3-NoPersist,m12_medium_flood_dup60_s20260627,nonbonded,11424,PRIVPROBE:0,duplicate_filter,0,False,0,duplicate_filter
m12_medium_flood_dup60_s20260627_nonbonded,P3-NoPersist,m12_medium_flood_dup60_s20260627,nonbonded,11558,PRIVPROBE:0,duplicate_filter,0,False,0,duplicate_filter
m12_medium_flood_dup60_s20260627_nonbonded,P3-NoPersist,m12_medium_flood_dup60_s20260627,nonbonded,11680,PRIVPROBE:0,duplicate_filter,0,False,0,duplicate_filter
m12_medium_flood_dup60_s20260627_nonbonded,P3-NoPersist,m12_medium_flood_dup60_s20260627,nonbonded,11807,PRIVPROBE:0,host_scan,504,False,0,host_scan
m12_medium_flood_dup60_s20260627_nonbonded,P3-NoPersist,m12_medium_flood_dup60_s20260627,nonbonded,11931,PRIVPROBE:0,duplicate_filter,0,False,0,duplicate_filter
m12_medium_flood_dup60_s20260627_nonbonded,P3-NoPersist,m12_medium_flood_dup60_s20260627,nonbonded,12063,PRIVPROBE:0,duplicate_filter,0,False,0,duplicate_filter
m12_medium_flood_dup60_s20260627_nonbonded,P3-NoPersist,m12_medium_flood_dup60_s20260627,nonbonded,12180,PRIVPROBE:0,duplicate_filter,0,False,0,duplicate_filter
m12_medium_flood_dup60_s20260627_nonbonded,P3-NoPersist,m12_medium_flood_dup60_s20260627,nonbonded,12297,PRIVPROBE:0,duplicate_filter,0,False,0,duplicate_filter
m12_medium_flood_dup60_s20260627_nonbonded,P3-NoPersist,m12_medium_flood_dup60_s20260627,nonbonded,12419,PRIVPROBE:0,duplicate_filter,0,False,0,duplicate_filter
m12_medium_flood_dup60_s20260627_nonbonded,P3-NoPersist,m12_medium_flood_dup60_s20260627,nonbonded,12561,PRIVPROBE:0,duplicate_filter,0,False,0,duplicate_filter
m12_medium_flood_dup60_s20260627_nonbonded,P3-NoPersist,m12_medium_flood_dup60_s20260627,nonbonded,12692,PRIVPROBE:0,duplicate_filter,0,False,0,duplicate_filter
m12_medium_flood_dup60_s20260627_nonbonded,P3-NoPersist,m12_medium_flood_dup60_s20260627,nonbonded,12823,PRIVPROBE:0,duplicate_filter,0,False,0,duplicate_filter
m12_medium_flood_dup60_s20260627_nonbonded,P3-NoPersist,m12_medium_flood_dup60_s20260627,nonbonded,12933,PRIVPROBE:0,duplicate_filter,0,False,0,duplicate_filter
m12_medium_flood_dup60_s20260627_nonbonded,P3-NoPersist,m12_medium_flood_dup60_s20260627,nonbonded,13048,PRIVPROBE:0,duplicate_filter,0,False,0,duplicate_filter
m12_medium_flood_dup60_s20260627_nonbonded,P3-NoPersist,m12_medium_flood_dup60_s20260627,nonbonded,13169,PRIVPROBE:0,duplicate_filter,0,False,0,duplicate_filter
m12_medium_flood_dup60_s20260627_nonbonded,P3-NoPersist,m12_medium_flood_dup60_s20260627,nonbonded,13292,PRIVPROBE:0,host_scan,504,False,0,host_scan
m12_medium_flood_dup60_s20260627_nonbonded,P3-NoPersist,m12_medium_flood_dup60_s20260627,nonbonded,13419,PRIVPROBE:0,duplicate_filter,0,False,0,duplicate_filter
m12_medium_flood_dup60_s20260627_nonbonded,P3-NoPersist,m12_medium_flood_dup60_s20260627,nonbonded,13533,PRIVPROBE:0,duplicate_filter,0,False,0,duplicate_filter
m12_medium_flood_dup60_s20260627_nonbonded,P3-NoPersist,m12_medium_flood_dup60_s20260627,nonbonded,13645,PRIVPROBE:0,duplicate_filter,0,False,0,duplicate_filter
m12_medium_flood_dup60_s20260627_nonbonded,P3-NoPersist,m12_medium_flood_dup60_s20260627,nonbonded,13769,PRIVPROBE:0,duplicate_filter,0,False,0,duplicate_filter
m12_medium_flood_dup60_s20260627_nonbonded,P3-NoPersist,m12_medium_flood_dup60_s20260627,nonbonded,13899,PRIVPROBE:0,duplicate_filter,0,False,0,duplicate_filter
m12_medium_flood_dup60_s20260627_nonbonded,P3-NoPersist,m12_medium_flood_dup60_s20260627,nonbonded,14021,PRIVPROBE:0,duplicate_filter,0,False,0,duplicate_filter
m12_medium_flood_dup60_s20260627_nonbonded,P3-NoPersist,m12_medium_flood_dup60_s20260627,nonbonded,14149,PRIVPROBE:0,duplicate_filter,0,False,0,duplicate_filter
m12_medium_flood_dup60_s20260627_nonbonded,P3-NoPersist,m12_medium_flood_dup60_s20260627,nonbonded,14255,PRIVPROBE:0,duplicate_filter,0,False,0,duplicate_filter
m12_medium_flood_dup60_s20260627_nonbonded,P3-NoPersist,m12_medium_flood_dup60_s20260627,nonbonded,14387,PRIVPROBE:0,duplicate_filter,0,False,0,duplicate_filter
m12_medium_flood_dup60_s20260627_nonbonded,P3-NoPersist,m12_medium_flood_dup60_s20260627,nonbonded,14518,PRIVPROBE:0,duplicate_filter,0,False,0,duplicate_filter
m12_medium_flood_dup60_s20260627_nonbonded,P3-NoPersist,m12_medium_flood_dup60_s20260627,nonbonded,14625,PRIVPROBE:0,duplicate_filter,0,False,0,duplicate_filter
m12_medium_flood_dup60_s20260627_nonbonded,P3-NoPersist,m12_medium_flood_dup60_s20260627,nonbonded,14746,PRIVPROBE:0,host_scan,504,False,0,host_scan
m12_medium_flood_dup60_s20260627_nonbonded,P3-NoPersist,m12_medium_flood_dup60_s20260627,nonbonded,14872,PRIVPROBE:0,duplicate_filter,0,False,0,duplicate_filter
m12_medium_flood_dup60_s20260627_nonbonded,P3-NoPersist,m12_medium_flood_dup60_s20260627,nonbonded,14985,PRIVPROBE:0,duplicate_filter,0,False,0,duplicate_filter
m12_medium_flood_dup60_s20260627_nonbonded,P3-NoPersist,m12_medium_flood_dup60_s20260627,nonbonded,15115,PRIVPROBE:0,duplicate_filter,0,False,0,duplicate_filter
m12_medium_flood_dup60_s20260627_nonbonded,P3-NoPersist,m12_medium_flood_dup60_s20260627,nonbonded,15244,PRIVPROBE:0,duplicate_filter,0,False,0,duplicate_filter
m12_medium_flood_dup60_s20260627_nonbonded,P3-NoPersist,m12_medium_flood_dup60_s20260627,nonbonded,15391,PRIVPROBE:0,duplicate_filter,0,False,0,duplicate_filter
m12_medium_flood_dup60_s20260627_nonbonded,P3-NoPersist,m12_medium_flood_dup60_s20260627,nonbonded,15491,PRIVPROBE:0,duplicate_filter,0,False,0,duplicate_filter
m12_medium_flood_dup60_s20260627_nonbonded,P3-NoPersist,m12_medium_flood_dup60_s20260627,nonbonded,15611,PRIVPROBE:0,duplicate_filter,0,False,0,duplicate_filter
m12_medium_flood_dup60_s20260627_nonbonded,P3-NoPersist,m12_medium_flood_dup60_s20260627,nonbonded,15754,PRIVPROBE:0,duplicate_filter,0,False,0,duplicate_filter
m12_medium_flood_dup60_s20260627_nonbonded,P3-NoPersist,m12_medium_flood_dup60_s20260627,nonbonded,15875,PRIVPROBE:0,duplicate_filter,0,False,0,duplicate_filter
m12_medium_flood_dup60_s20260627_nonbonded,P3-NoPersist,m12_medium_flood_dup60_s20260627,nonbonded,16008,PRIVPROBE:0,duplicate_filter,0,False,0,duplicate_filter
m12_medium_flood_dup60_s20260627_nonbonded,P3-NoPersist,m12_medium_flood_dup60_s20260627,nonbonded,16131,PRIVPROBE:0,duplicate_filter,0,False,0,duplicate_filter
m12_medium_flood_dup60_s20260627_nonbonded,P3-NoPersist,m12_medium_flood_dup60_s20260627,nonbonded,16250,PRIVPROBE:0,host_scan,504,False,0,host_scan
m12_medium_flood_dup60_s20260627_nonbonded,P3-NoPersist,m12_medium_flood_dup60_s20260627,nonbonded,16363,PRIVPROBE:0,duplicate_filter,0,False,0,duplicate_filter
m12_medium_flood_dup60_s20260627_nonbonded,P3-NoPersist,m12_medium_flood_dup60_s20260627,nonbonded,16500,PRIVPROBE:0,duplicate_filter,0,False,0,duplicate_filter
m12_medium_flood_dup60_s20260627_nonbonded,P3-NoPersist,m12_medium_flood_dup60_s20260627,nonbonded,16612,PRIVPROBE:0,duplicate_filter,0,False,0,duplicate_filter
m12_medium_flood_dup60_s20260627_nonbonded,P3-NoPersist,m12_medium_flood_dup60_s20260627,nonbonded,16727,PRIVPROBE:0,duplicate_filter,0,False,0,duplicate_filter
m12_medium_flood_dup60_s20260627_nonbonded,P3-NoPersist,m12_medium_flood_dup60_s20260627,nonbonded,16851,PRIVPROBE:0,duplicate_filter,0,False,0,duplicate_filter
m12_medium_flood_dup60_s20260627_nonbonded,P3-NoPersist,m12_medium_flood_dup60_s20260627,nonbonded,16977,PRIVPROBE:0,duplicate_filter,0,False,0,duplicate_filter
m12_medium_flood_dup60_s20260627_nonbonded,P3-NoPersist,m12_medium_flood_dup60_s20260627,nonbonded,17092,PRIVPROBE:0,duplicate_filter,0,False,0,duplicate_filter
m12_medium_flood_dup60_s20260627_nonbonded,P3-NoPersist,m12_medium_flood_dup60_s20260627,nonbonded,17191,PRIVPROBE:0,duplicate_filter,0,False,0,duplicate_filter
m12_medium_flood_dup60_s20260627_nonbonded,P3-NoPersist,m12_medium_flood_dup60_s20260627,nonbonded,17329,PRIVPROBE:0,duplicate_filter,0,False,0,duplicate_filter
m12_medium_flood_dup60_s20260627_nonbonded,P3-NoPersist,m12_medium_flood_dup60_s20260627,nonbonded,17452,PRIVPROBE:0,duplicate_filter,0,False,0,duplicate_filter
m12_medium_flood_dup60_s20260627_nonbonded,P3-NoPersist,m12_medium_flood_dup60_s20260627,nonbonded,17583,PRIVPROBE:0,duplicate_filter,0,False,0,duplicate_filter
m12_medium_flood_dup60_s20260627_nonbonded,P3-NoPersist,m12_medium_flood_dup60_s20260627,nonbonded,17697,PRIVPROBE:0,host_scan,504,False,0,host_scan
m12_medium_flood_dup60_s20260627_nonbonded,P3-NoPersist,m12_medium_flood_dup60_s20260627,nonbonded,17818,PRIVPROBE:0,duplicate_filter,0,False,0,duplicate_filter
m12_medium_flood_dup60_s20260627_nonbonded,P3-NoPersist,m12_medium_flood_dup60_s20260627,nonbonded,17956,PRIVPROBE:0,duplicate_filter,0,False,0,duplicate_filter
m12_medium_flood_dup60_s20260627_nonbonded,P3-NoPersist,m12_medium_flood_dup60_s20260627,nonbonded,18064,PRIVPROBE:0,duplicate_filter,0,False,0,duplicate_filter
m12_medium_flood_dup60_s20260627_nonbonded,P3-NoPersist,m12_medium_flood_dup60_s20260627,nonbonded,18181,PRIVPROBE:0,duplicate_filter,0,False,0,duplicate_filter
m12_medium_flood_dup60_s20260627_nonbonded,P3-NoPersist,m12_medium_flood_dup60_s20260627,nonbonded,18303,PRIVPROBE:0,duplicate_filter,0,False,0,duplicate_filter
m12_medium_flood_dup60_s20260627_nonbonded,P3-NoPersist,m12_medium_flood_dup60_s20260627,nonbonded,18448,PRIVPROBE:0,duplicate_filter,0,False,0,duplicate_filter
m12_medium_flood_dup60_s20260627_nonbonded,P3-NoPersist,m12_medium_flood_dup60_s20260627,nonbonded,18586,PRIVPROBE:0,duplicate_filter,0,False,0,duplicate_filter
m12_medium_flood_dup60_s20260627_nonbonded,P3-NoPersist,m12_medium_flood_dup60_s20260627,nonbonded,18715,PRIVPROBE:0,duplicate_filter,0,False,0,duplicate_filter
m12_medium_flood_dup60_s20260627_nonbonded,P3-NoPersist,m12_medium_flood_dup60_s20260627,nonbonded,18837,PRIVPROBE:0,duplicate_filter,0,False,0,duplicate_filter
m12_medium_flood_dup60_s20260627_nonbonded,P3-NoPersist,m12_medium_flood_dup60_s20260627,nonbonded,18956,PRIVPROBE:0,duplicate_filter,0,False,0,duplicate_filter
m12_medium_flood_dup60_s20260627_nonbonded,P3-NoPersist,m12_medium_flood_dup60_s20260627,nonbonded,19073,PRIVPROBE:0,duplicate_filter,0,False,0,duplicate_filter
m12_medium_flood_dup60_s20260627_nonbonded,P3-NoPersist,m12_medium_flood_dup60_s20260627,nonbonded,19215,PRIVPROBE:0,host_scan,504,False,0,host_scan
m12_medium_flood_dup60_s20260627_nonbonded,P3-NoPersist,m12_medium_flood_dup60_s20260627,nonbonded,19338,PRIVPROBE:0,duplicate_filter,0,False,0,duplicate_filter
m12_medium_flood_dup60_s20260627_nonbonded,P3-NoPersist,m12_medium_flood_dup60_s20260627,nonbonded,19444,PRIVPROBE:0,duplicate_filter,0,False,0,duplicate_filter
m12_medium_flood_dup60_s20260627_nonbonded,P3-NoPersist,m12_medium_flood_dup60_s20260627,nonbonded,19558,PRIVPROBE:0,duplicate_filter,0,False,0,duplicate_filter
m12_medium_flood_dup60_s20260627_nonbonded,P3-NoPersist,m12_medium_flood_dup60_s20260627,nonbonded,19682,PRIVPROBE:0,duplicate_filter,0,False,0,duplicate_filter
m12_medium_flood_dup60_s20260627_nonbonded,P3-NoPersist,m12_medium_flood_dup60_s20260627,nonbonded,19784,PRIVPROBE:0,duplicate_filter,0,False,0,duplicate_filter
m12_medium_flood_dup60_s20260627_nonbonded,P3-NoPersist,m12_medium_flood_dup60_s20260627,nonbonded,19914,PRIVPROBE:0,duplicate_filter,0,False,0,duplicate_filter
m12_medium_flood_dup60_s20260627_nonbonded,P3-NoPersist,m12_medium_flood_dup60_s20260627,nonbonded,20016,PRIVPROBE:0,duplicate_filter,0,False,0,duplicate_filter
m12_medium_flood_dup60_s20260627_nonbonded,P3-NoPersist,m12_medium_flood_dup60_s20260627,nonbonded,20120,PRIVPROBE:0,duplicate_filter,0,False,0,duplicate_filter
m12_medium_flood_dup60_s20260627_nonbonded,P3-NoPersist,m12_medium_flood_dup60_s20260627,nonbonded,20238,PRIVPROBE:0,duplicate_filter,0,False,0,duplicate_filter
m12_medium_flood_dup60_s20260627_nonbonded,P3-NoPersist,m12_medium_flood_dup60_s20260627,nonbonded,20377,PRIVPROBE:0,duplicate_filter,0,False,0,duplicate_filter
m12_medium_flood_dup60_s20260627_nonbonded,P3-NoPersist,m12_medium_flood_dup60_s20260627,nonbonded,20500,PRIVPROBE:0,duplicate_filter,0,False,0,duplicate_filter
m12_medium_flood_dup60_s20260627_nonbonded,P3-NoPersist,m12_medium_flood_dup60_s20260627,nonbonded,20613,PRIVPROBE:0,host_scan,504,False,0,host_scan
m12_medium_flood_dup60_s20260627_nonbonded,P3-NoPersist,m12_medium_flood_dup60_s20260627,nonbonded,20731,PRIVPROBE:0,duplicate_filter,0,False,0,duplicate_filter
m12_medium_flood_dup60_s20260627_nonbonded,P3-NoPersist,m12_medium_flood_dup60_s20260627,nonbonded,20851,PRIVPROBE:0,duplicate_filter,0,False,0,duplicate_filter
m12_medium_flood_dup60_s20260627_nonbonded,P3-NoPersist,m12_medium_flood_dup60_s20260627,nonbonded,20955,PRIVPROBE:0,duplicate_filter,0,False,0,duplicate_filter
m12_medium_flood_dup60_s20260627_nonbonded,P3-NoPersist,m12_medium_flood_dup60_s20260627,nonbonded,21078,PRIVPROBE:0,duplicate_filter,0,False,0,duplicate_filter
m12_medium_flood_dup60_s20260627_nonbonded,P3-NoPersist,m12_medium_flood_dup60_s20260627,nonbonded,21190,PRIVPROBE:0,duplicate_filter,0,False,0,duplicate_filter
m12_medium_flood_dup60_s20260627_nonbonded,P3-NoPersist,m12_medium_flood_dup60_s20260627,nonbonded,21305,PRIVPROBE:0,duplicate_filter,0,False,0,duplicate_filter
m12_medium_flood_dup60_s20260627_nonbonded,P3-NoPersist,m12_medium_flood_dup60_s20260627,nonbonded,21431,PRIVPROBE:0,duplicate_filter,0,False,0,duplicate_filter
m12_medium_flood_dup60_s20260627_nonbonded,P3-NoPersist,m12_medium_flood_dup60_s20260627,nonbonded,21551,PRIVPROBE:0,duplicate_filter,0,False,0,duplicate_filter
m12_medium_flood_dup60_s20260627_nonbonded,P3-NoPersist,m12_medium_flood_dup60_s20260627,nonbonded,21667,PRIVPROBE:0,duplicate_filter,0,False,0,duplicate_filter
m12_medium_flood_dup60_s20260627_nonbonded,P3-NoPersist,m12_medium_flood_dup60_s20260627,nonbonded,21792,PRIVPROBE:0,duplicate_filter,0,False,0,duplicate_filter
m12_medium_flood_dup60_s20260627_nonbonded,P3-NoPersist,m12_medium_flood_dup60_s20260627,nonbonded,21919,PRIVPROBE:0,duplicate_filter,0,False,0,duplicate_filter
m12_medium_flood_dup60_s20260627_nonbonded,P3-NoPersist,m12_medium_flood_dup60_s20260627,nonbonded,22039,PRIVPROBE:1,host_scan,504,False,0,host_scan
m12_medium_flood_dup60_s20260627_nonbonded,P3-NoPersist,m12_medium_flood_dup60_s20260627,nonbonded,22178,PRIVPROBE:1,duplicate_filter,0,False,0,duplicate_filter
m12_medium_flood_dup60_s20260627_nonbonded,P3-NoPersist,m12_medium_flood_dup60_s20260627,nonbonded,22308,PRIVPROBE:1,duplicate_filter,0,False,0,duplicate_filter
m12_medium_flood_dup60_s20260627_nonbonded,P3-NoPersist,m12_medium_flood_dup60_s20260627,nonbonded,22439,PRIVPROBE:1,duplicate_filter,0,False,0,duplicate_filter
m12_medium_flood_dup60_s20260627_nonbonded,P3-NoPersist,m12_medium_flood_dup60_s20260627,nonbonded,22557,PRIVPROBE:1,duplicate_filter,0,False,0,duplicate_filter
m12_medium_flood_dup60_s20260627_nonbonded,P3-NoPersist,m12_medium_flood_dup60_s20260627,nonbonded,22690,PRIVPROBE:1,duplicate_filter,0,False,0,duplicate_filter
m12_medium_flood_dup60_s20260627_nonbonded,P3-NoPersist,m12_medium_flood_dup60_s20260627,nonbonded,22813,PRIVPROBE:1,duplicate_filter,0,False,0,duplicate_filter
m12_medium_flood_dup60_s20260627_nonbonded,P3-NoPersist,m12_medium_flood_dup60_s20260627,nonbonded,22925,PRIVPROBE:1,duplicate_filter,0,False,0,duplicate_filter
m12_medium_flood_dup60_s20260627_nonbonded,P3-NoPersist,m12_medium_flood_dup60_s20260627,nonbonded,23043,PRIVPROBE:1,duplicate_filter,0,False,0,duplicate_filter
m12_medium_flood_dup60_s20260627_nonbonded,P3-NoPersist,m12_medium_flood_dup60_s20260627,nonbonded,23198,PRIVPROBE:1,duplicate_filter,0,False,0,duplicate_filter
m12_medium_flood_dup60_s20260627_nonbonded,P3-NoPersist,m12_medium_flood_dup60_s20260627,nonbonded,23319,PRIVPROBE:1,duplicate_filter,0,False,0,duplicate_filter
m12_medium_flood_dup60_s20260627_nonbonded,P3-NoPersist,m12_medium_flood_dup60_s20260627,nonbonded,23446,PRIVPROBE:1,duplicate_filter,0,False,0,duplicate_filter
m12_medium_flood_dup60_s20260627_nonbonded,P3-NoPersist,m12_medium_flood_dup60_s20260627,nonbonded,23586,PRIVPROBE:1,host_scan,504,False,0,host_scan
m12_medium_flood_dup60_s20260627_nonbonded,P3-NoPersist,m12_medium_flood_dup60_s20260627,nonbonded,23700,PRIVPROBE:1,duplicate_filter,0,False,0,duplicate_filter
m12_medium_flood_dup60_s20260627_nonbonded,P3-NoPersist,m12_medium_flood_dup60_s20260627,nonbonded,23833,PRIVPROBE:1,duplicate_filter,0,False,0,duplicate_filter
m12_medium_flood_dup60_s20260627_nonbonded,P3-NoPersist,m12_medium_flood_dup60_s20260627,nonbonded,23929,PRIVPROBE:1,duplicate_filter,0,False,0,duplicate_filter
m12_medium_flood_dup60_s20260627_nonbonded,P3-NoPersist,m12_medium_flood_dup60_s20260627,nonbonded,24018,PRIVPROBE:1,duplicate_filter,0,False,0,duplicate_filter
m12_medium_flood_dup60_s20260627_nonbonded,P3-NoPersist,m12_medium_flood_dup60_s20260627,nonbonded,24129,PRIVPROBE:1,duplicate_filter,0,False,0,duplicate_filter
m12_medium_flood_dup60_s20260627_nonbonded,P3-NoPersist,m12_medium_flood_dup60_s20260627,nonbonded,24257,PRIVPROBE:1,duplicate_filter,0,False,0,duplicate_filter
m12_medium_flood_dup60_s20260627_nonbonded,P3-NoPersist,m12_medium_flood_dup60_s20260627,nonbonded,24385,PRIVPROBE:1,duplicate_filter,0,False,0,duplicate_filter
m12_medium_flood_dup60_s20260627_nonbonded,P3-NoPersist,m12_medium_flood_dup60_s20260627,nonbonded,24499,PRIVPROBE:1,duplicate_filter,0,False,0,duplicate_filter
m12_medium_flood_dup60_s20260627_nonbonded,P3-NoPersist,m12_medium_flood_dup60_s20260627,nonbonded,24602,PRIVPROBE:1,duplicate_filter,0,False,0,duplicate_filter
m12_medium_flood_dup60_s20260627_nonbonded,P3-NoPersist,m12_medium_flood_dup60_s20260627,nonbonded,24724,PRIVPROBE:1,duplicate_filter,0,False,0,duplicate_filter
m12_medium_flood_dup60_s20260627_nonbonded,P3-NoPersist,m12_medium_flood_dup60_s20260627,nonbonded,24855,PRIVPROBE:1,duplicate_filter,0,False,0,duplicate_filter
m12_medium_flood_dup60_s20260627_nonbonded,P3-NoPersist,m12_medium_flood_dup60_s20260627,nonbonded,24975,PRIVPROBE:1,host_scan,504,False,0,host_scan
m12_medium_flood_dup60_s20260627_nonbonded,P3-NoPersist,m12_medium_flood_dup60_s20260627,nonbonded,25091,PRIVPROBE:1,duplicate_filter,0,False,0,duplicate_filter
m12_medium_flood_dup60_s20260627_nonbonded,P3-NoPersist,m12_medium_flood_dup60_s20260627,nonbonded,25207,PRIVPROBE:1,duplicate_filter,0,False,0,duplicate_filter
m12_medium_flood_dup60_s20260627_nonbonded,P3-NoPersist,m12_medium_flood_dup60_s20260627,nonbonded,25319,PRIVPROBE:1,duplicate_filter,0,False,0,duplicate_filter
m12_medium_flood_dup60_s20260627_nonbonded,P3-NoPersist,m12_medium_flood_dup60_s20260627,nonbonded,25440,PRIVPROBE:1,duplicate_filter,0,False,0,duplicate_filter
m12_medium_flood_dup60_s20260627_nonbonded,P3-NoPersist,m12_medium_flood_dup60_s20260627,nonbonded,25535,PRIVPROBE:1,duplicate_filter,0,False,0,duplicate_filter
m12_medium_flood_dup60_s20260627_nonbonded,P3-NoPersist,m12_medium_flood_dup60_s20260627,nonbonded,25650,PRIVPROBE:1,duplicate_filter,0,False,0,duplicate_filter
m12_medium_flood_dup60_s20260627_nonbonded,P3-NoPersist,m12_medium_flood_dup60_s20260627,nonbonded,25746,PRIVPROBE:1,duplicate_filter,0,False,0,duplicate_filter
m12_medium_flood_dup60_s20260627_nonbonded,P3-NoPersist,m12_medium_flood_dup60_s20260627,nonbonded,25865,PRIVPROBE:1,duplicate_filter,0,False,0,duplicate_filter
m12_medium_flood_dup60_s20260627_nonbonded,P3-NoPersist,m12_medium_flood_dup60_s20260627,nonbonded,25980,PRIVPROBE:1,duplicate_filter,0,False,0,duplicate_filter
m12_medium_flood_dup60_s20260627_nonbonded,P3-NoPersist,m12_medium_flood_dup60_s20260627,nonbonded,26114,PRIVPROBE:1,duplicate_filter,0,False,0,duplicate_filter
m12_medium_flood_dup60_s20260627_nonbonded,P3-NoPersist,m12_medium_flood_dup60_s20260627,nonbonded,26230,PRIVPROBE:1,duplicate_filter,0,False,0,duplicate_filter
m12_medium_flood_dup60_s20260627_nonbonded,P3-NoPersist,m12_medium_flood_dup60_s20260627,nonbonded,26332,PRIVPROBE:1,host_scan,504,False,0,host_scan
m12_medium_flood_dup60_s20260627_nonbonded,P3-NoPersist,m12_medium_flood_dup60_s20260627,nonbonded,26451,PRIVPROBE:1,duplicate_filter,0,False,0,duplicate_filter
m12_medium_flood_dup60_s20260627_nonbonded,P3-NoPersist,m12_medium_flood_dup60_s20260627,nonbonded,26576,PRIVPROBE:1,duplicate_filter,0,False,0,duplicate_filter
m12_medium_flood_dup60_s20260627_nonbonded,P3-NoPersist,m12_medium_flood_dup60_s20260627,nonbonded,26702,PRIVPROBE:1,duplicate_filter,0,False,0,duplicate_filter
m12_medium_flood_dup60_s20260627_nonbonded,P3-NoPersist,m12_medium_flood_dup60_s20260627,nonbonded,26809,PRIVPROBE:1,duplicate_filter,0,False,0,duplicate_filter
m12_medium_flood_dup60_s20260627_nonbonded,P3-NoPersist,m12_medium_flood_dup60_s20260627,nonbonded,26933,PRIVPROBE:1,duplicate_filter,0,False,0,duplicate_filter
m12_medium_flood_dup60_s20260627_nonbonded,P3-NoPersist,m12_medium_flood_dup60_s20260627,nonbonded,27063,PRIVPROBE:1,duplicate_filter,0,False,0,duplicate_filter
m12_medium_flood_dup60_s20260627_nonbonded,P3-NoPersist,m12_medium_flood_dup60_s20260627,nonbonded,27182,PRIVPROBE:1,duplicate_filter,0,False,0,duplicate_filter
m12_medium_flood_dup60_s20260627_nonbonded,P3-NoPersist,m12_medium_flood_dup60_s20260627,nonbonded,27318,PRIVPROBE:1,duplicate_filter,0,False,0,duplicate_filter
m12_medium_flood_dup60_s20260627_nonbonded,P3-NoPersist,m12_medium_flood_dup60_s20260627,nonbonded,27441,PRIVPROBE:1,duplicate_filter,0,False,0,duplicate_filter
m12_medium_flood_dup60_s20260627_nonbonded,P3-NoPersist,m12_medium_flood_dup60_s20260627,nonbonded,27548,PRIVPROBE:1,duplicate_filter,0,False,0,duplicate_filter
m12_medium_flood_dup60_s20260627_nonbonded,P3-NoPersist,m12_medium_flood_dup60_s20260627,nonbonded,27674,PRIVPROBE:1,duplicate_filter,0,False,0,duplicate_filter
m12_medium_flood_dup60_s20260627_nonbonded,P3-NoPersist,m12_medium_flood_dup60_s20260627,nonbonded,27782,PRIVPROBE:1,host_scan,504,False,0,host_scan
m12_medium_flood_dup60_s20260627_nonbonded,P3-NoPersist,m12_medium_flood_dup60_s20260627,nonbonded,27904,PRIVPROBE:1,duplicate_filter,0,False,0,duplicate_filter
m12_medium_flood_dup60_s20260627_nonbonded,P3-NoPersist,m12_medium_flood_dup60_s20260627,nonbonded,28017,PRIVPROBE:1,duplicate_filter,0,False,0,duplicate_filter
m12_medium_flood_dup60_s20260627_nonbonded,P3-NoPersist,m12_medium_flood_dup60_s20260627,nonbonded,28132,PRIVPROBE:1,duplicate_filter,0,False,0,duplicate_filter
m12_medium_flood_dup60_s20260627_nonbonded,P3-NoPersist,m12_medium_flood_dup60_s20260627,nonbonded,28239,PRIVPROBE:1,duplicate_filter,0,False,0,duplicate_filter
m12_medium_flood_dup60_s20260627_nonbonded,P3-NoPersist,m12_medium_flood_dup60_s20260627,nonbonded,28365,PRIVPROBE:1,duplicate_filter,0,False,0,duplicate_filter
m12_medium_flood_dup60_s20260627_nonbonded,P3-NoPersist,m12_medium_flood_dup60_s20260627,nonbonded,28486,PRIVPROBE:1,duplicate_filter,0,False,0,duplicate_filter
m12_medium_flood_dup60_s20260627_nonbonded,P3-NoPersist,m12_medium_flood_dup60_s20260627,nonbonded,28613,PRIVPROBE:1,duplicate_filter,0,False,0,duplicate_filter
m12_medium_flood_dup60_s20260627_nonbonded,P3-NoPersist,m12_medium_flood_dup60_s20260627,nonbonded,28740,PRIVPROBE:1,duplicate_filter,0,False,0,duplicate_filter
m12_medium_flood_dup60_s20260627_nonbonded,P3-NoPersist,m12_medium_flood_dup60_s20260627,nonbonded,28867,PRIVPROBE:1,duplicate_filter,0,False,0,duplicate_filter
m12_medium_flood_dup60_s20260627_nonbonded,P3-NoPersist,m12_medium_flood_dup60_s20260627,nonbonded,28989,PRIVPROBE:1,duplicate_filter,0,False,0,duplicate_filter
m12_medium_flood_dup60_s20260627_nonbonded,P3-NoPersist,m12_medium_flood_dup60_s20260627,nonbonded,29110,PRIVPROBE:1,duplicate_filter,0,False,0,duplicate_filter
m12_medium_flood_dup60_s20260627_nonbonded,P3-NoPersist,m12_medium_flood_dup60_s20260627,nonbonded,29237,PRIVPROBE:1,host_scan,504,False,0,host_scan
m12_medium_flood_dup60_s20260627_nonbonded,P3-NoPersist,m12_medium_flood_dup60_s20260627,nonbonded,29356,PRIVPROBE:1,duplicate_filter,0,False,0,duplicate_filter
m12_medium_flood_dup60_s20260627_nonbonded,P3-NoPersist,m12_medium_flood_dup60_s20260627,nonbonded,29468,PRIVPROBE:1,duplicate_filter,0,False,0,duplicate_filter
m12_medium_flood_dup60_s20260627_nonbonded,P3-NoPersist,m12_medium_flood_dup60_s20260627,nonbonded,29566,PRIVPROBE:1,duplicate_filter,0,False,0,duplicate_filter
m12_medium_flood_dup60_s20260627_nonbonded,P3-NoPersist,m12_medium_flood_dup60_s20260627,nonbonded,29674,PRIVPROBE:1,duplicate_filter,0,False,0,duplicate_filter
m12_medium_flood_dup60_s20260627_nonbonded,P3-NoPersist,m12_medium_flood_dup60_s20260627,nonbonded,29775,PRIVPROBE:1,duplicate_filter,0,False,0,duplicate_filter
m12_medium_flood_dup60_s20260627_nonbonded,P3-NoPersist,m12_medium_flood_dup60_s20260627,nonbonded,29895,PRIVPROBE:1,duplicate_filter,0,False,0,duplicate_filter
m12_medium_flood_dup60_s20260627_nonbonded,P3-NoPersist,m12_medium_flood_dup60_s20260627,nonbonded,30011,PRIVPROBE:1,duplicate_filter,0,False,0,duplicate_filter
m12_medium_flood_dup60_s20260627_nonbonded,P3-NoPersist,m12_medium_flood_dup60_s20260627,nonbonded,30122,PRIVPROBE:1,duplicate_filter,0,False,0,duplicate_filter
m12_medium_flood_dup60_s20260627_nonbonded,P3-NoPersist,m12_medium_flood_dup60_s20260627,nonbonded,30219,PRIVPROBE:1,duplicate_filter,0,False,0,duplicate_filter
m12_medium_flood_dup60_s20260627_nonbonded,P3-NoPersist,m12_medium_flood_dup60_s20260627,nonbonded,30357,PRIVPROBE:1,duplicate_filter,0,False,0,duplicate_filter
m12_medium_flood_dup60_s20260627_nonbonded,P3-NoPersist,m12_medium_flood_dup60_s20260627,nonbonded,30478,PRIVPROBE:1,duplicate_filter,0,False,0,duplicate_filter
m12_medium_flood_dup60_s20260627_nonbonded,P3-NoPersist,m12_medium_flood_dup60_s20260627,nonbonded,30588,PRIVPROBE:1,host_scan,504,False,0,host_scan
m12_medium_flood_dup60_s20260627_nonbonded,P3-NoPersist,m12_medium_flood_dup60_s20260627,nonbonded,30716,PRIVPROBE:1,duplicate_filter,0,False,0,duplicate_filter
m12_medium_flood_dup60_s20260627_nonbonded,P3-NoPersist,m12_medium_flood_dup60_s20260627,nonbonded,30844,PRIVPROBE:1,duplicate_filter,0,False,0,duplicate_filter
m12_medium_flood_dup60_s20260627_nonbonded,P3-NoPersist,m12_medium_flood_dup60_s20260627,nonbonded,30967,PRIVPROBE:1,duplicate_filter,0,False,0,duplicate_filter
m12_medium_flood_dup60_s20260627_nonbonded,P3-NoPersist,m12_medium_flood_dup60_s20260627,nonbonded,31085,PRIVPROBE:1,duplicate_filter,0,False,0,duplicate_filter
m12_medium_flood_dup60_s20260627_nonbonded,P3-NoPersist,m12_medium_flood_dup60_s20260627,nonbonded,31178,PRIVPROBE:1,duplicate_filter,0,False,0,duplicate_filter
m12_medium_flood_dup60_s20260627_nonbonded,P3-NoPersist,m12_medium_flood_dup60_s20260627,nonbonded,31325,PRIVPROBE:1,duplicate_filter,0,False,0,duplicate_filter
m12_medium_flood_dup60_s20260627_nonbonded,P3-NoPersist,m12_medium_flood_dup60_s20260627,nonbonded,31437,PRIVPROBE:1,duplicate_filter,0,False,0,duplicate_filter
m12_medium_flood_dup60_s20260627_nonbonded,P3-NoPersist,m12_medium_flood_dup60_s20260627,nonbonded,31570,PRIVPROBE:1,duplicate_filter,0,False,0,duplicate_filter
m12_medium_flood_dup60_s20260627_nonbonded,P3-NoPersist,m12_medium_flood_dup60_s20260627,nonbonded,31685,PRIVPROBE:1,duplicate_filter,0,False,0,duplicate_filter
m12_medium_flood_dup60_s20260627_nonbonded,P3-NoPersist,m12_medium_flood_dup60_s20260627,nonbonded,31808,PRIVPROBE:1,duplicate_filter,0,False,0,duplicate_filter
m12_medium_flood_dup60_s20260627_nonbonded,P3-NoPersist,m12_medium_flood_dup60_s20260627,nonbonded,31916,PRIVPROBE:1,duplicate_filter,0,False,0,duplicate_filter
m12_medium_flood_dup60_s20260627_nonbonded,P3-NoPersist,m12_medium_flood_dup60_s20260627,nonbonded,32041,PRIVPROBE:1,host_scan,504,False,0,host_scan
m12_medium_flood_dup60_s20260627_nonbonded,P3-NoPersist,m12_medium_flood_dup60_s20260627,nonbonded,32160,PRIVPROBE:1,duplicate_filter,0,False,0,duplicate_filter
m12_medium_flood_dup60_s20260627_nonbonded,P3-NoPersist,m12_medium_flood_dup60_s20260627,nonbonded,32268,PRIVPROBE:1,duplicate_filter,0,False,0,duplicate_filter
m12_medium_flood_dup60_s20260627_nonbonded,P3-NoPersist,m12_medium_flood_dup60_s20260627,nonbonded,32393,PRIVPROBE:1,duplicate_filter,0,False,0,duplicate_filter
m12_medium_flood_dup60_s20260627_nonbonded,P3-NoPersist,m12_medium_flood_dup60_s20260627,nonbonded,32514,PRIVPROBE:1,duplicate_filter,0,False,0,duplicate_filter
m12_medium_flood_dup60_s20260627_nonbonded,P3-NoPersist,m12_medium_flood_dup60_s20260627,nonbonded,32623,PRIVPROBE:1,duplicate_filter,0,False,0,duplicate_filter
m12_medium_flood_dup60_s20260627_nonbonded,P3-NoPersist,m12_medium_flood_dup60_s20260627,nonbonded,32720,PRIVPROBE:1,duplicate_filter,0,False,0,duplicate_filter
m12_medium_flood_dup60_s20260627_nonbonded,P3-NoPersist,m12_medium_flood_dup60_s20260627,nonbonded,32824,PRIVPROBE:1,duplicate_filter,0,False,0,duplicate_filter
m12_medium_flood_dup60_s20260627_nonbonded,P3-NoPersist,m12_medium_flood_dup60_s20260627,nonbonded,32956,PRIVPROBE:1,duplicate_filter,0,False,0,duplicate_filter
m12_medium_flood_dup60_s20260627_nonbonded,P3-NoPersist,m12_medium_flood_dup60_s20260627,nonbonded,33068,PRIVPROBE:1,duplicate_filter,0,False,0,duplicate_filter
m12_medium_flood_dup60_s20260627_nonbonded,P3-NoPersist,m12_medium_flood_dup60_s20260627,nonbonded,33197,PRIVPROBE:1,duplicate_filter,0,False,0,duplicate_filter
m12_medium_flood_dup60_s20260627_nonbonded,P3-NoPersist,m12_medium_flood_dup60_s20260627,nonbonded,33313,PRIVPROBE:1,duplicate_filter,0,False,0,duplicate_filter
m12_medium_flood_dup60_s20260627_nonbonded,P3-NoPersist,m12_medium_flood_dup60_s20260627,nonbonded,33437,PRIVPROBE:1,host_scan,504,False,0,host_scan
m12_medium_flood_dup60_s20260627_nonbonded,P3-NoPersist,m12_medium_flood_dup60_s20260627,nonbonded,33580,PRIVPROBE:1,duplicate_filter,0,False,0,duplicate_filter
m12_medium_flood_dup60_s20260627_nonbonded,P3-NoPersist,m12_medium_flood_dup60_s20260627,nonbonded,33705,PRIVPROBE:1,duplicate_filter,0,False,0,duplicate_filter
m12_medium_flood_dup60_s20260627_nonbonded,P3-NoPersist,m12_medium_flood_dup60_s20260627,nonbonded,33828,PRIVPROBE:1,duplicate_filter,0,False,0,duplicate_filter
m12_medium_flood_dup60_s20260627_nonbonded,P3-NoPersist,m12_medium_flood_dup60_s20260627,nonbonded,33934,PRIVPROBE:1,duplicate_filter,0,False,0,duplicate_filter
m12_medium_flood_dup60_s20260627_nonbonded,P3-NoPersist,m12_medium_flood_dup60_s20260627,nonbonded,34064,PRIVPROBE:1,duplicate_filter,0,False,0,duplicate_filter
m12_medium_flood_dup60_s20260627_nonbonded,P3-NoPersist,m12_medium_flood_dup60_s20260627,nonbonded,34183,PRIVPROBE:1,duplicate_filter,0,False,0,duplicate_filter
m12_medium_flood_dup60_s20260627_nonbonded,P3-NoPersist,m12_medium_flood_dup60_s20260627,nonbonded,34305,PRIVPROBE:1,duplicate_filter,0,False,0,duplicate_filter
m12_medium_flood_dup60_s20260627_nonbonded,P3-NoPersist,m12_medium_flood_dup60_s20260627,nonbonded,34422,PRIVPROBE:1,duplicate_filter,0,False,0,duplicate_filter
m12_medium_flood_dup60_s20260627_nonbonded,P3-NoPersist,m12_medium_flood_dup60_s20260627,nonbonded,34539,PRIVPROBE:1,duplicate_filter,0,False,0,duplicate_filter
m12_medium_flood_dup60_s20260627_nonbonded,P3-NoPersist,m12_medium_flood_dup60_s20260627,nonbonded,34652,PRIVPROBE:1,duplicate_filter,0,False,0,duplicate_filter
m12_medium_flood_dup60_s20260627_nonbonded,P3-NoPersist,m12_medium_flood_dup60_s20260627,nonbonded,34772,PRIVPROBE:1,duplicate_filter,0,False,0,duplicate_filter
m12_medium_flood_dup60_s20260627_nonbonded,P3-NoPersist,m12_medium_flood_dup60_s20260627,nonbonded,34908,PRIVPROBE:1,host_scan,504,False,0,host_scan
m12_medium_flood_dup60_s20260627_nonbonded,P3-NoPersist,m12_medium_flood_dup60_s20260627,nonbonded,35020,PRIVPROBE:1,duplicate_filter,0,False,0,duplicate_filter
m12_medium_flood_dup60_s20260627_nonbonded,P3-NoPersist,m12_medium_flood_dup60_s20260627,nonbonded,35148,PRIVPROBE:1,duplicate_filter,0,False,0,duplicate_filter
m12_medium_flood_dup60_s20260627_nonbonded,P3-NoPersist,m12_medium_flood_dup60_s20260627,nonbonded,35258,PRIVPROBE:1,duplicate_filter,0,False,0,duplicate_filter
m12_medium_flood_dup60_s20260627_nonbonded,P3-NoPersist,m12_medium_flood_dup60_s20260627,nonbonded,35378,PRIVPROBE:1,duplicate_filter,0,False,0,duplicate_filter
m12_medium_flood_dup60_s20260627_nonbonded,P3-NoPersist,m12_medium_flood_dup60_s20260627,nonbonded,35511,PRIVPROBE:1,duplicate_filter,0,False,0,duplicate_filter
m12_medium_flood_dup60_s20260627_nonbonded,P3-NoPersist,m12_medium_flood_dup60_s20260627,nonbonded,35648,PRIVPROBE:1,duplicate_filter,0,False,0,duplicate_filter
m12_medium_flood_dup60_s20260627_nonbonded,P3-NoPersist,m12_medium_flood_dup60_s20260627,nonbonded,35769,PRIVPROBE:1,duplicate_filter,0,False,0,duplicate_filter
m12_medium_flood_dup60_s20260627_nonbonded,P3-NoPersist,m12_medium_flood_dup60_s20260627,nonbonded,35898,PRIVPROBE:1,duplicate_filter,0,False,0,duplicate_filter
m12_medium_flood_dup60_s20260627_nonbonded,P3-NoPersist,m12_medium_flood_dup60_s20260627,nonbonded,36030,PRIVPROBE:1,duplicate_filter,0,False,0,duplicate_filter
m12_medium_flood_dup60_s20260627_nonbonded,P3-NoPersist,m12_medium_flood_dup60_s20260627,nonbonded,36167,PRIVPROBE:1,duplicate_filter,0,False,0,duplicate_filter
m12_medium_flood_dup60_s20260627_nonbonded,P3-NoPersist,m12_medium_flood_dup60_s20260627,nonbonded,36270,PRIVPROBE:1,duplicate_filter,0,False,0,duplicate_filter
m12_medium_flood_dup60_s20260627_nonbonded,P3-NoPersist,m12_medium_flood_dup60_s20260627,nonbonded,36385,PRIVPROBE:1,host_scan,504,False,0,host_scan
m12_medium_flood_dup60_s20260627_nonbonded,P3-NoPersist,m12_medium_flood_dup60_s20260627,nonbonded,36511,PRIVPROBE:1,duplicate_filter,0,False,0,duplicate_filter
m12_medium_flood_dup60_s20260627_nonbonded,P3-NoPersist,m12_medium_flood_dup60_s20260627,nonbonded,36612,PRIVPROBE:1,duplicate_filter,0,False,0,duplicate_filter
m12_medium_flood_dup60_s20260627_nonbonded,P3-NoPersist,m12_medium_flood_dup60_s20260627,nonbonded,36738,PRIVPROBE:1,duplicate_filter,0,False,0,duplicate_filter
m12_medium_flood_dup60_s20260627_nonbonded,P3-NoPersist,m12_medium_flood_dup60_s20260627,nonbonded,36862,PRIVPROBE:1,duplicate_filter,0,False,0,duplicate_filter
m12_medium_flood_dup60_s20260627_nonbonded,P3-NoPersist,m12_medium_flood_dup60_s20260627,nonbonded,36989,PRIVPROBE:1,duplicate_filter,0,False,0,duplicate_filter
m12_medium_flood_dup60_s20260627_nonbonded,P3-NoPersist,m12_medium_flood_dup60_s20260627,nonbonded,37115,PRIVPROBE:1,duplicate_filter,0,False,0,duplicate_filter
m12_medium_flood_dup60_s20260627_nonbonded,P3-NoPersist,m12_medium_flood_dup60_s20260627,nonbonded,37271,PRIVPROBE:1,duplicate_filter,0,False,0,duplicate_filter
m12_medium_flood_dup60_s20260627_nonbonded,P3-NoPersist,m12_medium_flood_dup60_s20260627,nonbonded,37400,PRIVPROBE:1,duplicate_filter,0,False,0,duplicate_filter
m12_medium_flood_dup60_s20260627_nonbonded,P3-NoPersist,m12_medium_flood_dup60_s20260627,nonbonded,37499,PRIVPROBE:1,duplicate_filter,0,False,0,duplicate_filter
m12_medium_flood_dup60_s20260627_nonbonded,P3-NoPersist,m12_medium_flood_dup60_s20260627,nonbonded,37617,PRIVPROBE:1,duplicate_filter,0,False,0,duplicate_filter
m12_medium_flood_dup60_s20260627_nonbonded,P3-NoPersist,m12_medium_flood_dup60_s20260627,nonbonded,37725,PRIVPROBE:1,duplicate_filter,0,False,0,duplicate_filter
m12_medium_flood_dup60_s20260627_nonbonded,P3-NoPersist,m12_medium_flood_dup60_s20260627,nonbonded,37858,PRIVPROBE:1,host_scan,504,False,0,host_scan
m12_medium_flood_dup60_s20260627_nonbonded,P3-NoPersist,m12_medium_flood_dup60_s20260627,nonbonded,37978,PRIVPROBE:1,duplicate_filter,0,False,0,duplicate_filter
m12_medium_flood_dup60_s20260627_nonbonded,P3-NoPersist,m12_medium_flood_dup60_s20260627,nonbonded,38082,PRIVPROBE:1,duplicate_filter,0,False,0,duplicate_filter
m12_medium_flood_dup60_s20260627_nonbonded,P3-NoPersist,m12_medium_flood_dup60_s20260627,nonbonded,38201,PRIVPROBE:1,duplicate_filter,0,False,0,duplicate_filter
m12_medium_flood_dup60_s20260627_nonbonded,P3-NoPersist,m12_medium_flood_dup60_s20260627,nonbonded,38333,PRIVPROBE:1,duplicate_filter,0,False,0,duplicate_filter
m12_medium_flood_dup60_s20260627_nonbonded,P3-NoPersist,m12_medium_flood_dup60_s20260627,nonbonded,38473,PRIVPROBE:1,duplicate_filter,0,False,0,duplicate_filter
m12_medium_flood_dup60_s20260627_nonbonded,P3-NoPersist,m12_medium_flood_dup60_s20260627,nonbonded,38610,PRIVPROBE:1,duplicate_filter,0,False,0,duplicate_filter
m12_medium_flood_dup60_s20260627_nonbonded,P3-NoPersist,m12_medium_flood_dup60_s20260627,nonbonded,38733,PRIVPROBE:1,duplicate_filter,0,False,0,duplicate_filter
m12_medium_flood_dup60_s20260627_nonbonded,P3-NoPersist,m12_medium_flood_dup60_s20260627,nonbonded,38859,PRIVPROBE:1,duplicate_filter,0,False,0,duplicate_filter
m12_medium_flood_dup60_s20260627_nonbonded,P3-NoPersist,m12_medium_flood_dup60_s20260627,nonbonded,38990,PRIVPROBE:1,duplicate_filter,0,False,0,duplicate_filter
m12_medium_flood_dup60_s20260627_nonbonded,P3-NoPersist,m12_medium_flood_dup60_s20260627,nonbonded,39113,PRIVPROBE:1,duplicate_filter,0,False,0,duplicate_filter
m12_medium_flood_dup60_s20260627_nonbonded,P3-NoPersist,m12_medium_flood_dup60_s20260627,nonbonded,39232,PRIVPROBE:1,duplicate_filter,0,False,0,duplicate_filter
m12_medium_flood_dup60_s20260627_nonbonded,P3-NoPersist,m12_medium_flood_dup60_s20260627,nonbonded,39336,PRIVPROBE:1,host_scan,504,False,0,host_scan
m12_medium_flood_dup60_s20260627_nonbonded,P3-NoPersist,m12_medium_flood_dup60_s20260627,nonbonded,39452,PRIVPROBE:1,duplicate_filter,0,False,0,duplicate_filter
m12_medium_flood_dup60_s20260627_nonbonded,P3-NoPersist,m12_medium_flood_dup60_s20260627,nonbonded,39566,PRIVPROBE:1,duplicate_filter,0,False,0,duplicate_filter
m12_medium_flood_dup60_s20260627_nonbonded,P3-NoPersist,m12_medium_flood_dup60_s20260627,nonbonded,39700,PRIVPROBE:1,duplicate_filter,0,False,0,duplicate_filter
m12_medium_flood_dup60_s20260627_nonbonded,P3-NoPersist,m12_medium_flood_dup60_s20260627,nonbonded,39837,PRIVPROBE:1,duplicate_filter,0,False,0,duplicate_filter
m12_medium_flood_dup60_s20260627_nonbonded,P3-NoPersist,m12_medium_flood_dup60_s20260627,nonbonded,39971,PRIVPROBE:1,duplicate_filter,0,False,0,duplicate_filter
m12_medium_flood_dup60_s20260627_nonbonded,P3-NoPersist,m12_medium_flood_dup60_s20260627,nonbonded,40089,PRIVPROBE:1,duplicate_filter,0,False,0,duplicate_filter
m12_medium_flood_dup60_s20260627_nonbonded,P3-NoPersist,m12_medium_flood_dup60_s20260627,nonbonded,40197,PRIVPROBE:1,duplicate_filter,0,False,0,duplicate_filter
m12_medium_flood_dup60_s20260627_nonbonded,P3-NoPersist,m12_medium_flood_dup60_s20260627,nonbonded,40316,PRIVPROBE:1,duplicate_filter,0,False,0,duplicate_filter
m12_medium_flood_dup60_s20260627_nonbonded,P3-NoPersist,m12_medium_flood_dup60_s20260627,nonbonded,40438,PRIVPROBE:1,duplicate_filter,0,False,0,duplicate_filter
m12_medium_flood_dup60_s20260627_nonbonded,P3-NoPersist,m12_medium_flood_dup60_s20260627,nonbonded,40570,PRIVPROBE:1,duplicate_filter,0,False,0,duplicate_filter
m12_medium_flood_dup60_s20260627_nonbonded,P3-NoPersist,m12_medium_flood_dup60_s20260627,nonbonded,40677,PRIVPROBE:1,duplicate_filter,0,False,0,duplicate_filter
m12_medium_flood_dup60_s20260627_nonbonded,P3-NoPersist,m12_medium_flood_dup60_s20260627,nonbonded,40787,PRIVPROBE:1,host_scan,504,False,0,host_scan
m12_medium_flood_dup60_s20260627_nonbonded,P3-NoPersist,m12_medium_flood_dup60_s20260627,nonbonded,40909,PRIVPROBE:1,duplicate_filter,0,False,0,duplicate_filter
m12_medium_flood_dup60_s20260627_nonbonded,P3-NoPersist,m12_medium_flood_dup60_s20260627,nonbonded,41021,PRIVPROBE:1,duplicate_filter,0,False,0,duplicate_filter
m12_medium_flood_dup60_s20260627_nonbonded,P3-NoPersist,m12_medium_flood_dup60_s20260627,nonbonded,41144,PRIVPROBE:1,duplicate_filter,0,False,0,duplicate_filter
m12_medium_flood_dup60_s20260627_nonbonded,P3-NoPersist,m12_medium_flood_dup60_s20260627,nonbonded,41289,PRIVPROBE:1,duplicate_filter,0,False,0,duplicate_filter
m12_medium_flood_dup60_s20260627_nonbonded,P3-NoPersist,m12_medium_flood_dup60_s20260627,nonbonded,41421,PRIVPROBE:1,duplicate_filter,0,False,0,duplicate_filter
m12_medium_flood_dup60_s20260627_nonbonded,P3-NoPersist,m12_medium_flood_dup60_s20260627,nonbonded,41539,PRIVPROBE:1,duplicate_filter,0,False,0,duplicate_filter
m12_medium_flood_dup60_s20260627_nonbonded,P3-NoPersist,m12_medium_flood_dup60_s20260627,nonbonded,41662,PRIVPROBE:1,duplicate_filter,0,False,0,duplicate_filter
m12_medium_flood_dup60_s20260627_nonbonded,P3-NoPersist,m12_medium_flood_dup60_s20260627,nonbonded,41800,PRIVPROBE:1,duplicate_filter,0,False,0,duplicate_filter
m12_medium_flood_dup60_s20260627_nonbonded,P3-NoPersist,m12_medium_flood_dup60_s20260627,nonbonded,41909,PRIVPROBE:1,duplicate_filter,0,False,0,duplicate_filter
m12_medium_flood_dup60_s20260627_nonbonded,P3-NoPersist,m12_medium_flood_dup60_s20260627,nonbonded,42015,PRIVPROBE:1,duplicate_filter,0,False,0,duplicate_filter
m12_medium_flood_dup60_s20260627_nonbonded,P3-NoPersist,m12_medium_flood_dup60_s20260627,nonbonded,42142,PRIVPROBE:1,duplicate_filter,0,False,0,duplicate_filter
m12_medium_flood_dup60_s20260627_nonbonded,P3-NoPersist,m12_medium_flood_dup60_s20260627,nonbonded,42275,PRIVPROBE:1,host_scan,504,False,0,host_scan
m12_medium_flood_dup60_s20260627_nonbonded,P3-NoPersist,m12_medium_flood_dup60_s20260627,nonbonded,42398,PRIVPROBE:1,duplicate_filter,0,False,0,duplicate_filter
m12_medium_flood_dup60_s20260627_nonbonded,P3-NoPersist,m12_medium_flood_dup60_s20260627,nonbonded,42514,PRIVPROBE:1,duplicate_filter,0,False,0,duplicate_filter
m12_medium_flood_dup60_s20260627_nonbonded,P3-NoPersist,m12_medium_flood_dup60_s20260627,nonbonded,42664,PRIVPROBE:1,duplicate_filter,0,False,0,duplicate_filter
m12_medium_flood_dup60_s20260627_nonbonded,P3-NoPersist,m12_medium_flood_dup60_s20260627,nonbonded,42799,PRIVPROBE:1,duplicate_filter,0,False,0,duplicate_filter
m12_medium_flood_dup60_s20260627_nonbonded,P3-NoPersist,m12_medium_flood_dup60_s20260627,nonbonded,42926,PRIVPROBE:1,duplicate_filter,0,False,0,duplicate_filter
m12_medium_flood_dup60_s20260627_nonbonded,P3-NoPersist,m12_medium_flood_dup60_s20260627,nonbonded,43052,PRIVPROBE:1,duplicate_filter,0,False,0,duplicate_filter
m12_medium_flood_dup60_s20260627_nonbonded,P3-NoPersist,m12_medium_flood_dup60_s20260627,nonbonded,43179,PRIVPROBE:1,duplicate_filter,0,False,0,duplicate_filter
m12_medium_flood_dup60_s20260627_nonbonded,P3-NoPersist,m12_medium_flood_dup60_s20260627,nonbonded,43300,PRIVPROBE:1,duplicate_filter,0,False,0,duplicate_filter
m12_medium_flood_dup60_s20260627_nonbonded,P3-NoPersist,m12_medium_flood_dup60_s20260627,nonbonded,43421,PRIVPROBE:1,duplicate_filter,0,False,0,duplicate_filter
m12_medium_flood_dup60_s20260627_nonbonded,P3-NoPersist,m12_medium_flood_dup60_s20260627,nonbonded,43547,PRIVPROBE:1,duplicate_filter,0,False,0,duplicate_filter
m12_medium_flood_dup60_s20260627_nonbonded,P3-NoPersist,m12_medium_flood_dup60_s20260627,nonbonded,43681,PRIVPROBE:1,duplicate_filter,0,False,0,duplicate_filter
m12_medium_flood_dup60_s20260627_nonbonded,BudgetDoS,m12_medium_flood_dup60_s20260627,nonbonded,7326,PRIVPROBE:0,host_scan,504,False,0,host_scan
m12_medium_flood_dup60_s20260627_nonbonded,BudgetDoS,m12_medium_flood_dup60_s20260627,nonbonded,7451,PRIVPROBE:0,duplicate_filter,0,False,0,duplicate_filter
m12_medium_flood_dup60_s20260627_nonbonded,BudgetDoS,m12_medium_flood_dup60_s20260627,nonbonded,7589,PRIVPROBE:0,duplicate_filter,0,False,0,duplicate_filter
m12_medium_flood_dup60_s20260627_nonbonded,BudgetDoS,m12_medium_flood_dup60_s20260627,nonbonded,7699,PRIVPROBE:0,duplicate_filter,0,False,0,duplicate_filter
m12_medium_flood_dup60_s20260627_nonbonded,BudgetDoS,m12_medium_flood_dup60_s20260627,nonbonded,7826,PRIVPROBE:0,duplicate_filter,0,False,0,duplicate_filter
m12_medium_flood_dup60_s20260627_nonbonded,BudgetDoS,m12_medium_flood_dup60_s20260627,nonbonded,7968,PRIVPROBE:0,duplicate_filter,0,False,0,duplicate_filter
m12_medium_flood_dup60_s20260627_nonbonded,BudgetDoS,m12_medium_flood_dup60_s20260627,nonbonded,8109,PRIVPROBE:0,duplicate_filter,0,False,0,duplicate_filter
m12_medium_flood_dup60_s20260627_nonbonded,BudgetDoS,m12_medium_flood_dup60_s20260627,nonbonded,8239,PRIVPROBE:0,duplicate_filter,0,False,0,duplicate_filter
m12_medium_flood_dup60_s20260627_nonbonded,BudgetDoS,m12_medium_flood_dup60_s20260627,nonbonded,8345,PRIVPROBE:0,duplicate_filter,0,False,0,duplicate_filter
m12_medium_flood_dup60_s20260627_nonbonded,BudgetDoS,m12_medium_flood_dup60_s20260627,nonbonded,8478,PRIVPROBE:0,duplicate_filter,0,False,0,duplicate_filter
m12_medium_flood_dup60_s20260627_nonbonded,BudgetDoS,m12_medium_flood_dup60_s20260627,nonbonded,8569,PRIVPROBE:0,duplicate_filter,0,False,0,duplicate_filter
m12_medium_flood_dup60_s20260627_nonbonded,BudgetDoS,m12_medium_flood_dup60_s20260627,nonbonded,8698,PRIVPROBE:0,duplicate_filter,0,False,0,duplicate_filter
m12_medium_flood_dup60_s20260627_nonbonded,BudgetDoS,m12_medium_flood_dup60_s20260627,nonbonded,8828,PRIVPROBE:0,host_scan,504,False,0,host_scan
m12_medium_flood_dup60_s20260627_nonbonded,BudgetDoS,m12_medium_flood_dup60_s20260627,nonbonded,8964,PRIVPROBE:0,duplicate_filter,0,False,0,duplicate_filter
m12_medium_flood_dup60_s20260627_nonbonded,BudgetDoS,m12_medium_flood_dup60_s20260627,nonbonded,9075,PRIVPROBE:0,duplicate_filter,0,False,0,duplicate_filter
m12_medium_flood_dup60_s20260627_nonbonded,BudgetDoS,m12_medium_flood_dup60_s20260627,nonbonded,9197,PRIVPROBE:0,duplicate_filter,0,False,0,duplicate_filter
m12_medium_flood_dup60_s20260627_nonbonded,BudgetDoS,m12_medium_flood_dup60_s20260627,nonbonded,9328,PRIVPROBE:0,duplicate_filter,0,False,0,duplicate_filter
m12_medium_flood_dup60_s20260627_nonbonded,BudgetDoS,m12_medium_flood_dup60_s20260627,nonbonded,9434,PRIVPROBE:0,duplicate_filter,0,False,0,duplicate_filter
m12_medium_flood_dup60_s20260627_nonbonded,BudgetDoS,m12_medium_flood_dup60_s20260627,nonbonded,9567,PRIVPROBE:0,duplicate_filter,0,False,0,duplicate_filter
m12_medium_flood_dup60_s20260627_nonbonded,BudgetDoS,m12_medium_flood_dup60_s20260627,nonbonded,9678,PRIVPROBE:0,duplicate_filter,0,False,0,duplicate_filter
m12_medium_flood_dup60_s20260627_nonbonded,BudgetDoS,m12_medium_flood_dup60_s20260627,nonbonded,9796,PRIVPROBE:0,duplicate_filter,0,False,0,duplicate_filter
m12_medium_flood_dup60_s20260627_nonbonded,BudgetDoS,m12_medium_flood_dup60_s20260627,nonbonded,9914,PRIVPROBE:0,duplicate_filter,0,False,0,duplicate_filter
m12_medium_flood_dup60_s20260627_nonbonded,BudgetDoS,m12_medium_flood_dup60_s20260627,nonbonded,10053,PRIVPROBE:0,duplicate_filter,0,False,0,duplicate_filter
m12_medium_flood_dup60_s20260627_nonbonded,BudgetDoS,m12_medium_flood_dup60_s20260627,nonbonded,10162,PRIVPROBE:0,duplicate_filter,0,False,0,duplicate_filter
m12_medium_flood_dup60_s20260627_nonbonded,BudgetDoS,m12_medium_flood_dup60_s20260627,nonbonded,10282,PRIVPROBE:0,host_scan,504,False,0,host_scan
m12_medium_flood_dup60_s20260627_nonbonded,BudgetDoS,m12_medium_flood_dup60_s20260627,nonbonded,10396,PRIVPROBE:0,duplicate_filter,0,False,0,duplicate_filter
m12_medium_flood_dup60_s20260627_nonbonded,BudgetDoS,m12_medium_flood_dup60_s20260627,nonbonded,10533,PRIVPROBE:0,duplicate_filter,0,False,0,duplicate_filter
m12_medium_flood_dup60_s20260627_nonbonded,BudgetDoS,m12_medium_flood_dup60_s20260627,nonbonded,10665,PRIVPROBE:0,duplicate_filter,0,False,0,duplicate_filter
m12_medium_flood_dup60_s20260627_nonbonded,BudgetDoS,m12_medium_flood_dup60_s20260627,nonbonded,10780,PRIVPROBE:0,duplicate_filter,0,False,0,duplicate_filter
m12_medium_flood_dup60_s20260627_nonbonded,BudgetDoS,m12_medium_flood_dup60_s20260627,nonbonded,10919,PRIVPROBE:0,duplicate_filter,0,False,0,duplicate_filter
m12_medium_flood_dup60_s20260627_nonbonded,BudgetDoS,m12_medium_flood_dup60_s20260627,nonbonded,11040,PRIVPROBE:0,duplicate_filter,0,False,0,duplicate_filter
m12_medium_flood_dup60_s20260627_nonbonded,BudgetDoS,m12_medium_flood_dup60_s20260627,nonbonded,11159,PRIVPROBE:0,duplicate_filter,0,False,0,duplicate_filter
m12_medium_flood_dup60_s20260627_nonbonded,BudgetDoS,m12_medium_flood_dup60_s20260627,nonbonded,11286,PRIVPROBE:0,duplicate_filter,0,False,0,duplicate_filter
m12_medium_flood_dup60_s20260627_nonbonded,BudgetDoS,m12_medium_flood_dup60_s20260627,nonbonded,11424,PRIVPROBE:0,duplicate_filter,0,False,0,duplicate_filter
m12_medium_flood_dup60_s20260627_nonbonded,BudgetDoS,m12_medium_flood_dup60_s20260627,nonbonded,11558,PRIVPROBE:0,duplicate_filter,0,False,0,duplicate_filter
m12_medium_flood_dup60_s20260627_nonbonded,BudgetDoS,m12_medium_flood_dup60_s20260627,nonbonded,11680,PRIVPROBE:0,duplicate_filter,0,False,0,duplicate_filter
m12_medium_flood_dup60_s20260627_nonbonded,BudgetDoS,m12_medium_flood_dup60_s20260627,nonbonded,11807,PRIVPROBE:0,host_scan,504,False,0,host_scan
m12_medium_flood_dup60_s20260627_nonbonded,BudgetDoS,m12_medium_flood_dup60_s20260627,nonbonded,11931,PRIVPROBE:0,duplicate_filter,0,False,0,duplicate_filter
m12_medium_flood_dup60_s20260627_nonbonded,BudgetDoS,m12_medium_flood_dup60_s20260627,nonbonded,12063,PRIVPROBE:0,duplicate_filter,0,False,0,duplicate_filter
m12_medium_flood_dup60_s20260627_nonbonded,BudgetDoS,m12_medium_flood_dup60_s20260627,nonbonded,12180,PRIVPROBE:0,duplicate_filter,0,False,0,duplicate_filter
m12_medium_flood_dup60_s20260627_nonbonded,BudgetDoS,m12_medium_flood_dup60_s20260627,nonbonded,12297,PRIVPROBE:0,duplicate_filter,0,False,0,duplicate_filter
m12_medium_flood_dup60_s20260627_nonbonded,BudgetDoS,m12_medium_flood_dup60_s20260627,nonbonded,12419,PRIVPROBE:0,duplicate_filter,0,False,0,duplicate_filter
m12_medium_flood_dup60_s20260627_nonbonded,BudgetDoS,m12_medium_flood_dup60_s20260627,nonbonded,12561,PRIVPROBE:0,duplicate_filter,0,False,0,duplicate_filter
m12_medium_flood_dup60_s20260627_nonbonded,BudgetDoS,m12_medium_flood_dup60_s20260627,nonbonded,12692,PRIVPROBE:0,duplicate_filter,0,False,0,duplicate_filter
m12_medium_flood_dup60_s20260627_nonbonded,BudgetDoS,m12_medium_flood_dup60_s20260627,nonbonded,12823,PRIVPROBE:0,duplicate_filter,0,False,0,duplicate_filter
m12_medium_flood_dup60_s20260627_nonbonded,BudgetDoS,m12_medium_flood_dup60_s20260627,nonbonded,12933,PRIVPROBE:0,duplicate_filter,0,False,0,duplicate_filter
m12_medium_flood_dup60_s20260627_nonbonded,BudgetDoS,m12_medium_flood_dup60_s20260627,nonbonded,13048,PRIVPROBE:0,duplicate_filter,0,False,0,duplicate_filter
m12_medium_flood_dup60_s20260627_nonbonded,BudgetDoS,m12_medium_flood_dup60_s20260627,nonbonded,13169,PRIVPROBE:0,duplicate_filter,0,False,0,duplicate_filter
m12_medium_flood_dup60_s20260627_nonbonded,BudgetDoS,m12_medium_flood_dup60_s20260627,nonbonded,13292,PRIVPROBE:0,host_scan,504,False,0,host_scan
m12_medium_flood_dup60_s20260627_nonbonded,BudgetDoS,m12_medium_flood_dup60_s20260627,nonbonded,13419,PRIVPROBE:0,duplicate_filter,0,False,0,duplicate_filter
m12_medium_flood_dup60_s20260627_nonbonded,BudgetDoS,m12_medium_flood_dup60_s20260627,nonbonded,13533,PRIVPROBE:0,duplicate_filter,0,False,0,duplicate_filter
m12_medium_flood_dup60_s20260627_nonbonded,BudgetDoS,m12_medium_flood_dup60_s20260627,nonbonded,13645,PRIVPROBE:0,duplicate_filter,0,False,0,duplicate_filter
m12_medium_flood_dup60_s20260627_nonbonded,BudgetDoS,m12_medium_flood_dup60_s20260627,nonbonded,13769,PRIVPROBE:0,duplicate_filter,0,False,0,duplicate_filter
m12_medium_flood_dup60_s20260627_nonbonded,BudgetDoS,m12_medium_flood_dup60_s20260627,nonbonded,13899,PRIVPROBE:0,duplicate_filter,0,False,0,duplicate_filter
m12_medium_flood_dup60_s20260627_nonbonded,BudgetDoS,m12_medium_flood_dup60_s20260627,nonbonded,14021,PRIVPROBE:0,duplicate_filter,0,False,0,duplicate_filter
m12_medium_flood_dup60_s20260627_nonbonded,BudgetDoS,m12_medium_flood_dup60_s20260627,nonbonded,14149,PRIVPROBE:0,duplicate_filter,0,False,0,duplicate_filter
m12_medium_flood_dup60_s20260627_nonbonded,BudgetDoS,m12_medium_flood_dup60_s20260627,nonbonded,14255,PRIVPROBE:0,duplicate_filter,0,False,0,duplicate_filter
m12_medium_flood_dup60_s20260627_nonbonded,BudgetDoS,m12_medium_flood_dup60_s20260627,nonbonded,14387,PRIVPROBE:0,duplicate_filter,0,False,0,duplicate_filter
m12_medium_flood_dup60_s20260627_nonbonded,BudgetDoS,m12_medium_flood_dup60_s20260627,nonbonded,14518,PRIVPROBE:0,duplicate_filter,0,False,0,duplicate_filter
m12_medium_flood_dup60_s20260627_nonbonded,BudgetDoS,m12_medium_flood_dup60_s20260627,nonbonded,14625,PRIVPROBE:0,duplicate_filter,0,False,0,duplicate_filter
m12_medium_flood_dup60_s20260627_nonbonded,BudgetDoS,m12_medium_flood_dup60_s20260627,nonbonded,14746,PRIVPROBE:0,host_scan,504,False,0,host_scan
m12_medium_flood_dup60_s20260627_nonbonded,BudgetDoS,m12_medium_flood_dup60_s20260627,nonbonded,14872,PRIVPROBE:0,duplicate_filter,0,False,0,duplicate_filter
m12_medium_flood_dup60_s20260627_nonbonded,BudgetDoS,m12_medium_flood_dup60_s20260627,nonbonded,14985,PRIVPROBE:0,duplicate_filter,0,False,0,duplicate_filter
m12_medium_flood_dup60_s20260627_nonbonded,BudgetDoS,m12_medium_flood_dup60_s20260627,nonbonded,15115,PRIVPROBE:0,duplicate_filter,0,False,0,duplicate_filter
m12_medium_flood_dup60_s20260627_nonbonded,BudgetDoS,m12_medium_flood_dup60_s20260627,nonbonded,15244,PRIVPROBE:0,duplicate_filter,0,False,0,duplicate_filter
m12_medium_flood_dup60_s20260627_nonbonded,BudgetDoS,m12_medium_flood_dup60_s20260627,nonbonded,15391,PRIVPROBE:0,duplicate_filter,0,False,0,duplicate_filter
m12_medium_flood_dup60_s20260627_nonbonded,BudgetDoS,m12_medium_flood_dup60_s20260627,nonbonded,15491,PRIVPROBE:0,duplicate_filter,0,False,0,duplicate_filter
m12_medium_flood_dup60_s20260627_nonbonded,BudgetDoS,m12_medium_flood_dup60_s20260627,nonbonded,15611,PRIVPROBE:0,duplicate_filter,0,False,0,duplicate_filter
m12_medium_flood_dup60_s20260627_nonbonded,BudgetDoS,m12_medium_flood_dup60_s20260627,nonbonded,15754,PRIVPROBE:0,duplicate_filter,0,False,0,duplicate_filter
m12_medium_flood_dup60_s20260627_nonbonded,BudgetDoS,m12_medium_flood_dup60_s20260627,nonbonded,15875,PRIVPROBE:0,duplicate_filter,0,False,0,duplicate_filter
m12_medium_flood_dup60_s20260627_nonbonded,BudgetDoS,m12_medium_flood_dup60_s20260627,nonbonded,16008,PRIVPROBE:0,duplicate_filter,0,False,0,duplicate_filter
m12_medium_flood_dup60_s20260627_nonbonded,BudgetDoS,m12_medium_flood_dup60_s20260627,nonbonded,16131,PRIVPROBE:0,duplicate_filter,0,False,0,duplicate_filter
m12_medium_flood_dup60_s20260627_nonbonded,BudgetDoS,m12_medium_flood_dup60_s20260627,nonbonded,16250,PRIVPROBE:0,host_scan,504,False,0,host_scan
m12_medium_flood_dup60_s20260627_nonbonded,BudgetDoS,m12_medium_flood_dup60_s20260627,nonbonded,16363,PRIVPROBE:0,duplicate_filter,0,False,0,duplicate_filter
m12_medium_flood_dup60_s20260627_nonbonded,BudgetDoS,m12_medium_flood_dup60_s20260627,nonbonded,16500,PRIVPROBE:0,duplicate_filter,0,False,0,duplicate_filter
m12_medium_flood_dup60_s20260627_nonbonded,BudgetDoS,m12_medium_flood_dup60_s20260627,nonbonded,16612,PRIVPROBE:0,duplicate_filter,0,False,0,duplicate_filter
m12_medium_flood_dup60_s20260627_nonbonded,BudgetDoS,m12_medium_flood_dup60_s20260627,nonbonded,16727,PRIVPROBE:0,duplicate_filter,0,False,0,duplicate_filter
m12_medium_flood_dup60_s20260627_nonbonded,BudgetDoS,m12_medium_flood_dup60_s20260627,nonbonded,16851,PRIVPROBE:0,duplicate_filter,0,False,0,duplicate_filter
m12_medium_flood_dup60_s20260627_nonbonded,BudgetDoS,m12_medium_flood_dup60_s20260627,nonbonded,16977,PRIVPROBE:0,duplicate_filter,0,False,0,duplicate_filter
m12_medium_flood_dup60_s20260627_nonbonded,BudgetDoS,m12_medium_flood_dup60_s20260627,nonbonded,17092,PRIVPROBE:0,duplicate_filter,0,False,0,duplicate_filter
m12_medium_flood_dup60_s20260627_nonbonded,BudgetDoS,m12_medium_flood_dup60_s20260627,nonbonded,17191,PRIVPROBE:0,duplicate_filter,0,False,0,duplicate_filter
m12_medium_flood_dup60_s20260627_nonbonded,BudgetDoS,m12_medium_flood_dup60_s20260627,nonbonded,17329,PRIVPROBE:0,duplicate_filter,0,False,0,duplicate_filter
m12_medium_flood_dup60_s20260627_nonbonded,BudgetDoS,m12_medium_flood_dup60_s20260627,nonbonded,17452,PRIVPROBE:0,duplicate_filter,0,False,0,duplicate_filter
m12_medium_flood_dup60_s20260627_nonbonded,BudgetDoS,m12_medium_flood_dup60_s20260627,nonbonded,17583,PRIVPROBE:0,duplicate_filter,0,False,0,duplicate_filter
m12_medium_flood_dup60_s20260627_nonbonded,BudgetDoS,m12_medium_flood_dup60_s20260627,nonbonded,17697,PRIVPROBE:0,host_scan,504,False,0,host_scan
m12_medium_flood_dup60_s20260627_nonbonded,BudgetDoS,m12_medium_flood_dup60_s20260627,nonbonded,17818,PRIVPROBE:0,duplicate_filter,0,False,0,duplicate_filter
m12_medium_flood_dup60_s20260627_nonbonded,BudgetDoS,m12_medium_flood_dup60_s20260627,nonbonded,17956,PRIVPROBE:0,duplicate_filter,0,False,0,duplicate_filter
m12_medium_flood_dup60_s20260627_nonbonded,BudgetDoS,m12_medium_flood_dup60_s20260627,nonbonded,18064,PRIVPROBE:0,duplicate_filter,0,False,0,duplicate_filter
m12_medium_flood_dup60_s20260627_nonbonded,BudgetDoS,m12_medium_flood_dup60_s20260627,nonbonded,18181,PRIVPROBE:0,duplicate_filter,0,False,0,duplicate_filter
m12_medium_flood_dup60_s20260627_nonbonded,BudgetDoS,m12_medium_flood_dup60_s20260627,nonbonded,18303,PRIVPROBE:0,duplicate_filter,0,False,0,duplicate_filter
m12_medium_flood_dup60_s20260627_nonbonded,BudgetDoS,m12_medium_flood_dup60_s20260627,nonbonded,18448,PRIVPROBE:0,duplicate_filter,0,False,0,duplicate_filter
m12_medium_flood_dup60_s20260627_nonbonded,BudgetDoS,m12_medium_flood_dup60_s20260627,nonbonded,18586,PRIVPROBE:0,duplicate_filter,0,False,0,duplicate_filter
m12_medium_flood_dup60_s20260627_nonbonded,BudgetDoS,m12_medium_flood_dup60_s20260627,nonbonded,18715,PRIVPROBE:0,duplicate_filter,0,False,0,duplicate_filter
m12_medium_flood_dup60_s20260627_nonbonded,BudgetDoS,m12_medium_flood_dup60_s20260627,nonbonded,18837,PRIVPROBE:0,duplicate_filter,0,False,0,duplicate_filter
m12_medium_flood_dup60_s20260627_nonbonded,BudgetDoS,m12_medium_flood_dup60_s20260627,nonbonded,18956,PRIVPROBE:0,duplicate_filter,0,False,0,duplicate_filter
m12_medium_flood_dup60_s20260627_nonbonded,BudgetDoS,m12_medium_flood_dup60_s20260627,nonbonded,19073,PRIVPROBE:0,duplicate_filter,0,False,0,duplicate_filter
m12_medium_flood_dup60_s20260627_nonbonded,BudgetDoS,m12_medium_flood_dup60_s20260627,nonbonded,19215,PRIVPROBE:0,host_scan,504,False,0,host_scan
m12_medium_flood_dup60_s20260627_nonbonded,BudgetDoS,m12_medium_flood_dup60_s20260627,nonbonded,19338,PRIVPROBE:0,duplicate_filter,0,False,0,duplicate_filter
m12_medium_flood_dup60_s20260627_nonbonded,BudgetDoS,m12_medium_flood_dup60_s20260627,nonbonded,19444,PRIVPROBE:0,duplicate_filter,0,False,0,duplicate_filter
m12_medium_flood_dup60_s20260627_nonbonded,BudgetDoS,m12_medium_flood_dup60_s20260627,nonbonded,19558,PRIVPROBE:0,duplicate_filter,0,False,0,duplicate_filter
m12_medium_flood_dup60_s20260627_nonbonded,BudgetDoS,m12_medium_flood_dup60_s20260627,nonbonded,19682,PRIVPROBE:0,duplicate_filter,0,False,0,duplicate_filter
m12_medium_flood_dup60_s20260627_nonbonded,BudgetDoS,m12_medium_flood_dup60_s20260627,nonbonded,19784,PRIVPROBE:0,duplicate_filter,0,False,0,duplicate_filter
m12_medium_flood_dup60_s20260627_nonbonded,BudgetDoS,m12_medium_flood_dup60_s20260627,nonbonded,19914,PRIVPROBE:0,duplicate_filter,0,False,0,duplicate_filter
m12_medium_flood_dup60_s20260627_nonbonded,BudgetDoS,m12_medium_flood_dup60_s20260627,nonbonded,20016,PRIVPROBE:0,duplicate_filter,0,False,0,duplicate_filter
m12_medium_flood_dup60_s20260627_nonbonded,BudgetDoS,m12_medium_flood_dup60_s20260627,nonbonded,20120,PRIVPROBE:0,duplicate_filter,0,False,0,duplicate_filter
m12_medium_flood_dup60_s20260627_nonbonded,BudgetDoS,m12_medium_flood_dup60_s20260627,nonbonded,20238,PRIVPROBE:0,duplicate_filter,0,False,0,duplicate_filter
m12_medium_flood_dup60_s20260627_nonbonded,BudgetDoS,m12_medium_flood_dup60_s20260627,nonbonded,20377,PRIVPROBE:0,duplicate_filter,0,False,0,duplicate_filter
m12_medium_flood_dup60_s20260627_nonbonded,BudgetDoS,m12_medium_flood_dup60_s20260627,nonbonded,20500,PRIVPROBE:0,duplicate_filter,0,False,0,duplicate_filter
m12_medium_flood_dup60_s20260627_nonbonded,BudgetDoS,m12_medium_flood_dup60_s20260627,nonbonded,20613,PRIVPROBE:0,host_scan,504,False,0,host_scan
m12_medium_flood_dup60_s20260627_nonbonded,BudgetDoS,m12_medium_flood_dup60_s20260627,nonbonded,20731,PRIVPROBE:0,duplicate_filter,0,False,0,duplicate_filter
m12_medium_flood_dup60_s20260627_nonbonded,BudgetDoS,m12_medium_flood_dup60_s20260627,nonbonded,20851,PRIVPROBE:0,duplicate_filter,0,False,0,duplicate_filter
m12_medium_flood_dup60_s20260627_nonbonded,BudgetDoS,m12_medium_flood_dup60_s20260627,nonbonded,20955,PRIVPROBE:0,duplicate_filter,0,False,0,duplicate_filter
m12_medium_flood_dup60_s20260627_nonbonded,BudgetDoS,m12_medium_flood_dup60_s20260627,nonbonded,21078,PRIVPROBE:0,duplicate_filter,0,False,0,duplicate_filter
m12_medium_flood_dup60_s20260627_nonbonded,BudgetDoS,m12_medium_flood_dup60_s20260627,nonbonded,21190,PRIVPROBE:0,duplicate_filter,0,False,0,duplicate_filter
m12_medium_flood_dup60_s20260627_nonbonded,BudgetDoS,m12_medium_flood_dup60_s20260627,nonbonded,21305,PRIVPROBE:0,duplicate_filter,0,False,0,duplicate_filter
m12_medium_flood_dup60_s20260627_nonbonded,BudgetDoS,m12_medium_flood_dup60_s20260627,nonbonded,21431,PRIVPROBE:0,duplicate_filter,0,False,0,duplicate_filter
m12_medium_flood_dup60_s20260627_nonbonded,BudgetDoS,m12_medium_flood_dup60_s20260627,nonbonded,21551,PRIVPROBE:0,duplicate_filter,0,False,0,duplicate_filter
m12_medium_flood_dup60_s20260627_nonbonded,BudgetDoS,m12_medium_flood_dup60_s20260627,nonbonded,21667,PRIVPROBE:0,duplicate_filter,0,False,0,duplicate_filter
m12_medium_flood_dup60_s20260627_nonbonded,BudgetDoS,m12_medium_flood_dup60_s20260627,nonbonded,21792,PRIVPROBE:0,duplicate_filter,0,False,0,duplicate_filter
m12_medium_flood_dup60_s20260627_nonbonded,BudgetDoS,m12_medium_flood_dup60_s20260627,nonbonded,21919,PRIVPROBE:0,duplicate_filter,0,False,0,duplicate_filter
m12_medium_flood_dup60_s20260627_nonbonded,BudgetDoS,m12_medium_flood_dup60_s20260627,nonbonded,22039,PRIVPROBE:1,host_scan,504,False,0,host_scan
m12_medium_flood_dup60_s20260627_nonbonded,BudgetDoS,m12_medium_flood_dup60_s20260627,nonbonded,22178,PRIVPROBE:1,duplicate_filter,0,False,0,duplicate_filter
m12_medium_flood_dup60_s20260627_nonbonded,BudgetDoS,m12_medium_flood_dup60_s20260627,nonbonded,22308,PRIVPROBE:1,duplicate_filter,0,False,0,duplicate_filter
m12_medium_flood_dup60_s20260627_nonbonded,BudgetDoS,m12_medium_flood_dup60_s20260627,nonbonded,22439,PRIVPROBE:1,duplicate_filter,0,False,0,duplicate_filter
m12_medium_flood_dup60_s20260627_nonbonded,BudgetDoS,m12_medium_flood_dup60_s20260627,nonbonded,22557,PRIVPROBE:1,duplicate_filter,0,False,0,duplicate_filter
m12_medium_flood_dup60_s20260627_nonbonded,BudgetDoS,m12_medium_flood_dup60_s20260627,nonbonded,22690,PRIVPROBE:1,duplicate_filter,0,False,0,duplicate_filter
m12_medium_flood_dup60_s20260627_nonbonded,BudgetDoS,m12_medium_flood_dup60_s20260627,nonbonded,22813,PRIVPROBE:1,duplicate_filter,0,False,0,duplicate_filter
m12_medium_flood_dup60_s20260627_nonbonded,BudgetDoS,m12_medium_flood_dup60_s20260627,nonbonded,22925,PRIVPROBE:1,duplicate_filter,0,False,0,duplicate_filter
m12_medium_flood_dup60_s20260627_nonbonded,BudgetDoS,m12_medium_flood_dup60_s20260627,nonbonded,23043,PRIVPROBE:1,duplicate_filter,0,False,0,duplicate_filter
m12_medium_flood_dup60_s20260627_nonbonded,BudgetDoS,m12_medium_flood_dup60_s20260627,nonbonded,23198,PRIVPROBE:1,duplicate_filter,0,False,0,duplicate_filter
m12_medium_flood_dup60_s20260627_nonbonded,BudgetDoS,m12_medium_flood_dup60_s20260627,nonbonded,23319,PRIVPROBE:1,duplicate_filter,0,False,0,duplicate_filter
m12_medium_flood_dup60_s20260627_nonbonded,BudgetDoS,m12_medium_flood_dup60_s20260627,nonbonded,23446,PRIVPROBE:1,duplicate_filter,0,False,0,duplicate_filter
m12_medium_flood_dup60_s20260627_nonbonded,BudgetDoS,m12_medium_flood_dup60_s20260627,nonbonded,23586,PRIVPROBE:1,host_scan,504,False,0,host_scan
m12_medium_flood_dup60_s20260627_nonbonded,BudgetDoS,m12_medium_flood_dup60_s20260627,nonbonded,23700,PRIVPROBE:1,duplicate_filter,0,False,0,duplicate_filter
m12_medium_flood_dup60_s20260627_nonbonded,BudgetDoS,m12_medium_flood_dup60_s20260627,nonbonded,23833,PRIVPROBE:1,duplicate_filter,0,False,0,duplicate_filter
m12_medium_flood_dup60_s20260627_nonbonded,BudgetDoS,m12_medium_flood_dup60_s20260627,nonbonded,23929,PRIVPROBE:1,duplicate_filter,0,False,0,duplicate_filter
m12_medium_flood_dup60_s20260627_nonbonded,BudgetDoS,m12_medium_flood_dup60_s20260627,nonbonded,24018,PRIVPROBE:1,duplicate_filter,0,False,0,duplicate_filter
m12_medium_flood_dup60_s20260627_nonbonded,BudgetDoS,m12_medium_flood_dup60_s20260627,nonbonded,24129,PRIVPROBE:1,duplicate_filter,0,False,0,duplicate_filter
m12_medium_flood_dup60_s20260627_nonbonded,BudgetDoS,m12_medium_flood_dup60_s20260627,nonbonded,24257,PRIVPROBE:1,duplicate_filter,0,False,0,duplicate_filter
m12_medium_flood_dup60_s20260627_nonbonded,BudgetDoS,m12_medium_flood_dup60_s20260627,nonbonded,24385,PRIVPROBE:1,duplicate_filter,0,False,0,duplicate_filter
m12_medium_flood_dup60_s20260627_nonbonded,BudgetDoS,m12_medium_flood_dup60_s20260627,nonbonded,24499,PRIVPROBE:1,duplicate_filter,0,False,0,duplicate_filter
m12_medium_flood_dup60_s20260627_nonbonded,BudgetDoS,m12_medium_flood_dup60_s20260627,nonbonded,24602,PRIVPROBE:1,duplicate_filter,0,False,0,duplicate_filter
m12_medium_flood_dup60_s20260627_nonbonded,BudgetDoS,m12_medium_flood_dup60_s20260627,nonbonded,24724,PRIVPROBE:1,duplicate_filter,0,False,0,duplicate_filter
m12_medium_flood_dup60_s20260627_nonbonded,BudgetDoS,m12_medium_flood_dup60_s20260627,nonbonded,24855,PRIVPROBE:1,duplicate_filter,0,False,0,duplicate_filter
m12_medium_flood_dup60_s20260627_nonbonded,BudgetDoS,m12_medium_flood_dup60_s20260627,nonbonded,24975,PRIVPROBE:1,host_scan,504,False,0,host_scan
m12_medium_flood_dup60_s20260627_nonbonded,BudgetDoS,m12_medium_flood_dup60_s20260627,nonbonded,25091,PRIVPROBE:1,duplicate_filter,0,False,0,duplicate_filter
m12_medium_flood_dup60_s20260627_nonbonded,BudgetDoS,m12_medium_flood_dup60_s20260627,nonbonded,25207,PRIVPROBE:1,duplicate_filter,0,False,0,duplicate_filter
m12_medium_flood_dup60_s20260627_nonbonded,BudgetDoS,m12_medium_flood_dup60_s20260627,nonbonded,25319,PRIVPROBE:1,duplicate_filter,0,False,0,duplicate_filter
m12_medium_flood_dup60_s20260627_nonbonded,BudgetDoS,m12_medium_flood_dup60_s20260627,nonbonded,25440,PRIVPROBE:1,duplicate_filter,0,False,0,duplicate_filter
m12_medium_flood_dup60_s20260627_nonbonded,BudgetDoS,m12_medium_flood_dup60_s20260627,nonbonded,25535,PRIVPROBE:1,duplicate_filter,0,False,0,duplicate_filter
m12_medium_flood_dup60_s20260627_nonbonded,BudgetDoS,m12_medium_flood_dup60_s20260627,nonbonded,25650,PRIVPROBE:1,duplicate_filter,0,False,0,duplicate_filter
m12_medium_flood_dup60_s20260627_nonbonded,BudgetDoS,m12_medium_flood_dup60_s20260627,nonbonded,25746,PRIVPROBE:1,duplicate_filter,0,False,0,duplicate_filter
m12_medium_flood_dup60_s20260627_nonbonded,BudgetDoS,m12_medium_flood_dup60_s20260627,nonbonded,25865,PRIVPROBE:1,duplicate_filter,0,False,0,duplicate_filter
m12_medium_flood_dup60_s20260627_nonbonded,BudgetDoS,m12_medium_flood_dup60_s20260627,nonbonded,25980,PRIVPROBE:1,duplicate_filter,0,False,0,duplicate_filter
m12_medium_flood_dup60_s20260627_nonbonded,BudgetDoS,m12_medium_flood_dup60_s20260627,nonbonded,26114,PRIVPROBE:1,duplicate_filter,0,False,0,duplicate_filter
m12_medium_flood_dup60_s20260627_nonbonded,BudgetDoS,m12_medium_flood_dup60_s20260627,nonbonded,26230,PRIVPROBE:1,duplicate_filter,0,False,0,duplicate_filter
m12_medium_flood_dup60_s20260627_nonbonded,BudgetDoS,m12_medium_flood_dup60_s20260627,nonbonded,26332,PRIVPROBE:1,host_scan,504,False,0,host_scan
m12_medium_flood_dup60_s20260627_nonbonded,BudgetDoS,m12_medium_flood_dup60_s20260627,nonbonded,26451,PRIVPROBE:1,duplicate_filter,0,False,0,duplicate_filter
m12_medium_flood_dup60_s20260627_nonbonded,BudgetDoS,m12_medium_flood_dup60_s20260627,nonbonded,26576,PRIVPROBE:1,duplicate_filter,0,False,0,duplicate_filter
m12_medium_flood_dup60_s20260627_nonbonded,BudgetDoS,m12_medium_flood_dup60_s20260627,nonbonded,26702,PRIVPROBE:1,duplicate_filter,0,False,0,duplicate_filter
m12_medium_flood_dup60_s20260627_nonbonded,BudgetDoS,m12_medium_flood_dup60_s20260627,nonbonded,26809,PRIVPROBE:1,duplicate_filter,0,False,0,duplicate_filter
m12_medium_flood_dup60_s20260627_nonbonded,BudgetDoS,m12_medium_flood_dup60_s20260627,nonbonded,26933,PRIVPROBE:1,duplicate_filter,0,False,0,duplicate_filter
m12_medium_flood_dup60_s20260627_nonbonded,BudgetDoS,m12_medium_flood_dup60_s20260627,nonbonded,27063,PRIVPROBE:1,duplicate_filter,0,False,0,duplicate_filter
m12_medium_flood_dup60_s20260627_nonbonded,BudgetDoS,m12_medium_flood_dup60_s20260627,nonbonded,27182,PRIVPROBE:1,duplicate_filter,0,False,0,duplicate_filter
m12_medium_flood_dup60_s20260627_nonbonded,BudgetDoS,m12_medium_flood_dup60_s20260627,nonbonded,27318,PRIVPROBE:1,duplicate_filter,0,False,0,duplicate_filter
m12_medium_flood_dup60_s20260627_nonbonded,BudgetDoS,m12_medium_flood_dup60_s20260627,nonbonded,27441,PRIVPROBE:1,duplicate_filter,0,False,0,duplicate_filter
m12_medium_flood_dup60_s20260627_nonbonded,BudgetDoS,m12_medium_flood_dup60_s20260627,nonbonded,27548,PRIVPROBE:1,duplicate_filter,0,False,0,duplicate_filter
m12_medium_flood_dup60_s20260627_nonbonded,BudgetDoS,m12_medium_flood_dup60_s20260627,nonbonded,27674,PRIVPROBE:1,duplicate_filter,0,False,0,duplicate_filter
m12_medium_flood_dup60_s20260627_nonbonded,BudgetDoS,m12_medium_flood_dup60_s20260627,nonbonded,27782,PRIVPROBE:1,host_scan,504,False,0,host_scan
m12_medium_flood_dup60_s20260627_nonbonded,BudgetDoS,m12_medium_flood_dup60_s20260627,nonbonded,27904,PRIVPROBE:1,duplicate_filter,0,False,0,duplicate_filter
m12_medium_flood_dup60_s20260627_nonbonded,BudgetDoS,m12_medium_flood_dup60_s20260627,nonbonded,28017,PRIVPROBE:1,duplicate_filter,0,False,0,duplicate_filter
m12_medium_flood_dup60_s20260627_nonbonded,BudgetDoS,m12_medium_flood_dup60_s20260627,nonbonded,28132,PRIVPROBE:1,duplicate_filter,0,False,0,duplicate_filter
m12_medium_flood_dup60_s20260627_nonbonded,BudgetDoS,m12_medium_flood_dup60_s20260627,nonbonded,28239,PRIVPROBE:1,duplicate_filter,0,False,0,duplicate_filter
m12_medium_flood_dup60_s20260627_nonbonded,BudgetDoS,m12_medium_flood_dup60_s20260627,nonbonded,28365,PRIVPROBE:1,duplicate_filter,0,False,0,duplicate_filter
m12_medium_flood_dup60_s20260627_nonbonded,BudgetDoS,m12_medium_flood_dup60_s20260627,nonbonded,28486,PRIVPROBE:1,duplicate_filter,0,False,0,duplicate_filter
m12_medium_flood_dup60_s20260627_nonbonded,BudgetDoS,m12_medium_flood_dup60_s20260627,nonbonded,28613,PRIVPROBE:1,duplicate_filter,0,False,0,duplicate_filter
m12_medium_flood_dup60_s20260627_nonbonded,BudgetDoS,m12_medium_flood_dup60_s20260627,nonbonded,28740,PRIVPROBE:1,duplicate_filter,0,False,0,duplicate_filter
m12_medium_flood_dup60_s20260627_nonbonded,BudgetDoS,m12_medium_flood_dup60_s20260627,nonbonded,28867,PRIVPROBE:1,duplicate_filter,0,False,0,duplicate_filter
m12_medium_flood_dup60_s20260627_nonbonded,BudgetDoS,m12_medium_flood_dup60_s20260627,nonbonded,28989,PRIVPROBE:1,duplicate_filter,0,False,0,duplicate_filter
m12_medium_flood_dup60_s20260627_nonbonded,BudgetDoS,m12_medium_flood_dup60_s20260627,nonbonded,29110,PRIVPROBE:1,duplicate_filter,0,False,0,duplicate_filter
m12_medium_flood_dup60_s20260627_nonbonded,BudgetDoS,m12_medium_flood_dup60_s20260627,nonbonded,29237,PRIVPROBE:1,host_scan,504,False,0,host_scan
m12_medium_flood_dup60_s20260627_nonbonded,BudgetDoS,m12_medium_flood_dup60_s20260627,nonbonded,29356,PRIVPROBE:1,duplicate_filter,0,False,0,duplicate_filter
m12_medium_flood_dup60_s20260627_nonbonded,BudgetDoS,m12_medium_flood_dup60_s20260627,nonbonded,29468,PRIVPROBE:1,duplicate_filter,0,False,0,duplicate_filter
m12_medium_flood_dup60_s20260627_nonbonded,BudgetDoS,m12_medium_flood_dup60_s20260627,nonbonded,29566,PRIVPROBE:1,duplicate_filter,0,False,0,duplicate_filter
m12_medium_flood_dup60_s20260627_nonbonded,BudgetDoS,m12_medium_flood_dup60_s20260627,nonbonded,29674,PRIVPROBE:1,duplicate_filter,0,False,0,duplicate_filter
m12_medium_flood_dup60_s20260627_nonbonded,BudgetDoS,m12_medium_flood_dup60_s20260627,nonbonded,29775,PRIVPROBE:1,duplicate_filter,0,False,0,duplicate_filter
m12_medium_flood_dup60_s20260627_nonbonded,BudgetDoS,m12_medium_flood_dup60_s20260627,nonbonded,29895,PRIVPROBE:1,duplicate_filter,0,False,0,duplicate_filter
m12_medium_flood_dup60_s20260627_nonbonded,BudgetDoS,m12_medium_flood_dup60_s20260627,nonbonded,30011,PRIVPROBE:1,duplicate_filter,0,False,0,duplicate_filter
m12_medium_flood_dup60_s20260627_nonbonded,BudgetDoS,m12_medium_flood_dup60_s20260627,nonbonded,30122,PRIVPROBE:1,duplicate_filter,0,False,0,duplicate_filter
m12_medium_flood_dup60_s20260627_nonbonded,BudgetDoS,m12_medium_flood_dup60_s20260627,nonbonded,30219,PRIVPROBE:1,duplicate_filter,0,False,0,duplicate_filter
m12_medium_flood_dup60_s20260627_nonbonded,BudgetDoS,m12_medium_flood_dup60_s20260627,nonbonded,30357,PRIVPROBE:1,duplicate_filter,0,False,0,duplicate_filter
m12_medium_flood_dup60_s20260627_nonbonded,BudgetDoS,m12_medium_flood_dup60_s20260627,nonbonded,30478,PRIVPROBE:1,duplicate_filter,0,False,0,duplicate_filter
m12_medium_flood_dup60_s20260627_nonbonded,BudgetDoS,m12_medium_flood_dup60_s20260627,nonbonded,30588,PRIVPROBE:1,host_scan,504,False,0,host_scan
m12_medium_flood_dup60_s20260627_nonbonded,BudgetDoS,m12_medium_flood_dup60_s20260627,nonbonded,30716,PRIVPROBE:1,duplicate_filter,0,False,0,duplicate_filter
m12_medium_flood_dup60_s20260627_nonbonded,BudgetDoS,m12_medium_flood_dup60_s20260627,nonbonded,30844,PRIVPROBE:1,duplicate_filter,0,False,0,duplicate_filter
m12_medium_flood_dup60_s20260627_nonbonded,BudgetDoS,m12_medium_flood_dup60_s20260627,nonbonded,30967,PRIVPROBE:1,duplicate_filter,0,False,0,duplicate_filter
m12_medium_flood_dup60_s20260627_nonbonded,BudgetDoS,m12_medium_flood_dup60_s20260627,nonbonded,31085,PRIVPROBE:1,duplicate_filter,0,False,0,duplicate_filter
m12_medium_flood_dup60_s20260627_nonbonded,BudgetDoS,m12_medium_flood_dup60_s20260627,nonbonded,31178,PRIVPROBE:1,duplicate_filter,0,False,0,duplicate_filter
m12_medium_flood_dup60_s20260627_nonbonded,BudgetDoS,m12_medium_flood_dup60_s20260627,nonbonded,31325,PRIVPROBE:1,duplicate_filter,0,False,0,duplicate_filter
m12_medium_flood_dup60_s20260627_nonbonded,BudgetDoS,m12_medium_flood_dup60_s20260627,nonbonded,31437,PRIVPROBE:1,duplicate_filter,0,False,0,duplicate_filter
m12_medium_flood_dup60_s20260627_nonbonded,BudgetDoS,m12_medium_flood_dup60_s20260627,nonbonded,31570,PRIVPROBE:1,duplicate_filter,0,False,0,duplicate_filter
m12_medium_flood_dup60_s20260627_nonbonded,BudgetDoS,m12_medium_flood_dup60_s20260627,nonbonded,31685,PRIVPROBE:1,duplicate_filter,0,False,0,duplicate_filter
m12_medium_flood_dup60_s20260627_nonbonded,BudgetDoS,m12_medium_flood_dup60_s20260627,nonbonded,31808,PRIVPROBE:1,duplicate_filter,0,False,0,duplicate_filter
m12_medium_flood_dup60_s20260627_nonbonded,BudgetDoS,m12_medium_flood_dup60_s20260627,nonbonded,31916,PRIVPROBE:1,duplicate_filter,0,False,0,duplicate_filter
m12_medium_flood_dup60_s20260627_nonbonded,BudgetDoS,m12_medium_flood_dup60_s20260627,nonbonded,32041,PRIVPROBE:1,host_scan,504,False,0,host_scan
m12_medium_flood_dup60_s20260627_nonbonded,BudgetDoS,m12_medium_flood_dup60_s20260627,nonbonded,32160,PRIVPROBE:1,duplicate_filter,0,False,0,duplicate_filter
m12_medium_flood_dup60_s20260627_nonbonded,BudgetDoS,m12_medium_flood_dup60_s20260627,nonbonded,32268,PRIVPROBE:1,duplicate_filter,0,False,0,duplicate_filter
m12_medium_flood_dup60_s20260627_nonbonded,BudgetDoS,m12_medium_flood_dup60_s20260627,nonbonded,32393,PRIVPROBE:1,duplicate_filter,0,False,0,duplicate_filter
m12_medium_flood_dup60_s20260627_nonbonded,BudgetDoS,m12_medium_flood_dup60_s20260627,nonbonded,32514,PRIVPROBE:1,duplicate_filter,0,False,0,duplicate_filter
m12_medium_flood_dup60_s20260627_nonbonded,BudgetDoS,m12_medium_flood_dup60_s20260627,nonbonded,32623,PRIVPROBE:1,duplicate_filter,0,False,0,duplicate_filter
m12_medium_flood_dup60_s20260627_nonbonded,BudgetDoS,m12_medium_flood_dup60_s20260627,nonbonded,32720,PRIVPROBE:1,duplicate_filter,0,False,0,duplicate_filter
m12_medium_flood_dup60_s20260627_nonbonded,BudgetDoS,m12_medium_flood_dup60_s20260627,nonbonded,32824,PRIVPROBE:1,duplicate_filter,0,False,0,duplicate_filter
m12_medium_flood_dup60_s20260627_nonbonded,BudgetDoS,m12_medium_flood_dup60_s20260627,nonbonded,32956,PRIVPROBE:1,duplicate_filter,0,False,0,duplicate_filter
m12_medium_flood_dup60_s20260627_nonbonded,BudgetDoS,m12_medium_flood_dup60_s20260627,nonbonded,33068,PRIVPROBE:1,duplicate_filter,0,False,0,duplicate_filter
m12_medium_flood_dup60_s20260627_nonbonded,BudgetDoS,m12_medium_flood_dup60_s20260627,nonbonded,33197,PRIVPROBE:1,duplicate_filter,0,False,0,duplicate_filter
m12_medium_flood_dup60_s20260627_nonbonded,BudgetDoS,m12_medium_flood_dup60_s20260627,nonbonded,33313,PRIVPROBE:1,duplicate_filter,0,False,0,duplicate_filter
m12_medium_flood_dup60_s20260627_nonbonded,BudgetDoS,m12_medium_flood_dup60_s20260627,nonbonded,33437,PRIVPROBE:1,host_scan,504,False,0,host_scan
m12_medium_flood_dup60_s20260627_nonbonded,BudgetDoS,m12_medium_flood_dup60_s20260627,nonbonded,33580,PRIVPROBE:1,duplicate_filter,0,False,0,duplicate_filter
m12_medium_flood_dup60_s20260627_nonbonded,BudgetDoS,m12_medium_flood_dup60_s20260627,nonbonded,33705,PRIVPROBE:1,duplicate_filter,0,False,0,duplicate_filter
m12_medium_flood_dup60_s20260627_nonbonded,BudgetDoS,m12_medium_flood_dup60_s20260627,nonbonded,33828,PRIVPROBE:1,duplicate_filter,0,False,0,duplicate_filter
m12_medium_flood_dup60_s20260627_nonbonded,BudgetDoS,m12_medium_flood_dup60_s20260627,nonbonded,33934,PRIVPROBE:1,duplicate_filter,0,False,0,duplicate_filter
m12_medium_flood_dup60_s20260627_nonbonded,BudgetDoS,m12_medium_flood_dup60_s20260627,nonbonded,34064,PRIVPROBE:1,duplicate_filter,0,False,0,duplicate_filter
m12_medium_flood_dup60_s20260627_nonbonded,BudgetDoS,m12_medium_flood_dup60_s20260627,nonbonded,34183,PRIVPROBE:1,duplicate_filter,0,False,0,duplicate_filter
m12_medium_flood_dup60_s20260627_nonbonded,BudgetDoS,m12_medium_flood_dup60_s20260627,nonbonded,34305,PRIVPROBE:1,duplicate_filter,0,False,0,duplicate_filter
m12_medium_flood_dup60_s20260627_nonbonded,BudgetDoS,m12_medium_flood_dup60_s20260627,nonbonded,34422,PRIVPROBE:1,duplicate_filter,0,False,0,duplicate_filter
m12_medium_flood_dup60_s20260627_nonbonded,BudgetDoS,m12_medium_flood_dup60_s20260627,nonbonded,34539,PRIVPROBE:1,duplicate_filter,0,False,0,duplicate_filter
m12_medium_flood_dup60_s20260627_nonbonded,BudgetDoS,m12_medium_flood_dup60_s20260627,nonbonded,34652,PRIVPROBE:1,duplicate_filter,0,False,0,duplicate_filter
m12_medium_flood_dup60_s20260627_nonbonded,BudgetDoS,m12_medium_flood_dup60_s20260627,nonbonded,34772,PRIVPROBE:1,duplicate_filter,0,False,0,duplicate_filter
m12_medium_flood_dup60_s20260627_nonbonded,BudgetDoS,m12_medium_flood_dup60_s20260627,nonbonded,34908,PRIVPROBE:1,host_scan,504,False,0,host_scan
m12_medium_flood_dup60_s20260627_nonbonded,BudgetDoS,m12_medium_flood_dup60_s20260627,nonbonded,35020,PRIVPROBE:1,duplicate_filter,0,False,0,duplicate_filter
m12_medium_flood_dup60_s20260627_nonbonded,BudgetDoS,m12_medium_flood_dup60_s20260627,nonbonded,35148,PRIVPROBE:1,duplicate_filter,0,False,0,duplicate_filter
m12_medium_flood_dup60_s20260627_nonbonded,BudgetDoS,m12_medium_flood_dup60_s20260627,nonbonded,35258,PRIVPROBE:1,duplicate_filter,0,False,0,duplicate_filter
m12_medium_flood_dup60_s20260627_nonbonded,BudgetDoS,m12_medium_flood_dup60_s20260627,nonbonded,35378,PRIVPROBE:1,duplicate_filter,0,False,0,duplicate_filter
m12_medium_flood_dup60_s20260627_nonbonded,BudgetDoS,m12_medium_flood_dup60_s20260627,nonbonded,35511,PRIVPROBE:1,duplicate_filter,0,False,0,duplicate_filter
m12_medium_flood_dup60_s20260627_nonbonded,BudgetDoS,m12_medium_flood_dup60_s20260627,nonbonded,35648,PRIVPROBE:1,duplicate_filter,0,False,0,duplicate_filter
m12_medium_flood_dup60_s20260627_nonbonded,BudgetDoS,m12_medium_flood_dup60_s20260627,nonbonded,35769,PRIVPROBE:1,duplicate_filter,0,False,0,duplicate_filter
m12_medium_flood_dup60_s20260627_nonbonded,BudgetDoS,m12_medium_flood_dup60_s20260627,nonbonded,35898,PRIVPROBE:1,duplicate_filter,0,False,0,duplicate_filter
m12_medium_flood_dup60_s20260627_nonbonded,BudgetDoS,m12_medium_flood_dup60_s20260627,nonbonded,36030,PRIVPROBE:1,duplicate_filter,0,False,0,duplicate_filter
m12_medium_flood_dup60_s20260627_nonbonded,BudgetDoS,m12_medium_flood_dup60_s20260627,nonbonded,36167,PRIVPROBE:1,duplicate_filter,0,False,0,duplicate_filter
m12_medium_flood_dup60_s20260627_nonbonded,BudgetDoS,m12_medium_flood_dup60_s20260627,nonbonded,36270,PRIVPROBE:1,duplicate_filter,0,False,0,duplicate_filter
m12_medium_flood_dup60_s20260627_nonbonded,BudgetDoS,m12_medium_flood_dup60_s20260627,nonbonded,36385,PRIVPROBE:1,host_scan,504,False,0,host_scan
m12_medium_flood_dup60_s20260627_nonbonded,BudgetDoS,m12_medium_flood_dup60_s20260627,nonbonded,36511,PRIVPROBE:1,duplicate_filter,0,False,0,duplicate_filter
m12_medium_flood_dup60_s20260627_nonbonded,BudgetDoS,m12_medium_flood_dup60_s20260627,nonbonded,36612,PRIVPROBE:1,duplicate_filter,0,False,0,duplicate_filter
m12_medium_flood_dup60_s20260627_nonbonded,BudgetDoS,m12_medium_flood_dup60_s20260627,nonbonded,36738,PRIVPROBE:1,duplicate_filter,0,False,0,duplicate_filter
m12_medium_flood_dup60_s20260627_nonbonded,BudgetDoS,m12_medium_flood_dup60_s20260627,nonbonded,36862,PRIVPROBE:1,duplicate_filter,0,False,0,duplicate_filter
m12_medium_flood_dup60_s20260627_nonbonded,BudgetDoS,m12_medium_flood_dup60_s20260627,nonbonded,36989,PRIVPROBE:1,duplicate_filter,0,False,0,duplicate_filter
m12_medium_flood_dup60_s20260627_nonbonded,BudgetDoS,m12_medium_flood_dup60_s20260627,nonbonded,37115,PRIVPROBE:1,duplicate_filter,0,False,0,duplicate_filter
m12_medium_flood_dup60_s20260627_nonbonded,BudgetDoS,m12_medium_flood_dup60_s20260627,nonbonded,37271,PRIVPROBE:1,duplicate_filter,0,False,0,duplicate_filter
m12_medium_flood_dup60_s20260627_nonbonded,BudgetDoS,m12_medium_flood_dup60_s20260627,nonbonded,37400,PRIVPROBE:1,duplicate_filter,0,False,0,duplicate_filter
m12_medium_flood_dup60_s20260627_nonbonded,BudgetDoS,m12_medium_flood_dup60_s20260627,nonbonded,37499,PRIVPROBE:1,duplicate_filter,0,False,0,duplicate_filter
m12_medium_flood_dup60_s20260627_nonbonded,BudgetDoS,m12_medium_flood_dup60_s20260627,nonbonded,37617,PRIVPROBE:1,duplicate_filter,0,False,0,duplicate_filter
m12_medium_flood_dup60_s20260627_nonbonded,BudgetDoS,m12_medium_flood_dup60_s20260627,nonbonded,37725,PRIVPROBE:1,duplicate_filter,0,False,0,duplicate_filter
m12_medium_flood_dup60_s20260627_nonbonded,BudgetDoS,m12_medium_flood_dup60_s20260627,nonbonded,37858,PRIVPROBE:1,host_scan,504,False,0,host_scan
m12_medium_flood_dup60_s20260627_nonbonded,BudgetDoS,m12_medium_flood_dup60_s20260627,nonbonded,37978,PRIVPROBE:1,duplicate_filter,0,False,0,duplicate_filter
m12_medium_flood_dup60_s20260627_nonbonded,BudgetDoS,m12_medium_flood_dup60_s20260627,nonbonded,38082,PRIVPROBE:1,duplicate_filter,0,False,0,duplicate_filter
m12_medium_flood_dup60_s20260627_nonbonded,BudgetDoS,m12_medium_flood_dup60_s20260627,nonbonded,38201,PRIVPROBE:1,duplicate_filter,0,False,0,duplicate_filter
m12_medium_flood_dup60_s20260627_nonbonded,BudgetDoS,m12_medium_flood_dup60_s20260627,nonbonded,38333,PRIVPROBE:1,duplicate_filter,0,False,0,duplicate_filter
m12_medium_flood_dup60_s20260627_nonbonded,BudgetDoS,m12_medium_flood_dup60_s20260627,nonbonded,38473,PRIVPROBE:1,duplicate_filter,0,False,0,duplicate_filter
m12_medium_flood_dup60_s20260627_nonbonded,BudgetDoS,m12_medium_flood_dup60_s20260627,nonbonded,38610,PRIVPROBE:1,duplicate_filter,0,False,0,duplicate_filter
m12_medium_flood_dup60_s20260627_nonbonded,BudgetDoS,m12_medium_flood_dup60_s20260627,nonbonded,38733,PRIVPROBE:1,duplicate_filter,0,False,0,duplicate_filter
m12_medium_flood_dup60_s20260627_nonbonded,BudgetDoS,m12_medium_flood_dup60_s20260627,nonbonded,38859,PRIVPROBE:1,duplicate_filter,0,False,0,duplicate_filter
m12_medium_flood_dup60_s20260627_nonbonded,BudgetDoS,m12_medium_flood_dup60_s20260627,nonbonded,38990,PRIVPROBE:1,duplicate_filter,0,False,0,duplicate_filter
m12_medium_flood_dup60_s20260627_nonbonded,BudgetDoS,m12_medium_flood_dup60_s20260627,nonbonded,39113,PRIVPROBE:1,duplicate_filter,0,False,0,duplicate_filter
m12_medium_flood_dup60_s20260627_nonbonded,BudgetDoS,m12_medium_flood_dup60_s20260627,nonbonded,39232,PRIVPROBE:1,duplicate_filter,0,False,0,duplicate_filter
m12_medium_flood_dup60_s20260627_nonbonded,BudgetDoS,m12_medium_flood_dup60_s20260627,nonbonded,39336,PRIVPROBE:1,host_scan,504,False,0,host_scan
m12_medium_flood_dup60_s20260627_nonbonded,BudgetDoS,m12_medium_flood_dup60_s20260627,nonbonded,39452,PRIVPROBE:1,duplicate_filter,0,False,0,duplicate_filter
m12_medium_flood_dup60_s20260627_nonbonded,BudgetDoS,m12_medium_flood_dup60_s20260627,nonbonded,39566,PRIVPROBE:1,duplicate_filter,0,False,0,duplicate_filter
m12_medium_flood_dup60_s20260627_nonbonded,BudgetDoS,m12_medium_flood_dup60_s20260627,nonbonded,39700,PRIVPROBE:1,duplicate_filter,0,False,0,duplicate_filter
m12_medium_flood_dup60_s20260627_nonbonded,BudgetDoS,m12_medium_flood_dup60_s20260627,nonbonded,39837,PRIVPROBE:1,duplicate_filter,0,False,0,duplicate_filter
m12_medium_flood_dup60_s20260627_nonbonded,BudgetDoS,m12_medium_flood_dup60_s20260627,nonbonded,39971,PRIVPROBE:1,duplicate_filter,0,False,0,duplicate_filter
m12_medium_flood_dup60_s20260627_nonbonded,BudgetDoS,m12_medium_flood_dup60_s20260627,nonbonded,40089,PRIVPROBE:1,duplicate_filter,0,False,0,duplicate_filter
m12_medium_flood_dup60_s20260627_nonbonded,BudgetDoS,m12_medium_flood_dup60_s20260627,nonbonded,40197,PRIVPROBE:1,duplicate_filter,0,False,0,duplicate_filter
m12_medium_flood_dup60_s20260627_nonbonded,BudgetDoS,m12_medium_flood_dup60_s20260627,nonbonded,40316,PRIVPROBE:1,duplicate_filter,0,False,0,duplicate_filter
m12_medium_flood_dup60_s20260627_nonbonded,BudgetDoS,m12_medium_flood_dup60_s20260627,nonbonded,40438,PRIVPROBE:1,duplicate_filter,0,False,0,duplicate_filter
m12_medium_flood_dup60_s20260627_nonbonded,BudgetDoS,m12_medium_flood_dup60_s20260627,nonbonded,40570,PRIVPROBE:1,duplicate_filter,0,False,0,duplicate_filter
m12_medium_flood_dup60_s20260627_nonbonded,BudgetDoS,m12_medium_flood_dup60_s20260627,nonbonded,40677,PRIVPROBE:1,duplicate_filter,0,False,0,duplicate_filter
m12_medium_flood_dup60_s20260627_nonbonded,BudgetDoS,m12_medium_flood_dup60_s20260627,nonbonded,40787,PRIVPROBE:1,host_scan,504,False,0,host_scan
m12_medium_flood_dup60_s20260627_nonbonded,BudgetDoS,m12_medium_flood_dup60_s20260627,nonbonded,40909,PRIVPROBE:1,duplicate_filter,0,False,0,duplicate_filter
m12_medium_flood_dup60_s20260627_nonbonded,BudgetDoS,m12_medium_flood_dup60_s20260627,nonbonded,41021,PRIVPROBE:1,duplicate_filter,0,False,0,duplicate_filter
m12_medium_flood_dup60_s20260627_nonbonded,BudgetDoS,m12_medium_flood_dup60_s20260627,nonbonded,41144,PRIVPROBE:1,duplicate_filter,0,False,0,duplicate_filter
m12_medium_flood_dup60_s20260627_nonbonded,BudgetDoS,m12_medium_flood_dup60_s20260627,nonbonded,41289,PRIVPROBE:1,duplicate_filter,0,False,0,duplicate_filter
m12_medium_flood_dup60_s20260627_nonbonded,BudgetDoS,m12_medium_flood_dup60_s20260627,nonbonded,41421,PRIVPROBE:1,duplicate_filter,0,False,0,duplicate_filter
m12_medium_flood_dup60_s20260627_nonbonded,BudgetDoS,m12_medium_flood_dup60_s20260627,nonbonded,41539,PRIVPROBE:1,duplicate_filter,0,False,0,duplicate_filter
m12_medium_flood_dup60_s20260627_nonbonded,BudgetDoS,m12_medium_flood_dup60_s20260627,nonbonded,41662,PRIVPROBE:1,duplicate_filter,0,False,0,duplicate_filter
m12_medium_flood_dup60_s20260627_nonbonded,BudgetDoS,m12_medium_flood_dup60_s20260627,nonbonded,41800,PRIVPROBE:1,duplicate_filter,0,False,0,duplicate_filter
m12_medium_flood_dup60_s20260627_nonbonded,BudgetDoS,m12_medium_flood_dup60_s20260627,nonbonded,41909,PRIVPROBE:1,duplicate_filter,0,False,0,duplicate_filter
m12_medium_flood_dup60_s20260627_nonbonded,BudgetDoS,m12_medium_flood_dup60_s20260627,nonbonded,42015,PRIVPROBE:1,duplicate_filter,0,False,0,duplicate_filter
m12_medium_flood_dup60_s20260627_nonbonded,BudgetDoS,m12_medium_flood_dup60_s20260627,nonbonded,42142,PRIVPROBE:1,duplicate_filter,0,False,0,duplicate_filter
m12_medium_flood_dup60_s20260627_nonbonded,BudgetDoS,m12_medium_flood_dup60_s20260627,nonbonded,42275,PRIVPROBE:1,host_scan,504,False,0,host_scan
m12_medium_flood_dup60_s20260627_nonbonded,BudgetDoS,m12_medium_flood_dup60_s20260627,nonbonded,42398,PRIVPROBE:1,duplicate_filter,0,False,0,duplicate_filter
m12_medium_flood_dup60_s20260627_nonbonded,BudgetDoS,m12_medium_flood_dup60_s20260627,nonbonded,42514,PRIVPROBE:1,duplicate_filter,0,False,0,duplicate_filter
m12_medium_flood_dup60_s20260627_nonbonded,BudgetDoS,m12_medium_flood_dup60_s20260627,nonbonded,42664,PRIVPROBE:1,duplicate_filter,0,False,0,duplicate_filter
m12_medium_flood_dup60_s20260627_nonbonded,BudgetDoS,m12_medium_flood_dup60_s20260627,nonbonded,42799,PRIVPROBE:1,duplicate_filter,0,False,0,duplicate_filter
m12_medium_flood_dup60_s20260627_nonbonded,BudgetDoS,m12_medium_flood_dup60_s20260627,nonbonded,42926,PRIVPROBE:1,duplicate_filter,0,False,0,duplicate_filter
m12_medium_flood_dup60_s20260627_nonbonded,BudgetDoS,m12_medium_flood_dup60_s20260627,nonbonded,43052,PRIVPROBE:1,duplicate_filter,0,False,0,duplicate_filter
m12_medium_flood_dup60_s20260627_nonbonded,BudgetDoS,m12_medium_flood_dup60_s20260627,nonbonded,43179,PRIVPROBE:1,duplicate_filter,0,False,0,duplicate_filter
m12_medium_flood_dup60_s20260627_nonbonded,BudgetDoS,m12_medium_flood_dup60_s20260627,nonbonded,43300,PRIVPROBE:1,duplicate_filter,0,False,0,duplicate_filter
m12_medium_flood_dup60_s20260627_nonbonded,BudgetDoS,m12_medium_flood_dup60_s20260627,nonbonded,43421,PRIVPROBE:1,duplicate_filter,0,False,0,duplicate_filter
m12_medium_flood_dup60_s20260627_nonbonded,BudgetDoS,m12_medium_flood_dup60_s20260627,nonbonded,43547,PRIVPROBE:1,duplicate_filter,0,False,0,duplicate_filter
m12_medium_flood_dup60_s20260627_nonbonded,BudgetDoS,m12_medium_flood_dup60_s20260627,nonbonded,43681,PRIVPROBE:1,duplicate_filter,0,False,0,duplicate_filter
