suite,m11_experiment,m11_scenario,run_id,duration_s,num_bonded,rl_capacity,background_rpa_rate_per_min,attack_rpa_rate_per_min,unique_attack_rpa,duplicate_filter_window_s,attack_strategy,attack_addr_pool_size,attack_repeats_per_addr,attack_repeat_interval_s,attack_rotation_s,persist_reserve,persist_k,seed,method,summary_warmup_applied,summary_warmup_s,summary_measurement_s,aes_attempts_total,aes_attempts_per_legit_resolved,legit_resolution_rate,p50_resolution_delay_ms,p95_resolution_delay_ms,p99_resolution_delay_ms,attack_aes_amplification,false_defer_legit_rate,reserve_grant_legit_count,reserve_grant_attack_count,duplicate_filter_legit_count,duplicate_filter_attack_count,cache_hit_legit_count,host_scan_legit_count,budget_skip_legit_count,budget_skip_attack_count,estimated_attack_event_count,dup_removable_fraction,estimated_energy_uJ,sram_bytes
m11_adaptive_adversary,adaptive_adversary,heavy_flood,m11_unique_dup0_s20260610,1800,512,8,1000.0,10000.0,True,0,unique,0,1,0.0,,200,1,20260610,BudgetDoS,True,300,1500,1261535,816.527508,0.597217,0,0.0,0.0,45339.84,0.402783,0,0,0,0,0,10,1042,247428,249677.0,0.0,151384.2,4192
m11_adaptive_adversary,adaptive_adversary,heavy_flood,m11_unique_dup0_s20260610,1800,512,8,1000.0,10000.0,True,0,unique,0,1,0.0,,200,1,20260610,P3-Persist,True,300,1500,1358795,550.342244,0.954387,0,0.0,0.0,45460.8,0.051797,196,0,0,0,2259,3,11,22566,24821.0,0.0,163055.4,6832
m11_adaptive_adversary,adaptive_adversary,heavy_flood,m11_unique_dup0_s20260611,1800,512,8,1000.0,10000.0,True,0,unique,0,1,0.0,,200,1,20260611,BudgetDoS,True,300,1500,1261536,816.0,0.603199,0.0,0.0,0.0,45339.84,0.396801,0,0,0,0,0,10,1017,247757,250006.0,0.0,151384.32,4192
m11_adaptive_adversary,adaptive_adversary,heavy_flood,m11_unique_dup0_s20260611,1800,512,8,1000.0,10000.0,True,0,unique,0,1,0.0,,200,1,20260611,P3-Persist,True,300,1500,1353752,551.87607,0.957082,0,0.0,0.0,45480.96,0.050332,186,0,0,0,2256,3,8,22458,24714.0,0.0,162450.24,6832
m11_adaptive_adversary,adaptive_adversary,heavy_flood,m11_unique_dup0_s20260612,1800,512,8,1000.0,10000.0,True,0,unique,0,1,0.0,,200,1,20260612,BudgetDoS,True,300,1500,1260938,1327.303158,0.369362,0.0,0.0,0.0,44896.32,0.630638,0,0,0,0,0,12,1622,247444,249671.0,0.0,151312.56,4192
m11_adaptive_adversary,adaptive_adversary,heavy_flood,m11_unique_dup0_s20260612,1800,512,8,1000.0,10000.0,True,0,unique,0,1,0.0,,200,1,20260612,P3-Persist,True,300,1500,1366355,554.97766,0.957232,0.0,0.0,0.0,45097.92,0.0486,211,0,0,0,2239,1,3,22513,24750.0,0.0,163962.6,6832
m11_adaptive_adversary,adaptive_adversary,heavy_flood,m11_unique_dup0_s20260613,1800,512,8,1000.0,10000.0,True,0,unique,0,1,0.0,,200,1,20260613,BudgetDoS,True,300,1500,1261528,819.706303,0.586733,0,0.0,0.0,45521.28,0.413267,0,0,0,0,0,11,1084,248361,250619.0,0.0,151383.36,4192
m11_adaptive_adversary,adaptive_adversary,heavy_flood,m11_unique_dup0_s20260613,1800,512,8,1000.0,10000.0,True,0,unique,0,1,0.0,,200,1,20260613,P3-Persist,True,300,1500,1375931,548.83566,0.955776,0,0.0,0.0,45662.4,0.049562,230,0,0,0,2263,3,5,22620,24885.0,0.0,165111.72,6832
m11_adaptive_adversary,adaptive_adversary,heavy_flood,m11_unique_dup0_s20260614,1800,512,8,1000.0,10000.0,True,0,unique,0,1,0.0,,200,1,20260614,BudgetDoS,True,300,1500,1261539,815.474467,0.60359,0,0.0,0.0,45964.8,0.39641,0,0,0,0,0,8,1016,247416,249696.0,0.0,151384.68,4192
m11_adaptive_adversary,adaptive_adversary,heavy_flood,m11_unique_dup0_s20260614,1800,512,8,1000.0,10000.0,True,0,unique,0,1,0.0,,200,1,20260614,P3-Persist,True,300,1500,1369372,561.218033,0.952009,0.0,0.0,0.0,46045.44,0.051892,217,0,0,0,2217,2,7,22583,24867.0,0.0,164324.64,6832
m11_adaptive_adversary,adaptive_adversary,heavy_flood,m11_unique_dup0_s20260615,1800,512,8,1000.0,10000.0,True,0,unique,0,1,0.0,,200,1,20260615,BudgetDoS,True,300,1500,1261496,838.203322,0.601038,0,0.0,0.0,45702.72,0.398962,0,0,0,0,0,9,999,247004,249271.0,0.0,151379.52,4192
m11_adaptive_adversary,adaptive_adversary,heavy_flood,m11_unique_dup0_s20260615,1800,512,8,1000.0,10000.0,True,0,unique,0,1,0.0,,200,1,20260615,P3-Persist,True,300,1500,1357785,568.586683,0.953674,0.0,0.0,0.0,45843.84,0.048323,194,0,0,0,2183,2,9,22520,24794.0,0.0,162934.2,6832
m11_adaptive_adversary,adaptive_adversary,heavy_flood,m11_unique_dup0_s20260616,1800,512,8,1000.0,10000.0,True,0,unique,0,1,0.0,,200,1,20260616,BudgetDoS,True,300,1500,1261484,846.065728,0.599036,0,0.0,0.0,45581.76,0.400964,0,0,0,0,0,7,998,247651,249912.0,0.0,151378.08,4192
m11_adaptive_adversary,adaptive_adversary,heavy_flood,m11_unique_dup0_s20260616,1800,512,8,1000.0,10000.0,True,0,unique,0,1,0.0,,200,1,20260616,P3-Persist,True,300,1500,1354763,571.388865,0.952591,0,0.0,0.0,45662.4,0.051426,188,0,0,0,2170,2,6,22439,24704.0,0.0,162571.56,6832
m11_adaptive_adversary,adaptive_adversary,heavy_flood,m11_unique_dup0_s20260617,1800,512,8,1000.0,10000.0,True,0,unique,0,1,0.0,,200,1,20260617,BudgetDoS,True,300,1500,1261398,898.431624,0.565673,0.0,0.0,0.0,45158.4,0.434327,0,0,0,0,0,6,1078,248344,250584.0,0.0,151367.76,4192
m11_adaptive_adversary,adaptive_adversary,heavy_flood,m11_unique_dup0_s20260617,1800,512,8,1000.0,10000.0,True,0,unique,0,1,0.0,,200,1,20260617,P3-Persist,True,300,1500,1366359,577.497464,0.953263,0.0,0.0,0.0,45259.2,0.052377,211,0,0,0,2139,1,10,22660,24905.0,0.0,163963.08,6832
m11_adaptive_adversary,adaptive_adversary,heavy_flood,m11_unique_dup0_s20260621,1800,512,8,1000.0,10000.0,True,0,unique,0,1,0.0,,200,1,20260621,BudgetDoS,True,300,1500,1260959,1295.94964,0.381419,0,0.0,0.0,45581.76,0.618581,0,0,0,0,0,14,1578,247974,250235.0,0.0,151315.08,4192
m11_adaptive_adversary,adaptive_adversary,heavy_flood,m11_unique_dup0_s20260621,1800,512,8,1000.0,10000.0,True,0,unique,0,1,0.0,,200,1,20260621,P3-Persist,True,300,1500,1375429,563.46948,0.95688,0,0,0.0,45722.88,0.049392,229,0,0,0,2194,5,3,22613,24881.0,0.0,165051.48,6832
m11_adaptive_adversary,adaptive_adversary,heavy_flood,m11_unique_dup0_s20260618,1800,512,8,1000.0,10000.0,True,0,unique,0,1,0.0,,200,1,20260618,BudgetDoS,True,300,1500,1261400,896.517413,0.565742,0,0.0,0.0,45360.0,0.434258,0,0,0,0,0,7,1080,247265,249515.0,0.0,151368.0,4192
m11_adaptive_adversary,adaptive_adversary,heavy_flood,m11_unique_dup0_s20260618,1800,512,8,1000.0,10000.0,True,0,unique,0,1,0.0,,200,1,20260618,P3-Persist,True,300,1500,1356780,572.481013,0.952955,0.0,0.0,0.0,45420.48,0.051468,192,0,0,0,2162,4,5,22568,24821.0,0.0,162813.6,6832
m11_adaptive_adversary,adaptive_adversary,heavy_flood,m11_unique_dup0_s20260619,1800,512,8,1000.0,10000.0,True,0,unique,0,1,0.0,,200,1,20260619,BudgetDoS,True,300,1500,1261510,830.487163,0.591511,0,0.0,0.0,45622.08,0.408489,0,0,0,0,0,9,1049,246989,249252.0,0.0,151381.2,4192
m11_adaptive_adversary,adaptive_adversary,heavy_flood,m11_unique_dup0_s20260619,1800,512,8,1000.0,10000.0,True,0,unique,0,1,0.0,,200,1,20260619,P3-Persist,True,300,1500,1365347,555.470708,0.957165,0.0,0.0,0.0,45722.88,0.046729,209,0,0,0,2235,3,10,22666,24934.0,0.0,163841.64,6832
m11_adaptive_adversary,adaptive_adversary,heavy_flood,m11_unique_dup0_s20260620,1800,512,8,1000.0,10000.0,True,0,unique,0,1,0.0,,200,1,20260620,BudgetDoS,True,300,1500,1261463,854.07109,0.58081,0,0.0,0.0,45864.0,0.41919,0,0,0,0,0,14,1066,248245,250520.0,0.0,151375.56,4192
m11_adaptive_adversary,adaptive_adversary,heavy_flood,m11_unique_dup0_s20260620,1800,512,8,1000.0,10000.0,True,0,unique,0,1,0.0,,200,1,20260620,P3-Persist,True,300,1500,1364347,559.387864,0.959103,0,0.0,0.0,46025.28,0.047582,207,0,0,0,2207,6,4,22729,25012.0,0.0,163721.64,6832
m11_adaptive_adversary,adaptive_adversary,heavy_flood,m11_unique_dup0_s20260622,1800,512,8,1000.0,10000.0,True,0,unique,0,1,0.0,,200,1,20260622,BudgetDoS,True,300,1500,1261543,813.89871,0.614105,0.0,0.0,0.0,46166.4,0.385895,0,0,0,0,0,7,974,247375,249665.0,0.0,151385.16,4192
m11_adaptive_adversary,adaptive_adversary,heavy_flood,m11_unique_dup0_s20260622,1800,512,8,1000.0,10000.0,True,0,unique,0,1,0.0,,200,1,20260622,P3-Persist,True,300,1500,1353755,560.329056,0.957211,0.0,0.0,0.0,46206.72,0.049128,186,0,0,0,2216,3,4,22523,24815.0,0.0,162450.6,6832
m11_adaptive_adversary,adaptive_adversary,heavy_flood,m11_unique_dup0_s20260623,1800,512,8,1000.0,10000.0,True,0,unique,0,1,0.0,,200,1,20260623,BudgetDoS,True,300,1500,1261451,864.007534,0.56677,0.0,0.0,0.0,46347.84,0.43323,0,0,0,0,0,9,1116,247967,250266.0,0.0,151374.12,4192
m11_adaptive_adversary,adaptive_adversary,heavy_flood,m11_unique_dup0_s20260623,1800,512,8,1000.0,10000.0,True,0,unique,0,1,0.0,,200,1,20260623,P3-Persist,True,300,1500,1349723,547.999594,0.956134,0,0.0,0.0,46448.64,0.046972,178,0,0,0,2271,3,5,22613,24917.0,0.0,161966.76,6832
m11_adaptive_adversary,adaptive_adversary,heavy_flood,m11_unique_dup0_s20260624,1800,512,8,1000.0,10000.0,True,0,unique,0,1,0.0,,200,1,20260624,BudgetDoS,True,300,1500,1261502,832.674587,0.583365,0,0.0,0.0,45521.28,0.416635,0,0,0,0,0,13,1082,247799,250057.0,0.0,151380.24,4192
m11_adaptive_adversary,adaptive_adversary,heavy_flood,m11_unique_dup0_s20260624,1800,512,8,1000.0,10000.0,True,0,unique,0,1,0.0,,200,1,20260624,P3-Persist,True,300,1500,1358292,546.816425,0.956488,0.0,0.0,0.0,45702.72,0.049288,195,0,0,0,2273,4,6,22713,24980.0,0.0,162995.04,6832
m11_adaptive_adversary,adaptive_adversary,heavy_flood,m11_unique_dup0_s20260625,1800,512,8,1000.0,10000.0,True,0,unique,0,1,0.0,,200,1,20260625,BudgetDoS,True,300,1500,1261487,844.93436,0.57401,0,0.0,0.0,45541.44,0.42599,0,0,0,0,0,6,1108,247955,250214.0,0.0,151378.44,4192
m11_adaptive_adversary,adaptive_adversary,heavy_flood,m11_unique_dup0_s20260625,1800,512,8,1000.0,10000.0,True,0,unique,0,1,0.0,,200,1,20260625,P3-Persist,True,300,1500,1355769,544.485542,0.957324,0.0,0.0,0.0,45601.92,0.046521,190,0,0,0,2288,3,3,22499,24761.0,0.0,162692.28,6832
m11_adaptive_adversary,adaptive_adversary,heavy_flood,m11_unique_dup0_s20260626,1800,512,8,1000.0,10000.0,True,0,unique,0,1,0.0,,200,1,20260626,BudgetDoS,True,300,1500,1261503,833.775942,0.585753,0,0.0,0.0,45884.16,0.414247,0,0,0,0,0,10,1070,247243,249519.0,0.0,151380.36,4192
m11_adaptive_adversary,adaptive_adversary,heavy_flood,m11_unique_dup0_s20260626,1800,512,8,1000.0,10000.0,True,0,unique,0,1,0.0,,200,1,20260626,P3-Persist,True,300,1500,1364845,550.784907,0.95935,0.0,0.0,0.0,46045.44,0.047619,208,0,0,0,2255,2,6,22475,24759.0,0.0,163781.4,6832
m11_adaptive_adversary,adaptive_adversary,heavy_flood,m11_unique_dup0_s20260627,1800,512,8,1000.0,10000.0,True,0,unique,0,1,0.0,,200,1,20260627,BudgetDoS,True,300,1500,1261491,840.433711,0.583366,0,0,0,45722.88,0.416634,0,0,0,0,0,10,1072,248313,250581.0,0.0,151378.92,4192
m11_adaptive_adversary,adaptive_adversary,heavy_flood,m11_unique_dup0_s20260627,1800,512,8,1000.0,10000.0,True,0,unique,0,1,0.0,,200,1,20260627,P3-Persist,True,300,1500,1362822,555.347188,0.95375,0.0,0.0,0.0,45884.16,0.051691,204,0,0,0,2241,3,9,22648,24924.0,0.0,163538.64,6832
m11_adaptive_adversary,adaptive_adversary,heavy_flood,m11_unique_dup0_s20260628,1800,512,8,1000.0,10000.0,True,0,unique,0,1,0.0,,200,1,20260628,BudgetDoS,True,300,1500,1261458,859.303815,0.58556,0.0,0.0,0.0,46126.08,0.41444,0,0,0,0,0,10,1039,247884,250172.0,0.0,151374.96,4192
m11_adaptive_adversary,adaptive_adversary,heavy_flood,m11_unique_dup0_s20260628,1800,512,8,1000.0,10000.0,True,0,unique,0,1,0.0,,200,1,20260628,P3-Persist,True,300,1500,1355269,565.874322,0.955325,0,0.0,100.0,46247.04,0.055445,189,0,0,0,2190,3,11,22708,25002.0,0.0,162632.28,6832
m11_adaptive_adversary,adaptive_adversary,heavy_flood,m11_unique_dup0_s20260629,1800,512,8,1000.0,10000.0,True,0,unique,0,1,0.0,,200,1,20260629,BudgetDoS,True,300,1500,1261489,842.115487,0.588143,0.0,0.0,0.0,45722.88,0.411857,0,0,0,0,0,9,1049,246839,249107.0,0.0,151378.68,4192
m11_adaptive_adversary,adaptive_adversary,heavy_flood,m11_unique_dup0_s20260629,1800,512,8,1000.0,10000.0,True,0,unique,0,1,0.0,,200,1,20260629,P3-Persist,True,300,1500,1367868,561.983566,0.955634,0.0,0.0,0.0,45763.2,0.048685,214,0,0,0,2202,6,9,22314,24584.0,0.0,164144.16,6832
m11_adaptive_adversary,adaptive_adversary,heavy_flood,m11_unique_dup60_s20260610,1800,512,8,1000.0,10000.0,True,60,unique,0,1,0.0,,200,1,20260610,BudgetDoS,True,300,1500,1260194,6177.421569,0.078856,0.0,0.0,0.0,45339.84,0.921144,0,0,1636,0,0,10,747,247428,249677.0,0.0,151223.28,4192
m11_adaptive_adversary,adaptive_adversary,heavy_flood,m11_unique_dup60_s20260610,1800,512,8,1000.0,10000.0,True,60,unique,0,1,0.0,,200,1,20260610,P3-Persist,True,300,1500,1358289,565.718034,0.928102,0,0,0,45460.8,0.079629,195,0,68,0,2194,3,11,22566,24821.0,0.0,162994.68,6832
m11_adaptive_adversary,adaptive_adversary,heavy_flood,m11_unique_dup60_s20260611,1800,512,8,1000.0,10000.0,True,60,unique,0,1,0.0,,200,1,20260611,BudgetDoS,True,300,1500,1260178,6667.608466,0.073742,0,0.0,0.0,45319.68,0.926258,0,0,1636,0,0,11,738,247758,250006.0,0.0,151221.36,4192
m11_adaptive_adversary,adaptive_adversary,heavy_flood,m11_unique_dup60_s20260611,1800,512,8,1000.0,10000.0,True,60,unique,0,1,0.0,,200,1,20260611,P3-Persist,True,300,1500,1351231,569.179023,0.926258,0.0,0.0,0.0,45420.48,0.082716,181,0,79,0,2180,6,9,22458,24711.0,0.0,162147.72,6832
m11_adaptive_adversary,adaptive_adversary,heavy_flood,m11_unique_dup60_s20260613,1800,512,8,1000.0,10000.0,True,60,unique,0,1,0.0,,200,1,20260613,BudgetDoS,True,300,1500,1260197,6087.908213,0.078917,0,0.0,0.0,45541.44,0.921083,0,0,1665,0,0,10,751,248360,250619.0,0.0,151223.64,4192
m11_adaptive_adversary,adaptive_adversary,heavy_flood,m11_unique_dup60_s20260613,1800,512,8,1000.0,10000.0,True,60,unique,0,1,0.0,,200,1,20260613,P3-Persist,True,300,1500,1370388,557.521562,0.937095,0.0,0.0,0.0,45662.4,0.067861,219,0,48,0,2224,3,5,22620,24885.0,0.0,164446.56,6832
m11_adaptive_adversary,adaptive_adversary,heavy_flood,m11_unique_dup60_s20260612,1800,512,8,1000.0,10000.0,True,60,unique,0,1,0.0,,200,1,20260612,BudgetDoS,True,300,1500,1260181,6529.435233,0.075039,0,0.0,0.0,44896.32,0.924961,0,0,1637,0,0,12,742,247444,249671.0,0.0,151221.72,4192
m11_adaptive_adversary,adaptive_adversary,heavy_flood,m11_unique_dup60_s20260612,1800,512,8,1000.0,10000.0,True,60,unique,0,1,0.0,,200,1,20260612,P3-Persist,True,300,1500,1362829,571.177284,0.927683,0.0,0.0,0.0,45097.92,0.07776,204,0,76,0,2168,1,3,22513,24750.0,0.0,163539.48,6832
m11_adaptive_adversary,adaptive_adversary,heavy_flood,m11_unique_dup60_s20260614,1800,512,8,1000.0,10000.0,True,60,unique,0,1,0.0,,200,1,20260614,BudgetDoS,True,300,1500,1260195,6207.857143,0.079204,0,0.0,0.0,45964.8,0.920796,0,0,1610,0,0,8,750,247416,249696.0,0.0,151223.4,4192
m11_adaptive_adversary,adaptive_adversary,heavy_flood,m11_unique_dup60_s20260614,1800,512,8,1000.0,10000.0,True,60,unique,0,1,0.0,,200,1,20260614,P3-Persist,True,300,1500,1364837,574.184687,0.927429,0,0.0,0.0,46045.44,0.076863,208,0,63,0,2162,2,7,22583,24867.0,0.0,163780.44,6832
m11_adaptive_adversary,adaptive_adversary,heavy_flood,m11_unique_dup60_s20260615,1800,512,8,1000.0,10000.0,True,60,unique,0,1,0.0,,200,1,20260615,BudgetDoS,True,300,1500,1260193,6238.579208,0.080671,0.0,0.0,0.0,45702.72,0.919329,0,0,1560,0,0,9,742,247004,249271.0,0.0,151223.16,4192
m11_adaptive_adversary,adaptive_adversary,heavy_flood,m11_unique_dup60_s20260615,1800,512,8,1000.0,10000.0,True,60,unique,0,1,0.0,,200,1,20260615,P3-Persist,True,300,1500,1356274,584.348988,0.926917,0,0,0.0,45823.68,0.07508,191,0,67,0,2117,3,9,22520,24793.0,0.0,162752.88,6832
m11_adaptive_adversary,adaptive_adversary,heavy_flood,m11_unique_dup60_s20260616,1800,512,8,1000.0,10000.0,True,60,unique,0,1,0.0,,200,1,20260616,BudgetDoS,True,300,1500,1260197,6177.436275,0.081961,0.0,0.0,0.0,45581.76,0.918039,0,0,1565,0,0,7,720,247651,249912.0,0.0,151223.64,4192
m11_adaptive_adversary,adaptive_adversary,heavy_flood,m11_unique_dup60_s20260616,1800,512,8,1000.0,10000.0,True,60,unique,0,1,0.0,,200,1,20260616,P3-Persist,True,300,1500,1352745,588.405829,0.923664,0,0.0,0.0,45662.4,0.080755,184,0,73,0,2104,2,6,22439,24704.0,0.0,162329.4,6832
m11_adaptive_adversary,adaptive_adversary,heavy_flood,m11_unique_dup60_s20260617,1800,512,8,1000.0,10000.0,True,60,unique,0,1,0.0,,200,1,20260617,BudgetDoS,True,300,1500,1260189,6462.507692,0.078566,0,0.0,0.0,45158.4,0.921434,0,0,1513,0,0,6,774,248344,250584.0,0.0,151222.68,4192
m11_adaptive_adversary,adaptive_adversary,heavy_flood,m11_unique_dup60_s20260617,1800,512,8,1000.0,10000.0,True,60,unique,0,1,0.0,,200,1,20260617,P3-Persist,True,300,1500,1365853,596.182017,0.923046,0,0.0,0.0,45239.04,0.081789,210,0,76,0,2066,2,10,22660,24904.0,0.0,163902.36,6832
m11_adaptive_adversary,adaptive_adversary,heavy_flood,m11_unique_dup60_s20260618,1800,512,8,1000.0,10000.0,True,60,unique,0,1,0.0,,200,1,20260618,BudgetDoS,True,300,1500,1260190,6300.95,0.080418,0.0,0.0,0.0,45299.52,0.919582,0,0,1548,0,0,10,739,247268,249515.0,0.0,151222.8,4192
m11_adaptive_adversary,adaptive_adversary,heavy_flood,m11_unique_dup60_s20260618,1800,512,8,1000.0,10000.0,True,60,unique,0,1,0.0,,200,1,20260618,P3-Persist,True,300,1500,1352245,588.188343,0.924407,0,0.0,0.0,45420.48,0.080016,183,0,71,0,2099,4,5,22568,24821.0,0.0,162269.4,6832
m11_adaptive_adversary,adaptive_adversary,heavy_flood,m11_unique_dup60_s20260619,1800,512,8,1000.0,10000.0,True,60,unique,0,1,0.0,,200,1,20260619,BudgetDoS,True,300,1500,1260196,6147.297561,0.079829,0,0.0,0.0,45622.08,0.920171,0,0,1635,0,0,9,728,246989,249252.0,0.0,151223.52,4192
m11_adaptive_adversary,adaptive_adversary,heavy_flood,m11_unique_dup60_s20260619,1800,512,8,1000.0,10000.0,True,60,unique,0,1,0.0,,200,1,20260619,P3-Persist,True,300,1500,1360310,570.599832,0.928349,0.0,0.0,0.0,45722.88,0.075935,199,0,76,0,2168,3,10,22666,24934.0,0.0,163237.2,6832
m11_adaptive_adversary,adaptive_adversary,heavy_flood,m11_unique_dup60_s20260620,1800,512,8,1000.0,10000.0,True,60,unique,0,1,0.0,,200,1,20260620,BudgetDoS,True,300,1500,1260195,6029.641148,0.082186,0,0.0,0.0,45864.0,0.917814,0,0,1578,0,0,14,756,248245,250520.0,0.0,151223.4,4192
m11_adaptive_adversary,adaptive_adversary,heavy_flood,m11_unique_dup60_s20260620,1800,512,8,1000.0,10000.0,True,60,unique,0,1,0.0,,200,1,20260620,P3-Persist,True,300,1500,1356275,570.582667,0.934723,0,0.0,0.0,46025.28,0.071176,191,0,59,0,2169,6,4,22729,25012.0,0.0,162753.0,6832
m11_adaptive_adversary,adaptive_adversary,heavy_flood,m11_unique_dup60_s20260621,1800,512,8,1000.0,10000.0,True,60,unique,0,1,0.0,,200,1,20260621,BudgetDoS,True,300,1500,1260183,6495.78866,0.076049,0.0,0.0,0.0,45642.24,0.923951,0,0,1575,0,0,11,782,247971,250235.0,0.0,151221.96,4192
m11_adaptive_adversary,adaptive_adversary,heavy_flood,m11_unique_dup60_s20260621,1800,512,8,1000.0,10000.0,True,60,unique,0,1,0.0,,200,1,20260621,P3-Persist,True,300,1500,1368879,572.513174,0.937279,0,0.0,0.0,45722.88,0.068601,216,0,52,0,2155,5,3,22613,24881.0,0.0,164265.48,6832
m11_adaptive_adversary,adaptive_adversary,heavy_flood,m11_unique_dup60_s20260622,1800,512,8,1000.0,10000.0,True,60,unique,0,1,0.0,,200,1,20260622,BudgetDoS,True,300,1500,1260192,6332.623116,0.078843,0,0.0,0.0,46166.4,0.921157,0,0,1615,0,0,7,710,247375,249665.0,0.0,151223.04,4192
m11_adaptive_adversary,adaptive_adversary,heavy_flood,m11_unique_dup60_s20260622,1800,512,8,1000.0,10000.0,True,60,unique,0,1,0.0,,200,1,20260622,P3-Persist,True,300,1500,1350728,581.9595,0.919572,0,0,0.0,46186.56,0.087163,180,0,94,0,2129,4,4,22523,24814.0,0.0,162087.36,6832
m11_adaptive_adversary,adaptive_adversary,heavy_flood,m11_unique_dup60_s20260623,1800,512,8,1000.0,10000.0,True,60,unique,0,1,0.0,,200,1,20260623,BudgetDoS,True,300,1500,1260193,6238.579208,0.078416,0.0,0.0,0.0,46347.84,0.921584,0,0,1630,0,0,9,744,247967,250266.0,0.0,151223.16,4192
m11_adaptive_adversary,adaptive_adversary,heavy_flood,m11_unique_dup60_s20260623,1800,512,8,1000.0,10000.0,True,60,unique,0,1,0.0,,200,1,20260623,P3-Persist,True,300,1500,1347198,561.566486,0.931289,0,0.0,0.0,46448.64,0.071817,173,0,63,0,2217,3,5,22613,24917.0,0.0,161663.76,6832
m11_adaptive_adversary,adaptive_adversary,heavy_flood,m11_unique_dup60_s20260624,1800,512,8,1000.0,10000.0,True,60,unique,0,1,0.0,,200,1,20260624,BudgetDoS,True,300,1500,1260192,6147.278049,0.078937,0,0.0,0.0,45521.28,0.921063,0,0,1648,0,0,13,744,247799,250057.0,0.0,151223.04,4192
m11_adaptive_adversary,adaptive_adversary,heavy_flood,m11_unique_dup60_s20260624,1800,512,8,1000.0,10000.0,True,60,unique,0,1,0.0,,200,1,20260624,P3-Persist,True,300,1500,1355770,560.004131,0.932229,0,0,0.0,45702.72,0.073546,190,0,64,0,2217,4,6,22713,24980.0,0.0,162692.4,6832
m11_adaptive_adversary,adaptive_adversary,heavy_flood,m11_unique_dup60_s20260625,1800,512,8,1000.0,10000.0,True,60,unique,0,1,0.0,,200,1,20260625,BudgetDoS,True,300,1500,1260195,6269.626866,0.077278,0,0,0,45541.44,0.922722,0,0,1636,0,0,6,764,247955,250214.0,0.0,151223.4,4192
m11_adaptive_adversary,adaptive_adversary,heavy_flood,m11_unique_dup60_s20260625,1800,512,8,1000.0,10000.0,True,60,unique,0,1,0.0,,200,1,20260625,P3-Persist,True,300,1500,1349724,563.323873,0.921184,0.0,0.0,0.0,45601.92,0.081892,178,0,94,0,2203,3,3,22500,24762.0,0.0,161966.88,6832
m11_adaptive_adversary,adaptive_adversary,heavy_flood,m11_unique_dup60_s20260626,1800,512,8,1000.0,10000.0,True,60,unique,0,1,0.0,,200,1,20260626,BudgetDoS,True,300,1500,1260200,6000.952381,0.081301,0.0,0.0,0.0,45884.16,0.918699,0,0,1613,0,0,10,760,247243,249519.0,0.0,151224.0,4192
m11_adaptive_adversary,adaptive_adversary,heavy_flood,m11_unique_dup60_s20260626,1800,512,8,1000.0,10000.0,True,60,unique,0,1,0.0,,200,1,20260626,P3-Persist,True,300,1500,1364842,565.62039,0.934185,0,0.0,0.0,46045.44,0.072396,208,0,66,0,2193,2,7,22475,24759.0,0.0,163781.04,6832
m11_adaptive_adversary,adaptive_adversary,heavy_flood,m11_unique_dup60_s20260627,1800,512,8,1000.0,10000.0,True,60,unique,0,1,0.0,,200,1,20260627,BudgetDoS,True,300,1500,1260185,6269.577114,0.078119,0,0,0,45662.4,0.921881,0,0,1601,0,0,16,771,248316,250581.0,0.0,151222.2,4192
m11_adaptive_adversary,adaptive_adversary,heavy_flood,m11_unique_dup60_s20260627,1800,512,8,1000.0,10000.0,True,60,unique,0,1,0.0,,200,1,20260627,P3-Persist,True,300,1500,1358794,569.009213,0.928099,0.0,0.0,0.0,45884.16,0.075398,196,0,66,0,2179,3,9,22648,24924.0,0.0,163055.28,6832
m11_adaptive_adversary,adaptive_adversary,heavy_flood,m11_unique_dup60_s20260628,1800,512,8,1000.0,10000.0,True,60,unique,0,1,0.0,,200,1,20260628,BudgetDoS,True,300,1500,1260184,6462.482051,0.077782,0,0.0,0.0,46105.92,0.922218,0,0,1573,0,0,11,739,247885,250172.0,0.0,151222.08,4192
m11_adaptive_adversary,adaptive_adversary,heavy_flood,m11_unique_dup60_s20260628,1800,512,8,1000.0,10000.0,True,60,unique,0,1,0.0,,200,1,20260628,P3-Persist,True,300,1500,1353753,583.262818,0.925808,0,0,100.0,46247.04,0.084164,186,0,72,0,2123,3,10,22708,25002.0,0.0,162450.36,6832
m11_adaptive_adversary,adaptive_adversary,heavy_flood,m11_unique_dup60_s20260629,1800,512,8,1000.0,10000.0,True,60,unique,0,1,0.0,,200,1,20260629,BudgetDoS,True,300,1500,1260194,6207.852217,0.079702,0,0.0,0.0,45722.88,0.920298,0,0,1596,0,0,9,748,246839,249107.0,0.0,151223.28,4192
m11_adaptive_adversary,adaptive_adversary,heavy_flood,m11_unique_dup60_s20260629,1800,512,8,1000.0,10000.0,True,60,unique,0,1,0.0,,200,1,20260629,P3-Persist,True,300,1500,1364839,572.739824,0.935611,0,0.0,0.0,45743.04,0.068708,208,0,48,0,2161,7,9,22314,24583.0,0.0,163780.68,6832
m11_adaptive_adversary,adaptive_adversary,heavy_flood,m11_legacy_repeated_dup0_s20260610,1800,512,8,1000.0,10000.0,False,0,legacy_repeated,0,1,0.0,,200,1,20260610,BudgetDoS,True,300,1500,1261535,816.527508,0.597217,0,0.0,0.0,45339.84,0.402783,0,0,0,0,0,10,1042,247428,249677.0,0.0,151384.2,4192
m11_adaptive_adversary,adaptive_adversary,heavy_flood,m11_legacy_repeated_dup0_s20260610,1800,512,8,1000.0,10000.0,False,0,legacy_repeated,0,1,0.0,,200,1,20260610,P3-Persist,True,300,1500,3780007,2266.191247,0.644762,0.0,0.0,0.0,145756.8,0.356784,21,4979,0,0,1632,8,55,22116,29346.0,0.0,453600.84,6832
m11_adaptive_adversary,adaptive_adversary,heavy_flood,m11_legacy_repeated_dup0_s20260613,1800,512,8,1000.0,10000.0,False,0,legacy_repeated,0,1,0.0,,200,1,20260613,BudgetDoS,True,300,1500,1261528,819.706303,0.586733,0,0.0,0.0,45521.28,0.413267,0,0,0,0,0,11,1084,248361,250619.0,0.0,151383.36,4192
m11_adaptive_adversary,adaptive_adversary,heavy_flood,m11_legacy_repeated_dup0_s20260613,1800,512,8,1000.0,10000.0,False,0,legacy_repeated,0,1,0.0,,200,1,20260613,P3-Persist,True,300,1500,3780007,2205.371645,0.65345,0.0,0.0,0.0,146059.2,0.346931,14,4986,0,0,1683,10,44,22148,29393.0,0.0,453600.84,6832
m11_adaptive_adversary,adaptive_adversary,heavy_flood,m11_legacy_repeated_dup0_s20260611,1800,512,8,1000.0,10000.0,False,0,legacy_repeated,0,1,0.0,,200,1,20260611,BudgetDoS,True,300,1500,1261536,816.0,0.603199,0.0,0.0,0.0,45339.84,0.396801,0,0,0,0,0,10,1017,247757,250006.0,0.0,151384.32,4192
m11_adaptive_adversary,adaptive_adversary,heavy_flood,m11_legacy_repeated_dup0_s20260611,1800,512,8,1000.0,10000.0,False,0,legacy_repeated,0,1,0.0,,200,1,20260611,P3-Persist,True,300,1500,3780007,2217.012903,0.665236,0,0.0,0.0,145797.12,0.336715,18,4982,0,0,1671,9,76,22050,29282.0,0.0,453600.84,6832
m11_adaptive_adversary,adaptive_adversary,heavy_flood,m11_legacy_repeated_dup0_s20260612,1800,512,8,1000.0,10000.0,False,0,legacy_repeated,0,1,0.0,,200,1,20260612,BudgetDoS,True,300,1500,1260938,1327.303158,0.369362,0.0,0.0,0.0,44896.32,0.630638,0,0,0,0,0,12,1622,247444,249671.0,0.0,151312.56,4192
m11_adaptive_adversary,adaptive_adversary,heavy_flood,m11_legacy_repeated_dup0_s20260612,1800,512,8,1000.0,10000.0,False,0,legacy_repeated,0,1,0.0,,200,1,20260612,P3-Persist,True,300,1500,3780007,2183.712883,0.673017,0,0.0,0.0,145474.56,0.327372,18,4982,0,0,1701,5,55,22039,29255.0,0.0,453600.84,6832
m11_adaptive_adversary,adaptive_adversary,heavy_flood,m11_legacy_repeated_dup0_s20260614,1800,512,8,1000.0,10000.0,False,0,legacy_repeated,0,1,0.0,,200,1,20260614,BudgetDoS,True,300,1500,1261539,815.474467,0.60359,0,0.0,0.0,45964.8,0.39641,0,0,0,0,0,8,1016,247416,249696.0,0.0,151384.68,4192
m11_adaptive_adversary,adaptive_adversary,heavy_flood,m11_legacy_repeated_dup0_s20260614,1800,512,8,1000.0,10000.0,False,0,legacy_repeated,0,1,0.0,,200,1,20260614,P3-Persist,True,300,1500,3780008,2366.943018,0.623098,0,0.0,0.0,146502.72,0.377292,14,4986,0,0,1568,7,51,22146,29413.0,0.0,453600.96,6832
m11_adaptive_adversary,adaptive_adversary,heavy_flood,m11_legacy_repeated_dup0_s20260615,1800,512,8,1000.0,10000.0,False,0,legacy_repeated,0,1,0.0,,200,1,20260615,BudgetDoS,True,300,1500,1261496,838.203322,0.601038,0,0.0,0.0,45702.72,0.398962,0,0,0,0,0,9,999,247004,249271.0,0.0,151379.52,4192
m11_adaptive_adversary,adaptive_adversary,heavy_flood,m11_legacy_repeated_dup0_s20260615,1800,512,8,1000.0,10000.0,False,0,legacy_repeated,0,1,0.0,,200,1,20260615,P3-Persist,True,300,1500,3780007,2313.345777,0.652556,0.0,0.0,0.0,146260.8,0.347444,13,4987,0,0,1606,8,54,22057,29312.0,0.0,453600.84,6832
m11_adaptive_adversary,adaptive_adversary,heavy_flood,m11_legacy_repeated_dup0_s20260616,1800,512,8,1000.0,10000.0,False,0,legacy_repeated,0,1,0.0,,200,1,20260616,BudgetDoS,True,300,1500,1261484,846.065728,0.599036,0,0.0,0.0,45581.76,0.400964,0,0,0,0,0,7,998,247651,249912.0,0.0,151378.08,4192
m11_adaptive_adversary,adaptive_adversary,heavy_flood,m11_legacy_repeated_dup0_s20260616,1800,512,8,1000.0,10000.0,False,0,legacy_repeated,0,1,0.0,,200,1,20260616,P3-Persist,True,300,1500,3780007,2545.459259,0.596625,0,0.0,0.0,146139.84,0.403375,14,4986,0,0,1459,5,54,21987,29236.0,0.0,453600.84,6832
m11_adaptive_adversary,adaptive_adversary,heavy_flood,m11_legacy_repeated_dup0_s20260617,1800,512,8,1000.0,10000.0,False,0,legacy_repeated,0,1,0.0,,200,1,20260617,BudgetDoS,True,300,1500,1261398,898.431624,0.565673,0.0,0.0,0.0,45158.4,0.434327,0,0,0,0,0,6,1078,248344,250584.0,0.0,151367.76,4192
m11_adaptive_adversary,adaptive_adversary,heavy_flood,m11_legacy_repeated_dup0_s20260617,1800,512,8,1000.0,10000.0,False,0,legacy_repeated,0,1,0.0,,200,1,20260617,P3-Persist,True,300,1500,3780008,2350.751244,0.647865,0.0,0.0,0.0,145615.68,0.352941,19,4981,0,0,1577,4,109,22207,29430.0,0.0,453600.96,6832
m11_adaptive_adversary,adaptive_adversary,heavy_flood,m11_legacy_repeated_dup0_s20260618,1800,512,8,1000.0,10000.0,False,0,legacy_repeated,0,1,0.0,,200,1,20260618,BudgetDoS,True,300,1500,1261400,896.517413,0.565742,0,0.0,0.0,45360.0,0.434258,0,0,0,0,0,7,1080,247265,249515.0,0.0,151368.0,4192
m11_adaptive_adversary,adaptive_adversary,heavy_flood,m11_legacy_repeated_dup0_s20260618,1800,512,8,1000.0,10000.0,False,0,legacy_repeated,0,1,0.0,,200,1,20260618,P3-Persist,True,300,1500,3780007,2353.678082,0.645758,0.0,0.0,0.0,145837.44,0.354644,17,4983,0,0,1576,6,42,22099,29333.0,0.0,453600.84,6832
m11_adaptive_adversary,adaptive_adversary,heavy_flood,m11_legacy_repeated_dup0_s20260619,1800,512,8,1000.0,10000.0,False,0,legacy_repeated,0,1,0.0,,200,1,20260619,BudgetDoS,True,300,1500,1261510,830.487163,0.591511,0,0.0,0.0,45622.08,0.408489,0,0,0,0,0,9,1049,246989,249252.0,0.0,151381.2,4192
m11_adaptive_adversary,adaptive_adversary,heavy_flood,m11_legacy_repeated_dup0_s20260619,1800,512,8,1000.0,10000.0,False,0,legacy_repeated,0,1,0.0,,200,1,20260619,P3-Persist,True,300,1500,3780006,2293.692961,0.641745,0.0,0.0,0.0,146180.16,0.358645,13,4987,0,0,1621,8,73,22172,29423.0,0.0,453600.72,6832
m11_adaptive_adversary,adaptive_adversary,heavy_flood,m11_legacy_repeated_dup0_s20260620,1800,512,8,1000.0,10000.0,False,0,legacy_repeated,0,1,0.0,,200,1,20260620,BudgetDoS,True,300,1500,1261463,854.07109,0.58081,0,0.0,0.0,45864.0,0.41919,0,0,0,0,0,14,1066,248245,250520.0,0.0,151375.56,4192
m11_adaptive_adversary,adaptive_adversary,heavy_flood,m11_legacy_repeated_dup0_s20260620,1800,512,8,1000.0,10000.0,False,0,legacy_repeated,0,1,0.0,,200,1,20260620,P3-Persist,True,300,1500,3780006,2493.407652,0.596146,0.0,0.0,0.0,146321.28,0.40464,18,4982,0,0,1479,13,71,22264,29522.0,0.0,453600.72,6832
m11_adaptive_adversary,adaptive_adversary,heavy_flood,m11_legacy_repeated_dup0_s20260621,1800,512,8,1000.0,10000.0,False,0,legacy_repeated,0,1,0.0,,200,1,20260621,BudgetDoS,True,300,1500,1260959,1295.94964,0.381419,0,0.0,0.0,45581.76,0.618581,0,0,0,0,0,14,1578,247974,250235.0,0.0,151315.08,4192
m11_adaptive_adversary,adaptive_adversary,heavy_flood,m11_legacy_repeated_dup0_s20260621,1800,512,8,1000.0,10000.0,False,0,legacy_repeated,0,1,0.0,,200,1,20260621,P3-Persist,True,300,1500,3780006,2260.769139,0.655429,0.0,0.0,0.0,146099.52,0.346139,18,4982,0,0,1638,10,52,22135,29382.0,0.0,453600.72,6832
m11_adaptive_adversary,adaptive_adversary,heavy_flood,m11_legacy_repeated_dup0_s20260622,1800,512,8,1000.0,10000.0,False,0,legacy_repeated,0,1,0.0,,200,1,20260622,BudgetDoS,True,300,1500,1261543,813.89871,0.614105,0.0,0.0,0.0,46166.4,0.385895,0,0,0,0,0,7,974,247375,249665.0,0.0,151385.16,4192
m11_adaptive_adversary,adaptive_adversary,heavy_flood,m11_legacy_repeated_dup0_s20260622,1800,512,8,1000.0,10000.0,False,0,legacy_repeated,0,1,0.0,,200,1,20260622,P3-Persist,True,300,1500,3780007,2303.477757,0.650158,0,0,0.0,146744.64,0.350238,11,4989,0,0,1616,7,41,22076,29355.0,0.0,453600.84,6832
m11_adaptive_adversary,adaptive_adversary,heavy_flood,m11_legacy_repeated_dup0_s20260623,1800,512,8,1000.0,10000.0,False,0,legacy_repeated,0,1,0.0,,200,1,20260623,BudgetDoS,True,300,1500,1261451,864.007534,0.56677,0.0,0.0,0.0,46347.84,0.43323,0,0,0,0,0,9,1116,247967,250266.0,0.0,151374.12,4192
m11_adaptive_adversary,adaptive_adversary,heavy_flood,m11_legacy_repeated_dup0_s20260623,1800,512,8,1000.0,10000.0,False,0,legacy_repeated,0,1,0.0,,200,1,20260623,P3-Persist,True,300,1500,3780007,2267.55069,0.647127,0,0.0,0.0,146966.4,0.352873,10,4990,0,0,1642,8,72,22170,29460.0,0.0,453600.84,6832
m11_adaptive_adversary,adaptive_adversary,heavy_flood,m11_legacy_repeated_dup0_s20260624,1800,512,8,1000.0,10000.0,False,0,legacy_repeated,0,1,0.0,,200,1,20260624,BudgetDoS,True,300,1500,1261502,832.674587,0.583365,0,0.0,0.0,45521.28,0.416635,0,0,0,0,0,13,1082,247799,250057.0,0.0,151380.24,4192
m11_adaptive_adversary,adaptive_adversary,heavy_flood,m11_legacy_repeated_dup0_s20260624,1800,512,8,1000.0,10000.0,False,0,legacy_repeated,0,1,0.0,,200,1,20260624,P3-Persist,True,300,1500,3780008,2207.948598,0.659222,0.0,0.0,0.0,146059.2,0.341548,14,4986,0,0,1678,12,64,22247,29492.0,0.0,453600.96,6832
m11_adaptive_adversary,adaptive_adversary,heavy_flood,m11_legacy_repeated_dup0_s20260625,1800,512,8,1000.0,10000.0,False,0,legacy_repeated,0,1,0.0,,200,1,20260625,BudgetDoS,True,300,1500,1261487,844.93436,0.57401,0,0.0,0.0,45541.44,0.42599,0,0,0,0,0,6,1108,247955,250214.0,0.0,151378.44,4192
m11_adaptive_adversary,adaptive_adversary,heavy_flood,m11_legacy_repeated_dup0_s20260625,1800,512,8,1000.0,10000.0,False,0,legacy_repeated,0,1,0.0,,200,1,20260625,P3-Persist,True,300,1500,3780007,2311.930887,0.628604,0,0.0,0.0,145978.56,0.371396,17,4983,0,0,1604,7,45,22062,29303.0,0.0,453600.84,6832
m11_adaptive_adversary,adaptive_adversary,heavy_flood,m11_legacy_repeated_dup0_s20260626,1800,512,8,1000.0,10000.0,False,0,legacy_repeated,0,1,0.0,,200,1,20260626,BudgetDoS,True,300,1500,1261503,833.775942,0.585753,0,0.0,0.0,45884.16,0.414247,0,0,0,0,0,10,1070,247243,249519.0,0.0,151380.36,4192
m11_adaptive_adversary,adaptive_adversary,heavy_flood,m11_legacy_repeated_dup0_s20260626,1800,512,8,1000.0,10000.0,False,0,legacy_repeated,0,1,0.0,,200,1,20260626,P3-Persist,True,300,1500,3780007,2386.368056,0.61324,0.0,0.0,0.0,146502.72,0.38676,9,4991,0,0,1558,10,61,22018,29285.0,0.0,453600.84,6832
m11_adaptive_adversary,adaptive_adversary,heavy_flood,m11_legacy_repeated_dup0_s20260627,1800,512,8,1000.0,10000.0,False,0,legacy_repeated,0,1,0.0,,200,1,20260627,BudgetDoS,True,300,1500,1261491,840.433711,0.583366,0,0,0,45722.88,0.416634,0,0,0,0,0,10,1072,248313,250581.0,0.0,151378.92,4192
m11_adaptive_adversary,adaptive_adversary,heavy_flood,m11_legacy_repeated_dup0_s20260627,1800,512,8,1000.0,10000.0,False,0,legacy_repeated,0,1,0.0,,200,1,20260627,P3-Persist,True,300,1500,3780007,2252.685936,0.652157,0.0,0.0,0.0,146280.96,0.348232,14,4986,0,0,1648,9,72,22176,29432.0,0.0,453600.84,6832
m11_adaptive_adversary,adaptive_adversary,heavy_flood,m11_legacy_repeated_dup0_s20260628,1800,512,8,1000.0,10000.0,False,0,legacy_repeated,0,1,0.0,,200,1,20260628,BudgetDoS,True,300,1500,1261458,859.303815,0.58556,0.0,0.0,0.0,46126.08,0.41444,0,0,0,0,0,10,1039,247884,250172.0,0.0,151374.96,4192
m11_adaptive_adversary,adaptive_adversary,heavy_flood,m11_legacy_repeated_dup0_s20260628,1800,512,8,1000.0,10000.0,False,0,legacy_repeated,0,1,0.0,,200,1,20260628,P3-Persist,True,300,1500,3780007,2416.884271,0.623853,0.0,0.0,0.0,146563.2,0.377343,19,4981,0,0,1529,9,110,22221,29491.0,0.0,453600.84,6832
m11_adaptive_adversary,adaptive_adversary,heavy_flood,m11_legacy_repeated_dup0_s20260629,1800,512,8,1000.0,10000.0,False,0,legacy_repeated,0,1,0.0,,200,1,20260629,BudgetDoS,True,300,1500,1261489,842.115487,0.588143,0.0,0.0,0.0,45722.88,0.411857,0,0,0,0,0,9,1049,246839,249107.0,0.0,151378.68,4192
m11_adaptive_adversary,adaptive_adversary,heavy_flood,m11_legacy_repeated_dup0_s20260629,1800,512,8,1000.0,10000.0,False,0,legacy_repeated,0,1,0.0,,200,1,20260629,P3-Persist,True,300,1500,3780007,2277.112651,0.651747,0.0,0.0,0.0,146119.68,0.348253,20,4980,0,0,1624,9,53,21879,29127.0,0.0,453600.84,6832
m11_adaptive_adversary,adaptive_adversary,heavy_flood,m11_legacy_repeated_dup60_s20260610,1800,512,8,1000.0,10000.0,False,60,legacy_repeated,0,1,0.0,,200,1,20260610,BudgetDoS,True,300,1500,1260189,4345.47931,0.112099,0.0,0.0,0.0,504.0,0.887901,0,0,1636,249652,0,101,661,0,249677.0,0.9999,151222.68,4192
m11_adaptive_adversary,adaptive_adversary,heavy_flood,m11_legacy_repeated_dup60_s20260610,1800,512,8,1000.0,10000.0,False,60,legacy_repeated,0,1,0.0,,200,1,20260610,P3-Persist,True,300,1500,1340147,546.107172,0.948589,0.0,0.0,0.0,504.0,0.059142,159,0,27,249652,2243,41,8,0,249677.0,0.9999,160817.64,6832
m11_adaptive_adversary,adaptive_adversary,heavy_flood,m11_legacy_repeated_dup60_s20260611,1800,512,8,1000.0,10000.0,False,60,legacy_repeated,0,1,0.0,,200,1,20260611,BudgetDoS,True,300,1500,1260188,4300.982935,0.114319,0,0.0,0.0,504.0,0.885681,0,0,1636,249981,0,105,634,0,250006.0,0.9999,151222.56,4192
m11_adaptive_adversary,adaptive_adversary,heavy_flood,m11_legacy_repeated_dup60_s20260611,1800,512,8,1000.0,10000.0,False,60,legacy_repeated,0,1,0.0,,200,1,20260611,P3-Persist,True,300,1500,1336110,550.065871,0.947718,0,0.0,0.0,504.0,0.060476,151,0,31,249981,2231,41,10,0,250006.0,0.9999,160333.2,6832
m11_adaptive_adversary,adaptive_adversary,heavy_flood,m11_legacy_repeated_dup60_s20260612,1800,512,8,1000.0,10000.0,False,60,legacy_repeated,0,1,0.0,,200,1,20260612,BudgetDoS,True,300,1500,1260196,4330.570447,0.113142,0,0.0,0.0,504.0,0.886858,0,0,1637,249646,0,95,644,0,249671.0,0.9999,151223.52,4192
m11_adaptive_adversary,adaptive_adversary,heavy_flood,m11_legacy_repeated_dup60_s20260612,1800,512,8,1000.0,10000.0,False,60,legacy_repeated,0,1,0.0,,200,1,20260612,P3-Persist,True,300,1500,1344686,562.394814,0.929627,0,0.0,0.0,504.0,0.075816,168,0,71,249646,2174,35,3,0,249671.0,0.9999,161362.32,6832
m11_adaptive_adversary,adaptive_adversary,heavy_flood,m11_legacy_repeated_dup60_s20260613,1800,512,8,1000.0,10000.0,False,60,legacy_repeated,0,1,0.0,,200,1,20260613,BudgetDoS,True,300,1500,1260159,4286.255102,0.112085,0.0,0.0,0.0,504.0,0.887915,0,0,1665,250594,0,135,664,0,250619.0,0.9999,151219.08,4192
m11_adaptive_adversary,adaptive_adversary,heavy_flood,m11_legacy_repeated_dup60_s20260613,1800,512,8,1000.0,10000.0,False,60,legacy_repeated,0,1,0.0,,200,1,20260613,P3-Persist,True,300,1500,1342161,540.757857,0.946245,0.0,0.0,0.0,504.0,0.05833,163,0,32,250594,2251,59,5,0,250619.0,0.9999,161059.32,6832
m11_adaptive_adversary,adaptive_adversary,heavy_flood,m11_legacy_repeated_dup60_s20260614,1800,512,8,1000.0,10000.0,False,60,legacy_repeated,0,1,0.0,,200,1,20260614,BudgetDoS,True,300,1500,1260188,4360.512111,0.112758,0,0.0,0.0,504.0,0.887242,0,0,1610,249671,0,101,664,0,249696.0,0.9999,151222.56,4192
m11_adaptive_adversary,adaptive_adversary,heavy_flood,m11_legacy_repeated_dup60_s20260614,1800,512,8,1000.0,10000.0,False,60,legacy_repeated,0,1,0.0,,200,1,20260614,P3-Persist,True,300,1500,1346190,556.967315,0.943036,0,0.0,0.0,504.0,0.062427,171,0,32,249671,2196,44,6,0,249696.0,0.9999,161542.8,6832
m11_adaptive_adversary,adaptive_adversary,heavy_flood,m11_legacy_repeated_dup60_s20260615,1800,512,8,1000.0,10000.0,False,60,legacy_repeated,0,1,0.0,,200,1,20260615,BudgetDoS,True,300,1500,1260176,4468.70922,0.11262,0.0,0.0,0.0,504.0,0.88738,0,0,1560,249246,0,106,662,0,249271.0,0.9999,151221.12,4192
m11_adaptive_adversary,adaptive_adversary,heavy_flood,m11_legacy_repeated_dup60_s20260615,1800,512,8,1000.0,10000.0,False,60,legacy_repeated,0,1,0.0,,200,1,20260615,P3-Persist,True,300,1500,1345181,571.202123,0.940495,0,0.0,0.0,504.0,0.061901,169,0,34,249246,2157,24,8,0,249271.0,0.9999,161421.72,6832
m11_adaptive_adversary,adaptive_adversary,heavy_flood,m11_legacy_repeated_dup60_s20260616,1800,512,8,1000.0,10000.0,False,60,legacy_repeated,0,1,0.0,,200,1,20260616,BudgetDoS,True,300,1500,1260175,4684.665428,0.108076,0,0.0,0.0,504.0,0.891924,0,0,1565,249887,0,94,655,0,249912.0,0.9999,151221.0,4192
m11_adaptive_adversary,adaptive_adversary,heavy_flood,m11_legacy_repeated_dup60_s20260616,1800,512,8,1000.0,10000.0,False,60,legacy_repeated,0,1,0.0,,200,1,20260616,P3-Persist,True,300,1500,1333095,569.698718,0.940137,0.0,0.0,0.0,504.0,0.064283,145,0,39,249887,2149,31,5,0,249912.0,0.9999,159971.4,6832
m11_adaptive_adversary,adaptive_adversary,heavy_flood,m11_legacy_repeated_dup60_s20260617,1800,512,8,1000.0,10000.0,False,60,legacy_repeated,0,1,0.0,,200,1,20260617,BudgetDoS,True,300,1500,1260172,4791.528517,0.105963,0,0.0,0.0,504.0,0.894037,0,0,1513,250559,0,91,706,0,250584.0,0.9999,151220.64,4192
m11_adaptive_adversary,adaptive_adversary,heavy_flood,m11_legacy_repeated_dup60_s20260617,1800,512,8,1000.0,10000.0,False,60,legacy_repeated,0,1,0.0,,200,1,20260617,P3-Persist,True,300,1500,1348716,576.374359,0.942788,0.0,0.0,0.0,504.0,0.062853,176,0,33,250559,2120,32,8,0,250584.0,0.9999,161845.92,6832
m11_adaptive_adversary,adaptive_adversary,heavy_flood,m11_legacy_repeated_dup60_s20260618,1800,512,8,1000.0,10000.0,False,60,legacy_repeated,0,1,0.0,,200,1,20260618,BudgetDoS,True,300,1500,1260179,4315.681507,0.117411,0.0,0.0,0.0,504.0,0.882589,0,0,1548,249490,0,113,647,0,249515.0,0.9999,151221.48,4192
m11_adaptive_adversary,adaptive_adversary,heavy_flood,m11_legacy_repeated_dup60_s20260618,1800,512,8,1000.0,10000.0,False,60,legacy_repeated,0,1,0.0,,200,1,20260618,P3-Persist,True,300,1500,1336620,569.987207,0.942903,0,0.0,0.0,504.0,0.061922,152,0,33,249490,2140,41,4,0,249515.0,0.9999,160394.4,6832
m11_adaptive_adversary,adaptive_adversary,heavy_flood,m11_legacy_repeated_dup60_s20260619,1800,512,8,1000.0,10000.0,False,60,legacy_repeated,0,1,0.0,,200,1,20260619,BudgetDoS,True,300,1500,1260190,4390.905923,0.11176,0,0.0,0.0,504.0,0.88824,0,0,1635,249227,0,97,646,0,249252.0,0.9999,151222.8,4192
m11_adaptive_adversary,adaptive_adversary,heavy_flood,m11_legacy_repeated_dup60_s20260619,1800,512,8,1000.0,10000.0,False,60,legacy_repeated,0,1,0.0,,200,1,20260619,P3-Persist,True,300,1500,1341659,551.442252,0.94743,0,0.0,0.0,504.0,0.055685,162,0,28,249227,2224,36,9,0,249252.0,0.9999,160999.08,6832
m11_adaptive_adversary,adaptive_adversary,heavy_flood,m11_legacy_repeated_dup60_s20260620,1800,512,8,1000.0,10000.0,False,60,legacy_repeated,0,1,0.0,,200,1,20260620,BudgetDoS,True,300,1500,1260178,4390.864111,0.112859,0,0.0,0.0,504.0,0.887141,0,0,1578,250495,0,109,678,0,250520.0,0.9999,151221.36,4192
m11_adaptive_adversary,adaptive_adversary,heavy_flood,m11_legacy_repeated_dup60_s20260620,1800,512,8,1000.0,10000.0,False,60,legacy_repeated,0,1,0.0,,200,1,20260620,P3-Persist,True,300,1500,1339644,560.520502,0.939835,0.0,0.0,0.0,504.0,0.06685,158,0,51,250495,2182,38,2,0,250520.0,0.9999,160757.28,6832
m11_adaptive_adversary,adaptive_adversary,heavy_flood,m11_legacy_repeated_dup60_s20260621,1800,512,8,1000.0,10000.0,False,60,legacy_repeated,0,1,0.0,,200,1,20260621,BudgetDoS,True,300,1500,1260149,4684.568773,0.105449,0,0.0,0.0,504.0,0.894551,0,0,1575,250210,0,120,707,0,250235.0,0.9999,151217.88,4192
m11_adaptive_adversary,adaptive_adversary,heavy_flood,m11_legacy_repeated_dup60_s20260621,1800,512,8,1000.0,10000.0,False,60,legacy_repeated,0,1,0.0,,200,1,20260621,P3-Persist,True,300,1500,1351233,562.076955,0.942376,0.0,0.0,0.0,504.0,0.063897,181,0,36,250210,2179,35,3,0,250235.0,0.9999,162147.96,6832
m11_adaptive_adversary,adaptive_adversary,heavy_flood,m11_legacy_repeated_dup60_s20260622,1800,512,8,1000.0,10000.0,False,60,legacy_repeated,0,1,0.0,,200,1,20260622,BudgetDoS,True,300,1500,1260161,4809.774809,0.103803,0.0,0.0,0.0,504.0,0.896197,0,0,1615,249640,0,101,647,0,249665.0,0.9999,151219.32,4192
m11_adaptive_adversary,adaptive_adversary,heavy_flood,m11_legacy_repeated_dup60_s20260622,1800,512,8,1000.0,10000.0,False,60,legacy_repeated,0,1,0.0,,200,1,20260622,P3-Persist,True,300,1500,1331578,559.251575,0.943344,0,0,0.0,504.0,0.063391,142,0,41,249640,2196,33,3,0,249665.0,0.9999,159789.36,6832
m11_adaptive_adversary,adaptive_adversary,heavy_flood,m11_legacy_repeated_dup60_s20260623,1800,512,8,1000.0,10000.0,False,60,legacy_repeated,0,1,0.0,,200,1,20260623,BudgetDoS,True,300,1500,1260172,4330.487973,0.112966,0,0.0,0.0,504.0,0.887034,0,0,1630,250241,0,119,655,0,250266.0,0.9999,151220.64,4192
m11_adaptive_adversary,adaptive_adversary,heavy_flood,m11_legacy_repeated_dup60_s20260623,1800,512,8,1000.0,10000.0,False,60,legacy_repeated,0,1,0.0,,200,1,20260623,P3-Persist,True,300,1500,1327542,546.31358,0.943323,0.0,0.0,0.0,504.0,0.060559,134,0,42,250241,2251,39,4,0,250266.0,0.9999,159305.04,6832
m11_adaptive_adversary,adaptive_adversary,heavy_flood,m11_legacy_repeated_dup60_s20260624,1800,512,8,1000.0,10000.0,False,60,legacy_repeated,0,1,0.0,,200,1,20260624,BudgetDoS,True,300,1500,1260181,4104.824104,0.118213,0,0.0,0.0,504.0,0.881787,0,0,1648,250032,0,126,642,0,250057.0,0.9999,151221.72,4192
m11_adaptive_adversary,adaptive_adversary,heavy_flood,m11_legacy_repeated_dup60_s20260624,1800,512,8,1000.0,10000.0,False,60,legacy_repeated,0,1,0.0,,200,1,20260624,P3-Persist,True,300,1500,1335105,545.163332,0.943011,0,0.0,0.0,504.0,0.061995,149,0,36,250032,2246,45,6,0,250057.0,0.9999,160212.6,6832
m11_adaptive_adversary,adaptive_adversary,heavy_flood,m11_legacy_repeated_dup60_s20260625,1800,512,8,1000.0,10000.0,False,60,legacy_repeated,0,1,0.0,,200,1,20260625,BudgetDoS,True,300,1500,1260189,4214.67893,0.114956,0,0.0,0.0,504.0,0.885044,0,0,1636,250189,0,110,666,0,250214.0,0.9999,151222.68,4192
m11_adaptive_adversary,adaptive_adversary,heavy_flood,m11_legacy_repeated_dup60_s20260625,1800,512,8,1000.0,10000.0,False,60,legacy_repeated,0,1,0.0,,200,1,20260625,P3-Persist,True,300,1500,1332581,542.58184,0.944252,0.0,0.0,0.0,504.0,0.059977,144,0,38,250189,2268,39,2,0,250214.0,0.9999,159909.72,6832
m11_adaptive_adversary,adaptive_adversary,heavy_flood,m11_legacy_repeated_dup60_s20260626,1800,512,8,1000.0,10000.0,False,60,legacy_repeated,0,1,0.0,,200,1,20260626,BudgetDoS,True,300,1500,1260192,4549.429603,0.10724,0,0.0,0.0,504.0,0.89276,0,0,1613,249494,0,85,693,0,249519.0,0.9999,151223.04,4192
m11_adaptive_adversary,adaptive_adversary,heavy_flood,m11_legacy_repeated_dup60_s20260626,1800,512,8,1000.0,10000.0,False,60,legacy_repeated,0,1,0.0,,200,1,20260626,P3-Persist,True,300,1500,1350225,548.20341,0.953542,0,0.0,0.0,504.0,0.053039,179,0,19,249494,2245,30,7,0,249519.0,0.9999,162027.0,6832
m11_adaptive_adversary,adaptive_adversary,heavy_flood,m11_legacy_repeated_dup60_s20260628,1800,512,8,1000.0,10000.0,False,60,legacy_repeated,0,1,0.0,,200,1,20260628,BudgetDoS,True,300,1500,1260175,4158.993399,0.120862,0,0.0,0.0,504.0,0.879138,0,0,1573,250147,0,128,631,0,250172.0,0.9999,151221.0,4192
m11_adaptive_adversary,adaptive_adversary,heavy_flood,m11_legacy_repeated_dup60_s20260628,1800,512,8,1000.0,10000.0,False,60,legacy_repeated,0,1,0.0,,200,1,20260628,P3-Persist,True,300,1500,1333594,562.460565,0.945752,0,0.0,30.0,504.0,0.063821,146,0,28,250147,2178,37,8,0,250172.0,0.9999,160031.28,6832
m11_adaptive_adversary,adaptive_adversary,heavy_flood,m11_legacy_repeated_dup60_s20260627,1800,512,8,1000.0,10000.0,False,60,legacy_repeated,0,1,0.0,,200,1,20260627,BudgetDoS,True,300,1500,1260183,4360.49481,0.11232,0,0.0,0.0,504.0,0.88768,0,0,1601,250556,0,106,683,0,250581.0,0.9999,151221.96,4192
m11_adaptive_adversary,adaptive_adversary,heavy_flood,m11_legacy_repeated_dup60_s20260627,1800,512,8,1000.0,10000.0,False,60,legacy_repeated,0,1,0.0,,200,1,20260627,P3-Persist,True,300,1500,1341655,552.576194,0.943646,0.0,0.0,0.0,504.0,0.059852,162,0,32,250556,2220,39,8,0,250581.0,0.9999,160998.6,6832
m11_adaptive_adversary,adaptive_adversary,heavy_flood,m11_legacy_repeated_dup60_s20260629,1800,512,8,1000.0,10000.0,False,60,legacy_repeated,0,1,0.0,,200,1,20260629,BudgetDoS,True,300,1500,1260182,4390.878049,0.112682,0,0.0,0.0,504.0,0.887318,0,0,1596,249082,0,105,664,0,249107.0,0.9999,151221.84,4192
m11_adaptive_adversary,adaptive_adversary,heavy_flood,m11_legacy_repeated_dup60_s20260629,1800,512,8,1000.0,10000.0,False,60,legacy_repeated,0,1,0.0,,200,1,20260629,P3-Persist,True,300,1500,1341150,561.150628,0.938359,0.0,0.0,0.0,504.0,0.065567,161,0,40,249082,2183,40,10,0,249107.0,0.9999,160938.0,6832
m11_adaptive_adversary,adaptive_adversary,heavy_flood,m11_pool1_r1_p15_dup0_s20260610,1800,512,8,1000.0,10000.0,False,0,pool1_r1_p15,1,1,15.0,,200,1,20260610,BudgetDoS,True,300,1500,1261535,816.527508,0.597217,0,0.0,0.0,45339.84,0.402783,0,0,0,0,0,10,1042,247428,249677.0,0.0,151384.2,4192
m11_adaptive_adversary,adaptive_adversary,heavy_flood,m11_pool1_r1_p15_dup0_s20260610,1800,512,8,1000.0,10000.0,False,0,pool1_r1_p15,1,1,15.0,,200,1,20260610,P3-Persist,True,300,1500,3780007,2266.191247,0.644762,0.0,0.0,0.0,145756.8,0.356784,21,4979,0,0,1632,8,55,22116,29346.0,0.0,453600.84,6832
m11_adaptive_adversary,adaptive_adversary,heavy_flood,m11_pool1_r1_p15_dup0_s20260611,1800,512,8,1000.0,10000.0,False,0,pool1_r1_p15,1,1,15.0,,200,1,20260611,BudgetDoS,True,300,1500,1261536,816.0,0.603199,0.0,0.0,0.0,45339.84,0.396801,0,0,0,0,0,10,1017,247757,250006.0,0.0,151384.32,4192
m11_adaptive_adversary,adaptive_adversary,heavy_flood,m11_pool1_r1_p15_dup0_s20260611,1800,512,8,1000.0,10000.0,False,0,pool1_r1_p15,1,1,15.0,,200,1,20260611,P3-Persist,True,300,1500,3780007,2217.012903,0.665236,0,0.0,0.0,145797.12,0.336715,18,4982,0,0,1671,9,76,22051,29283.0,0.0,453600.84,6832
m11_adaptive_adversary,adaptive_adversary,heavy_flood,m11_pool1_r1_p15_dup0_s20260612,1800,512,8,1000.0,10000.0,False,0,pool1_r1_p15,1,1,15.0,,200,1,20260612,BudgetDoS,True,300,1500,1260938,1327.303158,0.369362,0.0,0.0,0.0,44896.32,0.630638,0,0,0,0,0,12,1622,247444,249671.0,0.0,151312.56,4192
m11_adaptive_adversary,adaptive_adversary,heavy_flood,m11_pool1_r1_p15_dup0_s20260612,1800,512,8,1000.0,10000.0,False,0,pool1_r1_p15,1,1,15.0,,200,1,20260612,P3-Persist,True,300,1500,3780007,2183.712883,0.673017,0,0.0,0.0,145474.56,0.327372,18,4982,0,0,1701,5,55,22039,29255.0,0.0,453600.84,6832
m11_adaptive_adversary,adaptive_adversary,heavy_flood,m11_pool1_r1_p15_dup0_s20260613,1800,512,8,1000.0,10000.0,False,0,pool1_r1_p15,1,1,15.0,,200,1,20260613,BudgetDoS,True,300,1500,1261528,819.706303,0.586733,0,0.0,0.0,45521.28,0.413267,0,0,0,0,0,11,1084,248361,250619.0,0.0,151383.36,4192
m11_adaptive_adversary,adaptive_adversary,heavy_flood,m11_pool1_r1_p15_dup0_s20260613,1800,512,8,1000.0,10000.0,False,0,pool1_r1_p15,1,1,15.0,,200,1,20260613,P3-Persist,True,300,1500,3780007,2205.371645,0.65345,0.0,0.0,0.0,146059.2,0.346931,14,4986,0,0,1683,10,44,22148,29393.0,0.0,453600.84,6832
m11_adaptive_adversary,adaptive_adversary,heavy_flood,m11_pool1_r1_p15_dup0_s20260614,1800,512,8,1000.0,10000.0,False,0,pool1_r1_p15,1,1,15.0,,200,1,20260614,BudgetDoS,True,300,1500,1261539,815.474467,0.60359,0,0.0,0.0,45964.8,0.39641,0,0,0,0,0,8,1016,247416,249696.0,0.0,151384.68,4192
m11_adaptive_adversary,adaptive_adversary,heavy_flood,m11_pool1_r1_p15_dup0_s20260614,1800,512,8,1000.0,10000.0,False,0,pool1_r1_p15,1,1,15.0,,200,1,20260614,P3-Persist,True,300,1500,3780008,2366.943018,0.623098,0,0.0,0.0,146502.72,0.377292,14,4986,0,0,1568,7,51,22146,29413.0,0.0,453600.96,6832
m11_adaptive_adversary,adaptive_adversary,heavy_flood,m11_pool1_r1_p15_dup0_s20260615,1800,512,8,1000.0,10000.0,False,0,pool1_r1_p15,1,1,15.0,,200,1,20260615,BudgetDoS,True,300,1500,1261496,838.203322,0.601038,0,0.0,0.0,45702.72,0.398962,0,0,0,0,0,9,999,247004,249271.0,0.0,151379.52,4192
m11_adaptive_adversary,adaptive_adversary,heavy_flood,m11_pool1_r1_p15_dup0_s20260615,1800,512,8,1000.0,10000.0,False,0,pool1_r1_p15,1,1,15.0,,200,1,20260615,P3-Persist,True,300,1500,3780007,2313.345777,0.652556,0.0,0.0,0.0,146260.8,0.347444,13,4987,0,0,1606,8,54,22057,29312.0,0.0,453600.84,6832
m11_adaptive_adversary,adaptive_adversary,heavy_flood,m11_pool1_r1_p15_dup0_s20260616,1800,512,8,1000.0,10000.0,False,0,pool1_r1_p15,1,1,15.0,,200,1,20260616,BudgetDoS,True,300,1500,1261484,846.065728,0.599036,0,0.0,0.0,45581.76,0.400964,0,0,0,0,0,7,998,247651,249912.0,0.0,151378.08,4192
m11_adaptive_adversary,adaptive_adversary,heavy_flood,m11_pool1_r1_p15_dup0_s20260616,1800,512,8,1000.0,10000.0,False,0,pool1_r1_p15,1,1,15.0,,200,1,20260616,P3-Persist,True,300,1500,3780007,2545.459259,0.596625,0,0.0,0.0,146139.84,0.403375,14,4986,0,0,1459,5,54,21987,29236.0,0.0,453600.84,6832
m11_adaptive_adversary,adaptive_adversary,heavy_flood,m11_pool1_r1_p15_dup0_s20260617,1800,512,8,1000.0,10000.0,False,0,pool1_r1_p15,1,1,15.0,,200,1,20260617,BudgetDoS,True,300,1500,1261398,898.431624,0.565673,0.0,0.0,0.0,45158.4,0.434327,0,0,0,0,0,6,1078,248344,250584.0,0.0,151367.76,4192
m11_adaptive_adversary,adaptive_adversary,heavy_flood,m11_pool1_r1_p15_dup0_s20260617,1800,512,8,1000.0,10000.0,False,0,pool1_r1_p15,1,1,15.0,,200,1,20260617,P3-Persist,True,300,1500,3780008,2350.751244,0.647865,0.0,0.0,0.0,145615.68,0.352941,19,4981,0,0,1577,4,109,22207,29430.0,0.0,453600.96,6832
m11_adaptive_adversary,adaptive_adversary,heavy_flood,m11_pool1_r1_p15_dup0_s20260618,1800,512,8,1000.0,10000.0,False,0,pool1_r1_p15,1,1,15.0,,200,1,20260618,BudgetDoS,True,300,1500,1261400,896.517413,0.565742,0,0.0,0.0,45360.0,0.434258,0,0,0,0,0,7,1080,247265,249515.0,0.0,151368.0,4192
m11_adaptive_adversary,adaptive_adversary,heavy_flood,m11_pool1_r1_p15_dup0_s20260618,1800,512,8,1000.0,10000.0,False,0,pool1_r1_p15,1,1,15.0,,200,1,20260618,P3-Persist,True,300,1500,3780007,2353.678082,0.645758,0.0,0.0,0.0,145837.44,0.354644,17,4983,0,0,1576,6,42,22099,29333.0,0.0,453600.84,6832
m11_adaptive_adversary,adaptive_adversary,heavy_flood,m11_pool1_r1_p15_dup0_s20260619,1800,512,8,1000.0,10000.0,False,0,pool1_r1_p15,1,1,15.0,,200,1,20260619,BudgetDoS,True,300,1500,1261510,830.487163,0.591511,0,0.0,0.0,45622.08,0.408489,0,0,0,0,0,9,1049,246989,249252.0,0.0,151381.2,4192
m11_adaptive_adversary,adaptive_adversary,heavy_flood,m11_pool1_r1_p15_dup0_s20260619,1800,512,8,1000.0,10000.0,False,0,pool1_r1_p15,1,1,15.0,,200,1,20260619,P3-Persist,True,300,1500,3780006,2293.692961,0.641745,0.0,0.0,0.0,146180.16,0.358645,13,4987,0,0,1621,8,73,22171,29422.0,0.0,453600.72,6832
m11_adaptive_adversary,adaptive_adversary,heavy_flood,m11_pool1_r1_p15_dup0_s20260620,1800,512,8,1000.0,10000.0,False,0,pool1_r1_p15,1,1,15.0,,200,1,20260620,BudgetDoS,True,300,1500,1261463,854.07109,0.58081,0,0.0,0.0,45864.0,0.41919,0,0,0,0,0,14,1066,248245,250520.0,0.0,151375.56,4192
m11_adaptive_adversary,adaptive_adversary,heavy_flood,m11_pool1_r1_p15_dup0_s20260620,1800,512,8,1000.0,10000.0,False,0,pool1_r1_p15,1,1,15.0,,200,1,20260620,P3-Persist,True,300,1500,3780006,2493.407652,0.596146,0.0,0.0,0.0,146321.28,0.40464,18,4982,0,0,1479,13,71,22264,29522.0,0.0,453600.72,6832
m11_adaptive_adversary,adaptive_adversary,heavy_flood,m11_pool1_r1_p15_dup0_s20260621,1800,512,8,1000.0,10000.0,False,0,pool1_r1_p15,1,1,15.0,,200,1,20260621,BudgetDoS,True,300,1500,1260959,1295.94964,0.381419,0,0.0,0.0,45581.76,0.618581,0,0,0,0,0,14,1578,247974,250235.0,0.0,151315.08,4192
m11_adaptive_adversary,adaptive_adversary,heavy_flood,m11_pool1_r1_p15_dup0_s20260621,1800,512,8,1000.0,10000.0,False,0,pool1_r1_p15,1,1,15.0,,200,1,20260621,P3-Persist,True,300,1500,3780006,2260.769139,0.655429,0.0,0.0,0.0,146099.52,0.346139,18,4982,0,0,1638,10,52,22135,29382.0,0.0,453600.72,6832
m11_adaptive_adversary,adaptive_adversary,heavy_flood,m11_pool1_r1_p15_dup0_s20260622,1800,512,8,1000.0,10000.0,False,0,pool1_r1_p15,1,1,15.0,,200,1,20260622,BudgetDoS,True,300,1500,1261543,813.89871,0.614105,0.0,0.0,0.0,46166.4,0.385895,0,0,0,0,0,7,974,247375,249665.0,0.0,151385.16,4192
m11_adaptive_adversary,adaptive_adversary,heavy_flood,m11_pool1_r1_p15_dup0_s20260622,1800,512,8,1000.0,10000.0,False,0,pool1_r1_p15,1,1,15.0,,200,1,20260622,P3-Persist,True,300,1500,3780007,2303.477757,0.650158,0,0,0.0,146744.64,0.350238,11,4989,0,0,1616,7,41,22075,29354.0,0.0,453600.84,6832
m11_adaptive_adversary,adaptive_adversary,heavy_flood,m11_pool1_r1_p15_dup0_s20260624,1800,512,8,1000.0,10000.0,False,0,pool1_r1_p15,1,1,15.0,,200,1,20260624,BudgetDoS,True,300,1500,1261502,832.674587,0.583365,0,0.0,0.0,45521.28,0.416635,0,0,0,0,0,13,1082,247799,250057.0,0.0,151380.24,4192
m11_adaptive_adversary,adaptive_adversary,heavy_flood,m11_pool1_r1_p15_dup0_s20260624,1800,512,8,1000.0,10000.0,False,0,pool1_r1_p15,1,1,15.0,,200,1,20260624,P3-Persist,True,300,1500,3780008,2207.948598,0.659222,0.0,0.0,0.0,146059.2,0.341548,14,4986,0,0,1678,12,64,22247,29492.0,0.0,453600.96,6832
m11_adaptive_adversary,adaptive_adversary,heavy_flood,m11_pool1_r1_p15_dup0_s20260623,1800,512,8,1000.0,10000.0,False,0,pool1_r1_p15,1,1,15.0,,200,1,20260623,BudgetDoS,True,300,1500,1261451,864.007534,0.56677,0.0,0.0,0.0,46347.84,0.43323,0,0,0,0,0,9,1116,247967,250266.0,0.0,151374.12,4192
m11_adaptive_adversary,adaptive_adversary,heavy_flood,m11_pool1_r1_p15_dup0_s20260623,1800,512,8,1000.0,10000.0,False,0,pool1_r1_p15,1,1,15.0,,200,1,20260623,P3-Persist,True,300,1500,3780007,2267.55069,0.647127,0,0.0,0.0,146966.4,0.352873,10,4990,0,0,1642,8,72,22170,29460.0,0.0,453600.84,6832
m11_adaptive_adversary,adaptive_adversary,heavy_flood,m11_pool1_r1_p15_dup0_s20260625,1800,512,8,1000.0,10000.0,False,0,pool1_r1_p15,1,1,15.0,,200,1,20260625,BudgetDoS,True,300,1500,1261487,844.93436,0.57401,0,0.0,0.0,45541.44,0.42599,0,0,0,0,0,6,1108,247955,250214.0,0.0,151378.44,4192
m11_adaptive_adversary,adaptive_adversary,heavy_flood,m11_pool1_r1_p15_dup0_s20260625,1800,512,8,1000.0,10000.0,False,0,pool1_r1_p15,1,1,15.0,,200,1,20260625,P3-Persist,True,300,1500,3780007,2311.930887,0.628604,0,0.0,0.0,145978.56,0.371396,17,4983,0,0,1604,7,45,22062,29303.0,0.0,453600.84,6832
m11_adaptive_adversary,adaptive_adversary,heavy_flood,m11_pool1_r1_p15_dup0_s20260626,1800,512,8,1000.0,10000.0,False,0,pool1_r1_p15,1,1,15.0,,200,1,20260626,BudgetDoS,True,300,1500,1261503,833.775942,0.585753,0,0.0,0.0,45884.16,0.414247,0,0,0,0,0,10,1070,247243,249519.0,0.0,151380.36,4192
m11_adaptive_adversary,adaptive_adversary,heavy_flood,m11_pool1_r1_p15_dup0_s20260626,1800,512,8,1000.0,10000.0,False,0,pool1_r1_p15,1,1,15.0,,200,1,20260626,P3-Persist,True,300,1500,3780007,2386.368056,0.61324,0.0,0.0,0.0,146502.72,0.38676,9,4991,0,0,1558,10,61,22018,29285.0,0.0,453600.84,6832
m11_adaptive_adversary,adaptive_adversary,heavy_flood,m11_pool1_r1_p15_dup0_s20260627,1800,512,8,1000.0,10000.0,False,0,pool1_r1_p15,1,1,15.0,,200,1,20260627,BudgetDoS,True,300,1500,1261491,840.433711,0.583366,0,0,0,45722.88,0.416634,0,0,0,0,0,10,1072,248313,250581.0,0.0,151378.92,4192
m11_adaptive_adversary,adaptive_adversary,heavy_flood,m11_pool1_r1_p15_dup0_s20260627,1800,512,8,1000.0,10000.0,False,0,pool1_r1_p15,1,1,15.0,,200,1,20260627,P3-Persist,True,300,1500,3780007,2252.685936,0.652157,0.0,0.0,0.0,146280.96,0.348232,14,4986,0,0,1648,9,72,22176,29432.0,0.0,453600.84,6832
m11_adaptive_adversary,adaptive_adversary,heavy_flood,m11_pool1_r1_p15_dup0_s20260628,1800,512,8,1000.0,10000.0,False,0,pool1_r1_p15,1,1,15.0,,200,1,20260628,BudgetDoS,True,300,1500,1261458,859.303815,0.58556,0.0,0.0,0.0,46126.08,0.41444,0,0,0,0,0,10,1039,247884,250172.0,0.0,151374.96,4192
m11_adaptive_adversary,adaptive_adversary,heavy_flood,m11_pool1_r1_p15_dup0_s20260628,1800,512,8,1000.0,10000.0,False,0,pool1_r1_p15,1,1,15.0,,200,1,20260628,P3-Persist,True,300,1500,3780007,2416.884271,0.623853,0.0,0.0,0.0,146563.2,0.377343,19,4981,0,0,1529,9,110,22221,29491.0,0.0,453600.84,6832
m11_adaptive_adversary,adaptive_adversary,heavy_flood,m11_pool1_r1_p15_dup0_s20260629,1800,512,8,1000.0,10000.0,False,0,pool1_r1_p15,1,1,15.0,,200,1,20260629,BudgetDoS,True,300,1500,1261489,842.115487,0.588143,0.0,0.0,0.0,45722.88,0.411857,0,0,0,0,0,9,1049,246839,249107.0,0.0,151378.68,4192
m11_adaptive_adversary,adaptive_adversary,heavy_flood,m11_pool1_r1_p15_dup0_s20260629,1800,512,8,1000.0,10000.0,False,0,pool1_r1_p15,1,1,15.0,,200,1,20260629,P3-Persist,True,300,1500,3780007,2277.112651,0.651747,0.0,0.0,0.0,146119.68,0.348253,20,4980,0,0,1624,9,53,21879,29127.0,0.0,453600.84,6832
m11_adaptive_adversary,adaptive_adversary,heavy_flood,m11_pool1_r1_p15_dup60_s20260610,1800,512,8,1000.0,10000.0,False,60,pool1_r1_p15,1,1,15.0,,200,1,20260610,BudgetDoS,True,300,1500,1260189,4345.47931,0.112099,0.0,0.0,0.0,504.0,0.887901,0,0,1636,249652,0,101,661,0,249677.0,0.9999,151222.68,4192
m11_adaptive_adversary,adaptive_adversary,heavy_flood,m11_pool1_r1_p15_dup60_s20260610,1800,512,8,1000.0,10000.0,False,60,pool1_r1_p15,1,1,15.0,,200,1,20260610,P3-Persist,True,300,1500,1340147,546.107172,0.948589,0.0,0.0,0.0,504.0,0.059142,159,0,27,249652,2243,41,8,0,249677.0,0.9999,160817.64,6832
m11_adaptive_adversary,adaptive_adversary,heavy_flood,m11_pool1_r1_p15_dup60_s20260611,1800,512,8,1000.0,10000.0,False,60,pool1_r1_p15,1,1,15.0,,200,1,20260611,BudgetDoS,True,300,1500,1260188,4300.982935,0.114319,0,0.0,0.0,504.0,0.885681,0,0,1636,249981,0,105,634,0,250006.0,0.9999,151222.56,4192
m11_adaptive_adversary,adaptive_adversary,heavy_flood,m11_pool1_r1_p15_dup60_s20260611,1800,512,8,1000.0,10000.0,False,60,pool1_r1_p15,1,1,15.0,,200,1,20260611,P3-Persist,True,300,1500,1336110,550.065871,0.947718,0,0.0,0.0,504.0,0.060476,151,0,31,249981,2231,41,10,0,250006.0,0.9999,160333.2,6832
m11_adaptive_adversary,adaptive_adversary,heavy_flood,m11_pool1_r1_p15_dup60_s20260612,1800,512,8,1000.0,10000.0,False,60,pool1_r1_p15,1,1,15.0,,200,1,20260612,BudgetDoS,True,300,1500,1260196,4330.570447,0.113142,0,0.0,0.0,504.0,0.886858,0,0,1637,249646,0,95,644,0,249671.0,0.9999,151223.52,4192
m11_adaptive_adversary,adaptive_adversary,heavy_flood,m11_pool1_r1_p15_dup60_s20260612,1800,512,8,1000.0,10000.0,False,60,pool1_r1_p15,1,1,15.0,,200,1,20260612,P3-Persist,True,300,1500,1344686,562.394814,0.929627,0,0.0,0.0,504.0,0.075816,168,0,71,249646,2174,35,3,0,249671.0,0.9999,161362.32,6832
m11_adaptive_adversary,adaptive_adversary,heavy_flood,m11_pool1_r1_p15_dup60_s20260613,1800,512,8,1000.0,10000.0,False,60,pool1_r1_p15,1,1,15.0,,200,1,20260613,BudgetDoS,True,300,1500,1260159,4286.255102,0.112085,0.0,0.0,0.0,504.0,0.887915,0,0,1665,250594,0,135,664,0,250619.0,0.9999,151219.08,4192
m11_adaptive_adversary,adaptive_adversary,heavy_flood,m11_pool1_r1_p15_dup60_s20260613,1800,512,8,1000.0,10000.0,False,60,pool1_r1_p15,1,1,15.0,,200,1,20260613,P3-Persist,True,300,1500,1342161,540.757857,0.946245,0.0,0.0,0.0,504.0,0.05833,163,0,32,250594,2251,59,5,0,250619.0,0.9999,161059.32,6832
m11_adaptive_adversary,adaptive_adversary,heavy_flood,m11_pool1_r1_p15_dup60_s20260614,1800,512,8,1000.0,10000.0,False,60,pool1_r1_p15,1,1,15.0,,200,1,20260614,BudgetDoS,True,300,1500,1260188,4360.512111,0.112758,0,0.0,0.0,504.0,0.887242,0,0,1610,249671,0,101,664,0,249696.0,0.9999,151222.56,4192
m11_adaptive_adversary,adaptive_adversary,heavy_flood,m11_pool1_r1_p15_dup60_s20260614,1800,512,8,1000.0,10000.0,False,60,pool1_r1_p15,1,1,15.0,,200,1,20260614,P3-Persist,True,300,1500,1346190,556.967315,0.943036,0,0.0,0.0,504.0,0.062427,171,0,32,249671,2196,44,6,0,249696.0,0.9999,161542.8,6832
m11_adaptive_adversary,adaptive_adversary,heavy_flood,m11_pool1_r1_p15_dup60_s20260615,1800,512,8,1000.0,10000.0,False,60,pool1_r1_p15,1,1,15.0,,200,1,20260615,BudgetDoS,True,300,1500,1260176,4468.70922,0.11262,0.0,0.0,0.0,504.0,0.88738,0,0,1560,249246,0,106,662,0,249271.0,0.9999,151221.12,4192
m11_adaptive_adversary,adaptive_adversary,heavy_flood,m11_pool1_r1_p15_dup60_s20260615,1800,512,8,1000.0,10000.0,False,60,pool1_r1_p15,1,1,15.0,,200,1,20260615,P3-Persist,True,300,1500,1345181,571.202123,0.940495,0,0.0,0.0,504.0,0.061901,169,0,34,249246,2157,24,8,0,249271.0,0.9999,161421.72,6832
m11_adaptive_adversary,adaptive_adversary,heavy_flood,m11_pool1_r1_p15_dup60_s20260616,1800,512,8,1000.0,10000.0,False,60,pool1_r1_p15,1,1,15.0,,200,1,20260616,BudgetDoS,True,300,1500,1260175,4684.665428,0.108076,0,0.0,0.0,504.0,0.891924,0,0,1565,249887,0,94,655,0,249912.0,0.9999,151221.0,4192
m11_adaptive_adversary,adaptive_adversary,heavy_flood,m11_pool1_r1_p15_dup60_s20260616,1800,512,8,1000.0,10000.0,False,60,pool1_r1_p15,1,1,15.0,,200,1,20260616,P3-Persist,True,300,1500,1333095,569.698718,0.940137,0.0,0.0,0.0,504.0,0.064283,145,0,39,249887,2149,31,5,0,249912.0,0.9999,159971.4,6832
m11_adaptive_adversary,adaptive_adversary,heavy_flood,m11_pool1_r1_p15_dup60_s20260617,1800,512,8,1000.0,10000.0,False,60,pool1_r1_p15,1,1,15.0,,200,1,20260617,BudgetDoS,True,300,1500,1260172,4791.528517,0.105963,0,0.0,0.0,504.0,0.894037,0,0,1513,250559,0,91,706,0,250584.0,0.9999,151220.64,4192
m11_adaptive_adversary,adaptive_adversary,heavy_flood,m11_pool1_r1_p15_dup60_s20260617,1800,512,8,1000.0,10000.0,False,60,pool1_r1_p15,1,1,15.0,,200,1,20260617,P3-Persist,True,300,1500,1348716,576.374359,0.942788,0.0,0.0,0.0,504.0,0.062853,176,0,33,250559,2120,32,8,0,250584.0,0.9999,161845.92,6832
m11_adaptive_adversary,adaptive_adversary,heavy_flood,m11_pool1_r1_p15_dup60_s20260618,1800,512,8,1000.0,10000.0,False,60,pool1_r1_p15,1,1,15.0,,200,1,20260618,BudgetDoS,True,300,1500,1260179,4315.681507,0.117411,0.0,0.0,0.0,504.0,0.882589,0,0,1548,249490,0,113,647,0,249515.0,0.9999,151221.48,4192
m11_adaptive_adversary,adaptive_adversary,heavy_flood,m11_pool1_r1_p15_dup60_s20260618,1800,512,8,1000.0,10000.0,False,60,pool1_r1_p15,1,1,15.0,,200,1,20260618,P3-Persist,True,300,1500,1336620,569.987207,0.942903,0,0.0,0.0,504.0,0.061922,152,0,33,249490,2140,41,4,0,249515.0,0.9999,160394.4,6832
m11_adaptive_adversary,adaptive_adversary,heavy_flood,m11_pool1_r1_p15_dup60_s20260619,1800,512,8,1000.0,10000.0,False,60,pool1_r1_p15,1,1,15.0,,200,1,20260619,BudgetDoS,True,300,1500,1260190,4390.905923,0.11176,0,0.0,0.0,504.0,0.88824,0,0,1635,249227,0,97,646,0,249252.0,0.9999,151222.8,4192
m11_adaptive_adversary,adaptive_adversary,heavy_flood,m11_pool1_r1_p15_dup60_s20260619,1800,512,8,1000.0,10000.0,False,60,pool1_r1_p15,1,1,15.0,,200,1,20260619,P3-Persist,True,300,1500,1341659,551.442252,0.94743,0,0.0,0.0,504.0,0.055685,162,0,28,249227,2224,36,9,0,249252.0,0.9999,160999.08,6832
m11_adaptive_adversary,adaptive_adversary,heavy_flood,m11_pool1_r1_p15_dup60_s20260620,1800,512,8,1000.0,10000.0,False,60,pool1_r1_p15,1,1,15.0,,200,1,20260620,BudgetDoS,True,300,1500,1260178,4390.864111,0.112859,0,0.0,0.0,504.0,0.887141,0,0,1578,250495,0,109,678,0,250520.0,0.9999,151221.36,4192
m11_adaptive_adversary,adaptive_adversary,heavy_flood,m11_pool1_r1_p15_dup60_s20260620,1800,512,8,1000.0,10000.0,False,60,pool1_r1_p15,1,1,15.0,,200,1,20260620,P3-Persist,True,300,1500,1339644,560.520502,0.939835,0.0,0.0,0.0,504.0,0.06685,158,0,51,250495,2182,38,2,0,250520.0,0.9999,160757.28,6832
m11_adaptive_adversary,adaptive_adversary,heavy_flood,m11_pool1_r1_p15_dup60_s20260621,1800,512,8,1000.0,10000.0,False,60,pool1_r1_p15,1,1,15.0,,200,1,20260621,BudgetDoS,True,300,1500,1260149,4684.568773,0.105449,0,0.0,0.0,504.0,0.894551,0,0,1575,250210,0,120,707,0,250235.0,0.9999,151217.88,4192
m11_adaptive_adversary,adaptive_adversary,heavy_flood,m11_pool1_r1_p15_dup60_s20260621,1800,512,8,1000.0,10000.0,False,60,pool1_r1_p15,1,1,15.0,,200,1,20260621,P3-Persist,True,300,1500,1351233,562.076955,0.942376,0.0,0.0,0.0,504.0,0.063897,181,0,36,250210,2179,35,3,0,250235.0,0.9999,162147.96,6832
m11_adaptive_adversary,adaptive_adversary,heavy_flood,m11_pool1_r1_p15_dup60_s20260622,1800,512,8,1000.0,10000.0,False,60,pool1_r1_p15,1,1,15.0,,200,1,20260622,BudgetDoS,True,300,1500,1260161,4809.774809,0.103803,0.0,0.0,0.0,504.0,0.896197,0,0,1615,249640,0,101,647,0,249665.0,0.9999,151219.32,4192
m11_adaptive_adversary,adaptive_adversary,heavy_flood,m11_pool1_r1_p15_dup60_s20260622,1800,512,8,1000.0,10000.0,False,60,pool1_r1_p15,1,1,15.0,,200,1,20260622,P3-Persist,True,300,1500,1331578,559.251575,0.943344,0,0,0.0,504.0,0.063391,142,0,41,249640,2196,33,3,0,249665.0,0.9999,159789.36,6832
m11_adaptive_adversary,adaptive_adversary,heavy_flood,m11_pool1_r1_p15_dup60_s20260623,1800,512,8,1000.0,10000.0,False,60,pool1_r1_p15,1,1,15.0,,200,1,20260623,BudgetDoS,True,300,1500,1260172,4330.487973,0.112966,0,0.0,0.0,504.0,0.887034,0,0,1630,250241,0,119,655,0,250266.0,0.9999,151220.64,4192
m11_adaptive_adversary,adaptive_adversary,heavy_flood,m11_pool1_r1_p15_dup60_s20260623,1800,512,8,1000.0,10000.0,False,60,pool1_r1_p15,1,1,15.0,,200,1,20260623,P3-Persist,True,300,1500,1327542,546.31358,0.943323,0.0,0.0,0.0,504.0,0.060559,134,0,42,250241,2251,39,4,0,250266.0,0.9999,159305.04,6832
m11_adaptive_adversary,adaptive_adversary,heavy_flood,m11_pool1_r1_p15_dup60_s20260624,1800,512,8,1000.0,10000.0,False,60,pool1_r1_p15,1,1,15.0,,200,1,20260624,BudgetDoS,True,300,1500,1260181,4104.824104,0.118213,0,0.0,0.0,504.0,0.881787,0,0,1648,250032,0,126,642,0,250057.0,0.9999,151221.72,4192
m11_adaptive_adversary,adaptive_adversary,heavy_flood,m11_pool1_r1_p15_dup60_s20260624,1800,512,8,1000.0,10000.0,False,60,pool1_r1_p15,1,1,15.0,,200,1,20260624,P3-Persist,True,300,1500,1335105,545.163332,0.943011,0,0.0,0.0,504.0,0.061995,149,0,36,250032,2246,45,6,0,250057.0,0.9999,160212.6,6832
m11_adaptive_adversary,adaptive_adversary,heavy_flood,m11_pool1_r1_p15_dup60_s20260625,1800,512,8,1000.0,10000.0,False,60,pool1_r1_p15,1,1,15.0,,200,1,20260625,BudgetDoS,True,300,1500,1260189,4214.67893,0.114956,0,0.0,0.0,504.0,0.885044,0,0,1636,250189,0,110,666,0,250214.0,0.9999,151222.68,4192
m11_adaptive_adversary,adaptive_adversary,heavy_flood,m11_pool1_r1_p15_dup60_s20260625,1800,512,8,1000.0,10000.0,False,60,pool1_r1_p15,1,1,15.0,,200,1,20260625,P3-Persist,True,300,1500,1332581,542.58184,0.944252,0.0,0.0,0.0,504.0,0.059977,144,0,38,250189,2268,39,2,0,250214.0,0.9999,159909.72,6832
m11_adaptive_adversary,adaptive_adversary,heavy_flood,m11_pool1_r1_p15_dup60_s20260626,1800,512,8,1000.0,10000.0,False,60,pool1_r1_p15,1,1,15.0,,200,1,20260626,BudgetDoS,True,300,1500,1260192,4549.429603,0.10724,0,0.0,0.0,504.0,0.89276,0,0,1613,249494,0,85,693,0,249519.0,0.9999,151223.04,4192
m11_adaptive_adversary,adaptive_adversary,heavy_flood,m11_pool1_r1_p15_dup60_s20260626,1800,512,8,1000.0,10000.0,False,60,pool1_r1_p15,1,1,15.0,,200,1,20260626,P3-Persist,True,300,1500,1350225,548.20341,0.953542,0,0.0,0.0,504.0,0.053039,179,0,19,249494,2245,30,7,0,249519.0,0.9999,162027.0,6832
m11_adaptive_adversary,adaptive_adversary,heavy_flood,m11_pool1_r1_p15_dup60_s20260627,1800,512,8,1000.0,10000.0,False,60,pool1_r1_p15,1,1,15.0,,200,1,20260627,BudgetDoS,True,300,1500,1260183,4360.49481,0.11232,0,0.0,0.0,504.0,0.88768,0,0,1601,250556,0,106,683,0,250581.0,0.9999,151221.96,4192
m11_adaptive_adversary,adaptive_adversary,heavy_flood,m11_pool1_r1_p15_dup60_s20260627,1800,512,8,1000.0,10000.0,False,60,pool1_r1_p15,1,1,15.0,,200,1,20260627,P3-Persist,True,300,1500,1341655,552.576194,0.943646,0.0,0.0,0.0,504.0,0.059852,162,0,32,250556,2220,39,8,0,250581.0,0.9999,160998.6,6832
m11_adaptive_adversary,adaptive_adversary,heavy_flood,m11_pool1_r1_p15_dup60_s20260628,1800,512,8,1000.0,10000.0,False,60,pool1_r1_p15,1,1,15.0,,200,1,20260628,BudgetDoS,True,300,1500,1260175,4158.993399,0.120862,0,0.0,0.0,504.0,0.879138,0,0,1573,250147,0,128,631,0,250172.0,0.9999,151221.0,4192
m11_adaptive_adversary,adaptive_adversary,heavy_flood,m11_pool1_r1_p15_dup60_s20260628,1800,512,8,1000.0,10000.0,False,60,pool1_r1_p15,1,1,15.0,,200,1,20260628,P3-Persist,True,300,1500,1333594,562.460565,0.945752,0,0.0,30.0,504.0,0.063821,146,0,28,250147,2178,37,8,0,250172.0,0.9999,160031.28,6832
m11_adaptive_adversary,adaptive_adversary,heavy_flood,m11_pool1_r1_p15_dup60_s20260629,1800,512,8,1000.0,10000.0,False,60,pool1_r1_p15,1,1,15.0,,200,1,20260629,BudgetDoS,True,300,1500,1260182,4390.878049,0.112682,0,0.0,0.0,504.0,0.887318,0,0,1596,249082,0,105,664,0,249107.0,0.9999,151221.84,4192
m11_adaptive_adversary,adaptive_adversary,heavy_flood,m11_pool1_r1_p15_dup60_s20260629,1800,512,8,1000.0,10000.0,False,60,pool1_r1_p15,1,1,15.0,,200,1,20260629,P3-Persist,True,300,1500,1341150,561.150628,0.938359,0.0,0.0,0.0,504.0,0.065567,161,0,40,249082,2183,40,10,0,249107.0,0.9999,160938.0,6832
m11_adaptive_adversary,adaptive_adversary,heavy_flood,m11_pool1_r4_p15_dup0_s20260610,1800,512,8,1000.0,10000.0,False,0,pool1_r4_p15,1,4,15.0,,200,1,20260610,BudgetDoS,True,300,1500,1261535,816.527508,0.597217,0,0.0,0.0,45339.84,0.402783,0,0,0,0,0,10,1042,247428,249677.0,0.0,151384.2,4192
m11_adaptive_adversary,adaptive_adversary,heavy_flood,m11_pool1_r4_p15_dup0_s20260610,1800,512,8,1000.0,10000.0,False,0,pool1_r4_p15,1,4,15.0,,200,1,20260610,P3-Persist,True,300,1500,3780007,2266.191247,0.644762,0.0,0.0,0.0,145756.8,0.356784,21,4979,0,0,1632,8,55,22116,29346.0,0.0,453600.84,6832
m11_adaptive_adversary,adaptive_adversary,heavy_flood,m11_pool1_r4_p15_dup0_s20260611,1800,512,8,1000.0,10000.0,False,0,pool1_r4_p15,1,4,15.0,,200,1,20260611,BudgetDoS,True,300,1500,1261536,816.0,0.603199,0.0,0.0,0.0,45339.84,0.396801,0,0,0,0,0,10,1017,247757,250006.0,0.0,151384.32,4192
m11_adaptive_adversary,adaptive_adversary,heavy_flood,m11_pool1_r4_p15_dup0_s20260611,1800,512,8,1000.0,10000.0,False,0,pool1_r4_p15,1,4,15.0,,200,1,20260611,P3-Persist,True,300,1500,3780007,2217.012903,0.665236,0,0.0,0.0,145797.12,0.336715,18,4982,0,0,1671,9,76,22051,29283.0,0.0,453600.84,6832
m11_adaptive_adversary,adaptive_adversary,heavy_flood,m11_pool1_r4_p15_dup0_s20260612,1800,512,8,1000.0,10000.0,False,0,pool1_r4_p15,1,4,15.0,,200,1,20260612,BudgetDoS,True,300,1500,1260938,1327.303158,0.369362,0.0,0.0,0.0,44896.32,0.630638,0,0,0,0,0,12,1622,247444,249671.0,0.0,151312.56,4192
m11_adaptive_adversary,adaptive_adversary,heavy_flood,m11_pool1_r4_p15_dup0_s20260612,1800,512,8,1000.0,10000.0,False,0,pool1_r4_p15,1,4,15.0,,200,1,20260612,P3-Persist,True,300,1500,3780007,2183.712883,0.673017,0,0.0,0.0,145474.56,0.327372,18,4982,0,0,1701,5,55,22039,29255.0,0.0,453600.84,6832
m11_adaptive_adversary,adaptive_adversary,heavy_flood,m11_pool1_r4_p15_dup0_s20260613,1800,512,8,1000.0,10000.0,False,0,pool1_r4_p15,1,4,15.0,,200,1,20260613,BudgetDoS,True,300,1500,1261528,819.706303,0.586733,0,0.0,0.0,45521.28,0.413267,0,0,0,0,0,11,1084,248361,250619.0,0.0,151383.36,4192
m11_adaptive_adversary,adaptive_adversary,heavy_flood,m11_pool1_r4_p15_dup0_s20260613,1800,512,8,1000.0,10000.0,False,0,pool1_r4_p15,1,4,15.0,,200,1,20260613,P3-Persist,True,300,1500,3780007,2205.371645,0.65345,0.0,0.0,0.0,146059.2,0.346931,14,4986,0,0,1683,10,44,22148,29393.0,0.0,453600.84,6832
m11_adaptive_adversary,adaptive_adversary,heavy_flood,m11_pool1_r4_p15_dup0_s20260614,1800,512,8,1000.0,10000.0,False,0,pool1_r4_p15,1,4,15.0,,200,1,20260614,BudgetDoS,True,300,1500,1261539,815.474467,0.60359,0,0.0,0.0,45964.8,0.39641,0,0,0,0,0,8,1016,247416,249696.0,0.0,151384.68,4192
m11_adaptive_adversary,adaptive_adversary,heavy_flood,m11_pool1_r4_p15_dup0_s20260614,1800,512,8,1000.0,10000.0,False,0,pool1_r4_p15,1,4,15.0,,200,1,20260614,P3-Persist,True,300,1500,3780008,2366.943018,0.623098,0,0.0,0.0,146502.72,0.377292,14,4986,0,0,1568,7,51,22146,29413.0,0.0,453600.96,6832
m11_adaptive_adversary,adaptive_adversary,heavy_flood,m11_pool1_r4_p15_dup0_s20260615,1800,512,8,1000.0,10000.0,False,0,pool1_r4_p15,1,4,15.0,,200,1,20260615,BudgetDoS,True,300,1500,1261496,838.203322,0.601038,0,0.0,0.0,45702.72,0.398962,0,0,0,0,0,9,999,247004,249271.0,0.0,151379.52,4192
m11_adaptive_adversary,adaptive_adversary,heavy_flood,m11_pool1_r4_p15_dup0_s20260615,1800,512,8,1000.0,10000.0,False,0,pool1_r4_p15,1,4,15.0,,200,1,20260615,P3-Persist,True,300,1500,3780007,2313.345777,0.652556,0.0,0.0,0.0,146260.8,0.347444,13,4987,0,0,1606,8,54,22057,29312.0,0.0,453600.84,6832
m11_adaptive_adversary,adaptive_adversary,heavy_flood,m11_pool1_r4_p15_dup0_s20260616,1800,512,8,1000.0,10000.0,False,0,pool1_r4_p15,1,4,15.0,,200,1,20260616,BudgetDoS,True,300,1500,1261484,846.065728,0.599036,0,0.0,0.0,45581.76,0.400964,0,0,0,0,0,7,998,247651,249912.0,0.0,151378.08,4192
m11_adaptive_adversary,adaptive_adversary,heavy_flood,m11_pool1_r4_p15_dup0_s20260616,1800,512,8,1000.0,10000.0,False,0,pool1_r4_p15,1,4,15.0,,200,1,20260616,P3-Persist,True,300,1500,3780007,2545.459259,0.596625,0,0.0,0.0,146139.84,0.403375,14,4986,0,0,1459,5,54,21987,29236.0,0.0,453600.84,6832
m11_adaptive_adversary,adaptive_adversary,heavy_flood,m11_pool1_r4_p15_dup0_s20260617,1800,512,8,1000.0,10000.0,False,0,pool1_r4_p15,1,4,15.0,,200,1,20260617,BudgetDoS,True,300,1500,1261398,898.431624,0.565673,0.0,0.0,0.0,45158.4,0.434327,0,0,0,0,0,6,1078,248344,250584.0,0.0,151367.76,4192
m11_adaptive_adversary,adaptive_adversary,heavy_flood,m11_pool1_r4_p15_dup0_s20260617,1800,512,8,1000.0,10000.0,False,0,pool1_r4_p15,1,4,15.0,,200,1,20260617,P3-Persist,True,300,1500,3780008,2350.751244,0.647865,0.0,0.0,0.0,145615.68,0.352941,19,4981,0,0,1577,4,109,22207,29430.0,0.0,453600.96,6832
m11_adaptive_adversary,adaptive_adversary,heavy_flood,m11_pool1_r4_p15_dup0_s20260618,1800,512,8,1000.0,10000.0,False,0,pool1_r4_p15,1,4,15.0,,200,1,20260618,BudgetDoS,True,300,1500,1261400,896.517413,0.565742,0,0.0,0.0,45360.0,0.434258,0,0,0,0,0,7,1080,247265,249515.0,0.0,151368.0,4192
m11_adaptive_adversary,adaptive_adversary,heavy_flood,m11_pool1_r4_p15_dup0_s20260618,1800,512,8,1000.0,10000.0,False,0,pool1_r4_p15,1,4,15.0,,200,1,20260618,P3-Persist,True,300,1500,3780007,2353.678082,0.645758,0.0,0.0,0.0,145837.44,0.354644,17,4983,0,0,1576,6,42,22099,29333.0,0.0,453600.84,6832
m11_adaptive_adversary,adaptive_adversary,heavy_flood,m11_pool1_r4_p15_dup0_s20260619,1800,512,8,1000.0,10000.0,False,0,pool1_r4_p15,1,4,15.0,,200,1,20260619,BudgetDoS,True,300,1500,1261510,830.487163,0.591511,0,0.0,0.0,45622.08,0.408489,0,0,0,0,0,9,1049,246989,249252.0,0.0,151381.2,4192
m11_adaptive_adversary,adaptive_adversary,heavy_flood,m11_pool1_r4_p15_dup0_s20260619,1800,512,8,1000.0,10000.0,False,0,pool1_r4_p15,1,4,15.0,,200,1,20260619,P3-Persist,True,300,1500,3780006,2293.692961,0.641745,0.0,0.0,0.0,146180.16,0.358645,13,4987,0,0,1621,8,73,22171,29422.0,0.0,453600.72,6832
m11_adaptive_adversary,adaptive_adversary,heavy_flood,m11_pool1_r4_p15_dup0_s20260620,1800,512,8,1000.0,10000.0,False,0,pool1_r4_p15,1,4,15.0,,200,1,20260620,BudgetDoS,True,300,1500,1261463,854.07109,0.58081,0,0.0,0.0,45864.0,0.41919,0,0,0,0,0,14,1066,248245,250520.0,0.0,151375.56,4192
m11_adaptive_adversary,adaptive_adversary,heavy_flood,m11_pool1_r4_p15_dup0_s20260620,1800,512,8,1000.0,10000.0,False,0,pool1_r4_p15,1,4,15.0,,200,1,20260620,P3-Persist,True,300,1500,3780006,2493.407652,0.596146,0.0,0.0,0.0,146321.28,0.40464,18,4982,0,0,1479,13,71,22264,29522.0,0.0,453600.72,6832
m11_adaptive_adversary,adaptive_adversary,heavy_flood,m11_pool1_r4_p15_dup0_s20260621,1800,512,8,1000.0,10000.0,False,0,pool1_r4_p15,1,4,15.0,,200,1,20260621,BudgetDoS,True,300,1500,1260959,1295.94964,0.381419,0,0.0,0.0,45581.76,0.618581,0,0,0,0,0,14,1578,247974,250235.0,0.0,151315.08,4192
m11_adaptive_adversary,adaptive_adversary,heavy_flood,m11_pool1_r4_p15_dup0_s20260621,1800,512,8,1000.0,10000.0,False,0,pool1_r4_p15,1,4,15.0,,200,1,20260621,P3-Persist,True,300,1500,3780006,2260.769139,0.655429,0.0,0.0,0.0,146099.52,0.346139,18,4982,0,0,1638,10,52,22135,29382.0,0.0,453600.72,6832
m11_adaptive_adversary,adaptive_adversary,heavy_flood,m11_pool1_r4_p15_dup0_s20260622,1800,512,8,1000.0,10000.0,False,0,pool1_r4_p15,1,4,15.0,,200,1,20260622,BudgetDoS,True,300,1500,1261543,813.89871,0.614105,0.0,0.0,0.0,46166.4,0.385895,0,0,0,0,0,7,974,247375,249665.0,0.0,151385.16,4192
m11_adaptive_adversary,adaptive_adversary,heavy_flood,m11_pool1_r4_p15_dup0_s20260622,1800,512,8,1000.0,10000.0,False,0,pool1_r4_p15,1,4,15.0,,200,1,20260622,P3-Persist,True,300,1500,3780007,2303.477757,0.650158,0,0,0.0,146744.64,0.350238,11,4989,0,0,1616,7,41,22075,29354.0,0.0,453600.84,6832
m11_adaptive_adversary,adaptive_adversary,heavy_flood,m11_pool1_r4_p15_dup0_s20260623,1800,512,8,1000.0,10000.0,False,0,pool1_r4_p15,1,4,15.0,,200,1,20260623,BudgetDoS,True,300,1500,1261451,864.007534,0.56677,0.0,0.0,0.0,46347.84,0.43323,0,0,0,0,0,9,1116,247967,250266.0,0.0,151374.12,4192
m11_adaptive_adversary,adaptive_adversary,heavy_flood,m11_pool1_r4_p15_dup0_s20260623,1800,512,8,1000.0,10000.0,False,0,pool1_r4_p15,1,4,15.0,,200,1,20260623,P3-Persist,True,300,1500,3780007,2267.55069,0.647127,0,0.0,0.0,146966.4,0.352873,10,4990,0,0,1642,8,72,22170,29460.0,0.0,453600.84,6832
m11_adaptive_adversary,adaptive_adversary,heavy_flood,m11_pool1_r4_p15_dup0_s20260624,1800,512,8,1000.0,10000.0,False,0,pool1_r4_p15,1,4,15.0,,200,1,20260624,BudgetDoS,True,300,1500,1261502,832.674587,0.583365,0,0.0,0.0,45521.28,0.416635,0,0,0,0,0,13,1082,247799,250057.0,0.0,151380.24,4192
m11_adaptive_adversary,adaptive_adversary,heavy_flood,m11_pool1_r4_p15_dup0_s20260624,1800,512,8,1000.0,10000.0,False,0,pool1_r4_p15,1,4,15.0,,200,1,20260624,P3-Persist,True,300,1500,3780008,2207.948598,0.659222,0.0,0.0,0.0,146059.2,0.341548,14,4986,0,0,1678,12,64,22247,29492.0,0.0,453600.96,6832
m11_adaptive_adversary,adaptive_adversary,heavy_flood,m11_pool1_r4_p15_dup0_s20260625,1800,512,8,1000.0,10000.0,False,0,pool1_r4_p15,1,4,15.0,,200,1,20260625,BudgetDoS,True,300,1500,1261487,844.93436,0.57401,0,0.0,0.0,45541.44,0.42599,0,0,0,0,0,6,1108,247955,250214.0,0.0,151378.44,4192
m11_adaptive_adversary,adaptive_adversary,heavy_flood,m11_pool1_r4_p15_dup0_s20260625,1800,512,8,1000.0,10000.0,False,0,pool1_r4_p15,1,4,15.0,,200,1,20260625,P3-Persist,True,300,1500,3780007,2311.930887,0.628604,0,0.0,0.0,145978.56,0.371396,17,4983,0,0,1604,7,45,22062,29303.0,0.0,453600.84,6832
m11_adaptive_adversary,adaptive_adversary,heavy_flood,m11_pool1_r4_p15_dup0_s20260626,1800,512,8,1000.0,10000.0,False,0,pool1_r4_p15,1,4,15.0,,200,1,20260626,BudgetDoS,True,300,1500,1261503,833.775942,0.585753,0,0.0,0.0,45884.16,0.414247,0,0,0,0,0,10,1070,247243,249519.0,0.0,151380.36,4192
m11_adaptive_adversary,adaptive_adversary,heavy_flood,m11_pool1_r4_p15_dup0_s20260626,1800,512,8,1000.0,10000.0,False,0,pool1_r4_p15,1,4,15.0,,200,1,20260626,P3-Persist,True,300,1500,3780007,2386.368056,0.61324,0.0,0.0,0.0,146502.72,0.38676,9,4991,0,0,1558,10,61,22018,29285.0,0.0,453600.84,6832
m11_adaptive_adversary,adaptive_adversary,heavy_flood,m11_pool1_r4_p15_dup0_s20260627,1800,512,8,1000.0,10000.0,False,0,pool1_r4_p15,1,4,15.0,,200,1,20260627,BudgetDoS,True,300,1500,1261491,840.433711,0.583366,0,0,0,45722.88,0.416634,0,0,0,0,0,10,1072,248313,250581.0,0.0,151378.92,4192
m11_adaptive_adversary,adaptive_adversary,heavy_flood,m11_pool1_r4_p15_dup0_s20260627,1800,512,8,1000.0,10000.0,False,0,pool1_r4_p15,1,4,15.0,,200,1,20260627,P3-Persist,True,300,1500,3780007,2252.685936,0.652157,0.0,0.0,0.0,146280.96,0.348232,14,4986,0,0,1648,9,72,22176,29432.0,0.0,453600.84,6832
m11_adaptive_adversary,adaptive_adversary,heavy_flood,m11_pool1_r4_p15_dup0_s20260628,1800,512,8,1000.0,10000.0,False,0,pool1_r4_p15,1,4,15.0,,200,1,20260628,BudgetDoS,True,300,1500,1261458,859.303815,0.58556,0.0,0.0,0.0,46126.08,0.41444,0,0,0,0,0,10,1039,247884,250172.0,0.0,151374.96,4192
m11_adaptive_adversary,adaptive_adversary,heavy_flood,m11_pool1_r4_p15_dup0_s20260628,1800,512,8,1000.0,10000.0,False,0,pool1_r4_p15,1,4,15.0,,200,1,20260628,P3-Persist,True,300,1500,3780007,2416.884271,0.623853,0.0,0.0,0.0,146563.2,0.377343,19,4981,0,0,1529,9,110,22221,29491.0,0.0,453600.84,6832
m11_adaptive_adversary,adaptive_adversary,heavy_flood,m11_pool1_r4_p15_dup0_s20260629,1800,512,8,1000.0,10000.0,False,0,pool1_r4_p15,1,4,15.0,,200,1,20260629,BudgetDoS,True,300,1500,1261489,842.115487,0.588143,0.0,0.0,0.0,45722.88,0.411857,0,0,0,0,0,9,1049,246839,249107.0,0.0,151378.68,4192
m11_adaptive_adversary,adaptive_adversary,heavy_flood,m11_pool1_r4_p15_dup0_s20260629,1800,512,8,1000.0,10000.0,False,0,pool1_r4_p15,1,4,15.0,,200,1,20260629,P3-Persist,True,300,1500,3780007,2277.112651,0.651747,0.0,0.0,0.0,146119.68,0.348253,20,4980,0,0,1624,9,53,21879,29127.0,0.0,453600.84,6832
m11_adaptive_adversary,adaptive_adversary,heavy_flood,m11_pool1_r4_p15_dup60_s20260610,1800,512,8,1000.0,10000.0,False,60,pool1_r4_p15,1,4,15.0,,200,1,20260610,BudgetDoS,True,300,1500,1260189,4345.47931,0.112099,0.0,0.0,0.0,504.0,0.887901,0,0,1636,249652,0,101,661,0,249677.0,0.9999,151222.68,4192
m11_adaptive_adversary,adaptive_adversary,heavy_flood,m11_pool1_r4_p15_dup60_s20260610,1800,512,8,1000.0,10000.0,False,60,pool1_r4_p15,1,4,15.0,,200,1,20260610,P3-Persist,True,300,1500,1340147,546.107172,0.948589,0.0,0.0,0.0,504.0,0.059142,159,0,27,249652,2243,41,8,0,249677.0,0.9999,160817.64,6832
m11_adaptive_adversary,adaptive_adversary,heavy_flood,m11_pool1_r4_p15_dup60_s20260611,1800,512,8,1000.0,10000.0,False,60,pool1_r4_p15,1,4,15.0,,200,1,20260611,BudgetDoS,True,300,1500,1260188,4300.982935,0.114319,0,0.0,0.0,504.0,0.885681,0,0,1636,249981,0,105,634,0,250006.0,0.9999,151222.56,4192
m11_adaptive_adversary,adaptive_adversary,heavy_flood,m11_pool1_r4_p15_dup60_s20260611,1800,512,8,1000.0,10000.0,False,60,pool1_r4_p15,1,4,15.0,,200,1,20260611,P3-Persist,True,300,1500,1336110,550.065871,0.947718,0,0.0,0.0,504.0,0.060476,151,0,31,249981,2231,41,10,0,250006.0,0.9999,160333.2,6832
m11_adaptive_adversary,adaptive_adversary,heavy_flood,m11_pool1_r4_p15_dup60_s20260612,1800,512,8,1000.0,10000.0,False,60,pool1_r4_p15,1,4,15.0,,200,1,20260612,BudgetDoS,True,300,1500,1260196,4330.570447,0.113142,0,0.0,0.0,504.0,0.886858,0,0,1637,249646,0,95,644,0,249671.0,0.9999,151223.52,4192
m11_adaptive_adversary,adaptive_adversary,heavy_flood,m11_pool1_r4_p15_dup60_s20260612,1800,512,8,1000.0,10000.0,False,60,pool1_r4_p15,1,4,15.0,,200,1,20260612,P3-Persist,True,300,1500,1344686,562.394814,0.929627,0,0.0,0.0,504.0,0.075816,168,0,71,249646,2174,35,3,0,249671.0,0.9999,161362.32,6832
m11_adaptive_adversary,adaptive_adversary,heavy_flood,m11_pool1_r4_p15_dup60_s20260613,1800,512,8,1000.0,10000.0,False,60,pool1_r4_p15,1,4,15.0,,200,1,20260613,BudgetDoS,True,300,1500,1260159,4286.255102,0.112085,0.0,0.0,0.0,504.0,0.887915,0,0,1665,250594,0,135,664,0,250619.0,0.9999,151219.08,4192
m11_adaptive_adversary,adaptive_adversary,heavy_flood,m11_pool1_r4_p15_dup60_s20260613,1800,512,8,1000.0,10000.0,False,60,pool1_r4_p15,1,4,15.0,,200,1,20260613,P3-Persist,True,300,1500,1342161,540.757857,0.946245,0.0,0.0,0.0,504.0,0.05833,163,0,32,250594,2251,59,5,0,250619.0,0.9999,161059.32,6832
m11_adaptive_adversary,adaptive_adversary,heavy_flood,m11_pool1_r4_p15_dup60_s20260614,1800,512,8,1000.0,10000.0,False,60,pool1_r4_p15,1,4,15.0,,200,1,20260614,BudgetDoS,True,300,1500,1260188,4360.512111,0.112758,0,0.0,0.0,504.0,0.887242,0,0,1610,249671,0,101,664,0,249696.0,0.9999,151222.56,4192
m11_adaptive_adversary,adaptive_adversary,heavy_flood,m11_pool1_r4_p15_dup60_s20260614,1800,512,8,1000.0,10000.0,False,60,pool1_r4_p15,1,4,15.0,,200,1,20260614,P3-Persist,True,300,1500,1346190,556.967315,0.943036,0,0.0,0.0,504.0,0.062427,171,0,32,249671,2196,44,6,0,249696.0,0.9999,161542.8,6832
m11_adaptive_adversary,adaptive_adversary,heavy_flood,m11_pool1_r4_p15_dup60_s20260615,1800,512,8,1000.0,10000.0,False,60,pool1_r4_p15,1,4,15.0,,200,1,20260615,BudgetDoS,True,300,1500,1260176,4468.70922,0.11262,0.0,0.0,0.0,504.0,0.88738,0,0,1560,249246,0,106,662,0,249271.0,0.9999,151221.12,4192
m11_adaptive_adversary,adaptive_adversary,heavy_flood,m11_pool1_r4_p15_dup60_s20260615,1800,512,8,1000.0,10000.0,False,60,pool1_r4_p15,1,4,15.0,,200,1,20260615,P3-Persist,True,300,1500,1345181,571.202123,0.940495,0,0.0,0.0,504.0,0.061901,169,0,34,249246,2157,24,8,0,249271.0,0.9999,161421.72,6832
m11_adaptive_adversary,adaptive_adversary,heavy_flood,m11_pool1_r4_p15_dup60_s20260616,1800,512,8,1000.0,10000.0,False,60,pool1_r4_p15,1,4,15.0,,200,1,20260616,BudgetDoS,True,300,1500,1260175,4684.665428,0.108076,0,0.0,0.0,504.0,0.891924,0,0,1565,249887,0,94,655,0,249912.0,0.9999,151221.0,4192
m11_adaptive_adversary,adaptive_adversary,heavy_flood,m11_pool1_r4_p15_dup60_s20260616,1800,512,8,1000.0,10000.0,False,60,pool1_r4_p15,1,4,15.0,,200,1,20260616,P3-Persist,True,300,1500,1333095,569.698718,0.940137,0.0,0.0,0.0,504.0,0.064283,145,0,39,249887,2149,31,5,0,249912.0,0.9999,159971.4,6832
m11_adaptive_adversary,adaptive_adversary,heavy_flood,m11_pool1_r4_p15_dup60_s20260617,1800,512,8,1000.0,10000.0,False,60,pool1_r4_p15,1,4,15.0,,200,1,20260617,BudgetDoS,True,300,1500,1260172,4791.528517,0.105963,0,0.0,0.0,504.0,0.894037,0,0,1513,250559,0,91,706,0,250584.0,0.9999,151220.64,4192
m11_adaptive_adversary,adaptive_adversary,heavy_flood,m11_pool1_r4_p15_dup60_s20260617,1800,512,8,1000.0,10000.0,False,60,pool1_r4_p15,1,4,15.0,,200,1,20260617,P3-Persist,True,300,1500,1348716,576.374359,0.942788,0.0,0.0,0.0,504.0,0.062853,176,0,33,250559,2120,32,8,0,250584.0,0.9999,161845.92,6832
m11_adaptive_adversary,adaptive_adversary,heavy_flood,m11_pool1_r4_p15_dup60_s20260618,1800,512,8,1000.0,10000.0,False,60,pool1_r4_p15,1,4,15.0,,200,1,20260618,BudgetDoS,True,300,1500,1260179,4315.681507,0.117411,0.0,0.0,0.0,504.0,0.882589,0,0,1548,249490,0,113,647,0,249515.0,0.9999,151221.48,4192
m11_adaptive_adversary,adaptive_adversary,heavy_flood,m11_pool1_r4_p15_dup60_s20260618,1800,512,8,1000.0,10000.0,False,60,pool1_r4_p15,1,4,15.0,,200,1,20260618,P3-Persist,True,300,1500,1336620,569.987207,0.942903,0,0.0,0.0,504.0,0.061922,152,0,33,249490,2140,41,4,0,249515.0,0.9999,160394.4,6832
m11_adaptive_adversary,adaptive_adversary,heavy_flood,m11_pool1_r4_p15_dup60_s20260619,1800,512,8,1000.0,10000.0,False,60,pool1_r4_p15,1,4,15.0,,200,1,20260619,BudgetDoS,True,300,1500,1260190,4390.905923,0.11176,0,0.0,0.0,504.0,0.88824,0,0,1635,249227,0,97,646,0,249252.0,0.9999,151222.8,4192
m11_adaptive_adversary,adaptive_adversary,heavy_flood,m11_pool1_r4_p15_dup60_s20260619,1800,512,8,1000.0,10000.0,False,60,pool1_r4_p15,1,4,15.0,,200,1,20260619,P3-Persist,True,300,1500,1341659,551.442252,0.94743,0,0.0,0.0,504.0,0.055685,162,0,28,249227,2224,36,9,0,249252.0,0.9999,160999.08,6832
m11_adaptive_adversary,adaptive_adversary,heavy_flood,m11_pool1_r4_p15_dup60_s20260620,1800,512,8,1000.0,10000.0,False,60,pool1_r4_p15,1,4,15.0,,200,1,20260620,BudgetDoS,True,300,1500,1260178,4390.864111,0.112859,0,0.0,0.0,504.0,0.887141,0,0,1578,250495,0,109,678,0,250520.0,0.9999,151221.36,4192
m11_adaptive_adversary,adaptive_adversary,heavy_flood,m11_pool1_r4_p15_dup60_s20260620,1800,512,8,1000.0,10000.0,False,60,pool1_r4_p15,1,4,15.0,,200,1,20260620,P3-Persist,True,300,1500,1339644,560.520502,0.939835,0.0,0.0,0.0,504.0,0.06685,158,0,51,250495,2182,38,2,0,250520.0,0.9999,160757.28,6832
m11_adaptive_adversary,adaptive_adversary,heavy_flood,m11_pool1_r4_p15_dup60_s20260621,1800,512,8,1000.0,10000.0,False,60,pool1_r4_p15,1,4,15.0,,200,1,20260621,BudgetDoS,True,300,1500,1260149,4684.568773,0.105449,0,0.0,0.0,504.0,0.894551,0,0,1575,250210,0,120,707,0,250235.0,0.9999,151217.88,4192
m11_adaptive_adversary,adaptive_adversary,heavy_flood,m11_pool1_r4_p15_dup60_s20260621,1800,512,8,1000.0,10000.0,False,60,pool1_r4_p15,1,4,15.0,,200,1,20260621,P3-Persist,True,300,1500,1351233,562.076955,0.942376,0.0,0.0,0.0,504.0,0.063897,181,0,36,250210,2179,35,3,0,250235.0,0.9999,162147.96,6832
m11_adaptive_adversary,adaptive_adversary,heavy_flood,m11_pool1_r4_p15_dup60_s20260622,1800,512,8,1000.0,10000.0,False,60,pool1_r4_p15,1,4,15.0,,200,1,20260622,BudgetDoS,True,300,1500,1260161,4809.774809,0.103803,0.0,0.0,0.0,504.0,0.896197,0,0,1615,249640,0,101,647,0,249665.0,0.9999,151219.32,4192
m11_adaptive_adversary,adaptive_adversary,heavy_flood,m11_pool1_r4_p15_dup60_s20260622,1800,512,8,1000.0,10000.0,False,60,pool1_r4_p15,1,4,15.0,,200,1,20260622,P3-Persist,True,300,1500,1331578,559.251575,0.943344,0,0,0.0,504.0,0.063391,142,0,41,249640,2196,33,3,0,249665.0,0.9999,159789.36,6832
m11_adaptive_adversary,adaptive_adversary,heavy_flood,m11_pool1_r4_p15_dup60_s20260623,1800,512,8,1000.0,10000.0,False,60,pool1_r4_p15,1,4,15.0,,200,1,20260623,BudgetDoS,True,300,1500,1260172,4330.487973,0.112966,0,0.0,0.0,504.0,0.887034,0,0,1630,250241,0,119,655,0,250266.0,0.9999,151220.64,4192
m11_adaptive_adversary,adaptive_adversary,heavy_flood,m11_pool1_r4_p15_dup60_s20260623,1800,512,8,1000.0,10000.0,False,60,pool1_r4_p15,1,4,15.0,,200,1,20260623,P3-Persist,True,300,1500,1327542,546.31358,0.943323,0.0,0.0,0.0,504.0,0.060559,134,0,42,250241,2251,39,4,0,250266.0,0.9999,159305.04,6832
m11_adaptive_adversary,adaptive_adversary,heavy_flood,m11_pool1_r4_p15_dup60_s20260624,1800,512,8,1000.0,10000.0,False,60,pool1_r4_p15,1,4,15.0,,200,1,20260624,BudgetDoS,True,300,1500,1260181,4104.824104,0.118213,0,0.0,0.0,504.0,0.881787,0,0,1648,250032,0,126,642,0,250057.0,0.9999,151221.72,4192
m11_adaptive_adversary,adaptive_adversary,heavy_flood,m11_pool1_r4_p15_dup60_s20260624,1800,512,8,1000.0,10000.0,False,60,pool1_r4_p15,1,4,15.0,,200,1,20260624,P3-Persist,True,300,1500,1335105,545.163332,0.943011,0,0.0,0.0,504.0,0.061995,149,0,36,250032,2246,45,6,0,250057.0,0.9999,160212.6,6832
m11_adaptive_adversary,adaptive_adversary,heavy_flood,m11_pool1_r4_p15_dup60_s20260625,1800,512,8,1000.0,10000.0,False,60,pool1_r4_p15,1,4,15.0,,200,1,20260625,BudgetDoS,True,300,1500,1260189,4214.67893,0.114956,0,0.0,0.0,504.0,0.885044,0,0,1636,250189,0,110,666,0,250214.0,0.9999,151222.68,4192
m11_adaptive_adversary,adaptive_adversary,heavy_flood,m11_pool1_r4_p15_dup60_s20260625,1800,512,8,1000.0,10000.0,False,60,pool1_r4_p15,1,4,15.0,,200,1,20260625,P3-Persist,True,300,1500,1332581,542.58184,0.944252,0.0,0.0,0.0,504.0,0.059977,144,0,38,250189,2268,39,2,0,250214.0,0.9999,159909.72,6832
m11_adaptive_adversary,adaptive_adversary,heavy_flood,m11_pool1_r4_p15_dup60_s20260626,1800,512,8,1000.0,10000.0,False,60,pool1_r4_p15,1,4,15.0,,200,1,20260626,BudgetDoS,True,300,1500,1260192,4549.429603,0.10724,0,0.0,0.0,504.0,0.89276,0,0,1613,249494,0,85,693,0,249519.0,0.9999,151223.04,4192
m11_adaptive_adversary,adaptive_adversary,heavy_flood,m11_pool1_r4_p15_dup60_s20260626,1800,512,8,1000.0,10000.0,False,60,pool1_r4_p15,1,4,15.0,,200,1,20260626,P3-Persist,True,300,1500,1350225,548.20341,0.953542,0,0.0,0.0,504.0,0.053039,179,0,19,249494,2245,30,7,0,249519.0,0.9999,162027.0,6832
m11_adaptive_adversary,adaptive_adversary,heavy_flood,m11_pool1_r4_p15_dup60_s20260627,1800,512,8,1000.0,10000.0,False,60,pool1_r4_p15,1,4,15.0,,200,1,20260627,BudgetDoS,True,300,1500,1260183,4360.49481,0.11232,0,0.0,0.0,504.0,0.88768,0,0,1601,250556,0,106,683,0,250581.0,0.9999,151221.96,4192
m11_adaptive_adversary,adaptive_adversary,heavy_flood,m11_pool1_r4_p15_dup60_s20260627,1800,512,8,1000.0,10000.0,False,60,pool1_r4_p15,1,4,15.0,,200,1,20260627,P3-Persist,True,300,1500,1341655,552.576194,0.943646,0.0,0.0,0.0,504.0,0.059852,162,0,32,250556,2220,39,8,0,250581.0,0.9999,160998.6,6832
m11_adaptive_adversary,adaptive_adversary,heavy_flood,m11_pool1_r4_p15_dup60_s20260628,1800,512,8,1000.0,10000.0,False,60,pool1_r4_p15,1,4,15.0,,200,1,20260628,BudgetDoS,True,300,1500,1260175,4158.993399,0.120862,0,0.0,0.0,504.0,0.879138,0,0,1573,250147,0,128,631,0,250172.0,0.9999,151221.0,4192
m11_adaptive_adversary,adaptive_adversary,heavy_flood,m11_pool1_r4_p15_dup60_s20260628,1800,512,8,1000.0,10000.0,False,60,pool1_r4_p15,1,4,15.0,,200,1,20260628,P3-Persist,True,300,1500,1333594,562.460565,0.945752,0,0.0,30.0,504.0,0.063821,146,0,28,250147,2178,37,8,0,250172.0,0.9999,160031.28,6832
m11_adaptive_adversary,adaptive_adversary,heavy_flood,m11_pool1_r4_p15_dup60_s20260629,1800,512,8,1000.0,10000.0,False,60,pool1_r4_p15,1,4,15.0,,200,1,20260629,BudgetDoS,True,300,1500,1260182,4390.878049,0.112682,0,0.0,0.0,504.0,0.887318,0,0,1596,249082,0,105,664,0,249107.0,0.9999,151221.84,4192
m11_adaptive_adversary,adaptive_adversary,heavy_flood,m11_pool1_r4_p15_dup60_s20260629,1800,512,8,1000.0,10000.0,False,60,pool1_r4_p15,1,4,15.0,,200,1,20260629,P3-Persist,True,300,1500,1341150,561.150628,0.938359,0.0,0.0,0.0,504.0,0.065567,161,0,40,249082,2183,40,10,0,249107.0,0.9999,160938.0,6832
m11_adaptive_adversary,adaptive_adversary,heavy_flood,m11_pool4_r1_p15_dup0_s20260610,1800,512,8,1000.0,10000.0,False,0,pool4_r1_p15,4,1,15.0,,200,1,20260610,BudgetDoS,True,300,1500,1261535,816.527508,0.597217,0,0.0,0.0,45339.84,0.402783,0,0,0,0,0,10,1042,247428,249677.0,0.0,151384.2,4192
m11_adaptive_adversary,adaptive_adversary,heavy_flood,m11_pool4_r1_p15_dup0_s20260610,1800,512,8,1000.0,10000.0,False,0,pool4_r1_p15,4,1,15.0,,200,1,20260610,P3-Persist,True,300,1500,3780007,2266.191247,0.644762,0.0,0.0,0.0,145756.8,0.356784,21,4979,0,0,1632,8,55,22116,29346.0,0.0,453600.84,6832
m11_adaptive_adversary,adaptive_adversary,heavy_flood,m11_pool4_r1_p15_dup0_s20260611,1800,512,8,1000.0,10000.0,False,0,pool4_r1_p15,4,1,15.0,,200,1,20260611,BudgetDoS,True,300,1500,1261536,816.0,0.603199,0.0,0.0,0.0,45339.84,0.396801,0,0,0,0,0,10,1017,247757,250006.0,0.0,151384.32,4192
m11_adaptive_adversary,adaptive_adversary,heavy_flood,m11_pool4_r1_p15_dup0_s20260611,1800,512,8,1000.0,10000.0,False,0,pool4_r1_p15,4,1,15.0,,200,1,20260611,P3-Persist,True,300,1500,3780007,2217.012903,0.665236,0,0.0,0.0,145797.12,0.336715,18,4982,0,0,1671,9,76,22051,29283.0,0.0,453600.84,6832
m11_adaptive_adversary,adaptive_adversary,heavy_flood,m11_pool4_r1_p15_dup0_s20260612,1800,512,8,1000.0,10000.0,False,0,pool4_r1_p15,4,1,15.0,,200,1,20260612,BudgetDoS,True,300,1500,1260938,1327.303158,0.369362,0.0,0.0,0.0,44896.32,0.630638,0,0,0,0,0,12,1622,247444,249671.0,0.0,151312.56,4192
m11_adaptive_adversary,adaptive_adversary,heavy_flood,m11_pool4_r1_p15_dup0_s20260612,1800,512,8,1000.0,10000.0,False,0,pool4_r1_p15,4,1,15.0,,200,1,20260612,P3-Persist,True,300,1500,3780007,2183.712883,0.673017,0,0.0,0.0,145474.56,0.327372,18,4982,0,0,1701,5,55,22039,29255.0,0.0,453600.84,6832
m11_adaptive_adversary,adaptive_adversary,heavy_flood,m11_pool4_r1_p15_dup0_s20260613,1800,512,8,1000.0,10000.0,False,0,pool4_r1_p15,4,1,15.0,,200,1,20260613,BudgetDoS,True,300,1500,1261528,819.706303,0.586733,0,0.0,0.0,45521.28,0.413267,0,0,0,0,0,11,1084,248361,250619.0,0.0,151383.36,4192
m11_adaptive_adversary,adaptive_adversary,heavy_flood,m11_pool4_r1_p15_dup0_s20260613,1800,512,8,1000.0,10000.0,False,0,pool4_r1_p15,4,1,15.0,,200,1,20260613,P3-Persist,True,300,1500,3780007,2205.371645,0.65345,0.0,0.0,0.0,146059.2,0.346931,14,4986,0,0,1683,10,44,22148,29393.0,0.0,453600.84,6832
m11_adaptive_adversary,adaptive_adversary,heavy_flood,m11_pool4_r1_p15_dup0_s20260614,1800,512,8,1000.0,10000.0,False,0,pool4_r1_p15,4,1,15.0,,200,1,20260614,BudgetDoS,True,300,1500,1261539,815.474467,0.60359,0,0.0,0.0,45964.8,0.39641,0,0,0,0,0,8,1016,247416,249696.0,0.0,151384.68,4192
m11_adaptive_adversary,adaptive_adversary,heavy_flood,m11_pool4_r1_p15_dup0_s20260614,1800,512,8,1000.0,10000.0,False,0,pool4_r1_p15,4,1,15.0,,200,1,20260614,P3-Persist,True,300,1500,3780008,2366.943018,0.623098,0,0.0,0.0,146502.72,0.377292,14,4986,0,0,1568,7,51,22146,29413.0,0.0,453600.96,6832
m11_adaptive_adversary,adaptive_adversary,heavy_flood,m11_pool4_r1_p15_dup0_s20260615,1800,512,8,1000.0,10000.0,False,0,pool4_r1_p15,4,1,15.0,,200,1,20260615,BudgetDoS,True,300,1500,1261496,838.203322,0.601038,0,0.0,0.0,45702.72,0.398962,0,0,0,0,0,9,999,247004,249271.0,0.0,151379.52,4192
m11_adaptive_adversary,adaptive_adversary,heavy_flood,m11_pool4_r1_p15_dup0_s20260615,1800,512,8,1000.0,10000.0,False,0,pool4_r1_p15,4,1,15.0,,200,1,20260615,P3-Persist,True,300,1500,3780007,2313.345777,0.652556,0.0,0.0,0.0,146260.8,0.347444,13,4987,0,0,1606,8,54,22057,29312.0,0.0,453600.84,6832
m11_adaptive_adversary,adaptive_adversary,heavy_flood,m11_pool4_r1_p15_dup0_s20260616,1800,512,8,1000.0,10000.0,False,0,pool4_r1_p15,4,1,15.0,,200,1,20260616,BudgetDoS,True,300,1500,1261484,846.065728,0.599036,0,0.0,0.0,45581.76,0.400964,0,0,0,0,0,7,998,247651,249912.0,0.0,151378.08,4192
m11_adaptive_adversary,adaptive_adversary,heavy_flood,m11_pool4_r1_p15_dup0_s20260616,1800,512,8,1000.0,10000.0,False,0,pool4_r1_p15,4,1,15.0,,200,1,20260616,P3-Persist,True,300,1500,3780007,2545.459259,0.596625,0,0.0,0.0,146139.84,0.403375,14,4986,0,0,1459,5,54,21987,29236.0,0.0,453600.84,6832
m11_adaptive_adversary,adaptive_adversary,heavy_flood,m11_pool4_r1_p15_dup0_s20260617,1800,512,8,1000.0,10000.0,False,0,pool4_r1_p15,4,1,15.0,,200,1,20260617,BudgetDoS,True,300,1500,1261398,898.431624,0.565673,0.0,0.0,0.0,45158.4,0.434327,0,0,0,0,0,6,1078,248344,250584.0,0.0,151367.76,4192
m11_adaptive_adversary,adaptive_adversary,heavy_flood,m11_pool4_r1_p15_dup0_s20260617,1800,512,8,1000.0,10000.0,False,0,pool4_r1_p15,4,1,15.0,,200,1,20260617,P3-Persist,True,300,1500,3780008,2350.751244,0.647865,0.0,0.0,0.0,145615.68,0.352941,19,4981,0,0,1577,4,109,22207,29430.0,0.0,453600.96,6832
m11_adaptive_adversary,adaptive_adversary,heavy_flood,m11_pool4_r1_p15_dup0_s20260618,1800,512,8,1000.0,10000.0,False,0,pool4_r1_p15,4,1,15.0,,200,1,20260618,BudgetDoS,True,300,1500,1261400,896.517413,0.565742,0,0.0,0.0,45360.0,0.434258,0,0,0,0,0,7,1080,247265,249515.0,0.0,151368.0,4192
m11_adaptive_adversary,adaptive_adversary,heavy_flood,m11_pool4_r1_p15_dup0_s20260618,1800,512,8,1000.0,10000.0,False,0,pool4_r1_p15,4,1,15.0,,200,1,20260618,P3-Persist,True,300,1500,3780007,2353.678082,0.645758,0.0,0.0,0.0,145837.44,0.354644,17,4983,0,0,1576,6,42,22099,29333.0,0.0,453600.84,6832
m11_adaptive_adversary,adaptive_adversary,heavy_flood,m11_pool4_r1_p15_dup0_s20260619,1800,512,8,1000.0,10000.0,False,0,pool4_r1_p15,4,1,15.0,,200,1,20260619,BudgetDoS,True,300,1500,1261510,830.487163,0.591511,0,0.0,0.0,45622.08,0.408489,0,0,0,0,0,9,1049,246989,249252.0,0.0,151381.2,4192
m11_adaptive_adversary,adaptive_adversary,heavy_flood,m11_pool4_r1_p15_dup0_s20260619,1800,512,8,1000.0,10000.0,False,0,pool4_r1_p15,4,1,15.0,,200,1,20260619,P3-Persist,True,300,1500,3780006,2293.692961,0.641745,0.0,0.0,0.0,146180.16,0.358645,13,4987,0,0,1621,8,73,22171,29422.0,0.0,453600.72,6832
m11_adaptive_adversary,adaptive_adversary,heavy_flood,m11_pool4_r1_p15_dup0_s20260620,1800,512,8,1000.0,10000.0,False,0,pool4_r1_p15,4,1,15.0,,200,1,20260620,BudgetDoS,True,300,1500,1261463,854.07109,0.58081,0,0.0,0.0,45864.0,0.41919,0,0,0,0,0,14,1066,248245,250520.0,0.0,151375.56,4192
m11_adaptive_adversary,adaptive_adversary,heavy_flood,m11_pool4_r1_p15_dup0_s20260620,1800,512,8,1000.0,10000.0,False,0,pool4_r1_p15,4,1,15.0,,200,1,20260620,P3-Persist,True,300,1500,3780006,2493.407652,0.596146,0.0,0.0,0.0,146321.28,0.40464,18,4982,0,0,1479,13,71,22264,29522.0,0.0,453600.72,6832
m11_adaptive_adversary,adaptive_adversary,heavy_flood,m11_pool4_r1_p15_dup0_s20260621,1800,512,8,1000.0,10000.0,False,0,pool4_r1_p15,4,1,15.0,,200,1,20260621,BudgetDoS,True,300,1500,1260959,1295.94964,0.381419,0,0.0,0.0,45581.76,0.618581,0,0,0,0,0,14,1578,247974,250235.0,0.0,151315.08,4192
m11_adaptive_adversary,adaptive_adversary,heavy_flood,m11_pool4_r1_p15_dup0_s20260621,1800,512,8,1000.0,10000.0,False,0,pool4_r1_p15,4,1,15.0,,200,1,20260621,P3-Persist,True,300,1500,3780006,2260.769139,0.655429,0.0,0.0,0.0,146099.52,0.346139,18,4982,0,0,1638,10,52,22135,29382.0,0.0,453600.72,6832
m11_adaptive_adversary,adaptive_adversary,heavy_flood,m11_pool4_r1_p15_dup0_s20260622,1800,512,8,1000.0,10000.0,False,0,pool4_r1_p15,4,1,15.0,,200,1,20260622,BudgetDoS,True,300,1500,1261543,813.89871,0.614105,0.0,0.0,0.0,46166.4,0.385895,0,0,0,0,0,7,974,247375,249665.0,0.0,151385.16,4192
m11_adaptive_adversary,adaptive_adversary,heavy_flood,m11_pool4_r1_p15_dup0_s20260622,1800,512,8,1000.0,10000.0,False,0,pool4_r1_p15,4,1,15.0,,200,1,20260622,P3-Persist,True,300,1500,3780007,2303.477757,0.650158,0,0,0.0,146744.64,0.350238,11,4989,0,0,1616,7,41,22075,29354.0,0.0,453600.84,6832
m11_adaptive_adversary,adaptive_adversary,heavy_flood,m11_pool4_r1_p15_dup0_s20260623,1800,512,8,1000.0,10000.0,False,0,pool4_r1_p15,4,1,15.0,,200,1,20260623,BudgetDoS,True,300,1500,1261451,864.007534,0.56677,0.0,0.0,0.0,46347.84,0.43323,0,0,0,0,0,9,1116,247967,250266.0,0.0,151374.12,4192
m11_adaptive_adversary,adaptive_adversary,heavy_flood,m11_pool4_r1_p15_dup0_s20260623,1800,512,8,1000.0,10000.0,False,0,pool4_r1_p15,4,1,15.0,,200,1,20260623,P3-Persist,True,300,1500,3780007,2267.55069,0.647127,0,0.0,0.0,146966.4,0.352873,10,4990,0,0,1642,8,72,22170,29460.0,0.0,453600.84,6832
m11_adaptive_adversary,adaptive_adversary,heavy_flood,m11_pool4_r1_p15_dup0_s20260624,1800,512,8,1000.0,10000.0,False,0,pool4_r1_p15,4,1,15.0,,200,1,20260624,BudgetDoS,True,300,1500,1261502,832.674587,0.583365,0,0.0,0.0,45521.28,0.416635,0,0,0,0,0,13,1082,247799,250057.0,0.0,151380.24,4192
m11_adaptive_adversary,adaptive_adversary,heavy_flood,m11_pool4_r1_p15_dup0_s20260624,1800,512,8,1000.0,10000.0,False,0,pool4_r1_p15,4,1,15.0,,200,1,20260624,P3-Persist,True,300,1500,3780008,2207.948598,0.659222,0.0,0.0,0.0,146059.2,0.341548,14,4986,0,0,1678,12,64,22247,29492.0,0.0,453600.96,6832
m11_adaptive_adversary,adaptive_adversary,heavy_flood,m11_pool4_r1_p15_dup0_s20260625,1800,512,8,1000.0,10000.0,False,0,pool4_r1_p15,4,1,15.0,,200,1,20260625,BudgetDoS,True,300,1500,1261487,844.93436,0.57401,0,0.0,0.0,45541.44,0.42599,0,0,0,0,0,6,1108,247955,250214.0,0.0,151378.44,4192
m11_adaptive_adversary,adaptive_adversary,heavy_flood,m11_pool4_r1_p15_dup0_s20260625,1800,512,8,1000.0,10000.0,False,0,pool4_r1_p15,4,1,15.0,,200,1,20260625,P3-Persist,True,300,1500,3780007,2311.930887,0.628604,0,0.0,0.0,145978.56,0.371396,17,4983,0,0,1604,7,45,22062,29303.0,0.0,453600.84,6832
m11_adaptive_adversary,adaptive_adversary,heavy_flood,m11_pool4_r1_p15_dup0_s20260626,1800,512,8,1000.0,10000.0,False,0,pool4_r1_p15,4,1,15.0,,200,1,20260626,BudgetDoS,True,300,1500,1261503,833.775942,0.585753,0,0.0,0.0,45884.16,0.414247,0,0,0,0,0,10,1070,247243,249519.0,0.0,151380.36,4192
m11_adaptive_adversary,adaptive_adversary,heavy_flood,m11_pool4_r1_p15_dup0_s20260626,1800,512,8,1000.0,10000.0,False,0,pool4_r1_p15,4,1,15.0,,200,1,20260626,P3-Persist,True,300,1500,3780007,2386.368056,0.61324,0.0,0.0,0.0,146502.72,0.38676,9,4991,0,0,1558,10,61,22018,29285.0,0.0,453600.84,6832
m11_adaptive_adversary,adaptive_adversary,heavy_flood,m11_pool4_r1_p15_dup0_s20260627,1800,512,8,1000.0,10000.0,False,0,pool4_r1_p15,4,1,15.0,,200,1,20260627,BudgetDoS,True,300,1500,1261491,840.433711,0.583366,0,0,0,45722.88,0.416634,0,0,0,0,0,10,1072,248313,250581.0,0.0,151378.92,4192
m11_adaptive_adversary,adaptive_adversary,heavy_flood,m11_pool4_r1_p15_dup0_s20260627,1800,512,8,1000.0,10000.0,False,0,pool4_r1_p15,4,1,15.0,,200,1,20260627,P3-Persist,True,300,1500,3780007,2252.685936,0.652157,0.0,0.0,0.0,146280.96,0.348232,14,4986,0,0,1648,9,72,22176,29432.0,0.0,453600.84,6832
m11_adaptive_adversary,adaptive_adversary,heavy_flood,m11_pool4_r1_p15_dup0_s20260628,1800,512,8,1000.0,10000.0,False,0,pool4_r1_p15,4,1,15.0,,200,1,20260628,BudgetDoS,True,300,1500,1261458,859.303815,0.58556,0.0,0.0,0.0,46126.08,0.41444,0,0,0,0,0,10,1039,247884,250172.0,0.0,151374.96,4192
m11_adaptive_adversary,adaptive_adversary,heavy_flood,m11_pool4_r1_p15_dup0_s20260628,1800,512,8,1000.0,10000.0,False,0,pool4_r1_p15,4,1,15.0,,200,1,20260628,P3-Persist,True,300,1500,3780007,2416.884271,0.623853,0.0,0.0,0.0,146563.2,0.377343,19,4981,0,0,1529,9,110,22221,29491.0,0.0,453600.84,6832
m11_adaptive_adversary,adaptive_adversary,heavy_flood,m11_pool4_r1_p15_dup0_s20260629,1800,512,8,1000.0,10000.0,False,0,pool4_r1_p15,4,1,15.0,,200,1,20260629,BudgetDoS,True,300,1500,1261489,842.115487,0.588143,0.0,0.0,0.0,45722.88,0.411857,0,0,0,0,0,9,1049,246839,249107.0,0.0,151378.68,4192
m11_adaptive_adversary,adaptive_adversary,heavy_flood,m11_pool4_r1_p15_dup0_s20260629,1800,512,8,1000.0,10000.0,False,0,pool4_r1_p15,4,1,15.0,,200,1,20260629,P3-Persist,True,300,1500,3780007,2277.112651,0.651747,0.0,0.0,0.0,146119.68,0.348253,20,4980,0,0,1624,9,53,21879,29127.0,0.0,453600.84,6832
m11_adaptive_adversary,adaptive_adversary,heavy_flood,m11_pool4_r1_p15_dup60_s20260610,1800,512,8,1000.0,10000.0,False,60,pool4_r1_p15,4,1,15.0,,200,1,20260610,BudgetDoS,True,300,1500,1260189,4390.902439,0.110939,0,0.0,0.0,2016.0,0.889061,0,0,1636,249577,0,98,664,0,249677.0,0.999599,151222.68,4192
m11_adaptive_adversary,adaptive_adversary,heavy_flood,m11_pool4_r1_p15_dup60_s20260610,1800,512,8,1000.0,10000.0,False,60,pool4_r1_p15,4,1,15.0,,200,1,20260610,P3-Persist,True,300,1500,1340147,546.107172,0.948589,0.0,0.0,0.0,2016.0,0.059142,159,0,27,249577,2243,41,8,0,249677.0,0.999599,160817.64,6832
m11_adaptive_adversary,adaptive_adversary,heavy_flood,m11_pool4_r1_p15_dup60_s20260611,1800,512,8,1000.0,10000.0,False,60,pool4_r1_p15,4,1,15.0,,200,1,20260611,BudgetDoS,True,300,1500,1260188,4300.982935,0.114319,0,0.0,0.0,2016.0,0.885681,0,0,1636,249906,0,105,634,0,250006.0,0.9996,151222.56,4192
m11_adaptive_adversary,adaptive_adversary,heavy_flood,m11_pool4_r1_p15_dup60_s20260611,1800,512,8,1000.0,10000.0,False,60,pool4_r1_p15,4,1,15.0,,200,1,20260611,P3-Persist,True,300,1500,1336614,550.273364,0.947718,0,0.0,0.0,2016.0,0.060476,152,0,31,249906,2231,40,10,0,250006.0,0.9996,160393.68,6832
m11_adaptive_adversary,adaptive_adversary,heavy_flood,m11_pool4_r1_p15_dup60_s20260612,1800,512,8,1000.0,10000.0,False,60,pool4_r1_p15,4,1,15.0,,200,1,20260612,BudgetDoS,True,300,1500,1260196,4390.926829,0.111586,0,0.0,0.0,2016.0,0.888414,0,0,1637,249571,0,91,648,0,249671.0,0.999599,151223.52,4192
m11_adaptive_adversary,adaptive_adversary,heavy_flood,m11_pool4_r1_p15_dup60_s20260612,1800,512,8,1000.0,10000.0,False,60,pool4_r1_p15,4,1,15.0,,200,1,20260612,P3-Persist,True,300,1500,1345190,562.605604,0.929627,0,0.0,0.0,2016.0,0.075816,169,0,71,249571,2174,34,3,0,249671.0,0.999599,161422.8,6832
m11_adaptive_adversary,adaptive_adversary,heavy_flood,m11_pool4_r1_p15_dup60_s20260613,1800,512,8,1000.0,10000.0,False,60,pool4_r1_p15,4,1,15.0,,200,1,20260613,BudgetDoS,True,300,1500,1260159,4300.883959,0.111704,0,0.0,0.0,2016.0,0.888296,0,0,1665,250519,0,134,665,0,250619.0,0.999601,151219.08,4192
m11_adaptive_adversary,adaptive_adversary,heavy_flood,m11_pool4_r1_p15_dup60_s20260613,1800,512,8,1000.0,10000.0,False,60,pool4_r1_p15,4,1,15.0,,200,1,20260613,P3-Persist,True,300,1500,1342665,541.397177,0.945482,0.0,0.0,0.0,2016.0,0.059093,164,0,32,250519,2250,57,5,0,250619.0,0.999601,161119.8,6832
m11_adaptive_adversary,adaptive_adversary,heavy_flood,m11_pool4_r1_p15_dup60_s20260614,1800,512,8,1000.0,10000.0,False,60,pool4_r1_p15,4,1,15.0,,200,1,20260614,BudgetDoS,True,300,1500,1260188,4375.652778,0.112368,0.0,0.0,0.0,2016.0,0.887632,0,0,1610,249596,0,100,665,0,249696.0,0.9996,151222.56,4192
m11_adaptive_adversary,adaptive_adversary,heavy_flood,m11_pool4_r1_p15_dup60_s20260614,1800,512,8,1000.0,10000.0,False,60,pool4_r1_p15,4,1,15.0,,200,1,20260614,P3-Persist,True,300,1500,1346190,556.736973,0.943426,0.0,0.0,0.0,2016.0,0.062037,171,0,32,249596,2197,44,6,0,249696.0,0.9996,161542.8,6832
m11_adaptive_adversary,adaptive_adversary,heavy_flood,m11_pool4_r1_p15_dup60_s20260615,1800,512,8,1000.0,10000.0,False,60,pool4_r1_p15,4,1,15.0,,200,1,20260615,BudgetDoS,True,300,1500,1260176,4484.6121,0.11222,0,0,0.0,2016.0,0.88778,0,0,1560,249171,0,105,663,0,249271.0,0.999599,151221.12,4192
m11_adaptive_adversary,adaptive_adversary,heavy_flood,m11_pool4_r1_p15_dup60_s20260615,1800,512,8,1000.0,10000.0,False,60,pool4_r1_p15,4,1,15.0,,200,1,20260615,P3-Persist,True,300,1500,1345685,571.416136,0.940495,0,0.0,0.0,2016.0,0.061901,170,0,34,249171,2157,23,8,0,249271.0,0.999599,161482.2,6832
m11_adaptive_adversary,adaptive_adversary,heavy_flood,m11_pool4_r1_p15_dup60_s20260616,1800,512,8,1000.0,10000.0,False,60,pool4_r1_p15,4,1,15.0,,200,1,20260616,BudgetDoS,True,300,1500,1260175,4719.756554,0.107272,0,0.0,0.0,2016.0,0.892728,0,0,1565,249812,0,92,657,0,249912.0,0.9996,151221.0,4192
m11_adaptive_adversary,adaptive_adversary,heavy_flood,m11_pool4_r1_p15_dup60_s20260616,1800,512,8,1000.0,10000.0,False,60,pool4_r1_p15,4,1,15.0,,200,1,20260616,P3-Persist,True,300,1500,1333095,569.698718,0.940137,0.0,0.0,0.0,2016.0,0.064283,145,0,39,249812,2149,31,5,0,249912.0,0.9996,159971.4,6832
m11_adaptive_adversary,adaptive_adversary,heavy_flood,m11_pool4_r1_p15_dup60_s20260617,1800,512,8,1000.0,10000.0,False,60,pool4_r1_p15,4,1,15.0,,200,1,20260617,BudgetDoS,True,300,1500,1260174,4791.536122,0.105963,0,0.0,0.0,2016.0,0.894037,0,0,1513,250484,0,89,706,0,250584.0,0.999601,151220.88,4192
m11_adaptive_adversary,adaptive_adversary,heavy_flood,m11_pool4_r1_p15_dup60_s20260617,1800,512,8,1000.0,10000.0,False,60,pool4_r1_p15,4,1,15.0,,200,1,20260617,P3-Persist,True,300,1500,1349724,576.805128,0.942788,0.0,0.0,0.0,2016.0,0.062853,178,0,33,250484,2120,30,8,0,250584.0,0.999601,161966.88,6832
m11_adaptive_adversary,adaptive_adversary,heavy_flood,m11_pool4_r1_p15_dup60_s20260619,1800,512,8,1000.0,10000.0,False,60,pool4_r1_p15,4,1,15.0,,200,1,20260619,BudgetDoS,True,300,1500,1260190,4437.288732,0.110592,0.0,0.0,0.0,2016.0,0.889408,0,0,1635,249152,0,94,649,0,249252.0,0.999599,151222.8,4192
m11_adaptive_adversary,adaptive_adversary,heavy_flood,m11_pool4_r1_p15_dup60_s20260619,1800,512,8,1000.0,10000.0,False,60,pool4_r1_p15,4,1,15.0,,200,1,20260619,P3-Persist,True,300,1500,1341659,551.442252,0.94743,0,0.0,0.0,2016.0,0.055685,162,0,28,249152,2224,36,9,0,249252.0,0.999599,160999.08,6832
m11_adaptive_adversary,adaptive_adversary,heavy_flood,m11_pool4_r1_p15_dup60_s20260618,1800,512,8,1000.0,10000.0,False,60,pool4_r1_p15,4,1,15.0,,200,1,20260618,BudgetDoS,True,300,1500,1260179,4345.444828,0.116606,0.0,0.0,0.0,2016.0,0.883394,0,0,1548,249415,0,111,649,0,249515.0,0.999599,151221.48,4192
m11_adaptive_adversary,adaptive_adversary,heavy_flood,m11_pool4_r1_p15_dup60_s20260618,1800,512,8,1000.0,10000.0,False,60,pool4_r1_p15,4,1,15.0,,200,1,20260618,P3-Persist,True,300,1500,1336116,569.772281,0.942903,0,0.0,0.0,2016.0,0.061922,151,0,34,249415,2142,40,4,0,249515.0,0.999599,160333.92,6832
m11_adaptive_adversary,adaptive_adversary,heavy_flood,m11_pool4_r1_p15_dup60_s20260620,1800,512,8,1000.0,10000.0,False,60,pool4_r1_p15,4,1,15.0,,200,1,20260620,BudgetDoS,True,300,1500,1260178,4468.716312,0.110893,0.0,0.0,0.0,2016.0,0.889107,0,0,1578,250420,0,104,683,0,250520.0,0.999601,151221.36,4192
m11_adaptive_adversary,adaptive_adversary,heavy_flood,m11_pool4_r1_p15_dup60_s20260620,1800,512,8,1000.0,10000.0,False,60,pool4_r1_p15,4,1,15.0,,200,1,20260620,P3-Persist,True,300,1500,1339644,560.520502,0.939835,0.0,0.0,0.0,2016.0,0.06685,158,0,51,250420,2182,38,2,0,250520.0,0.999601,160757.28,6832
m11_adaptive_adversary,adaptive_adversary,heavy_flood,m11_pool4_r1_p15_dup60_s20260621,1800,512,8,1000.0,10000.0,False,60,pool4_r1_p15,4,1,15.0,,200,1,20260621,BudgetDoS,True,300,1500,1260151,4737.409774,0.104273,0.0,0.0,0.0,2016.0,0.895727,0,0,1575,250135,0,115,710,0,250235.0,0.9996,151218.12,4192
m11_adaptive_adversary,adaptive_adversary,heavy_flood,m11_pool4_r1_p15_dup60_s20260621,1800,512,8,1000.0,10000.0,False,60,pool4_r1_p15,4,1,15.0,,200,1,20260621,P3-Persist,True,300,1500,1351233,562.076955,0.942376,0.0,0.0,0.0,2016.0,0.063897,181,0,36,250135,2179,35,3,0,250235.0,0.9996,162147.96,6832
m11_adaptive_adversary,adaptive_adversary,heavy_flood,m11_pool4_r1_p15_dup60_s20260622,1800,512,8,1000.0,10000.0,False,60,pool4_r1_p15,4,1,15.0,,200,1,20260622,BudgetDoS,True,300,1500,1260161,4865.486486,0.102615,0,0.0,0.0,2016.0,0.897385,0,0,1615,249565,0,98,650,0,249665.0,0.999599,151219.32,4192
m11_adaptive_adversary,adaptive_adversary,heavy_flood,m11_pool4_r1_p15_dup60_s20260622,1800,512,8,1000.0,10000.0,False,60,pool4_r1_p15,4,1,15.0,,200,1,20260622,P3-Persist,True,300,1500,1331578,559.251575,0.943344,0,0,0.0,2016.0,0.063391,142,0,41,249565,2196,33,3,0,249665.0,0.999599,159789.36,6832
m11_adaptive_adversary,adaptive_adversary,heavy_flood,m11_pool4_r1_p15_dup60_s20260623,1800,512,8,1000.0,10000.0,False,60,pool4_r1_p15,4,1,15.0,,200,1,20260623,BudgetDoS,True,300,1500,1260172,4360.456747,0.112189,0,0.0,0.0,2016.0,0.887811,0,0,1630,250166,0,117,657,0,250266.0,0.9996,151220.64,4192
m11_adaptive_adversary,adaptive_adversary,heavy_flood,m11_pool4_r1_p15_dup60_s20260623,1800,512,8,1000.0,10000.0,False,60,pool4_r1_p15,4,1,15.0,,200,1,20260623,P3-Persist,True,300,1500,1328046,548.099876,0.940606,0,0.0,0.0,2016.0,0.063276,135,0,48,250166,2244,38,4,0,250266.0,0.9996,159365.52,6832
m11_adaptive_adversary,adaptive_adversary,heavy_flood,m11_pool4_r1_p15_dup60_s20260624,1800,512,8,1000.0,10000.0,False,60,pool4_r1_p15,4,1,15.0,,200,1,20260624,BudgetDoS,True,300,1500,1260181,4118.238562,0.117828,0.0,0.0,0.0,2016.0,0.882172,0,0,1648,249957,0,125,643,0,250057.0,0.9996,151221.72,4192
m11_adaptive_adversary,adaptive_adversary,heavy_flood,m11_pool4_r1_p15_dup60_s20260624,1800,512,8,1000.0,10000.0,False,60,pool4_r1_p15,4,1,15.0,,200,1,20260624,P3-Persist,True,300,1500,1335609,545.36913,0.943011,0,0.0,0.0,2016.0,0.061995,150,0,36,249957,2246,44,6,0,250057.0,0.9996,160273.08,6832
m11_adaptive_adversary,adaptive_adversary,heavy_flood,m11_pool4_r1_p15_dup60_s20260625,1800,512,8,1000.0,10000.0,False,60,pool4_r1_p15,4,1,15.0,,200,1,20260625,BudgetDoS,True,300,1500,1260189,4271.827119,0.113418,0,0.0,0.0,2016.0,0.886582,0,0,1636,250114,0,106,670,0,250214.0,0.9996,151222.68,4192
m11_adaptive_adversary,adaptive_adversary,heavy_flood,m11_pool4_r1_p15_dup60_s20260625,1800,512,8,1000.0,10000.0,False,60,pool4_r1_p15,4,1,15.0,,200,1,20260625,P3-Persist,True,300,1500,1332581,542.58184,0.944252,0.0,0.0,0.0,2016.0,0.059977,144,0,38,250114,2268,39,2,0,250214.0,0.9996,159909.72,6832
m11_adaptive_adversary,adaptive_adversary,heavy_flood,m11_pool4_r1_p15_dup60_s20260626,1800,512,8,1000.0,10000.0,False,60,pool4_r1_p15,4,1,15.0,,200,1,20260626,BudgetDoS,True,300,1500,1260192,4616.087912,0.105691,0,0.0,0.0,2016.0,0.894309,0,0,1613,249419,0,81,697,0,249519.0,0.999599,151223.04,4192
m11_adaptive_adversary,adaptive_adversary,heavy_flood,m11_pool4_r1_p15_dup60_s20260626,1800,512,8,1000.0,10000.0,False,60,pool4_r1_p15,4,1,15.0,,200,1,20260626,P3-Persist,True,300,1500,1350729,548.853718,0.952768,0,0,0.0,2016.0,0.053813,180,0,19,249419,2244,28,7,0,249519.0,0.999599,162087.48,6832
m11_adaptive_adversary,adaptive_adversary,heavy_flood,m11_pool4_r1_p15_dup60_s20260627,1800,512,8,1000.0,10000.0,False,60,pool4_r1_p15,4,1,15.0,,200,1,20260627,BudgetDoS,True,300,1500,1260183,4375.635417,0.111932,0.0,0.0,0.0,2016.0,0.888068,0,0,1601,250481,0,105,684,0,250581.0,0.999601,151221.96,4192
m11_adaptive_adversary,adaptive_adversary,heavy_flood,m11_pool4_r1_p15_dup60_s20260627,1800,512,8,1000.0,10000.0,False,60,pool4_r1_p15,4,1,15.0,,200,1,20260627,P3-Persist,True,300,1500,1342663,552.991351,0.943646,0.0,0.0,0.0,2016.0,0.059852,164,0,32,250481,2221,36,8,0,250581.0,0.999601,161119.56,6832
m11_adaptive_adversary,adaptive_adversary,heavy_flood,m11_pool4_r1_p15_dup60_s20260628,1800,512,8,1000.0,10000.0,False,60,pool4_r1_p15,4,1,15.0,,200,1,20260628,BudgetDoS,True,300,1500,1260175,4172.764901,0.120463,0.0,0.0,0.0,2016.0,0.879537,0,0,1573,250072,0,127,632,0,250172.0,0.9996,151221.0,4192
m11_adaptive_adversary,adaptive_adversary,heavy_flood,m11_pool4_r1_p15_dup60_s20260628,1800,512,8,1000.0,10000.0,False,60,pool4_r1_p15,4,1,15.0,,200,1,20260628,P3-Persist,True,300,1500,1334098,562.910549,0.945353,0.0,0.0,31.0,2016.0,0.06422,147,0,28,250072,2177,36,8,0,250172.0,0.9996,160091.76,6832
m11_adaptive_adversary,adaptive_adversary,heavy_flood,m11_pool4_r1_p15_dup60_s20260629,1800,512,8,1000.0,10000.0,False,60,pool4_r1_p15,4,1,15.0,,200,1,20260629,BudgetDoS,True,300,1500,1260182,4406.230769,0.112289,0.0,0.0,0.0,2016.0,0.887711,0,0,1596,249007,0,104,665,0,249107.0,0.999599,151221.84,4192
m11_adaptive_adversary,adaptive_adversary,heavy_flood,m11_pool4_r1_p15_dup60_s20260629,1800,512,8,1000.0,10000.0,False,60,pool4_r1_p15,4,1,15.0,,200,1,20260629,P3-Persist,True,300,1500,1341150,561.150628,0.938359,0.0,0.0,0.0,2016.0,0.065567,161,0,40,249007,2183,40,10,0,249107.0,0.999599,160938.0,6832
m11_adaptive_adversary,adaptive_adversary,heavy_flood,m11_pool4_r4_p15_dup0_s20260610,1800,512,8,1000.0,10000.0,False,0,pool4_r4_p15,4,4,15.0,,200,1,20260610,BudgetDoS,True,300,1500,1261535,816.527508,0.597217,0,0.0,0.0,45339.84,0.402783,0,0,0,0,0,10,1042,247428,249677.0,0.0,151384.2,4192
m11_adaptive_adversary,adaptive_adversary,heavy_flood,m11_pool4_r4_p15_dup0_s20260610,1800,512,8,1000.0,10000.0,False,0,pool4_r4_p15,4,4,15.0,,200,1,20260610,P3-Persist,True,300,1500,3780007,2266.191247,0.644762,0.0,0.0,0.0,145756.8,0.356784,21,4979,0,0,1632,8,55,22116,29346.0,0.0,453600.84,6832
m11_adaptive_adversary,adaptive_adversary,heavy_flood,m11_pool4_r4_p15_dup0_s20260611,1800,512,8,1000.0,10000.0,False,0,pool4_r4_p15,4,4,15.0,,200,1,20260611,BudgetDoS,True,300,1500,1261536,816.0,0.603199,0.0,0.0,0.0,45339.84,0.396801,0,0,0,0,0,10,1017,247757,250006.0,0.0,151384.32,4192
m11_adaptive_adversary,adaptive_adversary,heavy_flood,m11_pool4_r4_p15_dup0_s20260611,1800,512,8,1000.0,10000.0,False,0,pool4_r4_p15,4,4,15.0,,200,1,20260611,P3-Persist,True,300,1500,3780007,2217.012903,0.665236,0,0.0,0.0,145797.12,0.336715,18,4982,0,0,1671,9,76,22051,29283.0,0.0,453600.84,6832
m11_adaptive_adversary,adaptive_adversary,heavy_flood,m11_pool4_r4_p15_dup0_s20260612,1800,512,8,1000.0,10000.0,False,0,pool4_r4_p15,4,4,15.0,,200,1,20260612,BudgetDoS,True,300,1500,1260938,1327.303158,0.369362,0.0,0.0,0.0,44896.32,0.630638,0,0,0,0,0,12,1622,247444,249671.0,0.0,151312.56,4192
m11_adaptive_adversary,adaptive_adversary,heavy_flood,m11_pool4_r4_p15_dup0_s20260612,1800,512,8,1000.0,10000.0,False,0,pool4_r4_p15,4,4,15.0,,200,1,20260612,P3-Persist,True,300,1500,3780007,2183.712883,0.673017,0,0.0,0.0,145474.56,0.327372,18,4982,0,0,1701,5,55,22039,29255.0,0.0,453600.84,6832
m11_adaptive_adversary,adaptive_adversary,heavy_flood,m11_pool4_r4_p15_dup0_s20260613,1800,512,8,1000.0,10000.0,False,0,pool4_r4_p15,4,4,15.0,,200,1,20260613,BudgetDoS,True,300,1500,1261528,819.706303,0.586733,0,0.0,0.0,45521.28,0.413267,0,0,0,0,0,11,1084,248361,250619.0,0.0,151383.36,4192
m11_adaptive_adversary,adaptive_adversary,heavy_flood,m11_pool4_r4_p15_dup0_s20260613,1800,512,8,1000.0,10000.0,False,0,pool4_r4_p15,4,4,15.0,,200,1,20260613,P3-Persist,True,300,1500,3780007,2205.371645,0.65345,0.0,0.0,0.0,146059.2,0.346931,14,4986,0,0,1683,10,44,22148,29393.0,0.0,453600.84,6832
m11_adaptive_adversary,adaptive_adversary,heavy_flood,m11_pool4_r4_p15_dup0_s20260614,1800,512,8,1000.0,10000.0,False,0,pool4_r4_p15,4,4,15.0,,200,1,20260614,BudgetDoS,True,300,1500,1261539,815.474467,0.60359,0,0.0,0.0,45964.8,0.39641,0,0,0,0,0,8,1016,247416,249696.0,0.0,151384.68,4192
m11_adaptive_adversary,adaptive_adversary,heavy_flood,m11_pool4_r4_p15_dup0_s20260614,1800,512,8,1000.0,10000.0,False,0,pool4_r4_p15,4,4,15.0,,200,1,20260614,P3-Persist,True,300,1500,3780008,2366.943018,0.623098,0,0.0,0.0,146502.72,0.377292,14,4986,0,0,1568,7,51,22146,29413.0,0.0,453600.96,6832
m11_adaptive_adversary,adaptive_adversary,heavy_flood,m11_pool4_r4_p15_dup0_s20260615,1800,512,8,1000.0,10000.0,False,0,pool4_r4_p15,4,4,15.0,,200,1,20260615,BudgetDoS,True,300,1500,1261496,838.203322,0.601038,0,0.0,0.0,45702.72,0.398962,0,0,0,0,0,9,999,247004,249271.0,0.0,151379.52,4192
m11_adaptive_adversary,adaptive_adversary,heavy_flood,m11_pool4_r4_p15_dup0_s20260615,1800,512,8,1000.0,10000.0,False,0,pool4_r4_p15,4,4,15.0,,200,1,20260615,P3-Persist,True,300,1500,3780007,2313.345777,0.652556,0.0,0.0,0.0,146260.8,0.347444,13,4987,0,0,1606,8,54,22057,29312.0,0.0,453600.84,6832
m11_adaptive_adversary,adaptive_adversary,heavy_flood,m11_pool4_r4_p15_dup0_s20260616,1800,512,8,1000.0,10000.0,False,0,pool4_r4_p15,4,4,15.0,,200,1,20260616,BudgetDoS,True,300,1500,1261484,846.065728,0.599036,0,0.0,0.0,45581.76,0.400964,0,0,0,0,0,7,998,247651,249912.0,0.0,151378.08,4192
m11_adaptive_adversary,adaptive_adversary,heavy_flood,m11_pool4_r4_p15_dup0_s20260616,1800,512,8,1000.0,10000.0,False,0,pool4_r4_p15,4,4,15.0,,200,1,20260616,P3-Persist,True,300,1500,3780007,2545.459259,0.596625,0,0.0,0.0,146139.84,0.403375,14,4986,0,0,1459,5,54,21987,29236.0,0.0,453600.84,6832
m11_adaptive_adversary,adaptive_adversary,heavy_flood,m11_pool4_r4_p15_dup0_s20260617,1800,512,8,1000.0,10000.0,False,0,pool4_r4_p15,4,4,15.0,,200,1,20260617,BudgetDoS,True,300,1500,1261398,898.431624,0.565673,0.0,0.0,0.0,45158.4,0.434327,0,0,0,0,0,6,1078,248344,250584.0,0.0,151367.76,4192
m11_adaptive_adversary,adaptive_adversary,heavy_flood,m11_pool4_r4_p15_dup0_s20260617,1800,512,8,1000.0,10000.0,False,0,pool4_r4_p15,4,4,15.0,,200,1,20260617,P3-Persist,True,300,1500,3780008,2350.751244,0.647865,0.0,0.0,0.0,145615.68,0.352941,19,4981,0,0,1577,4,109,22207,29430.0,0.0,453600.96,6832
m11_adaptive_adversary,adaptive_adversary,heavy_flood,m11_pool4_r4_p15_dup0_s20260618,1800,512,8,1000.0,10000.0,False,0,pool4_r4_p15,4,4,15.0,,200,1,20260618,BudgetDoS,True,300,1500,1261400,896.517413,0.565742,0,0.0,0.0,45360.0,0.434258,0,0,0,0,0,7,1080,247265,249515.0,0.0,151368.0,4192
m11_adaptive_adversary,adaptive_adversary,heavy_flood,m11_pool4_r4_p15_dup0_s20260618,1800,512,8,1000.0,10000.0,False,0,pool4_r4_p15,4,4,15.0,,200,1,20260618,P3-Persist,True,300,1500,3780007,2353.678082,0.645758,0.0,0.0,0.0,145837.44,0.354644,17,4983,0,0,1576,6,42,22099,29333.0,0.0,453600.84,6832
m11_adaptive_adversary,adaptive_adversary,heavy_flood,m11_pool4_r4_p15_dup0_s20260619,1800,512,8,1000.0,10000.0,False,0,pool4_r4_p15,4,4,15.0,,200,1,20260619,BudgetDoS,True,300,1500,1261510,830.487163,0.591511,0,0.0,0.0,45622.08,0.408489,0,0,0,0,0,9,1049,246989,249252.0,0.0,151381.2,4192
m11_adaptive_adversary,adaptive_adversary,heavy_flood,m11_pool4_r4_p15_dup0_s20260619,1800,512,8,1000.0,10000.0,False,0,pool4_r4_p15,4,4,15.0,,200,1,20260619,P3-Persist,True,300,1500,3780006,2293.692961,0.641745,0.0,0.0,0.0,146180.16,0.358645,13,4987,0,0,1621,8,73,22171,29422.0,0.0,453600.72,6832
m11_adaptive_adversary,adaptive_adversary,heavy_flood,m11_pool4_r4_p15_dup0_s20260620,1800,512,8,1000.0,10000.0,False,0,pool4_r4_p15,4,4,15.0,,200,1,20260620,BudgetDoS,True,300,1500,1261463,854.07109,0.58081,0,0.0,0.0,45864.0,0.41919,0,0,0,0,0,14,1066,248245,250520.0,0.0,151375.56,4192
m11_adaptive_adversary,adaptive_adversary,heavy_flood,m11_pool4_r4_p15_dup0_s20260620,1800,512,8,1000.0,10000.0,False,0,pool4_r4_p15,4,4,15.0,,200,1,20260620,P3-Persist,True,300,1500,3780006,2493.407652,0.596146,0.0,0.0,0.0,146321.28,0.40464,18,4982,0,0,1479,13,71,22264,29522.0,0.0,453600.72,6832
m11_adaptive_adversary,adaptive_adversary,heavy_flood,m11_pool4_r4_p15_dup0_s20260621,1800,512,8,1000.0,10000.0,False,0,pool4_r4_p15,4,4,15.0,,200,1,20260621,BudgetDoS,True,300,1500,1260959,1295.94964,0.381419,0,0.0,0.0,45581.76,0.618581,0,0,0,0,0,14,1578,247974,250235.0,0.0,151315.08,4192
m11_adaptive_adversary,adaptive_adversary,heavy_flood,m11_pool4_r4_p15_dup0_s20260621,1800,512,8,1000.0,10000.0,False,0,pool4_r4_p15,4,4,15.0,,200,1,20260621,P3-Persist,True,300,1500,3780006,2260.769139,0.655429,0.0,0.0,0.0,146099.52,0.346139,18,4982,0,0,1638,10,52,22135,29382.0,0.0,453600.72,6832
m11_adaptive_adversary,adaptive_adversary,heavy_flood,m11_pool4_r4_p15_dup0_s20260622,1800,512,8,1000.0,10000.0,False,0,pool4_r4_p15,4,4,15.0,,200,1,20260622,BudgetDoS,True,300,1500,1261543,813.89871,0.614105,0.0,0.0,0.0,46166.4,0.385895,0,0,0,0,0,7,974,247375,249665.0,0.0,151385.16,4192
m11_adaptive_adversary,adaptive_adversary,heavy_flood,m11_pool4_r4_p15_dup0_s20260622,1800,512,8,1000.0,10000.0,False,0,pool4_r4_p15,4,4,15.0,,200,1,20260622,P3-Persist,True,300,1500,3780007,2303.477757,0.650158,0,0,0.0,146744.64,0.350238,11,4989,0,0,1616,7,41,22075,29354.0,0.0,453600.84,6832
m11_adaptive_adversary,adaptive_adversary,heavy_flood,m11_pool4_r4_p15_dup0_s20260623,1800,512,8,1000.0,10000.0,False,0,pool4_r4_p15,4,4,15.0,,200,1,20260623,BudgetDoS,True,300,1500,1261451,864.007534,0.56677,0.0,0.0,0.0,46347.84,0.43323,0,0,0,0,0,9,1116,247967,250266.0,0.0,151374.12,4192
m11_adaptive_adversary,adaptive_adversary,heavy_flood,m11_pool4_r4_p15_dup0_s20260623,1800,512,8,1000.0,10000.0,False,0,pool4_r4_p15,4,4,15.0,,200,1,20260623,P3-Persist,True,300,1500,3780007,2267.55069,0.647127,0,0.0,0.0,146966.4,0.352873,10,4990,0,0,1642,8,72,22170,29460.0,0.0,453600.84,6832
m11_adaptive_adversary,adaptive_adversary,heavy_flood,m11_pool4_r4_p15_dup0_s20260624,1800,512,8,1000.0,10000.0,False,0,pool4_r4_p15,4,4,15.0,,200,1,20260624,BudgetDoS,True,300,1500,1261502,832.674587,0.583365,0,0.0,0.0,45521.28,0.416635,0,0,0,0,0,13,1082,247799,250057.0,0.0,151380.24,4192
m11_adaptive_adversary,adaptive_adversary,heavy_flood,m11_pool4_r4_p15_dup0_s20260624,1800,512,8,1000.0,10000.0,False,0,pool4_r4_p15,4,4,15.0,,200,1,20260624,P3-Persist,True,300,1500,3780008,2207.948598,0.659222,0.0,0.0,0.0,146059.2,0.341548,14,4986,0,0,1678,12,64,22247,29492.0,0.0,453600.96,6832
m11_adaptive_adversary,adaptive_adversary,heavy_flood,m11_pool4_r4_p15_dup0_s20260625,1800,512,8,1000.0,10000.0,False,0,pool4_r4_p15,4,4,15.0,,200,1,20260625,BudgetDoS,True,300,1500,1261487,844.93436,0.57401,0,0.0,0.0,45541.44,0.42599,0,0,0,0,0,6,1108,247955,250214.0,0.0,151378.44,4192
m11_adaptive_adversary,adaptive_adversary,heavy_flood,m11_pool4_r4_p15_dup0_s20260625,1800,512,8,1000.0,10000.0,False,0,pool4_r4_p15,4,4,15.0,,200,1,20260625,P3-Persist,True,300,1500,3780007,2311.930887,0.628604,0,0.0,0.0,145978.56,0.371396,17,4983,0,0,1604,7,45,22062,29303.0,0.0,453600.84,6832
m11_adaptive_adversary,adaptive_adversary,heavy_flood,m11_pool4_r4_p15_dup0_s20260626,1800,512,8,1000.0,10000.0,False,0,pool4_r4_p15,4,4,15.0,,200,1,20260626,BudgetDoS,True,300,1500,1261503,833.775942,0.585753,0,0.0,0.0,45884.16,0.414247,0,0,0,0,0,10,1070,247243,249519.0,0.0,151380.36,4192
m11_adaptive_adversary,adaptive_adversary,heavy_flood,m11_pool4_r4_p15_dup0_s20260626,1800,512,8,1000.0,10000.0,False,0,pool4_r4_p15,4,4,15.0,,200,1,20260626,P3-Persist,True,300,1500,3780007,2386.368056,0.61324,0.0,0.0,0.0,146502.72,0.38676,9,4991,0,0,1558,10,61,22018,29285.0,0.0,453600.84,6832
m11_adaptive_adversary,adaptive_adversary,heavy_flood,m11_pool4_r4_p15_dup0_s20260627,1800,512,8,1000.0,10000.0,False,0,pool4_r4_p15,4,4,15.0,,200,1,20260627,BudgetDoS,True,300,1500,1261491,840.433711,0.583366,0,0,0,45722.88,0.416634,0,0,0,0,0,10,1072,248313,250581.0,0.0,151378.92,4192
m11_adaptive_adversary,adaptive_adversary,heavy_flood,m11_pool4_r4_p15_dup0_s20260627,1800,512,8,1000.0,10000.0,False,0,pool4_r4_p15,4,4,15.0,,200,1,20260627,P3-Persist,True,300,1500,3780007,2252.685936,0.652157,0.0,0.0,0.0,146280.96,0.348232,14,4986,0,0,1648,9,72,22176,29432.0,0.0,453600.84,6832
m11_adaptive_adversary,adaptive_adversary,heavy_flood,m11_pool4_r4_p15_dup0_s20260628,1800,512,8,1000.0,10000.0,False,0,pool4_r4_p15,4,4,15.0,,200,1,20260628,BudgetDoS,True,300,1500,1261458,859.303815,0.58556,0.0,0.0,0.0,46126.08,0.41444,0,0,0,0,0,10,1039,247884,250172.0,0.0,151374.96,4192
m11_adaptive_adversary,adaptive_adversary,heavy_flood,m11_pool4_r4_p15_dup0_s20260628,1800,512,8,1000.0,10000.0,False,0,pool4_r4_p15,4,4,15.0,,200,1,20260628,P3-Persist,True,300,1500,3780007,2416.884271,0.623853,0.0,0.0,0.0,146563.2,0.377343,19,4981,0,0,1529,9,110,22221,29491.0,0.0,453600.84,6832
m11_adaptive_adversary,adaptive_adversary,heavy_flood,m11_pool4_r4_p15_dup0_s20260629,1800,512,8,1000.0,10000.0,False,0,pool4_r4_p15,4,4,15.0,,200,1,20260629,BudgetDoS,True,300,1500,1261489,842.115487,0.588143,0.0,0.0,0.0,45722.88,0.411857,0,0,0,0,0,9,1049,246839,249107.0,0.0,151378.68,4192
m11_adaptive_adversary,adaptive_adversary,heavy_flood,m11_pool4_r4_p15_dup0_s20260629,1800,512,8,1000.0,10000.0,False,0,pool4_r4_p15,4,4,15.0,,200,1,20260629,P3-Persist,True,300,1500,3780007,2277.112651,0.651747,0.0,0.0,0.0,146119.68,0.348253,20,4980,0,0,1624,9,53,21879,29127.0,0.0,453600.84,6832
m11_adaptive_adversary,adaptive_adversary,heavy_flood,m11_pool4_r4_p15_dup60_s20260610,1800,512,8,1000.0,10000.0,False,60,pool4_r4_p15,4,4,15.0,,200,1,20260610,BudgetDoS,True,300,1500,1260189,4390.902439,0.110939,0,0.0,0.0,2016.0,0.889061,0,0,1636,249577,0,98,664,0,249677.0,0.999599,151222.68,4192
m11_adaptive_adversary,adaptive_adversary,heavy_flood,m11_pool4_r4_p15_dup60_s20260610,1800,512,8,1000.0,10000.0,False,60,pool4_r4_p15,4,4,15.0,,200,1,20260610,P3-Persist,True,300,1500,1340147,546.107172,0.948589,0.0,0.0,0.0,2016.0,0.059142,159,0,27,249577,2243,41,8,0,249677.0,0.999599,160817.64,6832
m11_adaptive_adversary,adaptive_adversary,heavy_flood,m11_pool4_r4_p15_dup60_s20260611,1800,512,8,1000.0,10000.0,False,60,pool4_r4_p15,4,4,15.0,,200,1,20260611,BudgetDoS,True,300,1500,1260188,4300.982935,0.114319,0,0.0,0.0,2016.0,0.885681,0,0,1636,249906,0,105,634,0,250006.0,0.9996,151222.56,4192
m11_adaptive_adversary,adaptive_adversary,heavy_flood,m11_pool4_r4_p15_dup60_s20260611,1800,512,8,1000.0,10000.0,False,60,pool4_r4_p15,4,4,15.0,,200,1,20260611,P3-Persist,True,300,1500,1336614,550.273364,0.947718,0,0.0,0.0,2016.0,0.060476,152,0,31,249906,2231,40,10,0,250006.0,0.9996,160393.68,6832
m11_adaptive_adversary,adaptive_adversary,heavy_flood,m11_pool4_r4_p15_dup60_s20260612,1800,512,8,1000.0,10000.0,False,60,pool4_r4_p15,4,4,15.0,,200,1,20260612,BudgetDoS,True,300,1500,1260196,4390.926829,0.111586,0,0.0,0.0,2016.0,0.888414,0,0,1637,249571,0,91,648,0,249671.0,0.999599,151223.52,4192
m11_adaptive_adversary,adaptive_adversary,heavy_flood,m11_pool4_r4_p15_dup60_s20260612,1800,512,8,1000.0,10000.0,False,60,pool4_r4_p15,4,4,15.0,,200,1,20260612,P3-Persist,True,300,1500,1345190,562.605604,0.929627,0,0.0,0.0,2016.0,0.075816,169,0,71,249571,2174,34,3,0,249671.0,0.999599,161422.8,6832
m11_adaptive_adversary,adaptive_adversary,heavy_flood,m11_pool4_r4_p15_dup60_s20260613,1800,512,8,1000.0,10000.0,False,60,pool4_r4_p15,4,4,15.0,,200,1,20260613,BudgetDoS,True,300,1500,1260159,4300.883959,0.111704,0,0.0,0.0,2016.0,0.888296,0,0,1665,250519,0,134,665,0,250619.0,0.999601,151219.08,4192
m11_adaptive_adversary,adaptive_adversary,heavy_flood,m11_pool4_r4_p15_dup60_s20260613,1800,512,8,1000.0,10000.0,False,60,pool4_r4_p15,4,4,15.0,,200,1,20260613,P3-Persist,True,300,1500,1342665,541.397177,0.945482,0.0,0.0,0.0,2016.0,0.059093,164,0,32,250519,2250,57,5,0,250619.0,0.999601,161119.8,6832
m11_adaptive_adversary,adaptive_adversary,heavy_flood,m11_pool4_r4_p15_dup60_s20260614,1800,512,8,1000.0,10000.0,False,60,pool4_r4_p15,4,4,15.0,,200,1,20260614,BudgetDoS,True,300,1500,1260188,4375.652778,0.112368,0.0,0.0,0.0,2016.0,0.887632,0,0,1610,249596,0,100,665,0,249696.0,0.9996,151222.56,4192
m11_adaptive_adversary,adaptive_adversary,heavy_flood,m11_pool4_r4_p15_dup60_s20260614,1800,512,8,1000.0,10000.0,False,60,pool4_r4_p15,4,4,15.0,,200,1,20260614,P3-Persist,True,300,1500,1346190,556.736973,0.943426,0.0,0.0,0.0,2016.0,0.062037,171,0,32,249596,2197,44,6,0,249696.0,0.9996,161542.8,6832
m11_adaptive_adversary,adaptive_adversary,heavy_flood,m11_pool4_r4_p15_dup60_s20260615,1800,512,8,1000.0,10000.0,False,60,pool4_r4_p15,4,4,15.0,,200,1,20260615,BudgetDoS,True,300,1500,1260176,4484.6121,0.11222,0,0,0.0,2016.0,0.88778,0,0,1560,249171,0,105,663,0,249271.0,0.999599,151221.12,4192
m11_adaptive_adversary,adaptive_adversary,heavy_flood,m11_pool4_r4_p15_dup60_s20260615,1800,512,8,1000.0,10000.0,False,60,pool4_r4_p15,4,4,15.0,,200,1,20260615,P3-Persist,True,300,1500,1345685,571.416136,0.940495,0,0.0,0.0,2016.0,0.061901,170,0,34,249171,2157,23,8,0,249271.0,0.999599,161482.2,6832
m11_adaptive_adversary,adaptive_adversary,heavy_flood,m11_pool4_r4_p15_dup60_s20260616,1800,512,8,1000.0,10000.0,False,60,pool4_r4_p15,4,4,15.0,,200,1,20260616,BudgetDoS,True,300,1500,1260175,4719.756554,0.107272,0,0.0,0.0,2016.0,0.892728,0,0,1565,249812,0,92,657,0,249912.0,0.9996,151221.0,4192
m11_adaptive_adversary,adaptive_adversary,heavy_flood,m11_pool4_r4_p15_dup60_s20260616,1800,512,8,1000.0,10000.0,False,60,pool4_r4_p15,4,4,15.0,,200,1,20260616,P3-Persist,True,300,1500,1333095,569.698718,0.940137,0.0,0.0,0.0,2016.0,0.064283,145,0,39,249812,2149,31,5,0,249912.0,0.9996,159971.4,6832
m11_adaptive_adversary,adaptive_adversary,heavy_flood,m11_pool4_r4_p15_dup60_s20260617,1800,512,8,1000.0,10000.0,False,60,pool4_r4_p15,4,4,15.0,,200,1,20260617,BudgetDoS,True,300,1500,1260174,4791.536122,0.105963,0,0.0,0.0,2016.0,0.894037,0,0,1513,250484,0,89,706,0,250584.0,0.999601,151220.88,4192
m11_adaptive_adversary,adaptive_adversary,heavy_flood,m11_pool4_r4_p15_dup60_s20260617,1800,512,8,1000.0,10000.0,False,60,pool4_r4_p15,4,4,15.0,,200,1,20260617,P3-Persist,True,300,1500,1349724,576.805128,0.942788,0.0,0.0,0.0,2016.0,0.062853,178,0,33,250484,2120,30,8,0,250584.0,0.999601,161966.88,6832
m11_adaptive_adversary,adaptive_adversary,heavy_flood,m11_pool4_r4_p15_dup60_s20260618,1800,512,8,1000.0,10000.0,False,60,pool4_r4_p15,4,4,15.0,,200,1,20260618,BudgetDoS,True,300,1500,1260179,4345.444828,0.116606,0.0,0.0,0.0,2016.0,0.883394,0,0,1548,249415,0,111,649,0,249515.0,0.999599,151221.48,4192
m11_adaptive_adversary,adaptive_adversary,heavy_flood,m11_pool4_r4_p15_dup60_s20260618,1800,512,8,1000.0,10000.0,False,60,pool4_r4_p15,4,4,15.0,,200,1,20260618,P3-Persist,True,300,1500,1336116,569.772281,0.942903,0,0.0,0.0,2016.0,0.061922,151,0,34,249415,2142,40,4,0,249515.0,0.999599,160333.92,6832
m11_adaptive_adversary,adaptive_adversary,heavy_flood,m11_pool4_r4_p15_dup60_s20260619,1800,512,8,1000.0,10000.0,False,60,pool4_r4_p15,4,4,15.0,,200,1,20260619,BudgetDoS,True,300,1500,1260190,4437.288732,0.110592,0.0,0.0,0.0,2016.0,0.889408,0,0,1635,249152,0,94,649,0,249252.0,0.999599,151222.8,4192
m11_adaptive_adversary,adaptive_adversary,heavy_flood,m11_pool4_r4_p15_dup60_s20260619,1800,512,8,1000.0,10000.0,False,60,pool4_r4_p15,4,4,15.0,,200,1,20260619,P3-Persist,True,300,1500,1341659,551.442252,0.94743,0,0.0,0.0,2016.0,0.055685,162,0,28,249152,2224,36,9,0,249252.0,0.999599,160999.08,6832
m11_adaptive_adversary,adaptive_adversary,heavy_flood,m11_pool4_r4_p15_dup60_s20260620,1800,512,8,1000.0,10000.0,False,60,pool4_r4_p15,4,4,15.0,,200,1,20260620,BudgetDoS,True,300,1500,1260178,4468.716312,0.110893,0.0,0.0,0.0,2016.0,0.889107,0,0,1578,250420,0,104,683,0,250520.0,0.999601,151221.36,4192
m11_adaptive_adversary,adaptive_adversary,heavy_flood,m11_pool4_r4_p15_dup60_s20260620,1800,512,8,1000.0,10000.0,False,60,pool4_r4_p15,4,4,15.0,,200,1,20260620,P3-Persist,True,300,1500,1339644,560.520502,0.939835,0.0,0.0,0.0,2016.0,0.06685,158,0,51,250420,2182,38,2,0,250520.0,0.999601,160757.28,6832
m11_adaptive_adversary,adaptive_adversary,heavy_flood,m11_pool4_r4_p15_dup60_s20260621,1800,512,8,1000.0,10000.0,False,60,pool4_r4_p15,4,4,15.0,,200,1,20260621,BudgetDoS,True,300,1500,1260151,4737.409774,0.104273,0.0,0.0,0.0,2016.0,0.895727,0,0,1575,250135,0,115,710,0,250235.0,0.9996,151218.12,4192
m11_adaptive_adversary,adaptive_adversary,heavy_flood,m11_pool4_r4_p15_dup60_s20260621,1800,512,8,1000.0,10000.0,False,60,pool4_r4_p15,4,4,15.0,,200,1,20260621,P3-Persist,True,300,1500,1351233,562.076955,0.942376,0.0,0.0,0.0,2016.0,0.063897,181,0,36,250135,2179,35,3,0,250235.0,0.9996,162147.96,6832
m11_adaptive_adversary,adaptive_adversary,heavy_flood,m11_pool4_r4_p15_dup60_s20260622,1800,512,8,1000.0,10000.0,False,60,pool4_r4_p15,4,4,15.0,,200,1,20260622,BudgetDoS,True,300,1500,1260161,4865.486486,0.102615,0,0.0,0.0,2016.0,0.897385,0,0,1615,249565,0,98,650,0,249665.0,0.999599,151219.32,4192
m11_adaptive_adversary,adaptive_adversary,heavy_flood,m11_pool4_r4_p15_dup60_s20260622,1800,512,8,1000.0,10000.0,False,60,pool4_r4_p15,4,4,15.0,,200,1,20260622,P3-Persist,True,300,1500,1331578,559.251575,0.943344,0,0,0.0,2016.0,0.063391,142,0,41,249565,2196,33,3,0,249665.0,0.999599,159789.36,6832
m11_adaptive_adversary,adaptive_adversary,heavy_flood,m11_pool4_r4_p15_dup60_s20260623,1800,512,8,1000.0,10000.0,False,60,pool4_r4_p15,4,4,15.0,,200,1,20260623,BudgetDoS,True,300,1500,1260172,4360.456747,0.112189,0,0.0,0.0,2016.0,0.887811,0,0,1630,250166,0,117,657,0,250266.0,0.9996,151220.64,4192
m11_adaptive_adversary,adaptive_adversary,heavy_flood,m11_pool4_r4_p15_dup60_s20260623,1800,512,8,1000.0,10000.0,False,60,pool4_r4_p15,4,4,15.0,,200,1,20260623,P3-Persist,True,300,1500,1328046,548.099876,0.940606,0,0.0,0.0,2016.0,0.063276,135,0,48,250166,2244,38,4,0,250266.0,0.9996,159365.52,6832
m11_adaptive_adversary,adaptive_adversary,heavy_flood,m11_pool4_r4_p15_dup60_s20260624,1800,512,8,1000.0,10000.0,False,60,pool4_r4_p15,4,4,15.0,,200,1,20260624,BudgetDoS,True,300,1500,1260181,4118.238562,0.117828,0.0,0.0,0.0,2016.0,0.882172,0,0,1648,249957,0,125,643,0,250057.0,0.9996,151221.72,4192
m11_adaptive_adversary,adaptive_adversary,heavy_flood,m11_pool4_r4_p15_dup60_s20260624,1800,512,8,1000.0,10000.0,False,60,pool4_r4_p15,4,4,15.0,,200,1,20260624,P3-Persist,True,300,1500,1335609,545.36913,0.943011,0,0.0,0.0,2016.0,0.061995,150,0,36,249957,2246,44,6,0,250057.0,0.9996,160273.08,6832
m11_adaptive_adversary,adaptive_adversary,heavy_flood,m11_pool4_r4_p15_dup60_s20260625,1800,512,8,1000.0,10000.0,False,60,pool4_r4_p15,4,4,15.0,,200,1,20260625,BudgetDoS,True,300,1500,1260189,4271.827119,0.113418,0,0.0,0.0,2016.0,0.886582,0,0,1636,250114,0,106,670,0,250214.0,0.9996,151222.68,4192
m11_adaptive_adversary,adaptive_adversary,heavy_flood,m11_pool4_r4_p15_dup60_s20260625,1800,512,8,1000.0,10000.0,False,60,pool4_r4_p15,4,4,15.0,,200,1,20260625,P3-Persist,True,300,1500,1332581,542.58184,0.944252,0.0,0.0,0.0,2016.0,0.059977,144,0,38,250114,2268,39,2,0,250214.0,0.9996,159909.72,6832
m11_adaptive_adversary,adaptive_adversary,heavy_flood,m11_pool4_r4_p15_dup60_s20260626,1800,512,8,1000.0,10000.0,False,60,pool4_r4_p15,4,4,15.0,,200,1,20260626,BudgetDoS,True,300,1500,1260192,4616.087912,0.105691,0,0.0,0.0,2016.0,0.894309,0,0,1613,249419,0,81,697,0,249519.0,0.999599,151223.04,4192
m11_adaptive_adversary,adaptive_adversary,heavy_flood,m11_pool4_r4_p15_dup60_s20260626,1800,512,8,1000.0,10000.0,False,60,pool4_r4_p15,4,4,15.0,,200,1,20260626,P3-Persist,True,300,1500,1350729,548.853718,0.952768,0,0,0.0,2016.0,0.053813,180,0,19,249419,2244,28,7,0,249519.0,0.999599,162087.48,6832
m11_adaptive_adversary,adaptive_adversary,heavy_flood,m11_pool4_r4_p15_dup60_s20260627,1800,512,8,1000.0,10000.0,False,60,pool4_r4_p15,4,4,15.0,,200,1,20260627,BudgetDoS,True,300,1500,1260183,4375.635417,0.111932,0.0,0.0,0.0,2016.0,0.888068,0,0,1601,250481,0,105,684,0,250581.0,0.999601,151221.96,4192
m11_adaptive_adversary,adaptive_adversary,heavy_flood,m11_pool4_r4_p15_dup60_s20260627,1800,512,8,1000.0,10000.0,False,60,pool4_r4_p15,4,4,15.0,,200,1,20260627,P3-Persist,True,300,1500,1342663,552.991351,0.943646,0.0,0.0,0.0,2016.0,0.059852,164,0,32,250481,2221,36,8,0,250581.0,0.999601,161119.56,6832
m11_adaptive_adversary,adaptive_adversary,heavy_flood,m11_pool4_r4_p15_dup60_s20260628,1800,512,8,1000.0,10000.0,False,60,pool4_r4_p15,4,4,15.0,,200,1,20260628,BudgetDoS,True,300,1500,1260175,4172.764901,0.120463,0.0,0.0,0.0,2016.0,0.879537,0,0,1573,250072,0,127,632,0,250172.0,0.9996,151221.0,4192
m11_adaptive_adversary,adaptive_adversary,heavy_flood,m11_pool4_r4_p15_dup60_s20260628,1800,512,8,1000.0,10000.0,False,60,pool4_r4_p15,4,4,15.0,,200,1,20260628,P3-Persist,True,300,1500,1334098,562.910549,0.945353,0.0,0.0,31.0,2016.0,0.06422,147,0,28,250072,2177,36,8,0,250172.0,0.9996,160091.76,6832
m11_adaptive_adversary,adaptive_adversary,heavy_flood,m11_pool4_r4_p15_dup60_s20260629,1800,512,8,1000.0,10000.0,False,60,pool4_r4_p15,4,4,15.0,,200,1,20260629,BudgetDoS,True,300,1500,1260182,4406.230769,0.112289,0.0,0.0,0.0,2016.0,0.887711,0,0,1596,249007,0,104,665,0,249107.0,0.999599,151221.84,4192
m11_adaptive_adversary,adaptive_adversary,heavy_flood,m11_pool4_r4_p15_dup60_s20260629,1800,512,8,1000.0,10000.0,False,60,pool4_r4_p15,4,4,15.0,,200,1,20260629,P3-Persist,True,300,1500,1341150,561.150628,0.938359,0.0,0.0,0.0,2016.0,0.065567,161,0,40,249007,2183,40,10,0,249107.0,0.999599,160938.0,6832
m11_adaptive_adversary,adaptive_adversary,heavy_flood,m11_pool16_r1_p60_dup0_s20260610,1800,512,8,1000.0,10000.0,False,0,pool16_r1_p60,16,1,60.0,,200,1,20260610,BudgetDoS,True,300,1500,1261535,816.527508,0.597217,0,0.0,0.0,45339.84,0.402783,0,0,0,0,0,10,1042,247428,249677.0,0.0,151384.2,4192
m11_adaptive_adversary,adaptive_adversary,heavy_flood,m11_pool16_r1_p60_dup0_s20260610,1800,512,8,1000.0,10000.0,False,0,pool16_r1_p60,16,1,60.0,,200,1,20260610,P3-Persist,True,300,1500,3780007,2266.191247,0.644762,0.0,0.0,0.0,145756.8,0.356784,21,4979,0,0,1632,8,55,22116,29346.0,0.0,453600.84,6832
m11_adaptive_adversary,adaptive_adversary,heavy_flood,m11_pool16_r1_p60_dup0_s20260611,1800,512,8,1000.0,10000.0,False,0,pool16_r1_p60,16,1,60.0,,200,1,20260611,BudgetDoS,True,300,1500,1261536,816.0,0.603199,0.0,0.0,0.0,45339.84,0.396801,0,0,0,0,0,10,1017,247757,250006.0,0.0,151384.32,4192
m11_adaptive_adversary,adaptive_adversary,heavy_flood,m11_pool16_r1_p60_dup0_s20260611,1800,512,8,1000.0,10000.0,False,0,pool16_r1_p60,16,1,60.0,,200,1,20260611,P3-Persist,True,300,1500,3780007,2217.012903,0.665236,0,0.0,0.0,145797.12,0.336715,18,4982,0,0,1671,9,76,22051,29283.0,0.0,453600.84,6832
m11_adaptive_adversary,adaptive_adversary,heavy_flood,m11_pool16_r1_p60_dup0_s20260612,1800,512,8,1000.0,10000.0,False,0,pool16_r1_p60,16,1,60.0,,200,1,20260612,BudgetDoS,True,300,1500,1260938,1327.303158,0.369362,0.0,0.0,0.0,44896.32,0.630638,0,0,0,0,0,12,1622,247444,249671.0,0.0,151312.56,4192
m11_adaptive_adversary,adaptive_adversary,heavy_flood,m11_pool16_r1_p60_dup0_s20260612,1800,512,8,1000.0,10000.0,False,0,pool16_r1_p60,16,1,60.0,,200,1,20260612,P3-Persist,True,300,1500,3780007,2183.712883,0.673017,0,0.0,0.0,145474.56,0.327372,18,4982,0,0,1701,5,55,22039,29255.0,0.0,453600.84,6832
m11_adaptive_adversary,adaptive_adversary,heavy_flood,m11_pool16_r1_p60_dup0_s20260613,1800,512,8,1000.0,10000.0,False,0,pool16_r1_p60,16,1,60.0,,200,1,20260613,BudgetDoS,True,300,1500,1261528,819.706303,0.586733,0,0.0,0.0,45521.28,0.413267,0,0,0,0,0,11,1084,248361,250619.0,0.0,151383.36,4192
m11_adaptive_adversary,adaptive_adversary,heavy_flood,m11_pool16_r1_p60_dup0_s20260613,1800,512,8,1000.0,10000.0,False,0,pool16_r1_p60,16,1,60.0,,200,1,20260613,P3-Persist,True,300,1500,3780007,2205.371645,0.65345,0.0,0.0,0.0,146059.2,0.346931,14,4986,0,0,1683,10,44,22148,29393.0,0.0,453600.84,6832
m11_adaptive_adversary,adaptive_adversary,heavy_flood,m11_pool16_r1_p60_dup0_s20260614,1800,512,8,1000.0,10000.0,False,0,pool16_r1_p60,16,1,60.0,,200,1,20260614,BudgetDoS,True,300,1500,1261539,815.474467,0.60359,0,0.0,0.0,45964.8,0.39641,0,0,0,0,0,8,1016,247416,249696.0,0.0,151384.68,4192
m11_adaptive_adversary,adaptive_adversary,heavy_flood,m11_pool16_r1_p60_dup0_s20260614,1800,512,8,1000.0,10000.0,False,0,pool16_r1_p60,16,1,60.0,,200,1,20260614,P3-Persist,True,300,1500,3780008,2366.943018,0.623098,0,0.0,0.0,146502.72,0.377292,14,4986,0,0,1568,7,51,22146,29413.0,0.0,453600.96,6832
m11_adaptive_adversary,adaptive_adversary,heavy_flood,m11_pool16_r1_p60_dup0_s20260615,1800,512,8,1000.0,10000.0,False,0,pool16_r1_p60,16,1,60.0,,200,1,20260615,BudgetDoS,True,300,1500,1261496,838.203322,0.601038,0,0.0,0.0,45702.72,0.398962,0,0,0,0,0,9,999,247004,249271.0,0.0,151379.52,4192
m11_adaptive_adversary,adaptive_adversary,heavy_flood,m11_pool16_r1_p60_dup0_s20260615,1800,512,8,1000.0,10000.0,False,0,pool16_r1_p60,16,1,60.0,,200,1,20260615,P3-Persist,True,300,1500,3780007,2313.345777,0.652556,0.0,0.0,0.0,146260.8,0.347444,13,4987,0,0,1606,8,54,22057,29312.0,0.0,453600.84,6832
m11_adaptive_adversary,adaptive_adversary,heavy_flood,m11_pool16_r1_p60_dup0_s20260616,1800,512,8,1000.0,10000.0,False,0,pool16_r1_p60,16,1,60.0,,200,1,20260616,BudgetDoS,True,300,1500,1261484,846.065728,0.599036,0,0.0,0.0,45581.76,0.400964,0,0,0,0,0,7,998,247651,249912.0,0.0,151378.08,4192
m11_adaptive_adversary,adaptive_adversary,heavy_flood,m11_pool16_r1_p60_dup0_s20260616,1800,512,8,1000.0,10000.0,False,0,pool16_r1_p60,16,1,60.0,,200,1,20260616,P3-Persist,True,300,1500,3780007,2545.459259,0.596625,0,0.0,0.0,146139.84,0.403375,14,4986,0,0,1459,5,54,21987,29236.0,0.0,453600.84,6832
m11_adaptive_adversary,adaptive_adversary,heavy_flood,m11_pool16_r1_p60_dup0_s20260617,1800,512,8,1000.0,10000.0,False,0,pool16_r1_p60,16,1,60.0,,200,1,20260617,BudgetDoS,True,300,1500,1261398,898.431624,0.565673,0.0,0.0,0.0,45158.4,0.434327,0,0,0,0,0,6,1078,248344,250584.0,0.0,151367.76,4192
m11_adaptive_adversary,adaptive_adversary,heavy_flood,m11_pool16_r1_p60_dup0_s20260617,1800,512,8,1000.0,10000.0,False,0,pool16_r1_p60,16,1,60.0,,200,1,20260617,P3-Persist,True,300,1500,3780008,2350.751244,0.647865,0.0,0.0,0.0,145615.68,0.352941,19,4981,0,0,1577,4,109,22207,29430.0,0.0,453600.96,6832
m11_adaptive_adversary,adaptive_adversary,heavy_flood,m11_pool16_r1_p60_dup0_s20260618,1800,512,8,1000.0,10000.0,False,0,pool16_r1_p60,16,1,60.0,,200,1,20260618,BudgetDoS,True,300,1500,1261400,896.517413,0.565742,0,0.0,0.0,45360.0,0.434258,0,0,0,0,0,7,1080,247265,249515.0,0.0,151368.0,4192
m11_adaptive_adversary,adaptive_adversary,heavy_flood,m11_pool16_r1_p60_dup0_s20260618,1800,512,8,1000.0,10000.0,False,0,pool16_r1_p60,16,1,60.0,,200,1,20260618,P3-Persist,True,300,1500,3780007,2353.678082,0.645758,0.0,0.0,0.0,145837.44,0.354644,17,4983,0,0,1576,6,42,22099,29333.0,0.0,453600.84,6832
m11_adaptive_adversary,adaptive_adversary,heavy_flood,m11_pool16_r1_p60_dup0_s20260619,1800,512,8,1000.0,10000.0,False,0,pool16_r1_p60,16,1,60.0,,200,1,20260619,BudgetDoS,True,300,1500,1261510,830.487163,0.591511,0,0.0,0.0,45622.08,0.408489,0,0,0,0,0,9,1049,246989,249252.0,0.0,151381.2,4192
m11_adaptive_adversary,adaptive_adversary,heavy_flood,m11_pool16_r1_p60_dup0_s20260619,1800,512,8,1000.0,10000.0,False,0,pool16_r1_p60,16,1,60.0,,200,1,20260619,P3-Persist,True,300,1500,3780006,2293.692961,0.641745,0.0,0.0,0.0,146180.16,0.358645,13,4987,0,0,1621,8,73,22171,29422.0,0.0,453600.72,6832
m11_adaptive_adversary,adaptive_adversary,heavy_flood,m11_pool16_r1_p60_dup0_s20260620,1800,512,8,1000.0,10000.0,False,0,pool16_r1_p60,16,1,60.0,,200,1,20260620,BudgetDoS,True,300,1500,1261463,854.07109,0.58081,0,0.0,0.0,45864.0,0.41919,0,0,0,0,0,14,1066,248245,250520.0,0.0,151375.56,4192
m11_adaptive_adversary,adaptive_adversary,heavy_flood,m11_pool16_r1_p60_dup0_s20260620,1800,512,8,1000.0,10000.0,False,0,pool16_r1_p60,16,1,60.0,,200,1,20260620,P3-Persist,True,300,1500,3780006,2493.407652,0.596146,0.0,0.0,0.0,146321.28,0.40464,18,4982,0,0,1479,13,71,22264,29522.0,0.0,453600.72,6832
m11_adaptive_adversary,adaptive_adversary,heavy_flood,m11_pool16_r1_p60_dup0_s20260621,1800,512,8,1000.0,10000.0,False,0,pool16_r1_p60,16,1,60.0,,200,1,20260621,BudgetDoS,True,300,1500,1260959,1295.94964,0.381419,0,0.0,0.0,45581.76,0.618581,0,0,0,0,0,14,1578,247974,250235.0,0.0,151315.08,4192
m11_adaptive_adversary,adaptive_adversary,heavy_flood,m11_pool16_r1_p60_dup0_s20260621,1800,512,8,1000.0,10000.0,False,0,pool16_r1_p60,16,1,60.0,,200,1,20260621,P3-Persist,True,300,1500,3780006,2260.769139,0.655429,0.0,0.0,0.0,146099.52,0.346139,18,4982,0,0,1638,10,52,22135,29382.0,0.0,453600.72,6832
m11_adaptive_adversary,adaptive_adversary,heavy_flood,m11_pool16_r1_p60_dup0_s20260622,1800,512,8,1000.0,10000.0,False,0,pool16_r1_p60,16,1,60.0,,200,1,20260622,BudgetDoS,True,300,1500,1261543,813.89871,0.614105,0.0,0.0,0.0,46166.4,0.385895,0,0,0,0,0,7,974,247375,249665.0,0.0,151385.16,4192
m11_adaptive_adversary,adaptive_adversary,heavy_flood,m11_pool16_r1_p60_dup0_s20260622,1800,512,8,1000.0,10000.0,False,0,pool16_r1_p60,16,1,60.0,,200,1,20260622,P3-Persist,True,300,1500,3780007,2303.477757,0.650158,0,0,0.0,146744.64,0.350238,11,4989,0,0,1616,7,41,22075,29354.0,0.0,453600.84,6832
m11_adaptive_adversary,adaptive_adversary,heavy_flood,m11_pool16_r1_p60_dup0_s20260623,1800,512,8,1000.0,10000.0,False,0,pool16_r1_p60,16,1,60.0,,200,1,20260623,BudgetDoS,True,300,1500,1261451,864.007534,0.56677,0.0,0.0,0.0,46347.84,0.43323,0,0,0,0,0,9,1116,247967,250266.0,0.0,151374.12,4192
m11_adaptive_adversary,adaptive_adversary,heavy_flood,m11_pool16_r1_p60_dup0_s20260623,1800,512,8,1000.0,10000.0,False,0,pool16_r1_p60,16,1,60.0,,200,1,20260623,P3-Persist,True,300,1500,3780007,2267.55069,0.647127,0,0.0,0.0,146966.4,0.352873,10,4990,0,0,1642,8,72,22170,29460.0,0.0,453600.84,6832
m11_adaptive_adversary,adaptive_adversary,heavy_flood,m11_pool16_r1_p60_dup0_s20260624,1800,512,8,1000.0,10000.0,False,0,pool16_r1_p60,16,1,60.0,,200,1,20260624,BudgetDoS,True,300,1500,1261502,832.674587,0.583365,0,0.0,0.0,45521.28,0.416635,0,0,0,0,0,13,1082,247799,250057.0,0.0,151380.24,4192
m11_adaptive_adversary,adaptive_adversary,heavy_flood,m11_pool16_r1_p60_dup0_s20260624,1800,512,8,1000.0,10000.0,False,0,pool16_r1_p60,16,1,60.0,,200,1,20260624,P3-Persist,True,300,1500,3780008,2207.948598,0.659222,0.0,0.0,0.0,146059.2,0.341548,14,4986,0,0,1678,12,64,22247,29492.0,0.0,453600.96,6832
m11_adaptive_adversary,adaptive_adversary,heavy_flood,m11_pool16_r1_p60_dup0_s20260625,1800,512,8,1000.0,10000.0,False,0,pool16_r1_p60,16,1,60.0,,200,1,20260625,BudgetDoS,True,300,1500,1261487,844.93436,0.57401,0,0.0,0.0,45541.44,0.42599,0,0,0,0,0,6,1108,247955,250214.0,0.0,151378.44,4192
m11_adaptive_adversary,adaptive_adversary,heavy_flood,m11_pool16_r1_p60_dup0_s20260625,1800,512,8,1000.0,10000.0,False,0,pool16_r1_p60,16,1,60.0,,200,1,20260625,P3-Persist,True,300,1500,3780007,2311.930887,0.628604,0,0.0,0.0,145978.56,0.371396,17,4983,0,0,1604,7,45,22062,29303.0,0.0,453600.84,6832
m11_adaptive_adversary,adaptive_adversary,heavy_flood,m11_pool16_r1_p60_dup0_s20260626,1800,512,8,1000.0,10000.0,False,0,pool16_r1_p60,16,1,60.0,,200,1,20260626,BudgetDoS,True,300,1500,1261503,833.775942,0.585753,0,0.0,0.0,45884.16,0.414247,0,0,0,0,0,10,1070,247243,249519.0,0.0,151380.36,4192
m11_adaptive_adversary,adaptive_adversary,heavy_flood,m11_pool16_r1_p60_dup0_s20260626,1800,512,8,1000.0,10000.0,False,0,pool16_r1_p60,16,1,60.0,,200,1,20260626,P3-Persist,True,300,1500,3780007,2386.368056,0.61324,0.0,0.0,0.0,146502.72,0.38676,9,4991,0,0,1558,10,61,22018,29285.0,0.0,453600.84,6832
m11_adaptive_adversary,adaptive_adversary,heavy_flood,m11_pool16_r1_p60_dup0_s20260627,1800,512,8,1000.0,10000.0,False,0,pool16_r1_p60,16,1,60.0,,200,1,20260627,BudgetDoS,True,300,1500,1261491,840.433711,0.583366,0,0,0,45722.88,0.416634,0,0,0,0,0,10,1072,248313,250581.0,0.0,151378.92,4192
m11_adaptive_adversary,adaptive_adversary,heavy_flood,m11_pool16_r1_p60_dup0_s20260627,1800,512,8,1000.0,10000.0,False,0,pool16_r1_p60,16,1,60.0,,200,1,20260627,P3-Persist,True,300,1500,3780007,2252.685936,0.652157,0.0,0.0,0.0,146280.96,0.348232,14,4986,0,0,1648,9,72,22176,29432.0,0.0,453600.84,6832
m11_adaptive_adversary,adaptive_adversary,heavy_flood,m11_pool16_r1_p60_dup0_s20260628,1800,512,8,1000.0,10000.0,False,0,pool16_r1_p60,16,1,60.0,,200,1,20260628,BudgetDoS,True,300,1500,1261458,859.303815,0.58556,0.0,0.0,0.0,46126.08,0.41444,0,0,0,0,0,10,1039,247884,250172.0,0.0,151374.96,4192
m11_adaptive_adversary,adaptive_adversary,heavy_flood,m11_pool16_r1_p60_dup0_s20260628,1800,512,8,1000.0,10000.0,False,0,pool16_r1_p60,16,1,60.0,,200,1,20260628,P3-Persist,True,300,1500,3780007,2416.884271,0.623853,0.0,0.0,0.0,146563.2,0.377343,19,4981,0,0,1529,9,110,22221,29491.0,0.0,453600.84,6832
m11_adaptive_adversary,adaptive_adversary,heavy_flood,m11_pool16_r1_p60_dup0_s20260629,1800,512,8,1000.0,10000.0,False,0,pool16_r1_p60,16,1,60.0,,200,1,20260629,BudgetDoS,True,300,1500,1261489,842.115487,0.588143,0.0,0.0,0.0,45722.88,0.411857,0,0,0,0,0,9,1049,246839,249107.0,0.0,151378.68,4192
m11_adaptive_adversary,adaptive_adversary,heavy_flood,m11_pool16_r1_p60_dup0_s20260629,1800,512,8,1000.0,10000.0,False,0,pool16_r1_p60,16,1,60.0,,200,1,20260629,P3-Persist,True,300,1500,3780007,2277.112651,0.651747,0.0,0.0,0.0,146119.68,0.348253,20,4980,0,0,1624,9,53,21879,29127.0,0.0,453600.84,6832
m11_adaptive_adversary,adaptive_adversary,heavy_flood,m11_pool16_r1_p60_dup60_s20260610,1800,512,8,1000.0,10000.0,False,60,pool16_r1_p60,16,1,60.0,,200,1,20260610,BudgetDoS,True,300,1500,1260183,4650.121771,0.104755,0,0.0,0.0,8064.0,0.895245,0,0,1636,249277,0,88,680,0,249677.0,0.998398,151221.96,4192
m11_adaptive_adversary,adaptive_adversary,heavy_flood,m11_pool16_r1_p60_dup60_s20260610,1800,512,8,1000.0,10000.0,False,60,pool16_r1_p60,16,1,60.0,,200,1,20260610,P3-Persist,True,300,1500,1341157,546.741541,0.948203,0,0.0,0.0,8064.0,0.059528,161,0,27,249277,2244,35,8,0,249677.0,0.998398,160938.84,6832
m11_adaptive_adversary,adaptive_adversary,heavy_flood,m11_pool16_r1_p60_dup60_s20260611,1800,512,8,1000.0,10000.0,False,60,pool16_r1_p60,16,1,60.0,,200,1,20260611,BudgetDoS,True,300,1500,1260188,4452.961131,0.110417,0,0.0,0.0,8064.0,0.889583,0,0,1636,249606,0,95,644,0,250006.0,0.9984,151222.56,4192
m11_adaptive_adversary,adaptive_adversary,heavy_flood,m11_pool16_r1_p60_dup60_s20260611,1800,512,8,1000.0,10000.0,False,60,pool16_r1_p60,16,1,60.0,,200,1,20260611,P3-Persist,True,300,1500,1337623,551.142563,0.946937,0,0.0,0.0,8064.0,0.061256,154,0,31,249606,2232,34,9,0,250006.0,0.9984,160514.76,6832
m11_adaptive_adversary,adaptive_adversary,heavy_flood,m11_pool16_r1_p60_dup60_s20260612,1800,512,8,1000.0,10000.0,False,60,pool16_r1_p60,16,1,60.0,,200,1,20260612,BudgetDoS,True,300,1500,1260196,4633.073529,0.105754,0.0,0.0,0.0,8064.0,0.894246,0,0,1637,249271,0,76,663,0,249671.0,0.998398,151223.52,4192
m11_adaptive_adversary,adaptive_adversary,heavy_flood,m11_pool16_r1_p60_dup60_s20260612,1800,512,8,1000.0,10000.0,False,60,pool16_r1_p60,16,1,60.0,,200,1,20260612,P3-Persist,True,300,1500,1349726,563.559916,0.931182,0,0.0,0.0,8064.0,0.074261,178,0,70,249271,2173,30,3,0,249671.0,0.998398,161967.12,6832
m11_adaptive_adversary,adaptive_adversary,heavy_flood,m11_pool16_r1_p60_dup60_s20260613,1800,512,8,1000.0,10000.0,False,60,pool16_r1_p60,16,1,60.0,,200,1,20260613,BudgetDoS,True,300,1500,1260169,4484.587189,0.107129,0,0,0.0,8064.0,0.892871,0,0,1665,250219,0,112,677,0,250619.0,0.998404,151220.28,4192
m11_adaptive_adversary,adaptive_adversary,heavy_flood,m11_pool16_r1_p60_dup60_s20260613,1800,512,8,1000.0,10000.0,False,60,pool16_r1_p60,16,1,60.0,,200,1,20260613,P3-Persist,True,300,1500,1345688,542.835014,0.945101,0,0.0,0.0,8064.0,0.059474,170,0,32,250219,2249,52,5,0,250619.0,0.998404,161482.56,6832
m11_adaptive_adversary,adaptive_adversary,heavy_flood,m11_pool16_r1_p60_dup60_s20260614,1800,512,8,1000.0,10000.0,False,60,pool16_r1_p60,16,1,60.0,,200,1,20260614,BudgetDoS,True,300,1500,1260195,4533.07554,0.108467,0.0,0.0,0.0,8064.0,0.891533,0,0,1610,249296,0,83,675,0,249696.0,0.998398,151223.4,4192
m11_adaptive_adversary,adaptive_adversary,heavy_flood,m11_pool16_r1_p60_dup60_s20260614,1800,512,8,1000.0,10000.0,False,60,pool16_r1_p60,16,1,60.0,,200,1,20260614,P3-Persist,True,300,1500,1346695,556.715585,0.943816,0,0.0,0.0,8064.0,0.061647,172,0,32,249296,2200,40,6,0,249696.0,0.998398,161603.4,6832
m11_adaptive_adversary,adaptive_adversary,heavy_flood,m11_pool16_r1_p60_dup60_s20260615,1800,512,8,1000.0,10000.0,False,60,pool16_r1_p60,16,1,60.0,,200,1,20260615,BudgetDoS,True,300,1500,1260180,4667.333333,0.107827,0.0,0.0,0.0,8064.0,0.892173,0,0,1560,248871,0,90,674,0,249271.0,0.998395,151221.6,4192
m11_adaptive_adversary,adaptive_adversary,heavy_flood,m11_pool16_r1_p60_dup60_s20260615,1800,512,8,1000.0,10000.0,False,60,pool16_r1_p60,16,1,60.0,,200,1,20260615,P3-Persist,True,300,1500,1345186,571.204246,0.940495,0,0.0,0.0,8064.0,0.061901,169,0,35,248871,2155,21,8,0,249271.0,0.998395,161422.32,6832
m11_adaptive_adversary,adaptive_adversary,heavy_flood,m11_pool16_r1_p60_dup60_s20260616,1800,512,8,1000.0,10000.0,False,60,pool16_r1_p60,16,1,60.0,,200,1,20260616,BudgetDoS,True,300,1500,1260185,4755.415094,0.106468,0,0.0,0.0,8064.0,0.893532,0,0,1565,249512,0,80,659,0,249912.0,0.998399,151222.2,4192
m11_adaptive_adversary,adaptive_adversary,heavy_flood,m11_pool16_r1_p60_dup60_s20260616,1800,512,8,1000.0,10000.0,False,60,pool16_r1_p60,16,1,60.0,,200,1,20260616,P3-Persist,True,300,1500,1334607,570.344872,0.940137,0.0,0.0,0.0,8064.0,0.064283,148,0,39,249512,2149,28,5,0,249912.0,0.998399,160152.84,6832
m11_adaptive_adversary,adaptive_adversary,heavy_flood,m11_pool16_r1_p60_dup60_s20260617,1800,512,8,1000.0,10000.0,False,60,pool16_r1_p60,16,1,60.0,,200,1,20260617,BudgetDoS,True,300,1500,1260189,4755.430189,0.106769,0,0.0,0.0,8064.0,0.893231,0,0,1513,250184,0,76,704,0,250584.0,0.998404,151222.68,4192
m11_adaptive_adversary,adaptive_adversary,heavy_flood,m11_pool16_r1_p60_dup60_s20260617,1800,512,8,1000.0,10000.0,False,60,pool16_r1_p60,16,1,60.0,,200,1,20260617,P3-Persist,True,300,1500,1351740,577.666667,0.942788,0.0,0.0,0.0,8064.0,0.062853,182,0,33,250184,2120,26,8,0,250584.0,0.998404,162208.8,6832
m11_adaptive_adversary,adaptive_adversary,heavy_flood,m11_pool16_r1_p60_dup60_s20260618,1800,512,8,1000.0,10000.0,False,60,pool16_r1_p60,16,1,60.0,,200,1,20260618,BudgetDoS,True,300,1500,1260180,4650.110701,0.108967,0,0.0,0.0,8064.0,0.891033,0,0,1548,249115,0,91,668,0,249515.0,0.998397,151221.6,4192
m11_adaptive_adversary,adaptive_adversary,heavy_flood,m11_pool16_r1_p60_dup60_s20260618,1800,512,8,1000.0,10000.0,False,60,pool16_r1_p60,16,1,60.0,,200,1,20260618,P3-Persist,True,300,1500,1338634,570.602728,0.943305,0.0,0.0,0.0,8064.0,0.061922,156,0,34,249115,2142,38,4,0,249515.0,0.998397,160636.08,6832
m11_adaptive_adversary,adaptive_adversary,heavy_flood,m11_pool16_r1_p60_dup60_s20260619,1800,512,8,1000.0,10000.0,False,60,pool16_r1_p60,16,1,60.0,,200,1,20260619,BudgetDoS,True,300,1500,1260181,4791.562738,0.102414,0,0.0,0.0,8064.0,0.897586,0,0,1635,248852,0,82,670,0,249252.0,0.998395,151221.72,4192
m11_adaptive_adversary,adaptive_adversary,heavy_flood,m11_pool16_r1_p60_dup60_s20260619,1800,512,8,1000.0,10000.0,False,60,pool16_r1_p60,16,1,60.0,,200,1,20260619,P3-Persist,True,300,1500,1344179,552.251027,0.947819,0.0,0.0,0.0,8064.0,0.055685,167,0,28,248852,2224,32,9,0,249252.0,0.998395,161301.48,6832
m11_adaptive_adversary,adaptive_adversary,heavy_flood,m11_pool16_r1_p60_dup60_s20260620,1800,512,8,1000.0,10000.0,False,60,pool16_r1_p60,16,1,60.0,,200,1,20260620,BudgetDoS,True,300,1500,1260180,4650.110701,0.106567,0,0.0,0.0,8064.0,0.893433,0,0,1578,250120,0,91,694,0,250520.0,0.998403,151221.6,4192
m11_adaptive_adversary,adaptive_adversary,heavy_flood,m11_pool16_r1_p60_dup60_s20260620,1800,512,8,1000.0,10000.0,False,60,pool16_r1_p60,16,1,60.0,,200,1,20260620,P3-Persist,True,300,1500,1342164,561.574895,0.939835,0.0,0.0,0.0,8064.0,0.06685,163,0,51,250120,2182,33,2,0,250520.0,0.998403,161059.68,6832
m11_adaptive_adversary,adaptive_adversary,heavy_flood,m11_pool16_r1_p60_dup60_s20260621,1800,512,8,1000.0,10000.0,False,60,pool16_r1_p60,16,1,60.0,,200,1,20260621,BudgetDoS,True,300,1500,1260156,4865.467181,0.101529,0,0.0,0.0,8064.0,0.898471,0,0,1575,249835,0,103,717,0,250235.0,0.998402,151218.72,4192
m11_adaptive_adversary,adaptive_adversary,heavy_flood,m11_pool16_r1_p60_dup60_s20260621,1800,512,8,1000.0,10000.0,False,60,pool16_r1_p60,16,1,60.0,,200,1,20260621,P3-Persist,True,300,1500,1353251,562.448462,0.94316,0.0,0.0,0.0,8064.0,0.063113,185,0,36,249835,2178,32,3,0,250235.0,0.998402,162390.12,6832
m11_adaptive_adversary,adaptive_adversary,heavy_flood,m11_pool16_r1_p60_dup60_s20260622,1800,512,8,1000.0,10000.0,False,60,pool16_r1_p60,16,1,60.0,,200,1,20260622,BudgetDoS,True,300,1500,1260165,4884.360465,0.102219,0.0,0.0,0.0,8064.0,0.897781,0,0,1615,249265,0,93,651,0,249665.0,0.998398,151219.8,4192
m11_adaptive_adversary,adaptive_adversary,heavy_flood,m11_pool16_r1_p60_dup60_s20260622,1800,512,8,1000.0,10000.0,False,60,pool16_r1_p60,16,1,60.0,,200,1,20260622,P3-Persist,True,300,1500,1333594,560.333613,0.942948,0.0,0.0,0.0,8064.0,0.063788,146,0,42,249265,2194,30,3,0,249665.0,0.998398,160031.28,6832
m11_adaptive_adversary,adaptive_adversary,heavy_flood,m11_pool16_r1_p60_dup60_s20260623,1800,512,8,1000.0,10000.0,False,60,pool16_r1_p60,16,1,60.0,,200,1,20260623,BudgetDoS,True,300,1500,1260167,4773.359848,0.102484,0.0,0.0,0.0,8064.0,0.897516,0,0,1630,249866,0,97,682,0,250266.0,0.998402,151220.04,4192
m11_adaptive_adversary,adaptive_adversary,heavy_flood,m11_pool16_r1_p60_dup60_s20260623,1800,512,8,1000.0,10000.0,False,60,pool16_r1_p60,16,1,60.0,,200,1,20260623,P3-Persist,True,300,1500,1332582,550.881356,0.939053,0,0.0,0.0,8064.0,0.064829,144,0,50,249866,2237,32,4,0,250266.0,0.998402,159909.84,6832
m11_adaptive_adversary,adaptive_adversary,heavy_flood,m11_pool16_r1_p60_dup60_s20260624,1800,512,8,1000.0,10000.0,False,60,pool16_r1_p60,16,1,60.0,,200,1,20260624,BudgetDoS,True,300,1500,1260181,4300.959044,0.112822,0,0.0,0.0,8064.0,0.887178,0,0,1648,249657,0,112,656,0,250057.0,0.9984,151221.72,4192
m11_adaptive_adversary,adaptive_adversary,heavy_flood,m11_pool16_r1_p60_dup60_s20260624,1800,512,8,1000.0,10000.0,False,60,pool16_r1_p60,16,1,60.0,,200,1,20260624,P3-Persist,True,300,1500,1339138,546.810127,0.943011,0,0.0,0.0,8064.0,0.062765,157,0,36,249657,2243,39,5,0,250057.0,0.9984,160696.56,6832
m11_adaptive_adversary,adaptive_adversary,heavy_flood,m11_pool16_r1_p60_dup60_s20260625,1800,512,8,1000.0,10000.0,False,60,pool16_r1_p60,16,1,60.0,,200,1,20260625,BudgetDoS,True,300,1500,1260188,4533.05036,0.106882,0.0,0.0,0.0,8064.0,0.893118,0,0,1636,249814,0,90,687,0,250214.0,0.998401,151222.56,4192
m11_adaptive_adversary,adaptive_adversary,heavy_flood,m11_pool16_r1_p60_dup60_s20260625,1800,512,8,1000.0,10000.0,False,60,pool16_r1_p60,16,1,60.0,,200,1,20260625,P3-Persist,True,300,1500,1334095,543.640994,0.943483,0.0,0.0,0.0,8064.0,0.060746,147,0,39,249814,2265,35,2,0,250214.0,0.998401,160091.4,6832
m11_adaptive_adversary,adaptive_adversary,heavy_flood,m11_pool16_r1_p60_dup60_s20260626,1800,512,8,1000.0,10000.0,False,60,pool16_r1_p60,16,1,60.0,,200,1,20260626,BudgetDoS,True,300,1500,1260192,4809.89313,0.101432,0.0,0.0,0.0,8064.0,0.898568,0,0,1613,249119,0,70,708,0,249519.0,0.998397,151223.04,4192
m11_adaptive_adversary,adaptive_adversary,heavy_flood,m11_pool16_r1_p60_dup60_s20260626,1800,512,8,1000.0,10000.0,False,60,pool16_r1_p60,16,1,60.0,,200,1,20260626,P3-Persist,True,300,1500,1351233,549.058513,0.952768,0,0,0.0,8064.0,0.053813,181,0,19,249119,2244,27,7,0,249519.0,0.998397,162147.96,6832
m11_adaptive_adversary,adaptive_adversary,heavy_flood,m11_pool16_r1_p60_dup60_s20260627,1800,512,8,1000.0,10000.0,False,60,pool16_r1_p60,16,1,60.0,,200,1,20260627,BudgetDoS,True,300,1500,1260190,4516.810036,0.108434,0,0.0,0.0,8064.0,0.891566,0,0,1601,250181,0,89,693,0,250581.0,0.998404,151222.8,4192
m11_adaptive_adversary,adaptive_adversary,heavy_flood,m11_pool16_r1_p60_dup60_s20260627,1800,512,8,1000.0,10000.0,False,60,pool16_r1_p60,16,1,60.0,,200,1,20260627,P3-Persist,True,300,1500,1344679,553.821664,0.943646,0.0,0.0,0.0,8064.0,0.059852,168,0,32,250181,2220,33,8,0,250581.0,0.998404,161361.48,6832
m11_adaptive_adversary,adaptive_adversary,heavy_flood,m11_pool16_r1_p60_dup60_s20260628,1800,512,8,1000.0,10000.0,False,60,pool16_r1_p60,16,1,60.0,,200,1,20260628,BudgetDoS,True,300,1500,1260171,4468.691489,0.112485,0.0,0.0,0.0,8064.0,0.887515,0,0,1573,249772,0,111,652,0,250172.0,0.998401,151220.52,4192
m11_adaptive_adversary,adaptive_adversary,heavy_flood,m11_pool16_r1_p60_dup60_s20260628,1800,512,8,1000.0,10000.0,False,60,pool16_r1_p60,16,1,60.0,,200,1,20260628,P3-Persist,True,300,1500,1332585,562.747044,0.944555,0.0,0.0,0.0,8064.0,0.064619,144,0,28,249772,2181,34,9,0,250172.0,0.998401,159910.2,6832
m11_adaptive_adversary,adaptive_adversary,heavy_flood,m11_pool16_r1_p60_dup60_s20260629,1800,512,8,1000.0,10000.0,False,60,pool16_r1_p60,16,1,60.0,,200,1,20260629,BudgetDoS,True,300,1500,1260189,4549.418773,0.108755,0,0.0,0.0,8064.0,0.891245,0,0,1596,248707,0,88,674,0,249107.0,0.998394,151222.68,4192
m11_adaptive_adversary,adaptive_adversary,heavy_flood,m11_pool16_r1_p60_dup60_s20260629,1800,512,8,1000.0,10000.0,False,60,pool16_r1_p60,16,1,60.0,,200,1,20260629,P3-Persist,True,300,1500,1343670,562.205021,0.938359,0.0,0.0,0.0,8064.0,0.065567,166,0,40,248707,2181,37,10,0,249107.0,0.998394,161240.4,6832
m11_adaptive_adversary,adaptive_adversary,heavy_flood,m11_pool16_r4_p60_dup0_s20260610,1800,512,8,1000.0,10000.0,False,0,pool16_r4_p60,16,4,60.0,,200,1,20260610,BudgetDoS,True,300,1500,1261535,816.527508,0.597217,0,0.0,0.0,45339.84,0.402783,0,0,0,0,0,10,1042,247428,249677.0,0.0,151384.2,4192
m11_adaptive_adversary,adaptive_adversary,heavy_flood,m11_pool16_r4_p60_dup0_s20260610,1800,512,8,1000.0,10000.0,False,0,pool16_r4_p60,16,4,60.0,,200,1,20260610,P3-Persist,True,300,1500,3780007,2266.191247,0.644762,0.0,0.0,0.0,145756.8,0.356784,21,4979,0,0,1632,8,55,22116,29346.0,0.0,453600.84,6832
m11_adaptive_adversary,adaptive_adversary,heavy_flood,m11_pool16_r4_p60_dup0_s20260611,1800,512,8,1000.0,10000.0,False,0,pool16_r4_p60,16,4,60.0,,200,1,20260611,BudgetDoS,True,300,1500,1261536,816.0,0.603199,0.0,0.0,0.0,45339.84,0.396801,0,0,0,0,0,10,1017,247757,250006.0,0.0,151384.32,4192
m11_adaptive_adversary,adaptive_adversary,heavy_flood,m11_pool16_r4_p60_dup0_s20260611,1800,512,8,1000.0,10000.0,False,0,pool16_r4_p60,16,4,60.0,,200,1,20260611,P3-Persist,True,300,1500,3780007,2217.012903,0.665236,0,0.0,0.0,145797.12,0.336715,18,4982,0,0,1671,9,76,22051,29283.0,0.0,453600.84,6832
m11_adaptive_adversary,adaptive_adversary,heavy_flood,m11_pool16_r4_p60_dup0_s20260612,1800,512,8,1000.0,10000.0,False,0,pool16_r4_p60,16,4,60.0,,200,1,20260612,BudgetDoS,True,300,1500,1260938,1327.303158,0.369362,0.0,0.0,0.0,44896.32,0.630638,0,0,0,0,0,12,1622,247444,249671.0,0.0,151312.56,4192
m11_adaptive_adversary,adaptive_adversary,heavy_flood,m11_pool16_r4_p60_dup0_s20260612,1800,512,8,1000.0,10000.0,False,0,pool16_r4_p60,16,4,60.0,,200,1,20260612,P3-Persist,True,300,1500,3780007,2183.712883,0.673017,0,0.0,0.0,145474.56,0.327372,18,4982,0,0,1701,5,55,22039,29255.0,0.0,453600.84,6832
m11_adaptive_adversary,adaptive_adversary,heavy_flood,m11_pool16_r4_p60_dup0_s20260613,1800,512,8,1000.0,10000.0,False,0,pool16_r4_p60,16,4,60.0,,200,1,20260613,BudgetDoS,True,300,1500,1261528,819.706303,0.586733,0,0.0,0.0,45521.28,0.413267,0,0,0,0,0,11,1084,248361,250619.0,0.0,151383.36,4192
m11_adaptive_adversary,adaptive_adversary,heavy_flood,m11_pool16_r4_p60_dup0_s20260613,1800,512,8,1000.0,10000.0,False,0,pool16_r4_p60,16,4,60.0,,200,1,20260613,P3-Persist,True,300,1500,3780007,2205.371645,0.65345,0.0,0.0,0.0,146059.2,0.346931,14,4986,0,0,1683,10,44,22148,29393.0,0.0,453600.84,6832
m11_adaptive_adversary,adaptive_adversary,heavy_flood,m11_pool16_r4_p60_dup0_s20260614,1800,512,8,1000.0,10000.0,False,0,pool16_r4_p60,16,4,60.0,,200,1,20260614,BudgetDoS,True,300,1500,1261539,815.474467,0.60359,0,0.0,0.0,45964.8,0.39641,0,0,0,0,0,8,1016,247416,249696.0,0.0,151384.68,4192
m11_adaptive_adversary,adaptive_adversary,heavy_flood,m11_pool16_r4_p60_dup0_s20260614,1800,512,8,1000.0,10000.0,False,0,pool16_r4_p60,16,4,60.0,,200,1,20260614,P3-Persist,True,300,1500,3780008,2366.943018,0.623098,0,0.0,0.0,146502.72,0.377292,14,4986,0,0,1568,7,51,22146,29413.0,0.0,453600.96,6832
m11_adaptive_adversary,adaptive_adversary,heavy_flood,m11_pool16_r4_p60_dup0_s20260615,1800,512,8,1000.0,10000.0,False,0,pool16_r4_p60,16,4,60.0,,200,1,20260615,BudgetDoS,True,300,1500,1261496,838.203322,0.601038,0,0.0,0.0,45702.72,0.398962,0,0,0,0,0,9,999,247004,249271.0,0.0,151379.52,4192
m11_adaptive_adversary,adaptive_adversary,heavy_flood,m11_pool16_r4_p60_dup0_s20260615,1800,512,8,1000.0,10000.0,False,0,pool16_r4_p60,16,4,60.0,,200,1,20260615,P3-Persist,True,300,1500,3780007,2313.345777,0.652556,0.0,0.0,0.0,146260.8,0.347444,13,4987,0,0,1606,8,54,22057,29312.0,0.0,453600.84,6832
m11_adaptive_adversary,adaptive_adversary,heavy_flood,m11_pool16_r4_p60_dup0_s20260616,1800,512,8,1000.0,10000.0,False,0,pool16_r4_p60,16,4,60.0,,200,1,20260616,BudgetDoS,True,300,1500,1261484,846.065728,0.599036,0,0.0,0.0,45581.76,0.400964,0,0,0,0,0,7,998,247651,249912.0,0.0,151378.08,4192
m11_adaptive_adversary,adaptive_adversary,heavy_flood,m11_pool16_r4_p60_dup0_s20260616,1800,512,8,1000.0,10000.0,False,0,pool16_r4_p60,16,4,60.0,,200,1,20260616,P3-Persist,True,300,1500,3780007,2545.459259,0.596625,0,0.0,0.0,146139.84,0.403375,14,4986,0,0,1459,5,54,21987,29236.0,0.0,453600.84,6832
m11_adaptive_adversary,adaptive_adversary,heavy_flood,m11_pool16_r4_p60_dup0_s20260617,1800,512,8,1000.0,10000.0,False,0,pool16_r4_p60,16,4,60.0,,200,1,20260617,BudgetDoS,True,300,1500,1261398,898.431624,0.565673,0.0,0.0,0.0,45158.4,0.434327,0,0,0,0,0,6,1078,248344,250584.0,0.0,151367.76,4192
m11_adaptive_adversary,adaptive_adversary,heavy_flood,m11_pool16_r4_p60_dup0_s20260617,1800,512,8,1000.0,10000.0,False,0,pool16_r4_p60,16,4,60.0,,200,1,20260617,P3-Persist,True,300,1500,3780008,2350.751244,0.647865,0.0,0.0,0.0,145615.68,0.352941,19,4981,0,0,1577,4,109,22207,29430.0,0.0,453600.96,6832
m11_adaptive_adversary,adaptive_adversary,heavy_flood,m11_pool16_r4_p60_dup0_s20260618,1800,512,8,1000.0,10000.0,False,0,pool16_r4_p60,16,4,60.0,,200,1,20260618,BudgetDoS,True,300,1500,1261400,896.517413,0.565742,0,0.0,0.0,45360.0,0.434258,0,0,0,0,0,7,1080,247265,249515.0,0.0,151368.0,4192
m11_adaptive_adversary,adaptive_adversary,heavy_flood,m11_pool16_r4_p60_dup0_s20260618,1800,512,8,1000.0,10000.0,False,0,pool16_r4_p60,16,4,60.0,,200,1,20260618,P3-Persist,True,300,1500,3780007,2353.678082,0.645758,0.0,0.0,0.0,145837.44,0.354644,17,4983,0,0,1576,6,42,22099,29333.0,0.0,453600.84,6832
m11_adaptive_adversary,adaptive_adversary,heavy_flood,m11_pool16_r4_p60_dup0_s20260619,1800,512,8,1000.0,10000.0,False,0,pool16_r4_p60,16,4,60.0,,200,1,20260619,BudgetDoS,True,300,1500,1261510,830.487163,0.591511,0,0.0,0.0,45622.08,0.408489,0,0,0,0,0,9,1049,246989,249252.0,0.0,151381.2,4192
m11_adaptive_adversary,adaptive_adversary,heavy_flood,m11_pool16_r4_p60_dup0_s20260619,1800,512,8,1000.0,10000.0,False,0,pool16_r4_p60,16,4,60.0,,200,1,20260619,P3-Persist,True,300,1500,3780006,2293.692961,0.641745,0.0,0.0,0.0,146180.16,0.358645,13,4987,0,0,1621,8,73,22171,29422.0,0.0,453600.72,6832
m11_adaptive_adversary,adaptive_adversary,heavy_flood,m11_pool16_r4_p60_dup0_s20260620,1800,512,8,1000.0,10000.0,False,0,pool16_r4_p60,16,4,60.0,,200,1,20260620,BudgetDoS,True,300,1500,1261463,854.07109,0.58081,0,0.0,0.0,45864.0,0.41919,0,0,0,0,0,14,1066,248245,250520.0,0.0,151375.56,4192
m11_adaptive_adversary,adaptive_adversary,heavy_flood,m11_pool16_r4_p60_dup0_s20260620,1800,512,8,1000.0,10000.0,False,0,pool16_r4_p60,16,4,60.0,,200,1,20260620,P3-Persist,True,300,1500,3780006,2493.407652,0.596146,0.0,0.0,0.0,146321.28,0.40464,18,4982,0,0,1479,13,71,22264,29522.0,0.0,453600.72,6832
m11_adaptive_adversary,adaptive_adversary,heavy_flood,m11_pool16_r4_p60_dup0_s20260621,1800,512,8,1000.0,10000.0,False,0,pool16_r4_p60,16,4,60.0,,200,1,20260621,BudgetDoS,True,300,1500,1260959,1295.94964,0.381419,0,0.0,0.0,45581.76,0.618581,0,0,0,0,0,14,1578,247974,250235.0,0.0,151315.08,4192
m11_adaptive_adversary,adaptive_adversary,heavy_flood,m11_pool16_r4_p60_dup0_s20260621,1800,512,8,1000.0,10000.0,False,0,pool16_r4_p60,16,4,60.0,,200,1,20260621,P3-Persist,True,300,1500,3780006,2260.769139,0.655429,0.0,0.0,0.0,146099.52,0.346139,18,4982,0,0,1638,10,52,22135,29382.0,0.0,453600.72,6832
m11_adaptive_adversary,adaptive_adversary,heavy_flood,m11_pool16_r4_p60_dup0_s20260622,1800,512,8,1000.0,10000.0,False,0,pool16_r4_p60,16,4,60.0,,200,1,20260622,BudgetDoS,True,300,1500,1261543,813.89871,0.614105,0.0,0.0,0.0,46166.4,0.385895,0,0,0,0,0,7,974,247375,249665.0,0.0,151385.16,4192
m11_adaptive_adversary,adaptive_adversary,heavy_flood,m11_pool16_r4_p60_dup0_s20260622,1800,512,8,1000.0,10000.0,False,0,pool16_r4_p60,16,4,60.0,,200,1,20260622,P3-Persist,True,300,1500,3780007,2303.477757,0.650158,0,0,0.0,146744.64,0.350238,11,4989,0,0,1616,7,41,22075,29354.0,0.0,453600.84,6832
m11_adaptive_adversary,adaptive_adversary,heavy_flood,m11_pool16_r4_p60_dup0_s20260623,1800,512,8,1000.0,10000.0,False,0,pool16_r4_p60,16,4,60.0,,200,1,20260623,BudgetDoS,True,300,1500,1261451,864.007534,0.56677,0.0,0.0,0.0,46347.84,0.43323,0,0,0,0,0,9,1116,247967,250266.0,0.0,151374.12,4192
m11_adaptive_adversary,adaptive_adversary,heavy_flood,m11_pool16_r4_p60_dup0_s20260623,1800,512,8,1000.0,10000.0,False,0,pool16_r4_p60,16,4,60.0,,200,1,20260623,P3-Persist,True,300,1500,3780007,2267.55069,0.647127,0,0.0,0.0,146966.4,0.352873,10,4990,0,0,1642,8,72,22170,29460.0,0.0,453600.84,6832
m11_adaptive_adversary,adaptive_adversary,heavy_flood,m11_pool16_r4_p60_dup0_s20260624,1800,512,8,1000.0,10000.0,False,0,pool16_r4_p60,16,4,60.0,,200,1,20260624,BudgetDoS,True,300,1500,1261502,832.674587,0.583365,0,0.0,0.0,45521.28,0.416635,0,0,0,0,0,13,1082,247799,250057.0,0.0,151380.24,4192
m11_adaptive_adversary,adaptive_adversary,heavy_flood,m11_pool16_r4_p60_dup0_s20260624,1800,512,8,1000.0,10000.0,False,0,pool16_r4_p60,16,4,60.0,,200,1,20260624,P3-Persist,True,300,1500,3780008,2207.948598,0.659222,0.0,0.0,0.0,146059.2,0.341548,14,4986,0,0,1678,12,64,22247,29492.0,0.0,453600.96,6832
m11_adaptive_adversary,adaptive_adversary,heavy_flood,m11_pool16_r4_p60_dup0_s20260625,1800,512,8,1000.0,10000.0,False,0,pool16_r4_p60,16,4,60.0,,200,1,20260625,BudgetDoS,True,300,1500,1261487,844.93436,0.57401,0,0.0,0.0,45541.44,0.42599,0,0,0,0,0,6,1108,247955,250214.0,0.0,151378.44,4192
m11_adaptive_adversary,adaptive_adversary,heavy_flood,m11_pool16_r4_p60_dup0_s20260625,1800,512,8,1000.0,10000.0,False,0,pool16_r4_p60,16,4,60.0,,200,1,20260625,P3-Persist,True,300,1500,3780007,2311.930887,0.628604,0,0.0,0.0,145978.56,0.371396,17,4983,0,0,1604,7,45,22062,29303.0,0.0,453600.84,6832
m11_adaptive_adversary,adaptive_adversary,heavy_flood,m11_pool16_r4_p60_dup0_s20260626,1800,512,8,1000.0,10000.0,False,0,pool16_r4_p60,16,4,60.0,,200,1,20260626,BudgetDoS,True,300,1500,1261503,833.775942,0.585753,0,0.0,0.0,45884.16,0.414247,0,0,0,0,0,10,1070,247243,249519.0,0.0,151380.36,4192
m11_adaptive_adversary,adaptive_adversary,heavy_flood,m11_pool16_r4_p60_dup0_s20260626,1800,512,8,1000.0,10000.0,False,0,pool16_r4_p60,16,4,60.0,,200,1,20260626,P3-Persist,True,300,1500,3780007,2386.368056,0.61324,0.0,0.0,0.0,146502.72,0.38676,9,4991,0,0,1558,10,61,22018,29285.0,0.0,453600.84,6832
m11_adaptive_adversary,adaptive_adversary,heavy_flood,m11_pool16_r4_p60_dup0_s20260627,1800,512,8,1000.0,10000.0,False,0,pool16_r4_p60,16,4,60.0,,200,1,20260627,BudgetDoS,True,300,1500,1261491,840.433711,0.583366,0,0,0,45722.88,0.416634,0,0,0,0,0,10,1072,248313,250581.0,0.0,151378.92,4192
m11_adaptive_adversary,adaptive_adversary,heavy_flood,m11_pool16_r4_p60_dup0_s20260627,1800,512,8,1000.0,10000.0,False,0,pool16_r4_p60,16,4,60.0,,200,1,20260627,P3-Persist,True,300,1500,3780007,2252.685936,0.652157,0.0,0.0,0.0,146280.96,0.348232,14,4986,0,0,1648,9,72,22176,29432.0,0.0,453600.84,6832
m11_adaptive_adversary,adaptive_adversary,heavy_flood,m11_pool16_r4_p60_dup0_s20260628,1800,512,8,1000.0,10000.0,False,0,pool16_r4_p60,16,4,60.0,,200,1,20260628,BudgetDoS,True,300,1500,1261458,859.303815,0.58556,0.0,0.0,0.0,46126.08,0.41444,0,0,0,0,0,10,1039,247884,250172.0,0.0,151374.96,4192
m11_adaptive_adversary,adaptive_adversary,heavy_flood,m11_pool16_r4_p60_dup0_s20260628,1800,512,8,1000.0,10000.0,False,0,pool16_r4_p60,16,4,60.0,,200,1,20260628,P3-Persist,True,300,1500,3780007,2416.884271,0.623853,0.0,0.0,0.0,146563.2,0.377343,19,4981,0,0,1529,9,110,22221,29491.0,0.0,453600.84,6832
m11_adaptive_adversary,adaptive_adversary,heavy_flood,m11_pool16_r4_p60_dup0_s20260629,1800,512,8,1000.0,10000.0,False,0,pool16_r4_p60,16,4,60.0,,200,1,20260629,BudgetDoS,True,300,1500,1261489,842.115487,0.588143,0.0,0.0,0.0,45722.88,0.411857,0,0,0,0,0,9,1049,246839,249107.0,0.0,151378.68,4192
m11_adaptive_adversary,adaptive_adversary,heavy_flood,m11_pool16_r4_p60_dup0_s20260629,1800,512,8,1000.0,10000.0,False,0,pool16_r4_p60,16,4,60.0,,200,1,20260629,P3-Persist,True,300,1500,3780007,2277.112651,0.651747,0.0,0.0,0.0,146119.68,0.348253,20,4980,0,0,1624,9,53,21879,29127.0,0.0,453600.84,6832
m11_adaptive_adversary,adaptive_adversary,heavy_flood,m11_pool16_r4_p60_dup60_s20260610,1800,512,8,1000.0,10000.0,False,60,pool16_r4_p60,16,4,60.0,,200,1,20260610,BudgetDoS,True,300,1500,1260183,4650.121771,0.104755,0,0.0,0.0,8064.0,0.895245,0,0,1636,249277,0,88,680,0,249677.0,0.998398,151221.96,4192
m11_adaptive_adversary,adaptive_adversary,heavy_flood,m11_pool16_r4_p60_dup60_s20260610,1800,512,8,1000.0,10000.0,False,60,pool16_r4_p60,16,4,60.0,,200,1,20260610,P3-Persist,True,300,1500,1341157,546.741541,0.948203,0,0.0,0.0,8064.0,0.059528,161,0,27,249277,2244,35,8,0,249677.0,0.998398,160938.84,6832
m11_adaptive_adversary,adaptive_adversary,heavy_flood,m11_pool16_r4_p60_dup60_s20260611,1800,512,8,1000.0,10000.0,False,60,pool16_r4_p60,16,4,60.0,,200,1,20260611,BudgetDoS,True,300,1500,1260188,4452.961131,0.110417,0,0.0,0.0,8064.0,0.889583,0,0,1636,249606,0,95,644,0,250006.0,0.9984,151222.56,4192
m11_adaptive_adversary,adaptive_adversary,heavy_flood,m11_pool16_r4_p60_dup60_s20260611,1800,512,8,1000.0,10000.0,False,60,pool16_r4_p60,16,4,60.0,,200,1,20260611,P3-Persist,True,300,1500,1337623,551.142563,0.946937,0,0.0,0.0,8064.0,0.061256,154,0,31,249606,2232,34,9,0,250006.0,0.9984,160514.76,6832
m11_adaptive_adversary,adaptive_adversary,heavy_flood,m11_pool16_r4_p60_dup60_s20260612,1800,512,8,1000.0,10000.0,False,60,pool16_r4_p60,16,4,60.0,,200,1,20260612,BudgetDoS,True,300,1500,1260196,4633.073529,0.105754,0.0,0.0,0.0,8064.0,0.894246,0,0,1637,249271,0,76,663,0,249671.0,0.998398,151223.52,4192
m11_adaptive_adversary,adaptive_adversary,heavy_flood,m11_pool16_r4_p60_dup60_s20260612,1800,512,8,1000.0,10000.0,False,60,pool16_r4_p60,16,4,60.0,,200,1,20260612,P3-Persist,True,300,1500,1349726,563.559916,0.931182,0,0.0,0.0,8064.0,0.074261,178,0,70,249271,2173,30,3,0,249671.0,0.998398,161967.12,6832
m11_adaptive_adversary,adaptive_adversary,heavy_flood,m11_pool16_r4_p60_dup60_s20260613,1800,512,8,1000.0,10000.0,False,60,pool16_r4_p60,16,4,60.0,,200,1,20260613,BudgetDoS,True,300,1500,1260169,4484.587189,0.107129,0,0,0.0,8064.0,0.892871,0,0,1665,250219,0,112,677,0,250619.0,0.998404,151220.28,4192
m11_adaptive_adversary,adaptive_adversary,heavy_flood,m11_pool16_r4_p60_dup60_s20260613,1800,512,8,1000.0,10000.0,False,60,pool16_r4_p60,16,4,60.0,,200,1,20260613,P3-Persist,True,300,1500,1345688,542.835014,0.945101,0,0.0,0.0,8064.0,0.059474,170,0,32,250219,2249,52,5,0,250619.0,0.998404,161482.56,6832
m11_adaptive_adversary,adaptive_adversary,heavy_flood,m11_pool16_r4_p60_dup60_s20260614,1800,512,8,1000.0,10000.0,False,60,pool16_r4_p60,16,4,60.0,,200,1,20260614,BudgetDoS,True,300,1500,1260195,4533.07554,0.108467,0.0,0.0,0.0,8064.0,0.891533,0,0,1610,249296,0,83,675,0,249696.0,0.998398,151223.4,4192
m11_adaptive_adversary,adaptive_adversary,heavy_flood,m11_pool16_r4_p60_dup60_s20260614,1800,512,8,1000.0,10000.0,False,60,pool16_r4_p60,16,4,60.0,,200,1,20260614,P3-Persist,True,300,1500,1346695,556.715585,0.943816,0,0.0,0.0,8064.0,0.061647,172,0,32,249296,2200,40,6,0,249696.0,0.998398,161603.4,6832
m11_adaptive_adversary,adaptive_adversary,heavy_flood,m11_pool16_r4_p60_dup60_s20260615,1800,512,8,1000.0,10000.0,False,60,pool16_r4_p60,16,4,60.0,,200,1,20260615,BudgetDoS,True,300,1500,1260180,4667.333333,0.107827,0.0,0.0,0.0,8064.0,0.892173,0,0,1560,248871,0,90,674,0,249271.0,0.998395,151221.6,4192
m11_adaptive_adversary,adaptive_adversary,heavy_flood,m11_pool16_r4_p60_dup60_s20260615,1800,512,8,1000.0,10000.0,False,60,pool16_r4_p60,16,4,60.0,,200,1,20260615,P3-Persist,True,300,1500,1345186,571.204246,0.940495,0,0.0,0.0,8064.0,0.061901,169,0,35,248871,2155,21,8,0,249271.0,0.998395,161422.32,6832
m11_adaptive_adversary,adaptive_adversary,heavy_flood,m11_pool16_r4_p60_dup60_s20260616,1800,512,8,1000.0,10000.0,False,60,pool16_r4_p60,16,4,60.0,,200,1,20260616,BudgetDoS,True,300,1500,1260185,4755.415094,0.106468,0,0.0,0.0,8064.0,0.893532,0,0,1565,249512,0,80,659,0,249912.0,0.998399,151222.2,4192
m11_adaptive_adversary,adaptive_adversary,heavy_flood,m11_pool16_r4_p60_dup60_s20260616,1800,512,8,1000.0,10000.0,False,60,pool16_r4_p60,16,4,60.0,,200,1,20260616,P3-Persist,True,300,1500,1334607,570.344872,0.940137,0.0,0.0,0.0,8064.0,0.064283,148,0,39,249512,2149,28,5,0,249912.0,0.998399,160152.84,6832
m11_adaptive_adversary,adaptive_adversary,heavy_flood,m11_pool16_r4_p60_dup60_s20260617,1800,512,8,1000.0,10000.0,False,60,pool16_r4_p60,16,4,60.0,,200,1,20260617,BudgetDoS,True,300,1500,1260189,4755.430189,0.106769,0,0.0,0.0,8064.0,0.893231,0,0,1513,250184,0,76,704,0,250584.0,0.998404,151222.68,4192
m11_adaptive_adversary,adaptive_adversary,heavy_flood,m11_pool16_r4_p60_dup60_s20260617,1800,512,8,1000.0,10000.0,False,60,pool16_r4_p60,16,4,60.0,,200,1,20260617,P3-Persist,True,300,1500,1351740,577.666667,0.942788,0.0,0.0,0.0,8064.0,0.062853,182,0,33,250184,2120,26,8,0,250584.0,0.998404,162208.8,6832
m11_adaptive_adversary,adaptive_adversary,heavy_flood,m11_pool16_r4_p60_dup60_s20260618,1800,512,8,1000.0,10000.0,False,60,pool16_r4_p60,16,4,60.0,,200,1,20260618,BudgetDoS,True,300,1500,1260180,4650.110701,0.108967,0,0.0,0.0,8064.0,0.891033,0,0,1548,249115,0,91,668,0,249515.0,0.998397,151221.6,4192
m11_adaptive_adversary,adaptive_adversary,heavy_flood,m11_pool16_r4_p60_dup60_s20260618,1800,512,8,1000.0,10000.0,False,60,pool16_r4_p60,16,4,60.0,,200,1,20260618,P3-Persist,True,300,1500,1338634,570.602728,0.943305,0.0,0.0,0.0,8064.0,0.061922,156,0,34,249115,2142,38,4,0,249515.0,0.998397,160636.08,6832
m11_adaptive_adversary,adaptive_adversary,heavy_flood,m11_pool16_r4_p60_dup60_s20260619,1800,512,8,1000.0,10000.0,False,60,pool16_r4_p60,16,4,60.0,,200,1,20260619,BudgetDoS,True,300,1500,1260181,4791.562738,0.102414,0,0.0,0.0,8064.0,0.897586,0,0,1635,248852,0,82,670,0,249252.0,0.998395,151221.72,4192
m11_adaptive_adversary,adaptive_adversary,heavy_flood,m11_pool16_r4_p60_dup60_s20260619,1800,512,8,1000.0,10000.0,False,60,pool16_r4_p60,16,4,60.0,,200,1,20260619,P3-Persist,True,300,1500,1344179,552.251027,0.947819,0.0,0.0,0.0,8064.0,0.055685,167,0,28,248852,2224,32,9,0,249252.0,0.998395,161301.48,6832
m11_adaptive_adversary,adaptive_adversary,heavy_flood,m11_pool16_r4_p60_dup60_s20260620,1800,512,8,1000.0,10000.0,False,60,pool16_r4_p60,16,4,60.0,,200,1,20260620,BudgetDoS,True,300,1500,1260180,4650.110701,0.106567,0,0.0,0.0,8064.0,0.893433,0,0,1578,250120,0,91,694,0,250520.0,0.998403,151221.6,4192
m11_adaptive_adversary,adaptive_adversary,heavy_flood,m11_pool16_r4_p60_dup60_s20260620,1800,512,8,1000.0,10000.0,False,60,pool16_r4_p60,16,4,60.0,,200,1,20260620,P3-Persist,True,300,1500,1342164,561.574895,0.939835,0.0,0.0,0.0,8064.0,0.06685,163,0,51,250120,2182,33,2,0,250520.0,0.998403,161059.68,6832
m11_adaptive_adversary,adaptive_adversary,heavy_flood,m11_pool16_r4_p60_dup60_s20260621,1800,512,8,1000.0,10000.0,False,60,pool16_r4_p60,16,4,60.0,,200,1,20260621,BudgetDoS,True,300,1500,1260156,4865.467181,0.101529,0,0.0,0.0,8064.0,0.898471,0,0,1575,249835,0,103,717,0,250235.0,0.998402,151218.72,4192
m11_adaptive_adversary,adaptive_adversary,heavy_flood,m11_pool16_r4_p60_dup60_s20260621,1800,512,8,1000.0,10000.0,False,60,pool16_r4_p60,16,4,60.0,,200,1,20260621,P3-Persist,True,300,1500,1353251,562.448462,0.94316,0.0,0.0,0.0,8064.0,0.063113,185,0,36,249835,2178,32,3,0,250235.0,0.998402,162390.12,6832
m11_adaptive_adversary,adaptive_adversary,heavy_flood,m11_pool16_r4_p60_dup60_s20260622,1800,512,8,1000.0,10000.0,False,60,pool16_r4_p60,16,4,60.0,,200,1,20260622,BudgetDoS,True,300,1500,1260165,4884.360465,0.102219,0.0,0.0,0.0,8064.0,0.897781,0,0,1615,249265,0,93,651,0,249665.0,0.998398,151219.8,4192
m11_adaptive_adversary,adaptive_adversary,heavy_flood,m11_pool16_r4_p60_dup60_s20260622,1800,512,8,1000.0,10000.0,False,60,pool16_r4_p60,16,4,60.0,,200,1,20260622,P3-Persist,True,300,1500,1333594,560.333613,0.942948,0.0,0.0,0.0,8064.0,0.063788,146,0,42,249265,2194,30,3,0,249665.0,0.998398,160031.28,6832
m11_adaptive_adversary,adaptive_adversary,heavy_flood,m11_pool16_r4_p60_dup60_s20260623,1800,512,8,1000.0,10000.0,False,60,pool16_r4_p60,16,4,60.0,,200,1,20260623,BudgetDoS,True,300,1500,1260167,4773.359848,0.102484,0.0,0.0,0.0,8064.0,0.897516,0,0,1630,249866,0,97,682,0,250266.0,0.998402,151220.04,4192
m11_adaptive_adversary,adaptive_adversary,heavy_flood,m11_pool16_r4_p60_dup60_s20260623,1800,512,8,1000.0,10000.0,False,60,pool16_r4_p60,16,4,60.0,,200,1,20260623,P3-Persist,True,300,1500,1332582,550.881356,0.939053,0,0.0,0.0,8064.0,0.064829,144,0,50,249866,2237,32,4,0,250266.0,0.998402,159909.84,6832
m11_adaptive_adversary,adaptive_adversary,heavy_flood,m11_pool16_r4_p60_dup60_s20260624,1800,512,8,1000.0,10000.0,False,60,pool16_r4_p60,16,4,60.0,,200,1,20260624,BudgetDoS,True,300,1500,1260181,4300.959044,0.112822,0,0.0,0.0,8064.0,0.887178,0,0,1648,249657,0,112,656,0,250057.0,0.9984,151221.72,4192
m11_adaptive_adversary,adaptive_adversary,heavy_flood,m11_pool16_r4_p60_dup60_s20260624,1800,512,8,1000.0,10000.0,False,60,pool16_r4_p60,16,4,60.0,,200,1,20260624,P3-Persist,True,300,1500,1339138,546.810127,0.943011,0,0.0,0.0,8064.0,0.062765,157,0,36,249657,2243,39,5,0,250057.0,0.9984,160696.56,6832
m11_adaptive_adversary,adaptive_adversary,heavy_flood,m11_pool16_r4_p60_dup60_s20260625,1800,512,8,1000.0,10000.0,False,60,pool16_r4_p60,16,4,60.0,,200,1,20260625,BudgetDoS,True,300,1500,1260188,4533.05036,0.106882,0.0,0.0,0.0,8064.0,0.893118,0,0,1636,249814,0,90,687,0,250214.0,0.998401,151222.56,4192
m11_adaptive_adversary,adaptive_adversary,heavy_flood,m11_pool16_r4_p60_dup60_s20260625,1800,512,8,1000.0,10000.0,False,60,pool16_r4_p60,16,4,60.0,,200,1,20260625,P3-Persist,True,300,1500,1334095,543.640994,0.943483,0.0,0.0,0.0,8064.0,0.060746,147,0,39,249814,2265,35,2,0,250214.0,0.998401,160091.4,6832
m11_adaptive_adversary,adaptive_adversary,heavy_flood,m11_pool16_r4_p60_dup60_s20260626,1800,512,8,1000.0,10000.0,False,60,pool16_r4_p60,16,4,60.0,,200,1,20260626,BudgetDoS,True,300,1500,1260192,4809.89313,0.101432,0.0,0.0,0.0,8064.0,0.898568,0,0,1613,249119,0,70,708,0,249519.0,0.998397,151223.04,4192
m11_adaptive_adversary,adaptive_adversary,heavy_flood,m11_pool16_r4_p60_dup60_s20260626,1800,512,8,1000.0,10000.0,False,60,pool16_r4_p60,16,4,60.0,,200,1,20260626,P3-Persist,True,300,1500,1351233,549.058513,0.952768,0,0,0.0,8064.0,0.053813,181,0,19,249119,2244,27,7,0,249519.0,0.998397,162147.96,6832
m11_adaptive_adversary,adaptive_adversary,heavy_flood,m11_pool16_r4_p60_dup60_s20260627,1800,512,8,1000.0,10000.0,False,60,pool16_r4_p60,16,4,60.0,,200,1,20260627,BudgetDoS,True,300,1500,1260190,4516.810036,0.108434,0,0.0,0.0,8064.0,0.891566,0,0,1601,250181,0,89,693,0,250581.0,0.998404,151222.8,4192
m11_adaptive_adversary,adaptive_adversary,heavy_flood,m11_pool16_r4_p60_dup60_s20260627,1800,512,8,1000.0,10000.0,False,60,pool16_r4_p60,16,4,60.0,,200,1,20260627,P3-Persist,True,300,1500,1344679,553.821664,0.943646,0.0,0.0,0.0,8064.0,0.059852,168,0,32,250181,2220,33,8,0,250581.0,0.998404,161361.48,6832
m11_adaptive_adversary,adaptive_adversary,heavy_flood,m11_pool16_r4_p60_dup60_s20260628,1800,512,8,1000.0,10000.0,False,60,pool16_r4_p60,16,4,60.0,,200,1,20260628,BudgetDoS,True,300,1500,1260171,4468.691489,0.112485,0.0,0.0,0.0,8064.0,0.887515,0,0,1573,249772,0,111,652,0,250172.0,0.998401,151220.52,4192
m11_adaptive_adversary,adaptive_adversary,heavy_flood,m11_pool16_r4_p60_dup60_s20260628,1800,512,8,1000.0,10000.0,False,60,pool16_r4_p60,16,4,60.0,,200,1,20260628,P3-Persist,True,300,1500,1332585,562.747044,0.944555,0.0,0.0,0.0,8064.0,0.064619,144,0,28,249772,2181,34,9,0,250172.0,0.998401,159910.2,6832
m11_adaptive_adversary,adaptive_adversary,heavy_flood,m11_pool16_r4_p60_dup60_s20260629,1800,512,8,1000.0,10000.0,False,60,pool16_r4_p60,16,4,60.0,,200,1,20260629,BudgetDoS,True,300,1500,1260189,4549.418773,0.108755,0,0.0,0.0,8064.0,0.891245,0,0,1596,248707,0,88,674,0,249107.0,0.998394,151222.68,4192
m11_adaptive_adversary,adaptive_adversary,heavy_flood,m11_pool16_r4_p60_dup60_s20260629,1800,512,8,1000.0,10000.0,False,60,pool16_r4_p60,16,4,60.0,,200,1,20260629,P3-Persist,True,300,1500,1343670,562.205021,0.938359,0.0,0.0,0.0,8064.0,0.065567,166,0,40,248707,2181,37,10,0,249107.0,0.998394,161240.4,6832
m11_adaptive_adversary,adaptive_adversary,heavy_flood,m11_pool64_r1_p60_dup0_s20260610,1800,512,8,1000.0,10000.0,False,0,pool64_r1_p60,64,1,60.0,,200,1,20260610,BudgetDoS,True,300,1500,1261535,816.527508,0.597217,0,0.0,0.0,45339.84,0.402783,0,0,0,0,0,10,1042,247428,249677.0,0.0,151384.2,4192
m11_adaptive_adversary,adaptive_adversary,heavy_flood,m11_pool64_r1_p60_dup0_s20260610,1800,512,8,1000.0,10000.0,False,0,pool64_r1_p60,64,1,60.0,,200,1,20260610,P3-Persist,True,300,1500,3780007,2266.191247,0.644762,0.0,0.0,0.0,145756.8,0.356784,21,4979,0,0,1632,8,55,22116,29346.0,0.0,453600.84,6832
m11_adaptive_adversary,adaptive_adversary,heavy_flood,m11_pool64_r1_p60_dup0_s20260611,1800,512,8,1000.0,10000.0,False,0,pool64_r1_p60,64,1,60.0,,200,1,20260611,BudgetDoS,True,300,1500,1261536,816.0,0.603199,0.0,0.0,0.0,45339.84,0.396801,0,0,0,0,0,10,1017,247757,250006.0,0.0,151384.32,4192
m11_adaptive_adversary,adaptive_adversary,heavy_flood,m11_pool64_r1_p60_dup0_s20260611,1800,512,8,1000.0,10000.0,False,0,pool64_r1_p60,64,1,60.0,,200,1,20260611,P3-Persist,True,300,1500,3780007,2217.012903,0.665236,0,0.0,0.0,145797.12,0.336715,18,4982,0,0,1671,9,76,22051,29283.0,0.0,453600.84,6832
m11_adaptive_adversary,adaptive_adversary,heavy_flood,m11_pool64_r1_p60_dup0_s20260612,1800,512,8,1000.0,10000.0,False,0,pool64_r1_p60,64,1,60.0,,200,1,20260612,BudgetDoS,True,300,1500,1260938,1327.303158,0.369362,0.0,0.0,0.0,44896.32,0.630638,0,0,0,0,0,12,1622,247444,249671.0,0.0,151312.56,4192
m11_adaptive_adversary,adaptive_adversary,heavy_flood,m11_pool64_r1_p60_dup0_s20260612,1800,512,8,1000.0,10000.0,False,0,pool64_r1_p60,64,1,60.0,,200,1,20260612,P3-Persist,True,300,1500,3780007,2183.712883,0.673017,0,0.0,0.0,145474.56,0.327372,18,4982,0,0,1701,5,55,22039,29255.0,0.0,453600.84,6832
m11_adaptive_adversary,adaptive_adversary,heavy_flood,m11_pool64_r1_p60_dup0_s20260613,1800,512,8,1000.0,10000.0,False,0,pool64_r1_p60,64,1,60.0,,200,1,20260613,BudgetDoS,True,300,1500,1261528,819.706303,0.586733,0,0.0,0.0,45521.28,0.413267,0,0,0,0,0,11,1084,248361,250619.0,0.0,151383.36,4192
m11_adaptive_adversary,adaptive_adversary,heavy_flood,m11_pool64_r1_p60_dup0_s20260613,1800,512,8,1000.0,10000.0,False,0,pool64_r1_p60,64,1,60.0,,200,1,20260613,P3-Persist,True,300,1500,3780007,2205.371645,0.65345,0.0,0.0,0.0,146059.2,0.346931,14,4986,0,0,1683,10,44,22148,29393.0,0.0,453600.84,6832
m11_adaptive_adversary,adaptive_adversary,heavy_flood,m11_pool64_r1_p60_dup0_s20260614,1800,512,8,1000.0,10000.0,False,0,pool64_r1_p60,64,1,60.0,,200,1,20260614,BudgetDoS,True,300,1500,1261539,815.474467,0.60359,0,0.0,0.0,45964.8,0.39641,0,0,0,0,0,8,1016,247416,249696.0,0.0,151384.68,4192
m11_adaptive_adversary,adaptive_adversary,heavy_flood,m11_pool64_r1_p60_dup0_s20260614,1800,512,8,1000.0,10000.0,False,0,pool64_r1_p60,64,1,60.0,,200,1,20260614,P3-Persist,True,300,1500,3780008,2366.943018,0.623098,0,0.0,0.0,146502.72,0.377292,14,4986,0,0,1568,7,51,22146,29413.0,0.0,453600.96,6832
m11_adaptive_adversary,adaptive_adversary,heavy_flood,m11_pool64_r1_p60_dup0_s20260615,1800,512,8,1000.0,10000.0,False,0,pool64_r1_p60,64,1,60.0,,200,1,20260615,BudgetDoS,True,300,1500,1261496,838.203322,0.601038,0,0.0,0.0,45702.72,0.398962,0,0,0,0,0,9,999,247004,249271.0,0.0,151379.52,4192
m11_adaptive_adversary,adaptive_adversary,heavy_flood,m11_pool64_r1_p60_dup0_s20260615,1800,512,8,1000.0,10000.0,False,0,pool64_r1_p60,64,1,60.0,,200,1,20260615,P3-Persist,True,300,1500,3780007,2313.345777,0.652556,0.0,0.0,0.0,146260.8,0.347444,13,4987,0,0,1606,8,54,22057,29312.0,0.0,453600.84,6832
m11_adaptive_adversary,adaptive_adversary,heavy_flood,m11_pool64_r1_p60_dup0_s20260616,1800,512,8,1000.0,10000.0,False,0,pool64_r1_p60,64,1,60.0,,200,1,20260616,BudgetDoS,True,300,1500,1261484,846.065728,0.599036,0,0.0,0.0,45581.76,0.400964,0,0,0,0,0,7,998,247651,249912.0,0.0,151378.08,4192
m11_adaptive_adversary,adaptive_adversary,heavy_flood,m11_pool64_r1_p60_dup0_s20260616,1800,512,8,1000.0,10000.0,False,0,pool64_r1_p60,64,1,60.0,,200,1,20260616,P3-Persist,True,300,1500,3780007,2545.459259,0.596625,0,0.0,0.0,146139.84,0.403375,14,4986,0,0,1459,5,54,21987,29236.0,0.0,453600.84,6832
m11_adaptive_adversary,adaptive_adversary,heavy_flood,m11_pool64_r1_p60_dup0_s20260617,1800,512,8,1000.0,10000.0,False,0,pool64_r1_p60,64,1,60.0,,200,1,20260617,BudgetDoS,True,300,1500,1261398,898.431624,0.565673,0.0,0.0,0.0,45158.4,0.434327,0,0,0,0,0,6,1078,248344,250584.0,0.0,151367.76,4192
m11_adaptive_adversary,adaptive_adversary,heavy_flood,m11_pool64_r1_p60_dup0_s20260617,1800,512,8,1000.0,10000.0,False,0,pool64_r1_p60,64,1,60.0,,200,1,20260617,P3-Persist,True,300,1500,3780008,2350.751244,0.647865,0.0,0.0,0.0,145615.68,0.352941,19,4981,0,0,1577,4,109,22207,29430.0,0.0,453600.96,6832
m11_adaptive_adversary,adaptive_adversary,heavy_flood,m11_pool64_r1_p60_dup0_s20260618,1800,512,8,1000.0,10000.0,False,0,pool64_r1_p60,64,1,60.0,,200,1,20260618,BudgetDoS,True,300,1500,1261400,896.517413,0.565742,0,0.0,0.0,45360.0,0.434258,0,0,0,0,0,7,1080,247265,249515.0,0.0,151368.0,4192
m11_adaptive_adversary,adaptive_adversary,heavy_flood,m11_pool64_r1_p60_dup0_s20260618,1800,512,8,1000.0,10000.0,False,0,pool64_r1_p60,64,1,60.0,,200,1,20260618,P3-Persist,True,300,1500,3780007,2353.678082,0.645758,0.0,0.0,0.0,145837.44,0.354644,17,4983,0,0,1576,6,42,22099,29333.0,0.0,453600.84,6832
m11_adaptive_adversary,adaptive_adversary,heavy_flood,m11_pool64_r1_p60_dup0_s20260619,1800,512,8,1000.0,10000.0,False,0,pool64_r1_p60,64,1,60.0,,200,1,20260619,BudgetDoS,True,300,1500,1261510,830.487163,0.591511,0,0.0,0.0,45622.08,0.408489,0,0,0,0,0,9,1049,246989,249252.0,0.0,151381.2,4192
m11_adaptive_adversary,adaptive_adversary,heavy_flood,m11_pool64_r1_p60_dup0_s20260619,1800,512,8,1000.0,10000.0,False,0,pool64_r1_p60,64,1,60.0,,200,1,20260619,P3-Persist,True,300,1500,3780006,2293.692961,0.641745,0.0,0.0,0.0,146180.16,0.358645,13,4987,0,0,1621,8,73,22171,29422.0,0.0,453600.72,6832
m11_adaptive_adversary,adaptive_adversary,heavy_flood,m11_pool64_r1_p60_dup0_s20260620,1800,512,8,1000.0,10000.0,False,0,pool64_r1_p60,64,1,60.0,,200,1,20260620,BudgetDoS,True,300,1500,1261463,854.07109,0.58081,0,0.0,0.0,45864.0,0.41919,0,0,0,0,0,14,1066,248245,250520.0,0.0,151375.56,4192
m11_adaptive_adversary,adaptive_adversary,heavy_flood,m11_pool64_r1_p60_dup0_s20260620,1800,512,8,1000.0,10000.0,False,0,pool64_r1_p60,64,1,60.0,,200,1,20260620,P3-Persist,True,300,1500,3780006,2493.407652,0.596146,0.0,0.0,0.0,146321.28,0.40464,18,4982,0,0,1479,13,71,22264,29522.0,0.0,453600.72,6832
m11_adaptive_adversary,adaptive_adversary,heavy_flood,m11_pool64_r1_p60_dup0_s20260621,1800,512,8,1000.0,10000.0,False,0,pool64_r1_p60,64,1,60.0,,200,1,20260621,BudgetDoS,True,300,1500,1260959,1295.94964,0.381419,0,0.0,0.0,45581.76,0.618581,0,0,0,0,0,14,1578,247974,250235.0,0.0,151315.08,4192
m11_adaptive_adversary,adaptive_adversary,heavy_flood,m11_pool64_r1_p60_dup0_s20260621,1800,512,8,1000.0,10000.0,False,0,pool64_r1_p60,64,1,60.0,,200,1,20260621,P3-Persist,True,300,1500,3780006,2260.769139,0.655429,0.0,0.0,0.0,146099.52,0.346139,18,4982,0,0,1638,10,52,22135,29382.0,0.0,453600.72,6832
m11_adaptive_adversary,adaptive_adversary,heavy_flood,m11_pool64_r1_p60_dup0_s20260622,1800,512,8,1000.0,10000.0,False,0,pool64_r1_p60,64,1,60.0,,200,1,20260622,BudgetDoS,True,300,1500,1261543,813.89871,0.614105,0.0,0.0,0.0,46166.4,0.385895,0,0,0,0,0,7,974,247375,249665.0,0.0,151385.16,4192
m11_adaptive_adversary,adaptive_adversary,heavy_flood,m11_pool64_r1_p60_dup0_s20260622,1800,512,8,1000.0,10000.0,False,0,pool64_r1_p60,64,1,60.0,,200,1,20260622,P3-Persist,True,300,1500,3780007,2303.477757,0.650158,0,0,0.0,146744.64,0.350238,11,4989,0,0,1616,7,41,22075,29354.0,0.0,453600.84,6832
m11_adaptive_adversary,adaptive_adversary,heavy_flood,m11_pool64_r1_p60_dup0_s20260623,1800,512,8,1000.0,10000.0,False,0,pool64_r1_p60,64,1,60.0,,200,1,20260623,BudgetDoS,True,300,1500,1261451,864.007534,0.56677,0.0,0.0,0.0,46347.84,0.43323,0,0,0,0,0,9,1116,247967,250266.0,0.0,151374.12,4192
m11_adaptive_adversary,adaptive_adversary,heavy_flood,m11_pool64_r1_p60_dup0_s20260623,1800,512,8,1000.0,10000.0,False,0,pool64_r1_p60,64,1,60.0,,200,1,20260623,P3-Persist,True,300,1500,3780007,2267.55069,0.647127,0,0.0,0.0,146966.4,0.352873,10,4990,0,0,1642,8,72,22170,29460.0,0.0,453600.84,6832
m11_adaptive_adversary,adaptive_adversary,heavy_flood,m11_pool64_r1_p60_dup0_s20260624,1800,512,8,1000.0,10000.0,False,0,pool64_r1_p60,64,1,60.0,,200,1,20260624,BudgetDoS,True,300,1500,1261502,832.674587,0.583365,0,0.0,0.0,45521.28,0.416635,0,0,0,0,0,13,1082,247799,250057.0,0.0,151380.24,4192
m11_adaptive_adversary,adaptive_adversary,heavy_flood,m11_pool64_r1_p60_dup0_s20260624,1800,512,8,1000.0,10000.0,False,0,pool64_r1_p60,64,1,60.0,,200,1,20260624,P3-Persist,True,300,1500,3780008,2207.948598,0.659222,0.0,0.0,0.0,146059.2,0.341548,14,4986,0,0,1678,12,64,22247,29492.0,0.0,453600.96,6832
m11_adaptive_adversary,adaptive_adversary,heavy_flood,m11_pool64_r1_p60_dup0_s20260625,1800,512,8,1000.0,10000.0,False,0,pool64_r1_p60,64,1,60.0,,200,1,20260625,BudgetDoS,True,300,1500,1261487,844.93436,0.57401,0,0.0,0.0,45541.44,0.42599,0,0,0,0,0,6,1108,247955,250214.0,0.0,151378.44,4192
m11_adaptive_adversary,adaptive_adversary,heavy_flood,m11_pool64_r1_p60_dup0_s20260625,1800,512,8,1000.0,10000.0,False,0,pool64_r1_p60,64,1,60.0,,200,1,20260625,P3-Persist,True,300,1500,3780007,2311.930887,0.628604,0,0.0,0.0,145978.56,0.371396,17,4983,0,0,1604,7,45,22062,29303.0,0.0,453600.84,6832
m11_adaptive_adversary,adaptive_adversary,heavy_flood,m11_pool64_r1_p60_dup0_s20260626,1800,512,8,1000.0,10000.0,False,0,pool64_r1_p60,64,1,60.0,,200,1,20260626,BudgetDoS,True,300,1500,1261503,833.775942,0.585753,0,0.0,0.0,45884.16,0.414247,0,0,0,0,0,10,1070,247243,249519.0,0.0,151380.36,4192
m11_adaptive_adversary,adaptive_adversary,heavy_flood,m11_pool64_r1_p60_dup0_s20260626,1800,512,8,1000.0,10000.0,False,0,pool64_r1_p60,64,1,60.0,,200,1,20260626,P3-Persist,True,300,1500,3780007,2386.368056,0.61324,0.0,0.0,0.0,146502.72,0.38676,9,4991,0,0,1558,10,61,22018,29285.0,0.0,453600.84,6832
m11_adaptive_adversary,adaptive_adversary,heavy_flood,m11_pool64_r1_p60_dup0_s20260627,1800,512,8,1000.0,10000.0,False,0,pool64_r1_p60,64,1,60.0,,200,1,20260627,BudgetDoS,True,300,1500,1261491,840.433711,0.583366,0,0,0,45722.88,0.416634,0,0,0,0,0,10,1072,248313,250581.0,0.0,151378.92,4192
m11_adaptive_adversary,adaptive_adversary,heavy_flood,m11_pool64_r1_p60_dup0_s20260627,1800,512,8,1000.0,10000.0,False,0,pool64_r1_p60,64,1,60.0,,200,1,20260627,P3-Persist,True,300,1500,3780007,2252.685936,0.652157,0.0,0.0,0.0,146280.96,0.348232,14,4986,0,0,1648,9,72,22176,29432.0,0.0,453600.84,6832
m11_adaptive_adversary,adaptive_adversary,heavy_flood,m11_pool64_r1_p60_dup0_s20260628,1800,512,8,1000.0,10000.0,False,0,pool64_r1_p60,64,1,60.0,,200,1,20260628,BudgetDoS,True,300,1500,1261458,859.303815,0.58556,0.0,0.0,0.0,46126.08,0.41444,0,0,0,0,0,10,1039,247884,250172.0,0.0,151374.96,4192
m11_adaptive_adversary,adaptive_adversary,heavy_flood,m11_pool64_r1_p60_dup0_s20260628,1800,512,8,1000.0,10000.0,False,0,pool64_r1_p60,64,1,60.0,,200,1,20260628,P3-Persist,True,300,1500,3780007,2416.884271,0.623853,0.0,0.0,0.0,146563.2,0.377343,19,4981,0,0,1529,9,110,22221,29491.0,0.0,453600.84,6832
m11_adaptive_adversary,adaptive_adversary,heavy_flood,m11_pool64_r1_p60_dup0_s20260629,1800,512,8,1000.0,10000.0,False,0,pool64_r1_p60,64,1,60.0,,200,1,20260629,BudgetDoS,True,300,1500,1261489,842.115487,0.588143,0.0,0.0,0.0,45722.88,0.411857,0,0,0,0,0,9,1049,246839,249107.0,0.0,151378.68,4192
m11_adaptive_adversary,adaptive_adversary,heavy_flood,m11_pool64_r1_p60_dup0_s20260629,1800,512,8,1000.0,10000.0,False,0,pool64_r1_p60,64,1,60.0,,200,1,20260629,P3-Persist,True,300,1500,3780007,2277.112651,0.651747,0.0,0.0,0.0,146119.68,0.348253,20,4980,0,0,1624,9,53,21879,29127.0,0.0,453600.84,6832
m11_adaptive_adversary,adaptive_adversary,heavy_flood,m11_pool64_r1_p60_dup60_s20260610,1800,512,8,1000.0,10000.0,False,60,pool64_r1_p60,64,1,60.0,,200,1,20260610,BudgetDoS,True,300,1500,1260194,5455.385281,0.089293,0,0.0,0.0,32256.0,0.910707,0,0,1636,248077,0,37,720,0,249677.0,0.993592,151223.28,4192
m11_adaptive_adversary,adaptive_adversary,heavy_flood,m11_pool64_r1_p60_dup60_s20260610,1800,512,8,1000.0,10000.0,False,60,pool64_r1_p60,64,1,60.0,,200,1,20260610,P3-Persist,True,300,1500,1351234,562.779675,0.928102,0,0,0,32256.0,0.079242,181,0,68,248077,2197,13,11,0,249677.0,0.993592,162148.08,6832
m11_adaptive_adversary,adaptive_adversary,heavy_flood,m11_pool64_r1_p60_dup60_s20260611,1800,512,8,1000.0,10000.0,False,60,pool64_r1_p60,64,1,60.0,,200,1,20260611,BudgetDoS,True,300,1500,1260192,5455.376623,0.090129,0,0.0,0.0,32256.0,0.909871,0,0,1636,248406,0,39,696,0,250006.0,0.9936,151223.04,4192
m11_adaptive_adversary,adaptive_adversary,heavy_flood,m11_pool64_r1_p60_dup60_s20260611,1800,512,8,1000.0,10000.0,False,60,pool64_r1_p60,64,1,60.0,,200,1,20260611,P3-Persist,True,300,1500,1345183,561.897661,0.934062,0.0,0.0,0.0,32256.0,0.074522,169,0,63,248406,2199,19,9,0,250006.0,0.9936,161421.96,6832
m11_adaptive_adversary,adaptive_adversary,heavy_flood,m11_pool64_r1_p60_dup60_s20260612,1800,512,8,1000.0,10000.0,False,60,pool64_r1_p60,64,1,60.0,,200,1,20260612,BudgetDoS,True,300,1500,1260196,5385.452991,0.09098,0.0,0.0,0.0,32256.0,0.90902,0,0,1637,248071,0,38,701,0,249671.0,0.993592,151223.52,4192
m11_adaptive_adversary,adaptive_adversary,heavy_flood,m11_pool64_r1_p60_dup60_s20260612,1800,512,8,1000.0,10000.0,False,60,pool64_r1_p60,64,1,60.0,,200,1,20260612,P3-Persist,True,300,1500,1356781,568.404273,0.928072,0,0.0,0.0,32256.0,0.077372,192,0,76,248071,2168,14,3,0,249671.0,0.993592,162813.72,6832
m11_adaptive_adversary,adaptive_adversary,heavy_flood,m11_pool64_r1_p60_dup60_s20260613,1800,512,8,1000.0,10000.0,False,60,pool64_r1_p60,64,1,60.0,,200,1,20260613,BudgetDoS,True,300,1500,1260190,5408.540773,0.08883,0,0.0,0.0,32256.0,0.91117,0,0,1665,249019,0,43,725,0,250619.0,0.993616,151222.8,4192
m11_adaptive_adversary,adaptive_adversary,heavy_flood,m11_pool64_r1_p60_dup60_s20260613,1800,512,8,1000.0,10000.0,False,60,pool64_r1_p60,64,1,60.0,,200,1,20260613,P3-Persist,True,300,1500,1360304,552.295575,0.939001,0,0.0,0.0,32256.0,0.065955,199,0,43,249019,2236,20,5,0,250619.0,0.993616,163236.48,6832
m11_adaptive_adversary,adaptive_adversary,heavy_flood,m11_pool64_r1_p60_dup60_s20260614,1800,512,8,1000.0,10000.0,False,60,pool64_r1_p60,64,1,60.0,,200,1,20260614,BudgetDoS,True,300,1500,1260188,5728.127273,0.085837,0.0,0.0,0.0,32256.0,0.914163,0,0,1610,248096,0,32,733,0,249696.0,0.993592,151222.56,4192
m11_adaptive_adversary,adaptive_adversary,heavy_flood,m11_pool64_r1_p60_dup60_s20260614,1800,512,8,1000.0,10000.0,False,60,pool64_r1_p60,64,1,60.0,,200,1,20260614,P3-Persist,True,300,1500,1359291,565.428869,0.937963,0.0,0.0,0.0,32256.0,0.066719,197,0,39,248096,2189,15,6,0,249696.0,0.993592,163114.92,6832
m11_adaptive_adversary,adaptive_adversary,heavy_flood,m11_pool64_r1_p60_dup60_s20260615,1800,512,8,1000.0,10000.0,False,60,pool64_r1_p60,64,1,60.0,,200,1,20260615,BudgetDoS,True,300,1500,1260179,5834.162037,0.086262,0.0,0.0,0.0,32256.0,0.913738,0,0,1560,247671,0,37,728,0,249271.0,0.993581,151221.48,4192
m11_adaptive_adversary,adaptive_adversary,heavy_flood,m11_pool64_r1_p60_dup60_s20260615,1800,512,8,1000.0,10000.0,False,60,pool64_r1_p60,64,1,60.0,,200,1,20260615,P3-Persist,True,300,1500,1349218,578.566895,0.93131,0.0,0.0,0.0,32256.0,0.070687,177,0,58,247671,2132,13,9,0,249271.0,0.993581,161906.16,6832
m11_adaptive_adversary,adaptive_adversary,heavy_flood,m11_pool64_r1_p60_dup60_s20260616,1800,512,8,1000.0,10000.0,False,60,pool64_r1_p60,64,1,60.0,,200,1,20260616,BudgetDoS,True,300,1500,1260197,5625.879464,0.089996,0.0,0.0,0.0,32256.0,0.910004,0,0,1565,248312,0,27,700,0,249912.0,0.993598,151223.64,4192
m11_adaptive_adversary,adaptive_adversary,heavy_flood,m11_pool64_r1_p60_dup60_s20260616,1800,512,8,1000.0,10000.0,False,60,pool64_r1_p60,64,1,60.0,,200,1,20260616,P3-Persist,True,300,1500,1346196,584.032972,0.926075,0,0.0,0.0,32256.0,0.077943,171,0,71,248312,2112,10,6,0,249912.0,0.993598,161543.52,6832
m11_adaptive_adversary,adaptive_adversary,heavy_flood,m11_pool64_r1_p60_dup60_s20260617,1800,512,8,1000.0,10000.0,False,60,pool64_r1_p60,64,1,60.0,,200,1,20260617,BudgetDoS,True,300,1500,1260191,5625.852679,0.09025,0.0,0.0,0.0,32256.0,0.90975,0,0,1513,248984,0,33,745,0,250584.0,0.993615,151222.92,4192
m11_adaptive_adversary,adaptive_adversary,heavy_flood,m11_pool64_r1_p60_dup60_s20260617,1800,512,8,1000.0,10000.0,False,60,pool64_r1_p60,64,1,60.0,,200,1,20260617,P3-Persist,True,300,1500,1362325,593.864429,0.924255,0.0,0.0,0.0,32256.0,0.08058,203,0,74,248984,2068,10,10,0,250584.0,0.993615,163479.0,6832
m11_adaptive_adversary,adaptive_adversary,heavy_flood,m11_pool64_r1_p60_dup60_s20260618,1800,512,8,1000.0,10000.0,False,60,pool64_r1_p60,64,1,60.0,,200,1,20260618,BudgetDoS,True,300,1500,1260195,5576.084071,0.090873,0.0,0.0,0.0,32256.0,0.909127,0,0,1548,247915,0,31,713,0,249515.0,0.993588,151223.4,4192
m11_adaptive_adversary,adaptive_adversary,heavy_flood,m11_pool64_r1_p60_dup60_s20260618,1800,512,8,1000.0,10000.0,False,60,pool64_r1_p60,64,1,60.0,,200,1,20260618,P3-Persist,True,300,1500,1347206,577.951952,0.937274,0,0.0,0.0,32256.0,0.067149,173,0,43,247915,2125,19,5,0,249515.0,0.993588,161664.72,6832
m11_adaptive_adversary,adaptive_adversary,heavy_flood,m11_pool64_r1_p60_dup60_s20260619,1800,512,8,1000.0,10000.0,False,60,pool64_r1_p60,64,1,60.0,,200,1,20260619,BudgetDoS,True,300,1500,1260194,5431.87069,0.090343,0.0,0.0,0.0,32256.0,0.909657,0,0,1635,247652,0,38,701,0,249252.0,0.993581,151223.28,4192
m11_adaptive_adversary,adaptive_adversary,heavy_flood,m11_pool64_r1_p60_dup60_s20260619,1800,512,8,1000.0,10000.0,False,60,pool64_r1_p60,64,1,60.0,,200,1,20260619,P3-Persist,True,300,1500,1354763,567.321189,0.929907,0.0,0.0,0.0,32256.0,0.073598,188,0,72,247652,2175,14,10,0,249252.0,0.993581,162571.56,6832
m11_adaptive_adversary,adaptive_adversary,heavy_flood,m11_pool64_r1_p60_dup60_s20260620,1800,512,8,1000.0,10000.0,False,60,pool64_r1_p60,64,1,60.0,,200,1,20260620,BudgetDoS,True,300,1500,1260185,5317.236287,0.093197,0,0.0,0.0,32256.0,0.906803,0,0,1578,248920,0,52,728,0,250520.0,0.993613,151222.2,4192
m11_adaptive_adversary,adaptive_adversary,heavy_flood,m11_pool64_r1_p60_dup60_s20260620,1800,512,8,1000.0,10000.0,False,60,pool64_r1_p60,64,1,60.0,,200,1,20260620,P3-Persist,True,300,1500,1351738,567.957143,0.935902,0.0,0.0,0.0,32256.0,0.069996,182,0,57,248920,2173,15,4,0,250520.0,0.993613,162208.56,6832
m11_adaptive_adversary,adaptive_adversary,heavy_flood,m11_pool64_r1_p60_dup60_s20260621,1800,512,8,1000.0,10000.0,False,60,pool64_r1_p60,64,1,60.0,,200,1,20260621,BudgetDoS,True,300,1500,1260181,5625.808036,0.087809,0.0,0.0,0.0,32256.0,0.912191,0,0,1575,248635,0,43,752,0,250235.0,0.993606,151221.72,4192
m11_adaptive_adversary,adaptive_adversary,heavy_flood,m11_pool64_r1_p60_dup60_s20260621,1800,512,8,1000.0,10000.0,False,60,pool64_r1_p60,64,1,60.0,,200,1,20260621,P3-Persist,True,300,1500,1365351,566.770859,0.944336,0,0.0,0.0,32256.0,0.061544,209,0,36,248635,2174,11,3,0,250235.0,0.993606,163842.12,6832
m11_adaptive_adversary,adaptive_adversary,heavy_flood,m11_pool64_r1_p60_dup60_s20260622,1800,512,8,1000.0,10000.0,False,60,pool64_r1_p60,64,1,60.0,,200,1,20260622,BudgetDoS,True,300,1500,1260178,5916.328638,0.08439,0,0.0,0.0,32256.0,0.91561,0,0,1615,248065,0,35,696,0,249665.0,0.993591,151221.36,4192
m11_adaptive_adversary,adaptive_adversary,heavy_flood,m11_pool64_r1_p60_dup60_s20260622,1800,512,8,1000.0,10000.0,False,60,pool64_r1_p60,64,1,60.0,,200,1,20260622,P3-Persist,True,300,1500,1343169,569.86381,0.933835,0,0.0,0.0,32256.0,0.072504,165,0,61,248065,2168,15,4,0,249665.0,0.993591,161180.28,6832
m11_adaptive_adversary,adaptive_adversary,heavy_flood,m11_pool64_r1_p60_dup60_s20260623,1800,512,8,1000.0,10000.0,False,60,pool64_r1_p60,64,1,60.0,,200,1,20260623,BudgetDoS,True,300,1500,1260189,5408.536481,0.09045,0,0.0,0.0,32256.0,0.90955,0,0,1630,248666,0,44,713,0,250266.0,0.993607,151222.68,4192
m11_adaptive_adversary,adaptive_adversary,heavy_flood,m11_pool64_r1_p60_dup60_s20260623,1800,512,8,1000.0,10000.0,False,60,pool64_r1_p60,64,1,60.0,,200,1,20260623,P3-Persist,True,300,1500,1342662,557.583887,0.934783,0.0,0.0,0.0,32256.0,0.068711,164,0,58,248666,2224,14,4,0,250266.0,0.993607,161119.44,6832
m11_adaptive_adversary,adaptive_adversary,heavy_flood,m11_pool64_r1_p60_dup60_s20260624,1800,512,8,1000.0,10000.0,False,60,pool64_r1_p60,64,1,60.0,,200,1,20260624,BudgetDoS,True,300,1500,1260192,5625.857143,0.086253,0.0,0.0,0.0,32256.0,0.913747,0,0,1648,248457,0,32,725,0,250057.0,0.993601,151223.04,4192
m11_adaptive_adversary,adaptive_adversary,heavy_flood,m11_pool64_r1_p60_dup60_s20260624,1800,512,8,1000.0,10000.0,False,60,pool64_r1_p60,64,1,60.0,,200,1,20260624,P3-Persist,True,300,1500,1351738,554.218122,0.939161,0,0.0,0.0,32256.0,0.066615,182,0,47,248457,2233,14,5,0,250057.0,0.993601,162208.56,6832
m11_adaptive_adversary,adaptive_adversary,heavy_flood,m11_pool64_r1_p60_dup60_s20260625,1800,512,8,1000.0,10000.0,False,60,pool64_r1_p60,64,1,60.0,,200,1,20260625,BudgetDoS,True,300,1500,1260195,5503.034934,0.088043,0,0.0,0.0,32256.0,0.911957,0,0,1636,248614,0,34,736,0,250214.0,0.993605,151223.4,4192
m11_adaptive_adversary,adaptive_adversary,heavy_flood,m11_pool64_r1_p60_dup60_s20260625,1800,512,8,1000.0,10000.0,False,60,pool64_r1_p60,64,1,60.0,,200,1,20260625,P3-Persist,True,300,1500,1346700,551.022913,0.939639,0.0,0.0,0.0,32256.0,0.064206,172,0,50,248614,2247,13,2,0,250214.0,0.993605,161604.0,6832
m11_adaptive_adversary,adaptive_adversary,heavy_flood,m11_pool64_r1_p60_dup60_s20260626,1800,512,8,1000.0,10000.0,False,60,pool64_r1_p60,64,1,60.0,,200,1,20260626,BudgetDoS,True,300,1500,1260200,5551.54185,0.087882,0,0.0,0.0,32256.0,0.912118,0,0,1613,247919,0,27,743,0,249519.0,0.993588,151224.0,4192
m11_adaptive_adversary,adaptive_adversary,heavy_flood,m11_pool64_r1_p60_dup60_s20260626,1800,512,8,1000.0,10000.0,False,60,pool64_r1_p60,64,1,60.0,,200,1,20260626,P3-Persist,True,300,1500,1360307,552.970325,0.952381,0.0,0.0,0.0,32256.0,0.054588,199,0,20,247919,2240,10,6,0,249519.0,0.993588,163236.84,6832
m11_adaptive_adversary,adaptive_adversary,heavy_flood,m11_pool64_r1_p60_dup60_s20260627,1800,512,8,1000.0,10000.0,False,60,pool64_r1_p60,64,1,60.0,,200,1,20260627,BudgetDoS,True,300,1500,1260193,5702.230769,0.085892,0,0,0.0,32256.0,0.914108,0,0,1601,248981,0,28,751,0,250581.0,0.993615,151223.16,4192
m11_adaptive_adversary,adaptive_adversary,heavy_flood,m11_pool64_r1_p60_dup60_s20260627,1800,512,8,1000.0,10000.0,False,60,pool64_r1_p60,64,1,60.0,,200,1,20260627,P3-Persist,True,300,1500,1355770,567.742881,0.928099,0.0,0.0,0.0,32256.0,0.075398,190,0,66,248981,2179,9,9,0,250581.0,0.993615,162692.4,6832
m11_adaptive_adversary,adaptive_adversary,heavy_flood,m11_pool64_r1_p60_dup60_s20260628,1800,512,8,1000.0,10000.0,False,60,pool64_r1_p60,64,1,60.0,,200,1,20260628,BudgetDoS,True,300,1500,1260155,6029.449761,0.083367,0,0.0,0.0,32256.0,0.916633,0,0,1573,248572,0,54,725,0,250172.0,0.993604,151218.6,4192
m11_adaptive_adversary,adaptive_adversary,heavy_flood,m11_pool64_r1_p60_dup60_s20260628,1800,512,8,1000.0,10000.0,False,60,pool64_r1_p60,64,1,60.0,,200,1,20260628,P3-Persist,True,300,1500,1342666,567.723467,0.943359,0,0.0,100.0,32256.0,0.066613,164,0,32,248572,2173,18,9,0,250172.0,0.993604,161119.92,6832
m11_adaptive_adversary,adaptive_adversary,heavy_flood,m11_pool64_r1_p60_dup60_s20260629,1800,512,8,1000.0,10000.0,False,60,pool64_r1_p60,64,1,60.0,,200,1,20260629,BudgetDoS,True,300,1500,1260192,5385.435897,0.091873,0.0,0.0,0.0,32256.0,0.908127,0,0,1596,247507,0,42,717,0,249107.0,0.993577,151223.04,4192
m11_adaptive_adversary,adaptive_adversary,heavy_flood,m11_pool64_r1_p60_dup60_s20260629,1800,512,8,1000.0,10000.0,False,60,pool64_r1_p60,64,1,60.0,,200,1,20260629,P3-Persist,True,300,1500,1355767,569.889449,0.93404,0,0.0,0.0,32256.0,0.069886,190,0,47,247507,2164,18,10,0,249107.0,0.993577,162692.04,6832
m11_adaptive_adversary,adaptive_adversary,heavy_flood,m11_pool64_r4_p60_dup0_s20260610,1800,512,8,1000.0,10000.0,False,0,pool64_r4_p60,64,4,60.0,,200,1,20260610,BudgetDoS,True,300,1500,1261535,816.527508,0.597217,0,0.0,0.0,45339.84,0.402783,0,0,0,0,0,10,1042,247428,249677.0,0.0,151384.2,4192
m11_adaptive_adversary,adaptive_adversary,heavy_flood,m11_pool64_r4_p60_dup0_s20260610,1800,512,8,1000.0,10000.0,False,0,pool64_r4_p60,64,4,60.0,,200,1,20260610,P3-Persist,True,300,1500,3780007,2266.191247,0.644762,0.0,0.0,0.0,145756.8,0.356784,21,4979,0,0,1632,8,55,22116,29346.0,0.0,453600.84,6832
m11_adaptive_adversary,adaptive_adversary,heavy_flood,m11_pool64_r4_p60_dup0_s20260611,1800,512,8,1000.0,10000.0,False,0,pool64_r4_p60,64,4,60.0,,200,1,20260611,BudgetDoS,True,300,1500,1261536,816.0,0.603199,0.0,0.0,0.0,45339.84,0.396801,0,0,0,0,0,10,1017,247757,250006.0,0.0,151384.32,4192
m11_adaptive_adversary,adaptive_adversary,heavy_flood,m11_pool64_r4_p60_dup0_s20260611,1800,512,8,1000.0,10000.0,False,0,pool64_r4_p60,64,4,60.0,,200,1,20260611,P3-Persist,True,300,1500,3780007,2217.012903,0.665236,0,0.0,0.0,145797.12,0.336715,18,4982,0,0,1671,9,76,22051,29283.0,0.0,453600.84,6832
m11_adaptive_adversary,adaptive_adversary,heavy_flood,m11_pool64_r4_p60_dup0_s20260612,1800,512,8,1000.0,10000.0,False,0,pool64_r4_p60,64,4,60.0,,200,1,20260612,BudgetDoS,True,300,1500,1260938,1327.303158,0.369362,0.0,0.0,0.0,44896.32,0.630638,0,0,0,0,0,12,1622,247444,249671.0,0.0,151312.56,4192
m11_adaptive_adversary,adaptive_adversary,heavy_flood,m11_pool64_r4_p60_dup0_s20260612,1800,512,8,1000.0,10000.0,False,0,pool64_r4_p60,64,4,60.0,,200,1,20260612,P3-Persist,True,300,1500,3780007,2183.712883,0.673017,0,0.0,0.0,145474.56,0.327372,18,4982,0,0,1701,5,55,22039,29255.0,0.0,453600.84,6832
m11_adaptive_adversary,adaptive_adversary,heavy_flood,m11_pool64_r4_p60_dup0_s20260613,1800,512,8,1000.0,10000.0,False,0,pool64_r4_p60,64,4,60.0,,200,1,20260613,BudgetDoS,True,300,1500,1261528,819.706303,0.586733,0,0.0,0.0,45521.28,0.413267,0,0,0,0,0,11,1084,248361,250619.0,0.0,151383.36,4192
m11_adaptive_adversary,adaptive_adversary,heavy_flood,m11_pool64_r4_p60_dup0_s20260613,1800,512,8,1000.0,10000.0,False,0,pool64_r4_p60,64,4,60.0,,200,1,20260613,P3-Persist,True,300,1500,3780007,2205.371645,0.65345,0.0,0.0,0.0,146059.2,0.346931,14,4986,0,0,1683,10,44,22148,29393.0,0.0,453600.84,6832
m11_adaptive_adversary,adaptive_adversary,heavy_flood,m11_pool64_r4_p60_dup0_s20260614,1800,512,8,1000.0,10000.0,False,0,pool64_r4_p60,64,4,60.0,,200,1,20260614,BudgetDoS,True,300,1500,1261539,815.474467,0.60359,0,0.0,0.0,45964.8,0.39641,0,0,0,0,0,8,1016,247416,249696.0,0.0,151384.68,4192
m11_adaptive_adversary,adaptive_adversary,heavy_flood,m11_pool64_r4_p60_dup0_s20260614,1800,512,8,1000.0,10000.0,False,0,pool64_r4_p60,64,4,60.0,,200,1,20260614,P3-Persist,True,300,1500,3780008,2366.943018,0.623098,0,0.0,0.0,146502.72,0.377292,14,4986,0,0,1568,7,51,22146,29413.0,0.0,453600.96,6832
m11_adaptive_adversary,adaptive_adversary,heavy_flood,m11_pool64_r4_p60_dup0_s20260615,1800,512,8,1000.0,10000.0,False,0,pool64_r4_p60,64,4,60.0,,200,1,20260615,BudgetDoS,True,300,1500,1261496,838.203322,0.601038,0,0.0,0.0,45702.72,0.398962,0,0,0,0,0,9,999,247004,249271.0,0.0,151379.52,4192
m11_adaptive_adversary,adaptive_adversary,heavy_flood,m11_pool64_r4_p60_dup0_s20260615,1800,512,8,1000.0,10000.0,False,0,pool64_r4_p60,64,4,60.0,,200,1,20260615,P3-Persist,True,300,1500,3780007,2313.345777,0.652556,0.0,0.0,0.0,146260.8,0.347444,13,4987,0,0,1606,8,54,22057,29312.0,0.0,453600.84,6832
m11_adaptive_adversary,adaptive_adversary,heavy_flood,m11_pool64_r4_p60_dup0_s20260616,1800,512,8,1000.0,10000.0,False,0,pool64_r4_p60,64,4,60.0,,200,1,20260616,BudgetDoS,True,300,1500,1261484,846.065728,0.599036,0,0.0,0.0,45581.76,0.400964,0,0,0,0,0,7,998,247651,249912.0,0.0,151378.08,4192
m11_adaptive_adversary,adaptive_adversary,heavy_flood,m11_pool64_r4_p60_dup0_s20260616,1800,512,8,1000.0,10000.0,False,0,pool64_r4_p60,64,4,60.0,,200,1,20260616,P3-Persist,True,300,1500,3780007,2545.459259,0.596625,0,0.0,0.0,146139.84,0.403375,14,4986,0,0,1459,5,54,21987,29236.0,0.0,453600.84,6832
m11_adaptive_adversary,adaptive_adversary,heavy_flood,m11_pool64_r4_p60_dup0_s20260617,1800,512,8,1000.0,10000.0,False,0,pool64_r4_p60,64,4,60.0,,200,1,20260617,BudgetDoS,True,300,1500,1261398,898.431624,0.565673,0.0,0.0,0.0,45158.4,0.434327,0,0,0,0,0,6,1078,248344,250584.0,0.0,151367.76,4192
m11_adaptive_adversary,adaptive_adversary,heavy_flood,m11_pool64_r4_p60_dup0_s20260617,1800,512,8,1000.0,10000.0,False,0,pool64_r4_p60,64,4,60.0,,200,1,20260617,P3-Persist,True,300,1500,3780008,2350.751244,0.647865,0.0,0.0,0.0,145615.68,0.352941,19,4981,0,0,1577,4,109,22207,29430.0,0.0,453600.96,6832
m11_adaptive_adversary,adaptive_adversary,heavy_flood,m11_pool64_r4_p60_dup0_s20260618,1800,512,8,1000.0,10000.0,False,0,pool64_r4_p60,64,4,60.0,,200,1,20260618,BudgetDoS,True,300,1500,1261400,896.517413,0.565742,0,0.0,0.0,45360.0,0.434258,0,0,0,0,0,7,1080,247265,249515.0,0.0,151368.0,4192
m11_adaptive_adversary,adaptive_adversary,heavy_flood,m11_pool64_r4_p60_dup0_s20260618,1800,512,8,1000.0,10000.0,False,0,pool64_r4_p60,64,4,60.0,,200,1,20260618,P3-Persist,True,300,1500,3780007,2353.678082,0.645758,0.0,0.0,0.0,145837.44,0.354644,17,4983,0,0,1576,6,42,22099,29333.0,0.0,453600.84,6832
m11_adaptive_adversary,adaptive_adversary,heavy_flood,m11_pool64_r4_p60_dup0_s20260619,1800,512,8,1000.0,10000.0,False,0,pool64_r4_p60,64,4,60.0,,200,1,20260619,BudgetDoS,True,300,1500,1261510,830.487163,0.591511,0,0.0,0.0,45622.08,0.408489,0,0,0,0,0,9,1049,246989,249252.0,0.0,151381.2,4192
m11_adaptive_adversary,adaptive_adversary,heavy_flood,m11_pool64_r4_p60_dup0_s20260619,1800,512,8,1000.0,10000.0,False,0,pool64_r4_p60,64,4,60.0,,200,1,20260619,P3-Persist,True,300,1500,3780006,2293.692961,0.641745,0.0,0.0,0.0,146180.16,0.358645,13,4987,0,0,1621,8,73,22171,29422.0,0.0,453600.72,6832
m11_adaptive_adversary,adaptive_adversary,heavy_flood,m11_pool64_r4_p60_dup0_s20260620,1800,512,8,1000.0,10000.0,False,0,pool64_r4_p60,64,4,60.0,,200,1,20260620,BudgetDoS,True,300,1500,1261463,854.07109,0.58081,0,0.0,0.0,45864.0,0.41919,0,0,0,0,0,14,1066,248245,250520.0,0.0,151375.56,4192
m11_adaptive_adversary,adaptive_adversary,heavy_flood,m11_pool64_r4_p60_dup0_s20260620,1800,512,8,1000.0,10000.0,False,0,pool64_r4_p60,64,4,60.0,,200,1,20260620,P3-Persist,True,300,1500,3780006,2493.407652,0.596146,0.0,0.0,0.0,146321.28,0.40464,18,4982,0,0,1479,13,71,22264,29522.0,0.0,453600.72,6832
m11_adaptive_adversary,adaptive_adversary,heavy_flood,m11_pool64_r4_p60_dup0_s20260621,1800,512,8,1000.0,10000.0,False,0,pool64_r4_p60,64,4,60.0,,200,1,20260621,BudgetDoS,True,300,1500,1260959,1295.94964,0.381419,0,0.0,0.0,45581.76,0.618581,0,0,0,0,0,14,1578,247974,250235.0,0.0,151315.08,4192
m11_adaptive_adversary,adaptive_adversary,heavy_flood,m11_pool64_r4_p60_dup0_s20260621,1800,512,8,1000.0,10000.0,False,0,pool64_r4_p60,64,4,60.0,,200,1,20260621,P3-Persist,True,300,1500,3780006,2260.769139,0.655429,0.0,0.0,0.0,146099.52,0.346139,18,4982,0,0,1638,10,52,22135,29382.0,0.0,453600.72,6832
m11_adaptive_adversary,adaptive_adversary,heavy_flood,m11_pool64_r4_p60_dup0_s20260622,1800,512,8,1000.0,10000.0,False,0,pool64_r4_p60,64,4,60.0,,200,1,20260622,BudgetDoS,True,300,1500,1261543,813.89871,0.614105,0.0,0.0,0.0,46166.4,0.385895,0,0,0,0,0,7,974,247375,249665.0,0.0,151385.16,4192
m11_adaptive_adversary,adaptive_adversary,heavy_flood,m11_pool64_r4_p60_dup0_s20260622,1800,512,8,1000.0,10000.0,False,0,pool64_r4_p60,64,4,60.0,,200,1,20260622,P3-Persist,True,300,1500,3780007,2303.477757,0.650158,0,0,0.0,146744.64,0.350238,11,4989,0,0,1616,7,41,22075,29354.0,0.0,453600.84,6832
m11_adaptive_adversary,adaptive_adversary,heavy_flood,m11_pool64_r4_p60_dup0_s20260623,1800,512,8,1000.0,10000.0,False,0,pool64_r4_p60,64,4,60.0,,200,1,20260623,BudgetDoS,True,300,1500,1261451,864.007534,0.56677,0.0,0.0,0.0,46347.84,0.43323,0,0,0,0,0,9,1116,247967,250266.0,0.0,151374.12,4192
m11_adaptive_adversary,adaptive_adversary,heavy_flood,m11_pool64_r4_p60_dup0_s20260623,1800,512,8,1000.0,10000.0,False,0,pool64_r4_p60,64,4,60.0,,200,1,20260623,P3-Persist,True,300,1500,3780007,2267.55069,0.647127,0,0.0,0.0,146966.4,0.352873,10,4990,0,0,1642,8,72,22170,29460.0,0.0,453600.84,6832
m11_adaptive_adversary,adaptive_adversary,heavy_flood,m11_pool64_r4_p60_dup0_s20260624,1800,512,8,1000.0,10000.0,False,0,pool64_r4_p60,64,4,60.0,,200,1,20260624,BudgetDoS,True,300,1500,1261502,832.674587,0.583365,0,0.0,0.0,45521.28,0.416635,0,0,0,0,0,13,1082,247799,250057.0,0.0,151380.24,4192
m11_adaptive_adversary,adaptive_adversary,heavy_flood,m11_pool64_r4_p60_dup0_s20260624,1800,512,8,1000.0,10000.0,False,0,pool64_r4_p60,64,4,60.0,,200,1,20260624,P3-Persist,True,300,1500,3780008,2207.948598,0.659222,0.0,0.0,0.0,146059.2,0.341548,14,4986,0,0,1678,12,64,22247,29492.0,0.0,453600.96,6832
m11_adaptive_adversary,adaptive_adversary,heavy_flood,m11_pool64_r4_p60_dup0_s20260625,1800,512,8,1000.0,10000.0,False,0,pool64_r4_p60,64,4,60.0,,200,1,20260625,BudgetDoS,True,300,1500,1261487,844.93436,0.57401,0,0.0,0.0,45541.44,0.42599,0,0,0,0,0,6,1108,247955,250214.0,0.0,151378.44,4192
m11_adaptive_adversary,adaptive_adversary,heavy_flood,m11_pool64_r4_p60_dup0_s20260625,1800,512,8,1000.0,10000.0,False,0,pool64_r4_p60,64,4,60.0,,200,1,20260625,P3-Persist,True,300,1500,3780007,2311.930887,0.628604,0,0.0,0.0,145978.56,0.371396,17,4983,0,0,1604,7,45,22062,29303.0,0.0,453600.84,6832
m11_adaptive_adversary,adaptive_adversary,heavy_flood,m11_pool64_r4_p60_dup0_s20260626,1800,512,8,1000.0,10000.0,False,0,pool64_r4_p60,64,4,60.0,,200,1,20260626,BudgetDoS,True,300,1500,1261503,833.775942,0.585753,0,0.0,0.0,45884.16,0.414247,0,0,0,0,0,10,1070,247243,249519.0,0.0,151380.36,4192
m11_adaptive_adversary,adaptive_adversary,heavy_flood,m11_pool64_r4_p60_dup0_s20260626,1800,512,8,1000.0,10000.0,False,0,pool64_r4_p60,64,4,60.0,,200,1,20260626,P3-Persist,True,300,1500,3780007,2386.368056,0.61324,0.0,0.0,0.0,146502.72,0.38676,9,4991,0,0,1558,10,61,22018,29285.0,0.0,453600.84,6832
m11_adaptive_adversary,adaptive_adversary,heavy_flood,m11_pool64_r4_p60_dup0_s20260627,1800,512,8,1000.0,10000.0,False,0,pool64_r4_p60,64,4,60.0,,200,1,20260627,BudgetDoS,True,300,1500,1261491,840.433711,0.583366,0,0,0,45722.88,0.416634,0,0,0,0,0,10,1072,248313,250581.0,0.0,151378.92,4192
m11_adaptive_adversary,adaptive_adversary,heavy_flood,m11_pool64_r4_p60_dup0_s20260627,1800,512,8,1000.0,10000.0,False,0,pool64_r4_p60,64,4,60.0,,200,1,20260627,P3-Persist,True,300,1500,3780007,2252.685936,0.652157,0.0,0.0,0.0,146280.96,0.348232,14,4986,0,0,1648,9,72,22176,29432.0,0.0,453600.84,6832
m11_adaptive_adversary,adaptive_adversary,heavy_flood,m11_pool64_r4_p60_dup0_s20260628,1800,512,8,1000.0,10000.0,False,0,pool64_r4_p60,64,4,60.0,,200,1,20260628,BudgetDoS,True,300,1500,1261458,859.303815,0.58556,0.0,0.0,0.0,46126.08,0.41444,0,0,0,0,0,10,1039,247884,250172.0,0.0,151374.96,4192
m11_adaptive_adversary,adaptive_adversary,heavy_flood,m11_pool64_r4_p60_dup0_s20260628,1800,512,8,1000.0,10000.0,False,0,pool64_r4_p60,64,4,60.0,,200,1,20260628,P3-Persist,True,300,1500,3780007,2416.884271,0.623853,0.0,0.0,0.0,146563.2,0.377343,19,4981,0,0,1529,9,110,22221,29491.0,0.0,453600.84,6832
m11_adaptive_adversary,adaptive_adversary,heavy_flood,m11_pool64_r4_p60_dup0_s20260629,1800,512,8,1000.0,10000.0,False,0,pool64_r4_p60,64,4,60.0,,200,1,20260629,BudgetDoS,True,300,1500,1261489,842.115487,0.588143,0.0,0.0,0.0,45722.88,0.411857,0,0,0,0,0,9,1049,246839,249107.0,0.0,151378.68,4192
m11_adaptive_adversary,adaptive_adversary,heavy_flood,m11_pool64_r4_p60_dup0_s20260629,1800,512,8,1000.0,10000.0,False,0,pool64_r4_p60,64,4,60.0,,200,1,20260629,P3-Persist,True,300,1500,3780007,2277.112651,0.651747,0.0,0.0,0.0,146119.68,0.348253,20,4980,0,0,1624,9,53,21879,29127.0,0.0,453600.84,6832
m11_adaptive_adversary,adaptive_adversary,heavy_flood,m11_pool64_r4_p60_dup60_s20260610,1800,512,8,1000.0,10000.0,False,60,pool64_r4_p60,64,4,60.0,,200,1,20260610,BudgetDoS,True,300,1500,1260194,5455.385281,0.089293,0,0.0,0.0,32195.52,0.910707,0,0,1636,248077,0,37,720,3,249677.0,0.993592,151223.28,4192
m11_adaptive_adversary,adaptive_adversary,heavy_flood,m11_pool64_r4_p60_dup60_s20260610,1800,512,8,1000.0,10000.0,False,60,pool64_r4_p60,64,4,60.0,,200,1,20260610,P3-Persist,True,300,1500,1351234,562.779675,0.928102,0,0,0,32215.68,0.079242,181,0,68,248077,2197,13,11,0,249675.0,0.9936,162148.08,6832
m11_adaptive_adversary,adaptive_adversary,heavy_flood,m11_pool64_r4_p60_dup60_s20260611,1800,512,8,1000.0,10000.0,False,60,pool64_r4_p60,64,4,60.0,,200,1,20260611,BudgetDoS,True,300,1500,1260192,5455.376623,0.090129,0,0.0,0.0,32195.52,0.909871,0,0,1636,248406,0,39,696,3,250006.0,0.9936,151223.04,4192
m11_adaptive_adversary,adaptive_adversary,heavy_flood,m11_pool64_r4_p60_dup60_s20260611,1800,512,8,1000.0,10000.0,False,60,pool64_r4_p60,64,4,60.0,,200,1,20260611,P3-Persist,True,300,1500,1345183,561.897661,0.934062,0.0,0.0,0.0,32215.68,0.074522,169,0,63,248406,2199,19,9,1,250005.0,0.993604,161421.96,6832
m11_adaptive_adversary,adaptive_adversary,heavy_flood,m11_pool64_r4_p60_dup60_s20260612,1800,512,8,1000.0,10000.0,False,60,pool64_r4_p60,64,4,60.0,,200,1,20260612,BudgetDoS,True,300,1500,1260196,5385.452991,0.09098,0.0,0.0,0.0,32195.52,0.90902,0,0,1637,248071,0,38,701,3,249671.0,0.993592,151223.52,4192
m11_adaptive_adversary,adaptive_adversary,heavy_flood,m11_pool64_r4_p60_dup60_s20260612,1800,512,8,1000.0,10000.0,False,60,pool64_r4_p60,64,4,60.0,,200,1,20260612,P3-Persist,True,300,1500,1356781,568.404273,0.928072,0,0.0,0.0,32175.36,0.077372,192,0,76,248071,2168,14,3,1,249668.0,0.993604,162813.72,6832
m11_adaptive_adversary,adaptive_adversary,heavy_flood,m11_pool64_r4_p60_dup60_s20260613,1800,512,8,1000.0,10000.0,False,60,pool64_r4_p60,64,4,60.0,,200,1,20260613,BudgetDoS,True,300,1500,1260190,5408.540773,0.08883,0,0.0,0.0,32195.52,0.91117,0,0,1665,249019,0,43,725,3,250619.0,0.993616,151222.8,4192
m11_adaptive_adversary,adaptive_adversary,heavy_flood,m11_pool64_r4_p60_dup60_s20260613,1800,512,8,1000.0,10000.0,False,60,pool64_r4_p60,64,4,60.0,,200,1,20260613,P3-Persist,True,300,1500,1360304,552.295575,0.939001,0,0.0,0.0,32235.84,0.065955,199,0,43,249019,2236,20,5,0,250618.0,0.99362,163236.48,6832
m11_adaptive_adversary,adaptive_adversary,heavy_flood,m11_pool64_r4_p60_dup60_s20260614,1800,512,8,1000.0,10000.0,False,60,pool64_r4_p60,64,4,60.0,,200,1,20260614,BudgetDoS,True,300,1500,1260188,5728.127273,0.085837,0.0,0.0,0.0,32195.52,0.914163,0,0,1610,248096,0,32,733,3,249696.0,0.993592,151222.56,4192
m11_adaptive_adversary,adaptive_adversary,heavy_flood,m11_pool64_r4_p60_dup60_s20260614,1800,512,8,1000.0,10000.0,False,60,pool64_r4_p60,64,4,60.0,,200,1,20260614,P3-Persist,True,300,1500,1359291,565.428869,0.937963,0.0,0.0,0.0,32195.52,0.066719,197,0,39,248096,2189,15,6,0,249693.0,0.993604,163114.92,6832
m11_adaptive_adversary,adaptive_adversary,heavy_flood,m11_pool64_r4_p60_dup60_s20260615,1800,512,8,1000.0,10000.0,False,60,pool64_r4_p60,64,4,60.0,,200,1,20260615,BudgetDoS,True,300,1500,1260179,5834.162037,0.086262,0.0,0.0,0.0,32215.68,0.913738,0,0,1560,247671,0,37,728,2,249271.0,0.993581,151221.48,4192
m11_adaptive_adversary,adaptive_adversary,heavy_flood,m11_pool64_r4_p60_dup60_s20260615,1800,512,8,1000.0,10000.0,False,60,pool64_r4_p60,64,4,60.0,,200,1,20260615,P3-Persist,True,300,1500,1349218,578.566895,0.93131,0.0,0.0,0.0,32215.68,0.070687,177,0,58,247671,2132,13,9,0,249269.0,0.993589,161906.16,6832
m11_adaptive_adversary,adaptive_adversary,heavy_flood,m11_pool64_r4_p60_dup60_s20260616,1800,512,8,1000.0,10000.0,False,60,pool64_r4_p60,64,4,60.0,,200,1,20260616,BudgetDoS,True,300,1500,1260197,5625.879464,0.089996,0.0,0.0,0.0,32235.84,0.910004,0,0,1565,248312,0,27,700,1,249912.0,0.993598,151223.64,4192
m11_adaptive_adversary,adaptive_adversary,heavy_flood,m11_pool64_r4_p60_dup60_s20260616,1800,512,8,1000.0,10000.0,False,60,pool64_r4_p60,64,4,60.0,,200,1,20260616,P3-Persist,True,300,1500,1346196,584.032972,0.926075,0,0.0,0.0,32256.0,0.077943,171,0,71,248312,2112,10,6,0,249912.0,0.993598,161543.52,6832
m11_adaptive_adversary,adaptive_adversary,heavy_flood,m11_pool64_r4_p60_dup60_s20260617,1800,512,8,1000.0,10000.0,False,60,pool64_r4_p60,64,4,60.0,,200,1,20260617,BudgetDoS,True,300,1500,1260191,5625.852679,0.09025,0.0,0.0,0.0,32155.2,0.90975,0,0,1513,248984,0,33,745,5,250584.0,0.993615,151222.92,4192
m11_adaptive_adversary,adaptive_adversary,heavy_flood,m11_pool64_r4_p60_dup60_s20260617,1800,512,8,1000.0,10000.0,False,60,pool64_r4_p60,64,4,60.0,,200,1,20260617,P3-Persist,True,300,1500,1362325,593.864429,0.924255,0.0,0.0,0.0,32175.36,0.08058,203,0,74,248984,2068,10,10,1,250581.0,0.993627,163479.0,6832
m11_adaptive_adversary,adaptive_adversary,heavy_flood,m11_pool64_r4_p60_dup60_s20260618,1800,512,8,1000.0,10000.0,False,60,pool64_r4_p60,64,4,60.0,,200,1,20260618,BudgetDoS,True,300,1500,1260195,5576.084071,0.090873,0.0,0.0,0.0,32135.04,0.909127,0,0,1548,247915,0,31,713,6,249515.0,0.993588,151223.4,4192
m11_adaptive_adversary,adaptive_adversary,heavy_flood,m11_pool64_r4_p60_dup60_s20260618,1800,512,8,1000.0,10000.0,False,60,pool64_r4_p60,64,4,60.0,,200,1,20260618,P3-Persist,True,300,1500,1347710,578.168168,0.937274,0,0.0,0.0,32175.36,0.067149,173,1,43,247915,2125,19,5,1,249512.0,0.9936,161725.2,6832
m11_adaptive_adversary,adaptive_adversary,heavy_flood,m11_pool64_r4_p60_dup60_s20260619,1800,512,8,1000.0,10000.0,False,60,pool64_r4_p60,64,4,60.0,,200,1,20260619,BudgetDoS,True,300,1500,1260194,5431.87069,0.090343,0.0,0.0,0.0,32235.84,0.909657,0,0,1635,247652,0,38,701,1,249252.0,0.993581,151223.28,4192
m11_adaptive_adversary,adaptive_adversary,heavy_flood,m11_pool64_r4_p60_dup60_s20260619,1800,512,8,1000.0,10000.0,False,60,pool64_r4_p60,64,4,60.0,,200,1,20260619,P3-Persist,True,300,1500,1354763,567.321189,0.929907,0.0,0.0,0.0,32256.0,0.073598,188,0,72,247652,2175,14,10,0,249252.0,0.993581,162571.56,6832
m11_adaptive_adversary,adaptive_adversary,heavy_flood,m11_pool64_r4_p60_dup60_s20260620,1800,512,8,1000.0,10000.0,False,60,pool64_r4_p60,64,4,60.0,,200,1,20260620,BudgetDoS,True,300,1500,1260185,5317.236287,0.093197,0,0.0,0.0,32215.68,0.906803,0,0,1578,248920,0,52,728,2,250520.0,0.993613,151222.2,4192
m11_adaptive_adversary,adaptive_adversary,heavy_flood,m11_pool64_r4_p60_dup60_s20260620,1800,512,8,1000.0,10000.0,False,60,pool64_r4_p60,64,4,60.0,,200,1,20260620,P3-Persist,True,300,1500,1351738,567.957143,0.935902,0.0,0.0,0.0,32235.84,0.069996,182,0,57,248920,2173,15,4,0,250519.0,0.993617,162208.56,6832
m11_adaptive_adversary,adaptive_adversary,heavy_flood,m11_pool64_r4_p60_dup60_s20260621,1800,512,8,1000.0,10000.0,False,60,pool64_r4_p60,64,4,60.0,,200,1,20260621,BudgetDoS,True,300,1500,1260181,5625.808036,0.087809,0.0,0.0,0.0,32235.84,0.912191,0,0,1575,248635,0,43,752,1,250235.0,0.993606,151221.72,4192
m11_adaptive_adversary,adaptive_adversary,heavy_flood,m11_pool64_r4_p60_dup60_s20260621,1800,512,8,1000.0,10000.0,False,60,pool64_r4_p60,64,4,60.0,,200,1,20260621,P3-Persist,True,300,1500,1364847,566.561644,0.944336,0,0.0,0.0,32235.84,0.061544,208,0,36,248635,2174,12,3,0,250234.0,0.99361,163781.64,6832
m11_adaptive_adversary,adaptive_adversary,heavy_flood,m11_pool64_r4_p60_dup60_s20260622,1800,512,8,1000.0,10000.0,False,60,pool64_r4_p60,64,4,60.0,,200,1,20260622,BudgetDoS,True,300,1500,1260178,5916.328638,0.08439,0,0.0,0.0,32235.84,0.91561,0,0,1615,248065,0,35,696,1,249665.0,0.993591,151221.36,4192
m11_adaptive_adversary,adaptive_adversary,heavy_flood,m11_pool64_r4_p60_dup60_s20260622,1800,512,8,1000.0,10000.0,False,60,pool64_r4_p60,64,4,60.0,,200,1,20260622,P3-Persist,True,300,1500,1343169,569.86381,0.933835,0,0.0,0.0,32235.84,0.072504,165,0,61,248065,2168,15,4,0,249664.0,0.993595,161180.28,6832
m11_adaptive_adversary,adaptive_adversary,heavy_flood,m11_pool64_r4_p60_dup60_s20260623,1800,512,8,1000.0,10000.0,False,60,pool64_r4_p60,64,4,60.0,,200,1,20260623,BudgetDoS,True,300,1500,1260189,5385.423077,0.090839,0.0,0.0,0.0,32155.2,0.909161,0,0,1630,248666,0,45,712,5,250266.0,0.993607,151222.68,4192
m11_adaptive_adversary,adaptive_adversary,heavy_flood,m11_pool64_r4_p60_dup60_s20260623,1800,512,8,1000.0,10000.0,False,60,pool64_r4_p60,64,4,60.0,,200,1,20260623,P3-Persist,True,300,1500,1342662,557.583887,0.934783,0.0,0.0,0.0,32175.36,0.068711,164,0,58,248666,2224,14,4,0,250262.0,0.993623,161119.44,6832
m11_adaptive_adversary,adaptive_adversary,heavy_flood,m11_pool64_r4_p60_dup60_s20260624,1800,512,8,1000.0,10000.0,False,60,pool64_r4_p60,64,4,60.0,,200,1,20260624,BudgetDoS,True,300,1500,1260192,5625.857143,0.086253,0.0,0.0,0.0,32175.36,0.913747,0,0,1648,248457,0,32,725,4,250057.0,0.993601,151223.04,4192
m11_adaptive_adversary,adaptive_adversary,heavy_flood,m11_pool64_r4_p60_dup60_s20260624,1800,512,8,1000.0,10000.0,False,60,pool64_r4_p60,64,4,60.0,,200,1,20260624,P3-Persist,True,300,1500,1352242,554.424764,0.939161,0,0.0,0.0,32175.36,0.066615,182,1,47,248457,2233,14,5,0,250053.0,0.993617,162269.04,6832
m11_adaptive_adversary,adaptive_adversary,heavy_flood,m11_pool64_r4_p60_dup60_s20260625,1800,512,8,1000.0,10000.0,False,60,pool64_r4_p60,64,4,60.0,,200,1,20260625,BudgetDoS,True,300,1500,1260195,5503.034934,0.088043,0,0.0,0.0,32175.36,0.911957,0,0,1636,248614,0,34,736,4,250214.0,0.993605,151223.4,4192
m11_adaptive_adversary,adaptive_adversary,heavy_flood,m11_pool64_r4_p60_dup60_s20260625,1800,512,8,1000.0,10000.0,False,60,pool64_r4_p60,64,4,60.0,,200,1,20260625,P3-Persist,True,300,1500,1346700,551.022913,0.939639,0.0,0.0,0.0,32195.52,0.064206,172,0,50,248614,2247,13,2,1,250212.0,0.993613,161604.0,6832
m11_adaptive_adversary,adaptive_adversary,heavy_flood,m11_pool64_r4_p60_dup60_s20260626,1800,512,8,1000.0,10000.0,False,60,pool64_r4_p60,64,4,60.0,,200,1,20260626,BudgetDoS,True,300,1500,1260200,5551.54185,0.087882,0,0.0,0.0,32175.36,0.912118,0,0,1613,247919,0,27,743,4,249519.0,0.993588,151224.0,4192
m11_adaptive_adversary,adaptive_adversary,heavy_flood,m11_pool64_r4_p60_dup60_s20260626,1800,512,8,1000.0,10000.0,False,60,pool64_r4_p60,64,4,60.0,,200,1,20260626,P3-Persist,True,300,1500,1360307,552.970325,0.952381,0.0,0.0,0.0,32215.68,0.054588,199,0,20,247919,2240,10,6,1,249518.0,0.993592,163236.84,6832
m11_adaptive_adversary,adaptive_adversary,heavy_flood,m11_pool64_r4_p60_dup60_s20260627,1800,512,8,1000.0,10000.0,False,60,pool64_r4_p60,64,4,60.0,,200,1,20260627,BudgetDoS,True,300,1500,1260193,5702.230769,0.085892,0,0,0.0,32215.68,0.914108,0,0,1601,248981,0,28,751,2,250581.0,0.993615,151223.16,4192
m11_adaptive_adversary,adaptive_adversary,heavy_flood,m11_pool64_r4_p60_dup60_s20260627,1800,512,8,1000.0,10000.0,False,60,pool64_r4_p60,64,4,60.0,,200,1,20260627,P3-Persist,True,300,1500,1355770,567.742881,0.928099,0.0,0.0,0.0,32215.68,0.075398,190,0,66,248981,2179,9,9,0,250579.0,0.993623,162692.4,6832
m11_adaptive_adversary,adaptive_adversary,heavy_flood,m11_pool64_r4_p60_dup60_s20260628,1800,512,8,1000.0,10000.0,False,60,pool64_r4_p60,64,4,60.0,,200,1,20260628,BudgetDoS,True,300,1500,1260155,6029.449761,0.083367,0,0.0,0.0,32256.0,0.916633,0,0,1573,248572,0,54,725,0,250172.0,0.993604,151218.6,4192
m11_adaptive_adversary,adaptive_adversary,heavy_flood,m11_pool64_r4_p60_dup60_s20260628,1800,512,8,1000.0,10000.0,False,60,pool64_r4_p60,64,4,60.0,,200,1,20260628,P3-Persist,True,300,1500,1342666,567.723467,0.943359,0,0.0,100.0,32256.0,0.066613,164,0,32,248572,2173,18,9,0,250172.0,0.993604,161119.92,6832
m11_adaptive_adversary,adaptive_adversary,heavy_flood,m11_pool64_r4_p60_dup60_s20260629,1800,512,8,1000.0,10000.0,False,60,pool64_r4_p60,64,4,60.0,,200,1,20260629,BudgetDoS,True,300,1500,1260192,5385.435897,0.091873,0.0,0.0,0.0,32215.68,0.908127,0,0,1596,247507,0,42,717,2,249107.0,0.993577,151223.04,4192
m11_adaptive_adversary,adaptive_adversary,heavy_flood,m11_pool64_r4_p60_dup60_s20260629,1800,512,8,1000.0,10000.0,False,60,pool64_r4_p60,64,4,60.0,,200,1,20260629,P3-Persist,True,300,1500,1355767,569.889449,0.93404,0,0.0,0.0,32215.68,0.069886,190,0,47,247507,2164,18,10,0,249105.0,0.993585,162692.04,6832
m11_adaptive_adversary,adaptive_adversary,heavy_flood,m11_pool256_r1_p120_dup0_s20260610,1800,512,8,1000.0,10000.0,False,0,pool256_r1_p120,256,1,120.0,,200,1,20260610,BudgetDoS,True,300,1500,1261535,816.527508,0.597217,0,0.0,0.0,45339.84,0.402783,0,0,0,0,0,10,1042,247428,249677.0,0.0,151384.2,4192
m11_adaptive_adversary,adaptive_adversary,heavy_flood,m11_pool256_r1_p120_dup0_s20260610,1800,512,8,1000.0,10000.0,False,0,pool256_r1_p120,256,1,120.0,,200,1,20260610,P3-Persist,True,300,1500,3780007,2266.191247,0.644762,0.0,0.0,0.0,145756.8,0.356784,21,4979,0,0,1632,8,55,22116,29346.0,0.0,453600.84,6832
m11_adaptive_adversary,adaptive_adversary,heavy_flood,m11_pool256_r1_p120_dup0_s20260611,1800,512,8,1000.0,10000.0,False,0,pool256_r1_p120,256,1,120.0,,200,1,20260611,BudgetDoS,True,300,1500,1261536,816.0,0.603199,0.0,0.0,0.0,45339.84,0.396801,0,0,0,0,0,10,1017,247757,250006.0,0.0,151384.32,4192
m11_adaptive_adversary,adaptive_adversary,heavy_flood,m11_pool256_r1_p120_dup0_s20260611,1800,512,8,1000.0,10000.0,False,0,pool256_r1_p120,256,1,120.0,,200,1,20260611,P3-Persist,True,300,1500,3780007,2217.012903,0.665236,0,0.0,0.0,145797.12,0.336715,18,4982,0,0,1671,9,76,22051,29283.0,0.0,453600.84,6832
m11_adaptive_adversary,adaptive_adversary,heavy_flood,m11_pool256_r1_p120_dup0_s20260612,1800,512,8,1000.0,10000.0,False,0,pool256_r1_p120,256,1,120.0,,200,1,20260612,BudgetDoS,True,300,1500,1260938,1327.303158,0.369362,0.0,0.0,0.0,44896.32,0.630638,0,0,0,0,0,12,1622,247444,249671.0,0.0,151312.56,4192
m11_adaptive_adversary,adaptive_adversary,heavy_flood,m11_pool256_r1_p120_dup0_s20260612,1800,512,8,1000.0,10000.0,False,0,pool256_r1_p120,256,1,120.0,,200,1,20260612,P3-Persist,True,300,1500,3780007,2183.712883,0.673017,0,0.0,0.0,145474.56,0.327372,18,4982,0,0,1701,5,55,22039,29255.0,0.0,453600.84,6832
m11_adaptive_adversary,adaptive_adversary,heavy_flood,m11_pool256_r1_p120_dup0_s20260613,1800,512,8,1000.0,10000.0,False,0,pool256_r1_p120,256,1,120.0,,200,1,20260613,BudgetDoS,True,300,1500,1261528,819.706303,0.586733,0,0.0,0.0,45521.28,0.413267,0,0,0,0,0,11,1084,248361,250619.0,0.0,151383.36,4192
m11_adaptive_adversary,adaptive_adversary,heavy_flood,m11_pool256_r1_p120_dup0_s20260613,1800,512,8,1000.0,10000.0,False,0,pool256_r1_p120,256,1,120.0,,200,1,20260613,P3-Persist,True,300,1500,3780006,2250.003571,0.640488,0.0,0.0,0.0,146039.04,0.359893,15,4985,0,0,1649,10,44,22149,29393.0,0.0,453600.72,6832
m11_adaptive_adversary,adaptive_adversary,heavy_flood,m11_pool256_r1_p120_dup0_s20260614,1800,512,8,1000.0,10000.0,False,0,pool256_r1_p120,256,1,120.0,,200,1,20260614,BudgetDoS,True,300,1500,1261539,815.474467,0.60359,0,0.0,0.0,45964.8,0.39641,0,0,0,0,0,8,1016,247416,249696.0,0.0,151384.68,4192
m11_adaptive_adversary,adaptive_adversary,heavy_flood,m11_pool256_r1_p120_dup0_s20260614,1800,512,8,1000.0,10000.0,False,0,pool256_r1_p120,256,1,120.0,,200,1,20260614,P3-Persist,True,300,1500,3780008,2366.943018,0.623098,0,0.0,0.0,146502.72,0.377292,14,4986,0,0,1568,7,51,22146,29413.0,0.0,453600.96,6832
m11_adaptive_adversary,adaptive_adversary,heavy_flood,m11_pool256_r1_p120_dup0_s20260615,1800,512,8,1000.0,10000.0,False,0,pool256_r1_p120,256,1,120.0,,200,1,20260615,BudgetDoS,True,300,1500,1261496,838.203322,0.601038,0,0.0,0.0,45702.72,0.398962,0,0,0,0,0,9,999,247004,249271.0,0.0,151379.52,4192
m11_adaptive_adversary,adaptive_adversary,heavy_flood,m11_pool256_r1_p120_dup0_s20260615,1800,512,8,1000.0,10000.0,False,0,pool256_r1_p120,256,1,120.0,,200,1,20260615,P3-Persist,True,300,1500,3780007,2313.345777,0.652556,0.0,0.0,0.0,146260.8,0.347444,13,4987,0,0,1606,8,54,22057,29312.0,0.0,453600.84,6832
m11_adaptive_adversary,adaptive_adversary,heavy_flood,m11_pool256_r1_p120_dup0_s20260616,1800,512,8,1000.0,10000.0,False,0,pool256_r1_p120,256,1,120.0,,200,1,20260616,BudgetDoS,True,300,1500,1261484,846.065728,0.599036,0,0.0,0.0,45581.76,0.400964,0,0,0,0,0,7,998,247651,249912.0,0.0,151378.08,4192
m11_adaptive_adversary,adaptive_adversary,heavy_flood,m11_pool256_r1_p120_dup0_s20260616,1800,512,8,1000.0,10000.0,False,0,pool256_r1_p120,256,1,120.0,,200,1,20260616,P3-Persist,True,300,1500,3780007,2545.459259,0.596625,0,0.0,0.0,146139.84,0.403375,14,4986,0,0,1459,5,54,21987,29236.0,0.0,453600.84,6832
m11_adaptive_adversary,adaptive_adversary,heavy_flood,m11_pool256_r1_p120_dup0_s20260617,1800,512,8,1000.0,10000.0,False,0,pool256_r1_p120,256,1,120.0,,200,1,20260617,BudgetDoS,True,300,1500,1261398,898.431624,0.565673,0.0,0.0,0.0,45158.4,0.434327,0,0,0,0,0,6,1078,248344,250584.0,0.0,151367.76,4192
m11_adaptive_adversary,adaptive_adversary,heavy_flood,m11_pool256_r1_p120_dup0_s20260617,1800,512,8,1000.0,10000.0,False,0,pool256_r1_p120,256,1,120.0,,200,1,20260617,P3-Persist,True,300,1500,3780008,2350.751244,0.647865,0.0,0.0,0.0,145615.68,0.352941,19,4981,0,0,1577,4,109,22207,29430.0,0.0,453600.96,6832
m11_adaptive_adversary,adaptive_adversary,heavy_flood,m11_pool256_r1_p120_dup0_s20260618,1800,512,8,1000.0,10000.0,False,0,pool256_r1_p120,256,1,120.0,,200,1,20260618,BudgetDoS,True,300,1500,1261400,896.517413,0.565742,0,0.0,0.0,45360.0,0.434258,0,0,0,0,0,7,1080,247265,249515.0,0.0,151368.0,4192
m11_adaptive_adversary,adaptive_adversary,heavy_flood,m11_pool256_r1_p120_dup0_s20260618,1800,512,8,1000.0,10000.0,False,0,pool256_r1_p120,256,1,120.0,,200,1,20260618,P3-Persist,True,300,1500,3780007,2353.678082,0.645758,0.0,0.0,0.0,145837.44,0.354644,17,4983,0,0,1576,6,42,22099,29333.0,0.0,453600.84,6832
m11_adaptive_adversary,adaptive_adversary,heavy_flood,m11_pool256_r1_p120_dup0_s20260619,1800,512,8,1000.0,10000.0,False,0,pool256_r1_p120,256,1,120.0,,200,1,20260619,BudgetDoS,True,300,1500,1261510,830.487163,0.591511,0,0.0,0.0,45622.08,0.408489,0,0,0,0,0,9,1049,246989,249252.0,0.0,151381.2,4192
m11_adaptive_adversary,adaptive_adversary,heavy_flood,m11_pool256_r1_p120_dup0_s20260619,1800,512,8,1000.0,10000.0,False,0,pool256_r1_p120,256,1,120.0,,200,1,20260619,P3-Persist,True,300,1500,3780006,2293.692961,0.641745,0.0,0.0,0.0,146180.16,0.358645,13,4987,0,0,1621,8,73,22171,29422.0,0.0,453600.72,6832
m11_adaptive_adversary,adaptive_adversary,heavy_flood,m11_pool256_r1_p120_dup0_s20260620,1800,512,8,1000.0,10000.0,False,0,pool256_r1_p120,256,1,120.0,,200,1,20260620,BudgetDoS,True,300,1500,1261463,854.07109,0.58081,0,0.0,0.0,45864.0,0.41919,0,0,0,0,0,14,1066,248245,250520.0,0.0,151375.56,4192
m11_adaptive_adversary,adaptive_adversary,heavy_flood,m11_pool256_r1_p120_dup0_s20260620,1800,512,8,1000.0,10000.0,False,0,pool256_r1_p120,256,1,120.0,,200,1,20260620,P3-Persist,True,300,1500,3780006,2493.407652,0.596146,0.0,0.0,0.0,146321.28,0.40464,18,4982,0,0,1479,13,71,22264,29522.0,0.0,453600.72,6832
m11_adaptive_adversary,adaptive_adversary,heavy_flood,m11_pool256_r1_p120_dup0_s20260621,1800,512,8,1000.0,10000.0,False,0,pool256_r1_p120,256,1,120.0,,200,1,20260621,BudgetDoS,True,300,1500,1260959,1295.94964,0.381419,0,0.0,0.0,45581.76,0.618581,0,0,0,0,0,14,1578,247974,250235.0,0.0,151315.08,4192
m11_adaptive_adversary,adaptive_adversary,heavy_flood,m11_pool256_r1_p120_dup0_s20260621,1800,512,8,1000.0,10000.0,False,0,pool256_r1_p120,256,1,120.0,,200,1,20260621,P3-Persist,True,300,1500,3780006,2260.769139,0.655429,0.0,0.0,0.0,146099.52,0.346139,18,4982,0,0,1638,10,52,22135,29382.0,0.0,453600.72,6832
m11_adaptive_adversary,adaptive_adversary,heavy_flood,m11_pool256_r1_p120_dup0_s20260622,1800,512,8,1000.0,10000.0,False,0,pool256_r1_p120,256,1,120.0,,200,1,20260622,BudgetDoS,True,300,1500,1261543,813.89871,0.614105,0.0,0.0,0.0,46166.4,0.385895,0,0,0,0,0,7,974,247375,249665.0,0.0,151385.16,4192
m11_adaptive_adversary,adaptive_adversary,heavy_flood,m11_pool256_r1_p120_dup0_s20260622,1800,512,8,1000.0,10000.0,False,0,pool256_r1_p120,256,1,120.0,,200,1,20260622,P3-Persist,True,300,1500,3780007,2303.477757,0.650158,0,0,0.0,146744.64,0.350238,11,4989,0,0,1616,7,41,22075,29354.0,0.0,453600.84,6832
m11_adaptive_adversary,adaptive_adversary,heavy_flood,m11_pool256_r1_p120_dup0_s20260623,1800,512,8,1000.0,10000.0,False,0,pool256_r1_p120,256,1,120.0,,200,1,20260623,BudgetDoS,True,300,1500,1261451,864.007534,0.56677,0.0,0.0,0.0,46347.84,0.43323,0,0,0,0,0,9,1116,247967,250266.0,0.0,151374.12,4192
m11_adaptive_adversary,adaptive_adversary,heavy_flood,m11_pool256_r1_p120_dup0_s20260623,1800,512,8,1000.0,10000.0,False,0,pool256_r1_p120,256,1,120.0,,200,1,20260623,P3-Persist,True,300,1500,3780007,2267.55069,0.647127,0,0.0,0.0,146966.4,0.352873,10,4990,0,0,1642,8,72,22170,29460.0,0.0,453600.84,6832
m11_adaptive_adversary,adaptive_adversary,heavy_flood,m11_pool256_r1_p120_dup0_s20260624,1800,512,8,1000.0,10000.0,False,0,pool256_r1_p120,256,1,120.0,,200,1,20260624,BudgetDoS,True,300,1500,1261502,832.674587,0.583365,0,0.0,0.0,45521.28,0.416635,0,0,0,0,0,13,1082,247799,250057.0,0.0,151380.24,4192
m11_adaptive_adversary,adaptive_adversary,heavy_flood,m11_pool256_r1_p120_dup0_s20260624,1800,512,8,1000.0,10000.0,False,0,pool256_r1_p120,256,1,120.0,,200,1,20260624,P3-Persist,True,300,1500,3780008,2207.948598,0.659222,0.0,0.0,0.0,146059.2,0.341548,14,4986,0,0,1678,12,64,22247,29492.0,0.0,453600.96,6832
m11_adaptive_adversary,adaptive_adversary,heavy_flood,m11_pool256_r1_p120_dup0_s20260625,1800,512,8,1000.0,10000.0,False,0,pool256_r1_p120,256,1,120.0,,200,1,20260625,BudgetDoS,True,300,1500,1261487,844.93436,0.57401,0,0.0,0.0,45541.44,0.42599,0,0,0,0,0,6,1108,247955,250214.0,0.0,151378.44,4192
m11_adaptive_adversary,adaptive_adversary,heavy_flood,m11_pool256_r1_p120_dup0_s20260625,1800,512,8,1000.0,10000.0,False,0,pool256_r1_p120,256,1,120.0,,200,1,20260625,P3-Persist,True,300,1500,3780007,2311.930887,0.628604,0,0.0,0.0,145978.56,0.371396,17,4983,0,0,1604,7,45,22062,29303.0,0.0,453600.84,6832
m11_adaptive_adversary,adaptive_adversary,heavy_flood,m11_pool256_r1_p120_dup0_s20260626,1800,512,8,1000.0,10000.0,False,0,pool256_r1_p120,256,1,120.0,,200,1,20260626,BudgetDoS,True,300,1500,1261503,833.775942,0.585753,0,0.0,0.0,45884.16,0.414247,0,0,0,0,0,10,1070,247243,249519.0,0.0,151380.36,4192
m11_adaptive_adversary,adaptive_adversary,heavy_flood,m11_pool256_r1_p120_dup0_s20260626,1800,512,8,1000.0,10000.0,False,0,pool256_r1_p120,256,1,120.0,,200,1,20260626,P3-Persist,True,300,1500,3780007,2386.368056,0.61324,0.0,0.0,0.0,146502.72,0.38676,9,4991,0,0,1558,10,61,22018,29285.0,0.0,453600.84,6832
m11_adaptive_adversary,adaptive_adversary,heavy_flood,m11_pool256_r1_p120_dup0_s20260627,1800,512,8,1000.0,10000.0,False,0,pool256_r1_p120,256,1,120.0,,200,1,20260627,BudgetDoS,True,300,1500,1261491,840.433711,0.583366,0,0,0,45722.88,0.416634,0,0,0,0,0,10,1072,248313,250581.0,0.0,151378.92,4192
m11_adaptive_adversary,adaptive_adversary,heavy_flood,m11_pool256_r1_p120_dup0_s20260627,1800,512,8,1000.0,10000.0,False,0,pool256_r1_p120,256,1,120.0,,200,1,20260627,P3-Persist,True,300,1500,3780007,2252.685936,0.652157,0.0,0.0,0.0,146280.96,0.348232,14,4986,0,0,1648,9,72,22176,29432.0,0.0,453600.84,6832
m11_adaptive_adversary,adaptive_adversary,heavy_flood,m11_pool256_r1_p120_dup0_s20260628,1800,512,8,1000.0,10000.0,False,0,pool256_r1_p120,256,1,120.0,,200,1,20260628,BudgetDoS,True,300,1500,1261458,859.303815,0.58556,0.0,0.0,0.0,46126.08,0.41444,0,0,0,0,0,10,1039,247884,250172.0,0.0,151374.96,4192
m11_adaptive_adversary,adaptive_adversary,heavy_flood,m11_pool256_r1_p120_dup0_s20260628,1800,512,8,1000.0,10000.0,False,0,pool256_r1_p120,256,1,120.0,,200,1,20260628,P3-Persist,True,300,1500,3780007,2416.884271,0.623853,0.0,0.0,0.0,146563.2,0.377343,19,4981,0,0,1529,9,110,22221,29491.0,0.0,453600.84,6832
m11_adaptive_adversary,adaptive_adversary,heavy_flood,m11_pool256_r1_p120_dup0_s20260629,1800,512,8,1000.0,10000.0,False,0,pool256_r1_p120,256,1,120.0,,200,1,20260629,BudgetDoS,True,300,1500,1261489,842.115487,0.588143,0.0,0.0,0.0,45722.88,0.411857,0,0,0,0,0,9,1049,246839,249107.0,0.0,151378.68,4192
m11_adaptive_adversary,adaptive_adversary,heavy_flood,m11_pool256_r1_p120_dup0_s20260629,1800,512,8,1000.0,10000.0,False,0,pool256_r1_p120,256,1,120.0,,200,1,20260629,P3-Persist,True,300,1500,3780007,2277.112651,0.651747,0.0,0.0,0.0,146119.68,0.348253,20,4980,0,0,1624,9,53,21879,29127.0,0.0,453600.84,6832
m11_adaptive_adversary,adaptive_adversary,heavy_flood,m11_pool256_r1_p120_dup60_s20260610,1800,512,8,1000.0,10000.0,False,60,pool256_r1_p120,256,1,120.0,,200,1,20260610,BudgetDoS,True,300,1500,1260194,6177.421569,0.078856,0.0,0.0,0.0,45339.84,0.921144,0,0,1636,243277,0,10,747,4151,249677.0,0.974367,151223.28,4192
m11_adaptive_adversary,adaptive_adversary,heavy_flood,m11_pool256_r1_p120_dup60_s20260610,1800,512,8,1000.0,10000.0,False,60,pool256_r1_p120,256,1,120.0,,200,1,20260610,P3-Persist,True,300,1500,3447369,1435.805498,0.928102,0,0,0,129024.0,0.079629,195,4145,68,243277,2194,3,11,0,249677.0,0.974367,413684.28,6832
m11_adaptive_adversary,adaptive_adversary,heavy_flood,m11_pool256_r1_p120_dup60_s20260611,1800,512,8,1000.0,10000.0,False,60,pool256_r1_p120,256,1,120.0,,200,1,20260611,BudgetDoS,True,300,1500,1260178,6667.608466,0.073742,0,0.0,0.0,45319.68,0.926258,0,0,1636,243606,0,11,738,4152,250006.0,0.974401,151221.36,4192
m11_adaptive_adversary,adaptive_adversary,heavy_flood,m11_pool256_r1_p120_dup60_s20260611,1800,512,8,1000.0,10000.0,False,60,pool256_r1_p120,256,1,120.0,,200,1,20260611,P3-Persist,True,300,1500,3436783,1447.676074,0.926258,0.0,0.0,0.0,128842.56,0.082716,181,4138,79,243606,2180,6,9,0,249997.0,0.974436,412413.96,6832
m11_adaptive_adversary,adaptive_adversary,heavy_flood,m11_pool256_r1_p120_dup60_s20260612,1800,512,8,1000.0,10000.0,False,60,pool256_r1_p120,256,1,120.0,,200,1,20260612,BudgetDoS,True,300,1500,1260181,6529.435233,0.075039,0,0.0,0.0,44896.32,0.924961,0,0,1637,243271,0,12,742,4173,249671.0,0.974366,151221.72,4192
m11_adaptive_adversary,adaptive_adversary,heavy_flood,m11_pool256_r1_p120_dup60_s20260612,1800,512,8,1000.0,10000.0,False,60,pool256_r1_p120,256,1,120.0,,200,1,20260612,P3-Persist,True,300,1500,3458965,1449.691953,0.927683,0.0,0.0,0.0,128943.36,0.07776,204,4159,76,243271,2168,1,3,1,249668.0,0.974378,415075.8,6832
m11_adaptive_adversary,adaptive_adversary,heavy_flood,m11_pool256_r1_p120_dup60_s20260613,1800,512,8,1000.0,10000.0,False,60,pool256_r1_p120,256,1,120.0,,200,1,20260613,BudgetDoS,True,300,1500,1260197,6087.908213,0.078917,0,0.0,0.0,45541.44,0.921083,0,0,1665,244219,0,10,751,4141,250619.0,0.974463,151223.64,4192
m11_adaptive_adversary,adaptive_adversary,heavy_flood,m11_pool256_r1_p120_dup60_s20260613,1800,512,8,1000.0,10000.0,False,60,pool256_r1_p120,256,1,120.0,,200,1,20260613,P3-Persist,True,300,1500,3454428,1405.381611,0.937095,0.0,0.0,0.0,129024.0,0.067861,219,4135,48,244219,2224,3,5,0,250619.0,0.974463,414531.36,6832
m11_adaptive_adversary,adaptive_adversary,heavy_flood,m11_pool256_r1_p120_dup60_s20260614,1800,512,8,1000.0,10000.0,False,60,pool256_r1_p120,256,1,120.0,,200,1,20260614,BudgetDoS,True,300,1500,1260195,6207.857143,0.079204,0,0.0,0.0,45964.8,0.920796,0,0,1610,243296,0,8,750,4120,249696.0,0.974369,151223.4,4192
m11_adaptive_adversary,adaptive_adversary,heavy_flood,m11_pool256_r1_p120_dup60_s20260614,1800,512,8,1000.0,10000.0,False,60,pool256_r1_p120,256,1,120.0,,200,1,20260614,P3-Persist,True,300,1500,3438293,1446.484224,0.927429,0,0.0,0.0,128983.68,0.076863,208,4114,63,243296,2162,2,7,0,249694.0,0.974377,412595.16,6832
m11_adaptive_adversary,adaptive_adversary,heavy_flood,m11_pool256_r1_p120_dup60_s20260615,1800,512,8,1000.0,10000.0,False,60,pool256_r1_p120,256,1,120.0,,200,1,20260615,BudgetDoS,True,300,1500,1260193,6238.579208,0.080671,0.0,0.0,0.0,45702.72,0.919329,0,0,1560,242871,0,9,742,4133,249271.0,0.974325,151223.16,4192
m11_adaptive_adversary,adaptive_adversary,heavy_flood,m11_pool256_r1_p120_dup60_s20260615,1800,512,8,1000.0,10000.0,False,60,pool256_r1_p120,256,1,120.0,,200,1,20260615,P3-Persist,True,300,1500,3434266,1479.649289,0.926917,0,0,0.0,128943.36,0.07508,191,4123,67,242871,2117,3,9,0,249267.0,0.974341,412111.92,6832
m11_adaptive_adversary,adaptive_adversary,heavy_flood,m11_pool256_r1_p120_dup60_s20260616,1800,512,8,1000.0,10000.0,False,60,pool256_r1_p120,256,1,120.0,,200,1,20260616,BudgetDoS,True,300,1500,1260197,6177.436275,0.081961,0.0,0.0,0.0,45581.76,0.918039,0,0,1565,243512,0,7,720,4139,249912.0,0.974391,151223.64,4192
m11_adaptive_adversary,adaptive_adversary,heavy_flood,m11_pool256_r1_p120_dup60_s20260616,1800,512,8,1000.0,10000.0,False,60,pool256_r1_p120,256,1,120.0,,200,1,20260616,P3-Persist,True,300,1500,3434769,1494.027403,0.923664,0,0.0,0.0,128943.36,0.080755,184,4131,73,243512,2104,2,6,0,249908.0,0.974407,412172.28,6832
m11_adaptive_adversary,adaptive_adversary,heavy_flood,m11_pool256_r1_p120_dup60_s20260617,1800,512,8,1000.0,10000.0,False,60,pool256_r1_p120,256,1,120.0,,200,1,20260617,BudgetDoS,True,300,1500,1260189,6462.507692,0.078566,0,0.0,0.0,45158.4,0.921434,0,0,1513,244184,0,6,774,4160,250584.0,0.97446,151222.68,4192
m11_adaptive_adversary,adaptive_adversary,heavy_flood,m11_pool256_r1_p120_dup60_s20260617,1800,512,8,1000.0,10000.0,False,60,pool256_r1_p120,256,1,120.0,,200,1,20260617,P3-Persist,True,300,1500,3459469,1510.025753,0.923046,0,0.0,0.0,128983.68,0.081789,210,4154,76,244184,2066,2,10,1,250583.0,0.974464,415136.28,6832
m11_adaptive_adversary,adaptive_adversary,heavy_flood,m11_pool256_r1_p120_dup60_s20260618,1800,512,8,1000.0,10000.0,False,60,pool256_r1_p120,256,1,120.0,,200,1,20260618,BudgetDoS,True,300,1500,1260190,6300.95,0.080418,0.0,0.0,0.0,45299.52,0.919582,0,0,1548,243115,0,10,739,4153,249515.0,0.97435,151222.8,4192
m11_adaptive_adversary,adaptive_adversary,heavy_flood,m11_pool256_r1_p120_dup60_s20260618,1800,512,8,1000.0,10000.0,False,60,pool256_r1_p120,256,1,120.0,,200,1,20260618,P3-Persist,True,300,1500,3441325,1496.879078,0.924407,0,0.0,0.0,128983.68,0.080016,183,4145,71,243115,2099,4,5,1,249514.0,0.974354,412959.0,6832
m11_adaptive_adversary,adaptive_adversary,heavy_flood,m11_pool256_r1_p120_dup60_s20260619,1800,512,8,1000.0,10000.0,False,60,pool256_r1_p120,256,1,120.0,,200,1,20260619,BudgetDoS,True,300,1500,1260196,6147.297561,0.079829,0,0.0,0.0,45622.08,0.920171,0,0,1635,242852,0,9,728,4137,249252.0,0.974323,151223.52,4192
m11_adaptive_adversary,adaptive_adversary,heavy_flood,m11_pool256_r1_p120_dup60_s20260619,1800,512,8,1000.0,10000.0,False,60,pool256_r1_p120,256,1,120.0,,200,1,20260619,P3-Persist,True,300,1500,3441830,1443.720638,0.928349,0.0,0.0,0.0,128983.68,0.075935,199,4130,76,242852,2168,3,10,0,249250.0,0.974331,413019.6,6832
m11_adaptive_adversary,adaptive_adversary,heavy_flood,m11_pool256_r1_p120_dup60_s20260620,1800,512,8,1000.0,10000.0,False,60,pool256_r1_p120,256,1,120.0,,200,1,20260620,BudgetDoS,True,300,1500,1260195,6029.641148,0.082186,0,0.0,0.0,45864.0,0.917814,0,0,1578,244120,0,14,756,4125,250520.0,0.974453,151223.4,4192
m11_adaptive_adversary,adaptive_adversary,heavy_flood,m11_pool256_r1_p120_dup60_s20260620,1800,512,8,1000.0,10000.0,False,60,pool256_r1_p120,256,1,120.0,,200,1,20260620,P3-Persist,True,300,1500,3430739,1443.306268,0.934723,0,0.0,0.0,129003.84,0.071176,191,4116,59,244120,2169,6,4,0,250519.0,0.974457,411688.68,6832
m11_adaptive_adversary,adaptive_adversary,heavy_flood,m11_pool256_r1_p120_dup60_s20260621,1800,512,8,1000.0,10000.0,False,60,pool256_r1_p120,256,1,120.0,,200,1,20260621,BudgetDoS,True,300,1500,1260183,6495.78866,0.076049,0.0,0.0,0.0,45642.24,0.923951,0,0,1575,243835,0,11,782,4136,250235.0,0.974424,151221.96,4192
m11_adaptive_adversary,adaptive_adversary,heavy_flood,m11_pool256_r1_p120_dup60_s20260621,1800,512,8,1000.0,10000.0,False,60,pool256_r1_p120,256,1,120.0,,200,1,20260621,P3-Persist,True,300,1500,3451407,1443.499373,0.937279,0,0.0,0.0,129024.0,0.068601,216,4132,52,243835,2155,5,3,0,250235.0,0.974424,414168.84,6832
m11_adaptive_adversary,adaptive_adversary,heavy_flood,m11_pool256_r1_p120_dup60_s20260622,1800,512,8,1000.0,10000.0,False,60,pool256_r1_p120,256,1,120.0,,200,1,20260622,BudgetDoS,True,300,1500,1260192,6332.623116,0.078843,0,0.0,0.0,46166.4,0.921157,0,0,1615,243265,0,7,710,4110,249665.0,0.974366,151223.04,4192
m11_adaptive_adversary,adaptive_adversary,heavy_flood,m11_pool256_r1_p120_dup60_s20260622,1800,512,8,1000.0,10000.0,False,60,pool256_r1_p120,256,1,120.0,,200,1,20260622,P3-Persist,True,300,1500,3419648,1473.351142,0.919572,0,0,0.0,128943.36,0.087163,180,4105,94,243265,2129,4,4,1,249662.0,0.974377,410357.76,6832
m11_adaptive_adversary,adaptive_adversary,heavy_flood,m11_pool256_r1_p120_dup60_s20260623,1800,512,8,1000.0,10000.0,False,60,pool256_r1_p120,256,1,120.0,,200,1,20260623,BudgetDoS,True,300,1500,1260193,6238.579208,0.078416,0.0,0.0,0.0,46347.84,0.921584,0,0,1630,243866,0,9,744,4101,250266.0,0.974427,151223.16,4192
m11_adaptive_adversary,adaptive_adversary,heavy_flood,m11_pool256_r1_p120_dup60_s20260623,1800,512,8,1000.0,10000.0,False,60,pool256_r1_p120,256,1,120.0,,200,1,20260623,P3-Persist,True,300,1500,3411078,1421.874948,0.931289,0,0.0,0.0,129003.84,0.071817,173,4095,63,243866,2217,3,5,0,250265.0,0.974431,409329.36,6832
m11_adaptive_adversary,adaptive_adversary,heavy_flood,m11_pool256_r1_p120_dup60_s20260624,1800,512,8,1000.0,10000.0,False,60,pool256_r1_p120,256,1,120.0,,200,1,20260624,BudgetDoS,True,300,1500,1260192,6147.278049,0.078937,0,0.0,0.0,45521.28,0.921063,0,0,1648,243657,0,13,744,4142,250057.0,0.974406,151223.04,4192
m11_adaptive_adversary,adaptive_adversary,heavy_flood,m11_pool256_r1_p120_dup60_s20260624,1800,512,8,1000.0,10000.0,False,60,pool256_r1_p120,256,1,120.0,,200,1,20260624,P3-Persist,True,300,1500,3436786,1419.572904,0.932229,0,0,0.0,128943.36,0.073546,190,4129,64,243657,2217,4,6,2,250055.0,0.974414,412414.32,6832
m11_adaptive_adversary,adaptive_adversary,heavy_flood,m11_pool256_r1_p120_dup60_s20260625,1800,512,8,1000.0,10000.0,False,60,pool256_r1_p120,256,1,120.0,,200,1,20260625,BudgetDoS,True,300,1500,1260195,6269.626866,0.077278,0,0,0,45541.44,0.922722,0,0,1636,243814,0,6,764,4141,250214.0,0.974422,151223.4,4192
m11_adaptive_adversary,adaptive_adversary,heavy_flood,m11_pool256_r1_p120_dup60_s20260625,1800,512,8,1000.0,10000.0,False,60,pool256_r1_p120,256,1,120.0,,200,1,20260625,P3-Persist,True,300,1500,3434268,1433.33389,0.921184,0.0,0.0,0.0,128983.68,0.081892,178,4136,94,243814,2203,3,3,0,250212.0,0.97443,412112.16,6832
m11_adaptive_adversary,adaptive_adversary,heavy_flood,m11_pool256_r1_p120_dup60_s20260626,1800,512,8,1000.0,10000.0,False,60,pool256_r1_p120,256,1,120.0,,200,1,20260626,BudgetDoS,True,300,1500,1260200,6000.952381,0.081301,0.0,0.0,0.0,45884.16,0.918699,0,0,1613,243119,0,10,760,4124,249519.0,0.974351,151224.0,4192
m11_adaptive_adversary,adaptive_adversary,heavy_flood,m11_pool256_r1_p120_dup60_s20260626,1800,512,8,1000.0,10000.0,False,60,pool256_r1_p120,256,1,120.0,,200,1,20260626,P3-Persist,True,300,1500,3437794,1424.697058,0.934185,0,0.0,0.0,128963.52,0.072396,208,4113,66,243119,2193,2,7,0,249516.0,0.974362,412535.28,6832
m11_adaptive_adversary,adaptive_adversary,heavy_flood,m11_pool256_r1_p120_dup60_s20260627,1800,512,8,1000.0,10000.0,False,60,pool256_r1_p120,256,1,120.0,,200,1,20260627,BudgetDoS,True,300,1500,1260185,6269.577114,0.078119,0,0,0,45662.4,0.921881,0,0,1601,244181,0,16,771,4135,250581.0,0.974459,151222.2,4192
m11_adaptive_adversary,adaptive_adversary,heavy_flood,m11_pool256_r1_p120_dup60_s20260627,1800,512,8,1000.0,10000.0,False,60,pool256_r1_p120,256,1,120.0,,200,1,20260627,P3-Persist,True,300,1500,3435778,1438.768007,0.928099,0.0,0.0,0.0,128963.52,0.075398,196,4121,66,244181,2179,3,9,0,250578.0,0.974471,412293.36,6832
m11_adaptive_adversary,adaptive_adversary,heavy_flood,m11_pool256_r1_p120_dup60_s20260628,1800,512,8,1000.0,10000.0,False,60,pool256_r1_p120,256,1,120.0,,200,1,20260628,BudgetDoS,True,300,1500,1260184,6462.482051,0.077782,0,0.0,0.0,46105.92,0.922218,0,0,1573,243772,0,11,739,4113,250172.0,0.974418,151222.08,4192
m11_adaptive_adversary,adaptive_adversary,heavy_flood,m11_pool256_r1_p120_dup60_s20260628,1800,512,8,1000.0,10000.0,False,60,pool256_r1_p120,256,1,120.0,,200,1,20260628,P3-Persist,True,300,1500,3420153,1473.56872,0.925808,0,0,100.0,128903.04,0.084164,186,4100,72,243772,2123,3,10,1,250167.0,0.974437,410418.36,6832
m11_adaptive_adversary,adaptive_adversary,heavy_flood,m11_pool256_r1_p120_dup60_s20260629,1800,512,8,1000.0,10000.0,False,60,pool256_r1_p120,256,1,120.0,,200,1,20260629,BudgetDoS,True,300,1500,1260194,6207.852217,0.079702,0,0.0,0.0,45722.88,0.920298,0,0,1596,242707,0,9,748,4132,249107.0,0.974308,151223.28,4192
m11_adaptive_adversary,adaptive_adversary,heavy_flood,m11_pool256_r1_p120_dup60_s20260629,1800,512,8,1000.0,10000.0,False,60,pool256_r1_p120,256,1,120.0,,200,1,20260629,P3-Persist,True,300,1500,3442831,1444.746538,0.935611,0,0.0,0.0,128862.72,0.068708,208,4123,48,242707,2161,7,9,1,249100.0,0.974336,413139.72,6832
m11_adaptive_adversary,adaptive_adversary,heavy_flood,m11_pool256_r4_p120_dup0_s20260610,1800,512,8,1000.0,10000.0,False,0,pool256_r4_p120,256,4,120.0,,200,1,20260610,BudgetDoS,True,300,1500,1261535,816.527508,0.597217,0,0.0,0.0,45339.84,0.402783,0,0,0,0,0,10,1042,247428,249677.0,0.0,151384.2,4192
m11_adaptive_adversary,adaptive_adversary,heavy_flood,m11_pool256_r4_p120_dup0_s20260610,1800,512,8,1000.0,10000.0,False,0,pool256_r4_p120,256,4,120.0,,200,1,20260610,P3-Persist,True,300,1500,3780007,2266.191247,0.644762,0.0,0.0,0.0,145756.8,0.356784,21,4979,0,0,1632,8,55,22116,29346.0,0.0,453600.84,6832
m11_adaptive_adversary,adaptive_adversary,heavy_flood,m11_pool256_r4_p120_dup0_s20260611,1800,512,8,1000.0,10000.0,False,0,pool256_r4_p120,256,4,120.0,,200,1,20260611,BudgetDoS,True,300,1500,1261536,816.0,0.603199,0.0,0.0,0.0,45339.84,0.396801,0,0,0,0,0,10,1017,247757,250006.0,0.0,151384.32,4192
m11_adaptive_adversary,adaptive_adversary,heavy_flood,m11_pool256_r4_p120_dup0_s20260611,1800,512,8,1000.0,10000.0,False,0,pool256_r4_p120,256,4,120.0,,200,1,20260611,P3-Persist,True,300,1500,3780007,2217.012903,0.665236,0,0.0,0.0,145797.12,0.336715,18,4982,0,0,1671,9,76,22051,29283.0,0.0,453600.84,6832
m11_adaptive_adversary,adaptive_adversary,heavy_flood,m11_pool256_r4_p120_dup0_s20260612,1800,512,8,1000.0,10000.0,False,0,pool256_r4_p120,256,4,120.0,,200,1,20260612,BudgetDoS,True,300,1500,1260938,1327.303158,0.369362,0.0,0.0,0.0,44896.32,0.630638,0,0,0,0,0,12,1622,247444,249671.0,0.0,151312.56,4192
m11_adaptive_adversary,adaptive_adversary,heavy_flood,m11_pool256_r4_p120_dup0_s20260612,1800,512,8,1000.0,10000.0,False,0,pool256_r4_p120,256,4,120.0,,200,1,20260612,P3-Persist,True,300,1500,3780007,2183.712883,0.673017,0,0.0,0.0,145474.56,0.327372,18,4982,0,0,1701,5,55,22039,29255.0,0.0,453600.84,6832
m11_adaptive_adversary,adaptive_adversary,heavy_flood,m11_pool256_r4_p120_dup0_s20260613,1800,512,8,1000.0,10000.0,False,0,pool256_r4_p120,256,4,120.0,,200,1,20260613,BudgetDoS,True,300,1500,1261528,819.706303,0.586733,0,0.0,0.0,45521.28,0.413267,0,0,0,0,0,11,1084,248361,250619.0,0.0,151383.36,4192
m11_adaptive_adversary,adaptive_adversary,heavy_flood,m11_pool256_r4_p120_dup0_s20260613,1800,512,8,1000.0,10000.0,False,0,pool256_r4_p120,256,4,120.0,,200,1,20260613,P3-Persist,True,300,1500,3780006,2250.003571,0.640488,0.0,0.0,0.0,146039.04,0.359893,15,4985,0,0,1649,10,44,22149,29393.0,0.0,453600.72,6832
m11_adaptive_adversary,adaptive_adversary,heavy_flood,m11_pool256_r4_p120_dup0_s20260614,1800,512,8,1000.0,10000.0,False,0,pool256_r4_p120,256,4,120.0,,200,1,20260614,BudgetDoS,True,300,1500,1261539,815.474467,0.60359,0,0.0,0.0,45964.8,0.39641,0,0,0,0,0,8,1016,247416,249696.0,0.0,151384.68,4192
m11_adaptive_adversary,adaptive_adversary,heavy_flood,m11_pool256_r4_p120_dup0_s20260614,1800,512,8,1000.0,10000.0,False,0,pool256_r4_p120,256,4,120.0,,200,1,20260614,P3-Persist,True,300,1500,3780008,2366.943018,0.623098,0,0.0,0.0,146502.72,0.377292,14,4986,0,0,1568,7,51,22146,29413.0,0.0,453600.96,6832
m11_adaptive_adversary,adaptive_adversary,heavy_flood,m11_pool256_r4_p120_dup0_s20260615,1800,512,8,1000.0,10000.0,False,0,pool256_r4_p120,256,4,120.0,,200,1,20260615,BudgetDoS,True,300,1500,1261496,838.203322,0.601038,0,0.0,0.0,45702.72,0.398962,0,0,0,0,0,9,999,247004,249271.0,0.0,151379.52,4192
m11_adaptive_adversary,adaptive_adversary,heavy_flood,m11_pool256_r4_p120_dup0_s20260615,1800,512,8,1000.0,10000.0,False,0,pool256_r4_p120,256,4,120.0,,200,1,20260615,P3-Persist,True,300,1500,3780007,2313.345777,0.652556,0.0,0.0,0.0,146260.8,0.347444,13,4987,0,0,1606,8,54,22057,29312.0,0.0,453600.84,6832
m11_adaptive_adversary,adaptive_adversary,heavy_flood,m11_pool256_r4_p120_dup0_s20260616,1800,512,8,1000.0,10000.0,False,0,pool256_r4_p120,256,4,120.0,,200,1,20260616,BudgetDoS,True,300,1500,1261484,846.065728,0.599036,0,0.0,0.0,45581.76,0.400964,0,0,0,0,0,7,998,247651,249912.0,0.0,151378.08,4192
m11_adaptive_adversary,adaptive_adversary,heavy_flood,m11_pool256_r4_p120_dup0_s20260616,1800,512,8,1000.0,10000.0,False,0,pool256_r4_p120,256,4,120.0,,200,1,20260616,P3-Persist,True,300,1500,3780007,2545.459259,0.596625,0,0.0,0.0,146139.84,0.403375,14,4986,0,0,1459,5,54,21987,29236.0,0.0,453600.84,6832
m11_adaptive_adversary,adaptive_adversary,heavy_flood,m11_pool256_r4_p120_dup0_s20260617,1800,512,8,1000.0,10000.0,False,0,pool256_r4_p120,256,4,120.0,,200,1,20260617,BudgetDoS,True,300,1500,1261398,898.431624,0.565673,0.0,0.0,0.0,45158.4,0.434327,0,0,0,0,0,6,1078,248344,250584.0,0.0,151367.76,4192
m11_adaptive_adversary,adaptive_adversary,heavy_flood,m11_pool256_r4_p120_dup0_s20260617,1800,512,8,1000.0,10000.0,False,0,pool256_r4_p120,256,4,120.0,,200,1,20260617,P3-Persist,True,300,1500,3780008,2350.751244,0.647865,0.0,0.0,0.0,145615.68,0.352941,19,4981,0,0,1577,4,109,22207,29430.0,0.0,453600.96,6832
m11_adaptive_adversary,adaptive_adversary,heavy_flood,m11_pool256_r4_p120_dup0_s20260618,1800,512,8,1000.0,10000.0,False,0,pool256_r4_p120,256,4,120.0,,200,1,20260618,BudgetDoS,True,300,1500,1261400,896.517413,0.565742,0,0.0,0.0,45360.0,0.434258,0,0,0,0,0,7,1080,247265,249515.0,0.0,151368.0,4192
m11_adaptive_adversary,adaptive_adversary,heavy_flood,m11_pool256_r4_p120_dup0_s20260618,1800,512,8,1000.0,10000.0,False,0,pool256_r4_p120,256,4,120.0,,200,1,20260618,P3-Persist,True,300,1500,3780007,2353.678082,0.645758,0.0,0.0,0.0,145837.44,0.354644,17,4983,0,0,1576,6,42,22099,29333.0,0.0,453600.84,6832
m11_adaptive_adversary,adaptive_adversary,heavy_flood,m11_pool256_r4_p120_dup0_s20260619,1800,512,8,1000.0,10000.0,False,0,pool256_r4_p120,256,4,120.0,,200,1,20260619,BudgetDoS,True,300,1500,1261510,830.487163,0.591511,0,0.0,0.0,45622.08,0.408489,0,0,0,0,0,9,1049,246989,249252.0,0.0,151381.2,4192
m11_adaptive_adversary,adaptive_adversary,heavy_flood,m11_pool256_r4_p120_dup0_s20260619,1800,512,8,1000.0,10000.0,False,0,pool256_r4_p120,256,4,120.0,,200,1,20260619,P3-Persist,True,300,1500,3780006,2293.692961,0.641745,0.0,0.0,0.0,146180.16,0.358645,13,4987,0,0,1621,8,73,22171,29422.0,0.0,453600.72,6832
m11_adaptive_adversary,adaptive_adversary,heavy_flood,m11_pool256_r4_p120_dup0_s20260620,1800,512,8,1000.0,10000.0,False,0,pool256_r4_p120,256,4,120.0,,200,1,20260620,BudgetDoS,True,300,1500,1261463,854.07109,0.58081,0,0.0,0.0,45864.0,0.41919,0,0,0,0,0,14,1066,248245,250520.0,0.0,151375.56,4192
m11_adaptive_adversary,adaptive_adversary,heavy_flood,m11_pool256_r4_p120_dup0_s20260620,1800,512,8,1000.0,10000.0,False,0,pool256_r4_p120,256,4,120.0,,200,1,20260620,P3-Persist,True,300,1500,3780006,2493.407652,0.596146,0.0,0.0,0.0,146321.28,0.40464,18,4982,0,0,1479,13,71,22264,29522.0,0.0,453600.72,6832
m11_adaptive_adversary,adaptive_adversary,heavy_flood,m11_pool256_r4_p120_dup0_s20260621,1800,512,8,1000.0,10000.0,False,0,pool256_r4_p120,256,4,120.0,,200,1,20260621,BudgetDoS,True,300,1500,1260959,1295.94964,0.381419,0,0.0,0.0,45581.76,0.618581,0,0,0,0,0,14,1578,247974,250235.0,0.0,151315.08,4192
m11_adaptive_adversary,adaptive_adversary,heavy_flood,m11_pool256_r4_p120_dup0_s20260621,1800,512,8,1000.0,10000.0,False,0,pool256_r4_p120,256,4,120.0,,200,1,20260621,P3-Persist,True,300,1500,3780006,2260.769139,0.655429,0.0,0.0,0.0,146099.52,0.346139,18,4982,0,0,1638,10,52,22135,29382.0,0.0,453600.72,6832
m11_adaptive_adversary,adaptive_adversary,heavy_flood,m11_pool256_r4_p120_dup0_s20260622,1800,512,8,1000.0,10000.0,False,0,pool256_r4_p120,256,4,120.0,,200,1,20260622,BudgetDoS,True,300,1500,1261543,813.89871,0.614105,0.0,0.0,0.0,46166.4,0.385895,0,0,0,0,0,7,974,247375,249665.0,0.0,151385.16,4192
m11_adaptive_adversary,adaptive_adversary,heavy_flood,m11_pool256_r4_p120_dup0_s20260622,1800,512,8,1000.0,10000.0,False,0,pool256_r4_p120,256,4,120.0,,200,1,20260622,P3-Persist,True,300,1500,3780007,2303.477757,0.650158,0,0,0.0,146744.64,0.350238,11,4989,0,0,1616,7,41,22075,29354.0,0.0,453600.84,6832
m11_adaptive_adversary,adaptive_adversary,heavy_flood,m11_pool256_r4_p120_dup0_s20260623,1800,512,8,1000.0,10000.0,False,0,pool256_r4_p120,256,4,120.0,,200,1,20260623,BudgetDoS,True,300,1500,1261451,864.007534,0.56677,0.0,0.0,0.0,46347.84,0.43323,0,0,0,0,0,9,1116,247967,250266.0,0.0,151374.12,4192
m11_adaptive_adversary,adaptive_adversary,heavy_flood,m11_pool256_r4_p120_dup0_s20260623,1800,512,8,1000.0,10000.0,False,0,pool256_r4_p120,256,4,120.0,,200,1,20260623,P3-Persist,True,300,1500,3780007,2267.55069,0.647127,0,0.0,0.0,146966.4,0.352873,10,4990,0,0,1642,8,72,22170,29460.0,0.0,453600.84,6832
m11_adaptive_adversary,adaptive_adversary,heavy_flood,m11_pool256_r4_p120_dup0_s20260624,1800,512,8,1000.0,10000.0,False,0,pool256_r4_p120,256,4,120.0,,200,1,20260624,BudgetDoS,True,300,1500,1261502,832.674587,0.583365,0,0.0,0.0,45521.28,0.416635,0,0,0,0,0,13,1082,247799,250057.0,0.0,151380.24,4192
m11_adaptive_adversary,adaptive_adversary,heavy_flood,m11_pool256_r4_p120_dup0_s20260624,1800,512,8,1000.0,10000.0,False,0,pool256_r4_p120,256,4,120.0,,200,1,20260624,P3-Persist,True,300,1500,3780008,2207.948598,0.659222,0.0,0.0,0.0,146059.2,0.341548,14,4986,0,0,1678,12,64,22247,29492.0,0.0,453600.96,6832
m11_adaptive_adversary,adaptive_adversary,heavy_flood,m11_pool256_r4_p120_dup0_s20260625,1800,512,8,1000.0,10000.0,False,0,pool256_r4_p120,256,4,120.0,,200,1,20260625,BudgetDoS,True,300,1500,1261487,844.93436,0.57401,0,0.0,0.0,45541.44,0.42599,0,0,0,0,0,6,1108,247955,250214.0,0.0,151378.44,4192
m11_adaptive_adversary,adaptive_adversary,heavy_flood,m11_pool256_r4_p120_dup0_s20260625,1800,512,8,1000.0,10000.0,False,0,pool256_r4_p120,256,4,120.0,,200,1,20260625,P3-Persist,True,300,1500,3780007,2311.930887,0.628604,0,0.0,0.0,145978.56,0.371396,17,4983,0,0,1604,7,45,22062,29303.0,0.0,453600.84,6832
m11_adaptive_adversary,adaptive_adversary,heavy_flood,m11_pool256_r4_p120_dup0_s20260626,1800,512,8,1000.0,10000.0,False,0,pool256_r4_p120,256,4,120.0,,200,1,20260626,BudgetDoS,True,300,1500,1261503,833.775942,0.585753,0,0.0,0.0,45884.16,0.414247,0,0,0,0,0,10,1070,247243,249519.0,0.0,151380.36,4192
m11_adaptive_adversary,adaptive_adversary,heavy_flood,m11_pool256_r4_p120_dup0_s20260626,1800,512,8,1000.0,10000.0,False,0,pool256_r4_p120,256,4,120.0,,200,1,20260626,P3-Persist,True,300,1500,3780007,2386.368056,0.61324,0.0,0.0,0.0,146502.72,0.38676,9,4991,0,0,1558,10,61,22018,29285.0,0.0,453600.84,6832
m11_adaptive_adversary,adaptive_adversary,heavy_flood,m11_pool256_r4_p120_dup0_s20260627,1800,512,8,1000.0,10000.0,False,0,pool256_r4_p120,256,4,120.0,,200,1,20260627,BudgetDoS,True,300,1500,1261491,840.433711,0.583366,0,0,0,45722.88,0.416634,0,0,0,0,0,10,1072,248313,250581.0,0.0,151378.92,4192
m11_adaptive_adversary,adaptive_adversary,heavy_flood,m11_pool256_r4_p120_dup0_s20260627,1800,512,8,1000.0,10000.0,False,0,pool256_r4_p120,256,4,120.0,,200,1,20260627,P3-Persist,True,300,1500,3780007,2252.685936,0.652157,0.0,0.0,0.0,146280.96,0.348232,14,4986,0,0,1648,9,72,22176,29432.0,0.0,453600.84,6832
m11_adaptive_adversary,adaptive_adversary,heavy_flood,m11_pool256_r4_p120_dup0_s20260628,1800,512,8,1000.0,10000.0,False,0,pool256_r4_p120,256,4,120.0,,200,1,20260628,BudgetDoS,True,300,1500,1261458,859.303815,0.58556,0.0,0.0,0.0,46126.08,0.41444,0,0,0,0,0,10,1039,247884,250172.0,0.0,151374.96,4192
m11_adaptive_adversary,adaptive_adversary,heavy_flood,m11_pool256_r4_p120_dup0_s20260628,1800,512,8,1000.0,10000.0,False,0,pool256_r4_p120,256,4,120.0,,200,1,20260628,P3-Persist,True,300,1500,3780007,2416.884271,0.623853,0.0,0.0,0.0,146563.2,0.377343,19,4981,0,0,1529,9,110,22221,29491.0,0.0,453600.84,6832
m11_adaptive_adversary,adaptive_adversary,heavy_flood,m11_pool256_r4_p120_dup0_s20260629,1800,512,8,1000.0,10000.0,False,0,pool256_r4_p120,256,4,120.0,,200,1,20260629,BudgetDoS,True,300,1500,1261489,842.115487,0.588143,0.0,0.0,0.0,45722.88,0.411857,0,0,0,0,0,9,1049,246839,249107.0,0.0,151378.68,4192
m11_adaptive_adversary,adaptive_adversary,heavy_flood,m11_pool256_r4_p120_dup0_s20260629,1800,512,8,1000.0,10000.0,False,0,pool256_r4_p120,256,4,120.0,,200,1,20260629,P3-Persist,True,300,1500,3780007,2277.112651,0.651747,0.0,0.0,0.0,146119.68,0.348253,20,4980,0,0,1624,9,53,21879,29127.0,0.0,453600.84,6832
m11_adaptive_adversary,adaptive_adversary,heavy_flood,m11_pool256_r4_p120_dup60_s20260610,1800,512,8,1000.0,10000.0,False,60,pool256_r4_p120,256,4,120.0,,200,1,20260610,BudgetDoS,True,300,1500,1260194,5834.231481,0.083494,0.0,0.0,0.0,37759.68,0.916506,0,0,1636,243277,0,22,735,4527,249677.0,0.974367,151223.28,4192
m11_adaptive_adversary,adaptive_adversary,heavy_flood,m11_pool256_r4_p120_dup60_s20260610,1800,512,8,1000.0,10000.0,False,60,pool256_r4_p120,256,4,120.0,,200,1,20260610,P3-Persist,True,300,1500,3624273,1509.484798,0.928102,0,0,0,128761.92,0.079242,188,4503,68,243277,2195,9,11,0,249664.0,0.974418,434912.76,6832
m11_adaptive_adversary,adaptive_adversary,heavy_flood,m11_pool256_r4_p120_dup60_s20260611,1800,512,8,1000.0,10000.0,False,60,pool256_r4_p120,256,4,120.0,,200,1,20260611,BudgetDoS,True,300,1500,1260178,6147.209756,0.079984,0,0.0,0.0,38586.24,0.920016,0,0,1636,243606,0,27,722,4486,250006.0,0.974401,151221.36,4192
m11_adaptive_adversary,adaptive_adversary,heavy_flood,m11_pool256_r4_p120_dup60_s20260611,1800,512,8,1000.0,10000.0,False,60,pool256_r4_p120,256,4,120.0,,200,1,20260611,P3-Persist,True,300,1500,3594031,1512.63931,0.927039,0.0,0.0,0.0,128600.64,0.081935,177,4454,78,243606,2181,11,9,2,249987.0,0.974475,431283.72,6832
m11_adaptive_adversary,adaptive_adversary,heavy_flood,m11_pool256_r4_p120_dup60_s20260612,1800,512,8,1000.0,10000.0,False,60,pool256_r4_p120,256,4,120.0,,200,1,20260612,BudgetDoS,True,300,1500,1260196,5728.163636,0.085537,0.0,0.0,0.0,37558.08,0.914463,0,0,1637,243271,0,24,715,4537,249671.0,0.974366,151223.52,4192
m11_adaptive_adversary,adaptive_adversary,heavy_flood,m11_pool256_r4_p120_dup60_s20260612,1800,512,8,1000.0,10000.0,False,60,pool256_r4_p120,256,4,120.0,,200,1,20260612,P3-Persist,True,300,1500,3639901,1528.086062,0.926128,0.0,0.0,0.0,129024.0,0.079316,198,4524,78,243271,2164,7,4,0,249671.0,0.974366,436788.12,6832
m11_adaptive_adversary,adaptive_adversary,heavy_flood,m11_pool256_r4_p120_dup60_s20260613,1800,512,8,1000.0,10000.0,False,60,pool256_r4_p120,256,4,120.0,,200,1,20260613,BudgetDoS,True,300,1500,1260197,5754.324201,0.083492,0,0.0,0.0,38243.52,0.916508,0,0,1665,244219,0,22,739,4503,250619.0,0.974463,151223.64,4192
m11_adaptive_adversary,adaptive_adversary,heavy_flood,m11_pool256_r4_p120_dup60_s20260613,1800,512,8,1000.0,10000.0,False,60,pool256_r4_p120,256,4,120.0,,200,1,20260613,P3-Persist,True,300,1500,3618732,1471.627491,0.937476,0,0.0,0.0,128499.84,0.06748,213,4467,47,244219,2227,7,5,3,250596.0,0.974553,434247.84,6832
m11_adaptive_adversary,adaptive_adversary,heavy_flood,m11_pool256_r4_p120_dup60_s20260614,1800,512,8,1000.0,10000.0,False,60,pool256_r4_p120,256,4,120.0,,200,1,20260614,BudgetDoS,True,300,1500,1260195,5728.159091,0.085837,0.0,0.0,0.0,38283.84,0.914163,0,0,1610,243296,0,25,733,4501,249696.0,0.974369,151223.4,4192
m11_adaptive_adversary,adaptive_adversary,heavy_flood,m11_pool256_r4_p120_dup60_s20260614,1800,512,8,1000.0,10000.0,False,60,pool256_r4_p120,256,4,120.0,,200,1,20260614,P3-Persist,True,300,1500,3610660,1517.721732,0.928209,0,0.0,0.0,128419.2,0.076473,204,4460,62,243296,2160,11,6,3,249669.0,0.974474,433279.2,6832
m11_adaptive_adversary,adaptive_adversary,heavy_flood,m11_pool256_r4_p120_dup60_s20260615,1800,512,8,1000.0,10000.0,False,60,pool256_r4_p120,256,4,120.0,,200,1,20260615,BudgetDoS,True,300,1500,1260184,6087.845411,0.082668,0,0.0,0.0,38727.36,0.917332,0,0,1560,242871,0,23,737,4479,249271.0,0.974325,151222.08,4192
m11_adaptive_adversary,adaptive_adversary,heavy_flood,m11_pool256_r4_p120_dup60_s20260615,1800,512,8,1000.0,10000.0,False,60,pool256_r4_p120,256,4,120.0,,200,1,20260615,P3-Persist,True,300,1500,3596554,1547.570568,0.928115,0.0,0.0,0.0,128721.6,0.073882,185,4451,65,242871,2123,6,9,2,249258.0,0.974376,431586.48,6832
m11_adaptive_adversary,adaptive_adversary,heavy_flood,m11_pool256_r4_p120_dup60_s20260616,1800,512,8,1000.0,10000.0,False,60,pool256_r4_p120,256,4,120.0,,200,1,20260616,BudgetDoS,True,300,1500,1260197,5754.324201,0.087987,0,0.0,0.0,38384.64,0.912013,0,0,1565,243512,0,22,705,4496,249912.0,0.974391,151223.64,4192
m11_adaptive_adversary,adaptive_adversary,heavy_flood,m11_pool256_r4_p120_dup60_s20260616,1800,512,8,1000.0,10000.0,False,60,pool256_r4_p120,256,4,120.0,,200,1,20260616,P3-Persist,True,300,1500,3602097,1563.410156,0.925673,0.0,0.0,0.0,128681.28,0.078746,178,4469,71,243512,2108,9,6,3,249898.0,0.974446,432251.64,6832
m11_adaptive_adversary,adaptive_adversary,heavy_flood,m11_pool256_r4_p120_dup60_s20260617,1800,512,8,1000.0,10000.0,False,60,pool256_r4_p120,256,4,120.0,,200,1,20260617,BudgetDoS,True,300,1500,1260189,6058.600962,0.083803,0.0,0.0,0.0,37981.44,0.916197,0,0,1513,244184,0,19,761,4516,250584.0,0.97446,151222.68,4192
m11_adaptive_adversary,adaptive_adversary,heavy_flood,m11_pool256_r4_p120_dup60_s20260617,1800,512,8,1000.0,10000.0,False,60,pool256_r4_p120,256,4,120.0,,200,1,20260617,P3-Persist,True,300,1500,3634860,1587.275109,0.922643,0.0,0.0,0.0,129024.0,0.082192,205,4507,76,244184,2066,7,10,0,250584.0,0.97446,436183.2,6832
m11_adaptive_adversary,adaptive_adversary,heavy_flood,m11_pool256_r4_p120_dup60_s20260618,1800,512,8,1000.0,10000.0,False,60,pool256_r4_p120,256,4,120.0,,200,1,20260618,BudgetDoS,True,300,1500,1260190,5676.531532,0.089264,0.0,0.0,0.0,37759.68,0.910736,0,0,1548,243115,0,32,717,4527,249515.0,0.97435,151222.8,4192
m11_adaptive_adversary,adaptive_adversary,heavy_flood,m11_pool256_r4_p120_dup60_s20260618,1800,512,8,1000.0,10000.0,False,60,pool256_r4_p120,256,4,120.0,,200,1,20260618,P3-Persist,True,300,1500,3618231,1558.239018,0.933655,0.0,0.0,0.0,128782.08,0.070768,176,4503,50,243115,2118,13,5,1,249504.0,0.974393,434187.72,6832
m11_adaptive_adversary,adaptive_adversary,heavy_flood,m11_pool256_r4_p120_dup60_s20260619,1800,512,8,1000.0,10000.0,False,60,pool256_r4_p120,256,4,120.0,,200,1,20260619,BudgetDoS,True,300,1500,1260193,5807.341014,0.084502,0,0.0,0.0,38787.84,0.915498,0,0,1635,242852,0,24,716,4476,249252.0,0.974323,151223.16,4192
m11_adaptive_adversary,adaptive_adversary,heavy_flood,m11_pool256_r4_p120_dup60_s20260619,1800,512,8,1000.0,10000.0,False,60,pool256_r4_p120,256,4,120.0,,200,1,20260619,P3-Persist,True,300,1500,3598574,1509.46896,0.928349,0.0,0.0,0.0,128721.6,0.075935,192,4448,76,242852,2168,10,10,0,249237.0,0.974382,431828.88,6832
m11_adaptive_adversary,adaptive_adversary,heavy_flood,m11_pool256_r4_p120_dup60_s20260620,1800,512,8,1000.0,10000.0,False,60,pool256_r4_p120,256,4,120.0,,200,1,20260620,BudgetDoS,True,300,1500,1260185,5576.039823,0.088871,0.0,0.0,0.0,38324.16,0.911129,0,0,1578,244120,0,41,739,4499,250520.0,0.974453,151222.2,4192
m11_adaptive_adversary,adaptive_adversary,heavy_flood,m11_pool256_r4_p120_dup60_s20260620,1800,512,8,1000.0,10000.0,False,60,pool256_r4_p120,256,4,120.0,,200,1,20260620,P3-Persist,True,300,1500,3602098,1513.486555,0.935902,0.0,0.0,0.0,128681.28,0.069996,185,4462,57,244120,2173,12,4,0,250503.0,0.974519,432251.76,6832
m11_adaptive_adversary,adaptive_adversary,heavy_flood,m11_pool256_r4_p120_dup60_s20260621,1800,512,8,1000.0,10000.0,False,60,pool256_r4_p120,256,4,120.0,,200,1,20260621,BudgetDoS,True,300,1500,1260181,6029.574163,0.081929,0,0.0,0.0,38364.48,0.918071,0,0,1575,243835,0,28,767,4497,250235.0,0.974424,151221.72,4192
m11_adaptive_adversary,adaptive_adversary,heavy_flood,m11_pool256_r4_p120_dup60_s20260621,1800,512,8,1000.0,10000.0,False,60,pool256_r4_p120,256,4,120.0,,200,1,20260621,P3-Persist,True,300,1500,3627807,1505.938979,0.944336,0,0.0,0.0,129024.0,0.061544,212,4486,36,243835,2174,8,3,0,250235.0,0.974424,435336.84,6832
m11_adaptive_adversary,adaptive_adversary,heavy_flood,m11_pool256_r4_p120_dup60_s20260622,1800,512,8,1000.0,10000.0,False,60,pool256_r4_p120,256,4,120.0,,200,1,20260622,BudgetDoS,True,300,1500,1260192,6058.615385,0.082409,0.0,0.0,0.0,38808.0,0.917591,0,0,1615,243265,0,16,701,4475,249665.0,0.974366,151223.04,4192
m11_adaptive_adversary,adaptive_adversary,heavy_flood,m11_pool256_r4_p120_dup60_s20260622,1800,512,8,1000.0,10000.0,False,60,pool256_r4_p120,256,4,120.0,,200,1,20260622,P3-Persist,True,300,1500,3590000,1525.711857,0.93225,0,0.0,0.0,128661.12,0.074089,174,4449,63,243265,2163,8,4,3,249650.0,0.974424,430800.0,6832
m11_adaptive_adversary,adaptive_adversary,heavy_flood,m11_pool256_r4_p120_dup60_s20260623,1800,512,8,1000.0,10000.0,False,60,pool256_r4_p120,256,4,120.0,,200,1,20260623,BudgetDoS,True,300,1500,1260193,5861.362791,0.083463,0,0.0,0.0,38747.52,0.916537,0,0,1630,243866,0,22,731,4478,250266.0,0.974427,151223.16,4192
m11_adaptive_adversary,adaptive_adversary,heavy_flood,m11_pool256_r4_p120_dup60_s20260623,1800,512,8,1000.0,10000.0,False,60,pool256_r4_p120,256,4,120.0,,200,1,20260623,P3-Persist,True,300,1500,3597558,1497.111111,0.932842,0,0.0,0.0,129024.0,0.070652,166,4472,61,243866,2222,9,4,0,250266.0,0.974427,431706.96,6832
m11_adaptive_adversary,adaptive_adversary,heavy_flood,m11_pool256_r4_p120_dup60_s20260624,1800,512,8,1000.0,10000.0,False,60,pool256_r4_p120,256,4,120.0,,200,1,20260624,BudgetDoS,True,300,1500,1260192,5807.336406,0.083558,0,0.0,0.0,37719.36,0.916442,0,0,1648,243657,0,25,732,4529,250057.0,0.974406,151223.04,4192
m11_adaptive_adversary,adaptive_adversary,heavy_flood,m11_pool256_r4_p120_dup60_s20260624,1800,512,8,1000.0,10000.0,False,60,pool256_r4_p120,256,4,120.0,,200,1,20260624,P3-Persist,True,300,1500,3628810,1487.217213,0.939546,0.0,0.0,0.0,128943.36,0.06623,186,4514,47,243657,2234,10,5,0,250053.0,0.974421,435457.2,6832
m11_adaptive_adversary,adaptive_adversary,heavy_flood,m11_pool256_r4_p120_dup60_s20260625,1800,512,8,1000.0,10000.0,False,60,pool256_r4_p120,256,4,120.0,,200,1,20260625,BudgetDoS,True,300,1500,1260195,5834.236111,0.083045,0.0,0.0,0.0,38122.56,0.916955,0,0,1636,243814,0,21,749,4509,250214.0,0.974422,151223.4,4192
m11_adaptive_adversary,adaptive_adversary,heavy_flood,m11_pool256_r4_p120_dup60_s20260625,1800,512,8,1000.0,10000.0,False,60,pool256_r4_p120,256,4,120.0,,200,1,20260625,P3-Persist,True,300,1500,3616716,1508.851064,0.921569,0,0.0,0.0,129024.0,0.081507,173,4503,92,243814,2204,8,3,0,250214.0,0.974422,434005.92,6832
m11_adaptive_adversary,adaptive_adversary,heavy_flood,m11_pool256_r4_p120_dup60_s20260626,1800,512,8,1000.0,10000.0,False,60,pool256_r4_p120,256,4,120.0,,200,1,20260626,BudgetDoS,True,300,1500,1260200,5728.181818,0.085172,0.0,0.0,0.0,38243.52,0.914828,0,0,1613,243119,0,20,750,4503,249519.0,0.974351,151224.0,4192
m11_adaptive_adversary,adaptive_adversary,heavy_flood,m11_pool256_r4_p120_dup60_s20260626,1800,512,8,1000.0,10000.0,False,60,pool256_r4_p120,256,4,120.0,,200,1,20260626,P3-Persist,True,300,1500,3626291,1481.328023,0.947735,0.0,0.0,0.0,129024.0,0.058846,202,4493,31,243119,2229,6,7,0,249519.0,0.974351,435154.92,6832
m11_adaptive_adversary,adaptive_adversary,heavy_flood,m11_pool256_r4_p120_dup60_s20260627,1800,512,8,1000.0,10000.0,False,60,pool256_r4_p120,256,4,120.0,,200,1,20260627,BudgetDoS,True,300,1500,1260193,5944.306604,0.082394,0.0,0.0,0.0,38364.48,0.917606,0,0,1601,244181,0,19,760,4497,250581.0,0.974459,151223.16,4192
m11_adaptive_adversary,adaptive_adversary,heavy_flood,m11_pool256_r4_p120_dup60_s20260627,1800,512,8,1000.0,10000.0,False,60,pool256_r4_p120,256,4,120.0,,200,1,20260627,P3-Persist,True,300,1500,3611170,1512.215243,0.928099,0.0,0.0,0.0,128721.6,0.075398,192,4473,66,244181,2179,7,9,0,250566.0,0.974518,433340.4,6832
m11_adaptive_adversary,adaptive_adversary,heavy_flood,m11_pool256_r4_p120_dup60_s20260628,1800,512,8,1000.0,10000.0,False,60,pool256_r4_p120,256,4,120.0,,200,1,20260628,BudgetDoS,True,300,1500,1260175,6147.195122,0.081771,0,0.0,0.0,38707.2,0.918229,0,0,1573,243772,0,30,729,4480,250172.0,0.974418,151221.0,4192
m11_adaptive_adversary,adaptive_adversary,heavy_flood,m11_pool256_r4_p120_dup60_s20260628,1800,512,8,1000.0,10000.0,False,60,pool256_r4_p120,256,4,120.0,,200,1,20260628,P3-Persist,True,300,1500,3597057,1533.926226,0.935381,0,0.0,100.0,128842.56,0.074591,179,4458,50,243772,2147,10,10,1,250164.0,0.974449,431646.84,6832
m11_adaptive_adversary,adaptive_adversary,heavy_flood,m11_pool256_r4_p120_dup60_s20260629,1800,512,8,1000.0,10000.0,False,60,pool256_r4_p120,256,4,120.0,,200,1,20260629,BudgetDoS,True,300,1500,1260194,5651.09417,0.087554,0,0.0,0.0,38505.6,0.912446,0,0,1596,242707,0,29,728,4490,249107.0,0.974308,151223.28,4192
m11_adaptive_adversary,adaptive_adversary,heavy_flood,m11_pool256_r4_p120_dup60_s20260629,1800,512,8,1000.0,10000.0,False,60,pool256_r4_p120,256,4,120.0,,200,1,20260629,P3-Persist,True,300,1500,3610159,1514.32844,0.936003,0.0,0.0,0.0,128681.28,0.067923,199,4464,46,242707,2163,15,10,1,249091.0,0.974371,433219.08,6832
