run_id,method,paired_trace_id,identity_label_for_scoring,event_id,rpa_value,action,aes_attempts,deferred,delay_ms,admission_path
m12_no_attack_dup60_s20260610_nonbonded,P3-Persist,m12_no_attack_dup60_s20260610,nonbonded,1225,PRIVPROBE:0,host_scan,504,False,0,host_scan
m12_no_attack_dup60_s20260610_nonbonded,P3-Persist,m12_no_attack_dup60_s20260610,nonbonded,1244,PRIVPROBE:0,duplicate_filter,0,False,0,duplicate_filter
m12_no_attack_dup60_s20260610_nonbonded,P3-Persist,m12_no_attack_dup60_s20260610,nonbonded,1266,PRIVPROBE:0,duplicate_filter,0,False,0,duplicate_filter
m12_no_attack_dup60_s20260610_nonbonded,P3-Persist,m12_no_attack_dup60_s20260610,nonbonded,1284,PRIVPROBE:0,duplicate_filter,0,False,0,duplicate_filter
m12_no_attack_dup60_s20260610_nonbonded,P3-Persist,m12_no_attack_dup60_s20260610,nonbonded,1307,PRIVPROBE:0,duplicate_filter,0,False,0,duplicate_filter
m12_no_attack_dup60_s20260610_nonbonded,P3-Persist,m12_no_attack_dup60_s20260610,nonbonded,1338,PRIVPROBE:0,duplicate_filter,0,False,0,duplicate_filter
m12_no_attack_dup60_s20260610_nonbonded,P3-Persist,m12_no_attack_dup60_s20260610,nonbonded,1362,PRIVPROBE:0,duplicate_filter,0,False,0,duplicate_filter
m12_no_attack_dup60_s20260610_nonbonded,P3-Persist,m12_no_attack_dup60_s20260610,nonbonded,1378,PRIVPROBE:0,duplicate_filter,0,False,0,duplicate_filter
m12_no_attack_dup60_s20260610_nonbonded,P3-Persist,m12_no_attack_dup60_s20260610,nonbonded,1396,PRIVPROBE:0,duplicate_filter,0,False,0,duplicate_filter
m12_no_attack_dup60_s20260610_nonbonded,P3-Persist,m12_no_attack_dup60_s20260610,nonbonded,1415,PRIVPROBE:0,duplicate_filter,0,False,0,duplicate_filter
m12_no_attack_dup60_s20260610_nonbonded,P3-Persist,m12_no_attack_dup60_s20260610,nonbonded,1448,PRIVPROBE:0,duplicate_filter,0,False,0,duplicate_filter
m12_no_attack_dup60_s20260610_nonbonded,P3-Persist,m12_no_attack_dup60_s20260610,nonbonded,1471,PRIVPROBE:0,duplicate_filter,0,False,0,duplicate_filter
m12_no_attack_dup60_s20260610_nonbonded,P3-Persist,m12_no_attack_dup60_s20260610,nonbonded,1483,PRIVPROBE:0,host_scan,504,False,0,host_scan
m12_no_attack_dup60_s20260610_nonbonded,P3-Persist,m12_no_attack_dup60_s20260610,nonbonded,1506,PRIVPROBE:0,duplicate_filter,0,False,0,duplicate_filter
m12_no_attack_dup60_s20260610_nonbonded,P3-Persist,m12_no_attack_dup60_s20260610,nonbonded,1528,PRIVPROBE:0,duplicate_filter,0,False,0,duplicate_filter
m12_no_attack_dup60_s20260610_nonbonded,P3-Persist,m12_no_attack_dup60_s20260610,nonbonded,1549,PRIVPROBE:0,duplicate_filter,0,False,0,duplicate_filter
m12_no_attack_dup60_s20260610_nonbonded,P3-Persist,m12_no_attack_dup60_s20260610,nonbonded,1565,PRIVPROBE:0,duplicate_filter,0,False,0,duplicate_filter
m12_no_attack_dup60_s20260610_nonbonded,P3-Persist,m12_no_attack_dup60_s20260610,nonbonded,1583,PRIVPROBE:0,duplicate_filter,0,False,0,duplicate_filter
m12_no_attack_dup60_s20260610_nonbonded,P3-Persist,m12_no_attack_dup60_s20260610,nonbonded,1615,PRIVPROBE:0,duplicate_filter,0,False,0,duplicate_filter
m12_no_attack_dup60_s20260610_nonbonded,P3-Persist,m12_no_attack_dup60_s20260610,nonbonded,1640,PRIVPROBE:0,duplicate_filter,0,False,0,duplicate_filter
m12_no_attack_dup60_s20260610_nonbonded,P3-Persist,m12_no_attack_dup60_s20260610,nonbonded,1656,PRIVPROBE:0,duplicate_filter,0,False,0,duplicate_filter
m12_no_attack_dup60_s20260610_nonbonded,P3-Persist,m12_no_attack_dup60_s20260610,nonbonded,1668,PRIVPROBE:0,duplicate_filter,0,False,0,duplicate_filter
m12_no_attack_dup60_s20260610_nonbonded,P3-Persist,m12_no_attack_dup60_s20260610,nonbonded,1690,PRIVPROBE:0,duplicate_filter,0,False,0,duplicate_filter
m12_no_attack_dup60_s20260610_nonbonded,P3-Persist,m12_no_attack_dup60_s20260610,nonbonded,1707,PRIVPROBE:0,duplicate_filter,0,False,0,duplicate_filter
m12_no_attack_dup60_s20260610_nonbonded,P3-Persist,m12_no_attack_dup60_s20260610,nonbonded,1725,PRIVPROBE:0,host_scan,504,False,0,host_scan
m12_no_attack_dup60_s20260610_nonbonded,P3-Persist,m12_no_attack_dup60_s20260610,nonbonded,1751,PRIVPROBE:0,duplicate_filter,0,False,0,duplicate_filter
m12_no_attack_dup60_s20260610_nonbonded,P3-Persist,m12_no_attack_dup60_s20260610,nonbonded,1760,PRIVPROBE:0,duplicate_filter,0,False,0,duplicate_filter
m12_no_attack_dup60_s20260610_nonbonded,P3-Persist,m12_no_attack_dup60_s20260610,nonbonded,1776,PRIVPROBE:0,duplicate_filter,0,False,0,duplicate_filter
m12_no_attack_dup60_s20260610_nonbonded,P3-Persist,m12_no_attack_dup60_s20260610,nonbonded,1789,PRIVPROBE:0,duplicate_filter,0,False,0,duplicate_filter
m12_no_attack_dup60_s20260610_nonbonded,P3-Persist,m12_no_attack_dup60_s20260610,nonbonded,1812,PRIVPROBE:0,duplicate_filter,0,False,0,duplicate_filter
m12_no_attack_dup60_s20260610_nonbonded,P3-Persist,m12_no_attack_dup60_s20260610,nonbonded,1831,PRIVPROBE:0,duplicate_filter,0,False,0,duplicate_filter
m12_no_attack_dup60_s20260610_nonbonded,P3-Persist,m12_no_attack_dup60_s20260610,nonbonded,1847,PRIVPROBE:0,duplicate_filter,0,False,0,duplicate_filter
m12_no_attack_dup60_s20260610_nonbonded,P3-Persist,m12_no_attack_dup60_s20260610,nonbonded,1872,PRIVPROBE:0,duplicate_filter,0,False,0,duplicate_filter
m12_no_attack_dup60_s20260610_nonbonded,P3-Persist,m12_no_attack_dup60_s20260610,nonbonded,1893,PRIVPROBE:0,duplicate_filter,0,False,0,duplicate_filter
m12_no_attack_dup60_s20260610_nonbonded,P3-Persist,m12_no_attack_dup60_s20260610,nonbonded,1904,PRIVPROBE:0,duplicate_filter,0,False,0,duplicate_filter
m12_no_attack_dup60_s20260610_nonbonded,P3-Persist,m12_no_attack_dup60_s20260610,nonbonded,1926,PRIVPROBE:0,duplicate_filter,0,False,0,duplicate_filter
m12_no_attack_dup60_s20260610_nonbonded,P3-Persist,m12_no_attack_dup60_s20260610,nonbonded,1952,PRIVPROBE:0,host_scan,504,False,0,host_scan
m12_no_attack_dup60_s20260610_nonbonded,P3-Persist,m12_no_attack_dup60_s20260610,nonbonded,1974,PRIVPROBE:0,duplicate_filter,0,False,0,duplicate_filter
m12_no_attack_dup60_s20260610_nonbonded,P3-Persist,m12_no_attack_dup60_s20260610,nonbonded,1991,PRIVPROBE:0,duplicate_filter,0,False,0,duplicate_filter
m12_no_attack_dup60_s20260610_nonbonded,P3-Persist,m12_no_attack_dup60_s20260610,nonbonded,2013,PRIVPROBE:0,duplicate_filter,0,False,0,duplicate_filter
m12_no_attack_dup60_s20260610_nonbonded,P3-Persist,m12_no_attack_dup60_s20260610,nonbonded,2035,PRIVPROBE:0,duplicate_filter,0,False,0,duplicate_filter
m12_no_attack_dup60_s20260610_nonbonded,P3-Persist,m12_no_attack_dup60_s20260610,nonbonded,2056,PRIVPROBE:0,duplicate_filter,0,False,0,duplicate_filter
m12_no_attack_dup60_s20260610_nonbonded,P3-Persist,m12_no_attack_dup60_s20260610,nonbonded,2086,PRIVPROBE:0,duplicate_filter,0,False,0,duplicate_filter
m12_no_attack_dup60_s20260610_nonbonded,P3-Persist,m12_no_attack_dup60_s20260610,nonbonded,2112,PRIVPROBE:0,duplicate_filter,0,False,0,duplicate_filter
m12_no_attack_dup60_s20260610_nonbonded,P3-Persist,m12_no_attack_dup60_s20260610,nonbonded,2130,PRIVPROBE:0,duplicate_filter,0,False,0,duplicate_filter
m12_no_attack_dup60_s20260610_nonbonded,P3-Persist,m12_no_attack_dup60_s20260610,nonbonded,2151,PRIVPROBE:0,duplicate_filter,0,False,0,duplicate_filter
m12_no_attack_dup60_s20260610_nonbonded,P3-Persist,m12_no_attack_dup60_s20260610,nonbonded,2170,PRIVPROBE:0,duplicate_filter,0,False,0,duplicate_filter
m12_no_attack_dup60_s20260610_nonbonded,P3-Persist,m12_no_attack_dup60_s20260610,nonbonded,2196,PRIVPROBE:0,duplicate_filter,0,False,0,duplicate_filter
m12_no_attack_dup60_s20260610_nonbonded,P3-Persist,m12_no_attack_dup60_s20260610,nonbonded,2219,PRIVPROBE:0,host_scan,504,False,0,host_scan
m12_no_attack_dup60_s20260610_nonbonded,P3-Persist,m12_no_attack_dup60_s20260610,nonbonded,2244,PRIVPROBE:0,duplicate_filter,0,False,0,duplicate_filter
m12_no_attack_dup60_s20260610_nonbonded,P3-Persist,m12_no_attack_dup60_s20260610,nonbonded,2268,PRIVPROBE:0,duplicate_filter,0,False,0,duplicate_filter
m12_no_attack_dup60_s20260610_nonbonded,P3-Persist,m12_no_attack_dup60_s20260610,nonbonded,2283,PRIVPROBE:0,duplicate_filter,0,False,0,duplicate_filter
m12_no_attack_dup60_s20260610_nonbonded,P3-Persist,m12_no_attack_dup60_s20260610,nonbonded,2312,PRIVPROBE:0,duplicate_filter,0,False,0,duplicate_filter
m12_no_attack_dup60_s20260610_nonbonded,P3-Persist,m12_no_attack_dup60_s20260610,nonbonded,2329,PRIVPROBE:0,duplicate_filter,0,False,0,duplicate_filter
m12_no_attack_dup60_s20260610_nonbonded,P3-Persist,m12_no_attack_dup60_s20260610,nonbonded,2346,PRIVPROBE:0,duplicate_filter,0,False,0,duplicate_filter
m12_no_attack_dup60_s20260610_nonbonded,P3-Persist,m12_no_attack_dup60_s20260610,nonbonded,2363,PRIVPROBE:0,duplicate_filter,0,False,0,duplicate_filter
m12_no_attack_dup60_s20260610_nonbonded,P3-Persist,m12_no_attack_dup60_s20260610,nonbonded,2385,PRIVPROBE:0,duplicate_filter,0,False,0,duplicate_filter
m12_no_attack_dup60_s20260610_nonbonded,P3-Persist,m12_no_attack_dup60_s20260610,nonbonded,2413,PRIVPROBE:0,duplicate_filter,0,False,0,duplicate_filter
m12_no_attack_dup60_s20260610_nonbonded,P3-Persist,m12_no_attack_dup60_s20260610,nonbonded,2423,PRIVPROBE:0,duplicate_filter,0,False,0,duplicate_filter
m12_no_attack_dup60_s20260610_nonbonded,P3-Persist,m12_no_attack_dup60_s20260610,nonbonded,2446,PRIVPROBE:0,duplicate_filter,0,False,0,duplicate_filter
m12_no_attack_dup60_s20260610_nonbonded,P3-Persist,m12_no_attack_dup60_s20260610,nonbonded,2463,PRIVPROBE:0,host_scan,504,False,0,host_scan
m12_no_attack_dup60_s20260610_nonbonded,P3-Persist,m12_no_attack_dup60_s20260610,nonbonded,2492,PRIVPROBE:0,duplicate_filter,0,False,0,duplicate_filter
m12_no_attack_dup60_s20260610_nonbonded,P3-Persist,m12_no_attack_dup60_s20260610,nonbonded,2517,PRIVPROBE:0,duplicate_filter,0,False,0,duplicate_filter
m12_no_attack_dup60_s20260610_nonbonded,P3-Persist,m12_no_attack_dup60_s20260610,nonbonded,2545,PRIVPROBE:0,duplicate_filter,0,False,0,duplicate_filter
m12_no_attack_dup60_s20260610_nonbonded,P3-Persist,m12_no_attack_dup60_s20260610,nonbonded,2564,PRIVPROBE:0,duplicate_filter,0,False,0,duplicate_filter
m12_no_attack_dup60_s20260610_nonbonded,P3-Persist,m12_no_attack_dup60_s20260610,nonbonded,2579,PRIVPROBE:0,duplicate_filter,0,False,0,duplicate_filter
m12_no_attack_dup60_s20260610_nonbonded,P3-Persist,m12_no_attack_dup60_s20260610,nonbonded,2600,PRIVPROBE:0,duplicate_filter,0,False,0,duplicate_filter
m12_no_attack_dup60_s20260610_nonbonded,P3-Persist,m12_no_attack_dup60_s20260610,nonbonded,2616,PRIVPROBE:0,duplicate_filter,0,False,0,duplicate_filter
m12_no_attack_dup60_s20260610_nonbonded,P3-Persist,m12_no_attack_dup60_s20260610,nonbonded,2642,PRIVPROBE:0,duplicate_filter,0,False,0,duplicate_filter
m12_no_attack_dup60_s20260610_nonbonded,P3-Persist,m12_no_attack_dup60_s20260610,nonbonded,2667,PRIVPROBE:0,duplicate_filter,0,False,0,duplicate_filter
m12_no_attack_dup60_s20260610_nonbonded,P3-Persist,m12_no_attack_dup60_s20260610,nonbonded,2687,PRIVPROBE:0,duplicate_filter,0,False,0,duplicate_filter
m12_no_attack_dup60_s20260610_nonbonded,P3-Persist,m12_no_attack_dup60_s20260610,nonbonded,2707,PRIVPROBE:0,duplicate_filter,0,False,0,duplicate_filter
m12_no_attack_dup60_s20260610_nonbonded,P3-Persist,m12_no_attack_dup60_s20260610,nonbonded,2729,PRIVPROBE:0,host_scan,504,False,0,host_scan
m12_no_attack_dup60_s20260610_nonbonded,P3-Persist,m12_no_attack_dup60_s20260610,nonbonded,2760,PRIVPROBE:0,duplicate_filter,0,False,0,duplicate_filter
m12_no_attack_dup60_s20260610_nonbonded,P3-Persist,m12_no_attack_dup60_s20260610,nonbonded,2786,PRIVPROBE:0,duplicate_filter,0,False,0,duplicate_filter
m12_no_attack_dup60_s20260610_nonbonded,P3-Persist,m12_no_attack_dup60_s20260610,nonbonded,2810,PRIVPROBE:0,duplicate_filter,0,False,0,duplicate_filter
m12_no_attack_dup60_s20260610_nonbonded,P3-Persist,m12_no_attack_dup60_s20260610,nonbonded,2821,PRIVPROBE:0,duplicate_filter,0,False,0,duplicate_filter
m12_no_attack_dup60_s20260610_nonbonded,P3-Persist,m12_no_attack_dup60_s20260610,nonbonded,2837,PRIVPROBE:0,duplicate_filter,0,False,0,duplicate_filter
m12_no_attack_dup60_s20260610_nonbonded,P3-Persist,m12_no_attack_dup60_s20260610,nonbonded,2862,PRIVPROBE:0,duplicate_filter,0,False,0,duplicate_filter
m12_no_attack_dup60_s20260610_nonbonded,P3-Persist,m12_no_attack_dup60_s20260610,nonbonded,2881,PRIVPROBE:0,duplicate_filter,0,False,0,duplicate_filter
m12_no_attack_dup60_s20260610_nonbonded,P3-Persist,m12_no_attack_dup60_s20260610,nonbonded,2900,PRIVPROBE:0,duplicate_filter,0,False,0,duplicate_filter
m12_no_attack_dup60_s20260610_nonbonded,P3-Persist,m12_no_attack_dup60_s20260610,nonbonded,2921,PRIVPROBE:0,duplicate_filter,0,False,0,duplicate_filter
m12_no_attack_dup60_s20260610_nonbonded,P3-Persist,m12_no_attack_dup60_s20260610,nonbonded,2950,PRIVPROBE:0,duplicate_filter,0,False,0,duplicate_filter
m12_no_attack_dup60_s20260610_nonbonded,P3-Persist,m12_no_attack_dup60_s20260610,nonbonded,2978,PRIVPROBE:0,duplicate_filter,0,False,0,duplicate_filter
m12_no_attack_dup60_s20260610_nonbonded,P3-Persist,m12_no_attack_dup60_s20260610,nonbonded,2997,PRIVPROBE:0,host_scan,504,False,0,host_scan
m12_no_attack_dup60_s20260610_nonbonded,P3-Persist,m12_no_attack_dup60_s20260610,nonbonded,3019,PRIVPROBE:0,duplicate_filter,0,False,0,duplicate_filter
m12_no_attack_dup60_s20260610_nonbonded,P3-Persist,m12_no_attack_dup60_s20260610,nonbonded,3045,PRIVPROBE:0,duplicate_filter,0,False,0,duplicate_filter
m12_no_attack_dup60_s20260610_nonbonded,P3-Persist,m12_no_attack_dup60_s20260610,nonbonded,3055,PRIVPROBE:0,duplicate_filter,0,False,0,duplicate_filter
m12_no_attack_dup60_s20260610_nonbonded,P3-Persist,m12_no_attack_dup60_s20260610,nonbonded,3079,PRIVPROBE:0,duplicate_filter,0,False,0,duplicate_filter
m12_no_attack_dup60_s20260610_nonbonded,P3-Persist,m12_no_attack_dup60_s20260610,nonbonded,3108,PRIVPROBE:0,duplicate_filter,0,False,0,duplicate_filter
m12_no_attack_dup60_s20260610_nonbonded,P3-Persist,m12_no_attack_dup60_s20260610,nonbonded,3133,PRIVPROBE:0,duplicate_filter,0,False,0,duplicate_filter
m12_no_attack_dup60_s20260610_nonbonded,P3-Persist,m12_no_attack_dup60_s20260610,nonbonded,3145,PRIVPROBE:0,duplicate_filter,0,False,0,duplicate_filter
m12_no_attack_dup60_s20260610_nonbonded,P3-Persist,m12_no_attack_dup60_s20260610,nonbonded,3170,PRIVPROBE:0,duplicate_filter,0,False,0,duplicate_filter
m12_no_attack_dup60_s20260610_nonbonded,P3-Persist,m12_no_attack_dup60_s20260610,nonbonded,3189,PRIVPROBE:0,duplicate_filter,0,False,0,duplicate_filter
m12_no_attack_dup60_s20260610_nonbonded,P3-Persist,m12_no_attack_dup60_s20260610,nonbonded,3209,PRIVPROBE:0,duplicate_filter,0,False,0,duplicate_filter
m12_no_attack_dup60_s20260610_nonbonded,P3-Persist,m12_no_attack_dup60_s20260610,nonbonded,3228,PRIVPROBE:0,duplicate_filter,0,False,0,duplicate_filter
m12_no_attack_dup60_s20260610_nonbonded,P3-Persist,m12_no_attack_dup60_s20260610,nonbonded,3252,PRIVPROBE:0,host_scan,504,False,0,host_scan
m12_no_attack_dup60_s20260610_nonbonded,P3-Persist,m12_no_attack_dup60_s20260610,nonbonded,3276,PRIVPROBE:0,duplicate_filter,0,False,0,duplicate_filter
m12_no_attack_dup60_s20260610_nonbonded,P3-Persist,m12_no_attack_dup60_s20260610,nonbonded,3298,PRIVPROBE:0,duplicate_filter,0,False,0,duplicate_filter
m12_no_attack_dup60_s20260610_nonbonded,P3-Persist,m12_no_attack_dup60_s20260610,nonbonded,3317,PRIVPROBE:0,duplicate_filter,0,False,0,duplicate_filter
m12_no_attack_dup60_s20260610_nonbonded,P3-Persist,m12_no_attack_dup60_s20260610,nonbonded,3337,PRIVPROBE:0,duplicate_filter,0,False,0,duplicate_filter
m12_no_attack_dup60_s20260610_nonbonded,P3-Persist,m12_no_attack_dup60_s20260610,nonbonded,3359,PRIVPROBE:0,duplicate_filter,0,False,0,duplicate_filter
m12_no_attack_dup60_s20260610_nonbonded,P3-Persist,m12_no_attack_dup60_s20260610,nonbonded,3384,PRIVPROBE:0,duplicate_filter,0,False,0,duplicate_filter
m12_no_attack_dup60_s20260610_nonbonded,P3-Persist,m12_no_attack_dup60_s20260610,nonbonded,3403,PRIVPROBE:0,duplicate_filter,0,False,0,duplicate_filter
m12_no_attack_dup60_s20260610_nonbonded,P3-Persist,m12_no_attack_dup60_s20260610,nonbonded,3428,PRIVPROBE:0,duplicate_filter,0,False,0,duplicate_filter
m12_no_attack_dup60_s20260610_nonbonded,P3-Persist,m12_no_attack_dup60_s20260610,nonbonded,3454,PRIVPROBE:0,duplicate_filter,0,False,0,duplicate_filter
m12_no_attack_dup60_s20260610_nonbonded,P3-Persist,m12_no_attack_dup60_s20260610,nonbonded,3466,PRIVPROBE:0,duplicate_filter,0,False,0,duplicate_filter
m12_no_attack_dup60_s20260610_nonbonded,P3-Persist,m12_no_attack_dup60_s20260610,nonbonded,3490,PRIVPROBE:0,duplicate_filter,0,False,0,duplicate_filter
m12_no_attack_dup60_s20260610_nonbonded,P3-Persist,m12_no_attack_dup60_s20260610,nonbonded,3512,PRIVPROBE:0,host_scan,504,False,0,host_scan
m12_no_attack_dup60_s20260610_nonbonded,P3-Persist,m12_no_attack_dup60_s20260610,nonbonded,3528,PRIVPROBE:0,duplicate_filter,0,False,0,duplicate_filter
m12_no_attack_dup60_s20260610_nonbonded,P3-Persist,m12_no_attack_dup60_s20260610,nonbonded,3557,PRIVPROBE:0,duplicate_filter,0,False,0,duplicate_filter
m12_no_attack_dup60_s20260610_nonbonded,P3-Persist,m12_no_attack_dup60_s20260610,nonbonded,3579,PRIVPROBE:0,duplicate_filter,0,False,0,duplicate_filter
m12_no_attack_dup60_s20260610_nonbonded,P3-Persist,m12_no_attack_dup60_s20260610,nonbonded,3602,PRIVPROBE:0,duplicate_filter,0,False,0,duplicate_filter
m12_no_attack_dup60_s20260610_nonbonded,P3-Persist,m12_no_attack_dup60_s20260610,nonbonded,3624,PRIVPROBE:0,duplicate_filter,0,False,0,duplicate_filter
m12_no_attack_dup60_s20260610_nonbonded,P3-Persist,m12_no_attack_dup60_s20260610,nonbonded,3643,PRIVPROBE:0,duplicate_filter,0,False,0,duplicate_filter
m12_no_attack_dup60_s20260610_nonbonded,P3-Persist,m12_no_attack_dup60_s20260610,nonbonded,3662,PRIVPROBE:0,duplicate_filter,0,False,0,duplicate_filter
m12_no_attack_dup60_s20260610_nonbonded,P3-Persist,m12_no_attack_dup60_s20260610,nonbonded,3685,PRIVPROBE:0,duplicate_filter,0,False,0,duplicate_filter
m12_no_attack_dup60_s20260610_nonbonded,P3-Persist,m12_no_attack_dup60_s20260610,nonbonded,3699,PRIVPROBE:0,duplicate_filter,0,False,0,duplicate_filter
m12_no_attack_dup60_s20260610_nonbonded,P3-Persist,m12_no_attack_dup60_s20260610,nonbonded,3717,PRIVPROBE:0,duplicate_filter,0,False,0,duplicate_filter
m12_no_attack_dup60_s20260610_nonbonded,P3-Persist,m12_no_attack_dup60_s20260610,nonbonded,3739,PRIVPROBE:0,duplicate_filter,0,False,0,duplicate_filter
m12_no_attack_dup60_s20260610_nonbonded,P3-Persist,m12_no_attack_dup60_s20260610,nonbonded,3751,PRIVPROBE:1,host_scan,504,False,0,host_scan
m12_no_attack_dup60_s20260610_nonbonded,P3-Persist,m12_no_attack_dup60_s20260610,nonbonded,3772,PRIVPROBE:1,duplicate_filter,0,False,0,duplicate_filter
m12_no_attack_dup60_s20260610_nonbonded,P3-Persist,m12_no_attack_dup60_s20260610,nonbonded,3799,PRIVPROBE:1,duplicate_filter,0,False,0,duplicate_filter
m12_no_attack_dup60_s20260610_nonbonded,P3-Persist,m12_no_attack_dup60_s20260610,nonbonded,3816,PRIVPROBE:1,duplicate_filter,0,False,0,duplicate_filter
m12_no_attack_dup60_s20260610_nonbonded,P3-Persist,m12_no_attack_dup60_s20260610,nonbonded,3838,PRIVPROBE:1,duplicate_filter,0,False,0,duplicate_filter
m12_no_attack_dup60_s20260610_nonbonded,P3-Persist,m12_no_attack_dup60_s20260610,nonbonded,3861,PRIVPROBE:1,duplicate_filter,0,False,0,duplicate_filter
m12_no_attack_dup60_s20260610_nonbonded,P3-Persist,m12_no_attack_dup60_s20260610,nonbonded,3883,PRIVPROBE:1,duplicate_filter,0,False,0,duplicate_filter
m12_no_attack_dup60_s20260610_nonbonded,P3-Persist,m12_no_attack_dup60_s20260610,nonbonded,3898,PRIVPROBE:1,duplicate_filter,0,False,0,duplicate_filter
m12_no_attack_dup60_s20260610_nonbonded,P3-Persist,m12_no_attack_dup60_s20260610,nonbonded,3917,PRIVPROBE:1,duplicate_filter,0,False,0,duplicate_filter
m12_no_attack_dup60_s20260610_nonbonded,P3-Persist,m12_no_attack_dup60_s20260610,nonbonded,3940,PRIVPROBE:1,duplicate_filter,0,False,0,duplicate_filter
m12_no_attack_dup60_s20260610_nonbonded,P3-Persist,m12_no_attack_dup60_s20260610,nonbonded,3962,PRIVPROBE:1,duplicate_filter,0,False,0,duplicate_filter
m12_no_attack_dup60_s20260610_nonbonded,P3-Persist,m12_no_attack_dup60_s20260610,nonbonded,3980,PRIVPROBE:1,duplicate_filter,0,False,0,duplicate_filter
m12_no_attack_dup60_s20260610_nonbonded,P3-Persist,m12_no_attack_dup60_s20260610,nonbonded,4003,PRIVPROBE:1,host_scan,504,False,0,host_scan
m12_no_attack_dup60_s20260610_nonbonded,P3-Persist,m12_no_attack_dup60_s20260610,nonbonded,4026,PRIVPROBE:1,duplicate_filter,0,False,0,duplicate_filter
m12_no_attack_dup60_s20260610_nonbonded,P3-Persist,m12_no_attack_dup60_s20260610,nonbonded,4055,PRIVPROBE:1,duplicate_filter,0,False,0,duplicate_filter
m12_no_attack_dup60_s20260610_nonbonded,P3-Persist,m12_no_attack_dup60_s20260610,nonbonded,4082,PRIVPROBE:1,duplicate_filter,0,False,0,duplicate_filter
m12_no_attack_dup60_s20260610_nonbonded,P3-Persist,m12_no_attack_dup60_s20260610,nonbonded,4095,PRIVPROBE:1,duplicate_filter,0,False,0,duplicate_filter
m12_no_attack_dup60_s20260610_nonbonded,P3-Persist,m12_no_attack_dup60_s20260610,nonbonded,4112,PRIVPROBE:1,duplicate_filter,0,False,0,duplicate_filter
m12_no_attack_dup60_s20260610_nonbonded,P3-Persist,m12_no_attack_dup60_s20260610,nonbonded,4134,PRIVPROBE:1,duplicate_filter,0,False,0,duplicate_filter
m12_no_attack_dup60_s20260610_nonbonded,P3-Persist,m12_no_attack_dup60_s20260610,nonbonded,4158,PRIVPROBE:1,duplicate_filter,0,False,0,duplicate_filter
m12_no_attack_dup60_s20260610_nonbonded,P3-Persist,m12_no_attack_dup60_s20260610,nonbonded,4182,PRIVPROBE:1,duplicate_filter,0,False,0,duplicate_filter
m12_no_attack_dup60_s20260610_nonbonded,P3-Persist,m12_no_attack_dup60_s20260610,nonbonded,4215,PRIVPROBE:1,duplicate_filter,0,False,0,duplicate_filter
m12_no_attack_dup60_s20260610_nonbonded,P3-Persist,m12_no_attack_dup60_s20260610,nonbonded,4227,PRIVPROBE:1,duplicate_filter,0,False,0,duplicate_filter
m12_no_attack_dup60_s20260610_nonbonded,P3-Persist,m12_no_attack_dup60_s20260610,nonbonded,4249,PRIVPROBE:1,duplicate_filter,0,False,0,duplicate_filter
m12_no_attack_dup60_s20260610_nonbonded,P3-Persist,m12_no_attack_dup60_s20260610,nonbonded,4271,PRIVPROBE:1,host_scan,504,False,0,host_scan
m12_no_attack_dup60_s20260610_nonbonded,P3-Persist,m12_no_attack_dup60_s20260610,nonbonded,4290,PRIVPROBE:1,duplicate_filter,0,False,0,duplicate_filter
m12_no_attack_dup60_s20260610_nonbonded,P3-Persist,m12_no_attack_dup60_s20260610,nonbonded,4311,PRIVPROBE:1,duplicate_filter,0,False,0,duplicate_filter
m12_no_attack_dup60_s20260610_nonbonded,P3-Persist,m12_no_attack_dup60_s20260610,nonbonded,4333,PRIVPROBE:1,duplicate_filter,0,False,0,duplicate_filter
m12_no_attack_dup60_s20260610_nonbonded,P3-Persist,m12_no_attack_dup60_s20260610,nonbonded,4359,PRIVPROBE:1,duplicate_filter,0,False,0,duplicate_filter
m12_no_attack_dup60_s20260610_nonbonded,P3-Persist,m12_no_attack_dup60_s20260610,nonbonded,4377,PRIVPROBE:1,duplicate_filter,0,False,0,duplicate_filter
m12_no_attack_dup60_s20260610_nonbonded,P3-Persist,m12_no_attack_dup60_s20260610,nonbonded,4401,PRIVPROBE:1,duplicate_filter,0,False,0,duplicate_filter
m12_no_attack_dup60_s20260610_nonbonded,P3-Persist,m12_no_attack_dup60_s20260610,nonbonded,4420,PRIVPROBE:1,duplicate_filter,0,False,0,duplicate_filter
m12_no_attack_dup60_s20260610_nonbonded,P3-Persist,m12_no_attack_dup60_s20260610,nonbonded,4446,PRIVPROBE:1,duplicate_filter,0,False,0,duplicate_filter
m12_no_attack_dup60_s20260610_nonbonded,P3-Persist,m12_no_attack_dup60_s20260610,nonbonded,4457,PRIVPROBE:1,duplicate_filter,0,False,0,duplicate_filter
m12_no_attack_dup60_s20260610_nonbonded,P3-Persist,m12_no_attack_dup60_s20260610,nonbonded,4481,PRIVPROBE:1,duplicate_filter,0,False,0,duplicate_filter
m12_no_attack_dup60_s20260610_nonbonded,P3-Persist,m12_no_attack_dup60_s20260610,nonbonded,4508,PRIVPROBE:1,duplicate_filter,0,False,0,duplicate_filter
m12_no_attack_dup60_s20260610_nonbonded,P3-Persist,m12_no_attack_dup60_s20260610,nonbonded,4530,PRIVPROBE:1,host_scan,504,False,0,host_scan
m12_no_attack_dup60_s20260610_nonbonded,P3-Persist,m12_no_attack_dup60_s20260610,nonbonded,4550,PRIVPROBE:1,duplicate_filter,0,False,0,duplicate_filter
m12_no_attack_dup60_s20260610_nonbonded,P3-Persist,m12_no_attack_dup60_s20260610,nonbonded,4579,PRIVPROBE:1,duplicate_filter,0,False,0,duplicate_filter
m12_no_attack_dup60_s20260610_nonbonded,P3-Persist,m12_no_attack_dup60_s20260610,nonbonded,4601,PRIVPROBE:1,duplicate_filter,0,False,0,duplicate_filter
m12_no_attack_dup60_s20260610_nonbonded,P3-Persist,m12_no_attack_dup60_s20260610,nonbonded,4620,PRIVPROBE:1,duplicate_filter,0,False,0,duplicate_filter
m12_no_attack_dup60_s20260610_nonbonded,P3-Persist,m12_no_attack_dup60_s20260610,nonbonded,4649,PRIVPROBE:1,duplicate_filter,0,False,0,duplicate_filter
m12_no_attack_dup60_s20260610_nonbonded,P3-Persist,m12_no_attack_dup60_s20260610,nonbonded,4674,PRIVPROBE:1,duplicate_filter,0,False,0,duplicate_filter
m12_no_attack_dup60_s20260610_nonbonded,P3-Persist,m12_no_attack_dup60_s20260610,nonbonded,4687,PRIVPROBE:1,duplicate_filter,0,False,0,duplicate_filter
m12_no_attack_dup60_s20260610_nonbonded,P3-Persist,m12_no_attack_dup60_s20260610,nonbonded,4709,PRIVPROBE:1,duplicate_filter,0,False,0,duplicate_filter
m12_no_attack_dup60_s20260610_nonbonded,P3-Persist,m12_no_attack_dup60_s20260610,nonbonded,4733,PRIVPROBE:1,duplicate_filter,0,False,0,duplicate_filter
m12_no_attack_dup60_s20260610_nonbonded,P3-Persist,m12_no_attack_dup60_s20260610,nonbonded,4756,PRIVPROBE:1,duplicate_filter,0,False,0,duplicate_filter
m12_no_attack_dup60_s20260610_nonbonded,P3-Persist,m12_no_attack_dup60_s20260610,nonbonded,4776,PRIVPROBE:1,duplicate_filter,0,False,0,duplicate_filter
m12_no_attack_dup60_s20260610_nonbonded,P3-Persist,m12_no_attack_dup60_s20260610,nonbonded,4799,PRIVPROBE:1,host_scan,504,False,0,host_scan
m12_no_attack_dup60_s20260610_nonbonded,P3-Persist,m12_no_attack_dup60_s20260610,nonbonded,4811,PRIVPROBE:1,duplicate_filter,0,False,0,duplicate_filter
m12_no_attack_dup60_s20260610_nonbonded,P3-Persist,m12_no_attack_dup60_s20260610,nonbonded,4831,PRIVPROBE:1,duplicate_filter,0,False,0,duplicate_filter
m12_no_attack_dup60_s20260610_nonbonded,P3-Persist,m12_no_attack_dup60_s20260610,nonbonded,4866,PRIVPROBE:1,duplicate_filter,0,False,0,duplicate_filter
m12_no_attack_dup60_s20260610_nonbonded,P3-Persist,m12_no_attack_dup60_s20260610,nonbonded,4883,PRIVPROBE:1,duplicate_filter,0,False,0,duplicate_filter
m12_no_attack_dup60_s20260610_nonbonded,P3-Persist,m12_no_attack_dup60_s20260610,nonbonded,4905,PRIVPROBE:1,duplicate_filter,0,False,0,duplicate_filter
m12_no_attack_dup60_s20260610_nonbonded,P3-Persist,m12_no_attack_dup60_s20260610,nonbonded,4918,PRIVPROBE:1,duplicate_filter,0,False,0,duplicate_filter
m12_no_attack_dup60_s20260610_nonbonded,P3-Persist,m12_no_attack_dup60_s20260610,nonbonded,4940,PRIVPROBE:1,duplicate_filter,0,False,0,duplicate_filter
m12_no_attack_dup60_s20260610_nonbonded,P3-Persist,m12_no_attack_dup60_s20260610,nonbonded,4961,PRIVPROBE:1,duplicate_filter,0,False,0,duplicate_filter
m12_no_attack_dup60_s20260610_nonbonded,P3-Persist,m12_no_attack_dup60_s20260610,nonbonded,4981,PRIVPROBE:1,duplicate_filter,0,False,0,duplicate_filter
m12_no_attack_dup60_s20260610_nonbonded,P3-Persist,m12_no_attack_dup60_s20260610,nonbonded,4996,PRIVPROBE:1,duplicate_filter,0,False,0,duplicate_filter
m12_no_attack_dup60_s20260610_nonbonded,P3-Persist,m12_no_attack_dup60_s20260610,nonbonded,5020,PRIVPROBE:1,duplicate_filter,0,False,0,duplicate_filter
m12_no_attack_dup60_s20260610_nonbonded,P3-Persist,m12_no_attack_dup60_s20260610,nonbonded,5052,PRIVPROBE:1,host_scan,504,False,0,host_scan
m12_no_attack_dup60_s20260610_nonbonded,P3-Persist,m12_no_attack_dup60_s20260610,nonbonded,5074,PRIVPROBE:1,duplicate_filter,0,False,0,duplicate_filter
m12_no_attack_dup60_s20260610_nonbonded,P3-Persist,m12_no_attack_dup60_s20260610,nonbonded,5093,PRIVPROBE:1,duplicate_filter,0,False,0,duplicate_filter
m12_no_attack_dup60_s20260610_nonbonded,P3-Persist,m12_no_attack_dup60_s20260610,nonbonded,5105,PRIVPROBE:1,duplicate_filter,0,False,0,duplicate_filter
m12_no_attack_dup60_s20260610_nonbonded,P3-Persist,m12_no_attack_dup60_s20260610,nonbonded,5122,PRIVPROBE:1,duplicate_filter,0,False,0,duplicate_filter
m12_no_attack_dup60_s20260610_nonbonded,P3-Persist,m12_no_attack_dup60_s20260610,nonbonded,5132,PRIVPROBE:1,duplicate_filter,0,False,0,duplicate_filter
m12_no_attack_dup60_s20260610_nonbonded,P3-Persist,m12_no_attack_dup60_s20260610,nonbonded,5156,PRIVPROBE:1,duplicate_filter,0,False,0,duplicate_filter
m12_no_attack_dup60_s20260610_nonbonded,P3-Persist,m12_no_attack_dup60_s20260610,nonbonded,5181,PRIVPROBE:1,duplicate_filter,0,False,0,duplicate_filter
m12_no_attack_dup60_s20260610_nonbonded,P3-Persist,m12_no_attack_dup60_s20260610,nonbonded,5203,PRIVPROBE:1,duplicate_filter,0,False,0,duplicate_filter
m12_no_attack_dup60_s20260610_nonbonded,P3-Persist,m12_no_attack_dup60_s20260610,nonbonded,5219,PRIVPROBE:1,duplicate_filter,0,False,0,duplicate_filter
m12_no_attack_dup60_s20260610_nonbonded,P3-Persist,m12_no_attack_dup60_s20260610,nonbonded,5240,PRIVPROBE:1,duplicate_filter,0,False,0,duplicate_filter
m12_no_attack_dup60_s20260610_nonbonded,P3-Persist,m12_no_attack_dup60_s20260610,nonbonded,5261,PRIVPROBE:1,duplicate_filter,0,False,0,duplicate_filter
m12_no_attack_dup60_s20260610_nonbonded,P3-Persist,m12_no_attack_dup60_s20260610,nonbonded,5280,PRIVPROBE:1,host_scan,504,False,0,host_scan
m12_no_attack_dup60_s20260610_nonbonded,P3-Persist,m12_no_attack_dup60_s20260610,nonbonded,5291,PRIVPROBE:1,duplicate_filter,0,False,0,duplicate_filter
m12_no_attack_dup60_s20260610_nonbonded,P3-Persist,m12_no_attack_dup60_s20260610,nonbonded,5313,PRIVPROBE:1,duplicate_filter,0,False,0,duplicate_filter
m12_no_attack_dup60_s20260610_nonbonded,P3-Persist,m12_no_attack_dup60_s20260610,nonbonded,5334,PRIVPROBE:1,duplicate_filter,0,False,0,duplicate_filter
m12_no_attack_dup60_s20260610_nonbonded,P3-Persist,m12_no_attack_dup60_s20260610,nonbonded,5350,PRIVPROBE:1,duplicate_filter,0,False,0,duplicate_filter
m12_no_attack_dup60_s20260610_nonbonded,P3-Persist,m12_no_attack_dup60_s20260610,nonbonded,5370,PRIVPROBE:1,duplicate_filter,0,False,0,duplicate_filter
m12_no_attack_dup60_s20260610_nonbonded,P3-Persist,m12_no_attack_dup60_s20260610,nonbonded,5391,PRIVPROBE:1,duplicate_filter,0,False,0,duplicate_filter
m12_no_attack_dup60_s20260610_nonbonded,P3-Persist,m12_no_attack_dup60_s20260610,nonbonded,5411,PRIVPROBE:1,duplicate_filter,0,False,0,duplicate_filter
m12_no_attack_dup60_s20260610_nonbonded,P3-Persist,m12_no_attack_dup60_s20260610,nonbonded,5430,PRIVPROBE:1,duplicate_filter,0,False,0,duplicate_filter
m12_no_attack_dup60_s20260610_nonbonded,P3-Persist,m12_no_attack_dup60_s20260610,nonbonded,5450,PRIVPROBE:1,duplicate_filter,0,False,0,duplicate_filter
m12_no_attack_dup60_s20260610_nonbonded,P3-Persist,m12_no_attack_dup60_s20260610,nonbonded,5476,PRIVPROBE:1,duplicate_filter,0,False,0,duplicate_filter
m12_no_attack_dup60_s20260610_nonbonded,P3-Persist,m12_no_attack_dup60_s20260610,nonbonded,5498,PRIVPROBE:1,duplicate_filter,0,False,0,duplicate_filter
m12_no_attack_dup60_s20260610_nonbonded,P3-Persist,m12_no_attack_dup60_s20260610,nonbonded,5524,PRIVPROBE:1,host_scan,504,False,0,host_scan
m12_no_attack_dup60_s20260610_nonbonded,P3-Persist,m12_no_attack_dup60_s20260610,nonbonded,5541,PRIVPROBE:1,duplicate_filter,0,False,0,duplicate_filter
m12_no_attack_dup60_s20260610_nonbonded,P3-Persist,m12_no_attack_dup60_s20260610,nonbonded,5563,PRIVPROBE:1,duplicate_filter,0,False,0,duplicate_filter
m12_no_attack_dup60_s20260610_nonbonded,P3-Persist,m12_no_attack_dup60_s20260610,nonbonded,5591,PRIVPROBE:1,duplicate_filter,0,False,0,duplicate_filter
m12_no_attack_dup60_s20260610_nonbonded,P3-Persist,m12_no_attack_dup60_s20260610,nonbonded,5604,PRIVPROBE:1,duplicate_filter,0,False,0,duplicate_filter
m12_no_attack_dup60_s20260610_nonbonded,P3-Persist,m12_no_attack_dup60_s20260610,nonbonded,5621,PRIVPROBE:1,duplicate_filter,0,False,0,duplicate_filter
m12_no_attack_dup60_s20260610_nonbonded,P3-Persist,m12_no_attack_dup60_s20260610,nonbonded,5639,PRIVPROBE:1,duplicate_filter,0,False,0,duplicate_filter
m12_no_attack_dup60_s20260610_nonbonded,P3-Persist,m12_no_attack_dup60_s20260610,nonbonded,5663,PRIVPROBE:1,duplicate_filter,0,False,0,duplicate_filter
m12_no_attack_dup60_s20260610_nonbonded,P3-Persist,m12_no_attack_dup60_s20260610,nonbonded,5684,PRIVPROBE:1,duplicate_filter,0,False,0,duplicate_filter
m12_no_attack_dup60_s20260610_nonbonded,P3-Persist,m12_no_attack_dup60_s20260610,nonbonded,5707,PRIVPROBE:1,duplicate_filter,0,False,0,duplicate_filter
m12_no_attack_dup60_s20260610_nonbonded,P3-Persist,m12_no_attack_dup60_s20260610,nonbonded,5729,PRIVPROBE:1,duplicate_filter,0,False,0,duplicate_filter
m12_no_attack_dup60_s20260610_nonbonded,P3-Persist,m12_no_attack_dup60_s20260610,nonbonded,5749,PRIVPROBE:1,duplicate_filter,0,False,0,duplicate_filter
m12_no_attack_dup60_s20260610_nonbonded,P3-Persist,m12_no_attack_dup60_s20260610,nonbonded,5779,PRIVPROBE:1,host_scan,504,False,0,host_scan
m12_no_attack_dup60_s20260610_nonbonded,P3-Persist,m12_no_attack_dup60_s20260610,nonbonded,5794,PRIVPROBE:1,duplicate_filter,0,False,0,duplicate_filter
m12_no_attack_dup60_s20260610_nonbonded,P3-Persist,m12_no_attack_dup60_s20260610,nonbonded,5806,PRIVPROBE:1,duplicate_filter,0,False,0,duplicate_filter
m12_no_attack_dup60_s20260610_nonbonded,P3-Persist,m12_no_attack_dup60_s20260610,nonbonded,5829,PRIVPROBE:1,duplicate_filter,0,False,0,duplicate_filter
m12_no_attack_dup60_s20260610_nonbonded,P3-Persist,m12_no_attack_dup60_s20260610,nonbonded,5852,PRIVPROBE:1,duplicate_filter,0,False,0,duplicate_filter
m12_no_attack_dup60_s20260610_nonbonded,P3-Persist,m12_no_attack_dup60_s20260610,nonbonded,5865,PRIVPROBE:1,duplicate_filter,0,False,0,duplicate_filter
m12_no_attack_dup60_s20260610_nonbonded,P3-Persist,m12_no_attack_dup60_s20260610,nonbonded,5883,PRIVPROBE:1,duplicate_filter,0,False,0,duplicate_filter
m12_no_attack_dup60_s20260610_nonbonded,P3-Persist,m12_no_attack_dup60_s20260610,nonbonded,5906,PRIVPROBE:1,duplicate_filter,0,False,0,duplicate_filter
m12_no_attack_dup60_s20260610_nonbonded,P3-Persist,m12_no_attack_dup60_s20260610,nonbonded,5926,PRIVPROBE:1,duplicate_filter,0,False,0,duplicate_filter
m12_no_attack_dup60_s20260610_nonbonded,P3-Persist,m12_no_attack_dup60_s20260610,nonbonded,5942,PRIVPROBE:1,duplicate_filter,0,False,0,duplicate_filter
m12_no_attack_dup60_s20260610_nonbonded,P3-Persist,m12_no_attack_dup60_s20260610,nonbonded,5960,PRIVPROBE:1,duplicate_filter,0,False,0,duplicate_filter
m12_no_attack_dup60_s20260610_nonbonded,P3-Persist,m12_no_attack_dup60_s20260610,nonbonded,5978,PRIVPROBE:1,duplicate_filter,0,False,0,duplicate_filter
m12_no_attack_dup60_s20260610_nonbonded,P3-Persist,m12_no_attack_dup60_s20260610,nonbonded,6000,PRIVPROBE:1,host_scan,504,False,0,host_scan
m12_no_attack_dup60_s20260610_nonbonded,P3-Persist,m12_no_attack_dup60_s20260610,nonbonded,6024,PRIVPROBE:1,duplicate_filter,0,False,0,duplicate_filter
m12_no_attack_dup60_s20260610_nonbonded,P3-Persist,m12_no_attack_dup60_s20260610,nonbonded,6042,PRIVPROBE:1,duplicate_filter,0,False,0,duplicate_filter
m12_no_attack_dup60_s20260610_nonbonded,P3-Persist,m12_no_attack_dup60_s20260610,nonbonded,6066,PRIVPROBE:1,duplicate_filter,0,False,0,duplicate_filter
m12_no_attack_dup60_s20260610_nonbonded,P3-Persist,m12_no_attack_dup60_s20260610,nonbonded,6089,PRIVPROBE:1,duplicate_filter,0,False,0,duplicate_filter
m12_no_attack_dup60_s20260610_nonbonded,P3-Persist,m12_no_attack_dup60_s20260610,nonbonded,6109,PRIVPROBE:1,duplicate_filter,0,False,0,duplicate_filter
m12_no_attack_dup60_s20260610_nonbonded,P3-Persist,m12_no_attack_dup60_s20260610,nonbonded,6127,PRIVPROBE:1,duplicate_filter,0,False,0,duplicate_filter
m12_no_attack_dup60_s20260610_nonbonded,P3-Persist,m12_no_attack_dup60_s20260610,nonbonded,6136,PRIVPROBE:1,duplicate_filter,0,False,0,duplicate_filter
m12_no_attack_dup60_s20260610_nonbonded,P3-Persist,m12_no_attack_dup60_s20260610,nonbonded,6157,PRIVPROBE:1,duplicate_filter,0,False,0,duplicate_filter
m12_no_attack_dup60_s20260610_nonbonded,P3-Persist,m12_no_attack_dup60_s20260610,nonbonded,6175,PRIVPROBE:1,duplicate_filter,0,False,0,duplicate_filter
m12_no_attack_dup60_s20260610_nonbonded,P3-Persist,m12_no_attack_dup60_s20260610,nonbonded,6194,PRIVPROBE:1,duplicate_filter,0,False,0,duplicate_filter
m12_no_attack_dup60_s20260610_nonbonded,P3-Persist,m12_no_attack_dup60_s20260610,nonbonded,6213,PRIVPROBE:1,duplicate_filter,0,False,0,duplicate_filter
m12_no_attack_dup60_s20260610_nonbonded,P3-Persist,m12_no_attack_dup60_s20260610,nonbonded,6238,PRIVPROBE:1,host_scan,504,False,0,host_scan
m12_no_attack_dup60_s20260610_nonbonded,P3-Persist,m12_no_attack_dup60_s20260610,nonbonded,6254,PRIVPROBE:1,duplicate_filter,0,False,0,duplicate_filter
m12_no_attack_dup60_s20260610_nonbonded,P3-Persist,m12_no_attack_dup60_s20260610,nonbonded,6277,PRIVPROBE:1,duplicate_filter,0,False,0,duplicate_filter
m12_no_attack_dup60_s20260610_nonbonded,P3-Persist,m12_no_attack_dup60_s20260610,nonbonded,6295,PRIVPROBE:1,duplicate_filter,0,False,0,duplicate_filter
m12_no_attack_dup60_s20260610_nonbonded,P3-Persist,m12_no_attack_dup60_s20260610,nonbonded,6321,PRIVPROBE:1,duplicate_filter,0,False,0,duplicate_filter
m12_no_attack_dup60_s20260610_nonbonded,P3-Persist,m12_no_attack_dup60_s20260610,nonbonded,6339,PRIVPROBE:1,duplicate_filter,0,False,0,duplicate_filter
m12_no_attack_dup60_s20260610_nonbonded,P3-Persist,m12_no_attack_dup60_s20260610,nonbonded,6354,PRIVPROBE:1,duplicate_filter,0,False,0,duplicate_filter
m12_no_attack_dup60_s20260610_nonbonded,P3-Persist,m12_no_attack_dup60_s20260610,nonbonded,6368,PRIVPROBE:1,duplicate_filter,0,False,0,duplicate_filter
m12_no_attack_dup60_s20260610_nonbonded,P3-Persist,m12_no_attack_dup60_s20260610,nonbonded,6387,PRIVPROBE:1,duplicate_filter,0,False,0,duplicate_filter
m12_no_attack_dup60_s20260610_nonbonded,P3-Persist,m12_no_attack_dup60_s20260610,nonbonded,6412,PRIVPROBE:1,duplicate_filter,0,False,0,duplicate_filter
m12_no_attack_dup60_s20260610_nonbonded,P3-Persist,m12_no_attack_dup60_s20260610,nonbonded,6433,PRIVPROBE:1,duplicate_filter,0,False,0,duplicate_filter
m12_no_attack_dup60_s20260610_nonbonded,P3-Persist,m12_no_attack_dup60_s20260610,nonbonded,6451,PRIVPROBE:1,duplicate_filter,0,False,0,duplicate_filter
m12_no_attack_dup60_s20260610_nonbonded,P3-Persist,m12_no_attack_dup60_s20260610,nonbonded,6467,PRIVPROBE:1,host_scan,504,False,0,host_scan
m12_no_attack_dup60_s20260610_nonbonded,P3-Persist,m12_no_attack_dup60_s20260610,nonbonded,6493,PRIVPROBE:1,duplicate_filter,0,False,0,duplicate_filter
m12_no_attack_dup60_s20260610_nonbonded,P3-Persist,m12_no_attack_dup60_s20260610,nonbonded,6515,PRIVPROBE:1,duplicate_filter,0,False,0,duplicate_filter
m12_no_attack_dup60_s20260610_nonbonded,P3-Persist,m12_no_attack_dup60_s20260610,nonbonded,6541,PRIVPROBE:1,duplicate_filter,0,False,0,duplicate_filter
m12_no_attack_dup60_s20260610_nonbonded,P3-Persist,m12_no_attack_dup60_s20260610,nonbonded,6568,PRIVPROBE:1,duplicate_filter,0,False,0,duplicate_filter
m12_no_attack_dup60_s20260610_nonbonded,P3-Persist,m12_no_attack_dup60_s20260610,nonbonded,6589,PRIVPROBE:1,duplicate_filter,0,False,0,duplicate_filter
m12_no_attack_dup60_s20260610_nonbonded,P3-Persist,m12_no_attack_dup60_s20260610,nonbonded,6605,PRIVPROBE:1,duplicate_filter,0,False,0,duplicate_filter
m12_no_attack_dup60_s20260610_nonbonded,P3-Persist,m12_no_attack_dup60_s20260610,nonbonded,6627,PRIVPROBE:1,duplicate_filter,0,False,0,duplicate_filter
m12_no_attack_dup60_s20260610_nonbonded,P3-Persist,m12_no_attack_dup60_s20260610,nonbonded,6656,PRIVPROBE:1,duplicate_filter,0,False,0,duplicate_filter
m12_no_attack_dup60_s20260610_nonbonded,P3-Persist,m12_no_attack_dup60_s20260610,nonbonded,6674,PRIVPROBE:1,duplicate_filter,0,False,0,duplicate_filter
m12_no_attack_dup60_s20260610_nonbonded,P3-Persist,m12_no_attack_dup60_s20260610,nonbonded,6689,PRIVPROBE:1,duplicate_filter,0,False,0,duplicate_filter
m12_no_attack_dup60_s20260610_nonbonded,P3-Persist,m12_no_attack_dup60_s20260610,nonbonded,6715,PRIVPROBE:1,duplicate_filter,0,False,0,duplicate_filter
m12_no_attack_dup60_s20260610_nonbonded,P3-Persist,m12_no_attack_dup60_s20260610,nonbonded,6738,PRIVPROBE:1,host_scan,504,False,0,host_scan
m12_no_attack_dup60_s20260610_nonbonded,P3-Persist,m12_no_attack_dup60_s20260610,nonbonded,6758,PRIVPROBE:1,duplicate_filter,0,False,0,duplicate_filter
m12_no_attack_dup60_s20260610_nonbonded,P3-Persist,m12_no_attack_dup60_s20260610,nonbonded,6774,PRIVPROBE:1,duplicate_filter,0,False,0,duplicate_filter
m12_no_attack_dup60_s20260610_nonbonded,P3-Persist,m12_no_attack_dup60_s20260610,nonbonded,6794,PRIVPROBE:1,duplicate_filter,0,False,0,duplicate_filter
m12_no_attack_dup60_s20260610_nonbonded,P3-Persist,m12_no_attack_dup60_s20260610,nonbonded,6813,PRIVPROBE:1,duplicate_filter,0,False,0,duplicate_filter
m12_no_attack_dup60_s20260610_nonbonded,P3-Persist,m12_no_attack_dup60_s20260610,nonbonded,6833,PRIVPROBE:1,duplicate_filter,0,False,0,duplicate_filter
m12_no_attack_dup60_s20260610_nonbonded,P3-Persist,m12_no_attack_dup60_s20260610,nonbonded,6847,PRIVPROBE:1,duplicate_filter,0,False,0,duplicate_filter
m12_no_attack_dup60_s20260610_nonbonded,P3-Persist,m12_no_attack_dup60_s20260610,nonbonded,6860,PRIVPROBE:1,duplicate_filter,0,False,0,duplicate_filter
m12_no_attack_dup60_s20260610_nonbonded,P3-Persist,m12_no_attack_dup60_s20260610,nonbonded,6874,PRIVPROBE:1,duplicate_filter,0,False,0,duplicate_filter
m12_no_attack_dup60_s20260610_nonbonded,P3-Persist,m12_no_attack_dup60_s20260610,nonbonded,6891,PRIVPROBE:1,duplicate_filter,0,False,0,duplicate_filter
m12_no_attack_dup60_s20260610_nonbonded,P3-Persist,m12_no_attack_dup60_s20260610,nonbonded,6914,PRIVPROBE:1,duplicate_filter,0,False,0,duplicate_filter
m12_no_attack_dup60_s20260610_nonbonded,P3-Persist,m12_no_attack_dup60_s20260610,nonbonded,6937,PRIVPROBE:1,duplicate_filter,0,False,0,duplicate_filter
m12_no_attack_dup60_s20260610_nonbonded,P3-Persist,m12_no_attack_dup60_s20260610,nonbonded,6962,PRIVPROBE:1,host_scan,504,False,0,host_scan
m12_no_attack_dup60_s20260610_nonbonded,P3-Persist,m12_no_attack_dup60_s20260610,nonbonded,6991,PRIVPROBE:1,duplicate_filter,0,False,0,duplicate_filter
m12_no_attack_dup60_s20260610_nonbonded,P3-Persist,m12_no_attack_dup60_s20260610,nonbonded,7011,PRIVPROBE:1,duplicate_filter,0,False,0,duplicate_filter
m12_no_attack_dup60_s20260610_nonbonded,P3-Persist,m12_no_attack_dup60_s20260610,nonbonded,7035,PRIVPROBE:1,duplicate_filter,0,False,0,duplicate_filter
m12_no_attack_dup60_s20260610_nonbonded,P3-Persist,m12_no_attack_dup60_s20260610,nonbonded,7052,PRIVPROBE:1,duplicate_filter,0,False,0,duplicate_filter
m12_no_attack_dup60_s20260610_nonbonded,P3-Persist,m12_no_attack_dup60_s20260610,nonbonded,7074,PRIVPROBE:1,duplicate_filter,0,False,0,duplicate_filter
m12_no_attack_dup60_s20260610_nonbonded,P3-Persist,m12_no_attack_dup60_s20260610,nonbonded,7096,PRIVPROBE:1,duplicate_filter,0,False,0,duplicate_filter
m12_no_attack_dup60_s20260610_nonbonded,P3-Persist,m12_no_attack_dup60_s20260610,nonbonded,7109,PRIVPROBE:1,duplicate_filter,0,False,0,duplicate_filter
m12_no_attack_dup60_s20260610_nonbonded,P3-Persist,m12_no_attack_dup60_s20260610,nonbonded,7139,PRIVPROBE:1,duplicate_filter,0,False,0,duplicate_filter
m12_no_attack_dup60_s20260610_nonbonded,P3-Persist,m12_no_attack_dup60_s20260610,nonbonded,7158,PRIVPROBE:1,duplicate_filter,0,False,0,duplicate_filter
m12_no_attack_dup60_s20260610_nonbonded,P3-Persist,m12_no_attack_dup60_s20260610,nonbonded,7175,PRIVPROBE:1,duplicate_filter,0,False,0,duplicate_filter
m12_no_attack_dup60_s20260610_nonbonded,P3-Persist,m12_no_attack_dup60_s20260610,nonbonded,7196,PRIVPROBE:1,duplicate_filter,0,False,0,duplicate_filter
m12_no_attack_dup60_s20260610_nonbonded,P3-Persist,m12_no_attack_dup60_s20260610,nonbonded,7216,PRIVPROBE:1,host_scan,504,False,0,host_scan
m12_no_attack_dup60_s20260610_nonbonded,P3-Persist,m12_no_attack_dup60_s20260610,nonbonded,7236,PRIVPROBE:1,duplicate_filter,0,False,0,duplicate_filter
m12_no_attack_dup60_s20260610_nonbonded,P3-Persist,m12_no_attack_dup60_s20260610,nonbonded,7261,PRIVPROBE:1,duplicate_filter,0,False,0,duplicate_filter
m12_no_attack_dup60_s20260610_nonbonded,P3-Persist,m12_no_attack_dup60_s20260610,nonbonded,7275,PRIVPROBE:1,duplicate_filter,0,False,0,duplicate_filter
m12_no_attack_dup60_s20260610_nonbonded,P3-Persist,m12_no_attack_dup60_s20260610,nonbonded,7300,PRIVPROBE:1,duplicate_filter,0,False,0,duplicate_filter
m12_no_attack_dup60_s20260610_nonbonded,P3-Persist,m12_no_attack_dup60_s20260610,nonbonded,7328,PRIVPROBE:1,duplicate_filter,0,False,0,duplicate_filter
m12_no_attack_dup60_s20260610_nonbonded,P3-Persist,m12_no_attack_dup60_s20260610,nonbonded,7350,PRIVPROBE:1,duplicate_filter,0,False,0,duplicate_filter
m12_no_attack_dup60_s20260610_nonbonded,P3-Persist,m12_no_attack_dup60_s20260610,nonbonded,7369,PRIVPROBE:1,duplicate_filter,0,False,0,duplicate_filter
m12_no_attack_dup60_s20260610_nonbonded,P3-Persist,m12_no_attack_dup60_s20260610,nonbonded,7389,PRIVPROBE:1,duplicate_filter,0,False,0,duplicate_filter
m12_no_attack_dup60_s20260610_nonbonded,P3-Persist,m12_no_attack_dup60_s20260610,nonbonded,7407,PRIVPROBE:1,duplicate_filter,0,False,0,duplicate_filter
m12_no_attack_dup60_s20260610_nonbonded,P3-Persist,m12_no_attack_dup60_s20260610,nonbonded,7424,PRIVPROBE:1,duplicate_filter,0,False,0,duplicate_filter
m12_no_attack_dup60_s20260610_nonbonded,P3-Persist,m12_no_attack_dup60_s20260610,nonbonded,7445,PRIVPROBE:1,duplicate_filter,0,False,0,duplicate_filter
m12_no_attack_dup60_s20260610_nonbonded,P3-NoPersist,m12_no_attack_dup60_s20260610,nonbonded,1225,PRIVPROBE:0,host_scan,504,False,0,host_scan
m12_no_attack_dup60_s20260610_nonbonded,P3-NoPersist,m12_no_attack_dup60_s20260610,nonbonded,1244,PRIVPROBE:0,duplicate_filter,0,False,0,duplicate_filter
m12_no_attack_dup60_s20260610_nonbonded,P3-NoPersist,m12_no_attack_dup60_s20260610,nonbonded,1266,PRIVPROBE:0,duplicate_filter,0,False,0,duplicate_filter
m12_no_attack_dup60_s20260610_nonbonded,P3-NoPersist,m12_no_attack_dup60_s20260610,nonbonded,1284,PRIVPROBE:0,duplicate_filter,0,False,0,duplicate_filter
m12_no_attack_dup60_s20260610_nonbonded,P3-NoPersist,m12_no_attack_dup60_s20260610,nonbonded,1307,PRIVPROBE:0,duplicate_filter,0,False,0,duplicate_filter
m12_no_attack_dup60_s20260610_nonbonded,P3-NoPersist,m12_no_attack_dup60_s20260610,nonbonded,1338,PRIVPROBE:0,duplicate_filter,0,False,0,duplicate_filter
m12_no_attack_dup60_s20260610_nonbonded,P3-NoPersist,m12_no_attack_dup60_s20260610,nonbonded,1362,PRIVPROBE:0,duplicate_filter,0,False,0,duplicate_filter
m12_no_attack_dup60_s20260610_nonbonded,P3-NoPersist,m12_no_attack_dup60_s20260610,nonbonded,1378,PRIVPROBE:0,duplicate_filter,0,False,0,duplicate_filter
m12_no_attack_dup60_s20260610_nonbonded,P3-NoPersist,m12_no_attack_dup60_s20260610,nonbonded,1396,PRIVPROBE:0,duplicate_filter,0,False,0,duplicate_filter
m12_no_attack_dup60_s20260610_nonbonded,P3-NoPersist,m12_no_attack_dup60_s20260610,nonbonded,1415,PRIVPROBE:0,duplicate_filter,0,False,0,duplicate_filter
m12_no_attack_dup60_s20260610_nonbonded,P3-NoPersist,m12_no_attack_dup60_s20260610,nonbonded,1448,PRIVPROBE:0,duplicate_filter,0,False,0,duplicate_filter
m12_no_attack_dup60_s20260610_nonbonded,P3-NoPersist,m12_no_attack_dup60_s20260610,nonbonded,1471,PRIVPROBE:0,duplicate_filter,0,False,0,duplicate_filter
m12_no_attack_dup60_s20260610_nonbonded,P3-NoPersist,m12_no_attack_dup60_s20260610,nonbonded,1483,PRIVPROBE:0,host_scan,504,False,0,host_scan
m12_no_attack_dup60_s20260610_nonbonded,P3-NoPersist,m12_no_attack_dup60_s20260610,nonbonded,1506,PRIVPROBE:0,duplicate_filter,0,False,0,duplicate_filter
m12_no_attack_dup60_s20260610_nonbonded,P3-NoPersist,m12_no_attack_dup60_s20260610,nonbonded,1528,PRIVPROBE:0,duplicate_filter,0,False,0,duplicate_filter
m12_no_attack_dup60_s20260610_nonbonded,P3-NoPersist,m12_no_attack_dup60_s20260610,nonbonded,1549,PRIVPROBE:0,duplicate_filter,0,False,0,duplicate_filter
m12_no_attack_dup60_s20260610_nonbonded,P3-NoPersist,m12_no_attack_dup60_s20260610,nonbonded,1565,PRIVPROBE:0,duplicate_filter,0,False,0,duplicate_filter
m12_no_attack_dup60_s20260610_nonbonded,P3-NoPersist,m12_no_attack_dup60_s20260610,nonbonded,1583,PRIVPROBE:0,duplicate_filter,0,False,0,duplicate_filter
m12_no_attack_dup60_s20260610_nonbonded,P3-NoPersist,m12_no_attack_dup60_s20260610,nonbonded,1615,PRIVPROBE:0,duplicate_filter,0,False,0,duplicate_filter
m12_no_attack_dup60_s20260610_nonbonded,P3-NoPersist,m12_no_attack_dup60_s20260610,nonbonded,1640,PRIVPROBE:0,duplicate_filter,0,False,0,duplicate_filter
m12_no_attack_dup60_s20260610_nonbonded,P3-NoPersist,m12_no_attack_dup60_s20260610,nonbonded,1656,PRIVPROBE:0,duplicate_filter,0,False,0,duplicate_filter
m12_no_attack_dup60_s20260610_nonbonded,P3-NoPersist,m12_no_attack_dup60_s20260610,nonbonded,1668,PRIVPROBE:0,duplicate_filter,0,False,0,duplicate_filter
m12_no_attack_dup60_s20260610_nonbonded,P3-NoPersist,m12_no_attack_dup60_s20260610,nonbonded,1690,PRIVPROBE:0,duplicate_filter,0,False,0,duplicate_filter
m12_no_attack_dup60_s20260610_nonbonded,P3-NoPersist,m12_no_attack_dup60_s20260610,nonbonded,1707,PRIVPROBE:0,duplicate_filter,0,False,0,duplicate_filter
m12_no_attack_dup60_s20260610_nonbonded,P3-NoPersist,m12_no_attack_dup60_s20260610,nonbonded,1725,PRIVPROBE:0,host_scan,504,False,0,host_scan
m12_no_attack_dup60_s20260610_nonbonded,P3-NoPersist,m12_no_attack_dup60_s20260610,nonbonded,1751,PRIVPROBE:0,duplicate_filter,0,False,0,duplicate_filter
m12_no_attack_dup60_s20260610_nonbonded,P3-NoPersist,m12_no_attack_dup60_s20260610,nonbonded,1760,PRIVPROBE:0,duplicate_filter,0,False,0,duplicate_filter
m12_no_attack_dup60_s20260610_nonbonded,P3-NoPersist,m12_no_attack_dup60_s20260610,nonbonded,1776,PRIVPROBE:0,duplicate_filter,0,False,0,duplicate_filter
m12_no_attack_dup60_s20260610_nonbonded,P3-NoPersist,m12_no_attack_dup60_s20260610,nonbonded,1789,PRIVPROBE:0,duplicate_filter,0,False,0,duplicate_filter
m12_no_attack_dup60_s20260610_nonbonded,P3-NoPersist,m12_no_attack_dup60_s20260610,nonbonded,1812,PRIVPROBE:0,duplicate_filter,0,False,0,duplicate_filter
m12_no_attack_dup60_s20260610_nonbonded,P3-NoPersist,m12_no_attack_dup60_s20260610,nonbonded,1831,PRIVPROBE:0,duplicate_filter,0,False,0,duplicate_filter
m12_no_attack_dup60_s20260610_nonbonded,P3-NoPersist,m12_no_attack_dup60_s20260610,nonbonded,1847,PRIVPROBE:0,duplicate_filter,0,False,0,duplicate_filter
m12_no_attack_dup60_s20260610_nonbonded,P3-NoPersist,m12_no_attack_dup60_s20260610,nonbonded,1872,PRIVPROBE:0,duplicate_filter,0,False,0,duplicate_filter
m12_no_attack_dup60_s20260610_nonbonded,P3-NoPersist,m12_no_attack_dup60_s20260610,nonbonded,1893,PRIVPROBE:0,duplicate_filter,0,False,0,duplicate_filter
m12_no_attack_dup60_s20260610_nonbonded,P3-NoPersist,m12_no_attack_dup60_s20260610,nonbonded,1904,PRIVPROBE:0,duplicate_filter,0,False,0,duplicate_filter
m12_no_attack_dup60_s20260610_nonbonded,P3-NoPersist,m12_no_attack_dup60_s20260610,nonbonded,1926,PRIVPROBE:0,duplicate_filter,0,False,0,duplicate_filter
m12_no_attack_dup60_s20260610_nonbonded,P3-NoPersist,m12_no_attack_dup60_s20260610,nonbonded,1952,PRIVPROBE:0,host_scan,504,False,0,host_scan
m12_no_attack_dup60_s20260610_nonbonded,P3-NoPersist,m12_no_attack_dup60_s20260610,nonbonded,1974,PRIVPROBE:0,duplicate_filter,0,False,0,duplicate_filter
m12_no_attack_dup60_s20260610_nonbonded,P3-NoPersist,m12_no_attack_dup60_s20260610,nonbonded,1991,PRIVPROBE:0,duplicate_filter,0,False,0,duplicate_filter
m12_no_attack_dup60_s20260610_nonbonded,P3-NoPersist,m12_no_attack_dup60_s20260610,nonbonded,2013,PRIVPROBE:0,duplicate_filter,0,False,0,duplicate_filter
m12_no_attack_dup60_s20260610_nonbonded,P3-NoPersist,m12_no_attack_dup60_s20260610,nonbonded,2035,PRIVPROBE:0,duplicate_filter,0,False,0,duplicate_filter
m12_no_attack_dup60_s20260610_nonbonded,P3-NoPersist,m12_no_attack_dup60_s20260610,nonbonded,2056,PRIVPROBE:0,duplicate_filter,0,False,0,duplicate_filter
m12_no_attack_dup60_s20260610_nonbonded,P3-NoPersist,m12_no_attack_dup60_s20260610,nonbonded,2086,PRIVPROBE:0,duplicate_filter,0,False,0,duplicate_filter
m12_no_attack_dup60_s20260610_nonbonded,P3-NoPersist,m12_no_attack_dup60_s20260610,nonbonded,2112,PRIVPROBE:0,duplicate_filter,0,False,0,duplicate_filter
m12_no_attack_dup60_s20260610_nonbonded,P3-NoPersist,m12_no_attack_dup60_s20260610,nonbonded,2130,PRIVPROBE:0,duplicate_filter,0,False,0,duplicate_filter
m12_no_attack_dup60_s20260610_nonbonded,P3-NoPersist,m12_no_attack_dup60_s20260610,nonbonded,2151,PRIVPROBE:0,duplicate_filter,0,False,0,duplicate_filter
m12_no_attack_dup60_s20260610_nonbonded,P3-NoPersist,m12_no_attack_dup60_s20260610,nonbonded,2170,PRIVPROBE:0,duplicate_filter,0,False,0,duplicate_filter
m12_no_attack_dup60_s20260610_nonbonded,P3-NoPersist,m12_no_attack_dup60_s20260610,nonbonded,2196,PRIVPROBE:0,duplicate_filter,0,False,0,duplicate_filter
m12_no_attack_dup60_s20260610_nonbonded,P3-NoPersist,m12_no_attack_dup60_s20260610,nonbonded,2219,PRIVPROBE:0,host_scan,504,False,0,host_scan
m12_no_attack_dup60_s20260610_nonbonded,P3-NoPersist,m12_no_attack_dup60_s20260610,nonbonded,2244,PRIVPROBE:0,duplicate_filter,0,False,0,duplicate_filter
m12_no_attack_dup60_s20260610_nonbonded,P3-NoPersist,m12_no_attack_dup60_s20260610,nonbonded,2268,PRIVPROBE:0,duplicate_filter,0,False,0,duplicate_filter
m12_no_attack_dup60_s20260610_nonbonded,P3-NoPersist,m12_no_attack_dup60_s20260610,nonbonded,2283,PRIVPROBE:0,duplicate_filter,0,False,0,duplicate_filter
m12_no_attack_dup60_s20260610_nonbonded,P3-NoPersist,m12_no_attack_dup60_s20260610,nonbonded,2312,PRIVPROBE:0,duplicate_filter,0,False,0,duplicate_filter
m12_no_attack_dup60_s20260610_nonbonded,P3-NoPersist,m12_no_attack_dup60_s20260610,nonbonded,2329,PRIVPROBE:0,duplicate_filter,0,False,0,duplicate_filter
m12_no_attack_dup60_s20260610_nonbonded,P3-NoPersist,m12_no_attack_dup60_s20260610,nonbonded,2346,PRIVPROBE:0,duplicate_filter,0,False,0,duplicate_filter
m12_no_attack_dup60_s20260610_nonbonded,P3-NoPersist,m12_no_attack_dup60_s20260610,nonbonded,2363,PRIVPROBE:0,duplicate_filter,0,False,0,duplicate_filter
m12_no_attack_dup60_s20260610_nonbonded,P3-NoPersist,m12_no_attack_dup60_s20260610,nonbonded,2385,PRIVPROBE:0,duplicate_filter,0,False,0,duplicate_filter
m12_no_attack_dup60_s20260610_nonbonded,P3-NoPersist,m12_no_attack_dup60_s20260610,nonbonded,2413,PRIVPROBE:0,duplicate_filter,0,False,0,duplicate_filter
m12_no_attack_dup60_s20260610_nonbonded,P3-NoPersist,m12_no_attack_dup60_s20260610,nonbonded,2423,PRIVPROBE:0,duplicate_filter,0,False,0,duplicate_filter
m12_no_attack_dup60_s20260610_nonbonded,P3-NoPersist,m12_no_attack_dup60_s20260610,nonbonded,2446,PRIVPROBE:0,duplicate_filter,0,False,0,duplicate_filter
m12_no_attack_dup60_s20260610_nonbonded,P3-NoPersist,m12_no_attack_dup60_s20260610,nonbonded,2463,PRIVPROBE:0,host_scan,504,False,0,host_scan
m12_no_attack_dup60_s20260610_nonbonded,P3-NoPersist,m12_no_attack_dup60_s20260610,nonbonded,2492,PRIVPROBE:0,duplicate_filter,0,False,0,duplicate_filter
m12_no_attack_dup60_s20260610_nonbonded,P3-NoPersist,m12_no_attack_dup60_s20260610,nonbonded,2517,PRIVPROBE:0,duplicate_filter,0,False,0,duplicate_filter
m12_no_attack_dup60_s20260610_nonbonded,P3-NoPersist,m12_no_attack_dup60_s20260610,nonbonded,2545,PRIVPROBE:0,duplicate_filter,0,False,0,duplicate_filter
m12_no_attack_dup60_s20260610_nonbonded,P3-NoPersist,m12_no_attack_dup60_s20260610,nonbonded,2564,PRIVPROBE:0,duplicate_filter,0,False,0,duplicate_filter
m12_no_attack_dup60_s20260610_nonbonded,P3-NoPersist,m12_no_attack_dup60_s20260610,nonbonded,2579,PRIVPROBE:0,duplicate_filter,0,False,0,duplicate_filter
m12_no_attack_dup60_s20260610_nonbonded,P3-NoPersist,m12_no_attack_dup60_s20260610,nonbonded,2600,PRIVPROBE:0,duplicate_filter,0,False,0,duplicate_filter
m12_no_attack_dup60_s20260610_nonbonded,P3-NoPersist,m12_no_attack_dup60_s20260610,nonbonded,2616,PRIVPROBE:0,duplicate_filter,0,False,0,duplicate_filter
m12_no_attack_dup60_s20260610_nonbonded,P3-NoPersist,m12_no_attack_dup60_s20260610,nonbonded,2642,PRIVPROBE:0,duplicate_filter,0,False,0,duplicate_filter
m12_no_attack_dup60_s20260610_nonbonded,P3-NoPersist,m12_no_attack_dup60_s20260610,nonbonded,2667,PRIVPROBE:0,duplicate_filter,0,False,0,duplicate_filter
m12_no_attack_dup60_s20260610_nonbonded,P3-NoPersist,m12_no_attack_dup60_s20260610,nonbonded,2687,PRIVPROBE:0,duplicate_filter,0,False,0,duplicate_filter
m12_no_attack_dup60_s20260610_nonbonded,P3-NoPersist,m12_no_attack_dup60_s20260610,nonbonded,2707,PRIVPROBE:0,duplicate_filter,0,False,0,duplicate_filter
m12_no_attack_dup60_s20260610_nonbonded,P3-NoPersist,m12_no_attack_dup60_s20260610,nonbonded,2729,PRIVPROBE:0,host_scan,504,False,0,host_scan
m12_no_attack_dup60_s20260610_nonbonded,P3-NoPersist,m12_no_attack_dup60_s20260610,nonbonded,2760,PRIVPROBE:0,duplicate_filter,0,False,0,duplicate_filter
m12_no_attack_dup60_s20260610_nonbonded,P3-NoPersist,m12_no_attack_dup60_s20260610,nonbonded,2786,PRIVPROBE:0,duplicate_filter,0,False,0,duplicate_filter
m12_no_attack_dup60_s20260610_nonbonded,P3-NoPersist,m12_no_attack_dup60_s20260610,nonbonded,2810,PRIVPROBE:0,duplicate_filter,0,False,0,duplicate_filter
m12_no_attack_dup60_s20260610_nonbonded,P3-NoPersist,m12_no_attack_dup60_s20260610,nonbonded,2821,PRIVPROBE:0,duplicate_filter,0,False,0,duplicate_filter
m12_no_attack_dup60_s20260610_nonbonded,P3-NoPersist,m12_no_attack_dup60_s20260610,nonbonded,2837,PRIVPROBE:0,duplicate_filter,0,False,0,duplicate_filter
m12_no_attack_dup60_s20260610_nonbonded,P3-NoPersist,m12_no_attack_dup60_s20260610,nonbonded,2862,PRIVPROBE:0,duplicate_filter,0,False,0,duplicate_filter
m12_no_attack_dup60_s20260610_nonbonded,P3-NoPersist,m12_no_attack_dup60_s20260610,nonbonded,2881,PRIVPROBE:0,duplicate_filter,0,False,0,duplicate_filter
m12_no_attack_dup60_s20260610_nonbonded,P3-NoPersist,m12_no_attack_dup60_s20260610,nonbonded,2900,PRIVPROBE:0,duplicate_filter,0,False,0,duplicate_filter
m12_no_attack_dup60_s20260610_nonbonded,P3-NoPersist,m12_no_attack_dup60_s20260610,nonbonded,2921,PRIVPROBE:0,duplicate_filter,0,False,0,duplicate_filter
m12_no_attack_dup60_s20260610_nonbonded,P3-NoPersist,m12_no_attack_dup60_s20260610,nonbonded,2950,PRIVPROBE:0,duplicate_filter,0,False,0,duplicate_filter
m12_no_attack_dup60_s20260610_nonbonded,P3-NoPersist,m12_no_attack_dup60_s20260610,nonbonded,2978,PRIVPROBE:0,duplicate_filter,0,False,0,duplicate_filter
m12_no_attack_dup60_s20260610_nonbonded,P3-NoPersist,m12_no_attack_dup60_s20260610,nonbonded,2997,PRIVPROBE:0,host_scan,504,False,0,host_scan
m12_no_attack_dup60_s20260610_nonbonded,P3-NoPersist,m12_no_attack_dup60_s20260610,nonbonded,3019,PRIVPROBE:0,duplicate_filter,0,False,0,duplicate_filter
m12_no_attack_dup60_s20260610_nonbonded,P3-NoPersist,m12_no_attack_dup60_s20260610,nonbonded,3045,PRIVPROBE:0,duplicate_filter,0,False,0,duplicate_filter
m12_no_attack_dup60_s20260610_nonbonded,P3-NoPersist,m12_no_attack_dup60_s20260610,nonbonded,3055,PRIVPROBE:0,duplicate_filter,0,False,0,duplicate_filter
m12_no_attack_dup60_s20260610_nonbonded,P3-NoPersist,m12_no_attack_dup60_s20260610,nonbonded,3079,PRIVPROBE:0,duplicate_filter,0,False,0,duplicate_filter
m12_no_attack_dup60_s20260610_nonbonded,P3-NoPersist,m12_no_attack_dup60_s20260610,nonbonded,3108,PRIVPROBE:0,duplicate_filter,0,False,0,duplicate_filter
m12_no_attack_dup60_s20260610_nonbonded,P3-NoPersist,m12_no_attack_dup60_s20260610,nonbonded,3133,PRIVPROBE:0,duplicate_filter,0,False,0,duplicate_filter
m12_no_attack_dup60_s20260610_nonbonded,P3-NoPersist,m12_no_attack_dup60_s20260610,nonbonded,3145,PRIVPROBE:0,duplicate_filter,0,False,0,duplicate_filter
m12_no_attack_dup60_s20260610_nonbonded,P3-NoPersist,m12_no_attack_dup60_s20260610,nonbonded,3170,PRIVPROBE:0,duplicate_filter,0,False,0,duplicate_filter
m12_no_attack_dup60_s20260610_nonbonded,P3-NoPersist,m12_no_attack_dup60_s20260610,nonbonded,3189,PRIVPROBE:0,duplicate_filter,0,False,0,duplicate_filter
m12_no_attack_dup60_s20260610_nonbonded,P3-NoPersist,m12_no_attack_dup60_s20260610,nonbonded,3209,PRIVPROBE:0,duplicate_filter,0,False,0,duplicate_filter
m12_no_attack_dup60_s20260610_nonbonded,P3-NoPersist,m12_no_attack_dup60_s20260610,nonbonded,3228,PRIVPROBE:0,duplicate_filter,0,False,0,duplicate_filter
m12_no_attack_dup60_s20260610_nonbonded,P3-NoPersist,m12_no_attack_dup60_s20260610,nonbonded,3252,PRIVPROBE:0,host_scan,504,False,0,host_scan
m12_no_attack_dup60_s20260610_nonbonded,P3-NoPersist,m12_no_attack_dup60_s20260610,nonbonded,3276,PRIVPROBE:0,duplicate_filter,0,False,0,duplicate_filter
m12_no_attack_dup60_s20260610_nonbonded,P3-NoPersist,m12_no_attack_dup60_s20260610,nonbonded,3298,PRIVPROBE:0,duplicate_filter,0,False,0,duplicate_filter
m12_no_attack_dup60_s20260610_nonbonded,P3-NoPersist,m12_no_attack_dup60_s20260610,nonbonded,3317,PRIVPROBE:0,duplicate_filter,0,False,0,duplicate_filter
m12_no_attack_dup60_s20260610_nonbonded,P3-NoPersist,m12_no_attack_dup60_s20260610,nonbonded,3337,PRIVPROBE:0,duplicate_filter,0,False,0,duplicate_filter
m12_no_attack_dup60_s20260610_nonbonded,P3-NoPersist,m12_no_attack_dup60_s20260610,nonbonded,3359,PRIVPROBE:0,duplicate_filter,0,False,0,duplicate_filter
m12_no_attack_dup60_s20260610_nonbonded,P3-NoPersist,m12_no_attack_dup60_s20260610,nonbonded,3384,PRIVPROBE:0,duplicate_filter,0,False,0,duplicate_filter
m12_no_attack_dup60_s20260610_nonbonded,P3-NoPersist,m12_no_attack_dup60_s20260610,nonbonded,3403,PRIVPROBE:0,duplicate_filter,0,False,0,duplicate_filter
m12_no_attack_dup60_s20260610_nonbonded,P3-NoPersist,m12_no_attack_dup60_s20260610,nonbonded,3428,PRIVPROBE:0,duplicate_filter,0,False,0,duplicate_filter
m12_no_attack_dup60_s20260610_nonbonded,P3-NoPersist,m12_no_attack_dup60_s20260610,nonbonded,3454,PRIVPROBE:0,duplicate_filter,0,False,0,duplicate_filter
m12_no_attack_dup60_s20260610_nonbonded,P3-NoPersist,m12_no_attack_dup60_s20260610,nonbonded,3466,PRIVPROBE:0,duplicate_filter,0,False,0,duplicate_filter
m12_no_attack_dup60_s20260610_nonbonded,P3-NoPersist,m12_no_attack_dup60_s20260610,nonbonded,3490,PRIVPROBE:0,duplicate_filter,0,False,0,duplicate_filter
m12_no_attack_dup60_s20260610_nonbonded,P3-NoPersist,m12_no_attack_dup60_s20260610,nonbonded,3512,PRIVPROBE:0,host_scan,504,False,0,host_scan
m12_no_attack_dup60_s20260610_nonbonded,P3-NoPersist,m12_no_attack_dup60_s20260610,nonbonded,3528,PRIVPROBE:0,duplicate_filter,0,False,0,duplicate_filter
m12_no_attack_dup60_s20260610_nonbonded,P3-NoPersist,m12_no_attack_dup60_s20260610,nonbonded,3557,PRIVPROBE:0,duplicate_filter,0,False,0,duplicate_filter
m12_no_attack_dup60_s20260610_nonbonded,P3-NoPersist,m12_no_attack_dup60_s20260610,nonbonded,3579,PRIVPROBE:0,duplicate_filter,0,False,0,duplicate_filter
m12_no_attack_dup60_s20260610_nonbonded,P3-NoPersist,m12_no_attack_dup60_s20260610,nonbonded,3602,PRIVPROBE:0,duplicate_filter,0,False,0,duplicate_filter
m12_no_attack_dup60_s20260610_nonbonded,P3-NoPersist,m12_no_attack_dup60_s20260610,nonbonded,3624,PRIVPROBE:0,duplicate_filter,0,False,0,duplicate_filter
m12_no_attack_dup60_s20260610_nonbonded,P3-NoPersist,m12_no_attack_dup60_s20260610,nonbonded,3643,PRIVPROBE:0,duplicate_filter,0,False,0,duplicate_filter
m12_no_attack_dup60_s20260610_nonbonded,P3-NoPersist,m12_no_attack_dup60_s20260610,nonbonded,3662,PRIVPROBE:0,duplicate_filter,0,False,0,duplicate_filter
m12_no_attack_dup60_s20260610_nonbonded,P3-NoPersist,m12_no_attack_dup60_s20260610,nonbonded,3685,PRIVPROBE:0,duplicate_filter,0,False,0,duplicate_filter
m12_no_attack_dup60_s20260610_nonbonded,P3-NoPersist,m12_no_attack_dup60_s20260610,nonbonded,3699,PRIVPROBE:0,duplicate_filter,0,False,0,duplicate_filter
m12_no_attack_dup60_s20260610_nonbonded,P3-NoPersist,m12_no_attack_dup60_s20260610,nonbonded,3717,PRIVPROBE:0,duplicate_filter,0,False,0,duplicate_filter
m12_no_attack_dup60_s20260610_nonbonded,P3-NoPersist,m12_no_attack_dup60_s20260610,nonbonded,3739,PRIVPROBE:0,duplicate_filter,0,False,0,duplicate_filter
m12_no_attack_dup60_s20260610_nonbonded,P3-NoPersist,m12_no_attack_dup60_s20260610,nonbonded,3751,PRIVPROBE:1,host_scan,504,False,0,host_scan
m12_no_attack_dup60_s20260610_nonbonded,P3-NoPersist,m12_no_attack_dup60_s20260610,nonbonded,3772,PRIVPROBE:1,duplicate_filter,0,False,0,duplicate_filter
m12_no_attack_dup60_s20260610_nonbonded,P3-NoPersist,m12_no_attack_dup60_s20260610,nonbonded,3799,PRIVPROBE:1,duplicate_filter,0,False,0,duplicate_filter
m12_no_attack_dup60_s20260610_nonbonded,P3-NoPersist,m12_no_attack_dup60_s20260610,nonbonded,3816,PRIVPROBE:1,duplicate_filter,0,False,0,duplicate_filter
m12_no_attack_dup60_s20260610_nonbonded,P3-NoPersist,m12_no_attack_dup60_s20260610,nonbonded,3838,PRIVPROBE:1,duplicate_filter,0,False,0,duplicate_filter
m12_no_attack_dup60_s20260610_nonbonded,P3-NoPersist,m12_no_attack_dup60_s20260610,nonbonded,3861,PRIVPROBE:1,duplicate_filter,0,False,0,duplicate_filter
m12_no_attack_dup60_s20260610_nonbonded,P3-NoPersist,m12_no_attack_dup60_s20260610,nonbonded,3883,PRIVPROBE:1,duplicate_filter,0,False,0,duplicate_filter
m12_no_attack_dup60_s20260610_nonbonded,P3-NoPersist,m12_no_attack_dup60_s20260610,nonbonded,3898,PRIVPROBE:1,duplicate_filter,0,False,0,duplicate_filter
m12_no_attack_dup60_s20260610_nonbonded,P3-NoPersist,m12_no_attack_dup60_s20260610,nonbonded,3917,PRIVPROBE:1,duplicate_filter,0,False,0,duplicate_filter
m12_no_attack_dup60_s20260610_nonbonded,P3-NoPersist,m12_no_attack_dup60_s20260610,nonbonded,3940,PRIVPROBE:1,duplicate_filter,0,False,0,duplicate_filter
m12_no_attack_dup60_s20260610_nonbonded,P3-NoPersist,m12_no_attack_dup60_s20260610,nonbonded,3962,PRIVPROBE:1,duplicate_filter,0,False,0,duplicate_filter
m12_no_attack_dup60_s20260610_nonbonded,P3-NoPersist,m12_no_attack_dup60_s20260610,nonbonded,3980,PRIVPROBE:1,duplicate_filter,0,False,0,duplicate_filter
m12_no_attack_dup60_s20260610_nonbonded,P3-NoPersist,m12_no_attack_dup60_s20260610,nonbonded,4003,PRIVPROBE:1,host_scan,504,False,0,host_scan
m12_no_attack_dup60_s20260610_nonbonded,P3-NoPersist,m12_no_attack_dup60_s20260610,nonbonded,4026,PRIVPROBE:1,duplicate_filter,0,False,0,duplicate_filter
m12_no_attack_dup60_s20260610_nonbonded,P3-NoPersist,m12_no_attack_dup60_s20260610,nonbonded,4055,PRIVPROBE:1,duplicate_filter,0,False,0,duplicate_filter
m12_no_attack_dup60_s20260610_nonbonded,P3-NoPersist,m12_no_attack_dup60_s20260610,nonbonded,4082,PRIVPROBE:1,duplicate_filter,0,False,0,duplicate_filter
m12_no_attack_dup60_s20260610_nonbonded,P3-NoPersist,m12_no_attack_dup60_s20260610,nonbonded,4095,PRIVPROBE:1,duplicate_filter,0,False,0,duplicate_filter
m12_no_attack_dup60_s20260610_nonbonded,P3-NoPersist,m12_no_attack_dup60_s20260610,nonbonded,4112,PRIVPROBE:1,duplicate_filter,0,False,0,duplicate_filter
m12_no_attack_dup60_s20260610_nonbonded,P3-NoPersist,m12_no_attack_dup60_s20260610,nonbonded,4134,PRIVPROBE:1,duplicate_filter,0,False,0,duplicate_filter
m12_no_attack_dup60_s20260610_nonbonded,P3-NoPersist,m12_no_attack_dup60_s20260610,nonbonded,4158,PRIVPROBE:1,duplicate_filter,0,False,0,duplicate_filter
m12_no_attack_dup60_s20260610_nonbonded,P3-NoPersist,m12_no_attack_dup60_s20260610,nonbonded,4182,PRIVPROBE:1,duplicate_filter,0,False,0,duplicate_filter
m12_no_attack_dup60_s20260610_nonbonded,P3-NoPersist,m12_no_attack_dup60_s20260610,nonbonded,4215,PRIVPROBE:1,duplicate_filter,0,False,0,duplicate_filter
m12_no_attack_dup60_s20260610_nonbonded,P3-NoPersist,m12_no_attack_dup60_s20260610,nonbonded,4227,PRIVPROBE:1,duplicate_filter,0,False,0,duplicate_filter
m12_no_attack_dup60_s20260610_nonbonded,P3-NoPersist,m12_no_attack_dup60_s20260610,nonbonded,4249,PRIVPROBE:1,duplicate_filter,0,False,0,duplicate_filter
m12_no_attack_dup60_s20260610_nonbonded,P3-NoPersist,m12_no_attack_dup60_s20260610,nonbonded,4271,PRIVPROBE:1,host_scan,504,False,0,host_scan
m12_no_attack_dup60_s20260610_nonbonded,P3-NoPersist,m12_no_attack_dup60_s20260610,nonbonded,4290,PRIVPROBE:1,duplicate_filter,0,False,0,duplicate_filter
m12_no_attack_dup60_s20260610_nonbonded,P3-NoPersist,m12_no_attack_dup60_s20260610,nonbonded,4311,PRIVPROBE:1,duplicate_filter,0,False,0,duplicate_filter
m12_no_attack_dup60_s20260610_nonbonded,P3-NoPersist,m12_no_attack_dup60_s20260610,nonbonded,4333,PRIVPROBE:1,duplicate_filter,0,False,0,duplicate_filter
m12_no_attack_dup60_s20260610_nonbonded,P3-NoPersist,m12_no_attack_dup60_s20260610,nonbonded,4359,PRIVPROBE:1,duplicate_filter,0,False,0,duplicate_filter
m12_no_attack_dup60_s20260610_nonbonded,P3-NoPersist,m12_no_attack_dup60_s20260610,nonbonded,4377,PRIVPROBE:1,duplicate_filter,0,False,0,duplicate_filter
m12_no_attack_dup60_s20260610_nonbonded,P3-NoPersist,m12_no_attack_dup60_s20260610,nonbonded,4401,PRIVPROBE:1,duplicate_filter,0,False,0,duplicate_filter
m12_no_attack_dup60_s20260610_nonbonded,P3-NoPersist,m12_no_attack_dup60_s20260610,nonbonded,4420,PRIVPROBE:1,duplicate_filter,0,False,0,duplicate_filter
m12_no_attack_dup60_s20260610_nonbonded,P3-NoPersist,m12_no_attack_dup60_s20260610,nonbonded,4446,PRIVPROBE:1,duplicate_filter,0,False,0,duplicate_filter
m12_no_attack_dup60_s20260610_nonbonded,P3-NoPersist,m12_no_attack_dup60_s20260610,nonbonded,4457,PRIVPROBE:1,duplicate_filter,0,False,0,duplicate_filter
m12_no_attack_dup60_s20260610_nonbonded,P3-NoPersist,m12_no_attack_dup60_s20260610,nonbonded,4481,PRIVPROBE:1,duplicate_filter,0,False,0,duplicate_filter
m12_no_attack_dup60_s20260610_nonbonded,P3-NoPersist,m12_no_attack_dup60_s20260610,nonbonded,4508,PRIVPROBE:1,duplicate_filter,0,False,0,duplicate_filter
m12_no_attack_dup60_s20260610_nonbonded,P3-NoPersist,m12_no_attack_dup60_s20260610,nonbonded,4530,PRIVPROBE:1,host_scan,504,False,0,host_scan
m12_no_attack_dup60_s20260610_nonbonded,P3-NoPersist,m12_no_attack_dup60_s20260610,nonbonded,4550,PRIVPROBE:1,duplicate_filter,0,False,0,duplicate_filter
m12_no_attack_dup60_s20260610_nonbonded,P3-NoPersist,m12_no_attack_dup60_s20260610,nonbonded,4579,PRIVPROBE:1,duplicate_filter,0,False,0,duplicate_filter
m12_no_attack_dup60_s20260610_nonbonded,P3-NoPersist,m12_no_attack_dup60_s20260610,nonbonded,4601,PRIVPROBE:1,duplicate_filter,0,False,0,duplicate_filter
m12_no_attack_dup60_s20260610_nonbonded,P3-NoPersist,m12_no_attack_dup60_s20260610,nonbonded,4620,PRIVPROBE:1,duplicate_filter,0,False,0,duplicate_filter
m12_no_attack_dup60_s20260610_nonbonded,P3-NoPersist,m12_no_attack_dup60_s20260610,nonbonded,4649,PRIVPROBE:1,duplicate_filter,0,False,0,duplicate_filter
m12_no_attack_dup60_s20260610_nonbonded,P3-NoPersist,m12_no_attack_dup60_s20260610,nonbonded,4674,PRIVPROBE:1,duplicate_filter,0,False,0,duplicate_filter
m12_no_attack_dup60_s20260610_nonbonded,P3-NoPersist,m12_no_attack_dup60_s20260610,nonbonded,4687,PRIVPROBE:1,duplicate_filter,0,False,0,duplicate_filter
m12_no_attack_dup60_s20260610_nonbonded,P3-NoPersist,m12_no_attack_dup60_s20260610,nonbonded,4709,PRIVPROBE:1,duplicate_filter,0,False,0,duplicate_filter
m12_no_attack_dup60_s20260610_nonbonded,P3-NoPersist,m12_no_attack_dup60_s20260610,nonbonded,4733,PRIVPROBE:1,duplicate_filter,0,False,0,duplicate_filter
m12_no_attack_dup60_s20260610_nonbonded,P3-NoPersist,m12_no_attack_dup60_s20260610,nonbonded,4756,PRIVPROBE:1,duplicate_filter,0,False,0,duplicate_filter
m12_no_attack_dup60_s20260610_nonbonded,P3-NoPersist,m12_no_attack_dup60_s20260610,nonbonded,4776,PRIVPROBE:1,duplicate_filter,0,False,0,duplicate_filter
m12_no_attack_dup60_s20260610_nonbonded,P3-NoPersist,m12_no_attack_dup60_s20260610,nonbonded,4799,PRIVPROBE:1,host_scan,504,False,0,host_scan
m12_no_attack_dup60_s20260610_nonbonded,P3-NoPersist,m12_no_attack_dup60_s20260610,nonbonded,4811,PRIVPROBE:1,duplicate_filter,0,False,0,duplicate_filter
m12_no_attack_dup60_s20260610_nonbonded,P3-NoPersist,m12_no_attack_dup60_s20260610,nonbonded,4831,PRIVPROBE:1,duplicate_filter,0,False,0,duplicate_filter
m12_no_attack_dup60_s20260610_nonbonded,P3-NoPersist,m12_no_attack_dup60_s20260610,nonbonded,4866,PRIVPROBE:1,duplicate_filter,0,False,0,duplicate_filter
m12_no_attack_dup60_s20260610_nonbonded,P3-NoPersist,m12_no_attack_dup60_s20260610,nonbonded,4883,PRIVPROBE:1,duplicate_filter,0,False,0,duplicate_filter
m12_no_attack_dup60_s20260610_nonbonded,P3-NoPersist,m12_no_attack_dup60_s20260610,nonbonded,4905,PRIVPROBE:1,duplicate_filter,0,False,0,duplicate_filter
m12_no_attack_dup60_s20260610_nonbonded,P3-NoPersist,m12_no_attack_dup60_s20260610,nonbonded,4918,PRIVPROBE:1,duplicate_filter,0,False,0,duplicate_filter
m12_no_attack_dup60_s20260610_nonbonded,P3-NoPersist,m12_no_attack_dup60_s20260610,nonbonded,4940,PRIVPROBE:1,duplicate_filter,0,False,0,duplicate_filter
m12_no_attack_dup60_s20260610_nonbonded,P3-NoPersist,m12_no_attack_dup60_s20260610,nonbonded,4961,PRIVPROBE:1,duplicate_filter,0,False,0,duplicate_filter
m12_no_attack_dup60_s20260610_nonbonded,P3-NoPersist,m12_no_attack_dup60_s20260610,nonbonded,4981,PRIVPROBE:1,duplicate_filter,0,False,0,duplicate_filter
m12_no_attack_dup60_s20260610_nonbonded,P3-NoPersist,m12_no_attack_dup60_s20260610,nonbonded,4996,PRIVPROBE:1,duplicate_filter,0,False,0,duplicate_filter
m12_no_attack_dup60_s20260610_nonbonded,P3-NoPersist,m12_no_attack_dup60_s20260610,nonbonded,5020,PRIVPROBE:1,duplicate_filter,0,False,0,duplicate_filter
m12_no_attack_dup60_s20260610_nonbonded,P3-NoPersist,m12_no_attack_dup60_s20260610,nonbonded,5052,PRIVPROBE:1,host_scan,504,False,0,host_scan
m12_no_attack_dup60_s20260610_nonbonded,P3-NoPersist,m12_no_attack_dup60_s20260610,nonbonded,5074,PRIVPROBE:1,duplicate_filter,0,False,0,duplicate_filter
m12_no_attack_dup60_s20260610_nonbonded,P3-NoPersist,m12_no_attack_dup60_s20260610,nonbonded,5093,PRIVPROBE:1,duplicate_filter,0,False,0,duplicate_filter
m12_no_attack_dup60_s20260610_nonbonded,P3-NoPersist,m12_no_attack_dup60_s20260610,nonbonded,5105,PRIVPROBE:1,duplicate_filter,0,False,0,duplicate_filter
m12_no_attack_dup60_s20260610_nonbonded,P3-NoPersist,m12_no_attack_dup60_s20260610,nonbonded,5122,PRIVPROBE:1,duplicate_filter,0,False,0,duplicate_filter
m12_no_attack_dup60_s20260610_nonbonded,P3-NoPersist,m12_no_attack_dup60_s20260610,nonbonded,5132,PRIVPROBE:1,duplicate_filter,0,False,0,duplicate_filter
m12_no_attack_dup60_s20260610_nonbonded,P3-NoPersist,m12_no_attack_dup60_s20260610,nonbonded,5156,PRIVPROBE:1,duplicate_filter,0,False,0,duplicate_filter
m12_no_attack_dup60_s20260610_nonbonded,P3-NoPersist,m12_no_attack_dup60_s20260610,nonbonded,5181,PRIVPROBE:1,duplicate_filter,0,False,0,duplicate_filter
m12_no_attack_dup60_s20260610_nonbonded,P3-NoPersist,m12_no_attack_dup60_s20260610,nonbonded,5203,PRIVPROBE:1,duplicate_filter,0,False,0,duplicate_filter
m12_no_attack_dup60_s20260610_nonbonded,P3-NoPersist,m12_no_attack_dup60_s20260610,nonbonded,5219,PRIVPROBE:1,duplicate_filter,0,False,0,duplicate_filter
m12_no_attack_dup60_s20260610_nonbonded,P3-NoPersist,m12_no_attack_dup60_s20260610,nonbonded,5240,PRIVPROBE:1,duplicate_filter,0,False,0,duplicate_filter
m12_no_attack_dup60_s20260610_nonbonded,P3-NoPersist,m12_no_attack_dup60_s20260610,nonbonded,5261,PRIVPROBE:1,duplicate_filter,0,False,0,duplicate_filter
m12_no_attack_dup60_s20260610_nonbonded,P3-NoPersist,m12_no_attack_dup60_s20260610,nonbonded,5280,PRIVPROBE:1,host_scan,504,False,0,host_scan
m12_no_attack_dup60_s20260610_nonbonded,P3-NoPersist,m12_no_attack_dup60_s20260610,nonbonded,5291,PRIVPROBE:1,duplicate_filter,0,False,0,duplicate_filter
m12_no_attack_dup60_s20260610_nonbonded,P3-NoPersist,m12_no_attack_dup60_s20260610,nonbonded,5313,PRIVPROBE:1,duplicate_filter,0,False,0,duplicate_filter
m12_no_attack_dup60_s20260610_nonbonded,P3-NoPersist,m12_no_attack_dup60_s20260610,nonbonded,5334,PRIVPROBE:1,duplicate_filter,0,False,0,duplicate_filter
m12_no_attack_dup60_s20260610_nonbonded,P3-NoPersist,m12_no_attack_dup60_s20260610,nonbonded,5350,PRIVPROBE:1,duplicate_filter,0,False,0,duplicate_filter
m12_no_attack_dup60_s20260610_nonbonded,P3-NoPersist,m12_no_attack_dup60_s20260610,nonbonded,5370,PRIVPROBE:1,duplicate_filter,0,False,0,duplicate_filter
m12_no_attack_dup60_s20260610_nonbonded,P3-NoPersist,m12_no_attack_dup60_s20260610,nonbonded,5391,PRIVPROBE:1,duplicate_filter,0,False,0,duplicate_filter
m12_no_attack_dup60_s20260610_nonbonded,P3-NoPersist,m12_no_attack_dup60_s20260610,nonbonded,5411,PRIVPROBE:1,duplicate_filter,0,False,0,duplicate_filter
m12_no_attack_dup60_s20260610_nonbonded,P3-NoPersist,m12_no_attack_dup60_s20260610,nonbonded,5430,PRIVPROBE:1,duplicate_filter,0,False,0,duplicate_filter
m12_no_attack_dup60_s20260610_nonbonded,P3-NoPersist,m12_no_attack_dup60_s20260610,nonbonded,5450,PRIVPROBE:1,duplicate_filter,0,False,0,duplicate_filter
m12_no_attack_dup60_s20260610_nonbonded,P3-NoPersist,m12_no_attack_dup60_s20260610,nonbonded,5476,PRIVPROBE:1,duplicate_filter,0,False,0,duplicate_filter
m12_no_attack_dup60_s20260610_nonbonded,P3-NoPersist,m12_no_attack_dup60_s20260610,nonbonded,5498,PRIVPROBE:1,duplicate_filter,0,False,0,duplicate_filter
m12_no_attack_dup60_s20260610_nonbonded,P3-NoPersist,m12_no_attack_dup60_s20260610,nonbonded,5524,PRIVPROBE:1,host_scan,504,False,0,host_scan
m12_no_attack_dup60_s20260610_nonbonded,P3-NoPersist,m12_no_attack_dup60_s20260610,nonbonded,5541,PRIVPROBE:1,duplicate_filter,0,False,0,duplicate_filter
m12_no_attack_dup60_s20260610_nonbonded,P3-NoPersist,m12_no_attack_dup60_s20260610,nonbonded,5563,PRIVPROBE:1,duplicate_filter,0,False,0,duplicate_filter
m12_no_attack_dup60_s20260610_nonbonded,P3-NoPersist,m12_no_attack_dup60_s20260610,nonbonded,5591,PRIVPROBE:1,duplicate_filter,0,False,0,duplicate_filter
m12_no_attack_dup60_s20260610_nonbonded,P3-NoPersist,m12_no_attack_dup60_s20260610,nonbonded,5604,PRIVPROBE:1,duplicate_filter,0,False,0,duplicate_filter
m12_no_attack_dup60_s20260610_nonbonded,P3-NoPersist,m12_no_attack_dup60_s20260610,nonbonded,5621,PRIVPROBE:1,duplicate_filter,0,False,0,duplicate_filter
m12_no_attack_dup60_s20260610_nonbonded,P3-NoPersist,m12_no_attack_dup60_s20260610,nonbonded,5639,PRIVPROBE:1,duplicate_filter,0,False,0,duplicate_filter
m12_no_attack_dup60_s20260610_nonbonded,P3-NoPersist,m12_no_attack_dup60_s20260610,nonbonded,5663,PRIVPROBE:1,duplicate_filter,0,False,0,duplicate_filter
m12_no_attack_dup60_s20260610_nonbonded,P3-NoPersist,m12_no_attack_dup60_s20260610,nonbonded,5684,PRIVPROBE:1,duplicate_filter,0,False,0,duplicate_filter
m12_no_attack_dup60_s20260610_nonbonded,P3-NoPersist,m12_no_attack_dup60_s20260610,nonbonded,5707,PRIVPROBE:1,duplicate_filter,0,False,0,duplicate_filter
m12_no_attack_dup60_s20260610_nonbonded,P3-NoPersist,m12_no_attack_dup60_s20260610,nonbonded,5729,PRIVPROBE:1,duplicate_filter,0,False,0,duplicate_filter
m12_no_attack_dup60_s20260610_nonbonded,P3-NoPersist,m12_no_attack_dup60_s20260610,nonbonded,5749,PRIVPROBE:1,duplicate_filter,0,False,0,duplicate_filter
m12_no_attack_dup60_s20260610_nonbonded,P3-NoPersist,m12_no_attack_dup60_s20260610,nonbonded,5779,PRIVPROBE:1,host_scan,504,False,0,host_scan
m12_no_attack_dup60_s20260610_nonbonded,P3-NoPersist,m12_no_attack_dup60_s20260610,nonbonded,5794,PRIVPROBE:1,duplicate_filter,0,False,0,duplicate_filter
m12_no_attack_dup60_s20260610_nonbonded,P3-NoPersist,m12_no_attack_dup60_s20260610,nonbonded,5806,PRIVPROBE:1,duplicate_filter,0,False,0,duplicate_filter
m12_no_attack_dup60_s20260610_nonbonded,P3-NoPersist,m12_no_attack_dup60_s20260610,nonbonded,5829,PRIVPROBE:1,duplicate_filter,0,False,0,duplicate_filter
m12_no_attack_dup60_s20260610_nonbonded,P3-NoPersist,m12_no_attack_dup60_s20260610,nonbonded,5852,PRIVPROBE:1,duplicate_filter,0,False,0,duplicate_filter
m12_no_attack_dup60_s20260610_nonbonded,P3-NoPersist,m12_no_attack_dup60_s20260610,nonbonded,5865,PRIVPROBE:1,duplicate_filter,0,False,0,duplicate_filter
m12_no_attack_dup60_s20260610_nonbonded,P3-NoPersist,m12_no_attack_dup60_s20260610,nonbonded,5883,PRIVPROBE:1,duplicate_filter,0,False,0,duplicate_filter
m12_no_attack_dup60_s20260610_nonbonded,P3-NoPersist,m12_no_attack_dup60_s20260610,nonbonded,5906,PRIVPROBE:1,duplicate_filter,0,False,0,duplicate_filter
m12_no_attack_dup60_s20260610_nonbonded,P3-NoPersist,m12_no_attack_dup60_s20260610,nonbonded,5926,PRIVPROBE:1,duplicate_filter,0,False,0,duplicate_filter
m12_no_attack_dup60_s20260610_nonbonded,P3-NoPersist,m12_no_attack_dup60_s20260610,nonbonded,5942,PRIVPROBE:1,duplicate_filter,0,False,0,duplicate_filter
m12_no_attack_dup60_s20260610_nonbonded,P3-NoPersist,m12_no_attack_dup60_s20260610,nonbonded,5960,PRIVPROBE:1,duplicate_filter,0,False,0,duplicate_filter
m12_no_attack_dup60_s20260610_nonbonded,P3-NoPersist,m12_no_attack_dup60_s20260610,nonbonded,5978,PRIVPROBE:1,duplicate_filter,0,False,0,duplicate_filter
m12_no_attack_dup60_s20260610_nonbonded,P3-NoPersist,m12_no_attack_dup60_s20260610,nonbonded,6000,PRIVPROBE:1,host_scan,504,False,0,host_scan
m12_no_attack_dup60_s20260610_nonbonded,P3-NoPersist,m12_no_attack_dup60_s20260610,nonbonded,6024,PRIVPROBE:1,duplicate_filter,0,False,0,duplicate_filter
m12_no_attack_dup60_s20260610_nonbonded,P3-NoPersist,m12_no_attack_dup60_s20260610,nonbonded,6042,PRIVPROBE:1,duplicate_filter,0,False,0,duplicate_filter
m12_no_attack_dup60_s20260610_nonbonded,P3-NoPersist,m12_no_attack_dup60_s20260610,nonbonded,6066,PRIVPROBE:1,duplicate_filter,0,False,0,duplicate_filter
m12_no_attack_dup60_s20260610_nonbonded,P3-NoPersist,m12_no_attack_dup60_s20260610,nonbonded,6089,PRIVPROBE:1,duplicate_filter,0,False,0,duplicate_filter
m12_no_attack_dup60_s20260610_nonbonded,P3-NoPersist,m12_no_attack_dup60_s20260610,nonbonded,6109,PRIVPROBE:1,duplicate_filter,0,False,0,duplicate_filter
m12_no_attack_dup60_s20260610_nonbonded,P3-NoPersist,m12_no_attack_dup60_s20260610,nonbonded,6127,PRIVPROBE:1,duplicate_filter,0,False,0,duplicate_filter
m12_no_attack_dup60_s20260610_nonbonded,P3-NoPersist,m12_no_attack_dup60_s20260610,nonbonded,6136,PRIVPROBE:1,duplicate_filter,0,False,0,duplicate_filter
m12_no_attack_dup60_s20260610_nonbonded,P3-NoPersist,m12_no_attack_dup60_s20260610,nonbonded,6157,PRIVPROBE:1,duplicate_filter,0,False,0,duplicate_filter
m12_no_attack_dup60_s20260610_nonbonded,P3-NoPersist,m12_no_attack_dup60_s20260610,nonbonded,6175,PRIVPROBE:1,duplicate_filter,0,False,0,duplicate_filter
m12_no_attack_dup60_s20260610_nonbonded,P3-NoPersist,m12_no_attack_dup60_s20260610,nonbonded,6194,PRIVPROBE:1,duplicate_filter,0,False,0,duplicate_filter
m12_no_attack_dup60_s20260610_nonbonded,P3-NoPersist,m12_no_attack_dup60_s20260610,nonbonded,6213,PRIVPROBE:1,duplicate_filter,0,False,0,duplicate_filter
m12_no_attack_dup60_s20260610_nonbonded,P3-NoPersist,m12_no_attack_dup60_s20260610,nonbonded,6238,PRIVPROBE:1,host_scan,504,False,0,host_scan
m12_no_attack_dup60_s20260610_nonbonded,P3-NoPersist,m12_no_attack_dup60_s20260610,nonbonded,6254,PRIVPROBE:1,duplicate_filter,0,False,0,duplicate_filter
m12_no_attack_dup60_s20260610_nonbonded,P3-NoPersist,m12_no_attack_dup60_s20260610,nonbonded,6277,PRIVPROBE:1,duplicate_filter,0,False,0,duplicate_filter
m12_no_attack_dup60_s20260610_nonbonded,P3-NoPersist,m12_no_attack_dup60_s20260610,nonbonded,6295,PRIVPROBE:1,duplicate_filter,0,False,0,duplicate_filter
m12_no_attack_dup60_s20260610_nonbonded,P3-NoPersist,m12_no_attack_dup60_s20260610,nonbonded,6321,PRIVPROBE:1,duplicate_filter,0,False,0,duplicate_filter
m12_no_attack_dup60_s20260610_nonbonded,P3-NoPersist,m12_no_attack_dup60_s20260610,nonbonded,6339,PRIVPROBE:1,duplicate_filter,0,False,0,duplicate_filter
m12_no_attack_dup60_s20260610_nonbonded,P3-NoPersist,m12_no_attack_dup60_s20260610,nonbonded,6354,PRIVPROBE:1,duplicate_filter,0,False,0,duplicate_filter
m12_no_attack_dup60_s20260610_nonbonded,P3-NoPersist,m12_no_attack_dup60_s20260610,nonbonded,6368,PRIVPROBE:1,duplicate_filter,0,False,0,duplicate_filter
m12_no_attack_dup60_s20260610_nonbonded,P3-NoPersist,m12_no_attack_dup60_s20260610,nonbonded,6387,PRIVPROBE:1,duplicate_filter,0,False,0,duplicate_filter
m12_no_attack_dup60_s20260610_nonbonded,P3-NoPersist,m12_no_attack_dup60_s20260610,nonbonded,6412,PRIVPROBE:1,duplicate_filter,0,False,0,duplicate_filter
m12_no_attack_dup60_s20260610_nonbonded,P3-NoPersist,m12_no_attack_dup60_s20260610,nonbonded,6433,PRIVPROBE:1,duplicate_filter,0,False,0,duplicate_filter
m12_no_attack_dup60_s20260610_nonbonded,P3-NoPersist,m12_no_attack_dup60_s20260610,nonbonded,6451,PRIVPROBE:1,duplicate_filter,0,False,0,duplicate_filter
m12_no_attack_dup60_s20260610_nonbonded,P3-NoPersist,m12_no_attack_dup60_s20260610,nonbonded,6467,PRIVPROBE:1,host_scan,504,False,0,host_scan
m12_no_attack_dup60_s20260610_nonbonded,P3-NoPersist,m12_no_attack_dup60_s20260610,nonbonded,6493,PRIVPROBE:1,duplicate_filter,0,False,0,duplicate_filter
m12_no_attack_dup60_s20260610_nonbonded,P3-NoPersist,m12_no_attack_dup60_s20260610,nonbonded,6515,PRIVPROBE:1,duplicate_filter,0,False,0,duplicate_filter
m12_no_attack_dup60_s20260610_nonbonded,P3-NoPersist,m12_no_attack_dup60_s20260610,nonbonded,6541,PRIVPROBE:1,duplicate_filter,0,False,0,duplicate_filter
m12_no_attack_dup60_s20260610_nonbonded,P3-NoPersist,m12_no_attack_dup60_s20260610,nonbonded,6568,PRIVPROBE:1,duplicate_filter,0,False,0,duplicate_filter
m12_no_attack_dup60_s20260610_nonbonded,P3-NoPersist,m12_no_attack_dup60_s20260610,nonbonded,6589,PRIVPROBE:1,duplicate_filter,0,False,0,duplicate_filter
m12_no_attack_dup60_s20260610_nonbonded,P3-NoPersist,m12_no_attack_dup60_s20260610,nonbonded,6605,PRIVPROBE:1,duplicate_filter,0,False,0,duplicate_filter
m12_no_attack_dup60_s20260610_nonbonded,P3-NoPersist,m12_no_attack_dup60_s20260610,nonbonded,6627,PRIVPROBE:1,duplicate_filter,0,False,0,duplicate_filter
m12_no_attack_dup60_s20260610_nonbonded,P3-NoPersist,m12_no_attack_dup60_s20260610,nonbonded,6656,PRIVPROBE:1,duplicate_filter,0,False,0,duplicate_filter
m12_no_attack_dup60_s20260610_nonbonded,P3-NoPersist,m12_no_attack_dup60_s20260610,nonbonded,6674,PRIVPROBE:1,duplicate_filter,0,False,0,duplicate_filter
m12_no_attack_dup60_s20260610_nonbonded,P3-NoPersist,m12_no_attack_dup60_s20260610,nonbonded,6689,PRIVPROBE:1,duplicate_filter,0,False,0,duplicate_filter
m12_no_attack_dup60_s20260610_nonbonded,P3-NoPersist,m12_no_attack_dup60_s20260610,nonbonded,6715,PRIVPROBE:1,duplicate_filter,0,False,0,duplicate_filter
m12_no_attack_dup60_s20260610_nonbonded,P3-NoPersist,m12_no_attack_dup60_s20260610,nonbonded,6738,PRIVPROBE:1,host_scan,504,False,0,host_scan
m12_no_attack_dup60_s20260610_nonbonded,P3-NoPersist,m12_no_attack_dup60_s20260610,nonbonded,6758,PRIVPROBE:1,duplicate_filter,0,False,0,duplicate_filter
m12_no_attack_dup60_s20260610_nonbonded,P3-NoPersist,m12_no_attack_dup60_s20260610,nonbonded,6774,PRIVPROBE:1,duplicate_filter,0,False,0,duplicate_filter
m12_no_attack_dup60_s20260610_nonbonded,P3-NoPersist,m12_no_attack_dup60_s20260610,nonbonded,6794,PRIVPROBE:1,duplicate_filter,0,False,0,duplicate_filter
m12_no_attack_dup60_s20260610_nonbonded,P3-NoPersist,m12_no_attack_dup60_s20260610,nonbonded,6813,PRIVPROBE:1,duplicate_filter,0,False,0,duplicate_filter
m12_no_attack_dup60_s20260610_nonbonded,P3-NoPersist,m12_no_attack_dup60_s20260610,nonbonded,6833,PRIVPROBE:1,duplicate_filter,0,False,0,duplicate_filter
m12_no_attack_dup60_s20260610_nonbonded,P3-NoPersist,m12_no_attack_dup60_s20260610,nonbonded,6847,PRIVPROBE:1,duplicate_filter,0,False,0,duplicate_filter
m12_no_attack_dup60_s20260610_nonbonded,P3-NoPersist,m12_no_attack_dup60_s20260610,nonbonded,6860,PRIVPROBE:1,duplicate_filter,0,False,0,duplicate_filter
m12_no_attack_dup60_s20260610_nonbonded,P3-NoPersist,m12_no_attack_dup60_s20260610,nonbonded,6874,PRIVPROBE:1,duplicate_filter,0,False,0,duplicate_filter
m12_no_attack_dup60_s20260610_nonbonded,P3-NoPersist,m12_no_attack_dup60_s20260610,nonbonded,6891,PRIVPROBE:1,duplicate_filter,0,False,0,duplicate_filter
m12_no_attack_dup60_s20260610_nonbonded,P3-NoPersist,m12_no_attack_dup60_s20260610,nonbonded,6914,PRIVPROBE:1,duplicate_filter,0,False,0,duplicate_filter
m12_no_attack_dup60_s20260610_nonbonded,P3-NoPersist,m12_no_attack_dup60_s20260610,nonbonded,6937,PRIVPROBE:1,duplicate_filter,0,False,0,duplicate_filter
m12_no_attack_dup60_s20260610_nonbonded,P3-NoPersist,m12_no_attack_dup60_s20260610,nonbonded,6962,PRIVPROBE:1,host_scan,504,False,0,host_scan
m12_no_attack_dup60_s20260610_nonbonded,P3-NoPersist,m12_no_attack_dup60_s20260610,nonbonded,6991,PRIVPROBE:1,duplicate_filter,0,False,0,duplicate_filter
m12_no_attack_dup60_s20260610_nonbonded,P3-NoPersist,m12_no_attack_dup60_s20260610,nonbonded,7011,PRIVPROBE:1,duplicate_filter,0,False,0,duplicate_filter
m12_no_attack_dup60_s20260610_nonbonded,P3-NoPersist,m12_no_attack_dup60_s20260610,nonbonded,7035,PRIVPROBE:1,duplicate_filter,0,False,0,duplicate_filter
m12_no_attack_dup60_s20260610_nonbonded,P3-NoPersist,m12_no_attack_dup60_s20260610,nonbonded,7052,PRIVPROBE:1,duplicate_filter,0,False,0,duplicate_filter
m12_no_attack_dup60_s20260610_nonbonded,P3-NoPersist,m12_no_attack_dup60_s20260610,nonbonded,7074,PRIVPROBE:1,duplicate_filter,0,False,0,duplicate_filter
m12_no_attack_dup60_s20260610_nonbonded,P3-NoPersist,m12_no_attack_dup60_s20260610,nonbonded,7096,PRIVPROBE:1,duplicate_filter,0,False,0,duplicate_filter
m12_no_attack_dup60_s20260610_nonbonded,P3-NoPersist,m12_no_attack_dup60_s20260610,nonbonded,7109,PRIVPROBE:1,duplicate_filter,0,False,0,duplicate_filter
m12_no_attack_dup60_s20260610_nonbonded,P3-NoPersist,m12_no_attack_dup60_s20260610,nonbonded,7139,PRIVPROBE:1,duplicate_filter,0,False,0,duplicate_filter
m12_no_attack_dup60_s20260610_nonbonded,P3-NoPersist,m12_no_attack_dup60_s20260610,nonbonded,7158,PRIVPROBE:1,duplicate_filter,0,False,0,duplicate_filter
m12_no_attack_dup60_s20260610_nonbonded,P3-NoPersist,m12_no_attack_dup60_s20260610,nonbonded,7175,PRIVPROBE:1,duplicate_filter,0,False,0,duplicate_filter
m12_no_attack_dup60_s20260610_nonbonded,P3-NoPersist,m12_no_attack_dup60_s20260610,nonbonded,7196,PRIVPROBE:1,duplicate_filter,0,False,0,duplicate_filter
m12_no_attack_dup60_s20260610_nonbonded,P3-NoPersist,m12_no_attack_dup60_s20260610,nonbonded,7216,PRIVPROBE:1,host_scan,504,False,0,host_scan
m12_no_attack_dup60_s20260610_nonbonded,P3-NoPersist,m12_no_attack_dup60_s20260610,nonbonded,7236,PRIVPROBE:1,duplicate_filter,0,False,0,duplicate_filter
m12_no_attack_dup60_s20260610_nonbonded,P3-NoPersist,m12_no_attack_dup60_s20260610,nonbonded,7261,PRIVPROBE:1,duplicate_filter,0,False,0,duplicate_filter
m12_no_attack_dup60_s20260610_nonbonded,P3-NoPersist,m12_no_attack_dup60_s20260610,nonbonded,7275,PRIVPROBE:1,duplicate_filter,0,False,0,duplicate_filter
m12_no_attack_dup60_s20260610_nonbonded,P3-NoPersist,m12_no_attack_dup60_s20260610,nonbonded,7300,PRIVPROBE:1,duplicate_filter,0,False,0,duplicate_filter
m12_no_attack_dup60_s20260610_nonbonded,P3-NoPersist,m12_no_attack_dup60_s20260610,nonbonded,7328,PRIVPROBE:1,duplicate_filter,0,False,0,duplicate_filter
m12_no_attack_dup60_s20260610_nonbonded,P3-NoPersist,m12_no_attack_dup60_s20260610,nonbonded,7350,PRIVPROBE:1,duplicate_filter,0,False,0,duplicate_filter
m12_no_attack_dup60_s20260610_nonbonded,P3-NoPersist,m12_no_attack_dup60_s20260610,nonbonded,7369,PRIVPROBE:1,duplicate_filter,0,False,0,duplicate_filter
m12_no_attack_dup60_s20260610_nonbonded,P3-NoPersist,m12_no_attack_dup60_s20260610,nonbonded,7389,PRIVPROBE:1,duplicate_filter,0,False,0,duplicate_filter
m12_no_attack_dup60_s20260610_nonbonded,P3-NoPersist,m12_no_attack_dup60_s20260610,nonbonded,7407,PRIVPROBE:1,duplicate_filter,0,False,0,duplicate_filter
m12_no_attack_dup60_s20260610_nonbonded,P3-NoPersist,m12_no_attack_dup60_s20260610,nonbonded,7424,PRIVPROBE:1,duplicate_filter,0,False,0,duplicate_filter
m12_no_attack_dup60_s20260610_nonbonded,P3-NoPersist,m12_no_attack_dup60_s20260610,nonbonded,7445,PRIVPROBE:1,duplicate_filter,0,False,0,duplicate_filter
m12_no_attack_dup60_s20260610_nonbonded,BudgetDoS,m12_no_attack_dup60_s20260610,nonbonded,1225,PRIVPROBE:0,host_scan,504,False,0,host_scan
m12_no_attack_dup60_s20260610_nonbonded,BudgetDoS,m12_no_attack_dup60_s20260610,nonbonded,1244,PRIVPROBE:0,duplicate_filter,0,False,0,duplicate_filter
m12_no_attack_dup60_s20260610_nonbonded,BudgetDoS,m12_no_attack_dup60_s20260610,nonbonded,1266,PRIVPROBE:0,duplicate_filter,0,False,0,duplicate_filter
m12_no_attack_dup60_s20260610_nonbonded,BudgetDoS,m12_no_attack_dup60_s20260610,nonbonded,1284,PRIVPROBE:0,duplicate_filter,0,False,0,duplicate_filter
m12_no_attack_dup60_s20260610_nonbonded,BudgetDoS,m12_no_attack_dup60_s20260610,nonbonded,1307,PRIVPROBE:0,duplicate_filter,0,False,0,duplicate_filter
m12_no_attack_dup60_s20260610_nonbonded,BudgetDoS,m12_no_attack_dup60_s20260610,nonbonded,1338,PRIVPROBE:0,duplicate_filter,0,False,0,duplicate_filter
m12_no_attack_dup60_s20260610_nonbonded,BudgetDoS,m12_no_attack_dup60_s20260610,nonbonded,1362,PRIVPROBE:0,duplicate_filter,0,False,0,duplicate_filter
m12_no_attack_dup60_s20260610_nonbonded,BudgetDoS,m12_no_attack_dup60_s20260610,nonbonded,1378,PRIVPROBE:0,duplicate_filter,0,False,0,duplicate_filter
m12_no_attack_dup60_s20260610_nonbonded,BudgetDoS,m12_no_attack_dup60_s20260610,nonbonded,1396,PRIVPROBE:0,duplicate_filter,0,False,0,duplicate_filter
m12_no_attack_dup60_s20260610_nonbonded,BudgetDoS,m12_no_attack_dup60_s20260610,nonbonded,1415,PRIVPROBE:0,duplicate_filter,0,False,0,duplicate_filter
m12_no_attack_dup60_s20260610_nonbonded,BudgetDoS,m12_no_attack_dup60_s20260610,nonbonded,1448,PRIVPROBE:0,duplicate_filter,0,False,0,duplicate_filter
m12_no_attack_dup60_s20260610_nonbonded,BudgetDoS,m12_no_attack_dup60_s20260610,nonbonded,1471,PRIVPROBE:0,duplicate_filter,0,False,0,duplicate_filter
m12_no_attack_dup60_s20260610_nonbonded,BudgetDoS,m12_no_attack_dup60_s20260610,nonbonded,1483,PRIVPROBE:0,host_scan,504,False,0,host_scan
m12_no_attack_dup60_s20260610_nonbonded,BudgetDoS,m12_no_attack_dup60_s20260610,nonbonded,1506,PRIVPROBE:0,duplicate_filter,0,False,0,duplicate_filter
m12_no_attack_dup60_s20260610_nonbonded,BudgetDoS,m12_no_attack_dup60_s20260610,nonbonded,1528,PRIVPROBE:0,duplicate_filter,0,False,0,duplicate_filter
m12_no_attack_dup60_s20260610_nonbonded,BudgetDoS,m12_no_attack_dup60_s20260610,nonbonded,1549,PRIVPROBE:0,duplicate_filter,0,False,0,duplicate_filter
m12_no_attack_dup60_s20260610_nonbonded,BudgetDoS,m12_no_attack_dup60_s20260610,nonbonded,1565,PRIVPROBE:0,duplicate_filter,0,False,0,duplicate_filter
m12_no_attack_dup60_s20260610_nonbonded,BudgetDoS,m12_no_attack_dup60_s20260610,nonbonded,1583,PRIVPROBE:0,duplicate_filter,0,False,0,duplicate_filter
m12_no_attack_dup60_s20260610_nonbonded,BudgetDoS,m12_no_attack_dup60_s20260610,nonbonded,1615,PRIVPROBE:0,duplicate_filter,0,False,0,duplicate_filter
m12_no_attack_dup60_s20260610_nonbonded,BudgetDoS,m12_no_attack_dup60_s20260610,nonbonded,1640,PRIVPROBE:0,duplicate_filter,0,False,0,duplicate_filter
m12_no_attack_dup60_s20260610_nonbonded,BudgetDoS,m12_no_attack_dup60_s20260610,nonbonded,1656,PRIVPROBE:0,duplicate_filter,0,False,0,duplicate_filter
m12_no_attack_dup60_s20260610_nonbonded,BudgetDoS,m12_no_attack_dup60_s20260610,nonbonded,1668,PRIVPROBE:0,duplicate_filter,0,False,0,duplicate_filter
m12_no_attack_dup60_s20260610_nonbonded,BudgetDoS,m12_no_attack_dup60_s20260610,nonbonded,1690,PRIVPROBE:0,duplicate_filter,0,False,0,duplicate_filter
m12_no_attack_dup60_s20260610_nonbonded,BudgetDoS,m12_no_attack_dup60_s20260610,nonbonded,1707,PRIVPROBE:0,duplicate_filter,0,False,0,duplicate_filter
m12_no_attack_dup60_s20260610_nonbonded,BudgetDoS,m12_no_attack_dup60_s20260610,nonbonded,1725,PRIVPROBE:0,host_scan,504,False,0,host_scan
m12_no_attack_dup60_s20260610_nonbonded,BudgetDoS,m12_no_attack_dup60_s20260610,nonbonded,1751,PRIVPROBE:0,duplicate_filter,0,False,0,duplicate_filter
m12_no_attack_dup60_s20260610_nonbonded,BudgetDoS,m12_no_attack_dup60_s20260610,nonbonded,1760,PRIVPROBE:0,duplicate_filter,0,False,0,duplicate_filter
m12_no_attack_dup60_s20260610_nonbonded,BudgetDoS,m12_no_attack_dup60_s20260610,nonbonded,1776,PRIVPROBE:0,duplicate_filter,0,False,0,duplicate_filter
m12_no_attack_dup60_s20260610_nonbonded,BudgetDoS,m12_no_attack_dup60_s20260610,nonbonded,1789,PRIVPROBE:0,duplicate_filter,0,False,0,duplicate_filter
m12_no_attack_dup60_s20260610_nonbonded,BudgetDoS,m12_no_attack_dup60_s20260610,nonbonded,1812,PRIVPROBE:0,duplicate_filter,0,False,0,duplicate_filter
m12_no_attack_dup60_s20260610_nonbonded,BudgetDoS,m12_no_attack_dup60_s20260610,nonbonded,1831,PRIVPROBE:0,duplicate_filter,0,False,0,duplicate_filter
m12_no_attack_dup60_s20260610_nonbonded,BudgetDoS,m12_no_attack_dup60_s20260610,nonbonded,1847,PRIVPROBE:0,duplicate_filter,0,False,0,duplicate_filter
m12_no_attack_dup60_s20260610_nonbonded,BudgetDoS,m12_no_attack_dup60_s20260610,nonbonded,1872,PRIVPROBE:0,duplicate_filter,0,False,0,duplicate_filter
m12_no_attack_dup60_s20260610_nonbonded,BudgetDoS,m12_no_attack_dup60_s20260610,nonbonded,1893,PRIVPROBE:0,duplicate_filter,0,False,0,duplicate_filter
m12_no_attack_dup60_s20260610_nonbonded,BudgetDoS,m12_no_attack_dup60_s20260610,nonbonded,1904,PRIVPROBE:0,duplicate_filter,0,False,0,duplicate_filter
m12_no_attack_dup60_s20260610_nonbonded,BudgetDoS,m12_no_attack_dup60_s20260610,nonbonded,1926,PRIVPROBE:0,duplicate_filter,0,False,0,duplicate_filter
m12_no_attack_dup60_s20260610_nonbonded,BudgetDoS,m12_no_attack_dup60_s20260610,nonbonded,1952,PRIVPROBE:0,host_scan,504,False,0,host_scan
m12_no_attack_dup60_s20260610_nonbonded,BudgetDoS,m12_no_attack_dup60_s20260610,nonbonded,1974,PRIVPROBE:0,duplicate_filter,0,False,0,duplicate_filter
m12_no_attack_dup60_s20260610_nonbonded,BudgetDoS,m12_no_attack_dup60_s20260610,nonbonded,1991,PRIVPROBE:0,duplicate_filter,0,False,0,duplicate_filter
m12_no_attack_dup60_s20260610_nonbonded,BudgetDoS,m12_no_attack_dup60_s20260610,nonbonded,2013,PRIVPROBE:0,duplicate_filter,0,False,0,duplicate_filter
m12_no_attack_dup60_s20260610_nonbonded,BudgetDoS,m12_no_attack_dup60_s20260610,nonbonded,2035,PRIVPROBE:0,duplicate_filter,0,False,0,duplicate_filter
m12_no_attack_dup60_s20260610_nonbonded,BudgetDoS,m12_no_attack_dup60_s20260610,nonbonded,2056,PRIVPROBE:0,duplicate_filter,0,False,0,duplicate_filter
m12_no_attack_dup60_s20260610_nonbonded,BudgetDoS,m12_no_attack_dup60_s20260610,nonbonded,2086,PRIVPROBE:0,duplicate_filter,0,False,0,duplicate_filter
m12_no_attack_dup60_s20260610_nonbonded,BudgetDoS,m12_no_attack_dup60_s20260610,nonbonded,2112,PRIVPROBE:0,duplicate_filter,0,False,0,duplicate_filter
m12_no_attack_dup60_s20260610_nonbonded,BudgetDoS,m12_no_attack_dup60_s20260610,nonbonded,2130,PRIVPROBE:0,duplicate_filter,0,False,0,duplicate_filter
m12_no_attack_dup60_s20260610_nonbonded,BudgetDoS,m12_no_attack_dup60_s20260610,nonbonded,2151,PRIVPROBE:0,duplicate_filter,0,False,0,duplicate_filter
m12_no_attack_dup60_s20260610_nonbonded,BudgetDoS,m12_no_attack_dup60_s20260610,nonbonded,2170,PRIVPROBE:0,duplicate_filter,0,False,0,duplicate_filter
m12_no_attack_dup60_s20260610_nonbonded,BudgetDoS,m12_no_attack_dup60_s20260610,nonbonded,2196,PRIVPROBE:0,duplicate_filter,0,False,0,duplicate_filter
m12_no_attack_dup60_s20260610_nonbonded,BudgetDoS,m12_no_attack_dup60_s20260610,nonbonded,2219,PRIVPROBE:0,host_scan,504,False,0,host_scan
m12_no_attack_dup60_s20260610_nonbonded,BudgetDoS,m12_no_attack_dup60_s20260610,nonbonded,2244,PRIVPROBE:0,duplicate_filter,0,False,0,duplicate_filter
m12_no_attack_dup60_s20260610_nonbonded,BudgetDoS,m12_no_attack_dup60_s20260610,nonbonded,2268,PRIVPROBE:0,duplicate_filter,0,False,0,duplicate_filter
m12_no_attack_dup60_s20260610_nonbonded,BudgetDoS,m12_no_attack_dup60_s20260610,nonbonded,2283,PRIVPROBE:0,duplicate_filter,0,False,0,duplicate_filter
m12_no_attack_dup60_s20260610_nonbonded,BudgetDoS,m12_no_attack_dup60_s20260610,nonbonded,2312,PRIVPROBE:0,duplicate_filter,0,False,0,duplicate_filter
m12_no_attack_dup60_s20260610_nonbonded,BudgetDoS,m12_no_attack_dup60_s20260610,nonbonded,2329,PRIVPROBE:0,duplicate_filter,0,False,0,duplicate_filter
m12_no_attack_dup60_s20260610_nonbonded,BudgetDoS,m12_no_attack_dup60_s20260610,nonbonded,2346,PRIVPROBE:0,duplicate_filter,0,False,0,duplicate_filter
m12_no_attack_dup60_s20260610_nonbonded,BudgetDoS,m12_no_attack_dup60_s20260610,nonbonded,2363,PRIVPROBE:0,duplicate_filter,0,False,0,duplicate_filter
m12_no_attack_dup60_s20260610_nonbonded,BudgetDoS,m12_no_attack_dup60_s20260610,nonbonded,2385,PRIVPROBE:0,duplicate_filter,0,False,0,duplicate_filter
m12_no_attack_dup60_s20260610_nonbonded,BudgetDoS,m12_no_attack_dup60_s20260610,nonbonded,2413,PRIVPROBE:0,duplicate_filter,0,False,0,duplicate_filter
m12_no_attack_dup60_s20260610_nonbonded,BudgetDoS,m12_no_attack_dup60_s20260610,nonbonded,2423,PRIVPROBE:0,duplicate_filter,0,False,0,duplicate_filter
m12_no_attack_dup60_s20260610_nonbonded,BudgetDoS,m12_no_attack_dup60_s20260610,nonbonded,2446,PRIVPROBE:0,duplicate_filter,0,False,0,duplicate_filter
m12_no_attack_dup60_s20260610_nonbonded,BudgetDoS,m12_no_attack_dup60_s20260610,nonbonded,2463,PRIVPROBE:0,host_scan,504,False,0,host_scan
m12_no_attack_dup60_s20260610_nonbonded,BudgetDoS,m12_no_attack_dup60_s20260610,nonbonded,2492,PRIVPROBE:0,duplicate_filter,0,False,0,duplicate_filter
m12_no_attack_dup60_s20260610_nonbonded,BudgetDoS,m12_no_attack_dup60_s20260610,nonbonded,2517,PRIVPROBE:0,duplicate_filter,0,False,0,duplicate_filter
m12_no_attack_dup60_s20260610_nonbonded,BudgetDoS,m12_no_attack_dup60_s20260610,nonbonded,2545,PRIVPROBE:0,duplicate_filter,0,False,0,duplicate_filter
m12_no_attack_dup60_s20260610_nonbonded,BudgetDoS,m12_no_attack_dup60_s20260610,nonbonded,2564,PRIVPROBE:0,duplicate_filter,0,False,0,duplicate_filter
m12_no_attack_dup60_s20260610_nonbonded,BudgetDoS,m12_no_attack_dup60_s20260610,nonbonded,2579,PRIVPROBE:0,duplicate_filter,0,False,0,duplicate_filter
m12_no_attack_dup60_s20260610_nonbonded,BudgetDoS,m12_no_attack_dup60_s20260610,nonbonded,2600,PRIVPROBE:0,duplicate_filter,0,False,0,duplicate_filter
m12_no_attack_dup60_s20260610_nonbonded,BudgetDoS,m12_no_attack_dup60_s20260610,nonbonded,2616,PRIVPROBE:0,duplicate_filter,0,False,0,duplicate_filter
m12_no_attack_dup60_s20260610_nonbonded,BudgetDoS,m12_no_attack_dup60_s20260610,nonbonded,2642,PRIVPROBE:0,duplicate_filter,0,False,0,duplicate_filter
m12_no_attack_dup60_s20260610_nonbonded,BudgetDoS,m12_no_attack_dup60_s20260610,nonbonded,2667,PRIVPROBE:0,duplicate_filter,0,False,0,duplicate_filter
m12_no_attack_dup60_s20260610_nonbonded,BudgetDoS,m12_no_attack_dup60_s20260610,nonbonded,2687,PRIVPROBE:0,duplicate_filter,0,False,0,duplicate_filter
m12_no_attack_dup60_s20260610_nonbonded,BudgetDoS,m12_no_attack_dup60_s20260610,nonbonded,2707,PRIVPROBE:0,duplicate_filter,0,False,0,duplicate_filter
m12_no_attack_dup60_s20260610_nonbonded,BudgetDoS,m12_no_attack_dup60_s20260610,nonbonded,2729,PRIVPROBE:0,host_scan,504,False,0,host_scan
m12_no_attack_dup60_s20260610_nonbonded,BudgetDoS,m12_no_attack_dup60_s20260610,nonbonded,2760,PRIVPROBE:0,duplicate_filter,0,False,0,duplicate_filter
m12_no_attack_dup60_s20260610_nonbonded,BudgetDoS,m12_no_attack_dup60_s20260610,nonbonded,2786,PRIVPROBE:0,duplicate_filter,0,False,0,duplicate_filter
m12_no_attack_dup60_s20260610_nonbonded,BudgetDoS,m12_no_attack_dup60_s20260610,nonbonded,2810,PRIVPROBE:0,duplicate_filter,0,False,0,duplicate_filter
m12_no_attack_dup60_s20260610_nonbonded,BudgetDoS,m12_no_attack_dup60_s20260610,nonbonded,2821,PRIVPROBE:0,duplicate_filter,0,False,0,duplicate_filter
m12_no_attack_dup60_s20260610_nonbonded,BudgetDoS,m12_no_attack_dup60_s20260610,nonbonded,2837,PRIVPROBE:0,duplicate_filter,0,False,0,duplicate_filter
m12_no_attack_dup60_s20260610_nonbonded,BudgetDoS,m12_no_attack_dup60_s20260610,nonbonded,2862,PRIVPROBE:0,duplicate_filter,0,False,0,duplicate_filter
m12_no_attack_dup60_s20260610_nonbonded,BudgetDoS,m12_no_attack_dup60_s20260610,nonbonded,2881,PRIVPROBE:0,duplicate_filter,0,False,0,duplicate_filter
m12_no_attack_dup60_s20260610_nonbonded,BudgetDoS,m12_no_attack_dup60_s20260610,nonbonded,2900,PRIVPROBE:0,duplicate_filter,0,False,0,duplicate_filter
m12_no_attack_dup60_s20260610_nonbonded,BudgetDoS,m12_no_attack_dup60_s20260610,nonbonded,2921,PRIVPROBE:0,duplicate_filter,0,False,0,duplicate_filter
m12_no_attack_dup60_s20260610_nonbonded,BudgetDoS,m12_no_attack_dup60_s20260610,nonbonded,2950,PRIVPROBE:0,duplicate_filter,0,False,0,duplicate_filter
m12_no_attack_dup60_s20260610_nonbonded,BudgetDoS,m12_no_attack_dup60_s20260610,nonbonded,2978,PRIVPROBE:0,duplicate_filter,0,False,0,duplicate_filter
m12_no_attack_dup60_s20260610_nonbonded,BudgetDoS,m12_no_attack_dup60_s20260610,nonbonded,2997,PRIVPROBE:0,host_scan,504,False,0,host_scan
m12_no_attack_dup60_s20260610_nonbonded,BudgetDoS,m12_no_attack_dup60_s20260610,nonbonded,3019,PRIVPROBE:0,duplicate_filter,0,False,0,duplicate_filter
m12_no_attack_dup60_s20260610_nonbonded,BudgetDoS,m12_no_attack_dup60_s20260610,nonbonded,3045,PRIVPROBE:0,duplicate_filter,0,False,0,duplicate_filter
m12_no_attack_dup60_s20260610_nonbonded,BudgetDoS,m12_no_attack_dup60_s20260610,nonbonded,3055,PRIVPROBE:0,duplicate_filter,0,False,0,duplicate_filter
m12_no_attack_dup60_s20260610_nonbonded,BudgetDoS,m12_no_attack_dup60_s20260610,nonbonded,3079,PRIVPROBE:0,duplicate_filter,0,False,0,duplicate_filter
m12_no_attack_dup60_s20260610_nonbonded,BudgetDoS,m12_no_attack_dup60_s20260610,nonbonded,3108,PRIVPROBE:0,duplicate_filter,0,False,0,duplicate_filter
m12_no_attack_dup60_s20260610_nonbonded,BudgetDoS,m12_no_attack_dup60_s20260610,nonbonded,3133,PRIVPROBE:0,duplicate_filter,0,False,0,duplicate_filter
m12_no_attack_dup60_s20260610_nonbonded,BudgetDoS,m12_no_attack_dup60_s20260610,nonbonded,3145,PRIVPROBE:0,duplicate_filter,0,False,0,duplicate_filter
m12_no_attack_dup60_s20260610_nonbonded,BudgetDoS,m12_no_attack_dup60_s20260610,nonbonded,3170,PRIVPROBE:0,duplicate_filter,0,False,0,duplicate_filter
m12_no_attack_dup60_s20260610_nonbonded,BudgetDoS,m12_no_attack_dup60_s20260610,nonbonded,3189,PRIVPROBE:0,duplicate_filter,0,False,0,duplicate_filter
m12_no_attack_dup60_s20260610_nonbonded,BudgetDoS,m12_no_attack_dup60_s20260610,nonbonded,3209,PRIVPROBE:0,duplicate_filter,0,False,0,duplicate_filter
m12_no_attack_dup60_s20260610_nonbonded,BudgetDoS,m12_no_attack_dup60_s20260610,nonbonded,3228,PRIVPROBE:0,duplicate_filter,0,False,0,duplicate_filter
m12_no_attack_dup60_s20260610_nonbonded,BudgetDoS,m12_no_attack_dup60_s20260610,nonbonded,3252,PRIVPROBE:0,host_scan,504,False,0,host_scan
m12_no_attack_dup60_s20260610_nonbonded,BudgetDoS,m12_no_attack_dup60_s20260610,nonbonded,3276,PRIVPROBE:0,duplicate_filter,0,False,0,duplicate_filter
m12_no_attack_dup60_s20260610_nonbonded,BudgetDoS,m12_no_attack_dup60_s20260610,nonbonded,3298,PRIVPROBE:0,duplicate_filter,0,False,0,duplicate_filter
m12_no_attack_dup60_s20260610_nonbonded,BudgetDoS,m12_no_attack_dup60_s20260610,nonbonded,3317,PRIVPROBE:0,duplicate_filter,0,False,0,duplicate_filter
m12_no_attack_dup60_s20260610_nonbonded,BudgetDoS,m12_no_attack_dup60_s20260610,nonbonded,3337,PRIVPROBE:0,duplicate_filter,0,False,0,duplicate_filter
m12_no_attack_dup60_s20260610_nonbonded,BudgetDoS,m12_no_attack_dup60_s20260610,nonbonded,3359,PRIVPROBE:0,duplicate_filter,0,False,0,duplicate_filter
m12_no_attack_dup60_s20260610_nonbonded,BudgetDoS,m12_no_attack_dup60_s20260610,nonbonded,3384,PRIVPROBE:0,duplicate_filter,0,False,0,duplicate_filter
m12_no_attack_dup60_s20260610_nonbonded,BudgetDoS,m12_no_attack_dup60_s20260610,nonbonded,3403,PRIVPROBE:0,duplicate_filter,0,False,0,duplicate_filter
m12_no_attack_dup60_s20260610_nonbonded,BudgetDoS,m12_no_attack_dup60_s20260610,nonbonded,3428,PRIVPROBE:0,duplicate_filter,0,False,0,duplicate_filter
m12_no_attack_dup60_s20260610_nonbonded,BudgetDoS,m12_no_attack_dup60_s20260610,nonbonded,3454,PRIVPROBE:0,duplicate_filter,0,False,0,duplicate_filter
m12_no_attack_dup60_s20260610_nonbonded,BudgetDoS,m12_no_attack_dup60_s20260610,nonbonded,3466,PRIVPROBE:0,duplicate_filter,0,False,0,duplicate_filter
m12_no_attack_dup60_s20260610_nonbonded,BudgetDoS,m12_no_attack_dup60_s20260610,nonbonded,3490,PRIVPROBE:0,duplicate_filter,0,False,0,duplicate_filter
m12_no_attack_dup60_s20260610_nonbonded,BudgetDoS,m12_no_attack_dup60_s20260610,nonbonded,3512,PRIVPROBE:0,host_scan,504,False,0,host_scan
m12_no_attack_dup60_s20260610_nonbonded,BudgetDoS,m12_no_attack_dup60_s20260610,nonbonded,3528,PRIVPROBE:0,duplicate_filter,0,False,0,duplicate_filter
m12_no_attack_dup60_s20260610_nonbonded,BudgetDoS,m12_no_attack_dup60_s20260610,nonbonded,3557,PRIVPROBE:0,duplicate_filter,0,False,0,duplicate_filter
m12_no_attack_dup60_s20260610_nonbonded,BudgetDoS,m12_no_attack_dup60_s20260610,nonbonded,3579,PRIVPROBE:0,duplicate_filter,0,False,0,duplicate_filter
m12_no_attack_dup60_s20260610_nonbonded,BudgetDoS,m12_no_attack_dup60_s20260610,nonbonded,3602,PRIVPROBE:0,duplicate_filter,0,False,0,duplicate_filter
m12_no_attack_dup60_s20260610_nonbonded,BudgetDoS,m12_no_attack_dup60_s20260610,nonbonded,3624,PRIVPROBE:0,duplicate_filter,0,False,0,duplicate_filter
m12_no_attack_dup60_s20260610_nonbonded,BudgetDoS,m12_no_attack_dup60_s20260610,nonbonded,3643,PRIVPROBE:0,duplicate_filter,0,False,0,duplicate_filter
m12_no_attack_dup60_s20260610_nonbonded,BudgetDoS,m12_no_attack_dup60_s20260610,nonbonded,3662,PRIVPROBE:0,duplicate_filter,0,False,0,duplicate_filter
m12_no_attack_dup60_s20260610_nonbonded,BudgetDoS,m12_no_attack_dup60_s20260610,nonbonded,3685,PRIVPROBE:0,duplicate_filter,0,False,0,duplicate_filter
m12_no_attack_dup60_s20260610_nonbonded,BudgetDoS,m12_no_attack_dup60_s20260610,nonbonded,3699,PRIVPROBE:0,duplicate_filter,0,False,0,duplicate_filter
m12_no_attack_dup60_s20260610_nonbonded,BudgetDoS,m12_no_attack_dup60_s20260610,nonbonded,3717,PRIVPROBE:0,duplicate_filter,0,False,0,duplicate_filter
m12_no_attack_dup60_s20260610_nonbonded,BudgetDoS,m12_no_attack_dup60_s20260610,nonbonded,3739,PRIVPROBE:0,duplicate_filter,0,False,0,duplicate_filter
m12_no_attack_dup60_s20260610_nonbonded,BudgetDoS,m12_no_attack_dup60_s20260610,nonbonded,3751,PRIVPROBE:1,host_scan,504,False,0,host_scan
m12_no_attack_dup60_s20260610_nonbonded,BudgetDoS,m12_no_attack_dup60_s20260610,nonbonded,3772,PRIVPROBE:1,duplicate_filter,0,False,0,duplicate_filter
m12_no_attack_dup60_s20260610_nonbonded,BudgetDoS,m12_no_attack_dup60_s20260610,nonbonded,3799,PRIVPROBE:1,duplicate_filter,0,False,0,duplicate_filter
m12_no_attack_dup60_s20260610_nonbonded,BudgetDoS,m12_no_attack_dup60_s20260610,nonbonded,3816,PRIVPROBE:1,duplicate_filter,0,False,0,duplicate_filter
m12_no_attack_dup60_s20260610_nonbonded,BudgetDoS,m12_no_attack_dup60_s20260610,nonbonded,3838,PRIVPROBE:1,duplicate_filter,0,False,0,duplicate_filter
m12_no_attack_dup60_s20260610_nonbonded,BudgetDoS,m12_no_attack_dup60_s20260610,nonbonded,3861,PRIVPROBE:1,duplicate_filter,0,False,0,duplicate_filter
m12_no_attack_dup60_s20260610_nonbonded,BudgetDoS,m12_no_attack_dup60_s20260610,nonbonded,3883,PRIVPROBE:1,duplicate_filter,0,False,0,duplicate_filter
m12_no_attack_dup60_s20260610_nonbonded,BudgetDoS,m12_no_attack_dup60_s20260610,nonbonded,3898,PRIVPROBE:1,duplicate_filter,0,False,0,duplicate_filter
m12_no_attack_dup60_s20260610_nonbonded,BudgetDoS,m12_no_attack_dup60_s20260610,nonbonded,3917,PRIVPROBE:1,duplicate_filter,0,False,0,duplicate_filter
m12_no_attack_dup60_s20260610_nonbonded,BudgetDoS,m12_no_attack_dup60_s20260610,nonbonded,3940,PRIVPROBE:1,duplicate_filter,0,False,0,duplicate_filter
m12_no_attack_dup60_s20260610_nonbonded,BudgetDoS,m12_no_attack_dup60_s20260610,nonbonded,3962,PRIVPROBE:1,duplicate_filter,0,False,0,duplicate_filter
m12_no_attack_dup60_s20260610_nonbonded,BudgetDoS,m12_no_attack_dup60_s20260610,nonbonded,3980,PRIVPROBE:1,duplicate_filter,0,False,0,duplicate_filter
m12_no_attack_dup60_s20260610_nonbonded,BudgetDoS,m12_no_attack_dup60_s20260610,nonbonded,4003,PRIVPROBE:1,host_scan,504,False,0,host_scan
m12_no_attack_dup60_s20260610_nonbonded,BudgetDoS,m12_no_attack_dup60_s20260610,nonbonded,4026,PRIVPROBE:1,duplicate_filter,0,False,0,duplicate_filter
m12_no_attack_dup60_s20260610_nonbonded,BudgetDoS,m12_no_attack_dup60_s20260610,nonbonded,4055,PRIVPROBE:1,duplicate_filter,0,False,0,duplicate_filter
m12_no_attack_dup60_s20260610_nonbonded,BudgetDoS,m12_no_attack_dup60_s20260610,nonbonded,4082,PRIVPROBE:1,duplicate_filter,0,False,0,duplicate_filter
m12_no_attack_dup60_s20260610_nonbonded,BudgetDoS,m12_no_attack_dup60_s20260610,nonbonded,4095,PRIVPROBE:1,duplicate_filter,0,False,0,duplicate_filter
m12_no_attack_dup60_s20260610_nonbonded,BudgetDoS,m12_no_attack_dup60_s20260610,nonbonded,4112,PRIVPROBE:1,duplicate_filter,0,False,0,duplicate_filter
m12_no_attack_dup60_s20260610_nonbonded,BudgetDoS,m12_no_attack_dup60_s20260610,nonbonded,4134,PRIVPROBE:1,duplicate_filter,0,False,0,duplicate_filter
m12_no_attack_dup60_s20260610_nonbonded,BudgetDoS,m12_no_attack_dup60_s20260610,nonbonded,4158,PRIVPROBE:1,duplicate_filter,0,False,0,duplicate_filter
m12_no_attack_dup60_s20260610_nonbonded,BudgetDoS,m12_no_attack_dup60_s20260610,nonbonded,4182,PRIVPROBE:1,duplicate_filter,0,False,0,duplicate_filter
m12_no_attack_dup60_s20260610_nonbonded,BudgetDoS,m12_no_attack_dup60_s20260610,nonbonded,4215,PRIVPROBE:1,duplicate_filter,0,False,0,duplicate_filter
m12_no_attack_dup60_s20260610_nonbonded,BudgetDoS,m12_no_attack_dup60_s20260610,nonbonded,4227,PRIVPROBE:1,duplicate_filter,0,False,0,duplicate_filter
m12_no_attack_dup60_s20260610_nonbonded,BudgetDoS,m12_no_attack_dup60_s20260610,nonbonded,4249,PRIVPROBE:1,duplicate_filter,0,False,0,duplicate_filter
m12_no_attack_dup60_s20260610_nonbonded,BudgetDoS,m12_no_attack_dup60_s20260610,nonbonded,4271,PRIVPROBE:1,host_scan,504,False,0,host_scan
m12_no_attack_dup60_s20260610_nonbonded,BudgetDoS,m12_no_attack_dup60_s20260610,nonbonded,4290,PRIVPROBE:1,duplicate_filter,0,False,0,duplicate_filter
m12_no_attack_dup60_s20260610_nonbonded,BudgetDoS,m12_no_attack_dup60_s20260610,nonbonded,4311,PRIVPROBE:1,duplicate_filter,0,False,0,duplicate_filter
m12_no_attack_dup60_s20260610_nonbonded,BudgetDoS,m12_no_attack_dup60_s20260610,nonbonded,4333,PRIVPROBE:1,duplicate_filter,0,False,0,duplicate_filter
m12_no_attack_dup60_s20260610_nonbonded,BudgetDoS,m12_no_attack_dup60_s20260610,nonbonded,4359,PRIVPROBE:1,duplicate_filter,0,False,0,duplicate_filter
m12_no_attack_dup60_s20260610_nonbonded,BudgetDoS,m12_no_attack_dup60_s20260610,nonbonded,4377,PRIVPROBE:1,duplicate_filter,0,False,0,duplicate_filter
m12_no_attack_dup60_s20260610_nonbonded,BudgetDoS,m12_no_attack_dup60_s20260610,nonbonded,4401,PRIVPROBE:1,duplicate_filter,0,False,0,duplicate_filter
m12_no_attack_dup60_s20260610_nonbonded,BudgetDoS,m12_no_attack_dup60_s20260610,nonbonded,4420,PRIVPROBE:1,duplicate_filter,0,False,0,duplicate_filter
m12_no_attack_dup60_s20260610_nonbonded,BudgetDoS,m12_no_attack_dup60_s20260610,nonbonded,4446,PRIVPROBE:1,duplicate_filter,0,False,0,duplicate_filter
m12_no_attack_dup60_s20260610_nonbonded,BudgetDoS,m12_no_attack_dup60_s20260610,nonbonded,4457,PRIVPROBE:1,duplicate_filter,0,False,0,duplicate_filter
m12_no_attack_dup60_s20260610_nonbonded,BudgetDoS,m12_no_attack_dup60_s20260610,nonbonded,4481,PRIVPROBE:1,duplicate_filter,0,False,0,duplicate_filter
m12_no_attack_dup60_s20260610_nonbonded,BudgetDoS,m12_no_attack_dup60_s20260610,nonbonded,4508,PRIVPROBE:1,duplicate_filter,0,False,0,duplicate_filter
m12_no_attack_dup60_s20260610_nonbonded,BudgetDoS,m12_no_attack_dup60_s20260610,nonbonded,4530,PRIVPROBE:1,host_scan,504,False,0,host_scan
m12_no_attack_dup60_s20260610_nonbonded,BudgetDoS,m12_no_attack_dup60_s20260610,nonbonded,4550,PRIVPROBE:1,duplicate_filter,0,False,0,duplicate_filter
m12_no_attack_dup60_s20260610_nonbonded,BudgetDoS,m12_no_attack_dup60_s20260610,nonbonded,4579,PRIVPROBE:1,duplicate_filter,0,False,0,duplicate_filter
m12_no_attack_dup60_s20260610_nonbonded,BudgetDoS,m12_no_attack_dup60_s20260610,nonbonded,4601,PRIVPROBE:1,duplicate_filter,0,False,0,duplicate_filter
m12_no_attack_dup60_s20260610_nonbonded,BudgetDoS,m12_no_attack_dup60_s20260610,nonbonded,4620,PRIVPROBE:1,duplicate_filter,0,False,0,duplicate_filter
m12_no_attack_dup60_s20260610_nonbonded,BudgetDoS,m12_no_attack_dup60_s20260610,nonbonded,4649,PRIVPROBE:1,duplicate_filter,0,False,0,duplicate_filter
m12_no_attack_dup60_s20260610_nonbonded,BudgetDoS,m12_no_attack_dup60_s20260610,nonbonded,4674,PRIVPROBE:1,duplicate_filter,0,False,0,duplicate_filter
m12_no_attack_dup60_s20260610_nonbonded,BudgetDoS,m12_no_attack_dup60_s20260610,nonbonded,4687,PRIVPROBE:1,duplicate_filter,0,False,0,duplicate_filter
m12_no_attack_dup60_s20260610_nonbonded,BudgetDoS,m12_no_attack_dup60_s20260610,nonbonded,4709,PRIVPROBE:1,duplicate_filter,0,False,0,duplicate_filter
m12_no_attack_dup60_s20260610_nonbonded,BudgetDoS,m12_no_attack_dup60_s20260610,nonbonded,4733,PRIVPROBE:1,duplicate_filter,0,False,0,duplicate_filter
m12_no_attack_dup60_s20260610_nonbonded,BudgetDoS,m12_no_attack_dup60_s20260610,nonbonded,4756,PRIVPROBE:1,duplicate_filter,0,False,0,duplicate_filter
m12_no_attack_dup60_s20260610_nonbonded,BudgetDoS,m12_no_attack_dup60_s20260610,nonbonded,4776,PRIVPROBE:1,duplicate_filter,0,False,0,duplicate_filter
m12_no_attack_dup60_s20260610_nonbonded,BudgetDoS,m12_no_attack_dup60_s20260610,nonbonded,4799,PRIVPROBE:1,host_scan,504,False,0,host_scan
m12_no_attack_dup60_s20260610_nonbonded,BudgetDoS,m12_no_attack_dup60_s20260610,nonbonded,4811,PRIVPROBE:1,duplicate_filter,0,False,0,duplicate_filter
m12_no_attack_dup60_s20260610_nonbonded,BudgetDoS,m12_no_attack_dup60_s20260610,nonbonded,4831,PRIVPROBE:1,duplicate_filter,0,False,0,duplicate_filter
m12_no_attack_dup60_s20260610_nonbonded,BudgetDoS,m12_no_attack_dup60_s20260610,nonbonded,4866,PRIVPROBE:1,duplicate_filter,0,False,0,duplicate_filter
m12_no_attack_dup60_s20260610_nonbonded,BudgetDoS,m12_no_attack_dup60_s20260610,nonbonded,4883,PRIVPROBE:1,duplicate_filter,0,False,0,duplicate_filter
m12_no_attack_dup60_s20260610_nonbonded,BudgetDoS,m12_no_attack_dup60_s20260610,nonbonded,4905,PRIVPROBE:1,duplicate_filter,0,False,0,duplicate_filter
m12_no_attack_dup60_s20260610_nonbonded,BudgetDoS,m12_no_attack_dup60_s20260610,nonbonded,4918,PRIVPROBE:1,duplicate_filter,0,False,0,duplicate_filter
m12_no_attack_dup60_s20260610_nonbonded,BudgetDoS,m12_no_attack_dup60_s20260610,nonbonded,4940,PRIVPROBE:1,duplicate_filter,0,False,0,duplicate_filter
m12_no_attack_dup60_s20260610_nonbonded,BudgetDoS,m12_no_attack_dup60_s20260610,nonbonded,4961,PRIVPROBE:1,duplicate_filter,0,False,0,duplicate_filter
m12_no_attack_dup60_s20260610_nonbonded,BudgetDoS,m12_no_attack_dup60_s20260610,nonbonded,4981,PRIVPROBE:1,duplicate_filter,0,False,0,duplicate_filter
m12_no_attack_dup60_s20260610_nonbonded,BudgetDoS,m12_no_attack_dup60_s20260610,nonbonded,4996,PRIVPROBE:1,duplicate_filter,0,False,0,duplicate_filter
m12_no_attack_dup60_s20260610_nonbonded,BudgetDoS,m12_no_attack_dup60_s20260610,nonbonded,5020,PRIVPROBE:1,duplicate_filter,0,False,0,duplicate_filter
m12_no_attack_dup60_s20260610_nonbonded,BudgetDoS,m12_no_attack_dup60_s20260610,nonbonded,5052,PRIVPROBE:1,host_scan,504,False,0,host_scan
m12_no_attack_dup60_s20260610_nonbonded,BudgetDoS,m12_no_attack_dup60_s20260610,nonbonded,5074,PRIVPROBE:1,duplicate_filter,0,False,0,duplicate_filter
m12_no_attack_dup60_s20260610_nonbonded,BudgetDoS,m12_no_attack_dup60_s20260610,nonbonded,5093,PRIVPROBE:1,duplicate_filter,0,False,0,duplicate_filter
m12_no_attack_dup60_s20260610_nonbonded,BudgetDoS,m12_no_attack_dup60_s20260610,nonbonded,5105,PRIVPROBE:1,duplicate_filter,0,False,0,duplicate_filter
m12_no_attack_dup60_s20260610_nonbonded,BudgetDoS,m12_no_attack_dup60_s20260610,nonbonded,5122,PRIVPROBE:1,duplicate_filter,0,False,0,duplicate_filter
m12_no_attack_dup60_s20260610_nonbonded,BudgetDoS,m12_no_attack_dup60_s20260610,nonbonded,5132,PRIVPROBE:1,duplicate_filter,0,False,0,duplicate_filter
m12_no_attack_dup60_s20260610_nonbonded,BudgetDoS,m12_no_attack_dup60_s20260610,nonbonded,5156,PRIVPROBE:1,duplicate_filter,0,False,0,duplicate_filter
m12_no_attack_dup60_s20260610_nonbonded,BudgetDoS,m12_no_attack_dup60_s20260610,nonbonded,5181,PRIVPROBE:1,duplicate_filter,0,False,0,duplicate_filter
m12_no_attack_dup60_s20260610_nonbonded,BudgetDoS,m12_no_attack_dup60_s20260610,nonbonded,5203,PRIVPROBE:1,duplicate_filter,0,False,0,duplicate_filter
m12_no_attack_dup60_s20260610_nonbonded,BudgetDoS,m12_no_attack_dup60_s20260610,nonbonded,5219,PRIVPROBE:1,duplicate_filter,0,False,0,duplicate_filter
m12_no_attack_dup60_s20260610_nonbonded,BudgetDoS,m12_no_attack_dup60_s20260610,nonbonded,5240,PRIVPROBE:1,duplicate_filter,0,False,0,duplicate_filter
m12_no_attack_dup60_s20260610_nonbonded,BudgetDoS,m12_no_attack_dup60_s20260610,nonbonded,5261,PRIVPROBE:1,duplicate_filter,0,False,0,duplicate_filter
m12_no_attack_dup60_s20260610_nonbonded,BudgetDoS,m12_no_attack_dup60_s20260610,nonbonded,5280,PRIVPROBE:1,host_scan,504,False,0,host_scan
m12_no_attack_dup60_s20260610_nonbonded,BudgetDoS,m12_no_attack_dup60_s20260610,nonbonded,5291,PRIVPROBE:1,duplicate_filter,0,False,0,duplicate_filter
m12_no_attack_dup60_s20260610_nonbonded,BudgetDoS,m12_no_attack_dup60_s20260610,nonbonded,5313,PRIVPROBE:1,duplicate_filter,0,False,0,duplicate_filter
m12_no_attack_dup60_s20260610_nonbonded,BudgetDoS,m12_no_attack_dup60_s20260610,nonbonded,5334,PRIVPROBE:1,duplicate_filter,0,False,0,duplicate_filter
m12_no_attack_dup60_s20260610_nonbonded,BudgetDoS,m12_no_attack_dup60_s20260610,nonbonded,5350,PRIVPROBE:1,duplicate_filter,0,False,0,duplicate_filter
m12_no_attack_dup60_s20260610_nonbonded,BudgetDoS,m12_no_attack_dup60_s20260610,nonbonded,5370,PRIVPROBE:1,duplicate_filter,0,False,0,duplicate_filter
m12_no_attack_dup60_s20260610_nonbonded,BudgetDoS,m12_no_attack_dup60_s20260610,nonbonded,5391,PRIVPROBE:1,duplicate_filter,0,False,0,duplicate_filter
m12_no_attack_dup60_s20260610_nonbonded,BudgetDoS,m12_no_attack_dup60_s20260610,nonbonded,5411,PRIVPROBE:1,duplicate_filter,0,False,0,duplicate_filter
m12_no_attack_dup60_s20260610_nonbonded,BudgetDoS,m12_no_attack_dup60_s20260610,nonbonded,5430,PRIVPROBE:1,duplicate_filter,0,False,0,duplicate_filter
m12_no_attack_dup60_s20260610_nonbonded,BudgetDoS,m12_no_attack_dup60_s20260610,nonbonded,5450,PRIVPROBE:1,duplicate_filter,0,False,0,duplicate_filter
m12_no_attack_dup60_s20260610_nonbonded,BudgetDoS,m12_no_attack_dup60_s20260610,nonbonded,5476,PRIVPROBE:1,duplicate_filter,0,False,0,duplicate_filter
m12_no_attack_dup60_s20260610_nonbonded,BudgetDoS,m12_no_attack_dup60_s20260610,nonbonded,5498,PRIVPROBE:1,duplicate_filter,0,False,0,duplicate_filter
m12_no_attack_dup60_s20260610_nonbonded,BudgetDoS,m12_no_attack_dup60_s20260610,nonbonded,5524,PRIVPROBE:1,host_scan,504,False,0,host_scan
m12_no_attack_dup60_s20260610_nonbonded,BudgetDoS,m12_no_attack_dup60_s20260610,nonbonded,5541,PRIVPROBE:1,duplicate_filter,0,False,0,duplicate_filter
m12_no_attack_dup60_s20260610_nonbonded,BudgetDoS,m12_no_attack_dup60_s20260610,nonbonded,5563,PRIVPROBE:1,duplicate_filter,0,False,0,duplicate_filter
m12_no_attack_dup60_s20260610_nonbonded,BudgetDoS,m12_no_attack_dup60_s20260610,nonbonded,5591,PRIVPROBE:1,duplicate_filter,0,False,0,duplicate_filter
m12_no_attack_dup60_s20260610_nonbonded,BudgetDoS,m12_no_attack_dup60_s20260610,nonbonded,5604,PRIVPROBE:1,duplicate_filter,0,False,0,duplicate_filter
m12_no_attack_dup60_s20260610_nonbonded,BudgetDoS,m12_no_attack_dup60_s20260610,nonbonded,5621,PRIVPROBE:1,duplicate_filter,0,False,0,duplicate_filter
m12_no_attack_dup60_s20260610_nonbonded,BudgetDoS,m12_no_attack_dup60_s20260610,nonbonded,5639,PRIVPROBE:1,duplicate_filter,0,False,0,duplicate_filter
m12_no_attack_dup60_s20260610_nonbonded,BudgetDoS,m12_no_attack_dup60_s20260610,nonbonded,5663,PRIVPROBE:1,duplicate_filter,0,False,0,duplicate_filter
m12_no_attack_dup60_s20260610_nonbonded,BudgetDoS,m12_no_attack_dup60_s20260610,nonbonded,5684,PRIVPROBE:1,duplicate_filter,0,False,0,duplicate_filter
m12_no_attack_dup60_s20260610_nonbonded,BudgetDoS,m12_no_attack_dup60_s20260610,nonbonded,5707,PRIVPROBE:1,duplicate_filter,0,False,0,duplicate_filter
m12_no_attack_dup60_s20260610_nonbonded,BudgetDoS,m12_no_attack_dup60_s20260610,nonbonded,5729,PRIVPROBE:1,duplicate_filter,0,False,0,duplicate_filter
m12_no_attack_dup60_s20260610_nonbonded,BudgetDoS,m12_no_attack_dup60_s20260610,nonbonded,5749,PRIVPROBE:1,duplicate_filter,0,False,0,duplicate_filter
m12_no_attack_dup60_s20260610_nonbonded,BudgetDoS,m12_no_attack_dup60_s20260610,nonbonded,5779,PRIVPROBE:1,host_scan,504,False,0,host_scan
m12_no_attack_dup60_s20260610_nonbonded,BudgetDoS,m12_no_attack_dup60_s20260610,nonbonded,5794,PRIVPROBE:1,duplicate_filter,0,False,0,duplicate_filter
m12_no_attack_dup60_s20260610_nonbonded,BudgetDoS,m12_no_attack_dup60_s20260610,nonbonded,5806,PRIVPROBE:1,duplicate_filter,0,False,0,duplicate_filter
m12_no_attack_dup60_s20260610_nonbonded,BudgetDoS,m12_no_attack_dup60_s20260610,nonbonded,5829,PRIVPROBE:1,duplicate_filter,0,False,0,duplicate_filter
m12_no_attack_dup60_s20260610_nonbonded,BudgetDoS,m12_no_attack_dup60_s20260610,nonbonded,5852,PRIVPROBE:1,duplicate_filter,0,False,0,duplicate_filter
m12_no_attack_dup60_s20260610_nonbonded,BudgetDoS,m12_no_attack_dup60_s20260610,nonbonded,5865,PRIVPROBE:1,duplicate_filter,0,False,0,duplicate_filter
m12_no_attack_dup60_s20260610_nonbonded,BudgetDoS,m12_no_attack_dup60_s20260610,nonbonded,5883,PRIVPROBE:1,duplicate_filter,0,False,0,duplicate_filter
m12_no_attack_dup60_s20260610_nonbonded,BudgetDoS,m12_no_attack_dup60_s20260610,nonbonded,5906,PRIVPROBE:1,duplicate_filter,0,False,0,duplicate_filter
m12_no_attack_dup60_s20260610_nonbonded,BudgetDoS,m12_no_attack_dup60_s20260610,nonbonded,5926,PRIVPROBE:1,duplicate_filter,0,False,0,duplicate_filter
m12_no_attack_dup60_s20260610_nonbonded,BudgetDoS,m12_no_attack_dup60_s20260610,nonbonded,5942,PRIVPROBE:1,duplicate_filter,0,False,0,duplicate_filter
m12_no_attack_dup60_s20260610_nonbonded,BudgetDoS,m12_no_attack_dup60_s20260610,nonbonded,5960,PRIVPROBE:1,duplicate_filter,0,False,0,duplicate_filter
m12_no_attack_dup60_s20260610_nonbonded,BudgetDoS,m12_no_attack_dup60_s20260610,nonbonded,5978,PRIVPROBE:1,duplicate_filter,0,False,0,duplicate_filter
m12_no_attack_dup60_s20260610_nonbonded,BudgetDoS,m12_no_attack_dup60_s20260610,nonbonded,6000,PRIVPROBE:1,host_scan,504,False,0,host_scan
m12_no_attack_dup60_s20260610_nonbonded,BudgetDoS,m12_no_attack_dup60_s20260610,nonbonded,6024,PRIVPROBE:1,duplicate_filter,0,False,0,duplicate_filter
m12_no_attack_dup60_s20260610_nonbonded,BudgetDoS,m12_no_attack_dup60_s20260610,nonbonded,6042,PRIVPROBE:1,duplicate_filter,0,False,0,duplicate_filter
m12_no_attack_dup60_s20260610_nonbonded,BudgetDoS,m12_no_attack_dup60_s20260610,nonbonded,6066,PRIVPROBE:1,duplicate_filter,0,False,0,duplicate_filter
m12_no_attack_dup60_s20260610_nonbonded,BudgetDoS,m12_no_attack_dup60_s20260610,nonbonded,6089,PRIVPROBE:1,duplicate_filter,0,False,0,duplicate_filter
m12_no_attack_dup60_s20260610_nonbonded,BudgetDoS,m12_no_attack_dup60_s20260610,nonbonded,6109,PRIVPROBE:1,duplicate_filter,0,False,0,duplicate_filter
m12_no_attack_dup60_s20260610_nonbonded,BudgetDoS,m12_no_attack_dup60_s20260610,nonbonded,6127,PRIVPROBE:1,duplicate_filter,0,False,0,duplicate_filter
m12_no_attack_dup60_s20260610_nonbonded,BudgetDoS,m12_no_attack_dup60_s20260610,nonbonded,6136,PRIVPROBE:1,duplicate_filter,0,False,0,duplicate_filter
m12_no_attack_dup60_s20260610_nonbonded,BudgetDoS,m12_no_attack_dup60_s20260610,nonbonded,6157,PRIVPROBE:1,duplicate_filter,0,False,0,duplicate_filter
m12_no_attack_dup60_s20260610_nonbonded,BudgetDoS,m12_no_attack_dup60_s20260610,nonbonded,6175,PRIVPROBE:1,duplicate_filter,0,False,0,duplicate_filter
m12_no_attack_dup60_s20260610_nonbonded,BudgetDoS,m12_no_attack_dup60_s20260610,nonbonded,6194,PRIVPROBE:1,duplicate_filter,0,False,0,duplicate_filter
m12_no_attack_dup60_s20260610_nonbonded,BudgetDoS,m12_no_attack_dup60_s20260610,nonbonded,6213,PRIVPROBE:1,duplicate_filter,0,False,0,duplicate_filter
m12_no_attack_dup60_s20260610_nonbonded,BudgetDoS,m12_no_attack_dup60_s20260610,nonbonded,6238,PRIVPROBE:1,host_scan,504,False,0,host_scan
m12_no_attack_dup60_s20260610_nonbonded,BudgetDoS,m12_no_attack_dup60_s20260610,nonbonded,6254,PRIVPROBE:1,duplicate_filter,0,False,0,duplicate_filter
m12_no_attack_dup60_s20260610_nonbonded,BudgetDoS,m12_no_attack_dup60_s20260610,nonbonded,6277,PRIVPROBE:1,duplicate_filter,0,False,0,duplicate_filter
m12_no_attack_dup60_s20260610_nonbonded,BudgetDoS,m12_no_attack_dup60_s20260610,nonbonded,6295,PRIVPROBE:1,duplicate_filter,0,False,0,duplicate_filter
m12_no_attack_dup60_s20260610_nonbonded,BudgetDoS,m12_no_attack_dup60_s20260610,nonbonded,6321,PRIVPROBE:1,duplicate_filter,0,False,0,duplicate_filter
m12_no_attack_dup60_s20260610_nonbonded,BudgetDoS,m12_no_attack_dup60_s20260610,nonbonded,6339,PRIVPROBE:1,duplicate_filter,0,False,0,duplicate_filter
m12_no_attack_dup60_s20260610_nonbonded,BudgetDoS,m12_no_attack_dup60_s20260610,nonbonded,6354,PRIVPROBE:1,duplicate_filter,0,False,0,duplicate_filter
m12_no_attack_dup60_s20260610_nonbonded,BudgetDoS,m12_no_attack_dup60_s20260610,nonbonded,6368,PRIVPROBE:1,duplicate_filter,0,False,0,duplicate_filter
m12_no_attack_dup60_s20260610_nonbonded,BudgetDoS,m12_no_attack_dup60_s20260610,nonbonded,6387,PRIVPROBE:1,duplicate_filter,0,False,0,duplicate_filter
m12_no_attack_dup60_s20260610_nonbonded,BudgetDoS,m12_no_attack_dup60_s20260610,nonbonded,6412,PRIVPROBE:1,duplicate_filter,0,False,0,duplicate_filter
m12_no_attack_dup60_s20260610_nonbonded,BudgetDoS,m12_no_attack_dup60_s20260610,nonbonded,6433,PRIVPROBE:1,duplicate_filter,0,False,0,duplicate_filter
m12_no_attack_dup60_s20260610_nonbonded,BudgetDoS,m12_no_attack_dup60_s20260610,nonbonded,6451,PRIVPROBE:1,duplicate_filter,0,False,0,duplicate_filter
m12_no_attack_dup60_s20260610_nonbonded,BudgetDoS,m12_no_attack_dup60_s20260610,nonbonded,6467,PRIVPROBE:1,host_scan,504,False,0,host_scan
m12_no_attack_dup60_s20260610_nonbonded,BudgetDoS,m12_no_attack_dup60_s20260610,nonbonded,6493,PRIVPROBE:1,duplicate_filter,0,False,0,duplicate_filter
m12_no_attack_dup60_s20260610_nonbonded,BudgetDoS,m12_no_attack_dup60_s20260610,nonbonded,6515,PRIVPROBE:1,duplicate_filter,0,False,0,duplicate_filter
m12_no_attack_dup60_s20260610_nonbonded,BudgetDoS,m12_no_attack_dup60_s20260610,nonbonded,6541,PRIVPROBE:1,duplicate_filter,0,False,0,duplicate_filter
m12_no_attack_dup60_s20260610_nonbonded,BudgetDoS,m12_no_attack_dup60_s20260610,nonbonded,6568,PRIVPROBE:1,duplicate_filter,0,False,0,duplicate_filter
m12_no_attack_dup60_s20260610_nonbonded,BudgetDoS,m12_no_attack_dup60_s20260610,nonbonded,6589,PRIVPROBE:1,duplicate_filter,0,False,0,duplicate_filter
m12_no_attack_dup60_s20260610_nonbonded,BudgetDoS,m12_no_attack_dup60_s20260610,nonbonded,6605,PRIVPROBE:1,duplicate_filter,0,False,0,duplicate_filter
m12_no_attack_dup60_s20260610_nonbonded,BudgetDoS,m12_no_attack_dup60_s20260610,nonbonded,6627,PRIVPROBE:1,duplicate_filter,0,False,0,duplicate_filter
m12_no_attack_dup60_s20260610_nonbonded,BudgetDoS,m12_no_attack_dup60_s20260610,nonbonded,6656,PRIVPROBE:1,duplicate_filter,0,False,0,duplicate_filter
m12_no_attack_dup60_s20260610_nonbonded,BudgetDoS,m12_no_attack_dup60_s20260610,nonbonded,6674,PRIVPROBE:1,duplicate_filter,0,False,0,duplicate_filter
m12_no_attack_dup60_s20260610_nonbonded,BudgetDoS,m12_no_attack_dup60_s20260610,nonbonded,6689,PRIVPROBE:1,duplicate_filter,0,False,0,duplicate_filter
m12_no_attack_dup60_s20260610_nonbonded,BudgetDoS,m12_no_attack_dup60_s20260610,nonbonded,6715,PRIVPROBE:1,duplicate_filter,0,False,0,duplicate_filter
m12_no_attack_dup60_s20260610_nonbonded,BudgetDoS,m12_no_attack_dup60_s20260610,nonbonded,6738,PRIVPROBE:1,host_scan,504,False,0,host_scan
m12_no_attack_dup60_s20260610_nonbonded,BudgetDoS,m12_no_attack_dup60_s20260610,nonbonded,6758,PRIVPROBE:1,duplicate_filter,0,False,0,duplicate_filter
m12_no_attack_dup60_s20260610_nonbonded,BudgetDoS,m12_no_attack_dup60_s20260610,nonbonded,6774,PRIVPROBE:1,duplicate_filter,0,False,0,duplicate_filter
m12_no_attack_dup60_s20260610_nonbonded,BudgetDoS,m12_no_attack_dup60_s20260610,nonbonded,6794,PRIVPROBE:1,duplicate_filter,0,False,0,duplicate_filter
m12_no_attack_dup60_s20260610_nonbonded,BudgetDoS,m12_no_attack_dup60_s20260610,nonbonded,6813,PRIVPROBE:1,duplicate_filter,0,False,0,duplicate_filter
m12_no_attack_dup60_s20260610_nonbonded,BudgetDoS,m12_no_attack_dup60_s20260610,nonbonded,6833,PRIVPROBE:1,duplicate_filter,0,False,0,duplicate_filter
m12_no_attack_dup60_s20260610_nonbonded,BudgetDoS,m12_no_attack_dup60_s20260610,nonbonded,6847,PRIVPROBE:1,duplicate_filter,0,False,0,duplicate_filter
m12_no_attack_dup60_s20260610_nonbonded,BudgetDoS,m12_no_attack_dup60_s20260610,nonbonded,6860,PRIVPROBE:1,duplicate_filter,0,False,0,duplicate_filter
m12_no_attack_dup60_s20260610_nonbonded,BudgetDoS,m12_no_attack_dup60_s20260610,nonbonded,6874,PRIVPROBE:1,duplicate_filter,0,False,0,duplicate_filter
m12_no_attack_dup60_s20260610_nonbonded,BudgetDoS,m12_no_attack_dup60_s20260610,nonbonded,6891,PRIVPROBE:1,duplicate_filter,0,False,0,duplicate_filter
m12_no_attack_dup60_s20260610_nonbonded,BudgetDoS,m12_no_attack_dup60_s20260610,nonbonded,6914,PRIVPROBE:1,duplicate_filter,0,False,0,duplicate_filter
m12_no_attack_dup60_s20260610_nonbonded,BudgetDoS,m12_no_attack_dup60_s20260610,nonbonded,6937,PRIVPROBE:1,duplicate_filter,0,False,0,duplicate_filter
m12_no_attack_dup60_s20260610_nonbonded,BudgetDoS,m12_no_attack_dup60_s20260610,nonbonded,6962,PRIVPROBE:1,host_scan,504,False,0,host_scan
m12_no_attack_dup60_s20260610_nonbonded,BudgetDoS,m12_no_attack_dup60_s20260610,nonbonded,6991,PRIVPROBE:1,duplicate_filter,0,False,0,duplicate_filter
m12_no_attack_dup60_s20260610_nonbonded,BudgetDoS,m12_no_attack_dup60_s20260610,nonbonded,7011,PRIVPROBE:1,duplicate_filter,0,False,0,duplicate_filter
m12_no_attack_dup60_s20260610_nonbonded,BudgetDoS,m12_no_attack_dup60_s20260610,nonbonded,7035,PRIVPROBE:1,duplicate_filter,0,False,0,duplicate_filter
m12_no_attack_dup60_s20260610_nonbonded,BudgetDoS,m12_no_attack_dup60_s20260610,nonbonded,7052,PRIVPROBE:1,duplicate_filter,0,False,0,duplicate_filter
m12_no_attack_dup60_s20260610_nonbonded,BudgetDoS,m12_no_attack_dup60_s20260610,nonbonded,7074,PRIVPROBE:1,duplicate_filter,0,False,0,duplicate_filter
m12_no_attack_dup60_s20260610_nonbonded,BudgetDoS,m12_no_attack_dup60_s20260610,nonbonded,7096,PRIVPROBE:1,duplicate_filter,0,False,0,duplicate_filter
m12_no_attack_dup60_s20260610_nonbonded,BudgetDoS,m12_no_attack_dup60_s20260610,nonbonded,7109,PRIVPROBE:1,duplicate_filter,0,False,0,duplicate_filter
m12_no_attack_dup60_s20260610_nonbonded,BudgetDoS,m12_no_attack_dup60_s20260610,nonbonded,7139,PRIVPROBE:1,duplicate_filter,0,False,0,duplicate_filter
m12_no_attack_dup60_s20260610_nonbonded,BudgetDoS,m12_no_attack_dup60_s20260610,nonbonded,7158,PRIVPROBE:1,duplicate_filter,0,False,0,duplicate_filter
m12_no_attack_dup60_s20260610_nonbonded,BudgetDoS,m12_no_attack_dup60_s20260610,nonbonded,7175,PRIVPROBE:1,duplicate_filter,0,False,0,duplicate_filter
m12_no_attack_dup60_s20260610_nonbonded,BudgetDoS,m12_no_attack_dup60_s20260610,nonbonded,7196,PRIVPROBE:1,duplicate_filter,0,False,0,duplicate_filter
m12_no_attack_dup60_s20260610_nonbonded,BudgetDoS,m12_no_attack_dup60_s20260610,nonbonded,7216,PRIVPROBE:1,host_scan,504,False,0,host_scan
m12_no_attack_dup60_s20260610_nonbonded,BudgetDoS,m12_no_attack_dup60_s20260610,nonbonded,7236,PRIVPROBE:1,duplicate_filter,0,False,0,duplicate_filter
m12_no_attack_dup60_s20260610_nonbonded,BudgetDoS,m12_no_attack_dup60_s20260610,nonbonded,7261,PRIVPROBE:1,duplicate_filter,0,False,0,duplicate_filter
m12_no_attack_dup60_s20260610_nonbonded,BudgetDoS,m12_no_attack_dup60_s20260610,nonbonded,7275,PRIVPROBE:1,duplicate_filter,0,False,0,duplicate_filter
m12_no_attack_dup60_s20260610_nonbonded,BudgetDoS,m12_no_attack_dup60_s20260610,nonbonded,7300,PRIVPROBE:1,duplicate_filter,0,False,0,duplicate_filter
m12_no_attack_dup60_s20260610_nonbonded,BudgetDoS,m12_no_attack_dup60_s20260610,nonbonded,7328,PRIVPROBE:1,duplicate_filter,0,False,0,duplicate_filter
m12_no_attack_dup60_s20260610_nonbonded,BudgetDoS,m12_no_attack_dup60_s20260610,nonbonded,7350,PRIVPROBE:1,duplicate_filter,0,False,0,duplicate_filter
m12_no_attack_dup60_s20260610_nonbonded,BudgetDoS,m12_no_attack_dup60_s20260610,nonbonded,7369,PRIVPROBE:1,duplicate_filter,0,False,0,duplicate_filter
m12_no_attack_dup60_s20260610_nonbonded,BudgetDoS,m12_no_attack_dup60_s20260610,nonbonded,7389,PRIVPROBE:1,duplicate_filter,0,False,0,duplicate_filter
m12_no_attack_dup60_s20260610_nonbonded,BudgetDoS,m12_no_attack_dup60_s20260610,nonbonded,7407,PRIVPROBE:1,duplicate_filter,0,False,0,duplicate_filter
m12_no_attack_dup60_s20260610_nonbonded,BudgetDoS,m12_no_attack_dup60_s20260610,nonbonded,7424,PRIVPROBE:1,duplicate_filter,0,False,0,duplicate_filter
m12_no_attack_dup60_s20260610_nonbonded,BudgetDoS,m12_no_attack_dup60_s20260610,nonbonded,7445,PRIVPROBE:1,duplicate_filter,0,False,0,duplicate_filter
