run_id,method,paired_trace_id,identity_label_for_scoring,event_id,rpa_value,action,aes_attempts,deferred,delay_ms,admission_path
m12_no_attack_dup0_s20260621_nonbonded,P3-Persist,m12_no_attack_dup0_s20260621,nonbonded,1258,PRIVPROBE:0,host_scan,504,False,0,host_scan
m12_no_attack_dup0_s20260621_nonbonded,P3-Persist,m12_no_attack_dup0_s20260621,nonbonded,1271,PRIVPROBE:0,host_scan,504,False,0,host_scan
m12_no_attack_dup0_s20260621_nonbonded,P3-Persist,m12_no_attack_dup0_s20260621,nonbonded,1293,PRIVPROBE:0,host_scan,504,False,0,host_scan
m12_no_attack_dup0_s20260621_nonbonded,P3-Persist,m12_no_attack_dup0_s20260621,nonbonded,1313,PRIVPROBE:0,host_scan,504,False,0,host_scan
m12_no_attack_dup0_s20260621_nonbonded,P3-Persist,m12_no_attack_dup0_s20260621,nonbonded,1333,PRIVPROBE:0,host_scan,504,False,0,host_scan
m12_no_attack_dup0_s20260621_nonbonded,P3-Persist,m12_no_attack_dup0_s20260621,nonbonded,1355,PRIVPROBE:0,host_scan,504,False,0,host_scan
m12_no_attack_dup0_s20260621_nonbonded,P3-Persist,m12_no_attack_dup0_s20260621,nonbonded,1376,PRIVPROBE:0,host_scan,504,False,0,host_scan
m12_no_attack_dup0_s20260621_nonbonded,P3-Persist,m12_no_attack_dup0_s20260621,nonbonded,1399,PRIVPROBE:0,host_scan,504,False,0,host_scan
m12_no_attack_dup0_s20260621_nonbonded,P3-Persist,m12_no_attack_dup0_s20260621,nonbonded,1421,PRIVPROBE:0,host_scan,504,False,0,host_scan
m12_no_attack_dup0_s20260621_nonbonded,P3-Persist,m12_no_attack_dup0_s20260621,nonbonded,1440,PRIVPROBE:0,host_scan,504,False,0,host_scan
m12_no_attack_dup0_s20260621_nonbonded,P3-Persist,m12_no_attack_dup0_s20260621,nonbonded,1459,PRIVPROBE:0,host_scan,504,False,0,host_scan
m12_no_attack_dup0_s20260621_nonbonded,P3-Persist,m12_no_attack_dup0_s20260621,nonbonded,1483,PRIVPROBE:0,host_scan,504,False,0,reserve
m12_no_attack_dup0_s20260621_nonbonded,P3-Persist,m12_no_attack_dup0_s20260621,nonbonded,1499,PRIVPROBE:0,host_scan,504,False,0,host_scan
m12_no_attack_dup0_s20260621_nonbonded,P3-Persist,m12_no_attack_dup0_s20260621,nonbonded,1519,PRIVPROBE:0,host_scan,504,False,0,host_scan
m12_no_attack_dup0_s20260621_nonbonded,P3-Persist,m12_no_attack_dup0_s20260621,nonbonded,1546,PRIVPROBE:0,host_scan,504,False,0,host_scan
m12_no_attack_dup0_s20260621_nonbonded,P3-Persist,m12_no_attack_dup0_s20260621,nonbonded,1569,PRIVPROBE:0,host_scan,504,False,0,host_scan
m12_no_attack_dup0_s20260621_nonbonded,P3-Persist,m12_no_attack_dup0_s20260621,nonbonded,1582,PRIVPROBE:0,host_scan,504,False,0,host_scan
m12_no_attack_dup0_s20260621_nonbonded,P3-Persist,m12_no_attack_dup0_s20260621,nonbonded,1601,PRIVPROBE:0,host_scan,504,False,0,host_scan
m12_no_attack_dup0_s20260621_nonbonded,P3-Persist,m12_no_attack_dup0_s20260621,nonbonded,1630,PRIVPROBE:0,host_scan,504,False,0,host_scan
m12_no_attack_dup0_s20260621_nonbonded,P3-Persist,m12_no_attack_dup0_s20260621,nonbonded,1648,PRIVPROBE:0,host_scan,504,False,0,host_scan
m12_no_attack_dup0_s20260621_nonbonded,P3-Persist,m12_no_attack_dup0_s20260621,nonbonded,1664,PRIVPROBE:0,host_scan,504,False,0,host_scan
m12_no_attack_dup0_s20260621_nonbonded,P3-Persist,m12_no_attack_dup0_s20260621,nonbonded,1687,PRIVPROBE:0,host_scan,504,False,0,host_scan
m12_no_attack_dup0_s20260621_nonbonded,P3-Persist,m12_no_attack_dup0_s20260621,nonbonded,1707,PRIVPROBE:0,host_scan,504,False,0,reserve
m12_no_attack_dup0_s20260621_nonbonded,P3-Persist,m12_no_attack_dup0_s20260621,nonbonded,1735,PRIVPROBE:0,host_scan,504,False,0,reserve
m12_no_attack_dup0_s20260621_nonbonded,P3-Persist,m12_no_attack_dup0_s20260621,nonbonded,1763,PRIVPROBE:0,host_scan,504,False,0,host_scan
m12_no_attack_dup0_s20260621_nonbonded,P3-Persist,m12_no_attack_dup0_s20260621,nonbonded,1784,PRIVPROBE:0,host_scan,504,False,0,host_scan
m12_no_attack_dup0_s20260621_nonbonded,P3-Persist,m12_no_attack_dup0_s20260621,nonbonded,1809,PRIVPROBE:0,host_scan,504,False,0,host_scan
m12_no_attack_dup0_s20260621_nonbonded,P3-Persist,m12_no_attack_dup0_s20260621,nonbonded,1827,PRIVPROBE:0,host_scan,504,False,0,host_scan
m12_no_attack_dup0_s20260621_nonbonded,P3-Persist,m12_no_attack_dup0_s20260621,nonbonded,1852,PRIVPROBE:0,host_scan,504,False,0,host_scan
m12_no_attack_dup0_s20260621_nonbonded,P3-Persist,m12_no_attack_dup0_s20260621,nonbonded,1871,PRIVPROBE:0,host_scan,504,False,0,host_scan
m12_no_attack_dup0_s20260621_nonbonded,P3-Persist,m12_no_attack_dup0_s20260621,nonbonded,1892,PRIVPROBE:0,host_scan,504,False,0,host_scan
m12_no_attack_dup0_s20260621_nonbonded,P3-Persist,m12_no_attack_dup0_s20260621,nonbonded,1920,PRIVPROBE:0,host_scan,504,False,0,host_scan
m12_no_attack_dup0_s20260621_nonbonded,P3-Persist,m12_no_attack_dup0_s20260621,nonbonded,1943,PRIVPROBE:0,host_scan,504,False,0,host_scan
m12_no_attack_dup0_s20260621_nonbonded,P3-Persist,m12_no_attack_dup0_s20260621,nonbonded,1964,PRIVPROBE:0,host_scan,504,False,0,reserve
m12_no_attack_dup0_s20260621_nonbonded,P3-Persist,m12_no_attack_dup0_s20260621,nonbonded,1981,PRIVPROBE:0,host_scan,504,False,0,reserve
m12_no_attack_dup0_s20260621_nonbonded,P3-Persist,m12_no_attack_dup0_s20260621,nonbonded,1997,PRIVPROBE:0,host_scan,504,False,0,reserve
m12_no_attack_dup0_s20260621_nonbonded,P3-Persist,m12_no_attack_dup0_s20260621,nonbonded,2016,PRIVPROBE:0,host_scan,504,False,0,host_scan
m12_no_attack_dup0_s20260621_nonbonded,P3-Persist,m12_no_attack_dup0_s20260621,nonbonded,2041,PRIVPROBE:0,host_scan,504,False,0,host_scan
m12_no_attack_dup0_s20260621_nonbonded,P3-Persist,m12_no_attack_dup0_s20260621,nonbonded,2054,PRIVPROBE:0,host_scan,504,False,0,host_scan
m12_no_attack_dup0_s20260621_nonbonded,P3-Persist,m12_no_attack_dup0_s20260621,nonbonded,2072,PRIVPROBE:0,host_scan,504,False,0,host_scan
m12_no_attack_dup0_s20260621_nonbonded,P3-Persist,m12_no_attack_dup0_s20260621,nonbonded,2085,PRIVPROBE:0,host_scan,504,False,0,host_scan
m12_no_attack_dup0_s20260621_nonbonded,P3-Persist,m12_no_attack_dup0_s20260621,nonbonded,2104,PRIVPROBE:0,host_scan,504,False,0,host_scan
m12_no_attack_dup0_s20260621_nonbonded,P3-Persist,m12_no_attack_dup0_s20260621,nonbonded,2118,PRIVPROBE:0,host_scan,504,False,0,host_scan
m12_no_attack_dup0_s20260621_nonbonded,P3-Persist,m12_no_attack_dup0_s20260621,nonbonded,2141,PRIVPROBE:0,host_scan,504,False,0,host_scan
m12_no_attack_dup0_s20260621_nonbonded,P3-Persist,m12_no_attack_dup0_s20260621,nonbonded,2158,PRIVPROBE:0,host_scan,504,False,0,host_scan
m12_no_attack_dup0_s20260621_nonbonded,P3-Persist,m12_no_attack_dup0_s20260621,nonbonded,2179,PRIVPROBE:0,host_scan,504,False,0,host_scan
m12_no_attack_dup0_s20260621_nonbonded,P3-Persist,m12_no_attack_dup0_s20260621,nonbonded,2202,PRIVPROBE:0,host_scan,504,False,0,host_scan
m12_no_attack_dup0_s20260621_nonbonded,P3-Persist,m12_no_attack_dup0_s20260621,nonbonded,2219,PRIVPROBE:0,host_scan,504,False,0,host_scan
m12_no_attack_dup0_s20260621_nonbonded,P3-Persist,m12_no_attack_dup0_s20260621,nonbonded,2238,PRIVPROBE:0,host_scan,504,False,0,host_scan
m12_no_attack_dup0_s20260621_nonbonded,P3-Persist,m12_no_attack_dup0_s20260621,nonbonded,2261,PRIVPROBE:0,host_scan,504,False,0,host_scan
m12_no_attack_dup0_s20260621_nonbonded,P3-Persist,m12_no_attack_dup0_s20260621,nonbonded,2280,PRIVPROBE:0,host_scan,504,False,0,host_scan
m12_no_attack_dup0_s20260621_nonbonded,P3-Persist,m12_no_attack_dup0_s20260621,nonbonded,2297,PRIVPROBE:0,host_scan,504,False,0,host_scan
m12_no_attack_dup0_s20260621_nonbonded,P3-Persist,m12_no_attack_dup0_s20260621,nonbonded,2315,PRIVPROBE:0,host_scan,504,False,0,host_scan
m12_no_attack_dup0_s20260621_nonbonded,P3-Persist,m12_no_attack_dup0_s20260621,nonbonded,2333,PRIVPROBE:0,host_scan,504,False,0,host_scan
m12_no_attack_dup0_s20260621_nonbonded,P3-Persist,m12_no_attack_dup0_s20260621,nonbonded,2348,PRIVPROBE:0,host_scan,504,False,0,host_scan
m12_no_attack_dup0_s20260621_nonbonded,P3-Persist,m12_no_attack_dup0_s20260621,nonbonded,2364,PRIVPROBE:0,host_scan,504,False,0,host_scan
m12_no_attack_dup0_s20260621_nonbonded,P3-Persist,m12_no_attack_dup0_s20260621,nonbonded,2388,PRIVPROBE:0,host_scan,504,False,0,host_scan
m12_no_attack_dup0_s20260621_nonbonded,P3-Persist,m12_no_attack_dup0_s20260621,nonbonded,2409,PRIVPROBE:0,host_scan,504,False,0,host_scan
m12_no_attack_dup0_s20260621_nonbonded,P3-Persist,m12_no_attack_dup0_s20260621,nonbonded,2441,PRIVPROBE:0,host_scan,504,False,0,reserve
m12_no_attack_dup0_s20260621_nonbonded,P3-Persist,m12_no_attack_dup0_s20260621,nonbonded,2460,PRIVPROBE:0,host_scan,504,False,0,reserve
m12_no_attack_dup0_s20260621_nonbonded,P3-Persist,m12_no_attack_dup0_s20260621,nonbonded,2478,PRIVPROBE:0,host_scan,504,False,0,host_scan
m12_no_attack_dup0_s20260621_nonbonded,P3-Persist,m12_no_attack_dup0_s20260621,nonbonded,2498,PRIVPROBE:0,host_scan,504,False,0,host_scan
m12_no_attack_dup0_s20260621_nonbonded,P3-Persist,m12_no_attack_dup0_s20260621,nonbonded,2519,PRIVPROBE:0,host_scan,504,False,0,host_scan
m12_no_attack_dup0_s20260621_nonbonded,P3-Persist,m12_no_attack_dup0_s20260621,nonbonded,2545,PRIVPROBE:0,host_scan,504,False,0,host_scan
m12_no_attack_dup0_s20260621_nonbonded,P3-Persist,m12_no_attack_dup0_s20260621,nonbonded,2574,PRIVPROBE:0,host_scan,504,False,0,host_scan
m12_no_attack_dup0_s20260621_nonbonded,P3-Persist,m12_no_attack_dup0_s20260621,nonbonded,2593,PRIVPROBE:0,host_scan,504,False,0,host_scan
m12_no_attack_dup0_s20260621_nonbonded,P3-Persist,m12_no_attack_dup0_s20260621,nonbonded,2612,PRIVPROBE:0,host_scan,504,False,0,host_scan
m12_no_attack_dup0_s20260621_nonbonded,P3-Persist,m12_no_attack_dup0_s20260621,nonbonded,2640,PRIVPROBE:0,host_scan,504,False,0,host_scan
m12_no_attack_dup0_s20260621_nonbonded,P3-Persist,m12_no_attack_dup0_s20260621,nonbonded,2667,PRIVPROBE:0,host_scan,504,False,0,host_scan
m12_no_attack_dup0_s20260621_nonbonded,P3-Persist,m12_no_attack_dup0_s20260621,nonbonded,2687,PRIVPROBE:0,host_scan,504,False,0,host_scan
m12_no_attack_dup0_s20260621_nonbonded,P3-Persist,m12_no_attack_dup0_s20260621,nonbonded,2708,PRIVPROBE:0,host_scan,504,False,0,reserve
m12_no_attack_dup0_s20260621_nonbonded,P3-Persist,m12_no_attack_dup0_s20260621,nonbonded,2729,PRIVPROBE:0,host_scan,504,False,0,reserve
m12_no_attack_dup0_s20260621_nonbonded,P3-Persist,m12_no_attack_dup0_s20260621,nonbonded,2750,PRIVPROBE:0,host_scan,504,False,0,host_scan
m12_no_attack_dup0_s20260621_nonbonded,P3-Persist,m12_no_attack_dup0_s20260621,nonbonded,2768,PRIVPROBE:0,host_scan,504,False,0,host_scan
m12_no_attack_dup0_s20260621_nonbonded,P3-Persist,m12_no_attack_dup0_s20260621,nonbonded,2784,PRIVPROBE:0,host_scan,504,False,0,host_scan
m12_no_attack_dup0_s20260621_nonbonded,P3-Persist,m12_no_attack_dup0_s20260621,nonbonded,2803,PRIVPROBE:0,host_scan,504,False,0,host_scan
m12_no_attack_dup0_s20260621_nonbonded,P3-Persist,m12_no_attack_dup0_s20260621,nonbonded,2827,PRIVPROBE:0,host_scan,504,False,0,host_scan
m12_no_attack_dup0_s20260621_nonbonded,P3-Persist,m12_no_attack_dup0_s20260621,nonbonded,2837,PRIVPROBE:0,host_scan,504,False,0,host_scan
m12_no_attack_dup0_s20260621_nonbonded,P3-Persist,m12_no_attack_dup0_s20260621,nonbonded,2851,PRIVPROBE:0,host_scan,504,False,0,host_scan
m12_no_attack_dup0_s20260621_nonbonded,P3-Persist,m12_no_attack_dup0_s20260621,nonbonded,2870,PRIVPROBE:0,host_scan,504,False,0,host_scan
m12_no_attack_dup0_s20260621_nonbonded,P3-Persist,m12_no_attack_dup0_s20260621,nonbonded,2882,PRIVPROBE:0,host_scan,504,False,0,host_scan
m12_no_attack_dup0_s20260621_nonbonded,P3-Persist,m12_no_attack_dup0_s20260621,nonbonded,2901,PRIVPROBE:0,host_scan,504,False,0,host_scan
m12_no_attack_dup0_s20260621_nonbonded,P3-Persist,m12_no_attack_dup0_s20260621,nonbonded,2918,PRIVPROBE:0,host_scan,504,False,0,host_scan
m12_no_attack_dup0_s20260621_nonbonded,P3-Persist,m12_no_attack_dup0_s20260621,nonbonded,2943,PRIVPROBE:0,host_scan,504,False,0,host_scan
m12_no_attack_dup0_s20260621_nonbonded,P3-Persist,m12_no_attack_dup0_s20260621,nonbonded,2966,PRIVPROBE:0,host_scan,504,False,0,host_scan
m12_no_attack_dup0_s20260621_nonbonded,P3-Persist,m12_no_attack_dup0_s20260621,nonbonded,2983,PRIVPROBE:0,host_scan,504,False,0,host_scan
m12_no_attack_dup0_s20260621_nonbonded,P3-Persist,m12_no_attack_dup0_s20260621,nonbonded,2996,PRIVPROBE:0,host_scan,504,False,0,host_scan
m12_no_attack_dup0_s20260621_nonbonded,P3-Persist,m12_no_attack_dup0_s20260621,nonbonded,3016,PRIVPROBE:0,host_scan,504,False,0,host_scan
m12_no_attack_dup0_s20260621_nonbonded,P3-Persist,m12_no_attack_dup0_s20260621,nonbonded,3033,PRIVPROBE:0,host_scan,504,False,0,host_scan
m12_no_attack_dup0_s20260621_nonbonded,P3-Persist,m12_no_attack_dup0_s20260621,nonbonded,3054,PRIVPROBE:0,host_scan,504,False,0,host_scan
m12_no_attack_dup0_s20260621_nonbonded,P3-Persist,m12_no_attack_dup0_s20260621,nonbonded,3073,PRIVPROBE:0,host_scan,504,False,0,host_scan
m12_no_attack_dup0_s20260621_nonbonded,P3-Persist,m12_no_attack_dup0_s20260621,nonbonded,3097,PRIVPROBE:0,host_scan,504,False,0,host_scan
m12_no_attack_dup0_s20260621_nonbonded,P3-Persist,m12_no_attack_dup0_s20260621,nonbonded,3118,PRIVPROBE:0,host_scan,504,False,0,host_scan
m12_no_attack_dup0_s20260621_nonbonded,P3-Persist,m12_no_attack_dup0_s20260621,nonbonded,3139,PRIVPROBE:0,host_scan,504,False,0,host_scan
m12_no_attack_dup0_s20260621_nonbonded,P3-Persist,m12_no_attack_dup0_s20260621,nonbonded,3159,PRIVPROBE:0,host_scan,504,False,0,host_scan
m12_no_attack_dup0_s20260621_nonbonded,P3-Persist,m12_no_attack_dup0_s20260621,nonbonded,3181,PRIVPROBE:0,host_scan,504,False,0,host_scan
m12_no_attack_dup0_s20260621_nonbonded,P3-Persist,m12_no_attack_dup0_s20260621,nonbonded,3201,PRIVPROBE:0,host_scan,504,False,0,host_scan
m12_no_attack_dup0_s20260621_nonbonded,P3-Persist,m12_no_attack_dup0_s20260621,nonbonded,3222,PRIVPROBE:0,host_scan,504,False,0,host_scan
m12_no_attack_dup0_s20260621_nonbonded,P3-Persist,m12_no_attack_dup0_s20260621,nonbonded,3237,PRIVPROBE:0,host_scan,504,False,0,host_scan
m12_no_attack_dup0_s20260621_nonbonded,P3-Persist,m12_no_attack_dup0_s20260621,nonbonded,3257,PRIVPROBE:0,host_scan,504,False,0,host_scan
m12_no_attack_dup0_s20260621_nonbonded,P3-Persist,m12_no_attack_dup0_s20260621,nonbonded,3274,PRIVPROBE:0,host_scan,504,False,0,host_scan
m12_no_attack_dup0_s20260621_nonbonded,P3-Persist,m12_no_attack_dup0_s20260621,nonbonded,3312,PRIVPROBE:0,host_scan,504,False,0,host_scan
m12_no_attack_dup0_s20260621_nonbonded,P3-Persist,m12_no_attack_dup0_s20260621,nonbonded,3334,PRIVPROBE:0,host_scan,504,False,0,host_scan
m12_no_attack_dup0_s20260621_nonbonded,P3-Persist,m12_no_attack_dup0_s20260621,nonbonded,3353,PRIVPROBE:0,host_scan,504,False,0,host_scan
m12_no_attack_dup0_s20260621_nonbonded,P3-Persist,m12_no_attack_dup0_s20260621,nonbonded,3379,PRIVPROBE:0,host_scan,504,False,0,host_scan
m12_no_attack_dup0_s20260621_nonbonded,P3-Persist,m12_no_attack_dup0_s20260621,nonbonded,3393,PRIVPROBE:0,host_scan,504,False,0,host_scan
m12_no_attack_dup0_s20260621_nonbonded,P3-Persist,m12_no_attack_dup0_s20260621,nonbonded,3415,PRIVPROBE:0,host_scan,504,False,0,host_scan
m12_no_attack_dup0_s20260621_nonbonded,P3-Persist,m12_no_attack_dup0_s20260621,nonbonded,3441,PRIVPROBE:0,host_scan,504,False,0,reserve
m12_no_attack_dup0_s20260621_nonbonded,P3-Persist,m12_no_attack_dup0_s20260621,nonbonded,3455,PRIVPROBE:0,host_scan,504,False,0,host_scan
m12_no_attack_dup0_s20260621_nonbonded,P3-Persist,m12_no_attack_dup0_s20260621,nonbonded,3473,PRIVPROBE:0,host_scan,504,False,0,host_scan
m12_no_attack_dup0_s20260621_nonbonded,P3-Persist,m12_no_attack_dup0_s20260621,nonbonded,3490,PRIVPROBE:0,host_scan,504,False,0,host_scan
m12_no_attack_dup0_s20260621_nonbonded,P3-Persist,m12_no_attack_dup0_s20260621,nonbonded,3514,PRIVPROBE:0,host_scan,504,False,0,host_scan
m12_no_attack_dup0_s20260621_nonbonded,P3-Persist,m12_no_attack_dup0_s20260621,nonbonded,3542,PRIVPROBE:0,host_scan,504,False,0,host_scan
m12_no_attack_dup0_s20260621_nonbonded,P3-Persist,m12_no_attack_dup0_s20260621,nonbonded,3560,PRIVPROBE:0,host_scan,504,False,0,host_scan
m12_no_attack_dup0_s20260621_nonbonded,P3-Persist,m12_no_attack_dup0_s20260621,nonbonded,3568,PRIVPROBE:0,host_scan,504,False,0,host_scan
m12_no_attack_dup0_s20260621_nonbonded,P3-Persist,m12_no_attack_dup0_s20260621,nonbonded,3588,PRIVPROBE:0,host_scan,504,False,0,host_scan
m12_no_attack_dup0_s20260621_nonbonded,P3-Persist,m12_no_attack_dup0_s20260621,nonbonded,3608,PRIVPROBE:0,host_scan,504,False,0,host_scan
m12_no_attack_dup0_s20260621_nonbonded,P3-Persist,m12_no_attack_dup0_s20260621,nonbonded,3634,PRIVPROBE:0,host_scan,504,False,0,reserve
m12_no_attack_dup0_s20260621_nonbonded,P3-Persist,m12_no_attack_dup0_s20260621,nonbonded,3654,PRIVPROBE:0,host_scan,504,False,0,reserve
m12_no_attack_dup0_s20260621_nonbonded,P3-Persist,m12_no_attack_dup0_s20260621,nonbonded,3673,PRIVPROBE:0,host_scan,504,False,0,reserve
m12_no_attack_dup0_s20260621_nonbonded,P3-Persist,m12_no_attack_dup0_s20260621,nonbonded,3697,PRIVPROBE:1,host_scan,504,False,0,host_scan
m12_no_attack_dup0_s20260621_nonbonded,P3-Persist,m12_no_attack_dup0_s20260621,nonbonded,3720,PRIVPROBE:1,host_scan,504,False,0,host_scan
m12_no_attack_dup0_s20260621_nonbonded,P3-Persist,m12_no_attack_dup0_s20260621,nonbonded,3749,PRIVPROBE:1,host_scan,504,False,0,host_scan
m12_no_attack_dup0_s20260621_nonbonded,P3-Persist,m12_no_attack_dup0_s20260621,nonbonded,3778,PRIVPROBE:1,host_scan,504,False,0,host_scan
m12_no_attack_dup0_s20260621_nonbonded,P3-Persist,m12_no_attack_dup0_s20260621,nonbonded,3795,PRIVPROBE:1,host_scan,504,False,0,host_scan
m12_no_attack_dup0_s20260621_nonbonded,P3-Persist,m12_no_attack_dup0_s20260621,nonbonded,3811,PRIVPROBE:1,host_scan,504,False,0,host_scan
m12_no_attack_dup0_s20260621_nonbonded,P3-Persist,m12_no_attack_dup0_s20260621,nonbonded,3833,PRIVPROBE:1,host_scan,504,False,0,host_scan
m12_no_attack_dup0_s20260621_nonbonded,P3-Persist,m12_no_attack_dup0_s20260621,nonbonded,3857,PRIVPROBE:1,defer,0,True,1000,defer
m12_no_attack_dup0_s20260621_nonbonded,P3-Persist,m12_no_attack_dup0_s20260621,nonbonded,3878,PRIVPROBE:1,host_scan,504,False,0,reserve
m12_no_attack_dup0_s20260621_nonbonded,P3-Persist,m12_no_attack_dup0_s20260621,nonbonded,3904,PRIVPROBE:1,host_scan,504,False,0,reserve
m12_no_attack_dup0_s20260621_nonbonded,P3-Persist,m12_no_attack_dup0_s20260621,nonbonded,3919,PRIVPROBE:1,host_scan,504,False,0,reserve
m12_no_attack_dup0_s20260621_nonbonded,P3-Persist,m12_no_attack_dup0_s20260621,nonbonded,3937,PRIVPROBE:1,host_scan,504,False,0,reserve
m12_no_attack_dup0_s20260621_nonbonded,P3-Persist,m12_no_attack_dup0_s20260621,nonbonded,3965,PRIVPROBE:1,host_scan,504,False,0,host_scan
m12_no_attack_dup0_s20260621_nonbonded,P3-Persist,m12_no_attack_dup0_s20260621,nonbonded,3986,PRIVPROBE:1,host_scan,504,False,0,host_scan
m12_no_attack_dup0_s20260621_nonbonded,P3-Persist,m12_no_attack_dup0_s20260621,nonbonded,4003,PRIVPROBE:1,host_scan,504,False,0,host_scan
m12_no_attack_dup0_s20260621_nonbonded,P3-Persist,m12_no_attack_dup0_s20260621,nonbonded,4026,PRIVPROBE:1,host_scan,504,False,0,host_scan
m12_no_attack_dup0_s20260621_nonbonded,P3-Persist,m12_no_attack_dup0_s20260621,nonbonded,4051,PRIVPROBE:1,host_scan,504,False,0,host_scan
m12_no_attack_dup0_s20260621_nonbonded,P3-Persist,m12_no_attack_dup0_s20260621,nonbonded,4073,PRIVPROBE:1,host_scan,504,False,0,host_scan
m12_no_attack_dup0_s20260621_nonbonded,P3-Persist,m12_no_attack_dup0_s20260621,nonbonded,4097,PRIVPROBE:1,host_scan,504,False,0,host_scan
m12_no_attack_dup0_s20260621_nonbonded,P3-Persist,m12_no_attack_dup0_s20260621,nonbonded,4120,PRIVPROBE:1,host_scan,504,False,0,host_scan
m12_no_attack_dup0_s20260621_nonbonded,P3-Persist,m12_no_attack_dup0_s20260621,nonbonded,4142,PRIVPROBE:1,host_scan,504,False,0,host_scan
m12_no_attack_dup0_s20260621_nonbonded,P3-Persist,m12_no_attack_dup0_s20260621,nonbonded,4161,PRIVPROBE:1,host_scan,504,False,0,host_scan
m12_no_attack_dup0_s20260621_nonbonded,P3-Persist,m12_no_attack_dup0_s20260621,nonbonded,4181,PRIVPROBE:1,host_scan,504,False,0,reserve
m12_no_attack_dup0_s20260621_nonbonded,P3-Persist,m12_no_attack_dup0_s20260621,nonbonded,4201,PRIVPROBE:1,host_scan,504,False,0,reserve
m12_no_attack_dup0_s20260621_nonbonded,P3-Persist,m12_no_attack_dup0_s20260621,nonbonded,4219,PRIVPROBE:1,host_scan,504,False,0,host_scan
m12_no_attack_dup0_s20260621_nonbonded,P3-Persist,m12_no_attack_dup0_s20260621,nonbonded,4237,PRIVPROBE:1,host_scan,504,False,0,host_scan
m12_no_attack_dup0_s20260621_nonbonded,P3-Persist,m12_no_attack_dup0_s20260621,nonbonded,4257,PRIVPROBE:1,host_scan,504,False,0,host_scan
m12_no_attack_dup0_s20260621_nonbonded,P3-Persist,m12_no_attack_dup0_s20260621,nonbonded,4279,PRIVPROBE:1,host_scan,504,False,0,host_scan
m12_no_attack_dup0_s20260621_nonbonded,P3-Persist,m12_no_attack_dup0_s20260621,nonbonded,4298,PRIVPROBE:1,host_scan,504,False,0,host_scan
m12_no_attack_dup0_s20260621_nonbonded,P3-Persist,m12_no_attack_dup0_s20260621,nonbonded,4315,PRIVPROBE:1,host_scan,504,False,0,host_scan
m12_no_attack_dup0_s20260621_nonbonded,P3-Persist,m12_no_attack_dup0_s20260621,nonbonded,4332,PRIVPROBE:1,host_scan,504,False,0,host_scan
m12_no_attack_dup0_s20260621_nonbonded,P3-Persist,m12_no_attack_dup0_s20260621,nonbonded,4359,PRIVPROBE:1,host_scan,504,False,0,host_scan
m12_no_attack_dup0_s20260621_nonbonded,P3-Persist,m12_no_attack_dup0_s20260621,nonbonded,4384,PRIVPROBE:1,host_scan,504,False,0,host_scan
m12_no_attack_dup0_s20260621_nonbonded,P3-Persist,m12_no_attack_dup0_s20260621,nonbonded,4406,PRIVPROBE:1,host_scan,504,False,0,host_scan
m12_no_attack_dup0_s20260621_nonbonded,P3-Persist,m12_no_attack_dup0_s20260621,nonbonded,4431,PRIVPROBE:1,host_scan,504,False,0,reserve
m12_no_attack_dup0_s20260621_nonbonded,P3-Persist,m12_no_attack_dup0_s20260621,nonbonded,4447,PRIVPROBE:1,host_scan,504,False,0,reserve
m12_no_attack_dup0_s20260621_nonbonded,P3-Persist,m12_no_attack_dup0_s20260621,nonbonded,4459,PRIVPROBE:1,host_scan,504,False,0,host_scan
m12_no_attack_dup0_s20260621_nonbonded,P3-Persist,m12_no_attack_dup0_s20260621,nonbonded,4479,PRIVPROBE:1,host_scan,504,False,0,host_scan
m12_no_attack_dup0_s20260621_nonbonded,P3-Persist,m12_no_attack_dup0_s20260621,nonbonded,4499,PRIVPROBE:1,host_scan,504,False,0,host_scan
m12_no_attack_dup0_s20260621_nonbonded,P3-Persist,m12_no_attack_dup0_s20260621,nonbonded,4524,PRIVPROBE:1,host_scan,504,False,0,host_scan
m12_no_attack_dup0_s20260621_nonbonded,P3-Persist,m12_no_attack_dup0_s20260621,nonbonded,4546,PRIVPROBE:1,host_scan,504,False,0,host_scan
m12_no_attack_dup0_s20260621_nonbonded,P3-Persist,m12_no_attack_dup0_s20260621,nonbonded,4566,PRIVPROBE:1,host_scan,504,False,0,host_scan
m12_no_attack_dup0_s20260621_nonbonded,P3-Persist,m12_no_attack_dup0_s20260621,nonbonded,4587,PRIVPROBE:1,host_scan,504,False,0,host_scan
m12_no_attack_dup0_s20260621_nonbonded,P3-Persist,m12_no_attack_dup0_s20260621,nonbonded,4613,PRIVPROBE:1,host_scan,504,False,0,host_scan
m12_no_attack_dup0_s20260621_nonbonded,P3-Persist,m12_no_attack_dup0_s20260621,nonbonded,4642,PRIVPROBE:1,host_scan,504,False,0,host_scan
m12_no_attack_dup0_s20260621_nonbonded,P3-Persist,m12_no_attack_dup0_s20260621,nonbonded,4660,PRIVPROBE:1,host_scan,504,False,0,host_scan
m12_no_attack_dup0_s20260621_nonbonded,P3-Persist,m12_no_attack_dup0_s20260621,nonbonded,4686,PRIVPROBE:1,host_scan,504,False,0,reserve
m12_no_attack_dup0_s20260621_nonbonded,P3-Persist,m12_no_attack_dup0_s20260621,nonbonded,4712,PRIVPROBE:1,host_scan,504,False,0,reserve
m12_no_attack_dup0_s20260621_nonbonded,P3-Persist,m12_no_attack_dup0_s20260621,nonbonded,4725,PRIVPROBE:1,host_scan,504,False,0,host_scan
m12_no_attack_dup0_s20260621_nonbonded,P3-Persist,m12_no_attack_dup0_s20260621,nonbonded,4748,PRIVPROBE:1,host_scan,504,False,0,host_scan
m12_no_attack_dup0_s20260621_nonbonded,P3-Persist,m12_no_attack_dup0_s20260621,nonbonded,4779,PRIVPROBE:1,host_scan,504,False,0,host_scan
m12_no_attack_dup0_s20260621_nonbonded,P3-Persist,m12_no_attack_dup0_s20260621,nonbonded,4804,PRIVPROBE:1,host_scan,504,False,0,host_scan
m12_no_attack_dup0_s20260621_nonbonded,P3-Persist,m12_no_attack_dup0_s20260621,nonbonded,4828,PRIVPROBE:1,host_scan,504,False,0,host_scan
m12_no_attack_dup0_s20260621_nonbonded,P3-Persist,m12_no_attack_dup0_s20260621,nonbonded,4851,PRIVPROBE:1,host_scan,504,False,0,host_scan
m12_no_attack_dup0_s20260621_nonbonded,P3-Persist,m12_no_attack_dup0_s20260621,nonbonded,4872,PRIVPROBE:1,host_scan,504,False,0,host_scan
m12_no_attack_dup0_s20260621_nonbonded,P3-Persist,m12_no_attack_dup0_s20260621,nonbonded,4891,PRIVPROBE:1,host_scan,504,False,0,host_scan
m12_no_attack_dup0_s20260621_nonbonded,P3-Persist,m12_no_attack_dup0_s20260621,nonbonded,4918,PRIVPROBE:1,host_scan,504,False,0,host_scan
m12_no_attack_dup0_s20260621_nonbonded,P3-Persist,m12_no_attack_dup0_s20260621,nonbonded,4925,PRIVPROBE:1,host_scan,504,False,0,host_scan
m12_no_attack_dup0_s20260621_nonbonded,P3-Persist,m12_no_attack_dup0_s20260621,nonbonded,4945,PRIVPROBE:1,host_scan,504,False,0,reserve
m12_no_attack_dup0_s20260621_nonbonded,P3-Persist,m12_no_attack_dup0_s20260621,nonbonded,4969,PRIVPROBE:1,host_scan,504,False,0,reserve
m12_no_attack_dup0_s20260621_nonbonded,P3-Persist,m12_no_attack_dup0_s20260621,nonbonded,4996,PRIVPROBE:1,host_scan,504,False,0,host_scan
m12_no_attack_dup0_s20260621_nonbonded,P3-Persist,m12_no_attack_dup0_s20260621,nonbonded,5019,PRIVPROBE:1,host_scan,504,False,0,host_scan
m12_no_attack_dup0_s20260621_nonbonded,P3-Persist,m12_no_attack_dup0_s20260621,nonbonded,5048,PRIVPROBE:1,host_scan,504,False,0,host_scan
m12_no_attack_dup0_s20260621_nonbonded,P3-Persist,m12_no_attack_dup0_s20260621,nonbonded,5063,PRIVPROBE:1,host_scan,504,False,0,host_scan
m12_no_attack_dup0_s20260621_nonbonded,P3-Persist,m12_no_attack_dup0_s20260621,nonbonded,5085,PRIVPROBE:1,host_scan,504,False,0,host_scan
m12_no_attack_dup0_s20260621_nonbonded,P3-Persist,m12_no_attack_dup0_s20260621,nonbonded,5101,PRIVPROBE:1,host_scan,504,False,0,host_scan
m12_no_attack_dup0_s20260621_nonbonded,P3-Persist,m12_no_attack_dup0_s20260621,nonbonded,5121,PRIVPROBE:1,host_scan,504,False,0,host_scan
m12_no_attack_dup0_s20260621_nonbonded,P3-Persist,m12_no_attack_dup0_s20260621,nonbonded,5148,PRIVPROBE:1,host_scan,504,False,0,host_scan
m12_no_attack_dup0_s20260621_nonbonded,P3-Persist,m12_no_attack_dup0_s20260621,nonbonded,5175,PRIVPROBE:1,host_scan,504,False,0,host_scan
m12_no_attack_dup0_s20260621_nonbonded,P3-Persist,m12_no_attack_dup0_s20260621,nonbonded,5202,PRIVPROBE:1,host_scan,504,False,0,host_scan
m12_no_attack_dup0_s20260621_nonbonded,P3-Persist,m12_no_attack_dup0_s20260621,nonbonded,5225,PRIVPROBE:1,host_scan,504,False,0,reserve
m12_no_attack_dup0_s20260621_nonbonded,P3-Persist,m12_no_attack_dup0_s20260621,nonbonded,5245,PRIVPROBE:1,host_scan,504,False,0,reserve
m12_no_attack_dup0_s20260621_nonbonded,P3-Persist,m12_no_attack_dup0_s20260621,nonbonded,5265,PRIVPROBE:1,host_scan,504,False,0,host_scan
m12_no_attack_dup0_s20260621_nonbonded,P3-Persist,m12_no_attack_dup0_s20260621,nonbonded,5289,PRIVPROBE:1,host_scan,504,False,0,host_scan
m12_no_attack_dup0_s20260621_nonbonded,P3-Persist,m12_no_attack_dup0_s20260621,nonbonded,5313,PRIVPROBE:1,host_scan,504,False,0,host_scan
m12_no_attack_dup0_s20260621_nonbonded,P3-Persist,m12_no_attack_dup0_s20260621,nonbonded,5338,PRIVPROBE:1,host_scan,504,False,0,host_scan
m12_no_attack_dup0_s20260621_nonbonded,P3-Persist,m12_no_attack_dup0_s20260621,nonbonded,5361,PRIVPROBE:1,host_scan,504,False,0,host_scan
m12_no_attack_dup0_s20260621_nonbonded,P3-Persist,m12_no_attack_dup0_s20260621,nonbonded,5377,PRIVPROBE:1,host_scan,504,False,0,host_scan
m12_no_attack_dup0_s20260621_nonbonded,P3-Persist,m12_no_attack_dup0_s20260621,nonbonded,5397,PRIVPROBE:1,host_scan,504,False,0,host_scan
m12_no_attack_dup0_s20260621_nonbonded,P3-Persist,m12_no_attack_dup0_s20260621,nonbonded,5413,PRIVPROBE:1,host_scan,504,False,0,host_scan
m12_no_attack_dup0_s20260621_nonbonded,P3-Persist,m12_no_attack_dup0_s20260621,nonbonded,5438,PRIVPROBE:1,host_scan,504,False,0,host_scan
m12_no_attack_dup0_s20260621_nonbonded,P3-Persist,m12_no_attack_dup0_s20260621,nonbonded,5462,PRIVPROBE:1,host_scan,504,False,0,host_scan
m12_no_attack_dup0_s20260621_nonbonded,P3-Persist,m12_no_attack_dup0_s20260621,nonbonded,5486,PRIVPROBE:1,host_scan,504,False,0,reserve
m12_no_attack_dup0_s20260621_nonbonded,P3-Persist,m12_no_attack_dup0_s20260621,nonbonded,5510,PRIVPROBE:1,host_scan,504,False,0,reserve
m12_no_attack_dup0_s20260621_nonbonded,P3-Persist,m12_no_attack_dup0_s20260621,nonbonded,5534,PRIVPROBE:1,host_scan,504,False,0,host_scan
m12_no_attack_dup0_s20260621_nonbonded,P3-Persist,m12_no_attack_dup0_s20260621,nonbonded,5556,PRIVPROBE:1,host_scan,504,False,0,host_scan
m12_no_attack_dup0_s20260621_nonbonded,P3-Persist,m12_no_attack_dup0_s20260621,nonbonded,5577,PRIVPROBE:1,host_scan,504,False,0,host_scan
m12_no_attack_dup0_s20260621_nonbonded,P3-Persist,m12_no_attack_dup0_s20260621,nonbonded,5596,PRIVPROBE:1,host_scan,504,False,0,host_scan
m12_no_attack_dup0_s20260621_nonbonded,P3-Persist,m12_no_attack_dup0_s20260621,nonbonded,5622,PRIVPROBE:1,host_scan,504,False,0,host_scan
m12_no_attack_dup0_s20260621_nonbonded,P3-Persist,m12_no_attack_dup0_s20260621,nonbonded,5643,PRIVPROBE:1,host_scan,504,False,0,host_scan
m12_no_attack_dup0_s20260621_nonbonded,P3-Persist,m12_no_attack_dup0_s20260621,nonbonded,5658,PRIVPROBE:1,host_scan,504,False,0,host_scan
m12_no_attack_dup0_s20260621_nonbonded,P3-Persist,m12_no_attack_dup0_s20260621,nonbonded,5682,PRIVPROBE:1,host_scan,504,False,0,host_scan
m12_no_attack_dup0_s20260621_nonbonded,P3-Persist,m12_no_attack_dup0_s20260621,nonbonded,5699,PRIVPROBE:1,host_scan,504,False,0,host_scan
m12_no_attack_dup0_s20260621_nonbonded,P3-Persist,m12_no_attack_dup0_s20260621,nonbonded,5717,PRIVPROBE:1,host_scan,504,False,0,host_scan
m12_no_attack_dup0_s20260621_nonbonded,P3-Persist,m12_no_attack_dup0_s20260621,nonbonded,5741,PRIVPROBE:1,host_scan,504,False,0,host_scan
m12_no_attack_dup0_s20260621_nonbonded,P3-Persist,m12_no_attack_dup0_s20260621,nonbonded,5764,PRIVPROBE:1,host_scan,504,False,0,host_scan
m12_no_attack_dup0_s20260621_nonbonded,P3-Persist,m12_no_attack_dup0_s20260621,nonbonded,5792,PRIVPROBE:1,host_scan,504,False,0,host_scan
m12_no_attack_dup0_s20260621_nonbonded,P3-Persist,m12_no_attack_dup0_s20260621,nonbonded,5808,PRIVPROBE:1,host_scan,504,False,0,host_scan
m12_no_attack_dup0_s20260621_nonbonded,P3-Persist,m12_no_attack_dup0_s20260621,nonbonded,5833,PRIVPROBE:1,host_scan,504,False,0,host_scan
m12_no_attack_dup0_s20260621_nonbonded,P3-Persist,m12_no_attack_dup0_s20260621,nonbonded,5854,PRIVPROBE:1,host_scan,504,False,0,host_scan
m12_no_attack_dup0_s20260621_nonbonded,P3-Persist,m12_no_attack_dup0_s20260621,nonbonded,5878,PRIVPROBE:1,host_scan,504,False,0,host_scan
m12_no_attack_dup0_s20260621_nonbonded,P3-Persist,m12_no_attack_dup0_s20260621,nonbonded,5900,PRIVPROBE:1,host_scan,504,False,0,host_scan
m12_no_attack_dup0_s20260621_nonbonded,P3-Persist,m12_no_attack_dup0_s20260621,nonbonded,5917,PRIVPROBE:1,host_scan,504,False,0,host_scan
m12_no_attack_dup0_s20260621_nonbonded,P3-Persist,m12_no_attack_dup0_s20260621,nonbonded,5938,PRIVPROBE:1,host_scan,504,False,0,host_scan
m12_no_attack_dup0_s20260621_nonbonded,P3-Persist,m12_no_attack_dup0_s20260621,nonbonded,5965,PRIVPROBE:1,host_scan,504,False,0,host_scan
m12_no_attack_dup0_s20260621_nonbonded,P3-Persist,m12_no_attack_dup0_s20260621,nonbonded,5992,PRIVPROBE:1,host_scan,504,False,0,reserve
m12_no_attack_dup0_s20260621_nonbonded,P3-Persist,m12_no_attack_dup0_s20260621,nonbonded,6008,PRIVPROBE:1,host_scan,504,False,0,reserve
m12_no_attack_dup0_s20260621_nonbonded,P3-Persist,m12_no_attack_dup0_s20260621,nonbonded,6026,PRIVPROBE:1,host_scan,504,False,0,reserve
m12_no_attack_dup0_s20260621_nonbonded,P3-Persist,m12_no_attack_dup0_s20260621,nonbonded,6047,PRIVPROBE:1,host_scan,504,False,0,host_scan
m12_no_attack_dup0_s20260621_nonbonded,P3-Persist,m12_no_attack_dup0_s20260621,nonbonded,6068,PRIVPROBE:1,host_scan,504,False,0,host_scan
m12_no_attack_dup0_s20260621_nonbonded,P3-Persist,m12_no_attack_dup0_s20260621,nonbonded,6094,PRIVPROBE:1,host_scan,504,False,0,host_scan
m12_no_attack_dup0_s20260621_nonbonded,P3-Persist,m12_no_attack_dup0_s20260621,nonbonded,6117,PRIVPROBE:1,host_scan,504,False,0,host_scan
m12_no_attack_dup0_s20260621_nonbonded,P3-Persist,m12_no_attack_dup0_s20260621,nonbonded,6152,PRIVPROBE:1,host_scan,504,False,0,host_scan
m12_no_attack_dup0_s20260621_nonbonded,P3-Persist,m12_no_attack_dup0_s20260621,nonbonded,6165,PRIVPROBE:1,host_scan,504,False,0,host_scan
m12_no_attack_dup0_s20260621_nonbonded,P3-Persist,m12_no_attack_dup0_s20260621,nonbonded,6188,PRIVPROBE:1,host_scan,504,False,0,host_scan
m12_no_attack_dup0_s20260621_nonbonded,P3-Persist,m12_no_attack_dup0_s20260621,nonbonded,6209,PRIVPROBE:1,host_scan,504,False,0,host_scan
m12_no_attack_dup0_s20260621_nonbonded,P3-Persist,m12_no_attack_dup0_s20260621,nonbonded,6227,PRIVPROBE:1,host_scan,504,False,0,host_scan
m12_no_attack_dup0_s20260621_nonbonded,P3-Persist,m12_no_attack_dup0_s20260621,nonbonded,6244,PRIVPROBE:1,host_scan,504,False,0,host_scan
m12_no_attack_dup0_s20260621_nonbonded,P3-Persist,m12_no_attack_dup0_s20260621,nonbonded,6257,PRIVPROBE:1,host_scan,504,False,0,reserve
m12_no_attack_dup0_s20260621_nonbonded,P3-Persist,m12_no_attack_dup0_s20260621,nonbonded,6278,PRIVPROBE:1,host_scan,504,False,0,reserve
m12_no_attack_dup0_s20260621_nonbonded,P3-Persist,m12_no_attack_dup0_s20260621,nonbonded,6291,PRIVPROBE:1,host_scan,504,False,0,host_scan
m12_no_attack_dup0_s20260621_nonbonded,P3-Persist,m12_no_attack_dup0_s20260621,nonbonded,6317,PRIVPROBE:1,host_scan,504,False,0,host_scan
m12_no_attack_dup0_s20260621_nonbonded,P3-Persist,m12_no_attack_dup0_s20260621,nonbonded,6335,PRIVPROBE:1,host_scan,504,False,0,host_scan
m12_no_attack_dup0_s20260621_nonbonded,P3-Persist,m12_no_attack_dup0_s20260621,nonbonded,6354,PRIVPROBE:1,host_scan,504,False,0,host_scan
m12_no_attack_dup0_s20260621_nonbonded,P3-Persist,m12_no_attack_dup0_s20260621,nonbonded,6373,PRIVPROBE:1,host_scan,504,False,0,host_scan
m12_no_attack_dup0_s20260621_nonbonded,P3-Persist,m12_no_attack_dup0_s20260621,nonbonded,6394,PRIVPROBE:1,host_scan,504,False,0,host_scan
m12_no_attack_dup0_s20260621_nonbonded,P3-Persist,m12_no_attack_dup0_s20260621,nonbonded,6412,PRIVPROBE:1,host_scan,504,False,0,host_scan
m12_no_attack_dup0_s20260621_nonbonded,P3-Persist,m12_no_attack_dup0_s20260621,nonbonded,6430,PRIVPROBE:1,host_scan,504,False,0,host_scan
m12_no_attack_dup0_s20260621_nonbonded,P3-Persist,m12_no_attack_dup0_s20260621,nonbonded,6461,PRIVPROBE:1,host_scan,504,False,0,host_scan
m12_no_attack_dup0_s20260621_nonbonded,P3-Persist,m12_no_attack_dup0_s20260621,nonbonded,6479,PRIVPROBE:1,host_scan,504,False,0,host_scan
m12_no_attack_dup0_s20260621_nonbonded,P3-Persist,m12_no_attack_dup0_s20260621,nonbonded,6508,PRIVPROBE:1,host_scan,504,False,0,reserve
m12_no_attack_dup0_s20260621_nonbonded,P3-Persist,m12_no_attack_dup0_s20260621,nonbonded,6532,PRIVPROBE:1,host_scan,504,False,0,reserve
m12_no_attack_dup0_s20260621_nonbonded,P3-Persist,m12_no_attack_dup0_s20260621,nonbonded,6550,PRIVPROBE:1,host_scan,504,False,0,host_scan
m12_no_attack_dup0_s20260621_nonbonded,P3-Persist,m12_no_attack_dup0_s20260621,nonbonded,6571,PRIVPROBE:1,host_scan,504,False,0,host_scan
m12_no_attack_dup0_s20260621_nonbonded,P3-Persist,m12_no_attack_dup0_s20260621,nonbonded,6593,PRIVPROBE:1,host_scan,504,False,0,host_scan
m12_no_attack_dup0_s20260621_nonbonded,P3-Persist,m12_no_attack_dup0_s20260621,nonbonded,6617,PRIVPROBE:1,host_scan,504,False,0,host_scan
m12_no_attack_dup0_s20260621_nonbonded,P3-Persist,m12_no_attack_dup0_s20260621,nonbonded,6645,PRIVPROBE:1,host_scan,504,False,0,host_scan
m12_no_attack_dup0_s20260621_nonbonded,P3-Persist,m12_no_attack_dup0_s20260621,nonbonded,6662,PRIVPROBE:1,host_scan,504,False,0,host_scan
m12_no_attack_dup0_s20260621_nonbonded,P3-Persist,m12_no_attack_dup0_s20260621,nonbonded,6676,PRIVPROBE:1,host_scan,504,False,0,host_scan
m12_no_attack_dup0_s20260621_nonbonded,P3-Persist,m12_no_attack_dup0_s20260621,nonbonded,6699,PRIVPROBE:1,host_scan,504,False,0,host_scan
m12_no_attack_dup0_s20260621_nonbonded,P3-Persist,m12_no_attack_dup0_s20260621,nonbonded,6719,PRIVPROBE:1,host_scan,504,False,0,host_scan
m12_no_attack_dup0_s20260621_nonbonded,P3-Persist,m12_no_attack_dup0_s20260621,nonbonded,6743,PRIVPROBE:1,host_scan,504,False,0,host_scan
m12_no_attack_dup0_s20260621_nonbonded,P3-Persist,m12_no_attack_dup0_s20260621,nonbonded,6764,PRIVPROBE:1,host_scan,504,False,0,reserve
m12_no_attack_dup0_s20260621_nonbonded,P3-Persist,m12_no_attack_dup0_s20260621,nonbonded,6787,PRIVPROBE:1,host_scan,504,False,0,reserve
m12_no_attack_dup0_s20260621_nonbonded,P3-Persist,m12_no_attack_dup0_s20260621,nonbonded,6801,PRIVPROBE:1,host_scan,504,False,0,host_scan
m12_no_attack_dup0_s20260621_nonbonded,P3-Persist,m12_no_attack_dup0_s20260621,nonbonded,6813,PRIVPROBE:1,host_scan,504,False,0,host_scan
m12_no_attack_dup0_s20260621_nonbonded,P3-Persist,m12_no_attack_dup0_s20260621,nonbonded,6839,PRIVPROBE:1,host_scan,504,False,0,host_scan
m12_no_attack_dup0_s20260621_nonbonded,P3-Persist,m12_no_attack_dup0_s20260621,nonbonded,6866,PRIVPROBE:1,host_scan,504,False,0,host_scan
m12_no_attack_dup0_s20260621_nonbonded,P3-Persist,m12_no_attack_dup0_s20260621,nonbonded,6890,PRIVPROBE:1,host_scan,504,False,0,host_scan
m12_no_attack_dup0_s20260621_nonbonded,P3-Persist,m12_no_attack_dup0_s20260621,nonbonded,6918,PRIVPROBE:1,host_scan,504,False,0,host_scan
m12_no_attack_dup0_s20260621_nonbonded,P3-Persist,m12_no_attack_dup0_s20260621,nonbonded,6938,PRIVPROBE:1,host_scan,504,False,0,host_scan
m12_no_attack_dup0_s20260621_nonbonded,P3-Persist,m12_no_attack_dup0_s20260621,nonbonded,6958,PRIVPROBE:1,host_scan,504,False,0,host_scan
m12_no_attack_dup0_s20260621_nonbonded,P3-Persist,m12_no_attack_dup0_s20260621,nonbonded,6974,PRIVPROBE:1,host_scan,504,False,0,host_scan
m12_no_attack_dup0_s20260621_nonbonded,P3-Persist,m12_no_attack_dup0_s20260621,nonbonded,7003,PRIVPROBE:1,host_scan,504,False,0,host_scan
m12_no_attack_dup0_s20260621_nonbonded,P3-Persist,m12_no_attack_dup0_s20260621,nonbonded,7027,PRIVPROBE:1,host_scan,504,False,0,reserve
m12_no_attack_dup0_s20260621_nonbonded,P3-Persist,m12_no_attack_dup0_s20260621,nonbonded,7056,PRIVPROBE:1,host_scan,504,False,0,reserve
m12_no_attack_dup0_s20260621_nonbonded,P3-Persist,m12_no_attack_dup0_s20260621,nonbonded,7074,PRIVPROBE:1,host_scan,504,False,0,host_scan
m12_no_attack_dup0_s20260621_nonbonded,P3-Persist,m12_no_attack_dup0_s20260621,nonbonded,7096,PRIVPROBE:1,host_scan,504,False,0,host_scan
m12_no_attack_dup0_s20260621_nonbonded,P3-Persist,m12_no_attack_dup0_s20260621,nonbonded,7118,PRIVPROBE:1,host_scan,504,False,0,host_scan
m12_no_attack_dup0_s20260621_nonbonded,P3-Persist,m12_no_attack_dup0_s20260621,nonbonded,7136,PRIVPROBE:1,host_scan,504,False,0,host_scan
m12_no_attack_dup0_s20260621_nonbonded,P3-Persist,m12_no_attack_dup0_s20260621,nonbonded,7155,PRIVPROBE:1,host_scan,504,False,0,host_scan
m12_no_attack_dup0_s20260621_nonbonded,P3-Persist,m12_no_attack_dup0_s20260621,nonbonded,7184,PRIVPROBE:1,host_scan,504,False,0,host_scan
m12_no_attack_dup0_s20260621_nonbonded,P3-Persist,m12_no_attack_dup0_s20260621,nonbonded,7205,PRIVPROBE:1,host_scan,504,False,0,host_scan
m12_no_attack_dup0_s20260621_nonbonded,P3-Persist,m12_no_attack_dup0_s20260621,nonbonded,7229,PRIVPROBE:1,host_scan,504,False,0,host_scan
m12_no_attack_dup0_s20260621_nonbonded,P3-Persist,m12_no_attack_dup0_s20260621,nonbonded,7251,PRIVPROBE:1,host_scan,504,False,0,host_scan
m12_no_attack_dup0_s20260621_nonbonded,P3-Persist,m12_no_attack_dup0_s20260621,nonbonded,7275,PRIVPROBE:1,host_scan,504,False,0,host_scan
m12_no_attack_dup0_s20260621_nonbonded,P3-Persist,m12_no_attack_dup0_s20260621,nonbonded,7303,PRIVPROBE:1,host_scan,504,False,0,reserve
m12_no_attack_dup0_s20260621_nonbonded,P3-Persist,m12_no_attack_dup0_s20260621,nonbonded,7335,PRIVPROBE:1,host_scan,504,False,0,reserve
m12_no_attack_dup0_s20260621_nonbonded,P3-Persist,m12_no_attack_dup0_s20260621,nonbonded,7358,PRIVPROBE:1,host_scan,504,False,0,host_scan
m12_no_attack_dup0_s20260621_nonbonded,P3-Persist,m12_no_attack_dup0_s20260621,nonbonded,7375,PRIVPROBE:1,host_scan,504,False,0,host_scan
m12_no_attack_dup0_s20260621_nonbonded,P3-Persist,m12_no_attack_dup0_s20260621,nonbonded,7396,PRIVPROBE:1,host_scan,504,False,0,host_scan
m12_no_attack_dup0_s20260621_nonbonded,P3-Persist,m12_no_attack_dup0_s20260621,nonbonded,7420,PRIVPROBE:1,host_scan,504,False,0,host_scan
m12_no_attack_dup0_s20260621_nonbonded,P3-Persist,m12_no_attack_dup0_s20260621,nonbonded,7438,PRIVPROBE:1,host_scan,504,False,0,host_scan
m12_no_attack_dup0_s20260621_nonbonded,P3-Persist,m12_no_attack_dup0_s20260621,nonbonded,7451,PRIVPROBE:1,host_scan,504,False,0,host_scan
m12_no_attack_dup0_s20260621_nonbonded,P3-Persist,m12_no_attack_dup0_s20260621,nonbonded,7476,PRIVPROBE:1,host_scan,504,False,0,host_scan
m12_no_attack_dup0_s20260621_nonbonded,P3-Persist,m12_no_attack_dup0_s20260621,nonbonded,7497,PRIVPROBE:1,host_scan,504,False,0,host_scan
m12_no_attack_dup0_s20260621_nonbonded,P3-Persist,m12_no_attack_dup0_s20260621,nonbonded,7518,PRIVPROBE:1,host_scan,504,False,0,host_scan
m12_no_attack_dup0_s20260621_nonbonded,P3-Persist,m12_no_attack_dup0_s20260621,nonbonded,7532,PRIVPROBE:1,host_scan,504,False,0,host_scan
m12_no_attack_dup0_s20260621_nonbonded,P3-Persist,m12_no_attack_dup0_s20260621,nonbonded,7556,PRIVPROBE:1,host_scan,504,False,0,host_scan
m12_no_attack_dup0_s20260621_nonbonded,P3-Persist,m12_no_attack_dup0_s20260621,nonbonded,7580,PRIVPROBE:1,host_scan,504,False,0,host_scan
m12_no_attack_dup0_s20260621_nonbonded,P3-NoPersist,m12_no_attack_dup0_s20260621,nonbonded,1258,PRIVPROBE:0,host_scan,504,False,0,host_scan
m12_no_attack_dup0_s20260621_nonbonded,P3-NoPersist,m12_no_attack_dup0_s20260621,nonbonded,1271,PRIVPROBE:0,host_scan,504,False,0,host_scan
m12_no_attack_dup0_s20260621_nonbonded,P3-NoPersist,m12_no_attack_dup0_s20260621,nonbonded,1293,PRIVPROBE:0,host_scan,504,False,0,host_scan
m12_no_attack_dup0_s20260621_nonbonded,P3-NoPersist,m12_no_attack_dup0_s20260621,nonbonded,1313,PRIVPROBE:0,host_scan,504,False,0,host_scan
m12_no_attack_dup0_s20260621_nonbonded,P3-NoPersist,m12_no_attack_dup0_s20260621,nonbonded,1333,PRIVPROBE:0,host_scan,504,False,0,host_scan
m12_no_attack_dup0_s20260621_nonbonded,P3-NoPersist,m12_no_attack_dup0_s20260621,nonbonded,1355,PRIVPROBE:0,host_scan,504,False,0,host_scan
m12_no_attack_dup0_s20260621_nonbonded,P3-NoPersist,m12_no_attack_dup0_s20260621,nonbonded,1376,PRIVPROBE:0,host_scan,504,False,0,host_scan
m12_no_attack_dup0_s20260621_nonbonded,P3-NoPersist,m12_no_attack_dup0_s20260621,nonbonded,1399,PRIVPROBE:0,host_scan,504,False,0,host_scan
m12_no_attack_dup0_s20260621_nonbonded,P3-NoPersist,m12_no_attack_dup0_s20260621,nonbonded,1421,PRIVPROBE:0,host_scan,504,False,0,host_scan
m12_no_attack_dup0_s20260621_nonbonded,P3-NoPersist,m12_no_attack_dup0_s20260621,nonbonded,1440,PRIVPROBE:0,host_scan,504,False,0,host_scan
m12_no_attack_dup0_s20260621_nonbonded,P3-NoPersist,m12_no_attack_dup0_s20260621,nonbonded,1459,PRIVPROBE:0,host_scan,504,False,0,host_scan
m12_no_attack_dup0_s20260621_nonbonded,P3-NoPersist,m12_no_attack_dup0_s20260621,nonbonded,1483,PRIVPROBE:0,defer,0,True,1000,defer
m12_no_attack_dup0_s20260621_nonbonded,P3-NoPersist,m12_no_attack_dup0_s20260621,nonbonded,1499,PRIVPROBE:0,host_scan,504,False,0,host_scan
m12_no_attack_dup0_s20260621_nonbonded,P3-NoPersist,m12_no_attack_dup0_s20260621,nonbonded,1519,PRIVPROBE:0,host_scan,504,False,0,host_scan
m12_no_attack_dup0_s20260621_nonbonded,P3-NoPersist,m12_no_attack_dup0_s20260621,nonbonded,1546,PRIVPROBE:0,host_scan,504,False,0,host_scan
m12_no_attack_dup0_s20260621_nonbonded,P3-NoPersist,m12_no_attack_dup0_s20260621,nonbonded,1569,PRIVPROBE:0,host_scan,504,False,0,host_scan
m12_no_attack_dup0_s20260621_nonbonded,P3-NoPersist,m12_no_attack_dup0_s20260621,nonbonded,1582,PRIVPROBE:0,host_scan,504,False,0,host_scan
m12_no_attack_dup0_s20260621_nonbonded,P3-NoPersist,m12_no_attack_dup0_s20260621,nonbonded,1601,PRIVPROBE:0,host_scan,504,False,0,host_scan
m12_no_attack_dup0_s20260621_nonbonded,P3-NoPersist,m12_no_attack_dup0_s20260621,nonbonded,1630,PRIVPROBE:0,host_scan,504,False,0,host_scan
m12_no_attack_dup0_s20260621_nonbonded,P3-NoPersist,m12_no_attack_dup0_s20260621,nonbonded,1648,PRIVPROBE:0,host_scan,504,False,0,host_scan
m12_no_attack_dup0_s20260621_nonbonded,P3-NoPersist,m12_no_attack_dup0_s20260621,nonbonded,1664,PRIVPROBE:0,host_scan,504,False,0,host_scan
m12_no_attack_dup0_s20260621_nonbonded,P3-NoPersist,m12_no_attack_dup0_s20260621,nonbonded,1687,PRIVPROBE:0,host_scan,504,False,0,host_scan
m12_no_attack_dup0_s20260621_nonbonded,P3-NoPersist,m12_no_attack_dup0_s20260621,nonbonded,1707,PRIVPROBE:0,defer,0,True,1000,defer
m12_no_attack_dup0_s20260621_nonbonded,P3-NoPersist,m12_no_attack_dup0_s20260621,nonbonded,1735,PRIVPROBE:0,defer,0,True,1000,defer
m12_no_attack_dup0_s20260621_nonbonded,P3-NoPersist,m12_no_attack_dup0_s20260621,nonbonded,1763,PRIVPROBE:0,host_scan,504,False,0,host_scan
m12_no_attack_dup0_s20260621_nonbonded,P3-NoPersist,m12_no_attack_dup0_s20260621,nonbonded,1784,PRIVPROBE:0,host_scan,504,False,0,host_scan
m12_no_attack_dup0_s20260621_nonbonded,P3-NoPersist,m12_no_attack_dup0_s20260621,nonbonded,1809,PRIVPROBE:0,host_scan,504,False,0,host_scan
m12_no_attack_dup0_s20260621_nonbonded,P3-NoPersist,m12_no_attack_dup0_s20260621,nonbonded,1827,PRIVPROBE:0,host_scan,504,False,0,host_scan
m12_no_attack_dup0_s20260621_nonbonded,P3-NoPersist,m12_no_attack_dup0_s20260621,nonbonded,1852,PRIVPROBE:0,host_scan,504,False,0,host_scan
m12_no_attack_dup0_s20260621_nonbonded,P3-NoPersist,m12_no_attack_dup0_s20260621,nonbonded,1871,PRIVPROBE:0,host_scan,504,False,0,host_scan
m12_no_attack_dup0_s20260621_nonbonded,P3-NoPersist,m12_no_attack_dup0_s20260621,nonbonded,1892,PRIVPROBE:0,host_scan,504,False,0,host_scan
m12_no_attack_dup0_s20260621_nonbonded,P3-NoPersist,m12_no_attack_dup0_s20260621,nonbonded,1920,PRIVPROBE:0,host_scan,504,False,0,host_scan
m12_no_attack_dup0_s20260621_nonbonded,P3-NoPersist,m12_no_attack_dup0_s20260621,nonbonded,1943,PRIVPROBE:0,host_scan,504,False,0,host_scan
m12_no_attack_dup0_s20260621_nonbonded,P3-NoPersist,m12_no_attack_dup0_s20260621,nonbonded,1964,PRIVPROBE:0,defer,0,True,1000,defer
m12_no_attack_dup0_s20260621_nonbonded,P3-NoPersist,m12_no_attack_dup0_s20260621,nonbonded,1981,PRIVPROBE:0,defer,0,True,1000,defer
m12_no_attack_dup0_s20260621_nonbonded,P3-NoPersist,m12_no_attack_dup0_s20260621,nonbonded,1997,PRIVPROBE:0,defer,0,True,1000,defer
m12_no_attack_dup0_s20260621_nonbonded,P3-NoPersist,m12_no_attack_dup0_s20260621,nonbonded,2016,PRIVPROBE:0,host_scan,504,False,0,host_scan
m12_no_attack_dup0_s20260621_nonbonded,P3-NoPersist,m12_no_attack_dup0_s20260621,nonbonded,2041,PRIVPROBE:0,host_scan,504,False,0,host_scan
m12_no_attack_dup0_s20260621_nonbonded,P3-NoPersist,m12_no_attack_dup0_s20260621,nonbonded,2054,PRIVPROBE:0,host_scan,504,False,0,host_scan
m12_no_attack_dup0_s20260621_nonbonded,P3-NoPersist,m12_no_attack_dup0_s20260621,nonbonded,2072,PRIVPROBE:0,host_scan,504,False,0,host_scan
m12_no_attack_dup0_s20260621_nonbonded,P3-NoPersist,m12_no_attack_dup0_s20260621,nonbonded,2085,PRIVPROBE:0,host_scan,504,False,0,host_scan
m12_no_attack_dup0_s20260621_nonbonded,P3-NoPersist,m12_no_attack_dup0_s20260621,nonbonded,2104,PRIVPROBE:0,host_scan,504,False,0,host_scan
m12_no_attack_dup0_s20260621_nonbonded,P3-NoPersist,m12_no_attack_dup0_s20260621,nonbonded,2118,PRIVPROBE:0,host_scan,504,False,0,host_scan
m12_no_attack_dup0_s20260621_nonbonded,P3-NoPersist,m12_no_attack_dup0_s20260621,nonbonded,2141,PRIVPROBE:0,host_scan,504,False,0,host_scan
m12_no_attack_dup0_s20260621_nonbonded,P3-NoPersist,m12_no_attack_dup0_s20260621,nonbonded,2158,PRIVPROBE:0,host_scan,504,False,0,host_scan
m12_no_attack_dup0_s20260621_nonbonded,P3-NoPersist,m12_no_attack_dup0_s20260621,nonbonded,2179,PRIVPROBE:0,host_scan,504,False,0,host_scan
m12_no_attack_dup0_s20260621_nonbonded,P3-NoPersist,m12_no_attack_dup0_s20260621,nonbonded,2202,PRIVPROBE:0,host_scan,504,False,0,host_scan
m12_no_attack_dup0_s20260621_nonbonded,P3-NoPersist,m12_no_attack_dup0_s20260621,nonbonded,2219,PRIVPROBE:0,host_scan,504,False,0,host_scan
m12_no_attack_dup0_s20260621_nonbonded,P3-NoPersist,m12_no_attack_dup0_s20260621,nonbonded,2238,PRIVPROBE:0,host_scan,504,False,0,host_scan
m12_no_attack_dup0_s20260621_nonbonded,P3-NoPersist,m12_no_attack_dup0_s20260621,nonbonded,2261,PRIVPROBE:0,host_scan,504,False,0,host_scan
m12_no_attack_dup0_s20260621_nonbonded,P3-NoPersist,m12_no_attack_dup0_s20260621,nonbonded,2280,PRIVPROBE:0,host_scan,504,False,0,host_scan
m12_no_attack_dup0_s20260621_nonbonded,P3-NoPersist,m12_no_attack_dup0_s20260621,nonbonded,2297,PRIVPROBE:0,host_scan,504,False,0,host_scan
m12_no_attack_dup0_s20260621_nonbonded,P3-NoPersist,m12_no_attack_dup0_s20260621,nonbonded,2315,PRIVPROBE:0,host_scan,504,False,0,host_scan
m12_no_attack_dup0_s20260621_nonbonded,P3-NoPersist,m12_no_attack_dup0_s20260621,nonbonded,2333,PRIVPROBE:0,host_scan,504,False,0,host_scan
m12_no_attack_dup0_s20260621_nonbonded,P3-NoPersist,m12_no_attack_dup0_s20260621,nonbonded,2348,PRIVPROBE:0,host_scan,504,False,0,host_scan
m12_no_attack_dup0_s20260621_nonbonded,P3-NoPersist,m12_no_attack_dup0_s20260621,nonbonded,2364,PRIVPROBE:0,host_scan,504,False,0,host_scan
m12_no_attack_dup0_s20260621_nonbonded,P3-NoPersist,m12_no_attack_dup0_s20260621,nonbonded,2388,PRIVPROBE:0,host_scan,504,False,0,host_scan
m12_no_attack_dup0_s20260621_nonbonded,P3-NoPersist,m12_no_attack_dup0_s20260621,nonbonded,2409,PRIVPROBE:0,host_scan,504,False,0,host_scan
m12_no_attack_dup0_s20260621_nonbonded,P3-NoPersist,m12_no_attack_dup0_s20260621,nonbonded,2441,PRIVPROBE:0,defer,0,True,1000,defer
m12_no_attack_dup0_s20260621_nonbonded,P3-NoPersist,m12_no_attack_dup0_s20260621,nonbonded,2460,PRIVPROBE:0,defer,0,True,1000,defer
m12_no_attack_dup0_s20260621_nonbonded,P3-NoPersist,m12_no_attack_dup0_s20260621,nonbonded,2478,PRIVPROBE:0,host_scan,504,False,0,host_scan
m12_no_attack_dup0_s20260621_nonbonded,P3-NoPersist,m12_no_attack_dup0_s20260621,nonbonded,2498,PRIVPROBE:0,host_scan,504,False,0,host_scan
m12_no_attack_dup0_s20260621_nonbonded,P3-NoPersist,m12_no_attack_dup0_s20260621,nonbonded,2519,PRIVPROBE:0,host_scan,504,False,0,host_scan
m12_no_attack_dup0_s20260621_nonbonded,P3-NoPersist,m12_no_attack_dup0_s20260621,nonbonded,2545,PRIVPROBE:0,host_scan,504,False,0,host_scan
m12_no_attack_dup0_s20260621_nonbonded,P3-NoPersist,m12_no_attack_dup0_s20260621,nonbonded,2574,PRIVPROBE:0,host_scan,504,False,0,host_scan
m12_no_attack_dup0_s20260621_nonbonded,P3-NoPersist,m12_no_attack_dup0_s20260621,nonbonded,2593,PRIVPROBE:0,host_scan,504,False,0,host_scan
m12_no_attack_dup0_s20260621_nonbonded,P3-NoPersist,m12_no_attack_dup0_s20260621,nonbonded,2612,PRIVPROBE:0,host_scan,504,False,0,host_scan
m12_no_attack_dup0_s20260621_nonbonded,P3-NoPersist,m12_no_attack_dup0_s20260621,nonbonded,2640,PRIVPROBE:0,host_scan,504,False,0,host_scan
m12_no_attack_dup0_s20260621_nonbonded,P3-NoPersist,m12_no_attack_dup0_s20260621,nonbonded,2667,PRIVPROBE:0,host_scan,504,False,0,host_scan
m12_no_attack_dup0_s20260621_nonbonded,P3-NoPersist,m12_no_attack_dup0_s20260621,nonbonded,2687,PRIVPROBE:0,host_scan,504,False,0,host_scan
m12_no_attack_dup0_s20260621_nonbonded,P3-NoPersist,m12_no_attack_dup0_s20260621,nonbonded,2708,PRIVPROBE:0,defer,0,True,1000,defer
m12_no_attack_dup0_s20260621_nonbonded,P3-NoPersist,m12_no_attack_dup0_s20260621,nonbonded,2729,PRIVPROBE:0,defer,0,True,1000,defer
m12_no_attack_dup0_s20260621_nonbonded,P3-NoPersist,m12_no_attack_dup0_s20260621,nonbonded,2750,PRIVPROBE:0,host_scan,504,False,0,host_scan
m12_no_attack_dup0_s20260621_nonbonded,P3-NoPersist,m12_no_attack_dup0_s20260621,nonbonded,2768,PRIVPROBE:0,host_scan,504,False,0,host_scan
m12_no_attack_dup0_s20260621_nonbonded,P3-NoPersist,m12_no_attack_dup0_s20260621,nonbonded,2784,PRIVPROBE:0,host_scan,504,False,0,host_scan
m12_no_attack_dup0_s20260621_nonbonded,P3-NoPersist,m12_no_attack_dup0_s20260621,nonbonded,2803,PRIVPROBE:0,host_scan,504,False,0,host_scan
m12_no_attack_dup0_s20260621_nonbonded,P3-NoPersist,m12_no_attack_dup0_s20260621,nonbonded,2827,PRIVPROBE:0,host_scan,504,False,0,host_scan
m12_no_attack_dup0_s20260621_nonbonded,P3-NoPersist,m12_no_attack_dup0_s20260621,nonbonded,2837,PRIVPROBE:0,host_scan,504,False,0,host_scan
m12_no_attack_dup0_s20260621_nonbonded,P3-NoPersist,m12_no_attack_dup0_s20260621,nonbonded,2851,PRIVPROBE:0,host_scan,504,False,0,host_scan
m12_no_attack_dup0_s20260621_nonbonded,P3-NoPersist,m12_no_attack_dup0_s20260621,nonbonded,2870,PRIVPROBE:0,host_scan,504,False,0,host_scan
m12_no_attack_dup0_s20260621_nonbonded,P3-NoPersist,m12_no_attack_dup0_s20260621,nonbonded,2882,PRIVPROBE:0,host_scan,504,False,0,host_scan
m12_no_attack_dup0_s20260621_nonbonded,P3-NoPersist,m12_no_attack_dup0_s20260621,nonbonded,2901,PRIVPROBE:0,host_scan,504,False,0,host_scan
m12_no_attack_dup0_s20260621_nonbonded,P3-NoPersist,m12_no_attack_dup0_s20260621,nonbonded,2918,PRIVPROBE:0,host_scan,504,False,0,host_scan
m12_no_attack_dup0_s20260621_nonbonded,P3-NoPersist,m12_no_attack_dup0_s20260621,nonbonded,2943,PRIVPROBE:0,host_scan,504,False,0,host_scan
m12_no_attack_dup0_s20260621_nonbonded,P3-NoPersist,m12_no_attack_dup0_s20260621,nonbonded,2966,PRIVPROBE:0,host_scan,504,False,0,host_scan
m12_no_attack_dup0_s20260621_nonbonded,P3-NoPersist,m12_no_attack_dup0_s20260621,nonbonded,2983,PRIVPROBE:0,host_scan,504,False,0,host_scan
m12_no_attack_dup0_s20260621_nonbonded,P3-NoPersist,m12_no_attack_dup0_s20260621,nonbonded,2996,PRIVPROBE:0,host_scan,504,False,0,host_scan
m12_no_attack_dup0_s20260621_nonbonded,P3-NoPersist,m12_no_attack_dup0_s20260621,nonbonded,3016,PRIVPROBE:0,host_scan,504,False,0,host_scan
m12_no_attack_dup0_s20260621_nonbonded,P3-NoPersist,m12_no_attack_dup0_s20260621,nonbonded,3033,PRIVPROBE:0,host_scan,504,False,0,host_scan
m12_no_attack_dup0_s20260621_nonbonded,P3-NoPersist,m12_no_attack_dup0_s20260621,nonbonded,3054,PRIVPROBE:0,host_scan,504,False,0,host_scan
m12_no_attack_dup0_s20260621_nonbonded,P3-NoPersist,m12_no_attack_dup0_s20260621,nonbonded,3073,PRIVPROBE:0,host_scan,504,False,0,host_scan
m12_no_attack_dup0_s20260621_nonbonded,P3-NoPersist,m12_no_attack_dup0_s20260621,nonbonded,3097,PRIVPROBE:0,host_scan,504,False,0,host_scan
m12_no_attack_dup0_s20260621_nonbonded,P3-NoPersist,m12_no_attack_dup0_s20260621,nonbonded,3118,PRIVPROBE:0,host_scan,504,False,0,host_scan
m12_no_attack_dup0_s20260621_nonbonded,P3-NoPersist,m12_no_attack_dup0_s20260621,nonbonded,3139,PRIVPROBE:0,host_scan,504,False,0,host_scan
m12_no_attack_dup0_s20260621_nonbonded,P3-NoPersist,m12_no_attack_dup0_s20260621,nonbonded,3159,PRIVPROBE:0,host_scan,504,False,0,host_scan
m12_no_attack_dup0_s20260621_nonbonded,P3-NoPersist,m12_no_attack_dup0_s20260621,nonbonded,3181,PRIVPROBE:0,host_scan,504,False,0,host_scan
m12_no_attack_dup0_s20260621_nonbonded,P3-NoPersist,m12_no_attack_dup0_s20260621,nonbonded,3201,PRIVPROBE:0,host_scan,504,False,0,host_scan
m12_no_attack_dup0_s20260621_nonbonded,P3-NoPersist,m12_no_attack_dup0_s20260621,nonbonded,3222,PRIVPROBE:0,host_scan,504,False,0,host_scan
m12_no_attack_dup0_s20260621_nonbonded,P3-NoPersist,m12_no_attack_dup0_s20260621,nonbonded,3237,PRIVPROBE:0,host_scan,504,False,0,host_scan
m12_no_attack_dup0_s20260621_nonbonded,P3-NoPersist,m12_no_attack_dup0_s20260621,nonbonded,3257,PRIVPROBE:0,host_scan,504,False,0,host_scan
m12_no_attack_dup0_s20260621_nonbonded,P3-NoPersist,m12_no_attack_dup0_s20260621,nonbonded,3274,PRIVPROBE:0,host_scan,504,False,0,host_scan
m12_no_attack_dup0_s20260621_nonbonded,P3-NoPersist,m12_no_attack_dup0_s20260621,nonbonded,3312,PRIVPROBE:0,host_scan,504,False,0,host_scan
m12_no_attack_dup0_s20260621_nonbonded,P3-NoPersist,m12_no_attack_dup0_s20260621,nonbonded,3334,PRIVPROBE:0,host_scan,504,False,0,host_scan
m12_no_attack_dup0_s20260621_nonbonded,P3-NoPersist,m12_no_attack_dup0_s20260621,nonbonded,3353,PRIVPROBE:0,host_scan,504,False,0,host_scan
m12_no_attack_dup0_s20260621_nonbonded,P3-NoPersist,m12_no_attack_dup0_s20260621,nonbonded,3379,PRIVPROBE:0,host_scan,504,False,0,host_scan
m12_no_attack_dup0_s20260621_nonbonded,P3-NoPersist,m12_no_attack_dup0_s20260621,nonbonded,3393,PRIVPROBE:0,host_scan,504,False,0,host_scan
m12_no_attack_dup0_s20260621_nonbonded,P3-NoPersist,m12_no_attack_dup0_s20260621,nonbonded,3415,PRIVPROBE:0,host_scan,504,False,0,host_scan
m12_no_attack_dup0_s20260621_nonbonded,P3-NoPersist,m12_no_attack_dup0_s20260621,nonbonded,3441,PRIVPROBE:0,defer,0,True,1000,defer
m12_no_attack_dup0_s20260621_nonbonded,P3-NoPersist,m12_no_attack_dup0_s20260621,nonbonded,3455,PRIVPROBE:0,host_scan,504,False,0,host_scan
m12_no_attack_dup0_s20260621_nonbonded,P3-NoPersist,m12_no_attack_dup0_s20260621,nonbonded,3473,PRIVPROBE:0,host_scan,504,False,0,host_scan
m12_no_attack_dup0_s20260621_nonbonded,P3-NoPersist,m12_no_attack_dup0_s20260621,nonbonded,3490,PRIVPROBE:0,host_scan,504,False,0,host_scan
m12_no_attack_dup0_s20260621_nonbonded,P3-NoPersist,m12_no_attack_dup0_s20260621,nonbonded,3514,PRIVPROBE:0,host_scan,504,False,0,host_scan
m12_no_attack_dup0_s20260621_nonbonded,P3-NoPersist,m12_no_attack_dup0_s20260621,nonbonded,3542,PRIVPROBE:0,host_scan,504,False,0,host_scan
m12_no_attack_dup0_s20260621_nonbonded,P3-NoPersist,m12_no_attack_dup0_s20260621,nonbonded,3560,PRIVPROBE:0,host_scan,504,False,0,host_scan
m12_no_attack_dup0_s20260621_nonbonded,P3-NoPersist,m12_no_attack_dup0_s20260621,nonbonded,3568,PRIVPROBE:0,host_scan,504,False,0,host_scan
m12_no_attack_dup0_s20260621_nonbonded,P3-NoPersist,m12_no_attack_dup0_s20260621,nonbonded,3588,PRIVPROBE:0,host_scan,504,False,0,host_scan
m12_no_attack_dup0_s20260621_nonbonded,P3-NoPersist,m12_no_attack_dup0_s20260621,nonbonded,3608,PRIVPROBE:0,host_scan,504,False,0,host_scan
m12_no_attack_dup0_s20260621_nonbonded,P3-NoPersist,m12_no_attack_dup0_s20260621,nonbonded,3634,PRIVPROBE:0,defer,0,True,1000,defer
m12_no_attack_dup0_s20260621_nonbonded,P3-NoPersist,m12_no_attack_dup0_s20260621,nonbonded,3654,PRIVPROBE:0,defer,0,True,1000,defer
m12_no_attack_dup0_s20260621_nonbonded,P3-NoPersist,m12_no_attack_dup0_s20260621,nonbonded,3673,PRIVPROBE:0,defer,0,True,1000,defer
m12_no_attack_dup0_s20260621_nonbonded,P3-NoPersist,m12_no_attack_dup0_s20260621,nonbonded,3697,PRIVPROBE:1,host_scan,504,False,0,host_scan
m12_no_attack_dup0_s20260621_nonbonded,P3-NoPersist,m12_no_attack_dup0_s20260621,nonbonded,3720,PRIVPROBE:1,host_scan,504,False,0,host_scan
m12_no_attack_dup0_s20260621_nonbonded,P3-NoPersist,m12_no_attack_dup0_s20260621,nonbonded,3749,PRIVPROBE:1,host_scan,504,False,0,host_scan
m12_no_attack_dup0_s20260621_nonbonded,P3-NoPersist,m12_no_attack_dup0_s20260621,nonbonded,3778,PRIVPROBE:1,host_scan,504,False,0,host_scan
m12_no_attack_dup0_s20260621_nonbonded,P3-NoPersist,m12_no_attack_dup0_s20260621,nonbonded,3795,PRIVPROBE:1,host_scan,504,False,0,host_scan
m12_no_attack_dup0_s20260621_nonbonded,P3-NoPersist,m12_no_attack_dup0_s20260621,nonbonded,3811,PRIVPROBE:1,host_scan,504,False,0,host_scan
m12_no_attack_dup0_s20260621_nonbonded,P3-NoPersist,m12_no_attack_dup0_s20260621,nonbonded,3833,PRIVPROBE:1,host_scan,504,False,0,host_scan
m12_no_attack_dup0_s20260621_nonbonded,P3-NoPersist,m12_no_attack_dup0_s20260621,nonbonded,3857,PRIVPROBE:1,defer,0,True,1000,defer
m12_no_attack_dup0_s20260621_nonbonded,P3-NoPersist,m12_no_attack_dup0_s20260621,nonbonded,3878,PRIVPROBE:1,defer,0,True,1000,defer
m12_no_attack_dup0_s20260621_nonbonded,P3-NoPersist,m12_no_attack_dup0_s20260621,nonbonded,3904,PRIVPROBE:1,defer,0,True,1000,defer
m12_no_attack_dup0_s20260621_nonbonded,P3-NoPersist,m12_no_attack_dup0_s20260621,nonbonded,3919,PRIVPROBE:1,defer,0,True,1000,defer
m12_no_attack_dup0_s20260621_nonbonded,P3-NoPersist,m12_no_attack_dup0_s20260621,nonbonded,3937,PRIVPROBE:1,defer,0,True,1000,defer
m12_no_attack_dup0_s20260621_nonbonded,P3-NoPersist,m12_no_attack_dup0_s20260621,nonbonded,3965,PRIVPROBE:1,host_scan,504,False,0,host_scan
m12_no_attack_dup0_s20260621_nonbonded,P3-NoPersist,m12_no_attack_dup0_s20260621,nonbonded,3986,PRIVPROBE:1,host_scan,504,False,0,host_scan
m12_no_attack_dup0_s20260621_nonbonded,P3-NoPersist,m12_no_attack_dup0_s20260621,nonbonded,4003,PRIVPROBE:1,host_scan,504,False,0,host_scan
m12_no_attack_dup0_s20260621_nonbonded,P3-NoPersist,m12_no_attack_dup0_s20260621,nonbonded,4026,PRIVPROBE:1,host_scan,504,False,0,host_scan
m12_no_attack_dup0_s20260621_nonbonded,P3-NoPersist,m12_no_attack_dup0_s20260621,nonbonded,4051,PRIVPROBE:1,host_scan,504,False,0,host_scan
m12_no_attack_dup0_s20260621_nonbonded,P3-NoPersist,m12_no_attack_dup0_s20260621,nonbonded,4073,PRIVPROBE:1,host_scan,504,False,0,host_scan
m12_no_attack_dup0_s20260621_nonbonded,P3-NoPersist,m12_no_attack_dup0_s20260621,nonbonded,4097,PRIVPROBE:1,host_scan,504,False,0,host_scan
m12_no_attack_dup0_s20260621_nonbonded,P3-NoPersist,m12_no_attack_dup0_s20260621,nonbonded,4120,PRIVPROBE:1,host_scan,504,False,0,host_scan
m12_no_attack_dup0_s20260621_nonbonded,P3-NoPersist,m12_no_attack_dup0_s20260621,nonbonded,4142,PRIVPROBE:1,host_scan,504,False,0,host_scan
m12_no_attack_dup0_s20260621_nonbonded,P3-NoPersist,m12_no_attack_dup0_s20260621,nonbonded,4161,PRIVPROBE:1,defer,0,True,1000,defer
m12_no_attack_dup0_s20260621_nonbonded,P3-NoPersist,m12_no_attack_dup0_s20260621,nonbonded,4181,PRIVPROBE:1,defer,0,True,1000,defer
m12_no_attack_dup0_s20260621_nonbonded,P3-NoPersist,m12_no_attack_dup0_s20260621,nonbonded,4201,PRIVPROBE:1,defer,0,True,1000,defer
m12_no_attack_dup0_s20260621_nonbonded,P3-NoPersist,m12_no_attack_dup0_s20260621,nonbonded,4219,PRIVPROBE:1,host_scan,504,False,0,host_scan
m12_no_attack_dup0_s20260621_nonbonded,P3-NoPersist,m12_no_attack_dup0_s20260621,nonbonded,4237,PRIVPROBE:1,host_scan,504,False,0,host_scan
m12_no_attack_dup0_s20260621_nonbonded,P3-NoPersist,m12_no_attack_dup0_s20260621,nonbonded,4257,PRIVPROBE:1,host_scan,504,False,0,host_scan
m12_no_attack_dup0_s20260621_nonbonded,P3-NoPersist,m12_no_attack_dup0_s20260621,nonbonded,4279,PRIVPROBE:1,host_scan,504,False,0,host_scan
m12_no_attack_dup0_s20260621_nonbonded,P3-NoPersist,m12_no_attack_dup0_s20260621,nonbonded,4298,PRIVPROBE:1,host_scan,504,False,0,host_scan
m12_no_attack_dup0_s20260621_nonbonded,P3-NoPersist,m12_no_attack_dup0_s20260621,nonbonded,4315,PRIVPROBE:1,host_scan,504,False,0,host_scan
m12_no_attack_dup0_s20260621_nonbonded,P3-NoPersist,m12_no_attack_dup0_s20260621,nonbonded,4332,PRIVPROBE:1,host_scan,504,False,0,host_scan
m12_no_attack_dup0_s20260621_nonbonded,P3-NoPersist,m12_no_attack_dup0_s20260621,nonbonded,4359,PRIVPROBE:1,host_scan,504,False,0,host_scan
m12_no_attack_dup0_s20260621_nonbonded,P3-NoPersist,m12_no_attack_dup0_s20260621,nonbonded,4384,PRIVPROBE:1,host_scan,504,False,0,host_scan
m12_no_attack_dup0_s20260621_nonbonded,P3-NoPersist,m12_no_attack_dup0_s20260621,nonbonded,4406,PRIVPROBE:1,host_scan,504,False,0,host_scan
m12_no_attack_dup0_s20260621_nonbonded,P3-NoPersist,m12_no_attack_dup0_s20260621,nonbonded,4431,PRIVPROBE:1,defer,0,True,1000,defer
m12_no_attack_dup0_s20260621_nonbonded,P3-NoPersist,m12_no_attack_dup0_s20260621,nonbonded,4447,PRIVPROBE:1,defer,0,True,1000,defer
m12_no_attack_dup0_s20260621_nonbonded,P3-NoPersist,m12_no_attack_dup0_s20260621,nonbonded,4459,PRIVPROBE:1,host_scan,504,False,0,host_scan
m12_no_attack_dup0_s20260621_nonbonded,P3-NoPersist,m12_no_attack_dup0_s20260621,nonbonded,4479,PRIVPROBE:1,host_scan,504,False,0,host_scan
m12_no_attack_dup0_s20260621_nonbonded,P3-NoPersist,m12_no_attack_dup0_s20260621,nonbonded,4499,PRIVPROBE:1,host_scan,504,False,0,host_scan
m12_no_attack_dup0_s20260621_nonbonded,P3-NoPersist,m12_no_attack_dup0_s20260621,nonbonded,4524,PRIVPROBE:1,host_scan,504,False,0,host_scan
m12_no_attack_dup0_s20260621_nonbonded,P3-NoPersist,m12_no_attack_dup0_s20260621,nonbonded,4546,PRIVPROBE:1,host_scan,504,False,0,host_scan
m12_no_attack_dup0_s20260621_nonbonded,P3-NoPersist,m12_no_attack_dup0_s20260621,nonbonded,4566,PRIVPROBE:1,host_scan,504,False,0,host_scan
m12_no_attack_dup0_s20260621_nonbonded,P3-NoPersist,m12_no_attack_dup0_s20260621,nonbonded,4587,PRIVPROBE:1,host_scan,504,False,0,host_scan
m12_no_attack_dup0_s20260621_nonbonded,P3-NoPersist,m12_no_attack_dup0_s20260621,nonbonded,4613,PRIVPROBE:1,host_scan,504,False,0,host_scan
m12_no_attack_dup0_s20260621_nonbonded,P3-NoPersist,m12_no_attack_dup0_s20260621,nonbonded,4642,PRIVPROBE:1,host_scan,504,False,0,host_scan
m12_no_attack_dup0_s20260621_nonbonded,P3-NoPersist,m12_no_attack_dup0_s20260621,nonbonded,4660,PRIVPROBE:1,host_scan,504,False,0,host_scan
m12_no_attack_dup0_s20260621_nonbonded,P3-NoPersist,m12_no_attack_dup0_s20260621,nonbonded,4686,PRIVPROBE:1,defer,0,True,1000,defer
m12_no_attack_dup0_s20260621_nonbonded,P3-NoPersist,m12_no_attack_dup0_s20260621,nonbonded,4712,PRIVPROBE:1,defer,0,True,1000,defer
m12_no_attack_dup0_s20260621_nonbonded,P3-NoPersist,m12_no_attack_dup0_s20260621,nonbonded,4725,PRIVPROBE:1,host_scan,504,False,0,host_scan
m12_no_attack_dup0_s20260621_nonbonded,P3-NoPersist,m12_no_attack_dup0_s20260621,nonbonded,4748,PRIVPROBE:1,host_scan,504,False,0,host_scan
m12_no_attack_dup0_s20260621_nonbonded,P3-NoPersist,m12_no_attack_dup0_s20260621,nonbonded,4779,PRIVPROBE:1,host_scan,504,False,0,host_scan
m12_no_attack_dup0_s20260621_nonbonded,P3-NoPersist,m12_no_attack_dup0_s20260621,nonbonded,4804,PRIVPROBE:1,host_scan,504,False,0,host_scan
m12_no_attack_dup0_s20260621_nonbonded,P3-NoPersist,m12_no_attack_dup0_s20260621,nonbonded,4828,PRIVPROBE:1,host_scan,504,False,0,host_scan
m12_no_attack_dup0_s20260621_nonbonded,P3-NoPersist,m12_no_attack_dup0_s20260621,nonbonded,4851,PRIVPROBE:1,host_scan,504,False,0,host_scan
m12_no_attack_dup0_s20260621_nonbonded,P3-NoPersist,m12_no_attack_dup0_s20260621,nonbonded,4872,PRIVPROBE:1,host_scan,504,False,0,host_scan
m12_no_attack_dup0_s20260621_nonbonded,P3-NoPersist,m12_no_attack_dup0_s20260621,nonbonded,4891,PRIVPROBE:1,host_scan,504,False,0,host_scan
m12_no_attack_dup0_s20260621_nonbonded,P3-NoPersist,m12_no_attack_dup0_s20260621,nonbonded,4918,PRIVPROBE:1,host_scan,504,False,0,host_scan
m12_no_attack_dup0_s20260621_nonbonded,P3-NoPersist,m12_no_attack_dup0_s20260621,nonbonded,4925,PRIVPROBE:1,host_scan,504,False,0,host_scan
m12_no_attack_dup0_s20260621_nonbonded,P3-NoPersist,m12_no_attack_dup0_s20260621,nonbonded,4945,PRIVPROBE:1,defer,0,True,1000,defer
m12_no_attack_dup0_s20260621_nonbonded,P3-NoPersist,m12_no_attack_dup0_s20260621,nonbonded,4969,PRIVPROBE:1,defer,0,True,1000,defer
m12_no_attack_dup0_s20260621_nonbonded,P3-NoPersist,m12_no_attack_dup0_s20260621,nonbonded,4996,PRIVPROBE:1,host_scan,504,False,0,host_scan
m12_no_attack_dup0_s20260621_nonbonded,P3-NoPersist,m12_no_attack_dup0_s20260621,nonbonded,5019,PRIVPROBE:1,host_scan,504,False,0,host_scan
m12_no_attack_dup0_s20260621_nonbonded,P3-NoPersist,m12_no_attack_dup0_s20260621,nonbonded,5048,PRIVPROBE:1,host_scan,504,False,0,host_scan
m12_no_attack_dup0_s20260621_nonbonded,P3-NoPersist,m12_no_attack_dup0_s20260621,nonbonded,5063,PRIVPROBE:1,host_scan,504,False,0,host_scan
m12_no_attack_dup0_s20260621_nonbonded,P3-NoPersist,m12_no_attack_dup0_s20260621,nonbonded,5085,PRIVPROBE:1,host_scan,504,False,0,host_scan
m12_no_attack_dup0_s20260621_nonbonded,P3-NoPersist,m12_no_attack_dup0_s20260621,nonbonded,5101,PRIVPROBE:1,host_scan,504,False,0,host_scan
m12_no_attack_dup0_s20260621_nonbonded,P3-NoPersist,m12_no_attack_dup0_s20260621,nonbonded,5121,PRIVPROBE:1,host_scan,504,False,0,host_scan
m12_no_attack_dup0_s20260621_nonbonded,P3-NoPersist,m12_no_attack_dup0_s20260621,nonbonded,5148,PRIVPROBE:1,host_scan,504,False,0,host_scan
m12_no_attack_dup0_s20260621_nonbonded,P3-NoPersist,m12_no_attack_dup0_s20260621,nonbonded,5175,PRIVPROBE:1,host_scan,504,False,0,host_scan
m12_no_attack_dup0_s20260621_nonbonded,P3-NoPersist,m12_no_attack_dup0_s20260621,nonbonded,5202,PRIVPROBE:1,host_scan,504,False,0,host_scan
m12_no_attack_dup0_s20260621_nonbonded,P3-NoPersist,m12_no_attack_dup0_s20260621,nonbonded,5225,PRIVPROBE:1,defer,0,True,1000,defer
m12_no_attack_dup0_s20260621_nonbonded,P3-NoPersist,m12_no_attack_dup0_s20260621,nonbonded,5245,PRIVPROBE:1,defer,0,True,1000,defer
m12_no_attack_dup0_s20260621_nonbonded,P3-NoPersist,m12_no_attack_dup0_s20260621,nonbonded,5265,PRIVPROBE:1,host_scan,504,False,0,host_scan
m12_no_attack_dup0_s20260621_nonbonded,P3-NoPersist,m12_no_attack_dup0_s20260621,nonbonded,5289,PRIVPROBE:1,host_scan,504,False,0,host_scan
m12_no_attack_dup0_s20260621_nonbonded,P3-NoPersist,m12_no_attack_dup0_s20260621,nonbonded,5313,PRIVPROBE:1,host_scan,504,False,0,host_scan
m12_no_attack_dup0_s20260621_nonbonded,P3-NoPersist,m12_no_attack_dup0_s20260621,nonbonded,5338,PRIVPROBE:1,host_scan,504,False,0,host_scan
m12_no_attack_dup0_s20260621_nonbonded,P3-NoPersist,m12_no_attack_dup0_s20260621,nonbonded,5361,PRIVPROBE:1,host_scan,504,False,0,host_scan
m12_no_attack_dup0_s20260621_nonbonded,P3-NoPersist,m12_no_attack_dup0_s20260621,nonbonded,5377,PRIVPROBE:1,host_scan,504,False,0,host_scan
m12_no_attack_dup0_s20260621_nonbonded,P3-NoPersist,m12_no_attack_dup0_s20260621,nonbonded,5397,PRIVPROBE:1,host_scan,504,False,0,host_scan
m12_no_attack_dup0_s20260621_nonbonded,P3-NoPersist,m12_no_attack_dup0_s20260621,nonbonded,5413,PRIVPROBE:1,host_scan,504,False,0,host_scan
m12_no_attack_dup0_s20260621_nonbonded,P3-NoPersist,m12_no_attack_dup0_s20260621,nonbonded,5438,PRIVPROBE:1,host_scan,504,False,0,host_scan
m12_no_attack_dup0_s20260621_nonbonded,P3-NoPersist,m12_no_attack_dup0_s20260621,nonbonded,5462,PRIVPROBE:1,host_scan,504,False,0,host_scan
m12_no_attack_dup0_s20260621_nonbonded,P3-NoPersist,m12_no_attack_dup0_s20260621,nonbonded,5486,PRIVPROBE:1,defer,0,True,1000,defer
m12_no_attack_dup0_s20260621_nonbonded,P3-NoPersist,m12_no_attack_dup0_s20260621,nonbonded,5510,PRIVPROBE:1,defer,0,True,1000,defer
m12_no_attack_dup0_s20260621_nonbonded,P3-NoPersist,m12_no_attack_dup0_s20260621,nonbonded,5534,PRIVPROBE:1,host_scan,504,False,0,host_scan
m12_no_attack_dup0_s20260621_nonbonded,P3-NoPersist,m12_no_attack_dup0_s20260621,nonbonded,5556,PRIVPROBE:1,host_scan,504,False,0,host_scan
m12_no_attack_dup0_s20260621_nonbonded,P3-NoPersist,m12_no_attack_dup0_s20260621,nonbonded,5577,PRIVPROBE:1,host_scan,504,False,0,host_scan
m12_no_attack_dup0_s20260621_nonbonded,P3-NoPersist,m12_no_attack_dup0_s20260621,nonbonded,5596,PRIVPROBE:1,host_scan,504,False,0,host_scan
m12_no_attack_dup0_s20260621_nonbonded,P3-NoPersist,m12_no_attack_dup0_s20260621,nonbonded,5622,PRIVPROBE:1,host_scan,504,False,0,host_scan
m12_no_attack_dup0_s20260621_nonbonded,P3-NoPersist,m12_no_attack_dup0_s20260621,nonbonded,5643,PRIVPROBE:1,host_scan,504,False,0,host_scan
m12_no_attack_dup0_s20260621_nonbonded,P3-NoPersist,m12_no_attack_dup0_s20260621,nonbonded,5658,PRIVPROBE:1,host_scan,504,False,0,host_scan
m12_no_attack_dup0_s20260621_nonbonded,P3-NoPersist,m12_no_attack_dup0_s20260621,nonbonded,5682,PRIVPROBE:1,host_scan,504,False,0,host_scan
m12_no_attack_dup0_s20260621_nonbonded,P3-NoPersist,m12_no_attack_dup0_s20260621,nonbonded,5699,PRIVPROBE:1,host_scan,504,False,0,host_scan
m12_no_attack_dup0_s20260621_nonbonded,P3-NoPersist,m12_no_attack_dup0_s20260621,nonbonded,5717,PRIVPROBE:1,host_scan,504,False,0,host_scan
m12_no_attack_dup0_s20260621_nonbonded,P3-NoPersist,m12_no_attack_dup0_s20260621,nonbonded,5741,PRIVPROBE:1,host_scan,504,False,0,host_scan
m12_no_attack_dup0_s20260621_nonbonded,P3-NoPersist,m12_no_attack_dup0_s20260621,nonbonded,5764,PRIVPROBE:1,host_scan,504,False,0,host_scan
m12_no_attack_dup0_s20260621_nonbonded,P3-NoPersist,m12_no_attack_dup0_s20260621,nonbonded,5792,PRIVPROBE:1,host_scan,504,False,0,host_scan
m12_no_attack_dup0_s20260621_nonbonded,P3-NoPersist,m12_no_attack_dup0_s20260621,nonbonded,5808,PRIVPROBE:1,host_scan,504,False,0,host_scan
m12_no_attack_dup0_s20260621_nonbonded,P3-NoPersist,m12_no_attack_dup0_s20260621,nonbonded,5833,PRIVPROBE:1,host_scan,504,False,0,host_scan
m12_no_attack_dup0_s20260621_nonbonded,P3-NoPersist,m12_no_attack_dup0_s20260621,nonbonded,5854,PRIVPROBE:1,host_scan,504,False,0,host_scan
m12_no_attack_dup0_s20260621_nonbonded,P3-NoPersist,m12_no_attack_dup0_s20260621,nonbonded,5878,PRIVPROBE:1,host_scan,504,False,0,host_scan
m12_no_attack_dup0_s20260621_nonbonded,P3-NoPersist,m12_no_attack_dup0_s20260621,nonbonded,5900,PRIVPROBE:1,host_scan,504,False,0,host_scan
m12_no_attack_dup0_s20260621_nonbonded,P3-NoPersist,m12_no_attack_dup0_s20260621,nonbonded,5917,PRIVPROBE:1,host_scan,504,False,0,host_scan
m12_no_attack_dup0_s20260621_nonbonded,P3-NoPersist,m12_no_attack_dup0_s20260621,nonbonded,5938,PRIVPROBE:1,host_scan,504,False,0,host_scan
m12_no_attack_dup0_s20260621_nonbonded,P3-NoPersist,m12_no_attack_dup0_s20260621,nonbonded,5965,PRIVPROBE:1,host_scan,504,False,0,host_scan
m12_no_attack_dup0_s20260621_nonbonded,P3-NoPersist,m12_no_attack_dup0_s20260621,nonbonded,5992,PRIVPROBE:1,defer,0,True,1000,defer
m12_no_attack_dup0_s20260621_nonbonded,P3-NoPersist,m12_no_attack_dup0_s20260621,nonbonded,6008,PRIVPROBE:1,defer,0,True,1000,defer
m12_no_attack_dup0_s20260621_nonbonded,P3-NoPersist,m12_no_attack_dup0_s20260621,nonbonded,6026,PRIVPROBE:1,defer,0,True,1000,defer
m12_no_attack_dup0_s20260621_nonbonded,P3-NoPersist,m12_no_attack_dup0_s20260621,nonbonded,6047,PRIVPROBE:1,host_scan,504,False,0,host_scan
m12_no_attack_dup0_s20260621_nonbonded,P3-NoPersist,m12_no_attack_dup0_s20260621,nonbonded,6068,PRIVPROBE:1,host_scan,504,False,0,host_scan
m12_no_attack_dup0_s20260621_nonbonded,P3-NoPersist,m12_no_attack_dup0_s20260621,nonbonded,6094,PRIVPROBE:1,host_scan,504,False,0,host_scan
m12_no_attack_dup0_s20260621_nonbonded,P3-NoPersist,m12_no_attack_dup0_s20260621,nonbonded,6117,PRIVPROBE:1,host_scan,504,False,0,host_scan
m12_no_attack_dup0_s20260621_nonbonded,P3-NoPersist,m12_no_attack_dup0_s20260621,nonbonded,6152,PRIVPROBE:1,host_scan,504,False,0,host_scan
m12_no_attack_dup0_s20260621_nonbonded,P3-NoPersist,m12_no_attack_dup0_s20260621,nonbonded,6165,PRIVPROBE:1,host_scan,504,False,0,host_scan
m12_no_attack_dup0_s20260621_nonbonded,P3-NoPersist,m12_no_attack_dup0_s20260621,nonbonded,6188,PRIVPROBE:1,host_scan,504,False,0,host_scan
m12_no_attack_dup0_s20260621_nonbonded,P3-NoPersist,m12_no_attack_dup0_s20260621,nonbonded,6209,PRIVPROBE:1,host_scan,504,False,0,host_scan
m12_no_attack_dup0_s20260621_nonbonded,P3-NoPersist,m12_no_attack_dup0_s20260621,nonbonded,6227,PRIVPROBE:1,host_scan,504,False,0,host_scan
m12_no_attack_dup0_s20260621_nonbonded,P3-NoPersist,m12_no_attack_dup0_s20260621,nonbonded,6244,PRIVPROBE:1,host_scan,504,False,0,host_scan
m12_no_attack_dup0_s20260621_nonbonded,P3-NoPersist,m12_no_attack_dup0_s20260621,nonbonded,6257,PRIVPROBE:1,defer,0,True,1000,defer
m12_no_attack_dup0_s20260621_nonbonded,P3-NoPersist,m12_no_attack_dup0_s20260621,nonbonded,6278,PRIVPROBE:1,defer,0,True,1000,defer
m12_no_attack_dup0_s20260621_nonbonded,P3-NoPersist,m12_no_attack_dup0_s20260621,nonbonded,6291,PRIVPROBE:1,host_scan,504,False,0,host_scan
m12_no_attack_dup0_s20260621_nonbonded,P3-NoPersist,m12_no_attack_dup0_s20260621,nonbonded,6317,PRIVPROBE:1,host_scan,504,False,0,host_scan
m12_no_attack_dup0_s20260621_nonbonded,P3-NoPersist,m12_no_attack_dup0_s20260621,nonbonded,6335,PRIVPROBE:1,host_scan,504,False,0,host_scan
m12_no_attack_dup0_s20260621_nonbonded,P3-NoPersist,m12_no_attack_dup0_s20260621,nonbonded,6354,PRIVPROBE:1,host_scan,504,False,0,host_scan
m12_no_attack_dup0_s20260621_nonbonded,P3-NoPersist,m12_no_attack_dup0_s20260621,nonbonded,6373,PRIVPROBE:1,host_scan,504,False,0,host_scan
m12_no_attack_dup0_s20260621_nonbonded,P3-NoPersist,m12_no_attack_dup0_s20260621,nonbonded,6394,PRIVPROBE:1,host_scan,504,False,0,host_scan
m12_no_attack_dup0_s20260621_nonbonded,P3-NoPersist,m12_no_attack_dup0_s20260621,nonbonded,6412,PRIVPROBE:1,host_scan,504,False,0,host_scan
m12_no_attack_dup0_s20260621_nonbonded,P3-NoPersist,m12_no_attack_dup0_s20260621,nonbonded,6430,PRIVPROBE:1,host_scan,504,False,0,host_scan
m12_no_attack_dup0_s20260621_nonbonded,P3-NoPersist,m12_no_attack_dup0_s20260621,nonbonded,6461,PRIVPROBE:1,host_scan,504,False,0,host_scan
m12_no_attack_dup0_s20260621_nonbonded,P3-NoPersist,m12_no_attack_dup0_s20260621,nonbonded,6479,PRIVPROBE:1,host_scan,504,False,0,host_scan
m12_no_attack_dup0_s20260621_nonbonded,P3-NoPersist,m12_no_attack_dup0_s20260621,nonbonded,6508,PRIVPROBE:1,defer,0,True,1000,defer
m12_no_attack_dup0_s20260621_nonbonded,P3-NoPersist,m12_no_attack_dup0_s20260621,nonbonded,6532,PRIVPROBE:1,defer,0,True,1000,defer
m12_no_attack_dup0_s20260621_nonbonded,P3-NoPersist,m12_no_attack_dup0_s20260621,nonbonded,6550,PRIVPROBE:1,host_scan,504,False,0,host_scan
m12_no_attack_dup0_s20260621_nonbonded,P3-NoPersist,m12_no_attack_dup0_s20260621,nonbonded,6571,PRIVPROBE:1,host_scan,504,False,0,host_scan
m12_no_attack_dup0_s20260621_nonbonded,P3-NoPersist,m12_no_attack_dup0_s20260621,nonbonded,6593,PRIVPROBE:1,host_scan,504,False,0,host_scan
m12_no_attack_dup0_s20260621_nonbonded,P3-NoPersist,m12_no_attack_dup0_s20260621,nonbonded,6617,PRIVPROBE:1,host_scan,504,False,0,host_scan
m12_no_attack_dup0_s20260621_nonbonded,P3-NoPersist,m12_no_attack_dup0_s20260621,nonbonded,6645,PRIVPROBE:1,host_scan,504,False,0,host_scan
m12_no_attack_dup0_s20260621_nonbonded,P3-NoPersist,m12_no_attack_dup0_s20260621,nonbonded,6662,PRIVPROBE:1,host_scan,504,False,0,host_scan
m12_no_attack_dup0_s20260621_nonbonded,P3-NoPersist,m12_no_attack_dup0_s20260621,nonbonded,6676,PRIVPROBE:1,host_scan,504,False,0,host_scan
m12_no_attack_dup0_s20260621_nonbonded,P3-NoPersist,m12_no_attack_dup0_s20260621,nonbonded,6699,PRIVPROBE:1,host_scan,504,False,0,host_scan
m12_no_attack_dup0_s20260621_nonbonded,P3-NoPersist,m12_no_attack_dup0_s20260621,nonbonded,6719,PRIVPROBE:1,host_scan,504,False,0,host_scan
m12_no_attack_dup0_s20260621_nonbonded,P3-NoPersist,m12_no_attack_dup0_s20260621,nonbonded,6743,PRIVPROBE:1,host_scan,504,False,0,host_scan
m12_no_attack_dup0_s20260621_nonbonded,P3-NoPersist,m12_no_attack_dup0_s20260621,nonbonded,6764,PRIVPROBE:1,defer,0,True,1000,defer
m12_no_attack_dup0_s20260621_nonbonded,P3-NoPersist,m12_no_attack_dup0_s20260621,nonbonded,6787,PRIVPROBE:1,defer,0,True,1000,defer
m12_no_attack_dup0_s20260621_nonbonded,P3-NoPersist,m12_no_attack_dup0_s20260621,nonbonded,6801,PRIVPROBE:1,host_scan,504,False,0,host_scan
m12_no_attack_dup0_s20260621_nonbonded,P3-NoPersist,m12_no_attack_dup0_s20260621,nonbonded,6813,PRIVPROBE:1,host_scan,504,False,0,host_scan
m12_no_attack_dup0_s20260621_nonbonded,P3-NoPersist,m12_no_attack_dup0_s20260621,nonbonded,6839,PRIVPROBE:1,host_scan,504,False,0,host_scan
m12_no_attack_dup0_s20260621_nonbonded,P3-NoPersist,m12_no_attack_dup0_s20260621,nonbonded,6866,PRIVPROBE:1,host_scan,504,False,0,host_scan
m12_no_attack_dup0_s20260621_nonbonded,P3-NoPersist,m12_no_attack_dup0_s20260621,nonbonded,6890,PRIVPROBE:1,host_scan,504,False,0,host_scan
m12_no_attack_dup0_s20260621_nonbonded,P3-NoPersist,m12_no_attack_dup0_s20260621,nonbonded,6918,PRIVPROBE:1,host_scan,504,False,0,host_scan
m12_no_attack_dup0_s20260621_nonbonded,P3-NoPersist,m12_no_attack_dup0_s20260621,nonbonded,6938,PRIVPROBE:1,host_scan,504,False,0,host_scan
m12_no_attack_dup0_s20260621_nonbonded,P3-NoPersist,m12_no_attack_dup0_s20260621,nonbonded,6958,PRIVPROBE:1,host_scan,504,False,0,host_scan
m12_no_attack_dup0_s20260621_nonbonded,P3-NoPersist,m12_no_attack_dup0_s20260621,nonbonded,6974,PRIVPROBE:1,host_scan,504,False,0,host_scan
m12_no_attack_dup0_s20260621_nonbonded,P3-NoPersist,m12_no_attack_dup0_s20260621,nonbonded,7003,PRIVPROBE:1,host_scan,504,False,0,host_scan
m12_no_attack_dup0_s20260621_nonbonded,P3-NoPersist,m12_no_attack_dup0_s20260621,nonbonded,7027,PRIVPROBE:1,defer,0,True,1000,defer
m12_no_attack_dup0_s20260621_nonbonded,P3-NoPersist,m12_no_attack_dup0_s20260621,nonbonded,7056,PRIVPROBE:1,defer,0,True,1000,defer
m12_no_attack_dup0_s20260621_nonbonded,P3-NoPersist,m12_no_attack_dup0_s20260621,nonbonded,7074,PRIVPROBE:1,host_scan,504,False,0,host_scan
m12_no_attack_dup0_s20260621_nonbonded,P3-NoPersist,m12_no_attack_dup0_s20260621,nonbonded,7096,PRIVPROBE:1,host_scan,504,False,0,host_scan
m12_no_attack_dup0_s20260621_nonbonded,P3-NoPersist,m12_no_attack_dup0_s20260621,nonbonded,7118,PRIVPROBE:1,host_scan,504,False,0,host_scan
m12_no_attack_dup0_s20260621_nonbonded,P3-NoPersist,m12_no_attack_dup0_s20260621,nonbonded,7136,PRIVPROBE:1,host_scan,504,False,0,host_scan
m12_no_attack_dup0_s20260621_nonbonded,P3-NoPersist,m12_no_attack_dup0_s20260621,nonbonded,7155,PRIVPROBE:1,host_scan,504,False,0,host_scan
m12_no_attack_dup0_s20260621_nonbonded,P3-NoPersist,m12_no_attack_dup0_s20260621,nonbonded,7184,PRIVPROBE:1,host_scan,504,False,0,host_scan
m12_no_attack_dup0_s20260621_nonbonded,P3-NoPersist,m12_no_attack_dup0_s20260621,nonbonded,7205,PRIVPROBE:1,host_scan,504,False,0,host_scan
m12_no_attack_dup0_s20260621_nonbonded,P3-NoPersist,m12_no_attack_dup0_s20260621,nonbonded,7229,PRIVPROBE:1,host_scan,504,False,0,host_scan
m12_no_attack_dup0_s20260621_nonbonded,P3-NoPersist,m12_no_attack_dup0_s20260621,nonbonded,7251,PRIVPROBE:1,host_scan,504,False,0,host_scan
m12_no_attack_dup0_s20260621_nonbonded,P3-NoPersist,m12_no_attack_dup0_s20260621,nonbonded,7275,PRIVPROBE:1,host_scan,504,False,0,host_scan
m12_no_attack_dup0_s20260621_nonbonded,P3-NoPersist,m12_no_attack_dup0_s20260621,nonbonded,7303,PRIVPROBE:1,defer,0,True,1000,defer
m12_no_attack_dup0_s20260621_nonbonded,P3-NoPersist,m12_no_attack_dup0_s20260621,nonbonded,7335,PRIVPROBE:1,defer,0,True,1000,defer
m12_no_attack_dup0_s20260621_nonbonded,P3-NoPersist,m12_no_attack_dup0_s20260621,nonbonded,7358,PRIVPROBE:1,host_scan,504,False,0,host_scan
m12_no_attack_dup0_s20260621_nonbonded,P3-NoPersist,m12_no_attack_dup0_s20260621,nonbonded,7375,PRIVPROBE:1,host_scan,504,False,0,host_scan
m12_no_attack_dup0_s20260621_nonbonded,P3-NoPersist,m12_no_attack_dup0_s20260621,nonbonded,7396,PRIVPROBE:1,host_scan,504,False,0,host_scan
m12_no_attack_dup0_s20260621_nonbonded,P3-NoPersist,m12_no_attack_dup0_s20260621,nonbonded,7420,PRIVPROBE:1,host_scan,504,False,0,host_scan
m12_no_attack_dup0_s20260621_nonbonded,P3-NoPersist,m12_no_attack_dup0_s20260621,nonbonded,7438,PRIVPROBE:1,host_scan,504,False,0,host_scan
m12_no_attack_dup0_s20260621_nonbonded,P3-NoPersist,m12_no_attack_dup0_s20260621,nonbonded,7451,PRIVPROBE:1,host_scan,504,False,0,host_scan
m12_no_attack_dup0_s20260621_nonbonded,P3-NoPersist,m12_no_attack_dup0_s20260621,nonbonded,7476,PRIVPROBE:1,host_scan,504,False,0,host_scan
m12_no_attack_dup0_s20260621_nonbonded,P3-NoPersist,m12_no_attack_dup0_s20260621,nonbonded,7497,PRIVPROBE:1,host_scan,504,False,0,host_scan
m12_no_attack_dup0_s20260621_nonbonded,P3-NoPersist,m12_no_attack_dup0_s20260621,nonbonded,7518,PRIVPROBE:1,host_scan,504,False,0,host_scan
m12_no_attack_dup0_s20260621_nonbonded,P3-NoPersist,m12_no_attack_dup0_s20260621,nonbonded,7532,PRIVPROBE:1,host_scan,504,False,0,host_scan
m12_no_attack_dup0_s20260621_nonbonded,P3-NoPersist,m12_no_attack_dup0_s20260621,nonbonded,7556,PRIVPROBE:1,host_scan,504,False,0,host_scan
m12_no_attack_dup0_s20260621_nonbonded,P3-NoPersist,m12_no_attack_dup0_s20260621,nonbonded,7580,PRIVPROBE:1,host_scan,504,False,0,host_scan
m12_no_attack_dup0_s20260621_nonbonded,BudgetDoS,m12_no_attack_dup0_s20260621,nonbonded,1258,PRIVPROBE:0,host_scan,504,False,0,host_scan
m12_no_attack_dup0_s20260621_nonbonded,BudgetDoS,m12_no_attack_dup0_s20260621,nonbonded,1271,PRIVPROBE:0,host_scan,504,False,0,host_scan
m12_no_attack_dup0_s20260621_nonbonded,BudgetDoS,m12_no_attack_dup0_s20260621,nonbonded,1293,PRIVPROBE:0,host_scan,504,False,0,host_scan
m12_no_attack_dup0_s20260621_nonbonded,BudgetDoS,m12_no_attack_dup0_s20260621,nonbonded,1313,PRIVPROBE:0,host_scan,504,False,0,host_scan
m12_no_attack_dup0_s20260621_nonbonded,BudgetDoS,m12_no_attack_dup0_s20260621,nonbonded,1333,PRIVPROBE:0,host_scan,504,False,0,host_scan
m12_no_attack_dup0_s20260621_nonbonded,BudgetDoS,m12_no_attack_dup0_s20260621,nonbonded,1355,PRIVPROBE:0,host_scan,504,False,0,host_scan
m12_no_attack_dup0_s20260621_nonbonded,BudgetDoS,m12_no_attack_dup0_s20260621,nonbonded,1376,PRIVPROBE:0,host_scan,504,False,0,host_scan
m12_no_attack_dup0_s20260621_nonbonded,BudgetDoS,m12_no_attack_dup0_s20260621,nonbonded,1399,PRIVPROBE:0,host_scan,504,False,0,host_scan
m12_no_attack_dup0_s20260621_nonbonded,BudgetDoS,m12_no_attack_dup0_s20260621,nonbonded,1421,PRIVPROBE:0,host_scan,504,False,0,host_scan
m12_no_attack_dup0_s20260621_nonbonded,BudgetDoS,m12_no_attack_dup0_s20260621,nonbonded,1440,PRIVPROBE:0,budget_skip,0,False,0,budget_skip
m12_no_attack_dup0_s20260621_nonbonded,BudgetDoS,m12_no_attack_dup0_s20260621,nonbonded,1459,PRIVPROBE:0,budget_skip,0,False,0,budget_skip
m12_no_attack_dup0_s20260621_nonbonded,BudgetDoS,m12_no_attack_dup0_s20260621,nonbonded,1483,PRIVPROBE:0,budget_skip,0,False,0,budget_skip
m12_no_attack_dup0_s20260621_nonbonded,BudgetDoS,m12_no_attack_dup0_s20260621,nonbonded,1499,PRIVPROBE:0,host_scan,504,False,0,host_scan
m12_no_attack_dup0_s20260621_nonbonded,BudgetDoS,m12_no_attack_dup0_s20260621,nonbonded,1519,PRIVPROBE:0,host_scan,504,False,0,host_scan
m12_no_attack_dup0_s20260621_nonbonded,BudgetDoS,m12_no_attack_dup0_s20260621,nonbonded,1546,PRIVPROBE:0,host_scan,504,False,0,host_scan
m12_no_attack_dup0_s20260621_nonbonded,BudgetDoS,m12_no_attack_dup0_s20260621,nonbonded,1569,PRIVPROBE:0,host_scan,504,False,0,host_scan
m12_no_attack_dup0_s20260621_nonbonded,BudgetDoS,m12_no_attack_dup0_s20260621,nonbonded,1582,PRIVPROBE:0,host_scan,504,False,0,host_scan
m12_no_attack_dup0_s20260621_nonbonded,BudgetDoS,m12_no_attack_dup0_s20260621,nonbonded,1601,PRIVPROBE:0,host_scan,504,False,0,host_scan
m12_no_attack_dup0_s20260621_nonbonded,BudgetDoS,m12_no_attack_dup0_s20260621,nonbonded,1630,PRIVPROBE:0,host_scan,504,False,0,host_scan
m12_no_attack_dup0_s20260621_nonbonded,BudgetDoS,m12_no_attack_dup0_s20260621,nonbonded,1648,PRIVPROBE:0,host_scan,504,False,0,host_scan
m12_no_attack_dup0_s20260621_nonbonded,BudgetDoS,m12_no_attack_dup0_s20260621,nonbonded,1664,PRIVPROBE:0,budget_skip,0,False,0,budget_skip
m12_no_attack_dup0_s20260621_nonbonded,BudgetDoS,m12_no_attack_dup0_s20260621,nonbonded,1687,PRIVPROBE:0,budget_skip,0,False,0,budget_skip
m12_no_attack_dup0_s20260621_nonbonded,BudgetDoS,m12_no_attack_dup0_s20260621,nonbonded,1707,PRIVPROBE:0,budget_skip,0,False,0,budget_skip
m12_no_attack_dup0_s20260621_nonbonded,BudgetDoS,m12_no_attack_dup0_s20260621,nonbonded,1735,PRIVPROBE:0,budget_skip,0,False,0,budget_skip
m12_no_attack_dup0_s20260621_nonbonded,BudgetDoS,m12_no_attack_dup0_s20260621,nonbonded,1763,PRIVPROBE:0,host_scan,504,False,0,host_scan
m12_no_attack_dup0_s20260621_nonbonded,BudgetDoS,m12_no_attack_dup0_s20260621,nonbonded,1784,PRIVPROBE:0,host_scan,504,False,0,host_scan
m12_no_attack_dup0_s20260621_nonbonded,BudgetDoS,m12_no_attack_dup0_s20260621,nonbonded,1809,PRIVPROBE:0,host_scan,504,False,0,host_scan
m12_no_attack_dup0_s20260621_nonbonded,BudgetDoS,m12_no_attack_dup0_s20260621,nonbonded,1827,PRIVPROBE:0,host_scan,504,False,0,host_scan
m12_no_attack_dup0_s20260621_nonbonded,BudgetDoS,m12_no_attack_dup0_s20260621,nonbonded,1852,PRIVPROBE:0,host_scan,504,False,0,host_scan
m12_no_attack_dup0_s20260621_nonbonded,BudgetDoS,m12_no_attack_dup0_s20260621,nonbonded,1871,PRIVPROBE:0,host_scan,504,False,0,host_scan
m12_no_attack_dup0_s20260621_nonbonded,BudgetDoS,m12_no_attack_dup0_s20260621,nonbonded,1892,PRIVPROBE:0,host_scan,504,False,0,host_scan
m12_no_attack_dup0_s20260621_nonbonded,BudgetDoS,m12_no_attack_dup0_s20260621,nonbonded,1920,PRIVPROBE:0,budget_skip,0,False,0,budget_skip
m12_no_attack_dup0_s20260621_nonbonded,BudgetDoS,m12_no_attack_dup0_s20260621,nonbonded,1943,PRIVPROBE:0,budget_skip,0,False,0,budget_skip
m12_no_attack_dup0_s20260621_nonbonded,BudgetDoS,m12_no_attack_dup0_s20260621,nonbonded,1964,PRIVPROBE:0,budget_skip,0,False,0,budget_skip
m12_no_attack_dup0_s20260621_nonbonded,BudgetDoS,m12_no_attack_dup0_s20260621,nonbonded,1981,PRIVPROBE:0,budget_skip,0,False,0,budget_skip
m12_no_attack_dup0_s20260621_nonbonded,BudgetDoS,m12_no_attack_dup0_s20260621,nonbonded,1997,PRIVPROBE:0,budget_skip,0,False,0,budget_skip
m12_no_attack_dup0_s20260621_nonbonded,BudgetDoS,m12_no_attack_dup0_s20260621,nonbonded,2016,PRIVPROBE:0,host_scan,504,False,0,host_scan
m12_no_attack_dup0_s20260621_nonbonded,BudgetDoS,m12_no_attack_dup0_s20260621,nonbonded,2041,PRIVPROBE:0,host_scan,504,False,0,host_scan
m12_no_attack_dup0_s20260621_nonbonded,BudgetDoS,m12_no_attack_dup0_s20260621,nonbonded,2054,PRIVPROBE:0,host_scan,504,False,0,host_scan
m12_no_attack_dup0_s20260621_nonbonded,BudgetDoS,m12_no_attack_dup0_s20260621,nonbonded,2072,PRIVPROBE:0,host_scan,504,False,0,host_scan
m12_no_attack_dup0_s20260621_nonbonded,BudgetDoS,m12_no_attack_dup0_s20260621,nonbonded,2085,PRIVPROBE:0,host_scan,504,False,0,host_scan
m12_no_attack_dup0_s20260621_nonbonded,BudgetDoS,m12_no_attack_dup0_s20260621,nonbonded,2104,PRIVPROBE:0,host_scan,504,False,0,host_scan
m12_no_attack_dup0_s20260621_nonbonded,BudgetDoS,m12_no_attack_dup0_s20260621,nonbonded,2118,PRIVPROBE:0,host_scan,504,False,0,host_scan
m12_no_attack_dup0_s20260621_nonbonded,BudgetDoS,m12_no_attack_dup0_s20260621,nonbonded,2141,PRIVPROBE:0,host_scan,504,False,0,host_scan
m12_no_attack_dup0_s20260621_nonbonded,BudgetDoS,m12_no_attack_dup0_s20260621,nonbonded,2158,PRIVPROBE:0,host_scan,504,False,0,host_scan
m12_no_attack_dup0_s20260621_nonbonded,BudgetDoS,m12_no_attack_dup0_s20260621,nonbonded,2179,PRIVPROBE:0,budget_skip,0,False,0,budget_skip
m12_no_attack_dup0_s20260621_nonbonded,BudgetDoS,m12_no_attack_dup0_s20260621,nonbonded,2202,PRIVPROBE:0,budget_skip,0,False,0,budget_skip
m12_no_attack_dup0_s20260621_nonbonded,BudgetDoS,m12_no_attack_dup0_s20260621,nonbonded,2219,PRIVPROBE:0,budget_skip,0,False,0,budget_skip
m12_no_attack_dup0_s20260621_nonbonded,BudgetDoS,m12_no_attack_dup0_s20260621,nonbonded,2238,PRIVPROBE:0,host_scan,504,False,0,host_scan
m12_no_attack_dup0_s20260621_nonbonded,BudgetDoS,m12_no_attack_dup0_s20260621,nonbonded,2261,PRIVPROBE:0,host_scan,504,False,0,host_scan
m12_no_attack_dup0_s20260621_nonbonded,BudgetDoS,m12_no_attack_dup0_s20260621,nonbonded,2280,PRIVPROBE:0,host_scan,504,False,0,host_scan
m12_no_attack_dup0_s20260621_nonbonded,BudgetDoS,m12_no_attack_dup0_s20260621,nonbonded,2297,PRIVPROBE:0,host_scan,504,False,0,host_scan
m12_no_attack_dup0_s20260621_nonbonded,BudgetDoS,m12_no_attack_dup0_s20260621,nonbonded,2315,PRIVPROBE:0,host_scan,504,False,0,host_scan
m12_no_attack_dup0_s20260621_nonbonded,BudgetDoS,m12_no_attack_dup0_s20260621,nonbonded,2333,PRIVPROBE:0,host_scan,504,False,0,host_scan
m12_no_attack_dup0_s20260621_nonbonded,BudgetDoS,m12_no_attack_dup0_s20260621,nonbonded,2348,PRIVPROBE:0,host_scan,504,False,0,host_scan
m12_no_attack_dup0_s20260621_nonbonded,BudgetDoS,m12_no_attack_dup0_s20260621,nonbonded,2364,PRIVPROBE:0,host_scan,504,False,0,host_scan
m12_no_attack_dup0_s20260621_nonbonded,BudgetDoS,m12_no_attack_dup0_s20260621,nonbonded,2388,PRIVPROBE:0,budget_skip,0,False,0,budget_skip
m12_no_attack_dup0_s20260621_nonbonded,BudgetDoS,m12_no_attack_dup0_s20260621,nonbonded,2409,PRIVPROBE:0,budget_skip,0,False,0,budget_skip
m12_no_attack_dup0_s20260621_nonbonded,BudgetDoS,m12_no_attack_dup0_s20260621,nonbonded,2441,PRIVPROBE:0,budget_skip,0,False,0,budget_skip
m12_no_attack_dup0_s20260621_nonbonded,BudgetDoS,m12_no_attack_dup0_s20260621,nonbonded,2460,PRIVPROBE:0,budget_skip,0,False,0,budget_skip
m12_no_attack_dup0_s20260621_nonbonded,BudgetDoS,m12_no_attack_dup0_s20260621,nonbonded,2478,PRIVPROBE:0,host_scan,504,False,0,host_scan
m12_no_attack_dup0_s20260621_nonbonded,BudgetDoS,m12_no_attack_dup0_s20260621,nonbonded,2498,PRIVPROBE:0,host_scan,504,False,0,host_scan
m12_no_attack_dup0_s20260621_nonbonded,BudgetDoS,m12_no_attack_dup0_s20260621,nonbonded,2519,PRIVPROBE:0,host_scan,504,False,0,host_scan
m12_no_attack_dup0_s20260621_nonbonded,BudgetDoS,m12_no_attack_dup0_s20260621,nonbonded,2545,PRIVPROBE:0,host_scan,504,False,0,host_scan
m12_no_attack_dup0_s20260621_nonbonded,BudgetDoS,m12_no_attack_dup0_s20260621,nonbonded,2574,PRIVPROBE:0,host_scan,504,False,0,host_scan
m12_no_attack_dup0_s20260621_nonbonded,BudgetDoS,m12_no_attack_dup0_s20260621,nonbonded,2593,PRIVPROBE:0,host_scan,504,False,0,host_scan
m12_no_attack_dup0_s20260621_nonbonded,BudgetDoS,m12_no_attack_dup0_s20260621,nonbonded,2612,PRIVPROBE:0,host_scan,504,False,0,host_scan
m12_no_attack_dup0_s20260621_nonbonded,BudgetDoS,m12_no_attack_dup0_s20260621,nonbonded,2640,PRIVPROBE:0,host_scan,504,False,0,host_scan
m12_no_attack_dup0_s20260621_nonbonded,BudgetDoS,m12_no_attack_dup0_s20260621,nonbonded,2667,PRIVPROBE:0,budget_skip,0,False,0,budget_skip
m12_no_attack_dup0_s20260621_nonbonded,BudgetDoS,m12_no_attack_dup0_s20260621,nonbonded,2687,PRIVPROBE:0,budget_skip,0,False,0,budget_skip
m12_no_attack_dup0_s20260621_nonbonded,BudgetDoS,m12_no_attack_dup0_s20260621,nonbonded,2708,PRIVPROBE:0,budget_skip,0,False,0,budget_skip
m12_no_attack_dup0_s20260621_nonbonded,BudgetDoS,m12_no_attack_dup0_s20260621,nonbonded,2729,PRIVPROBE:0,budget_skip,0,False,0,budget_skip
m12_no_attack_dup0_s20260621_nonbonded,BudgetDoS,m12_no_attack_dup0_s20260621,nonbonded,2750,PRIVPROBE:0,host_scan,504,False,0,host_scan
m12_no_attack_dup0_s20260621_nonbonded,BudgetDoS,m12_no_attack_dup0_s20260621,nonbonded,2768,PRIVPROBE:0,host_scan,504,False,0,host_scan
m12_no_attack_dup0_s20260621_nonbonded,BudgetDoS,m12_no_attack_dup0_s20260621,nonbonded,2784,PRIVPROBE:0,host_scan,504,False,0,host_scan
m12_no_attack_dup0_s20260621_nonbonded,BudgetDoS,m12_no_attack_dup0_s20260621,nonbonded,2803,PRIVPROBE:0,host_scan,504,False,0,host_scan
m12_no_attack_dup0_s20260621_nonbonded,BudgetDoS,m12_no_attack_dup0_s20260621,nonbonded,2827,PRIVPROBE:0,host_scan,504,False,0,host_scan
m12_no_attack_dup0_s20260621_nonbonded,BudgetDoS,m12_no_attack_dup0_s20260621,nonbonded,2837,PRIVPROBE:0,host_scan,504,False,0,host_scan
m12_no_attack_dup0_s20260621_nonbonded,BudgetDoS,m12_no_attack_dup0_s20260621,nonbonded,2851,PRIVPROBE:0,host_scan,504,False,0,host_scan
m12_no_attack_dup0_s20260621_nonbonded,BudgetDoS,m12_no_attack_dup0_s20260621,nonbonded,2870,PRIVPROBE:0,host_scan,504,False,0,host_scan
m12_no_attack_dup0_s20260621_nonbonded,BudgetDoS,m12_no_attack_dup0_s20260621,nonbonded,2882,PRIVPROBE:0,host_scan,504,False,0,host_scan
m12_no_attack_dup0_s20260621_nonbonded,BudgetDoS,m12_no_attack_dup0_s20260621,nonbonded,2901,PRIVPROBE:0,budget_skip,0,False,0,budget_skip
m12_no_attack_dup0_s20260621_nonbonded,BudgetDoS,m12_no_attack_dup0_s20260621,nonbonded,2918,PRIVPROBE:0,budget_skip,0,False,0,budget_skip
m12_no_attack_dup0_s20260621_nonbonded,BudgetDoS,m12_no_attack_dup0_s20260621,nonbonded,2943,PRIVPROBE:0,budget_skip,0,False,0,budget_skip
m12_no_attack_dup0_s20260621_nonbonded,BudgetDoS,m12_no_attack_dup0_s20260621,nonbonded,2966,PRIVPROBE:0,host_scan,504,False,0,host_scan
m12_no_attack_dup0_s20260621_nonbonded,BudgetDoS,m12_no_attack_dup0_s20260621,nonbonded,2983,PRIVPROBE:0,host_scan,504,False,0,host_scan
m12_no_attack_dup0_s20260621_nonbonded,BudgetDoS,m12_no_attack_dup0_s20260621,nonbonded,2996,PRIVPROBE:0,host_scan,504,False,0,host_scan
m12_no_attack_dup0_s20260621_nonbonded,BudgetDoS,m12_no_attack_dup0_s20260621,nonbonded,3016,PRIVPROBE:0,host_scan,504,False,0,host_scan
m12_no_attack_dup0_s20260621_nonbonded,BudgetDoS,m12_no_attack_dup0_s20260621,nonbonded,3033,PRIVPROBE:0,host_scan,504,False,0,host_scan
m12_no_attack_dup0_s20260621_nonbonded,BudgetDoS,m12_no_attack_dup0_s20260621,nonbonded,3054,PRIVPROBE:0,host_scan,504,False,0,host_scan
m12_no_attack_dup0_s20260621_nonbonded,BudgetDoS,m12_no_attack_dup0_s20260621,nonbonded,3073,PRIVPROBE:0,host_scan,504,False,0,host_scan
m12_no_attack_dup0_s20260621_nonbonded,BudgetDoS,m12_no_attack_dup0_s20260621,nonbonded,3097,PRIVPROBE:0,host_scan,504,False,0,host_scan
m12_no_attack_dup0_s20260621_nonbonded,BudgetDoS,m12_no_attack_dup0_s20260621,nonbonded,3118,PRIVPROBE:0,host_scan,504,False,0,host_scan
m12_no_attack_dup0_s20260621_nonbonded,BudgetDoS,m12_no_attack_dup0_s20260621,nonbonded,3139,PRIVPROBE:0,budget_skip,0,False,0,budget_skip
m12_no_attack_dup0_s20260621_nonbonded,BudgetDoS,m12_no_attack_dup0_s20260621,nonbonded,3159,PRIVPROBE:0,budget_skip,0,False,0,budget_skip
m12_no_attack_dup0_s20260621_nonbonded,BudgetDoS,m12_no_attack_dup0_s20260621,nonbonded,3181,PRIVPROBE:0,budget_skip,0,False,0,budget_skip
m12_no_attack_dup0_s20260621_nonbonded,BudgetDoS,m12_no_attack_dup0_s20260621,nonbonded,3201,PRIVPROBE:0,host_scan,504,False,0,host_scan
m12_no_attack_dup0_s20260621_nonbonded,BudgetDoS,m12_no_attack_dup0_s20260621,nonbonded,3222,PRIVPROBE:0,host_scan,504,False,0,host_scan
m12_no_attack_dup0_s20260621_nonbonded,BudgetDoS,m12_no_attack_dup0_s20260621,nonbonded,3237,PRIVPROBE:0,host_scan,504,False,0,host_scan
m12_no_attack_dup0_s20260621_nonbonded,BudgetDoS,m12_no_attack_dup0_s20260621,nonbonded,3257,PRIVPROBE:0,host_scan,504,False,0,host_scan
m12_no_attack_dup0_s20260621_nonbonded,BudgetDoS,m12_no_attack_dup0_s20260621,nonbonded,3274,PRIVPROBE:0,host_scan,504,False,0,host_scan
m12_no_attack_dup0_s20260621_nonbonded,BudgetDoS,m12_no_attack_dup0_s20260621,nonbonded,3312,PRIVPROBE:0,host_scan,504,False,0,host_scan
m12_no_attack_dup0_s20260621_nonbonded,BudgetDoS,m12_no_attack_dup0_s20260621,nonbonded,3334,PRIVPROBE:0,host_scan,504,False,0,host_scan
m12_no_attack_dup0_s20260621_nonbonded,BudgetDoS,m12_no_attack_dup0_s20260621,nonbonded,3353,PRIVPROBE:0,host_scan,504,False,0,host_scan
m12_no_attack_dup0_s20260621_nonbonded,BudgetDoS,m12_no_attack_dup0_s20260621,nonbonded,3379,PRIVPROBE:0,budget_skip,0,False,0,budget_skip
m12_no_attack_dup0_s20260621_nonbonded,BudgetDoS,m12_no_attack_dup0_s20260621,nonbonded,3393,PRIVPROBE:0,budget_skip,0,False,0,budget_skip
m12_no_attack_dup0_s20260621_nonbonded,BudgetDoS,m12_no_attack_dup0_s20260621,nonbonded,3415,PRIVPROBE:0,budget_skip,0,False,0,budget_skip
m12_no_attack_dup0_s20260621_nonbonded,BudgetDoS,m12_no_attack_dup0_s20260621,nonbonded,3441,PRIVPROBE:0,budget_skip,0,False,0,budget_skip
m12_no_attack_dup0_s20260621_nonbonded,BudgetDoS,m12_no_attack_dup0_s20260621,nonbonded,3455,PRIVPROBE:0,host_scan,504,False,0,host_scan
m12_no_attack_dup0_s20260621_nonbonded,BudgetDoS,m12_no_attack_dup0_s20260621,nonbonded,3473,PRIVPROBE:0,host_scan,504,False,0,host_scan
m12_no_attack_dup0_s20260621_nonbonded,BudgetDoS,m12_no_attack_dup0_s20260621,nonbonded,3490,PRIVPROBE:0,host_scan,504,False,0,host_scan
m12_no_attack_dup0_s20260621_nonbonded,BudgetDoS,m12_no_attack_dup0_s20260621,nonbonded,3514,PRIVPROBE:0,host_scan,504,False,0,host_scan
m12_no_attack_dup0_s20260621_nonbonded,BudgetDoS,m12_no_attack_dup0_s20260621,nonbonded,3542,PRIVPROBE:0,host_scan,504,False,0,host_scan
m12_no_attack_dup0_s20260621_nonbonded,BudgetDoS,m12_no_attack_dup0_s20260621,nonbonded,3560,PRIVPROBE:0,host_scan,504,False,0,host_scan
m12_no_attack_dup0_s20260621_nonbonded,BudgetDoS,m12_no_attack_dup0_s20260621,nonbonded,3568,PRIVPROBE:0,host_scan,504,False,0,host_scan
m12_no_attack_dup0_s20260621_nonbonded,BudgetDoS,m12_no_attack_dup0_s20260621,nonbonded,3588,PRIVPROBE:0,host_scan,504,False,0,host_scan
m12_no_attack_dup0_s20260621_nonbonded,BudgetDoS,m12_no_attack_dup0_s20260621,nonbonded,3608,PRIVPROBE:0,budget_skip,0,False,0,budget_skip
m12_no_attack_dup0_s20260621_nonbonded,BudgetDoS,m12_no_attack_dup0_s20260621,nonbonded,3634,PRIVPROBE:0,budget_skip,0,False,0,budget_skip
m12_no_attack_dup0_s20260621_nonbonded,BudgetDoS,m12_no_attack_dup0_s20260621,nonbonded,3654,PRIVPROBE:0,budget_skip,0,False,0,budget_skip
m12_no_attack_dup0_s20260621_nonbonded,BudgetDoS,m12_no_attack_dup0_s20260621,nonbonded,3673,PRIVPROBE:0,budget_skip,0,False,0,budget_skip
m12_no_attack_dup0_s20260621_nonbonded,BudgetDoS,m12_no_attack_dup0_s20260621,nonbonded,3697,PRIVPROBE:1,host_scan,504,False,0,host_scan
m12_no_attack_dup0_s20260621_nonbonded,BudgetDoS,m12_no_attack_dup0_s20260621,nonbonded,3720,PRIVPROBE:1,host_scan,504,False,0,host_scan
m12_no_attack_dup0_s20260621_nonbonded,BudgetDoS,m12_no_attack_dup0_s20260621,nonbonded,3749,PRIVPROBE:1,host_scan,504,False,0,host_scan
m12_no_attack_dup0_s20260621_nonbonded,BudgetDoS,m12_no_attack_dup0_s20260621,nonbonded,3778,PRIVPROBE:1,host_scan,504,False,0,host_scan
m12_no_attack_dup0_s20260621_nonbonded,BudgetDoS,m12_no_attack_dup0_s20260621,nonbonded,3795,PRIVPROBE:1,host_scan,504,False,0,host_scan
m12_no_attack_dup0_s20260621_nonbonded,BudgetDoS,m12_no_attack_dup0_s20260621,nonbonded,3811,PRIVPROBE:1,host_scan,504,False,0,host_scan
m12_no_attack_dup0_s20260621_nonbonded,BudgetDoS,m12_no_attack_dup0_s20260621,nonbonded,3833,PRIVPROBE:1,host_scan,504,False,0,host_scan
m12_no_attack_dup0_s20260621_nonbonded,BudgetDoS,m12_no_attack_dup0_s20260621,nonbonded,3857,PRIVPROBE:1,budget_skip,0,False,0,budget_skip
m12_no_attack_dup0_s20260621_nonbonded,BudgetDoS,m12_no_attack_dup0_s20260621,nonbonded,3878,PRIVPROBE:1,budget_skip,0,False,0,budget_skip
m12_no_attack_dup0_s20260621_nonbonded,BudgetDoS,m12_no_attack_dup0_s20260621,nonbonded,3904,PRIVPROBE:1,budget_skip,0,False,0,budget_skip
m12_no_attack_dup0_s20260621_nonbonded,BudgetDoS,m12_no_attack_dup0_s20260621,nonbonded,3919,PRIVPROBE:1,budget_skip,0,False,0,budget_skip
m12_no_attack_dup0_s20260621_nonbonded,BudgetDoS,m12_no_attack_dup0_s20260621,nonbonded,3937,PRIVPROBE:1,budget_skip,0,False,0,budget_skip
m12_no_attack_dup0_s20260621_nonbonded,BudgetDoS,m12_no_attack_dup0_s20260621,nonbonded,3965,PRIVPROBE:1,host_scan,504,False,0,host_scan
m12_no_attack_dup0_s20260621_nonbonded,BudgetDoS,m12_no_attack_dup0_s20260621,nonbonded,3986,PRIVPROBE:1,host_scan,504,False,0,host_scan
m12_no_attack_dup0_s20260621_nonbonded,BudgetDoS,m12_no_attack_dup0_s20260621,nonbonded,4003,PRIVPROBE:1,host_scan,504,False,0,host_scan
m12_no_attack_dup0_s20260621_nonbonded,BudgetDoS,m12_no_attack_dup0_s20260621,nonbonded,4026,PRIVPROBE:1,host_scan,504,False,0,host_scan
m12_no_attack_dup0_s20260621_nonbonded,BudgetDoS,m12_no_attack_dup0_s20260621,nonbonded,4051,PRIVPROBE:1,host_scan,504,False,0,host_scan
m12_no_attack_dup0_s20260621_nonbonded,BudgetDoS,m12_no_attack_dup0_s20260621,nonbonded,4073,PRIVPROBE:1,host_scan,504,False,0,host_scan
m12_no_attack_dup0_s20260621_nonbonded,BudgetDoS,m12_no_attack_dup0_s20260621,nonbonded,4097,PRIVPROBE:1,host_scan,504,False,0,host_scan
m12_no_attack_dup0_s20260621_nonbonded,BudgetDoS,m12_no_attack_dup0_s20260621,nonbonded,4120,PRIVPROBE:1,host_scan,504,False,0,host_scan
m12_no_attack_dup0_s20260621_nonbonded,BudgetDoS,m12_no_attack_dup0_s20260621,nonbonded,4142,PRIVPROBE:1,budget_skip,0,False,0,budget_skip
m12_no_attack_dup0_s20260621_nonbonded,BudgetDoS,m12_no_attack_dup0_s20260621,nonbonded,4161,PRIVPROBE:1,budget_skip,0,False,0,budget_skip
m12_no_attack_dup0_s20260621_nonbonded,BudgetDoS,m12_no_attack_dup0_s20260621,nonbonded,4181,PRIVPROBE:1,budget_skip,0,False,0,budget_skip
m12_no_attack_dup0_s20260621_nonbonded,BudgetDoS,m12_no_attack_dup0_s20260621,nonbonded,4201,PRIVPROBE:1,budget_skip,0,False,0,budget_skip
m12_no_attack_dup0_s20260621_nonbonded,BudgetDoS,m12_no_attack_dup0_s20260621,nonbonded,4219,PRIVPROBE:1,host_scan,504,False,0,host_scan
m12_no_attack_dup0_s20260621_nonbonded,BudgetDoS,m12_no_attack_dup0_s20260621,nonbonded,4237,PRIVPROBE:1,host_scan,504,False,0,host_scan
m12_no_attack_dup0_s20260621_nonbonded,BudgetDoS,m12_no_attack_dup0_s20260621,nonbonded,4257,PRIVPROBE:1,host_scan,504,False,0,host_scan
m12_no_attack_dup0_s20260621_nonbonded,BudgetDoS,m12_no_attack_dup0_s20260621,nonbonded,4279,PRIVPROBE:1,host_scan,504,False,0,host_scan
m12_no_attack_dup0_s20260621_nonbonded,BudgetDoS,m12_no_attack_dup0_s20260621,nonbonded,4298,PRIVPROBE:1,host_scan,504,False,0,host_scan
m12_no_attack_dup0_s20260621_nonbonded,BudgetDoS,m12_no_attack_dup0_s20260621,nonbonded,4315,PRIVPROBE:1,host_scan,504,False,0,host_scan
m12_no_attack_dup0_s20260621_nonbonded,BudgetDoS,m12_no_attack_dup0_s20260621,nonbonded,4332,PRIVPROBE:1,host_scan,504,False,0,host_scan
m12_no_attack_dup0_s20260621_nonbonded,BudgetDoS,m12_no_attack_dup0_s20260621,nonbonded,4359,PRIVPROBE:1,host_scan,504,False,0,host_scan
m12_no_attack_dup0_s20260621_nonbonded,BudgetDoS,m12_no_attack_dup0_s20260621,nonbonded,4384,PRIVPROBE:1,budget_skip,0,False,0,budget_skip
m12_no_attack_dup0_s20260621_nonbonded,BudgetDoS,m12_no_attack_dup0_s20260621,nonbonded,4406,PRIVPROBE:1,budget_skip,0,False,0,budget_skip
m12_no_attack_dup0_s20260621_nonbonded,BudgetDoS,m12_no_attack_dup0_s20260621,nonbonded,4431,PRIVPROBE:1,budget_skip,0,False,0,budget_skip
m12_no_attack_dup0_s20260621_nonbonded,BudgetDoS,m12_no_attack_dup0_s20260621,nonbonded,4447,PRIVPROBE:1,budget_skip,0,False,0,budget_skip
m12_no_attack_dup0_s20260621_nonbonded,BudgetDoS,m12_no_attack_dup0_s20260621,nonbonded,4459,PRIVPROBE:1,host_scan,504,False,0,host_scan
m12_no_attack_dup0_s20260621_nonbonded,BudgetDoS,m12_no_attack_dup0_s20260621,nonbonded,4479,PRIVPROBE:1,host_scan,504,False,0,host_scan
m12_no_attack_dup0_s20260621_nonbonded,BudgetDoS,m12_no_attack_dup0_s20260621,nonbonded,4499,PRIVPROBE:1,host_scan,504,False,0,host_scan
m12_no_attack_dup0_s20260621_nonbonded,BudgetDoS,m12_no_attack_dup0_s20260621,nonbonded,4524,PRIVPROBE:1,host_scan,504,False,0,host_scan
m12_no_attack_dup0_s20260621_nonbonded,BudgetDoS,m12_no_attack_dup0_s20260621,nonbonded,4546,PRIVPROBE:1,host_scan,504,False,0,host_scan
m12_no_attack_dup0_s20260621_nonbonded,BudgetDoS,m12_no_attack_dup0_s20260621,nonbonded,4566,PRIVPROBE:1,host_scan,504,False,0,host_scan
m12_no_attack_dup0_s20260621_nonbonded,BudgetDoS,m12_no_attack_dup0_s20260621,nonbonded,4587,PRIVPROBE:1,host_scan,504,False,0,host_scan
m12_no_attack_dup0_s20260621_nonbonded,BudgetDoS,m12_no_attack_dup0_s20260621,nonbonded,4613,PRIVPROBE:1,host_scan,504,False,0,host_scan
m12_no_attack_dup0_s20260621_nonbonded,BudgetDoS,m12_no_attack_dup0_s20260621,nonbonded,4642,PRIVPROBE:1,budget_skip,0,False,0,budget_skip
m12_no_attack_dup0_s20260621_nonbonded,BudgetDoS,m12_no_attack_dup0_s20260621,nonbonded,4660,PRIVPROBE:1,budget_skip,0,False,0,budget_skip
m12_no_attack_dup0_s20260621_nonbonded,BudgetDoS,m12_no_attack_dup0_s20260621,nonbonded,4686,PRIVPROBE:1,budget_skip,0,False,0,budget_skip
m12_no_attack_dup0_s20260621_nonbonded,BudgetDoS,m12_no_attack_dup0_s20260621,nonbonded,4712,PRIVPROBE:1,budget_skip,0,False,0,budget_skip
m12_no_attack_dup0_s20260621_nonbonded,BudgetDoS,m12_no_attack_dup0_s20260621,nonbonded,4725,PRIVPROBE:1,host_scan,504,False,0,host_scan
m12_no_attack_dup0_s20260621_nonbonded,BudgetDoS,m12_no_attack_dup0_s20260621,nonbonded,4748,PRIVPROBE:1,host_scan,504,False,0,host_scan
m12_no_attack_dup0_s20260621_nonbonded,BudgetDoS,m12_no_attack_dup0_s20260621,nonbonded,4779,PRIVPROBE:1,host_scan,504,False,0,host_scan
m12_no_attack_dup0_s20260621_nonbonded,BudgetDoS,m12_no_attack_dup0_s20260621,nonbonded,4804,PRIVPROBE:1,host_scan,504,False,0,host_scan
m12_no_attack_dup0_s20260621_nonbonded,BudgetDoS,m12_no_attack_dup0_s20260621,nonbonded,4828,PRIVPROBE:1,host_scan,504,False,0,host_scan
m12_no_attack_dup0_s20260621_nonbonded,BudgetDoS,m12_no_attack_dup0_s20260621,nonbonded,4851,PRIVPROBE:1,host_scan,504,False,0,host_scan
m12_no_attack_dup0_s20260621_nonbonded,BudgetDoS,m12_no_attack_dup0_s20260621,nonbonded,4872,PRIVPROBE:1,host_scan,504,False,0,host_scan
m12_no_attack_dup0_s20260621_nonbonded,BudgetDoS,m12_no_attack_dup0_s20260621,nonbonded,4891,PRIVPROBE:1,budget_skip,0,False,0,budget_skip
m12_no_attack_dup0_s20260621_nonbonded,BudgetDoS,m12_no_attack_dup0_s20260621,nonbonded,4918,PRIVPROBE:1,budget_skip,0,False,0,budget_skip
m12_no_attack_dup0_s20260621_nonbonded,BudgetDoS,m12_no_attack_dup0_s20260621,nonbonded,4925,PRIVPROBE:1,budget_skip,0,False,0,budget_skip
m12_no_attack_dup0_s20260621_nonbonded,BudgetDoS,m12_no_attack_dup0_s20260621,nonbonded,4945,PRIVPROBE:1,budget_skip,0,False,0,budget_skip
m12_no_attack_dup0_s20260621_nonbonded,BudgetDoS,m12_no_attack_dup0_s20260621,nonbonded,4969,PRIVPROBE:1,budget_skip,0,False,0,budget_skip
m12_no_attack_dup0_s20260621_nonbonded,BudgetDoS,m12_no_attack_dup0_s20260621,nonbonded,4996,PRIVPROBE:1,host_scan,504,False,0,host_scan
m12_no_attack_dup0_s20260621_nonbonded,BudgetDoS,m12_no_attack_dup0_s20260621,nonbonded,5019,PRIVPROBE:1,host_scan,504,False,0,host_scan
m12_no_attack_dup0_s20260621_nonbonded,BudgetDoS,m12_no_attack_dup0_s20260621,nonbonded,5048,PRIVPROBE:1,host_scan,504,False,0,host_scan
m12_no_attack_dup0_s20260621_nonbonded,BudgetDoS,m12_no_attack_dup0_s20260621,nonbonded,5063,PRIVPROBE:1,host_scan,504,False,0,host_scan
m12_no_attack_dup0_s20260621_nonbonded,BudgetDoS,m12_no_attack_dup0_s20260621,nonbonded,5085,PRIVPROBE:1,host_scan,504,False,0,host_scan
m12_no_attack_dup0_s20260621_nonbonded,BudgetDoS,m12_no_attack_dup0_s20260621,nonbonded,5101,PRIVPROBE:1,host_scan,504,False,0,host_scan
m12_no_attack_dup0_s20260621_nonbonded,BudgetDoS,m12_no_attack_dup0_s20260621,nonbonded,5121,PRIVPROBE:1,host_scan,504,False,0,host_scan
m12_no_attack_dup0_s20260621_nonbonded,BudgetDoS,m12_no_attack_dup0_s20260621,nonbonded,5148,PRIVPROBE:1,host_scan,504,False,0,host_scan
m12_no_attack_dup0_s20260621_nonbonded,BudgetDoS,m12_no_attack_dup0_s20260621,nonbonded,5175,PRIVPROBE:1,budget_skip,0,False,0,budget_skip
m12_no_attack_dup0_s20260621_nonbonded,BudgetDoS,m12_no_attack_dup0_s20260621,nonbonded,5202,PRIVPROBE:1,budget_skip,0,False,0,budget_skip
m12_no_attack_dup0_s20260621_nonbonded,BudgetDoS,m12_no_attack_dup0_s20260621,nonbonded,5225,PRIVPROBE:1,budget_skip,0,False,0,budget_skip
m12_no_attack_dup0_s20260621_nonbonded,BudgetDoS,m12_no_attack_dup0_s20260621,nonbonded,5245,PRIVPROBE:1,budget_skip,0,False,0,budget_skip
m12_no_attack_dup0_s20260621_nonbonded,BudgetDoS,m12_no_attack_dup0_s20260621,nonbonded,5265,PRIVPROBE:1,host_scan,504,False,0,host_scan
m12_no_attack_dup0_s20260621_nonbonded,BudgetDoS,m12_no_attack_dup0_s20260621,nonbonded,5289,PRIVPROBE:1,host_scan,504,False,0,host_scan
m12_no_attack_dup0_s20260621_nonbonded,BudgetDoS,m12_no_attack_dup0_s20260621,nonbonded,5313,PRIVPROBE:1,host_scan,504,False,0,host_scan
m12_no_attack_dup0_s20260621_nonbonded,BudgetDoS,m12_no_attack_dup0_s20260621,nonbonded,5338,PRIVPROBE:1,host_scan,504,False,0,host_scan
m12_no_attack_dup0_s20260621_nonbonded,BudgetDoS,m12_no_attack_dup0_s20260621,nonbonded,5361,PRIVPROBE:1,host_scan,504,False,0,host_scan
m12_no_attack_dup0_s20260621_nonbonded,BudgetDoS,m12_no_attack_dup0_s20260621,nonbonded,5377,PRIVPROBE:1,host_scan,504,False,0,host_scan
m12_no_attack_dup0_s20260621_nonbonded,BudgetDoS,m12_no_attack_dup0_s20260621,nonbonded,5397,PRIVPROBE:1,host_scan,504,False,0,host_scan
m12_no_attack_dup0_s20260621_nonbonded,BudgetDoS,m12_no_attack_dup0_s20260621,nonbonded,5413,PRIVPROBE:1,host_scan,504,False,0,host_scan
m12_no_attack_dup0_s20260621_nonbonded,BudgetDoS,m12_no_attack_dup0_s20260621,nonbonded,5438,PRIVPROBE:1,budget_skip,0,False,0,budget_skip
m12_no_attack_dup0_s20260621_nonbonded,BudgetDoS,m12_no_attack_dup0_s20260621,nonbonded,5462,PRIVPROBE:1,budget_skip,0,False,0,budget_skip
m12_no_attack_dup0_s20260621_nonbonded,BudgetDoS,m12_no_attack_dup0_s20260621,nonbonded,5486,PRIVPROBE:1,budget_skip,0,False,0,budget_skip
m12_no_attack_dup0_s20260621_nonbonded,BudgetDoS,m12_no_attack_dup0_s20260621,nonbonded,5510,PRIVPROBE:1,budget_skip,0,False,0,budget_skip
m12_no_attack_dup0_s20260621_nonbonded,BudgetDoS,m12_no_attack_dup0_s20260621,nonbonded,5534,PRIVPROBE:1,host_scan,504,False,0,host_scan
m12_no_attack_dup0_s20260621_nonbonded,BudgetDoS,m12_no_attack_dup0_s20260621,nonbonded,5556,PRIVPROBE:1,host_scan,504,False,0,host_scan
m12_no_attack_dup0_s20260621_nonbonded,BudgetDoS,m12_no_attack_dup0_s20260621,nonbonded,5577,PRIVPROBE:1,host_scan,504,False,0,host_scan
m12_no_attack_dup0_s20260621_nonbonded,BudgetDoS,m12_no_attack_dup0_s20260621,nonbonded,5596,PRIVPROBE:1,host_scan,504,False,0,host_scan
m12_no_attack_dup0_s20260621_nonbonded,BudgetDoS,m12_no_attack_dup0_s20260621,nonbonded,5622,PRIVPROBE:1,host_scan,504,False,0,host_scan
m12_no_attack_dup0_s20260621_nonbonded,BudgetDoS,m12_no_attack_dup0_s20260621,nonbonded,5643,PRIVPROBE:1,host_scan,504,False,0,host_scan
m12_no_attack_dup0_s20260621_nonbonded,BudgetDoS,m12_no_attack_dup0_s20260621,nonbonded,5658,PRIVPROBE:1,host_scan,504,False,0,host_scan
m12_no_attack_dup0_s20260621_nonbonded,BudgetDoS,m12_no_attack_dup0_s20260621,nonbonded,5682,PRIVPROBE:1,host_scan,504,False,0,host_scan
m12_no_attack_dup0_s20260621_nonbonded,BudgetDoS,m12_no_attack_dup0_s20260621,nonbonded,5699,PRIVPROBE:1,budget_skip,0,False,0,budget_skip
m12_no_attack_dup0_s20260621_nonbonded,BudgetDoS,m12_no_attack_dup0_s20260621,nonbonded,5717,PRIVPROBE:1,budget_skip,0,False,0,budget_skip
m12_no_attack_dup0_s20260621_nonbonded,BudgetDoS,m12_no_attack_dup0_s20260621,nonbonded,5741,PRIVPROBE:1,budget_skip,0,False,0,budget_skip
m12_no_attack_dup0_s20260621_nonbonded,BudgetDoS,m12_no_attack_dup0_s20260621,nonbonded,5764,PRIVPROBE:1,budget_skip,0,False,0,budget_skip
m12_no_attack_dup0_s20260621_nonbonded,BudgetDoS,m12_no_attack_dup0_s20260621,nonbonded,5792,PRIVPROBE:1,host_scan,504,False,0,host_scan
m12_no_attack_dup0_s20260621_nonbonded,BudgetDoS,m12_no_attack_dup0_s20260621,nonbonded,5808,PRIVPROBE:1,host_scan,504,False,0,host_scan
m12_no_attack_dup0_s20260621_nonbonded,BudgetDoS,m12_no_attack_dup0_s20260621,nonbonded,5833,PRIVPROBE:1,host_scan,504,False,0,host_scan
m12_no_attack_dup0_s20260621_nonbonded,BudgetDoS,m12_no_attack_dup0_s20260621,nonbonded,5854,PRIVPROBE:1,host_scan,504,False,0,host_scan
m12_no_attack_dup0_s20260621_nonbonded,BudgetDoS,m12_no_attack_dup0_s20260621,nonbonded,5878,PRIVPROBE:1,host_scan,504,False,0,host_scan
m12_no_attack_dup0_s20260621_nonbonded,BudgetDoS,m12_no_attack_dup0_s20260621,nonbonded,5900,PRIVPROBE:1,host_scan,504,False,0,host_scan
m12_no_attack_dup0_s20260621_nonbonded,BudgetDoS,m12_no_attack_dup0_s20260621,nonbonded,5917,PRIVPROBE:1,host_scan,504,False,0,host_scan
m12_no_attack_dup0_s20260621_nonbonded,BudgetDoS,m12_no_attack_dup0_s20260621,nonbonded,5938,PRIVPROBE:1,budget_skip,0,False,0,budget_skip
m12_no_attack_dup0_s20260621_nonbonded,BudgetDoS,m12_no_attack_dup0_s20260621,nonbonded,5965,PRIVPROBE:1,budget_skip,0,False,0,budget_skip
m12_no_attack_dup0_s20260621_nonbonded,BudgetDoS,m12_no_attack_dup0_s20260621,nonbonded,5992,PRIVPROBE:1,budget_skip,0,False,0,budget_skip
m12_no_attack_dup0_s20260621_nonbonded,BudgetDoS,m12_no_attack_dup0_s20260621,nonbonded,6008,PRIVPROBE:1,budget_skip,0,False,0,budget_skip
m12_no_attack_dup0_s20260621_nonbonded,BudgetDoS,m12_no_attack_dup0_s20260621,nonbonded,6026,PRIVPROBE:1,budget_skip,0,False,0,budget_skip
m12_no_attack_dup0_s20260621_nonbonded,BudgetDoS,m12_no_attack_dup0_s20260621,nonbonded,6047,PRIVPROBE:1,host_scan,504,False,0,host_scan
m12_no_attack_dup0_s20260621_nonbonded,BudgetDoS,m12_no_attack_dup0_s20260621,nonbonded,6068,PRIVPROBE:1,host_scan,504,False,0,host_scan
m12_no_attack_dup0_s20260621_nonbonded,BudgetDoS,m12_no_attack_dup0_s20260621,nonbonded,6094,PRIVPROBE:1,host_scan,504,False,0,host_scan
m12_no_attack_dup0_s20260621_nonbonded,BudgetDoS,m12_no_attack_dup0_s20260621,nonbonded,6117,PRIVPROBE:1,host_scan,504,False,0,host_scan
m12_no_attack_dup0_s20260621_nonbonded,BudgetDoS,m12_no_attack_dup0_s20260621,nonbonded,6152,PRIVPROBE:1,host_scan,504,False,0,host_scan
m12_no_attack_dup0_s20260621_nonbonded,BudgetDoS,m12_no_attack_dup0_s20260621,nonbonded,6165,PRIVPROBE:1,host_scan,504,False,0,host_scan
m12_no_attack_dup0_s20260621_nonbonded,BudgetDoS,m12_no_attack_dup0_s20260621,nonbonded,6188,PRIVPROBE:1,host_scan,504,False,0,host_scan
m12_no_attack_dup0_s20260621_nonbonded,BudgetDoS,m12_no_attack_dup0_s20260621,nonbonded,6209,PRIVPROBE:1,budget_skip,0,False,0,budget_skip
m12_no_attack_dup0_s20260621_nonbonded,BudgetDoS,m12_no_attack_dup0_s20260621,nonbonded,6227,PRIVPROBE:1,budget_skip,0,False,0,budget_skip
m12_no_attack_dup0_s20260621_nonbonded,BudgetDoS,m12_no_attack_dup0_s20260621,nonbonded,6244,PRIVPROBE:1,budget_skip,0,False,0,budget_skip
m12_no_attack_dup0_s20260621_nonbonded,BudgetDoS,m12_no_attack_dup0_s20260621,nonbonded,6257,PRIVPROBE:1,budget_skip,0,False,0,budget_skip
m12_no_attack_dup0_s20260621_nonbonded,BudgetDoS,m12_no_attack_dup0_s20260621,nonbonded,6278,PRIVPROBE:1,budget_skip,0,False,0,budget_skip
m12_no_attack_dup0_s20260621_nonbonded,BudgetDoS,m12_no_attack_dup0_s20260621,nonbonded,6291,PRIVPROBE:1,host_scan,504,False,0,host_scan
m12_no_attack_dup0_s20260621_nonbonded,BudgetDoS,m12_no_attack_dup0_s20260621,nonbonded,6317,PRIVPROBE:1,host_scan,504,False,0,host_scan
m12_no_attack_dup0_s20260621_nonbonded,BudgetDoS,m12_no_attack_dup0_s20260621,nonbonded,6335,PRIVPROBE:1,host_scan,504,False,0,host_scan
m12_no_attack_dup0_s20260621_nonbonded,BudgetDoS,m12_no_attack_dup0_s20260621,nonbonded,6354,PRIVPROBE:1,host_scan,504,False,0,host_scan
m12_no_attack_dup0_s20260621_nonbonded,BudgetDoS,m12_no_attack_dup0_s20260621,nonbonded,6373,PRIVPROBE:1,host_scan,504,False,0,host_scan
m12_no_attack_dup0_s20260621_nonbonded,BudgetDoS,m12_no_attack_dup0_s20260621,nonbonded,6394,PRIVPROBE:1,host_scan,504,False,0,host_scan
m12_no_attack_dup0_s20260621_nonbonded,BudgetDoS,m12_no_attack_dup0_s20260621,nonbonded,6412,PRIVPROBE:1,host_scan,504,False,0,host_scan
m12_no_attack_dup0_s20260621_nonbonded,BudgetDoS,m12_no_attack_dup0_s20260621,nonbonded,6430,PRIVPROBE:1,host_scan,504,False,0,host_scan
m12_no_attack_dup0_s20260621_nonbonded,BudgetDoS,m12_no_attack_dup0_s20260621,nonbonded,6461,PRIVPROBE:1,budget_skip,0,False,0,budget_skip
m12_no_attack_dup0_s20260621_nonbonded,BudgetDoS,m12_no_attack_dup0_s20260621,nonbonded,6479,PRIVPROBE:1,budget_skip,0,False,0,budget_skip
m12_no_attack_dup0_s20260621_nonbonded,BudgetDoS,m12_no_attack_dup0_s20260621,nonbonded,6508,PRIVPROBE:1,budget_skip,0,False,0,budget_skip
m12_no_attack_dup0_s20260621_nonbonded,BudgetDoS,m12_no_attack_dup0_s20260621,nonbonded,6532,PRIVPROBE:1,budget_skip,0,False,0,budget_skip
m12_no_attack_dup0_s20260621_nonbonded,BudgetDoS,m12_no_attack_dup0_s20260621,nonbonded,6550,PRIVPROBE:1,host_scan,504,False,0,host_scan
m12_no_attack_dup0_s20260621_nonbonded,BudgetDoS,m12_no_attack_dup0_s20260621,nonbonded,6571,PRIVPROBE:1,host_scan,504,False,0,host_scan
m12_no_attack_dup0_s20260621_nonbonded,BudgetDoS,m12_no_attack_dup0_s20260621,nonbonded,6593,PRIVPROBE:1,host_scan,504,False,0,host_scan
m12_no_attack_dup0_s20260621_nonbonded,BudgetDoS,m12_no_attack_dup0_s20260621,nonbonded,6617,PRIVPROBE:1,host_scan,504,False,0,host_scan
m12_no_attack_dup0_s20260621_nonbonded,BudgetDoS,m12_no_attack_dup0_s20260621,nonbonded,6645,PRIVPROBE:1,host_scan,504,False,0,host_scan
m12_no_attack_dup0_s20260621_nonbonded,BudgetDoS,m12_no_attack_dup0_s20260621,nonbonded,6662,PRIVPROBE:1,host_scan,504,False,0,host_scan
m12_no_attack_dup0_s20260621_nonbonded,BudgetDoS,m12_no_attack_dup0_s20260621,nonbonded,6676,PRIVPROBE:1,host_scan,504,False,0,host_scan
m12_no_attack_dup0_s20260621_nonbonded,BudgetDoS,m12_no_attack_dup0_s20260621,nonbonded,6699,PRIVPROBE:1,host_scan,504,False,0,host_scan
m12_no_attack_dup0_s20260621_nonbonded,BudgetDoS,m12_no_attack_dup0_s20260621,nonbonded,6719,PRIVPROBE:1,budget_skip,0,False,0,budget_skip
m12_no_attack_dup0_s20260621_nonbonded,BudgetDoS,m12_no_attack_dup0_s20260621,nonbonded,6743,PRIVPROBE:1,budget_skip,0,False,0,budget_skip
m12_no_attack_dup0_s20260621_nonbonded,BudgetDoS,m12_no_attack_dup0_s20260621,nonbonded,6764,PRIVPROBE:1,budget_skip,0,False,0,budget_skip
m12_no_attack_dup0_s20260621_nonbonded,BudgetDoS,m12_no_attack_dup0_s20260621,nonbonded,6787,PRIVPROBE:1,budget_skip,0,False,0,budget_skip
m12_no_attack_dup0_s20260621_nonbonded,BudgetDoS,m12_no_attack_dup0_s20260621,nonbonded,6801,PRIVPROBE:1,host_scan,504,False,0,host_scan
m12_no_attack_dup0_s20260621_nonbonded,BudgetDoS,m12_no_attack_dup0_s20260621,nonbonded,6813,PRIVPROBE:1,host_scan,504,False,0,host_scan
m12_no_attack_dup0_s20260621_nonbonded,BudgetDoS,m12_no_attack_dup0_s20260621,nonbonded,6839,PRIVPROBE:1,host_scan,504,False,0,host_scan
m12_no_attack_dup0_s20260621_nonbonded,BudgetDoS,m12_no_attack_dup0_s20260621,nonbonded,6866,PRIVPROBE:1,host_scan,504,False,0,host_scan
m12_no_attack_dup0_s20260621_nonbonded,BudgetDoS,m12_no_attack_dup0_s20260621,nonbonded,6890,PRIVPROBE:1,host_scan,504,False,0,host_scan
m12_no_attack_dup0_s20260621_nonbonded,BudgetDoS,m12_no_attack_dup0_s20260621,nonbonded,6918,PRIVPROBE:1,host_scan,504,False,0,host_scan
m12_no_attack_dup0_s20260621_nonbonded,BudgetDoS,m12_no_attack_dup0_s20260621,nonbonded,6938,PRIVPROBE:1,host_scan,504,False,0,host_scan
m12_no_attack_dup0_s20260621_nonbonded,BudgetDoS,m12_no_attack_dup0_s20260621,nonbonded,6958,PRIVPROBE:1,host_scan,504,False,0,host_scan
m12_no_attack_dup0_s20260621_nonbonded,BudgetDoS,m12_no_attack_dup0_s20260621,nonbonded,6974,PRIVPROBE:1,budget_skip,0,False,0,budget_skip
m12_no_attack_dup0_s20260621_nonbonded,BudgetDoS,m12_no_attack_dup0_s20260621,nonbonded,7003,PRIVPROBE:1,budget_skip,0,False,0,budget_skip
m12_no_attack_dup0_s20260621_nonbonded,BudgetDoS,m12_no_attack_dup0_s20260621,nonbonded,7027,PRIVPROBE:1,budget_skip,0,False,0,budget_skip
m12_no_attack_dup0_s20260621_nonbonded,BudgetDoS,m12_no_attack_dup0_s20260621,nonbonded,7056,PRIVPROBE:1,budget_skip,0,False,0,budget_skip
m12_no_attack_dup0_s20260621_nonbonded,BudgetDoS,m12_no_attack_dup0_s20260621,nonbonded,7074,PRIVPROBE:1,host_scan,504,False,0,host_scan
m12_no_attack_dup0_s20260621_nonbonded,BudgetDoS,m12_no_attack_dup0_s20260621,nonbonded,7096,PRIVPROBE:1,host_scan,504,False,0,host_scan
m12_no_attack_dup0_s20260621_nonbonded,BudgetDoS,m12_no_attack_dup0_s20260621,nonbonded,7118,PRIVPROBE:1,host_scan,504,False,0,host_scan
m12_no_attack_dup0_s20260621_nonbonded,BudgetDoS,m12_no_attack_dup0_s20260621,nonbonded,7136,PRIVPROBE:1,host_scan,504,False,0,host_scan
m12_no_attack_dup0_s20260621_nonbonded,BudgetDoS,m12_no_attack_dup0_s20260621,nonbonded,7155,PRIVPROBE:1,host_scan,504,False,0,host_scan
m12_no_attack_dup0_s20260621_nonbonded,BudgetDoS,m12_no_attack_dup0_s20260621,nonbonded,7184,PRIVPROBE:1,host_scan,504,False,0,host_scan
m12_no_attack_dup0_s20260621_nonbonded,BudgetDoS,m12_no_attack_dup0_s20260621,nonbonded,7205,PRIVPROBE:1,host_scan,504,False,0,host_scan
m12_no_attack_dup0_s20260621_nonbonded,BudgetDoS,m12_no_attack_dup0_s20260621,nonbonded,7229,PRIVPROBE:1,host_scan,504,False,0,host_scan
m12_no_attack_dup0_s20260621_nonbonded,BudgetDoS,m12_no_attack_dup0_s20260621,nonbonded,7251,PRIVPROBE:1,budget_skip,0,False,0,budget_skip
m12_no_attack_dup0_s20260621_nonbonded,BudgetDoS,m12_no_attack_dup0_s20260621,nonbonded,7275,PRIVPROBE:1,budget_skip,0,False,0,budget_skip
m12_no_attack_dup0_s20260621_nonbonded,BudgetDoS,m12_no_attack_dup0_s20260621,nonbonded,7303,PRIVPROBE:1,budget_skip,0,False,0,budget_skip
m12_no_attack_dup0_s20260621_nonbonded,BudgetDoS,m12_no_attack_dup0_s20260621,nonbonded,7335,PRIVPROBE:1,budget_skip,0,False,0,budget_skip
m12_no_attack_dup0_s20260621_nonbonded,BudgetDoS,m12_no_attack_dup0_s20260621,nonbonded,7358,PRIVPROBE:1,host_scan,504,False,0,host_scan
m12_no_attack_dup0_s20260621_nonbonded,BudgetDoS,m12_no_attack_dup0_s20260621,nonbonded,7375,PRIVPROBE:1,host_scan,504,False,0,host_scan
m12_no_attack_dup0_s20260621_nonbonded,BudgetDoS,m12_no_attack_dup0_s20260621,nonbonded,7396,PRIVPROBE:1,host_scan,504,False,0,host_scan
m12_no_attack_dup0_s20260621_nonbonded,BudgetDoS,m12_no_attack_dup0_s20260621,nonbonded,7420,PRIVPROBE:1,host_scan,504,False,0,host_scan
m12_no_attack_dup0_s20260621_nonbonded,BudgetDoS,m12_no_attack_dup0_s20260621,nonbonded,7438,PRIVPROBE:1,host_scan,504,False,0,host_scan
m12_no_attack_dup0_s20260621_nonbonded,BudgetDoS,m12_no_attack_dup0_s20260621,nonbonded,7451,PRIVPROBE:1,host_scan,504,False,0,host_scan
m12_no_attack_dup0_s20260621_nonbonded,BudgetDoS,m12_no_attack_dup0_s20260621,nonbonded,7476,PRIVPROBE:1,host_scan,504,False,0,host_scan
m12_no_attack_dup0_s20260621_nonbonded,BudgetDoS,m12_no_attack_dup0_s20260621,nonbonded,7497,PRIVPROBE:1,host_scan,504,False,0,host_scan
m12_no_attack_dup0_s20260621_nonbonded,BudgetDoS,m12_no_attack_dup0_s20260621,nonbonded,7518,PRIVPROBE:1,host_scan,504,False,0,host_scan
m12_no_attack_dup0_s20260621_nonbonded,BudgetDoS,m12_no_attack_dup0_s20260621,nonbonded,7532,PRIVPROBE:1,budget_skip,0,False,0,budget_skip
m12_no_attack_dup0_s20260621_nonbonded,BudgetDoS,m12_no_attack_dup0_s20260621,nonbonded,7556,PRIVPROBE:1,budget_skip,0,False,0,budget_skip
m12_no_attack_dup0_s20260621_nonbonded,BudgetDoS,m12_no_attack_dup0_s20260621,nonbonded,7580,PRIVPROBE:1,budget_skip,0,False,0,budget_skip
