run_id,method,paired_trace_id,identity_label_for_scoring,event_id,rpa_value,action,aes_attempts,deferred,delay_ms,admission_path
m12_no_attack_dup0_s20260620_nonbonded,P3-Persist,m12_no_attack_dup0_s20260620,nonbonded,1249,PRIVPROBE:0,host_scan,504,False,0,host_scan
m12_no_attack_dup0_s20260620_nonbonded,P3-Persist,m12_no_attack_dup0_s20260620,nonbonded,1268,PRIVPROBE:0,host_scan,504,False,0,host_scan
m12_no_attack_dup0_s20260620_nonbonded,P3-Persist,m12_no_attack_dup0_s20260620,nonbonded,1284,PRIVPROBE:0,host_scan,504,False,0,host_scan
m12_no_attack_dup0_s20260620_nonbonded,P3-Persist,m12_no_attack_dup0_s20260620,nonbonded,1316,PRIVPROBE:0,host_scan,504,False,0,host_scan
m12_no_attack_dup0_s20260620_nonbonded,P3-Persist,m12_no_attack_dup0_s20260620,nonbonded,1335,PRIVPROBE:0,host_scan,504,False,0,host_scan
m12_no_attack_dup0_s20260620_nonbonded,P3-Persist,m12_no_attack_dup0_s20260620,nonbonded,1356,PRIVPROBE:0,host_scan,504,False,0,host_scan
m12_no_attack_dup0_s20260620_nonbonded,P3-Persist,m12_no_attack_dup0_s20260620,nonbonded,1383,PRIVPROBE:0,host_scan,504,False,0,host_scan
m12_no_attack_dup0_s20260620_nonbonded,P3-Persist,m12_no_attack_dup0_s20260620,nonbonded,1401,PRIVPROBE:0,host_scan,504,False,0,host_scan
m12_no_attack_dup0_s20260620_nonbonded,P3-Persist,m12_no_attack_dup0_s20260620,nonbonded,1422,PRIVPROBE:0,host_scan,504,False,0,host_scan
m12_no_attack_dup0_s20260620_nonbonded,P3-Persist,m12_no_attack_dup0_s20260620,nonbonded,1441,PRIVPROBE:0,host_scan,504,False,0,host_scan
m12_no_attack_dup0_s20260620_nonbonded,P3-Persist,m12_no_attack_dup0_s20260620,nonbonded,1462,PRIVPROBE:0,host_scan,504,False,0,reserve
m12_no_attack_dup0_s20260620_nonbonded,P3-Persist,m12_no_attack_dup0_s20260620,nonbonded,1484,PRIVPROBE:0,host_scan,504,False,0,reserve
m12_no_attack_dup0_s20260620_nonbonded,P3-Persist,m12_no_attack_dup0_s20260620,nonbonded,1506,PRIVPROBE:0,host_scan,504,False,0,host_scan
m12_no_attack_dup0_s20260620_nonbonded,P3-Persist,m12_no_attack_dup0_s20260620,nonbonded,1528,PRIVPROBE:0,host_scan,504,False,0,host_scan
m12_no_attack_dup0_s20260620_nonbonded,P3-Persist,m12_no_attack_dup0_s20260620,nonbonded,1546,PRIVPROBE:0,host_scan,504,False,0,host_scan
m12_no_attack_dup0_s20260620_nonbonded,P3-Persist,m12_no_attack_dup0_s20260620,nonbonded,1564,PRIVPROBE:0,host_scan,504,False,0,host_scan
m12_no_attack_dup0_s20260620_nonbonded,P3-Persist,m12_no_attack_dup0_s20260620,nonbonded,1583,PRIVPROBE:0,host_scan,504,False,0,host_scan
m12_no_attack_dup0_s20260620_nonbonded,P3-Persist,m12_no_attack_dup0_s20260620,nonbonded,1605,PRIVPROBE:0,host_scan,504,False,0,host_scan
m12_no_attack_dup0_s20260620_nonbonded,P3-Persist,m12_no_attack_dup0_s20260620,nonbonded,1617,PRIVPROBE:0,host_scan,504,False,0,host_scan
m12_no_attack_dup0_s20260620_nonbonded,P3-Persist,m12_no_attack_dup0_s20260620,nonbonded,1643,PRIVPROBE:0,host_scan,504,False,0,host_scan
m12_no_attack_dup0_s20260620_nonbonded,P3-Persist,m12_no_attack_dup0_s20260620,nonbonded,1670,PRIVPROBE:0,host_scan,504,False,0,host_scan
m12_no_attack_dup0_s20260620_nonbonded,P3-Persist,m12_no_attack_dup0_s20260620,nonbonded,1679,PRIVPROBE:0,host_scan,504,False,0,host_scan
m12_no_attack_dup0_s20260620_nonbonded,P3-Persist,m12_no_attack_dup0_s20260620,nonbonded,1695,PRIVPROBE:0,host_scan,504,False,0,host_scan
m12_no_attack_dup0_s20260620_nonbonded,P3-Persist,m12_no_attack_dup0_s20260620,nonbonded,1714,PRIVPROBE:0,host_scan,504,False,0,reserve
m12_no_attack_dup0_s20260620_nonbonded,P3-Persist,m12_no_attack_dup0_s20260620,nonbonded,1731,PRIVPROBE:0,host_scan,504,False,0,host_scan
m12_no_attack_dup0_s20260620_nonbonded,P3-Persist,m12_no_attack_dup0_s20260620,nonbonded,1745,PRIVPROBE:0,host_scan,504,False,0,host_scan
m12_no_attack_dup0_s20260620_nonbonded,P3-Persist,m12_no_attack_dup0_s20260620,nonbonded,1766,PRIVPROBE:0,host_scan,504,False,0,host_scan
m12_no_attack_dup0_s20260620_nonbonded,P3-Persist,m12_no_attack_dup0_s20260620,nonbonded,1786,PRIVPROBE:0,host_scan,504,False,0,host_scan
m12_no_attack_dup0_s20260620_nonbonded,P3-Persist,m12_no_attack_dup0_s20260620,nonbonded,1814,PRIVPROBE:0,host_scan,504,False,0,host_scan
m12_no_attack_dup0_s20260620_nonbonded,P3-Persist,m12_no_attack_dup0_s20260620,nonbonded,1836,PRIVPROBE:0,host_scan,504,False,0,host_scan
m12_no_attack_dup0_s20260620_nonbonded,P3-Persist,m12_no_attack_dup0_s20260620,nonbonded,1857,PRIVPROBE:0,host_scan,504,False,0,host_scan
m12_no_attack_dup0_s20260620_nonbonded,P3-Persist,m12_no_attack_dup0_s20260620,nonbonded,1878,PRIVPROBE:0,host_scan,504,False,0,host_scan
m12_no_attack_dup0_s20260620_nonbonded,P3-Persist,m12_no_attack_dup0_s20260620,nonbonded,1902,PRIVPROBE:0,host_scan,504,False,0,host_scan
m12_no_attack_dup0_s20260620_nonbonded,P3-Persist,m12_no_attack_dup0_s20260620,nonbonded,1931,PRIVPROBE:0,host_scan,504,False,0,host_scan
m12_no_attack_dup0_s20260620_nonbonded,P3-Persist,m12_no_attack_dup0_s20260620,nonbonded,1947,PRIVPROBE:0,host_scan,504,False,0,reserve
m12_no_attack_dup0_s20260620_nonbonded,P3-Persist,m12_no_attack_dup0_s20260620,nonbonded,1959,PRIVPROBE:0,host_scan,504,False,0,reserve
m12_no_attack_dup0_s20260620_nonbonded,P3-Persist,m12_no_attack_dup0_s20260620,nonbonded,1978,PRIVPROBE:0,host_scan,504,False,0,host_scan
m12_no_attack_dup0_s20260620_nonbonded,P3-Persist,m12_no_attack_dup0_s20260620,nonbonded,1997,PRIVPROBE:0,host_scan,504,False,0,host_scan
m12_no_attack_dup0_s20260620_nonbonded,P3-Persist,m12_no_attack_dup0_s20260620,nonbonded,2014,PRIVPROBE:0,host_scan,504,False,0,host_scan
m12_no_attack_dup0_s20260620_nonbonded,P3-Persist,m12_no_attack_dup0_s20260620,nonbonded,2031,PRIVPROBE:0,host_scan,504,False,0,host_scan
m12_no_attack_dup0_s20260620_nonbonded,P3-Persist,m12_no_attack_dup0_s20260620,nonbonded,2052,PRIVPROBE:0,host_scan,504,False,0,host_scan
m12_no_attack_dup0_s20260620_nonbonded,P3-Persist,m12_no_attack_dup0_s20260620,nonbonded,2082,PRIVPROBE:0,host_scan,504,False,0,host_scan
m12_no_attack_dup0_s20260620_nonbonded,P3-Persist,m12_no_attack_dup0_s20260620,nonbonded,2100,PRIVPROBE:0,host_scan,504,False,0,host_scan
m12_no_attack_dup0_s20260620_nonbonded,P3-Persist,m12_no_attack_dup0_s20260620,nonbonded,2125,PRIVPROBE:0,host_scan,504,False,0,host_scan
m12_no_attack_dup0_s20260620_nonbonded,P3-Persist,m12_no_attack_dup0_s20260620,nonbonded,2149,PRIVPROBE:0,host_scan,504,False,0,reserve
m12_no_attack_dup0_s20260620_nonbonded,P3-Persist,m12_no_attack_dup0_s20260620,nonbonded,2165,PRIVPROBE:0,host_scan,504,False,0,reserve
m12_no_attack_dup0_s20260620_nonbonded,P3-Persist,m12_no_attack_dup0_s20260620,nonbonded,2185,PRIVPROBE:0,host_scan,504,False,0,reserve
m12_no_attack_dup0_s20260620_nonbonded,P3-Persist,m12_no_attack_dup0_s20260620,nonbonded,2198,PRIVPROBE:0,host_scan,504,False,0,reserve
m12_no_attack_dup0_s20260620_nonbonded,P3-Persist,m12_no_attack_dup0_s20260620,nonbonded,2219,PRIVPROBE:0,host_scan,504,False,0,host_scan
m12_no_attack_dup0_s20260620_nonbonded,P3-Persist,m12_no_attack_dup0_s20260620,nonbonded,2236,PRIVPROBE:0,host_scan,504,False,0,host_scan
m12_no_attack_dup0_s20260620_nonbonded,P3-Persist,m12_no_attack_dup0_s20260620,nonbonded,2258,PRIVPROBE:0,host_scan,504,False,0,host_scan
m12_no_attack_dup0_s20260620_nonbonded,P3-Persist,m12_no_attack_dup0_s20260620,nonbonded,2288,PRIVPROBE:0,host_scan,504,False,0,host_scan
m12_no_attack_dup0_s20260620_nonbonded,P3-Persist,m12_no_attack_dup0_s20260620,nonbonded,2303,PRIVPROBE:0,host_scan,504,False,0,host_scan
m12_no_attack_dup0_s20260620_nonbonded,P3-Persist,m12_no_attack_dup0_s20260620,nonbonded,2318,PRIVPROBE:0,host_scan,504,False,0,host_scan
m12_no_attack_dup0_s20260620_nonbonded,P3-Persist,m12_no_attack_dup0_s20260620,nonbonded,2344,PRIVPROBE:0,host_scan,504,False,0,host_scan
m12_no_attack_dup0_s20260620_nonbonded,P3-Persist,m12_no_attack_dup0_s20260620,nonbonded,2363,PRIVPROBE:0,host_scan,504,False,0,host_scan
m12_no_attack_dup0_s20260620_nonbonded,P3-Persist,m12_no_attack_dup0_s20260620,nonbonded,2382,PRIVPROBE:0,host_scan,504,False,0,host_scan
m12_no_attack_dup0_s20260620_nonbonded,P3-Persist,m12_no_attack_dup0_s20260620,nonbonded,2403,PRIVPROBE:0,host_scan,504,False,0,host_scan
m12_no_attack_dup0_s20260620_nonbonded,P3-Persist,m12_no_attack_dup0_s20260620,nonbonded,2422,PRIVPROBE:0,host_scan,504,False,0,reserve
m12_no_attack_dup0_s20260620_nonbonded,P3-Persist,m12_no_attack_dup0_s20260620,nonbonded,2444,PRIVPROBE:0,host_scan,504,False,0,reserve
m12_no_attack_dup0_s20260620_nonbonded,P3-Persist,m12_no_attack_dup0_s20260620,nonbonded,2465,PRIVPROBE:0,host_scan,504,False,0,host_scan
m12_no_attack_dup0_s20260620_nonbonded,P3-Persist,m12_no_attack_dup0_s20260620,nonbonded,2491,PRIVPROBE:0,host_scan,504,False,0,host_scan
m12_no_attack_dup0_s20260620_nonbonded,P3-Persist,m12_no_attack_dup0_s20260620,nonbonded,2513,PRIVPROBE:0,host_scan,504,False,0,host_scan
m12_no_attack_dup0_s20260620_nonbonded,P3-Persist,m12_no_attack_dup0_s20260620,nonbonded,2536,PRIVPROBE:0,host_scan,504,False,0,host_scan
m12_no_attack_dup0_s20260620_nonbonded,P3-Persist,m12_no_attack_dup0_s20260620,nonbonded,2549,PRIVPROBE:0,host_scan,504,False,0,host_scan
m12_no_attack_dup0_s20260620_nonbonded,P3-Persist,m12_no_attack_dup0_s20260620,nonbonded,2568,PRIVPROBE:0,host_scan,504,False,0,host_scan
m12_no_attack_dup0_s20260620_nonbonded,P3-Persist,m12_no_attack_dup0_s20260620,nonbonded,2592,PRIVPROBE:0,host_scan,504,False,0,host_scan
m12_no_attack_dup0_s20260620_nonbonded,P3-Persist,m12_no_attack_dup0_s20260620,nonbonded,2612,PRIVPROBE:0,host_scan,504,False,0,host_scan
m12_no_attack_dup0_s20260620_nonbonded,P3-Persist,m12_no_attack_dup0_s20260620,nonbonded,2641,PRIVPROBE:0,host_scan,504,False,0,host_scan
m12_no_attack_dup0_s20260620_nonbonded,P3-Persist,m12_no_attack_dup0_s20260620,nonbonded,2662,PRIVPROBE:0,host_scan,504,False,0,host_scan
m12_no_attack_dup0_s20260620_nonbonded,P3-Persist,m12_no_attack_dup0_s20260620,nonbonded,2684,PRIVPROBE:0,host_scan,504,False,0,reserve
m12_no_attack_dup0_s20260620_nonbonded,P3-Persist,m12_no_attack_dup0_s20260620,nonbonded,2698,PRIVPROBE:0,host_scan,504,False,0,reserve
m12_no_attack_dup0_s20260620_nonbonded,P3-Persist,m12_no_attack_dup0_s20260620,nonbonded,2726,PRIVPROBE:0,host_scan,504,False,0,host_scan
m12_no_attack_dup0_s20260620_nonbonded,P3-Persist,m12_no_attack_dup0_s20260620,nonbonded,2746,PRIVPROBE:0,host_scan,504,False,0,host_scan
m12_no_attack_dup0_s20260620_nonbonded,P3-Persist,m12_no_attack_dup0_s20260620,nonbonded,2770,PRIVPROBE:0,host_scan,504,False,0,host_scan
m12_no_attack_dup0_s20260620_nonbonded,P3-Persist,m12_no_attack_dup0_s20260620,nonbonded,2792,PRIVPROBE:0,host_scan,504,False,0,host_scan
m12_no_attack_dup0_s20260620_nonbonded,P3-Persist,m12_no_attack_dup0_s20260620,nonbonded,2814,PRIVPROBE:0,host_scan,504,False,0,host_scan
m12_no_attack_dup0_s20260620_nonbonded,P3-Persist,m12_no_attack_dup0_s20260620,nonbonded,2833,PRIVPROBE:0,host_scan,504,False,0,host_scan
m12_no_attack_dup0_s20260620_nonbonded,P3-Persist,m12_no_attack_dup0_s20260620,nonbonded,2856,PRIVPROBE:0,host_scan,504,False,0,host_scan
m12_no_attack_dup0_s20260620_nonbonded,P3-Persist,m12_no_attack_dup0_s20260620,nonbonded,2874,PRIVPROBE:0,host_scan,504,False,0,host_scan
m12_no_attack_dup0_s20260620_nonbonded,P3-Persist,m12_no_attack_dup0_s20260620,nonbonded,2897,PRIVPROBE:0,host_scan,504,False,0,host_scan
m12_no_attack_dup0_s20260620_nonbonded,P3-Persist,m12_no_attack_dup0_s20260620,nonbonded,2919,PRIVPROBE:0,host_scan,504,False,0,host_scan
m12_no_attack_dup0_s20260620_nonbonded,P3-Persist,m12_no_attack_dup0_s20260620,nonbonded,2942,PRIVPROBE:0,host_scan,504,False,0,reserve
m12_no_attack_dup0_s20260620_nonbonded,P3-Persist,m12_no_attack_dup0_s20260620,nonbonded,2952,PRIVPROBE:0,host_scan,504,False,0,reserve
m12_no_attack_dup0_s20260620_nonbonded,P3-Persist,m12_no_attack_dup0_s20260620,nonbonded,2971,PRIVPROBE:0,host_scan,504,False,0,host_scan
m12_no_attack_dup0_s20260620_nonbonded,P3-Persist,m12_no_attack_dup0_s20260620,nonbonded,2990,PRIVPROBE:0,host_scan,504,False,0,host_scan
m12_no_attack_dup0_s20260620_nonbonded,P3-Persist,m12_no_attack_dup0_s20260620,nonbonded,3009,PRIVPROBE:0,host_scan,504,False,0,host_scan
m12_no_attack_dup0_s20260620_nonbonded,P3-Persist,m12_no_attack_dup0_s20260620,nonbonded,3022,PRIVPROBE:0,host_scan,504,False,0,host_scan
m12_no_attack_dup0_s20260620_nonbonded,P3-Persist,m12_no_attack_dup0_s20260620,nonbonded,3042,PRIVPROBE:0,host_scan,504,False,0,host_scan
m12_no_attack_dup0_s20260620_nonbonded,P3-Persist,m12_no_attack_dup0_s20260620,nonbonded,3068,PRIVPROBE:0,host_scan,504,False,0,host_scan
m12_no_attack_dup0_s20260620_nonbonded,P3-Persist,m12_no_attack_dup0_s20260620,nonbonded,3089,PRIVPROBE:0,host_scan,504,False,0,host_scan
m12_no_attack_dup0_s20260620_nonbonded,P3-Persist,m12_no_attack_dup0_s20260620,nonbonded,3113,PRIVPROBE:0,host_scan,504,False,0,host_scan
m12_no_attack_dup0_s20260620_nonbonded,P3-Persist,m12_no_attack_dup0_s20260620,nonbonded,3134,PRIVPROBE:0,host_scan,504,False,0,host_scan
m12_no_attack_dup0_s20260620_nonbonded,P3-Persist,m12_no_attack_dup0_s20260620,nonbonded,3152,PRIVPROBE:0,host_scan,504,False,0,host_scan
m12_no_attack_dup0_s20260620_nonbonded,P3-Persist,m12_no_attack_dup0_s20260620,nonbonded,3173,PRIVPROBE:0,host_scan,504,False,0,host_scan
m12_no_attack_dup0_s20260620_nonbonded,P3-Persist,m12_no_attack_dup0_s20260620,nonbonded,3192,PRIVPROBE:0,host_scan,504,False,0,reserve
m12_no_attack_dup0_s20260620_nonbonded,P3-Persist,m12_no_attack_dup0_s20260620,nonbonded,3214,PRIVPROBE:0,host_scan,504,False,0,host_scan
m12_no_attack_dup0_s20260620_nonbonded,P3-Persist,m12_no_attack_dup0_s20260620,nonbonded,3236,PRIVPROBE:0,host_scan,504,False,0,host_scan
m12_no_attack_dup0_s20260620_nonbonded,P3-Persist,m12_no_attack_dup0_s20260620,nonbonded,3256,PRIVPROBE:0,host_scan,504,False,0,host_scan
m12_no_attack_dup0_s20260620_nonbonded,P3-Persist,m12_no_attack_dup0_s20260620,nonbonded,3270,PRIVPROBE:0,host_scan,504,False,0,host_scan
m12_no_attack_dup0_s20260620_nonbonded,P3-Persist,m12_no_attack_dup0_s20260620,nonbonded,3288,PRIVPROBE:0,host_scan,504,False,0,host_scan
m12_no_attack_dup0_s20260620_nonbonded,P3-Persist,m12_no_attack_dup0_s20260620,nonbonded,3308,PRIVPROBE:0,host_scan,504,False,0,host_scan
m12_no_attack_dup0_s20260620_nonbonded,P3-Persist,m12_no_attack_dup0_s20260620,nonbonded,3323,PRIVPROBE:0,host_scan,504,False,0,host_scan
m12_no_attack_dup0_s20260620_nonbonded,P3-Persist,m12_no_attack_dup0_s20260620,nonbonded,3340,PRIVPROBE:0,host_scan,504,False,0,host_scan
m12_no_attack_dup0_s20260620_nonbonded,P3-Persist,m12_no_attack_dup0_s20260620,nonbonded,3367,PRIVPROBE:0,host_scan,504,False,0,host_scan
m12_no_attack_dup0_s20260620_nonbonded,P3-Persist,m12_no_attack_dup0_s20260620,nonbonded,3383,PRIVPROBE:0,host_scan,504,False,0,host_scan
m12_no_attack_dup0_s20260620_nonbonded,P3-Persist,m12_no_attack_dup0_s20260620,nonbonded,3409,PRIVPROBE:0,host_scan,504,False,0,host_scan
m12_no_attack_dup0_s20260620_nonbonded,P3-Persist,m12_no_attack_dup0_s20260620,nonbonded,3432,PRIVPROBE:0,host_scan,504,False,0,reserve
m12_no_attack_dup0_s20260620_nonbonded,P3-Persist,m12_no_attack_dup0_s20260620,nonbonded,3446,PRIVPROBE:0,host_scan,504,False,0,host_scan
m12_no_attack_dup0_s20260620_nonbonded,P3-Persist,m12_no_attack_dup0_s20260620,nonbonded,3468,PRIVPROBE:0,host_scan,504,False,0,host_scan
m12_no_attack_dup0_s20260620_nonbonded,P3-Persist,m12_no_attack_dup0_s20260620,nonbonded,3492,PRIVPROBE:0,host_scan,504,False,0,host_scan
m12_no_attack_dup0_s20260620_nonbonded,P3-Persist,m12_no_attack_dup0_s20260620,nonbonded,3518,PRIVPROBE:0,host_scan,504,False,0,host_scan
m12_no_attack_dup0_s20260620_nonbonded,P3-Persist,m12_no_attack_dup0_s20260620,nonbonded,3537,PRIVPROBE:0,host_scan,504,False,0,host_scan
m12_no_attack_dup0_s20260620_nonbonded,P3-Persist,m12_no_attack_dup0_s20260620,nonbonded,3566,PRIVPROBE:0,host_scan,504,False,0,host_scan
m12_no_attack_dup0_s20260620_nonbonded,P3-Persist,m12_no_attack_dup0_s20260620,nonbonded,3585,PRIVPROBE:0,host_scan,504,False,0,host_scan
m12_no_attack_dup0_s20260620_nonbonded,P3-Persist,m12_no_attack_dup0_s20260620,nonbonded,3605,PRIVPROBE:0,host_scan,504,False,0,host_scan
m12_no_attack_dup0_s20260620_nonbonded,P3-Persist,m12_no_attack_dup0_s20260620,nonbonded,3621,PRIVPROBE:0,host_scan,504,False,0,host_scan
m12_no_attack_dup0_s20260620_nonbonded,P3-Persist,m12_no_attack_dup0_s20260620,nonbonded,3651,PRIVPROBE:0,host_scan,504,False,0,reserve
m12_no_attack_dup0_s20260620_nonbonded,P3-Persist,m12_no_attack_dup0_s20260620,nonbonded,3680,PRIVPROBE:0,host_scan,504,False,0,reserve
m12_no_attack_dup0_s20260620_nonbonded,P3-Persist,m12_no_attack_dup0_s20260620,nonbonded,3696,PRIVPROBE:0,host_scan,504,False,0,reserve
m12_no_attack_dup0_s20260620_nonbonded,P3-Persist,m12_no_attack_dup0_s20260620,nonbonded,3731,PRIVPROBE:1,host_scan,504,False,0,host_scan
m12_no_attack_dup0_s20260620_nonbonded,P3-Persist,m12_no_attack_dup0_s20260620,nonbonded,3759,PRIVPROBE:1,host_scan,504,False,0,host_scan
m12_no_attack_dup0_s20260620_nonbonded,P3-Persist,m12_no_attack_dup0_s20260620,nonbonded,3783,PRIVPROBE:1,host_scan,504,False,0,host_scan
m12_no_attack_dup0_s20260620_nonbonded,P3-Persist,m12_no_attack_dup0_s20260620,nonbonded,3797,PRIVPROBE:1,host_scan,504,False,0,host_scan
m12_no_attack_dup0_s20260620_nonbonded,P3-Persist,m12_no_attack_dup0_s20260620,nonbonded,3816,PRIVPROBE:1,host_scan,504,False,0,host_scan
m12_no_attack_dup0_s20260620_nonbonded,P3-Persist,m12_no_attack_dup0_s20260620,nonbonded,3841,PRIVPROBE:1,host_scan,504,False,0,host_scan
m12_no_attack_dup0_s20260620_nonbonded,P3-Persist,m12_no_attack_dup0_s20260620,nonbonded,3867,PRIVPROBE:1,host_scan,504,False,0,host_scan
m12_no_attack_dup0_s20260620_nonbonded,P3-Persist,m12_no_attack_dup0_s20260620,nonbonded,3891,PRIVPROBE:1,defer,0,True,1000,defer
m12_no_attack_dup0_s20260620_nonbonded,P3-Persist,m12_no_attack_dup0_s20260620,nonbonded,3910,PRIVPROBE:1,host_scan,504,False,0,reserve
m12_no_attack_dup0_s20260620_nonbonded,P3-Persist,m12_no_attack_dup0_s20260620,nonbonded,3928,PRIVPROBE:1,host_scan,504,False,0,reserve
m12_no_attack_dup0_s20260620_nonbonded,P3-Persist,m12_no_attack_dup0_s20260620,nonbonded,3959,PRIVPROBE:1,host_scan,504,False,0,reserve
m12_no_attack_dup0_s20260620_nonbonded,P3-Persist,m12_no_attack_dup0_s20260620,nonbonded,3974,PRIVPROBE:1,host_scan,504,False,0,reserve
m12_no_attack_dup0_s20260620_nonbonded,P3-Persist,m12_no_attack_dup0_s20260620,nonbonded,4000,PRIVPROBE:1,host_scan,504,False,0,host_scan
m12_no_attack_dup0_s20260620_nonbonded,P3-Persist,m12_no_attack_dup0_s20260620,nonbonded,4019,PRIVPROBE:1,host_scan,504,False,0,host_scan
m12_no_attack_dup0_s20260620_nonbonded,P3-Persist,m12_no_attack_dup0_s20260620,nonbonded,4034,PRIVPROBE:1,host_scan,504,False,0,host_scan
m12_no_attack_dup0_s20260620_nonbonded,P3-Persist,m12_no_attack_dup0_s20260620,nonbonded,4057,PRIVPROBE:1,host_scan,504,False,0,host_scan
m12_no_attack_dup0_s20260620_nonbonded,P3-Persist,m12_no_attack_dup0_s20260620,nonbonded,4076,PRIVPROBE:1,host_scan,504,False,0,host_scan
m12_no_attack_dup0_s20260620_nonbonded,P3-Persist,m12_no_attack_dup0_s20260620,nonbonded,4095,PRIVPROBE:1,host_scan,504,False,0,host_scan
m12_no_attack_dup0_s20260620_nonbonded,P3-Persist,m12_no_attack_dup0_s20260620,nonbonded,4119,PRIVPROBE:1,host_scan,504,False,0,host_scan
m12_no_attack_dup0_s20260620_nonbonded,P3-Persist,m12_no_attack_dup0_s20260620,nonbonded,4128,PRIVPROBE:1,host_scan,504,False,0,host_scan
m12_no_attack_dup0_s20260620_nonbonded,P3-Persist,m12_no_attack_dup0_s20260620,nonbonded,4142,PRIVPROBE:1,host_scan,504,False,0,host_scan
m12_no_attack_dup0_s20260620_nonbonded,P3-Persist,m12_no_attack_dup0_s20260620,nonbonded,4161,PRIVPROBE:1,host_scan,504,False,0,host_scan
m12_no_attack_dup0_s20260620_nonbonded,P3-Persist,m12_no_attack_dup0_s20260620,nonbonded,4188,PRIVPROBE:1,host_scan,504,False,0,reserve
m12_no_attack_dup0_s20260620_nonbonded,P3-Persist,m12_no_attack_dup0_s20260620,nonbonded,4211,PRIVPROBE:1,host_scan,504,False,0,reserve
m12_no_attack_dup0_s20260620_nonbonded,P3-Persist,m12_no_attack_dup0_s20260620,nonbonded,4231,PRIVPROBE:1,host_scan,504,False,0,host_scan
m12_no_attack_dup0_s20260620_nonbonded,P3-Persist,m12_no_attack_dup0_s20260620,nonbonded,4250,PRIVPROBE:1,host_scan,504,False,0,host_scan
m12_no_attack_dup0_s20260620_nonbonded,P3-Persist,m12_no_attack_dup0_s20260620,nonbonded,4271,PRIVPROBE:1,host_scan,504,False,0,host_scan
m12_no_attack_dup0_s20260620_nonbonded,P3-Persist,m12_no_attack_dup0_s20260620,nonbonded,4298,PRIVPROBE:1,host_scan,504,False,0,host_scan
m12_no_attack_dup0_s20260620_nonbonded,P3-Persist,m12_no_attack_dup0_s20260620,nonbonded,4317,PRIVPROBE:1,host_scan,504,False,0,host_scan
m12_no_attack_dup0_s20260620_nonbonded,P3-Persist,m12_no_attack_dup0_s20260620,nonbonded,4338,PRIVPROBE:1,host_scan,504,False,0,host_scan
m12_no_attack_dup0_s20260620_nonbonded,P3-Persist,m12_no_attack_dup0_s20260620,nonbonded,4354,PRIVPROBE:1,host_scan,504,False,0,host_scan
m12_no_attack_dup0_s20260620_nonbonded,P3-Persist,m12_no_attack_dup0_s20260620,nonbonded,4385,PRIVPROBE:1,host_scan,504,False,0,host_scan
m12_no_attack_dup0_s20260620_nonbonded,P3-Persist,m12_no_attack_dup0_s20260620,nonbonded,4407,PRIVPROBE:1,host_scan,504,False,0,reserve
m12_no_attack_dup0_s20260620_nonbonded,P3-Persist,m12_no_attack_dup0_s20260620,nonbonded,4423,PRIVPROBE:1,host_scan,504,False,0,reserve
m12_no_attack_dup0_s20260620_nonbonded,P3-Persist,m12_no_attack_dup0_s20260620,nonbonded,4449,PRIVPROBE:1,host_scan,504,False,0,reserve
m12_no_attack_dup0_s20260620_nonbonded,P3-Persist,m12_no_attack_dup0_s20260620,nonbonded,4465,PRIVPROBE:1,host_scan,504,False,0,reserve
m12_no_attack_dup0_s20260620_nonbonded,P3-Persist,m12_no_attack_dup0_s20260620,nonbonded,4485,PRIVPROBE:1,host_scan,504,False,0,host_scan
m12_no_attack_dup0_s20260620_nonbonded,P3-Persist,m12_no_attack_dup0_s20260620,nonbonded,4512,PRIVPROBE:1,host_scan,504,False,0,host_scan
m12_no_attack_dup0_s20260620_nonbonded,P3-Persist,m12_no_attack_dup0_s20260620,nonbonded,4531,PRIVPROBE:1,host_scan,504,False,0,host_scan
m12_no_attack_dup0_s20260620_nonbonded,P3-Persist,m12_no_attack_dup0_s20260620,nonbonded,4552,PRIVPROBE:1,host_scan,504,False,0,host_scan
m12_no_attack_dup0_s20260620_nonbonded,P3-Persist,m12_no_attack_dup0_s20260620,nonbonded,4576,PRIVPROBE:1,host_scan,504,False,0,host_scan
m12_no_attack_dup0_s20260620_nonbonded,P3-Persist,m12_no_attack_dup0_s20260620,nonbonded,4599,PRIVPROBE:1,host_scan,504,False,0,host_scan
m12_no_attack_dup0_s20260620_nonbonded,P3-Persist,m12_no_attack_dup0_s20260620,nonbonded,4618,PRIVPROBE:1,host_scan,504,False,0,host_scan
m12_no_attack_dup0_s20260620_nonbonded,P3-Persist,m12_no_attack_dup0_s20260620,nonbonded,4648,PRIVPROBE:1,host_scan,504,False,0,host_scan
m12_no_attack_dup0_s20260620_nonbonded,P3-Persist,m12_no_attack_dup0_s20260620,nonbonded,4671,PRIVPROBE:1,host_scan,504,False,0,host_scan
m12_no_attack_dup0_s20260620_nonbonded,P3-Persist,m12_no_attack_dup0_s20260620,nonbonded,4687,PRIVPROBE:1,host_scan,504,False,0,host_scan
m12_no_attack_dup0_s20260620_nonbonded,P3-Persist,m12_no_attack_dup0_s20260620,nonbonded,4712,PRIVPROBE:1,host_scan,504,False,0,reserve
m12_no_attack_dup0_s20260620_nonbonded,P3-Persist,m12_no_attack_dup0_s20260620,nonbonded,4725,PRIVPROBE:1,host_scan,504,False,0,reserve
m12_no_attack_dup0_s20260620_nonbonded,P3-Persist,m12_no_attack_dup0_s20260620,nonbonded,4738,PRIVPROBE:1,host_scan,504,False,0,host_scan
m12_no_attack_dup0_s20260620_nonbonded,P3-Persist,m12_no_attack_dup0_s20260620,nonbonded,4756,PRIVPROBE:1,host_scan,504,False,0,host_scan
m12_no_attack_dup0_s20260620_nonbonded,P3-Persist,m12_no_attack_dup0_s20260620,nonbonded,4785,PRIVPROBE:1,host_scan,504,False,0,host_scan
m12_no_attack_dup0_s20260620_nonbonded,P3-Persist,m12_no_attack_dup0_s20260620,nonbonded,4814,PRIVPROBE:1,host_scan,504,False,0,host_scan
m12_no_attack_dup0_s20260620_nonbonded,P3-Persist,m12_no_attack_dup0_s20260620,nonbonded,4839,PRIVPROBE:1,host_scan,504,False,0,host_scan
m12_no_attack_dup0_s20260620_nonbonded,P3-Persist,m12_no_attack_dup0_s20260620,nonbonded,4860,PRIVPROBE:1,host_scan,504,False,0,host_scan
m12_no_attack_dup0_s20260620_nonbonded,P3-Persist,m12_no_attack_dup0_s20260620,nonbonded,4875,PRIVPROBE:1,host_scan,504,False,0,host_scan
m12_no_attack_dup0_s20260620_nonbonded,P3-Persist,m12_no_attack_dup0_s20260620,nonbonded,4898,PRIVPROBE:1,host_scan,504,False,0,host_scan
m12_no_attack_dup0_s20260620_nonbonded,P3-Persist,m12_no_attack_dup0_s20260620,nonbonded,4916,PRIVPROBE:1,host_scan,504,False,0,host_scan
m12_no_attack_dup0_s20260620_nonbonded,P3-Persist,m12_no_attack_dup0_s20260620,nonbonded,4946,PRIVPROBE:1,host_scan,504,False,0,host_scan
m12_no_attack_dup0_s20260620_nonbonded,P3-Persist,m12_no_attack_dup0_s20260620,nonbonded,4961,PRIVPROBE:1,host_scan,504,False,0,reserve
m12_no_attack_dup0_s20260620_nonbonded,P3-Persist,m12_no_attack_dup0_s20260620,nonbonded,4984,PRIVPROBE:1,host_scan,504,False,0,reserve
m12_no_attack_dup0_s20260620_nonbonded,P3-Persist,m12_no_attack_dup0_s20260620,nonbonded,4999,PRIVPROBE:1,host_scan,504,False,0,host_scan
m12_no_attack_dup0_s20260620_nonbonded,P3-Persist,m12_no_attack_dup0_s20260620,nonbonded,5015,PRIVPROBE:1,host_scan,504,False,0,host_scan
m12_no_attack_dup0_s20260620_nonbonded,P3-Persist,m12_no_attack_dup0_s20260620,nonbonded,5032,PRIVPROBE:1,host_scan,504,False,0,host_scan
m12_no_attack_dup0_s20260620_nonbonded,P3-Persist,m12_no_attack_dup0_s20260620,nonbonded,5050,PRIVPROBE:1,host_scan,504,False,0,host_scan
m12_no_attack_dup0_s20260620_nonbonded,P3-Persist,m12_no_attack_dup0_s20260620,nonbonded,5064,PRIVPROBE:1,host_scan,504,False,0,host_scan
m12_no_attack_dup0_s20260620_nonbonded,P3-Persist,m12_no_attack_dup0_s20260620,nonbonded,5085,PRIVPROBE:1,host_scan,504,False,0,host_scan
m12_no_attack_dup0_s20260620_nonbonded,P3-Persist,m12_no_attack_dup0_s20260620,nonbonded,5106,PRIVPROBE:1,host_scan,504,False,0,host_scan
m12_no_attack_dup0_s20260620_nonbonded,P3-Persist,m12_no_attack_dup0_s20260620,nonbonded,5132,PRIVPROBE:1,host_scan,504,False,0,host_scan
m12_no_attack_dup0_s20260620_nonbonded,P3-Persist,m12_no_attack_dup0_s20260620,nonbonded,5147,PRIVPROBE:1,host_scan,504,False,0,host_scan
m12_no_attack_dup0_s20260620_nonbonded,P3-Persist,m12_no_attack_dup0_s20260620,nonbonded,5168,PRIVPROBE:1,host_scan,504,False,0,host_scan
m12_no_attack_dup0_s20260620_nonbonded,P3-Persist,m12_no_attack_dup0_s20260620,nonbonded,5192,PRIVPROBE:1,host_scan,504,False,0,host_scan
m12_no_attack_dup0_s20260620_nonbonded,P3-Persist,m12_no_attack_dup0_s20260620,nonbonded,5221,PRIVPROBE:1,host_scan,504,False,0,reserve
m12_no_attack_dup0_s20260620_nonbonded,P3-Persist,m12_no_attack_dup0_s20260620,nonbonded,5240,PRIVPROBE:1,host_scan,504,False,0,host_scan
m12_no_attack_dup0_s20260620_nonbonded,P3-Persist,m12_no_attack_dup0_s20260620,nonbonded,5264,PRIVPROBE:1,host_scan,504,False,0,host_scan
m12_no_attack_dup0_s20260620_nonbonded,P3-Persist,m12_no_attack_dup0_s20260620,nonbonded,5285,PRIVPROBE:1,host_scan,504,False,0,host_scan
m12_no_attack_dup0_s20260620_nonbonded,P3-Persist,m12_no_attack_dup0_s20260620,nonbonded,5309,PRIVPROBE:1,host_scan,504,False,0,host_scan
m12_no_attack_dup0_s20260620_nonbonded,P3-Persist,m12_no_attack_dup0_s20260620,nonbonded,5325,PRIVPROBE:1,host_scan,504,False,0,host_scan
m12_no_attack_dup0_s20260620_nonbonded,P3-Persist,m12_no_attack_dup0_s20260620,nonbonded,5341,PRIVPROBE:1,host_scan,504,False,0,host_scan
m12_no_attack_dup0_s20260620_nonbonded,P3-Persist,m12_no_attack_dup0_s20260620,nonbonded,5372,PRIVPROBE:1,host_scan,504,False,0,host_scan
m12_no_attack_dup0_s20260620_nonbonded,P3-Persist,m12_no_attack_dup0_s20260620,nonbonded,5402,PRIVPROBE:1,host_scan,504,False,0,host_scan
m12_no_attack_dup0_s20260620_nonbonded,P3-Persist,m12_no_attack_dup0_s20260620,nonbonded,5421,PRIVPROBE:1,host_scan,504,False,0,host_scan
m12_no_attack_dup0_s20260620_nonbonded,P3-Persist,m12_no_attack_dup0_s20260620,nonbonded,5438,PRIVPROBE:1,host_scan,504,False,0,host_scan
m12_no_attack_dup0_s20260620_nonbonded,P3-Persist,m12_no_attack_dup0_s20260620,nonbonded,5455,PRIVPROBE:1,host_scan,504,False,0,reserve
m12_no_attack_dup0_s20260620_nonbonded,P3-Persist,m12_no_attack_dup0_s20260620,nonbonded,5472,PRIVPROBE:1,host_scan,504,False,0,reserve
m12_no_attack_dup0_s20260620_nonbonded,P3-Persist,m12_no_attack_dup0_s20260620,nonbonded,5488,PRIVPROBE:1,host_scan,504,False,0,host_scan
m12_no_attack_dup0_s20260620_nonbonded,P3-Persist,m12_no_attack_dup0_s20260620,nonbonded,5514,PRIVPROBE:1,host_scan,504,False,0,host_scan
m12_no_attack_dup0_s20260620_nonbonded,P3-Persist,m12_no_attack_dup0_s20260620,nonbonded,5531,PRIVPROBE:1,host_scan,504,False,0,host_scan
m12_no_attack_dup0_s20260620_nonbonded,P3-Persist,m12_no_attack_dup0_s20260620,nonbonded,5545,PRIVPROBE:1,host_scan,504,False,0,host_scan
m12_no_attack_dup0_s20260620_nonbonded,P3-Persist,m12_no_attack_dup0_s20260620,nonbonded,5562,PRIVPROBE:1,host_scan,504,False,0,host_scan
m12_no_attack_dup0_s20260620_nonbonded,P3-Persist,m12_no_attack_dup0_s20260620,nonbonded,5585,PRIVPROBE:1,host_scan,504,False,0,host_scan
m12_no_attack_dup0_s20260620_nonbonded,P3-Persist,m12_no_attack_dup0_s20260620,nonbonded,5599,PRIVPROBE:1,host_scan,504,False,0,host_scan
m12_no_attack_dup0_s20260620_nonbonded,P3-Persist,m12_no_attack_dup0_s20260620,nonbonded,5623,PRIVPROBE:1,host_scan,504,False,0,host_scan
m12_no_attack_dup0_s20260620_nonbonded,P3-Persist,m12_no_attack_dup0_s20260620,nonbonded,5643,PRIVPROBE:1,host_scan,504,False,0,host_scan
m12_no_attack_dup0_s20260620_nonbonded,P3-Persist,m12_no_attack_dup0_s20260620,nonbonded,5667,PRIVPROBE:1,host_scan,504,False,0,host_scan
m12_no_attack_dup0_s20260620_nonbonded,P3-Persist,m12_no_attack_dup0_s20260620,nonbonded,5691,PRIVPROBE:1,host_scan,504,False,0,reserve
m12_no_attack_dup0_s20260620_nonbonded,P3-Persist,m12_no_attack_dup0_s20260620,nonbonded,5719,PRIVPROBE:1,host_scan,504,False,0,reserve
m12_no_attack_dup0_s20260620_nonbonded,P3-Persist,m12_no_attack_dup0_s20260620,nonbonded,5743,PRIVPROBE:1,host_scan,504,False,0,host_scan
m12_no_attack_dup0_s20260620_nonbonded,P3-Persist,m12_no_attack_dup0_s20260620,nonbonded,5765,PRIVPROBE:1,host_scan,504,False,0,host_scan
m12_no_attack_dup0_s20260620_nonbonded,P3-Persist,m12_no_attack_dup0_s20260620,nonbonded,5784,PRIVPROBE:1,host_scan,504,False,0,host_scan
m12_no_attack_dup0_s20260620_nonbonded,P3-Persist,m12_no_attack_dup0_s20260620,nonbonded,5805,PRIVPROBE:1,host_scan,504,False,0,host_scan
m12_no_attack_dup0_s20260620_nonbonded,P3-Persist,m12_no_attack_dup0_s20260620,nonbonded,5824,PRIVPROBE:1,host_scan,504,False,0,host_scan
m12_no_attack_dup0_s20260620_nonbonded,P3-Persist,m12_no_attack_dup0_s20260620,nonbonded,5842,PRIVPROBE:1,host_scan,504,False,0,host_scan
m12_no_attack_dup0_s20260620_nonbonded,P3-Persist,m12_no_attack_dup0_s20260620,nonbonded,5863,PRIVPROBE:1,host_scan,504,False,0,host_scan
m12_no_attack_dup0_s20260620_nonbonded,P3-Persist,m12_no_attack_dup0_s20260620,nonbonded,5881,PRIVPROBE:1,host_scan,504,False,0,host_scan
m12_no_attack_dup0_s20260620_nonbonded,P3-Persist,m12_no_attack_dup0_s20260620,nonbonded,5899,PRIVPROBE:1,host_scan,504,False,0,host_scan
m12_no_attack_dup0_s20260620_nonbonded,P3-Persist,m12_no_attack_dup0_s20260620,nonbonded,5918,PRIVPROBE:1,host_scan,504,False,0,host_scan
m12_no_attack_dup0_s20260620_nonbonded,P3-Persist,m12_no_attack_dup0_s20260620,nonbonded,5955,PRIVPROBE:1,host_scan,504,False,0,reserve
m12_no_attack_dup0_s20260620_nonbonded,P3-Persist,m12_no_attack_dup0_s20260620,nonbonded,5983,PRIVPROBE:1,host_scan,504,False,0,reserve
m12_no_attack_dup0_s20260620_nonbonded,P3-Persist,m12_no_attack_dup0_s20260620,nonbonded,6007,PRIVPROBE:1,host_scan,504,False,0,host_scan
m12_no_attack_dup0_s20260620_nonbonded,P3-Persist,m12_no_attack_dup0_s20260620,nonbonded,6025,PRIVPROBE:1,host_scan,504,False,0,host_scan
m12_no_attack_dup0_s20260620_nonbonded,P3-Persist,m12_no_attack_dup0_s20260620,nonbonded,6056,PRIVPROBE:1,host_scan,504,False,0,host_scan
m12_no_attack_dup0_s20260620_nonbonded,P3-Persist,m12_no_attack_dup0_s20260620,nonbonded,6079,PRIVPROBE:1,host_scan,504,False,0,host_scan
m12_no_attack_dup0_s20260620_nonbonded,P3-Persist,m12_no_attack_dup0_s20260620,nonbonded,6091,PRIVPROBE:1,host_scan,504,False,0,host_scan
m12_no_attack_dup0_s20260620_nonbonded,P3-Persist,m12_no_attack_dup0_s20260620,nonbonded,6107,PRIVPROBE:1,host_scan,504,False,0,host_scan
m12_no_attack_dup0_s20260620_nonbonded,P3-Persist,m12_no_attack_dup0_s20260620,nonbonded,6129,PRIVPROBE:1,host_scan,504,False,0,host_scan
m12_no_attack_dup0_s20260620_nonbonded,P3-Persist,m12_no_attack_dup0_s20260620,nonbonded,6162,PRIVPROBE:1,host_scan,504,False,0,host_scan
m12_no_attack_dup0_s20260620_nonbonded,P3-Persist,m12_no_attack_dup0_s20260620,nonbonded,6181,PRIVPROBE:1,host_scan,504,False,0,host_scan
m12_no_attack_dup0_s20260620_nonbonded,P3-Persist,m12_no_attack_dup0_s20260620,nonbonded,6208,PRIVPROBE:1,host_scan,504,False,0,host_scan
m12_no_attack_dup0_s20260620_nonbonded,P3-Persist,m12_no_attack_dup0_s20260620,nonbonded,6231,PRIVPROBE:1,host_scan,504,False,0,reserve
m12_no_attack_dup0_s20260620_nonbonded,P3-Persist,m12_no_attack_dup0_s20260620,nonbonded,6253,PRIVPROBE:1,host_scan,504,False,0,reserve
m12_no_attack_dup0_s20260620_nonbonded,P3-Persist,m12_no_attack_dup0_s20260620,nonbonded,6277,PRIVPROBE:1,host_scan,504,False,0,host_scan
m12_no_attack_dup0_s20260620_nonbonded,P3-Persist,m12_no_attack_dup0_s20260620,nonbonded,6300,PRIVPROBE:1,host_scan,504,False,0,host_scan
m12_no_attack_dup0_s20260620_nonbonded,P3-Persist,m12_no_attack_dup0_s20260620,nonbonded,6319,PRIVPROBE:1,host_scan,504,False,0,host_scan
m12_no_attack_dup0_s20260620_nonbonded,P3-Persist,m12_no_attack_dup0_s20260620,nonbonded,6346,PRIVPROBE:1,host_scan,504,False,0,host_scan
m12_no_attack_dup0_s20260620_nonbonded,P3-Persist,m12_no_attack_dup0_s20260620,nonbonded,6364,PRIVPROBE:1,host_scan,504,False,0,host_scan
m12_no_attack_dup0_s20260620_nonbonded,P3-Persist,m12_no_attack_dup0_s20260620,nonbonded,6387,PRIVPROBE:1,host_scan,504,False,0,host_scan
m12_no_attack_dup0_s20260620_nonbonded,P3-Persist,m12_no_attack_dup0_s20260620,nonbonded,6406,PRIVPROBE:1,host_scan,504,False,0,host_scan
m12_no_attack_dup0_s20260620_nonbonded,P3-Persist,m12_no_attack_dup0_s20260620,nonbonded,6434,PRIVPROBE:1,host_scan,504,False,0,host_scan
m12_no_attack_dup0_s20260620_nonbonded,P3-Persist,m12_no_attack_dup0_s20260620,nonbonded,6452,PRIVPROBE:1,host_scan,504,False,0,host_scan
m12_no_attack_dup0_s20260620_nonbonded,P3-Persist,m12_no_attack_dup0_s20260620,nonbonded,6470,PRIVPROBE:1,host_scan,504,False,0,host_scan
m12_no_attack_dup0_s20260620_nonbonded,P3-Persist,m12_no_attack_dup0_s20260620,nonbonded,6491,PRIVPROBE:1,host_scan,504,False,0,host_scan
m12_no_attack_dup0_s20260620_nonbonded,P3-Persist,m12_no_attack_dup0_s20260620,nonbonded,6508,PRIVPROBE:1,host_scan,504,False,0,reserve
m12_no_attack_dup0_s20260620_nonbonded,P3-Persist,m12_no_attack_dup0_s20260620,nonbonded,6523,PRIVPROBE:1,host_scan,504,False,0,host_scan
m12_no_attack_dup0_s20260620_nonbonded,P3-Persist,m12_no_attack_dup0_s20260620,nonbonded,6549,PRIVPROBE:1,host_scan,504,False,0,host_scan
m12_no_attack_dup0_s20260620_nonbonded,P3-Persist,m12_no_attack_dup0_s20260620,nonbonded,6566,PRIVPROBE:1,host_scan,504,False,0,host_scan
m12_no_attack_dup0_s20260620_nonbonded,P3-Persist,m12_no_attack_dup0_s20260620,nonbonded,6589,PRIVPROBE:1,host_scan,504,False,0,host_scan
m12_no_attack_dup0_s20260620_nonbonded,P3-Persist,m12_no_attack_dup0_s20260620,nonbonded,6606,PRIVPROBE:1,host_scan,504,False,0,host_scan
m12_no_attack_dup0_s20260620_nonbonded,P3-Persist,m12_no_attack_dup0_s20260620,nonbonded,6623,PRIVPROBE:1,host_scan,504,False,0,host_scan
m12_no_attack_dup0_s20260620_nonbonded,P3-Persist,m12_no_attack_dup0_s20260620,nonbonded,6646,PRIVPROBE:1,host_scan,504,False,0,host_scan
m12_no_attack_dup0_s20260620_nonbonded,P3-Persist,m12_no_attack_dup0_s20260620,nonbonded,6668,PRIVPROBE:1,host_scan,504,False,0,host_scan
m12_no_attack_dup0_s20260620_nonbonded,P3-Persist,m12_no_attack_dup0_s20260620,nonbonded,6701,PRIVPROBE:1,host_scan,504,False,0,host_scan
m12_no_attack_dup0_s20260620_nonbonded,P3-Persist,m12_no_attack_dup0_s20260620,nonbonded,6727,PRIVPROBE:1,host_scan,504,False,0,host_scan
m12_no_attack_dup0_s20260620_nonbonded,P3-Persist,m12_no_attack_dup0_s20260620,nonbonded,6744,PRIVPROBE:1,host_scan,504,False,0,reserve
m12_no_attack_dup0_s20260620_nonbonded,P3-Persist,m12_no_attack_dup0_s20260620,nonbonded,6763,PRIVPROBE:1,host_scan,504,False,0,reserve
m12_no_attack_dup0_s20260620_nonbonded,P3-Persist,m12_no_attack_dup0_s20260620,nonbonded,6789,PRIVPROBE:1,host_scan,504,False,0,host_scan
m12_no_attack_dup0_s20260620_nonbonded,P3-Persist,m12_no_attack_dup0_s20260620,nonbonded,6812,PRIVPROBE:1,host_scan,504,False,0,host_scan
m12_no_attack_dup0_s20260620_nonbonded,P3-Persist,m12_no_attack_dup0_s20260620,nonbonded,6834,PRIVPROBE:1,host_scan,504,False,0,host_scan
m12_no_attack_dup0_s20260620_nonbonded,P3-Persist,m12_no_attack_dup0_s20260620,nonbonded,6858,PRIVPROBE:1,host_scan,504,False,0,host_scan
m12_no_attack_dup0_s20260620_nonbonded,P3-Persist,m12_no_attack_dup0_s20260620,nonbonded,6882,PRIVPROBE:1,host_scan,504,False,0,host_scan
m12_no_attack_dup0_s20260620_nonbonded,P3-Persist,m12_no_attack_dup0_s20260620,nonbonded,6902,PRIVPROBE:1,host_scan,504,False,0,host_scan
m12_no_attack_dup0_s20260620_nonbonded,P3-Persist,m12_no_attack_dup0_s20260620,nonbonded,6927,PRIVPROBE:1,host_scan,504,False,0,host_scan
m12_no_attack_dup0_s20260620_nonbonded,P3-Persist,m12_no_attack_dup0_s20260620,nonbonded,6947,PRIVPROBE:1,host_scan,504,False,0,host_scan
m12_no_attack_dup0_s20260620_nonbonded,P3-Persist,m12_no_attack_dup0_s20260620,nonbonded,6965,PRIVPROBE:1,host_scan,504,False,0,host_scan
m12_no_attack_dup0_s20260620_nonbonded,P3-Persist,m12_no_attack_dup0_s20260620,nonbonded,6987,PRIVPROBE:1,host_scan,504,False,0,host_scan
m12_no_attack_dup0_s20260620_nonbonded,P3-Persist,m12_no_attack_dup0_s20260620,nonbonded,7011,PRIVPROBE:1,host_scan,504,False,0,host_scan
m12_no_attack_dup0_s20260620_nonbonded,P3-Persist,m12_no_attack_dup0_s20260620,nonbonded,7041,PRIVPROBE:1,host_scan,504,False,0,reserve
m12_no_attack_dup0_s20260620_nonbonded,P3-Persist,m12_no_attack_dup0_s20260620,nonbonded,7063,PRIVPROBE:1,host_scan,504,False,0,host_scan
m12_no_attack_dup0_s20260620_nonbonded,P3-Persist,m12_no_attack_dup0_s20260620,nonbonded,7079,PRIVPROBE:1,host_scan,504,False,0,host_scan
m12_no_attack_dup0_s20260620_nonbonded,P3-Persist,m12_no_attack_dup0_s20260620,nonbonded,7097,PRIVPROBE:1,host_scan,504,False,0,host_scan
m12_no_attack_dup0_s20260620_nonbonded,P3-Persist,m12_no_attack_dup0_s20260620,nonbonded,7116,PRIVPROBE:1,host_scan,504,False,0,host_scan
m12_no_attack_dup0_s20260620_nonbonded,P3-Persist,m12_no_attack_dup0_s20260620,nonbonded,7152,PRIVPROBE:1,host_scan,504,False,0,host_scan
m12_no_attack_dup0_s20260620_nonbonded,P3-Persist,m12_no_attack_dup0_s20260620,nonbonded,7173,PRIVPROBE:1,host_scan,504,False,0,host_scan
m12_no_attack_dup0_s20260620_nonbonded,P3-Persist,m12_no_attack_dup0_s20260620,nonbonded,7207,PRIVPROBE:1,host_scan,504,False,0,host_scan
m12_no_attack_dup0_s20260620_nonbonded,P3-Persist,m12_no_attack_dup0_s20260620,nonbonded,7229,PRIVPROBE:1,host_scan,504,False,0,host_scan
m12_no_attack_dup0_s20260620_nonbonded,P3-Persist,m12_no_attack_dup0_s20260620,nonbonded,7247,PRIVPROBE:1,host_scan,504,False,0,host_scan
m12_no_attack_dup0_s20260620_nonbonded,P3-Persist,m12_no_attack_dup0_s20260620,nonbonded,7267,PRIVPROBE:1,host_scan,504,False,0,host_scan
m12_no_attack_dup0_s20260620_nonbonded,P3-Persist,m12_no_attack_dup0_s20260620,nonbonded,7293,PRIVPROBE:1,host_scan,504,False,0,reserve
m12_no_attack_dup0_s20260620_nonbonded,P3-Persist,m12_no_attack_dup0_s20260620,nonbonded,7317,PRIVPROBE:1,host_scan,504,False,0,reserve
m12_no_attack_dup0_s20260620_nonbonded,P3-Persist,m12_no_attack_dup0_s20260620,nonbonded,7336,PRIVPROBE:1,host_scan,504,False,0,host_scan
m12_no_attack_dup0_s20260620_nonbonded,P3-Persist,m12_no_attack_dup0_s20260620,nonbonded,7356,PRIVPROBE:1,host_scan,504,False,0,host_scan
m12_no_attack_dup0_s20260620_nonbonded,P3-Persist,m12_no_attack_dup0_s20260620,nonbonded,7368,PRIVPROBE:1,host_scan,504,False,0,host_scan
m12_no_attack_dup0_s20260620_nonbonded,P3-Persist,m12_no_attack_dup0_s20260620,nonbonded,7389,PRIVPROBE:1,host_scan,504,False,0,host_scan
m12_no_attack_dup0_s20260620_nonbonded,P3-Persist,m12_no_attack_dup0_s20260620,nonbonded,7416,PRIVPROBE:1,host_scan,504,False,0,host_scan
m12_no_attack_dup0_s20260620_nonbonded,P3-Persist,m12_no_attack_dup0_s20260620,nonbonded,7436,PRIVPROBE:1,host_scan,504,False,0,host_scan
m12_no_attack_dup0_s20260620_nonbonded,P3-Persist,m12_no_attack_dup0_s20260620,nonbonded,7471,PRIVPROBE:1,host_scan,504,False,0,host_scan
m12_no_attack_dup0_s20260620_nonbonded,P3-Persist,m12_no_attack_dup0_s20260620,nonbonded,7491,PRIVPROBE:1,host_scan,504,False,0,host_scan
m12_no_attack_dup0_s20260620_nonbonded,P3-Persist,m12_no_attack_dup0_s20260620,nonbonded,7510,PRIVPROBE:1,host_scan,504,False,0,host_scan
m12_no_attack_dup0_s20260620_nonbonded,P3-Persist,m12_no_attack_dup0_s20260620,nonbonded,7523,PRIVPROBE:1,host_scan,504,False,0,host_scan
m12_no_attack_dup0_s20260620_nonbonded,P3-Persist,m12_no_attack_dup0_s20260620,nonbonded,7549,PRIVPROBE:1,host_scan,504,False,0,host_scan
m12_no_attack_dup0_s20260620_nonbonded,P3-Persist,m12_no_attack_dup0_s20260620,nonbonded,7563,PRIVPROBE:1,host_scan,504,False,0,reserve
m12_no_attack_dup0_s20260620_nonbonded,P3-NoPersist,m12_no_attack_dup0_s20260620,nonbonded,1249,PRIVPROBE:0,host_scan,504,False,0,host_scan
m12_no_attack_dup0_s20260620_nonbonded,P3-NoPersist,m12_no_attack_dup0_s20260620,nonbonded,1268,PRIVPROBE:0,host_scan,504,False,0,host_scan
m12_no_attack_dup0_s20260620_nonbonded,P3-NoPersist,m12_no_attack_dup0_s20260620,nonbonded,1284,PRIVPROBE:0,host_scan,504,False,0,host_scan
m12_no_attack_dup0_s20260620_nonbonded,P3-NoPersist,m12_no_attack_dup0_s20260620,nonbonded,1316,PRIVPROBE:0,host_scan,504,False,0,host_scan
m12_no_attack_dup0_s20260620_nonbonded,P3-NoPersist,m12_no_attack_dup0_s20260620,nonbonded,1335,PRIVPROBE:0,host_scan,504,False,0,host_scan
m12_no_attack_dup0_s20260620_nonbonded,P3-NoPersist,m12_no_attack_dup0_s20260620,nonbonded,1356,PRIVPROBE:0,host_scan,504,False,0,host_scan
m12_no_attack_dup0_s20260620_nonbonded,P3-NoPersist,m12_no_attack_dup0_s20260620,nonbonded,1383,PRIVPROBE:0,host_scan,504,False,0,host_scan
m12_no_attack_dup0_s20260620_nonbonded,P3-NoPersist,m12_no_attack_dup0_s20260620,nonbonded,1401,PRIVPROBE:0,host_scan,504,False,0,host_scan
m12_no_attack_dup0_s20260620_nonbonded,P3-NoPersist,m12_no_attack_dup0_s20260620,nonbonded,1422,PRIVPROBE:0,host_scan,504,False,0,host_scan
m12_no_attack_dup0_s20260620_nonbonded,P3-NoPersist,m12_no_attack_dup0_s20260620,nonbonded,1441,PRIVPROBE:0,host_scan,504,False,0,host_scan
m12_no_attack_dup0_s20260620_nonbonded,P3-NoPersist,m12_no_attack_dup0_s20260620,nonbonded,1462,PRIVPROBE:0,defer,0,True,1000,defer
m12_no_attack_dup0_s20260620_nonbonded,P3-NoPersist,m12_no_attack_dup0_s20260620,nonbonded,1484,PRIVPROBE:0,defer,0,True,1000,defer
m12_no_attack_dup0_s20260620_nonbonded,P3-NoPersist,m12_no_attack_dup0_s20260620,nonbonded,1506,PRIVPROBE:0,host_scan,504,False,0,host_scan
m12_no_attack_dup0_s20260620_nonbonded,P3-NoPersist,m12_no_attack_dup0_s20260620,nonbonded,1528,PRIVPROBE:0,host_scan,504,False,0,host_scan
m12_no_attack_dup0_s20260620_nonbonded,P3-NoPersist,m12_no_attack_dup0_s20260620,nonbonded,1546,PRIVPROBE:0,host_scan,504,False,0,host_scan
m12_no_attack_dup0_s20260620_nonbonded,P3-NoPersist,m12_no_attack_dup0_s20260620,nonbonded,1564,PRIVPROBE:0,host_scan,504,False,0,host_scan
m12_no_attack_dup0_s20260620_nonbonded,P3-NoPersist,m12_no_attack_dup0_s20260620,nonbonded,1583,PRIVPROBE:0,host_scan,504,False,0,host_scan
m12_no_attack_dup0_s20260620_nonbonded,P3-NoPersist,m12_no_attack_dup0_s20260620,nonbonded,1605,PRIVPROBE:0,host_scan,504,False,0,host_scan
m12_no_attack_dup0_s20260620_nonbonded,P3-NoPersist,m12_no_attack_dup0_s20260620,nonbonded,1617,PRIVPROBE:0,host_scan,504,False,0,host_scan
m12_no_attack_dup0_s20260620_nonbonded,P3-NoPersist,m12_no_attack_dup0_s20260620,nonbonded,1643,PRIVPROBE:0,host_scan,504,False,0,host_scan
m12_no_attack_dup0_s20260620_nonbonded,P3-NoPersist,m12_no_attack_dup0_s20260620,nonbonded,1670,PRIVPROBE:0,host_scan,504,False,0,host_scan
m12_no_attack_dup0_s20260620_nonbonded,P3-NoPersist,m12_no_attack_dup0_s20260620,nonbonded,1679,PRIVPROBE:0,host_scan,504,False,0,host_scan
m12_no_attack_dup0_s20260620_nonbonded,P3-NoPersist,m12_no_attack_dup0_s20260620,nonbonded,1695,PRIVPROBE:0,host_scan,504,False,0,host_scan
m12_no_attack_dup0_s20260620_nonbonded,P3-NoPersist,m12_no_attack_dup0_s20260620,nonbonded,1714,PRIVPROBE:0,defer,0,True,1000,defer
m12_no_attack_dup0_s20260620_nonbonded,P3-NoPersist,m12_no_attack_dup0_s20260620,nonbonded,1731,PRIVPROBE:0,host_scan,504,False,0,host_scan
m12_no_attack_dup0_s20260620_nonbonded,P3-NoPersist,m12_no_attack_dup0_s20260620,nonbonded,1745,PRIVPROBE:0,host_scan,504,False,0,host_scan
m12_no_attack_dup0_s20260620_nonbonded,P3-NoPersist,m12_no_attack_dup0_s20260620,nonbonded,1766,PRIVPROBE:0,host_scan,504,False,0,host_scan
m12_no_attack_dup0_s20260620_nonbonded,P3-NoPersist,m12_no_attack_dup0_s20260620,nonbonded,1786,PRIVPROBE:0,host_scan,504,False,0,host_scan
m12_no_attack_dup0_s20260620_nonbonded,P3-NoPersist,m12_no_attack_dup0_s20260620,nonbonded,1814,PRIVPROBE:0,host_scan,504,False,0,host_scan
m12_no_attack_dup0_s20260620_nonbonded,P3-NoPersist,m12_no_attack_dup0_s20260620,nonbonded,1836,PRIVPROBE:0,host_scan,504,False,0,host_scan
m12_no_attack_dup0_s20260620_nonbonded,P3-NoPersist,m12_no_attack_dup0_s20260620,nonbonded,1857,PRIVPROBE:0,host_scan,504,False,0,host_scan
m12_no_attack_dup0_s20260620_nonbonded,P3-NoPersist,m12_no_attack_dup0_s20260620,nonbonded,1878,PRIVPROBE:0,host_scan,504,False,0,host_scan
m12_no_attack_dup0_s20260620_nonbonded,P3-NoPersist,m12_no_attack_dup0_s20260620,nonbonded,1902,PRIVPROBE:0,host_scan,504,False,0,host_scan
m12_no_attack_dup0_s20260620_nonbonded,P3-NoPersist,m12_no_attack_dup0_s20260620,nonbonded,1931,PRIVPROBE:0,host_scan,504,False,0,host_scan
m12_no_attack_dup0_s20260620_nonbonded,P3-NoPersist,m12_no_attack_dup0_s20260620,nonbonded,1947,PRIVPROBE:0,defer,0,True,1000,defer
m12_no_attack_dup0_s20260620_nonbonded,P3-NoPersist,m12_no_attack_dup0_s20260620,nonbonded,1959,PRIVPROBE:0,defer,0,True,1000,defer
m12_no_attack_dup0_s20260620_nonbonded,P3-NoPersist,m12_no_attack_dup0_s20260620,nonbonded,1978,PRIVPROBE:0,host_scan,504,False,0,host_scan
m12_no_attack_dup0_s20260620_nonbonded,P3-NoPersist,m12_no_attack_dup0_s20260620,nonbonded,1997,PRIVPROBE:0,host_scan,504,False,0,host_scan
m12_no_attack_dup0_s20260620_nonbonded,P3-NoPersist,m12_no_attack_dup0_s20260620,nonbonded,2014,PRIVPROBE:0,host_scan,504,False,0,host_scan
m12_no_attack_dup0_s20260620_nonbonded,P3-NoPersist,m12_no_attack_dup0_s20260620,nonbonded,2031,PRIVPROBE:0,host_scan,504,False,0,host_scan
m12_no_attack_dup0_s20260620_nonbonded,P3-NoPersist,m12_no_attack_dup0_s20260620,nonbonded,2052,PRIVPROBE:0,host_scan,504,False,0,host_scan
m12_no_attack_dup0_s20260620_nonbonded,P3-NoPersist,m12_no_attack_dup0_s20260620,nonbonded,2082,PRIVPROBE:0,host_scan,504,False,0,host_scan
m12_no_attack_dup0_s20260620_nonbonded,P3-NoPersist,m12_no_attack_dup0_s20260620,nonbonded,2100,PRIVPROBE:0,host_scan,504,False,0,host_scan
m12_no_attack_dup0_s20260620_nonbonded,P3-NoPersist,m12_no_attack_dup0_s20260620,nonbonded,2125,PRIVPROBE:0,host_scan,504,False,0,host_scan
m12_no_attack_dup0_s20260620_nonbonded,P3-NoPersist,m12_no_attack_dup0_s20260620,nonbonded,2149,PRIVPROBE:0,defer,0,True,1000,defer
m12_no_attack_dup0_s20260620_nonbonded,P3-NoPersist,m12_no_attack_dup0_s20260620,nonbonded,2165,PRIVPROBE:0,defer,0,True,1000,defer
m12_no_attack_dup0_s20260620_nonbonded,P3-NoPersist,m12_no_attack_dup0_s20260620,nonbonded,2185,PRIVPROBE:0,defer,0,True,1000,defer
m12_no_attack_dup0_s20260620_nonbonded,P3-NoPersist,m12_no_attack_dup0_s20260620,nonbonded,2198,PRIVPROBE:0,defer,0,True,1000,defer
m12_no_attack_dup0_s20260620_nonbonded,P3-NoPersist,m12_no_attack_dup0_s20260620,nonbonded,2219,PRIVPROBE:0,host_scan,504,False,0,host_scan
m12_no_attack_dup0_s20260620_nonbonded,P3-NoPersist,m12_no_attack_dup0_s20260620,nonbonded,2236,PRIVPROBE:0,host_scan,504,False,0,host_scan
m12_no_attack_dup0_s20260620_nonbonded,P3-NoPersist,m12_no_attack_dup0_s20260620,nonbonded,2258,PRIVPROBE:0,host_scan,504,False,0,host_scan
m12_no_attack_dup0_s20260620_nonbonded,P3-NoPersist,m12_no_attack_dup0_s20260620,nonbonded,2288,PRIVPROBE:0,host_scan,504,False,0,host_scan
m12_no_attack_dup0_s20260620_nonbonded,P3-NoPersist,m12_no_attack_dup0_s20260620,nonbonded,2303,PRIVPROBE:0,host_scan,504,False,0,host_scan
m12_no_attack_dup0_s20260620_nonbonded,P3-NoPersist,m12_no_attack_dup0_s20260620,nonbonded,2318,PRIVPROBE:0,host_scan,504,False,0,host_scan
m12_no_attack_dup0_s20260620_nonbonded,P3-NoPersist,m12_no_attack_dup0_s20260620,nonbonded,2344,PRIVPROBE:0,host_scan,504,False,0,host_scan
m12_no_attack_dup0_s20260620_nonbonded,P3-NoPersist,m12_no_attack_dup0_s20260620,nonbonded,2363,PRIVPROBE:0,host_scan,504,False,0,host_scan
m12_no_attack_dup0_s20260620_nonbonded,P3-NoPersist,m12_no_attack_dup0_s20260620,nonbonded,2382,PRIVPROBE:0,host_scan,504,False,0,host_scan
m12_no_attack_dup0_s20260620_nonbonded,P3-NoPersist,m12_no_attack_dup0_s20260620,nonbonded,2403,PRIVPROBE:0,host_scan,504,False,0,host_scan
m12_no_attack_dup0_s20260620_nonbonded,P3-NoPersist,m12_no_attack_dup0_s20260620,nonbonded,2422,PRIVPROBE:0,defer,0,True,1000,defer
m12_no_attack_dup0_s20260620_nonbonded,P3-NoPersist,m12_no_attack_dup0_s20260620,nonbonded,2444,PRIVPROBE:0,defer,0,True,1000,defer
m12_no_attack_dup0_s20260620_nonbonded,P3-NoPersist,m12_no_attack_dup0_s20260620,nonbonded,2465,PRIVPROBE:0,host_scan,504,False,0,host_scan
m12_no_attack_dup0_s20260620_nonbonded,P3-NoPersist,m12_no_attack_dup0_s20260620,nonbonded,2491,PRIVPROBE:0,host_scan,504,False,0,host_scan
m12_no_attack_dup0_s20260620_nonbonded,P3-NoPersist,m12_no_attack_dup0_s20260620,nonbonded,2513,PRIVPROBE:0,host_scan,504,False,0,host_scan
m12_no_attack_dup0_s20260620_nonbonded,P3-NoPersist,m12_no_attack_dup0_s20260620,nonbonded,2536,PRIVPROBE:0,host_scan,504,False,0,host_scan
m12_no_attack_dup0_s20260620_nonbonded,P3-NoPersist,m12_no_attack_dup0_s20260620,nonbonded,2549,PRIVPROBE:0,host_scan,504,False,0,host_scan
m12_no_attack_dup0_s20260620_nonbonded,P3-NoPersist,m12_no_attack_dup0_s20260620,nonbonded,2568,PRIVPROBE:0,host_scan,504,False,0,host_scan
m12_no_attack_dup0_s20260620_nonbonded,P3-NoPersist,m12_no_attack_dup0_s20260620,nonbonded,2592,PRIVPROBE:0,host_scan,504,False,0,host_scan
m12_no_attack_dup0_s20260620_nonbonded,P3-NoPersist,m12_no_attack_dup0_s20260620,nonbonded,2612,PRIVPROBE:0,host_scan,504,False,0,host_scan
m12_no_attack_dup0_s20260620_nonbonded,P3-NoPersist,m12_no_attack_dup0_s20260620,nonbonded,2641,PRIVPROBE:0,host_scan,504,False,0,host_scan
m12_no_attack_dup0_s20260620_nonbonded,P3-NoPersist,m12_no_attack_dup0_s20260620,nonbonded,2662,PRIVPROBE:0,host_scan,504,False,0,host_scan
m12_no_attack_dup0_s20260620_nonbonded,P3-NoPersist,m12_no_attack_dup0_s20260620,nonbonded,2684,PRIVPROBE:0,defer,0,True,1000,defer
m12_no_attack_dup0_s20260620_nonbonded,P3-NoPersist,m12_no_attack_dup0_s20260620,nonbonded,2698,PRIVPROBE:0,defer,0,True,1000,defer
m12_no_attack_dup0_s20260620_nonbonded,P3-NoPersist,m12_no_attack_dup0_s20260620,nonbonded,2726,PRIVPROBE:0,host_scan,504,False,0,host_scan
m12_no_attack_dup0_s20260620_nonbonded,P3-NoPersist,m12_no_attack_dup0_s20260620,nonbonded,2746,PRIVPROBE:0,host_scan,504,False,0,host_scan
m12_no_attack_dup0_s20260620_nonbonded,P3-NoPersist,m12_no_attack_dup0_s20260620,nonbonded,2770,PRIVPROBE:0,host_scan,504,False,0,host_scan
m12_no_attack_dup0_s20260620_nonbonded,P3-NoPersist,m12_no_attack_dup0_s20260620,nonbonded,2792,PRIVPROBE:0,host_scan,504,False,0,host_scan
m12_no_attack_dup0_s20260620_nonbonded,P3-NoPersist,m12_no_attack_dup0_s20260620,nonbonded,2814,PRIVPROBE:0,host_scan,504,False,0,host_scan
m12_no_attack_dup0_s20260620_nonbonded,P3-NoPersist,m12_no_attack_dup0_s20260620,nonbonded,2833,PRIVPROBE:0,host_scan,504,False,0,host_scan
m12_no_attack_dup0_s20260620_nonbonded,P3-NoPersist,m12_no_attack_dup0_s20260620,nonbonded,2856,PRIVPROBE:0,host_scan,504,False,0,host_scan
m12_no_attack_dup0_s20260620_nonbonded,P3-NoPersist,m12_no_attack_dup0_s20260620,nonbonded,2874,PRIVPROBE:0,host_scan,504,False,0,host_scan
m12_no_attack_dup0_s20260620_nonbonded,P3-NoPersist,m12_no_attack_dup0_s20260620,nonbonded,2897,PRIVPROBE:0,host_scan,504,False,0,host_scan
m12_no_attack_dup0_s20260620_nonbonded,P3-NoPersist,m12_no_attack_dup0_s20260620,nonbonded,2919,PRIVPROBE:0,host_scan,504,False,0,host_scan
m12_no_attack_dup0_s20260620_nonbonded,P3-NoPersist,m12_no_attack_dup0_s20260620,nonbonded,2942,PRIVPROBE:0,defer,0,True,1000,defer
m12_no_attack_dup0_s20260620_nonbonded,P3-NoPersist,m12_no_attack_dup0_s20260620,nonbonded,2952,PRIVPROBE:0,defer,0,True,1000,defer
m12_no_attack_dup0_s20260620_nonbonded,P3-NoPersist,m12_no_attack_dup0_s20260620,nonbonded,2971,PRIVPROBE:0,host_scan,504,False,0,host_scan
m12_no_attack_dup0_s20260620_nonbonded,P3-NoPersist,m12_no_attack_dup0_s20260620,nonbonded,2990,PRIVPROBE:0,host_scan,504,False,0,host_scan
m12_no_attack_dup0_s20260620_nonbonded,P3-NoPersist,m12_no_attack_dup0_s20260620,nonbonded,3009,PRIVPROBE:0,host_scan,504,False,0,host_scan
m12_no_attack_dup0_s20260620_nonbonded,P3-NoPersist,m12_no_attack_dup0_s20260620,nonbonded,3022,PRIVPROBE:0,host_scan,504,False,0,host_scan
m12_no_attack_dup0_s20260620_nonbonded,P3-NoPersist,m12_no_attack_dup0_s20260620,nonbonded,3042,PRIVPROBE:0,host_scan,504,False,0,host_scan
m12_no_attack_dup0_s20260620_nonbonded,P3-NoPersist,m12_no_attack_dup0_s20260620,nonbonded,3068,PRIVPROBE:0,host_scan,504,False,0,host_scan
m12_no_attack_dup0_s20260620_nonbonded,P3-NoPersist,m12_no_attack_dup0_s20260620,nonbonded,3089,PRIVPROBE:0,host_scan,504,False,0,host_scan
m12_no_attack_dup0_s20260620_nonbonded,P3-NoPersist,m12_no_attack_dup0_s20260620,nonbonded,3113,PRIVPROBE:0,host_scan,504,False,0,host_scan
m12_no_attack_dup0_s20260620_nonbonded,P3-NoPersist,m12_no_attack_dup0_s20260620,nonbonded,3134,PRIVPROBE:0,host_scan,504,False,0,host_scan
m12_no_attack_dup0_s20260620_nonbonded,P3-NoPersist,m12_no_attack_dup0_s20260620,nonbonded,3152,PRIVPROBE:0,host_scan,504,False,0,host_scan
m12_no_attack_dup0_s20260620_nonbonded,P3-NoPersist,m12_no_attack_dup0_s20260620,nonbonded,3173,PRIVPROBE:0,host_scan,504,False,0,host_scan
m12_no_attack_dup0_s20260620_nonbonded,P3-NoPersist,m12_no_attack_dup0_s20260620,nonbonded,3192,PRIVPROBE:0,defer,0,True,1000,defer
m12_no_attack_dup0_s20260620_nonbonded,P3-NoPersist,m12_no_attack_dup0_s20260620,nonbonded,3214,PRIVPROBE:0,host_scan,504,False,0,host_scan
m12_no_attack_dup0_s20260620_nonbonded,P3-NoPersist,m12_no_attack_dup0_s20260620,nonbonded,3236,PRIVPROBE:0,host_scan,504,False,0,host_scan
m12_no_attack_dup0_s20260620_nonbonded,P3-NoPersist,m12_no_attack_dup0_s20260620,nonbonded,3256,PRIVPROBE:0,host_scan,504,False,0,host_scan
m12_no_attack_dup0_s20260620_nonbonded,P3-NoPersist,m12_no_attack_dup0_s20260620,nonbonded,3270,PRIVPROBE:0,host_scan,504,False,0,host_scan
m12_no_attack_dup0_s20260620_nonbonded,P3-NoPersist,m12_no_attack_dup0_s20260620,nonbonded,3288,PRIVPROBE:0,host_scan,504,False,0,host_scan
m12_no_attack_dup0_s20260620_nonbonded,P3-NoPersist,m12_no_attack_dup0_s20260620,nonbonded,3308,PRIVPROBE:0,host_scan,504,False,0,host_scan
m12_no_attack_dup0_s20260620_nonbonded,P3-NoPersist,m12_no_attack_dup0_s20260620,nonbonded,3323,PRIVPROBE:0,host_scan,504,False,0,host_scan
m12_no_attack_dup0_s20260620_nonbonded,P3-NoPersist,m12_no_attack_dup0_s20260620,nonbonded,3340,PRIVPROBE:0,host_scan,504,False,0,host_scan
m12_no_attack_dup0_s20260620_nonbonded,P3-NoPersist,m12_no_attack_dup0_s20260620,nonbonded,3367,PRIVPROBE:0,host_scan,504,False,0,host_scan
m12_no_attack_dup0_s20260620_nonbonded,P3-NoPersist,m12_no_attack_dup0_s20260620,nonbonded,3383,PRIVPROBE:0,host_scan,504,False,0,host_scan
m12_no_attack_dup0_s20260620_nonbonded,P3-NoPersist,m12_no_attack_dup0_s20260620,nonbonded,3409,PRIVPROBE:0,host_scan,504,False,0,host_scan
m12_no_attack_dup0_s20260620_nonbonded,P3-NoPersist,m12_no_attack_dup0_s20260620,nonbonded,3432,PRIVPROBE:0,defer,0,True,1000,defer
m12_no_attack_dup0_s20260620_nonbonded,P3-NoPersist,m12_no_attack_dup0_s20260620,nonbonded,3446,PRIVPROBE:0,host_scan,504,False,0,host_scan
m12_no_attack_dup0_s20260620_nonbonded,P3-NoPersist,m12_no_attack_dup0_s20260620,nonbonded,3468,PRIVPROBE:0,host_scan,504,False,0,host_scan
m12_no_attack_dup0_s20260620_nonbonded,P3-NoPersist,m12_no_attack_dup0_s20260620,nonbonded,3492,PRIVPROBE:0,host_scan,504,False,0,host_scan
m12_no_attack_dup0_s20260620_nonbonded,P3-NoPersist,m12_no_attack_dup0_s20260620,nonbonded,3518,PRIVPROBE:0,host_scan,504,False,0,host_scan
m12_no_attack_dup0_s20260620_nonbonded,P3-NoPersist,m12_no_attack_dup0_s20260620,nonbonded,3537,PRIVPROBE:0,host_scan,504,False,0,host_scan
m12_no_attack_dup0_s20260620_nonbonded,P3-NoPersist,m12_no_attack_dup0_s20260620,nonbonded,3566,PRIVPROBE:0,host_scan,504,False,0,host_scan
m12_no_attack_dup0_s20260620_nonbonded,P3-NoPersist,m12_no_attack_dup0_s20260620,nonbonded,3585,PRIVPROBE:0,host_scan,504,False,0,host_scan
m12_no_attack_dup0_s20260620_nonbonded,P3-NoPersist,m12_no_attack_dup0_s20260620,nonbonded,3605,PRIVPROBE:0,host_scan,504,False,0,host_scan
m12_no_attack_dup0_s20260620_nonbonded,P3-NoPersist,m12_no_attack_dup0_s20260620,nonbonded,3621,PRIVPROBE:0,host_scan,504,False,0,host_scan
m12_no_attack_dup0_s20260620_nonbonded,P3-NoPersist,m12_no_attack_dup0_s20260620,nonbonded,3651,PRIVPROBE:0,defer,0,True,1000,defer
m12_no_attack_dup0_s20260620_nonbonded,P3-NoPersist,m12_no_attack_dup0_s20260620,nonbonded,3680,PRIVPROBE:0,defer,0,True,1000,defer
m12_no_attack_dup0_s20260620_nonbonded,P3-NoPersist,m12_no_attack_dup0_s20260620,nonbonded,3696,PRIVPROBE:0,defer,0,True,1000,defer
m12_no_attack_dup0_s20260620_nonbonded,P3-NoPersist,m12_no_attack_dup0_s20260620,nonbonded,3731,PRIVPROBE:1,host_scan,504,False,0,host_scan
m12_no_attack_dup0_s20260620_nonbonded,P3-NoPersist,m12_no_attack_dup0_s20260620,nonbonded,3759,PRIVPROBE:1,host_scan,504,False,0,host_scan
m12_no_attack_dup0_s20260620_nonbonded,P3-NoPersist,m12_no_attack_dup0_s20260620,nonbonded,3783,PRIVPROBE:1,host_scan,504,False,0,host_scan
m12_no_attack_dup0_s20260620_nonbonded,P3-NoPersist,m12_no_attack_dup0_s20260620,nonbonded,3797,PRIVPROBE:1,host_scan,504,False,0,host_scan
m12_no_attack_dup0_s20260620_nonbonded,P3-NoPersist,m12_no_attack_dup0_s20260620,nonbonded,3816,PRIVPROBE:1,host_scan,504,False,0,host_scan
m12_no_attack_dup0_s20260620_nonbonded,P3-NoPersist,m12_no_attack_dup0_s20260620,nonbonded,3841,PRIVPROBE:1,host_scan,504,False,0,host_scan
m12_no_attack_dup0_s20260620_nonbonded,P3-NoPersist,m12_no_attack_dup0_s20260620,nonbonded,3867,PRIVPROBE:1,host_scan,504,False,0,host_scan
m12_no_attack_dup0_s20260620_nonbonded,P3-NoPersist,m12_no_attack_dup0_s20260620,nonbonded,3891,PRIVPROBE:1,defer,0,True,1000,defer
m12_no_attack_dup0_s20260620_nonbonded,P3-NoPersist,m12_no_attack_dup0_s20260620,nonbonded,3910,PRIVPROBE:1,defer,0,True,1000,defer
m12_no_attack_dup0_s20260620_nonbonded,P3-NoPersist,m12_no_attack_dup0_s20260620,nonbonded,3928,PRIVPROBE:1,defer,0,True,1000,defer
m12_no_attack_dup0_s20260620_nonbonded,P3-NoPersist,m12_no_attack_dup0_s20260620,nonbonded,3959,PRIVPROBE:1,defer,0,True,1000,defer
m12_no_attack_dup0_s20260620_nonbonded,P3-NoPersist,m12_no_attack_dup0_s20260620,nonbonded,3974,PRIVPROBE:1,defer,0,True,1000,defer
m12_no_attack_dup0_s20260620_nonbonded,P3-NoPersist,m12_no_attack_dup0_s20260620,nonbonded,4000,PRIVPROBE:1,host_scan,504,False,0,host_scan
m12_no_attack_dup0_s20260620_nonbonded,P3-NoPersist,m12_no_attack_dup0_s20260620,nonbonded,4019,PRIVPROBE:1,host_scan,504,False,0,host_scan
m12_no_attack_dup0_s20260620_nonbonded,P3-NoPersist,m12_no_attack_dup0_s20260620,nonbonded,4034,PRIVPROBE:1,host_scan,504,False,0,host_scan
m12_no_attack_dup0_s20260620_nonbonded,P3-NoPersist,m12_no_attack_dup0_s20260620,nonbonded,4057,PRIVPROBE:1,host_scan,504,False,0,host_scan
m12_no_attack_dup0_s20260620_nonbonded,P3-NoPersist,m12_no_attack_dup0_s20260620,nonbonded,4076,PRIVPROBE:1,host_scan,504,False,0,host_scan
m12_no_attack_dup0_s20260620_nonbonded,P3-NoPersist,m12_no_attack_dup0_s20260620,nonbonded,4095,PRIVPROBE:1,host_scan,504,False,0,host_scan
m12_no_attack_dup0_s20260620_nonbonded,P3-NoPersist,m12_no_attack_dup0_s20260620,nonbonded,4119,PRIVPROBE:1,host_scan,504,False,0,host_scan
m12_no_attack_dup0_s20260620_nonbonded,P3-NoPersist,m12_no_attack_dup0_s20260620,nonbonded,4128,PRIVPROBE:1,host_scan,504,False,0,host_scan
m12_no_attack_dup0_s20260620_nonbonded,P3-NoPersist,m12_no_attack_dup0_s20260620,nonbonded,4142,PRIVPROBE:1,host_scan,504,False,0,host_scan
m12_no_attack_dup0_s20260620_nonbonded,P3-NoPersist,m12_no_attack_dup0_s20260620,nonbonded,4161,PRIVPROBE:1,host_scan,504,False,0,host_scan
m12_no_attack_dup0_s20260620_nonbonded,P3-NoPersist,m12_no_attack_dup0_s20260620,nonbonded,4188,PRIVPROBE:1,defer,0,True,1000,defer
m12_no_attack_dup0_s20260620_nonbonded,P3-NoPersist,m12_no_attack_dup0_s20260620,nonbonded,4211,PRIVPROBE:1,defer,0,True,1000,defer
m12_no_attack_dup0_s20260620_nonbonded,P3-NoPersist,m12_no_attack_dup0_s20260620,nonbonded,4231,PRIVPROBE:1,host_scan,504,False,0,host_scan
m12_no_attack_dup0_s20260620_nonbonded,P3-NoPersist,m12_no_attack_dup0_s20260620,nonbonded,4250,PRIVPROBE:1,host_scan,504,False,0,host_scan
m12_no_attack_dup0_s20260620_nonbonded,P3-NoPersist,m12_no_attack_dup0_s20260620,nonbonded,4271,PRIVPROBE:1,host_scan,504,False,0,host_scan
m12_no_attack_dup0_s20260620_nonbonded,P3-NoPersist,m12_no_attack_dup0_s20260620,nonbonded,4298,PRIVPROBE:1,host_scan,504,False,0,host_scan
m12_no_attack_dup0_s20260620_nonbonded,P3-NoPersist,m12_no_attack_dup0_s20260620,nonbonded,4317,PRIVPROBE:1,host_scan,504,False,0,host_scan
m12_no_attack_dup0_s20260620_nonbonded,P3-NoPersist,m12_no_attack_dup0_s20260620,nonbonded,4338,PRIVPROBE:1,host_scan,504,False,0,host_scan
m12_no_attack_dup0_s20260620_nonbonded,P3-NoPersist,m12_no_attack_dup0_s20260620,nonbonded,4354,PRIVPROBE:1,host_scan,504,False,0,host_scan
m12_no_attack_dup0_s20260620_nonbonded,P3-NoPersist,m12_no_attack_dup0_s20260620,nonbonded,4385,PRIVPROBE:1,host_scan,504,False,0,host_scan
m12_no_attack_dup0_s20260620_nonbonded,P3-NoPersist,m12_no_attack_dup0_s20260620,nonbonded,4407,PRIVPROBE:1,defer,0,True,1000,defer
m12_no_attack_dup0_s20260620_nonbonded,P3-NoPersist,m12_no_attack_dup0_s20260620,nonbonded,4423,PRIVPROBE:1,defer,0,True,1000,defer
m12_no_attack_dup0_s20260620_nonbonded,P3-NoPersist,m12_no_attack_dup0_s20260620,nonbonded,4449,PRIVPROBE:1,defer,0,True,1000,defer
m12_no_attack_dup0_s20260620_nonbonded,P3-NoPersist,m12_no_attack_dup0_s20260620,nonbonded,4465,PRIVPROBE:1,defer,0,True,1000,defer
m12_no_attack_dup0_s20260620_nonbonded,P3-NoPersist,m12_no_attack_dup0_s20260620,nonbonded,4485,PRIVPROBE:1,host_scan,504,False,0,host_scan
m12_no_attack_dup0_s20260620_nonbonded,P3-NoPersist,m12_no_attack_dup0_s20260620,nonbonded,4512,PRIVPROBE:1,host_scan,504,False,0,host_scan
m12_no_attack_dup0_s20260620_nonbonded,P3-NoPersist,m12_no_attack_dup0_s20260620,nonbonded,4531,PRIVPROBE:1,host_scan,504,False,0,host_scan
m12_no_attack_dup0_s20260620_nonbonded,P3-NoPersist,m12_no_attack_dup0_s20260620,nonbonded,4552,PRIVPROBE:1,host_scan,504,False,0,host_scan
m12_no_attack_dup0_s20260620_nonbonded,P3-NoPersist,m12_no_attack_dup0_s20260620,nonbonded,4576,PRIVPROBE:1,host_scan,504,False,0,host_scan
m12_no_attack_dup0_s20260620_nonbonded,P3-NoPersist,m12_no_attack_dup0_s20260620,nonbonded,4599,PRIVPROBE:1,host_scan,504,False,0,host_scan
m12_no_attack_dup0_s20260620_nonbonded,P3-NoPersist,m12_no_attack_dup0_s20260620,nonbonded,4618,PRIVPROBE:1,host_scan,504,False,0,host_scan
m12_no_attack_dup0_s20260620_nonbonded,P3-NoPersist,m12_no_attack_dup0_s20260620,nonbonded,4648,PRIVPROBE:1,host_scan,504,False,0,host_scan
m12_no_attack_dup0_s20260620_nonbonded,P3-NoPersist,m12_no_attack_dup0_s20260620,nonbonded,4671,PRIVPROBE:1,host_scan,504,False,0,host_scan
m12_no_attack_dup0_s20260620_nonbonded,P3-NoPersist,m12_no_attack_dup0_s20260620,nonbonded,4687,PRIVPROBE:1,host_scan,504,False,0,host_scan
m12_no_attack_dup0_s20260620_nonbonded,P3-NoPersist,m12_no_attack_dup0_s20260620,nonbonded,4712,PRIVPROBE:1,defer,0,True,1000,defer
m12_no_attack_dup0_s20260620_nonbonded,P3-NoPersist,m12_no_attack_dup0_s20260620,nonbonded,4725,PRIVPROBE:1,defer,0,True,1000,defer
m12_no_attack_dup0_s20260620_nonbonded,P3-NoPersist,m12_no_attack_dup0_s20260620,nonbonded,4738,PRIVPROBE:1,host_scan,504,False,0,host_scan
m12_no_attack_dup0_s20260620_nonbonded,P3-NoPersist,m12_no_attack_dup0_s20260620,nonbonded,4756,PRIVPROBE:1,host_scan,504,False,0,host_scan
m12_no_attack_dup0_s20260620_nonbonded,P3-NoPersist,m12_no_attack_dup0_s20260620,nonbonded,4785,PRIVPROBE:1,host_scan,504,False,0,host_scan
m12_no_attack_dup0_s20260620_nonbonded,P3-NoPersist,m12_no_attack_dup0_s20260620,nonbonded,4814,PRIVPROBE:1,host_scan,504,False,0,host_scan
m12_no_attack_dup0_s20260620_nonbonded,P3-NoPersist,m12_no_attack_dup0_s20260620,nonbonded,4839,PRIVPROBE:1,host_scan,504,False,0,host_scan
m12_no_attack_dup0_s20260620_nonbonded,P3-NoPersist,m12_no_attack_dup0_s20260620,nonbonded,4860,PRIVPROBE:1,host_scan,504,False,0,host_scan
m12_no_attack_dup0_s20260620_nonbonded,P3-NoPersist,m12_no_attack_dup0_s20260620,nonbonded,4875,PRIVPROBE:1,host_scan,504,False,0,host_scan
m12_no_attack_dup0_s20260620_nonbonded,P3-NoPersist,m12_no_attack_dup0_s20260620,nonbonded,4898,PRIVPROBE:1,host_scan,504,False,0,host_scan
m12_no_attack_dup0_s20260620_nonbonded,P3-NoPersist,m12_no_attack_dup0_s20260620,nonbonded,4916,PRIVPROBE:1,host_scan,504,False,0,host_scan
m12_no_attack_dup0_s20260620_nonbonded,P3-NoPersist,m12_no_attack_dup0_s20260620,nonbonded,4946,PRIVPROBE:1,host_scan,504,False,0,host_scan
m12_no_attack_dup0_s20260620_nonbonded,P3-NoPersist,m12_no_attack_dup0_s20260620,nonbonded,4961,PRIVPROBE:1,defer,0,True,1000,defer
m12_no_attack_dup0_s20260620_nonbonded,P3-NoPersist,m12_no_attack_dup0_s20260620,nonbonded,4984,PRIVPROBE:1,defer,0,True,1000,defer
m12_no_attack_dup0_s20260620_nonbonded,P3-NoPersist,m12_no_attack_dup0_s20260620,nonbonded,4999,PRIVPROBE:1,host_scan,504,False,0,host_scan
m12_no_attack_dup0_s20260620_nonbonded,P3-NoPersist,m12_no_attack_dup0_s20260620,nonbonded,5015,PRIVPROBE:1,host_scan,504,False,0,host_scan
m12_no_attack_dup0_s20260620_nonbonded,P3-NoPersist,m12_no_attack_dup0_s20260620,nonbonded,5032,PRIVPROBE:1,host_scan,504,False,0,host_scan
m12_no_attack_dup0_s20260620_nonbonded,P3-NoPersist,m12_no_attack_dup0_s20260620,nonbonded,5050,PRIVPROBE:1,host_scan,504,False,0,host_scan
m12_no_attack_dup0_s20260620_nonbonded,P3-NoPersist,m12_no_attack_dup0_s20260620,nonbonded,5064,PRIVPROBE:1,host_scan,504,False,0,host_scan
m12_no_attack_dup0_s20260620_nonbonded,P3-NoPersist,m12_no_attack_dup0_s20260620,nonbonded,5085,PRIVPROBE:1,host_scan,504,False,0,host_scan
m12_no_attack_dup0_s20260620_nonbonded,P3-NoPersist,m12_no_attack_dup0_s20260620,nonbonded,5106,PRIVPROBE:1,host_scan,504,False,0,host_scan
m12_no_attack_dup0_s20260620_nonbonded,P3-NoPersist,m12_no_attack_dup0_s20260620,nonbonded,5132,PRIVPROBE:1,host_scan,504,False,0,host_scan
m12_no_attack_dup0_s20260620_nonbonded,P3-NoPersist,m12_no_attack_dup0_s20260620,nonbonded,5147,PRIVPROBE:1,host_scan,504,False,0,host_scan
m12_no_attack_dup0_s20260620_nonbonded,P3-NoPersist,m12_no_attack_dup0_s20260620,nonbonded,5168,PRIVPROBE:1,host_scan,504,False,0,host_scan
m12_no_attack_dup0_s20260620_nonbonded,P3-NoPersist,m12_no_attack_dup0_s20260620,nonbonded,5192,PRIVPROBE:1,host_scan,504,False,0,host_scan
m12_no_attack_dup0_s20260620_nonbonded,P3-NoPersist,m12_no_attack_dup0_s20260620,nonbonded,5221,PRIVPROBE:1,defer,0,True,1000,defer
m12_no_attack_dup0_s20260620_nonbonded,P3-NoPersist,m12_no_attack_dup0_s20260620,nonbonded,5240,PRIVPROBE:1,host_scan,504,False,0,host_scan
m12_no_attack_dup0_s20260620_nonbonded,P3-NoPersist,m12_no_attack_dup0_s20260620,nonbonded,5264,PRIVPROBE:1,host_scan,504,False,0,host_scan
m12_no_attack_dup0_s20260620_nonbonded,P3-NoPersist,m12_no_attack_dup0_s20260620,nonbonded,5285,PRIVPROBE:1,host_scan,504,False,0,host_scan
m12_no_attack_dup0_s20260620_nonbonded,P3-NoPersist,m12_no_attack_dup0_s20260620,nonbonded,5309,PRIVPROBE:1,host_scan,504,False,0,host_scan
m12_no_attack_dup0_s20260620_nonbonded,P3-NoPersist,m12_no_attack_dup0_s20260620,nonbonded,5325,PRIVPROBE:1,host_scan,504,False,0,host_scan
m12_no_attack_dup0_s20260620_nonbonded,P3-NoPersist,m12_no_attack_dup0_s20260620,nonbonded,5341,PRIVPROBE:1,host_scan,504,False,0,host_scan
m12_no_attack_dup0_s20260620_nonbonded,P3-NoPersist,m12_no_attack_dup0_s20260620,nonbonded,5372,PRIVPROBE:1,host_scan,504,False,0,host_scan
m12_no_attack_dup0_s20260620_nonbonded,P3-NoPersist,m12_no_attack_dup0_s20260620,nonbonded,5402,PRIVPROBE:1,host_scan,504,False,0,host_scan
m12_no_attack_dup0_s20260620_nonbonded,P3-NoPersist,m12_no_attack_dup0_s20260620,nonbonded,5421,PRIVPROBE:1,host_scan,504,False,0,host_scan
m12_no_attack_dup0_s20260620_nonbonded,P3-NoPersist,m12_no_attack_dup0_s20260620,nonbonded,5438,PRIVPROBE:1,host_scan,504,False,0,host_scan
m12_no_attack_dup0_s20260620_nonbonded,P3-NoPersist,m12_no_attack_dup0_s20260620,nonbonded,5455,PRIVPROBE:1,defer,0,True,1000,defer
m12_no_attack_dup0_s20260620_nonbonded,P3-NoPersist,m12_no_attack_dup0_s20260620,nonbonded,5472,PRIVPROBE:1,defer,0,True,1000,defer
m12_no_attack_dup0_s20260620_nonbonded,P3-NoPersist,m12_no_attack_dup0_s20260620,nonbonded,5488,PRIVPROBE:1,host_scan,504,False,0,host_scan
m12_no_attack_dup0_s20260620_nonbonded,P3-NoPersist,m12_no_attack_dup0_s20260620,nonbonded,5514,PRIVPROBE:1,host_scan,504,False,0,host_scan
m12_no_attack_dup0_s20260620_nonbonded,P3-NoPersist,m12_no_attack_dup0_s20260620,nonbonded,5531,PRIVPROBE:1,host_scan,504,False,0,host_scan
m12_no_attack_dup0_s20260620_nonbonded,P3-NoPersist,m12_no_attack_dup0_s20260620,nonbonded,5545,PRIVPROBE:1,host_scan,504,False,0,host_scan
m12_no_attack_dup0_s20260620_nonbonded,P3-NoPersist,m12_no_attack_dup0_s20260620,nonbonded,5562,PRIVPROBE:1,host_scan,504,False,0,host_scan
m12_no_attack_dup0_s20260620_nonbonded,P3-NoPersist,m12_no_attack_dup0_s20260620,nonbonded,5585,PRIVPROBE:1,host_scan,504,False,0,host_scan
m12_no_attack_dup0_s20260620_nonbonded,P3-NoPersist,m12_no_attack_dup0_s20260620,nonbonded,5599,PRIVPROBE:1,host_scan,504,False,0,host_scan
m12_no_attack_dup0_s20260620_nonbonded,P3-NoPersist,m12_no_attack_dup0_s20260620,nonbonded,5623,PRIVPROBE:1,host_scan,504,False,0,host_scan
m12_no_attack_dup0_s20260620_nonbonded,P3-NoPersist,m12_no_attack_dup0_s20260620,nonbonded,5643,PRIVPROBE:1,host_scan,504,False,0,host_scan
m12_no_attack_dup0_s20260620_nonbonded,P3-NoPersist,m12_no_attack_dup0_s20260620,nonbonded,5667,PRIVPROBE:1,host_scan,504,False,0,host_scan
m12_no_attack_dup0_s20260620_nonbonded,P3-NoPersist,m12_no_attack_dup0_s20260620,nonbonded,5691,PRIVPROBE:1,defer,0,True,1000,defer
m12_no_attack_dup0_s20260620_nonbonded,P3-NoPersist,m12_no_attack_dup0_s20260620,nonbonded,5719,PRIVPROBE:1,defer,0,True,1000,defer
m12_no_attack_dup0_s20260620_nonbonded,P3-NoPersist,m12_no_attack_dup0_s20260620,nonbonded,5743,PRIVPROBE:1,host_scan,504,False,0,host_scan
m12_no_attack_dup0_s20260620_nonbonded,P3-NoPersist,m12_no_attack_dup0_s20260620,nonbonded,5765,PRIVPROBE:1,host_scan,504,False,0,host_scan
m12_no_attack_dup0_s20260620_nonbonded,P3-NoPersist,m12_no_attack_dup0_s20260620,nonbonded,5784,PRIVPROBE:1,host_scan,504,False,0,host_scan
m12_no_attack_dup0_s20260620_nonbonded,P3-NoPersist,m12_no_attack_dup0_s20260620,nonbonded,5805,PRIVPROBE:1,host_scan,504,False,0,host_scan
m12_no_attack_dup0_s20260620_nonbonded,P3-NoPersist,m12_no_attack_dup0_s20260620,nonbonded,5824,PRIVPROBE:1,host_scan,504,False,0,host_scan
m12_no_attack_dup0_s20260620_nonbonded,P3-NoPersist,m12_no_attack_dup0_s20260620,nonbonded,5842,PRIVPROBE:1,host_scan,504,False,0,host_scan
m12_no_attack_dup0_s20260620_nonbonded,P3-NoPersist,m12_no_attack_dup0_s20260620,nonbonded,5863,PRIVPROBE:1,host_scan,504,False,0,host_scan
m12_no_attack_dup0_s20260620_nonbonded,P3-NoPersist,m12_no_attack_dup0_s20260620,nonbonded,5881,PRIVPROBE:1,host_scan,504,False,0,host_scan
m12_no_attack_dup0_s20260620_nonbonded,P3-NoPersist,m12_no_attack_dup0_s20260620,nonbonded,5899,PRIVPROBE:1,host_scan,504,False,0,host_scan
m12_no_attack_dup0_s20260620_nonbonded,P3-NoPersist,m12_no_attack_dup0_s20260620,nonbonded,5918,PRIVPROBE:1,host_scan,504,False,0,host_scan
m12_no_attack_dup0_s20260620_nonbonded,P3-NoPersist,m12_no_attack_dup0_s20260620,nonbonded,5955,PRIVPROBE:1,defer,0,True,1000,defer
m12_no_attack_dup0_s20260620_nonbonded,P3-NoPersist,m12_no_attack_dup0_s20260620,nonbonded,5983,PRIVPROBE:1,defer,0,True,1000,defer
m12_no_attack_dup0_s20260620_nonbonded,P3-NoPersist,m12_no_attack_dup0_s20260620,nonbonded,6007,PRIVPROBE:1,host_scan,504,False,0,host_scan
m12_no_attack_dup0_s20260620_nonbonded,P3-NoPersist,m12_no_attack_dup0_s20260620,nonbonded,6025,PRIVPROBE:1,host_scan,504,False,0,host_scan
m12_no_attack_dup0_s20260620_nonbonded,P3-NoPersist,m12_no_attack_dup0_s20260620,nonbonded,6056,PRIVPROBE:1,host_scan,504,False,0,host_scan
m12_no_attack_dup0_s20260620_nonbonded,P3-NoPersist,m12_no_attack_dup0_s20260620,nonbonded,6079,PRIVPROBE:1,host_scan,504,False,0,host_scan
m12_no_attack_dup0_s20260620_nonbonded,P3-NoPersist,m12_no_attack_dup0_s20260620,nonbonded,6091,PRIVPROBE:1,host_scan,504,False,0,host_scan
m12_no_attack_dup0_s20260620_nonbonded,P3-NoPersist,m12_no_attack_dup0_s20260620,nonbonded,6107,PRIVPROBE:1,host_scan,504,False,0,host_scan
m12_no_attack_dup0_s20260620_nonbonded,P3-NoPersist,m12_no_attack_dup0_s20260620,nonbonded,6129,PRIVPROBE:1,host_scan,504,False,0,host_scan
m12_no_attack_dup0_s20260620_nonbonded,P3-NoPersist,m12_no_attack_dup0_s20260620,nonbonded,6162,PRIVPROBE:1,host_scan,504,False,0,host_scan
m12_no_attack_dup0_s20260620_nonbonded,P3-NoPersist,m12_no_attack_dup0_s20260620,nonbonded,6181,PRIVPROBE:1,host_scan,504,False,0,host_scan
m12_no_attack_dup0_s20260620_nonbonded,P3-NoPersist,m12_no_attack_dup0_s20260620,nonbonded,6208,PRIVPROBE:1,host_scan,504,False,0,host_scan
m12_no_attack_dup0_s20260620_nonbonded,P3-NoPersist,m12_no_attack_dup0_s20260620,nonbonded,6231,PRIVPROBE:1,defer,0,True,1000,defer
m12_no_attack_dup0_s20260620_nonbonded,P3-NoPersist,m12_no_attack_dup0_s20260620,nonbonded,6253,PRIVPROBE:1,defer,0,True,1000,defer
m12_no_attack_dup0_s20260620_nonbonded,P3-NoPersist,m12_no_attack_dup0_s20260620,nonbonded,6277,PRIVPROBE:1,host_scan,504,False,0,host_scan
m12_no_attack_dup0_s20260620_nonbonded,P3-NoPersist,m12_no_attack_dup0_s20260620,nonbonded,6300,PRIVPROBE:1,host_scan,504,False,0,host_scan
m12_no_attack_dup0_s20260620_nonbonded,P3-NoPersist,m12_no_attack_dup0_s20260620,nonbonded,6319,PRIVPROBE:1,host_scan,504,False,0,host_scan
m12_no_attack_dup0_s20260620_nonbonded,P3-NoPersist,m12_no_attack_dup0_s20260620,nonbonded,6346,PRIVPROBE:1,host_scan,504,False,0,host_scan
m12_no_attack_dup0_s20260620_nonbonded,P3-NoPersist,m12_no_attack_dup0_s20260620,nonbonded,6364,PRIVPROBE:1,host_scan,504,False,0,host_scan
m12_no_attack_dup0_s20260620_nonbonded,P3-NoPersist,m12_no_attack_dup0_s20260620,nonbonded,6387,PRIVPROBE:1,host_scan,504,False,0,host_scan
m12_no_attack_dup0_s20260620_nonbonded,P3-NoPersist,m12_no_attack_dup0_s20260620,nonbonded,6406,PRIVPROBE:1,host_scan,504,False,0,host_scan
m12_no_attack_dup0_s20260620_nonbonded,P3-NoPersist,m12_no_attack_dup0_s20260620,nonbonded,6434,PRIVPROBE:1,host_scan,504,False,0,host_scan
m12_no_attack_dup0_s20260620_nonbonded,P3-NoPersist,m12_no_attack_dup0_s20260620,nonbonded,6452,PRIVPROBE:1,host_scan,504,False,0,host_scan
m12_no_attack_dup0_s20260620_nonbonded,P3-NoPersist,m12_no_attack_dup0_s20260620,nonbonded,6470,PRIVPROBE:1,host_scan,504,False,0,host_scan
m12_no_attack_dup0_s20260620_nonbonded,P3-NoPersist,m12_no_attack_dup0_s20260620,nonbonded,6491,PRIVPROBE:1,host_scan,504,False,0,host_scan
m12_no_attack_dup0_s20260620_nonbonded,P3-NoPersist,m12_no_attack_dup0_s20260620,nonbonded,6508,PRIVPROBE:1,defer,0,True,1000,defer
m12_no_attack_dup0_s20260620_nonbonded,P3-NoPersist,m12_no_attack_dup0_s20260620,nonbonded,6523,PRIVPROBE:1,host_scan,504,False,0,host_scan
m12_no_attack_dup0_s20260620_nonbonded,P3-NoPersist,m12_no_attack_dup0_s20260620,nonbonded,6549,PRIVPROBE:1,host_scan,504,False,0,host_scan
m12_no_attack_dup0_s20260620_nonbonded,P3-NoPersist,m12_no_attack_dup0_s20260620,nonbonded,6566,PRIVPROBE:1,host_scan,504,False,0,host_scan
m12_no_attack_dup0_s20260620_nonbonded,P3-NoPersist,m12_no_attack_dup0_s20260620,nonbonded,6589,PRIVPROBE:1,host_scan,504,False,0,host_scan
m12_no_attack_dup0_s20260620_nonbonded,P3-NoPersist,m12_no_attack_dup0_s20260620,nonbonded,6606,PRIVPROBE:1,host_scan,504,False,0,host_scan
m12_no_attack_dup0_s20260620_nonbonded,P3-NoPersist,m12_no_attack_dup0_s20260620,nonbonded,6623,PRIVPROBE:1,host_scan,504,False,0,host_scan
m12_no_attack_dup0_s20260620_nonbonded,P3-NoPersist,m12_no_attack_dup0_s20260620,nonbonded,6646,PRIVPROBE:1,host_scan,504,False,0,host_scan
m12_no_attack_dup0_s20260620_nonbonded,P3-NoPersist,m12_no_attack_dup0_s20260620,nonbonded,6668,PRIVPROBE:1,host_scan,504,False,0,host_scan
m12_no_attack_dup0_s20260620_nonbonded,P3-NoPersist,m12_no_attack_dup0_s20260620,nonbonded,6701,PRIVPROBE:1,host_scan,504,False,0,host_scan
m12_no_attack_dup0_s20260620_nonbonded,P3-NoPersist,m12_no_attack_dup0_s20260620,nonbonded,6727,PRIVPROBE:1,host_scan,504,False,0,host_scan
m12_no_attack_dup0_s20260620_nonbonded,P3-NoPersist,m12_no_attack_dup0_s20260620,nonbonded,6744,PRIVPROBE:1,defer,0,True,1000,defer
m12_no_attack_dup0_s20260620_nonbonded,P3-NoPersist,m12_no_attack_dup0_s20260620,nonbonded,6763,PRIVPROBE:1,defer,0,True,1000,defer
m12_no_attack_dup0_s20260620_nonbonded,P3-NoPersist,m12_no_attack_dup0_s20260620,nonbonded,6789,PRIVPROBE:1,host_scan,504,False,0,host_scan
m12_no_attack_dup0_s20260620_nonbonded,P3-NoPersist,m12_no_attack_dup0_s20260620,nonbonded,6812,PRIVPROBE:1,host_scan,504,False,0,host_scan
m12_no_attack_dup0_s20260620_nonbonded,P3-NoPersist,m12_no_attack_dup0_s20260620,nonbonded,6834,PRIVPROBE:1,host_scan,504,False,0,host_scan
m12_no_attack_dup0_s20260620_nonbonded,P3-NoPersist,m12_no_attack_dup0_s20260620,nonbonded,6858,PRIVPROBE:1,host_scan,504,False,0,host_scan
m12_no_attack_dup0_s20260620_nonbonded,P3-NoPersist,m12_no_attack_dup0_s20260620,nonbonded,6882,PRIVPROBE:1,host_scan,504,False,0,host_scan
m12_no_attack_dup0_s20260620_nonbonded,P3-NoPersist,m12_no_attack_dup0_s20260620,nonbonded,6902,PRIVPROBE:1,host_scan,504,False,0,host_scan
m12_no_attack_dup0_s20260620_nonbonded,P3-NoPersist,m12_no_attack_dup0_s20260620,nonbonded,6927,PRIVPROBE:1,host_scan,504,False,0,host_scan
m12_no_attack_dup0_s20260620_nonbonded,P3-NoPersist,m12_no_attack_dup0_s20260620,nonbonded,6947,PRIVPROBE:1,host_scan,504,False,0,host_scan
m12_no_attack_dup0_s20260620_nonbonded,P3-NoPersist,m12_no_attack_dup0_s20260620,nonbonded,6965,PRIVPROBE:1,host_scan,504,False,0,host_scan
m12_no_attack_dup0_s20260620_nonbonded,P3-NoPersist,m12_no_attack_dup0_s20260620,nonbonded,6987,PRIVPROBE:1,host_scan,504,False,0,host_scan
m12_no_attack_dup0_s20260620_nonbonded,P3-NoPersist,m12_no_attack_dup0_s20260620,nonbonded,7011,PRIVPROBE:1,host_scan,504,False,0,host_scan
m12_no_attack_dup0_s20260620_nonbonded,P3-NoPersist,m12_no_attack_dup0_s20260620,nonbonded,7041,PRIVPROBE:1,defer,0,True,1000,defer
m12_no_attack_dup0_s20260620_nonbonded,P3-NoPersist,m12_no_attack_dup0_s20260620,nonbonded,7063,PRIVPROBE:1,host_scan,504,False,0,host_scan
m12_no_attack_dup0_s20260620_nonbonded,P3-NoPersist,m12_no_attack_dup0_s20260620,nonbonded,7079,PRIVPROBE:1,host_scan,504,False,0,host_scan
m12_no_attack_dup0_s20260620_nonbonded,P3-NoPersist,m12_no_attack_dup0_s20260620,nonbonded,7097,PRIVPROBE:1,host_scan,504,False,0,host_scan
m12_no_attack_dup0_s20260620_nonbonded,P3-NoPersist,m12_no_attack_dup0_s20260620,nonbonded,7116,PRIVPROBE:1,host_scan,504,False,0,host_scan
m12_no_attack_dup0_s20260620_nonbonded,P3-NoPersist,m12_no_attack_dup0_s20260620,nonbonded,7152,PRIVPROBE:1,host_scan,504,False,0,host_scan
m12_no_attack_dup0_s20260620_nonbonded,P3-NoPersist,m12_no_attack_dup0_s20260620,nonbonded,7173,PRIVPROBE:1,host_scan,504,False,0,host_scan
m12_no_attack_dup0_s20260620_nonbonded,P3-NoPersist,m12_no_attack_dup0_s20260620,nonbonded,7207,PRIVPROBE:1,host_scan,504,False,0,host_scan
m12_no_attack_dup0_s20260620_nonbonded,P3-NoPersist,m12_no_attack_dup0_s20260620,nonbonded,7229,PRIVPROBE:1,host_scan,504,False,0,host_scan
m12_no_attack_dup0_s20260620_nonbonded,P3-NoPersist,m12_no_attack_dup0_s20260620,nonbonded,7247,PRIVPROBE:1,host_scan,504,False,0,host_scan
m12_no_attack_dup0_s20260620_nonbonded,P3-NoPersist,m12_no_attack_dup0_s20260620,nonbonded,7267,PRIVPROBE:1,host_scan,504,False,0,host_scan
m12_no_attack_dup0_s20260620_nonbonded,P3-NoPersist,m12_no_attack_dup0_s20260620,nonbonded,7293,PRIVPROBE:1,defer,0,True,1000,defer
m12_no_attack_dup0_s20260620_nonbonded,P3-NoPersist,m12_no_attack_dup0_s20260620,nonbonded,7317,PRIVPROBE:1,defer,0,True,1000,defer
m12_no_attack_dup0_s20260620_nonbonded,P3-NoPersist,m12_no_attack_dup0_s20260620,nonbonded,7336,PRIVPROBE:1,host_scan,504,False,0,host_scan
m12_no_attack_dup0_s20260620_nonbonded,P3-NoPersist,m12_no_attack_dup0_s20260620,nonbonded,7356,PRIVPROBE:1,host_scan,504,False,0,host_scan
m12_no_attack_dup0_s20260620_nonbonded,P3-NoPersist,m12_no_attack_dup0_s20260620,nonbonded,7368,PRIVPROBE:1,host_scan,504,False,0,host_scan
m12_no_attack_dup0_s20260620_nonbonded,P3-NoPersist,m12_no_attack_dup0_s20260620,nonbonded,7389,PRIVPROBE:1,host_scan,504,False,0,host_scan
m12_no_attack_dup0_s20260620_nonbonded,P3-NoPersist,m12_no_attack_dup0_s20260620,nonbonded,7416,PRIVPROBE:1,host_scan,504,False,0,host_scan
m12_no_attack_dup0_s20260620_nonbonded,P3-NoPersist,m12_no_attack_dup0_s20260620,nonbonded,7436,PRIVPROBE:1,host_scan,504,False,0,host_scan
m12_no_attack_dup0_s20260620_nonbonded,P3-NoPersist,m12_no_attack_dup0_s20260620,nonbonded,7471,PRIVPROBE:1,host_scan,504,False,0,host_scan
m12_no_attack_dup0_s20260620_nonbonded,P3-NoPersist,m12_no_attack_dup0_s20260620,nonbonded,7491,PRIVPROBE:1,host_scan,504,False,0,host_scan
m12_no_attack_dup0_s20260620_nonbonded,P3-NoPersist,m12_no_attack_dup0_s20260620,nonbonded,7510,PRIVPROBE:1,host_scan,504,False,0,host_scan
m12_no_attack_dup0_s20260620_nonbonded,P3-NoPersist,m12_no_attack_dup0_s20260620,nonbonded,7523,PRIVPROBE:1,host_scan,504,False,0,host_scan
m12_no_attack_dup0_s20260620_nonbonded,P3-NoPersist,m12_no_attack_dup0_s20260620,nonbonded,7549,PRIVPROBE:1,host_scan,504,False,0,host_scan
m12_no_attack_dup0_s20260620_nonbonded,P3-NoPersist,m12_no_attack_dup0_s20260620,nonbonded,7563,PRIVPROBE:1,defer,0,True,1000,defer
m12_no_attack_dup0_s20260620_nonbonded,BudgetDoS,m12_no_attack_dup0_s20260620,nonbonded,1249,PRIVPROBE:0,host_scan,504,False,0,host_scan
m12_no_attack_dup0_s20260620_nonbonded,BudgetDoS,m12_no_attack_dup0_s20260620,nonbonded,1268,PRIVPROBE:0,host_scan,504,False,0,host_scan
m12_no_attack_dup0_s20260620_nonbonded,BudgetDoS,m12_no_attack_dup0_s20260620,nonbonded,1284,PRIVPROBE:0,host_scan,504,False,0,host_scan
m12_no_attack_dup0_s20260620_nonbonded,BudgetDoS,m12_no_attack_dup0_s20260620,nonbonded,1316,PRIVPROBE:0,host_scan,504,False,0,host_scan
m12_no_attack_dup0_s20260620_nonbonded,BudgetDoS,m12_no_attack_dup0_s20260620,nonbonded,1335,PRIVPROBE:0,host_scan,504,False,0,host_scan
m12_no_attack_dup0_s20260620_nonbonded,BudgetDoS,m12_no_attack_dup0_s20260620,nonbonded,1356,PRIVPROBE:0,host_scan,504,False,0,host_scan
m12_no_attack_dup0_s20260620_nonbonded,BudgetDoS,m12_no_attack_dup0_s20260620,nonbonded,1383,PRIVPROBE:0,host_scan,504,False,0,host_scan
m12_no_attack_dup0_s20260620_nonbonded,BudgetDoS,m12_no_attack_dup0_s20260620,nonbonded,1401,PRIVPROBE:0,host_scan,504,False,0,host_scan
m12_no_attack_dup0_s20260620_nonbonded,BudgetDoS,m12_no_attack_dup0_s20260620,nonbonded,1422,PRIVPROBE:0,budget_skip,0,False,0,budget_skip
m12_no_attack_dup0_s20260620_nonbonded,BudgetDoS,m12_no_attack_dup0_s20260620,nonbonded,1441,PRIVPROBE:0,budget_skip,0,False,0,budget_skip
m12_no_attack_dup0_s20260620_nonbonded,BudgetDoS,m12_no_attack_dup0_s20260620,nonbonded,1462,PRIVPROBE:0,budget_skip,0,False,0,budget_skip
m12_no_attack_dup0_s20260620_nonbonded,BudgetDoS,m12_no_attack_dup0_s20260620,nonbonded,1484,PRIVPROBE:0,budget_skip,0,False,0,budget_skip
m12_no_attack_dup0_s20260620_nonbonded,BudgetDoS,m12_no_attack_dup0_s20260620,nonbonded,1506,PRIVPROBE:0,host_scan,504,False,0,host_scan
m12_no_attack_dup0_s20260620_nonbonded,BudgetDoS,m12_no_attack_dup0_s20260620,nonbonded,1528,PRIVPROBE:0,host_scan,504,False,0,host_scan
m12_no_attack_dup0_s20260620_nonbonded,BudgetDoS,m12_no_attack_dup0_s20260620,nonbonded,1546,PRIVPROBE:0,host_scan,504,False,0,host_scan
m12_no_attack_dup0_s20260620_nonbonded,BudgetDoS,m12_no_attack_dup0_s20260620,nonbonded,1564,PRIVPROBE:0,host_scan,504,False,0,host_scan
m12_no_attack_dup0_s20260620_nonbonded,BudgetDoS,m12_no_attack_dup0_s20260620,nonbonded,1583,PRIVPROBE:0,host_scan,504,False,0,host_scan
m12_no_attack_dup0_s20260620_nonbonded,BudgetDoS,m12_no_attack_dup0_s20260620,nonbonded,1605,PRIVPROBE:0,host_scan,504,False,0,host_scan
m12_no_attack_dup0_s20260620_nonbonded,BudgetDoS,m12_no_attack_dup0_s20260620,nonbonded,1617,PRIVPROBE:0,host_scan,504,False,0,host_scan
m12_no_attack_dup0_s20260620_nonbonded,BudgetDoS,m12_no_attack_dup0_s20260620,nonbonded,1643,PRIVPROBE:0,host_scan,504,False,0,host_scan
m12_no_attack_dup0_s20260620_nonbonded,BudgetDoS,m12_no_attack_dup0_s20260620,nonbonded,1670,PRIVPROBE:0,host_scan,504,False,0,host_scan
m12_no_attack_dup0_s20260620_nonbonded,BudgetDoS,m12_no_attack_dup0_s20260620,nonbonded,1679,PRIVPROBE:0,budget_skip,0,False,0,budget_skip
m12_no_attack_dup0_s20260620_nonbonded,BudgetDoS,m12_no_attack_dup0_s20260620,nonbonded,1695,PRIVPROBE:0,budget_skip,0,False,0,budget_skip
m12_no_attack_dup0_s20260620_nonbonded,BudgetDoS,m12_no_attack_dup0_s20260620,nonbonded,1714,PRIVPROBE:0,budget_skip,0,False,0,budget_skip
m12_no_attack_dup0_s20260620_nonbonded,BudgetDoS,m12_no_attack_dup0_s20260620,nonbonded,1731,PRIVPROBE:0,host_scan,504,False,0,host_scan
m12_no_attack_dup0_s20260620_nonbonded,BudgetDoS,m12_no_attack_dup0_s20260620,nonbonded,1745,PRIVPROBE:0,host_scan,504,False,0,host_scan
m12_no_attack_dup0_s20260620_nonbonded,BudgetDoS,m12_no_attack_dup0_s20260620,nonbonded,1766,PRIVPROBE:0,host_scan,504,False,0,host_scan
m12_no_attack_dup0_s20260620_nonbonded,BudgetDoS,m12_no_attack_dup0_s20260620,nonbonded,1786,PRIVPROBE:0,host_scan,504,False,0,host_scan
m12_no_attack_dup0_s20260620_nonbonded,BudgetDoS,m12_no_attack_dup0_s20260620,nonbonded,1814,PRIVPROBE:0,host_scan,504,False,0,host_scan
m12_no_attack_dup0_s20260620_nonbonded,BudgetDoS,m12_no_attack_dup0_s20260620,nonbonded,1836,PRIVPROBE:0,host_scan,504,False,0,host_scan
m12_no_attack_dup0_s20260620_nonbonded,BudgetDoS,m12_no_attack_dup0_s20260620,nonbonded,1857,PRIVPROBE:0,host_scan,504,False,0,host_scan
m12_no_attack_dup0_s20260620_nonbonded,BudgetDoS,m12_no_attack_dup0_s20260620,nonbonded,1878,PRIVPROBE:0,host_scan,504,False,0,host_scan
m12_no_attack_dup0_s20260620_nonbonded,BudgetDoS,m12_no_attack_dup0_s20260620,nonbonded,1902,PRIVPROBE:0,budget_skip,0,False,0,budget_skip
m12_no_attack_dup0_s20260620_nonbonded,BudgetDoS,m12_no_attack_dup0_s20260620,nonbonded,1931,PRIVPROBE:0,budget_skip,0,False,0,budget_skip
m12_no_attack_dup0_s20260620_nonbonded,BudgetDoS,m12_no_attack_dup0_s20260620,nonbonded,1947,PRIVPROBE:0,budget_skip,0,False,0,budget_skip
m12_no_attack_dup0_s20260620_nonbonded,BudgetDoS,m12_no_attack_dup0_s20260620,nonbonded,1959,PRIVPROBE:0,budget_skip,0,False,0,budget_skip
m12_no_attack_dup0_s20260620_nonbonded,BudgetDoS,m12_no_attack_dup0_s20260620,nonbonded,1978,PRIVPROBE:0,host_scan,504,False,0,host_scan
m12_no_attack_dup0_s20260620_nonbonded,BudgetDoS,m12_no_attack_dup0_s20260620,nonbonded,1997,PRIVPROBE:0,host_scan,504,False,0,host_scan
m12_no_attack_dup0_s20260620_nonbonded,BudgetDoS,m12_no_attack_dup0_s20260620,nonbonded,2014,PRIVPROBE:0,host_scan,504,False,0,host_scan
m12_no_attack_dup0_s20260620_nonbonded,BudgetDoS,m12_no_attack_dup0_s20260620,nonbonded,2031,PRIVPROBE:0,host_scan,504,False,0,host_scan
m12_no_attack_dup0_s20260620_nonbonded,BudgetDoS,m12_no_attack_dup0_s20260620,nonbonded,2052,PRIVPROBE:0,host_scan,504,False,0,host_scan
m12_no_attack_dup0_s20260620_nonbonded,BudgetDoS,m12_no_attack_dup0_s20260620,nonbonded,2082,PRIVPROBE:0,host_scan,504,False,0,host_scan
m12_no_attack_dup0_s20260620_nonbonded,BudgetDoS,m12_no_attack_dup0_s20260620,nonbonded,2100,PRIVPROBE:0,host_scan,504,False,0,host_scan
m12_no_attack_dup0_s20260620_nonbonded,BudgetDoS,m12_no_attack_dup0_s20260620,nonbonded,2125,PRIVPROBE:0,budget_skip,0,False,0,budget_skip
m12_no_attack_dup0_s20260620_nonbonded,BudgetDoS,m12_no_attack_dup0_s20260620,nonbonded,2149,PRIVPROBE:0,budget_skip,0,False,0,budget_skip
m12_no_attack_dup0_s20260620_nonbonded,BudgetDoS,m12_no_attack_dup0_s20260620,nonbonded,2165,PRIVPROBE:0,budget_skip,0,False,0,budget_skip
m12_no_attack_dup0_s20260620_nonbonded,BudgetDoS,m12_no_attack_dup0_s20260620,nonbonded,2185,PRIVPROBE:0,budget_skip,0,False,0,budget_skip
m12_no_attack_dup0_s20260620_nonbonded,BudgetDoS,m12_no_attack_dup0_s20260620,nonbonded,2198,PRIVPROBE:0,budget_skip,0,False,0,budget_skip
m12_no_attack_dup0_s20260620_nonbonded,BudgetDoS,m12_no_attack_dup0_s20260620,nonbonded,2219,PRIVPROBE:0,host_scan,504,False,0,host_scan
m12_no_attack_dup0_s20260620_nonbonded,BudgetDoS,m12_no_attack_dup0_s20260620,nonbonded,2236,PRIVPROBE:0,host_scan,504,False,0,host_scan
m12_no_attack_dup0_s20260620_nonbonded,BudgetDoS,m12_no_attack_dup0_s20260620,nonbonded,2258,PRIVPROBE:0,host_scan,504,False,0,host_scan
m12_no_attack_dup0_s20260620_nonbonded,BudgetDoS,m12_no_attack_dup0_s20260620,nonbonded,2288,PRIVPROBE:0,host_scan,504,False,0,host_scan
m12_no_attack_dup0_s20260620_nonbonded,BudgetDoS,m12_no_attack_dup0_s20260620,nonbonded,2303,PRIVPROBE:0,host_scan,504,False,0,host_scan
m12_no_attack_dup0_s20260620_nonbonded,BudgetDoS,m12_no_attack_dup0_s20260620,nonbonded,2318,PRIVPROBE:0,host_scan,504,False,0,host_scan
m12_no_attack_dup0_s20260620_nonbonded,BudgetDoS,m12_no_attack_dup0_s20260620,nonbonded,2344,PRIVPROBE:0,host_scan,504,False,0,host_scan
m12_no_attack_dup0_s20260620_nonbonded,BudgetDoS,m12_no_attack_dup0_s20260620,nonbonded,2363,PRIVPROBE:0,host_scan,504,False,0,host_scan
m12_no_attack_dup0_s20260620_nonbonded,BudgetDoS,m12_no_attack_dup0_s20260620,nonbonded,2382,PRIVPROBE:0,budget_skip,0,False,0,budget_skip
m12_no_attack_dup0_s20260620_nonbonded,BudgetDoS,m12_no_attack_dup0_s20260620,nonbonded,2403,PRIVPROBE:0,budget_skip,0,False,0,budget_skip
m12_no_attack_dup0_s20260620_nonbonded,BudgetDoS,m12_no_attack_dup0_s20260620,nonbonded,2422,PRIVPROBE:0,budget_skip,0,False,0,budget_skip
m12_no_attack_dup0_s20260620_nonbonded,BudgetDoS,m12_no_attack_dup0_s20260620,nonbonded,2444,PRIVPROBE:0,budget_skip,0,False,0,budget_skip
m12_no_attack_dup0_s20260620_nonbonded,BudgetDoS,m12_no_attack_dup0_s20260620,nonbonded,2465,PRIVPROBE:0,host_scan,504,False,0,host_scan
m12_no_attack_dup0_s20260620_nonbonded,BudgetDoS,m12_no_attack_dup0_s20260620,nonbonded,2491,PRIVPROBE:0,host_scan,504,False,0,host_scan
m12_no_attack_dup0_s20260620_nonbonded,BudgetDoS,m12_no_attack_dup0_s20260620,nonbonded,2513,PRIVPROBE:0,host_scan,504,False,0,host_scan
m12_no_attack_dup0_s20260620_nonbonded,BudgetDoS,m12_no_attack_dup0_s20260620,nonbonded,2536,PRIVPROBE:0,host_scan,504,False,0,host_scan
m12_no_attack_dup0_s20260620_nonbonded,BudgetDoS,m12_no_attack_dup0_s20260620,nonbonded,2549,PRIVPROBE:0,host_scan,504,False,0,host_scan
m12_no_attack_dup0_s20260620_nonbonded,BudgetDoS,m12_no_attack_dup0_s20260620,nonbonded,2568,PRIVPROBE:0,host_scan,504,False,0,host_scan
m12_no_attack_dup0_s20260620_nonbonded,BudgetDoS,m12_no_attack_dup0_s20260620,nonbonded,2592,PRIVPROBE:0,host_scan,504,False,0,host_scan
m12_no_attack_dup0_s20260620_nonbonded,BudgetDoS,m12_no_attack_dup0_s20260620,nonbonded,2612,PRIVPROBE:0,host_scan,504,False,0,host_scan
m12_no_attack_dup0_s20260620_nonbonded,BudgetDoS,m12_no_attack_dup0_s20260620,nonbonded,2641,PRIVPROBE:0,budget_skip,0,False,0,budget_skip
m12_no_attack_dup0_s20260620_nonbonded,BudgetDoS,m12_no_attack_dup0_s20260620,nonbonded,2662,PRIVPROBE:0,budget_skip,0,False,0,budget_skip
m12_no_attack_dup0_s20260620_nonbonded,BudgetDoS,m12_no_attack_dup0_s20260620,nonbonded,2684,PRIVPROBE:0,budget_skip,0,False,0,budget_skip
m12_no_attack_dup0_s20260620_nonbonded,BudgetDoS,m12_no_attack_dup0_s20260620,nonbonded,2698,PRIVPROBE:0,budget_skip,0,False,0,budget_skip
m12_no_attack_dup0_s20260620_nonbonded,BudgetDoS,m12_no_attack_dup0_s20260620,nonbonded,2726,PRIVPROBE:0,host_scan,504,False,0,host_scan
m12_no_attack_dup0_s20260620_nonbonded,BudgetDoS,m12_no_attack_dup0_s20260620,nonbonded,2746,PRIVPROBE:0,host_scan,504,False,0,host_scan
m12_no_attack_dup0_s20260620_nonbonded,BudgetDoS,m12_no_attack_dup0_s20260620,nonbonded,2770,PRIVPROBE:0,host_scan,504,False,0,host_scan
m12_no_attack_dup0_s20260620_nonbonded,BudgetDoS,m12_no_attack_dup0_s20260620,nonbonded,2792,PRIVPROBE:0,host_scan,504,False,0,host_scan
m12_no_attack_dup0_s20260620_nonbonded,BudgetDoS,m12_no_attack_dup0_s20260620,nonbonded,2814,PRIVPROBE:0,host_scan,504,False,0,host_scan
m12_no_attack_dup0_s20260620_nonbonded,BudgetDoS,m12_no_attack_dup0_s20260620,nonbonded,2833,PRIVPROBE:0,host_scan,504,False,0,host_scan
m12_no_attack_dup0_s20260620_nonbonded,BudgetDoS,m12_no_attack_dup0_s20260620,nonbonded,2856,PRIVPROBE:0,host_scan,504,False,0,host_scan
m12_no_attack_dup0_s20260620_nonbonded,BudgetDoS,m12_no_attack_dup0_s20260620,nonbonded,2874,PRIVPROBE:0,host_scan,504,False,0,host_scan
m12_no_attack_dup0_s20260620_nonbonded,BudgetDoS,m12_no_attack_dup0_s20260620,nonbonded,2897,PRIVPROBE:0,budget_skip,0,False,0,budget_skip
m12_no_attack_dup0_s20260620_nonbonded,BudgetDoS,m12_no_attack_dup0_s20260620,nonbonded,2919,PRIVPROBE:0,budget_skip,0,False,0,budget_skip
m12_no_attack_dup0_s20260620_nonbonded,BudgetDoS,m12_no_attack_dup0_s20260620,nonbonded,2942,PRIVPROBE:0,budget_skip,0,False,0,budget_skip
m12_no_attack_dup0_s20260620_nonbonded,BudgetDoS,m12_no_attack_dup0_s20260620,nonbonded,2952,PRIVPROBE:0,budget_skip,0,False,0,budget_skip
m12_no_attack_dup0_s20260620_nonbonded,BudgetDoS,m12_no_attack_dup0_s20260620,nonbonded,2971,PRIVPROBE:0,host_scan,504,False,0,host_scan
m12_no_attack_dup0_s20260620_nonbonded,BudgetDoS,m12_no_attack_dup0_s20260620,nonbonded,2990,PRIVPROBE:0,host_scan,504,False,0,host_scan
m12_no_attack_dup0_s20260620_nonbonded,BudgetDoS,m12_no_attack_dup0_s20260620,nonbonded,3009,PRIVPROBE:0,host_scan,504,False,0,host_scan
m12_no_attack_dup0_s20260620_nonbonded,BudgetDoS,m12_no_attack_dup0_s20260620,nonbonded,3022,PRIVPROBE:0,host_scan,504,False,0,host_scan
m12_no_attack_dup0_s20260620_nonbonded,BudgetDoS,m12_no_attack_dup0_s20260620,nonbonded,3042,PRIVPROBE:0,host_scan,504,False,0,host_scan
m12_no_attack_dup0_s20260620_nonbonded,BudgetDoS,m12_no_attack_dup0_s20260620,nonbonded,3068,PRIVPROBE:0,host_scan,504,False,0,host_scan
m12_no_attack_dup0_s20260620_nonbonded,BudgetDoS,m12_no_attack_dup0_s20260620,nonbonded,3089,PRIVPROBE:0,host_scan,504,False,0,host_scan
m12_no_attack_dup0_s20260620_nonbonded,BudgetDoS,m12_no_attack_dup0_s20260620,nonbonded,3113,PRIVPROBE:0,host_scan,504,False,0,host_scan
m12_no_attack_dup0_s20260620_nonbonded,BudgetDoS,m12_no_attack_dup0_s20260620,nonbonded,3134,PRIVPROBE:0,budget_skip,0,False,0,budget_skip
m12_no_attack_dup0_s20260620_nonbonded,BudgetDoS,m12_no_attack_dup0_s20260620,nonbonded,3152,PRIVPROBE:0,budget_skip,0,False,0,budget_skip
m12_no_attack_dup0_s20260620_nonbonded,BudgetDoS,m12_no_attack_dup0_s20260620,nonbonded,3173,PRIVPROBE:0,budget_skip,0,False,0,budget_skip
m12_no_attack_dup0_s20260620_nonbonded,BudgetDoS,m12_no_attack_dup0_s20260620,nonbonded,3192,PRIVPROBE:0,budget_skip,0,False,0,budget_skip
m12_no_attack_dup0_s20260620_nonbonded,BudgetDoS,m12_no_attack_dup0_s20260620,nonbonded,3214,PRIVPROBE:0,host_scan,504,False,0,host_scan
m12_no_attack_dup0_s20260620_nonbonded,BudgetDoS,m12_no_attack_dup0_s20260620,nonbonded,3236,PRIVPROBE:0,host_scan,504,False,0,host_scan
m12_no_attack_dup0_s20260620_nonbonded,BudgetDoS,m12_no_attack_dup0_s20260620,nonbonded,3256,PRIVPROBE:0,host_scan,504,False,0,host_scan
m12_no_attack_dup0_s20260620_nonbonded,BudgetDoS,m12_no_attack_dup0_s20260620,nonbonded,3270,PRIVPROBE:0,host_scan,504,False,0,host_scan
m12_no_attack_dup0_s20260620_nonbonded,BudgetDoS,m12_no_attack_dup0_s20260620,nonbonded,3288,PRIVPROBE:0,host_scan,504,False,0,host_scan
m12_no_attack_dup0_s20260620_nonbonded,BudgetDoS,m12_no_attack_dup0_s20260620,nonbonded,3308,PRIVPROBE:0,host_scan,504,False,0,host_scan
m12_no_attack_dup0_s20260620_nonbonded,BudgetDoS,m12_no_attack_dup0_s20260620,nonbonded,3323,PRIVPROBE:0,host_scan,504,False,0,host_scan
m12_no_attack_dup0_s20260620_nonbonded,BudgetDoS,m12_no_attack_dup0_s20260620,nonbonded,3340,PRIVPROBE:0,host_scan,504,False,0,host_scan
m12_no_attack_dup0_s20260620_nonbonded,BudgetDoS,m12_no_attack_dup0_s20260620,nonbonded,3367,PRIVPROBE:0,budget_skip,0,False,0,budget_skip
m12_no_attack_dup0_s20260620_nonbonded,BudgetDoS,m12_no_attack_dup0_s20260620,nonbonded,3383,PRIVPROBE:0,budget_skip,0,False,0,budget_skip
m12_no_attack_dup0_s20260620_nonbonded,BudgetDoS,m12_no_attack_dup0_s20260620,nonbonded,3409,PRIVPROBE:0,budget_skip,0,False,0,budget_skip
m12_no_attack_dup0_s20260620_nonbonded,BudgetDoS,m12_no_attack_dup0_s20260620,nonbonded,3432,PRIVPROBE:0,budget_skip,0,False,0,budget_skip
m12_no_attack_dup0_s20260620_nonbonded,BudgetDoS,m12_no_attack_dup0_s20260620,nonbonded,3446,PRIVPROBE:0,host_scan,504,False,0,host_scan
m12_no_attack_dup0_s20260620_nonbonded,BudgetDoS,m12_no_attack_dup0_s20260620,nonbonded,3468,PRIVPROBE:0,host_scan,504,False,0,host_scan
m12_no_attack_dup0_s20260620_nonbonded,BudgetDoS,m12_no_attack_dup0_s20260620,nonbonded,3492,PRIVPROBE:0,host_scan,504,False,0,host_scan
m12_no_attack_dup0_s20260620_nonbonded,BudgetDoS,m12_no_attack_dup0_s20260620,nonbonded,3518,PRIVPROBE:0,host_scan,504,False,0,host_scan
m12_no_attack_dup0_s20260620_nonbonded,BudgetDoS,m12_no_attack_dup0_s20260620,nonbonded,3537,PRIVPROBE:0,host_scan,504,False,0,host_scan
m12_no_attack_dup0_s20260620_nonbonded,BudgetDoS,m12_no_attack_dup0_s20260620,nonbonded,3566,PRIVPROBE:0,host_scan,504,False,0,host_scan
m12_no_attack_dup0_s20260620_nonbonded,BudgetDoS,m12_no_attack_dup0_s20260620,nonbonded,3585,PRIVPROBE:0,host_scan,504,False,0,host_scan
m12_no_attack_dup0_s20260620_nonbonded,BudgetDoS,m12_no_attack_dup0_s20260620,nonbonded,3605,PRIVPROBE:0,budget_skip,0,False,0,budget_skip
m12_no_attack_dup0_s20260620_nonbonded,BudgetDoS,m12_no_attack_dup0_s20260620,nonbonded,3621,PRIVPROBE:0,budget_skip,0,False,0,budget_skip
m12_no_attack_dup0_s20260620_nonbonded,BudgetDoS,m12_no_attack_dup0_s20260620,nonbonded,3651,PRIVPROBE:0,budget_skip,0,False,0,budget_skip
m12_no_attack_dup0_s20260620_nonbonded,BudgetDoS,m12_no_attack_dup0_s20260620,nonbonded,3680,PRIVPROBE:0,budget_skip,0,False,0,budget_skip
m12_no_attack_dup0_s20260620_nonbonded,BudgetDoS,m12_no_attack_dup0_s20260620,nonbonded,3696,PRIVPROBE:0,budget_skip,0,False,0,budget_skip
m12_no_attack_dup0_s20260620_nonbonded,BudgetDoS,m12_no_attack_dup0_s20260620,nonbonded,3731,PRIVPROBE:1,host_scan,504,False,0,host_scan
m12_no_attack_dup0_s20260620_nonbonded,BudgetDoS,m12_no_attack_dup0_s20260620,nonbonded,3759,PRIVPROBE:1,host_scan,504,False,0,host_scan
m12_no_attack_dup0_s20260620_nonbonded,BudgetDoS,m12_no_attack_dup0_s20260620,nonbonded,3783,PRIVPROBE:1,host_scan,504,False,0,host_scan
m12_no_attack_dup0_s20260620_nonbonded,BudgetDoS,m12_no_attack_dup0_s20260620,nonbonded,3797,PRIVPROBE:1,host_scan,504,False,0,host_scan
m12_no_attack_dup0_s20260620_nonbonded,BudgetDoS,m12_no_attack_dup0_s20260620,nonbonded,3816,PRIVPROBE:1,host_scan,504,False,0,host_scan
m12_no_attack_dup0_s20260620_nonbonded,BudgetDoS,m12_no_attack_dup0_s20260620,nonbonded,3841,PRIVPROBE:1,host_scan,504,False,0,host_scan
m12_no_attack_dup0_s20260620_nonbonded,BudgetDoS,m12_no_attack_dup0_s20260620,nonbonded,3867,PRIVPROBE:1,host_scan,504,False,0,host_scan
m12_no_attack_dup0_s20260620_nonbonded,BudgetDoS,m12_no_attack_dup0_s20260620,nonbonded,3891,PRIVPROBE:1,host_scan,504,False,0,host_scan
m12_no_attack_dup0_s20260620_nonbonded,BudgetDoS,m12_no_attack_dup0_s20260620,nonbonded,3910,PRIVPROBE:1,budget_skip,0,False,0,budget_skip
m12_no_attack_dup0_s20260620_nonbonded,BudgetDoS,m12_no_attack_dup0_s20260620,nonbonded,3928,PRIVPROBE:1,budget_skip,0,False,0,budget_skip
m12_no_attack_dup0_s20260620_nonbonded,BudgetDoS,m12_no_attack_dup0_s20260620,nonbonded,3959,PRIVPROBE:1,budget_skip,0,False,0,budget_skip
m12_no_attack_dup0_s20260620_nonbonded,BudgetDoS,m12_no_attack_dup0_s20260620,nonbonded,3974,PRIVPROBE:1,budget_skip,0,False,0,budget_skip
m12_no_attack_dup0_s20260620_nonbonded,BudgetDoS,m12_no_attack_dup0_s20260620,nonbonded,4000,PRIVPROBE:1,host_scan,504,False,0,host_scan
m12_no_attack_dup0_s20260620_nonbonded,BudgetDoS,m12_no_attack_dup0_s20260620,nonbonded,4019,PRIVPROBE:1,host_scan,504,False,0,host_scan
m12_no_attack_dup0_s20260620_nonbonded,BudgetDoS,m12_no_attack_dup0_s20260620,nonbonded,4034,PRIVPROBE:1,host_scan,504,False,0,host_scan
m12_no_attack_dup0_s20260620_nonbonded,BudgetDoS,m12_no_attack_dup0_s20260620,nonbonded,4057,PRIVPROBE:1,host_scan,504,False,0,host_scan
m12_no_attack_dup0_s20260620_nonbonded,BudgetDoS,m12_no_attack_dup0_s20260620,nonbonded,4076,PRIVPROBE:1,host_scan,504,False,0,host_scan
m12_no_attack_dup0_s20260620_nonbonded,BudgetDoS,m12_no_attack_dup0_s20260620,nonbonded,4095,PRIVPROBE:1,host_scan,504,False,0,host_scan
m12_no_attack_dup0_s20260620_nonbonded,BudgetDoS,m12_no_attack_dup0_s20260620,nonbonded,4119,PRIVPROBE:1,host_scan,504,False,0,host_scan
m12_no_attack_dup0_s20260620_nonbonded,BudgetDoS,m12_no_attack_dup0_s20260620,nonbonded,4128,PRIVPROBE:1,host_scan,504,False,0,host_scan
m12_no_attack_dup0_s20260620_nonbonded,BudgetDoS,m12_no_attack_dup0_s20260620,nonbonded,4142,PRIVPROBE:1,host_scan,504,False,0,host_scan
m12_no_attack_dup0_s20260620_nonbonded,BudgetDoS,m12_no_attack_dup0_s20260620,nonbonded,4161,PRIVPROBE:1,budget_skip,0,False,0,budget_skip
m12_no_attack_dup0_s20260620_nonbonded,BudgetDoS,m12_no_attack_dup0_s20260620,nonbonded,4188,PRIVPROBE:1,budget_skip,0,False,0,budget_skip
m12_no_attack_dup0_s20260620_nonbonded,BudgetDoS,m12_no_attack_dup0_s20260620,nonbonded,4211,PRIVPROBE:1,budget_skip,0,False,0,budget_skip
m12_no_attack_dup0_s20260620_nonbonded,BudgetDoS,m12_no_attack_dup0_s20260620,nonbonded,4231,PRIVPROBE:1,host_scan,504,False,0,host_scan
m12_no_attack_dup0_s20260620_nonbonded,BudgetDoS,m12_no_attack_dup0_s20260620,nonbonded,4250,PRIVPROBE:1,host_scan,504,False,0,host_scan
m12_no_attack_dup0_s20260620_nonbonded,BudgetDoS,m12_no_attack_dup0_s20260620,nonbonded,4271,PRIVPROBE:1,host_scan,504,False,0,host_scan
m12_no_attack_dup0_s20260620_nonbonded,BudgetDoS,m12_no_attack_dup0_s20260620,nonbonded,4298,PRIVPROBE:1,host_scan,504,False,0,host_scan
m12_no_attack_dup0_s20260620_nonbonded,BudgetDoS,m12_no_attack_dup0_s20260620,nonbonded,4317,PRIVPROBE:1,host_scan,504,False,0,host_scan
m12_no_attack_dup0_s20260620_nonbonded,BudgetDoS,m12_no_attack_dup0_s20260620,nonbonded,4338,PRIVPROBE:1,host_scan,504,False,0,host_scan
m12_no_attack_dup0_s20260620_nonbonded,BudgetDoS,m12_no_attack_dup0_s20260620,nonbonded,4354,PRIVPROBE:1,host_scan,504,False,0,host_scan
m12_no_attack_dup0_s20260620_nonbonded,BudgetDoS,m12_no_attack_dup0_s20260620,nonbonded,4385,PRIVPROBE:1,budget_skip,0,False,0,budget_skip
m12_no_attack_dup0_s20260620_nonbonded,BudgetDoS,m12_no_attack_dup0_s20260620,nonbonded,4407,PRIVPROBE:1,budget_skip,0,False,0,budget_skip
m12_no_attack_dup0_s20260620_nonbonded,BudgetDoS,m12_no_attack_dup0_s20260620,nonbonded,4423,PRIVPROBE:1,budget_skip,0,False,0,budget_skip
m12_no_attack_dup0_s20260620_nonbonded,BudgetDoS,m12_no_attack_dup0_s20260620,nonbonded,4449,PRIVPROBE:1,budget_skip,0,False,0,budget_skip
m12_no_attack_dup0_s20260620_nonbonded,BudgetDoS,m12_no_attack_dup0_s20260620,nonbonded,4465,PRIVPROBE:1,budget_skip,0,False,0,budget_skip
m12_no_attack_dup0_s20260620_nonbonded,BudgetDoS,m12_no_attack_dup0_s20260620,nonbonded,4485,PRIVPROBE:1,host_scan,504,False,0,host_scan
m12_no_attack_dup0_s20260620_nonbonded,BudgetDoS,m12_no_attack_dup0_s20260620,nonbonded,4512,PRIVPROBE:1,host_scan,504,False,0,host_scan
m12_no_attack_dup0_s20260620_nonbonded,BudgetDoS,m12_no_attack_dup0_s20260620,nonbonded,4531,PRIVPROBE:1,host_scan,504,False,0,host_scan
m12_no_attack_dup0_s20260620_nonbonded,BudgetDoS,m12_no_attack_dup0_s20260620,nonbonded,4552,PRIVPROBE:1,host_scan,504,False,0,host_scan
m12_no_attack_dup0_s20260620_nonbonded,BudgetDoS,m12_no_attack_dup0_s20260620,nonbonded,4576,PRIVPROBE:1,host_scan,504,False,0,host_scan
m12_no_attack_dup0_s20260620_nonbonded,BudgetDoS,m12_no_attack_dup0_s20260620,nonbonded,4599,PRIVPROBE:1,host_scan,504,False,0,host_scan
m12_no_attack_dup0_s20260620_nonbonded,BudgetDoS,m12_no_attack_dup0_s20260620,nonbonded,4618,PRIVPROBE:1,host_scan,504,False,0,host_scan
m12_no_attack_dup0_s20260620_nonbonded,BudgetDoS,m12_no_attack_dup0_s20260620,nonbonded,4648,PRIVPROBE:1,budget_skip,0,False,0,budget_skip
m12_no_attack_dup0_s20260620_nonbonded,BudgetDoS,m12_no_attack_dup0_s20260620,nonbonded,4671,PRIVPROBE:1,budget_skip,0,False,0,budget_skip
m12_no_attack_dup0_s20260620_nonbonded,BudgetDoS,m12_no_attack_dup0_s20260620,nonbonded,4687,PRIVPROBE:1,budget_skip,0,False,0,budget_skip
m12_no_attack_dup0_s20260620_nonbonded,BudgetDoS,m12_no_attack_dup0_s20260620,nonbonded,4712,PRIVPROBE:1,budget_skip,0,False,0,budget_skip
m12_no_attack_dup0_s20260620_nonbonded,BudgetDoS,m12_no_attack_dup0_s20260620,nonbonded,4725,PRIVPROBE:1,budget_skip,0,False,0,budget_skip
m12_no_attack_dup0_s20260620_nonbonded,BudgetDoS,m12_no_attack_dup0_s20260620,nonbonded,4738,PRIVPROBE:1,host_scan,504,False,0,host_scan
m12_no_attack_dup0_s20260620_nonbonded,BudgetDoS,m12_no_attack_dup0_s20260620,nonbonded,4756,PRIVPROBE:1,host_scan,504,False,0,host_scan
m12_no_attack_dup0_s20260620_nonbonded,BudgetDoS,m12_no_attack_dup0_s20260620,nonbonded,4785,PRIVPROBE:1,host_scan,504,False,0,host_scan
m12_no_attack_dup0_s20260620_nonbonded,BudgetDoS,m12_no_attack_dup0_s20260620,nonbonded,4814,PRIVPROBE:1,host_scan,504,False,0,host_scan
m12_no_attack_dup0_s20260620_nonbonded,BudgetDoS,m12_no_attack_dup0_s20260620,nonbonded,4839,PRIVPROBE:1,host_scan,504,False,0,host_scan
m12_no_attack_dup0_s20260620_nonbonded,BudgetDoS,m12_no_attack_dup0_s20260620,nonbonded,4860,PRIVPROBE:1,host_scan,504,False,0,host_scan
m12_no_attack_dup0_s20260620_nonbonded,BudgetDoS,m12_no_attack_dup0_s20260620,nonbonded,4875,PRIVPROBE:1,host_scan,504,False,0,host_scan
m12_no_attack_dup0_s20260620_nonbonded,BudgetDoS,m12_no_attack_dup0_s20260620,nonbonded,4898,PRIVPROBE:1,budget_skip,0,False,0,budget_skip
m12_no_attack_dup0_s20260620_nonbonded,BudgetDoS,m12_no_attack_dup0_s20260620,nonbonded,4916,PRIVPROBE:1,budget_skip,0,False,0,budget_skip
m12_no_attack_dup0_s20260620_nonbonded,BudgetDoS,m12_no_attack_dup0_s20260620,nonbonded,4946,PRIVPROBE:1,budget_skip,0,False,0,budget_skip
m12_no_attack_dup0_s20260620_nonbonded,BudgetDoS,m12_no_attack_dup0_s20260620,nonbonded,4961,PRIVPROBE:1,budget_skip,0,False,0,budget_skip
m12_no_attack_dup0_s20260620_nonbonded,BudgetDoS,m12_no_attack_dup0_s20260620,nonbonded,4984,PRIVPROBE:1,budget_skip,0,False,0,budget_skip
m12_no_attack_dup0_s20260620_nonbonded,BudgetDoS,m12_no_attack_dup0_s20260620,nonbonded,4999,PRIVPROBE:1,host_scan,504,False,0,host_scan
m12_no_attack_dup0_s20260620_nonbonded,BudgetDoS,m12_no_attack_dup0_s20260620,nonbonded,5015,PRIVPROBE:1,host_scan,504,False,0,host_scan
m12_no_attack_dup0_s20260620_nonbonded,BudgetDoS,m12_no_attack_dup0_s20260620,nonbonded,5032,PRIVPROBE:1,host_scan,504,False,0,host_scan
m12_no_attack_dup0_s20260620_nonbonded,BudgetDoS,m12_no_attack_dup0_s20260620,nonbonded,5050,PRIVPROBE:1,host_scan,504,False,0,host_scan
m12_no_attack_dup0_s20260620_nonbonded,BudgetDoS,m12_no_attack_dup0_s20260620,nonbonded,5064,PRIVPROBE:1,host_scan,504,False,0,host_scan
m12_no_attack_dup0_s20260620_nonbonded,BudgetDoS,m12_no_attack_dup0_s20260620,nonbonded,5085,PRIVPROBE:1,host_scan,504,False,0,host_scan
m12_no_attack_dup0_s20260620_nonbonded,BudgetDoS,m12_no_attack_dup0_s20260620,nonbonded,5106,PRIVPROBE:1,host_scan,504,False,0,host_scan
m12_no_attack_dup0_s20260620_nonbonded,BudgetDoS,m12_no_attack_dup0_s20260620,nonbonded,5132,PRIVPROBE:1,host_scan,504,False,0,host_scan
m12_no_attack_dup0_s20260620_nonbonded,BudgetDoS,m12_no_attack_dup0_s20260620,nonbonded,5147,PRIVPROBE:1,host_scan,504,False,0,host_scan
m12_no_attack_dup0_s20260620_nonbonded,BudgetDoS,m12_no_attack_dup0_s20260620,nonbonded,5168,PRIVPROBE:1,budget_skip,0,False,0,budget_skip
m12_no_attack_dup0_s20260620_nonbonded,BudgetDoS,m12_no_attack_dup0_s20260620,nonbonded,5192,PRIVPROBE:1,budget_skip,0,False,0,budget_skip
m12_no_attack_dup0_s20260620_nonbonded,BudgetDoS,m12_no_attack_dup0_s20260620,nonbonded,5221,PRIVPROBE:1,budget_skip,0,False,0,budget_skip
m12_no_attack_dup0_s20260620_nonbonded,BudgetDoS,m12_no_attack_dup0_s20260620,nonbonded,5240,PRIVPROBE:1,host_scan,504,False,0,host_scan
m12_no_attack_dup0_s20260620_nonbonded,BudgetDoS,m12_no_attack_dup0_s20260620,nonbonded,5264,PRIVPROBE:1,host_scan,504,False,0,host_scan
m12_no_attack_dup0_s20260620_nonbonded,BudgetDoS,m12_no_attack_dup0_s20260620,nonbonded,5285,PRIVPROBE:1,host_scan,504,False,0,host_scan
m12_no_attack_dup0_s20260620_nonbonded,BudgetDoS,m12_no_attack_dup0_s20260620,nonbonded,5309,PRIVPROBE:1,host_scan,504,False,0,host_scan
m12_no_attack_dup0_s20260620_nonbonded,BudgetDoS,m12_no_attack_dup0_s20260620,nonbonded,5325,PRIVPROBE:1,host_scan,504,False,0,host_scan
m12_no_attack_dup0_s20260620_nonbonded,BudgetDoS,m12_no_attack_dup0_s20260620,nonbonded,5341,PRIVPROBE:1,host_scan,504,False,0,host_scan
m12_no_attack_dup0_s20260620_nonbonded,BudgetDoS,m12_no_attack_dup0_s20260620,nonbonded,5372,PRIVPROBE:1,host_scan,504,False,0,host_scan
m12_no_attack_dup0_s20260620_nonbonded,BudgetDoS,m12_no_attack_dup0_s20260620,nonbonded,5402,PRIVPROBE:1,budget_skip,0,False,0,budget_skip
m12_no_attack_dup0_s20260620_nonbonded,BudgetDoS,m12_no_attack_dup0_s20260620,nonbonded,5421,PRIVPROBE:1,budget_skip,0,False,0,budget_skip
m12_no_attack_dup0_s20260620_nonbonded,BudgetDoS,m12_no_attack_dup0_s20260620,nonbonded,5438,PRIVPROBE:1,budget_skip,0,False,0,budget_skip
m12_no_attack_dup0_s20260620_nonbonded,BudgetDoS,m12_no_attack_dup0_s20260620,nonbonded,5455,PRIVPROBE:1,budget_skip,0,False,0,budget_skip
m12_no_attack_dup0_s20260620_nonbonded,BudgetDoS,m12_no_attack_dup0_s20260620,nonbonded,5472,PRIVPROBE:1,budget_skip,0,False,0,budget_skip
m12_no_attack_dup0_s20260620_nonbonded,BudgetDoS,m12_no_attack_dup0_s20260620,nonbonded,5488,PRIVPROBE:1,host_scan,504,False,0,host_scan
m12_no_attack_dup0_s20260620_nonbonded,BudgetDoS,m12_no_attack_dup0_s20260620,nonbonded,5514,PRIVPROBE:1,host_scan,504,False,0,host_scan
m12_no_attack_dup0_s20260620_nonbonded,BudgetDoS,m12_no_attack_dup0_s20260620,nonbonded,5531,PRIVPROBE:1,host_scan,504,False,0,host_scan
m12_no_attack_dup0_s20260620_nonbonded,BudgetDoS,m12_no_attack_dup0_s20260620,nonbonded,5545,PRIVPROBE:1,host_scan,504,False,0,host_scan
m12_no_attack_dup0_s20260620_nonbonded,BudgetDoS,m12_no_attack_dup0_s20260620,nonbonded,5562,PRIVPROBE:1,host_scan,504,False,0,host_scan
m12_no_attack_dup0_s20260620_nonbonded,BudgetDoS,m12_no_attack_dup0_s20260620,nonbonded,5585,PRIVPROBE:1,host_scan,504,False,0,host_scan
m12_no_attack_dup0_s20260620_nonbonded,BudgetDoS,m12_no_attack_dup0_s20260620,nonbonded,5599,PRIVPROBE:1,host_scan,504,False,0,host_scan
m12_no_attack_dup0_s20260620_nonbonded,BudgetDoS,m12_no_attack_dup0_s20260620,nonbonded,5623,PRIVPROBE:1,host_scan,504,False,0,host_scan
m12_no_attack_dup0_s20260620_nonbonded,BudgetDoS,m12_no_attack_dup0_s20260620,nonbonded,5643,PRIVPROBE:1,host_scan,504,False,0,host_scan
m12_no_attack_dup0_s20260620_nonbonded,BudgetDoS,m12_no_attack_dup0_s20260620,nonbonded,5667,PRIVPROBE:1,budget_skip,0,False,0,budget_skip
m12_no_attack_dup0_s20260620_nonbonded,BudgetDoS,m12_no_attack_dup0_s20260620,nonbonded,5691,PRIVPROBE:1,budget_skip,0,False,0,budget_skip
m12_no_attack_dup0_s20260620_nonbonded,BudgetDoS,m12_no_attack_dup0_s20260620,nonbonded,5719,PRIVPROBE:1,budget_skip,0,False,0,budget_skip
m12_no_attack_dup0_s20260620_nonbonded,BudgetDoS,m12_no_attack_dup0_s20260620,nonbonded,5743,PRIVPROBE:1,host_scan,504,False,0,host_scan
m12_no_attack_dup0_s20260620_nonbonded,BudgetDoS,m12_no_attack_dup0_s20260620,nonbonded,5765,PRIVPROBE:1,host_scan,504,False,0,host_scan
m12_no_attack_dup0_s20260620_nonbonded,BudgetDoS,m12_no_attack_dup0_s20260620,nonbonded,5784,PRIVPROBE:1,host_scan,504,False,0,host_scan
m12_no_attack_dup0_s20260620_nonbonded,BudgetDoS,m12_no_attack_dup0_s20260620,nonbonded,5805,PRIVPROBE:1,host_scan,504,False,0,host_scan
m12_no_attack_dup0_s20260620_nonbonded,BudgetDoS,m12_no_attack_dup0_s20260620,nonbonded,5824,PRIVPROBE:1,host_scan,504,False,0,host_scan
m12_no_attack_dup0_s20260620_nonbonded,BudgetDoS,m12_no_attack_dup0_s20260620,nonbonded,5842,PRIVPROBE:1,host_scan,504,False,0,host_scan
m12_no_attack_dup0_s20260620_nonbonded,BudgetDoS,m12_no_attack_dup0_s20260620,nonbonded,5863,PRIVPROBE:1,host_scan,504,False,0,host_scan
m12_no_attack_dup0_s20260620_nonbonded,BudgetDoS,m12_no_attack_dup0_s20260620,nonbonded,5881,PRIVPROBE:1,host_scan,504,False,0,host_scan
m12_no_attack_dup0_s20260620_nonbonded,BudgetDoS,m12_no_attack_dup0_s20260620,nonbonded,5899,PRIVPROBE:1,budget_skip,0,False,0,budget_skip
m12_no_attack_dup0_s20260620_nonbonded,BudgetDoS,m12_no_attack_dup0_s20260620,nonbonded,5918,PRIVPROBE:1,budget_skip,0,False,0,budget_skip
m12_no_attack_dup0_s20260620_nonbonded,BudgetDoS,m12_no_attack_dup0_s20260620,nonbonded,5955,PRIVPROBE:1,budget_skip,0,False,0,budget_skip
m12_no_attack_dup0_s20260620_nonbonded,BudgetDoS,m12_no_attack_dup0_s20260620,nonbonded,5983,PRIVPROBE:1,budget_skip,0,False,0,budget_skip
m12_no_attack_dup0_s20260620_nonbonded,BudgetDoS,m12_no_attack_dup0_s20260620,nonbonded,6007,PRIVPROBE:1,host_scan,504,False,0,host_scan
m12_no_attack_dup0_s20260620_nonbonded,BudgetDoS,m12_no_attack_dup0_s20260620,nonbonded,6025,PRIVPROBE:1,host_scan,504,False,0,host_scan
m12_no_attack_dup0_s20260620_nonbonded,BudgetDoS,m12_no_attack_dup0_s20260620,nonbonded,6056,PRIVPROBE:1,host_scan,504,False,0,host_scan
m12_no_attack_dup0_s20260620_nonbonded,BudgetDoS,m12_no_attack_dup0_s20260620,nonbonded,6079,PRIVPROBE:1,host_scan,504,False,0,host_scan
m12_no_attack_dup0_s20260620_nonbonded,BudgetDoS,m12_no_attack_dup0_s20260620,nonbonded,6091,PRIVPROBE:1,host_scan,504,False,0,host_scan
m12_no_attack_dup0_s20260620_nonbonded,BudgetDoS,m12_no_attack_dup0_s20260620,nonbonded,6107,PRIVPROBE:1,host_scan,504,False,0,host_scan
m12_no_attack_dup0_s20260620_nonbonded,BudgetDoS,m12_no_attack_dup0_s20260620,nonbonded,6129,PRIVPROBE:1,host_scan,504,False,0,host_scan
m12_no_attack_dup0_s20260620_nonbonded,BudgetDoS,m12_no_attack_dup0_s20260620,nonbonded,6162,PRIVPROBE:1,host_scan,504,False,0,host_scan
m12_no_attack_dup0_s20260620_nonbonded,BudgetDoS,m12_no_attack_dup0_s20260620,nonbonded,6181,PRIVPROBE:1,budget_skip,0,False,0,budget_skip
m12_no_attack_dup0_s20260620_nonbonded,BudgetDoS,m12_no_attack_dup0_s20260620,nonbonded,6208,PRIVPROBE:1,budget_skip,0,False,0,budget_skip
m12_no_attack_dup0_s20260620_nonbonded,BudgetDoS,m12_no_attack_dup0_s20260620,nonbonded,6231,PRIVPROBE:1,budget_skip,0,False,0,budget_skip
m12_no_attack_dup0_s20260620_nonbonded,BudgetDoS,m12_no_attack_dup0_s20260620,nonbonded,6253,PRIVPROBE:1,budget_skip,0,False,0,budget_skip
m12_no_attack_dup0_s20260620_nonbonded,BudgetDoS,m12_no_attack_dup0_s20260620,nonbonded,6277,PRIVPROBE:1,host_scan,504,False,0,host_scan
m12_no_attack_dup0_s20260620_nonbonded,BudgetDoS,m12_no_attack_dup0_s20260620,nonbonded,6300,PRIVPROBE:1,host_scan,504,False,0,host_scan
m12_no_attack_dup0_s20260620_nonbonded,BudgetDoS,m12_no_attack_dup0_s20260620,nonbonded,6319,PRIVPROBE:1,host_scan,504,False,0,host_scan
m12_no_attack_dup0_s20260620_nonbonded,BudgetDoS,m12_no_attack_dup0_s20260620,nonbonded,6346,PRIVPROBE:1,host_scan,504,False,0,host_scan
m12_no_attack_dup0_s20260620_nonbonded,BudgetDoS,m12_no_attack_dup0_s20260620,nonbonded,6364,PRIVPROBE:1,host_scan,504,False,0,host_scan
m12_no_attack_dup0_s20260620_nonbonded,BudgetDoS,m12_no_attack_dup0_s20260620,nonbonded,6387,PRIVPROBE:1,host_scan,504,False,0,host_scan
m12_no_attack_dup0_s20260620_nonbonded,BudgetDoS,m12_no_attack_dup0_s20260620,nonbonded,6406,PRIVPROBE:1,host_scan,504,False,0,host_scan
m12_no_attack_dup0_s20260620_nonbonded,BudgetDoS,m12_no_attack_dup0_s20260620,nonbonded,6434,PRIVPROBE:1,host_scan,504,False,0,host_scan
m12_no_attack_dup0_s20260620_nonbonded,BudgetDoS,m12_no_attack_dup0_s20260620,nonbonded,6452,PRIVPROBE:1,budget_skip,0,False,0,budget_skip
m12_no_attack_dup0_s20260620_nonbonded,BudgetDoS,m12_no_attack_dup0_s20260620,nonbonded,6470,PRIVPROBE:1,budget_skip,0,False,0,budget_skip
m12_no_attack_dup0_s20260620_nonbonded,BudgetDoS,m12_no_attack_dup0_s20260620,nonbonded,6491,PRIVPROBE:1,budget_skip,0,False,0,budget_skip
m12_no_attack_dup0_s20260620_nonbonded,BudgetDoS,m12_no_attack_dup0_s20260620,nonbonded,6508,PRIVPROBE:1,budget_skip,0,False,0,budget_skip
m12_no_attack_dup0_s20260620_nonbonded,BudgetDoS,m12_no_attack_dup0_s20260620,nonbonded,6523,PRIVPROBE:1,host_scan,504,False,0,host_scan
m12_no_attack_dup0_s20260620_nonbonded,BudgetDoS,m12_no_attack_dup0_s20260620,nonbonded,6549,PRIVPROBE:1,host_scan,504,False,0,host_scan
m12_no_attack_dup0_s20260620_nonbonded,BudgetDoS,m12_no_attack_dup0_s20260620,nonbonded,6566,PRIVPROBE:1,host_scan,504,False,0,host_scan
m12_no_attack_dup0_s20260620_nonbonded,BudgetDoS,m12_no_attack_dup0_s20260620,nonbonded,6589,PRIVPROBE:1,host_scan,504,False,0,host_scan
m12_no_attack_dup0_s20260620_nonbonded,BudgetDoS,m12_no_attack_dup0_s20260620,nonbonded,6606,PRIVPROBE:1,host_scan,504,False,0,host_scan
m12_no_attack_dup0_s20260620_nonbonded,BudgetDoS,m12_no_attack_dup0_s20260620,nonbonded,6623,PRIVPROBE:1,host_scan,504,False,0,host_scan
m12_no_attack_dup0_s20260620_nonbonded,BudgetDoS,m12_no_attack_dup0_s20260620,nonbonded,6646,PRIVPROBE:1,host_scan,504,False,0,host_scan
m12_no_attack_dup0_s20260620_nonbonded,BudgetDoS,m12_no_attack_dup0_s20260620,nonbonded,6668,PRIVPROBE:1,host_scan,504,False,0,host_scan
m12_no_attack_dup0_s20260620_nonbonded,BudgetDoS,m12_no_attack_dup0_s20260620,nonbonded,6701,PRIVPROBE:1,budget_skip,0,False,0,budget_skip
m12_no_attack_dup0_s20260620_nonbonded,BudgetDoS,m12_no_attack_dup0_s20260620,nonbonded,6727,PRIVPROBE:1,budget_skip,0,False,0,budget_skip
m12_no_attack_dup0_s20260620_nonbonded,BudgetDoS,m12_no_attack_dup0_s20260620,nonbonded,6744,PRIVPROBE:1,budget_skip,0,False,0,budget_skip
m12_no_attack_dup0_s20260620_nonbonded,BudgetDoS,m12_no_attack_dup0_s20260620,nonbonded,6763,PRIVPROBE:1,budget_skip,0,False,0,budget_skip
m12_no_attack_dup0_s20260620_nonbonded,BudgetDoS,m12_no_attack_dup0_s20260620,nonbonded,6789,PRIVPROBE:1,host_scan,504,False,0,host_scan
m12_no_attack_dup0_s20260620_nonbonded,BudgetDoS,m12_no_attack_dup0_s20260620,nonbonded,6812,PRIVPROBE:1,host_scan,504,False,0,host_scan
m12_no_attack_dup0_s20260620_nonbonded,BudgetDoS,m12_no_attack_dup0_s20260620,nonbonded,6834,PRIVPROBE:1,host_scan,504,False,0,host_scan
m12_no_attack_dup0_s20260620_nonbonded,BudgetDoS,m12_no_attack_dup0_s20260620,nonbonded,6858,PRIVPROBE:1,host_scan,504,False,0,host_scan
m12_no_attack_dup0_s20260620_nonbonded,BudgetDoS,m12_no_attack_dup0_s20260620,nonbonded,6882,PRIVPROBE:1,host_scan,504,False,0,host_scan
m12_no_attack_dup0_s20260620_nonbonded,BudgetDoS,m12_no_attack_dup0_s20260620,nonbonded,6902,PRIVPROBE:1,host_scan,504,False,0,host_scan
m12_no_attack_dup0_s20260620_nonbonded,BudgetDoS,m12_no_attack_dup0_s20260620,nonbonded,6927,PRIVPROBE:1,host_scan,504,False,0,host_scan
m12_no_attack_dup0_s20260620_nonbonded,BudgetDoS,m12_no_attack_dup0_s20260620,nonbonded,6947,PRIVPROBE:1,host_scan,504,False,0,host_scan
m12_no_attack_dup0_s20260620_nonbonded,BudgetDoS,m12_no_attack_dup0_s20260620,nonbonded,6965,PRIVPROBE:1,budget_skip,0,False,0,budget_skip
m12_no_attack_dup0_s20260620_nonbonded,BudgetDoS,m12_no_attack_dup0_s20260620,nonbonded,6987,PRIVPROBE:1,budget_skip,0,False,0,budget_skip
m12_no_attack_dup0_s20260620_nonbonded,BudgetDoS,m12_no_attack_dup0_s20260620,nonbonded,7011,PRIVPROBE:1,budget_skip,0,False,0,budget_skip
m12_no_attack_dup0_s20260620_nonbonded,BudgetDoS,m12_no_attack_dup0_s20260620,nonbonded,7041,PRIVPROBE:1,budget_skip,0,False,0,budget_skip
m12_no_attack_dup0_s20260620_nonbonded,BudgetDoS,m12_no_attack_dup0_s20260620,nonbonded,7063,PRIVPROBE:1,host_scan,504,False,0,host_scan
m12_no_attack_dup0_s20260620_nonbonded,BudgetDoS,m12_no_attack_dup0_s20260620,nonbonded,7079,PRIVPROBE:1,host_scan,504,False,0,host_scan
m12_no_attack_dup0_s20260620_nonbonded,BudgetDoS,m12_no_attack_dup0_s20260620,nonbonded,7097,PRIVPROBE:1,host_scan,504,False,0,host_scan
m12_no_attack_dup0_s20260620_nonbonded,BudgetDoS,m12_no_attack_dup0_s20260620,nonbonded,7116,PRIVPROBE:1,host_scan,504,False,0,host_scan
m12_no_attack_dup0_s20260620_nonbonded,BudgetDoS,m12_no_attack_dup0_s20260620,nonbonded,7152,PRIVPROBE:1,host_scan,504,False,0,host_scan
m12_no_attack_dup0_s20260620_nonbonded,BudgetDoS,m12_no_attack_dup0_s20260620,nonbonded,7173,PRIVPROBE:1,host_scan,504,False,0,host_scan
m12_no_attack_dup0_s20260620_nonbonded,BudgetDoS,m12_no_attack_dup0_s20260620,nonbonded,7207,PRIVPROBE:1,host_scan,504,False,0,host_scan
m12_no_attack_dup0_s20260620_nonbonded,BudgetDoS,m12_no_attack_dup0_s20260620,nonbonded,7229,PRIVPROBE:1,budget_skip,0,False,0,budget_skip
m12_no_attack_dup0_s20260620_nonbonded,BudgetDoS,m12_no_attack_dup0_s20260620,nonbonded,7247,PRIVPROBE:1,budget_skip,0,False,0,budget_skip
m12_no_attack_dup0_s20260620_nonbonded,BudgetDoS,m12_no_attack_dup0_s20260620,nonbonded,7267,PRIVPROBE:1,budget_skip,0,False,0,budget_skip
m12_no_attack_dup0_s20260620_nonbonded,BudgetDoS,m12_no_attack_dup0_s20260620,nonbonded,7293,PRIVPROBE:1,budget_skip,0,False,0,budget_skip
m12_no_attack_dup0_s20260620_nonbonded,BudgetDoS,m12_no_attack_dup0_s20260620,nonbonded,7317,PRIVPROBE:1,budget_skip,0,False,0,budget_skip
m12_no_attack_dup0_s20260620_nonbonded,BudgetDoS,m12_no_attack_dup0_s20260620,nonbonded,7336,PRIVPROBE:1,host_scan,504,False,0,host_scan
m12_no_attack_dup0_s20260620_nonbonded,BudgetDoS,m12_no_attack_dup0_s20260620,nonbonded,7356,PRIVPROBE:1,host_scan,504,False,0,host_scan
m12_no_attack_dup0_s20260620_nonbonded,BudgetDoS,m12_no_attack_dup0_s20260620,nonbonded,7368,PRIVPROBE:1,host_scan,504,False,0,host_scan
m12_no_attack_dup0_s20260620_nonbonded,BudgetDoS,m12_no_attack_dup0_s20260620,nonbonded,7389,PRIVPROBE:1,host_scan,504,False,0,host_scan
m12_no_attack_dup0_s20260620_nonbonded,BudgetDoS,m12_no_attack_dup0_s20260620,nonbonded,7416,PRIVPROBE:1,host_scan,504,False,0,host_scan
m12_no_attack_dup0_s20260620_nonbonded,BudgetDoS,m12_no_attack_dup0_s20260620,nonbonded,7436,PRIVPROBE:1,host_scan,504,False,0,host_scan
m12_no_attack_dup0_s20260620_nonbonded,BudgetDoS,m12_no_attack_dup0_s20260620,nonbonded,7471,PRIVPROBE:1,host_scan,504,False,0,host_scan
m12_no_attack_dup0_s20260620_nonbonded,BudgetDoS,m12_no_attack_dup0_s20260620,nonbonded,7491,PRIVPROBE:1,host_scan,504,False,0,host_scan
m12_no_attack_dup0_s20260620_nonbonded,BudgetDoS,m12_no_attack_dup0_s20260620,nonbonded,7510,PRIVPROBE:1,budget_skip,0,False,0,budget_skip
m12_no_attack_dup0_s20260620_nonbonded,BudgetDoS,m12_no_attack_dup0_s20260620,nonbonded,7523,PRIVPROBE:1,budget_skip,0,False,0,budget_skip
m12_no_attack_dup0_s20260620_nonbonded,BudgetDoS,m12_no_attack_dup0_s20260620,nonbonded,7549,PRIVPROBE:1,budget_skip,0,False,0,budget_skip
m12_no_attack_dup0_s20260620_nonbonded,BudgetDoS,m12_no_attack_dup0_s20260620,nonbonded,7563,PRIVPROBE:1,budget_skip,0,False,0,budget_skip
