run_id,method,paired_trace_id,identity_label_for_scoring,event_id,rpa_value,action,aes_attempts,deferred,delay_ms,admission_path
m12_heavy_flood_dup0_s20260614_bonded,P3-Persist,m12_heavy_flood_dup0_s20260614,bonded,67371,PRIVPROBE:0,cache_hit,0,False,0,cache
m12_heavy_flood_dup0_s20260614_bonded,P3-Persist,m12_heavy_flood_dup0_s20260614,bonded,68499,PRIVPROBE:0,cache_hit,0,False,0,cache
m12_heavy_flood_dup0_s20260614_bonded,P3-Persist,m12_heavy_flood_dup0_s20260614,bonded,69655,PRIVPROBE:0,cache_hit,0,False,0,cache
m12_heavy_flood_dup0_s20260614_bonded,P3-Persist,m12_heavy_flood_dup0_s20260614,bonded,70830,PRIVPROBE:0,cache_hit,0,False,0,cache
m12_heavy_flood_dup0_s20260614_bonded,P3-Persist,m12_heavy_flood_dup0_s20260614,bonded,72022,PRIVPROBE:0,cache_hit,0,False,0,cache
m12_heavy_flood_dup0_s20260614_bonded,P3-Persist,m12_heavy_flood_dup0_s20260614,bonded,73136,PRIVPROBE:0,cache_hit,0,False,0,cache
m12_heavy_flood_dup0_s20260614_bonded,P3-Persist,m12_heavy_flood_dup0_s20260614,bonded,74273,PRIVPROBE:0,cache_hit,0,False,0,cache
m12_heavy_flood_dup0_s20260614_bonded,P3-Persist,m12_heavy_flood_dup0_s20260614,bonded,75396,PRIVPROBE:0,cache_hit,0,False,0,cache
m12_heavy_flood_dup0_s20260614_bonded,P3-Persist,m12_heavy_flood_dup0_s20260614,bonded,76441,PRIVPROBE:0,cache_hit,0,False,0,cache
m12_heavy_flood_dup0_s20260614_bonded,P3-Persist,m12_heavy_flood_dup0_s20260614,bonded,77494,PRIVPROBE:0,cache_hit,0,False,0,cache
m12_heavy_flood_dup0_s20260614_bonded,P3-Persist,m12_heavy_flood_dup0_s20260614,bonded,78568,PRIVPROBE:0,cache_hit,0,False,0,cache
m12_heavy_flood_dup0_s20260614_bonded,P3-Persist,m12_heavy_flood_dup0_s20260614,bonded,79729,PRIVPROBE:0,cache_hit,0,False,0,cache
m12_heavy_flood_dup0_s20260614_bonded,P3-Persist,m12_heavy_flood_dup0_s20260614,bonded,80801,PRIVPROBE:0,cache_hit,0,False,0,cache
m12_heavy_flood_dup0_s20260614_bonded,P3-Persist,m12_heavy_flood_dup0_s20260614,bonded,81957,PRIVPROBE:0,cache_hit,0,False,0,cache
m12_heavy_flood_dup0_s20260614_bonded,P3-Persist,m12_heavy_flood_dup0_s20260614,bonded,83060,PRIVPROBE:0,cache_hit,0,False,0,cache
m12_heavy_flood_dup0_s20260614_bonded,P3-Persist,m12_heavy_flood_dup0_s20260614,bonded,84152,PRIVPROBE:0,cache_hit,0,False,0,cache
m12_heavy_flood_dup0_s20260614_bonded,P3-Persist,m12_heavy_flood_dup0_s20260614,bonded,85244,PRIVPROBE:0,cache_hit,0,False,0,cache
m12_heavy_flood_dup0_s20260614_bonded,P3-Persist,m12_heavy_flood_dup0_s20260614,bonded,86361,PRIVPROBE:0,cache_hit,0,False,0,cache
m12_heavy_flood_dup0_s20260614_bonded,P3-Persist,m12_heavy_flood_dup0_s20260614,bonded,87429,PRIVPROBE:0,cache_hit,0,False,0,cache
m12_heavy_flood_dup0_s20260614_bonded,P3-Persist,m12_heavy_flood_dup0_s20260614,bonded,88611,PRIVPROBE:0,cache_hit,0,False,0,cache
m12_heavy_flood_dup0_s20260614_bonded,P3-Persist,m12_heavy_flood_dup0_s20260614,bonded,89721,PRIVPROBE:0,cache_hit,0,False,0,cache
m12_heavy_flood_dup0_s20260614_bonded,P3-Persist,m12_heavy_flood_dup0_s20260614,bonded,90764,PRIVPROBE:0,cache_hit,0,False,0,cache
m12_heavy_flood_dup0_s20260614_bonded,P3-Persist,m12_heavy_flood_dup0_s20260614,bonded,91898,PRIVPROBE:0,cache_hit,0,False,0,cache
m12_heavy_flood_dup0_s20260614_bonded,P3-Persist,m12_heavy_flood_dup0_s20260614,bonded,93011,PRIVPROBE:0,cache_hit,0,False,0,cache
m12_heavy_flood_dup0_s20260614_bonded,P3-Persist,m12_heavy_flood_dup0_s20260614,bonded,94147,PRIVPROBE:0,cache_hit,0,False,0,cache
m12_heavy_flood_dup0_s20260614_bonded,P3-Persist,m12_heavy_flood_dup0_s20260614,bonded,95255,PRIVPROBE:0,cache_hit,0,False,0,cache
m12_heavy_flood_dup0_s20260614_bonded,P3-Persist,m12_heavy_flood_dup0_s20260614,bonded,96338,PRIVPROBE:0,cache_hit,0,False,0,cache
m12_heavy_flood_dup0_s20260614_bonded,P3-Persist,m12_heavy_flood_dup0_s20260614,bonded,97437,PRIVPROBE:0,cache_hit,0,False,0,cache
m12_heavy_flood_dup0_s20260614_bonded,P3-Persist,m12_heavy_flood_dup0_s20260614,bonded,98537,PRIVPROBE:0,cache_hit,0,False,0,cache
m12_heavy_flood_dup0_s20260614_bonded,P3-Persist,m12_heavy_flood_dup0_s20260614,bonded,99607,PRIVPROBE:0,cache_hit,0,False,0,cache
m12_heavy_flood_dup0_s20260614_bonded,P3-Persist,m12_heavy_flood_dup0_s20260614,bonded,100695,PRIVPROBE:0,cache_hit,0,False,0,cache
m12_heavy_flood_dup0_s20260614_bonded,P3-Persist,m12_heavy_flood_dup0_s20260614,bonded,101911,PRIVPROBE:0,cache_hit,0,False,0,cache
m12_heavy_flood_dup0_s20260614_bonded,P3-Persist,m12_heavy_flood_dup0_s20260614,bonded,102953,PRIVPROBE:0,cache_hit,0,False,0,cache
m12_heavy_flood_dup0_s20260614_bonded,P3-Persist,m12_heavy_flood_dup0_s20260614,bonded,104104,PRIVPROBE:0,cache_hit,0,False,0,cache
m12_heavy_flood_dup0_s20260614_bonded,P3-Persist,m12_heavy_flood_dup0_s20260614,bonded,105246,PRIVPROBE:0,cache_hit,0,False,0,cache
m12_heavy_flood_dup0_s20260614_bonded,P3-Persist,m12_heavy_flood_dup0_s20260614,bonded,106392,PRIVPROBE:0,cache_hit,0,False,0,cache
m12_heavy_flood_dup0_s20260614_bonded,P3-Persist,m12_heavy_flood_dup0_s20260614,bonded,107456,PRIVPROBE:0,cache_hit,0,False,0,cache
m12_heavy_flood_dup0_s20260614_bonded,P3-Persist,m12_heavy_flood_dup0_s20260614,bonded,108597,PRIVPROBE:0,cache_hit,0,False,0,cache
m12_heavy_flood_dup0_s20260614_bonded,P3-Persist,m12_heavy_flood_dup0_s20260614,bonded,109745,PRIVPROBE:0,cache_hit,0,False,0,cache
m12_heavy_flood_dup0_s20260614_bonded,P3-Persist,m12_heavy_flood_dup0_s20260614,bonded,110893,PRIVPROBE:0,cache_hit,0,False,0,cache
m12_heavy_flood_dup0_s20260614_bonded,P3-Persist,m12_heavy_flood_dup0_s20260614,bonded,112035,PRIVPROBE:0,cache_hit,0,False,0,cache
m12_heavy_flood_dup0_s20260614_bonded,P3-Persist,m12_heavy_flood_dup0_s20260614,bonded,113165,PRIVPROBE:0,cache_hit,0,False,0,cache
m12_heavy_flood_dup0_s20260614_bonded,P3-Persist,m12_heavy_flood_dup0_s20260614,bonded,114269,PRIVPROBE:0,cache_hit,0,False,0,cache
m12_heavy_flood_dup0_s20260614_bonded,P3-Persist,m12_heavy_flood_dup0_s20260614,bonded,115365,PRIVPROBE:0,cache_hit,0,False,0,cache
m12_heavy_flood_dup0_s20260614_bonded,P3-Persist,m12_heavy_flood_dup0_s20260614,bonded,116500,PRIVPROBE:0,cache_hit,0,False,0,cache
m12_heavy_flood_dup0_s20260614_bonded,P3-Persist,m12_heavy_flood_dup0_s20260614,bonded,117646,PRIVPROBE:0,cache_hit,0,False,0,cache
m12_heavy_flood_dup0_s20260614_bonded,P3-Persist,m12_heavy_flood_dup0_s20260614,bonded,118785,PRIVPROBE:0,cache_hit,0,False,0,cache
m12_heavy_flood_dup0_s20260614_bonded,P3-Persist,m12_heavy_flood_dup0_s20260614,bonded,119858,PRIVPROBE:0,cache_hit,0,False,0,cache
m12_heavy_flood_dup0_s20260614_bonded,P3-Persist,m12_heavy_flood_dup0_s20260614,bonded,120981,PRIVPROBE:0,cache_hit,0,False,0,cache
m12_heavy_flood_dup0_s20260614_bonded,P3-Persist,m12_heavy_flood_dup0_s20260614,bonded,122059,PRIVPROBE:0,cache_hit,0,False,0,cache
m12_heavy_flood_dup0_s20260614_bonded,P3-Persist,m12_heavy_flood_dup0_s20260614,bonded,123156,PRIVPROBE:0,cache_hit,0,False,0,cache
m12_heavy_flood_dup0_s20260614_bonded,P3-Persist,m12_heavy_flood_dup0_s20260614,bonded,124274,PRIVPROBE:0,cache_hit,0,False,0,cache
m12_heavy_flood_dup0_s20260614_bonded,P3-Persist,m12_heavy_flood_dup0_s20260614,bonded,125392,PRIVPROBE:0,cache_hit,0,False,0,cache
m12_heavy_flood_dup0_s20260614_bonded,P3-Persist,m12_heavy_flood_dup0_s20260614,bonded,126521,PRIVPROBE:0,cache_hit,0,False,0,cache
m12_heavy_flood_dup0_s20260614_bonded,P3-Persist,m12_heavy_flood_dup0_s20260614,bonded,127698,PRIVPROBE:0,cache_hit,0,False,0,cache
m12_heavy_flood_dup0_s20260614_bonded,P3-Persist,m12_heavy_flood_dup0_s20260614,bonded,128826,PRIVPROBE:0,cache_hit,0,False,0,cache
m12_heavy_flood_dup0_s20260614_bonded,P3-Persist,m12_heavy_flood_dup0_s20260614,bonded,129909,PRIVPROBE:0,cache_hit,0,False,0,cache
m12_heavy_flood_dup0_s20260614_bonded,P3-Persist,m12_heavy_flood_dup0_s20260614,bonded,131057,PRIVPROBE:0,cache_hit,0,False,0,cache
m12_heavy_flood_dup0_s20260614_bonded,P3-Persist,m12_heavy_flood_dup0_s20260614,bonded,132127,PRIVPROBE:0,cache_hit,0,False,0,cache
m12_heavy_flood_dup0_s20260614_bonded,P3-Persist,m12_heavy_flood_dup0_s20260614,bonded,133265,PRIVPROBE:0,cache_hit,0,False,0,cache
m12_heavy_flood_dup0_s20260614_bonded,P3-Persist,m12_heavy_flood_dup0_s20260614,bonded,134383,PRIVPROBE:0,cache_hit,0,False,0,cache
m12_heavy_flood_dup0_s20260614_bonded,P3-Persist,m12_heavy_flood_dup0_s20260614,bonded,135463,PRIVPROBE:0,cache_hit,0,False,0,cache
m12_heavy_flood_dup0_s20260614_bonded,P3-Persist,m12_heavy_flood_dup0_s20260614,bonded,136581,PRIVPROBE:0,cache_hit,0,False,0,cache
m12_heavy_flood_dup0_s20260614_bonded,P3-Persist,m12_heavy_flood_dup0_s20260614,bonded,137713,PRIVPROBE:0,cache_hit,0,False,0,cache
m12_heavy_flood_dup0_s20260614_bonded,P3-Persist,m12_heavy_flood_dup0_s20260614,bonded,138837,PRIVPROBE:0,cache_hit,0,False,0,cache
m12_heavy_flood_dup0_s20260614_bonded,P3-Persist,m12_heavy_flood_dup0_s20260614,bonded,139966,PRIVPROBE:0,cache_hit,0,False,0,cache
m12_heavy_flood_dup0_s20260614_bonded,P3-Persist,m12_heavy_flood_dup0_s20260614,bonded,141108,PRIVPROBE:0,cache_hit,0,False,0,cache
m12_heavy_flood_dup0_s20260614_bonded,P3-Persist,m12_heavy_flood_dup0_s20260614,bonded,142284,PRIVPROBE:0,cache_hit,0,False,0,cache
m12_heavy_flood_dup0_s20260614_bonded,P3-Persist,m12_heavy_flood_dup0_s20260614,bonded,143333,PRIVPROBE:0,cache_hit,0,False,0,cache
m12_heavy_flood_dup0_s20260614_bonded,P3-Persist,m12_heavy_flood_dup0_s20260614,bonded,144467,PRIVPROBE:0,cache_hit,0,False,0,cache
m12_heavy_flood_dup0_s20260614_bonded,P3-Persist,m12_heavy_flood_dup0_s20260614,bonded,145575,PRIVPROBE:0,cache_hit,0,False,0,cache
m12_heavy_flood_dup0_s20260614_bonded,P3-Persist,m12_heavy_flood_dup0_s20260614,bonded,146636,PRIVPROBE:0,cache_hit,0,False,0,cache
m12_heavy_flood_dup0_s20260614_bonded,P3-Persist,m12_heavy_flood_dup0_s20260614,bonded,147737,PRIVPROBE:0,cache_hit,0,False,0,cache
m12_heavy_flood_dup0_s20260614_bonded,P3-Persist,m12_heavy_flood_dup0_s20260614,bonded,148876,PRIVPROBE:0,cache_hit,0,False,0,cache
m12_heavy_flood_dup0_s20260614_bonded,P3-Persist,m12_heavy_flood_dup0_s20260614,bonded,149910,PRIVPROBE:0,cache_hit,0,False,0,cache
m12_heavy_flood_dup0_s20260614_bonded,P3-Persist,m12_heavy_flood_dup0_s20260614,bonded,150916,PRIVPROBE:0,cache_hit,0,False,0,cache
m12_heavy_flood_dup0_s20260614_bonded,P3-Persist,m12_heavy_flood_dup0_s20260614,bonded,152005,PRIVPROBE:0,cache_hit,0,False,0,cache
m12_heavy_flood_dup0_s20260614_bonded,P3-Persist,m12_heavy_flood_dup0_s20260614,bonded,153139,PRIVPROBE:0,cache_hit,0,False,0,cache
m12_heavy_flood_dup0_s20260614_bonded,P3-Persist,m12_heavy_flood_dup0_s20260614,bonded,154234,PRIVPROBE:0,cache_hit,0,False,0,cache
m12_heavy_flood_dup0_s20260614_bonded,P3-Persist,m12_heavy_flood_dup0_s20260614,bonded,155305,PRIVPROBE:0,cache_hit,0,False,0,cache
m12_heavy_flood_dup0_s20260614_bonded,P3-Persist,m12_heavy_flood_dup0_s20260614,bonded,156470,PRIVPROBE:0,cache_hit,0,False,0,cache
m12_heavy_flood_dup0_s20260614_bonded,P3-Persist,m12_heavy_flood_dup0_s20260614,bonded,157602,PRIVPROBE:0,cache_hit,0,False,0,cache
m12_heavy_flood_dup0_s20260614_bonded,P3-Persist,m12_heavy_flood_dup0_s20260614,bonded,158670,PRIVPROBE:0,cache_hit,0,False,0,cache
m12_heavy_flood_dup0_s20260614_bonded,P3-Persist,m12_heavy_flood_dup0_s20260614,bonded,159728,PRIVPROBE:0,cache_hit,0,False,0,cache
m12_heavy_flood_dup0_s20260614_bonded,P3-Persist,m12_heavy_flood_dup0_s20260614,bonded,160851,PRIVPROBE:0,cache_hit,0,False,0,cache
m12_heavy_flood_dup0_s20260614_bonded,P3-Persist,m12_heavy_flood_dup0_s20260614,bonded,161938,PRIVPROBE:0,cache_hit,0,False,0,cache
m12_heavy_flood_dup0_s20260614_bonded,P3-Persist,m12_heavy_flood_dup0_s20260614,bonded,163101,PRIVPROBE:0,cache_hit,0,False,0,cache
m12_heavy_flood_dup0_s20260614_bonded,P3-Persist,m12_heavy_flood_dup0_s20260614,bonded,164267,PRIVPROBE:0,cache_hit,0,False,0,cache
m12_heavy_flood_dup0_s20260614_bonded,P3-Persist,m12_heavy_flood_dup0_s20260614,bonded,165343,PRIVPROBE:0,cache_hit,0,False,0,cache
m12_heavy_flood_dup0_s20260614_bonded,P3-Persist,m12_heavy_flood_dup0_s20260614,bonded,166476,PRIVPROBE:0,cache_hit,0,False,0,cache
m12_heavy_flood_dup0_s20260614_bonded,P3-Persist,m12_heavy_flood_dup0_s20260614,bonded,167588,PRIVPROBE:0,cache_hit,0,False,0,cache
m12_heavy_flood_dup0_s20260614_bonded,P3-Persist,m12_heavy_flood_dup0_s20260614,bonded,168725,PRIVPROBE:0,cache_hit,0,False,0,cache
m12_heavy_flood_dup0_s20260614_bonded,P3-Persist,m12_heavy_flood_dup0_s20260614,bonded,169807,PRIVPROBE:0,cache_hit,0,False,0,cache
m12_heavy_flood_dup0_s20260614_bonded,P3-Persist,m12_heavy_flood_dup0_s20260614,bonded,170970,PRIVPROBE:0,cache_hit,0,False,0,cache
m12_heavy_flood_dup0_s20260614_bonded,P3-Persist,m12_heavy_flood_dup0_s20260614,bonded,172055,PRIVPROBE:0,cache_hit,0,False,0,cache
m12_heavy_flood_dup0_s20260614_bonded,P3-Persist,m12_heavy_flood_dup0_s20260614,bonded,173189,PRIVPROBE:0,cache_hit,0,False,0,cache
m12_heavy_flood_dup0_s20260614_bonded,P3-Persist,m12_heavy_flood_dup0_s20260614,bonded,174288,PRIVPROBE:0,cache_hit,0,False,0,cache
m12_heavy_flood_dup0_s20260614_bonded,P3-Persist,m12_heavy_flood_dup0_s20260614,bonded,175379,PRIVPROBE:0,cache_hit,0,False,0,cache
m12_heavy_flood_dup0_s20260614_bonded,P3-Persist,m12_heavy_flood_dup0_s20260614,bonded,176507,PRIVPROBE:0,cache_hit,0,False,0,cache
m12_heavy_flood_dup0_s20260614_bonded,P3-Persist,m12_heavy_flood_dup0_s20260614,bonded,177551,PRIVPROBE:0,cache_hit,0,False,0,cache
m12_heavy_flood_dup0_s20260614_bonded,P3-Persist,m12_heavy_flood_dup0_s20260614,bonded,178613,PRIVPROBE:0,cache_hit,0,False,0,cache
m12_heavy_flood_dup0_s20260614_bonded,P3-Persist,m12_heavy_flood_dup0_s20260614,bonded,179714,PRIVPROBE:0,cache_hit,0,False,0,cache
m12_heavy_flood_dup0_s20260614_bonded,P3-Persist,m12_heavy_flood_dup0_s20260614,bonded,180837,PRIVPROBE:0,cache_hit,0,False,0,cache
m12_heavy_flood_dup0_s20260614_bonded,P3-Persist,m12_heavy_flood_dup0_s20260614,bonded,181954,PRIVPROBE:0,cache_hit,0,False,0,cache
m12_heavy_flood_dup0_s20260614_bonded,P3-Persist,m12_heavy_flood_dup0_s20260614,bonded,183053,PRIVPROBE:0,cache_hit,0,False,0,cache
m12_heavy_flood_dup0_s20260614_bonded,P3-Persist,m12_heavy_flood_dup0_s20260614,bonded,184156,PRIVPROBE:0,cache_hit,0,False,0,cache
m12_heavy_flood_dup0_s20260614_bonded,P3-Persist,m12_heavy_flood_dup0_s20260614,bonded,185259,PRIVPROBE:0,cache_hit,0,False,0,cache
m12_heavy_flood_dup0_s20260614_bonded,P3-Persist,m12_heavy_flood_dup0_s20260614,bonded,186362,PRIVPROBE:0,cache_hit,0,False,0,cache
m12_heavy_flood_dup0_s20260614_bonded,P3-Persist,m12_heavy_flood_dup0_s20260614,bonded,187476,PRIVPROBE:0,cache_hit,0,False,0,cache
m12_heavy_flood_dup0_s20260614_bonded,P3-Persist,m12_heavy_flood_dup0_s20260614,bonded,188545,PRIVPROBE:0,cache_hit,0,False,0,cache
m12_heavy_flood_dup0_s20260614_bonded,P3-Persist,m12_heavy_flood_dup0_s20260614,bonded,189648,PRIVPROBE:0,cache_hit,0,False,0,cache
m12_heavy_flood_dup0_s20260614_bonded,P3-Persist,m12_heavy_flood_dup0_s20260614,bonded,190724,PRIVPROBE:0,cache_hit,0,False,0,cache
m12_heavy_flood_dup0_s20260614_bonded,P3-Persist,m12_heavy_flood_dup0_s20260614,bonded,191836,PRIVPROBE:0,cache_hit,0,False,0,cache
m12_heavy_flood_dup0_s20260614_bonded,P3-Persist,m12_heavy_flood_dup0_s20260614,bonded,192953,PRIVPROBE:0,cache_hit,0,False,0,cache
m12_heavy_flood_dup0_s20260614_bonded,P3-Persist,m12_heavy_flood_dup0_s20260614,bonded,194095,PRIVPROBE:0,cache_hit,0,False,0,cache
m12_heavy_flood_dup0_s20260614_bonded,P3-Persist,m12_heavy_flood_dup0_s20260614,bonded,195210,PRIVPROBE:0,cache_hit,0,False,0,cache
m12_heavy_flood_dup0_s20260614_bonded,P3-Persist,m12_heavy_flood_dup0_s20260614,bonded,196254,PRIVPROBE:0,cache_hit,0,False,0,cache
m12_heavy_flood_dup0_s20260614_bonded,P3-Persist,m12_heavy_flood_dup0_s20260614,bonded,197338,PRIVPROBE:0,cache_hit,0,False,0,cache
m12_heavy_flood_dup0_s20260614_bonded,P3-Persist,m12_heavy_flood_dup0_s20260614,bonded,198461,PRIVPROBE:0,cache_hit,0,False,0,cache
m12_heavy_flood_dup0_s20260614_bonded,P3-Persist,m12_heavy_flood_dup0_s20260614,bonded,199613,PRIVPROBE:0,cache_hit,0,False,0,cache
m12_heavy_flood_dup0_s20260614_bonded,P3-Persist,m12_heavy_flood_dup0_s20260614,bonded,200691,PRIVPROBE:1,defer,0,True,1000,defer
m12_heavy_flood_dup0_s20260614_bonded,P3-Persist,m12_heavy_flood_dup0_s20260614,bonded,201786,PRIVPROBE:1,host_scan,504,False,0,reserve
m12_heavy_flood_dup0_s20260614_bonded,P3-Persist,m12_heavy_flood_dup0_s20260614,bonded,202902,PRIVPROBE:1,cache_hit,0,False,0,cache
m12_heavy_flood_dup0_s20260614_bonded,P3-Persist,m12_heavy_flood_dup0_s20260614,bonded,204002,PRIVPROBE:1,cache_hit,0,False,0,cache
m12_heavy_flood_dup0_s20260614_bonded,P3-Persist,m12_heavy_flood_dup0_s20260614,bonded,205123,PRIVPROBE:1,cache_hit,0,False,0,cache
m12_heavy_flood_dup0_s20260614_bonded,P3-Persist,m12_heavy_flood_dup0_s20260614,bonded,206296,PRIVPROBE:1,cache_hit,0,False,0,cache
m12_heavy_flood_dup0_s20260614_bonded,P3-Persist,m12_heavy_flood_dup0_s20260614,bonded,207332,PRIVPROBE:1,cache_hit,0,False,0,cache
m12_heavy_flood_dup0_s20260614_bonded,P3-Persist,m12_heavy_flood_dup0_s20260614,bonded,208403,PRIVPROBE:1,cache_hit,0,False,0,cache
m12_heavy_flood_dup0_s20260614_bonded,P3-Persist,m12_heavy_flood_dup0_s20260614,bonded,209523,PRIVPROBE:1,cache_hit,0,False,0,cache
m12_heavy_flood_dup0_s20260614_bonded,P3-Persist,m12_heavy_flood_dup0_s20260614,bonded,210646,PRIVPROBE:1,cache_hit,0,False,0,cache
m12_heavy_flood_dup0_s20260614_bonded,P3-Persist,m12_heavy_flood_dup0_s20260614,bonded,211810,PRIVPROBE:1,cache_hit,0,False,0,cache
m12_heavy_flood_dup0_s20260614_bonded,P3-Persist,m12_heavy_flood_dup0_s20260614,bonded,212831,PRIVPROBE:1,cache_hit,0,False,0,cache
m12_heavy_flood_dup0_s20260614_bonded,P3-Persist,m12_heavy_flood_dup0_s20260614,bonded,213935,PRIVPROBE:1,cache_hit,0,False,0,cache
m12_heavy_flood_dup0_s20260614_bonded,P3-Persist,m12_heavy_flood_dup0_s20260614,bonded,215075,PRIVPROBE:1,cache_hit,0,False,0,cache
m12_heavy_flood_dup0_s20260614_bonded,P3-Persist,m12_heavy_flood_dup0_s20260614,bonded,216206,PRIVPROBE:1,cache_hit,0,False,0,cache
m12_heavy_flood_dup0_s20260614_bonded,P3-Persist,m12_heavy_flood_dup0_s20260614,bonded,217313,PRIVPROBE:1,cache_hit,0,False,0,cache
m12_heavy_flood_dup0_s20260614_bonded,P3-Persist,m12_heavy_flood_dup0_s20260614,bonded,218395,PRIVPROBE:1,cache_hit,0,False,0,cache
m12_heavy_flood_dup0_s20260614_bonded,P3-Persist,m12_heavy_flood_dup0_s20260614,bonded,219483,PRIVPROBE:1,cache_hit,0,False,0,cache
m12_heavy_flood_dup0_s20260614_bonded,P3-Persist,m12_heavy_flood_dup0_s20260614,bonded,220616,PRIVPROBE:1,cache_hit,0,False,0,cache
m12_heavy_flood_dup0_s20260614_bonded,P3-Persist,m12_heavy_flood_dup0_s20260614,bonded,221720,PRIVPROBE:1,cache_hit,0,False,0,cache
m12_heavy_flood_dup0_s20260614_bonded,P3-Persist,m12_heavy_flood_dup0_s20260614,bonded,222843,PRIVPROBE:1,cache_hit,0,False,0,cache
m12_heavy_flood_dup0_s20260614_bonded,P3-Persist,m12_heavy_flood_dup0_s20260614,bonded,223912,PRIVPROBE:1,cache_hit,0,False,0,cache
m12_heavy_flood_dup0_s20260614_bonded,P3-Persist,m12_heavy_flood_dup0_s20260614,bonded,224995,PRIVPROBE:1,cache_hit,0,False,0,cache
m12_heavy_flood_dup0_s20260614_bonded,P3-Persist,m12_heavy_flood_dup0_s20260614,bonded,226082,PRIVPROBE:1,cache_hit,0,False,0,cache
m12_heavy_flood_dup0_s20260614_bonded,P3-Persist,m12_heavy_flood_dup0_s20260614,bonded,227183,PRIVPROBE:1,cache_hit,0,False,0,cache
m12_heavy_flood_dup0_s20260614_bonded,P3-Persist,m12_heavy_flood_dup0_s20260614,bonded,228208,PRIVPROBE:1,cache_hit,0,False,0,cache
m12_heavy_flood_dup0_s20260614_bonded,P3-Persist,m12_heavy_flood_dup0_s20260614,bonded,229289,PRIVPROBE:1,cache_hit,0,False,0,cache
m12_heavy_flood_dup0_s20260614_bonded,P3-Persist,m12_heavy_flood_dup0_s20260614,bonded,230404,PRIVPROBE:1,cache_hit,0,False,0,cache
m12_heavy_flood_dup0_s20260614_bonded,P3-Persist,m12_heavy_flood_dup0_s20260614,bonded,231491,PRIVPROBE:1,cache_hit,0,False,0,cache
m12_heavy_flood_dup0_s20260614_bonded,P3-Persist,m12_heavy_flood_dup0_s20260614,bonded,232598,PRIVPROBE:1,cache_hit,0,False,0,cache
m12_heavy_flood_dup0_s20260614_bonded,P3-Persist,m12_heavy_flood_dup0_s20260614,bonded,233703,PRIVPROBE:1,cache_hit,0,False,0,cache
m12_heavy_flood_dup0_s20260614_bonded,P3-Persist,m12_heavy_flood_dup0_s20260614,bonded,234783,PRIVPROBE:1,cache_hit,0,False,0,cache
m12_heavy_flood_dup0_s20260614_bonded,P3-Persist,m12_heavy_flood_dup0_s20260614,bonded,235887,PRIVPROBE:1,cache_hit,0,False,0,cache
m12_heavy_flood_dup0_s20260614_bonded,P3-Persist,m12_heavy_flood_dup0_s20260614,bonded,236997,PRIVPROBE:1,cache_hit,0,False,0,cache
m12_heavy_flood_dup0_s20260614_bonded,P3-Persist,m12_heavy_flood_dup0_s20260614,bonded,238055,PRIVPROBE:1,cache_hit,0,False,0,cache
m12_heavy_flood_dup0_s20260614_bonded,P3-Persist,m12_heavy_flood_dup0_s20260614,bonded,239131,PRIVPROBE:1,cache_hit,0,False,0,cache
m12_heavy_flood_dup0_s20260614_bonded,P3-Persist,m12_heavy_flood_dup0_s20260614,bonded,240195,PRIVPROBE:1,cache_hit,0,False,0,cache
m12_heavy_flood_dup0_s20260614_bonded,P3-Persist,m12_heavy_flood_dup0_s20260614,bonded,241277,PRIVPROBE:1,cache_hit,0,False,0,cache
m12_heavy_flood_dup0_s20260614_bonded,P3-Persist,m12_heavy_flood_dup0_s20260614,bonded,242404,PRIVPROBE:1,cache_hit,0,False,0,cache
m12_heavy_flood_dup0_s20260614_bonded,P3-Persist,m12_heavy_flood_dup0_s20260614,bonded,243557,PRIVPROBE:1,cache_hit,0,False,0,cache
m12_heavy_flood_dup0_s20260614_bonded,P3-Persist,m12_heavy_flood_dup0_s20260614,bonded,244628,PRIVPROBE:1,cache_hit,0,False,0,cache
m12_heavy_flood_dup0_s20260614_bonded,P3-Persist,m12_heavy_flood_dup0_s20260614,bonded,245764,PRIVPROBE:1,cache_hit,0,False,0,cache
m12_heavy_flood_dup0_s20260614_bonded,P3-Persist,m12_heavy_flood_dup0_s20260614,bonded,246887,PRIVPROBE:1,cache_hit,0,False,0,cache
m12_heavy_flood_dup0_s20260614_bonded,P3-Persist,m12_heavy_flood_dup0_s20260614,bonded,248005,PRIVPROBE:1,cache_hit,0,False,0,cache
m12_heavy_flood_dup0_s20260614_bonded,P3-Persist,m12_heavy_flood_dup0_s20260614,bonded,249179,PRIVPROBE:1,cache_hit,0,False,0,cache
m12_heavy_flood_dup0_s20260614_bonded,P3-Persist,m12_heavy_flood_dup0_s20260614,bonded,250294,PRIVPROBE:1,cache_hit,0,False,0,cache
m12_heavy_flood_dup0_s20260614_bonded,P3-Persist,m12_heavy_flood_dup0_s20260614,bonded,251432,PRIVPROBE:1,cache_hit,0,False,0,cache
m12_heavy_flood_dup0_s20260614_bonded,P3-Persist,m12_heavy_flood_dup0_s20260614,bonded,252534,PRIVPROBE:1,cache_hit,0,False,0,cache
m12_heavy_flood_dup0_s20260614_bonded,P3-Persist,m12_heavy_flood_dup0_s20260614,bonded,253642,PRIVPROBE:1,cache_hit,0,False,0,cache
m12_heavy_flood_dup0_s20260614_bonded,P3-Persist,m12_heavy_flood_dup0_s20260614,bonded,254742,PRIVPROBE:1,cache_hit,0,False,0,cache
m12_heavy_flood_dup0_s20260614_bonded,P3-Persist,m12_heavy_flood_dup0_s20260614,bonded,255853,PRIVPROBE:1,cache_hit,0,False,0,cache
m12_heavy_flood_dup0_s20260614_bonded,P3-Persist,m12_heavy_flood_dup0_s20260614,bonded,256942,PRIVPROBE:1,cache_hit,0,False,0,cache
m12_heavy_flood_dup0_s20260614_bonded,P3-Persist,m12_heavy_flood_dup0_s20260614,bonded,258043,PRIVPROBE:1,cache_hit,0,False,0,cache
m12_heavy_flood_dup0_s20260614_bonded,P3-Persist,m12_heavy_flood_dup0_s20260614,bonded,259197,PRIVPROBE:1,cache_hit,0,False,0,cache
m12_heavy_flood_dup0_s20260614_bonded,P3-Persist,m12_heavy_flood_dup0_s20260614,bonded,260291,PRIVPROBE:1,cache_hit,0,False,0,cache
m12_heavy_flood_dup0_s20260614_bonded,P3-Persist,m12_heavy_flood_dup0_s20260614,bonded,261357,PRIVPROBE:1,cache_hit,0,False,0,cache
m12_heavy_flood_dup0_s20260614_bonded,P3-Persist,m12_heavy_flood_dup0_s20260614,bonded,262482,PRIVPROBE:1,cache_hit,0,False,0,cache
m12_heavy_flood_dup0_s20260614_bonded,P3-Persist,m12_heavy_flood_dup0_s20260614,bonded,263645,PRIVPROBE:1,cache_hit,0,False,0,cache
m12_heavy_flood_dup0_s20260614_bonded,P3-Persist,m12_heavy_flood_dup0_s20260614,bonded,264711,PRIVPROBE:1,cache_hit,0,False,0,cache
m12_heavy_flood_dup0_s20260614_bonded,P3-Persist,m12_heavy_flood_dup0_s20260614,bonded,265832,PRIVPROBE:1,cache_hit,0,False,0,cache
m12_heavy_flood_dup0_s20260614_bonded,P3-Persist,m12_heavy_flood_dup0_s20260614,bonded,267000,PRIVPROBE:1,cache_hit,0,False,0,cache
m12_heavy_flood_dup0_s20260614_bonded,P3-Persist,m12_heavy_flood_dup0_s20260614,bonded,268128,PRIVPROBE:1,cache_hit,0,False,0,cache
m12_heavy_flood_dup0_s20260614_bonded,P3-Persist,m12_heavy_flood_dup0_s20260614,bonded,269212,PRIVPROBE:1,cache_hit,0,False,0,cache
m12_heavy_flood_dup0_s20260614_bonded,P3-Persist,m12_heavy_flood_dup0_s20260614,bonded,270296,PRIVPROBE:1,cache_hit,0,False,0,cache
m12_heavy_flood_dup0_s20260614_bonded,P3-Persist,m12_heavy_flood_dup0_s20260614,bonded,271405,PRIVPROBE:1,cache_hit,0,False,0,cache
m12_heavy_flood_dup0_s20260614_bonded,P3-Persist,m12_heavy_flood_dup0_s20260614,bonded,272545,PRIVPROBE:1,cache_hit,0,False,0,cache
m12_heavy_flood_dup0_s20260614_bonded,P3-Persist,m12_heavy_flood_dup0_s20260614,bonded,273699,PRIVPROBE:1,cache_hit,0,False,0,cache
m12_heavy_flood_dup0_s20260614_bonded,P3-Persist,m12_heavy_flood_dup0_s20260614,bonded,274800,PRIVPROBE:1,cache_hit,0,False,0,cache
m12_heavy_flood_dup0_s20260614_bonded,P3-Persist,m12_heavy_flood_dup0_s20260614,bonded,275930,PRIVPROBE:1,cache_hit,0,False,0,cache
m12_heavy_flood_dup0_s20260614_bonded,P3-Persist,m12_heavy_flood_dup0_s20260614,bonded,277062,PRIVPROBE:1,cache_hit,0,False,0,cache
m12_heavy_flood_dup0_s20260614_bonded,P3-Persist,m12_heavy_flood_dup0_s20260614,bonded,278173,PRIVPROBE:1,cache_hit,0,False,0,cache
m12_heavy_flood_dup0_s20260614_bonded,P3-Persist,m12_heavy_flood_dup0_s20260614,bonded,279307,PRIVPROBE:1,cache_hit,0,False,0,cache
m12_heavy_flood_dup0_s20260614_bonded,P3-Persist,m12_heavy_flood_dup0_s20260614,bonded,280399,PRIVPROBE:1,cache_hit,0,False,0,cache
m12_heavy_flood_dup0_s20260614_bonded,P3-Persist,m12_heavy_flood_dup0_s20260614,bonded,281534,PRIVPROBE:1,cache_hit,0,False,0,cache
m12_heavy_flood_dup0_s20260614_bonded,P3-Persist,m12_heavy_flood_dup0_s20260614,bonded,282707,PRIVPROBE:1,cache_hit,0,False,0,cache
m12_heavy_flood_dup0_s20260614_bonded,P3-Persist,m12_heavy_flood_dup0_s20260614,bonded,283899,PRIVPROBE:1,cache_hit,0,False,0,cache
m12_heavy_flood_dup0_s20260614_bonded,P3-Persist,m12_heavy_flood_dup0_s20260614,bonded,285018,PRIVPROBE:1,cache_hit,0,False,0,cache
m12_heavy_flood_dup0_s20260614_bonded,P3-Persist,m12_heavy_flood_dup0_s20260614,bonded,286156,PRIVPROBE:1,cache_hit,0,False,0,cache
m12_heavy_flood_dup0_s20260614_bonded,P3-Persist,m12_heavy_flood_dup0_s20260614,bonded,287225,PRIVPROBE:1,cache_hit,0,False,0,cache
m12_heavy_flood_dup0_s20260614_bonded,P3-Persist,m12_heavy_flood_dup0_s20260614,bonded,288347,PRIVPROBE:1,cache_hit,0,False,0,cache
m12_heavy_flood_dup0_s20260614_bonded,P3-Persist,m12_heavy_flood_dup0_s20260614,bonded,289458,PRIVPROBE:1,cache_hit,0,False,0,cache
m12_heavy_flood_dup0_s20260614_bonded,P3-Persist,m12_heavy_flood_dup0_s20260614,bonded,290592,PRIVPROBE:1,cache_hit,0,False,0,cache
m12_heavy_flood_dup0_s20260614_bonded,P3-Persist,m12_heavy_flood_dup0_s20260614,bonded,291723,PRIVPROBE:1,cache_hit,0,False,0,cache
m12_heavy_flood_dup0_s20260614_bonded,P3-Persist,m12_heavy_flood_dup0_s20260614,bonded,292831,PRIVPROBE:1,cache_hit,0,False,0,cache
m12_heavy_flood_dup0_s20260614_bonded,P3-Persist,m12_heavy_flood_dup0_s20260614,bonded,294028,PRIVPROBE:1,cache_hit,0,False,0,cache
m12_heavy_flood_dup0_s20260614_bonded,P3-Persist,m12_heavy_flood_dup0_s20260614,bonded,295090,PRIVPROBE:1,cache_hit,0,False,0,cache
m12_heavy_flood_dup0_s20260614_bonded,P3-Persist,m12_heavy_flood_dup0_s20260614,bonded,296184,PRIVPROBE:1,cache_hit,0,False,0,cache
m12_heavy_flood_dup0_s20260614_bonded,P3-Persist,m12_heavy_flood_dup0_s20260614,bonded,297249,PRIVPROBE:1,cache_hit,0,False,0,cache
m12_heavy_flood_dup0_s20260614_bonded,P3-Persist,m12_heavy_flood_dup0_s20260614,bonded,298285,PRIVPROBE:1,cache_hit,0,False,0,cache
m12_heavy_flood_dup0_s20260614_bonded,P3-Persist,m12_heavy_flood_dup0_s20260614,bonded,299338,PRIVPROBE:1,cache_hit,0,False,0,cache
m12_heavy_flood_dup0_s20260614_bonded,P3-Persist,m12_heavy_flood_dup0_s20260614,bonded,300453,PRIVPROBE:1,cache_hit,0,False,0,cache
m12_heavy_flood_dup0_s20260614_bonded,P3-Persist,m12_heavy_flood_dup0_s20260614,bonded,301558,PRIVPROBE:1,cache_hit,0,False,0,cache
m12_heavy_flood_dup0_s20260614_bonded,P3-Persist,m12_heavy_flood_dup0_s20260614,bonded,302668,PRIVPROBE:1,cache_hit,0,False,0,cache
m12_heavy_flood_dup0_s20260614_bonded,P3-Persist,m12_heavy_flood_dup0_s20260614,bonded,303748,PRIVPROBE:1,cache_hit,0,False,0,cache
m12_heavy_flood_dup0_s20260614_bonded,P3-Persist,m12_heavy_flood_dup0_s20260614,bonded,304840,PRIVPROBE:1,cache_hit,0,False,0,cache
m12_heavy_flood_dup0_s20260614_bonded,P3-Persist,m12_heavy_flood_dup0_s20260614,bonded,305946,PRIVPROBE:1,cache_hit,0,False,0,cache
m12_heavy_flood_dup0_s20260614_bonded,P3-Persist,m12_heavy_flood_dup0_s20260614,bonded,307056,PRIVPROBE:1,cache_hit,0,False,0,cache
m12_heavy_flood_dup0_s20260614_bonded,P3-Persist,m12_heavy_flood_dup0_s20260614,bonded,308226,PRIVPROBE:1,cache_hit,0,False,0,cache
m12_heavy_flood_dup0_s20260614_bonded,P3-Persist,m12_heavy_flood_dup0_s20260614,bonded,309315,PRIVPROBE:1,cache_hit,0,False,0,cache
m12_heavy_flood_dup0_s20260614_bonded,P3-Persist,m12_heavy_flood_dup0_s20260614,bonded,310402,PRIVPROBE:1,cache_hit,0,False,0,cache
m12_heavy_flood_dup0_s20260614_bonded,P3-Persist,m12_heavy_flood_dup0_s20260614,bonded,311531,PRIVPROBE:1,cache_hit,0,False,0,cache
m12_heavy_flood_dup0_s20260614_bonded,P3-Persist,m12_heavy_flood_dup0_s20260614,bonded,312637,PRIVPROBE:1,cache_hit,0,False,0,cache
m12_heavy_flood_dup0_s20260614_bonded,P3-Persist,m12_heavy_flood_dup0_s20260614,bonded,313839,PRIVPROBE:1,cache_hit,0,False,0,cache
m12_heavy_flood_dup0_s20260614_bonded,P3-Persist,m12_heavy_flood_dup0_s20260614,bonded,315008,PRIVPROBE:1,cache_hit,0,False,0,cache
m12_heavy_flood_dup0_s20260614_bonded,P3-Persist,m12_heavy_flood_dup0_s20260614,bonded,316129,PRIVPROBE:1,cache_hit,0,False,0,cache
m12_heavy_flood_dup0_s20260614_bonded,P3-Persist,m12_heavy_flood_dup0_s20260614,bonded,317275,PRIVPROBE:1,cache_hit,0,False,0,cache
m12_heavy_flood_dup0_s20260614_bonded,P3-Persist,m12_heavy_flood_dup0_s20260614,bonded,318308,PRIVPROBE:1,cache_hit,0,False,0,cache
m12_heavy_flood_dup0_s20260614_bonded,P3-Persist,m12_heavy_flood_dup0_s20260614,bonded,319462,PRIVPROBE:1,cache_hit,0,False,0,cache
m12_heavy_flood_dup0_s20260614_bonded,P3-Persist,m12_heavy_flood_dup0_s20260614,bonded,320542,PRIVPROBE:1,cache_hit,0,False,0,cache
m12_heavy_flood_dup0_s20260614_bonded,P3-Persist,m12_heavy_flood_dup0_s20260614,bonded,321627,PRIVPROBE:1,cache_hit,0,False,0,cache
m12_heavy_flood_dup0_s20260614_bonded,P3-Persist,m12_heavy_flood_dup0_s20260614,bonded,322726,PRIVPROBE:1,cache_hit,0,False,0,cache
m12_heavy_flood_dup0_s20260614_bonded,P3-Persist,m12_heavy_flood_dup0_s20260614,bonded,323794,PRIVPROBE:1,cache_hit,0,False,0,cache
m12_heavy_flood_dup0_s20260614_bonded,P3-Persist,m12_heavy_flood_dup0_s20260614,bonded,324968,PRIVPROBE:1,cache_hit,0,False,0,cache
m12_heavy_flood_dup0_s20260614_bonded,P3-Persist,m12_heavy_flood_dup0_s20260614,bonded,326115,PRIVPROBE:1,cache_hit,0,False,0,cache
m12_heavy_flood_dup0_s20260614_bonded,P3-Persist,m12_heavy_flood_dup0_s20260614,bonded,327183,PRIVPROBE:1,cache_hit,0,False,0,cache
m12_heavy_flood_dup0_s20260614_bonded,P3-Persist,m12_heavy_flood_dup0_s20260614,bonded,328279,PRIVPROBE:1,cache_hit,0,False,0,cache
m12_heavy_flood_dup0_s20260614_bonded,P3-Persist,m12_heavy_flood_dup0_s20260614,bonded,329391,PRIVPROBE:1,cache_hit,0,False,0,cache
m12_heavy_flood_dup0_s20260614_bonded,P3-Persist,m12_heavy_flood_dup0_s20260614,bonded,330516,PRIVPROBE:1,cache_hit,0,False,0,cache
m12_heavy_flood_dup0_s20260614_bonded,P3-Persist,m12_heavy_flood_dup0_s20260614,bonded,331584,PRIVPROBE:1,cache_hit,0,False,0,cache
m12_heavy_flood_dup0_s20260614_bonded,P3-Persist,m12_heavy_flood_dup0_s20260614,bonded,332726,PRIVPROBE:1,cache_hit,0,False,0,cache
m12_heavy_flood_dup0_s20260614_bonded,P3-Persist,m12_heavy_flood_dup0_s20260614,bonded,333800,PRIVPROBE:1,cache_hit,0,False,0,cache
m12_heavy_flood_dup0_s20260614_bonded,P3-Persist,m12_heavy_flood_dup0_s20260614,bonded,334910,PRIVPROBE:1,cache_hit,0,False,0,cache
m12_heavy_flood_dup0_s20260614_bonded,P3-Persist,m12_heavy_flood_dup0_s20260614,bonded,336062,PRIVPROBE:1,cache_hit,0,False,0,cache
m12_heavy_flood_dup0_s20260614_bonded,P3-Persist,m12_heavy_flood_dup0_s20260614,bonded,337185,PRIVPROBE:1,cache_hit,0,False,0,cache
m12_heavy_flood_dup0_s20260614_bonded,P3-Persist,m12_heavy_flood_dup0_s20260614,bonded,338261,PRIVPROBE:1,cache_hit,0,False,0,cache
m12_heavy_flood_dup0_s20260614_bonded,P3-Persist,m12_heavy_flood_dup0_s20260614,bonded,339340,PRIVPROBE:1,cache_hit,0,False,0,cache
m12_heavy_flood_dup0_s20260614_bonded,P3-Persist,m12_heavy_flood_dup0_s20260614,bonded,340422,PRIVPROBE:1,cache_hit,0,False,0,cache
m12_heavy_flood_dup0_s20260614_bonded,P3-Persist,m12_heavy_flood_dup0_s20260614,bonded,341548,PRIVPROBE:1,cache_hit,0,False,0,cache
m12_heavy_flood_dup0_s20260614_bonded,P3-Persist,m12_heavy_flood_dup0_s20260614,bonded,342657,PRIVPROBE:1,cache_hit,0,False,0,cache
m12_heavy_flood_dup0_s20260614_bonded,P3-Persist,m12_heavy_flood_dup0_s20260614,bonded,343771,PRIVPROBE:1,cache_hit,0,False,0,cache
m12_heavy_flood_dup0_s20260614_bonded,P3-Persist,m12_heavy_flood_dup0_s20260614,bonded,344858,PRIVPROBE:1,cache_hit,0,False,0,cache
m12_heavy_flood_dup0_s20260614_bonded,P3-Persist,m12_heavy_flood_dup0_s20260614,bonded,345900,PRIVPROBE:1,cache_hit,0,False,0,cache
m12_heavy_flood_dup0_s20260614_bonded,P3-Persist,m12_heavy_flood_dup0_s20260614,bonded,347012,PRIVPROBE:1,cache_hit,0,False,0,cache
m12_heavy_flood_dup0_s20260614_bonded,P3-Persist,m12_heavy_flood_dup0_s20260614,bonded,348054,PRIVPROBE:1,cache_hit,0,False,0,cache
m12_heavy_flood_dup0_s20260614_bonded,P3-Persist,m12_heavy_flood_dup0_s20260614,bonded,349128,PRIVPROBE:1,cache_hit,0,False,0,cache
m12_heavy_flood_dup0_s20260614_bonded,P3-Persist,m12_heavy_flood_dup0_s20260614,bonded,350194,PRIVPROBE:1,cache_hit,0,False,0,cache
m12_heavy_flood_dup0_s20260614_bonded,P3-Persist,m12_heavy_flood_dup0_s20260614,bonded,351340,PRIVPROBE:1,cache_hit,0,False,0,cache
m12_heavy_flood_dup0_s20260614_bonded,P3-Persist,m12_heavy_flood_dup0_s20260614,bonded,352407,PRIVPROBE:1,cache_hit,0,False,0,cache
m12_heavy_flood_dup0_s20260614_bonded,P3-Persist,m12_heavy_flood_dup0_s20260614,bonded,353506,PRIVPROBE:1,cache_hit,0,False,0,cache
m12_heavy_flood_dup0_s20260614_bonded,P3-Persist,m12_heavy_flood_dup0_s20260614,bonded,354590,PRIVPROBE:1,cache_hit,0,False,0,cache
m12_heavy_flood_dup0_s20260614_bonded,P3-Persist,m12_heavy_flood_dup0_s20260614,bonded,355770,PRIVPROBE:1,cache_hit,0,False,0,cache
m12_heavy_flood_dup0_s20260614_bonded,P3-Persist,m12_heavy_flood_dup0_s20260614,bonded,356958,PRIVPROBE:1,cache_hit,0,False,0,cache
m12_heavy_flood_dup0_s20260614_bonded,P3-Persist,m12_heavy_flood_dup0_s20260614,bonded,358086,PRIVPROBE:1,cache_hit,0,False,0,cache
m12_heavy_flood_dup0_s20260614_bonded,P3-Persist,m12_heavy_flood_dup0_s20260614,bonded,359122,PRIVPROBE:1,cache_hit,0,False,0,cache
m12_heavy_flood_dup0_s20260614_bonded,P3-Persist,m12_heavy_flood_dup0_s20260614,bonded,360235,PRIVPROBE:1,cache_hit,0,False,0,cache
m12_heavy_flood_dup0_s20260614_bonded,P3-Persist,m12_heavy_flood_dup0_s20260614,bonded,361295,PRIVPROBE:1,cache_hit,0,False,0,cache
m12_heavy_flood_dup0_s20260614_bonded,P3-Persist,m12_heavy_flood_dup0_s20260614,bonded,362395,PRIVPROBE:1,cache_hit,0,False,0,cache
m12_heavy_flood_dup0_s20260614_bonded,P3-Persist,m12_heavy_flood_dup0_s20260614,bonded,363500,PRIVPROBE:1,cache_hit,0,False,0,cache
m12_heavy_flood_dup0_s20260614_bonded,P3-Persist,m12_heavy_flood_dup0_s20260614,bonded,364647,PRIVPROBE:1,cache_hit,0,False,0,cache
m12_heavy_flood_dup0_s20260614_bonded,P3-Persist,m12_heavy_flood_dup0_s20260614,bonded,365757,PRIVPROBE:1,cache_hit,0,False,0,cache
m12_heavy_flood_dup0_s20260614_bonded,P3-Persist,m12_heavy_flood_dup0_s20260614,bonded,366929,PRIVPROBE:1,cache_hit,0,False,0,cache
m12_heavy_flood_dup0_s20260614_bonded,P3-Persist,m12_heavy_flood_dup0_s20260614,bonded,368056,PRIVPROBE:1,cache_hit,0,False,0,cache
m12_heavy_flood_dup0_s20260614_bonded,P3-Persist,m12_heavy_flood_dup0_s20260614,bonded,369194,PRIVPROBE:1,cache_hit,0,False,0,cache
m12_heavy_flood_dup0_s20260614_bonded,P3-Persist,m12_heavy_flood_dup0_s20260614,bonded,370329,PRIVPROBE:1,cache_hit,0,False,0,cache
m12_heavy_flood_dup0_s20260614_bonded,P3-Persist,m12_heavy_flood_dup0_s20260614,bonded,371397,PRIVPROBE:1,cache_hit,0,False,0,cache
m12_heavy_flood_dup0_s20260614_bonded,P3-Persist,m12_heavy_flood_dup0_s20260614,bonded,372468,PRIVPROBE:1,cache_hit,0,False,0,cache
m12_heavy_flood_dup0_s20260614_bonded,P3-Persist,m12_heavy_flood_dup0_s20260614,bonded,373598,PRIVPROBE:1,cache_hit,0,False,0,cache
m12_heavy_flood_dup0_s20260614_bonded,P3-Persist,m12_heavy_flood_dup0_s20260614,bonded,374728,PRIVPROBE:1,cache_hit,0,False,0,cache
m12_heavy_flood_dup0_s20260614_bonded,P3-Persist,m12_heavy_flood_dup0_s20260614,bonded,375825,PRIVPROBE:1,cache_hit,0,False,0,cache
m12_heavy_flood_dup0_s20260614_bonded,P3-Persist,m12_heavy_flood_dup0_s20260614,bonded,376995,PRIVPROBE:1,cache_hit,0,False,0,cache
m12_heavy_flood_dup0_s20260614_bonded,P3-Persist,m12_heavy_flood_dup0_s20260614,bonded,378044,PRIVPROBE:1,cache_hit,0,False,0,cache
m12_heavy_flood_dup0_s20260614_bonded,P3-Persist,m12_heavy_flood_dup0_s20260614,bonded,379098,PRIVPROBE:1,cache_hit,0,False,0,cache
m12_heavy_flood_dup0_s20260614_bonded,P3-Persist,m12_heavy_flood_dup0_s20260614,bonded,380247,PRIVPROBE:1,cache_hit,0,False,0,cache
m12_heavy_flood_dup0_s20260614_bonded,P3-Persist,m12_heavy_flood_dup0_s20260614,bonded,381371,PRIVPROBE:1,cache_hit,0,False,0,cache
m12_heavy_flood_dup0_s20260614_bonded,P3-Persist,m12_heavy_flood_dup0_s20260614,bonded,382445,PRIVPROBE:1,cache_hit,0,False,0,cache
m12_heavy_flood_dup0_s20260614_bonded,P3-Persist,m12_heavy_flood_dup0_s20260614,bonded,383558,PRIVPROBE:1,cache_hit,0,False,0,cache
m12_heavy_flood_dup0_s20260614_bonded,P3-Persist,m12_heavy_flood_dup0_s20260614,bonded,384635,PRIVPROBE:1,cache_hit,0,False,0,cache
m12_heavy_flood_dup0_s20260614_bonded,P3-Persist,m12_heavy_flood_dup0_s20260614,bonded,385791,PRIVPROBE:1,cache_hit,0,False,0,cache
m12_heavy_flood_dup0_s20260614_bonded,P3-Persist,m12_heavy_flood_dup0_s20260614,bonded,386974,PRIVPROBE:1,cache_hit,0,False,0,cache
m12_heavy_flood_dup0_s20260614_bonded,P3-Persist,m12_heavy_flood_dup0_s20260614,bonded,388080,PRIVPROBE:1,cache_hit,0,False,0,cache
m12_heavy_flood_dup0_s20260614_bonded,P3-Persist,m12_heavy_flood_dup0_s20260614,bonded,389215,PRIVPROBE:1,cache_hit,0,False,0,cache
m12_heavy_flood_dup0_s20260614_bonded,P3-Persist,m12_heavy_flood_dup0_s20260614,bonded,390332,PRIVPROBE:1,cache_hit,0,False,0,cache
m12_heavy_flood_dup0_s20260614_bonded,P3-Persist,m12_heavy_flood_dup0_s20260614,bonded,391476,PRIVPROBE:1,cache_hit,0,False,0,cache
m12_heavy_flood_dup0_s20260614_bonded,P3-Persist,m12_heavy_flood_dup0_s20260614,bonded,392623,PRIVPROBE:1,cache_hit,0,False,0,cache
m12_heavy_flood_dup0_s20260614_bonded,P3-Persist,m12_heavy_flood_dup0_s20260614,bonded,393766,PRIVPROBE:1,cache_hit,0,False,0,cache
m12_heavy_flood_dup0_s20260614_bonded,P3-Persist,m12_heavy_flood_dup0_s20260614,bonded,394848,PRIVPROBE:1,cache_hit,0,False,0,cache
m12_heavy_flood_dup0_s20260614_bonded,P3-Persist,m12_heavy_flood_dup0_s20260614,bonded,395918,PRIVPROBE:1,cache_hit,0,False,0,cache
m12_heavy_flood_dup0_s20260614_bonded,P3-Persist,m12_heavy_flood_dup0_s20260614,bonded,396939,PRIVPROBE:1,cache_hit,0,False,0,cache
m12_heavy_flood_dup0_s20260614_bonded,P3-Persist,m12_heavy_flood_dup0_s20260614,bonded,398056,PRIVPROBE:1,cache_hit,0,False,0,cache
m12_heavy_flood_dup0_s20260614_bonded,P3-Persist,m12_heavy_flood_dup0_s20260614,bonded,399158,PRIVPROBE:1,cache_hit,0,False,0,cache
m12_heavy_flood_dup0_s20260614_bonded,P3-NoPersist,m12_heavy_flood_dup0_s20260614,bonded,67371,PRIVPROBE:0,defer,0,True,1000,defer
m12_heavy_flood_dup0_s20260614_bonded,P3-NoPersist,m12_heavy_flood_dup0_s20260614,bonded,68499,PRIVPROBE:0,defer,0,True,1000,defer
m12_heavy_flood_dup0_s20260614_bonded,P3-NoPersist,m12_heavy_flood_dup0_s20260614,bonded,69655,PRIVPROBE:0,defer,0,True,1000,defer
m12_heavy_flood_dup0_s20260614_bonded,P3-NoPersist,m12_heavy_flood_dup0_s20260614,bonded,70830,PRIVPROBE:0,defer,0,True,1000,defer
m12_heavy_flood_dup0_s20260614_bonded,P3-NoPersist,m12_heavy_flood_dup0_s20260614,bonded,72022,PRIVPROBE:0,defer,0,True,1000,defer
m12_heavy_flood_dup0_s20260614_bonded,P3-NoPersist,m12_heavy_flood_dup0_s20260614,bonded,73136,PRIVPROBE:0,defer,0,True,1000,defer
m12_heavy_flood_dup0_s20260614_bonded,P3-NoPersist,m12_heavy_flood_dup0_s20260614,bonded,74273,PRIVPROBE:0,defer,0,True,1000,defer
m12_heavy_flood_dup0_s20260614_bonded,P3-NoPersist,m12_heavy_flood_dup0_s20260614,bonded,75396,PRIVPROBE:0,defer,0,True,1000,defer
m12_heavy_flood_dup0_s20260614_bonded,P3-NoPersist,m12_heavy_flood_dup0_s20260614,bonded,76441,PRIVPROBE:0,defer,0,True,1000,defer
m12_heavy_flood_dup0_s20260614_bonded,P3-NoPersist,m12_heavy_flood_dup0_s20260614,bonded,77494,PRIVPROBE:0,defer,0,True,1000,defer
m12_heavy_flood_dup0_s20260614_bonded,P3-NoPersist,m12_heavy_flood_dup0_s20260614,bonded,78568,PRIVPROBE:0,defer,0,True,1000,defer
m12_heavy_flood_dup0_s20260614_bonded,P3-NoPersist,m12_heavy_flood_dup0_s20260614,bonded,79729,PRIVPROBE:0,defer,0,True,1000,defer
m12_heavy_flood_dup0_s20260614_bonded,P3-NoPersist,m12_heavy_flood_dup0_s20260614,bonded,80801,PRIVPROBE:0,defer,0,True,1000,defer
m12_heavy_flood_dup0_s20260614_bonded,P3-NoPersist,m12_heavy_flood_dup0_s20260614,bonded,81957,PRIVPROBE:0,defer,0,True,1000,defer
m12_heavy_flood_dup0_s20260614_bonded,P3-NoPersist,m12_heavy_flood_dup0_s20260614,bonded,83060,PRIVPROBE:0,defer,0,True,1000,defer
m12_heavy_flood_dup0_s20260614_bonded,P3-NoPersist,m12_heavy_flood_dup0_s20260614,bonded,84152,PRIVPROBE:0,defer,0,True,1000,defer
m12_heavy_flood_dup0_s20260614_bonded,P3-NoPersist,m12_heavy_flood_dup0_s20260614,bonded,85244,PRIVPROBE:0,defer,0,True,1000,defer
m12_heavy_flood_dup0_s20260614_bonded,P3-NoPersist,m12_heavy_flood_dup0_s20260614,bonded,86361,PRIVPROBE:0,defer,0,True,1000,defer
m12_heavy_flood_dup0_s20260614_bonded,P3-NoPersist,m12_heavy_flood_dup0_s20260614,bonded,87429,PRIVPROBE:0,defer,0,True,1000,defer
m12_heavy_flood_dup0_s20260614_bonded,P3-NoPersist,m12_heavy_flood_dup0_s20260614,bonded,88611,PRIVPROBE:0,defer,0,True,1000,defer
m12_heavy_flood_dup0_s20260614_bonded,P3-NoPersist,m12_heavy_flood_dup0_s20260614,bonded,89721,PRIVPROBE:0,defer,0,True,1000,defer
m12_heavy_flood_dup0_s20260614_bonded,P3-NoPersist,m12_heavy_flood_dup0_s20260614,bonded,90764,PRIVPROBE:0,defer,0,True,1000,defer
m12_heavy_flood_dup0_s20260614_bonded,P3-NoPersist,m12_heavy_flood_dup0_s20260614,bonded,91898,PRIVPROBE:0,defer,0,True,1000,defer
m12_heavy_flood_dup0_s20260614_bonded,P3-NoPersist,m12_heavy_flood_dup0_s20260614,bonded,93011,PRIVPROBE:0,defer,0,True,1000,defer
m12_heavy_flood_dup0_s20260614_bonded,P3-NoPersist,m12_heavy_flood_dup0_s20260614,bonded,94147,PRIVPROBE:0,defer,0,True,1000,defer
m12_heavy_flood_dup0_s20260614_bonded,P3-NoPersist,m12_heavy_flood_dup0_s20260614,bonded,95255,PRIVPROBE:0,defer,0,True,1000,defer
m12_heavy_flood_dup0_s20260614_bonded,P3-NoPersist,m12_heavy_flood_dup0_s20260614,bonded,96338,PRIVPROBE:0,defer,0,True,1000,defer
m12_heavy_flood_dup0_s20260614_bonded,P3-NoPersist,m12_heavy_flood_dup0_s20260614,bonded,97437,PRIVPROBE:0,defer,0,True,1000,defer
m12_heavy_flood_dup0_s20260614_bonded,P3-NoPersist,m12_heavy_flood_dup0_s20260614,bonded,98537,PRIVPROBE:0,defer,0,True,1000,defer
m12_heavy_flood_dup0_s20260614_bonded,P3-NoPersist,m12_heavy_flood_dup0_s20260614,bonded,99607,PRIVPROBE:0,defer,0,True,1000,defer
m12_heavy_flood_dup0_s20260614_bonded,P3-NoPersist,m12_heavy_flood_dup0_s20260614,bonded,100695,PRIVPROBE:0,defer,0,True,1000,defer
m12_heavy_flood_dup0_s20260614_bonded,P3-NoPersist,m12_heavy_flood_dup0_s20260614,bonded,101911,PRIVPROBE:0,defer,0,True,1000,defer
m12_heavy_flood_dup0_s20260614_bonded,P3-NoPersist,m12_heavy_flood_dup0_s20260614,bonded,102953,PRIVPROBE:0,defer,0,True,1000,defer
m12_heavy_flood_dup0_s20260614_bonded,P3-NoPersist,m12_heavy_flood_dup0_s20260614,bonded,104104,PRIVPROBE:0,defer,0,True,1000,defer
m12_heavy_flood_dup0_s20260614_bonded,P3-NoPersist,m12_heavy_flood_dup0_s20260614,bonded,105246,PRIVPROBE:0,defer,0,True,1000,defer
m12_heavy_flood_dup0_s20260614_bonded,P3-NoPersist,m12_heavy_flood_dup0_s20260614,bonded,106392,PRIVPROBE:0,defer,0,True,1000,defer
m12_heavy_flood_dup0_s20260614_bonded,P3-NoPersist,m12_heavy_flood_dup0_s20260614,bonded,107456,PRIVPROBE:0,defer,0,True,1000,defer
m12_heavy_flood_dup0_s20260614_bonded,P3-NoPersist,m12_heavy_flood_dup0_s20260614,bonded,108597,PRIVPROBE:0,defer,0,True,1000,defer
m12_heavy_flood_dup0_s20260614_bonded,P3-NoPersist,m12_heavy_flood_dup0_s20260614,bonded,109745,PRIVPROBE:0,defer,0,True,1000,defer
m12_heavy_flood_dup0_s20260614_bonded,P3-NoPersist,m12_heavy_flood_dup0_s20260614,bonded,110893,PRIVPROBE:0,defer,0,True,1000,defer
m12_heavy_flood_dup0_s20260614_bonded,P3-NoPersist,m12_heavy_flood_dup0_s20260614,bonded,112035,PRIVPROBE:0,defer,0,True,1000,defer
m12_heavy_flood_dup0_s20260614_bonded,P3-NoPersist,m12_heavy_flood_dup0_s20260614,bonded,113165,PRIVPROBE:0,defer,0,True,1000,defer
m12_heavy_flood_dup0_s20260614_bonded,P3-NoPersist,m12_heavy_flood_dup0_s20260614,bonded,114269,PRIVPROBE:0,defer,0,True,1000,defer
m12_heavy_flood_dup0_s20260614_bonded,P3-NoPersist,m12_heavy_flood_dup0_s20260614,bonded,115365,PRIVPROBE:0,defer,0,True,1000,defer
m12_heavy_flood_dup0_s20260614_bonded,P3-NoPersist,m12_heavy_flood_dup0_s20260614,bonded,116500,PRIVPROBE:0,defer,0,True,1000,defer
m12_heavy_flood_dup0_s20260614_bonded,P3-NoPersist,m12_heavy_flood_dup0_s20260614,bonded,117646,PRIVPROBE:0,defer,0,True,1000,defer
m12_heavy_flood_dup0_s20260614_bonded,P3-NoPersist,m12_heavy_flood_dup0_s20260614,bonded,118785,PRIVPROBE:0,defer,0,True,1000,defer
m12_heavy_flood_dup0_s20260614_bonded,P3-NoPersist,m12_heavy_flood_dup0_s20260614,bonded,119858,PRIVPROBE:0,defer,0,True,1000,defer
m12_heavy_flood_dup0_s20260614_bonded,P3-NoPersist,m12_heavy_flood_dup0_s20260614,bonded,120981,PRIVPROBE:0,defer,0,True,1000,defer
m12_heavy_flood_dup0_s20260614_bonded,P3-NoPersist,m12_heavy_flood_dup0_s20260614,bonded,122059,PRIVPROBE:0,defer,0,True,1000,defer
m12_heavy_flood_dup0_s20260614_bonded,P3-NoPersist,m12_heavy_flood_dup0_s20260614,bonded,123156,PRIVPROBE:0,defer,0,True,1000,defer
m12_heavy_flood_dup0_s20260614_bonded,P3-NoPersist,m12_heavy_flood_dup0_s20260614,bonded,124274,PRIVPROBE:0,defer,0,True,1000,defer
m12_heavy_flood_dup0_s20260614_bonded,P3-NoPersist,m12_heavy_flood_dup0_s20260614,bonded,125392,PRIVPROBE:0,defer,0,True,1000,defer
m12_heavy_flood_dup0_s20260614_bonded,P3-NoPersist,m12_heavy_flood_dup0_s20260614,bonded,126521,PRIVPROBE:0,defer,0,True,1000,defer
m12_heavy_flood_dup0_s20260614_bonded,P3-NoPersist,m12_heavy_flood_dup0_s20260614,bonded,127698,PRIVPROBE:0,defer,0,True,1000,defer
m12_heavy_flood_dup0_s20260614_bonded,P3-NoPersist,m12_heavy_flood_dup0_s20260614,bonded,128826,PRIVPROBE:0,defer,0,True,1000,defer
m12_heavy_flood_dup0_s20260614_bonded,P3-NoPersist,m12_heavy_flood_dup0_s20260614,bonded,129909,PRIVPROBE:0,defer,0,True,1000,defer
m12_heavy_flood_dup0_s20260614_bonded,P3-NoPersist,m12_heavy_flood_dup0_s20260614,bonded,131057,PRIVPROBE:0,defer,0,True,1000,defer
m12_heavy_flood_dup0_s20260614_bonded,P3-NoPersist,m12_heavy_flood_dup0_s20260614,bonded,132127,PRIVPROBE:0,defer,0,True,1000,defer
m12_heavy_flood_dup0_s20260614_bonded,P3-NoPersist,m12_heavy_flood_dup0_s20260614,bonded,133265,PRIVPROBE:0,defer,0,True,1000,defer
m12_heavy_flood_dup0_s20260614_bonded,P3-NoPersist,m12_heavy_flood_dup0_s20260614,bonded,134383,PRIVPROBE:0,defer,0,True,1000,defer
m12_heavy_flood_dup0_s20260614_bonded,P3-NoPersist,m12_heavy_flood_dup0_s20260614,bonded,135463,PRIVPROBE:0,defer,0,True,1000,defer
m12_heavy_flood_dup0_s20260614_bonded,P3-NoPersist,m12_heavy_flood_dup0_s20260614,bonded,136581,PRIVPROBE:0,defer,0,True,1000,defer
m12_heavy_flood_dup0_s20260614_bonded,P3-NoPersist,m12_heavy_flood_dup0_s20260614,bonded,137713,PRIVPROBE:0,defer,0,True,1000,defer
m12_heavy_flood_dup0_s20260614_bonded,P3-NoPersist,m12_heavy_flood_dup0_s20260614,bonded,138837,PRIVPROBE:0,defer,0,True,1000,defer
m12_heavy_flood_dup0_s20260614_bonded,P3-NoPersist,m12_heavy_flood_dup0_s20260614,bonded,139966,PRIVPROBE:0,defer,0,True,1000,defer
m12_heavy_flood_dup0_s20260614_bonded,P3-NoPersist,m12_heavy_flood_dup0_s20260614,bonded,141108,PRIVPROBE:0,defer,0,True,1000,defer
m12_heavy_flood_dup0_s20260614_bonded,P3-NoPersist,m12_heavy_flood_dup0_s20260614,bonded,142284,PRIVPROBE:0,defer,0,True,1000,defer
m12_heavy_flood_dup0_s20260614_bonded,P3-NoPersist,m12_heavy_flood_dup0_s20260614,bonded,143333,PRIVPROBE:0,defer,0,True,1000,defer
m12_heavy_flood_dup0_s20260614_bonded,P3-NoPersist,m12_heavy_flood_dup0_s20260614,bonded,144467,PRIVPROBE:0,defer,0,True,1000,defer
m12_heavy_flood_dup0_s20260614_bonded,P3-NoPersist,m12_heavy_flood_dup0_s20260614,bonded,145575,PRIVPROBE:0,defer,0,True,1000,defer
m12_heavy_flood_dup0_s20260614_bonded,P3-NoPersist,m12_heavy_flood_dup0_s20260614,bonded,146636,PRIVPROBE:0,defer,0,True,1000,defer
m12_heavy_flood_dup0_s20260614_bonded,P3-NoPersist,m12_heavy_flood_dup0_s20260614,bonded,147737,PRIVPROBE:0,defer,0,True,1000,defer
m12_heavy_flood_dup0_s20260614_bonded,P3-NoPersist,m12_heavy_flood_dup0_s20260614,bonded,148876,PRIVPROBE:0,defer,0,True,1000,defer
m12_heavy_flood_dup0_s20260614_bonded,P3-NoPersist,m12_heavy_flood_dup0_s20260614,bonded,149910,PRIVPROBE:0,defer,0,True,1000,defer
m12_heavy_flood_dup0_s20260614_bonded,P3-NoPersist,m12_heavy_flood_dup0_s20260614,bonded,150916,PRIVPROBE:0,defer,0,True,1000,defer
m12_heavy_flood_dup0_s20260614_bonded,P3-NoPersist,m12_heavy_flood_dup0_s20260614,bonded,152005,PRIVPROBE:0,defer,0,True,1000,defer
m12_heavy_flood_dup0_s20260614_bonded,P3-NoPersist,m12_heavy_flood_dup0_s20260614,bonded,153139,PRIVPROBE:0,defer,0,True,1000,defer
m12_heavy_flood_dup0_s20260614_bonded,P3-NoPersist,m12_heavy_flood_dup0_s20260614,bonded,154234,PRIVPROBE:0,defer,0,True,1000,defer
m12_heavy_flood_dup0_s20260614_bonded,P3-NoPersist,m12_heavy_flood_dup0_s20260614,bonded,155305,PRIVPROBE:0,defer,0,True,1000,defer
m12_heavy_flood_dup0_s20260614_bonded,P3-NoPersist,m12_heavy_flood_dup0_s20260614,bonded,156470,PRIVPROBE:0,defer,0,True,1000,defer
m12_heavy_flood_dup0_s20260614_bonded,P3-NoPersist,m12_heavy_flood_dup0_s20260614,bonded,157602,PRIVPROBE:0,defer,0,True,1000,defer
m12_heavy_flood_dup0_s20260614_bonded,P3-NoPersist,m12_heavy_flood_dup0_s20260614,bonded,158670,PRIVPROBE:0,defer,0,True,1000,defer
m12_heavy_flood_dup0_s20260614_bonded,P3-NoPersist,m12_heavy_flood_dup0_s20260614,bonded,159728,PRIVPROBE:0,defer,0,True,1000,defer
m12_heavy_flood_dup0_s20260614_bonded,P3-NoPersist,m12_heavy_flood_dup0_s20260614,bonded,160851,PRIVPROBE:0,defer,0,True,1000,defer
m12_heavy_flood_dup0_s20260614_bonded,P3-NoPersist,m12_heavy_flood_dup0_s20260614,bonded,161938,PRIVPROBE:0,defer,0,True,1000,defer
m12_heavy_flood_dup0_s20260614_bonded,P3-NoPersist,m12_heavy_flood_dup0_s20260614,bonded,163101,PRIVPROBE:0,defer,0,True,1000,defer
m12_heavy_flood_dup0_s20260614_bonded,P3-NoPersist,m12_heavy_flood_dup0_s20260614,bonded,164267,PRIVPROBE:0,defer,0,True,1000,defer
m12_heavy_flood_dup0_s20260614_bonded,P3-NoPersist,m12_heavy_flood_dup0_s20260614,bonded,165343,PRIVPROBE:0,defer,0,True,1000,defer
m12_heavy_flood_dup0_s20260614_bonded,P3-NoPersist,m12_heavy_flood_dup0_s20260614,bonded,166476,PRIVPROBE:0,defer,0,True,1000,defer
m12_heavy_flood_dup0_s20260614_bonded,P3-NoPersist,m12_heavy_flood_dup0_s20260614,bonded,167588,PRIVPROBE:0,defer,0,True,1000,defer
m12_heavy_flood_dup0_s20260614_bonded,P3-NoPersist,m12_heavy_flood_dup0_s20260614,bonded,168725,PRIVPROBE:0,defer,0,True,1000,defer
m12_heavy_flood_dup0_s20260614_bonded,P3-NoPersist,m12_heavy_flood_dup0_s20260614,bonded,169807,PRIVPROBE:0,defer,0,True,1000,defer
m12_heavy_flood_dup0_s20260614_bonded,P3-NoPersist,m12_heavy_flood_dup0_s20260614,bonded,170970,PRIVPROBE:0,defer,0,True,1000,defer
m12_heavy_flood_dup0_s20260614_bonded,P3-NoPersist,m12_heavy_flood_dup0_s20260614,bonded,172055,PRIVPROBE:0,defer,0,True,1000,defer
m12_heavy_flood_dup0_s20260614_bonded,P3-NoPersist,m12_heavy_flood_dup0_s20260614,bonded,173189,PRIVPROBE:0,defer,0,True,1000,defer
m12_heavy_flood_dup0_s20260614_bonded,P3-NoPersist,m12_heavy_flood_dup0_s20260614,bonded,174288,PRIVPROBE:0,defer,0,True,1000,defer
m12_heavy_flood_dup0_s20260614_bonded,P3-NoPersist,m12_heavy_flood_dup0_s20260614,bonded,175379,PRIVPROBE:0,defer,0,True,1000,defer
m12_heavy_flood_dup0_s20260614_bonded,P3-NoPersist,m12_heavy_flood_dup0_s20260614,bonded,176507,PRIVPROBE:0,defer,0,True,1000,defer
m12_heavy_flood_dup0_s20260614_bonded,P3-NoPersist,m12_heavy_flood_dup0_s20260614,bonded,177551,PRIVPROBE:0,defer,0,True,1000,defer
m12_heavy_flood_dup0_s20260614_bonded,P3-NoPersist,m12_heavy_flood_dup0_s20260614,bonded,178613,PRIVPROBE:0,defer,0,True,1000,defer
m12_heavy_flood_dup0_s20260614_bonded,P3-NoPersist,m12_heavy_flood_dup0_s20260614,bonded,179714,PRIVPROBE:0,defer,0,True,1000,defer
m12_heavy_flood_dup0_s20260614_bonded,P3-NoPersist,m12_heavy_flood_dup0_s20260614,bonded,180837,PRIVPROBE:0,defer,0,True,1000,defer
m12_heavy_flood_dup0_s20260614_bonded,P3-NoPersist,m12_heavy_flood_dup0_s20260614,bonded,181954,PRIVPROBE:0,defer,0,True,1000,defer
m12_heavy_flood_dup0_s20260614_bonded,P3-NoPersist,m12_heavy_flood_dup0_s20260614,bonded,183053,PRIVPROBE:0,defer,0,True,1000,defer
m12_heavy_flood_dup0_s20260614_bonded,P3-NoPersist,m12_heavy_flood_dup0_s20260614,bonded,184156,PRIVPROBE:0,defer,0,True,1000,defer
m12_heavy_flood_dup0_s20260614_bonded,P3-NoPersist,m12_heavy_flood_dup0_s20260614,bonded,185259,PRIVPROBE:0,defer,0,True,1000,defer
m12_heavy_flood_dup0_s20260614_bonded,P3-NoPersist,m12_heavy_flood_dup0_s20260614,bonded,186362,PRIVPROBE:0,defer,0,True,1000,defer
m12_heavy_flood_dup0_s20260614_bonded,P3-NoPersist,m12_heavy_flood_dup0_s20260614,bonded,187476,PRIVPROBE:0,defer,0,True,1000,defer
m12_heavy_flood_dup0_s20260614_bonded,P3-NoPersist,m12_heavy_flood_dup0_s20260614,bonded,188545,PRIVPROBE:0,defer,0,True,1000,defer
m12_heavy_flood_dup0_s20260614_bonded,P3-NoPersist,m12_heavy_flood_dup0_s20260614,bonded,189648,PRIVPROBE:0,defer,0,True,1000,defer
m12_heavy_flood_dup0_s20260614_bonded,P3-NoPersist,m12_heavy_flood_dup0_s20260614,bonded,190724,PRIVPROBE:0,defer,0,True,1000,defer
m12_heavy_flood_dup0_s20260614_bonded,P3-NoPersist,m12_heavy_flood_dup0_s20260614,bonded,191836,PRIVPROBE:0,defer,0,True,1000,defer
m12_heavy_flood_dup0_s20260614_bonded,P3-NoPersist,m12_heavy_flood_dup0_s20260614,bonded,192953,PRIVPROBE:0,defer,0,True,1000,defer
m12_heavy_flood_dup0_s20260614_bonded,P3-NoPersist,m12_heavy_flood_dup0_s20260614,bonded,194095,PRIVPROBE:0,defer,0,True,1000,defer
m12_heavy_flood_dup0_s20260614_bonded,P3-NoPersist,m12_heavy_flood_dup0_s20260614,bonded,195210,PRIVPROBE:0,defer,0,True,1000,defer
m12_heavy_flood_dup0_s20260614_bonded,P3-NoPersist,m12_heavy_flood_dup0_s20260614,bonded,196254,PRIVPROBE:0,defer,0,True,1000,defer
m12_heavy_flood_dup0_s20260614_bonded,P3-NoPersist,m12_heavy_flood_dup0_s20260614,bonded,197338,PRIVPROBE:0,defer,0,True,1000,defer
m12_heavy_flood_dup0_s20260614_bonded,P3-NoPersist,m12_heavy_flood_dup0_s20260614,bonded,198461,PRIVPROBE:0,defer,0,True,1000,defer
m12_heavy_flood_dup0_s20260614_bonded,P3-NoPersist,m12_heavy_flood_dup0_s20260614,bonded,199613,PRIVPROBE:0,defer,0,True,1000,defer
m12_heavy_flood_dup0_s20260614_bonded,P3-NoPersist,m12_heavy_flood_dup0_s20260614,bonded,200691,PRIVPROBE:1,defer,0,True,1000,defer
m12_heavy_flood_dup0_s20260614_bonded,P3-NoPersist,m12_heavy_flood_dup0_s20260614,bonded,201786,PRIVPROBE:1,defer,0,True,1000,defer
m12_heavy_flood_dup0_s20260614_bonded,P3-NoPersist,m12_heavy_flood_dup0_s20260614,bonded,202902,PRIVPROBE:1,defer,0,True,1000,defer
m12_heavy_flood_dup0_s20260614_bonded,P3-NoPersist,m12_heavy_flood_dup0_s20260614,bonded,204002,PRIVPROBE:1,defer,0,True,1000,defer
m12_heavy_flood_dup0_s20260614_bonded,P3-NoPersist,m12_heavy_flood_dup0_s20260614,bonded,205123,PRIVPROBE:1,defer,0,True,1000,defer
m12_heavy_flood_dup0_s20260614_bonded,P3-NoPersist,m12_heavy_flood_dup0_s20260614,bonded,206296,PRIVPROBE:1,defer,0,True,1000,defer
m12_heavy_flood_dup0_s20260614_bonded,P3-NoPersist,m12_heavy_flood_dup0_s20260614,bonded,207332,PRIVPROBE:1,defer,0,True,1000,defer
m12_heavy_flood_dup0_s20260614_bonded,P3-NoPersist,m12_heavy_flood_dup0_s20260614,bonded,208403,PRIVPROBE:1,defer,0,True,1000,defer
m12_heavy_flood_dup0_s20260614_bonded,P3-NoPersist,m12_heavy_flood_dup0_s20260614,bonded,209523,PRIVPROBE:1,defer,0,True,1000,defer
m12_heavy_flood_dup0_s20260614_bonded,P3-NoPersist,m12_heavy_flood_dup0_s20260614,bonded,210646,PRIVPROBE:1,defer,0,True,1000,defer
m12_heavy_flood_dup0_s20260614_bonded,P3-NoPersist,m12_heavy_flood_dup0_s20260614,bonded,211810,PRIVPROBE:1,defer,0,True,1000,defer
m12_heavy_flood_dup0_s20260614_bonded,P3-NoPersist,m12_heavy_flood_dup0_s20260614,bonded,212831,PRIVPROBE:1,defer,0,True,1000,defer
m12_heavy_flood_dup0_s20260614_bonded,P3-NoPersist,m12_heavy_flood_dup0_s20260614,bonded,213935,PRIVPROBE:1,defer,0,True,1000,defer
m12_heavy_flood_dup0_s20260614_bonded,P3-NoPersist,m12_heavy_flood_dup0_s20260614,bonded,215075,PRIVPROBE:1,defer,0,True,1000,defer
m12_heavy_flood_dup0_s20260614_bonded,P3-NoPersist,m12_heavy_flood_dup0_s20260614,bonded,216206,PRIVPROBE:1,defer,0,True,1000,defer
m12_heavy_flood_dup0_s20260614_bonded,P3-NoPersist,m12_heavy_flood_dup0_s20260614,bonded,217313,PRIVPROBE:1,defer,0,True,1000,defer
m12_heavy_flood_dup0_s20260614_bonded,P3-NoPersist,m12_heavy_flood_dup0_s20260614,bonded,218395,PRIVPROBE:1,defer,0,True,1000,defer
m12_heavy_flood_dup0_s20260614_bonded,P3-NoPersist,m12_heavy_flood_dup0_s20260614,bonded,219483,PRIVPROBE:1,defer,0,True,1000,defer
m12_heavy_flood_dup0_s20260614_bonded,P3-NoPersist,m12_heavy_flood_dup0_s20260614,bonded,220616,PRIVPROBE:1,defer,0,True,1000,defer
m12_heavy_flood_dup0_s20260614_bonded,P3-NoPersist,m12_heavy_flood_dup0_s20260614,bonded,221720,PRIVPROBE:1,defer,0,True,1000,defer
m12_heavy_flood_dup0_s20260614_bonded,P3-NoPersist,m12_heavy_flood_dup0_s20260614,bonded,222843,PRIVPROBE:1,defer,0,True,1000,defer
m12_heavy_flood_dup0_s20260614_bonded,P3-NoPersist,m12_heavy_flood_dup0_s20260614,bonded,223912,PRIVPROBE:1,defer,0,True,1000,defer
m12_heavy_flood_dup0_s20260614_bonded,P3-NoPersist,m12_heavy_flood_dup0_s20260614,bonded,224995,PRIVPROBE:1,defer,0,True,1000,defer
m12_heavy_flood_dup0_s20260614_bonded,P3-NoPersist,m12_heavy_flood_dup0_s20260614,bonded,226082,PRIVPROBE:1,defer,0,True,1000,defer
m12_heavy_flood_dup0_s20260614_bonded,P3-NoPersist,m12_heavy_flood_dup0_s20260614,bonded,227183,PRIVPROBE:1,defer,0,True,1000,defer
m12_heavy_flood_dup0_s20260614_bonded,P3-NoPersist,m12_heavy_flood_dup0_s20260614,bonded,228208,PRIVPROBE:1,defer,0,True,1000,defer
m12_heavy_flood_dup0_s20260614_bonded,P3-NoPersist,m12_heavy_flood_dup0_s20260614,bonded,229289,PRIVPROBE:1,defer,0,True,1000,defer
m12_heavy_flood_dup0_s20260614_bonded,P3-NoPersist,m12_heavy_flood_dup0_s20260614,bonded,230404,PRIVPROBE:1,defer,0,True,1000,defer
m12_heavy_flood_dup0_s20260614_bonded,P3-NoPersist,m12_heavy_flood_dup0_s20260614,bonded,231491,PRIVPROBE:1,defer,0,True,1000,defer
m12_heavy_flood_dup0_s20260614_bonded,P3-NoPersist,m12_heavy_flood_dup0_s20260614,bonded,232598,PRIVPROBE:1,defer,0,True,1000,defer
m12_heavy_flood_dup0_s20260614_bonded,P3-NoPersist,m12_heavy_flood_dup0_s20260614,bonded,233703,PRIVPROBE:1,defer,0,True,1000,defer
m12_heavy_flood_dup0_s20260614_bonded,P3-NoPersist,m12_heavy_flood_dup0_s20260614,bonded,234783,PRIVPROBE:1,defer,0,True,1000,defer
m12_heavy_flood_dup0_s20260614_bonded,P3-NoPersist,m12_heavy_flood_dup0_s20260614,bonded,235887,PRIVPROBE:1,defer,0,True,1000,defer
m12_heavy_flood_dup0_s20260614_bonded,P3-NoPersist,m12_heavy_flood_dup0_s20260614,bonded,236997,PRIVPROBE:1,defer,0,True,1000,defer
m12_heavy_flood_dup0_s20260614_bonded,P3-NoPersist,m12_heavy_flood_dup0_s20260614,bonded,238055,PRIVPROBE:1,defer,0,True,1000,defer
m12_heavy_flood_dup0_s20260614_bonded,P3-NoPersist,m12_heavy_flood_dup0_s20260614,bonded,239131,PRIVPROBE:1,defer,0,True,1000,defer
m12_heavy_flood_dup0_s20260614_bonded,P3-NoPersist,m12_heavy_flood_dup0_s20260614,bonded,240195,PRIVPROBE:1,defer,0,True,1000,defer
m12_heavy_flood_dup0_s20260614_bonded,P3-NoPersist,m12_heavy_flood_dup0_s20260614,bonded,241277,PRIVPROBE:1,defer,0,True,1000,defer
m12_heavy_flood_dup0_s20260614_bonded,P3-NoPersist,m12_heavy_flood_dup0_s20260614,bonded,242404,PRIVPROBE:1,defer,0,True,1000,defer
m12_heavy_flood_dup0_s20260614_bonded,P3-NoPersist,m12_heavy_flood_dup0_s20260614,bonded,243557,PRIVPROBE:1,defer,0,True,1000,defer
m12_heavy_flood_dup0_s20260614_bonded,P3-NoPersist,m12_heavy_flood_dup0_s20260614,bonded,244628,PRIVPROBE:1,defer,0,True,1000,defer
m12_heavy_flood_dup0_s20260614_bonded,P3-NoPersist,m12_heavy_flood_dup0_s20260614,bonded,245764,PRIVPROBE:1,defer,0,True,1000,defer
m12_heavy_flood_dup0_s20260614_bonded,P3-NoPersist,m12_heavy_flood_dup0_s20260614,bonded,246887,PRIVPROBE:1,defer,0,True,1000,defer
m12_heavy_flood_dup0_s20260614_bonded,P3-NoPersist,m12_heavy_flood_dup0_s20260614,bonded,248005,PRIVPROBE:1,defer,0,True,1000,defer
m12_heavy_flood_dup0_s20260614_bonded,P3-NoPersist,m12_heavy_flood_dup0_s20260614,bonded,249179,PRIVPROBE:1,defer,0,True,1000,defer
m12_heavy_flood_dup0_s20260614_bonded,P3-NoPersist,m12_heavy_flood_dup0_s20260614,bonded,250294,PRIVPROBE:1,defer,0,True,1000,defer
m12_heavy_flood_dup0_s20260614_bonded,P3-NoPersist,m12_heavy_flood_dup0_s20260614,bonded,251432,PRIVPROBE:1,defer,0,True,1000,defer
m12_heavy_flood_dup0_s20260614_bonded,P3-NoPersist,m12_heavy_flood_dup0_s20260614,bonded,252534,PRIVPROBE:1,defer,0,True,1000,defer
m12_heavy_flood_dup0_s20260614_bonded,P3-NoPersist,m12_heavy_flood_dup0_s20260614,bonded,253642,PRIVPROBE:1,defer,0,True,1000,defer
m12_heavy_flood_dup0_s20260614_bonded,P3-NoPersist,m12_heavy_flood_dup0_s20260614,bonded,254742,PRIVPROBE:1,defer,0,True,1000,defer
m12_heavy_flood_dup0_s20260614_bonded,P3-NoPersist,m12_heavy_flood_dup0_s20260614,bonded,255853,PRIVPROBE:1,defer,0,True,1000,defer
m12_heavy_flood_dup0_s20260614_bonded,P3-NoPersist,m12_heavy_flood_dup0_s20260614,bonded,256942,PRIVPROBE:1,defer,0,True,1000,defer
m12_heavy_flood_dup0_s20260614_bonded,P3-NoPersist,m12_heavy_flood_dup0_s20260614,bonded,258043,PRIVPROBE:1,defer,0,True,1000,defer
m12_heavy_flood_dup0_s20260614_bonded,P3-NoPersist,m12_heavy_flood_dup0_s20260614,bonded,259197,PRIVPROBE:1,defer,0,True,1000,defer
m12_heavy_flood_dup0_s20260614_bonded,P3-NoPersist,m12_heavy_flood_dup0_s20260614,bonded,260291,PRIVPROBE:1,defer,0,True,1000,defer
m12_heavy_flood_dup0_s20260614_bonded,P3-NoPersist,m12_heavy_flood_dup0_s20260614,bonded,261357,PRIVPROBE:1,defer,0,True,1000,defer
m12_heavy_flood_dup0_s20260614_bonded,P3-NoPersist,m12_heavy_flood_dup0_s20260614,bonded,262482,PRIVPROBE:1,defer,0,True,1000,defer
m12_heavy_flood_dup0_s20260614_bonded,P3-NoPersist,m12_heavy_flood_dup0_s20260614,bonded,263645,PRIVPROBE:1,defer,0,True,1000,defer
m12_heavy_flood_dup0_s20260614_bonded,P3-NoPersist,m12_heavy_flood_dup0_s20260614,bonded,264711,PRIVPROBE:1,defer,0,True,1000,defer
m12_heavy_flood_dup0_s20260614_bonded,P3-NoPersist,m12_heavy_flood_dup0_s20260614,bonded,265832,PRIVPROBE:1,defer,0,True,1000,defer
m12_heavy_flood_dup0_s20260614_bonded,P3-NoPersist,m12_heavy_flood_dup0_s20260614,bonded,267000,PRIVPROBE:1,defer,0,True,1000,defer
m12_heavy_flood_dup0_s20260614_bonded,P3-NoPersist,m12_heavy_flood_dup0_s20260614,bonded,268128,PRIVPROBE:1,defer,0,True,1000,defer
m12_heavy_flood_dup0_s20260614_bonded,P3-NoPersist,m12_heavy_flood_dup0_s20260614,bonded,269212,PRIVPROBE:1,defer,0,True,1000,defer
m12_heavy_flood_dup0_s20260614_bonded,P3-NoPersist,m12_heavy_flood_dup0_s20260614,bonded,270296,PRIVPROBE:1,defer,0,True,1000,defer
m12_heavy_flood_dup0_s20260614_bonded,P3-NoPersist,m12_heavy_flood_dup0_s20260614,bonded,271405,PRIVPROBE:1,defer,0,True,1000,defer
m12_heavy_flood_dup0_s20260614_bonded,P3-NoPersist,m12_heavy_flood_dup0_s20260614,bonded,272545,PRIVPROBE:1,defer,0,True,1000,defer
m12_heavy_flood_dup0_s20260614_bonded,P3-NoPersist,m12_heavy_flood_dup0_s20260614,bonded,273699,PRIVPROBE:1,defer,0,True,1000,defer
m12_heavy_flood_dup0_s20260614_bonded,P3-NoPersist,m12_heavy_flood_dup0_s20260614,bonded,274800,PRIVPROBE:1,defer,0,True,1000,defer
m12_heavy_flood_dup0_s20260614_bonded,P3-NoPersist,m12_heavy_flood_dup0_s20260614,bonded,275930,PRIVPROBE:1,defer,0,True,1000,defer
m12_heavy_flood_dup0_s20260614_bonded,P3-NoPersist,m12_heavy_flood_dup0_s20260614,bonded,277062,PRIVPROBE:1,defer,0,True,1000,defer
m12_heavy_flood_dup0_s20260614_bonded,P3-NoPersist,m12_heavy_flood_dup0_s20260614,bonded,278173,PRIVPROBE:1,defer,0,True,1000,defer
m12_heavy_flood_dup0_s20260614_bonded,P3-NoPersist,m12_heavy_flood_dup0_s20260614,bonded,279307,PRIVPROBE:1,defer,0,True,1000,defer
m12_heavy_flood_dup0_s20260614_bonded,P3-NoPersist,m12_heavy_flood_dup0_s20260614,bonded,280399,PRIVPROBE:1,defer,0,True,1000,defer
m12_heavy_flood_dup0_s20260614_bonded,P3-NoPersist,m12_heavy_flood_dup0_s20260614,bonded,281534,PRIVPROBE:1,defer,0,True,1000,defer
m12_heavy_flood_dup0_s20260614_bonded,P3-NoPersist,m12_heavy_flood_dup0_s20260614,bonded,282707,PRIVPROBE:1,defer,0,True,1000,defer
m12_heavy_flood_dup0_s20260614_bonded,P3-NoPersist,m12_heavy_flood_dup0_s20260614,bonded,283899,PRIVPROBE:1,defer,0,True,1000,defer
m12_heavy_flood_dup0_s20260614_bonded,P3-NoPersist,m12_heavy_flood_dup0_s20260614,bonded,285018,PRIVPROBE:1,defer,0,True,1000,defer
m12_heavy_flood_dup0_s20260614_bonded,P3-NoPersist,m12_heavy_flood_dup0_s20260614,bonded,286156,PRIVPROBE:1,defer,0,True,1000,defer
m12_heavy_flood_dup0_s20260614_bonded,P3-NoPersist,m12_heavy_flood_dup0_s20260614,bonded,287225,PRIVPROBE:1,defer,0,True,1000,defer
m12_heavy_flood_dup0_s20260614_bonded,P3-NoPersist,m12_heavy_flood_dup0_s20260614,bonded,288347,PRIVPROBE:1,defer,0,True,1000,defer
m12_heavy_flood_dup0_s20260614_bonded,P3-NoPersist,m12_heavy_flood_dup0_s20260614,bonded,289458,PRIVPROBE:1,defer,0,True,1000,defer
m12_heavy_flood_dup0_s20260614_bonded,P3-NoPersist,m12_heavy_flood_dup0_s20260614,bonded,290592,PRIVPROBE:1,defer,0,True,1000,defer
m12_heavy_flood_dup0_s20260614_bonded,P3-NoPersist,m12_heavy_flood_dup0_s20260614,bonded,291723,PRIVPROBE:1,defer,0,True,1000,defer
m12_heavy_flood_dup0_s20260614_bonded,P3-NoPersist,m12_heavy_flood_dup0_s20260614,bonded,292831,PRIVPROBE:1,defer,0,True,1000,defer
m12_heavy_flood_dup0_s20260614_bonded,P3-NoPersist,m12_heavy_flood_dup0_s20260614,bonded,294028,PRIVPROBE:1,defer,0,True,1000,defer
m12_heavy_flood_dup0_s20260614_bonded,P3-NoPersist,m12_heavy_flood_dup0_s20260614,bonded,295090,PRIVPROBE:1,defer,0,True,1000,defer
m12_heavy_flood_dup0_s20260614_bonded,P3-NoPersist,m12_heavy_flood_dup0_s20260614,bonded,296184,PRIVPROBE:1,defer,0,True,1000,defer
m12_heavy_flood_dup0_s20260614_bonded,P3-NoPersist,m12_heavy_flood_dup0_s20260614,bonded,297249,PRIVPROBE:1,defer,0,True,1000,defer
m12_heavy_flood_dup0_s20260614_bonded,P3-NoPersist,m12_heavy_flood_dup0_s20260614,bonded,298285,PRIVPROBE:1,defer,0,True,1000,defer
m12_heavy_flood_dup0_s20260614_bonded,P3-NoPersist,m12_heavy_flood_dup0_s20260614,bonded,299338,PRIVPROBE:1,defer,0,True,1000,defer
m12_heavy_flood_dup0_s20260614_bonded,P3-NoPersist,m12_heavy_flood_dup0_s20260614,bonded,300453,PRIVPROBE:1,defer,0,True,1000,defer
m12_heavy_flood_dup0_s20260614_bonded,P3-NoPersist,m12_heavy_flood_dup0_s20260614,bonded,301558,PRIVPROBE:1,defer,0,True,1000,defer
m12_heavy_flood_dup0_s20260614_bonded,P3-NoPersist,m12_heavy_flood_dup0_s20260614,bonded,302668,PRIVPROBE:1,defer,0,True,1000,defer
m12_heavy_flood_dup0_s20260614_bonded,P3-NoPersist,m12_heavy_flood_dup0_s20260614,bonded,303748,PRIVPROBE:1,defer,0,True,1000,defer
m12_heavy_flood_dup0_s20260614_bonded,P3-NoPersist,m12_heavy_flood_dup0_s20260614,bonded,304840,PRIVPROBE:1,defer,0,True,1000,defer
m12_heavy_flood_dup0_s20260614_bonded,P3-NoPersist,m12_heavy_flood_dup0_s20260614,bonded,305946,PRIVPROBE:1,defer,0,True,1000,defer
m12_heavy_flood_dup0_s20260614_bonded,P3-NoPersist,m12_heavy_flood_dup0_s20260614,bonded,307056,PRIVPROBE:1,defer,0,True,1000,defer
m12_heavy_flood_dup0_s20260614_bonded,P3-NoPersist,m12_heavy_flood_dup0_s20260614,bonded,308226,PRIVPROBE:1,defer,0,True,1000,defer
m12_heavy_flood_dup0_s20260614_bonded,P3-NoPersist,m12_heavy_flood_dup0_s20260614,bonded,309315,PRIVPROBE:1,defer,0,True,1000,defer
m12_heavy_flood_dup0_s20260614_bonded,P3-NoPersist,m12_heavy_flood_dup0_s20260614,bonded,310402,PRIVPROBE:1,defer,0,True,1000,defer
m12_heavy_flood_dup0_s20260614_bonded,P3-NoPersist,m12_heavy_flood_dup0_s20260614,bonded,311531,PRIVPROBE:1,defer,0,True,1000,defer
m12_heavy_flood_dup0_s20260614_bonded,P3-NoPersist,m12_heavy_flood_dup0_s20260614,bonded,312637,PRIVPROBE:1,defer,0,True,1000,defer
m12_heavy_flood_dup0_s20260614_bonded,P3-NoPersist,m12_heavy_flood_dup0_s20260614,bonded,313839,PRIVPROBE:1,defer,0,True,1000,defer
m12_heavy_flood_dup0_s20260614_bonded,P3-NoPersist,m12_heavy_flood_dup0_s20260614,bonded,315008,PRIVPROBE:1,defer,0,True,1000,defer
m12_heavy_flood_dup0_s20260614_bonded,P3-NoPersist,m12_heavy_flood_dup0_s20260614,bonded,316129,PRIVPROBE:1,defer,0,True,1000,defer
m12_heavy_flood_dup0_s20260614_bonded,P3-NoPersist,m12_heavy_flood_dup0_s20260614,bonded,317275,PRIVPROBE:1,defer,0,True,1000,defer
m12_heavy_flood_dup0_s20260614_bonded,P3-NoPersist,m12_heavy_flood_dup0_s20260614,bonded,318308,PRIVPROBE:1,defer,0,True,1000,defer
m12_heavy_flood_dup0_s20260614_bonded,P3-NoPersist,m12_heavy_flood_dup0_s20260614,bonded,319462,PRIVPROBE:1,defer,0,True,1000,defer
m12_heavy_flood_dup0_s20260614_bonded,P3-NoPersist,m12_heavy_flood_dup0_s20260614,bonded,320542,PRIVPROBE:1,defer,0,True,1000,defer
m12_heavy_flood_dup0_s20260614_bonded,P3-NoPersist,m12_heavy_flood_dup0_s20260614,bonded,321627,PRIVPROBE:1,defer,0,True,1000,defer
m12_heavy_flood_dup0_s20260614_bonded,P3-NoPersist,m12_heavy_flood_dup0_s20260614,bonded,322726,PRIVPROBE:1,defer,0,True,1000,defer
m12_heavy_flood_dup0_s20260614_bonded,P3-NoPersist,m12_heavy_flood_dup0_s20260614,bonded,323794,PRIVPROBE:1,defer,0,True,1000,defer
m12_heavy_flood_dup0_s20260614_bonded,P3-NoPersist,m12_heavy_flood_dup0_s20260614,bonded,324968,PRIVPROBE:1,defer,0,True,1000,defer
m12_heavy_flood_dup0_s20260614_bonded,P3-NoPersist,m12_heavy_flood_dup0_s20260614,bonded,326115,PRIVPROBE:1,defer,0,True,1000,defer
m12_heavy_flood_dup0_s20260614_bonded,P3-NoPersist,m12_heavy_flood_dup0_s20260614,bonded,327183,PRIVPROBE:1,defer,0,True,1000,defer
m12_heavy_flood_dup0_s20260614_bonded,P3-NoPersist,m12_heavy_flood_dup0_s20260614,bonded,328279,PRIVPROBE:1,defer,0,True,1000,defer
m12_heavy_flood_dup0_s20260614_bonded,P3-NoPersist,m12_heavy_flood_dup0_s20260614,bonded,329391,PRIVPROBE:1,defer,0,True,1000,defer
m12_heavy_flood_dup0_s20260614_bonded,P3-NoPersist,m12_heavy_flood_dup0_s20260614,bonded,330516,PRIVPROBE:1,defer,0,True,1000,defer
m12_heavy_flood_dup0_s20260614_bonded,P3-NoPersist,m12_heavy_flood_dup0_s20260614,bonded,331584,PRIVPROBE:1,defer,0,True,1000,defer
m12_heavy_flood_dup0_s20260614_bonded,P3-NoPersist,m12_heavy_flood_dup0_s20260614,bonded,332726,PRIVPROBE:1,defer,0,True,1000,defer
m12_heavy_flood_dup0_s20260614_bonded,P3-NoPersist,m12_heavy_flood_dup0_s20260614,bonded,333800,PRIVPROBE:1,defer,0,True,1000,defer
m12_heavy_flood_dup0_s20260614_bonded,P3-NoPersist,m12_heavy_flood_dup0_s20260614,bonded,334910,PRIVPROBE:1,defer,0,True,1000,defer
m12_heavy_flood_dup0_s20260614_bonded,P3-NoPersist,m12_heavy_flood_dup0_s20260614,bonded,336062,PRIVPROBE:1,defer,0,True,1000,defer
m12_heavy_flood_dup0_s20260614_bonded,P3-NoPersist,m12_heavy_flood_dup0_s20260614,bonded,337185,PRIVPROBE:1,defer,0,True,1000,defer
m12_heavy_flood_dup0_s20260614_bonded,P3-NoPersist,m12_heavy_flood_dup0_s20260614,bonded,338261,PRIVPROBE:1,defer,0,True,1000,defer
m12_heavy_flood_dup0_s20260614_bonded,P3-NoPersist,m12_heavy_flood_dup0_s20260614,bonded,339340,PRIVPROBE:1,defer,0,True,1000,defer
m12_heavy_flood_dup0_s20260614_bonded,P3-NoPersist,m12_heavy_flood_dup0_s20260614,bonded,340422,PRIVPROBE:1,defer,0,True,1000,defer
m12_heavy_flood_dup0_s20260614_bonded,P3-NoPersist,m12_heavy_flood_dup0_s20260614,bonded,341548,PRIVPROBE:1,defer,0,True,1000,defer
m12_heavy_flood_dup0_s20260614_bonded,P3-NoPersist,m12_heavy_flood_dup0_s20260614,bonded,342657,PRIVPROBE:1,defer,0,True,1000,defer
m12_heavy_flood_dup0_s20260614_bonded,P3-NoPersist,m12_heavy_flood_dup0_s20260614,bonded,343771,PRIVPROBE:1,defer,0,True,1000,defer
m12_heavy_flood_dup0_s20260614_bonded,P3-NoPersist,m12_heavy_flood_dup0_s20260614,bonded,344858,PRIVPROBE:1,defer,0,True,1000,defer
m12_heavy_flood_dup0_s20260614_bonded,P3-NoPersist,m12_heavy_flood_dup0_s20260614,bonded,345900,PRIVPROBE:1,defer,0,True,1000,defer
m12_heavy_flood_dup0_s20260614_bonded,P3-NoPersist,m12_heavy_flood_dup0_s20260614,bonded,347012,PRIVPROBE:1,defer,0,True,1000,defer
m12_heavy_flood_dup0_s20260614_bonded,P3-NoPersist,m12_heavy_flood_dup0_s20260614,bonded,348054,PRIVPROBE:1,defer,0,True,1000,defer
m12_heavy_flood_dup0_s20260614_bonded,P3-NoPersist,m12_heavy_flood_dup0_s20260614,bonded,349128,PRIVPROBE:1,defer,0,True,1000,defer
m12_heavy_flood_dup0_s20260614_bonded,P3-NoPersist,m12_heavy_flood_dup0_s20260614,bonded,350194,PRIVPROBE:1,defer,0,True,1000,defer
m12_heavy_flood_dup0_s20260614_bonded,P3-NoPersist,m12_heavy_flood_dup0_s20260614,bonded,351340,PRIVPROBE:1,defer,0,True,1000,defer
m12_heavy_flood_dup0_s20260614_bonded,P3-NoPersist,m12_heavy_flood_dup0_s20260614,bonded,352407,PRIVPROBE:1,defer,0,True,1000,defer
m12_heavy_flood_dup0_s20260614_bonded,P3-NoPersist,m12_heavy_flood_dup0_s20260614,bonded,353506,PRIVPROBE:1,defer,0,True,1000,defer
m12_heavy_flood_dup0_s20260614_bonded,P3-NoPersist,m12_heavy_flood_dup0_s20260614,bonded,354590,PRIVPROBE:1,defer,0,True,1000,defer
m12_heavy_flood_dup0_s20260614_bonded,P3-NoPersist,m12_heavy_flood_dup0_s20260614,bonded,355770,PRIVPROBE:1,defer,0,True,1000,defer
m12_heavy_flood_dup0_s20260614_bonded,P3-NoPersist,m12_heavy_flood_dup0_s20260614,bonded,356958,PRIVPROBE:1,defer,0,True,1000,defer
m12_heavy_flood_dup0_s20260614_bonded,P3-NoPersist,m12_heavy_flood_dup0_s20260614,bonded,358086,PRIVPROBE:1,defer,0,True,1000,defer
m12_heavy_flood_dup0_s20260614_bonded,P3-NoPersist,m12_heavy_flood_dup0_s20260614,bonded,359122,PRIVPROBE:1,defer,0,True,1000,defer
m12_heavy_flood_dup0_s20260614_bonded,P3-NoPersist,m12_heavy_flood_dup0_s20260614,bonded,360235,PRIVPROBE:1,defer,0,True,1000,defer
m12_heavy_flood_dup0_s20260614_bonded,P3-NoPersist,m12_heavy_flood_dup0_s20260614,bonded,361295,PRIVPROBE:1,defer,0,True,1000,defer
m12_heavy_flood_dup0_s20260614_bonded,P3-NoPersist,m12_heavy_flood_dup0_s20260614,bonded,362395,PRIVPROBE:1,defer,0,True,1000,defer
m12_heavy_flood_dup0_s20260614_bonded,P3-NoPersist,m12_heavy_flood_dup0_s20260614,bonded,363500,PRIVPROBE:1,defer,0,True,1000,defer
m12_heavy_flood_dup0_s20260614_bonded,P3-NoPersist,m12_heavy_flood_dup0_s20260614,bonded,364647,PRIVPROBE:1,defer,0,True,1000,defer
m12_heavy_flood_dup0_s20260614_bonded,P3-NoPersist,m12_heavy_flood_dup0_s20260614,bonded,365757,PRIVPROBE:1,defer,0,True,1000,defer
m12_heavy_flood_dup0_s20260614_bonded,P3-NoPersist,m12_heavy_flood_dup0_s20260614,bonded,366929,PRIVPROBE:1,defer,0,True,1000,defer
m12_heavy_flood_dup0_s20260614_bonded,P3-NoPersist,m12_heavy_flood_dup0_s20260614,bonded,368056,PRIVPROBE:1,defer,0,True,1000,defer
m12_heavy_flood_dup0_s20260614_bonded,P3-NoPersist,m12_heavy_flood_dup0_s20260614,bonded,369194,PRIVPROBE:1,defer,0,True,1000,defer
m12_heavy_flood_dup0_s20260614_bonded,P3-NoPersist,m12_heavy_flood_dup0_s20260614,bonded,370329,PRIVPROBE:1,defer,0,True,1000,defer
m12_heavy_flood_dup0_s20260614_bonded,P3-NoPersist,m12_heavy_flood_dup0_s20260614,bonded,371397,PRIVPROBE:1,defer,0,True,1000,defer
m12_heavy_flood_dup0_s20260614_bonded,P3-NoPersist,m12_heavy_flood_dup0_s20260614,bonded,372468,PRIVPROBE:1,defer,0,True,1000,defer
m12_heavy_flood_dup0_s20260614_bonded,P3-NoPersist,m12_heavy_flood_dup0_s20260614,bonded,373598,PRIVPROBE:1,defer,0,True,1000,defer
m12_heavy_flood_dup0_s20260614_bonded,P3-NoPersist,m12_heavy_flood_dup0_s20260614,bonded,374728,PRIVPROBE:1,defer,0,True,1000,defer
m12_heavy_flood_dup0_s20260614_bonded,P3-NoPersist,m12_heavy_flood_dup0_s20260614,bonded,375825,PRIVPROBE:1,defer,0,True,1000,defer
m12_heavy_flood_dup0_s20260614_bonded,P3-NoPersist,m12_heavy_flood_dup0_s20260614,bonded,376995,PRIVPROBE:1,defer,0,True,1000,defer
m12_heavy_flood_dup0_s20260614_bonded,P3-NoPersist,m12_heavy_flood_dup0_s20260614,bonded,378044,PRIVPROBE:1,defer,0,True,1000,defer
m12_heavy_flood_dup0_s20260614_bonded,P3-NoPersist,m12_heavy_flood_dup0_s20260614,bonded,379098,PRIVPROBE:1,defer,0,True,1000,defer
m12_heavy_flood_dup0_s20260614_bonded,P3-NoPersist,m12_heavy_flood_dup0_s20260614,bonded,380247,PRIVPROBE:1,defer,0,True,1000,defer
m12_heavy_flood_dup0_s20260614_bonded,P3-NoPersist,m12_heavy_flood_dup0_s20260614,bonded,381371,PRIVPROBE:1,defer,0,True,1000,defer
m12_heavy_flood_dup0_s20260614_bonded,P3-NoPersist,m12_heavy_flood_dup0_s20260614,bonded,382445,PRIVPROBE:1,defer,0,True,1000,defer
m12_heavy_flood_dup0_s20260614_bonded,P3-NoPersist,m12_heavy_flood_dup0_s20260614,bonded,383558,PRIVPROBE:1,defer,0,True,1000,defer
m12_heavy_flood_dup0_s20260614_bonded,P3-NoPersist,m12_heavy_flood_dup0_s20260614,bonded,384635,PRIVPROBE:1,defer,0,True,1000,defer
m12_heavy_flood_dup0_s20260614_bonded,P3-NoPersist,m12_heavy_flood_dup0_s20260614,bonded,385791,PRIVPROBE:1,defer,0,True,1000,defer
m12_heavy_flood_dup0_s20260614_bonded,P3-NoPersist,m12_heavy_flood_dup0_s20260614,bonded,386974,PRIVPROBE:1,defer,0,True,1000,defer
m12_heavy_flood_dup0_s20260614_bonded,P3-NoPersist,m12_heavy_flood_dup0_s20260614,bonded,388080,PRIVPROBE:1,defer,0,True,1000,defer
m12_heavy_flood_dup0_s20260614_bonded,P3-NoPersist,m12_heavy_flood_dup0_s20260614,bonded,389215,PRIVPROBE:1,defer,0,True,1000,defer
m12_heavy_flood_dup0_s20260614_bonded,P3-NoPersist,m12_heavy_flood_dup0_s20260614,bonded,390332,PRIVPROBE:1,defer,0,True,1000,defer
m12_heavy_flood_dup0_s20260614_bonded,P3-NoPersist,m12_heavy_flood_dup0_s20260614,bonded,391476,PRIVPROBE:1,defer,0,True,1000,defer
m12_heavy_flood_dup0_s20260614_bonded,P3-NoPersist,m12_heavy_flood_dup0_s20260614,bonded,392623,PRIVPROBE:1,defer,0,True,1000,defer
m12_heavy_flood_dup0_s20260614_bonded,P3-NoPersist,m12_heavy_flood_dup0_s20260614,bonded,393766,PRIVPROBE:1,defer,0,True,1000,defer
m12_heavy_flood_dup0_s20260614_bonded,P3-NoPersist,m12_heavy_flood_dup0_s20260614,bonded,394848,PRIVPROBE:1,defer,0,True,1000,defer
m12_heavy_flood_dup0_s20260614_bonded,P3-NoPersist,m12_heavy_flood_dup0_s20260614,bonded,395918,PRIVPROBE:1,defer,0,True,1000,defer
m12_heavy_flood_dup0_s20260614_bonded,P3-NoPersist,m12_heavy_flood_dup0_s20260614,bonded,396939,PRIVPROBE:1,defer,0,True,1000,defer
m12_heavy_flood_dup0_s20260614_bonded,P3-NoPersist,m12_heavy_flood_dup0_s20260614,bonded,398056,PRIVPROBE:1,defer,0,True,1000,defer
m12_heavy_flood_dup0_s20260614_bonded,P3-NoPersist,m12_heavy_flood_dup0_s20260614,bonded,399158,PRIVPROBE:1,defer,0,True,1000,defer
m12_heavy_flood_dup0_s20260614_bonded,BudgetDoS,m12_heavy_flood_dup0_s20260614,bonded,67371,PRIVPROBE:0,budget_skip,0,False,0,budget_skip
m12_heavy_flood_dup0_s20260614_bonded,BudgetDoS,m12_heavy_flood_dup0_s20260614,bonded,68499,PRIVPROBE:0,budget_skip,0,False,0,budget_skip
m12_heavy_flood_dup0_s20260614_bonded,BudgetDoS,m12_heavy_flood_dup0_s20260614,bonded,69655,PRIVPROBE:0,budget_skip,0,False,0,budget_skip
m12_heavy_flood_dup0_s20260614_bonded,BudgetDoS,m12_heavy_flood_dup0_s20260614,bonded,70830,PRIVPROBE:0,budget_skip,0,False,0,budget_skip
m12_heavy_flood_dup0_s20260614_bonded,BudgetDoS,m12_heavy_flood_dup0_s20260614,bonded,72022,PRIVPROBE:0,budget_skip,0,False,0,budget_skip
m12_heavy_flood_dup0_s20260614_bonded,BudgetDoS,m12_heavy_flood_dup0_s20260614,bonded,73136,PRIVPROBE:0,budget_skip,0,False,0,budget_skip
m12_heavy_flood_dup0_s20260614_bonded,BudgetDoS,m12_heavy_flood_dup0_s20260614,bonded,74273,PRIVPROBE:0,budget_skip,0,False,0,budget_skip
m12_heavy_flood_dup0_s20260614_bonded,BudgetDoS,m12_heavy_flood_dup0_s20260614,bonded,75396,PRIVPROBE:0,budget_skip,0,False,0,budget_skip
m12_heavy_flood_dup0_s20260614_bonded,BudgetDoS,m12_heavy_flood_dup0_s20260614,bonded,76441,PRIVPROBE:0,budget_skip,0,False,0,budget_skip
m12_heavy_flood_dup0_s20260614_bonded,BudgetDoS,m12_heavy_flood_dup0_s20260614,bonded,77494,PRIVPROBE:0,budget_skip,0,False,0,budget_skip
m12_heavy_flood_dup0_s20260614_bonded,BudgetDoS,m12_heavy_flood_dup0_s20260614,bonded,78568,PRIVPROBE:0,budget_skip,0,False,0,budget_skip
m12_heavy_flood_dup0_s20260614_bonded,BudgetDoS,m12_heavy_flood_dup0_s20260614,bonded,79729,PRIVPROBE:0,budget_skip,0,False,0,budget_skip
m12_heavy_flood_dup0_s20260614_bonded,BudgetDoS,m12_heavy_flood_dup0_s20260614,bonded,80801,PRIVPROBE:0,budget_skip,0,False,0,budget_skip
m12_heavy_flood_dup0_s20260614_bonded,BudgetDoS,m12_heavy_flood_dup0_s20260614,bonded,81957,PRIVPROBE:0,budget_skip,0,False,0,budget_skip
m12_heavy_flood_dup0_s20260614_bonded,BudgetDoS,m12_heavy_flood_dup0_s20260614,bonded,83060,PRIVPROBE:0,budget_skip,0,False,0,budget_skip
m12_heavy_flood_dup0_s20260614_bonded,BudgetDoS,m12_heavy_flood_dup0_s20260614,bonded,84152,PRIVPROBE:0,budget_skip,0,False,0,budget_skip
m12_heavy_flood_dup0_s20260614_bonded,BudgetDoS,m12_heavy_flood_dup0_s20260614,bonded,85244,PRIVPROBE:0,budget_skip,0,False,0,budget_skip
m12_heavy_flood_dup0_s20260614_bonded,BudgetDoS,m12_heavy_flood_dup0_s20260614,bonded,86361,PRIVPROBE:0,budget_skip,0,False,0,budget_skip
m12_heavy_flood_dup0_s20260614_bonded,BudgetDoS,m12_heavy_flood_dup0_s20260614,bonded,87429,PRIVPROBE:0,budget_skip,0,False,0,budget_skip
m12_heavy_flood_dup0_s20260614_bonded,BudgetDoS,m12_heavy_flood_dup0_s20260614,bonded,88611,PRIVPROBE:0,budget_skip,0,False,0,budget_skip
m12_heavy_flood_dup0_s20260614_bonded,BudgetDoS,m12_heavy_flood_dup0_s20260614,bonded,89721,PRIVPROBE:0,budget_skip,0,False,0,budget_skip
m12_heavy_flood_dup0_s20260614_bonded,BudgetDoS,m12_heavy_flood_dup0_s20260614,bonded,90764,PRIVPROBE:0,budget_skip,0,False,0,budget_skip
m12_heavy_flood_dup0_s20260614_bonded,BudgetDoS,m12_heavy_flood_dup0_s20260614,bonded,91898,PRIVPROBE:0,budget_skip,0,False,0,budget_skip
m12_heavy_flood_dup0_s20260614_bonded,BudgetDoS,m12_heavy_flood_dup0_s20260614,bonded,93011,PRIVPROBE:0,budget_skip,0,False,0,budget_skip
m12_heavy_flood_dup0_s20260614_bonded,BudgetDoS,m12_heavy_flood_dup0_s20260614,bonded,94147,PRIVPROBE:0,budget_skip,0,False,0,budget_skip
m12_heavy_flood_dup0_s20260614_bonded,BudgetDoS,m12_heavy_flood_dup0_s20260614,bonded,95255,PRIVPROBE:0,budget_skip,0,False,0,budget_skip
m12_heavy_flood_dup0_s20260614_bonded,BudgetDoS,m12_heavy_flood_dup0_s20260614,bonded,96338,PRIVPROBE:0,budget_skip,0,False,0,budget_skip
m12_heavy_flood_dup0_s20260614_bonded,BudgetDoS,m12_heavy_flood_dup0_s20260614,bonded,97437,PRIVPROBE:0,budget_skip,0,False,0,budget_skip
m12_heavy_flood_dup0_s20260614_bonded,BudgetDoS,m12_heavy_flood_dup0_s20260614,bonded,98537,PRIVPROBE:0,budget_skip,0,False,0,budget_skip
m12_heavy_flood_dup0_s20260614_bonded,BudgetDoS,m12_heavy_flood_dup0_s20260614,bonded,99607,PRIVPROBE:0,budget_skip,0,False,0,budget_skip
m12_heavy_flood_dup0_s20260614_bonded,BudgetDoS,m12_heavy_flood_dup0_s20260614,bonded,100695,PRIVPROBE:0,budget_skip,0,False,0,budget_skip
m12_heavy_flood_dup0_s20260614_bonded,BudgetDoS,m12_heavy_flood_dup0_s20260614,bonded,101911,PRIVPROBE:0,budget_skip,0,False,0,budget_skip
m12_heavy_flood_dup0_s20260614_bonded,BudgetDoS,m12_heavy_flood_dup0_s20260614,bonded,102953,PRIVPROBE:0,budget_skip,0,False,0,budget_skip
m12_heavy_flood_dup0_s20260614_bonded,BudgetDoS,m12_heavy_flood_dup0_s20260614,bonded,104104,PRIVPROBE:0,budget_skip,0,False,0,budget_skip
m12_heavy_flood_dup0_s20260614_bonded,BudgetDoS,m12_heavy_flood_dup0_s20260614,bonded,105246,PRIVPROBE:0,budget_skip,0,False,0,budget_skip
m12_heavy_flood_dup0_s20260614_bonded,BudgetDoS,m12_heavy_flood_dup0_s20260614,bonded,106392,PRIVPROBE:0,budget_skip,0,False,0,budget_skip
m12_heavy_flood_dup0_s20260614_bonded,BudgetDoS,m12_heavy_flood_dup0_s20260614,bonded,107456,PRIVPROBE:0,budget_skip,0,False,0,budget_skip
m12_heavy_flood_dup0_s20260614_bonded,BudgetDoS,m12_heavy_flood_dup0_s20260614,bonded,108597,PRIVPROBE:0,budget_skip,0,False,0,budget_skip
m12_heavy_flood_dup0_s20260614_bonded,BudgetDoS,m12_heavy_flood_dup0_s20260614,bonded,109745,PRIVPROBE:0,budget_skip,0,False,0,budget_skip
m12_heavy_flood_dup0_s20260614_bonded,BudgetDoS,m12_heavy_flood_dup0_s20260614,bonded,110893,PRIVPROBE:0,budget_skip,0,False,0,budget_skip
m12_heavy_flood_dup0_s20260614_bonded,BudgetDoS,m12_heavy_flood_dup0_s20260614,bonded,112035,PRIVPROBE:0,budget_skip,0,False,0,budget_skip
m12_heavy_flood_dup0_s20260614_bonded,BudgetDoS,m12_heavy_flood_dup0_s20260614,bonded,113165,PRIVPROBE:0,budget_skip,0,False,0,budget_skip
m12_heavy_flood_dup0_s20260614_bonded,BudgetDoS,m12_heavy_flood_dup0_s20260614,bonded,114269,PRIVPROBE:0,budget_skip,0,False,0,budget_skip
m12_heavy_flood_dup0_s20260614_bonded,BudgetDoS,m12_heavy_flood_dup0_s20260614,bonded,115365,PRIVPROBE:0,budget_skip,0,False,0,budget_skip
m12_heavy_flood_dup0_s20260614_bonded,BudgetDoS,m12_heavy_flood_dup0_s20260614,bonded,116500,PRIVPROBE:0,budget_skip,0,False,0,budget_skip
m12_heavy_flood_dup0_s20260614_bonded,BudgetDoS,m12_heavy_flood_dup0_s20260614,bonded,117646,PRIVPROBE:0,budget_skip,0,False,0,budget_skip
m12_heavy_flood_dup0_s20260614_bonded,BudgetDoS,m12_heavy_flood_dup0_s20260614,bonded,118785,PRIVPROBE:0,budget_skip,0,False,0,budget_skip
m12_heavy_flood_dup0_s20260614_bonded,BudgetDoS,m12_heavy_flood_dup0_s20260614,bonded,119858,PRIVPROBE:0,budget_skip,0,False,0,budget_skip
m12_heavy_flood_dup0_s20260614_bonded,BudgetDoS,m12_heavy_flood_dup0_s20260614,bonded,120981,PRIVPROBE:0,budget_skip,0,False,0,budget_skip
m12_heavy_flood_dup0_s20260614_bonded,BudgetDoS,m12_heavy_flood_dup0_s20260614,bonded,122059,PRIVPROBE:0,budget_skip,0,False,0,budget_skip
m12_heavy_flood_dup0_s20260614_bonded,BudgetDoS,m12_heavy_flood_dup0_s20260614,bonded,123156,PRIVPROBE:0,budget_skip,0,False,0,budget_skip
m12_heavy_flood_dup0_s20260614_bonded,BudgetDoS,m12_heavy_flood_dup0_s20260614,bonded,124274,PRIVPROBE:0,budget_skip,0,False,0,budget_skip
m12_heavy_flood_dup0_s20260614_bonded,BudgetDoS,m12_heavy_flood_dup0_s20260614,bonded,125392,PRIVPROBE:0,budget_skip,0,False,0,budget_skip
m12_heavy_flood_dup0_s20260614_bonded,BudgetDoS,m12_heavy_flood_dup0_s20260614,bonded,126521,PRIVPROBE:0,budget_skip,0,False,0,budget_skip
m12_heavy_flood_dup0_s20260614_bonded,BudgetDoS,m12_heavy_flood_dup0_s20260614,bonded,127698,PRIVPROBE:0,budget_skip,0,False,0,budget_skip
m12_heavy_flood_dup0_s20260614_bonded,BudgetDoS,m12_heavy_flood_dup0_s20260614,bonded,128826,PRIVPROBE:0,budget_skip,0,False,0,budget_skip
m12_heavy_flood_dup0_s20260614_bonded,BudgetDoS,m12_heavy_flood_dup0_s20260614,bonded,129909,PRIVPROBE:0,budget_skip,0,False,0,budget_skip
m12_heavy_flood_dup0_s20260614_bonded,BudgetDoS,m12_heavy_flood_dup0_s20260614,bonded,131057,PRIVPROBE:0,budget_skip,0,False,0,budget_skip
m12_heavy_flood_dup0_s20260614_bonded,BudgetDoS,m12_heavy_flood_dup0_s20260614,bonded,132127,PRIVPROBE:0,budget_skip,0,False,0,budget_skip
m12_heavy_flood_dup0_s20260614_bonded,BudgetDoS,m12_heavy_flood_dup0_s20260614,bonded,133265,PRIVPROBE:0,budget_skip,0,False,0,budget_skip
m12_heavy_flood_dup0_s20260614_bonded,BudgetDoS,m12_heavy_flood_dup0_s20260614,bonded,134383,PRIVPROBE:0,budget_skip,0,False,0,budget_skip
m12_heavy_flood_dup0_s20260614_bonded,BudgetDoS,m12_heavy_flood_dup0_s20260614,bonded,135463,PRIVPROBE:0,budget_skip,0,False,0,budget_skip
m12_heavy_flood_dup0_s20260614_bonded,BudgetDoS,m12_heavy_flood_dup0_s20260614,bonded,136581,PRIVPROBE:0,budget_skip,0,False,0,budget_skip
m12_heavy_flood_dup0_s20260614_bonded,BudgetDoS,m12_heavy_flood_dup0_s20260614,bonded,137713,PRIVPROBE:0,budget_skip,0,False,0,budget_skip
m12_heavy_flood_dup0_s20260614_bonded,BudgetDoS,m12_heavy_flood_dup0_s20260614,bonded,138837,PRIVPROBE:0,budget_skip,0,False,0,budget_skip
m12_heavy_flood_dup0_s20260614_bonded,BudgetDoS,m12_heavy_flood_dup0_s20260614,bonded,139966,PRIVPROBE:0,budget_skip,0,False,0,budget_skip
m12_heavy_flood_dup0_s20260614_bonded,BudgetDoS,m12_heavy_flood_dup0_s20260614,bonded,141108,PRIVPROBE:0,budget_skip,0,False,0,budget_skip
m12_heavy_flood_dup0_s20260614_bonded,BudgetDoS,m12_heavy_flood_dup0_s20260614,bonded,142284,PRIVPROBE:0,budget_skip,0,False,0,budget_skip
m12_heavy_flood_dup0_s20260614_bonded,BudgetDoS,m12_heavy_flood_dup0_s20260614,bonded,143333,PRIVPROBE:0,budget_skip,0,False,0,budget_skip
m12_heavy_flood_dup0_s20260614_bonded,BudgetDoS,m12_heavy_flood_dup0_s20260614,bonded,144467,PRIVPROBE:0,budget_skip,0,False,0,budget_skip
m12_heavy_flood_dup0_s20260614_bonded,BudgetDoS,m12_heavy_flood_dup0_s20260614,bonded,145575,PRIVPROBE:0,budget_skip,0,False,0,budget_skip
m12_heavy_flood_dup0_s20260614_bonded,BudgetDoS,m12_heavy_flood_dup0_s20260614,bonded,146636,PRIVPROBE:0,budget_skip,0,False,0,budget_skip
m12_heavy_flood_dup0_s20260614_bonded,BudgetDoS,m12_heavy_flood_dup0_s20260614,bonded,147737,PRIVPROBE:0,budget_skip,0,False,0,budget_skip
m12_heavy_flood_dup0_s20260614_bonded,BudgetDoS,m12_heavy_flood_dup0_s20260614,bonded,148876,PRIVPROBE:0,budget_skip,0,False,0,budget_skip
m12_heavy_flood_dup0_s20260614_bonded,BudgetDoS,m12_heavy_flood_dup0_s20260614,bonded,149910,PRIVPROBE:0,budget_skip,0,False,0,budget_skip
m12_heavy_flood_dup0_s20260614_bonded,BudgetDoS,m12_heavy_flood_dup0_s20260614,bonded,150916,PRIVPROBE:0,budget_skip,0,False,0,budget_skip
m12_heavy_flood_dup0_s20260614_bonded,BudgetDoS,m12_heavy_flood_dup0_s20260614,bonded,152005,PRIVPROBE:0,budget_skip,0,False,0,budget_skip
m12_heavy_flood_dup0_s20260614_bonded,BudgetDoS,m12_heavy_flood_dup0_s20260614,bonded,153139,PRIVPROBE:0,budget_skip,0,False,0,budget_skip
m12_heavy_flood_dup0_s20260614_bonded,BudgetDoS,m12_heavy_flood_dup0_s20260614,bonded,154234,PRIVPROBE:0,budget_skip,0,False,0,budget_skip
m12_heavy_flood_dup0_s20260614_bonded,BudgetDoS,m12_heavy_flood_dup0_s20260614,bonded,155305,PRIVPROBE:0,budget_skip,0,False,0,budget_skip
m12_heavy_flood_dup0_s20260614_bonded,BudgetDoS,m12_heavy_flood_dup0_s20260614,bonded,156470,PRIVPROBE:0,budget_skip,0,False,0,budget_skip
m12_heavy_flood_dup0_s20260614_bonded,BudgetDoS,m12_heavy_flood_dup0_s20260614,bonded,157602,PRIVPROBE:0,budget_skip,0,False,0,budget_skip
m12_heavy_flood_dup0_s20260614_bonded,BudgetDoS,m12_heavy_flood_dup0_s20260614,bonded,158670,PRIVPROBE:0,budget_skip,0,False,0,budget_skip
m12_heavy_flood_dup0_s20260614_bonded,BudgetDoS,m12_heavy_flood_dup0_s20260614,bonded,159728,PRIVPROBE:0,budget_skip,0,False,0,budget_skip
m12_heavy_flood_dup0_s20260614_bonded,BudgetDoS,m12_heavy_flood_dup0_s20260614,bonded,160851,PRIVPROBE:0,budget_skip,0,False,0,budget_skip
m12_heavy_flood_dup0_s20260614_bonded,BudgetDoS,m12_heavy_flood_dup0_s20260614,bonded,161938,PRIVPROBE:0,budget_skip,0,False,0,budget_skip
m12_heavy_flood_dup0_s20260614_bonded,BudgetDoS,m12_heavy_flood_dup0_s20260614,bonded,163101,PRIVPROBE:0,budget_skip,0,False,0,budget_skip
m12_heavy_flood_dup0_s20260614_bonded,BudgetDoS,m12_heavy_flood_dup0_s20260614,bonded,164267,PRIVPROBE:0,budget_skip,0,False,0,budget_skip
m12_heavy_flood_dup0_s20260614_bonded,BudgetDoS,m12_heavy_flood_dup0_s20260614,bonded,165343,PRIVPROBE:0,budget_skip,0,False,0,budget_skip
m12_heavy_flood_dup0_s20260614_bonded,BudgetDoS,m12_heavy_flood_dup0_s20260614,bonded,166476,PRIVPROBE:0,budget_skip,0,False,0,budget_skip
m12_heavy_flood_dup0_s20260614_bonded,BudgetDoS,m12_heavy_flood_dup0_s20260614,bonded,167588,PRIVPROBE:0,budget_skip,0,False,0,budget_skip
m12_heavy_flood_dup0_s20260614_bonded,BudgetDoS,m12_heavy_flood_dup0_s20260614,bonded,168725,PRIVPROBE:0,budget_skip,0,False,0,budget_skip
m12_heavy_flood_dup0_s20260614_bonded,BudgetDoS,m12_heavy_flood_dup0_s20260614,bonded,169807,PRIVPROBE:0,budget_skip,0,False,0,budget_skip
m12_heavy_flood_dup0_s20260614_bonded,BudgetDoS,m12_heavy_flood_dup0_s20260614,bonded,170970,PRIVPROBE:0,budget_skip,0,False,0,budget_skip
m12_heavy_flood_dup0_s20260614_bonded,BudgetDoS,m12_heavy_flood_dup0_s20260614,bonded,172055,PRIVPROBE:0,budget_skip,0,False,0,budget_skip
m12_heavy_flood_dup0_s20260614_bonded,BudgetDoS,m12_heavy_flood_dup0_s20260614,bonded,173189,PRIVPROBE:0,budget_skip,0,False,0,budget_skip
m12_heavy_flood_dup0_s20260614_bonded,BudgetDoS,m12_heavy_flood_dup0_s20260614,bonded,174288,PRIVPROBE:0,budget_skip,0,False,0,budget_skip
m12_heavy_flood_dup0_s20260614_bonded,BudgetDoS,m12_heavy_flood_dup0_s20260614,bonded,175379,PRIVPROBE:0,budget_skip,0,False,0,budget_skip
m12_heavy_flood_dup0_s20260614_bonded,BudgetDoS,m12_heavy_flood_dup0_s20260614,bonded,176507,PRIVPROBE:0,budget_skip,0,False,0,budget_skip
m12_heavy_flood_dup0_s20260614_bonded,BudgetDoS,m12_heavy_flood_dup0_s20260614,bonded,177551,PRIVPROBE:0,budget_skip,0,False,0,budget_skip
m12_heavy_flood_dup0_s20260614_bonded,BudgetDoS,m12_heavy_flood_dup0_s20260614,bonded,178613,PRIVPROBE:0,budget_skip,0,False,0,budget_skip
m12_heavy_flood_dup0_s20260614_bonded,BudgetDoS,m12_heavy_flood_dup0_s20260614,bonded,179714,PRIVPROBE:0,budget_skip,0,False,0,budget_skip
m12_heavy_flood_dup0_s20260614_bonded,BudgetDoS,m12_heavy_flood_dup0_s20260614,bonded,180837,PRIVPROBE:0,budget_skip,0,False,0,budget_skip
m12_heavy_flood_dup0_s20260614_bonded,BudgetDoS,m12_heavy_flood_dup0_s20260614,bonded,181954,PRIVPROBE:0,budget_skip,0,False,0,budget_skip
m12_heavy_flood_dup0_s20260614_bonded,BudgetDoS,m12_heavy_flood_dup0_s20260614,bonded,183053,PRIVPROBE:0,budget_skip,0,False,0,budget_skip
m12_heavy_flood_dup0_s20260614_bonded,BudgetDoS,m12_heavy_flood_dup0_s20260614,bonded,184156,PRIVPROBE:0,budget_skip,0,False,0,budget_skip
m12_heavy_flood_dup0_s20260614_bonded,BudgetDoS,m12_heavy_flood_dup0_s20260614,bonded,185259,PRIVPROBE:0,budget_skip,0,False,0,budget_skip
m12_heavy_flood_dup0_s20260614_bonded,BudgetDoS,m12_heavy_flood_dup0_s20260614,bonded,186362,PRIVPROBE:0,budget_skip,0,False,0,budget_skip
m12_heavy_flood_dup0_s20260614_bonded,BudgetDoS,m12_heavy_flood_dup0_s20260614,bonded,187476,PRIVPROBE:0,budget_skip,0,False,0,budget_skip
m12_heavy_flood_dup0_s20260614_bonded,BudgetDoS,m12_heavy_flood_dup0_s20260614,bonded,188545,PRIVPROBE:0,budget_skip,0,False,0,budget_skip
m12_heavy_flood_dup0_s20260614_bonded,BudgetDoS,m12_heavy_flood_dup0_s20260614,bonded,189648,PRIVPROBE:0,budget_skip,0,False,0,budget_skip
m12_heavy_flood_dup0_s20260614_bonded,BudgetDoS,m12_heavy_flood_dup0_s20260614,bonded,190724,PRIVPROBE:0,budget_skip,0,False,0,budget_skip
m12_heavy_flood_dup0_s20260614_bonded,BudgetDoS,m12_heavy_flood_dup0_s20260614,bonded,191836,PRIVPROBE:0,budget_skip,0,False,0,budget_skip
m12_heavy_flood_dup0_s20260614_bonded,BudgetDoS,m12_heavy_flood_dup0_s20260614,bonded,192953,PRIVPROBE:0,budget_skip,0,False,0,budget_skip
m12_heavy_flood_dup0_s20260614_bonded,BudgetDoS,m12_heavy_flood_dup0_s20260614,bonded,194095,PRIVPROBE:0,budget_skip,0,False,0,budget_skip
m12_heavy_flood_dup0_s20260614_bonded,BudgetDoS,m12_heavy_flood_dup0_s20260614,bonded,195210,PRIVPROBE:0,budget_skip,0,False,0,budget_skip
m12_heavy_flood_dup0_s20260614_bonded,BudgetDoS,m12_heavy_flood_dup0_s20260614,bonded,196254,PRIVPROBE:0,budget_skip,0,False,0,budget_skip
m12_heavy_flood_dup0_s20260614_bonded,BudgetDoS,m12_heavy_flood_dup0_s20260614,bonded,197338,PRIVPROBE:0,budget_skip,0,False,0,budget_skip
m12_heavy_flood_dup0_s20260614_bonded,BudgetDoS,m12_heavy_flood_dup0_s20260614,bonded,198461,PRIVPROBE:0,budget_skip,0,False,0,budget_skip
m12_heavy_flood_dup0_s20260614_bonded,BudgetDoS,m12_heavy_flood_dup0_s20260614,bonded,199613,PRIVPROBE:0,budget_skip,0,False,0,budget_skip
m12_heavy_flood_dup0_s20260614_bonded,BudgetDoS,m12_heavy_flood_dup0_s20260614,bonded,200691,PRIVPROBE:1,budget_skip,0,False,0,budget_skip
m12_heavy_flood_dup0_s20260614_bonded,BudgetDoS,m12_heavy_flood_dup0_s20260614,bonded,201786,PRIVPROBE:1,budget_skip,0,False,0,budget_skip
m12_heavy_flood_dup0_s20260614_bonded,BudgetDoS,m12_heavy_flood_dup0_s20260614,bonded,202902,PRIVPROBE:1,budget_skip,0,False,0,budget_skip
m12_heavy_flood_dup0_s20260614_bonded,BudgetDoS,m12_heavy_flood_dup0_s20260614,bonded,204002,PRIVPROBE:1,budget_skip,0,False,0,budget_skip
m12_heavy_flood_dup0_s20260614_bonded,BudgetDoS,m12_heavy_flood_dup0_s20260614,bonded,205123,PRIVPROBE:1,budget_skip,0,False,0,budget_skip
m12_heavy_flood_dup0_s20260614_bonded,BudgetDoS,m12_heavy_flood_dup0_s20260614,bonded,206296,PRIVPROBE:1,budget_skip,0,False,0,budget_skip
m12_heavy_flood_dup0_s20260614_bonded,BudgetDoS,m12_heavy_flood_dup0_s20260614,bonded,207332,PRIVPROBE:1,budget_skip,0,False,0,budget_skip
m12_heavy_flood_dup0_s20260614_bonded,BudgetDoS,m12_heavy_flood_dup0_s20260614,bonded,208403,PRIVPROBE:1,budget_skip,0,False,0,budget_skip
m12_heavy_flood_dup0_s20260614_bonded,BudgetDoS,m12_heavy_flood_dup0_s20260614,bonded,209523,PRIVPROBE:1,budget_skip,0,False,0,budget_skip
m12_heavy_flood_dup0_s20260614_bonded,BudgetDoS,m12_heavy_flood_dup0_s20260614,bonded,210646,PRIVPROBE:1,budget_skip,0,False,0,budget_skip
m12_heavy_flood_dup0_s20260614_bonded,BudgetDoS,m12_heavy_flood_dup0_s20260614,bonded,211810,PRIVPROBE:1,budget_skip,0,False,0,budget_skip
m12_heavy_flood_dup0_s20260614_bonded,BudgetDoS,m12_heavy_flood_dup0_s20260614,bonded,212831,PRIVPROBE:1,budget_skip,0,False,0,budget_skip
m12_heavy_flood_dup0_s20260614_bonded,BudgetDoS,m12_heavy_flood_dup0_s20260614,bonded,213935,PRIVPROBE:1,budget_skip,0,False,0,budget_skip
m12_heavy_flood_dup0_s20260614_bonded,BudgetDoS,m12_heavy_flood_dup0_s20260614,bonded,215075,PRIVPROBE:1,budget_skip,0,False,0,budget_skip
m12_heavy_flood_dup0_s20260614_bonded,BudgetDoS,m12_heavy_flood_dup0_s20260614,bonded,216206,PRIVPROBE:1,budget_skip,0,False,0,budget_skip
m12_heavy_flood_dup0_s20260614_bonded,BudgetDoS,m12_heavy_flood_dup0_s20260614,bonded,217313,PRIVPROBE:1,budget_skip,0,False,0,budget_skip
m12_heavy_flood_dup0_s20260614_bonded,BudgetDoS,m12_heavy_flood_dup0_s20260614,bonded,218395,PRIVPROBE:1,budget_skip,0,False,0,budget_skip
m12_heavy_flood_dup0_s20260614_bonded,BudgetDoS,m12_heavy_flood_dup0_s20260614,bonded,219483,PRIVPROBE:1,budget_skip,0,False,0,budget_skip
m12_heavy_flood_dup0_s20260614_bonded,BudgetDoS,m12_heavy_flood_dup0_s20260614,bonded,220616,PRIVPROBE:1,budget_skip,0,False,0,budget_skip
m12_heavy_flood_dup0_s20260614_bonded,BudgetDoS,m12_heavy_flood_dup0_s20260614,bonded,221720,PRIVPROBE:1,budget_skip,0,False,0,budget_skip
m12_heavy_flood_dup0_s20260614_bonded,BudgetDoS,m12_heavy_flood_dup0_s20260614,bonded,222843,PRIVPROBE:1,budget_skip,0,False,0,budget_skip
m12_heavy_flood_dup0_s20260614_bonded,BudgetDoS,m12_heavy_flood_dup0_s20260614,bonded,223912,PRIVPROBE:1,budget_skip,0,False,0,budget_skip
m12_heavy_flood_dup0_s20260614_bonded,BudgetDoS,m12_heavy_flood_dup0_s20260614,bonded,224995,PRIVPROBE:1,budget_skip,0,False,0,budget_skip
m12_heavy_flood_dup0_s20260614_bonded,BudgetDoS,m12_heavy_flood_dup0_s20260614,bonded,226082,PRIVPROBE:1,budget_skip,0,False,0,budget_skip
m12_heavy_flood_dup0_s20260614_bonded,BudgetDoS,m12_heavy_flood_dup0_s20260614,bonded,227183,PRIVPROBE:1,budget_skip,0,False,0,budget_skip
m12_heavy_flood_dup0_s20260614_bonded,BudgetDoS,m12_heavy_flood_dup0_s20260614,bonded,228208,PRIVPROBE:1,budget_skip,0,False,0,budget_skip
m12_heavy_flood_dup0_s20260614_bonded,BudgetDoS,m12_heavy_flood_dup0_s20260614,bonded,229289,PRIVPROBE:1,budget_skip,0,False,0,budget_skip
m12_heavy_flood_dup0_s20260614_bonded,BudgetDoS,m12_heavy_flood_dup0_s20260614,bonded,230404,PRIVPROBE:1,budget_skip,0,False,0,budget_skip
m12_heavy_flood_dup0_s20260614_bonded,BudgetDoS,m12_heavy_flood_dup0_s20260614,bonded,231491,PRIVPROBE:1,budget_skip,0,False,0,budget_skip
m12_heavy_flood_dup0_s20260614_bonded,BudgetDoS,m12_heavy_flood_dup0_s20260614,bonded,232598,PRIVPROBE:1,budget_skip,0,False,0,budget_skip
m12_heavy_flood_dup0_s20260614_bonded,BudgetDoS,m12_heavy_flood_dup0_s20260614,bonded,233703,PRIVPROBE:1,budget_skip,0,False,0,budget_skip
m12_heavy_flood_dup0_s20260614_bonded,BudgetDoS,m12_heavy_flood_dup0_s20260614,bonded,234783,PRIVPROBE:1,budget_skip,0,False,0,budget_skip
m12_heavy_flood_dup0_s20260614_bonded,BudgetDoS,m12_heavy_flood_dup0_s20260614,bonded,235887,PRIVPROBE:1,budget_skip,0,False,0,budget_skip
m12_heavy_flood_dup0_s20260614_bonded,BudgetDoS,m12_heavy_flood_dup0_s20260614,bonded,236997,PRIVPROBE:1,budget_skip,0,False,0,budget_skip
m12_heavy_flood_dup0_s20260614_bonded,BudgetDoS,m12_heavy_flood_dup0_s20260614,bonded,238055,PRIVPROBE:1,budget_skip,0,False,0,budget_skip
m12_heavy_flood_dup0_s20260614_bonded,BudgetDoS,m12_heavy_flood_dup0_s20260614,bonded,239131,PRIVPROBE:1,budget_skip,0,False,0,budget_skip
m12_heavy_flood_dup0_s20260614_bonded,BudgetDoS,m12_heavy_flood_dup0_s20260614,bonded,240195,PRIVPROBE:1,budget_skip,0,False,0,budget_skip
m12_heavy_flood_dup0_s20260614_bonded,BudgetDoS,m12_heavy_flood_dup0_s20260614,bonded,241277,PRIVPROBE:1,budget_skip,0,False,0,budget_skip
m12_heavy_flood_dup0_s20260614_bonded,BudgetDoS,m12_heavy_flood_dup0_s20260614,bonded,242404,PRIVPROBE:1,budget_skip,0,False,0,budget_skip
m12_heavy_flood_dup0_s20260614_bonded,BudgetDoS,m12_heavy_flood_dup0_s20260614,bonded,243557,PRIVPROBE:1,budget_skip,0,False,0,budget_skip
m12_heavy_flood_dup0_s20260614_bonded,BudgetDoS,m12_heavy_flood_dup0_s20260614,bonded,244628,PRIVPROBE:1,budget_skip,0,False,0,budget_skip
m12_heavy_flood_dup0_s20260614_bonded,BudgetDoS,m12_heavy_flood_dup0_s20260614,bonded,245764,PRIVPROBE:1,budget_skip,0,False,0,budget_skip
m12_heavy_flood_dup0_s20260614_bonded,BudgetDoS,m12_heavy_flood_dup0_s20260614,bonded,246887,PRIVPROBE:1,budget_skip,0,False,0,budget_skip
m12_heavy_flood_dup0_s20260614_bonded,BudgetDoS,m12_heavy_flood_dup0_s20260614,bonded,248005,PRIVPROBE:1,budget_skip,0,False,0,budget_skip
m12_heavy_flood_dup0_s20260614_bonded,BudgetDoS,m12_heavy_flood_dup0_s20260614,bonded,249179,PRIVPROBE:1,budget_skip,0,False,0,budget_skip
m12_heavy_flood_dup0_s20260614_bonded,BudgetDoS,m12_heavy_flood_dup0_s20260614,bonded,250294,PRIVPROBE:1,budget_skip,0,False,0,budget_skip
m12_heavy_flood_dup0_s20260614_bonded,BudgetDoS,m12_heavy_flood_dup0_s20260614,bonded,251432,PRIVPROBE:1,budget_skip,0,False,0,budget_skip
m12_heavy_flood_dup0_s20260614_bonded,BudgetDoS,m12_heavy_flood_dup0_s20260614,bonded,252534,PRIVPROBE:1,budget_skip,0,False,0,budget_skip
m12_heavy_flood_dup0_s20260614_bonded,BudgetDoS,m12_heavy_flood_dup0_s20260614,bonded,253642,PRIVPROBE:1,budget_skip,0,False,0,budget_skip
m12_heavy_flood_dup0_s20260614_bonded,BudgetDoS,m12_heavy_flood_dup0_s20260614,bonded,254742,PRIVPROBE:1,budget_skip,0,False,0,budget_skip
m12_heavy_flood_dup0_s20260614_bonded,BudgetDoS,m12_heavy_flood_dup0_s20260614,bonded,255853,PRIVPROBE:1,budget_skip,0,False,0,budget_skip
m12_heavy_flood_dup0_s20260614_bonded,BudgetDoS,m12_heavy_flood_dup0_s20260614,bonded,256942,PRIVPROBE:1,budget_skip,0,False,0,budget_skip
m12_heavy_flood_dup0_s20260614_bonded,BudgetDoS,m12_heavy_flood_dup0_s20260614,bonded,258043,PRIVPROBE:1,budget_skip,0,False,0,budget_skip
m12_heavy_flood_dup0_s20260614_bonded,BudgetDoS,m12_heavy_flood_dup0_s20260614,bonded,259197,PRIVPROBE:1,budget_skip,0,False,0,budget_skip
m12_heavy_flood_dup0_s20260614_bonded,BudgetDoS,m12_heavy_flood_dup0_s20260614,bonded,260291,PRIVPROBE:1,budget_skip,0,False,0,budget_skip
m12_heavy_flood_dup0_s20260614_bonded,BudgetDoS,m12_heavy_flood_dup0_s20260614,bonded,261357,PRIVPROBE:1,budget_skip,0,False,0,budget_skip
m12_heavy_flood_dup0_s20260614_bonded,BudgetDoS,m12_heavy_flood_dup0_s20260614,bonded,262482,PRIVPROBE:1,budget_skip,0,False,0,budget_skip
m12_heavy_flood_dup0_s20260614_bonded,BudgetDoS,m12_heavy_flood_dup0_s20260614,bonded,263645,PRIVPROBE:1,budget_skip,0,False,0,budget_skip
m12_heavy_flood_dup0_s20260614_bonded,BudgetDoS,m12_heavy_flood_dup0_s20260614,bonded,264711,PRIVPROBE:1,budget_skip,0,False,0,budget_skip
m12_heavy_flood_dup0_s20260614_bonded,BudgetDoS,m12_heavy_flood_dup0_s20260614,bonded,265832,PRIVPROBE:1,budget_skip,0,False,0,budget_skip
m12_heavy_flood_dup0_s20260614_bonded,BudgetDoS,m12_heavy_flood_dup0_s20260614,bonded,267000,PRIVPROBE:1,budget_skip,0,False,0,budget_skip
m12_heavy_flood_dup0_s20260614_bonded,BudgetDoS,m12_heavy_flood_dup0_s20260614,bonded,268128,PRIVPROBE:1,budget_skip,0,False,0,budget_skip
m12_heavy_flood_dup0_s20260614_bonded,BudgetDoS,m12_heavy_flood_dup0_s20260614,bonded,269212,PRIVPROBE:1,budget_skip,0,False,0,budget_skip
m12_heavy_flood_dup0_s20260614_bonded,BudgetDoS,m12_heavy_flood_dup0_s20260614,bonded,270296,PRIVPROBE:1,budget_skip,0,False,0,budget_skip
m12_heavy_flood_dup0_s20260614_bonded,BudgetDoS,m12_heavy_flood_dup0_s20260614,bonded,271405,PRIVPROBE:1,budget_skip,0,False,0,budget_skip
m12_heavy_flood_dup0_s20260614_bonded,BudgetDoS,m12_heavy_flood_dup0_s20260614,bonded,272545,PRIVPROBE:1,budget_skip,0,False,0,budget_skip
m12_heavy_flood_dup0_s20260614_bonded,BudgetDoS,m12_heavy_flood_dup0_s20260614,bonded,273699,PRIVPROBE:1,budget_skip,0,False,0,budget_skip
m12_heavy_flood_dup0_s20260614_bonded,BudgetDoS,m12_heavy_flood_dup0_s20260614,bonded,274800,PRIVPROBE:1,budget_skip,0,False,0,budget_skip
m12_heavy_flood_dup0_s20260614_bonded,BudgetDoS,m12_heavy_flood_dup0_s20260614,bonded,275930,PRIVPROBE:1,budget_skip,0,False,0,budget_skip
m12_heavy_flood_dup0_s20260614_bonded,BudgetDoS,m12_heavy_flood_dup0_s20260614,bonded,277062,PRIVPROBE:1,budget_skip,0,False,0,budget_skip
m12_heavy_flood_dup0_s20260614_bonded,BudgetDoS,m12_heavy_flood_dup0_s20260614,bonded,278173,PRIVPROBE:1,budget_skip,0,False,0,budget_skip
m12_heavy_flood_dup0_s20260614_bonded,BudgetDoS,m12_heavy_flood_dup0_s20260614,bonded,279307,PRIVPROBE:1,budget_skip,0,False,0,budget_skip
m12_heavy_flood_dup0_s20260614_bonded,BudgetDoS,m12_heavy_flood_dup0_s20260614,bonded,280399,PRIVPROBE:1,budget_skip,0,False,0,budget_skip
m12_heavy_flood_dup0_s20260614_bonded,BudgetDoS,m12_heavy_flood_dup0_s20260614,bonded,281534,PRIVPROBE:1,budget_skip,0,False,0,budget_skip
m12_heavy_flood_dup0_s20260614_bonded,BudgetDoS,m12_heavy_flood_dup0_s20260614,bonded,282707,PRIVPROBE:1,budget_skip,0,False,0,budget_skip
m12_heavy_flood_dup0_s20260614_bonded,BudgetDoS,m12_heavy_flood_dup0_s20260614,bonded,283899,PRIVPROBE:1,budget_skip,0,False,0,budget_skip
m12_heavy_flood_dup0_s20260614_bonded,BudgetDoS,m12_heavy_flood_dup0_s20260614,bonded,285018,PRIVPROBE:1,budget_skip,0,False,0,budget_skip
m12_heavy_flood_dup0_s20260614_bonded,BudgetDoS,m12_heavy_flood_dup0_s20260614,bonded,286156,PRIVPROBE:1,budget_skip,0,False,0,budget_skip
m12_heavy_flood_dup0_s20260614_bonded,BudgetDoS,m12_heavy_flood_dup0_s20260614,bonded,287225,PRIVPROBE:1,budget_skip,0,False,0,budget_skip
m12_heavy_flood_dup0_s20260614_bonded,BudgetDoS,m12_heavy_flood_dup0_s20260614,bonded,288347,PRIVPROBE:1,budget_skip,0,False,0,budget_skip
m12_heavy_flood_dup0_s20260614_bonded,BudgetDoS,m12_heavy_flood_dup0_s20260614,bonded,289458,PRIVPROBE:1,budget_skip,0,False,0,budget_skip
m12_heavy_flood_dup0_s20260614_bonded,BudgetDoS,m12_heavy_flood_dup0_s20260614,bonded,290592,PRIVPROBE:1,budget_skip,0,False,0,budget_skip
m12_heavy_flood_dup0_s20260614_bonded,BudgetDoS,m12_heavy_flood_dup0_s20260614,bonded,291723,PRIVPROBE:1,budget_skip,0,False,0,budget_skip
m12_heavy_flood_dup0_s20260614_bonded,BudgetDoS,m12_heavy_flood_dup0_s20260614,bonded,292831,PRIVPROBE:1,budget_skip,0,False,0,budget_skip
m12_heavy_flood_dup0_s20260614_bonded,BudgetDoS,m12_heavy_flood_dup0_s20260614,bonded,294028,PRIVPROBE:1,budget_skip,0,False,0,budget_skip
m12_heavy_flood_dup0_s20260614_bonded,BudgetDoS,m12_heavy_flood_dup0_s20260614,bonded,295090,PRIVPROBE:1,budget_skip,0,False,0,budget_skip
m12_heavy_flood_dup0_s20260614_bonded,BudgetDoS,m12_heavy_flood_dup0_s20260614,bonded,296184,PRIVPROBE:1,budget_skip,0,False,0,budget_skip
m12_heavy_flood_dup0_s20260614_bonded,BudgetDoS,m12_heavy_flood_dup0_s20260614,bonded,297249,PRIVPROBE:1,budget_skip,0,False,0,budget_skip
m12_heavy_flood_dup0_s20260614_bonded,BudgetDoS,m12_heavy_flood_dup0_s20260614,bonded,298285,PRIVPROBE:1,budget_skip,0,False,0,budget_skip
m12_heavy_flood_dup0_s20260614_bonded,BudgetDoS,m12_heavy_flood_dup0_s20260614,bonded,299338,PRIVPROBE:1,budget_skip,0,False,0,budget_skip
m12_heavy_flood_dup0_s20260614_bonded,BudgetDoS,m12_heavy_flood_dup0_s20260614,bonded,300453,PRIVPROBE:1,budget_skip,0,False,0,budget_skip
m12_heavy_flood_dup0_s20260614_bonded,BudgetDoS,m12_heavy_flood_dup0_s20260614,bonded,301558,PRIVPROBE:1,budget_skip,0,False,0,budget_skip
m12_heavy_flood_dup0_s20260614_bonded,BudgetDoS,m12_heavy_flood_dup0_s20260614,bonded,302668,PRIVPROBE:1,budget_skip,0,False,0,budget_skip
m12_heavy_flood_dup0_s20260614_bonded,BudgetDoS,m12_heavy_flood_dup0_s20260614,bonded,303748,PRIVPROBE:1,budget_skip,0,False,0,budget_skip
m12_heavy_flood_dup0_s20260614_bonded,BudgetDoS,m12_heavy_flood_dup0_s20260614,bonded,304840,PRIVPROBE:1,budget_skip,0,False,0,budget_skip
m12_heavy_flood_dup0_s20260614_bonded,BudgetDoS,m12_heavy_flood_dup0_s20260614,bonded,305946,PRIVPROBE:1,budget_skip,0,False,0,budget_skip
m12_heavy_flood_dup0_s20260614_bonded,BudgetDoS,m12_heavy_flood_dup0_s20260614,bonded,307056,PRIVPROBE:1,budget_skip,0,False,0,budget_skip
m12_heavy_flood_dup0_s20260614_bonded,BudgetDoS,m12_heavy_flood_dup0_s20260614,bonded,308226,PRIVPROBE:1,budget_skip,0,False,0,budget_skip
m12_heavy_flood_dup0_s20260614_bonded,BudgetDoS,m12_heavy_flood_dup0_s20260614,bonded,309315,PRIVPROBE:1,budget_skip,0,False,0,budget_skip
m12_heavy_flood_dup0_s20260614_bonded,BudgetDoS,m12_heavy_flood_dup0_s20260614,bonded,310402,PRIVPROBE:1,budget_skip,0,False,0,budget_skip
m12_heavy_flood_dup0_s20260614_bonded,BudgetDoS,m12_heavy_flood_dup0_s20260614,bonded,311531,PRIVPROBE:1,budget_skip,0,False,0,budget_skip
m12_heavy_flood_dup0_s20260614_bonded,BudgetDoS,m12_heavy_flood_dup0_s20260614,bonded,312637,PRIVPROBE:1,budget_skip,0,False,0,budget_skip
m12_heavy_flood_dup0_s20260614_bonded,BudgetDoS,m12_heavy_flood_dup0_s20260614,bonded,313839,PRIVPROBE:1,budget_skip,0,False,0,budget_skip
m12_heavy_flood_dup0_s20260614_bonded,BudgetDoS,m12_heavy_flood_dup0_s20260614,bonded,315008,PRIVPROBE:1,budget_skip,0,False,0,budget_skip
m12_heavy_flood_dup0_s20260614_bonded,BudgetDoS,m12_heavy_flood_dup0_s20260614,bonded,316129,PRIVPROBE:1,budget_skip,0,False,0,budget_skip
m12_heavy_flood_dup0_s20260614_bonded,BudgetDoS,m12_heavy_flood_dup0_s20260614,bonded,317275,PRIVPROBE:1,budget_skip,0,False,0,budget_skip
m12_heavy_flood_dup0_s20260614_bonded,BudgetDoS,m12_heavy_flood_dup0_s20260614,bonded,318308,PRIVPROBE:1,budget_skip,0,False,0,budget_skip
m12_heavy_flood_dup0_s20260614_bonded,BudgetDoS,m12_heavy_flood_dup0_s20260614,bonded,319462,PRIVPROBE:1,budget_skip,0,False,0,budget_skip
m12_heavy_flood_dup0_s20260614_bonded,BudgetDoS,m12_heavy_flood_dup0_s20260614,bonded,320542,PRIVPROBE:1,budget_skip,0,False,0,budget_skip
m12_heavy_flood_dup0_s20260614_bonded,BudgetDoS,m12_heavy_flood_dup0_s20260614,bonded,321627,PRIVPROBE:1,budget_skip,0,False,0,budget_skip
m12_heavy_flood_dup0_s20260614_bonded,BudgetDoS,m12_heavy_flood_dup0_s20260614,bonded,322726,PRIVPROBE:1,budget_skip,0,False,0,budget_skip
m12_heavy_flood_dup0_s20260614_bonded,BudgetDoS,m12_heavy_flood_dup0_s20260614,bonded,323794,PRIVPROBE:1,budget_skip,0,False,0,budget_skip
m12_heavy_flood_dup0_s20260614_bonded,BudgetDoS,m12_heavy_flood_dup0_s20260614,bonded,324968,PRIVPROBE:1,budget_skip,0,False,0,budget_skip
m12_heavy_flood_dup0_s20260614_bonded,BudgetDoS,m12_heavy_flood_dup0_s20260614,bonded,326115,PRIVPROBE:1,budget_skip,0,False,0,budget_skip
m12_heavy_flood_dup0_s20260614_bonded,BudgetDoS,m12_heavy_flood_dup0_s20260614,bonded,327183,PRIVPROBE:1,budget_skip,0,False,0,budget_skip
m12_heavy_flood_dup0_s20260614_bonded,BudgetDoS,m12_heavy_flood_dup0_s20260614,bonded,328279,PRIVPROBE:1,budget_skip,0,False,0,budget_skip
m12_heavy_flood_dup0_s20260614_bonded,BudgetDoS,m12_heavy_flood_dup0_s20260614,bonded,329391,PRIVPROBE:1,budget_skip,0,False,0,budget_skip
m12_heavy_flood_dup0_s20260614_bonded,BudgetDoS,m12_heavy_flood_dup0_s20260614,bonded,330516,PRIVPROBE:1,budget_skip,0,False,0,budget_skip
m12_heavy_flood_dup0_s20260614_bonded,BudgetDoS,m12_heavy_flood_dup0_s20260614,bonded,331584,PRIVPROBE:1,budget_skip,0,False,0,budget_skip
m12_heavy_flood_dup0_s20260614_bonded,BudgetDoS,m12_heavy_flood_dup0_s20260614,bonded,332726,PRIVPROBE:1,budget_skip,0,False,0,budget_skip
m12_heavy_flood_dup0_s20260614_bonded,BudgetDoS,m12_heavy_flood_dup0_s20260614,bonded,333800,PRIVPROBE:1,budget_skip,0,False,0,budget_skip
m12_heavy_flood_dup0_s20260614_bonded,BudgetDoS,m12_heavy_flood_dup0_s20260614,bonded,334910,PRIVPROBE:1,budget_skip,0,False,0,budget_skip
m12_heavy_flood_dup0_s20260614_bonded,BudgetDoS,m12_heavy_flood_dup0_s20260614,bonded,336062,PRIVPROBE:1,budget_skip,0,False,0,budget_skip
m12_heavy_flood_dup0_s20260614_bonded,BudgetDoS,m12_heavy_flood_dup0_s20260614,bonded,337185,PRIVPROBE:1,budget_skip,0,False,0,budget_skip
m12_heavy_flood_dup0_s20260614_bonded,BudgetDoS,m12_heavy_flood_dup0_s20260614,bonded,338261,PRIVPROBE:1,budget_skip,0,False,0,budget_skip
m12_heavy_flood_dup0_s20260614_bonded,BudgetDoS,m12_heavy_flood_dup0_s20260614,bonded,339340,PRIVPROBE:1,budget_skip,0,False,0,budget_skip
m12_heavy_flood_dup0_s20260614_bonded,BudgetDoS,m12_heavy_flood_dup0_s20260614,bonded,340422,PRIVPROBE:1,budget_skip,0,False,0,budget_skip
m12_heavy_flood_dup0_s20260614_bonded,BudgetDoS,m12_heavy_flood_dup0_s20260614,bonded,341548,PRIVPROBE:1,budget_skip,0,False,0,budget_skip
m12_heavy_flood_dup0_s20260614_bonded,BudgetDoS,m12_heavy_flood_dup0_s20260614,bonded,342657,PRIVPROBE:1,budget_skip,0,False,0,budget_skip
m12_heavy_flood_dup0_s20260614_bonded,BudgetDoS,m12_heavy_flood_dup0_s20260614,bonded,343771,PRIVPROBE:1,budget_skip,0,False,0,budget_skip
m12_heavy_flood_dup0_s20260614_bonded,BudgetDoS,m12_heavy_flood_dup0_s20260614,bonded,344858,PRIVPROBE:1,budget_skip,0,False,0,budget_skip
m12_heavy_flood_dup0_s20260614_bonded,BudgetDoS,m12_heavy_flood_dup0_s20260614,bonded,345900,PRIVPROBE:1,budget_skip,0,False,0,budget_skip
m12_heavy_flood_dup0_s20260614_bonded,BudgetDoS,m12_heavy_flood_dup0_s20260614,bonded,347012,PRIVPROBE:1,budget_skip,0,False,0,budget_skip
m12_heavy_flood_dup0_s20260614_bonded,BudgetDoS,m12_heavy_flood_dup0_s20260614,bonded,348054,PRIVPROBE:1,budget_skip,0,False,0,budget_skip
m12_heavy_flood_dup0_s20260614_bonded,BudgetDoS,m12_heavy_flood_dup0_s20260614,bonded,349128,PRIVPROBE:1,budget_skip,0,False,0,budget_skip
m12_heavy_flood_dup0_s20260614_bonded,BudgetDoS,m12_heavy_flood_dup0_s20260614,bonded,350194,PRIVPROBE:1,budget_skip,0,False,0,budget_skip
m12_heavy_flood_dup0_s20260614_bonded,BudgetDoS,m12_heavy_flood_dup0_s20260614,bonded,351340,PRIVPROBE:1,budget_skip,0,False,0,budget_skip
m12_heavy_flood_dup0_s20260614_bonded,BudgetDoS,m12_heavy_flood_dup0_s20260614,bonded,352407,PRIVPROBE:1,budget_skip,0,False,0,budget_skip
m12_heavy_flood_dup0_s20260614_bonded,BudgetDoS,m12_heavy_flood_dup0_s20260614,bonded,353506,PRIVPROBE:1,budget_skip,0,False,0,budget_skip
m12_heavy_flood_dup0_s20260614_bonded,BudgetDoS,m12_heavy_flood_dup0_s20260614,bonded,354590,PRIVPROBE:1,budget_skip,0,False,0,budget_skip
m12_heavy_flood_dup0_s20260614_bonded,BudgetDoS,m12_heavy_flood_dup0_s20260614,bonded,355770,PRIVPROBE:1,budget_skip,0,False,0,budget_skip
m12_heavy_flood_dup0_s20260614_bonded,BudgetDoS,m12_heavy_flood_dup0_s20260614,bonded,356958,PRIVPROBE:1,budget_skip,0,False,0,budget_skip
m12_heavy_flood_dup0_s20260614_bonded,BudgetDoS,m12_heavy_flood_dup0_s20260614,bonded,358086,PRIVPROBE:1,budget_skip,0,False,0,budget_skip
m12_heavy_flood_dup0_s20260614_bonded,BudgetDoS,m12_heavy_flood_dup0_s20260614,bonded,359122,PRIVPROBE:1,budget_skip,0,False,0,budget_skip
m12_heavy_flood_dup0_s20260614_bonded,BudgetDoS,m12_heavy_flood_dup0_s20260614,bonded,360235,PRIVPROBE:1,budget_skip,0,False,0,budget_skip
m12_heavy_flood_dup0_s20260614_bonded,BudgetDoS,m12_heavy_flood_dup0_s20260614,bonded,361295,PRIVPROBE:1,budget_skip,0,False,0,budget_skip
m12_heavy_flood_dup0_s20260614_bonded,BudgetDoS,m12_heavy_flood_dup0_s20260614,bonded,362395,PRIVPROBE:1,budget_skip,0,False,0,budget_skip
m12_heavy_flood_dup0_s20260614_bonded,BudgetDoS,m12_heavy_flood_dup0_s20260614,bonded,363500,PRIVPROBE:1,budget_skip,0,False,0,budget_skip
m12_heavy_flood_dup0_s20260614_bonded,BudgetDoS,m12_heavy_flood_dup0_s20260614,bonded,364647,PRIVPROBE:1,budget_skip,0,False,0,budget_skip
m12_heavy_flood_dup0_s20260614_bonded,BudgetDoS,m12_heavy_flood_dup0_s20260614,bonded,365757,PRIVPROBE:1,budget_skip,0,False,0,budget_skip
m12_heavy_flood_dup0_s20260614_bonded,BudgetDoS,m12_heavy_flood_dup0_s20260614,bonded,366929,PRIVPROBE:1,budget_skip,0,False,0,budget_skip
m12_heavy_flood_dup0_s20260614_bonded,BudgetDoS,m12_heavy_flood_dup0_s20260614,bonded,368056,PRIVPROBE:1,budget_skip,0,False,0,budget_skip
m12_heavy_flood_dup0_s20260614_bonded,BudgetDoS,m12_heavy_flood_dup0_s20260614,bonded,369194,PRIVPROBE:1,budget_skip,0,False,0,budget_skip
m12_heavy_flood_dup0_s20260614_bonded,BudgetDoS,m12_heavy_flood_dup0_s20260614,bonded,370329,PRIVPROBE:1,budget_skip,0,False,0,budget_skip
m12_heavy_flood_dup0_s20260614_bonded,BudgetDoS,m12_heavy_flood_dup0_s20260614,bonded,371397,PRIVPROBE:1,budget_skip,0,False,0,budget_skip
m12_heavy_flood_dup0_s20260614_bonded,BudgetDoS,m12_heavy_flood_dup0_s20260614,bonded,372468,PRIVPROBE:1,budget_skip,0,False,0,budget_skip
m12_heavy_flood_dup0_s20260614_bonded,BudgetDoS,m12_heavy_flood_dup0_s20260614,bonded,373598,PRIVPROBE:1,budget_skip,0,False,0,budget_skip
m12_heavy_flood_dup0_s20260614_bonded,BudgetDoS,m12_heavy_flood_dup0_s20260614,bonded,374728,PRIVPROBE:1,budget_skip,0,False,0,budget_skip
m12_heavy_flood_dup0_s20260614_bonded,BudgetDoS,m12_heavy_flood_dup0_s20260614,bonded,375825,PRIVPROBE:1,budget_skip,0,False,0,budget_skip
m12_heavy_flood_dup0_s20260614_bonded,BudgetDoS,m12_heavy_flood_dup0_s20260614,bonded,376995,PRIVPROBE:1,budget_skip,0,False,0,budget_skip
m12_heavy_flood_dup0_s20260614_bonded,BudgetDoS,m12_heavy_flood_dup0_s20260614,bonded,378044,PRIVPROBE:1,budget_skip,0,False,0,budget_skip
m12_heavy_flood_dup0_s20260614_bonded,BudgetDoS,m12_heavy_flood_dup0_s20260614,bonded,379098,PRIVPROBE:1,budget_skip,0,False,0,budget_skip
m12_heavy_flood_dup0_s20260614_bonded,BudgetDoS,m12_heavy_flood_dup0_s20260614,bonded,380247,PRIVPROBE:1,budget_skip,0,False,0,budget_skip
m12_heavy_flood_dup0_s20260614_bonded,BudgetDoS,m12_heavy_flood_dup0_s20260614,bonded,381371,PRIVPROBE:1,budget_skip,0,False,0,budget_skip
m12_heavy_flood_dup0_s20260614_bonded,BudgetDoS,m12_heavy_flood_dup0_s20260614,bonded,382445,PRIVPROBE:1,budget_skip,0,False,0,budget_skip
m12_heavy_flood_dup0_s20260614_bonded,BudgetDoS,m12_heavy_flood_dup0_s20260614,bonded,383558,PRIVPROBE:1,budget_skip,0,False,0,budget_skip
m12_heavy_flood_dup0_s20260614_bonded,BudgetDoS,m12_heavy_flood_dup0_s20260614,bonded,384635,PRIVPROBE:1,budget_skip,0,False,0,budget_skip
m12_heavy_flood_dup0_s20260614_bonded,BudgetDoS,m12_heavy_flood_dup0_s20260614,bonded,385791,PRIVPROBE:1,budget_skip,0,False,0,budget_skip
m12_heavy_flood_dup0_s20260614_bonded,BudgetDoS,m12_heavy_flood_dup0_s20260614,bonded,386974,PRIVPROBE:1,budget_skip,0,False,0,budget_skip
m12_heavy_flood_dup0_s20260614_bonded,BudgetDoS,m12_heavy_flood_dup0_s20260614,bonded,388080,PRIVPROBE:1,budget_skip,0,False,0,budget_skip
m12_heavy_flood_dup0_s20260614_bonded,BudgetDoS,m12_heavy_flood_dup0_s20260614,bonded,389215,PRIVPROBE:1,budget_skip,0,False,0,budget_skip
m12_heavy_flood_dup0_s20260614_bonded,BudgetDoS,m12_heavy_flood_dup0_s20260614,bonded,390332,PRIVPROBE:1,budget_skip,0,False,0,budget_skip
m12_heavy_flood_dup0_s20260614_bonded,BudgetDoS,m12_heavy_flood_dup0_s20260614,bonded,391476,PRIVPROBE:1,budget_skip,0,False,0,budget_skip
m12_heavy_flood_dup0_s20260614_bonded,BudgetDoS,m12_heavy_flood_dup0_s20260614,bonded,392623,PRIVPROBE:1,budget_skip,0,False,0,budget_skip
m12_heavy_flood_dup0_s20260614_bonded,BudgetDoS,m12_heavy_flood_dup0_s20260614,bonded,393766,PRIVPROBE:1,budget_skip,0,False,0,budget_skip
m12_heavy_flood_dup0_s20260614_bonded,BudgetDoS,m12_heavy_flood_dup0_s20260614,bonded,394848,PRIVPROBE:1,budget_skip,0,False,0,budget_skip
m12_heavy_flood_dup0_s20260614_bonded,BudgetDoS,m12_heavy_flood_dup0_s20260614,bonded,395918,PRIVPROBE:1,budget_skip,0,False,0,budget_skip
m12_heavy_flood_dup0_s20260614_bonded,BudgetDoS,m12_heavy_flood_dup0_s20260614,bonded,396939,PRIVPROBE:1,budget_skip,0,False,0,budget_skip
m12_heavy_flood_dup0_s20260614_bonded,BudgetDoS,m12_heavy_flood_dup0_s20260614,bonded,398056,PRIVPROBE:1,budget_skip,0,False,0,budget_skip
m12_heavy_flood_dup0_s20260614_bonded,BudgetDoS,m12_heavy_flood_dup0_s20260614,bonded,399158,PRIVPROBE:1,budget_skip,0,False,0,budget_skip
