run_id,method,paired_trace_id,identity_label_for_scoring,event_id,rpa_value,action,aes_attempts,deferred,delay_ms,admission_path
m12_heavy_flood_dup60_s20260616_nonbonded,P3-Persist,m12_heavy_flood_dup60_s20260616,nonbonded,66530,PRIVPROBE:0,host_scan,504,False,0,reserve
m12_heavy_flood_dup60_s20260616_nonbonded,P3-Persist,m12_heavy_flood_dup60_s20260616,nonbonded,67621,PRIVPROBE:0,duplicate_filter,0,False,0,duplicate_filter
m12_heavy_flood_dup60_s20260616_nonbonded,P3-Persist,m12_heavy_flood_dup60_s20260616,nonbonded,68790,PRIVPROBE:0,duplicate_filter,0,False,0,duplicate_filter
m12_heavy_flood_dup60_s20260616_nonbonded,P3-Persist,m12_heavy_flood_dup60_s20260616,nonbonded,69949,PRIVPROBE:0,duplicate_filter,0,False,0,duplicate_filter
m12_heavy_flood_dup60_s20260616_nonbonded,P3-Persist,m12_heavy_flood_dup60_s20260616,nonbonded,71069,PRIVPROBE:0,duplicate_filter,0,False,0,duplicate_filter
m12_heavy_flood_dup60_s20260616_nonbonded,P3-Persist,m12_heavy_flood_dup60_s20260616,nonbonded,72220,PRIVPROBE:0,duplicate_filter,0,False,0,duplicate_filter
m12_heavy_flood_dup60_s20260616_nonbonded,P3-Persist,m12_heavy_flood_dup60_s20260616,nonbonded,73324,PRIVPROBE:0,duplicate_filter,0,False,0,duplicate_filter
m12_heavy_flood_dup60_s20260616_nonbonded,P3-Persist,m12_heavy_flood_dup60_s20260616,nonbonded,74445,PRIVPROBE:0,duplicate_filter,0,False,0,duplicate_filter
m12_heavy_flood_dup60_s20260616_nonbonded,P3-Persist,m12_heavy_flood_dup60_s20260616,nonbonded,75599,PRIVPROBE:0,duplicate_filter,0,False,0,duplicate_filter
m12_heavy_flood_dup60_s20260616_nonbonded,P3-Persist,m12_heavy_flood_dup60_s20260616,nonbonded,76717,PRIVPROBE:0,duplicate_filter,0,False,0,duplicate_filter
m12_heavy_flood_dup60_s20260616_nonbonded,P3-Persist,m12_heavy_flood_dup60_s20260616,nonbonded,77813,PRIVPROBE:0,duplicate_filter,0,False,0,duplicate_filter
m12_heavy_flood_dup60_s20260616_nonbonded,P3-Persist,m12_heavy_flood_dup60_s20260616,nonbonded,78903,PRIVPROBE:0,duplicate_filter,0,False,0,duplicate_filter
m12_heavy_flood_dup60_s20260616_nonbonded,P3-Persist,m12_heavy_flood_dup60_s20260616,nonbonded,80022,PRIVPROBE:0,host_scan,504,False,0,reserve
m12_heavy_flood_dup60_s20260616_nonbonded,P3-Persist,m12_heavy_flood_dup60_s20260616,nonbonded,81169,PRIVPROBE:0,duplicate_filter,0,False,0,duplicate_filter
m12_heavy_flood_dup60_s20260616_nonbonded,P3-Persist,m12_heavy_flood_dup60_s20260616,nonbonded,82286,PRIVPROBE:0,duplicate_filter,0,False,0,duplicate_filter
m12_heavy_flood_dup60_s20260616_nonbonded,P3-Persist,m12_heavy_flood_dup60_s20260616,nonbonded,83384,PRIVPROBE:0,duplicate_filter,0,False,0,duplicate_filter
m12_heavy_flood_dup60_s20260616_nonbonded,P3-Persist,m12_heavy_flood_dup60_s20260616,nonbonded,84450,PRIVPROBE:0,duplicate_filter,0,False,0,duplicate_filter
m12_heavy_flood_dup60_s20260616_nonbonded,P3-Persist,m12_heavy_flood_dup60_s20260616,nonbonded,85573,PRIVPROBE:0,duplicate_filter,0,False,0,duplicate_filter
m12_heavy_flood_dup60_s20260616_nonbonded,P3-Persist,m12_heavy_flood_dup60_s20260616,nonbonded,86670,PRIVPROBE:0,duplicate_filter,0,False,0,duplicate_filter
m12_heavy_flood_dup60_s20260616_nonbonded,P3-Persist,m12_heavy_flood_dup60_s20260616,nonbonded,87840,PRIVPROBE:0,duplicate_filter,0,False,0,duplicate_filter
m12_heavy_flood_dup60_s20260616_nonbonded,P3-Persist,m12_heavy_flood_dup60_s20260616,nonbonded,88923,PRIVPROBE:0,duplicate_filter,0,False,0,duplicate_filter
m12_heavy_flood_dup60_s20260616_nonbonded,P3-Persist,m12_heavy_flood_dup60_s20260616,nonbonded,90094,PRIVPROBE:0,duplicate_filter,0,False,0,duplicate_filter
m12_heavy_flood_dup60_s20260616_nonbonded,P3-Persist,m12_heavy_flood_dup60_s20260616,nonbonded,91200,PRIVPROBE:0,duplicate_filter,0,False,0,duplicate_filter
m12_heavy_flood_dup60_s20260616_nonbonded,P3-Persist,m12_heavy_flood_dup60_s20260616,nonbonded,92290,PRIVPROBE:0,duplicate_filter,0,False,0,duplicate_filter
m12_heavy_flood_dup60_s20260616_nonbonded,P3-Persist,m12_heavy_flood_dup60_s20260616,nonbonded,93429,PRIVPROBE:0,host_scan,504,False,0,reserve
m12_heavy_flood_dup60_s20260616_nonbonded,P3-Persist,m12_heavy_flood_dup60_s20260616,nonbonded,94557,PRIVPROBE:0,duplicate_filter,0,False,0,duplicate_filter
m12_heavy_flood_dup60_s20260616_nonbonded,P3-Persist,m12_heavy_flood_dup60_s20260616,nonbonded,95611,PRIVPROBE:0,duplicate_filter,0,False,0,duplicate_filter
m12_heavy_flood_dup60_s20260616_nonbonded,P3-Persist,m12_heavy_flood_dup60_s20260616,nonbonded,96739,PRIVPROBE:0,duplicate_filter,0,False,0,duplicate_filter
m12_heavy_flood_dup60_s20260616_nonbonded,P3-Persist,m12_heavy_flood_dup60_s20260616,nonbonded,97806,PRIVPROBE:0,duplicate_filter,0,False,0,duplicate_filter
m12_heavy_flood_dup60_s20260616_nonbonded,P3-Persist,m12_heavy_flood_dup60_s20260616,nonbonded,98882,PRIVPROBE:0,duplicate_filter,0,False,0,duplicate_filter
m12_heavy_flood_dup60_s20260616_nonbonded,P3-Persist,m12_heavy_flood_dup60_s20260616,nonbonded,100014,PRIVPROBE:0,duplicate_filter,0,False,0,duplicate_filter
m12_heavy_flood_dup60_s20260616_nonbonded,P3-Persist,m12_heavy_flood_dup60_s20260616,nonbonded,101085,PRIVPROBE:0,duplicate_filter,0,False,0,duplicate_filter
m12_heavy_flood_dup60_s20260616_nonbonded,P3-Persist,m12_heavy_flood_dup60_s20260616,nonbonded,102190,PRIVPROBE:0,duplicate_filter,0,False,0,duplicate_filter
m12_heavy_flood_dup60_s20260616_nonbonded,P3-Persist,m12_heavy_flood_dup60_s20260616,nonbonded,103219,PRIVPROBE:0,duplicate_filter,0,False,0,duplicate_filter
m12_heavy_flood_dup60_s20260616_nonbonded,P3-Persist,m12_heavy_flood_dup60_s20260616,nonbonded,104340,PRIVPROBE:0,duplicate_filter,0,False,0,duplicate_filter
m12_heavy_flood_dup60_s20260616_nonbonded,P3-Persist,m12_heavy_flood_dup60_s20260616,nonbonded,105477,PRIVPROBE:0,duplicate_filter,0,False,0,duplicate_filter
m12_heavy_flood_dup60_s20260616_nonbonded,P3-Persist,m12_heavy_flood_dup60_s20260616,nonbonded,106556,PRIVPROBE:0,host_scan,504,False,0,reserve
m12_heavy_flood_dup60_s20260616_nonbonded,P3-Persist,m12_heavy_flood_dup60_s20260616,nonbonded,107704,PRIVPROBE:0,duplicate_filter,0,False,0,duplicate_filter
m12_heavy_flood_dup60_s20260616_nonbonded,P3-Persist,m12_heavy_flood_dup60_s20260616,nonbonded,108842,PRIVPROBE:0,duplicate_filter,0,False,0,duplicate_filter
m12_heavy_flood_dup60_s20260616_nonbonded,P3-Persist,m12_heavy_flood_dup60_s20260616,nonbonded,110005,PRIVPROBE:0,duplicate_filter,0,False,0,duplicate_filter
m12_heavy_flood_dup60_s20260616_nonbonded,P3-Persist,m12_heavy_flood_dup60_s20260616,nonbonded,111229,PRIVPROBE:0,duplicate_filter,0,False,0,duplicate_filter
m12_heavy_flood_dup60_s20260616_nonbonded,P3-Persist,m12_heavy_flood_dup60_s20260616,nonbonded,112355,PRIVPROBE:0,duplicate_filter,0,False,0,duplicate_filter
m12_heavy_flood_dup60_s20260616_nonbonded,P3-Persist,m12_heavy_flood_dup60_s20260616,nonbonded,113513,PRIVPROBE:0,duplicate_filter,0,False,0,duplicate_filter
m12_heavy_flood_dup60_s20260616_nonbonded,P3-Persist,m12_heavy_flood_dup60_s20260616,nonbonded,114597,PRIVPROBE:0,duplicate_filter,0,False,0,duplicate_filter
m12_heavy_flood_dup60_s20260616_nonbonded,P3-Persist,m12_heavy_flood_dup60_s20260616,nonbonded,115636,PRIVPROBE:0,duplicate_filter,0,False,0,duplicate_filter
m12_heavy_flood_dup60_s20260616_nonbonded,P3-Persist,m12_heavy_flood_dup60_s20260616,nonbonded,116759,PRIVPROBE:0,duplicate_filter,0,False,0,duplicate_filter
m12_heavy_flood_dup60_s20260616_nonbonded,P3-Persist,m12_heavy_flood_dup60_s20260616,nonbonded,117824,PRIVPROBE:0,duplicate_filter,0,False,0,duplicate_filter
m12_heavy_flood_dup60_s20260616_nonbonded,P3-Persist,m12_heavy_flood_dup60_s20260616,nonbonded,118933,PRIVPROBE:0,duplicate_filter,0,False,0,duplicate_filter
m12_heavy_flood_dup60_s20260616_nonbonded,P3-Persist,m12_heavy_flood_dup60_s20260616,nonbonded,120026,PRIVPROBE:0,host_scan,504,False,0,reserve
m12_heavy_flood_dup60_s20260616_nonbonded,P3-Persist,m12_heavy_flood_dup60_s20260616,nonbonded,121138,PRIVPROBE:0,duplicate_filter,0,False,0,duplicate_filter
m12_heavy_flood_dup60_s20260616_nonbonded,P3-Persist,m12_heavy_flood_dup60_s20260616,nonbonded,122253,PRIVPROBE:0,duplicate_filter,0,False,0,duplicate_filter
m12_heavy_flood_dup60_s20260616_nonbonded,P3-Persist,m12_heavy_flood_dup60_s20260616,nonbonded,123356,PRIVPROBE:0,duplicate_filter,0,False,0,duplicate_filter
m12_heavy_flood_dup60_s20260616_nonbonded,P3-Persist,m12_heavy_flood_dup60_s20260616,nonbonded,124504,PRIVPROBE:0,duplicate_filter,0,False,0,duplicate_filter
m12_heavy_flood_dup60_s20260616_nonbonded,P3-Persist,m12_heavy_flood_dup60_s20260616,nonbonded,125655,PRIVPROBE:0,duplicate_filter,0,False,0,duplicate_filter
m12_heavy_flood_dup60_s20260616_nonbonded,P3-Persist,m12_heavy_flood_dup60_s20260616,nonbonded,126794,PRIVPROBE:0,duplicate_filter,0,False,0,duplicate_filter
m12_heavy_flood_dup60_s20260616_nonbonded,P3-Persist,m12_heavy_flood_dup60_s20260616,nonbonded,127921,PRIVPROBE:0,duplicate_filter,0,False,0,duplicate_filter
m12_heavy_flood_dup60_s20260616_nonbonded,P3-Persist,m12_heavy_flood_dup60_s20260616,nonbonded,129026,PRIVPROBE:0,duplicate_filter,0,False,0,duplicate_filter
m12_heavy_flood_dup60_s20260616_nonbonded,P3-Persist,m12_heavy_flood_dup60_s20260616,nonbonded,130113,PRIVPROBE:0,duplicate_filter,0,False,0,duplicate_filter
m12_heavy_flood_dup60_s20260616_nonbonded,P3-Persist,m12_heavy_flood_dup60_s20260616,nonbonded,131203,PRIVPROBE:0,duplicate_filter,0,False,0,duplicate_filter
m12_heavy_flood_dup60_s20260616_nonbonded,P3-Persist,m12_heavy_flood_dup60_s20260616,nonbonded,132337,PRIVPROBE:0,duplicate_filter,0,False,0,duplicate_filter
m12_heavy_flood_dup60_s20260616_nonbonded,P3-Persist,m12_heavy_flood_dup60_s20260616,nonbonded,133403,PRIVPROBE:0,host_scan,504,False,0,reserve
m12_heavy_flood_dup60_s20260616_nonbonded,P3-Persist,m12_heavy_flood_dup60_s20260616,nonbonded,134454,PRIVPROBE:0,duplicate_filter,0,False,0,duplicate_filter
m12_heavy_flood_dup60_s20260616_nonbonded,P3-Persist,m12_heavy_flood_dup60_s20260616,nonbonded,135536,PRIVPROBE:0,duplicate_filter,0,False,0,duplicate_filter
m12_heavy_flood_dup60_s20260616_nonbonded,P3-Persist,m12_heavy_flood_dup60_s20260616,nonbonded,136642,PRIVPROBE:0,duplicate_filter,0,False,0,duplicate_filter
m12_heavy_flood_dup60_s20260616_nonbonded,P3-Persist,m12_heavy_flood_dup60_s20260616,nonbonded,137737,PRIVPROBE:0,duplicate_filter,0,False,0,duplicate_filter
m12_heavy_flood_dup60_s20260616_nonbonded,P3-Persist,m12_heavy_flood_dup60_s20260616,nonbonded,138888,PRIVPROBE:0,duplicate_filter,0,False,0,duplicate_filter
m12_heavy_flood_dup60_s20260616_nonbonded,P3-Persist,m12_heavy_flood_dup60_s20260616,nonbonded,139946,PRIVPROBE:0,duplicate_filter,0,False,0,duplicate_filter
m12_heavy_flood_dup60_s20260616_nonbonded,P3-Persist,m12_heavy_flood_dup60_s20260616,nonbonded,140998,PRIVPROBE:0,duplicate_filter,0,False,0,duplicate_filter
m12_heavy_flood_dup60_s20260616_nonbonded,P3-Persist,m12_heavy_flood_dup60_s20260616,nonbonded,142145,PRIVPROBE:0,duplicate_filter,0,False,0,duplicate_filter
m12_heavy_flood_dup60_s20260616_nonbonded,P3-Persist,m12_heavy_flood_dup60_s20260616,nonbonded,143291,PRIVPROBE:0,duplicate_filter,0,False,0,duplicate_filter
m12_heavy_flood_dup60_s20260616_nonbonded,P3-Persist,m12_heavy_flood_dup60_s20260616,nonbonded,144460,PRIVPROBE:0,duplicate_filter,0,False,0,duplicate_filter
m12_heavy_flood_dup60_s20260616_nonbonded,P3-Persist,m12_heavy_flood_dup60_s20260616,nonbonded,145610,PRIVPROBE:0,duplicate_filter,0,False,0,duplicate_filter
m12_heavy_flood_dup60_s20260616_nonbonded,P3-Persist,m12_heavy_flood_dup60_s20260616,nonbonded,146702,PRIVPROBE:0,host_scan,504,False,0,reserve
m12_heavy_flood_dup60_s20260616_nonbonded,P3-Persist,m12_heavy_flood_dup60_s20260616,nonbonded,147850,PRIVPROBE:0,duplicate_filter,0,False,0,duplicate_filter
m12_heavy_flood_dup60_s20260616_nonbonded,P3-Persist,m12_heavy_flood_dup60_s20260616,nonbonded,148939,PRIVPROBE:0,duplicate_filter,0,False,0,duplicate_filter
m12_heavy_flood_dup60_s20260616_nonbonded,P3-Persist,m12_heavy_flood_dup60_s20260616,nonbonded,150055,PRIVPROBE:0,duplicate_filter,0,False,0,duplicate_filter
m12_heavy_flood_dup60_s20260616_nonbonded,P3-Persist,m12_heavy_flood_dup60_s20260616,nonbonded,151129,PRIVPROBE:0,duplicate_filter,0,False,0,duplicate_filter
m12_heavy_flood_dup60_s20260616_nonbonded,P3-Persist,m12_heavy_flood_dup60_s20260616,nonbonded,152292,PRIVPROBE:0,duplicate_filter,0,False,0,duplicate_filter
m12_heavy_flood_dup60_s20260616_nonbonded,P3-Persist,m12_heavy_flood_dup60_s20260616,nonbonded,153381,PRIVPROBE:0,duplicate_filter,0,False,0,duplicate_filter
m12_heavy_flood_dup60_s20260616_nonbonded,P3-Persist,m12_heavy_flood_dup60_s20260616,nonbonded,154461,PRIVPROBE:0,duplicate_filter,0,False,0,duplicate_filter
m12_heavy_flood_dup60_s20260616_nonbonded,P3-Persist,m12_heavy_flood_dup60_s20260616,nonbonded,155566,PRIVPROBE:0,duplicate_filter,0,False,0,duplicate_filter
m12_heavy_flood_dup60_s20260616_nonbonded,P3-Persist,m12_heavy_flood_dup60_s20260616,nonbonded,156637,PRIVPROBE:0,duplicate_filter,0,False,0,duplicate_filter
m12_heavy_flood_dup60_s20260616_nonbonded,P3-Persist,m12_heavy_flood_dup60_s20260616,nonbonded,157748,PRIVPROBE:0,duplicate_filter,0,False,0,duplicate_filter
m12_heavy_flood_dup60_s20260616_nonbonded,P3-Persist,m12_heavy_flood_dup60_s20260616,nonbonded,158808,PRIVPROBE:0,duplicate_filter,0,False,0,duplicate_filter
m12_heavy_flood_dup60_s20260616_nonbonded,P3-Persist,m12_heavy_flood_dup60_s20260616,nonbonded,159995,PRIVPROBE:0,host_scan,504,False,0,reserve
m12_heavy_flood_dup60_s20260616_nonbonded,P3-Persist,m12_heavy_flood_dup60_s20260616,nonbonded,161106,PRIVPROBE:0,duplicate_filter,0,False,0,duplicate_filter
m12_heavy_flood_dup60_s20260616_nonbonded,P3-Persist,m12_heavy_flood_dup60_s20260616,nonbonded,162264,PRIVPROBE:0,duplicate_filter,0,False,0,duplicate_filter
m12_heavy_flood_dup60_s20260616_nonbonded,P3-Persist,m12_heavy_flood_dup60_s20260616,nonbonded,163407,PRIVPROBE:0,duplicate_filter,0,False,0,duplicate_filter
m12_heavy_flood_dup60_s20260616_nonbonded,P3-Persist,m12_heavy_flood_dup60_s20260616,nonbonded,164497,PRIVPROBE:0,duplicate_filter,0,False,0,duplicate_filter
m12_heavy_flood_dup60_s20260616_nonbonded,P3-Persist,m12_heavy_flood_dup60_s20260616,nonbonded,165630,PRIVPROBE:0,duplicate_filter,0,False,0,duplicate_filter
m12_heavy_flood_dup60_s20260616_nonbonded,P3-Persist,m12_heavy_flood_dup60_s20260616,nonbonded,166728,PRIVPROBE:0,duplicate_filter,0,False,0,duplicate_filter
m12_heavy_flood_dup60_s20260616_nonbonded,P3-Persist,m12_heavy_flood_dup60_s20260616,nonbonded,167834,PRIVPROBE:0,duplicate_filter,0,False,0,duplicate_filter
m12_heavy_flood_dup60_s20260616_nonbonded,P3-Persist,m12_heavy_flood_dup60_s20260616,nonbonded,168973,PRIVPROBE:0,duplicate_filter,0,False,0,duplicate_filter
m12_heavy_flood_dup60_s20260616_nonbonded,P3-Persist,m12_heavy_flood_dup60_s20260616,nonbonded,170063,PRIVPROBE:0,duplicate_filter,0,False,0,duplicate_filter
m12_heavy_flood_dup60_s20260616_nonbonded,P3-Persist,m12_heavy_flood_dup60_s20260616,nonbonded,171189,PRIVPROBE:0,duplicate_filter,0,False,0,duplicate_filter
m12_heavy_flood_dup60_s20260616_nonbonded,P3-Persist,m12_heavy_flood_dup60_s20260616,nonbonded,172312,PRIVPROBE:0,duplicate_filter,0,False,0,duplicate_filter
m12_heavy_flood_dup60_s20260616_nonbonded,P3-Persist,m12_heavy_flood_dup60_s20260616,nonbonded,173526,PRIVPROBE:0,host_scan,504,False,0,reserve
m12_heavy_flood_dup60_s20260616_nonbonded,P3-Persist,m12_heavy_flood_dup60_s20260616,nonbonded,174662,PRIVPROBE:0,duplicate_filter,0,False,0,duplicate_filter
m12_heavy_flood_dup60_s20260616_nonbonded,P3-Persist,m12_heavy_flood_dup60_s20260616,nonbonded,175742,PRIVPROBE:0,duplicate_filter,0,False,0,duplicate_filter
m12_heavy_flood_dup60_s20260616_nonbonded,P3-Persist,m12_heavy_flood_dup60_s20260616,nonbonded,176855,PRIVPROBE:0,duplicate_filter,0,False,0,duplicate_filter
m12_heavy_flood_dup60_s20260616_nonbonded,P3-Persist,m12_heavy_flood_dup60_s20260616,nonbonded,177952,PRIVPROBE:0,duplicate_filter,0,False,0,duplicate_filter
m12_heavy_flood_dup60_s20260616_nonbonded,P3-Persist,m12_heavy_flood_dup60_s20260616,nonbonded,178997,PRIVPROBE:0,duplicate_filter,0,False,0,duplicate_filter
m12_heavy_flood_dup60_s20260616_nonbonded,P3-Persist,m12_heavy_flood_dup60_s20260616,nonbonded,180120,PRIVPROBE:0,duplicate_filter,0,False,0,duplicate_filter
m12_heavy_flood_dup60_s20260616_nonbonded,P3-Persist,m12_heavy_flood_dup60_s20260616,nonbonded,181293,PRIVPROBE:0,duplicate_filter,0,False,0,duplicate_filter
m12_heavy_flood_dup60_s20260616_nonbonded,P3-Persist,m12_heavy_flood_dup60_s20260616,nonbonded,182390,PRIVPROBE:0,duplicate_filter,0,False,0,duplicate_filter
m12_heavy_flood_dup60_s20260616_nonbonded,P3-Persist,m12_heavy_flood_dup60_s20260616,nonbonded,183486,PRIVPROBE:0,duplicate_filter,0,False,0,duplicate_filter
m12_heavy_flood_dup60_s20260616_nonbonded,P3-Persist,m12_heavy_flood_dup60_s20260616,nonbonded,184591,PRIVPROBE:0,duplicate_filter,0,False,0,duplicate_filter
m12_heavy_flood_dup60_s20260616_nonbonded,P3-Persist,m12_heavy_flood_dup60_s20260616,nonbonded,185736,PRIVPROBE:0,duplicate_filter,0,False,0,duplicate_filter
m12_heavy_flood_dup60_s20260616_nonbonded,P3-Persist,m12_heavy_flood_dup60_s20260616,nonbonded,186843,PRIVPROBE:0,host_scan,504,False,0,reserve
m12_heavy_flood_dup60_s20260616_nonbonded,P3-Persist,m12_heavy_flood_dup60_s20260616,nonbonded,187992,PRIVPROBE:0,duplicate_filter,0,False,0,duplicate_filter
m12_heavy_flood_dup60_s20260616_nonbonded,P3-Persist,m12_heavy_flood_dup60_s20260616,nonbonded,189051,PRIVPROBE:0,duplicate_filter,0,False,0,duplicate_filter
m12_heavy_flood_dup60_s20260616_nonbonded,P3-Persist,m12_heavy_flood_dup60_s20260616,nonbonded,190215,PRIVPROBE:0,duplicate_filter,0,False,0,duplicate_filter
m12_heavy_flood_dup60_s20260616_nonbonded,P3-Persist,m12_heavy_flood_dup60_s20260616,nonbonded,191394,PRIVPROBE:0,duplicate_filter,0,False,0,duplicate_filter
m12_heavy_flood_dup60_s20260616_nonbonded,P3-Persist,m12_heavy_flood_dup60_s20260616,nonbonded,192523,PRIVPROBE:0,duplicate_filter,0,False,0,duplicate_filter
m12_heavy_flood_dup60_s20260616_nonbonded,P3-Persist,m12_heavy_flood_dup60_s20260616,nonbonded,193610,PRIVPROBE:0,duplicate_filter,0,False,0,duplicate_filter
m12_heavy_flood_dup60_s20260616_nonbonded,P3-Persist,m12_heavy_flood_dup60_s20260616,nonbonded,194775,PRIVPROBE:0,duplicate_filter,0,False,0,duplicate_filter
m12_heavy_flood_dup60_s20260616_nonbonded,P3-Persist,m12_heavy_flood_dup60_s20260616,nonbonded,195976,PRIVPROBE:0,duplicate_filter,0,False,0,duplicate_filter
m12_heavy_flood_dup60_s20260616_nonbonded,P3-Persist,m12_heavy_flood_dup60_s20260616,nonbonded,197070,PRIVPROBE:0,duplicate_filter,0,False,0,duplicate_filter
m12_heavy_flood_dup60_s20260616_nonbonded,P3-Persist,m12_heavy_flood_dup60_s20260616,nonbonded,198185,PRIVPROBE:0,duplicate_filter,0,False,0,duplicate_filter
m12_heavy_flood_dup60_s20260616_nonbonded,P3-Persist,m12_heavy_flood_dup60_s20260616,nonbonded,199271,PRIVPROBE:0,duplicate_filter,0,False,0,duplicate_filter
m12_heavy_flood_dup60_s20260616_nonbonded,P3-Persist,m12_heavy_flood_dup60_s20260616,nonbonded,200346,PRIVPROBE:1,defer,0,True,1000,defer
m12_heavy_flood_dup60_s20260616_nonbonded,P3-Persist,m12_heavy_flood_dup60_s20260616,nonbonded,201521,PRIVPROBE:1,duplicate_filter,0,False,0,duplicate_filter
m12_heavy_flood_dup60_s20260616_nonbonded,P3-Persist,m12_heavy_flood_dup60_s20260616,nonbonded,202622,PRIVPROBE:1,duplicate_filter,0,False,0,duplicate_filter
m12_heavy_flood_dup60_s20260616_nonbonded,P3-Persist,m12_heavy_flood_dup60_s20260616,nonbonded,203719,PRIVPROBE:1,duplicate_filter,0,False,0,duplicate_filter
m12_heavy_flood_dup60_s20260616_nonbonded,P3-Persist,m12_heavy_flood_dup60_s20260616,nonbonded,204778,PRIVPROBE:1,duplicate_filter,0,False,0,duplicate_filter
m12_heavy_flood_dup60_s20260616_nonbonded,P3-Persist,m12_heavy_flood_dup60_s20260616,nonbonded,205852,PRIVPROBE:1,duplicate_filter,0,False,0,duplicate_filter
m12_heavy_flood_dup60_s20260616_nonbonded,P3-Persist,m12_heavy_flood_dup60_s20260616,nonbonded,207094,PRIVPROBE:1,duplicate_filter,0,False,0,duplicate_filter
m12_heavy_flood_dup60_s20260616_nonbonded,P3-Persist,m12_heavy_flood_dup60_s20260616,nonbonded,208195,PRIVPROBE:1,duplicate_filter,0,False,0,duplicate_filter
m12_heavy_flood_dup60_s20260616_nonbonded,P3-Persist,m12_heavy_flood_dup60_s20260616,nonbonded,209274,PRIVPROBE:1,duplicate_filter,0,False,0,duplicate_filter
m12_heavy_flood_dup60_s20260616_nonbonded,P3-Persist,m12_heavy_flood_dup60_s20260616,nonbonded,210430,PRIVPROBE:1,duplicate_filter,0,False,0,duplicate_filter
m12_heavy_flood_dup60_s20260616_nonbonded,P3-Persist,m12_heavy_flood_dup60_s20260616,nonbonded,211529,PRIVPROBE:1,duplicate_filter,0,False,0,duplicate_filter
m12_heavy_flood_dup60_s20260616_nonbonded,P3-Persist,m12_heavy_flood_dup60_s20260616,nonbonded,212702,PRIVPROBE:1,duplicate_filter,0,False,0,duplicate_filter
m12_heavy_flood_dup60_s20260616_nonbonded,P3-Persist,m12_heavy_flood_dup60_s20260616,nonbonded,213792,PRIVPROBE:1,host_scan,504,False,0,reserve
m12_heavy_flood_dup60_s20260616_nonbonded,P3-Persist,m12_heavy_flood_dup60_s20260616,nonbonded,214920,PRIVPROBE:1,duplicate_filter,0,False,0,duplicate_filter
m12_heavy_flood_dup60_s20260616_nonbonded,P3-Persist,m12_heavy_flood_dup60_s20260616,nonbonded,216068,PRIVPROBE:1,duplicate_filter,0,False,0,duplicate_filter
m12_heavy_flood_dup60_s20260616_nonbonded,P3-Persist,m12_heavy_flood_dup60_s20260616,nonbonded,217171,PRIVPROBE:1,duplicate_filter,0,False,0,duplicate_filter
m12_heavy_flood_dup60_s20260616_nonbonded,P3-Persist,m12_heavy_flood_dup60_s20260616,nonbonded,218269,PRIVPROBE:1,duplicate_filter,0,False,0,duplicate_filter
m12_heavy_flood_dup60_s20260616_nonbonded,P3-Persist,m12_heavy_flood_dup60_s20260616,nonbonded,219390,PRIVPROBE:1,duplicate_filter,0,False,0,duplicate_filter
m12_heavy_flood_dup60_s20260616_nonbonded,P3-Persist,m12_heavy_flood_dup60_s20260616,nonbonded,220484,PRIVPROBE:1,duplicate_filter,0,False,0,duplicate_filter
m12_heavy_flood_dup60_s20260616_nonbonded,P3-Persist,m12_heavy_flood_dup60_s20260616,nonbonded,221541,PRIVPROBE:1,duplicate_filter,0,False,0,duplicate_filter
m12_heavy_flood_dup60_s20260616_nonbonded,P3-Persist,m12_heavy_flood_dup60_s20260616,nonbonded,222681,PRIVPROBE:1,duplicate_filter,0,False,0,duplicate_filter
m12_heavy_flood_dup60_s20260616_nonbonded,P3-Persist,m12_heavy_flood_dup60_s20260616,nonbonded,223806,PRIVPROBE:1,duplicate_filter,0,False,0,duplicate_filter
m12_heavy_flood_dup60_s20260616_nonbonded,P3-Persist,m12_heavy_flood_dup60_s20260616,nonbonded,224975,PRIVPROBE:1,duplicate_filter,0,False,0,duplicate_filter
m12_heavy_flood_dup60_s20260616_nonbonded,P3-Persist,m12_heavy_flood_dup60_s20260616,nonbonded,226093,PRIVPROBE:1,duplicate_filter,0,False,0,duplicate_filter
m12_heavy_flood_dup60_s20260616_nonbonded,P3-Persist,m12_heavy_flood_dup60_s20260616,nonbonded,227144,PRIVPROBE:1,host_scan,504,False,0,reserve
m12_heavy_flood_dup60_s20260616_nonbonded,P3-Persist,m12_heavy_flood_dup60_s20260616,nonbonded,228305,PRIVPROBE:1,duplicate_filter,0,False,0,duplicate_filter
m12_heavy_flood_dup60_s20260616_nonbonded,P3-Persist,m12_heavy_flood_dup60_s20260616,nonbonded,229432,PRIVPROBE:1,duplicate_filter,0,False,0,duplicate_filter
m12_heavy_flood_dup60_s20260616_nonbonded,P3-Persist,m12_heavy_flood_dup60_s20260616,nonbonded,230504,PRIVPROBE:1,duplicate_filter,0,False,0,duplicate_filter
m12_heavy_flood_dup60_s20260616_nonbonded,P3-Persist,m12_heavy_flood_dup60_s20260616,nonbonded,231605,PRIVPROBE:1,duplicate_filter,0,False,0,duplicate_filter
m12_heavy_flood_dup60_s20260616_nonbonded,P3-Persist,m12_heavy_flood_dup60_s20260616,nonbonded,232701,PRIVPROBE:1,duplicate_filter,0,False,0,duplicate_filter
m12_heavy_flood_dup60_s20260616_nonbonded,P3-Persist,m12_heavy_flood_dup60_s20260616,nonbonded,233780,PRIVPROBE:1,duplicate_filter,0,False,0,duplicate_filter
m12_heavy_flood_dup60_s20260616_nonbonded,P3-Persist,m12_heavy_flood_dup60_s20260616,nonbonded,234949,PRIVPROBE:1,duplicate_filter,0,False,0,duplicate_filter
m12_heavy_flood_dup60_s20260616_nonbonded,P3-Persist,m12_heavy_flood_dup60_s20260616,nonbonded,236092,PRIVPROBE:1,duplicate_filter,0,False,0,duplicate_filter
m12_heavy_flood_dup60_s20260616_nonbonded,P3-Persist,m12_heavy_flood_dup60_s20260616,nonbonded,237182,PRIVPROBE:1,duplicate_filter,0,False,0,duplicate_filter
m12_heavy_flood_dup60_s20260616_nonbonded,P3-Persist,m12_heavy_flood_dup60_s20260616,nonbonded,238274,PRIVPROBE:1,duplicate_filter,0,False,0,duplicate_filter
m12_heavy_flood_dup60_s20260616_nonbonded,P3-Persist,m12_heavy_flood_dup60_s20260616,nonbonded,239399,PRIVPROBE:1,duplicate_filter,0,False,0,duplicate_filter
m12_heavy_flood_dup60_s20260616_nonbonded,P3-Persist,m12_heavy_flood_dup60_s20260616,nonbonded,240502,PRIVPROBE:1,host_scan,504,False,0,reserve
m12_heavy_flood_dup60_s20260616_nonbonded,P3-Persist,m12_heavy_flood_dup60_s20260616,nonbonded,241650,PRIVPROBE:1,duplicate_filter,0,False,0,duplicate_filter
m12_heavy_flood_dup60_s20260616_nonbonded,P3-Persist,m12_heavy_flood_dup60_s20260616,nonbonded,242787,PRIVPROBE:1,duplicate_filter,0,False,0,duplicate_filter
m12_heavy_flood_dup60_s20260616_nonbonded,P3-Persist,m12_heavy_flood_dup60_s20260616,nonbonded,243925,PRIVPROBE:1,duplicate_filter,0,False,0,duplicate_filter
m12_heavy_flood_dup60_s20260616_nonbonded,P3-Persist,m12_heavy_flood_dup60_s20260616,nonbonded,245077,PRIVPROBE:1,duplicate_filter,0,False,0,duplicate_filter
m12_heavy_flood_dup60_s20260616_nonbonded,P3-Persist,m12_heavy_flood_dup60_s20260616,nonbonded,246159,PRIVPROBE:1,duplicate_filter,0,False,0,duplicate_filter
m12_heavy_flood_dup60_s20260616_nonbonded,P3-Persist,m12_heavy_flood_dup60_s20260616,nonbonded,247262,PRIVPROBE:1,duplicate_filter,0,False,0,duplicate_filter
m12_heavy_flood_dup60_s20260616_nonbonded,P3-Persist,m12_heavy_flood_dup60_s20260616,nonbonded,248343,PRIVPROBE:1,duplicate_filter,0,False,0,duplicate_filter
m12_heavy_flood_dup60_s20260616_nonbonded,P3-Persist,m12_heavy_flood_dup60_s20260616,nonbonded,249511,PRIVPROBE:1,duplicate_filter,0,False,0,duplicate_filter
m12_heavy_flood_dup60_s20260616_nonbonded,P3-Persist,m12_heavy_flood_dup60_s20260616,nonbonded,250645,PRIVPROBE:1,duplicate_filter,0,False,0,duplicate_filter
m12_heavy_flood_dup60_s20260616_nonbonded,P3-Persist,m12_heavy_flood_dup60_s20260616,nonbonded,251745,PRIVPROBE:1,duplicate_filter,0,False,0,duplicate_filter
m12_heavy_flood_dup60_s20260616_nonbonded,P3-Persist,m12_heavy_flood_dup60_s20260616,nonbonded,252895,PRIVPROBE:1,duplicate_filter,0,False,0,duplicate_filter
m12_heavy_flood_dup60_s20260616_nonbonded,P3-Persist,m12_heavy_flood_dup60_s20260616,nonbonded,253944,PRIVPROBE:1,host_scan,504,False,0,reserve
m12_heavy_flood_dup60_s20260616_nonbonded,P3-Persist,m12_heavy_flood_dup60_s20260616,nonbonded,255099,PRIVPROBE:1,duplicate_filter,0,False,0,duplicate_filter
m12_heavy_flood_dup60_s20260616_nonbonded,P3-Persist,m12_heavy_flood_dup60_s20260616,nonbonded,256214,PRIVPROBE:1,duplicate_filter,0,False,0,duplicate_filter
m12_heavy_flood_dup60_s20260616_nonbonded,P3-Persist,m12_heavy_flood_dup60_s20260616,nonbonded,257275,PRIVPROBE:1,duplicate_filter,0,False,0,duplicate_filter
m12_heavy_flood_dup60_s20260616_nonbonded,P3-Persist,m12_heavy_flood_dup60_s20260616,nonbonded,258385,PRIVPROBE:1,duplicate_filter,0,False,0,duplicate_filter
m12_heavy_flood_dup60_s20260616_nonbonded,P3-Persist,m12_heavy_flood_dup60_s20260616,nonbonded,259471,PRIVPROBE:1,duplicate_filter,0,False,0,duplicate_filter
m12_heavy_flood_dup60_s20260616_nonbonded,P3-Persist,m12_heavy_flood_dup60_s20260616,nonbonded,260593,PRIVPROBE:1,duplicate_filter,0,False,0,duplicate_filter
m12_heavy_flood_dup60_s20260616_nonbonded,P3-Persist,m12_heavy_flood_dup60_s20260616,nonbonded,261658,PRIVPROBE:1,duplicate_filter,0,False,0,duplicate_filter
m12_heavy_flood_dup60_s20260616_nonbonded,P3-Persist,m12_heavy_flood_dup60_s20260616,nonbonded,262794,PRIVPROBE:1,duplicate_filter,0,False,0,duplicate_filter
m12_heavy_flood_dup60_s20260616_nonbonded,P3-Persist,m12_heavy_flood_dup60_s20260616,nonbonded,263900,PRIVPROBE:1,duplicate_filter,0,False,0,duplicate_filter
m12_heavy_flood_dup60_s20260616_nonbonded,P3-Persist,m12_heavy_flood_dup60_s20260616,nonbonded,264975,PRIVPROBE:1,duplicate_filter,0,False,0,duplicate_filter
m12_heavy_flood_dup60_s20260616_nonbonded,P3-Persist,m12_heavy_flood_dup60_s20260616,nonbonded,266082,PRIVPROBE:1,duplicate_filter,0,False,0,duplicate_filter
m12_heavy_flood_dup60_s20260616_nonbonded,P3-Persist,m12_heavy_flood_dup60_s20260616,nonbonded,267198,PRIVPROBE:1,host_scan,504,False,0,reserve
m12_heavy_flood_dup60_s20260616_nonbonded,P3-Persist,m12_heavy_flood_dup60_s20260616,nonbonded,268334,PRIVPROBE:1,duplicate_filter,0,False,0,duplicate_filter
m12_heavy_flood_dup60_s20260616_nonbonded,P3-Persist,m12_heavy_flood_dup60_s20260616,nonbonded,269440,PRIVPROBE:1,duplicate_filter,0,False,0,duplicate_filter
m12_heavy_flood_dup60_s20260616_nonbonded,P3-Persist,m12_heavy_flood_dup60_s20260616,nonbonded,270534,PRIVPROBE:1,duplicate_filter,0,False,0,duplicate_filter
m12_heavy_flood_dup60_s20260616_nonbonded,P3-Persist,m12_heavy_flood_dup60_s20260616,nonbonded,271639,PRIVPROBE:1,duplicate_filter,0,False,0,duplicate_filter
m12_heavy_flood_dup60_s20260616_nonbonded,P3-Persist,m12_heavy_flood_dup60_s20260616,nonbonded,272808,PRIVPROBE:1,duplicate_filter,0,False,0,duplicate_filter
m12_heavy_flood_dup60_s20260616_nonbonded,P3-Persist,m12_heavy_flood_dup60_s20260616,nonbonded,273953,PRIVPROBE:1,duplicate_filter,0,False,0,duplicate_filter
m12_heavy_flood_dup60_s20260616_nonbonded,P3-Persist,m12_heavy_flood_dup60_s20260616,nonbonded,275090,PRIVPROBE:1,duplicate_filter,0,False,0,duplicate_filter
m12_heavy_flood_dup60_s20260616_nonbonded,P3-Persist,m12_heavy_flood_dup60_s20260616,nonbonded,276196,PRIVPROBE:1,duplicate_filter,0,False,0,duplicate_filter
m12_heavy_flood_dup60_s20260616_nonbonded,P3-Persist,m12_heavy_flood_dup60_s20260616,nonbonded,277335,PRIVPROBE:1,duplicate_filter,0,False,0,duplicate_filter
m12_heavy_flood_dup60_s20260616_nonbonded,P3-Persist,m12_heavy_flood_dup60_s20260616,nonbonded,278444,PRIVPROBE:1,duplicate_filter,0,False,0,duplicate_filter
m12_heavy_flood_dup60_s20260616_nonbonded,P3-Persist,m12_heavy_flood_dup60_s20260616,nonbonded,279541,PRIVPROBE:1,duplicate_filter,0,False,0,duplicate_filter
m12_heavy_flood_dup60_s20260616_nonbonded,P3-Persist,m12_heavy_flood_dup60_s20260616,nonbonded,280706,PRIVPROBE:1,host_scan,504,False,0,reserve
m12_heavy_flood_dup60_s20260616_nonbonded,P3-Persist,m12_heavy_flood_dup60_s20260616,nonbonded,281869,PRIVPROBE:1,duplicate_filter,0,False,0,duplicate_filter
m12_heavy_flood_dup60_s20260616_nonbonded,P3-Persist,m12_heavy_flood_dup60_s20260616,nonbonded,282981,PRIVPROBE:1,duplicate_filter,0,False,0,duplicate_filter
m12_heavy_flood_dup60_s20260616_nonbonded,P3-Persist,m12_heavy_flood_dup60_s20260616,nonbonded,284078,PRIVPROBE:1,duplicate_filter,0,False,0,duplicate_filter
m12_heavy_flood_dup60_s20260616_nonbonded,P3-Persist,m12_heavy_flood_dup60_s20260616,nonbonded,285161,PRIVPROBE:1,duplicate_filter,0,False,0,duplicate_filter
m12_heavy_flood_dup60_s20260616_nonbonded,P3-Persist,m12_heavy_flood_dup60_s20260616,nonbonded,286298,PRIVPROBE:1,duplicate_filter,0,False,0,duplicate_filter
m12_heavy_flood_dup60_s20260616_nonbonded,P3-Persist,m12_heavy_flood_dup60_s20260616,nonbonded,287407,PRIVPROBE:1,duplicate_filter,0,False,0,duplicate_filter
m12_heavy_flood_dup60_s20260616_nonbonded,P3-Persist,m12_heavy_flood_dup60_s20260616,nonbonded,288557,PRIVPROBE:1,duplicate_filter,0,False,0,duplicate_filter
m12_heavy_flood_dup60_s20260616_nonbonded,P3-Persist,m12_heavy_flood_dup60_s20260616,nonbonded,289672,PRIVPROBE:1,duplicate_filter,0,False,0,duplicate_filter
m12_heavy_flood_dup60_s20260616_nonbonded,P3-Persist,m12_heavy_flood_dup60_s20260616,nonbonded,290712,PRIVPROBE:1,duplicate_filter,0,False,0,duplicate_filter
m12_heavy_flood_dup60_s20260616_nonbonded,P3-Persist,m12_heavy_flood_dup60_s20260616,nonbonded,291734,PRIVPROBE:1,duplicate_filter,0,False,0,duplicate_filter
m12_heavy_flood_dup60_s20260616_nonbonded,P3-Persist,m12_heavy_flood_dup60_s20260616,nonbonded,292835,PRIVPROBE:1,duplicate_filter,0,False,0,duplicate_filter
m12_heavy_flood_dup60_s20260616_nonbonded,P3-Persist,m12_heavy_flood_dup60_s20260616,nonbonded,293914,PRIVPROBE:1,host_scan,504,False,0,reserve
m12_heavy_flood_dup60_s20260616_nonbonded,P3-Persist,m12_heavy_flood_dup60_s20260616,nonbonded,294993,PRIVPROBE:1,duplicate_filter,0,False,0,duplicate_filter
m12_heavy_flood_dup60_s20260616_nonbonded,P3-Persist,m12_heavy_flood_dup60_s20260616,nonbonded,296115,PRIVPROBE:1,duplicate_filter,0,False,0,duplicate_filter
m12_heavy_flood_dup60_s20260616_nonbonded,P3-Persist,m12_heavy_flood_dup60_s20260616,nonbonded,297177,PRIVPROBE:1,duplicate_filter,0,False,0,duplicate_filter
m12_heavy_flood_dup60_s20260616_nonbonded,P3-Persist,m12_heavy_flood_dup60_s20260616,nonbonded,298336,PRIVPROBE:1,duplicate_filter,0,False,0,duplicate_filter
m12_heavy_flood_dup60_s20260616_nonbonded,P3-Persist,m12_heavy_flood_dup60_s20260616,nonbonded,299519,PRIVPROBE:1,duplicate_filter,0,False,0,duplicate_filter
m12_heavy_flood_dup60_s20260616_nonbonded,P3-Persist,m12_heavy_flood_dup60_s20260616,nonbonded,300644,PRIVPROBE:1,duplicate_filter,0,False,0,duplicate_filter
m12_heavy_flood_dup60_s20260616_nonbonded,P3-Persist,m12_heavy_flood_dup60_s20260616,nonbonded,301795,PRIVPROBE:1,duplicate_filter,0,False,0,duplicate_filter
m12_heavy_flood_dup60_s20260616_nonbonded,P3-Persist,m12_heavy_flood_dup60_s20260616,nonbonded,302930,PRIVPROBE:1,duplicate_filter,0,False,0,duplicate_filter
m12_heavy_flood_dup60_s20260616_nonbonded,P3-Persist,m12_heavy_flood_dup60_s20260616,nonbonded,304073,PRIVPROBE:1,duplicate_filter,0,False,0,duplicate_filter
m12_heavy_flood_dup60_s20260616_nonbonded,P3-Persist,m12_heavy_flood_dup60_s20260616,nonbonded,305109,PRIVPROBE:1,duplicate_filter,0,False,0,duplicate_filter
m12_heavy_flood_dup60_s20260616_nonbonded,P3-Persist,m12_heavy_flood_dup60_s20260616,nonbonded,306170,PRIVPROBE:1,duplicate_filter,0,False,0,duplicate_filter
m12_heavy_flood_dup60_s20260616_nonbonded,P3-Persist,m12_heavy_flood_dup60_s20260616,nonbonded,307237,PRIVPROBE:1,host_scan,504,False,0,reserve
m12_heavy_flood_dup60_s20260616_nonbonded,P3-Persist,m12_heavy_flood_dup60_s20260616,nonbonded,308331,PRIVPROBE:1,duplicate_filter,0,False,0,duplicate_filter
m12_heavy_flood_dup60_s20260616_nonbonded,P3-Persist,m12_heavy_flood_dup60_s20260616,nonbonded,309449,PRIVPROBE:1,duplicate_filter,0,False,0,duplicate_filter
m12_heavy_flood_dup60_s20260616_nonbonded,P3-Persist,m12_heavy_flood_dup60_s20260616,nonbonded,310532,PRIVPROBE:1,duplicate_filter,0,False,0,duplicate_filter
m12_heavy_flood_dup60_s20260616_nonbonded,P3-Persist,m12_heavy_flood_dup60_s20260616,nonbonded,311668,PRIVPROBE:1,duplicate_filter,0,False,0,duplicate_filter
m12_heavy_flood_dup60_s20260616_nonbonded,P3-Persist,m12_heavy_flood_dup60_s20260616,nonbonded,312790,PRIVPROBE:1,duplicate_filter,0,False,0,duplicate_filter
m12_heavy_flood_dup60_s20260616_nonbonded,P3-Persist,m12_heavy_flood_dup60_s20260616,nonbonded,313920,PRIVPROBE:1,duplicate_filter,0,False,0,duplicate_filter
m12_heavy_flood_dup60_s20260616_nonbonded,P3-Persist,m12_heavy_flood_dup60_s20260616,nonbonded,315066,PRIVPROBE:1,duplicate_filter,0,False,0,duplicate_filter
m12_heavy_flood_dup60_s20260616_nonbonded,P3-Persist,m12_heavy_flood_dup60_s20260616,nonbonded,316209,PRIVPROBE:1,duplicate_filter,0,False,0,duplicate_filter
m12_heavy_flood_dup60_s20260616_nonbonded,P3-Persist,m12_heavy_flood_dup60_s20260616,nonbonded,317324,PRIVPROBE:1,duplicate_filter,0,False,0,duplicate_filter
m12_heavy_flood_dup60_s20260616_nonbonded,P3-Persist,m12_heavy_flood_dup60_s20260616,nonbonded,318457,PRIVPROBE:1,duplicate_filter,0,False,0,duplicate_filter
m12_heavy_flood_dup60_s20260616_nonbonded,P3-Persist,m12_heavy_flood_dup60_s20260616,nonbonded,319519,PRIVPROBE:1,duplicate_filter,0,False,0,duplicate_filter
m12_heavy_flood_dup60_s20260616_nonbonded,P3-Persist,m12_heavy_flood_dup60_s20260616,nonbonded,320617,PRIVPROBE:1,host_scan,504,False,0,reserve
m12_heavy_flood_dup60_s20260616_nonbonded,P3-Persist,m12_heavy_flood_dup60_s20260616,nonbonded,321799,PRIVPROBE:1,duplicate_filter,0,False,0,duplicate_filter
m12_heavy_flood_dup60_s20260616_nonbonded,P3-Persist,m12_heavy_flood_dup60_s20260616,nonbonded,322837,PRIVPROBE:1,duplicate_filter,0,False,0,duplicate_filter
m12_heavy_flood_dup60_s20260616_nonbonded,P3-Persist,m12_heavy_flood_dup60_s20260616,nonbonded,323941,PRIVPROBE:1,duplicate_filter,0,False,0,duplicate_filter
m12_heavy_flood_dup60_s20260616_nonbonded,P3-Persist,m12_heavy_flood_dup60_s20260616,nonbonded,325082,PRIVPROBE:1,duplicate_filter,0,False,0,duplicate_filter
m12_heavy_flood_dup60_s20260616_nonbonded,P3-Persist,m12_heavy_flood_dup60_s20260616,nonbonded,326175,PRIVPROBE:1,duplicate_filter,0,False,0,duplicate_filter
m12_heavy_flood_dup60_s20260616_nonbonded,P3-Persist,m12_heavy_flood_dup60_s20260616,nonbonded,327293,PRIVPROBE:1,duplicate_filter,0,False,0,duplicate_filter
m12_heavy_flood_dup60_s20260616_nonbonded,P3-Persist,m12_heavy_flood_dup60_s20260616,nonbonded,328346,PRIVPROBE:1,duplicate_filter,0,False,0,duplicate_filter
m12_heavy_flood_dup60_s20260616_nonbonded,P3-Persist,m12_heavy_flood_dup60_s20260616,nonbonded,329436,PRIVPROBE:1,duplicate_filter,0,False,0,duplicate_filter
m12_heavy_flood_dup60_s20260616_nonbonded,P3-Persist,m12_heavy_flood_dup60_s20260616,nonbonded,330550,PRIVPROBE:1,duplicate_filter,0,False,0,duplicate_filter
m12_heavy_flood_dup60_s20260616_nonbonded,P3-Persist,m12_heavy_flood_dup60_s20260616,nonbonded,331684,PRIVPROBE:1,duplicate_filter,0,False,0,duplicate_filter
m12_heavy_flood_dup60_s20260616_nonbonded,P3-Persist,m12_heavy_flood_dup60_s20260616,nonbonded,332859,PRIVPROBE:1,duplicate_filter,0,False,0,duplicate_filter
m12_heavy_flood_dup60_s20260616_nonbonded,P3-Persist,m12_heavy_flood_dup60_s20260616,nonbonded,333971,PRIVPROBE:1,host_scan,504,False,0,reserve
m12_heavy_flood_dup60_s20260616_nonbonded,P3-Persist,m12_heavy_flood_dup60_s20260616,nonbonded,335095,PRIVPROBE:1,duplicate_filter,0,False,0,duplicate_filter
m12_heavy_flood_dup60_s20260616_nonbonded,P3-Persist,m12_heavy_flood_dup60_s20260616,nonbonded,336124,PRIVPROBE:1,duplicate_filter,0,False,0,duplicate_filter
m12_heavy_flood_dup60_s20260616_nonbonded,P3-Persist,m12_heavy_flood_dup60_s20260616,nonbonded,337307,PRIVPROBE:1,duplicate_filter,0,False,0,duplicate_filter
m12_heavy_flood_dup60_s20260616_nonbonded,P3-Persist,m12_heavy_flood_dup60_s20260616,nonbonded,338407,PRIVPROBE:1,duplicate_filter,0,False,0,duplicate_filter
m12_heavy_flood_dup60_s20260616_nonbonded,P3-Persist,m12_heavy_flood_dup60_s20260616,nonbonded,339526,PRIVPROBE:1,duplicate_filter,0,False,0,duplicate_filter
m12_heavy_flood_dup60_s20260616_nonbonded,P3-Persist,m12_heavy_flood_dup60_s20260616,nonbonded,340613,PRIVPROBE:1,duplicate_filter,0,False,0,duplicate_filter
m12_heavy_flood_dup60_s20260616_nonbonded,P3-Persist,m12_heavy_flood_dup60_s20260616,nonbonded,341732,PRIVPROBE:1,duplicate_filter,0,False,0,duplicate_filter
m12_heavy_flood_dup60_s20260616_nonbonded,P3-Persist,m12_heavy_flood_dup60_s20260616,nonbonded,342785,PRIVPROBE:1,duplicate_filter,0,False,0,duplicate_filter
m12_heavy_flood_dup60_s20260616_nonbonded,P3-Persist,m12_heavy_flood_dup60_s20260616,nonbonded,343906,PRIVPROBE:1,duplicate_filter,0,False,0,duplicate_filter
m12_heavy_flood_dup60_s20260616_nonbonded,P3-Persist,m12_heavy_flood_dup60_s20260616,nonbonded,345027,PRIVPROBE:1,duplicate_filter,0,False,0,duplicate_filter
m12_heavy_flood_dup60_s20260616_nonbonded,P3-Persist,m12_heavy_flood_dup60_s20260616,nonbonded,346199,PRIVPROBE:1,duplicate_filter,0,False,0,duplicate_filter
m12_heavy_flood_dup60_s20260616_nonbonded,P3-Persist,m12_heavy_flood_dup60_s20260616,nonbonded,347310,PRIVPROBE:1,host_scan,504,False,0,reserve
m12_heavy_flood_dup60_s20260616_nonbonded,P3-Persist,m12_heavy_flood_dup60_s20260616,nonbonded,348420,PRIVPROBE:1,duplicate_filter,0,False,0,duplicate_filter
m12_heavy_flood_dup60_s20260616_nonbonded,P3-Persist,m12_heavy_flood_dup60_s20260616,nonbonded,349483,PRIVPROBE:1,duplicate_filter,0,False,0,duplicate_filter
m12_heavy_flood_dup60_s20260616_nonbonded,P3-Persist,m12_heavy_flood_dup60_s20260616,nonbonded,350635,PRIVPROBE:1,duplicate_filter,0,False,0,duplicate_filter
m12_heavy_flood_dup60_s20260616_nonbonded,P3-Persist,m12_heavy_flood_dup60_s20260616,nonbonded,351749,PRIVPROBE:1,duplicate_filter,0,False,0,duplicate_filter
m12_heavy_flood_dup60_s20260616_nonbonded,P3-Persist,m12_heavy_flood_dup60_s20260616,nonbonded,352823,PRIVPROBE:1,duplicate_filter,0,False,0,duplicate_filter
m12_heavy_flood_dup60_s20260616_nonbonded,P3-Persist,m12_heavy_flood_dup60_s20260616,nonbonded,353954,PRIVPROBE:1,duplicate_filter,0,False,0,duplicate_filter
m12_heavy_flood_dup60_s20260616_nonbonded,P3-Persist,m12_heavy_flood_dup60_s20260616,nonbonded,355019,PRIVPROBE:1,duplicate_filter,0,False,0,duplicate_filter
m12_heavy_flood_dup60_s20260616_nonbonded,P3-Persist,m12_heavy_flood_dup60_s20260616,nonbonded,356114,PRIVPROBE:1,duplicate_filter,0,False,0,duplicate_filter
m12_heavy_flood_dup60_s20260616_nonbonded,P3-Persist,m12_heavy_flood_dup60_s20260616,nonbonded,357224,PRIVPROBE:1,duplicate_filter,0,False,0,duplicate_filter
m12_heavy_flood_dup60_s20260616_nonbonded,P3-Persist,m12_heavy_flood_dup60_s20260616,nonbonded,358307,PRIVPROBE:1,duplicate_filter,0,False,0,duplicate_filter
m12_heavy_flood_dup60_s20260616_nonbonded,P3-Persist,m12_heavy_flood_dup60_s20260616,nonbonded,359413,PRIVPROBE:1,duplicate_filter,0,False,0,duplicate_filter
m12_heavy_flood_dup60_s20260616_nonbonded,P3-Persist,m12_heavy_flood_dup60_s20260616,nonbonded,360456,PRIVPROBE:1,host_scan,504,False,0,reserve
m12_heavy_flood_dup60_s20260616_nonbonded,P3-Persist,m12_heavy_flood_dup60_s20260616,nonbonded,361602,PRIVPROBE:1,duplicate_filter,0,False,0,duplicate_filter
m12_heavy_flood_dup60_s20260616_nonbonded,P3-Persist,m12_heavy_flood_dup60_s20260616,nonbonded,362691,PRIVPROBE:1,duplicate_filter,0,False,0,duplicate_filter
m12_heavy_flood_dup60_s20260616_nonbonded,P3-Persist,m12_heavy_flood_dup60_s20260616,nonbonded,363715,PRIVPROBE:1,duplicate_filter,0,False,0,duplicate_filter
m12_heavy_flood_dup60_s20260616_nonbonded,P3-Persist,m12_heavy_flood_dup60_s20260616,nonbonded,364825,PRIVPROBE:1,duplicate_filter,0,False,0,duplicate_filter
m12_heavy_flood_dup60_s20260616_nonbonded,P3-Persist,m12_heavy_flood_dup60_s20260616,nonbonded,365883,PRIVPROBE:1,duplicate_filter,0,False,0,duplicate_filter
m12_heavy_flood_dup60_s20260616_nonbonded,P3-Persist,m12_heavy_flood_dup60_s20260616,nonbonded,366941,PRIVPROBE:1,duplicate_filter,0,False,0,duplicate_filter
m12_heavy_flood_dup60_s20260616_nonbonded,P3-Persist,m12_heavy_flood_dup60_s20260616,nonbonded,368101,PRIVPROBE:1,duplicate_filter,0,False,0,duplicate_filter
m12_heavy_flood_dup60_s20260616_nonbonded,P3-Persist,m12_heavy_flood_dup60_s20260616,nonbonded,369166,PRIVPROBE:1,duplicate_filter,0,False,0,duplicate_filter
m12_heavy_flood_dup60_s20260616_nonbonded,P3-Persist,m12_heavy_flood_dup60_s20260616,nonbonded,370215,PRIVPROBE:1,duplicate_filter,0,False,0,duplicate_filter
m12_heavy_flood_dup60_s20260616_nonbonded,P3-Persist,m12_heavy_flood_dup60_s20260616,nonbonded,371374,PRIVPROBE:1,duplicate_filter,0,False,0,duplicate_filter
m12_heavy_flood_dup60_s20260616_nonbonded,P3-Persist,m12_heavy_flood_dup60_s20260616,nonbonded,372456,PRIVPROBE:1,duplicate_filter,0,False,0,duplicate_filter
m12_heavy_flood_dup60_s20260616_nonbonded,P3-Persist,m12_heavy_flood_dup60_s20260616,nonbonded,373477,PRIVPROBE:1,host_scan,504,False,0,reserve
m12_heavy_flood_dup60_s20260616_nonbonded,P3-Persist,m12_heavy_flood_dup60_s20260616,nonbonded,374549,PRIVPROBE:1,duplicate_filter,0,False,0,duplicate_filter
m12_heavy_flood_dup60_s20260616_nonbonded,P3-Persist,m12_heavy_flood_dup60_s20260616,nonbonded,375664,PRIVPROBE:1,duplicate_filter,0,False,0,duplicate_filter
m12_heavy_flood_dup60_s20260616_nonbonded,P3-Persist,m12_heavy_flood_dup60_s20260616,nonbonded,376775,PRIVPROBE:1,duplicate_filter,0,False,0,duplicate_filter
m12_heavy_flood_dup60_s20260616_nonbonded,P3-Persist,m12_heavy_flood_dup60_s20260616,nonbonded,377886,PRIVPROBE:1,duplicate_filter,0,False,0,duplicate_filter
m12_heavy_flood_dup60_s20260616_nonbonded,P3-Persist,m12_heavy_flood_dup60_s20260616,nonbonded,378932,PRIVPROBE:1,duplicate_filter,0,False,0,duplicate_filter
m12_heavy_flood_dup60_s20260616_nonbonded,P3-Persist,m12_heavy_flood_dup60_s20260616,nonbonded,380093,PRIVPROBE:1,duplicate_filter,0,False,0,duplicate_filter
m12_heavy_flood_dup60_s20260616_nonbonded,P3-Persist,m12_heavy_flood_dup60_s20260616,nonbonded,381213,PRIVPROBE:1,duplicate_filter,0,False,0,duplicate_filter
m12_heavy_flood_dup60_s20260616_nonbonded,P3-Persist,m12_heavy_flood_dup60_s20260616,nonbonded,382330,PRIVPROBE:1,duplicate_filter,0,False,0,duplicate_filter
m12_heavy_flood_dup60_s20260616_nonbonded,P3-Persist,m12_heavy_flood_dup60_s20260616,nonbonded,383484,PRIVPROBE:1,duplicate_filter,0,False,0,duplicate_filter
m12_heavy_flood_dup60_s20260616_nonbonded,P3-Persist,m12_heavy_flood_dup60_s20260616,nonbonded,384649,PRIVPROBE:1,duplicate_filter,0,False,0,duplicate_filter
m12_heavy_flood_dup60_s20260616_nonbonded,P3-Persist,m12_heavy_flood_dup60_s20260616,nonbonded,385781,PRIVPROBE:1,duplicate_filter,0,False,0,duplicate_filter
m12_heavy_flood_dup60_s20260616_nonbonded,P3-Persist,m12_heavy_flood_dup60_s20260616,nonbonded,386901,PRIVPROBE:1,host_scan,504,False,0,reserve
m12_heavy_flood_dup60_s20260616_nonbonded,P3-Persist,m12_heavy_flood_dup60_s20260616,nonbonded,388003,PRIVPROBE:1,duplicate_filter,0,False,0,duplicate_filter
m12_heavy_flood_dup60_s20260616_nonbonded,P3-Persist,m12_heavy_flood_dup60_s20260616,nonbonded,389101,PRIVPROBE:1,duplicate_filter,0,False,0,duplicate_filter
m12_heavy_flood_dup60_s20260616_nonbonded,P3-Persist,m12_heavy_flood_dup60_s20260616,nonbonded,390235,PRIVPROBE:1,duplicate_filter,0,False,0,duplicate_filter
m12_heavy_flood_dup60_s20260616_nonbonded,P3-Persist,m12_heavy_flood_dup60_s20260616,nonbonded,391340,PRIVPROBE:1,duplicate_filter,0,False,0,duplicate_filter
m12_heavy_flood_dup60_s20260616_nonbonded,P3-Persist,m12_heavy_flood_dup60_s20260616,nonbonded,392452,PRIVPROBE:1,duplicate_filter,0,False,0,duplicate_filter
m12_heavy_flood_dup60_s20260616_nonbonded,P3-Persist,m12_heavy_flood_dup60_s20260616,nonbonded,393527,PRIVPROBE:1,duplicate_filter,0,False,0,duplicate_filter
m12_heavy_flood_dup60_s20260616_nonbonded,P3-Persist,m12_heavy_flood_dup60_s20260616,nonbonded,394564,PRIVPROBE:1,duplicate_filter,0,False,0,duplicate_filter
m12_heavy_flood_dup60_s20260616_nonbonded,P3-Persist,m12_heavy_flood_dup60_s20260616,nonbonded,395723,PRIVPROBE:1,duplicate_filter,0,False,0,duplicate_filter
m12_heavy_flood_dup60_s20260616_nonbonded,P3-Persist,m12_heavy_flood_dup60_s20260616,nonbonded,396823,PRIVPROBE:1,duplicate_filter,0,False,0,duplicate_filter
m12_heavy_flood_dup60_s20260616_nonbonded,P3-Persist,m12_heavy_flood_dup60_s20260616,nonbonded,397890,PRIVPROBE:1,duplicate_filter,0,False,0,duplicate_filter
m12_heavy_flood_dup60_s20260616_nonbonded,P3-Persist,m12_heavy_flood_dup60_s20260616,nonbonded,399000,PRIVPROBE:1,duplicate_filter,0,False,0,duplicate_filter
m12_heavy_flood_dup60_s20260616_nonbonded,P3-NoPersist,m12_heavy_flood_dup60_s20260616,nonbonded,66530,PRIVPROBE:0,defer,0,True,1000,defer
m12_heavy_flood_dup60_s20260616_nonbonded,P3-NoPersist,m12_heavy_flood_dup60_s20260616,nonbonded,67621,PRIVPROBE:0,duplicate_filter,0,False,0,duplicate_filter
m12_heavy_flood_dup60_s20260616_nonbonded,P3-NoPersist,m12_heavy_flood_dup60_s20260616,nonbonded,68790,PRIVPROBE:0,duplicate_filter,0,False,0,duplicate_filter
m12_heavy_flood_dup60_s20260616_nonbonded,P3-NoPersist,m12_heavy_flood_dup60_s20260616,nonbonded,69949,PRIVPROBE:0,duplicate_filter,0,False,0,duplicate_filter
m12_heavy_flood_dup60_s20260616_nonbonded,P3-NoPersist,m12_heavy_flood_dup60_s20260616,nonbonded,71069,PRIVPROBE:0,duplicate_filter,0,False,0,duplicate_filter
m12_heavy_flood_dup60_s20260616_nonbonded,P3-NoPersist,m12_heavy_flood_dup60_s20260616,nonbonded,72220,PRIVPROBE:0,duplicate_filter,0,False,0,duplicate_filter
m12_heavy_flood_dup60_s20260616_nonbonded,P3-NoPersist,m12_heavy_flood_dup60_s20260616,nonbonded,73324,PRIVPROBE:0,duplicate_filter,0,False,0,duplicate_filter
m12_heavy_flood_dup60_s20260616_nonbonded,P3-NoPersist,m12_heavy_flood_dup60_s20260616,nonbonded,74445,PRIVPROBE:0,duplicate_filter,0,False,0,duplicate_filter
m12_heavy_flood_dup60_s20260616_nonbonded,P3-NoPersist,m12_heavy_flood_dup60_s20260616,nonbonded,75599,PRIVPROBE:0,duplicate_filter,0,False,0,duplicate_filter
m12_heavy_flood_dup60_s20260616_nonbonded,P3-NoPersist,m12_heavy_flood_dup60_s20260616,nonbonded,76717,PRIVPROBE:0,duplicate_filter,0,False,0,duplicate_filter
m12_heavy_flood_dup60_s20260616_nonbonded,P3-NoPersist,m12_heavy_flood_dup60_s20260616,nonbonded,77813,PRIVPROBE:0,duplicate_filter,0,False,0,duplicate_filter
m12_heavy_flood_dup60_s20260616_nonbonded,P3-NoPersist,m12_heavy_flood_dup60_s20260616,nonbonded,78903,PRIVPROBE:0,duplicate_filter,0,False,0,duplicate_filter
m12_heavy_flood_dup60_s20260616_nonbonded,P3-NoPersist,m12_heavy_flood_dup60_s20260616,nonbonded,80022,PRIVPROBE:0,defer,0,True,1000,defer
m12_heavy_flood_dup60_s20260616_nonbonded,P3-NoPersist,m12_heavy_flood_dup60_s20260616,nonbonded,81169,PRIVPROBE:0,duplicate_filter,0,False,0,duplicate_filter
m12_heavy_flood_dup60_s20260616_nonbonded,P3-NoPersist,m12_heavy_flood_dup60_s20260616,nonbonded,82286,PRIVPROBE:0,duplicate_filter,0,False,0,duplicate_filter
m12_heavy_flood_dup60_s20260616_nonbonded,P3-NoPersist,m12_heavy_flood_dup60_s20260616,nonbonded,83384,PRIVPROBE:0,duplicate_filter,0,False,0,duplicate_filter
m12_heavy_flood_dup60_s20260616_nonbonded,P3-NoPersist,m12_heavy_flood_dup60_s20260616,nonbonded,84450,PRIVPROBE:0,duplicate_filter,0,False,0,duplicate_filter
m12_heavy_flood_dup60_s20260616_nonbonded,P3-NoPersist,m12_heavy_flood_dup60_s20260616,nonbonded,85573,PRIVPROBE:0,duplicate_filter,0,False,0,duplicate_filter
m12_heavy_flood_dup60_s20260616_nonbonded,P3-NoPersist,m12_heavy_flood_dup60_s20260616,nonbonded,86670,PRIVPROBE:0,duplicate_filter,0,False,0,duplicate_filter
m12_heavy_flood_dup60_s20260616_nonbonded,P3-NoPersist,m12_heavy_flood_dup60_s20260616,nonbonded,87840,PRIVPROBE:0,duplicate_filter,0,False,0,duplicate_filter
m12_heavy_flood_dup60_s20260616_nonbonded,P3-NoPersist,m12_heavy_flood_dup60_s20260616,nonbonded,88923,PRIVPROBE:0,duplicate_filter,0,False,0,duplicate_filter
m12_heavy_flood_dup60_s20260616_nonbonded,P3-NoPersist,m12_heavy_flood_dup60_s20260616,nonbonded,90094,PRIVPROBE:0,duplicate_filter,0,False,0,duplicate_filter
m12_heavy_flood_dup60_s20260616_nonbonded,P3-NoPersist,m12_heavy_flood_dup60_s20260616,nonbonded,91200,PRIVPROBE:0,duplicate_filter,0,False,0,duplicate_filter
m12_heavy_flood_dup60_s20260616_nonbonded,P3-NoPersist,m12_heavy_flood_dup60_s20260616,nonbonded,92290,PRIVPROBE:0,duplicate_filter,0,False,0,duplicate_filter
m12_heavy_flood_dup60_s20260616_nonbonded,P3-NoPersist,m12_heavy_flood_dup60_s20260616,nonbonded,93429,PRIVPROBE:0,defer,0,True,1000,defer
m12_heavy_flood_dup60_s20260616_nonbonded,P3-NoPersist,m12_heavy_flood_dup60_s20260616,nonbonded,94557,PRIVPROBE:0,duplicate_filter,0,False,0,duplicate_filter
m12_heavy_flood_dup60_s20260616_nonbonded,P3-NoPersist,m12_heavy_flood_dup60_s20260616,nonbonded,95611,PRIVPROBE:0,duplicate_filter,0,False,0,duplicate_filter
m12_heavy_flood_dup60_s20260616_nonbonded,P3-NoPersist,m12_heavy_flood_dup60_s20260616,nonbonded,96739,PRIVPROBE:0,duplicate_filter,0,False,0,duplicate_filter
m12_heavy_flood_dup60_s20260616_nonbonded,P3-NoPersist,m12_heavy_flood_dup60_s20260616,nonbonded,97806,PRIVPROBE:0,duplicate_filter,0,False,0,duplicate_filter
m12_heavy_flood_dup60_s20260616_nonbonded,P3-NoPersist,m12_heavy_flood_dup60_s20260616,nonbonded,98882,PRIVPROBE:0,duplicate_filter,0,False,0,duplicate_filter
m12_heavy_flood_dup60_s20260616_nonbonded,P3-NoPersist,m12_heavy_flood_dup60_s20260616,nonbonded,100014,PRIVPROBE:0,duplicate_filter,0,False,0,duplicate_filter
m12_heavy_flood_dup60_s20260616_nonbonded,P3-NoPersist,m12_heavy_flood_dup60_s20260616,nonbonded,101085,PRIVPROBE:0,duplicate_filter,0,False,0,duplicate_filter
m12_heavy_flood_dup60_s20260616_nonbonded,P3-NoPersist,m12_heavy_flood_dup60_s20260616,nonbonded,102190,PRIVPROBE:0,duplicate_filter,0,False,0,duplicate_filter
m12_heavy_flood_dup60_s20260616_nonbonded,P3-NoPersist,m12_heavy_flood_dup60_s20260616,nonbonded,103219,PRIVPROBE:0,duplicate_filter,0,False,0,duplicate_filter
m12_heavy_flood_dup60_s20260616_nonbonded,P3-NoPersist,m12_heavy_flood_dup60_s20260616,nonbonded,104340,PRIVPROBE:0,duplicate_filter,0,False,0,duplicate_filter
m12_heavy_flood_dup60_s20260616_nonbonded,P3-NoPersist,m12_heavy_flood_dup60_s20260616,nonbonded,105477,PRIVPROBE:0,duplicate_filter,0,False,0,duplicate_filter
m12_heavy_flood_dup60_s20260616_nonbonded,P3-NoPersist,m12_heavy_flood_dup60_s20260616,nonbonded,106556,PRIVPROBE:0,defer,0,True,1000,defer
m12_heavy_flood_dup60_s20260616_nonbonded,P3-NoPersist,m12_heavy_flood_dup60_s20260616,nonbonded,107704,PRIVPROBE:0,duplicate_filter,0,False,0,duplicate_filter
m12_heavy_flood_dup60_s20260616_nonbonded,P3-NoPersist,m12_heavy_flood_dup60_s20260616,nonbonded,108842,PRIVPROBE:0,duplicate_filter,0,False,0,duplicate_filter
m12_heavy_flood_dup60_s20260616_nonbonded,P3-NoPersist,m12_heavy_flood_dup60_s20260616,nonbonded,110005,PRIVPROBE:0,duplicate_filter,0,False,0,duplicate_filter
m12_heavy_flood_dup60_s20260616_nonbonded,P3-NoPersist,m12_heavy_flood_dup60_s20260616,nonbonded,111229,PRIVPROBE:0,duplicate_filter,0,False,0,duplicate_filter
m12_heavy_flood_dup60_s20260616_nonbonded,P3-NoPersist,m12_heavy_flood_dup60_s20260616,nonbonded,112355,PRIVPROBE:0,duplicate_filter,0,False,0,duplicate_filter
m12_heavy_flood_dup60_s20260616_nonbonded,P3-NoPersist,m12_heavy_flood_dup60_s20260616,nonbonded,113513,PRIVPROBE:0,duplicate_filter,0,False,0,duplicate_filter
m12_heavy_flood_dup60_s20260616_nonbonded,P3-NoPersist,m12_heavy_flood_dup60_s20260616,nonbonded,114597,PRIVPROBE:0,duplicate_filter,0,False,0,duplicate_filter
m12_heavy_flood_dup60_s20260616_nonbonded,P3-NoPersist,m12_heavy_flood_dup60_s20260616,nonbonded,115636,PRIVPROBE:0,duplicate_filter,0,False,0,duplicate_filter
m12_heavy_flood_dup60_s20260616_nonbonded,P3-NoPersist,m12_heavy_flood_dup60_s20260616,nonbonded,116759,PRIVPROBE:0,duplicate_filter,0,False,0,duplicate_filter
m12_heavy_flood_dup60_s20260616_nonbonded,P3-NoPersist,m12_heavy_flood_dup60_s20260616,nonbonded,117824,PRIVPROBE:0,duplicate_filter,0,False,0,duplicate_filter
m12_heavy_flood_dup60_s20260616_nonbonded,P3-NoPersist,m12_heavy_flood_dup60_s20260616,nonbonded,118933,PRIVPROBE:0,duplicate_filter,0,False,0,duplicate_filter
m12_heavy_flood_dup60_s20260616_nonbonded,P3-NoPersist,m12_heavy_flood_dup60_s20260616,nonbonded,120026,PRIVPROBE:0,defer,0,True,1000,defer
m12_heavy_flood_dup60_s20260616_nonbonded,P3-NoPersist,m12_heavy_flood_dup60_s20260616,nonbonded,121138,PRIVPROBE:0,duplicate_filter,0,False,0,duplicate_filter
m12_heavy_flood_dup60_s20260616_nonbonded,P3-NoPersist,m12_heavy_flood_dup60_s20260616,nonbonded,122253,PRIVPROBE:0,duplicate_filter,0,False,0,duplicate_filter
m12_heavy_flood_dup60_s20260616_nonbonded,P3-NoPersist,m12_heavy_flood_dup60_s20260616,nonbonded,123356,PRIVPROBE:0,duplicate_filter,0,False,0,duplicate_filter
m12_heavy_flood_dup60_s20260616_nonbonded,P3-NoPersist,m12_heavy_flood_dup60_s20260616,nonbonded,124504,PRIVPROBE:0,duplicate_filter,0,False,0,duplicate_filter
m12_heavy_flood_dup60_s20260616_nonbonded,P3-NoPersist,m12_heavy_flood_dup60_s20260616,nonbonded,125655,PRIVPROBE:0,duplicate_filter,0,False,0,duplicate_filter
m12_heavy_flood_dup60_s20260616_nonbonded,P3-NoPersist,m12_heavy_flood_dup60_s20260616,nonbonded,126794,PRIVPROBE:0,duplicate_filter,0,False,0,duplicate_filter
m12_heavy_flood_dup60_s20260616_nonbonded,P3-NoPersist,m12_heavy_flood_dup60_s20260616,nonbonded,127921,PRIVPROBE:0,duplicate_filter,0,False,0,duplicate_filter
m12_heavy_flood_dup60_s20260616_nonbonded,P3-NoPersist,m12_heavy_flood_dup60_s20260616,nonbonded,129026,PRIVPROBE:0,duplicate_filter,0,False,0,duplicate_filter
m12_heavy_flood_dup60_s20260616_nonbonded,P3-NoPersist,m12_heavy_flood_dup60_s20260616,nonbonded,130113,PRIVPROBE:0,duplicate_filter,0,False,0,duplicate_filter
m12_heavy_flood_dup60_s20260616_nonbonded,P3-NoPersist,m12_heavy_flood_dup60_s20260616,nonbonded,131203,PRIVPROBE:0,duplicate_filter,0,False,0,duplicate_filter
m12_heavy_flood_dup60_s20260616_nonbonded,P3-NoPersist,m12_heavy_flood_dup60_s20260616,nonbonded,132337,PRIVPROBE:0,duplicate_filter,0,False,0,duplicate_filter
m12_heavy_flood_dup60_s20260616_nonbonded,P3-NoPersist,m12_heavy_flood_dup60_s20260616,nonbonded,133403,PRIVPROBE:0,defer,0,True,1000,defer
m12_heavy_flood_dup60_s20260616_nonbonded,P3-NoPersist,m12_heavy_flood_dup60_s20260616,nonbonded,134454,PRIVPROBE:0,duplicate_filter,0,False,0,duplicate_filter
m12_heavy_flood_dup60_s20260616_nonbonded,P3-NoPersist,m12_heavy_flood_dup60_s20260616,nonbonded,135536,PRIVPROBE:0,duplicate_filter,0,False,0,duplicate_filter
m12_heavy_flood_dup60_s20260616_nonbonded,P3-NoPersist,m12_heavy_flood_dup60_s20260616,nonbonded,136642,PRIVPROBE:0,duplicate_filter,0,False,0,duplicate_filter
m12_heavy_flood_dup60_s20260616_nonbonded,P3-NoPersist,m12_heavy_flood_dup60_s20260616,nonbonded,137737,PRIVPROBE:0,duplicate_filter,0,False,0,duplicate_filter
m12_heavy_flood_dup60_s20260616_nonbonded,P3-NoPersist,m12_heavy_flood_dup60_s20260616,nonbonded,138888,PRIVPROBE:0,duplicate_filter,0,False,0,duplicate_filter
m12_heavy_flood_dup60_s20260616_nonbonded,P3-NoPersist,m12_heavy_flood_dup60_s20260616,nonbonded,139946,PRIVPROBE:0,duplicate_filter,0,False,0,duplicate_filter
m12_heavy_flood_dup60_s20260616_nonbonded,P3-NoPersist,m12_heavy_flood_dup60_s20260616,nonbonded,140998,PRIVPROBE:0,duplicate_filter,0,False,0,duplicate_filter
m12_heavy_flood_dup60_s20260616_nonbonded,P3-NoPersist,m12_heavy_flood_dup60_s20260616,nonbonded,142145,PRIVPROBE:0,duplicate_filter,0,False,0,duplicate_filter
m12_heavy_flood_dup60_s20260616_nonbonded,P3-NoPersist,m12_heavy_flood_dup60_s20260616,nonbonded,143291,PRIVPROBE:0,duplicate_filter,0,False,0,duplicate_filter
m12_heavy_flood_dup60_s20260616_nonbonded,P3-NoPersist,m12_heavy_flood_dup60_s20260616,nonbonded,144460,PRIVPROBE:0,duplicate_filter,0,False,0,duplicate_filter
m12_heavy_flood_dup60_s20260616_nonbonded,P3-NoPersist,m12_heavy_flood_dup60_s20260616,nonbonded,145610,PRIVPROBE:0,duplicate_filter,0,False,0,duplicate_filter
m12_heavy_flood_dup60_s20260616_nonbonded,P3-NoPersist,m12_heavy_flood_dup60_s20260616,nonbonded,146702,PRIVPROBE:0,defer,0,True,1000,defer
m12_heavy_flood_dup60_s20260616_nonbonded,P3-NoPersist,m12_heavy_flood_dup60_s20260616,nonbonded,147850,PRIVPROBE:0,duplicate_filter,0,False,0,duplicate_filter
m12_heavy_flood_dup60_s20260616_nonbonded,P3-NoPersist,m12_heavy_flood_dup60_s20260616,nonbonded,148939,PRIVPROBE:0,duplicate_filter,0,False,0,duplicate_filter
m12_heavy_flood_dup60_s20260616_nonbonded,P3-NoPersist,m12_heavy_flood_dup60_s20260616,nonbonded,150055,PRIVPROBE:0,duplicate_filter,0,False,0,duplicate_filter
m12_heavy_flood_dup60_s20260616_nonbonded,P3-NoPersist,m12_heavy_flood_dup60_s20260616,nonbonded,151129,PRIVPROBE:0,duplicate_filter,0,False,0,duplicate_filter
m12_heavy_flood_dup60_s20260616_nonbonded,P3-NoPersist,m12_heavy_flood_dup60_s20260616,nonbonded,152292,PRIVPROBE:0,duplicate_filter,0,False,0,duplicate_filter
m12_heavy_flood_dup60_s20260616_nonbonded,P3-NoPersist,m12_heavy_flood_dup60_s20260616,nonbonded,153381,PRIVPROBE:0,duplicate_filter,0,False,0,duplicate_filter
m12_heavy_flood_dup60_s20260616_nonbonded,P3-NoPersist,m12_heavy_flood_dup60_s20260616,nonbonded,154461,PRIVPROBE:0,duplicate_filter,0,False,0,duplicate_filter
m12_heavy_flood_dup60_s20260616_nonbonded,P3-NoPersist,m12_heavy_flood_dup60_s20260616,nonbonded,155566,PRIVPROBE:0,duplicate_filter,0,False,0,duplicate_filter
m12_heavy_flood_dup60_s20260616_nonbonded,P3-NoPersist,m12_heavy_flood_dup60_s20260616,nonbonded,156637,PRIVPROBE:0,duplicate_filter,0,False,0,duplicate_filter
m12_heavy_flood_dup60_s20260616_nonbonded,P3-NoPersist,m12_heavy_flood_dup60_s20260616,nonbonded,157748,PRIVPROBE:0,duplicate_filter,0,False,0,duplicate_filter
m12_heavy_flood_dup60_s20260616_nonbonded,P3-NoPersist,m12_heavy_flood_dup60_s20260616,nonbonded,158808,PRIVPROBE:0,duplicate_filter,0,False,0,duplicate_filter
m12_heavy_flood_dup60_s20260616_nonbonded,P3-NoPersist,m12_heavy_flood_dup60_s20260616,nonbonded,159995,PRIVPROBE:0,defer,0,True,1000,defer
m12_heavy_flood_dup60_s20260616_nonbonded,P3-NoPersist,m12_heavy_flood_dup60_s20260616,nonbonded,161106,PRIVPROBE:0,duplicate_filter,0,False,0,duplicate_filter
m12_heavy_flood_dup60_s20260616_nonbonded,P3-NoPersist,m12_heavy_flood_dup60_s20260616,nonbonded,162264,PRIVPROBE:0,duplicate_filter,0,False,0,duplicate_filter
m12_heavy_flood_dup60_s20260616_nonbonded,P3-NoPersist,m12_heavy_flood_dup60_s20260616,nonbonded,163407,PRIVPROBE:0,duplicate_filter,0,False,0,duplicate_filter
m12_heavy_flood_dup60_s20260616_nonbonded,P3-NoPersist,m12_heavy_flood_dup60_s20260616,nonbonded,164497,PRIVPROBE:0,duplicate_filter,0,False,0,duplicate_filter
m12_heavy_flood_dup60_s20260616_nonbonded,P3-NoPersist,m12_heavy_flood_dup60_s20260616,nonbonded,165630,PRIVPROBE:0,duplicate_filter,0,False,0,duplicate_filter
m12_heavy_flood_dup60_s20260616_nonbonded,P3-NoPersist,m12_heavy_flood_dup60_s20260616,nonbonded,166728,PRIVPROBE:0,duplicate_filter,0,False,0,duplicate_filter
m12_heavy_flood_dup60_s20260616_nonbonded,P3-NoPersist,m12_heavy_flood_dup60_s20260616,nonbonded,167834,PRIVPROBE:0,duplicate_filter,0,False,0,duplicate_filter
m12_heavy_flood_dup60_s20260616_nonbonded,P3-NoPersist,m12_heavy_flood_dup60_s20260616,nonbonded,168973,PRIVPROBE:0,duplicate_filter,0,False,0,duplicate_filter
m12_heavy_flood_dup60_s20260616_nonbonded,P3-NoPersist,m12_heavy_flood_dup60_s20260616,nonbonded,170063,PRIVPROBE:0,duplicate_filter,0,False,0,duplicate_filter
m12_heavy_flood_dup60_s20260616_nonbonded,P3-NoPersist,m12_heavy_flood_dup60_s20260616,nonbonded,171189,PRIVPROBE:0,duplicate_filter,0,False,0,duplicate_filter
m12_heavy_flood_dup60_s20260616_nonbonded,P3-NoPersist,m12_heavy_flood_dup60_s20260616,nonbonded,172312,PRIVPROBE:0,duplicate_filter,0,False,0,duplicate_filter
m12_heavy_flood_dup60_s20260616_nonbonded,P3-NoPersist,m12_heavy_flood_dup60_s20260616,nonbonded,173526,PRIVPROBE:0,defer,0,True,1000,defer
m12_heavy_flood_dup60_s20260616_nonbonded,P3-NoPersist,m12_heavy_flood_dup60_s20260616,nonbonded,174662,PRIVPROBE:0,duplicate_filter,0,False,0,duplicate_filter
m12_heavy_flood_dup60_s20260616_nonbonded,P3-NoPersist,m12_heavy_flood_dup60_s20260616,nonbonded,175742,PRIVPROBE:0,duplicate_filter,0,False,0,duplicate_filter
m12_heavy_flood_dup60_s20260616_nonbonded,P3-NoPersist,m12_heavy_flood_dup60_s20260616,nonbonded,176855,PRIVPROBE:0,duplicate_filter,0,False,0,duplicate_filter
m12_heavy_flood_dup60_s20260616_nonbonded,P3-NoPersist,m12_heavy_flood_dup60_s20260616,nonbonded,177952,PRIVPROBE:0,duplicate_filter,0,False,0,duplicate_filter
m12_heavy_flood_dup60_s20260616_nonbonded,P3-NoPersist,m12_heavy_flood_dup60_s20260616,nonbonded,178997,PRIVPROBE:0,duplicate_filter,0,False,0,duplicate_filter
m12_heavy_flood_dup60_s20260616_nonbonded,P3-NoPersist,m12_heavy_flood_dup60_s20260616,nonbonded,180120,PRIVPROBE:0,duplicate_filter,0,False,0,duplicate_filter
m12_heavy_flood_dup60_s20260616_nonbonded,P3-NoPersist,m12_heavy_flood_dup60_s20260616,nonbonded,181293,PRIVPROBE:0,duplicate_filter,0,False,0,duplicate_filter
m12_heavy_flood_dup60_s20260616_nonbonded,P3-NoPersist,m12_heavy_flood_dup60_s20260616,nonbonded,182390,PRIVPROBE:0,duplicate_filter,0,False,0,duplicate_filter
m12_heavy_flood_dup60_s20260616_nonbonded,P3-NoPersist,m12_heavy_flood_dup60_s20260616,nonbonded,183486,PRIVPROBE:0,duplicate_filter,0,False,0,duplicate_filter
m12_heavy_flood_dup60_s20260616_nonbonded,P3-NoPersist,m12_heavy_flood_dup60_s20260616,nonbonded,184591,PRIVPROBE:0,duplicate_filter,0,False,0,duplicate_filter
m12_heavy_flood_dup60_s20260616_nonbonded,P3-NoPersist,m12_heavy_flood_dup60_s20260616,nonbonded,185736,PRIVPROBE:0,duplicate_filter,0,False,0,duplicate_filter
m12_heavy_flood_dup60_s20260616_nonbonded,P3-NoPersist,m12_heavy_flood_dup60_s20260616,nonbonded,186843,PRIVPROBE:0,defer,0,True,1000,defer
m12_heavy_flood_dup60_s20260616_nonbonded,P3-NoPersist,m12_heavy_flood_dup60_s20260616,nonbonded,187992,PRIVPROBE:0,duplicate_filter,0,False,0,duplicate_filter
m12_heavy_flood_dup60_s20260616_nonbonded,P3-NoPersist,m12_heavy_flood_dup60_s20260616,nonbonded,189051,PRIVPROBE:0,duplicate_filter,0,False,0,duplicate_filter
m12_heavy_flood_dup60_s20260616_nonbonded,P3-NoPersist,m12_heavy_flood_dup60_s20260616,nonbonded,190215,PRIVPROBE:0,duplicate_filter,0,False,0,duplicate_filter
m12_heavy_flood_dup60_s20260616_nonbonded,P3-NoPersist,m12_heavy_flood_dup60_s20260616,nonbonded,191394,PRIVPROBE:0,duplicate_filter,0,False,0,duplicate_filter
m12_heavy_flood_dup60_s20260616_nonbonded,P3-NoPersist,m12_heavy_flood_dup60_s20260616,nonbonded,192523,PRIVPROBE:0,duplicate_filter,0,False,0,duplicate_filter
m12_heavy_flood_dup60_s20260616_nonbonded,P3-NoPersist,m12_heavy_flood_dup60_s20260616,nonbonded,193610,PRIVPROBE:0,duplicate_filter,0,False,0,duplicate_filter
m12_heavy_flood_dup60_s20260616_nonbonded,P3-NoPersist,m12_heavy_flood_dup60_s20260616,nonbonded,194775,PRIVPROBE:0,duplicate_filter,0,False,0,duplicate_filter
m12_heavy_flood_dup60_s20260616_nonbonded,P3-NoPersist,m12_heavy_flood_dup60_s20260616,nonbonded,195976,PRIVPROBE:0,duplicate_filter,0,False,0,duplicate_filter
m12_heavy_flood_dup60_s20260616_nonbonded,P3-NoPersist,m12_heavy_flood_dup60_s20260616,nonbonded,197070,PRIVPROBE:0,duplicate_filter,0,False,0,duplicate_filter
m12_heavy_flood_dup60_s20260616_nonbonded,P3-NoPersist,m12_heavy_flood_dup60_s20260616,nonbonded,198185,PRIVPROBE:0,duplicate_filter,0,False,0,duplicate_filter
m12_heavy_flood_dup60_s20260616_nonbonded,P3-NoPersist,m12_heavy_flood_dup60_s20260616,nonbonded,199271,PRIVPROBE:0,duplicate_filter,0,False,0,duplicate_filter
m12_heavy_flood_dup60_s20260616_nonbonded,P3-NoPersist,m12_heavy_flood_dup60_s20260616,nonbonded,200346,PRIVPROBE:1,defer,0,True,1000,defer
m12_heavy_flood_dup60_s20260616_nonbonded,P3-NoPersist,m12_heavy_flood_dup60_s20260616,nonbonded,201521,PRIVPROBE:1,duplicate_filter,0,False,0,duplicate_filter
m12_heavy_flood_dup60_s20260616_nonbonded,P3-NoPersist,m12_heavy_flood_dup60_s20260616,nonbonded,202622,PRIVPROBE:1,duplicate_filter,0,False,0,duplicate_filter
m12_heavy_flood_dup60_s20260616_nonbonded,P3-NoPersist,m12_heavy_flood_dup60_s20260616,nonbonded,203719,PRIVPROBE:1,duplicate_filter,0,False,0,duplicate_filter
m12_heavy_flood_dup60_s20260616_nonbonded,P3-NoPersist,m12_heavy_flood_dup60_s20260616,nonbonded,204778,PRIVPROBE:1,duplicate_filter,0,False,0,duplicate_filter
m12_heavy_flood_dup60_s20260616_nonbonded,P3-NoPersist,m12_heavy_flood_dup60_s20260616,nonbonded,205852,PRIVPROBE:1,duplicate_filter,0,False,0,duplicate_filter
m12_heavy_flood_dup60_s20260616_nonbonded,P3-NoPersist,m12_heavy_flood_dup60_s20260616,nonbonded,207094,PRIVPROBE:1,duplicate_filter,0,False,0,duplicate_filter
m12_heavy_flood_dup60_s20260616_nonbonded,P3-NoPersist,m12_heavy_flood_dup60_s20260616,nonbonded,208195,PRIVPROBE:1,duplicate_filter,0,False,0,duplicate_filter
m12_heavy_flood_dup60_s20260616_nonbonded,P3-NoPersist,m12_heavy_flood_dup60_s20260616,nonbonded,209274,PRIVPROBE:1,duplicate_filter,0,False,0,duplicate_filter
m12_heavy_flood_dup60_s20260616_nonbonded,P3-NoPersist,m12_heavy_flood_dup60_s20260616,nonbonded,210430,PRIVPROBE:1,duplicate_filter,0,False,0,duplicate_filter
m12_heavy_flood_dup60_s20260616_nonbonded,P3-NoPersist,m12_heavy_flood_dup60_s20260616,nonbonded,211529,PRIVPROBE:1,duplicate_filter,0,False,0,duplicate_filter
m12_heavy_flood_dup60_s20260616_nonbonded,P3-NoPersist,m12_heavy_flood_dup60_s20260616,nonbonded,212702,PRIVPROBE:1,duplicate_filter,0,False,0,duplicate_filter
m12_heavy_flood_dup60_s20260616_nonbonded,P3-NoPersist,m12_heavy_flood_dup60_s20260616,nonbonded,213792,PRIVPROBE:1,defer,0,True,1000,defer
m12_heavy_flood_dup60_s20260616_nonbonded,P3-NoPersist,m12_heavy_flood_dup60_s20260616,nonbonded,214920,PRIVPROBE:1,duplicate_filter,0,False,0,duplicate_filter
m12_heavy_flood_dup60_s20260616_nonbonded,P3-NoPersist,m12_heavy_flood_dup60_s20260616,nonbonded,216068,PRIVPROBE:1,duplicate_filter,0,False,0,duplicate_filter
m12_heavy_flood_dup60_s20260616_nonbonded,P3-NoPersist,m12_heavy_flood_dup60_s20260616,nonbonded,217171,PRIVPROBE:1,duplicate_filter,0,False,0,duplicate_filter
m12_heavy_flood_dup60_s20260616_nonbonded,P3-NoPersist,m12_heavy_flood_dup60_s20260616,nonbonded,218269,PRIVPROBE:1,duplicate_filter,0,False,0,duplicate_filter
m12_heavy_flood_dup60_s20260616_nonbonded,P3-NoPersist,m12_heavy_flood_dup60_s20260616,nonbonded,219390,PRIVPROBE:1,duplicate_filter,0,False,0,duplicate_filter
m12_heavy_flood_dup60_s20260616_nonbonded,P3-NoPersist,m12_heavy_flood_dup60_s20260616,nonbonded,220484,PRIVPROBE:1,duplicate_filter,0,False,0,duplicate_filter
m12_heavy_flood_dup60_s20260616_nonbonded,P3-NoPersist,m12_heavy_flood_dup60_s20260616,nonbonded,221541,PRIVPROBE:1,duplicate_filter,0,False,0,duplicate_filter
m12_heavy_flood_dup60_s20260616_nonbonded,P3-NoPersist,m12_heavy_flood_dup60_s20260616,nonbonded,222681,PRIVPROBE:1,duplicate_filter,0,False,0,duplicate_filter
m12_heavy_flood_dup60_s20260616_nonbonded,P3-NoPersist,m12_heavy_flood_dup60_s20260616,nonbonded,223806,PRIVPROBE:1,duplicate_filter,0,False,0,duplicate_filter
m12_heavy_flood_dup60_s20260616_nonbonded,P3-NoPersist,m12_heavy_flood_dup60_s20260616,nonbonded,224975,PRIVPROBE:1,duplicate_filter,0,False,0,duplicate_filter
m12_heavy_flood_dup60_s20260616_nonbonded,P3-NoPersist,m12_heavy_flood_dup60_s20260616,nonbonded,226093,PRIVPROBE:1,duplicate_filter,0,False,0,duplicate_filter
m12_heavy_flood_dup60_s20260616_nonbonded,P3-NoPersist,m12_heavy_flood_dup60_s20260616,nonbonded,227144,PRIVPROBE:1,defer,0,True,1000,defer
m12_heavy_flood_dup60_s20260616_nonbonded,P3-NoPersist,m12_heavy_flood_dup60_s20260616,nonbonded,228305,PRIVPROBE:1,duplicate_filter,0,False,0,duplicate_filter
m12_heavy_flood_dup60_s20260616_nonbonded,P3-NoPersist,m12_heavy_flood_dup60_s20260616,nonbonded,229432,PRIVPROBE:1,duplicate_filter,0,False,0,duplicate_filter
m12_heavy_flood_dup60_s20260616_nonbonded,P3-NoPersist,m12_heavy_flood_dup60_s20260616,nonbonded,230504,PRIVPROBE:1,duplicate_filter,0,False,0,duplicate_filter
m12_heavy_flood_dup60_s20260616_nonbonded,P3-NoPersist,m12_heavy_flood_dup60_s20260616,nonbonded,231605,PRIVPROBE:1,duplicate_filter,0,False,0,duplicate_filter
m12_heavy_flood_dup60_s20260616_nonbonded,P3-NoPersist,m12_heavy_flood_dup60_s20260616,nonbonded,232701,PRIVPROBE:1,duplicate_filter,0,False,0,duplicate_filter
m12_heavy_flood_dup60_s20260616_nonbonded,P3-NoPersist,m12_heavy_flood_dup60_s20260616,nonbonded,233780,PRIVPROBE:1,duplicate_filter,0,False,0,duplicate_filter
m12_heavy_flood_dup60_s20260616_nonbonded,P3-NoPersist,m12_heavy_flood_dup60_s20260616,nonbonded,234949,PRIVPROBE:1,duplicate_filter,0,False,0,duplicate_filter
m12_heavy_flood_dup60_s20260616_nonbonded,P3-NoPersist,m12_heavy_flood_dup60_s20260616,nonbonded,236092,PRIVPROBE:1,duplicate_filter,0,False,0,duplicate_filter
m12_heavy_flood_dup60_s20260616_nonbonded,P3-NoPersist,m12_heavy_flood_dup60_s20260616,nonbonded,237182,PRIVPROBE:1,duplicate_filter,0,False,0,duplicate_filter
m12_heavy_flood_dup60_s20260616_nonbonded,P3-NoPersist,m12_heavy_flood_dup60_s20260616,nonbonded,238274,PRIVPROBE:1,duplicate_filter,0,False,0,duplicate_filter
m12_heavy_flood_dup60_s20260616_nonbonded,P3-NoPersist,m12_heavy_flood_dup60_s20260616,nonbonded,239399,PRIVPROBE:1,duplicate_filter,0,False,0,duplicate_filter
m12_heavy_flood_dup60_s20260616_nonbonded,P3-NoPersist,m12_heavy_flood_dup60_s20260616,nonbonded,240502,PRIVPROBE:1,defer,0,True,1000,defer
m12_heavy_flood_dup60_s20260616_nonbonded,P3-NoPersist,m12_heavy_flood_dup60_s20260616,nonbonded,241650,PRIVPROBE:1,duplicate_filter,0,False,0,duplicate_filter
m12_heavy_flood_dup60_s20260616_nonbonded,P3-NoPersist,m12_heavy_flood_dup60_s20260616,nonbonded,242787,PRIVPROBE:1,duplicate_filter,0,False,0,duplicate_filter
m12_heavy_flood_dup60_s20260616_nonbonded,P3-NoPersist,m12_heavy_flood_dup60_s20260616,nonbonded,243925,PRIVPROBE:1,duplicate_filter,0,False,0,duplicate_filter
m12_heavy_flood_dup60_s20260616_nonbonded,P3-NoPersist,m12_heavy_flood_dup60_s20260616,nonbonded,245077,PRIVPROBE:1,duplicate_filter,0,False,0,duplicate_filter
m12_heavy_flood_dup60_s20260616_nonbonded,P3-NoPersist,m12_heavy_flood_dup60_s20260616,nonbonded,246159,PRIVPROBE:1,duplicate_filter,0,False,0,duplicate_filter
m12_heavy_flood_dup60_s20260616_nonbonded,P3-NoPersist,m12_heavy_flood_dup60_s20260616,nonbonded,247262,PRIVPROBE:1,duplicate_filter,0,False,0,duplicate_filter
m12_heavy_flood_dup60_s20260616_nonbonded,P3-NoPersist,m12_heavy_flood_dup60_s20260616,nonbonded,248343,PRIVPROBE:1,duplicate_filter,0,False,0,duplicate_filter
m12_heavy_flood_dup60_s20260616_nonbonded,P3-NoPersist,m12_heavy_flood_dup60_s20260616,nonbonded,249511,PRIVPROBE:1,duplicate_filter,0,False,0,duplicate_filter
m12_heavy_flood_dup60_s20260616_nonbonded,P3-NoPersist,m12_heavy_flood_dup60_s20260616,nonbonded,250645,PRIVPROBE:1,duplicate_filter,0,False,0,duplicate_filter
m12_heavy_flood_dup60_s20260616_nonbonded,P3-NoPersist,m12_heavy_flood_dup60_s20260616,nonbonded,251745,PRIVPROBE:1,duplicate_filter,0,False,0,duplicate_filter
m12_heavy_flood_dup60_s20260616_nonbonded,P3-NoPersist,m12_heavy_flood_dup60_s20260616,nonbonded,252895,PRIVPROBE:1,duplicate_filter,0,False,0,duplicate_filter
m12_heavy_flood_dup60_s20260616_nonbonded,P3-NoPersist,m12_heavy_flood_dup60_s20260616,nonbonded,253944,PRIVPROBE:1,defer,0,True,1000,defer
m12_heavy_flood_dup60_s20260616_nonbonded,P3-NoPersist,m12_heavy_flood_dup60_s20260616,nonbonded,255099,PRIVPROBE:1,duplicate_filter,0,False,0,duplicate_filter
m12_heavy_flood_dup60_s20260616_nonbonded,P3-NoPersist,m12_heavy_flood_dup60_s20260616,nonbonded,256214,PRIVPROBE:1,duplicate_filter,0,False,0,duplicate_filter
m12_heavy_flood_dup60_s20260616_nonbonded,P3-NoPersist,m12_heavy_flood_dup60_s20260616,nonbonded,257275,PRIVPROBE:1,duplicate_filter,0,False,0,duplicate_filter
m12_heavy_flood_dup60_s20260616_nonbonded,P3-NoPersist,m12_heavy_flood_dup60_s20260616,nonbonded,258385,PRIVPROBE:1,duplicate_filter,0,False,0,duplicate_filter
m12_heavy_flood_dup60_s20260616_nonbonded,P3-NoPersist,m12_heavy_flood_dup60_s20260616,nonbonded,259471,PRIVPROBE:1,duplicate_filter,0,False,0,duplicate_filter
m12_heavy_flood_dup60_s20260616_nonbonded,P3-NoPersist,m12_heavy_flood_dup60_s20260616,nonbonded,260593,PRIVPROBE:1,duplicate_filter,0,False,0,duplicate_filter
m12_heavy_flood_dup60_s20260616_nonbonded,P3-NoPersist,m12_heavy_flood_dup60_s20260616,nonbonded,261658,PRIVPROBE:1,duplicate_filter,0,False,0,duplicate_filter
m12_heavy_flood_dup60_s20260616_nonbonded,P3-NoPersist,m12_heavy_flood_dup60_s20260616,nonbonded,262794,PRIVPROBE:1,duplicate_filter,0,False,0,duplicate_filter
m12_heavy_flood_dup60_s20260616_nonbonded,P3-NoPersist,m12_heavy_flood_dup60_s20260616,nonbonded,263900,PRIVPROBE:1,duplicate_filter,0,False,0,duplicate_filter
m12_heavy_flood_dup60_s20260616_nonbonded,P3-NoPersist,m12_heavy_flood_dup60_s20260616,nonbonded,264975,PRIVPROBE:1,duplicate_filter,0,False,0,duplicate_filter
m12_heavy_flood_dup60_s20260616_nonbonded,P3-NoPersist,m12_heavy_flood_dup60_s20260616,nonbonded,266082,PRIVPROBE:1,duplicate_filter,0,False,0,duplicate_filter
m12_heavy_flood_dup60_s20260616_nonbonded,P3-NoPersist,m12_heavy_flood_dup60_s20260616,nonbonded,267198,PRIVPROBE:1,defer,0,True,1000,defer
m12_heavy_flood_dup60_s20260616_nonbonded,P3-NoPersist,m12_heavy_flood_dup60_s20260616,nonbonded,268334,PRIVPROBE:1,duplicate_filter,0,False,0,duplicate_filter
m12_heavy_flood_dup60_s20260616_nonbonded,P3-NoPersist,m12_heavy_flood_dup60_s20260616,nonbonded,269440,PRIVPROBE:1,duplicate_filter,0,False,0,duplicate_filter
m12_heavy_flood_dup60_s20260616_nonbonded,P3-NoPersist,m12_heavy_flood_dup60_s20260616,nonbonded,270534,PRIVPROBE:1,duplicate_filter,0,False,0,duplicate_filter
m12_heavy_flood_dup60_s20260616_nonbonded,P3-NoPersist,m12_heavy_flood_dup60_s20260616,nonbonded,271639,PRIVPROBE:1,duplicate_filter,0,False,0,duplicate_filter
m12_heavy_flood_dup60_s20260616_nonbonded,P3-NoPersist,m12_heavy_flood_dup60_s20260616,nonbonded,272808,PRIVPROBE:1,duplicate_filter,0,False,0,duplicate_filter
m12_heavy_flood_dup60_s20260616_nonbonded,P3-NoPersist,m12_heavy_flood_dup60_s20260616,nonbonded,273953,PRIVPROBE:1,duplicate_filter,0,False,0,duplicate_filter
m12_heavy_flood_dup60_s20260616_nonbonded,P3-NoPersist,m12_heavy_flood_dup60_s20260616,nonbonded,275090,PRIVPROBE:1,duplicate_filter,0,False,0,duplicate_filter
m12_heavy_flood_dup60_s20260616_nonbonded,P3-NoPersist,m12_heavy_flood_dup60_s20260616,nonbonded,276196,PRIVPROBE:1,duplicate_filter,0,False,0,duplicate_filter
m12_heavy_flood_dup60_s20260616_nonbonded,P3-NoPersist,m12_heavy_flood_dup60_s20260616,nonbonded,277335,PRIVPROBE:1,duplicate_filter,0,False,0,duplicate_filter
m12_heavy_flood_dup60_s20260616_nonbonded,P3-NoPersist,m12_heavy_flood_dup60_s20260616,nonbonded,278444,PRIVPROBE:1,duplicate_filter,0,False,0,duplicate_filter
m12_heavy_flood_dup60_s20260616_nonbonded,P3-NoPersist,m12_heavy_flood_dup60_s20260616,nonbonded,279541,PRIVPROBE:1,duplicate_filter,0,False,0,duplicate_filter
m12_heavy_flood_dup60_s20260616_nonbonded,P3-NoPersist,m12_heavy_flood_dup60_s20260616,nonbonded,280706,PRIVPROBE:1,defer,0,True,1000,defer
m12_heavy_flood_dup60_s20260616_nonbonded,P3-NoPersist,m12_heavy_flood_dup60_s20260616,nonbonded,281869,PRIVPROBE:1,duplicate_filter,0,False,0,duplicate_filter
m12_heavy_flood_dup60_s20260616_nonbonded,P3-NoPersist,m12_heavy_flood_dup60_s20260616,nonbonded,282981,PRIVPROBE:1,duplicate_filter,0,False,0,duplicate_filter
m12_heavy_flood_dup60_s20260616_nonbonded,P3-NoPersist,m12_heavy_flood_dup60_s20260616,nonbonded,284078,PRIVPROBE:1,duplicate_filter,0,False,0,duplicate_filter
m12_heavy_flood_dup60_s20260616_nonbonded,P3-NoPersist,m12_heavy_flood_dup60_s20260616,nonbonded,285161,PRIVPROBE:1,duplicate_filter,0,False,0,duplicate_filter
m12_heavy_flood_dup60_s20260616_nonbonded,P3-NoPersist,m12_heavy_flood_dup60_s20260616,nonbonded,286298,PRIVPROBE:1,duplicate_filter,0,False,0,duplicate_filter
m12_heavy_flood_dup60_s20260616_nonbonded,P3-NoPersist,m12_heavy_flood_dup60_s20260616,nonbonded,287407,PRIVPROBE:1,duplicate_filter,0,False,0,duplicate_filter
m12_heavy_flood_dup60_s20260616_nonbonded,P3-NoPersist,m12_heavy_flood_dup60_s20260616,nonbonded,288557,PRIVPROBE:1,duplicate_filter,0,False,0,duplicate_filter
m12_heavy_flood_dup60_s20260616_nonbonded,P3-NoPersist,m12_heavy_flood_dup60_s20260616,nonbonded,289672,PRIVPROBE:1,duplicate_filter,0,False,0,duplicate_filter
m12_heavy_flood_dup60_s20260616_nonbonded,P3-NoPersist,m12_heavy_flood_dup60_s20260616,nonbonded,290712,PRIVPROBE:1,duplicate_filter,0,False,0,duplicate_filter
m12_heavy_flood_dup60_s20260616_nonbonded,P3-NoPersist,m12_heavy_flood_dup60_s20260616,nonbonded,291734,PRIVPROBE:1,duplicate_filter,0,False,0,duplicate_filter
m12_heavy_flood_dup60_s20260616_nonbonded,P3-NoPersist,m12_heavy_flood_dup60_s20260616,nonbonded,292835,PRIVPROBE:1,duplicate_filter,0,False,0,duplicate_filter
m12_heavy_flood_dup60_s20260616_nonbonded,P3-NoPersist,m12_heavy_flood_dup60_s20260616,nonbonded,293914,PRIVPROBE:1,defer,0,True,1000,defer
m12_heavy_flood_dup60_s20260616_nonbonded,P3-NoPersist,m12_heavy_flood_dup60_s20260616,nonbonded,294993,PRIVPROBE:1,duplicate_filter,0,False,0,duplicate_filter
m12_heavy_flood_dup60_s20260616_nonbonded,P3-NoPersist,m12_heavy_flood_dup60_s20260616,nonbonded,296115,PRIVPROBE:1,duplicate_filter,0,False,0,duplicate_filter
m12_heavy_flood_dup60_s20260616_nonbonded,P3-NoPersist,m12_heavy_flood_dup60_s20260616,nonbonded,297177,PRIVPROBE:1,duplicate_filter,0,False,0,duplicate_filter
m12_heavy_flood_dup60_s20260616_nonbonded,P3-NoPersist,m12_heavy_flood_dup60_s20260616,nonbonded,298336,PRIVPROBE:1,duplicate_filter,0,False,0,duplicate_filter
m12_heavy_flood_dup60_s20260616_nonbonded,P3-NoPersist,m12_heavy_flood_dup60_s20260616,nonbonded,299519,PRIVPROBE:1,duplicate_filter,0,False,0,duplicate_filter
m12_heavy_flood_dup60_s20260616_nonbonded,P3-NoPersist,m12_heavy_flood_dup60_s20260616,nonbonded,300644,PRIVPROBE:1,duplicate_filter,0,False,0,duplicate_filter
m12_heavy_flood_dup60_s20260616_nonbonded,P3-NoPersist,m12_heavy_flood_dup60_s20260616,nonbonded,301795,PRIVPROBE:1,duplicate_filter,0,False,0,duplicate_filter
m12_heavy_flood_dup60_s20260616_nonbonded,P3-NoPersist,m12_heavy_flood_dup60_s20260616,nonbonded,302930,PRIVPROBE:1,duplicate_filter,0,False,0,duplicate_filter
m12_heavy_flood_dup60_s20260616_nonbonded,P3-NoPersist,m12_heavy_flood_dup60_s20260616,nonbonded,304073,PRIVPROBE:1,duplicate_filter,0,False,0,duplicate_filter
m12_heavy_flood_dup60_s20260616_nonbonded,P3-NoPersist,m12_heavy_flood_dup60_s20260616,nonbonded,305109,PRIVPROBE:1,duplicate_filter,0,False,0,duplicate_filter
m12_heavy_flood_dup60_s20260616_nonbonded,P3-NoPersist,m12_heavy_flood_dup60_s20260616,nonbonded,306170,PRIVPROBE:1,duplicate_filter,0,False,0,duplicate_filter
m12_heavy_flood_dup60_s20260616_nonbonded,P3-NoPersist,m12_heavy_flood_dup60_s20260616,nonbonded,307237,PRIVPROBE:1,defer,0,True,1000,defer
m12_heavy_flood_dup60_s20260616_nonbonded,P3-NoPersist,m12_heavy_flood_dup60_s20260616,nonbonded,308331,PRIVPROBE:1,duplicate_filter,0,False,0,duplicate_filter
m12_heavy_flood_dup60_s20260616_nonbonded,P3-NoPersist,m12_heavy_flood_dup60_s20260616,nonbonded,309449,PRIVPROBE:1,duplicate_filter,0,False,0,duplicate_filter
m12_heavy_flood_dup60_s20260616_nonbonded,P3-NoPersist,m12_heavy_flood_dup60_s20260616,nonbonded,310532,PRIVPROBE:1,duplicate_filter,0,False,0,duplicate_filter
m12_heavy_flood_dup60_s20260616_nonbonded,P3-NoPersist,m12_heavy_flood_dup60_s20260616,nonbonded,311668,PRIVPROBE:1,duplicate_filter,0,False,0,duplicate_filter
m12_heavy_flood_dup60_s20260616_nonbonded,P3-NoPersist,m12_heavy_flood_dup60_s20260616,nonbonded,312790,PRIVPROBE:1,duplicate_filter,0,False,0,duplicate_filter
m12_heavy_flood_dup60_s20260616_nonbonded,P3-NoPersist,m12_heavy_flood_dup60_s20260616,nonbonded,313920,PRIVPROBE:1,duplicate_filter,0,False,0,duplicate_filter
m12_heavy_flood_dup60_s20260616_nonbonded,P3-NoPersist,m12_heavy_flood_dup60_s20260616,nonbonded,315066,PRIVPROBE:1,duplicate_filter,0,False,0,duplicate_filter
m12_heavy_flood_dup60_s20260616_nonbonded,P3-NoPersist,m12_heavy_flood_dup60_s20260616,nonbonded,316209,PRIVPROBE:1,duplicate_filter,0,False,0,duplicate_filter
m12_heavy_flood_dup60_s20260616_nonbonded,P3-NoPersist,m12_heavy_flood_dup60_s20260616,nonbonded,317324,PRIVPROBE:1,duplicate_filter,0,False,0,duplicate_filter
m12_heavy_flood_dup60_s20260616_nonbonded,P3-NoPersist,m12_heavy_flood_dup60_s20260616,nonbonded,318457,PRIVPROBE:1,duplicate_filter,0,False,0,duplicate_filter
m12_heavy_flood_dup60_s20260616_nonbonded,P3-NoPersist,m12_heavy_flood_dup60_s20260616,nonbonded,319519,PRIVPROBE:1,duplicate_filter,0,False,0,duplicate_filter
m12_heavy_flood_dup60_s20260616_nonbonded,P3-NoPersist,m12_heavy_flood_dup60_s20260616,nonbonded,320617,PRIVPROBE:1,defer,0,True,1000,defer
m12_heavy_flood_dup60_s20260616_nonbonded,P3-NoPersist,m12_heavy_flood_dup60_s20260616,nonbonded,321799,PRIVPROBE:1,duplicate_filter,0,False,0,duplicate_filter
m12_heavy_flood_dup60_s20260616_nonbonded,P3-NoPersist,m12_heavy_flood_dup60_s20260616,nonbonded,322837,PRIVPROBE:1,duplicate_filter,0,False,0,duplicate_filter
m12_heavy_flood_dup60_s20260616_nonbonded,P3-NoPersist,m12_heavy_flood_dup60_s20260616,nonbonded,323941,PRIVPROBE:1,duplicate_filter,0,False,0,duplicate_filter
m12_heavy_flood_dup60_s20260616_nonbonded,P3-NoPersist,m12_heavy_flood_dup60_s20260616,nonbonded,325082,PRIVPROBE:1,duplicate_filter,0,False,0,duplicate_filter
m12_heavy_flood_dup60_s20260616_nonbonded,P3-NoPersist,m12_heavy_flood_dup60_s20260616,nonbonded,326175,PRIVPROBE:1,duplicate_filter,0,False,0,duplicate_filter
m12_heavy_flood_dup60_s20260616_nonbonded,P3-NoPersist,m12_heavy_flood_dup60_s20260616,nonbonded,327293,PRIVPROBE:1,duplicate_filter,0,False,0,duplicate_filter
m12_heavy_flood_dup60_s20260616_nonbonded,P3-NoPersist,m12_heavy_flood_dup60_s20260616,nonbonded,328346,PRIVPROBE:1,duplicate_filter,0,False,0,duplicate_filter
m12_heavy_flood_dup60_s20260616_nonbonded,P3-NoPersist,m12_heavy_flood_dup60_s20260616,nonbonded,329436,PRIVPROBE:1,duplicate_filter,0,False,0,duplicate_filter
m12_heavy_flood_dup60_s20260616_nonbonded,P3-NoPersist,m12_heavy_flood_dup60_s20260616,nonbonded,330550,PRIVPROBE:1,duplicate_filter,0,False,0,duplicate_filter
m12_heavy_flood_dup60_s20260616_nonbonded,P3-NoPersist,m12_heavy_flood_dup60_s20260616,nonbonded,331684,PRIVPROBE:1,duplicate_filter,0,False,0,duplicate_filter
m12_heavy_flood_dup60_s20260616_nonbonded,P3-NoPersist,m12_heavy_flood_dup60_s20260616,nonbonded,332859,PRIVPROBE:1,duplicate_filter,0,False,0,duplicate_filter
m12_heavy_flood_dup60_s20260616_nonbonded,P3-NoPersist,m12_heavy_flood_dup60_s20260616,nonbonded,333971,PRIVPROBE:1,defer,0,True,1000,defer
m12_heavy_flood_dup60_s20260616_nonbonded,P3-NoPersist,m12_heavy_flood_dup60_s20260616,nonbonded,335095,PRIVPROBE:1,duplicate_filter,0,False,0,duplicate_filter
m12_heavy_flood_dup60_s20260616_nonbonded,P3-NoPersist,m12_heavy_flood_dup60_s20260616,nonbonded,336124,PRIVPROBE:1,duplicate_filter,0,False,0,duplicate_filter
m12_heavy_flood_dup60_s20260616_nonbonded,P3-NoPersist,m12_heavy_flood_dup60_s20260616,nonbonded,337307,PRIVPROBE:1,duplicate_filter,0,False,0,duplicate_filter
m12_heavy_flood_dup60_s20260616_nonbonded,P3-NoPersist,m12_heavy_flood_dup60_s20260616,nonbonded,338407,PRIVPROBE:1,duplicate_filter,0,False,0,duplicate_filter
m12_heavy_flood_dup60_s20260616_nonbonded,P3-NoPersist,m12_heavy_flood_dup60_s20260616,nonbonded,339526,PRIVPROBE:1,duplicate_filter,0,False,0,duplicate_filter
m12_heavy_flood_dup60_s20260616_nonbonded,P3-NoPersist,m12_heavy_flood_dup60_s20260616,nonbonded,340613,PRIVPROBE:1,duplicate_filter,0,False,0,duplicate_filter
m12_heavy_flood_dup60_s20260616_nonbonded,P3-NoPersist,m12_heavy_flood_dup60_s20260616,nonbonded,341732,PRIVPROBE:1,duplicate_filter,0,False,0,duplicate_filter
m12_heavy_flood_dup60_s20260616_nonbonded,P3-NoPersist,m12_heavy_flood_dup60_s20260616,nonbonded,342785,PRIVPROBE:1,duplicate_filter,0,False,0,duplicate_filter
m12_heavy_flood_dup60_s20260616_nonbonded,P3-NoPersist,m12_heavy_flood_dup60_s20260616,nonbonded,343906,PRIVPROBE:1,duplicate_filter,0,False,0,duplicate_filter
m12_heavy_flood_dup60_s20260616_nonbonded,P3-NoPersist,m12_heavy_flood_dup60_s20260616,nonbonded,345027,PRIVPROBE:1,duplicate_filter,0,False,0,duplicate_filter
m12_heavy_flood_dup60_s20260616_nonbonded,P3-NoPersist,m12_heavy_flood_dup60_s20260616,nonbonded,346199,PRIVPROBE:1,duplicate_filter,0,False,0,duplicate_filter
m12_heavy_flood_dup60_s20260616_nonbonded,P3-NoPersist,m12_heavy_flood_dup60_s20260616,nonbonded,347310,PRIVPROBE:1,defer,0,True,1000,defer
m12_heavy_flood_dup60_s20260616_nonbonded,P3-NoPersist,m12_heavy_flood_dup60_s20260616,nonbonded,348420,PRIVPROBE:1,duplicate_filter,0,False,0,duplicate_filter
m12_heavy_flood_dup60_s20260616_nonbonded,P3-NoPersist,m12_heavy_flood_dup60_s20260616,nonbonded,349483,PRIVPROBE:1,duplicate_filter,0,False,0,duplicate_filter
m12_heavy_flood_dup60_s20260616_nonbonded,P3-NoPersist,m12_heavy_flood_dup60_s20260616,nonbonded,350635,PRIVPROBE:1,duplicate_filter,0,False,0,duplicate_filter
m12_heavy_flood_dup60_s20260616_nonbonded,P3-NoPersist,m12_heavy_flood_dup60_s20260616,nonbonded,351749,PRIVPROBE:1,duplicate_filter,0,False,0,duplicate_filter
m12_heavy_flood_dup60_s20260616_nonbonded,P3-NoPersist,m12_heavy_flood_dup60_s20260616,nonbonded,352823,PRIVPROBE:1,duplicate_filter,0,False,0,duplicate_filter
m12_heavy_flood_dup60_s20260616_nonbonded,P3-NoPersist,m12_heavy_flood_dup60_s20260616,nonbonded,353954,PRIVPROBE:1,duplicate_filter,0,False,0,duplicate_filter
m12_heavy_flood_dup60_s20260616_nonbonded,P3-NoPersist,m12_heavy_flood_dup60_s20260616,nonbonded,355019,PRIVPROBE:1,duplicate_filter,0,False,0,duplicate_filter
m12_heavy_flood_dup60_s20260616_nonbonded,P3-NoPersist,m12_heavy_flood_dup60_s20260616,nonbonded,356114,PRIVPROBE:1,duplicate_filter,0,False,0,duplicate_filter
m12_heavy_flood_dup60_s20260616_nonbonded,P3-NoPersist,m12_heavy_flood_dup60_s20260616,nonbonded,357224,PRIVPROBE:1,duplicate_filter,0,False,0,duplicate_filter
m12_heavy_flood_dup60_s20260616_nonbonded,P3-NoPersist,m12_heavy_flood_dup60_s20260616,nonbonded,358307,PRIVPROBE:1,duplicate_filter,0,False,0,duplicate_filter
m12_heavy_flood_dup60_s20260616_nonbonded,P3-NoPersist,m12_heavy_flood_dup60_s20260616,nonbonded,359413,PRIVPROBE:1,duplicate_filter,0,False,0,duplicate_filter
m12_heavy_flood_dup60_s20260616_nonbonded,P3-NoPersist,m12_heavy_flood_dup60_s20260616,nonbonded,360456,PRIVPROBE:1,defer,0,True,1000,defer
m12_heavy_flood_dup60_s20260616_nonbonded,P3-NoPersist,m12_heavy_flood_dup60_s20260616,nonbonded,361602,PRIVPROBE:1,duplicate_filter,0,False,0,duplicate_filter
m12_heavy_flood_dup60_s20260616_nonbonded,P3-NoPersist,m12_heavy_flood_dup60_s20260616,nonbonded,362691,PRIVPROBE:1,duplicate_filter,0,False,0,duplicate_filter
m12_heavy_flood_dup60_s20260616_nonbonded,P3-NoPersist,m12_heavy_flood_dup60_s20260616,nonbonded,363715,PRIVPROBE:1,duplicate_filter,0,False,0,duplicate_filter
m12_heavy_flood_dup60_s20260616_nonbonded,P3-NoPersist,m12_heavy_flood_dup60_s20260616,nonbonded,364825,PRIVPROBE:1,duplicate_filter,0,False,0,duplicate_filter
m12_heavy_flood_dup60_s20260616_nonbonded,P3-NoPersist,m12_heavy_flood_dup60_s20260616,nonbonded,365883,PRIVPROBE:1,duplicate_filter,0,False,0,duplicate_filter
m12_heavy_flood_dup60_s20260616_nonbonded,P3-NoPersist,m12_heavy_flood_dup60_s20260616,nonbonded,366941,PRIVPROBE:1,duplicate_filter,0,False,0,duplicate_filter
m12_heavy_flood_dup60_s20260616_nonbonded,P3-NoPersist,m12_heavy_flood_dup60_s20260616,nonbonded,368101,PRIVPROBE:1,duplicate_filter,0,False,0,duplicate_filter
m12_heavy_flood_dup60_s20260616_nonbonded,P3-NoPersist,m12_heavy_flood_dup60_s20260616,nonbonded,369166,PRIVPROBE:1,duplicate_filter,0,False,0,duplicate_filter
m12_heavy_flood_dup60_s20260616_nonbonded,P3-NoPersist,m12_heavy_flood_dup60_s20260616,nonbonded,370215,PRIVPROBE:1,duplicate_filter,0,False,0,duplicate_filter
m12_heavy_flood_dup60_s20260616_nonbonded,P3-NoPersist,m12_heavy_flood_dup60_s20260616,nonbonded,371374,PRIVPROBE:1,duplicate_filter,0,False,0,duplicate_filter
m12_heavy_flood_dup60_s20260616_nonbonded,P3-NoPersist,m12_heavy_flood_dup60_s20260616,nonbonded,372456,PRIVPROBE:1,duplicate_filter,0,False,0,duplicate_filter
m12_heavy_flood_dup60_s20260616_nonbonded,P3-NoPersist,m12_heavy_flood_dup60_s20260616,nonbonded,373477,PRIVPROBE:1,defer,0,True,1000,defer
m12_heavy_flood_dup60_s20260616_nonbonded,P3-NoPersist,m12_heavy_flood_dup60_s20260616,nonbonded,374549,PRIVPROBE:1,duplicate_filter,0,False,0,duplicate_filter
m12_heavy_flood_dup60_s20260616_nonbonded,P3-NoPersist,m12_heavy_flood_dup60_s20260616,nonbonded,375664,PRIVPROBE:1,duplicate_filter,0,False,0,duplicate_filter
m12_heavy_flood_dup60_s20260616_nonbonded,P3-NoPersist,m12_heavy_flood_dup60_s20260616,nonbonded,376775,PRIVPROBE:1,duplicate_filter,0,False,0,duplicate_filter
m12_heavy_flood_dup60_s20260616_nonbonded,P3-NoPersist,m12_heavy_flood_dup60_s20260616,nonbonded,377886,PRIVPROBE:1,duplicate_filter,0,False,0,duplicate_filter
m12_heavy_flood_dup60_s20260616_nonbonded,P3-NoPersist,m12_heavy_flood_dup60_s20260616,nonbonded,378932,PRIVPROBE:1,duplicate_filter,0,False,0,duplicate_filter
m12_heavy_flood_dup60_s20260616_nonbonded,P3-NoPersist,m12_heavy_flood_dup60_s20260616,nonbonded,380093,PRIVPROBE:1,duplicate_filter,0,False,0,duplicate_filter
m12_heavy_flood_dup60_s20260616_nonbonded,P3-NoPersist,m12_heavy_flood_dup60_s20260616,nonbonded,381213,PRIVPROBE:1,duplicate_filter,0,False,0,duplicate_filter
m12_heavy_flood_dup60_s20260616_nonbonded,P3-NoPersist,m12_heavy_flood_dup60_s20260616,nonbonded,382330,PRIVPROBE:1,duplicate_filter,0,False,0,duplicate_filter
m12_heavy_flood_dup60_s20260616_nonbonded,P3-NoPersist,m12_heavy_flood_dup60_s20260616,nonbonded,383484,PRIVPROBE:1,duplicate_filter,0,False,0,duplicate_filter
m12_heavy_flood_dup60_s20260616_nonbonded,P3-NoPersist,m12_heavy_flood_dup60_s20260616,nonbonded,384649,PRIVPROBE:1,duplicate_filter,0,False,0,duplicate_filter
m12_heavy_flood_dup60_s20260616_nonbonded,P3-NoPersist,m12_heavy_flood_dup60_s20260616,nonbonded,385781,PRIVPROBE:1,duplicate_filter,0,False,0,duplicate_filter
m12_heavy_flood_dup60_s20260616_nonbonded,P3-NoPersist,m12_heavy_flood_dup60_s20260616,nonbonded,386901,PRIVPROBE:1,defer,0,True,1000,defer
m12_heavy_flood_dup60_s20260616_nonbonded,P3-NoPersist,m12_heavy_flood_dup60_s20260616,nonbonded,388003,PRIVPROBE:1,duplicate_filter,0,False,0,duplicate_filter
m12_heavy_flood_dup60_s20260616_nonbonded,P3-NoPersist,m12_heavy_flood_dup60_s20260616,nonbonded,389101,PRIVPROBE:1,duplicate_filter,0,False,0,duplicate_filter
m12_heavy_flood_dup60_s20260616_nonbonded,P3-NoPersist,m12_heavy_flood_dup60_s20260616,nonbonded,390235,PRIVPROBE:1,duplicate_filter,0,False,0,duplicate_filter
m12_heavy_flood_dup60_s20260616_nonbonded,P3-NoPersist,m12_heavy_flood_dup60_s20260616,nonbonded,391340,PRIVPROBE:1,duplicate_filter,0,False,0,duplicate_filter
m12_heavy_flood_dup60_s20260616_nonbonded,P3-NoPersist,m12_heavy_flood_dup60_s20260616,nonbonded,392452,PRIVPROBE:1,duplicate_filter,0,False,0,duplicate_filter
m12_heavy_flood_dup60_s20260616_nonbonded,P3-NoPersist,m12_heavy_flood_dup60_s20260616,nonbonded,393527,PRIVPROBE:1,duplicate_filter,0,False,0,duplicate_filter
m12_heavy_flood_dup60_s20260616_nonbonded,P3-NoPersist,m12_heavy_flood_dup60_s20260616,nonbonded,394564,PRIVPROBE:1,duplicate_filter,0,False,0,duplicate_filter
m12_heavy_flood_dup60_s20260616_nonbonded,P3-NoPersist,m12_heavy_flood_dup60_s20260616,nonbonded,395723,PRIVPROBE:1,duplicate_filter,0,False,0,duplicate_filter
m12_heavy_flood_dup60_s20260616_nonbonded,P3-NoPersist,m12_heavy_flood_dup60_s20260616,nonbonded,396823,PRIVPROBE:1,duplicate_filter,0,False,0,duplicate_filter
m12_heavy_flood_dup60_s20260616_nonbonded,P3-NoPersist,m12_heavy_flood_dup60_s20260616,nonbonded,397890,PRIVPROBE:1,duplicate_filter,0,False,0,duplicate_filter
m12_heavy_flood_dup60_s20260616_nonbonded,P3-NoPersist,m12_heavy_flood_dup60_s20260616,nonbonded,399000,PRIVPROBE:1,duplicate_filter,0,False,0,duplicate_filter
m12_heavy_flood_dup60_s20260616_nonbonded,BudgetDoS,m12_heavy_flood_dup60_s20260616,nonbonded,66530,PRIVPROBE:0,budget_skip,0,False,0,budget_skip
m12_heavy_flood_dup60_s20260616_nonbonded,BudgetDoS,m12_heavy_flood_dup60_s20260616,nonbonded,67621,PRIVPROBE:0,duplicate_filter,0,False,0,duplicate_filter
m12_heavy_flood_dup60_s20260616_nonbonded,BudgetDoS,m12_heavy_flood_dup60_s20260616,nonbonded,68790,PRIVPROBE:0,duplicate_filter,0,False,0,duplicate_filter
m12_heavy_flood_dup60_s20260616_nonbonded,BudgetDoS,m12_heavy_flood_dup60_s20260616,nonbonded,69949,PRIVPROBE:0,duplicate_filter,0,False,0,duplicate_filter
m12_heavy_flood_dup60_s20260616_nonbonded,BudgetDoS,m12_heavy_flood_dup60_s20260616,nonbonded,71069,PRIVPROBE:0,duplicate_filter,0,False,0,duplicate_filter
m12_heavy_flood_dup60_s20260616_nonbonded,BudgetDoS,m12_heavy_flood_dup60_s20260616,nonbonded,72220,PRIVPROBE:0,duplicate_filter,0,False,0,duplicate_filter
m12_heavy_flood_dup60_s20260616_nonbonded,BudgetDoS,m12_heavy_flood_dup60_s20260616,nonbonded,73324,PRIVPROBE:0,duplicate_filter,0,False,0,duplicate_filter
m12_heavy_flood_dup60_s20260616_nonbonded,BudgetDoS,m12_heavy_flood_dup60_s20260616,nonbonded,74445,PRIVPROBE:0,duplicate_filter,0,False,0,duplicate_filter
m12_heavy_flood_dup60_s20260616_nonbonded,BudgetDoS,m12_heavy_flood_dup60_s20260616,nonbonded,75599,PRIVPROBE:0,duplicate_filter,0,False,0,duplicate_filter
m12_heavy_flood_dup60_s20260616_nonbonded,BudgetDoS,m12_heavy_flood_dup60_s20260616,nonbonded,76717,PRIVPROBE:0,duplicate_filter,0,False,0,duplicate_filter
m12_heavy_flood_dup60_s20260616_nonbonded,BudgetDoS,m12_heavy_flood_dup60_s20260616,nonbonded,77813,PRIVPROBE:0,duplicate_filter,0,False,0,duplicate_filter
m12_heavy_flood_dup60_s20260616_nonbonded,BudgetDoS,m12_heavy_flood_dup60_s20260616,nonbonded,78903,PRIVPROBE:0,duplicate_filter,0,False,0,duplicate_filter
m12_heavy_flood_dup60_s20260616_nonbonded,BudgetDoS,m12_heavy_flood_dup60_s20260616,nonbonded,80022,PRIVPROBE:0,budget_skip,0,False,0,budget_skip
m12_heavy_flood_dup60_s20260616_nonbonded,BudgetDoS,m12_heavy_flood_dup60_s20260616,nonbonded,81169,PRIVPROBE:0,duplicate_filter,0,False,0,duplicate_filter
m12_heavy_flood_dup60_s20260616_nonbonded,BudgetDoS,m12_heavy_flood_dup60_s20260616,nonbonded,82286,PRIVPROBE:0,duplicate_filter,0,False,0,duplicate_filter
m12_heavy_flood_dup60_s20260616_nonbonded,BudgetDoS,m12_heavy_flood_dup60_s20260616,nonbonded,83384,PRIVPROBE:0,duplicate_filter,0,False,0,duplicate_filter
m12_heavy_flood_dup60_s20260616_nonbonded,BudgetDoS,m12_heavy_flood_dup60_s20260616,nonbonded,84450,PRIVPROBE:0,duplicate_filter,0,False,0,duplicate_filter
m12_heavy_flood_dup60_s20260616_nonbonded,BudgetDoS,m12_heavy_flood_dup60_s20260616,nonbonded,85573,PRIVPROBE:0,duplicate_filter,0,False,0,duplicate_filter
m12_heavy_flood_dup60_s20260616_nonbonded,BudgetDoS,m12_heavy_flood_dup60_s20260616,nonbonded,86670,PRIVPROBE:0,duplicate_filter,0,False,0,duplicate_filter
m12_heavy_flood_dup60_s20260616_nonbonded,BudgetDoS,m12_heavy_flood_dup60_s20260616,nonbonded,87840,PRIVPROBE:0,duplicate_filter,0,False,0,duplicate_filter
m12_heavy_flood_dup60_s20260616_nonbonded,BudgetDoS,m12_heavy_flood_dup60_s20260616,nonbonded,88923,PRIVPROBE:0,duplicate_filter,0,False,0,duplicate_filter
m12_heavy_flood_dup60_s20260616_nonbonded,BudgetDoS,m12_heavy_flood_dup60_s20260616,nonbonded,90094,PRIVPROBE:0,duplicate_filter,0,False,0,duplicate_filter
m12_heavy_flood_dup60_s20260616_nonbonded,BudgetDoS,m12_heavy_flood_dup60_s20260616,nonbonded,91200,PRIVPROBE:0,duplicate_filter,0,False,0,duplicate_filter
m12_heavy_flood_dup60_s20260616_nonbonded,BudgetDoS,m12_heavy_flood_dup60_s20260616,nonbonded,92290,PRIVPROBE:0,duplicate_filter,0,False,0,duplicate_filter
m12_heavy_flood_dup60_s20260616_nonbonded,BudgetDoS,m12_heavy_flood_dup60_s20260616,nonbonded,93429,PRIVPROBE:0,budget_skip,0,False,0,budget_skip
m12_heavy_flood_dup60_s20260616_nonbonded,BudgetDoS,m12_heavy_flood_dup60_s20260616,nonbonded,94557,PRIVPROBE:0,duplicate_filter,0,False,0,duplicate_filter
m12_heavy_flood_dup60_s20260616_nonbonded,BudgetDoS,m12_heavy_flood_dup60_s20260616,nonbonded,95611,PRIVPROBE:0,duplicate_filter,0,False,0,duplicate_filter
m12_heavy_flood_dup60_s20260616_nonbonded,BudgetDoS,m12_heavy_flood_dup60_s20260616,nonbonded,96739,PRIVPROBE:0,duplicate_filter,0,False,0,duplicate_filter
m12_heavy_flood_dup60_s20260616_nonbonded,BudgetDoS,m12_heavy_flood_dup60_s20260616,nonbonded,97806,PRIVPROBE:0,duplicate_filter,0,False,0,duplicate_filter
m12_heavy_flood_dup60_s20260616_nonbonded,BudgetDoS,m12_heavy_flood_dup60_s20260616,nonbonded,98882,PRIVPROBE:0,duplicate_filter,0,False,0,duplicate_filter
m12_heavy_flood_dup60_s20260616_nonbonded,BudgetDoS,m12_heavy_flood_dup60_s20260616,nonbonded,100014,PRIVPROBE:0,duplicate_filter,0,False,0,duplicate_filter
m12_heavy_flood_dup60_s20260616_nonbonded,BudgetDoS,m12_heavy_flood_dup60_s20260616,nonbonded,101085,PRIVPROBE:0,duplicate_filter,0,False,0,duplicate_filter
m12_heavy_flood_dup60_s20260616_nonbonded,BudgetDoS,m12_heavy_flood_dup60_s20260616,nonbonded,102190,PRIVPROBE:0,duplicate_filter,0,False,0,duplicate_filter
m12_heavy_flood_dup60_s20260616_nonbonded,BudgetDoS,m12_heavy_flood_dup60_s20260616,nonbonded,103219,PRIVPROBE:0,duplicate_filter,0,False,0,duplicate_filter
m12_heavy_flood_dup60_s20260616_nonbonded,BudgetDoS,m12_heavy_flood_dup60_s20260616,nonbonded,104340,PRIVPROBE:0,duplicate_filter,0,False,0,duplicate_filter
m12_heavy_flood_dup60_s20260616_nonbonded,BudgetDoS,m12_heavy_flood_dup60_s20260616,nonbonded,105477,PRIVPROBE:0,duplicate_filter,0,False,0,duplicate_filter
m12_heavy_flood_dup60_s20260616_nonbonded,BudgetDoS,m12_heavy_flood_dup60_s20260616,nonbonded,106556,PRIVPROBE:0,budget_skip,0,False,0,budget_skip
m12_heavy_flood_dup60_s20260616_nonbonded,BudgetDoS,m12_heavy_flood_dup60_s20260616,nonbonded,107704,PRIVPROBE:0,duplicate_filter,0,False,0,duplicate_filter
m12_heavy_flood_dup60_s20260616_nonbonded,BudgetDoS,m12_heavy_flood_dup60_s20260616,nonbonded,108842,PRIVPROBE:0,duplicate_filter,0,False,0,duplicate_filter
m12_heavy_flood_dup60_s20260616_nonbonded,BudgetDoS,m12_heavy_flood_dup60_s20260616,nonbonded,110005,PRIVPROBE:0,duplicate_filter,0,False,0,duplicate_filter
m12_heavy_flood_dup60_s20260616_nonbonded,BudgetDoS,m12_heavy_flood_dup60_s20260616,nonbonded,111229,PRIVPROBE:0,duplicate_filter,0,False,0,duplicate_filter
m12_heavy_flood_dup60_s20260616_nonbonded,BudgetDoS,m12_heavy_flood_dup60_s20260616,nonbonded,112355,PRIVPROBE:0,duplicate_filter,0,False,0,duplicate_filter
m12_heavy_flood_dup60_s20260616_nonbonded,BudgetDoS,m12_heavy_flood_dup60_s20260616,nonbonded,113513,PRIVPROBE:0,duplicate_filter,0,False,0,duplicate_filter
m12_heavy_flood_dup60_s20260616_nonbonded,BudgetDoS,m12_heavy_flood_dup60_s20260616,nonbonded,114597,PRIVPROBE:0,duplicate_filter,0,False,0,duplicate_filter
m12_heavy_flood_dup60_s20260616_nonbonded,BudgetDoS,m12_heavy_flood_dup60_s20260616,nonbonded,115636,PRIVPROBE:0,duplicate_filter,0,False,0,duplicate_filter
m12_heavy_flood_dup60_s20260616_nonbonded,BudgetDoS,m12_heavy_flood_dup60_s20260616,nonbonded,116759,PRIVPROBE:0,duplicate_filter,0,False,0,duplicate_filter
m12_heavy_flood_dup60_s20260616_nonbonded,BudgetDoS,m12_heavy_flood_dup60_s20260616,nonbonded,117824,PRIVPROBE:0,duplicate_filter,0,False,0,duplicate_filter
m12_heavy_flood_dup60_s20260616_nonbonded,BudgetDoS,m12_heavy_flood_dup60_s20260616,nonbonded,118933,PRIVPROBE:0,duplicate_filter,0,False,0,duplicate_filter
m12_heavy_flood_dup60_s20260616_nonbonded,BudgetDoS,m12_heavy_flood_dup60_s20260616,nonbonded,120026,PRIVPROBE:0,budget_skip,0,False,0,budget_skip
m12_heavy_flood_dup60_s20260616_nonbonded,BudgetDoS,m12_heavy_flood_dup60_s20260616,nonbonded,121138,PRIVPROBE:0,duplicate_filter,0,False,0,duplicate_filter
m12_heavy_flood_dup60_s20260616_nonbonded,BudgetDoS,m12_heavy_flood_dup60_s20260616,nonbonded,122253,PRIVPROBE:0,duplicate_filter,0,False,0,duplicate_filter
m12_heavy_flood_dup60_s20260616_nonbonded,BudgetDoS,m12_heavy_flood_dup60_s20260616,nonbonded,123356,PRIVPROBE:0,duplicate_filter,0,False,0,duplicate_filter
m12_heavy_flood_dup60_s20260616_nonbonded,BudgetDoS,m12_heavy_flood_dup60_s20260616,nonbonded,124504,PRIVPROBE:0,duplicate_filter,0,False,0,duplicate_filter
m12_heavy_flood_dup60_s20260616_nonbonded,BudgetDoS,m12_heavy_flood_dup60_s20260616,nonbonded,125655,PRIVPROBE:0,duplicate_filter,0,False,0,duplicate_filter
m12_heavy_flood_dup60_s20260616_nonbonded,BudgetDoS,m12_heavy_flood_dup60_s20260616,nonbonded,126794,PRIVPROBE:0,duplicate_filter,0,False,0,duplicate_filter
m12_heavy_flood_dup60_s20260616_nonbonded,BudgetDoS,m12_heavy_flood_dup60_s20260616,nonbonded,127921,PRIVPROBE:0,duplicate_filter,0,False,0,duplicate_filter
m12_heavy_flood_dup60_s20260616_nonbonded,BudgetDoS,m12_heavy_flood_dup60_s20260616,nonbonded,129026,PRIVPROBE:0,duplicate_filter,0,False,0,duplicate_filter
m12_heavy_flood_dup60_s20260616_nonbonded,BudgetDoS,m12_heavy_flood_dup60_s20260616,nonbonded,130113,PRIVPROBE:0,duplicate_filter,0,False,0,duplicate_filter
m12_heavy_flood_dup60_s20260616_nonbonded,BudgetDoS,m12_heavy_flood_dup60_s20260616,nonbonded,131203,PRIVPROBE:0,duplicate_filter,0,False,0,duplicate_filter
m12_heavy_flood_dup60_s20260616_nonbonded,BudgetDoS,m12_heavy_flood_dup60_s20260616,nonbonded,132337,PRIVPROBE:0,duplicate_filter,0,False,0,duplicate_filter
m12_heavy_flood_dup60_s20260616_nonbonded,BudgetDoS,m12_heavy_flood_dup60_s20260616,nonbonded,133403,PRIVPROBE:0,budget_skip,0,False,0,budget_skip
m12_heavy_flood_dup60_s20260616_nonbonded,BudgetDoS,m12_heavy_flood_dup60_s20260616,nonbonded,134454,PRIVPROBE:0,duplicate_filter,0,False,0,duplicate_filter
m12_heavy_flood_dup60_s20260616_nonbonded,BudgetDoS,m12_heavy_flood_dup60_s20260616,nonbonded,135536,PRIVPROBE:0,duplicate_filter,0,False,0,duplicate_filter
m12_heavy_flood_dup60_s20260616_nonbonded,BudgetDoS,m12_heavy_flood_dup60_s20260616,nonbonded,136642,PRIVPROBE:0,duplicate_filter,0,False,0,duplicate_filter
m12_heavy_flood_dup60_s20260616_nonbonded,BudgetDoS,m12_heavy_flood_dup60_s20260616,nonbonded,137737,PRIVPROBE:0,duplicate_filter,0,False,0,duplicate_filter
m12_heavy_flood_dup60_s20260616_nonbonded,BudgetDoS,m12_heavy_flood_dup60_s20260616,nonbonded,138888,PRIVPROBE:0,duplicate_filter,0,False,0,duplicate_filter
m12_heavy_flood_dup60_s20260616_nonbonded,BudgetDoS,m12_heavy_flood_dup60_s20260616,nonbonded,139946,PRIVPROBE:0,duplicate_filter,0,False,0,duplicate_filter
m12_heavy_flood_dup60_s20260616_nonbonded,BudgetDoS,m12_heavy_flood_dup60_s20260616,nonbonded,140998,PRIVPROBE:0,duplicate_filter,0,False,0,duplicate_filter
m12_heavy_flood_dup60_s20260616_nonbonded,BudgetDoS,m12_heavy_flood_dup60_s20260616,nonbonded,142145,PRIVPROBE:0,duplicate_filter,0,False,0,duplicate_filter
m12_heavy_flood_dup60_s20260616_nonbonded,BudgetDoS,m12_heavy_flood_dup60_s20260616,nonbonded,143291,PRIVPROBE:0,duplicate_filter,0,False,0,duplicate_filter
m12_heavy_flood_dup60_s20260616_nonbonded,BudgetDoS,m12_heavy_flood_dup60_s20260616,nonbonded,144460,PRIVPROBE:0,duplicate_filter,0,False,0,duplicate_filter
m12_heavy_flood_dup60_s20260616_nonbonded,BudgetDoS,m12_heavy_flood_dup60_s20260616,nonbonded,145610,PRIVPROBE:0,duplicate_filter,0,False,0,duplicate_filter
m12_heavy_flood_dup60_s20260616_nonbonded,BudgetDoS,m12_heavy_flood_dup60_s20260616,nonbonded,146702,PRIVPROBE:0,budget_skip,0,False,0,budget_skip
m12_heavy_flood_dup60_s20260616_nonbonded,BudgetDoS,m12_heavy_flood_dup60_s20260616,nonbonded,147850,PRIVPROBE:0,duplicate_filter,0,False,0,duplicate_filter
m12_heavy_flood_dup60_s20260616_nonbonded,BudgetDoS,m12_heavy_flood_dup60_s20260616,nonbonded,148939,PRIVPROBE:0,duplicate_filter,0,False,0,duplicate_filter
m12_heavy_flood_dup60_s20260616_nonbonded,BudgetDoS,m12_heavy_flood_dup60_s20260616,nonbonded,150055,PRIVPROBE:0,duplicate_filter,0,False,0,duplicate_filter
m12_heavy_flood_dup60_s20260616_nonbonded,BudgetDoS,m12_heavy_flood_dup60_s20260616,nonbonded,151129,PRIVPROBE:0,duplicate_filter,0,False,0,duplicate_filter
m12_heavy_flood_dup60_s20260616_nonbonded,BudgetDoS,m12_heavy_flood_dup60_s20260616,nonbonded,152292,PRIVPROBE:0,duplicate_filter,0,False,0,duplicate_filter
m12_heavy_flood_dup60_s20260616_nonbonded,BudgetDoS,m12_heavy_flood_dup60_s20260616,nonbonded,153381,PRIVPROBE:0,duplicate_filter,0,False,0,duplicate_filter
m12_heavy_flood_dup60_s20260616_nonbonded,BudgetDoS,m12_heavy_flood_dup60_s20260616,nonbonded,154461,PRIVPROBE:0,duplicate_filter,0,False,0,duplicate_filter
m12_heavy_flood_dup60_s20260616_nonbonded,BudgetDoS,m12_heavy_flood_dup60_s20260616,nonbonded,155566,PRIVPROBE:0,duplicate_filter,0,False,0,duplicate_filter
m12_heavy_flood_dup60_s20260616_nonbonded,BudgetDoS,m12_heavy_flood_dup60_s20260616,nonbonded,156637,PRIVPROBE:0,duplicate_filter,0,False,0,duplicate_filter
m12_heavy_flood_dup60_s20260616_nonbonded,BudgetDoS,m12_heavy_flood_dup60_s20260616,nonbonded,157748,PRIVPROBE:0,duplicate_filter,0,False,0,duplicate_filter
m12_heavy_flood_dup60_s20260616_nonbonded,BudgetDoS,m12_heavy_flood_dup60_s20260616,nonbonded,158808,PRIVPROBE:0,duplicate_filter,0,False,0,duplicate_filter
m12_heavy_flood_dup60_s20260616_nonbonded,BudgetDoS,m12_heavy_flood_dup60_s20260616,nonbonded,159995,PRIVPROBE:0,budget_skip,0,False,0,budget_skip
m12_heavy_flood_dup60_s20260616_nonbonded,BudgetDoS,m12_heavy_flood_dup60_s20260616,nonbonded,161106,PRIVPROBE:0,duplicate_filter,0,False,0,duplicate_filter
m12_heavy_flood_dup60_s20260616_nonbonded,BudgetDoS,m12_heavy_flood_dup60_s20260616,nonbonded,162264,PRIVPROBE:0,duplicate_filter,0,False,0,duplicate_filter
m12_heavy_flood_dup60_s20260616_nonbonded,BudgetDoS,m12_heavy_flood_dup60_s20260616,nonbonded,163407,PRIVPROBE:0,duplicate_filter,0,False,0,duplicate_filter
m12_heavy_flood_dup60_s20260616_nonbonded,BudgetDoS,m12_heavy_flood_dup60_s20260616,nonbonded,164497,PRIVPROBE:0,duplicate_filter,0,False,0,duplicate_filter
m12_heavy_flood_dup60_s20260616_nonbonded,BudgetDoS,m12_heavy_flood_dup60_s20260616,nonbonded,165630,PRIVPROBE:0,duplicate_filter,0,False,0,duplicate_filter
m12_heavy_flood_dup60_s20260616_nonbonded,BudgetDoS,m12_heavy_flood_dup60_s20260616,nonbonded,166728,PRIVPROBE:0,duplicate_filter,0,False,0,duplicate_filter
m12_heavy_flood_dup60_s20260616_nonbonded,BudgetDoS,m12_heavy_flood_dup60_s20260616,nonbonded,167834,PRIVPROBE:0,duplicate_filter,0,False,0,duplicate_filter
m12_heavy_flood_dup60_s20260616_nonbonded,BudgetDoS,m12_heavy_flood_dup60_s20260616,nonbonded,168973,PRIVPROBE:0,duplicate_filter,0,False,0,duplicate_filter
m12_heavy_flood_dup60_s20260616_nonbonded,BudgetDoS,m12_heavy_flood_dup60_s20260616,nonbonded,170063,PRIVPROBE:0,duplicate_filter,0,False,0,duplicate_filter
m12_heavy_flood_dup60_s20260616_nonbonded,BudgetDoS,m12_heavy_flood_dup60_s20260616,nonbonded,171189,PRIVPROBE:0,duplicate_filter,0,False,0,duplicate_filter
m12_heavy_flood_dup60_s20260616_nonbonded,BudgetDoS,m12_heavy_flood_dup60_s20260616,nonbonded,172312,PRIVPROBE:0,duplicate_filter,0,False,0,duplicate_filter
m12_heavy_flood_dup60_s20260616_nonbonded,BudgetDoS,m12_heavy_flood_dup60_s20260616,nonbonded,173526,PRIVPROBE:0,budget_skip,0,False,0,budget_skip
m12_heavy_flood_dup60_s20260616_nonbonded,BudgetDoS,m12_heavy_flood_dup60_s20260616,nonbonded,174662,PRIVPROBE:0,duplicate_filter,0,False,0,duplicate_filter
m12_heavy_flood_dup60_s20260616_nonbonded,BudgetDoS,m12_heavy_flood_dup60_s20260616,nonbonded,175742,PRIVPROBE:0,duplicate_filter,0,False,0,duplicate_filter
m12_heavy_flood_dup60_s20260616_nonbonded,BudgetDoS,m12_heavy_flood_dup60_s20260616,nonbonded,176855,PRIVPROBE:0,duplicate_filter,0,False,0,duplicate_filter
m12_heavy_flood_dup60_s20260616_nonbonded,BudgetDoS,m12_heavy_flood_dup60_s20260616,nonbonded,177952,PRIVPROBE:0,duplicate_filter,0,False,0,duplicate_filter
m12_heavy_flood_dup60_s20260616_nonbonded,BudgetDoS,m12_heavy_flood_dup60_s20260616,nonbonded,178997,PRIVPROBE:0,duplicate_filter,0,False,0,duplicate_filter
m12_heavy_flood_dup60_s20260616_nonbonded,BudgetDoS,m12_heavy_flood_dup60_s20260616,nonbonded,180120,PRIVPROBE:0,duplicate_filter,0,False,0,duplicate_filter
m12_heavy_flood_dup60_s20260616_nonbonded,BudgetDoS,m12_heavy_flood_dup60_s20260616,nonbonded,181293,PRIVPROBE:0,duplicate_filter,0,False,0,duplicate_filter
m12_heavy_flood_dup60_s20260616_nonbonded,BudgetDoS,m12_heavy_flood_dup60_s20260616,nonbonded,182390,PRIVPROBE:0,duplicate_filter,0,False,0,duplicate_filter
m12_heavy_flood_dup60_s20260616_nonbonded,BudgetDoS,m12_heavy_flood_dup60_s20260616,nonbonded,183486,PRIVPROBE:0,duplicate_filter,0,False,0,duplicate_filter
m12_heavy_flood_dup60_s20260616_nonbonded,BudgetDoS,m12_heavy_flood_dup60_s20260616,nonbonded,184591,PRIVPROBE:0,duplicate_filter,0,False,0,duplicate_filter
m12_heavy_flood_dup60_s20260616_nonbonded,BudgetDoS,m12_heavy_flood_dup60_s20260616,nonbonded,185736,PRIVPROBE:0,duplicate_filter,0,False,0,duplicate_filter
m12_heavy_flood_dup60_s20260616_nonbonded,BudgetDoS,m12_heavy_flood_dup60_s20260616,nonbonded,186843,PRIVPROBE:0,budget_skip,0,False,0,budget_skip
m12_heavy_flood_dup60_s20260616_nonbonded,BudgetDoS,m12_heavy_flood_dup60_s20260616,nonbonded,187992,PRIVPROBE:0,duplicate_filter,0,False,0,duplicate_filter
m12_heavy_flood_dup60_s20260616_nonbonded,BudgetDoS,m12_heavy_flood_dup60_s20260616,nonbonded,189051,PRIVPROBE:0,duplicate_filter,0,False,0,duplicate_filter
m12_heavy_flood_dup60_s20260616_nonbonded,BudgetDoS,m12_heavy_flood_dup60_s20260616,nonbonded,190215,PRIVPROBE:0,duplicate_filter,0,False,0,duplicate_filter
m12_heavy_flood_dup60_s20260616_nonbonded,BudgetDoS,m12_heavy_flood_dup60_s20260616,nonbonded,191394,PRIVPROBE:0,duplicate_filter,0,False,0,duplicate_filter
m12_heavy_flood_dup60_s20260616_nonbonded,BudgetDoS,m12_heavy_flood_dup60_s20260616,nonbonded,192523,PRIVPROBE:0,duplicate_filter,0,False,0,duplicate_filter
m12_heavy_flood_dup60_s20260616_nonbonded,BudgetDoS,m12_heavy_flood_dup60_s20260616,nonbonded,193610,PRIVPROBE:0,duplicate_filter,0,False,0,duplicate_filter
m12_heavy_flood_dup60_s20260616_nonbonded,BudgetDoS,m12_heavy_flood_dup60_s20260616,nonbonded,194775,PRIVPROBE:0,duplicate_filter,0,False,0,duplicate_filter
m12_heavy_flood_dup60_s20260616_nonbonded,BudgetDoS,m12_heavy_flood_dup60_s20260616,nonbonded,195976,PRIVPROBE:0,duplicate_filter,0,False,0,duplicate_filter
m12_heavy_flood_dup60_s20260616_nonbonded,BudgetDoS,m12_heavy_flood_dup60_s20260616,nonbonded,197070,PRIVPROBE:0,duplicate_filter,0,False,0,duplicate_filter
m12_heavy_flood_dup60_s20260616_nonbonded,BudgetDoS,m12_heavy_flood_dup60_s20260616,nonbonded,198185,PRIVPROBE:0,duplicate_filter,0,False,0,duplicate_filter
m12_heavy_flood_dup60_s20260616_nonbonded,BudgetDoS,m12_heavy_flood_dup60_s20260616,nonbonded,199271,PRIVPROBE:0,duplicate_filter,0,False,0,duplicate_filter
m12_heavy_flood_dup60_s20260616_nonbonded,BudgetDoS,m12_heavy_flood_dup60_s20260616,nonbonded,200346,PRIVPROBE:1,budget_skip,0,False,0,budget_skip
m12_heavy_flood_dup60_s20260616_nonbonded,BudgetDoS,m12_heavy_flood_dup60_s20260616,nonbonded,201521,PRIVPROBE:1,duplicate_filter,0,False,0,duplicate_filter
m12_heavy_flood_dup60_s20260616_nonbonded,BudgetDoS,m12_heavy_flood_dup60_s20260616,nonbonded,202622,PRIVPROBE:1,duplicate_filter,0,False,0,duplicate_filter
m12_heavy_flood_dup60_s20260616_nonbonded,BudgetDoS,m12_heavy_flood_dup60_s20260616,nonbonded,203719,PRIVPROBE:1,duplicate_filter,0,False,0,duplicate_filter
m12_heavy_flood_dup60_s20260616_nonbonded,BudgetDoS,m12_heavy_flood_dup60_s20260616,nonbonded,204778,PRIVPROBE:1,duplicate_filter,0,False,0,duplicate_filter
m12_heavy_flood_dup60_s20260616_nonbonded,BudgetDoS,m12_heavy_flood_dup60_s20260616,nonbonded,205852,PRIVPROBE:1,duplicate_filter,0,False,0,duplicate_filter
m12_heavy_flood_dup60_s20260616_nonbonded,BudgetDoS,m12_heavy_flood_dup60_s20260616,nonbonded,207094,PRIVPROBE:1,duplicate_filter,0,False,0,duplicate_filter
m12_heavy_flood_dup60_s20260616_nonbonded,BudgetDoS,m12_heavy_flood_dup60_s20260616,nonbonded,208195,PRIVPROBE:1,duplicate_filter,0,False,0,duplicate_filter
m12_heavy_flood_dup60_s20260616_nonbonded,BudgetDoS,m12_heavy_flood_dup60_s20260616,nonbonded,209274,PRIVPROBE:1,duplicate_filter,0,False,0,duplicate_filter
m12_heavy_flood_dup60_s20260616_nonbonded,BudgetDoS,m12_heavy_flood_dup60_s20260616,nonbonded,210430,PRIVPROBE:1,duplicate_filter,0,False,0,duplicate_filter
m12_heavy_flood_dup60_s20260616_nonbonded,BudgetDoS,m12_heavy_flood_dup60_s20260616,nonbonded,211529,PRIVPROBE:1,duplicate_filter,0,False,0,duplicate_filter
m12_heavy_flood_dup60_s20260616_nonbonded,BudgetDoS,m12_heavy_flood_dup60_s20260616,nonbonded,212702,PRIVPROBE:1,duplicate_filter,0,False,0,duplicate_filter
m12_heavy_flood_dup60_s20260616_nonbonded,BudgetDoS,m12_heavy_flood_dup60_s20260616,nonbonded,213792,PRIVPROBE:1,budget_skip,0,False,0,budget_skip
m12_heavy_flood_dup60_s20260616_nonbonded,BudgetDoS,m12_heavy_flood_dup60_s20260616,nonbonded,214920,PRIVPROBE:1,duplicate_filter,0,False,0,duplicate_filter
m12_heavy_flood_dup60_s20260616_nonbonded,BudgetDoS,m12_heavy_flood_dup60_s20260616,nonbonded,216068,PRIVPROBE:1,duplicate_filter,0,False,0,duplicate_filter
m12_heavy_flood_dup60_s20260616_nonbonded,BudgetDoS,m12_heavy_flood_dup60_s20260616,nonbonded,217171,PRIVPROBE:1,duplicate_filter,0,False,0,duplicate_filter
m12_heavy_flood_dup60_s20260616_nonbonded,BudgetDoS,m12_heavy_flood_dup60_s20260616,nonbonded,218269,PRIVPROBE:1,duplicate_filter,0,False,0,duplicate_filter
m12_heavy_flood_dup60_s20260616_nonbonded,BudgetDoS,m12_heavy_flood_dup60_s20260616,nonbonded,219390,PRIVPROBE:1,duplicate_filter,0,False,0,duplicate_filter
m12_heavy_flood_dup60_s20260616_nonbonded,BudgetDoS,m12_heavy_flood_dup60_s20260616,nonbonded,220484,PRIVPROBE:1,duplicate_filter,0,False,0,duplicate_filter
m12_heavy_flood_dup60_s20260616_nonbonded,BudgetDoS,m12_heavy_flood_dup60_s20260616,nonbonded,221541,PRIVPROBE:1,duplicate_filter,0,False,0,duplicate_filter
m12_heavy_flood_dup60_s20260616_nonbonded,BudgetDoS,m12_heavy_flood_dup60_s20260616,nonbonded,222681,PRIVPROBE:1,duplicate_filter,0,False,0,duplicate_filter
m12_heavy_flood_dup60_s20260616_nonbonded,BudgetDoS,m12_heavy_flood_dup60_s20260616,nonbonded,223806,PRIVPROBE:1,duplicate_filter,0,False,0,duplicate_filter
m12_heavy_flood_dup60_s20260616_nonbonded,BudgetDoS,m12_heavy_flood_dup60_s20260616,nonbonded,224975,PRIVPROBE:1,duplicate_filter,0,False,0,duplicate_filter
m12_heavy_flood_dup60_s20260616_nonbonded,BudgetDoS,m12_heavy_flood_dup60_s20260616,nonbonded,226093,PRIVPROBE:1,duplicate_filter,0,False,0,duplicate_filter
m12_heavy_flood_dup60_s20260616_nonbonded,BudgetDoS,m12_heavy_flood_dup60_s20260616,nonbonded,227144,PRIVPROBE:1,budget_skip,0,False,0,budget_skip
m12_heavy_flood_dup60_s20260616_nonbonded,BudgetDoS,m12_heavy_flood_dup60_s20260616,nonbonded,228305,PRIVPROBE:1,duplicate_filter,0,False,0,duplicate_filter
m12_heavy_flood_dup60_s20260616_nonbonded,BudgetDoS,m12_heavy_flood_dup60_s20260616,nonbonded,229432,PRIVPROBE:1,duplicate_filter,0,False,0,duplicate_filter
m12_heavy_flood_dup60_s20260616_nonbonded,BudgetDoS,m12_heavy_flood_dup60_s20260616,nonbonded,230504,PRIVPROBE:1,duplicate_filter,0,False,0,duplicate_filter
m12_heavy_flood_dup60_s20260616_nonbonded,BudgetDoS,m12_heavy_flood_dup60_s20260616,nonbonded,231605,PRIVPROBE:1,duplicate_filter,0,False,0,duplicate_filter
m12_heavy_flood_dup60_s20260616_nonbonded,BudgetDoS,m12_heavy_flood_dup60_s20260616,nonbonded,232701,PRIVPROBE:1,duplicate_filter,0,False,0,duplicate_filter
m12_heavy_flood_dup60_s20260616_nonbonded,BudgetDoS,m12_heavy_flood_dup60_s20260616,nonbonded,233780,PRIVPROBE:1,duplicate_filter,0,False,0,duplicate_filter
m12_heavy_flood_dup60_s20260616_nonbonded,BudgetDoS,m12_heavy_flood_dup60_s20260616,nonbonded,234949,PRIVPROBE:1,duplicate_filter,0,False,0,duplicate_filter
m12_heavy_flood_dup60_s20260616_nonbonded,BudgetDoS,m12_heavy_flood_dup60_s20260616,nonbonded,236092,PRIVPROBE:1,duplicate_filter,0,False,0,duplicate_filter
m12_heavy_flood_dup60_s20260616_nonbonded,BudgetDoS,m12_heavy_flood_dup60_s20260616,nonbonded,237182,PRIVPROBE:1,duplicate_filter,0,False,0,duplicate_filter
m12_heavy_flood_dup60_s20260616_nonbonded,BudgetDoS,m12_heavy_flood_dup60_s20260616,nonbonded,238274,PRIVPROBE:1,duplicate_filter,0,False,0,duplicate_filter
m12_heavy_flood_dup60_s20260616_nonbonded,BudgetDoS,m12_heavy_flood_dup60_s20260616,nonbonded,239399,PRIVPROBE:1,duplicate_filter,0,False,0,duplicate_filter
m12_heavy_flood_dup60_s20260616_nonbonded,BudgetDoS,m12_heavy_flood_dup60_s20260616,nonbonded,240502,PRIVPROBE:1,budget_skip,0,False,0,budget_skip
m12_heavy_flood_dup60_s20260616_nonbonded,BudgetDoS,m12_heavy_flood_dup60_s20260616,nonbonded,241650,PRIVPROBE:1,duplicate_filter,0,False,0,duplicate_filter
m12_heavy_flood_dup60_s20260616_nonbonded,BudgetDoS,m12_heavy_flood_dup60_s20260616,nonbonded,242787,PRIVPROBE:1,duplicate_filter,0,False,0,duplicate_filter
m12_heavy_flood_dup60_s20260616_nonbonded,BudgetDoS,m12_heavy_flood_dup60_s20260616,nonbonded,243925,PRIVPROBE:1,duplicate_filter,0,False,0,duplicate_filter
m12_heavy_flood_dup60_s20260616_nonbonded,BudgetDoS,m12_heavy_flood_dup60_s20260616,nonbonded,245077,PRIVPROBE:1,duplicate_filter,0,False,0,duplicate_filter
m12_heavy_flood_dup60_s20260616_nonbonded,BudgetDoS,m12_heavy_flood_dup60_s20260616,nonbonded,246159,PRIVPROBE:1,duplicate_filter,0,False,0,duplicate_filter
m12_heavy_flood_dup60_s20260616_nonbonded,BudgetDoS,m12_heavy_flood_dup60_s20260616,nonbonded,247262,PRIVPROBE:1,duplicate_filter,0,False,0,duplicate_filter
m12_heavy_flood_dup60_s20260616_nonbonded,BudgetDoS,m12_heavy_flood_dup60_s20260616,nonbonded,248343,PRIVPROBE:1,duplicate_filter,0,False,0,duplicate_filter
m12_heavy_flood_dup60_s20260616_nonbonded,BudgetDoS,m12_heavy_flood_dup60_s20260616,nonbonded,249511,PRIVPROBE:1,duplicate_filter,0,False,0,duplicate_filter
m12_heavy_flood_dup60_s20260616_nonbonded,BudgetDoS,m12_heavy_flood_dup60_s20260616,nonbonded,250645,PRIVPROBE:1,duplicate_filter,0,False,0,duplicate_filter
m12_heavy_flood_dup60_s20260616_nonbonded,BudgetDoS,m12_heavy_flood_dup60_s20260616,nonbonded,251745,PRIVPROBE:1,duplicate_filter,0,False,0,duplicate_filter
m12_heavy_flood_dup60_s20260616_nonbonded,BudgetDoS,m12_heavy_flood_dup60_s20260616,nonbonded,252895,PRIVPROBE:1,duplicate_filter,0,False,0,duplicate_filter
m12_heavy_flood_dup60_s20260616_nonbonded,BudgetDoS,m12_heavy_flood_dup60_s20260616,nonbonded,253944,PRIVPROBE:1,budget_skip,0,False,0,budget_skip
m12_heavy_flood_dup60_s20260616_nonbonded,BudgetDoS,m12_heavy_flood_dup60_s20260616,nonbonded,255099,PRIVPROBE:1,duplicate_filter,0,False,0,duplicate_filter
m12_heavy_flood_dup60_s20260616_nonbonded,BudgetDoS,m12_heavy_flood_dup60_s20260616,nonbonded,256214,PRIVPROBE:1,duplicate_filter,0,False,0,duplicate_filter
m12_heavy_flood_dup60_s20260616_nonbonded,BudgetDoS,m12_heavy_flood_dup60_s20260616,nonbonded,257275,PRIVPROBE:1,duplicate_filter,0,False,0,duplicate_filter
m12_heavy_flood_dup60_s20260616_nonbonded,BudgetDoS,m12_heavy_flood_dup60_s20260616,nonbonded,258385,PRIVPROBE:1,duplicate_filter,0,False,0,duplicate_filter
m12_heavy_flood_dup60_s20260616_nonbonded,BudgetDoS,m12_heavy_flood_dup60_s20260616,nonbonded,259471,PRIVPROBE:1,duplicate_filter,0,False,0,duplicate_filter
m12_heavy_flood_dup60_s20260616_nonbonded,BudgetDoS,m12_heavy_flood_dup60_s20260616,nonbonded,260593,PRIVPROBE:1,duplicate_filter,0,False,0,duplicate_filter
m12_heavy_flood_dup60_s20260616_nonbonded,BudgetDoS,m12_heavy_flood_dup60_s20260616,nonbonded,261658,PRIVPROBE:1,duplicate_filter,0,False,0,duplicate_filter
m12_heavy_flood_dup60_s20260616_nonbonded,BudgetDoS,m12_heavy_flood_dup60_s20260616,nonbonded,262794,PRIVPROBE:1,duplicate_filter,0,False,0,duplicate_filter
m12_heavy_flood_dup60_s20260616_nonbonded,BudgetDoS,m12_heavy_flood_dup60_s20260616,nonbonded,263900,PRIVPROBE:1,duplicate_filter,0,False,0,duplicate_filter
m12_heavy_flood_dup60_s20260616_nonbonded,BudgetDoS,m12_heavy_flood_dup60_s20260616,nonbonded,264975,PRIVPROBE:1,duplicate_filter,0,False,0,duplicate_filter
m12_heavy_flood_dup60_s20260616_nonbonded,BudgetDoS,m12_heavy_flood_dup60_s20260616,nonbonded,266082,PRIVPROBE:1,duplicate_filter,0,False,0,duplicate_filter
m12_heavy_flood_dup60_s20260616_nonbonded,BudgetDoS,m12_heavy_flood_dup60_s20260616,nonbonded,267198,PRIVPROBE:1,budget_skip,0,False,0,budget_skip
m12_heavy_flood_dup60_s20260616_nonbonded,BudgetDoS,m12_heavy_flood_dup60_s20260616,nonbonded,268334,PRIVPROBE:1,duplicate_filter,0,False,0,duplicate_filter
m12_heavy_flood_dup60_s20260616_nonbonded,BudgetDoS,m12_heavy_flood_dup60_s20260616,nonbonded,269440,PRIVPROBE:1,duplicate_filter,0,False,0,duplicate_filter
m12_heavy_flood_dup60_s20260616_nonbonded,BudgetDoS,m12_heavy_flood_dup60_s20260616,nonbonded,270534,PRIVPROBE:1,duplicate_filter,0,False,0,duplicate_filter
m12_heavy_flood_dup60_s20260616_nonbonded,BudgetDoS,m12_heavy_flood_dup60_s20260616,nonbonded,271639,PRIVPROBE:1,duplicate_filter,0,False,0,duplicate_filter
m12_heavy_flood_dup60_s20260616_nonbonded,BudgetDoS,m12_heavy_flood_dup60_s20260616,nonbonded,272808,PRIVPROBE:1,duplicate_filter,0,False,0,duplicate_filter
m12_heavy_flood_dup60_s20260616_nonbonded,BudgetDoS,m12_heavy_flood_dup60_s20260616,nonbonded,273953,PRIVPROBE:1,duplicate_filter,0,False,0,duplicate_filter
m12_heavy_flood_dup60_s20260616_nonbonded,BudgetDoS,m12_heavy_flood_dup60_s20260616,nonbonded,275090,PRIVPROBE:1,duplicate_filter,0,False,0,duplicate_filter
m12_heavy_flood_dup60_s20260616_nonbonded,BudgetDoS,m12_heavy_flood_dup60_s20260616,nonbonded,276196,PRIVPROBE:1,duplicate_filter,0,False,0,duplicate_filter
m12_heavy_flood_dup60_s20260616_nonbonded,BudgetDoS,m12_heavy_flood_dup60_s20260616,nonbonded,277335,PRIVPROBE:1,duplicate_filter,0,False,0,duplicate_filter
m12_heavy_flood_dup60_s20260616_nonbonded,BudgetDoS,m12_heavy_flood_dup60_s20260616,nonbonded,278444,PRIVPROBE:1,duplicate_filter,0,False,0,duplicate_filter
m12_heavy_flood_dup60_s20260616_nonbonded,BudgetDoS,m12_heavy_flood_dup60_s20260616,nonbonded,279541,PRIVPROBE:1,duplicate_filter,0,False,0,duplicate_filter
m12_heavy_flood_dup60_s20260616_nonbonded,BudgetDoS,m12_heavy_flood_dup60_s20260616,nonbonded,280706,PRIVPROBE:1,budget_skip,0,False,0,budget_skip
m12_heavy_flood_dup60_s20260616_nonbonded,BudgetDoS,m12_heavy_flood_dup60_s20260616,nonbonded,281869,PRIVPROBE:1,duplicate_filter,0,False,0,duplicate_filter
m12_heavy_flood_dup60_s20260616_nonbonded,BudgetDoS,m12_heavy_flood_dup60_s20260616,nonbonded,282981,PRIVPROBE:1,duplicate_filter,0,False,0,duplicate_filter
m12_heavy_flood_dup60_s20260616_nonbonded,BudgetDoS,m12_heavy_flood_dup60_s20260616,nonbonded,284078,PRIVPROBE:1,duplicate_filter,0,False,0,duplicate_filter
m12_heavy_flood_dup60_s20260616_nonbonded,BudgetDoS,m12_heavy_flood_dup60_s20260616,nonbonded,285161,PRIVPROBE:1,duplicate_filter,0,False,0,duplicate_filter
m12_heavy_flood_dup60_s20260616_nonbonded,BudgetDoS,m12_heavy_flood_dup60_s20260616,nonbonded,286298,PRIVPROBE:1,duplicate_filter,0,False,0,duplicate_filter
m12_heavy_flood_dup60_s20260616_nonbonded,BudgetDoS,m12_heavy_flood_dup60_s20260616,nonbonded,287407,PRIVPROBE:1,duplicate_filter,0,False,0,duplicate_filter
m12_heavy_flood_dup60_s20260616_nonbonded,BudgetDoS,m12_heavy_flood_dup60_s20260616,nonbonded,288557,PRIVPROBE:1,duplicate_filter,0,False,0,duplicate_filter
m12_heavy_flood_dup60_s20260616_nonbonded,BudgetDoS,m12_heavy_flood_dup60_s20260616,nonbonded,289672,PRIVPROBE:1,duplicate_filter,0,False,0,duplicate_filter
m12_heavy_flood_dup60_s20260616_nonbonded,BudgetDoS,m12_heavy_flood_dup60_s20260616,nonbonded,290712,PRIVPROBE:1,duplicate_filter,0,False,0,duplicate_filter
m12_heavy_flood_dup60_s20260616_nonbonded,BudgetDoS,m12_heavy_flood_dup60_s20260616,nonbonded,291734,PRIVPROBE:1,duplicate_filter,0,False,0,duplicate_filter
m12_heavy_flood_dup60_s20260616_nonbonded,BudgetDoS,m12_heavy_flood_dup60_s20260616,nonbonded,292835,PRIVPROBE:1,duplicate_filter,0,False,0,duplicate_filter
m12_heavy_flood_dup60_s20260616_nonbonded,BudgetDoS,m12_heavy_flood_dup60_s20260616,nonbonded,293914,PRIVPROBE:1,budget_skip,0,False,0,budget_skip
m12_heavy_flood_dup60_s20260616_nonbonded,BudgetDoS,m12_heavy_flood_dup60_s20260616,nonbonded,294993,PRIVPROBE:1,duplicate_filter,0,False,0,duplicate_filter
m12_heavy_flood_dup60_s20260616_nonbonded,BudgetDoS,m12_heavy_flood_dup60_s20260616,nonbonded,296115,PRIVPROBE:1,duplicate_filter,0,False,0,duplicate_filter
m12_heavy_flood_dup60_s20260616_nonbonded,BudgetDoS,m12_heavy_flood_dup60_s20260616,nonbonded,297177,PRIVPROBE:1,duplicate_filter,0,False,0,duplicate_filter
m12_heavy_flood_dup60_s20260616_nonbonded,BudgetDoS,m12_heavy_flood_dup60_s20260616,nonbonded,298336,PRIVPROBE:1,duplicate_filter,0,False,0,duplicate_filter
m12_heavy_flood_dup60_s20260616_nonbonded,BudgetDoS,m12_heavy_flood_dup60_s20260616,nonbonded,299519,PRIVPROBE:1,duplicate_filter,0,False,0,duplicate_filter
m12_heavy_flood_dup60_s20260616_nonbonded,BudgetDoS,m12_heavy_flood_dup60_s20260616,nonbonded,300644,PRIVPROBE:1,duplicate_filter,0,False,0,duplicate_filter
m12_heavy_flood_dup60_s20260616_nonbonded,BudgetDoS,m12_heavy_flood_dup60_s20260616,nonbonded,301795,PRIVPROBE:1,duplicate_filter,0,False,0,duplicate_filter
m12_heavy_flood_dup60_s20260616_nonbonded,BudgetDoS,m12_heavy_flood_dup60_s20260616,nonbonded,302930,PRIVPROBE:1,duplicate_filter,0,False,0,duplicate_filter
m12_heavy_flood_dup60_s20260616_nonbonded,BudgetDoS,m12_heavy_flood_dup60_s20260616,nonbonded,304073,PRIVPROBE:1,duplicate_filter,0,False,0,duplicate_filter
m12_heavy_flood_dup60_s20260616_nonbonded,BudgetDoS,m12_heavy_flood_dup60_s20260616,nonbonded,305109,PRIVPROBE:1,duplicate_filter,0,False,0,duplicate_filter
m12_heavy_flood_dup60_s20260616_nonbonded,BudgetDoS,m12_heavy_flood_dup60_s20260616,nonbonded,306170,PRIVPROBE:1,duplicate_filter,0,False,0,duplicate_filter
m12_heavy_flood_dup60_s20260616_nonbonded,BudgetDoS,m12_heavy_flood_dup60_s20260616,nonbonded,307237,PRIVPROBE:1,budget_skip,0,False,0,budget_skip
m12_heavy_flood_dup60_s20260616_nonbonded,BudgetDoS,m12_heavy_flood_dup60_s20260616,nonbonded,308331,PRIVPROBE:1,duplicate_filter,0,False,0,duplicate_filter
m12_heavy_flood_dup60_s20260616_nonbonded,BudgetDoS,m12_heavy_flood_dup60_s20260616,nonbonded,309449,PRIVPROBE:1,duplicate_filter,0,False,0,duplicate_filter
m12_heavy_flood_dup60_s20260616_nonbonded,BudgetDoS,m12_heavy_flood_dup60_s20260616,nonbonded,310532,PRIVPROBE:1,duplicate_filter,0,False,0,duplicate_filter
m12_heavy_flood_dup60_s20260616_nonbonded,BudgetDoS,m12_heavy_flood_dup60_s20260616,nonbonded,311668,PRIVPROBE:1,duplicate_filter,0,False,0,duplicate_filter
m12_heavy_flood_dup60_s20260616_nonbonded,BudgetDoS,m12_heavy_flood_dup60_s20260616,nonbonded,312790,PRIVPROBE:1,duplicate_filter,0,False,0,duplicate_filter
m12_heavy_flood_dup60_s20260616_nonbonded,BudgetDoS,m12_heavy_flood_dup60_s20260616,nonbonded,313920,PRIVPROBE:1,duplicate_filter,0,False,0,duplicate_filter
m12_heavy_flood_dup60_s20260616_nonbonded,BudgetDoS,m12_heavy_flood_dup60_s20260616,nonbonded,315066,PRIVPROBE:1,duplicate_filter,0,False,0,duplicate_filter
m12_heavy_flood_dup60_s20260616_nonbonded,BudgetDoS,m12_heavy_flood_dup60_s20260616,nonbonded,316209,PRIVPROBE:1,duplicate_filter,0,False,0,duplicate_filter
m12_heavy_flood_dup60_s20260616_nonbonded,BudgetDoS,m12_heavy_flood_dup60_s20260616,nonbonded,317324,PRIVPROBE:1,duplicate_filter,0,False,0,duplicate_filter
m12_heavy_flood_dup60_s20260616_nonbonded,BudgetDoS,m12_heavy_flood_dup60_s20260616,nonbonded,318457,PRIVPROBE:1,duplicate_filter,0,False,0,duplicate_filter
m12_heavy_flood_dup60_s20260616_nonbonded,BudgetDoS,m12_heavy_flood_dup60_s20260616,nonbonded,319519,PRIVPROBE:1,duplicate_filter,0,False,0,duplicate_filter
m12_heavy_flood_dup60_s20260616_nonbonded,BudgetDoS,m12_heavy_flood_dup60_s20260616,nonbonded,320617,PRIVPROBE:1,budget_skip,0,False,0,budget_skip
m12_heavy_flood_dup60_s20260616_nonbonded,BudgetDoS,m12_heavy_flood_dup60_s20260616,nonbonded,321799,PRIVPROBE:1,duplicate_filter,0,False,0,duplicate_filter
m12_heavy_flood_dup60_s20260616_nonbonded,BudgetDoS,m12_heavy_flood_dup60_s20260616,nonbonded,322837,PRIVPROBE:1,duplicate_filter,0,False,0,duplicate_filter
m12_heavy_flood_dup60_s20260616_nonbonded,BudgetDoS,m12_heavy_flood_dup60_s20260616,nonbonded,323941,PRIVPROBE:1,duplicate_filter,0,False,0,duplicate_filter
m12_heavy_flood_dup60_s20260616_nonbonded,BudgetDoS,m12_heavy_flood_dup60_s20260616,nonbonded,325082,PRIVPROBE:1,duplicate_filter,0,False,0,duplicate_filter
m12_heavy_flood_dup60_s20260616_nonbonded,BudgetDoS,m12_heavy_flood_dup60_s20260616,nonbonded,326175,PRIVPROBE:1,duplicate_filter,0,False,0,duplicate_filter
m12_heavy_flood_dup60_s20260616_nonbonded,BudgetDoS,m12_heavy_flood_dup60_s20260616,nonbonded,327293,PRIVPROBE:1,duplicate_filter,0,False,0,duplicate_filter
m12_heavy_flood_dup60_s20260616_nonbonded,BudgetDoS,m12_heavy_flood_dup60_s20260616,nonbonded,328346,PRIVPROBE:1,duplicate_filter,0,False,0,duplicate_filter
m12_heavy_flood_dup60_s20260616_nonbonded,BudgetDoS,m12_heavy_flood_dup60_s20260616,nonbonded,329436,PRIVPROBE:1,duplicate_filter,0,False,0,duplicate_filter
m12_heavy_flood_dup60_s20260616_nonbonded,BudgetDoS,m12_heavy_flood_dup60_s20260616,nonbonded,330550,PRIVPROBE:1,duplicate_filter,0,False,0,duplicate_filter
m12_heavy_flood_dup60_s20260616_nonbonded,BudgetDoS,m12_heavy_flood_dup60_s20260616,nonbonded,331684,PRIVPROBE:1,duplicate_filter,0,False,0,duplicate_filter
m12_heavy_flood_dup60_s20260616_nonbonded,BudgetDoS,m12_heavy_flood_dup60_s20260616,nonbonded,332859,PRIVPROBE:1,duplicate_filter,0,False,0,duplicate_filter
m12_heavy_flood_dup60_s20260616_nonbonded,BudgetDoS,m12_heavy_flood_dup60_s20260616,nonbonded,333971,PRIVPROBE:1,budget_skip,0,False,0,budget_skip
m12_heavy_flood_dup60_s20260616_nonbonded,BudgetDoS,m12_heavy_flood_dup60_s20260616,nonbonded,335095,PRIVPROBE:1,duplicate_filter,0,False,0,duplicate_filter
m12_heavy_flood_dup60_s20260616_nonbonded,BudgetDoS,m12_heavy_flood_dup60_s20260616,nonbonded,336124,PRIVPROBE:1,duplicate_filter,0,False,0,duplicate_filter
m12_heavy_flood_dup60_s20260616_nonbonded,BudgetDoS,m12_heavy_flood_dup60_s20260616,nonbonded,337307,PRIVPROBE:1,duplicate_filter,0,False,0,duplicate_filter
m12_heavy_flood_dup60_s20260616_nonbonded,BudgetDoS,m12_heavy_flood_dup60_s20260616,nonbonded,338407,PRIVPROBE:1,duplicate_filter,0,False,0,duplicate_filter
m12_heavy_flood_dup60_s20260616_nonbonded,BudgetDoS,m12_heavy_flood_dup60_s20260616,nonbonded,339526,PRIVPROBE:1,duplicate_filter,0,False,0,duplicate_filter
m12_heavy_flood_dup60_s20260616_nonbonded,BudgetDoS,m12_heavy_flood_dup60_s20260616,nonbonded,340613,PRIVPROBE:1,duplicate_filter,0,False,0,duplicate_filter
m12_heavy_flood_dup60_s20260616_nonbonded,BudgetDoS,m12_heavy_flood_dup60_s20260616,nonbonded,341732,PRIVPROBE:1,duplicate_filter,0,False,0,duplicate_filter
m12_heavy_flood_dup60_s20260616_nonbonded,BudgetDoS,m12_heavy_flood_dup60_s20260616,nonbonded,342785,PRIVPROBE:1,duplicate_filter,0,False,0,duplicate_filter
m12_heavy_flood_dup60_s20260616_nonbonded,BudgetDoS,m12_heavy_flood_dup60_s20260616,nonbonded,343906,PRIVPROBE:1,duplicate_filter,0,False,0,duplicate_filter
m12_heavy_flood_dup60_s20260616_nonbonded,BudgetDoS,m12_heavy_flood_dup60_s20260616,nonbonded,345027,PRIVPROBE:1,duplicate_filter,0,False,0,duplicate_filter
m12_heavy_flood_dup60_s20260616_nonbonded,BudgetDoS,m12_heavy_flood_dup60_s20260616,nonbonded,346199,PRIVPROBE:1,duplicate_filter,0,False,0,duplicate_filter
m12_heavy_flood_dup60_s20260616_nonbonded,BudgetDoS,m12_heavy_flood_dup60_s20260616,nonbonded,347310,PRIVPROBE:1,budget_skip,0,False,0,budget_skip
m12_heavy_flood_dup60_s20260616_nonbonded,BudgetDoS,m12_heavy_flood_dup60_s20260616,nonbonded,348420,PRIVPROBE:1,duplicate_filter,0,False,0,duplicate_filter
m12_heavy_flood_dup60_s20260616_nonbonded,BudgetDoS,m12_heavy_flood_dup60_s20260616,nonbonded,349483,PRIVPROBE:1,duplicate_filter,0,False,0,duplicate_filter
m12_heavy_flood_dup60_s20260616_nonbonded,BudgetDoS,m12_heavy_flood_dup60_s20260616,nonbonded,350635,PRIVPROBE:1,duplicate_filter,0,False,0,duplicate_filter
m12_heavy_flood_dup60_s20260616_nonbonded,BudgetDoS,m12_heavy_flood_dup60_s20260616,nonbonded,351749,PRIVPROBE:1,duplicate_filter,0,False,0,duplicate_filter
m12_heavy_flood_dup60_s20260616_nonbonded,BudgetDoS,m12_heavy_flood_dup60_s20260616,nonbonded,352823,PRIVPROBE:1,duplicate_filter,0,False,0,duplicate_filter
m12_heavy_flood_dup60_s20260616_nonbonded,BudgetDoS,m12_heavy_flood_dup60_s20260616,nonbonded,353954,PRIVPROBE:1,duplicate_filter,0,False,0,duplicate_filter
m12_heavy_flood_dup60_s20260616_nonbonded,BudgetDoS,m12_heavy_flood_dup60_s20260616,nonbonded,355019,PRIVPROBE:1,duplicate_filter,0,False,0,duplicate_filter
m12_heavy_flood_dup60_s20260616_nonbonded,BudgetDoS,m12_heavy_flood_dup60_s20260616,nonbonded,356114,PRIVPROBE:1,duplicate_filter,0,False,0,duplicate_filter
m12_heavy_flood_dup60_s20260616_nonbonded,BudgetDoS,m12_heavy_flood_dup60_s20260616,nonbonded,357224,PRIVPROBE:1,duplicate_filter,0,False,0,duplicate_filter
m12_heavy_flood_dup60_s20260616_nonbonded,BudgetDoS,m12_heavy_flood_dup60_s20260616,nonbonded,358307,PRIVPROBE:1,duplicate_filter,0,False,0,duplicate_filter
m12_heavy_flood_dup60_s20260616_nonbonded,BudgetDoS,m12_heavy_flood_dup60_s20260616,nonbonded,359413,PRIVPROBE:1,duplicate_filter,0,False,0,duplicate_filter
m12_heavy_flood_dup60_s20260616_nonbonded,BudgetDoS,m12_heavy_flood_dup60_s20260616,nonbonded,360456,PRIVPROBE:1,budget_skip,0,False,0,budget_skip
m12_heavy_flood_dup60_s20260616_nonbonded,BudgetDoS,m12_heavy_flood_dup60_s20260616,nonbonded,361602,PRIVPROBE:1,duplicate_filter,0,False,0,duplicate_filter
m12_heavy_flood_dup60_s20260616_nonbonded,BudgetDoS,m12_heavy_flood_dup60_s20260616,nonbonded,362691,PRIVPROBE:1,duplicate_filter,0,False,0,duplicate_filter
m12_heavy_flood_dup60_s20260616_nonbonded,BudgetDoS,m12_heavy_flood_dup60_s20260616,nonbonded,363715,PRIVPROBE:1,duplicate_filter,0,False,0,duplicate_filter
m12_heavy_flood_dup60_s20260616_nonbonded,BudgetDoS,m12_heavy_flood_dup60_s20260616,nonbonded,364825,PRIVPROBE:1,duplicate_filter,0,False,0,duplicate_filter
m12_heavy_flood_dup60_s20260616_nonbonded,BudgetDoS,m12_heavy_flood_dup60_s20260616,nonbonded,365883,PRIVPROBE:1,duplicate_filter,0,False,0,duplicate_filter
m12_heavy_flood_dup60_s20260616_nonbonded,BudgetDoS,m12_heavy_flood_dup60_s20260616,nonbonded,366941,PRIVPROBE:1,duplicate_filter,0,False,0,duplicate_filter
m12_heavy_flood_dup60_s20260616_nonbonded,BudgetDoS,m12_heavy_flood_dup60_s20260616,nonbonded,368101,PRIVPROBE:1,duplicate_filter,0,False,0,duplicate_filter
m12_heavy_flood_dup60_s20260616_nonbonded,BudgetDoS,m12_heavy_flood_dup60_s20260616,nonbonded,369166,PRIVPROBE:1,duplicate_filter,0,False,0,duplicate_filter
m12_heavy_flood_dup60_s20260616_nonbonded,BudgetDoS,m12_heavy_flood_dup60_s20260616,nonbonded,370215,PRIVPROBE:1,duplicate_filter,0,False,0,duplicate_filter
m12_heavy_flood_dup60_s20260616_nonbonded,BudgetDoS,m12_heavy_flood_dup60_s20260616,nonbonded,371374,PRIVPROBE:1,duplicate_filter,0,False,0,duplicate_filter
m12_heavy_flood_dup60_s20260616_nonbonded,BudgetDoS,m12_heavy_flood_dup60_s20260616,nonbonded,372456,PRIVPROBE:1,duplicate_filter,0,False,0,duplicate_filter
m12_heavy_flood_dup60_s20260616_nonbonded,BudgetDoS,m12_heavy_flood_dup60_s20260616,nonbonded,373477,PRIVPROBE:1,budget_skip,0,False,0,budget_skip
m12_heavy_flood_dup60_s20260616_nonbonded,BudgetDoS,m12_heavy_flood_dup60_s20260616,nonbonded,374549,PRIVPROBE:1,duplicate_filter,0,False,0,duplicate_filter
m12_heavy_flood_dup60_s20260616_nonbonded,BudgetDoS,m12_heavy_flood_dup60_s20260616,nonbonded,375664,PRIVPROBE:1,duplicate_filter,0,False,0,duplicate_filter
m12_heavy_flood_dup60_s20260616_nonbonded,BudgetDoS,m12_heavy_flood_dup60_s20260616,nonbonded,376775,PRIVPROBE:1,duplicate_filter,0,False,0,duplicate_filter
m12_heavy_flood_dup60_s20260616_nonbonded,BudgetDoS,m12_heavy_flood_dup60_s20260616,nonbonded,377886,PRIVPROBE:1,duplicate_filter,0,False,0,duplicate_filter
m12_heavy_flood_dup60_s20260616_nonbonded,BudgetDoS,m12_heavy_flood_dup60_s20260616,nonbonded,378932,PRIVPROBE:1,duplicate_filter,0,False,0,duplicate_filter
m12_heavy_flood_dup60_s20260616_nonbonded,BudgetDoS,m12_heavy_flood_dup60_s20260616,nonbonded,380093,PRIVPROBE:1,duplicate_filter,0,False,0,duplicate_filter
m12_heavy_flood_dup60_s20260616_nonbonded,BudgetDoS,m12_heavy_flood_dup60_s20260616,nonbonded,381213,PRIVPROBE:1,duplicate_filter,0,False,0,duplicate_filter
m12_heavy_flood_dup60_s20260616_nonbonded,BudgetDoS,m12_heavy_flood_dup60_s20260616,nonbonded,382330,PRIVPROBE:1,duplicate_filter,0,False,0,duplicate_filter
m12_heavy_flood_dup60_s20260616_nonbonded,BudgetDoS,m12_heavy_flood_dup60_s20260616,nonbonded,383484,PRIVPROBE:1,duplicate_filter,0,False,0,duplicate_filter
m12_heavy_flood_dup60_s20260616_nonbonded,BudgetDoS,m12_heavy_flood_dup60_s20260616,nonbonded,384649,PRIVPROBE:1,duplicate_filter,0,False,0,duplicate_filter
m12_heavy_flood_dup60_s20260616_nonbonded,BudgetDoS,m12_heavy_flood_dup60_s20260616,nonbonded,385781,PRIVPROBE:1,duplicate_filter,0,False,0,duplicate_filter
m12_heavy_flood_dup60_s20260616_nonbonded,BudgetDoS,m12_heavy_flood_dup60_s20260616,nonbonded,386901,PRIVPROBE:1,budget_skip,0,False,0,budget_skip
m12_heavy_flood_dup60_s20260616_nonbonded,BudgetDoS,m12_heavy_flood_dup60_s20260616,nonbonded,388003,PRIVPROBE:1,duplicate_filter,0,False,0,duplicate_filter
m12_heavy_flood_dup60_s20260616_nonbonded,BudgetDoS,m12_heavy_flood_dup60_s20260616,nonbonded,389101,PRIVPROBE:1,duplicate_filter,0,False,0,duplicate_filter
m12_heavy_flood_dup60_s20260616_nonbonded,BudgetDoS,m12_heavy_flood_dup60_s20260616,nonbonded,390235,PRIVPROBE:1,duplicate_filter,0,False,0,duplicate_filter
m12_heavy_flood_dup60_s20260616_nonbonded,BudgetDoS,m12_heavy_flood_dup60_s20260616,nonbonded,391340,PRIVPROBE:1,duplicate_filter,0,False,0,duplicate_filter
m12_heavy_flood_dup60_s20260616_nonbonded,BudgetDoS,m12_heavy_flood_dup60_s20260616,nonbonded,392452,PRIVPROBE:1,duplicate_filter,0,False,0,duplicate_filter
m12_heavy_flood_dup60_s20260616_nonbonded,BudgetDoS,m12_heavy_flood_dup60_s20260616,nonbonded,393527,PRIVPROBE:1,duplicate_filter,0,False,0,duplicate_filter
m12_heavy_flood_dup60_s20260616_nonbonded,BudgetDoS,m12_heavy_flood_dup60_s20260616,nonbonded,394564,PRIVPROBE:1,duplicate_filter,0,False,0,duplicate_filter
m12_heavy_flood_dup60_s20260616_nonbonded,BudgetDoS,m12_heavy_flood_dup60_s20260616,nonbonded,395723,PRIVPROBE:1,duplicate_filter,0,False,0,duplicate_filter
m12_heavy_flood_dup60_s20260616_nonbonded,BudgetDoS,m12_heavy_flood_dup60_s20260616,nonbonded,396823,PRIVPROBE:1,duplicate_filter,0,False,0,duplicate_filter
m12_heavy_flood_dup60_s20260616_nonbonded,BudgetDoS,m12_heavy_flood_dup60_s20260616,nonbonded,397890,PRIVPROBE:1,duplicate_filter,0,False,0,duplicate_filter
m12_heavy_flood_dup60_s20260616_nonbonded,BudgetDoS,m12_heavy_flood_dup60_s20260616,nonbonded,399000,PRIVPROBE:1,duplicate_filter,0,False,0,duplicate_filter
