run_id,method,summary_warmup_applied,summary_warmup_s,summary_measurement_s,aes_attempts_total,aes_attempts_per_legit_resolved,legit_resolution_rate,p50_resolution_delay_ms,p95_resolution_delay_ms,p99_resolution_delay_ms,reserve_grant_legit_p50_delay_ms,reserve_grant_legit_p95_delay_ms,reserve_grant_legit_p99_delay_ms,attack_aes_amplification,false_defer_legit_rate,reserve_grant_legit_count,reserve_grant_attack_count,duplicate_filter_legit_count,duplicate_filter_attack_count,cache_hit_legit_count,host_scan_legit_count,budget_skip_legit_count,budget_skip_attack_count,estimated_energy_uJ,sram_bytes,suite,m14_phase,m14_scenario,attack_strategy,attack_addr_pool_size,attack_repeats_per_addr,attack_repeat_interval_s,unique_attack_rpa,duplicate_filter_window_s,persist_reserve,persist_k,seed,estimated_attack_event_count,dup_removable_fraction
m14_confirm_unique_dup0_s20260610,P3-Persist,True,300,1500,1358795,550.342244,0.954387,0,0.0,0.0,0.0,100.0,100.0,45460.8,0.051797,196,0,0,0,2259,3,11,22566,163055.4,6832,m14_adaptive_refinement,confirm,heavy_flood,unique,0,1,0.0,True,0,200,1,20260610,24821.0,0.0
m14_confirm_unique_dup0_s20260611,P3-Persist,True,300,1500,1353752,551.87607,0.957082,0,0.0,0.0,0.0,100.0,100.0,45480.96,0.050332,186,0,0,0,2256,3,8,22458,162450.24,6832,m14_adaptive_refinement,confirm,heavy_flood,unique,0,1,0.0,True,0,200,1,20260611,24714.0,0.0
m14_confirm_unique_dup0_s20260612,P3-Persist,True,300,1500,1366355,554.97766,0.957232,0.0,0.0,0.0,0,100.0,100.0,45097.92,0.0486,211,0,0,0,2239,1,3,22513,163962.6,6832,m14_adaptive_refinement,confirm,heavy_flood,unique,0,1,0.0,True,0,200,1,20260612,24750.0,0.0
m14_confirm_unique_dup0_s20260613,P3-Persist,True,300,1500,1375931,548.83566,0.955776,0,0.0,0.0,0.0,100.0,100.0,45662.4,0.049562,230,0,0,0,2263,3,5,22620,165111.72,6832,m14_adaptive_refinement,confirm,heavy_flood,unique,0,1,0.0,True,0,200,1,20260613,24885.0,0.0
m14_confirm_unique_dup0_s20260614,P3-Persist,True,300,1500,1369372,561.218033,0.952009,0.0,0.0,0.0,0,0.0,100.0,46045.44,0.051892,217,0,0,0,2217,2,7,22583,164324.64,6832,m14_adaptive_refinement,confirm,heavy_flood,unique,0,1,0.0,True,0,200,1,20260614,24867.0,0.0
m14_confirm_unique_dup0_s20260615,P3-Persist,True,300,1500,1357785,568.586683,0.953674,0.0,0.0,0.0,0.0,0.0,100.0,45843.84,0.048323,194,0,0,0,2183,2,9,22520,162934.2,6832,m14_adaptive_refinement,confirm,heavy_flood,unique,0,1,0.0,True,0,200,1,20260615,24794.0,0.0
m14_confirm_unique_dup0_s20260616,P3-Persist,True,300,1500,1354763,571.388865,0.952591,0,0.0,0.0,0.0,65.0,100.0,45662.4,0.051426,188,0,0,0,2170,2,6,22439,162571.56,6832,m14_adaptive_refinement,confirm,heavy_flood,unique,0,1,0.0,True,0,200,1,20260616,24704.0,0.0
m14_confirm_unique_dup0_s20260617,P3-Persist,True,300,1500,1366359,577.497464,0.953263,0.0,0.0,0.0,0,100.0,100.0,45259.2,0.052377,211,0,0,0,2139,1,10,22660,163963.08,6832,m14_adaptive_refinement,confirm,heavy_flood,unique,0,1,0.0,True,0,200,1,20260617,24905.0,0.0
m14_confirm_unique_dup0_s20260620,P3-Persist,True,300,1500,1364347,559.387864,0.959103,0,0.0,0.0,0,100.0,100.0,46025.28,0.047582,207,0,0,0,2207,6,4,22729,163721.64,6832,m14_adaptive_refinement,confirm,heavy_flood,unique,0,1,0.0,True,0,200,1,20260620,25012.0,0.0
m14_confirm_unique_dup0_s20260618,P3-Persist,True,300,1500,1356780,572.481013,0.952955,0.0,0.0,0.0,0.0,100.0,100.0,45420.48,0.051468,192,0,0,0,2162,4,5,22568,162813.6,6832,m14_adaptive_refinement,confirm,heavy_flood,unique,0,1,0.0,True,0,200,1,20260618,24821.0,0.0
m14_confirm_unique_dup0_s20260619,P3-Persist,True,300,1500,1365347,555.470708,0.957165,0.0,0.0,0.0,0,0.0,100.0,45722.88,0.046729,209,0,0,0,2235,3,10,22666,163841.64,6832,m14_adaptive_refinement,confirm,heavy_flood,unique,0,1,0.0,True,0,200,1,20260619,24934.0,0.0
m14_confirm_unique_dup0_s20260621,P3-Persist,True,300,1500,1375429,563.46948,0.95688,0,0,0.0,0,100.0,100.0,45722.88,0.049392,229,0,0,0,2194,5,3,22613,165051.48,6832,m14_adaptive_refinement,confirm,heavy_flood,unique,0,1,0.0,True,0,200,1,20260621,24881.0,0.0
m14_confirm_unique_dup0_s20260622,P3-Persist,True,300,1500,1353755,560.329056,0.957211,0.0,0.0,0.0,0.0,100.0,100.0,46206.72,0.049128,186,0,0,0,2216,3,4,22523,162450.6,6832,m14_adaptive_refinement,confirm,heavy_flood,unique,0,1,0.0,True,0,200,1,20260622,24815.0,0.0
m14_confirm_unique_dup0_s20260623,P3-Persist,True,300,1500,1349723,547.999594,0.956134,0,0.0,0.0,0.0,0.0,100.0,46448.64,0.046972,178,0,0,0,2271,3,5,22613,161966.76,6832,m14_adaptive_refinement,confirm,heavy_flood,unique,0,1,0.0,True,0,200,1,20260623,24917.0,0.0
m14_confirm_unique_dup0_s20260624,P3-Persist,True,300,1500,1358292,546.816425,0.956488,0.0,0.0,0.0,0,100.0,100.0,45702.72,0.049288,195,0,0,0,2273,4,6,22713,162995.04,6832,m14_adaptive_refinement,confirm,heavy_flood,unique,0,1,0.0,True,0,200,1,20260624,24980.0,0.0
m14_confirm_unique_dup0_s20260625,P3-Persist,True,300,1500,1355769,544.485542,0.957324,0.0,0.0,0.0,0.0,55.0,100.0,45601.92,0.046521,190,0,0,0,2288,3,3,22499,162692.28,6832,m14_adaptive_refinement,confirm,heavy_flood,unique,0,1,0.0,True,0,200,1,20260625,24761.0,0.0
m14_confirm_unique_dup0_s20260626,P3-Persist,True,300,1500,1364845,550.784907,0.95935,0.0,0.0,0.0,0.0,100.0,100.0,46045.44,0.047619,208,0,0,0,2255,2,6,22475,163781.4,6832,m14_adaptive_refinement,confirm,heavy_flood,unique,0,1,0.0,True,0,200,1,20260626,24759.0,0.0
m14_confirm_unique_dup0_s20260627,P3-Persist,True,300,1500,1362822,555.347188,0.95375,0.0,0.0,0.0,0.0,100.0,100.0,45884.16,0.051691,204,0,0,0,2241,3,9,22648,163538.64,6832,m14_adaptive_refinement,confirm,heavy_flood,unique,0,1,0.0,True,0,200,1,20260627,24924.0,0.0
m14_confirm_unique_dup0_s20260628,P3-Persist,True,300,1500,1355269,565.874322,0.955325,0,0.0,100.0,0,100.0,100.0,46247.04,0.055445,189,0,0,0,2190,3,11,22708,162632.28,6832,m14_adaptive_refinement,confirm,heavy_flood,unique,0,1,0.0,True,0,200,1,20260628,25002.0,0.0
m14_confirm_unique_dup0_s20260629,P3-Persist,True,300,1500,1367868,561.983566,0.955634,0.0,0.0,0.0,0.0,35.0,100.0,45763.2,0.048685,214,0,0,0,2202,6,9,22314,164144.16,6832,m14_adaptive_refinement,confirm,heavy_flood,unique,0,1,0.0,True,0,200,1,20260629,24584.0,0.0
m14_confirm_unique_dup60_s20260610,P3-Persist,True,300,1500,1358289,565.718034,0.928102,0,0,0,0,100.0,100.0,45460.8,0.079629,195,0,68,0,2194,3,11,22566,162994.68,6832,m14_adaptive_refinement,confirm,heavy_flood,unique,0,1,0.0,True,60,200,1,20260610,24821.0,0.0
m14_confirm_unique_dup60_s20260611,P3-Persist,True,300,1500,1351231,569.179023,0.926258,0.0,0.0,0.0,0,100,100.0,45420.48,0.082716,181,0,79,0,2180,6,9,22458,162147.72,6832,m14_adaptive_refinement,confirm,heavy_flood,unique,0,1,0.0,True,60,200,1,20260611,24711.0,0.0
m14_confirm_unique_dup60_s20260612,P3-Persist,True,300,1500,1362829,571.177284,0.927683,0.0,0.0,0.0,0.0,100.0,100.0,45097.92,0.07776,204,0,76,0,2168,1,3,22513,163539.48,6832,m14_adaptive_refinement,confirm,heavy_flood,unique,0,1,0.0,True,60,200,1,20260612,24750.0,0.0
m14_confirm_unique_dup60_s20260613,P3-Persist,True,300,1500,1370388,557.521562,0.937095,0.0,0.0,0.0,0,100.0,100.0,45662.4,0.067861,219,0,48,0,2224,3,5,22620,164446.56,6832,m14_adaptive_refinement,confirm,heavy_flood,unique,0,1,0.0,True,60,200,1,20260613,24885.0,0.0
m14_confirm_unique_dup60_s20260614,P3-Persist,True,300,1500,1364837,574.184687,0.927429,0,0.0,0.0,0.0,65.0,100.0,46045.44,0.076863,208,0,63,0,2162,2,7,22583,163780.44,6832,m14_adaptive_refinement,confirm,heavy_flood,unique,0,1,0.0,True,60,200,1,20260614,24867.0,0.0
m14_confirm_unique_dup60_s20260615,P3-Persist,True,300,1500,1356274,584.348988,0.926917,0,0,0.0,0,0.0,100.0,45823.68,0.07508,191,0,67,0,2117,3,9,22520,162752.88,6832,m14_adaptive_refinement,confirm,heavy_flood,unique,0,1,0.0,True,60,200,1,20260615,24793.0,0.0
m14_confirm_unique_dup60_s20260616,P3-Persist,True,300,1500,1352745,588.405829,0.923664,0,0.0,0.0,0.0,100.0,100.0,45662.4,0.080755,184,0,73,0,2104,2,6,22439,162329.4,6832,m14_adaptive_refinement,confirm,heavy_flood,unique,0,1,0.0,True,60,200,1,20260616,24704.0,0.0
m14_confirm_unique_dup60_s20260617,P3-Persist,True,300,1500,1365853,596.182017,0.923046,0,0.0,0.0,0.0,100.0,100.0,45239.04,0.081789,210,0,76,0,2066,2,10,22660,163902.36,6832,m14_adaptive_refinement,confirm,heavy_flood,unique,0,1,0.0,True,60,200,1,20260617,24904.0,0.0
m14_confirm_unique_dup60_s20260618,P3-Persist,True,300,1500,1352245,588.188343,0.924407,0,0.0,0.0,0,100.0,100.0,45420.48,0.080016,183,0,71,0,2099,4,5,22568,162269.4,6832,m14_adaptive_refinement,confirm,heavy_flood,unique,0,1,0.0,True,60,200,1,20260618,24821.0,0.0
m14_confirm_unique_dup60_s20260619,P3-Persist,True,300,1500,1360310,570.599832,0.928349,0.0,0.0,0.0,0,100.0,100.0,45722.88,0.075935,199,0,76,0,2168,3,10,22666,163237.2,6832,m14_adaptive_refinement,confirm,heavy_flood,unique,0,1,0.0,True,60,200,1,20260619,24934.0,0.0
m14_confirm_unique_dup60_s20260620,P3-Persist,True,300,1500,1356275,570.582667,0.934723,0,0.0,0.0,0,100.0,100.0,46025.28,0.071176,191,0,59,0,2169,6,4,22729,162753.0,6832,m14_adaptive_refinement,confirm,heavy_flood,unique,0,1,0.0,True,60,200,1,20260620,25012.0,0.0
m14_confirm_unique_dup60_s20260621,P3-Persist,True,300,1500,1368879,572.513174,0.937279,0,0.0,0.0,0.0,100.0,100.0,45722.88,0.068601,216,0,52,0,2155,5,3,22613,164265.48,6832,m14_adaptive_refinement,confirm,heavy_flood,unique,0,1,0.0,True,60,200,1,20260621,24881.0,0.0
m14_confirm_unique_dup60_s20260622,P3-Persist,True,300,1500,1350728,581.9595,0.919572,0,0,0.0,0.0,100.0,100.0,46186.56,0.087163,180,0,94,0,2129,4,4,22523,162087.36,6832,m14_adaptive_refinement,confirm,heavy_flood,unique,0,1,0.0,True,60,200,1,20260622,24814.0,0.0
m14_confirm_unique_dup60_s20260623,P3-Persist,True,300,1500,1347198,561.566486,0.931289,0,0.0,0.0,0,0.0,100.0,46448.64,0.071817,173,0,63,0,2217,3,5,22613,161663.76,6832,m14_adaptive_refinement,confirm,heavy_flood,unique,0,1,0.0,True,60,200,1,20260623,24917.0,0.0
m14_confirm_unique_dup60_s20260624,P3-Persist,True,300,1500,1355770,560.004131,0.932229,0,0,0.0,0.0,100.0,100.0,45702.72,0.073546,190,0,64,0,2217,4,6,22713,162692.4,6832,m14_adaptive_refinement,confirm,heavy_flood,unique,0,1,0.0,True,60,200,1,20260624,24980.0,0.0
m14_confirm_unique_dup60_s20260625,P3-Persist,True,300,1500,1349724,563.323873,0.921184,0.0,0.0,0.0,0.0,0.0,100.0,45601.92,0.081892,178,0,94,0,2203,3,3,22500,161966.88,6832,m14_adaptive_refinement,confirm,heavy_flood,unique,0,1,0.0,True,60,200,1,20260625,24762.0,0.0
m14_confirm_unique_dup60_s20260626,P3-Persist,True,300,1500,1364842,565.62039,0.934185,0,0.0,0.0,0.0,100.0,100.0,46045.44,0.072396,208,0,66,0,2193,2,7,22475,163781.04,6832,m14_adaptive_refinement,confirm,heavy_flood,unique,0,1,0.0,True,60,200,1,20260626,24759.0,0.0
m14_confirm_unique_dup60_s20260627,P3-Persist,True,300,1500,1358794,569.009213,0.928099,0.0,0.0,0.0,0.0,0.0,100.0,45884.16,0.075398,196,0,66,0,2179,3,9,22648,163055.28,6832,m14_adaptive_refinement,confirm,heavy_flood,unique,0,1,0.0,True,60,200,1,20260627,24924.0,0.0
m14_confirm_unique_dup60_s20260628,P3-Persist,True,300,1500,1353753,583.262818,0.925808,0,0,100.0,0.0,100.0,100.0,46247.04,0.084164,186,0,72,0,2123,3,10,22708,162450.36,6832,m14_adaptive_refinement,confirm,heavy_flood,unique,0,1,0.0,True,60,200,1,20260628,25002.0,0.0
m14_confirm_unique_dup60_s20260629,P3-Persist,True,300,1500,1364839,572.739824,0.935611,0,0.0,0.0,0.0,65.0,100.0,45743.04,0.068708,208,0,48,0,2161,7,9,22314,163780.68,6832,m14_adaptive_refinement,confirm,heavy_flood,unique,0,1,0.0,True,60,200,1,20260629,24583.0,0.0
m14_confirm_pool224_r1_p120_dup0_s20260610,P3-Persist,True,300,1500,3780007,2266.191247,0.644762,0.0,0.0,0.0,0,100,100.0,145756.8,0.356784,21,4979,0,0,1632,8,55,22116,453600.84,6832,m14_adaptive_refinement,confirm,heavy_flood,pool224_r1_p120,224,1,120.0,False,0,200,1,20260610,29346.0,0.0
m14_confirm_pool224_r1_p120_dup0_s20260611,P3-Persist,True,300,1500,3780007,2217.012903,0.665236,0,0.0,0.0,0.0,100.0,100.0,145797.12,0.336715,18,4982,0,0,1671,9,76,22051,453600.84,6832,m14_adaptive_refinement,confirm,heavy_flood,pool224_r1_p120,224,1,120.0,False,0,200,1,20260611,29283.0,0.0
m14_confirm_pool224_r1_p120_dup0_s20260612,P3-Persist,True,300,1500,3780007,2183.712883,0.673017,0,0.0,0.0,0.0,0.0,0.0,145474.56,0.327372,18,4982,0,0,1701,5,55,22039,453600.84,6832,m14_adaptive_refinement,confirm,heavy_flood,pool224_r1_p120,224,1,120.0,False,0,200,1,20260612,29255.0,0.0
m14_confirm_pool224_r1_p120_dup0_s20260613,P3-Persist,True,300,1500,3780006,2250.003571,0.640488,0.0,0.0,0.0,0,30.0,86.0,146039.04,0.359893,15,4985,0,0,1649,10,44,22149,453600.72,6832,m14_adaptive_refinement,confirm,heavy_flood,pool224_r1_p120,224,1,120.0,False,0,200,1,20260613,29393.0,0.0
m14_confirm_pool224_r1_p120_dup0_s20260614,P3-Persist,True,300,1500,3780008,2366.943018,0.623098,0,0.0,0.0,0.0,35.0,87.0,146502.72,0.377292,14,4986,0,0,1568,7,51,22146,453600.96,6832,m14_adaptive_refinement,confirm,heavy_flood,pool224_r1_p120,224,1,120.0,False,0,200,1,20260614,29413.0,0.0
m14_confirm_pool224_r1_p120_dup0_s20260615,P3-Persist,True,300,1500,3780007,2313.345777,0.652556,0.0,0.0,0.0,0,0.0,0.0,146260.8,0.347444,13,4987,0,0,1606,8,54,22057,453600.84,6832,m14_adaptive_refinement,confirm,heavy_flood,pool224_r1_p120,224,1,120.0,False,0,200,1,20260615,29312.0,0.0
m14_confirm_pool224_r1_p120_dup0_s20260616,P3-Persist,True,300,1500,3780007,2545.459259,0.596625,0,0.0,0.0,0.0,0.0,0.0,146139.84,0.403375,14,4986,0,0,1459,5,54,21987,453600.84,6832,m14_adaptive_refinement,confirm,heavy_flood,pool224_r1_p120,224,1,120.0,False,0,200,1,20260616,29236.0,0.0
m14_confirm_pool224_r1_p120_dup0_s20260617,P3-Persist,True,300,1500,3780008,2350.751244,0.647865,0.0,0.0,0.0,0,10.0,82.0,145615.68,0.352941,19,4981,0,0,1577,4,109,22207,453600.96,6832,m14_adaptive_refinement,confirm,heavy_flood,pool224_r1_p120,224,1,120.0,False,0,200,1,20260617,29430.0,0.0
m14_confirm_pool224_r1_p120_dup0_s20260618,P3-Persist,True,300,1500,3780007,2353.678082,0.645758,0.0,0.0,0.0,0,20.0,84.0,145837.44,0.354644,17,4983,0,0,1576,6,42,22099,453600.84,6832,m14_adaptive_refinement,confirm,heavy_flood,pool224_r1_p120,224,1,120.0,False,0,200,1,20260618,29333.0,0.0
m14_confirm_pool224_r1_p120_dup0_s20260619,P3-Persist,True,300,1500,3780006,2293.692961,0.641745,0.0,0.0,0.0,0,0.0,0.0,146180.16,0.358645,13,4987,0,0,1621,8,73,22171,453600.72,6832,m14_adaptive_refinement,confirm,heavy_flood,pool224_r1_p120,224,1,120.0,False,0,200,1,20260619,29422.0,0.0
m14_confirm_pool224_r1_p120_dup0_s20260620,P3-Persist,True,300,1500,3780006,2493.407652,0.596146,0.0,0.0,0.0,0.0,15.0,83.0,146321.28,0.40464,18,4982,0,0,1479,13,71,22264,453600.72,6832,m14_adaptive_refinement,confirm,heavy_flood,pool224_r1_p120,224,1,120.0,False,0,200,1,20260620,29522.0,0.0
m14_confirm_pool224_r1_p120_dup0_s20260621,P3-Persist,True,300,1500,3780006,2260.769139,0.655429,0.0,0.0,0.0,0.0,100.0,100.0,146099.52,0.346139,18,4982,0,0,1638,10,52,22135,453600.72,6832,m14_adaptive_refinement,confirm,heavy_flood,pool224_r1_p120,224,1,120.0,False,0,200,1,20260621,29382.0,0.0
m14_confirm_pool224_r1_p120_dup0_s20260622,P3-Persist,True,300,1500,3780007,2303.477757,0.650158,0,0,0.0,0,50.0,90.0,146744.64,0.350238,11,4989,0,0,1616,7,41,22075,453600.84,6832,m14_adaptive_refinement,confirm,heavy_flood,pool224_r1_p120,224,1,120.0,False,0,200,1,20260622,29354.0,0.0
m14_confirm_pool224_r1_p120_dup0_s20260623,P3-Persist,True,300,1500,3780007,2267.55069,0.647127,0,0.0,0.0,0.0,0.0,0.0,146966.4,0.352873,10,4990,0,0,1642,8,72,22170,453600.84,6832,m14_adaptive_refinement,confirm,heavy_flood,pool224_r1_p120,224,1,120.0,False,0,200,1,20260623,29460.0,0.0
m14_confirm_pool224_r1_p120_dup0_s20260624,P3-Persist,True,300,1500,3780008,2207.948598,0.659222,0.0,0.0,0.0,0.0,100.0,100.0,146059.2,0.341548,14,4986,0,0,1678,12,64,22247,453600.96,6832,m14_adaptive_refinement,confirm,heavy_flood,pool224_r1_p120,224,1,120.0,False,0,200,1,20260624,29492.0,0.0
m14_confirm_pool224_r1_p120_dup0_s20260625,P3-Persist,True,300,1500,3780007,2311.930887,0.628604,0,0.0,0.0,0,0.0,0.0,145978.56,0.371396,17,4983,0,0,1604,7,45,22062,453600.84,6832,m14_adaptive_refinement,confirm,heavy_flood,pool224_r1_p120,224,1,120.0,False,0,200,1,20260625,29303.0,0.0
m14_confirm_pool224_r1_p120_dup0_s20260626,P3-Persist,True,300,1500,3780007,2386.368056,0.61324,0.0,0.0,0.0,0,0.0,0.0,146502.72,0.38676,9,4991,0,0,1558,10,61,22018,453600.84,6832,m14_adaptive_refinement,confirm,heavy_flood,pool224_r1_p120,224,1,120.0,False,0,200,1,20260626,29285.0,0.0
m14_confirm_pool224_r1_p120_dup0_s20260627,P3-Persist,True,300,1500,3780007,2252.685936,0.652157,0.0,0.0,0.0,0.0,35.0,87.0,146280.96,0.348232,14,4986,0,0,1648,9,72,22176,453600.84,6832,m14_adaptive_refinement,confirm,heavy_flood,pool224_r1_p120,224,1,120.0,False,0,200,1,20260627,29432.0,0.0
m14_confirm_pool224_r1_p120_dup0_s20260628,P3-Persist,True,300,1500,3780007,2416.884271,0.623853,0.0,0.0,0.0,0,10.0,82.0,146563.2,0.377343,19,4981,0,0,1529,9,110,22221,453600.84,6832,m14_adaptive_refinement,confirm,heavy_flood,pool224_r1_p120,224,1,120.0,False,0,200,1,20260628,29491.0,0.0
m14_confirm_pool224_r1_p120_dup0_s20260629,P3-Persist,True,300,1500,3780007,2277.112651,0.651747,0.0,0.0,0.0,0.0,0.0,0.0,146119.68,0.348253,20,4980,0,0,1624,9,53,21879,453600.84,6832,m14_adaptive_refinement,confirm,heavy_flood,pool224_r1_p120,224,1,120.0,False,0,200,1,20260629,29127.0,0.0
m14_confirm_pool224_r1_p120_dup60_s20260610,P3-Persist,True,300,1500,3044169,1267.875469,0.928102,0,0,0,0,100.0,100.0,112896.0,0.079629,195,3345,68,244077,2194,3,11,0,365300.28,6832,m14_adaptive_refinement,confirm,heavy_flood,pool224_r1_p120,224,1,120.0,False,60,200,1,20260610,249677.0,0.977571
m14_confirm_pool224_r1_p120_dup60_s20260611,P3-Persist,True,300,1500,3037111,1279.322241,0.926258,0.0,0.0,0.0,0,100,100.0,112855.68,0.082716,181,3345,79,244406,2180,6,9,0,364453.32,6832,m14_adaptive_refinement,confirm,heavy_flood,pool224_r1_p120,224,1,120.0,False,60,200,1,20260611,250004.0,0.977608
m14_confirm_pool224_r1_p120_dup60_s20260612,P3-Persist,True,300,1500,3056269,1280.917435,0.927683,0.0,0.0,0.0,0.0,100.0,100.0,112835.52,0.07776,204,3360,76,244071,2168,1,3,1,366752.28,6832,m14_adaptive_refinement,confirm,heavy_flood,pool224_r1_p120,224,1,120.0,False,60,200,1,20260612,249669.0,0.977578
m14_confirm_pool224_r1_p120_dup60_s20260613,P3-Persist,True,300,1500,3047700,1239.910496,0.937095,0.0,0.0,0.0,0,100.0,100.0,112754.88,0.067861,219,3328,48,245019,2224,3,5,1,365724.0,6832,m14_adaptive_refinement,confirm,heavy_flood,pool224_r1_p120,224,1,120.0,False,60,200,1,20260613,250613.0,0.977679
m14_confirm_pool224_r1_p120_dup60_s20260614,P3-Persist,True,300,1500,3034085,1276.434581,0.927429,0,0.0,0.0,0.0,65.0,100.0,112815.36,0.076863,208,3312,63,244096,2162,2,7,1,364090.2,6832,m14_adaptive_refinement,confirm,heavy_flood,pool224_r1_p120,224,1,120.0,False,60,200,1,20260614,249693.0,0.977584
m14_confirm_pool224_r1_p120_dup60_s20260615,P3-Persist,True,300,1500,3030058,1305.496769,0.926917,0,0,0.0,0,0.0,100.0,112775.04,0.07508,191,3321,67,243671,2117,3,9,0,363606.96,6832,m14_adaptive_refinement,confirm,heavy_flood,pool224_r1_p120,224,1,120.0,False,60,200,1,20260615,249265.0,0.977558
m14_confirm_pool224_r1_p120_dup60_s20260616,P3-Persist,True,300,1500,3030561,1318.208351,0.923664,0,0.0,0.0,0.0,100.0,100.0,112775.04,0.080755,184,3329,73,244312,2104,2,6,1,363667.32,6832,m14_adaptive_refinement,confirm,heavy_flood,pool224_r1_p120,224,1,120.0,False,60,200,1,20260616,249907.0,0.977612
m14_confirm_pool224_r1_p120_dup60_s20260617,P3-Persist,True,300,1500,3055261,1333.592754,0.923046,0,0.0,0.0,0.0,100.0,100.0,112815.36,0.081789,210,3352,76,244984,2066,2,10,0,366631.32,6832,m14_adaptive_refinement,confirm,heavy_flood,pool224_r1_p120,224,1,120.0,False,60,200,1,20260617,250580.0,0.977668
m14_confirm_pool224_r1_p120_dup60_s20260618,P3-Persist,True,300,1500,3038629,1321.717703,0.924407,0,0.0,0.0,0,100.0,100.0,112875.84,0.080016,183,3346,71,243915,2099,4,5,0,364635.48,6832,m14_adaptive_refinement,confirm,heavy_flood,pool224_r1_p120,224,1,120.0,False,60,200,1,20260618,249514.0,0.97756
m14_confirm_pool224_r1_p120_dup60_s20260619,P3-Persist,True,300,1500,3039134,1274.80453,0.928349,0.0,0.0,0.0,0,100.0,100.0,112875.84,0.075935,199,3331,76,243652,2168,3,10,0,364696.08,6832,m14_adaptive_refinement,confirm,heavy_flood,pool224_r1_p120,224,1,120.0,False,60,200,1,20260619,249251.0,0.977537
m14_confirm_pool224_r1_p120_dup60_s20260620,P3-Persist,True,300,1500,3026531,1273.256626,0.934723,0,0.0,0.0,0,100.0,100.0,112835.52,0.071176,191,3314,59,244920,2169,6,4,0,363183.72,6832,m14_adaptive_refinement,confirm,heavy_flood,pool224_r1_p120,224,1,120.0,False,60,200,1,20260620,250517.0,0.977658
m14_confirm_pool224_r1_p120_dup60_s20260621,P3-Persist,True,300,1500,3046695,1274.23463,0.937279,0,0.0,0.0,0.0,100.0,100.0,112835.52,0.068601,216,3329,52,244635,2155,5,3,0,365603.4,6832,m14_adaptive_refinement,confirm,heavy_flood,pool224_r1_p120,224,1,120.0,False,60,200,1,20260621,250232.0,0.977633
m14_confirm_pool224_r1_p120_dup60_s20260622,P3-Persist,True,300,1500,3014936,1298.981474,0.919572,0,0,0.0,0.0,100.0,100.0,112754.88,0.087163,180,3302,94,244065,2129,4,4,1,361792.32,6832,m14_adaptive_refinement,confirm,heavy_flood,pool224_r1_p120,224,1,120.0,False,60,200,1,20260622,249659.0,0.977593
m14_confirm_pool224_r1_p120_dup60_s20260623,P3-Persist,True,300,1500,3004350,1252.334306,0.931289,0,0.0,0.0,0,0.0,100.0,112734.72,0.071817,173,3288,63,244666,2217,3,5,0,360522.0,6832,m14_adaptive_refinement,confirm,heavy_flood,pool224_r1_p120,224,1,120.0,False,60,200,1,20260623,250258.0,0.977655
m14_confirm_pool224_r1_p120_dup60_s20260624,P3-Persist,True,300,1500,3035098,1253.654688,0.932229,0,0,0.0,0.0,100.0,100.0,112875.84,0.073546,190,3332,64,244457,2217,4,6,0,364211.76,6832,m14_adaptive_refinement,confirm,heavy_flood,pool224_r1_p120,224,1,120.0,False,60,200,1,20260624,250056.0,0.977609
m14_confirm_pool224_r1_p120_dup60_s20260625,P3-Persist,True,300,1500,3031068,1265.053422,0.921184,0.0,0.0,0.0,0.0,0.0,100.0,112855.68,0.081892,178,3336,94,244614,2203,3,3,0,363728.16,6832,m14_adaptive_refinement,confirm,heavy_flood,pool224_r1_p120,224,1,120.0,False,60,200,1,20260625,250212.0,0.977627
m14_confirm_pool224_r1_p120_dup60_s20260626,P3-Persist,True,300,1500,3034594,1257.602155,0.934185,0,0.0,0.0,0.0,100.0,100.0,112835.52,0.072396,208,3313,66,243919,2193,2,7,1,364151.28,6832,m14_adaptive_refinement,confirm,heavy_flood,pool224_r1_p120,224,1,120.0,False,60,200,1,20260626,249517.0,0.977565
m14_confirm_pool224_r1_p120_dup60_s20260627,P3-Persist,True,300,1500,3031066,1269.29062,0.928099,0.0,0.0,0.0,0.0,0.0,100.0,112775.04,0.075398,196,3318,66,244981,2179,3,9,0,363727.92,6832,m14_adaptive_refinement,confirm,heavy_flood,pool224_r1_p120,224,1,120.0,False,60,200,1,20260627,250575.0,0.977675
m14_confirm_pool224_r1_p120_dup60_s20260628,P3-Persist,True,300,1500,3017457,1300.067643,0.925808,0,0,100.0,0.0,100.0,100.0,112795.2,0.084164,186,3301,72,244572,2123,3,10,0,362094.84,6832,m14_adaptive_refinement,confirm,heavy_flood,pool224_r1_p120,224,1,120.0,False,60,200,1,20260628,250167.0,0.977635
m14_confirm_pool224_r1_p120_dup60_s20260629,P3-Persist,True,300,1500,3042655,1276.817037,0.935611,0,0.0,0.0,0.0,65.0,100.0,112855.68,0.068708,208,3329,48,243507,2161,7,9,0,365118.6,6832,m14_adaptive_refinement,confirm,heavy_flood,pool224_r1_p120,224,1,120.0,False,60,200,1,20260629,249105.0,0.977528
m14_confirm_pool256_r1_p105_dup0_s20260610,P3-Persist,True,300,1500,3780007,2266.191247,0.644762,0.0,0.0,0.0,0,100,100.0,145756.8,0.356784,21,4979,0,0,1632,8,55,22116,453600.84,6832,m14_adaptive_refinement,confirm,heavy_flood,pool256_r1_p105,256,1,105.0,False,0,200,1,20260610,29346.0,0.0
m14_confirm_pool256_r1_p105_dup0_s20260611,P3-Persist,True,300,1500,3780007,2217.012903,0.665236,0,0.0,0.0,0.0,100.0,100.0,145797.12,0.336715,18,4982,0,0,1671,9,76,22051,453600.84,6832,m14_adaptive_refinement,confirm,heavy_flood,pool256_r1_p105,256,1,105.0,False,0,200,1,20260611,29283.0,0.0
m14_confirm_pool256_r1_p105_dup0_s20260612,P3-Persist,True,300,1500,3780007,2183.712883,0.673017,0,0.0,0.0,0.0,0.0,0.0,145474.56,0.327372,18,4982,0,0,1701,5,55,22039,453600.84,6832,m14_adaptive_refinement,confirm,heavy_flood,pool256_r1_p105,256,1,105.0,False,0,200,1,20260612,29255.0,0.0
m14_confirm_pool256_r1_p105_dup0_s20260613,P3-Persist,True,300,1500,3780006,2250.003571,0.640488,0.0,0.0,0.0,0,30.0,86.0,146039.04,0.359893,15,4985,0,0,1649,10,44,22149,453600.72,6832,m14_adaptive_refinement,confirm,heavy_flood,pool256_r1_p105,256,1,105.0,False,0,200,1,20260613,29393.0,0.0
m14_confirm_pool256_r1_p105_dup0_s20260614,P3-Persist,True,300,1500,3780008,2366.943018,0.623098,0,0.0,0.0,0.0,35.0,87.0,146502.72,0.377292,14,4986,0,0,1568,7,51,22146,453600.96,6832,m14_adaptive_refinement,confirm,heavy_flood,pool256_r1_p105,256,1,105.0,False,0,200,1,20260614,29413.0,0.0
m14_confirm_pool256_r1_p105_dup0_s20260615,P3-Persist,True,300,1500,3780007,2313.345777,0.652556,0.0,0.0,0.0,0,0.0,0.0,146260.8,0.347444,13,4987,0,0,1606,8,54,22057,453600.84,6832,m14_adaptive_refinement,confirm,heavy_flood,pool256_r1_p105,256,1,105.0,False,0,200,1,20260615,29312.0,0.0
m14_confirm_pool256_r1_p105_dup0_s20260616,P3-Persist,True,300,1500,3780007,2545.459259,0.596625,0,0.0,0.0,0.0,0.0,0.0,146139.84,0.403375,14,4986,0,0,1459,5,54,21987,453600.84,6832,m14_adaptive_refinement,confirm,heavy_flood,pool256_r1_p105,256,1,105.0,False,0,200,1,20260616,29236.0,0.0
m14_confirm_pool256_r1_p105_dup0_s20260617,P3-Persist,True,300,1500,3780008,2350.751244,0.647865,0.0,0.0,0.0,0,10.0,82.0,145615.68,0.352941,19,4981,0,0,1577,4,109,22207,453600.96,6832,m14_adaptive_refinement,confirm,heavy_flood,pool256_r1_p105,256,1,105.0,False,0,200,1,20260617,29430.0,0.0
m14_confirm_pool256_r1_p105_dup0_s20260618,P3-Persist,True,300,1500,3780007,2353.678082,0.645758,0.0,0.0,0.0,0,20.0,84.0,145837.44,0.354644,17,4983,0,0,1576,6,42,22099,453600.84,6832,m14_adaptive_refinement,confirm,heavy_flood,pool256_r1_p105,256,1,105.0,False,0,200,1,20260618,29333.0,0.0
m14_confirm_pool256_r1_p105_dup0_s20260619,P3-Persist,True,300,1500,3780006,2293.692961,0.641745,0.0,0.0,0.0,0,0.0,0.0,146180.16,0.358645,13,4987,0,0,1621,8,73,22171,453600.72,6832,m14_adaptive_refinement,confirm,heavy_flood,pool256_r1_p105,256,1,105.0,False,0,200,1,20260619,29422.0,0.0
m14_confirm_pool256_r1_p105_dup0_s20260620,P3-Persist,True,300,1500,3780006,2493.407652,0.596146,0.0,0.0,0.0,0.0,15.0,83.0,146321.28,0.40464,18,4982,0,0,1479,13,71,22264,453600.72,6832,m14_adaptive_refinement,confirm,heavy_flood,pool256_r1_p105,256,1,105.0,False,0,200,1,20260620,29522.0,0.0
m14_confirm_pool256_r1_p105_dup0_s20260621,P3-Persist,True,300,1500,3780006,2260.769139,0.655429,0.0,0.0,0.0,0.0,100.0,100.0,146099.52,0.346139,18,4982,0,0,1638,10,52,22135,453600.72,6832,m14_adaptive_refinement,confirm,heavy_flood,pool256_r1_p105,256,1,105.0,False,0,200,1,20260621,29382.0,0.0
m14_confirm_pool256_r1_p105_dup0_s20260622,P3-Persist,True,300,1500,3780007,2303.477757,0.650158,0,0,0.0,0,50.0,90.0,146744.64,0.350238,11,4989,0,0,1616,7,41,22075,453600.84,6832,m14_adaptive_refinement,confirm,heavy_flood,pool256_r1_p105,256,1,105.0,False,0,200,1,20260622,29354.0,0.0
m14_confirm_pool256_r1_p105_dup0_s20260623,P3-Persist,True,300,1500,3780007,2267.55069,0.647127,0,0.0,0.0,0.0,0.0,0.0,146966.4,0.352873,10,4990,0,0,1642,8,72,22170,453600.84,6832,m14_adaptive_refinement,confirm,heavy_flood,pool256_r1_p105,256,1,105.0,False,0,200,1,20260623,29460.0,0.0
m14_confirm_pool256_r1_p105_dup0_s20260624,P3-Persist,True,300,1500,3780008,2207.948598,0.659222,0.0,0.0,0.0,0.0,100.0,100.0,146059.2,0.341548,14,4986,0,0,1678,12,64,22247,453600.96,6832,m14_adaptive_refinement,confirm,heavy_flood,pool256_r1_p105,256,1,105.0,False,0,200,1,20260624,29492.0,0.0
m14_confirm_pool256_r1_p105_dup0_s20260625,P3-Persist,True,300,1500,3780007,2311.930887,0.628604,0,0.0,0.0,0,0.0,0.0,145978.56,0.371396,17,4983,0,0,1604,7,45,22062,453600.84,6832,m14_adaptive_refinement,confirm,heavy_flood,pool256_r1_p105,256,1,105.0,False,0,200,1,20260625,29303.0,0.0
m14_confirm_pool256_r1_p105_dup0_s20260626,P3-Persist,True,300,1500,3780007,2386.368056,0.61324,0.0,0.0,0.0,0,0.0,0.0,146502.72,0.38676,9,4991,0,0,1558,10,61,22018,453600.84,6832,m14_adaptive_refinement,confirm,heavy_flood,pool256_r1_p105,256,1,105.0,False,0,200,1,20260626,29285.0,0.0
m14_confirm_pool256_r1_p105_dup0_s20260627,P3-Persist,True,300,1500,3780007,2252.685936,0.652157,0.0,0.0,0.0,0.0,35.0,87.0,146280.96,0.348232,14,4986,0,0,1648,9,72,22176,453600.84,6832,m14_adaptive_refinement,confirm,heavy_flood,pool256_r1_p105,256,1,105.0,False,0,200,1,20260627,29432.0,0.0
m14_confirm_pool256_r1_p105_dup0_s20260629,P3-Persist,True,300,1500,3780007,2277.112651,0.651747,0.0,0.0,0.0,0.0,0.0,0.0,146119.68,0.348253,20,4980,0,0,1624,9,53,21879,453600.84,6832,m14_adaptive_refinement,confirm,heavy_flood,pool256_r1_p105,256,1,105.0,False,0,200,1,20260629,29127.0,0.0
m14_confirm_pool256_r1_p105_dup0_s20260628,P3-Persist,True,300,1500,3780007,2416.884271,0.623853,0.0,0.0,0.0,0,10.0,82.0,146563.2,0.377343,19,4981,0,0,1529,9,110,22221,453600.84,6832,m14_adaptive_refinement,confirm,heavy_flood,pool256_r1_p105,256,1,105.0,False,0,200,1,20260628,29491.0,0.0
m14_confirm_pool256_r1_p105_dup60_s20260610,P3-Persist,True,300,1500,3445857,1435.17576,0.928102,0,0,0,0,100.0,100.0,128963.52,0.079629,195,4142,68,243277,2194,3,11,0,413502.84,6832,m14_adaptive_refinement,confirm,heavy_flood,pool256_r1_p105,256,1,105.0,False,60,200,1,20260610,249674.0,0.974379
m14_confirm_pool256_r1_p105_dup60_s20260611,P3-Persist,True,300,1500,3440311,1449.162174,0.926258,0.0,0.0,0.0,0,100,100.0,128983.68,0.082716,181,4145,79,243606,2180,6,9,0,412837.32,6832,m14_adaptive_refinement,confirm,heavy_flood,pool256_r1_p105,256,1,105.0,False,60,200,1,20260611,250004.0,0.974408
m14_confirm_pool256_r1_p105_dup60_s20260612,P3-Persist,True,300,1500,3460981,1450.536882,0.927683,0.0,0.0,0.0,0.0,100.0,100.0,129024.0,0.07776,204,4163,76,243271,2168,1,3,0,415317.72,6832,m14_adaptive_refinement,confirm,heavy_flood,pool256_r1_p105,256,1,105.0,False,60,200,1,20260612,249671.0,0.974366
m14_confirm_pool256_r1_p105_dup60_s20260613,P3-Persist,True,300,1500,3453924,1405.176566,0.937095,0.0,0.0,0.0,0,100.0,100.0,129003.84,0.067861,219,4134,48,244219,2224,3,5,0,414470.88,6832,m14_adaptive_refinement,confirm,heavy_flood,pool256_r1_p105,256,1,105.0,False,60,200,1,20260613,250618.0,0.974467
m14_confirm_pool256_r1_p105_dup60_s20260614,P3-Persist,True,300,1500,3439301,1446.908288,0.927429,0,0.0,0.0,0.0,65.0,100.0,129024.0,0.076863,208,4116,63,243296,2162,2,7,0,412716.12,6832,m14_adaptive_refinement,confirm,heavy_flood,pool256_r1_p105,256,1,105.0,False,60,200,1,20260614,249696.0,0.974369
m14_confirm_pool256_r1_p105_dup60_s20260615,P3-Persist,True,300,1500,3434770,1479.866437,0.926917,0,0,0.0,0,0.0,100.0,128963.52,0.07508,191,4124,67,242871,2117,3,9,0,412172.4,6832,m14_adaptive_refinement,confirm,heavy_flood,pool256_r1_p105,256,1,105.0,False,60,200,1,20260615,249268.0,0.974337
m14_confirm_pool256_r1_p105_dup60_s20260616,P3-Persist,True,300,1500,3436785,1494.904306,0.923664,0,0.0,0.0,0.0,100.0,100.0,129024.0,0.080755,184,4135,73,243512,2104,2,6,0,412414.2,6832,m14_adaptive_refinement,confirm,heavy_flood,pool256_r1_p105,256,1,105.0,False,60,200,1,20260616,249912.0,0.974391
m14_confirm_pool256_r1_p105_dup60_s20260617,P3-Persist,True,300,1500,3460477,1510.465735,0.923046,0,0.0,0.0,0.0,100.0,100.0,129024.0,0.081789,210,4156,76,244184,2066,2,10,0,415257.24,6832,m14_adaptive_refinement,confirm,heavy_flood,pool256_r1_p105,256,1,105.0,False,60,200,1,20260617,250584.0,0.97446
m14_confirm_pool256_r1_p105_dup60_s20260618,P3-Persist,True,300,1500,3441829,1497.098304,0.924407,0,0.0,0.0,0,100.0,100.0,129003.84,0.080016,183,4146,71,243115,2099,4,5,0,413019.48,6832,m14_adaptive_refinement,confirm,heavy_flood,pool256_r1_p105,256,1,105.0,False,60,200,1,20260618,249514.0,0.974354
m14_confirm_pool256_r1_p105_dup60_s20260619,P3-Persist,True,300,1500,3441830,1443.720638,0.928349,0.0,0.0,0.0,0,100.0,100.0,128983.68,0.075935,199,4130,76,242852,2168,3,10,1,413019.6,6832,m14_adaptive_refinement,confirm,heavy_flood,pool256_r1_p105,256,1,105.0,False,60,200,1,20260619,249251.0,0.974327
m14_confirm_pool256_r1_p105_dup60_s20260620,P3-Persist,True,300,1500,3430739,1443.306268,0.934723,0,0.0,0.0,0,100.0,100.0,129003.84,0.071176,191,4116,59,244120,2169,6,4,0,411688.68,6832,m14_adaptive_refinement,confirm,heavy_flood,pool256_r1_p105,256,1,105.0,False,60,200,1,20260620,250519.0,0.974457
m14_confirm_pool256_r1_p105_dup60_s20260621,P3-Persist,True,300,1500,3451407,1443.499373,0.937279,0,0.0,0.0,0.0,100.0,100.0,129024.0,0.068601,216,4132,52,243835,2155,5,3,0,414168.84,6832,m14_adaptive_refinement,confirm,heavy_flood,pool256_r1_p105,256,1,105.0,False,60,200,1,20260621,250235.0,0.974424
m14_confirm_pool256_r1_p105_dup60_s20260622,P3-Persist,True,300,1500,3420152,1473.56829,0.919572,0,0,0.0,0.0,100.0,100.0,128963.52,0.087163,180,4106,94,243265,2129,4,4,0,410418.24,6832,m14_adaptive_refinement,confirm,heavy_flood,pool256_r1_p105,256,1,105.0,False,60,200,1,20260622,249662.0,0.974377
m14_confirm_pool256_r1_p105_dup60_s20260623,P3-Persist,True,300,1500,3411582,1422.085035,0.931289,0,0.0,0.0,0,0.0,100.0,129024.0,0.071817,173,4096,63,243866,2217,3,5,0,409389.84,6832,m14_adaptive_refinement,confirm,heavy_flood,pool256_r1_p105,256,1,105.0,False,60,200,1,20260623,250266.0,0.974427
m14_confirm_pool256_r1_p105_dup60_s20260624,P3-Persist,True,300,1500,3438298,1420.197439,0.932229,0,0,0.0,0.0,100.0,100.0,129003.84,0.073546,190,4132,64,243657,2217,4,6,0,412595.76,6832,m14_adaptive_refinement,confirm,heavy_flood,pool256_r1_p105,256,1,105.0,False,60,200,1,20260624,250056.0,0.97441
m14_confirm_pool256_r1_p105_dup60_s20260625,P3-Persist,True,300,1500,3433260,1432.913189,0.921184,0.0,0.0,0.0,0.0,0.0,100.0,128943.36,0.081892,178,4134,94,243814,2203,3,3,0,411991.2,6832,m14_adaptive_refinement,confirm,heavy_flood,pool256_r1_p105,256,1,105.0,False,60,200,1,20260625,250210.0,0.974437
m14_confirm_pool256_r1_p105_dup60_s20260626,P3-Persist,True,300,1500,3439306,1425.323663,0.934185,0,0.0,0.0,0.0,100.0,100.0,129024.0,0.072396,208,4116,66,243119,2193,2,7,0,412716.72,6832,m14_adaptive_refinement,confirm,heavy_flood,pool256_r1_p105,256,1,105.0,False,60,200,1,20260626,249519.0,0.974351
m14_confirm_pool256_r1_p105_dup60_s20260627,P3-Persist,True,300,1500,3437290,1439.401173,0.928099,0.0,0.0,0.0,0.0,0.0,100.0,129024.0,0.075398,196,4124,66,244181,2179,3,9,0,412474.8,6832,m14_adaptive_refinement,confirm,heavy_flood,pool256_r1_p105,256,1,105.0,False,60,200,1,20260627,250581.0,0.974459
m14_confirm_pool256_r1_p105_dup60_s20260628,P3-Persist,True,300,1500,3422673,1474.654459,0.925808,0,0,100.0,0.0,100.0,100.0,129003.84,0.084164,186,4105,72,243772,2123,3,10,0,410720.76,6832,m14_adaptive_refinement,confirm,heavy_flood,pool256_r1_p105,256,1,105.0,False,60,200,1,20260628,250171.0,0.974421
m14_confirm_pool256_r1_p105_dup60_s20260629,P3-Persist,True,300,1500,3446863,1446.438523,0.935611,0,0.0,0.0,0.0,65.0,100.0,129024.0,0.068708,208,4131,48,242707,2161,7,9,0,413623.56,6832,m14_adaptive_refinement,confirm,heavy_flood,pool256_r1_p105,256,1,105.0,False,60,200,1,20260629,249107.0,0.974308
m14_confirm_pool256_r1_p120_dup0_s20260610,P3-Persist,True,300,1500,3780007,2266.191247,0.644762,0.0,0.0,0.0,0,100,100.0,145756.8,0.356784,21,4979,0,0,1632,8,55,22116,453600.84,6832,m14_adaptive_refinement,confirm,heavy_flood,pool256_r1_p120,256,1,120.0,False,0,200,1,20260610,29346.0,0.0
m14_confirm_pool256_r1_p120_dup0_s20260611,P3-Persist,True,300,1500,3780007,2217.012903,0.665236,0,0.0,0.0,0.0,100.0,100.0,145797.12,0.336715,18,4982,0,0,1671,9,76,22051,453600.84,6832,m14_adaptive_refinement,confirm,heavy_flood,pool256_r1_p120,256,1,120.0,False,0,200,1,20260611,29283.0,0.0
m14_confirm_pool256_r1_p120_dup0_s20260612,P3-Persist,True,300,1500,3780007,2183.712883,0.673017,0,0.0,0.0,0.0,0.0,0.0,145474.56,0.327372,18,4982,0,0,1701,5,55,22039,453600.84,6832,m14_adaptive_refinement,confirm,heavy_flood,pool256_r1_p120,256,1,120.0,False,0,200,1,20260612,29255.0,0.0
m14_confirm_pool256_r1_p120_dup0_s20260613,P3-Persist,True,300,1500,3780006,2250.003571,0.640488,0.0,0.0,0.0,0,30.0,86.0,146039.04,0.359893,15,4985,0,0,1649,10,44,22149,453600.72,6832,m14_adaptive_refinement,confirm,heavy_flood,pool256_r1_p120,256,1,120.0,False,0,200,1,20260613,29393.0,0.0
m14_confirm_pool256_r1_p120_dup0_s20260614,P3-Persist,True,300,1500,3780008,2366.943018,0.623098,0,0.0,0.0,0.0,35.0,87.0,146502.72,0.377292,14,4986,0,0,1568,7,51,22146,453600.96,6832,m14_adaptive_refinement,confirm,heavy_flood,pool256_r1_p120,256,1,120.0,False,0,200,1,20260614,29413.0,0.0
m14_confirm_pool256_r1_p120_dup0_s20260615,P3-Persist,True,300,1500,3780007,2313.345777,0.652556,0.0,0.0,0.0,0,0.0,0.0,146260.8,0.347444,13,4987,0,0,1606,8,54,22057,453600.84,6832,m14_adaptive_refinement,confirm,heavy_flood,pool256_r1_p120,256,1,120.0,False,0,200,1,20260615,29312.0,0.0
m14_confirm_pool256_r1_p120_dup0_s20260616,P3-Persist,True,300,1500,3780007,2545.459259,0.596625,0,0.0,0.0,0.0,0.0,0.0,146139.84,0.403375,14,4986,0,0,1459,5,54,21987,453600.84,6832,m14_adaptive_refinement,confirm,heavy_flood,pool256_r1_p120,256,1,120.0,False,0,200,1,20260616,29236.0,0.0
m14_confirm_pool256_r1_p120_dup0_s20260617,P3-Persist,True,300,1500,3780008,2350.751244,0.647865,0.0,0.0,0.0,0,10.0,82.0,145615.68,0.352941,19,4981,0,0,1577,4,109,22207,453600.96,6832,m14_adaptive_refinement,confirm,heavy_flood,pool256_r1_p120,256,1,120.0,False,0,200,1,20260617,29430.0,0.0
m14_confirm_pool256_r1_p120_dup0_s20260618,P3-Persist,True,300,1500,3780007,2353.678082,0.645758,0.0,0.0,0.0,0,20.0,84.0,145837.44,0.354644,17,4983,0,0,1576,6,42,22099,453600.84,6832,m14_adaptive_refinement,confirm,heavy_flood,pool256_r1_p120,256,1,120.0,False,0,200,1,20260618,29333.0,0.0
m14_confirm_pool256_r1_p120_dup0_s20260619,P3-Persist,True,300,1500,3780006,2293.692961,0.641745,0.0,0.0,0.0,0,0.0,0.0,146180.16,0.358645,13,4987,0,0,1621,8,73,22171,453600.72,6832,m14_adaptive_refinement,confirm,heavy_flood,pool256_r1_p120,256,1,120.0,False,0,200,1,20260619,29422.0,0.0
m14_confirm_pool256_r1_p120_dup0_s20260620,P3-Persist,True,300,1500,3780006,2493.407652,0.596146,0.0,0.0,0.0,0.0,15.0,83.0,146321.28,0.40464,18,4982,0,0,1479,13,71,22264,453600.72,6832,m14_adaptive_refinement,confirm,heavy_flood,pool256_r1_p120,256,1,120.0,False,0,200,1,20260620,29522.0,0.0
m14_confirm_pool256_r1_p120_dup0_s20260621,P3-Persist,True,300,1500,3780006,2260.769139,0.655429,0.0,0.0,0.0,0.0,100.0,100.0,146099.52,0.346139,18,4982,0,0,1638,10,52,22135,453600.72,6832,m14_adaptive_refinement,confirm,heavy_flood,pool256_r1_p120,256,1,120.0,False,0,200,1,20260621,29382.0,0.0
m14_confirm_pool256_r1_p120_dup0_s20260622,P3-Persist,True,300,1500,3780007,2303.477757,0.650158,0,0,0.0,0,50.0,90.0,146744.64,0.350238,11,4989,0,0,1616,7,41,22075,453600.84,6832,m14_adaptive_refinement,confirm,heavy_flood,pool256_r1_p120,256,1,120.0,False,0,200,1,20260622,29354.0,0.0
m14_confirm_pool256_r1_p120_dup0_s20260623,P3-Persist,True,300,1500,3780007,2267.55069,0.647127,0,0.0,0.0,0.0,0.0,0.0,146966.4,0.352873,10,4990,0,0,1642,8,72,22170,453600.84,6832,m14_adaptive_refinement,confirm,heavy_flood,pool256_r1_p120,256,1,120.0,False,0,200,1,20260623,29460.0,0.0
m14_confirm_pool256_r1_p120_dup0_s20260624,P3-Persist,True,300,1500,3780008,2207.948598,0.659222,0.0,0.0,0.0,0.0,100.0,100.0,146059.2,0.341548,14,4986,0,0,1678,12,64,22247,453600.96,6832,m14_adaptive_refinement,confirm,heavy_flood,pool256_r1_p120,256,1,120.0,False,0,200,1,20260624,29492.0,0.0
m14_confirm_pool256_r1_p120_dup0_s20260625,P3-Persist,True,300,1500,3780007,2311.930887,0.628604,0,0.0,0.0,0,0.0,0.0,145978.56,0.371396,17,4983,0,0,1604,7,45,22062,453600.84,6832,m14_adaptive_refinement,confirm,heavy_flood,pool256_r1_p120,256,1,120.0,False,0,200,1,20260625,29303.0,0.0
m14_confirm_pool256_r1_p120_dup0_s20260626,P3-Persist,True,300,1500,3780007,2386.368056,0.61324,0.0,0.0,0.0,0,0.0,0.0,146502.72,0.38676,9,4991,0,0,1558,10,61,22018,453600.84,6832,m14_adaptive_refinement,confirm,heavy_flood,pool256_r1_p120,256,1,120.0,False,0,200,1,20260626,29285.0,0.0
m14_confirm_pool256_r1_p120_dup0_s20260627,P3-Persist,True,300,1500,3780007,2252.685936,0.652157,0.0,0.0,0.0,0.0,35.0,87.0,146280.96,0.348232,14,4986,0,0,1648,9,72,22176,453600.84,6832,m14_adaptive_refinement,confirm,heavy_flood,pool256_r1_p120,256,1,120.0,False,0,200,1,20260627,29432.0,0.0
m14_confirm_pool256_r1_p120_dup0_s20260628,P3-Persist,True,300,1500,3780007,2416.884271,0.623853,0.0,0.0,0.0,0,10.0,82.0,146563.2,0.377343,19,4981,0,0,1529,9,110,22221,453600.84,6832,m14_adaptive_refinement,confirm,heavy_flood,pool256_r1_p120,256,1,120.0,False,0,200,1,20260628,29491.0,0.0
m14_confirm_pool256_r1_p120_dup0_s20260629,P3-Persist,True,300,1500,3780007,2277.112651,0.651747,0.0,0.0,0.0,0.0,0.0,0.0,146119.68,0.348253,20,4980,0,0,1624,9,53,21879,453600.84,6832,m14_adaptive_refinement,confirm,heavy_flood,pool256_r1_p120,256,1,120.0,False,0,200,1,20260629,29127.0,0.0
m14_confirm_pool256_r1_p120_dup60_s20260610,P3-Persist,True,300,1500,3447369,1435.805498,0.928102,0,0,0,0,100.0,100.0,129024.0,0.079629,195,4145,68,243277,2194,3,11,0,413684.28,6832,m14_adaptive_refinement,confirm,heavy_flood,pool256_r1_p120,256,1,120.0,False,60,200,1,20260610,249677.0,0.974367
m14_confirm_pool256_r1_p120_dup60_s20260611,P3-Persist,True,300,1500,3436783,1447.676074,0.926258,0.0,0.0,0.0,0,100,100.0,128842.56,0.082716,181,4138,79,243606,2180,6,9,0,412413.96,6832,m14_adaptive_refinement,confirm,heavy_flood,pool256_r1_p120,256,1,120.0,False,60,200,1,20260611,249997.0,0.974436
m14_confirm_pool256_r1_p120_dup60_s20260612,P3-Persist,True,300,1500,3458965,1449.691953,0.927683,0.0,0.0,0.0,0.0,100.0,100.0,128943.36,0.07776,204,4159,76,243271,2168,1,3,1,415075.8,6832,m14_adaptive_refinement,confirm,heavy_flood,pool256_r1_p120,256,1,120.0,False,60,200,1,20260612,249668.0,0.974378
m14_confirm_pool256_r1_p120_dup60_s20260613,P3-Persist,True,300,1500,3454428,1405.381611,0.937095,0.0,0.0,0.0,0,100.0,100.0,129024.0,0.067861,219,4135,48,244219,2224,3,5,0,414531.36,6832,m14_adaptive_refinement,confirm,heavy_flood,pool256_r1_p120,256,1,120.0,False,60,200,1,20260613,250619.0,0.974463
m14_confirm_pool256_r1_p120_dup60_s20260614,P3-Persist,True,300,1500,3438293,1446.484224,0.927429,0,0.0,0.0,0.0,65.0,100.0,128983.68,0.076863,208,4114,63,243296,2162,2,7,0,412595.16,6832,m14_adaptive_refinement,confirm,heavy_flood,pool256_r1_p120,256,1,120.0,False,60,200,1,20260614,249694.0,0.974377
m14_confirm_pool256_r1_p120_dup60_s20260615,P3-Persist,True,300,1500,3434266,1479.649289,0.926917,0,0,0.0,0,0.0,100.0,128943.36,0.07508,191,4123,67,242871,2117,3,9,0,412111.92,6832,m14_adaptive_refinement,confirm,heavy_flood,pool256_r1_p120,256,1,120.0,False,60,200,1,20260615,249267.0,0.974341
m14_confirm_pool256_r1_p120_dup60_s20260616,P3-Persist,True,300,1500,3434769,1494.027403,0.923664,0,0.0,0.0,0.0,100.0,100.0,128943.36,0.080755,184,4131,73,243512,2104,2,6,0,412172.28,6832,m14_adaptive_refinement,confirm,heavy_flood,pool256_r1_p120,256,1,120.0,False,60,200,1,20260616,249908.0,0.974407
m14_confirm_pool256_r1_p120_dup60_s20260617,P3-Persist,True,300,1500,3459469,1510.025753,0.923046,0,0.0,0.0,0.0,100.0,100.0,128983.68,0.081789,210,4154,76,244184,2066,2,10,1,415136.28,6832,m14_adaptive_refinement,confirm,heavy_flood,pool256_r1_p120,256,1,120.0,False,60,200,1,20260617,250583.0,0.974464
m14_confirm_pool256_r1_p120_dup60_s20260618,P3-Persist,True,300,1500,3441325,1496.879078,0.924407,0,0.0,0.0,0,100.0,100.0,128983.68,0.080016,183,4145,71,243115,2099,4,5,1,412959.0,6832,m14_adaptive_refinement,confirm,heavy_flood,pool256_r1_p120,256,1,120.0,False,60,200,1,20260618,249514.0,0.974354
m14_confirm_pool256_r1_p120_dup60_s20260619,P3-Persist,True,300,1500,3441830,1443.720638,0.928349,0.0,0.0,0.0,0,100.0,100.0,128983.68,0.075935,199,4130,76,242852,2168,3,10,0,413019.6,6832,m14_adaptive_refinement,confirm,heavy_flood,pool256_r1_p120,256,1,120.0,False,60,200,1,20260619,249250.0,0.974331
m14_confirm_pool256_r1_p120_dup60_s20260620,P3-Persist,True,300,1500,3430739,1443.306268,0.934723,0,0.0,0.0,0,100.0,100.0,129003.84,0.071176,191,4116,59,244120,2169,6,4,0,411688.68,6832,m14_adaptive_refinement,confirm,heavy_flood,pool256_r1_p120,256,1,120.0,False,60,200,1,20260620,250519.0,0.974457
m14_confirm_pool256_r1_p120_dup60_s20260621,P3-Persist,True,300,1500,3451407,1443.499373,0.937279,0,0.0,0.0,0.0,100.0,100.0,129024.0,0.068601,216,4132,52,243835,2155,5,3,0,414168.84,6832,m14_adaptive_refinement,confirm,heavy_flood,pool256_r1_p120,256,1,120.0,False,60,200,1,20260621,250235.0,0.974424
m14_confirm_pool256_r1_p120_dup60_s20260622,P3-Persist,True,300,1500,3419648,1473.351142,0.919572,0,0,0.0,0.0,100.0,100.0,128943.36,0.087163,180,4105,94,243265,2129,4,4,1,410357.76,6832,m14_adaptive_refinement,confirm,heavy_flood,pool256_r1_p120,256,1,120.0,False,60,200,1,20260622,249662.0,0.974377
m14_confirm_pool256_r1_p120_dup60_s20260623,P3-Persist,True,300,1500,3411078,1421.874948,0.931289,0,0.0,0.0,0,0.0,100.0,129003.84,0.071817,173,4095,63,243866,2217,3,5,0,409329.36,6832,m14_adaptive_refinement,confirm,heavy_flood,pool256_r1_p120,256,1,120.0,False,60,200,1,20260623,250265.0,0.974431
m14_confirm_pool256_r1_p120_dup60_s20260624,P3-Persist,True,300,1500,3436786,1419.572904,0.932229,0,0,0.0,0.0,100.0,100.0,128943.36,0.073546,190,4129,64,243657,2217,4,6,2,412414.32,6832,m14_adaptive_refinement,confirm,heavy_flood,pool256_r1_p120,256,1,120.0,False,60,200,1,20260624,250055.0,0.974414
m14_confirm_pool256_r1_p120_dup60_s20260625,P3-Persist,True,300,1500,3434268,1433.33389,0.921184,0.0,0.0,0.0,0.0,0.0,100.0,128983.68,0.081892,178,4136,94,243814,2203,3,3,0,412112.16,6832,m14_adaptive_refinement,confirm,heavy_flood,pool256_r1_p120,256,1,120.0,False,60,200,1,20260625,250212.0,0.97443
m14_confirm_pool256_r1_p120_dup60_s20260626,P3-Persist,True,300,1500,3437794,1424.697058,0.934185,0,0.0,0.0,0.0,100.0,100.0,128963.52,0.072396,208,4113,66,243119,2193,2,7,0,412535.28,6832,m14_adaptive_refinement,confirm,heavy_flood,pool256_r1_p120,256,1,120.0,False,60,200,1,20260626,249516.0,0.974362
m14_confirm_pool256_r1_p120_dup60_s20260627,P3-Persist,True,300,1500,3435778,1438.768007,0.928099,0.0,0.0,0.0,0.0,0.0,100.0,128963.52,0.075398,196,4121,66,244181,2179,3,9,0,412293.36,6832,m14_adaptive_refinement,confirm,heavy_flood,pool256_r1_p120,256,1,120.0,False,60,200,1,20260627,250578.0,0.974471
m14_confirm_pool256_r1_p120_dup60_s20260628,P3-Persist,True,300,1500,3420153,1473.56872,0.925808,0,0,100.0,0.0,100.0,100.0,128903.04,0.084164,186,4100,72,243772,2123,3,10,1,410418.36,6832,m14_adaptive_refinement,confirm,heavy_flood,pool256_r1_p120,256,1,120.0,False,60,200,1,20260628,250167.0,0.974437
m14_confirm_pool256_r1_p120_dup60_s20260629,P3-Persist,True,300,1500,3442831,1444.746538,0.935611,0,0.0,0.0,0.0,65.0,100.0,128862.72,0.068708,208,4123,48,242707,2161,7,9,1,413139.72,6832,m14_adaptive_refinement,confirm,heavy_flood,pool256_r1_p120,256,1,120.0,False,60,200,1,20260629,249100.0,0.974336
m14_confirm_pool256_r1_p135_dup0_s20260610,P3-Persist,True,300,1500,3780007,2266.191247,0.644762,0.0,0.0,0.0,0,100,100.0,145756.8,0.356784,21,4979,0,0,1632,8,55,22116,453600.84,6832,m14_adaptive_refinement,confirm,heavy_flood,pool256_r1_p135,256,1,135.0,False,0,200,1,20260610,29346.0,0.0
m14_confirm_pool256_r1_p135_dup0_s20260611,P3-Persist,True,300,1500,3780007,2217.012903,0.665236,0,0.0,0.0,0.0,100.0,100.0,145797.12,0.336715,18,4982,0,0,1671,9,76,22051,453600.84,6832,m14_adaptive_refinement,confirm,heavy_flood,pool256_r1_p135,256,1,135.0,False,0,200,1,20260611,29283.0,0.0
m14_confirm_pool256_r1_p135_dup0_s20260612,P3-Persist,True,300,1500,3780007,2183.712883,0.673017,0,0.0,0.0,0.0,0.0,0.0,145474.56,0.327372,18,4982,0,0,1701,5,55,22039,453600.84,6832,m14_adaptive_refinement,confirm,heavy_flood,pool256_r1_p135,256,1,135.0,False,0,200,1,20260612,29255.0,0.0
m14_confirm_pool256_r1_p135_dup0_s20260613,P3-Persist,True,300,1500,3780006,2250.003571,0.640488,0.0,0.0,0.0,0,30.0,86.0,146039.04,0.359893,15,4985,0,0,1649,10,44,22149,453600.72,6832,m14_adaptive_refinement,confirm,heavy_flood,pool256_r1_p135,256,1,135.0,False,0,200,1,20260613,29393.0,0.0
m14_confirm_pool256_r1_p135_dup0_s20260614,P3-Persist,True,300,1500,3780008,2366.943018,0.623098,0,0.0,0.0,0.0,35.0,87.0,146502.72,0.377292,14,4986,0,0,1568,7,51,22146,453600.96,6832,m14_adaptive_refinement,confirm,heavy_flood,pool256_r1_p135,256,1,135.0,False,0,200,1,20260614,29413.0,0.0
m14_confirm_pool256_r1_p135_dup0_s20260615,P3-Persist,True,300,1500,3780007,2313.345777,0.652556,0.0,0.0,0.0,0,0.0,0.0,146260.8,0.347444,13,4987,0,0,1606,8,54,22057,453600.84,6832,m14_adaptive_refinement,confirm,heavy_flood,pool256_r1_p135,256,1,135.0,False,0,200,1,20260615,29312.0,0.0
m14_confirm_pool256_r1_p135_dup0_s20260616,P3-Persist,True,300,1500,3780007,2545.459259,0.596625,0,0.0,0.0,0.0,0.0,0.0,146139.84,0.403375,14,4986,0,0,1459,5,54,21987,453600.84,6832,m14_adaptive_refinement,confirm,heavy_flood,pool256_r1_p135,256,1,135.0,False,0,200,1,20260616,29236.0,0.0
m14_confirm_pool256_r1_p135_dup0_s20260617,P3-Persist,True,300,1500,3780008,2350.751244,0.647865,0.0,0.0,0.0,0,10.0,82.0,145615.68,0.352941,19,4981,0,0,1577,4,109,22207,453600.96,6832,m14_adaptive_refinement,confirm,heavy_flood,pool256_r1_p135,256,1,135.0,False,0,200,1,20260617,29430.0,0.0
m14_confirm_pool256_r1_p135_dup0_s20260618,P3-Persist,True,300,1500,3780007,2353.678082,0.645758,0.0,0.0,0.0,0,20.0,84.0,145837.44,0.354644,17,4983,0,0,1576,6,42,22099,453600.84,6832,m14_adaptive_refinement,confirm,heavy_flood,pool256_r1_p135,256,1,135.0,False,0,200,1,20260618,29333.0,0.0
m14_confirm_pool256_r1_p135_dup0_s20260619,P3-Persist,True,300,1500,3780006,2293.692961,0.641745,0.0,0.0,0.0,0,0.0,0.0,146180.16,0.358645,13,4987,0,0,1621,8,73,22171,453600.72,6832,m14_adaptive_refinement,confirm,heavy_flood,pool256_r1_p135,256,1,135.0,False,0,200,1,20260619,29422.0,0.0
m14_confirm_pool256_r1_p135_dup0_s20260620,P3-Persist,True,300,1500,3780006,2493.407652,0.596146,0.0,0.0,0.0,0.0,15.0,83.0,146321.28,0.40464,18,4982,0,0,1479,13,71,22264,453600.72,6832,m14_adaptive_refinement,confirm,heavy_flood,pool256_r1_p135,256,1,135.0,False,0,200,1,20260620,29522.0,0.0
m14_confirm_pool256_r1_p135_dup0_s20260621,P3-Persist,True,300,1500,3780006,2260.769139,0.655429,0.0,0.0,0.0,0.0,100.0,100.0,146099.52,0.346139,18,4982,0,0,1638,10,52,22135,453600.72,6832,m14_adaptive_refinement,confirm,heavy_flood,pool256_r1_p135,256,1,135.0,False,0,200,1,20260621,29382.0,0.0
m14_confirm_pool256_r1_p135_dup0_s20260622,P3-Persist,True,300,1500,3780007,2303.477757,0.650158,0,0,0.0,0,50.0,90.0,146744.64,0.350238,11,4989,0,0,1616,7,41,22075,453600.84,6832,m14_adaptive_refinement,confirm,heavy_flood,pool256_r1_p135,256,1,135.0,False,0,200,1,20260622,29354.0,0.0
m14_confirm_pool256_r1_p135_dup0_s20260623,P3-Persist,True,300,1500,3780007,2267.55069,0.647127,0,0.0,0.0,0.0,0.0,0.0,146966.4,0.352873,10,4990,0,0,1642,8,72,22170,453600.84,6832,m14_adaptive_refinement,confirm,heavy_flood,pool256_r1_p135,256,1,135.0,False,0,200,1,20260623,29460.0,0.0
m14_confirm_pool256_r1_p135_dup0_s20260624,P3-Persist,True,300,1500,3780008,2207.948598,0.659222,0.0,0.0,0.0,0.0,100.0,100.0,146059.2,0.341548,14,4986,0,0,1678,12,64,22247,453600.96,6832,m14_adaptive_refinement,confirm,heavy_flood,pool256_r1_p135,256,1,135.0,False,0,200,1,20260624,29492.0,0.0
m14_confirm_pool256_r1_p135_dup0_s20260625,P3-Persist,True,300,1500,3780007,2311.930887,0.628604,0,0.0,0.0,0,0.0,0.0,145978.56,0.371396,17,4983,0,0,1604,7,45,22062,453600.84,6832,m14_adaptive_refinement,confirm,heavy_flood,pool256_r1_p135,256,1,135.0,False,0,200,1,20260625,29303.0,0.0
m14_confirm_pool256_r1_p135_dup0_s20260626,P3-Persist,True,300,1500,3780007,2386.368056,0.61324,0.0,0.0,0.0,0,0.0,0.0,146502.72,0.38676,9,4991,0,0,1558,10,61,22018,453600.84,6832,m14_adaptive_refinement,confirm,heavy_flood,pool256_r1_p135,256,1,135.0,False,0,200,1,20260626,29285.0,0.0
m14_confirm_pool256_r1_p135_dup0_s20260627,P3-Persist,True,300,1500,3780007,2252.685936,0.652157,0.0,0.0,0.0,0.0,35.0,87.0,146280.96,0.348232,14,4986,0,0,1648,9,72,22176,453600.84,6832,m14_adaptive_refinement,confirm,heavy_flood,pool256_r1_p135,256,1,135.0,False,0,200,1,20260627,29432.0,0.0
m14_confirm_pool256_r1_p135_dup0_s20260628,P3-Persist,True,300,1500,3780007,2416.884271,0.623853,0.0,0.0,0.0,0,10.0,82.0,146563.2,0.377343,19,4981,0,0,1529,9,110,22221,453600.84,6832,m14_adaptive_refinement,confirm,heavy_flood,pool256_r1_p135,256,1,135.0,False,0,200,1,20260628,29491.0,0.0
m14_confirm_pool256_r1_p135_dup0_s20260629,P3-Persist,True,300,1500,3780007,2277.112651,0.651747,0.0,0.0,0.0,0.0,0.0,0.0,146119.68,0.348253,20,4980,0,0,1624,9,53,21879,453600.84,6832,m14_adaptive_refinement,confirm,heavy_flood,pool256_r1_p135,256,1,135.0,False,0,200,1,20260629,29127.0,0.0
m14_confirm_pool256_r1_p135_dup60_s20260610,P3-Persist,True,300,1500,3446361,1435.385673,0.928102,0,0,0,0,100.0,100.0,128983.68,0.079629,195,4143,68,243277,2194,3,11,0,413563.32,6832,m14_adaptive_refinement,confirm,heavy_flood,pool256_r1_p135,256,1,135.0,False,60,200,1,20260610,249675.0,0.974375
m14_confirm_pool256_r1_p135_dup60_s20260611,P3-Persist,True,300,1500,3441319,1449.586773,0.926258,0.0,0.0,0.0,0,100,100.0,129024.0,0.082716,181,4147,79,243606,2180,6,9,0,412958.28,6832,m14_adaptive_refinement,confirm,heavy_flood,pool256_r1_p135,256,1,135.0,False,60,200,1,20260611,250006.0,0.974401
m14_confirm_pool256_r1_p135_dup60_s20260612,P3-Persist,True,300,1500,3460477,1450.32565,0.927683,0.0,0.0,0.0,0.0,100.0,100.0,129003.84,0.07776,204,4162,76,243271,2168,1,3,0,415257.24,6832,m14_adaptive_refinement,confirm,heavy_flood,pool256_r1_p135,256,1,135.0,False,60,200,1,20260612,249670.0,0.97437
m14_confirm_pool256_r1_p135_dup60_s20260613,P3-Persist,True,300,1500,3454428,1405.381611,0.937095,0.0,0.0,0.0,0,100.0,100.0,129024.0,0.067861,219,4135,48,244219,2224,3,5,0,414531.36,6832,m14_adaptive_refinement,confirm,heavy_flood,pool256_r1_p135,256,1,135.0,False,60,200,1,20260613,250619.0,0.974463
m14_confirm_pool256_r1_p135_dup60_s20260614,P3-Persist,True,300,1500,3437789,1446.272192,0.927429,0,0.0,0.0,0.0,65.0,100.0,128963.52,0.076863,208,4113,63,243296,2162,2,7,0,412534.68,6832,m14_adaptive_refinement,confirm,heavy_flood,pool256_r1_p135,256,1,135.0,False,60,200,1,20260614,249693.0,0.974381
m14_confirm_pool256_r1_p135_dup60_s20260615,P3-Persist,True,300,1500,3433762,1479.432141,0.926917,0,0,0.0,0,0.0,100.0,128923.2,0.07508,191,4122,67,242871,2117,3,9,0,412051.44,6832,m14_adaptive_refinement,confirm,heavy_flood,pool256_r1_p135,256,1,135.0,False,60,200,1,20260615,249266.0,0.974345
m14_confirm_pool256_r1_p135_dup60_s20260616,P3-Persist,True,300,1500,3436785,1494.904306,0.923664,0,0.0,0.0,0.0,100.0,100.0,129024.0,0.080755,184,4135,73,243512,2104,2,6,0,412414.2,6832,m14_adaptive_refinement,confirm,heavy_flood,pool256_r1_p135,256,1,135.0,False,60,200,1,20260616,249912.0,0.974391
m14_confirm_pool256_r1_p135_dup60_s20260617,P3-Persist,True,300,1500,3459469,1510.025753,0.923046,0,0.0,0.0,0.0,100.0,100.0,128983.68,0.081789,210,4154,76,244184,2066,2,10,1,415136.28,6832,m14_adaptive_refinement,confirm,heavy_flood,pool256_r1_p135,256,1,135.0,False,60,200,1,20260617,250583.0,0.974464
m14_confirm_pool256_r1_p135_dup60_s20260618,P3-Persist,True,300,1500,3442333,1497.317529,0.924407,0,0.0,0.0,0,100.0,100.0,129024.0,0.080016,183,4147,71,243115,2099,4,5,0,413079.96,6832,m14_adaptive_refinement,confirm,heavy_flood,pool256_r1_p135,256,1,135.0,False,60,200,1,20260618,249515.0,0.97435
m14_confirm_pool256_r1_p135_dup60_s20260619,P3-Persist,True,300,1500,3440318,1443.086409,0.928349,0.0,0.0,0.0,0,100.0,100.0,128923.2,0.075935,199,4127,76,242852,2168,3,10,0,412838.16,6832,m14_adaptive_refinement,confirm,heavy_flood,pool256_r1_p135,256,1,135.0,False,60,200,1,20260619,249247.0,0.974343
m14_confirm_pool256_r1_p135_dup60_s20260620,P3-Persist,True,300,1500,3430235,1443.094236,0.934723,0,0.0,0.0,0,100.0,100.0,128983.68,0.071176,191,4115,59,244120,2169,6,4,0,411628.2,6832,m14_adaptive_refinement,confirm,heavy_flood,pool256_r1_p135,256,1,135.0,False,60,200,1,20260620,250518.0,0.974461
m14_confirm_pool256_r1_p135_dup60_s20260621,P3-Persist,True,300,1500,3450399,1443.077792,0.937279,0,0.0,0.0,0.0,100.0,100.0,128983.68,0.068601,216,4130,52,243835,2155,5,3,0,414047.88,6832,m14_adaptive_refinement,confirm,heavy_flood,pool256_r1_p135,256,1,135.0,False,60,200,1,20260621,250233.0,0.974432
m14_confirm_pool256_r1_p135_dup60_s20260622,P3-Persist,True,300,1500,3421664,1474.219733,0.919572,0,0,0.0,0.0,100.0,100.0,129024.0,0.087163,180,4109,94,243265,2129,4,4,0,410599.68,6832,m14_adaptive_refinement,confirm,heavy_flood,pool256_r1_p135,256,1,135.0,False,60,200,1,20260622,249665.0,0.974366
m14_confirm_pool256_r1_p135_dup60_s20260623,P3-Persist,True,300,1500,3411078,1421.874948,0.931289,0,0.0,0.0,0,0.0,100.0,129003.84,0.071817,173,4095,63,243866,2217,3,5,0,409329.36,6832,m14_adaptive_refinement,confirm,heavy_flood,pool256_r1_p135,256,1,135.0,False,60,200,1,20260623,250265.0,0.974431
m14_confirm_pool256_r1_p135_dup60_s20260624,P3-Persist,True,300,1500,3437290,1419.781082,0.932229,0,0,0.0,0.0,100.0,100.0,128963.52,0.073546,190,4130,64,243657,2217,4,6,0,412474.8,6832,m14_adaptive_refinement,confirm,heavy_flood,pool256_r1_p135,256,1,135.0,False,60,200,1,20260624,250054.0,0.974418
m14_confirm_pool256_r1_p135_dup60_s20260625,P3-Persist,True,300,1500,3433764,1433.123539,0.921184,0.0,0.0,0.0,0.0,0.0,100.0,128963.52,0.081892,178,4135,94,243814,2203,3,3,0,412051.68,6832,m14_adaptive_refinement,confirm,heavy_flood,pool256_r1_p135,256,1,135.0,False,60,200,1,20260625,250211.0,0.974434
m14_confirm_pool256_r1_p135_dup60_s20260626,P3-Persist,True,300,1500,3438298,1424.905926,0.934185,0,0.0,0.0,0.0,100.0,100.0,128983.68,0.072396,208,4114,66,243119,2193,2,7,1,412595.76,6832,m14_adaptive_refinement,confirm,heavy_flood,pool256_r1_p135,256,1,135.0,False,60,200,1,20260626,249518.0,0.974355
m14_confirm_pool256_r1_p135_dup60_s20260627,P3-Persist,True,300,1500,3434266,1438.134841,0.928099,0.0,0.0,0.0,0.0,0.0,100.0,128903.04,0.075398,196,4118,66,244181,2179,3,9,0,412111.92,6832,m14_adaptive_refinement,confirm,heavy_flood,pool256_r1_p135,256,1,135.0,False,60,200,1,20260627,250575.0,0.974483
m14_confirm_pool256_r1_p135_dup60_s20260628,P3-Persist,True,300,1500,3423177,1474.871607,0.925808,0,0,100.0,0.0,100.0,100.0,129024.0,0.084164,186,4106,72,243772,2123,3,10,0,410781.24,6832,m14_adaptive_refinement,confirm,heavy_flood,pool256_r1_p135,256,1,135.0,False,60,200,1,20260628,250172.0,0.974418
m14_confirm_pool256_r1_p135_dup60_s20260629,P3-Persist,True,300,1500,3443839,1445.169534,0.935611,0,0.0,0.0,0.0,65.0,100.0,128903.04,0.068708,208,4125,48,242707,2161,7,9,0,413260.68,6832,m14_adaptive_refinement,confirm,heavy_flood,pool256_r1_p135,256,1,135.0,False,60,200,1,20260629,249101.0,0.974332
m14_confirm_pool256_r2_p120_dup0_s20260610,P3-Persist,True,300,1500,3780007,2266.191247,0.644762,0.0,0.0,0.0,0,100,100.0,145756.8,0.356784,21,4979,0,0,1632,8,55,22116,453600.84,6832,m14_adaptive_refinement,confirm,heavy_flood,pool256_r2_p120,256,2,120.0,False,0,200,1,20260610,29346.0,0.0
m14_confirm_pool256_r2_p120_dup0_s20260611,P3-Persist,True,300,1500,3780007,2217.012903,0.665236,0,0.0,0.0,0.0,100.0,100.0,145797.12,0.336715,18,4982,0,0,1671,9,76,22051,453600.84,6832,m14_adaptive_refinement,confirm,heavy_flood,pool256_r2_p120,256,2,120.0,False,0,200,1,20260611,29283.0,0.0
m14_confirm_pool256_r2_p120_dup0_s20260612,P3-Persist,True,300,1500,3780007,2183.712883,0.673017,0,0.0,0.0,0.0,0.0,0.0,145474.56,0.327372,18,4982,0,0,1701,5,55,22039,453600.84,6832,m14_adaptive_refinement,confirm,heavy_flood,pool256_r2_p120,256,2,120.0,False,0,200,1,20260612,29255.0,0.0
m14_confirm_pool256_r2_p120_dup0_s20260613,P3-Persist,True,300,1500,3780006,2250.003571,0.640488,0.0,0.0,0.0,0,30.0,86.0,146039.04,0.359893,15,4985,0,0,1649,10,44,22149,453600.72,6832,m14_adaptive_refinement,confirm,heavy_flood,pool256_r2_p120,256,2,120.0,False,0,200,1,20260613,29393.0,0.0
m14_confirm_pool256_r2_p120_dup0_s20260614,P3-Persist,True,300,1500,3780008,2366.943018,0.623098,0,0.0,0.0,0.0,35.0,87.0,146502.72,0.377292,14,4986,0,0,1568,7,51,22146,453600.96,6832,m14_adaptive_refinement,confirm,heavy_flood,pool256_r2_p120,256,2,120.0,False,0,200,1,20260614,29413.0,0.0
m14_confirm_pool256_r2_p120_dup0_s20260615,P3-Persist,True,300,1500,3780007,2313.345777,0.652556,0.0,0.0,0.0,0,0.0,0.0,146260.8,0.347444,13,4987,0,0,1606,8,54,22057,453600.84,6832,m14_adaptive_refinement,confirm,heavy_flood,pool256_r2_p120,256,2,120.0,False,0,200,1,20260615,29312.0,0.0
m14_confirm_pool256_r2_p120_dup0_s20260616,P3-Persist,True,300,1500,3780007,2545.459259,0.596625,0,0.0,0.0,0.0,0.0,0.0,146139.84,0.403375,14,4986,0,0,1459,5,54,21987,453600.84,6832,m14_adaptive_refinement,confirm,heavy_flood,pool256_r2_p120,256,2,120.0,False,0,200,1,20260616,29236.0,0.0
m14_confirm_pool256_r2_p120_dup0_s20260617,P3-Persist,True,300,1500,3780008,2350.751244,0.647865,0.0,0.0,0.0,0,10.0,82.0,145615.68,0.352941,19,4981,0,0,1577,4,109,22207,453600.96,6832,m14_adaptive_refinement,confirm,heavy_flood,pool256_r2_p120,256,2,120.0,False,0,200,1,20260617,29430.0,0.0
m14_confirm_pool256_r2_p120_dup0_s20260618,P3-Persist,True,300,1500,3780007,2353.678082,0.645758,0.0,0.0,0.0,0,20.0,84.0,145837.44,0.354644,17,4983,0,0,1576,6,42,22099,453600.84,6832,m14_adaptive_refinement,confirm,heavy_flood,pool256_r2_p120,256,2,120.0,False,0,200,1,20260618,29333.0,0.0
m14_confirm_pool256_r2_p120_dup0_s20260619,P3-Persist,True,300,1500,3780006,2293.692961,0.641745,0.0,0.0,0.0,0,0.0,0.0,146180.16,0.358645,13,4987,0,0,1621,8,73,22171,453600.72,6832,m14_adaptive_refinement,confirm,heavy_flood,pool256_r2_p120,256,2,120.0,False,0,200,1,20260619,29422.0,0.0
m14_confirm_pool256_r2_p120_dup0_s20260620,P3-Persist,True,300,1500,3780006,2493.407652,0.596146,0.0,0.0,0.0,0.0,15.0,83.0,146321.28,0.40464,18,4982,0,0,1479,13,71,22264,453600.72,6832,m14_adaptive_refinement,confirm,heavy_flood,pool256_r2_p120,256,2,120.0,False,0,200,1,20260620,29522.0,0.0
m14_confirm_pool256_r2_p120_dup0_s20260621,P3-Persist,True,300,1500,3780006,2260.769139,0.655429,0.0,0.0,0.0,0.0,100.0,100.0,146099.52,0.346139,18,4982,0,0,1638,10,52,22135,453600.72,6832,m14_adaptive_refinement,confirm,heavy_flood,pool256_r2_p120,256,2,120.0,False,0,200,1,20260621,29382.0,0.0
m14_confirm_pool256_r2_p120_dup0_s20260622,P3-Persist,True,300,1500,3780007,2303.477757,0.650158,0,0,0.0,0,50.0,90.0,146744.64,0.350238,11,4989,0,0,1616,7,41,22075,453600.84,6832,m14_adaptive_refinement,confirm,heavy_flood,pool256_r2_p120,256,2,120.0,False,0,200,1,20260622,29354.0,0.0
m14_confirm_pool256_r2_p120_dup0_s20260623,P3-Persist,True,300,1500,3780007,2267.55069,0.647127,0,0.0,0.0,0.0,0.0,0.0,146966.4,0.352873,10,4990,0,0,1642,8,72,22170,453600.84,6832,m14_adaptive_refinement,confirm,heavy_flood,pool256_r2_p120,256,2,120.0,False,0,200,1,20260623,29460.0,0.0
m14_confirm_pool256_r2_p120_dup0_s20260624,P3-Persist,True,300,1500,3780008,2207.948598,0.659222,0.0,0.0,0.0,0.0,100.0,100.0,146059.2,0.341548,14,4986,0,0,1678,12,64,22247,453600.96,6832,m14_adaptive_refinement,confirm,heavy_flood,pool256_r2_p120,256,2,120.0,False,0,200,1,20260624,29492.0,0.0
m14_confirm_pool256_r2_p120_dup0_s20260625,P3-Persist,True,300,1500,3780007,2311.930887,0.628604,0,0.0,0.0,0,0.0,0.0,145978.56,0.371396,17,4983,0,0,1604,7,45,22062,453600.84,6832,m14_adaptive_refinement,confirm,heavy_flood,pool256_r2_p120,256,2,120.0,False,0,200,1,20260625,29303.0,0.0
m14_confirm_pool256_r2_p120_dup0_s20260626,P3-Persist,True,300,1500,3780007,2386.368056,0.61324,0.0,0.0,0.0,0,0.0,0.0,146502.72,0.38676,9,4991,0,0,1558,10,61,22018,453600.84,6832,m14_adaptive_refinement,confirm,heavy_flood,pool256_r2_p120,256,2,120.0,False,0,200,1,20260626,29285.0,0.0
m14_confirm_pool256_r2_p120_dup0_s20260627,P3-Persist,True,300,1500,3780007,2252.685936,0.652157,0.0,0.0,0.0,0.0,35.0,87.0,146280.96,0.348232,14,4986,0,0,1648,9,72,22176,453600.84,6832,m14_adaptive_refinement,confirm,heavy_flood,pool256_r2_p120,256,2,120.0,False,0,200,1,20260627,29432.0,0.0
m14_confirm_pool256_r2_p120_dup0_s20260628,P3-Persist,True,300,1500,3780007,2416.884271,0.623853,0.0,0.0,0.0,0,10.0,82.0,146563.2,0.377343,19,4981,0,0,1529,9,110,22221,453600.84,6832,m14_adaptive_refinement,confirm,heavy_flood,pool256_r2_p120,256,2,120.0,False,0,200,1,20260628,29491.0,0.0
m14_confirm_pool256_r2_p120_dup0_s20260629,P3-Persist,True,300,1500,3780007,2277.112651,0.651747,0.0,0.0,0.0,0.0,0.0,0.0,146119.68,0.348253,20,4980,0,0,1624,9,53,21879,453600.84,6832,m14_adaptive_refinement,confirm,heavy_flood,pool256_r2_p120,256,2,120.0,False,0,200,1,20260629,29127.0,0.0
m14_confirm_pool256_r2_p120_dup60_s20260610,P3-Persist,True,300,1500,3529521,1469.409242,0.928489,0.0,0.0,0.0,0.0,100.0,100.0,129024.0,0.078856,192,4311,68,243277,2195,6,11,0,423542.52,6832,m14_adaptive_refinement,confirm,heavy_flood,pool256_r2_p120,256,2,120.0,False,60,200,1,20260610,249677.0,0.974367
m14_confirm_pool256_r2_p120_dup60_s20260611,P3-Persist,True,300,1500,3502303,1475.275063,0.926258,0.0,0.0,0.0,0.0,100.0,100.0,129024.0,0.082716,180,4269,79,243606,2179,8,9,0,420276.36,6832,m14_adaptive_refinement,confirm,heavy_flood,pool256_r2_p120,256,2,120.0,False,60,200,1,20260611,250006.0,0.974401
m14_confirm_pool256_r2_p120_dup60_s20260612,P3-Persist,True,300,1500,3536077,1481.38961,0.928072,0,0.0,0.0,0.0,100.0,100.0,129024.0,0.077372,202,4314,76,243271,2169,3,3,0,424329.24,6832,m14_adaptive_refinement,confirm,heavy_flood,pool256_r2_p120,256,2,120.0,False,60,200,1,20260612,249671.0,0.974366
m14_confirm_pool256_r2_p120_dup60_s20260613,P3-Persist,True,300,1500,3536580,1438.803906,0.937095,0.0,0.0,0.0,0,100.0,100.0,129003.84,0.067861,219,4298,48,244219,2224,3,5,0,424389.6,6832,m14_adaptive_refinement,confirm,heavy_flood,pool256_r2_p120,256,2,120.0,False,60,200,1,20260613,250618.0,0.974467
m14_confirm_pool256_r2_p120_dup60_s20260614,P3-Persist,True,300,1500,3519436,1480.620951,0.927429,0,0.0,0.0,0.0,95.0,100.0,129024.0,0.077253,202,4281,63,243296,2164,7,6,0,422332.32,6832,m14_adaptive_refinement,confirm,heavy_flood,pool256_r2_p120,256,2,120.0,False,60,200,1,20260614,249696.0,0.974369
m14_confirm_pool256_r2_p120_dup60_s20260615,P3-Persist,True,300,1500,3512386,1511.353701,0.928115,0.0,0.0,0.0,0.0,0.0,100.0,129003.84,0.073882,186,4283,65,242871,2123,5,9,0,421486.32,6832,m14_adaptive_refinement,confirm,heavy_flood,pool256_r2_p120,256,2,120.0,False,60,200,1,20260615,249270.0,0.974329
m14_confirm_pool256_r2_p120_dup60_s20260616,P3-Persist,True,300,1500,3511881,1525.578193,0.924869,0.0,0.0,0.0,0.0,100.0,100.0,129024.0,0.07955,182,4286,72,243512,2106,5,6,0,421425.72,6832,m14_adaptive_refinement,confirm,heavy_flood,pool256_r2_p120,256,2,120.0,False,60,200,1,20260616,249912.0,0.974391
m14_confirm_pool256_r2_p120_dup60_s20260617,P3-Persist,True,300,1500,3535069,1543.024443,0.923046,0,0.0,0.0,0,100.0,100.0,128882.88,0.081789,209,4305,76,244184,2065,4,10,1,424208.28,6832,m14_adaptive_refinement,confirm,heavy_flood,pool256_r2_p120,256,2,120.0,False,60,200,1,20260617,250578.0,0.974483
m14_confirm_pool256_r2_p120_dup60_s20260618,P3-Persist,True,300,1500,3523980,1532.165217,0.924809,0.0,0.0,0.0,0.0,100.0,100.0,129024.0,0.079614,180,4312,71,243115,2100,8,5,0,422877.6,6832,m14_adaptive_refinement,confirm,heavy_flood,pool256_r2_p120,256,2,120.0,False,60,200,1,20260618,249515.0,0.97435
m14_confirm_pool256_r2_p120_dup60_s20260619,P3-Persist,True,300,1500,3520958,1476.911913,0.928349,0.0,0.0,0.0,0.0,100.0,100.0,129024.0,0.075935,196,4290,76,242852,2168,6,10,0,422514.96,6832,m14_adaptive_refinement,confirm,heavy_flood,pool256_r2_p120,256,2,120.0,False,60,200,1,20260619,249252.0,0.974323
m14_confirm_pool256_r2_p120_dup60_s20260620,P3-Persist,True,300,1500,3507851,1475.74716,0.934723,0,0.0,0.0,0.0,100.0,100.0,129003.84,0.071176,190,4270,59,244120,2169,7,4,0,420942.12,6832,m14_adaptive_refinement,confirm,heavy_flood,pool256_r2_p120,256,2,120.0,False,60,200,1,20260620,250519.0,0.974457
m14_confirm_pool256_r2_p120_dup60_s20260621,P3-Persist,True,300,1500,3529023,1471.039183,0.940416,0,0.0,0.0,0,100.0,100.0,129024.0,0.065465,213,4289,45,243835,2164,7,3,0,423482.76,6832,m14_adaptive_refinement,confirm,heavy_flood,pool256_r2_p120,256,2,120.0,False,60,200,1,20260621,250235.0,0.974424
m14_confirm_pool256_r2_p120_dup60_s20260622,P3-Persist,True,300,1500,3504320,1509.831969,0.919572,0,0,0.0,0.0,100.0,100.0,129024.0,0.087163,176,4277,94,243265,2130,7,4,0,420518.4,6832,m14_adaptive_refinement,confirm,heavy_flood,pool256_r2_p120,256,2,120.0,False,60,200,1,20260622,249665.0,0.974366
m14_confirm_pool256_r2_p120_dup60_s20260623,P3-Persist,True,300,1500,3495246,1456.959566,0.931289,0,0.0,0.0,0.0,0.0,100.0,129003.84,0.071817,170,4265,63,243866,2217,6,5,0,419429.52,6832,m14_adaptive_refinement,confirm,heavy_flood,pool256_r2_p120,256,2,120.0,False,60,200,1,20260623,250265.0,0.974431
m14_confirm_pool256_r2_p120_dup60_s20260624,P3-Persist,True,300,1500,3513394,1451.216026,0.932229,0,0,0.0,0,100.0,100.0,129024.0,0.073546,189,4282,64,243657,2217,5,6,0,421607.28,6832,m14_adaptive_refinement,confirm,heavy_flood,pool256_r2_p120,256,2,120.0,False,60,200,1,20260624,250057.0,0.974406
m14_confirm_pool256_r2_p120_dup60_s20260625,P3-Persist,True,300,1500,3514908,1466.989983,0.921184,0.0,0.0,0.0,0.0,0.0,100.0,129024.0,0.081892,176,4298,94,243814,2203,5,3,0,421788.96,6832,m14_adaptive_refinement,confirm,heavy_flood,pool256_r2_p120,256,2,120.0,False,60,200,1,20260625,250214.0,0.974422
m14_confirm_pool256_r2_p120_dup60_s20260626,P3-Persist,True,300,1500,3514907,1434.655918,0.948509,0.0,0.0,0.0,0,100.0,100.0,129024.0,0.058072,203,4271,31,243119,2231,5,7,0,421788.84,6832,m14_adaptive_refinement,confirm,heavy_flood,pool256_r2_p120,256,2,120.0,False,60,200,1,20260626,249519.0,0.974351
m14_confirm_pool256_r2_p120_dup60_s20260627,P3-Persist,True,300,1500,3512890,1471.059464,0.928099,0.0,0.0,0.0,0,0.0,100.0,129024.0,0.075398,195,4275,66,244181,2179,4,9,0,421546.8,6832,m14_adaptive_refinement,confirm,heavy_flood,pool256_r2_p120,256,2,120.0,False,60,200,1,20260627,250581.0,0.974459
m14_confirm_pool256_r2_p120_dup60_s20260628,P3-Persist,True,300,1500,3509361,1512.003878,0.925808,0,0,100.0,0.0,100.0,100.0,129024.0,0.084164,182,4281,72,243772,2123,7,10,0,421123.32,6832,m14_adaptive_refinement,confirm,heavy_flood,pool256_r2_p120,256,2,120.0,False,60,200,1,20260628,250172.0,0.974418
m14_confirm_pool256_r2_p120_dup60_s20260629,P3-Persist,True,300,1500,3519439,1476.894251,0.935611,0,0.0,0.0,0.0,75.0,100.0,129024.0,0.068708,206,4277,48,242707,2161,9,9,0,422332.68,6832,m14_adaptive_refinement,confirm,heavy_flood,pool256_r2_p120,256,2,120.0,False,60,200,1,20260629,249107.0,0.974308
m14_confirm_pool320_r1_p105_dup0_s20260610,P3-Persist,True,300,1500,3780007,2266.191247,0.644762,0.0,0.0,0.0,0,100,100.0,145756.8,0.356784,21,4979,0,0,1632,8,55,22116,453600.84,6832,m14_adaptive_refinement,confirm,heavy_flood,pool320_r1_p105,320,1,105.0,False,0,200,1,20260610,29346.0,0.0
m14_confirm_pool320_r1_p105_dup0_s20260610,BudgetDoS,True,300,1500,1261535,816.527508,0.597217,0,0.0,0.0,0.0,0.0,0.0,45339.84,0.402783,0,0,0,0,0,10,1042,247428,151384.2,4192,m14_adaptive_refinement,confirm,heavy_flood,pool320_r1_p105,320,1,105.0,False,0,200,1,20260610,249677.0,0.0
m14_confirm_pool320_r1_p105_dup0_s20260611,P3-Persist,True,300,1500,3780007,2217.012903,0.665236,0,0.0,0.0,0.0,100.0,100.0,145797.12,0.336715,18,4982,0,0,1671,9,76,22051,453600.84,6832,m14_adaptive_refinement,confirm,heavy_flood,pool320_r1_p105,320,1,105.0,False,0,200,1,20260611,29283.0,0.0
m14_confirm_pool320_r1_p105_dup0_s20260611,BudgetDoS,True,300,1500,1261536,816.0,0.603199,0.0,0.0,0.0,0.0,0.0,0.0,45339.84,0.396801,0,0,0,0,0,10,1017,247757,151384.32,4192,m14_adaptive_refinement,confirm,heavy_flood,pool320_r1_p105,320,1,105.0,False,0,200,1,20260611,250006.0,0.0
m14_confirm_pool320_r1_p105_dup0_s20260612,P3-Persist,True,300,1500,3780007,2183.712883,0.673017,0,0.0,0.0,0.0,0.0,0.0,145474.56,0.327372,18,4982,0,0,1701,5,55,22039,453600.84,6832,m14_adaptive_refinement,confirm,heavy_flood,pool320_r1_p105,320,1,105.0,False,0,200,1,20260612,29255.0,0.0
m14_confirm_pool320_r1_p105_dup0_s20260612,BudgetDoS,True,300,1500,1260938,1327.303158,0.369362,0.0,0.0,0.0,0.0,0.0,0.0,44896.32,0.630638,0,0,0,0,0,12,1622,247444,151312.56,4192,m14_adaptive_refinement,confirm,heavy_flood,pool320_r1_p105,320,1,105.0,False,0,200,1,20260612,249671.0,0.0
m14_confirm_pool320_r1_p105_dup0_s20260613,P3-Persist,True,300,1500,3780006,2250.003571,0.640488,0.0,0.0,0.0,0,30.0,86.0,146039.04,0.359893,15,4985,0,0,1649,10,44,22149,453600.72,6832,m14_adaptive_refinement,confirm,heavy_flood,pool320_r1_p105,320,1,105.0,False,0,200,1,20260613,29393.0,0.0
m14_confirm_pool320_r1_p105_dup0_s20260613,BudgetDoS,True,300,1500,1261528,819.706303,0.586733,0,0.0,0.0,0.0,0.0,0.0,45521.28,0.413267,0,0,0,0,0,11,1084,248361,151383.36,4192,m14_adaptive_refinement,confirm,heavy_flood,pool320_r1_p105,320,1,105.0,False,0,200,1,20260613,250619.0,0.0
m14_confirm_pool320_r1_p105_dup0_s20260614,P3-Persist,True,300,1500,3780008,2366.943018,0.623098,0,0.0,0.0,0.0,35.0,87.0,146502.72,0.377292,14,4986,0,0,1568,7,51,22146,453600.96,6832,m14_adaptive_refinement,confirm,heavy_flood,pool320_r1_p105,320,1,105.0,False,0,200,1,20260614,29413.0,0.0
m14_confirm_pool320_r1_p105_dup0_s20260614,BudgetDoS,True,300,1500,1261539,815.474467,0.60359,0,0.0,0.0,0.0,0.0,0.0,45964.8,0.39641,0,0,0,0,0,8,1016,247416,151384.68,4192,m14_adaptive_refinement,confirm,heavy_flood,pool320_r1_p105,320,1,105.0,False,0,200,1,20260614,249696.0,0.0
m14_confirm_pool320_r1_p105_dup0_s20260615,P3-Persist,True,300,1500,3780007,2313.345777,0.652556,0.0,0.0,0.0,0,0.0,0.0,146260.8,0.347444,13,4987,0,0,1606,8,54,22057,453600.84,6832,m14_adaptive_refinement,confirm,heavy_flood,pool320_r1_p105,320,1,105.0,False,0,200,1,20260615,29312.0,0.0
m14_confirm_pool320_r1_p105_dup0_s20260615,BudgetDoS,True,300,1500,1261496,838.203322,0.601038,0,0.0,0.0,0.0,0.0,0.0,45702.72,0.398962,0,0,0,0,0,9,999,247004,151379.52,4192,m14_adaptive_refinement,confirm,heavy_flood,pool320_r1_p105,320,1,105.0,False,0,200,1,20260615,249271.0,0.0
m14_confirm_pool320_r1_p105_dup0_s20260616,P3-Persist,True,300,1500,3780007,2545.459259,0.596625,0,0.0,0.0,0.0,0.0,0.0,146139.84,0.403375,14,4986,0,0,1459,5,54,21987,453600.84,6832,m14_adaptive_refinement,confirm,heavy_flood,pool320_r1_p105,320,1,105.0,False,0,200,1,20260616,29236.0,0.0
m14_confirm_pool320_r1_p105_dup0_s20260616,BudgetDoS,True,300,1500,1261484,846.065728,0.599036,0,0.0,0.0,0.0,0.0,0.0,45581.76,0.400964,0,0,0,0,0,7,998,247651,151378.08,4192,m14_adaptive_refinement,confirm,heavy_flood,pool320_r1_p105,320,1,105.0,False,0,200,1,20260616,249912.0,0.0
m14_confirm_pool320_r1_p105_dup0_s20260617,P3-Persist,True,300,1500,3780008,2350.751244,0.647865,0.0,0.0,0.0,0,10.0,82.0,145615.68,0.352941,19,4981,0,0,1577,4,109,22207,453600.96,6832,m14_adaptive_refinement,confirm,heavy_flood,pool320_r1_p105,320,1,105.0,False,0,200,1,20260617,29430.0,0.0
m14_confirm_pool320_r1_p105_dup0_s20260617,BudgetDoS,True,300,1500,1261398,898.431624,0.565673,0.0,0.0,0.0,0.0,0.0,0.0,45158.4,0.434327,0,0,0,0,0,6,1078,248344,151367.76,4192,m14_adaptive_refinement,confirm,heavy_flood,pool320_r1_p105,320,1,105.0,False,0,200,1,20260617,250584.0,0.0
m14_confirm_pool320_r1_p105_dup0_s20260618,P3-Persist,True,300,1500,3780007,2353.678082,0.645758,0.0,0.0,0.0,0,20.0,84.0,145837.44,0.354644,17,4983,0,0,1576,6,42,22099,453600.84,6832,m14_adaptive_refinement,confirm,heavy_flood,pool320_r1_p105,320,1,105.0,False,0,200,1,20260618,29333.0,0.0
m14_confirm_pool320_r1_p105_dup0_s20260618,BudgetDoS,True,300,1500,1261400,896.517413,0.565742,0,0.0,0.0,0.0,0.0,0.0,45360.0,0.434258,0,0,0,0,0,7,1080,247265,151368.0,4192,m14_adaptive_refinement,confirm,heavy_flood,pool320_r1_p105,320,1,105.0,False,0,200,1,20260618,249515.0,0.0
m14_confirm_pool320_r1_p105_dup0_s20260619,P3-Persist,True,300,1500,3780006,2293.692961,0.641745,0.0,0.0,0.0,0,0.0,0.0,146180.16,0.358645,13,4987,0,0,1621,8,73,22171,453600.72,6832,m14_adaptive_refinement,confirm,heavy_flood,pool320_r1_p105,320,1,105.0,False,0,200,1,20260619,29422.0,0.0
m14_confirm_pool320_r1_p105_dup0_s20260619,BudgetDoS,True,300,1500,1261510,830.487163,0.591511,0,0.0,0.0,0.0,0.0,0.0,45622.08,0.408489,0,0,0,0,0,9,1049,246989,151381.2,4192,m14_adaptive_refinement,confirm,heavy_flood,pool320_r1_p105,320,1,105.0,False,0,200,1,20260619,249252.0,0.0
m14_confirm_pool320_r1_p105_dup0_s20260620,P3-Persist,True,300,1500,3780006,2493.407652,0.596146,0.0,0.0,0.0,0.0,15.0,83.0,146321.28,0.40464,18,4982,0,0,1479,13,71,22264,453600.72,6832,m14_adaptive_refinement,confirm,heavy_flood,pool320_r1_p105,320,1,105.0,False,0,200,1,20260620,29522.0,0.0
m14_confirm_pool320_r1_p105_dup0_s20260620,BudgetDoS,True,300,1500,1261463,854.07109,0.58081,0,0.0,0.0,0.0,0.0,0.0,45864.0,0.41919,0,0,0,0,0,14,1066,248245,151375.56,4192,m14_adaptive_refinement,confirm,heavy_flood,pool320_r1_p105,320,1,105.0,False,0,200,1,20260620,250520.0,0.0
m14_confirm_pool320_r1_p105_dup0_s20260621,P3-Persist,True,300,1500,3780006,2260.769139,0.655429,0.0,0.0,0.0,0.0,100.0,100.0,146099.52,0.346139,18,4982,0,0,1638,10,52,22135,453600.72,6832,m14_adaptive_refinement,confirm,heavy_flood,pool320_r1_p105,320,1,105.0,False,0,200,1,20260621,29382.0,0.0
m14_confirm_pool320_r1_p105_dup0_s20260621,BudgetDoS,True,300,1500,1260959,1295.94964,0.381419,0,0.0,0.0,0.0,0.0,0.0,45581.76,0.618581,0,0,0,0,0,14,1578,247974,151315.08,4192,m14_adaptive_refinement,confirm,heavy_flood,pool320_r1_p105,320,1,105.0,False,0,200,1,20260621,250235.0,0.0
m14_confirm_pool320_r1_p105_dup0_s20260622,P3-Persist,True,300,1500,3780007,2303.477757,0.650158,0,0,0.0,0,50.0,90.0,146744.64,0.350238,11,4989,0,0,1616,7,41,22075,453600.84,6832,m14_adaptive_refinement,confirm,heavy_flood,pool320_r1_p105,320,1,105.0,False,0,200,1,20260622,29354.0,0.0
m14_confirm_pool320_r1_p105_dup0_s20260622,BudgetDoS,True,300,1500,1261543,813.89871,0.614105,0.0,0.0,0.0,0.0,0.0,0.0,46166.4,0.385895,0,0,0,0,0,7,974,247375,151385.16,4192,m14_adaptive_refinement,confirm,heavy_flood,pool320_r1_p105,320,1,105.0,False,0,200,1,20260622,249665.0,0.0
m14_confirm_pool320_r1_p105_dup0_s20260623,P3-Persist,True,300,1500,3780007,2267.55069,0.647127,0,0.0,0.0,0.0,0.0,0.0,146966.4,0.352873,10,4990,0,0,1642,8,72,22170,453600.84,6832,m14_adaptive_refinement,confirm,heavy_flood,pool320_r1_p105,320,1,105.0,False,0,200,1,20260623,29460.0,0.0
m14_confirm_pool320_r1_p105_dup0_s20260623,BudgetDoS,True,300,1500,1261451,864.007534,0.56677,0.0,0.0,0.0,0.0,0.0,0.0,46347.84,0.43323,0,0,0,0,0,9,1116,247967,151374.12,4192,m14_adaptive_refinement,confirm,heavy_flood,pool320_r1_p105,320,1,105.0,False,0,200,1,20260623,250266.0,0.0
m14_confirm_pool320_r1_p105_dup0_s20260624,P3-Persist,True,300,1500,3780008,2207.948598,0.659222,0.0,0.0,0.0,0.0,100.0,100.0,146059.2,0.341548,14,4986,0,0,1678,12,64,22247,453600.96,6832,m14_adaptive_refinement,confirm,heavy_flood,pool320_r1_p105,320,1,105.0,False,0,200,1,20260624,29492.0,0.0
m14_confirm_pool320_r1_p105_dup0_s20260624,BudgetDoS,True,300,1500,1261502,832.674587,0.583365,0,0.0,0.0,0.0,0.0,0.0,45521.28,0.416635,0,0,0,0,0,13,1082,247799,151380.24,4192,m14_adaptive_refinement,confirm,heavy_flood,pool320_r1_p105,320,1,105.0,False,0,200,1,20260624,250057.0,0.0
m14_confirm_pool320_r1_p105_dup0_s20260625,P3-Persist,True,300,1500,3780007,2311.930887,0.628604,0,0.0,0.0,0,0.0,0.0,145978.56,0.371396,17,4983,0,0,1604,7,45,22062,453600.84,6832,m14_adaptive_refinement,confirm,heavy_flood,pool320_r1_p105,320,1,105.0,False,0,200,1,20260625,29303.0,0.0
m14_confirm_pool320_r1_p105_dup0_s20260625,BudgetDoS,True,300,1500,1261487,844.93436,0.57401,0,0.0,0.0,0.0,0.0,0.0,45541.44,0.42599,0,0,0,0,0,6,1108,247955,151378.44,4192,m14_adaptive_refinement,confirm,heavy_flood,pool320_r1_p105,320,1,105.0,False,0,200,1,20260625,250214.0,0.0
m14_confirm_pool320_r1_p105_dup0_s20260626,P3-Persist,True,300,1500,3780007,2386.368056,0.61324,0.0,0.0,0.0,0,0.0,0.0,146502.72,0.38676,9,4991,0,0,1558,10,61,22018,453600.84,6832,m14_adaptive_refinement,confirm,heavy_flood,pool320_r1_p105,320,1,105.0,False,0,200,1,20260626,29285.0,0.0
m14_confirm_pool320_r1_p105_dup0_s20260626,BudgetDoS,True,300,1500,1261503,833.775942,0.585753,0,0.0,0.0,0.0,0.0,0.0,45884.16,0.414247,0,0,0,0,0,10,1070,247243,151380.36,4192,m14_adaptive_refinement,confirm,heavy_flood,pool320_r1_p105,320,1,105.0,False,0,200,1,20260626,249519.0,0.0
m14_confirm_pool320_r1_p105_dup0_s20260627,P3-Persist,True,300,1500,3780007,2252.685936,0.652157,0.0,0.0,0.0,0.0,35.0,87.0,146280.96,0.348232,14,4986,0,0,1648,9,72,22176,453600.84,6832,m14_adaptive_refinement,confirm,heavy_flood,pool320_r1_p105,320,1,105.0,False,0,200,1,20260627,29432.0,0.0
m14_confirm_pool320_r1_p105_dup0_s20260627,BudgetDoS,True,300,1500,1261491,840.433711,0.583366,0,0,0,0.0,0.0,0.0,45722.88,0.416634,0,0,0,0,0,10,1072,248313,151378.92,4192,m14_adaptive_refinement,confirm,heavy_flood,pool320_r1_p105,320,1,105.0,False,0,200,1,20260627,250581.0,0.0
m14_confirm_pool320_r1_p105_dup0_s20260628,P3-Persist,True,300,1500,3780007,2416.884271,0.623853,0.0,0.0,0.0,0,10.0,82.0,146563.2,0.377343,19,4981,0,0,1529,9,110,22221,453600.84,6832,m14_adaptive_refinement,confirm,heavy_flood,pool320_r1_p105,320,1,105.0,False,0,200,1,20260628,29491.0,0.0
m14_confirm_pool320_r1_p105_dup0_s20260628,BudgetDoS,True,300,1500,1261458,859.303815,0.58556,0.0,0.0,0.0,0.0,0.0,0.0,46126.08,0.41444,0,0,0,0,0,10,1039,247884,151374.96,4192,m14_adaptive_refinement,confirm,heavy_flood,pool320_r1_p105,320,1,105.0,False,0,200,1,20260628,250172.0,0.0
m14_confirm_pool320_r1_p105_dup0_s20260629,P3-Persist,True,300,1500,3780007,2277.112651,0.651747,0.0,0.0,0.0,0.0,0.0,0.0,146119.68,0.348253,20,4980,0,0,1624,9,53,21879,453600.84,6832,m14_adaptive_refinement,confirm,heavy_flood,pool320_r1_p105,320,1,105.0,False,0,200,1,20260629,29127.0,0.0
m14_confirm_pool320_r1_p105_dup0_s20260629,BudgetDoS,True,300,1500,1261489,842.115487,0.588143,0.0,0.0,0.0,0.0,0.0,0.0,45722.88,0.411857,0,0,0,0,0,9,1049,246839,151378.68,4192,m14_adaptive_refinement,confirm,heavy_flood,pool320_r1_p105,320,1,105.0,False,0,200,1,20260629,249107.0,0.0
m14_confirm_pool320_r1_p105_dup60_s20260610,P3-Persist,True,300,1500,3780007,2073.509051,0.704677,0,0.0,0.0,0.0,100.0,100.0,145756.8,0.296869,20,4980,188,241677,1787,9,46,72,453600.84,6832,m14_adaptive_refinement,confirm,heavy_flood,pool320_r1_p105,320,1,105.0,False,60,200,1,20260610,248979.0,0.970672
m14_confirm_pool320_r1_p105_dup60_s20260610,BudgetDoS,True,300,1500,1260194,6177.421569,0.078856,0.0,0.0,0.0,0.0,0.0,0.0,45339.84,0.921144,0,0,1636,241677,0,10,747,5751,151223.28,4192,m14_adaptive_refinement,confirm,heavy_flood,pool320_r1_p105,320,1,105.0,False,60,200,1,20260610,249677.0,0.967959
m14_confirm_pool320_r1_p105_dup60_s20260611,P3-Persist,True,300,1500,3780007,2118.838004,0.696059,0.0,0.0,0.0,0.0,100.0,100.0,145837.44,0.305111,16,4984,221,242006,1752,9,50,77,453600.84,6832,m14_adaptive_refinement,confirm,heavy_flood,pool320_r1_p105,320,1,105.0,False,60,200,1,20260611,249317.0,0.970676
m14_confirm_pool320_r1_p105_dup60_s20260611,BudgetDoS,True,300,1500,1260178,6667.608466,0.073742,0,0.0,0.0,0.0,0.0,0.0,45319.68,0.926258,0,0,1636,242006,0,11,738,5752,151221.36,4192,m14_adaptive_refinement,confirm,heavy_flood,pool320_r1_p105,320,1,105.0,False,60,200,1,20260611,250006.0,0.968001
m14_confirm_pool320_r1_p105_dup60_s20260612,P3-Persist,True,300,1500,3780007,2100.003889,0.699844,0.0,0.0,0.0,0.0,0.0,0.0,145474.56,0.300544,18,4982,212,241671,1771,4,35,82,453600.84,6832,m14_adaptive_refinement,confirm,heavy_flood,pool320_r1_p105,320,1,105.0,False,60,200,1,20260612,248969.0,0.970687
m14_confirm_pool320_r1_p105_dup60_s20260612,BudgetDoS,True,300,1500,1260181,6529.435233,0.075039,0,0.0,0.0,0.0,0.0,0.0,44896.32,0.924961,0,0,1637,241671,0,12,742,5773,151221.72,4192,m14_adaptive_refinement,confirm,heavy_flood,pool320_r1_p105,320,1,105.0,False,60,200,1,20260612,249671.0,0.967958
m14_confirm_pool320_r1_p105_dup60_s20260613,P3-Persist,True,300,1500,3780007,2127.184581,0.677469,0,0.0,0.0,0,40.0,88.0,146139.84,0.322913,13,4987,224,242619,1751,6,32,62,453600.84,6832,m14_adaptive_refinement,confirm,heavy_flood,pool320_r1_p105,320,1,105.0,False,60,200,1,20260613,249930.0,0.970748
m14_confirm_pool320_r1_p105_dup60_s20260613,BudgetDoS,True,300,1500,1260197,6087.908213,0.078917,0,0.0,0.0,0.0,0.0,0.0,45541.44,0.921083,0,0,1665,242619,0,10,751,5741,151223.64,4192,m14_adaptive_refinement,confirm,heavy_flood,pool320_r1_p105,320,1,105.0,False,60,200,1,20260613,250619.0,0.968079
m14_confirm_pool320_r1_p105_dup60_s20260614,P3-Persist,True,300,1500,3780008,2251.344848,0.655092,0,0.0,0.0,0,30.0,86.0,146482.56,0.345298,15,4985,264,241696,1650,6,39,69,453600.96,6832,m14_adaptive_refinement,confirm,heavy_flood,pool320_r1_p105,320,1,105.0,False,60,200,1,20260614,249031.0,0.970546
m14_confirm_pool320_r1_p105_dup60_s20260614,BudgetDoS,True,300,1500,1260195,6207.857143,0.079204,0,0.0,0.0,0.0,0.0,0.0,45964.8,0.920796,0,0,1610,241696,0,8,750,5720,151223.4,4192,m14_adaptive_refinement,confirm,heavy_flood,pool320_r1_p105,320,1,105.0,False,60,200,1,20260614,249696.0,0.967961
m14_confirm_pool320_r1_p105_dup60_s20260615,P3-Persist,True,300,1500,3780007,2222.226337,0.679313,0,0,0,0,0.0,0.0,146321.28,0.320687,11,4989,192,241271,1676,7,33,61,453600.84,6832,m14_adaptive_refinement,confirm,heavy_flood,pool320_r1_p105,320,1,105.0,False,60,200,1,20260615,248590.0,0.970558
m14_confirm_pool320_r1_p105_dup60_s20260615,BudgetDoS,True,300,1500,1260193,6238.579208,0.080671,0.0,0.0,0.0,0.0,0.0,0.0,45702.72,0.919329,0,0,1560,241271,0,9,742,5733,151223.16,4192,m14_adaptive_refinement,confirm,heavy_flood,pool320_r1_p105,320,1,105.0,False,60,200,1,20260615,249271.0,0.967906
m14_confirm_pool320_r1_p105_dup60_s20260616,P3-Persist,True,300,1500,3780007,2438.714194,0.62274,0.0,0.0,0.0,0,0.0,0.0,146139.84,0.37726,15,4985,311,241912,1524,4,33,64,453600.84,6832,m14_adaptive_refinement,confirm,heavy_flood,pool320_r1_p105,320,1,105.0,False,60,200,1,20260616,249225.0,0.970657
m14_confirm_pool320_r1_p105_dup60_s20260616,BudgetDoS,True,300,1500,1260197,6177.436275,0.081961,0.0,0.0,0.0,0.0,0.0,0.0,45581.76,0.918039,0,0,1565,241912,0,7,720,5739,151223.64,4192,m14_adaptive_refinement,confirm,heavy_flood,pool320_r1_p105,320,1,105.0,False,60,200,1,20260616,249912.0,0.967989
m14_confirm_pool320_r1_p105_dup60_s20260617,P3-Persist,True,300,1500,3780008,2286.756201,0.665995,0,0.0,0.0,0.0,15.0,83.0,145635.84,0.334811,18,4982,212,242584,1623,4,61,72,453600.96,6832,m14_adaptive_refinement,confirm,heavy_flood,pool320_r1_p105,320,1,105.0,False,60,200,1,20260617,249880.0,0.970802
m14_confirm_pool320_r1_p105_dup60_s20260617,BudgetDoS,True,300,1500,1260189,6462.507692,0.078566,0,0.0,0.0,0.0,0.0,0.0,45158.4,0.921434,0,0,1513,242584,0,6,774,5760,151222.68,4192,m14_adaptive_refinement,confirm,heavy_flood,pool320_r1_p105,320,1,105.0,False,60,200,1,20260617,250584.0,0.968075
m14_confirm_pool320_r1_p105_dup60_s20260618,P3-Persist,True,300,1500,3780007,2353.678082,0.645758,0.0,0.0,0.0,0.0,15.0,83.0,145837.44,0.354644,18,4982,255,241515,1576,5,28,77,453600.84,6832,m14_adaptive_refinement,confirm,heavy_flood,pool320_r1_p105,320,1,105.0,False,60,200,1,20260618,248826.0,0.970618
m14_confirm_pool320_r1_p105_dup60_s20260618,BudgetDoS,True,300,1500,1260190,6300.95,0.080418,0.0,0.0,0.0,0.0,0.0,0.0,45299.52,0.919582,0,0,1548,241515,0,10,739,5753,151222.8,4192,m14_adaptive_refinement,confirm,heavy_flood,pool320_r1_p105,320,1,105.0,False,60,200,1,20260618,249515.0,0.967938
m14_confirm_pool320_r1_p105_dup60_s20260619,P3-Persist,True,300,1500,3780006,2162.474828,0.680685,0.0,0.0,0.0,0,0.0,0.0,146200.32,0.319704,13,4987,241,241252,1722,7,37,70,453600.72,6832,m14_adaptive_refinement,confirm,heavy_flood,pool320_r1_p105,320,1,105.0,False,60,200,1,20260619,248574.0,0.970544
m14_confirm_pool320_r1_p105_dup60_s20260619,BudgetDoS,True,300,1500,1260196,6147.297561,0.079829,0,0.0,0.0,0.0,0.0,0.0,45622.08,0.920171,0,0,1635,241252,0,9,728,5737,151223.52,4192,m14_adaptive_refinement,confirm,heavy_flood,pool320_r1_p105,320,1,105.0,False,60,200,1,20260619,249252.0,0.967904
m14_confirm_pool320_r1_p105_dup60_s20260620,P3-Persist,True,300,1500,3780006,2337.666048,0.635863,0,0.0,0.0,0,20.0,84.0,146361.6,0.364923,17,4983,323,242520,1582,12,45,57,453600.72,6832,m14_adaptive_refinement,confirm,heavy_flood,pool320_r1_p105,320,1,105.0,False,60,200,1,20260620,249837.0,0.970713
m14_confirm_pool320_r1_p105_dup60_s20260620,BudgetDoS,True,300,1500,1260195,6029.641148,0.082186,0,0.0,0.0,0.0,0.0,0.0,45864.0,0.917814,0,0,1578,242520,0,14,756,5725,151223.4,4192,m14_adaptive_refinement,confirm,heavy_flood,pool320_r1_p105,320,1,105.0,False,60,200,1,20260620,250520.0,0.968066
m14_confirm_pool320_r1_p105_dup60_s20260621,P3-Persist,True,300,1500,3780007,2235.36783,0.662877,0,0.0,0.0,0,100.0,100.0,146180.16,0.338691,15,4985,241,242235,1660,9,28,74,453600.84,6832,m14_adaptive_refinement,confirm,heavy_flood,pool320_r1_p105,320,1,105.0,False,60,200,1,20260621,249560.0,0.970648
m14_confirm_pool320_r1_p105_dup60_s20260621,BudgetDoS,True,300,1500,1260183,6495.78866,0.076049,0.0,0.0,0.0,0.0,0.0,0.0,45642.24,0.923951,0,0,1575,242235,0,11,782,5736,151221.96,4192,m14_adaptive_refinement,confirm,heavy_flood,pool320_r1_p105,320,1,105.0,False,60,200,1,20260621,250235.0,0.96803
m14_confirm_pool320_r1_p105_dup60_s20260622,P3-Persist,True,300,1500,3780007,2151.398406,0.696117,0,0.0,0.0,0.0,55.0,91.0,146764.8,0.304279,10,4990,202,241665,1733,7,29,66,453600.84,6832,m14_adaptive_refinement,confirm,heavy_flood,pool320_r1_p105,320,1,105.0,False,60,200,1,20260622,249011.0,0.970499
m14_confirm_pool320_r1_p105_dup60_s20260622,BudgetDoS,True,300,1500,1260192,6332.623116,0.078843,0,0.0,0.0,0.0,0.0,0.0,46166.4,0.921157,0,0,1615,241665,0,7,710,5710,151223.04,4192,m14_adaptive_refinement,confirm,heavy_flood,pool320_r1_p105,320,1,105.0,False,60,200,1,20260622,249665.0,0.967957
m14_confirm_pool320_r1_p105_dup60_s20260623,P3-Persist,True,300,1500,3780007,2157.538242,0.680124,0.0,0.0,0.0,0.0,0.0,0.0,147006.72,0.319876,8,4992,228,242266,1729,8,47,52,453600.84,6832,m14_adaptive_refinement,confirm,heavy_flood,pool320_r1_p105,320,1,105.0,False,60,200,1,20260623,249610.0,0.970578
m14_confirm_pool320_r1_p105_dup60_s20260623,BudgetDoS,True,300,1500,1260193,6238.579208,0.078416,0.0,0.0,0.0,0.0,0.0,0.0,46347.84,0.921584,0,0,1630,242266,0,9,744,5701,151223.16,4192,m14_adaptive_refinement,confirm,heavy_flood,pool320_r1_p105,320,1,105.0,False,60,200,1,20260623,250266.0,0.968034
m14_confirm_pool320_r1_p105_dup60_s20260624,P3-Persist,True,300,1500,3780008,2109.379464,0.690027,0.0,0.0,0.0,0,100.0,100.0,146039.04,0.310743,15,4985,225,242057,1757,12,43,63,453600.96,6832,m14_adaptive_refinement,confirm,heavy_flood,pool320_r1_p105,320,1,105.0,False,60,200,1,20260624,249364.0,0.970697
m14_confirm_pool320_r1_p105_dup60_s20260624,BudgetDoS,True,300,1500,1260192,6147.278049,0.078937,0,0.0,0.0,0.0,0.0,0.0,45521.28,0.921063,0,0,1648,242057,0,13,744,5742,151223.04,4192,m14_adaptive_refinement,confirm,heavy_flood,pool320_r1_p105,320,1,105.0,False,60,200,1,20260624,250057.0,0.968007
m14_confirm_pool320_r1_p105_dup60_s20260625,P3-Persist,True,300,1500,3780007,2103.509738,0.690888,0,0.0,0.0,0,0.0,0.0,146039.04,0.309112,15,4985,231,242214,1769,6,35,67,453600.84,6832,m14_adaptive_refinement,confirm,heavy_flood,pool320_r1_p105,320,1,105.0,False,60,200,1,20260625,249525.0,0.9707
m14_confirm_pool320_r1_p105_dup60_s20260625,BudgetDoS,True,300,1500,1260195,6269.626866,0.077278,0,0,0,0.0,0.0,0.0,45541.44,0.922722,0,0,1636,242214,0,6,764,5741,151223.4,4192,m14_adaptive_refinement,confirm,heavy_flood,pool320_r1_p105,320,1,105.0,False,60,200,1,20260625,250214.0,0.968027
m14_confirm_pool320_r1_p105_dup60_s20260626,P3-Persist,True,300,1500,3780007,2317.600858,0.631436,0,0.0,0.0,0.0,0.0,0.0,146563.2,0.368564,6,4994,305,241519,1608,10,45,64,453600.84,6832,m14_adaptive_refinement,confirm,heavy_flood,pool320_r1_p105,320,1,105.0,False,60,200,1,20260626,248853.0,0.970529
m14_confirm_pool320_r1_p105_dup60_s20260626,BudgetDoS,True,300,1500,1260200,6000.952381,0.081301,0.0,0.0,0.0,0.0,0.0,0.0,45884.16,0.918699,0,0,1613,241519,0,10,760,5724,151224.0,4192,m14_adaptive_refinement,confirm,heavy_flood,pool320_r1_p105,320,1,105.0,False,60,200,1,20260626,249519.0,0.967938
m14_confirm_pool320_r1_p105_dup60_s20260627,P3-Persist,True,300,1500,3780007,2080.356081,0.70618,0,0.0,0.0,0.0,45.0,89.0,146341.44,0.294209,12,4988,155,242581,1790,8,38,71,453600.84,6832,m14_adaptive_refinement,confirm,heavy_flood,pool320_r1_p105,320,1,105.0,False,60,200,1,20260627,249911.0,0.97067
m14_confirm_pool320_r1_p105_dup60_s20260627,BudgetDoS,True,300,1500,1260185,6269.577114,0.078119,0,0,0,0.0,0.0,0.0,45662.4,0.921881,0,0,1601,242581,0,16,771,5735,151222.2,4192,m14_adaptive_refinement,confirm,heavy_flood,pool320_r1_p105,320,1,105.0,False,60,200,1,20260627,250581.0,0.968074
m14_confirm_pool320_r1_p105_dup60_s20260628,P3-Persist,True,300,1500,3780007,2270.274474,0.66414,0,0.0,0.0,0.0,25.0,85.0,146643.84,0.337056,16,4984,255,242172,1634,8,66,83,453600.84,6832,m14_adaptive_refinement,confirm,heavy_flood,pool320_r1_p105,320,1,105.0,False,60,200,1,20260628,249529.0,0.970516
m14_confirm_pool320_r1_p105_dup60_s20260628,BudgetDoS,True,300,1500,1260184,6462.482051,0.077782,0,0.0,0.0,0.0,0.0,0.0,46105.92,0.922218,0,0,1573,242172,0,11,739,5713,151222.08,4192,m14_adaptive_refinement,confirm,heavy_flood,pool320_r1_p105,320,1,105.0,False,60,200,1,20260628,250172.0,0.968022
m14_confirm_pool320_r1_p105_dup60_s20260629,P3-Persist,True,300,1500,3780007,2146.511641,0.691402,0,0,0.0,0.0,0.0,0.0,146079.36,0.308598,22,4978,194,241107,1723,9,42,80,453600.84,6832,m14_adaptive_refinement,confirm,heavy_flood,pool320_r1_p105,320,1,105.0,False,60,200,1,20260629,248433.0,0.970511
m14_confirm_pool320_r1_p105_dup60_s20260629,BudgetDoS,True,300,1500,1260194,6207.852217,0.079702,0,0.0,0.0,0.0,0.0,0.0,45722.88,0.920298,0,0,1596,241107,0,9,748,5732,151223.28,4192,m14_adaptive_refinement,confirm,heavy_flood,pool320_r1_p105,320,1,105.0,False,60,200,1,20260629,249107.0,0.967885
m14_confirm_pool320_r1_p120_dup0_s20260610,P3-Persist,True,300,1500,3780007,2266.191247,0.644762,0.0,0.0,0.0,0,100,100.0,145756.8,0.356784,21,4979,0,0,1632,8,55,22116,453600.84,6832,m14_adaptive_refinement,confirm,heavy_flood,pool320_r1_p120,320,1,120.0,False,0,200,1,20260610,29346.0,0.0
m14_confirm_pool320_r1_p120_dup0_s20260610,BudgetDoS,True,300,1500,1261535,816.527508,0.597217,0,0.0,0.0,0.0,0.0,0.0,45339.84,0.402783,0,0,0,0,0,10,1042,247428,151384.2,4192,m14_adaptive_refinement,confirm,heavy_flood,pool320_r1_p120,320,1,120.0,False,0,200,1,20260610,249677.0,0.0
m14_confirm_pool320_r1_p120_dup0_s20260611,P3-Persist,True,300,1500,3780007,2217.012903,0.665236,0,0.0,0.0,0.0,100.0,100.0,145797.12,0.336715,18,4982,0,0,1671,9,76,22051,453600.84,6832,m14_adaptive_refinement,confirm,heavy_flood,pool320_r1_p120,320,1,120.0,False,0,200,1,20260611,29283.0,0.0
m14_confirm_pool320_r1_p120_dup0_s20260611,BudgetDoS,True,300,1500,1261536,816.0,0.603199,0.0,0.0,0.0,0.0,0.0,0.0,45339.84,0.396801,0,0,0,0,0,10,1017,247757,151384.32,4192,m14_adaptive_refinement,confirm,heavy_flood,pool320_r1_p120,320,1,120.0,False,0,200,1,20260611,250006.0,0.0
m14_confirm_pool320_r1_p120_dup0_s20260612,P3-Persist,True,300,1500,3780007,2183.712883,0.673017,0,0.0,0.0,0.0,0.0,0.0,145474.56,0.327372,18,4982,0,0,1701,5,55,22039,453600.84,6832,m14_adaptive_refinement,confirm,heavy_flood,pool320_r1_p120,320,1,120.0,False,0,200,1,20260612,29255.0,0.0
m14_confirm_pool320_r1_p120_dup0_s20260612,BudgetDoS,True,300,1500,1260938,1327.303158,0.369362,0.0,0.0,0.0,0.0,0.0,0.0,44896.32,0.630638,0,0,0,0,0,12,1622,247444,151312.56,4192,m14_adaptive_refinement,confirm,heavy_flood,pool320_r1_p120,320,1,120.0,False,0,200,1,20260612,249671.0,0.0
m14_confirm_pool320_r1_p120_dup0_s20260613,P3-Persist,True,300,1500,3780006,2250.003571,0.640488,0.0,0.0,0.0,0,30.0,86.0,146039.04,0.359893,15,4985,0,0,1649,10,44,22149,453600.72,6832,m14_adaptive_refinement,confirm,heavy_flood,pool320_r1_p120,320,1,120.0,False,0,200,1,20260613,29393.0,0.0
m14_confirm_pool320_r1_p120_dup0_s20260613,BudgetDoS,True,300,1500,1261528,819.706303,0.586733,0,0.0,0.0,0.0,0.0,0.0,45521.28,0.413267,0,0,0,0,0,11,1084,248361,151383.36,4192,m14_adaptive_refinement,confirm,heavy_flood,pool320_r1_p120,320,1,120.0,False,0,200,1,20260613,250619.0,0.0
m14_confirm_pool320_r1_p120_dup0_s20260614,P3-Persist,True,300,1500,3780008,2366.943018,0.623098,0,0.0,0.0,0.0,35.0,87.0,146502.72,0.377292,14,4986,0,0,1568,7,51,22146,453600.96,6832,m14_adaptive_refinement,confirm,heavy_flood,pool320_r1_p120,320,1,120.0,False,0,200,1,20260614,29413.0,0.0
m14_confirm_pool320_r1_p120_dup0_s20260614,BudgetDoS,True,300,1500,1261539,815.474467,0.60359,0,0.0,0.0,0.0,0.0,0.0,45964.8,0.39641,0,0,0,0,0,8,1016,247416,151384.68,4192,m14_adaptive_refinement,confirm,heavy_flood,pool320_r1_p120,320,1,120.0,False,0,200,1,20260614,249696.0,0.0
m14_confirm_pool320_r1_p120_dup0_s20260615,P3-Persist,True,300,1500,3780007,2313.345777,0.652556,0.0,0.0,0.0,0,0.0,0.0,146260.8,0.347444,13,4987,0,0,1606,8,54,22057,453600.84,6832,m14_adaptive_refinement,confirm,heavy_flood,pool320_r1_p120,320,1,120.0,False,0,200,1,20260615,29312.0,0.0
m14_confirm_pool320_r1_p120_dup0_s20260615,BudgetDoS,True,300,1500,1261496,838.203322,0.601038,0,0.0,0.0,0.0,0.0,0.0,45702.72,0.398962,0,0,0,0,0,9,999,247004,151379.52,4192,m14_adaptive_refinement,confirm,heavy_flood,pool320_r1_p120,320,1,120.0,False,0,200,1,20260615,249271.0,0.0
m14_confirm_pool320_r1_p120_dup0_s20260616,P3-Persist,True,300,1500,3780007,2545.459259,0.596625,0,0.0,0.0,0.0,0.0,0.0,146139.84,0.403375,14,4986,0,0,1459,5,54,21987,453600.84,6832,m14_adaptive_refinement,confirm,heavy_flood,pool320_r1_p120,320,1,120.0,False,0,200,1,20260616,29236.0,0.0
m14_confirm_pool320_r1_p120_dup0_s20260616,BudgetDoS,True,300,1500,1261484,846.065728,0.599036,0,0.0,0.0,0.0,0.0,0.0,45581.76,0.400964,0,0,0,0,0,7,998,247651,151378.08,4192,m14_adaptive_refinement,confirm,heavy_flood,pool320_r1_p120,320,1,120.0,False,0,200,1,20260616,249912.0,0.0
m14_confirm_pool320_r1_p120_dup0_s20260617,P3-Persist,True,300,1500,3780008,2350.751244,0.647865,0.0,0.0,0.0,0,10.0,82.0,145615.68,0.352941,19,4981,0,0,1577,4,109,22207,453600.96,6832,m14_adaptive_refinement,confirm,heavy_flood,pool320_r1_p120,320,1,120.0,False,0,200,1,20260617,29430.0,0.0
m14_confirm_pool320_r1_p120_dup0_s20260617,BudgetDoS,True,300,1500,1261398,898.431624,0.565673,0.0,0.0,0.0,0.0,0.0,0.0,45158.4,0.434327,0,0,0,0,0,6,1078,248344,151367.76,4192,m14_adaptive_refinement,confirm,heavy_flood,pool320_r1_p120,320,1,120.0,False,0,200,1,20260617,250584.0,0.0
m14_confirm_pool320_r1_p120_dup0_s20260618,P3-Persist,True,300,1500,3780007,2353.678082,0.645758,0.0,0.0,0.0,0,20.0,84.0,145837.44,0.354644,17,4983,0,0,1576,6,42,22099,453600.84,6832,m14_adaptive_refinement,confirm,heavy_flood,pool320_r1_p120,320,1,120.0,False,0,200,1,20260618,29333.0,0.0
m14_confirm_pool320_r1_p120_dup0_s20260618,BudgetDoS,True,300,1500,1261400,896.517413,0.565742,0,0.0,0.0,0.0,0.0,0.0,45360.0,0.434258,0,0,0,0,0,7,1080,247265,151368.0,4192,m14_adaptive_refinement,confirm,heavy_flood,pool320_r1_p120,320,1,120.0,False,0,200,1,20260618,249515.0,0.0
m14_confirm_pool320_r1_p120_dup0_s20260619,P3-Persist,True,300,1500,3780006,2293.692961,0.641745,0.0,0.0,0.0,0,0.0,0.0,146180.16,0.358645,13,4987,0,0,1621,8,73,22171,453600.72,6832,m14_adaptive_refinement,confirm,heavy_flood,pool320_r1_p120,320,1,120.0,False,0,200,1,20260619,29422.0,0.0
m14_confirm_pool320_r1_p120_dup0_s20260619,BudgetDoS,True,300,1500,1261510,830.487163,0.591511,0,0.0,0.0,0.0,0.0,0.0,45622.08,0.408489,0,0,0,0,0,9,1049,246989,151381.2,4192,m14_adaptive_refinement,confirm,heavy_flood,pool320_r1_p120,320,1,120.0,False,0,200,1,20260619,249252.0,0.0
m14_confirm_pool320_r1_p120_dup0_s20260621,P3-Persist,True,300,1500,3780006,2260.769139,0.655429,0.0,0.0,0.0,0.0,100.0,100.0,146099.52,0.346139,18,4982,0,0,1638,10,52,22135,453600.72,6832,m14_adaptive_refinement,confirm,heavy_flood,pool320_r1_p120,320,1,120.0,False,0,200,1,20260621,29382.0,0.0
m14_confirm_pool320_r1_p120_dup0_s20260621,BudgetDoS,True,300,1500,1260959,1295.94964,0.381419,0,0.0,0.0,0.0,0.0,0.0,45581.76,0.618581,0,0,0,0,0,14,1578,247974,151315.08,4192,m14_adaptive_refinement,confirm,heavy_flood,pool320_r1_p120,320,1,120.0,False,0,200,1,20260621,250235.0,0.0
m14_confirm_pool320_r1_p120_dup0_s20260620,P3-Persist,True,300,1500,3780006,2493.407652,0.596146,0.0,0.0,0.0,0.0,15.0,83.0,146321.28,0.40464,18,4982,0,0,1479,13,71,22264,453600.72,6832,m14_adaptive_refinement,confirm,heavy_flood,pool320_r1_p120,320,1,120.0,False,0,200,1,20260620,29522.0,0.0
m14_confirm_pool320_r1_p120_dup0_s20260620,BudgetDoS,True,300,1500,1261463,854.07109,0.58081,0,0.0,0.0,0.0,0.0,0.0,45864.0,0.41919,0,0,0,0,0,14,1066,248245,151375.56,4192,m14_adaptive_refinement,confirm,heavy_flood,pool320_r1_p120,320,1,120.0,False,0,200,1,20260620,250520.0,0.0
m14_confirm_pool320_r1_p120_dup0_s20260622,P3-Persist,True,300,1500,3780007,2303.477757,0.650158,0,0,0.0,0,50.0,90.0,146744.64,0.350238,11,4989,0,0,1616,7,41,22075,453600.84,6832,m14_adaptive_refinement,confirm,heavy_flood,pool320_r1_p120,320,1,120.0,False,0,200,1,20260622,29354.0,0.0
m14_confirm_pool320_r1_p120_dup0_s20260622,BudgetDoS,True,300,1500,1261543,813.89871,0.614105,0.0,0.0,0.0,0.0,0.0,0.0,46166.4,0.385895,0,0,0,0,0,7,974,247375,151385.16,4192,m14_adaptive_refinement,confirm,heavy_flood,pool320_r1_p120,320,1,120.0,False,0,200,1,20260622,249665.0,0.0
m14_confirm_pool320_r1_p120_dup0_s20260623,P3-Persist,True,300,1500,3780007,2267.55069,0.647127,0,0.0,0.0,0.0,0.0,0.0,146966.4,0.352873,10,4990,0,0,1642,8,72,22170,453600.84,6832,m14_adaptive_refinement,confirm,heavy_flood,pool320_r1_p120,320,1,120.0,False,0,200,1,20260623,29460.0,0.0
m14_confirm_pool320_r1_p120_dup0_s20260623,BudgetDoS,True,300,1500,1261451,864.007534,0.56677,0.0,0.0,0.0,0.0,0.0,0.0,46347.84,0.43323,0,0,0,0,0,9,1116,247967,151374.12,4192,m14_adaptive_refinement,confirm,heavy_flood,pool320_r1_p120,320,1,120.0,False,0,200,1,20260623,250266.0,0.0
m14_confirm_pool320_r1_p120_dup0_s20260624,P3-Persist,True,300,1500,3780008,2207.948598,0.659222,0.0,0.0,0.0,0.0,100.0,100.0,146059.2,0.341548,14,4986,0,0,1678,12,64,22247,453600.96,6832,m14_adaptive_refinement,confirm,heavy_flood,pool320_r1_p120,320,1,120.0,False,0,200,1,20260624,29492.0,0.0
m14_confirm_pool320_r1_p120_dup0_s20260624,BudgetDoS,True,300,1500,1261502,832.674587,0.583365,0,0.0,0.0,0.0,0.0,0.0,45521.28,0.416635,0,0,0,0,0,13,1082,247799,151380.24,4192,m14_adaptive_refinement,confirm,heavy_flood,pool320_r1_p120,320,1,120.0,False,0,200,1,20260624,250057.0,0.0
m14_confirm_pool320_r1_p120_dup0_s20260625,P3-Persist,True,300,1500,3780007,2311.930887,0.628604,0,0.0,0.0,0,0.0,0.0,145978.56,0.371396,17,4983,0,0,1604,7,45,22062,453600.84,6832,m14_adaptive_refinement,confirm,heavy_flood,pool320_r1_p120,320,1,120.0,False,0,200,1,20260625,29303.0,0.0
m14_confirm_pool320_r1_p120_dup0_s20260625,BudgetDoS,True,300,1500,1261487,844.93436,0.57401,0,0.0,0.0,0.0,0.0,0.0,45541.44,0.42599,0,0,0,0,0,6,1108,247955,151378.44,4192,m14_adaptive_refinement,confirm,heavy_flood,pool320_r1_p120,320,1,120.0,False,0,200,1,20260625,250214.0,0.0
m14_confirm_pool320_r1_p120_dup0_s20260626,P3-Persist,True,300,1500,3780007,2386.368056,0.61324,0.0,0.0,0.0,0,0.0,0.0,146502.72,0.38676,9,4991,0,0,1558,10,61,22018,453600.84,6832,m14_adaptive_refinement,confirm,heavy_flood,pool320_r1_p120,320,1,120.0,False,0,200,1,20260626,29285.0,0.0
m14_confirm_pool320_r1_p120_dup0_s20260626,BudgetDoS,True,300,1500,1261503,833.775942,0.585753,0,0.0,0.0,0.0,0.0,0.0,45884.16,0.414247,0,0,0,0,0,10,1070,247243,151380.36,4192,m14_adaptive_refinement,confirm,heavy_flood,pool320_r1_p120,320,1,120.0,False,0,200,1,20260626,249519.0,0.0
m14_confirm_pool320_r1_p120_dup0_s20260627,P3-Persist,True,300,1500,3780007,2252.685936,0.652157,0.0,0.0,0.0,0.0,35.0,87.0,146280.96,0.348232,14,4986,0,0,1648,9,72,22176,453600.84,6832,m14_adaptive_refinement,confirm,heavy_flood,pool320_r1_p120,320,1,120.0,False,0,200,1,20260627,29432.0,0.0
m14_confirm_pool320_r1_p120_dup0_s20260627,BudgetDoS,True,300,1500,1261491,840.433711,0.583366,0,0,0,0.0,0.0,0.0,45722.88,0.416634,0,0,0,0,0,10,1072,248313,151378.92,4192,m14_adaptive_refinement,confirm,heavy_flood,pool320_r1_p120,320,1,120.0,False,0,200,1,20260627,250581.0,0.0
m14_confirm_pool320_r1_p120_dup0_s20260628,P3-Persist,True,300,1500,3780007,2416.884271,0.623853,0.0,0.0,0.0,0,10.0,82.0,146563.2,0.377343,19,4981,0,0,1529,9,110,22221,453600.84,6832,m14_adaptive_refinement,confirm,heavy_flood,pool320_r1_p120,320,1,120.0,False,0,200,1,20260628,29491.0,0.0
m14_confirm_pool320_r1_p120_dup0_s20260628,BudgetDoS,True,300,1500,1261458,859.303815,0.58556,0.0,0.0,0.0,0.0,0.0,0.0,46126.08,0.41444,0,0,0,0,0,10,1039,247884,151374.96,4192,m14_adaptive_refinement,confirm,heavy_flood,pool320_r1_p120,320,1,120.0,False,0,200,1,20260628,250172.0,0.0
m14_confirm_pool320_r1_p120_dup0_s20260629,P3-Persist,True,300,1500,3780007,2277.112651,0.651747,0.0,0.0,0.0,0.0,0.0,0.0,146119.68,0.348253,20,4980,0,0,1624,9,53,21879,453600.84,6832,m14_adaptive_refinement,confirm,heavy_flood,pool320_r1_p120,320,1,120.0,False,0,200,1,20260629,29127.0,0.0
m14_confirm_pool320_r1_p120_dup0_s20260629,BudgetDoS,True,300,1500,1261489,842.115487,0.588143,0.0,0.0,0.0,0.0,0.0,0.0,45722.88,0.411857,0,0,0,0,0,9,1049,246839,151378.68,4192,m14_adaptive_refinement,confirm,heavy_flood,pool320_r1_p120,320,1,120.0,False,0,200,1,20260629,249107.0,0.0
m14_confirm_pool320_r1_p120_dup60_s20260610,P3-Persist,True,300,1500,3780007,2073.509051,0.704677,0,0.0,0.0,0.0,100.0,100.0,145756.8,0.296869,20,4980,188,241677,1787,9,46,70,453600.84,6832,m14_adaptive_refinement,confirm,heavy_flood,pool320_r1_p120,320,1,120.0,False,60,200,1,20260610,248977.0,0.97068
m14_confirm_pool320_r1_p120_dup60_s20260610,BudgetDoS,True,300,1500,1260194,6177.421569,0.078856,0.0,0.0,0.0,0.0,0.0,0.0,45339.84,0.921144,0,0,1636,241677,0,10,747,5751,151223.28,4192,m14_adaptive_refinement,confirm,heavy_flood,pool320_r1_p120,320,1,120.0,False,60,200,1,20260610,249677.0,0.967959
m14_confirm_pool320_r1_p120_dup60_s20260611,P3-Persist,True,300,1500,3780007,2118.838004,0.696059,0.0,0.0,0.0,0.0,100.0,100.0,145837.44,0.305111,16,4984,221,242006,1752,9,50,77,453600.84,6832,m14_adaptive_refinement,confirm,heavy_flood,pool320_r1_p120,320,1,120.0,False,60,200,1,20260611,249317.0,0.970676
m14_confirm_pool320_r1_p120_dup60_s20260611,BudgetDoS,True,300,1500,1260178,6667.608466,0.073742,0,0.0,0.0,0.0,0.0,0.0,45319.68,0.926258,0,0,1636,242006,0,11,738,5752,151221.36,4192,m14_adaptive_refinement,confirm,heavy_flood,pool320_r1_p120,320,1,120.0,False,60,200,1,20260611,250006.0,0.968001
m14_confirm_pool320_r1_p120_dup60_s20260612,P3-Persist,True,300,1500,3780007,2116.465286,0.694401,0.0,0.0,0.0,0.0,0.0,0.0,145474.56,0.305988,18,4982,217,241671,1757,4,35,82,453600.84,6832,m14_adaptive_refinement,confirm,heavy_flood,pool320_r1_p120,320,1,120.0,False,60,200,1,20260612,248969.0,0.970687
m14_confirm_pool320_r1_p120_dup60_s20260612,BudgetDoS,True,300,1500,1260181,6529.435233,0.075039,0,0.0,0.0,0.0,0.0,0.0,44896.32,0.924961,0,0,1637,241671,0,12,742,5773,151221.72,4192,m14_adaptive_refinement,confirm,heavy_flood,pool320_r1_p120,320,1,120.0,False,60,200,1,20260612,249671.0,0.967958
m14_confirm_pool320_r1_p120_dup60_s20260613,P3-Persist,True,300,1500,3780007,2127.184581,0.677469,0,0.0,0.0,0,40.0,88.0,146139.84,0.322913,13,4987,224,242619,1751,6,32,62,453600.84,6832,m14_adaptive_refinement,confirm,heavy_flood,pool320_r1_p120,320,1,120.0,False,60,200,1,20260613,249930.0,0.970748
m14_confirm_pool320_r1_p120_dup60_s20260613,BudgetDoS,True,300,1500,1260197,6087.908213,0.078917,0,0.0,0.0,0.0,0.0,0.0,45541.44,0.921083,0,0,1665,242619,0,10,751,5741,151223.64,4192,m14_adaptive_refinement,confirm,heavy_flood,pool320_r1_p120,320,1,120.0,False,60,200,1,20260613,250619.0,0.968079
m14_confirm_pool320_r1_p120_dup60_s20260614,P3-Persist,True,300,1500,3780008,2251.344848,0.655092,0,0.0,0.0,0,30.0,86.0,146482.56,0.345298,15,4985,264,241696,1650,6,39,69,453600.96,6832,m14_adaptive_refinement,confirm,heavy_flood,pool320_r1_p120,320,1,120.0,False,60,200,1,20260614,249031.0,0.970546
m14_confirm_pool320_r1_p120_dup60_s20260614,BudgetDoS,True,300,1500,1260195,6207.857143,0.079204,0,0.0,0.0,0.0,0.0,0.0,45964.8,0.920796,0,0,1610,241696,0,8,750,5720,151223.4,4192,m14_adaptive_refinement,confirm,heavy_flood,pool320_r1_p120,320,1,120.0,False,60,200,1,20260614,249696.0,0.967961
m14_confirm_pool320_r1_p120_dup60_s20260615,P3-Persist,True,300,1500,3780007,2222.226337,0.679313,0,0,0,0,0.0,0.0,146321.28,0.320687,11,4989,192,241271,1676,7,33,61,453600.84,6832,m14_adaptive_refinement,confirm,heavy_flood,pool320_r1_p120,320,1,120.0,False,60,200,1,20260615,248590.0,0.970558
m14_confirm_pool320_r1_p120_dup60_s20260615,BudgetDoS,True,300,1500,1260193,6238.579208,0.080671,0.0,0.0,0.0,0.0,0.0,0.0,45702.72,0.919329,0,0,1560,241271,0,9,742,5733,151223.16,4192,m14_adaptive_refinement,confirm,heavy_flood,pool320_r1_p120,320,1,120.0,False,60,200,1,20260615,249271.0,0.967906
m14_confirm_pool320_r1_p120_dup60_s20260616,P3-Persist,True,300,1500,3780007,2438.714194,0.62274,0.0,0.0,0.0,0,0.0,0.0,146139.84,0.37726,15,4985,311,241912,1524,4,33,64,453600.84,6832,m14_adaptive_refinement,confirm,heavy_flood,pool320_r1_p120,320,1,120.0,False,60,200,1,20260616,249225.0,0.970657
m14_confirm_pool320_r1_p120_dup60_s20260616,BudgetDoS,True,300,1500,1260197,6177.436275,0.081961,0.0,0.0,0.0,0.0,0.0,0.0,45581.76,0.918039,0,0,1565,241912,0,7,720,5739,151223.64,4192,m14_adaptive_refinement,confirm,heavy_flood,pool320_r1_p120,320,1,120.0,False,60,200,1,20260616,249912.0,0.967989
m14_confirm_pool320_r1_p120_dup60_s20260617,P3-Persist,True,300,1500,3780008,2286.756201,0.665995,0,0.0,0.0,0.0,15.0,83.0,145635.84,0.334811,18,4982,212,242584,1623,4,61,72,453600.96,6832,m14_adaptive_refinement,confirm,heavy_flood,pool320_r1_p120,320,1,120.0,False,60,200,1,20260617,249880.0,0.970802
m14_confirm_pool320_r1_p120_dup60_s20260617,BudgetDoS,True,300,1500,1260189,6462.507692,0.078566,0,0.0,0.0,0.0,0.0,0.0,45158.4,0.921434,0,0,1513,242584,0,6,774,5760,151222.68,4192,m14_adaptive_refinement,confirm,heavy_flood,pool320_r1_p120,320,1,120.0,False,60,200,1,20260617,250584.0,0.968075
m14_confirm_pool320_r1_p120_dup60_s20260618,P3-Persist,True,300,1500,3780007,2353.678082,0.645758,0.0,0.0,0.0,0.0,15.0,83.0,145837.44,0.354644,18,4982,255,241515,1576,5,28,77,453600.84,6832,m14_adaptive_refinement,confirm,heavy_flood,pool320_r1_p120,320,1,120.0,False,60,200,1,20260618,248826.0,0.970618
m14_confirm_pool320_r1_p120_dup60_s20260618,BudgetDoS,True,300,1500,1260190,6300.95,0.080418,0.0,0.0,0.0,0.0,0.0,0.0,45299.52,0.919582,0,0,1548,241515,0,10,739,5753,151222.8,4192,m14_adaptive_refinement,confirm,heavy_flood,pool320_r1_p120,320,1,120.0,False,60,200,1,20260618,249515.0,0.967938
m14_confirm_pool320_r1_p120_dup60_s20260619,P3-Persist,True,300,1500,3780006,2162.474828,0.680685,0.0,0.0,0.0,0,0.0,0.0,146200.32,0.319704,13,4987,241,241252,1722,7,37,70,453600.72,6832,m14_adaptive_refinement,confirm,heavy_flood,pool320_r1_p120,320,1,120.0,False,60,200,1,20260619,248574.0,0.970544
m14_confirm_pool320_r1_p120_dup60_s20260619,BudgetDoS,True,300,1500,1260196,6147.297561,0.079829,0,0.0,0.0,0.0,0.0,0.0,45622.08,0.920171,0,0,1635,241252,0,9,728,5737,151223.52,4192,m14_adaptive_refinement,confirm,heavy_flood,pool320_r1_p120,320,1,120.0,False,60,200,1,20260619,249252.0,0.967904
m14_confirm_pool320_r1_p120_dup60_s20260620,P3-Persist,True,300,1500,3780006,2337.666048,0.635863,0,0.0,0.0,0,20.0,84.0,146361.6,0.364923,17,4983,323,242520,1582,12,45,57,453600.72,6832,m14_adaptive_refinement,confirm,heavy_flood,pool320_r1_p120,320,1,120.0,False,60,200,1,20260620,249837.0,0.970713
m14_confirm_pool320_r1_p120_dup60_s20260620,BudgetDoS,True,300,1500,1260195,6029.641148,0.082186,0,0.0,0.0,0.0,0.0,0.0,45864.0,0.917814,0,0,1578,242520,0,14,756,5725,151223.4,4192,m14_adaptive_refinement,confirm,heavy_flood,pool320_r1_p120,320,1,120.0,False,60,200,1,20260620,250520.0,0.968066
m14_confirm_pool320_r1_p120_dup60_s20260621,P3-Persist,True,300,1500,3780007,2235.36783,0.662877,0,0.0,0.0,0,100.0,100.0,146180.16,0.338691,15,4985,241,242235,1660,9,28,74,453600.84,6832,m14_adaptive_refinement,confirm,heavy_flood,pool320_r1_p120,320,1,120.0,False,60,200,1,20260621,249560.0,0.970648
m14_confirm_pool320_r1_p120_dup60_s20260621,BudgetDoS,True,300,1500,1260183,6495.78866,0.076049,0.0,0.0,0.0,0.0,0.0,0.0,45642.24,0.923951,0,0,1575,242235,0,11,782,5736,151221.96,4192,m14_adaptive_refinement,confirm,heavy_flood,pool320_r1_p120,320,1,120.0,False,60,200,1,20260621,250235.0,0.96803
m14_confirm_pool320_r1_p120_dup60_s20260622,P3-Persist,True,300,1500,3780007,2151.398406,0.696117,0,0.0,0.0,0.0,55.0,91.0,146764.8,0.304279,10,4990,202,241665,1733,7,29,66,453600.84,6832,m14_adaptive_refinement,confirm,heavy_flood,pool320_r1_p120,320,1,120.0,False,60,200,1,20260622,249011.0,0.970499
m14_confirm_pool320_r1_p120_dup60_s20260622,BudgetDoS,True,300,1500,1260192,6332.623116,0.078843,0,0.0,0.0,0.0,0.0,0.0,46166.4,0.921157,0,0,1615,241665,0,7,710,5710,151223.04,4192,m14_adaptive_refinement,confirm,heavy_flood,pool320_r1_p120,320,1,120.0,False,60,200,1,20260622,249665.0,0.967957
m14_confirm_pool320_r1_p120_dup60_s20260623,P3-Persist,True,300,1500,3780007,2157.538242,0.680124,0.0,0.0,0.0,0.0,0.0,0.0,147006.72,0.319876,8,4992,228,242266,1729,8,47,52,453600.84,6832,m14_adaptive_refinement,confirm,heavy_flood,pool320_r1_p120,320,1,120.0,False,60,200,1,20260623,249610.0,0.970578
m14_confirm_pool320_r1_p120_dup60_s20260623,BudgetDoS,True,300,1500,1260193,6238.579208,0.078416,0.0,0.0,0.0,0.0,0.0,0.0,46347.84,0.921584,0,0,1630,242266,0,9,744,5701,151223.16,4192,m14_adaptive_refinement,confirm,heavy_flood,pool320_r1_p120,320,1,120.0,False,60,200,1,20260623,250266.0,0.968034
m14_confirm_pool320_r1_p120_dup60_s20260624,P3-Persist,True,300,1500,3780008,2109.379464,0.690027,0.0,0.0,0.0,0,100.0,100.0,146039.04,0.310743,15,4985,225,242057,1757,12,43,63,453600.96,6832,m14_adaptive_refinement,confirm,heavy_flood,pool320_r1_p120,320,1,120.0,False,60,200,1,20260624,249364.0,0.970697
m14_confirm_pool320_r1_p120_dup60_s20260624,BudgetDoS,True,300,1500,1260192,6147.278049,0.078937,0,0.0,0.0,0.0,0.0,0.0,45521.28,0.921063,0,0,1648,242057,0,13,744,5742,151223.04,4192,m14_adaptive_refinement,confirm,heavy_flood,pool320_r1_p120,320,1,120.0,False,60,200,1,20260624,250057.0,0.968007
m14_confirm_pool320_r1_p120_dup60_s20260625,P3-Persist,True,300,1500,3780007,2103.509738,0.690888,0,0.0,0.0,0,0.0,0.0,146039.04,0.309112,15,4985,231,242214,1769,6,35,67,453600.84,6832,m14_adaptive_refinement,confirm,heavy_flood,pool320_r1_p120,320,1,120.0,False,60,200,1,20260625,249525.0,0.9707
m14_confirm_pool320_r1_p120_dup60_s20260625,BudgetDoS,True,300,1500,1260195,6269.626866,0.077278,0,0,0,0.0,0.0,0.0,45541.44,0.922722,0,0,1636,242214,0,6,764,5741,151223.4,4192,m14_adaptive_refinement,confirm,heavy_flood,pool320_r1_p120,320,1,120.0,False,60,200,1,20260625,250214.0,0.968027
m14_confirm_pool320_r1_p120_dup60_s20260626,P3-Persist,True,300,1500,3780007,2317.600858,0.631436,0,0.0,0.0,0.0,0.0,0.0,146563.2,0.368564,6,4994,305,241519,1608,10,45,64,453600.84,6832,m14_adaptive_refinement,confirm,heavy_flood,pool320_r1_p120,320,1,120.0,False,60,200,1,20260626,248853.0,0.970529
m14_confirm_pool320_r1_p120_dup60_s20260626,BudgetDoS,True,300,1500,1260200,6000.952381,0.081301,0.0,0.0,0.0,0.0,0.0,0.0,45884.16,0.918699,0,0,1613,241519,0,10,760,5724,151224.0,4192,m14_adaptive_refinement,confirm,heavy_flood,pool320_r1_p120,320,1,120.0,False,60,200,1,20260626,249519.0,0.967938
m14_confirm_pool320_r1_p120_dup60_s20260627,P3-Persist,True,300,1500,3780007,2100.003889,0.699572,0.0,0.0,0.0,0.0,45.0,89.0,146341.44,0.300816,12,4988,164,242581,1773,8,38,72,453600.84,6832,m14_adaptive_refinement,confirm,heavy_flood,pool320_r1_p120,320,1,120.0,False,60,200,1,20260627,249912.0,0.970666
m14_confirm_pool320_r1_p120_dup60_s20260627,BudgetDoS,True,300,1500,1260185,6269.577114,0.078119,0,0,0,0.0,0.0,0.0,45662.4,0.921881,0,0,1601,242581,0,16,771,5735,151222.2,4192,m14_adaptive_refinement,confirm,heavy_flood,pool320_r1_p120,320,1,120.0,False,60,200,1,20260627,250581.0,0.968074
m14_confirm_pool320_r1_p120_dup60_s20260629,P3-Persist,True,300,1500,3780007,2146.511641,0.691402,0,0,0.0,0.0,0.0,0.0,146079.36,0.308598,22,4978,194,241107,1723,9,42,82,453600.84,6832,m14_adaptive_refinement,confirm,heavy_flood,pool320_r1_p120,320,1,120.0,False,60,200,1,20260629,248435.0,0.970503
m14_confirm_pool320_r1_p120_dup60_s20260629,BudgetDoS,True,300,1500,1260194,6207.852217,0.079702,0,0.0,0.0,0.0,0.0,0.0,45722.88,0.920298,0,0,1596,241107,0,9,748,5732,151223.28,4192,m14_adaptive_refinement,confirm,heavy_flood,pool320_r1_p120,320,1,120.0,False,60,200,1,20260629,249107.0,0.967885
m14_confirm_pool320_r1_p120_dup60_s20260628,P3-Persist,True,300,1500,3780007,2270.274474,0.66414,0,0.0,0.0,0.0,25.0,85.0,146643.84,0.337056,16,4984,255,242172,1634,8,66,83,453600.84,6832,m14_adaptive_refinement,confirm,heavy_flood,pool320_r1_p120,320,1,120.0,False,60,200,1,20260628,249529.0,0.970516
m14_confirm_pool320_r1_p120_dup60_s20260628,BudgetDoS,True,300,1500,1260184,6462.482051,0.077782,0,0.0,0.0,0.0,0.0,0.0,46105.92,0.922218,0,0,1573,242172,0,11,739,5713,151222.08,4192,m14_adaptive_refinement,confirm,heavy_flood,pool320_r1_p120,320,1,120.0,False,60,200,1,20260628,250172.0,0.968022
m14_confirm_pool320_r1_p135_dup0_s20260610,P3-Persist,True,300,1500,3780007,2266.191247,0.644762,0.0,0.0,0.0,0,100,100.0,145756.8,0.356784,21,4979,0,0,1632,8,55,22116,453600.84,6832,m14_adaptive_refinement,confirm,heavy_flood,pool320_r1_p135,320,1,135.0,False,0,200,1,20260610,29346.0,0.0
m14_confirm_pool320_r1_p135_dup0_s20260610,BudgetDoS,True,300,1500,1261535,816.527508,0.597217,0,0.0,0.0,0.0,0.0,0.0,45339.84,0.402783,0,0,0,0,0,10,1042,247428,151384.2,4192,m14_adaptive_refinement,confirm,heavy_flood,pool320_r1_p135,320,1,135.0,False,0,200,1,20260610,249677.0,0.0
m14_confirm_pool320_r1_p135_dup0_s20260611,P3-Persist,True,300,1500,3780007,2217.012903,0.665236,0,0.0,0.0,0.0,100.0,100.0,145797.12,0.336715,18,4982,0,0,1671,9,76,22051,453600.84,6832,m14_adaptive_refinement,confirm,heavy_flood,pool320_r1_p135,320,1,135.0,False,0,200,1,20260611,29283.0,0.0
m14_confirm_pool320_r1_p135_dup0_s20260611,BudgetDoS,True,300,1500,1261536,816.0,0.603199,0.0,0.0,0.0,0.0,0.0,0.0,45339.84,0.396801,0,0,0,0,0,10,1017,247757,151384.32,4192,m14_adaptive_refinement,confirm,heavy_flood,pool320_r1_p135,320,1,135.0,False,0,200,1,20260611,250006.0,0.0
m14_confirm_pool320_r1_p135_dup0_s20260612,P3-Persist,True,300,1500,3780007,2183.712883,0.673017,0,0.0,0.0,0.0,0.0,0.0,145474.56,0.327372,18,4982,0,0,1701,5,55,22039,453600.84,6832,m14_adaptive_refinement,confirm,heavy_flood,pool320_r1_p135,320,1,135.0,False,0,200,1,20260612,29255.0,0.0
m14_confirm_pool320_r1_p135_dup0_s20260612,BudgetDoS,True,300,1500,1260938,1327.303158,0.369362,0.0,0.0,0.0,0.0,0.0,0.0,44896.32,0.630638,0,0,0,0,0,12,1622,247444,151312.56,4192,m14_adaptive_refinement,confirm,heavy_flood,pool320_r1_p135,320,1,135.0,False,0,200,1,20260612,249671.0,0.0
m14_confirm_pool320_r1_p135_dup0_s20260613,P3-Persist,True,300,1500,3780006,2250.003571,0.640488,0.0,0.0,0.0,0,30.0,86.0,146039.04,0.359893,15,4985,0,0,1649,10,44,22149,453600.72,6832,m14_adaptive_refinement,confirm,heavy_flood,pool320_r1_p135,320,1,135.0,False,0,200,1,20260613,29393.0,0.0
m14_confirm_pool320_r1_p135_dup0_s20260613,BudgetDoS,True,300,1500,1261528,819.706303,0.586733,0,0.0,0.0,0.0,0.0,0.0,45521.28,0.413267,0,0,0,0,0,11,1084,248361,151383.36,4192,m14_adaptive_refinement,confirm,heavy_flood,pool320_r1_p135,320,1,135.0,False,0,200,1,20260613,250619.0,0.0
m14_confirm_pool320_r1_p135_dup0_s20260614,P3-Persist,True,300,1500,3780008,2366.943018,0.623098,0,0.0,0.0,0.0,35.0,87.0,146502.72,0.377292,14,4986,0,0,1568,7,51,22146,453600.96,6832,m14_adaptive_refinement,confirm,heavy_flood,pool320_r1_p135,320,1,135.0,False,0,200,1,20260614,29413.0,0.0
m14_confirm_pool320_r1_p135_dup0_s20260614,BudgetDoS,True,300,1500,1261539,815.474467,0.60359,0,0.0,0.0,0.0,0.0,0.0,45964.8,0.39641,0,0,0,0,0,8,1016,247416,151384.68,4192,m14_adaptive_refinement,confirm,heavy_flood,pool320_r1_p135,320,1,135.0,False,0,200,1,20260614,249696.0,0.0
m14_confirm_pool320_r1_p135_dup0_s20260615,P3-Persist,True,300,1500,3780007,2313.345777,0.652556,0.0,0.0,0.0,0,0.0,0.0,146260.8,0.347444,13,4987,0,0,1606,8,54,22057,453600.84,6832,m14_adaptive_refinement,confirm,heavy_flood,pool320_r1_p135,320,1,135.0,False,0,200,1,20260615,29312.0,0.0
m14_confirm_pool320_r1_p135_dup0_s20260615,BudgetDoS,True,300,1500,1261496,838.203322,0.601038,0,0.0,0.0,0.0,0.0,0.0,45702.72,0.398962,0,0,0,0,0,9,999,247004,151379.52,4192,m14_adaptive_refinement,confirm,heavy_flood,pool320_r1_p135,320,1,135.0,False,0,200,1,20260615,249271.0,0.0
m14_confirm_pool320_r1_p135_dup0_s20260616,P3-Persist,True,300,1500,3780007,2545.459259,0.596625,0,0.0,0.0,0.0,0.0,0.0,146139.84,0.403375,14,4986,0,0,1459,5,54,21987,453600.84,6832,m14_adaptive_refinement,confirm,heavy_flood,pool320_r1_p135,320,1,135.0,False,0,200,1,20260616,29236.0,0.0
m14_confirm_pool320_r1_p135_dup0_s20260616,BudgetDoS,True,300,1500,1261484,846.065728,0.599036,0,0.0,0.0,0.0,0.0,0.0,45581.76,0.400964,0,0,0,0,0,7,998,247651,151378.08,4192,m14_adaptive_refinement,confirm,heavy_flood,pool320_r1_p135,320,1,135.0,False,0,200,1,20260616,249912.0,0.0
m14_confirm_pool320_r1_p135_dup0_s20260617,P3-Persist,True,300,1500,3780008,2350.751244,0.647865,0.0,0.0,0.0,0,10.0,82.0,145615.68,0.352941,19,4981,0,0,1577,4,109,22207,453600.96,6832,m14_adaptive_refinement,confirm,heavy_flood,pool320_r1_p135,320,1,135.0,False,0,200,1,20260617,29430.0,0.0
m14_confirm_pool320_r1_p135_dup0_s20260617,BudgetDoS,True,300,1500,1261398,898.431624,0.565673,0.0,0.0,0.0,0.0,0.0,0.0,45158.4,0.434327,0,0,0,0,0,6,1078,248344,151367.76,4192,m14_adaptive_refinement,confirm,heavy_flood,pool320_r1_p135,320,1,135.0,False,0,200,1,20260617,250584.0,0.0
m14_confirm_pool320_r1_p135_dup0_s20260618,P3-Persist,True,300,1500,3780007,2353.678082,0.645758,0.0,0.0,0.0,0,20.0,84.0,145837.44,0.354644,17,4983,0,0,1576,6,42,22099,453600.84,6832,m14_adaptive_refinement,confirm,heavy_flood,pool320_r1_p135,320,1,135.0,False,0,200,1,20260618,29333.0,0.0
m14_confirm_pool320_r1_p135_dup0_s20260618,BudgetDoS,True,300,1500,1261400,896.517413,0.565742,0,0.0,0.0,0.0,0.0,0.0,45360.0,0.434258,0,0,0,0,0,7,1080,247265,151368.0,4192,m14_adaptive_refinement,confirm,heavy_flood,pool320_r1_p135,320,1,135.0,False,0,200,1,20260618,249515.0,0.0
m14_confirm_pool320_r1_p135_dup0_s20260619,P3-Persist,True,300,1500,3780006,2293.692961,0.641745,0.0,0.0,0.0,0,0.0,0.0,146180.16,0.358645,13,4987,0,0,1621,8,73,22171,453600.72,6832,m14_adaptive_refinement,confirm,heavy_flood,pool320_r1_p135,320,1,135.0,False,0,200,1,20260619,29422.0,0.0
m14_confirm_pool320_r1_p135_dup0_s20260619,BudgetDoS,True,300,1500,1261510,830.487163,0.591511,0,0.0,0.0,0.0,0.0,0.0,45622.08,0.408489,0,0,0,0,0,9,1049,246989,151381.2,4192,m14_adaptive_refinement,confirm,heavy_flood,pool320_r1_p135,320,1,135.0,False,0,200,1,20260619,249252.0,0.0
m14_confirm_pool320_r1_p135_dup0_s20260620,P3-Persist,True,300,1500,3780006,2493.407652,0.596146,0.0,0.0,0.0,0.0,15.0,83.0,146321.28,0.40464,18,4982,0,0,1479,13,71,22264,453600.72,6832,m14_adaptive_refinement,confirm,heavy_flood,pool320_r1_p135,320,1,135.0,False,0,200,1,20260620,29522.0,0.0
m14_confirm_pool320_r1_p135_dup0_s20260620,BudgetDoS,True,300,1500,1261463,854.07109,0.58081,0,0.0,0.0,0.0,0.0,0.0,45864.0,0.41919,0,0,0,0,0,14,1066,248245,151375.56,4192,m14_adaptive_refinement,confirm,heavy_flood,pool320_r1_p135,320,1,135.0,False,0,200,1,20260620,250520.0,0.0
m14_confirm_pool320_r1_p135_dup0_s20260621,P3-Persist,True,300,1500,3780006,2260.769139,0.655429,0.0,0.0,0.0,0.0,100.0,100.0,146099.52,0.346139,18,4982,0,0,1638,10,52,22135,453600.72,6832,m14_adaptive_refinement,confirm,heavy_flood,pool320_r1_p135,320,1,135.0,False,0,200,1,20260621,29382.0,0.0
m14_confirm_pool320_r1_p135_dup0_s20260621,BudgetDoS,True,300,1500,1260959,1295.94964,0.381419,0,0.0,0.0,0.0,0.0,0.0,45581.76,0.618581,0,0,0,0,0,14,1578,247974,151315.08,4192,m14_adaptive_refinement,confirm,heavy_flood,pool320_r1_p135,320,1,135.0,False,0,200,1,20260621,250235.0,0.0
m14_confirm_pool320_r1_p135_dup0_s20260622,P3-Persist,True,300,1500,3780007,2303.477757,0.650158,0,0,0.0,0,50.0,90.0,146744.64,0.350238,11,4989,0,0,1616,7,41,22075,453600.84,6832,m14_adaptive_refinement,confirm,heavy_flood,pool320_r1_p135,320,1,135.0,False,0,200,1,20260622,29354.0,0.0
m14_confirm_pool320_r1_p135_dup0_s20260622,BudgetDoS,True,300,1500,1261543,813.89871,0.614105,0.0,0.0,0.0,0.0,0.0,0.0,46166.4,0.385895,0,0,0,0,0,7,974,247375,151385.16,4192,m14_adaptive_refinement,confirm,heavy_flood,pool320_r1_p135,320,1,135.0,False,0,200,1,20260622,249665.0,0.0
m14_confirm_pool320_r1_p135_dup0_s20260623,P3-Persist,True,300,1500,3780007,2267.55069,0.647127,0,0.0,0.0,0.0,0.0,0.0,146966.4,0.352873,10,4990,0,0,1642,8,72,22170,453600.84,6832,m14_adaptive_refinement,confirm,heavy_flood,pool320_r1_p135,320,1,135.0,False,0,200,1,20260623,29460.0,0.0
m14_confirm_pool320_r1_p135_dup0_s20260623,BudgetDoS,True,300,1500,1261451,864.007534,0.56677,0.0,0.0,0.0,0.0,0.0,0.0,46347.84,0.43323,0,0,0,0,0,9,1116,247967,151374.12,4192,m14_adaptive_refinement,confirm,heavy_flood,pool320_r1_p135,320,1,135.0,False,0,200,1,20260623,250266.0,0.0
m14_confirm_pool320_r1_p135_dup0_s20260624,P3-Persist,True,300,1500,3780008,2207.948598,0.659222,0.0,0.0,0.0,0.0,100.0,100.0,146059.2,0.341548,14,4986,0,0,1678,12,64,22247,453600.96,6832,m14_adaptive_refinement,confirm,heavy_flood,pool320_r1_p135,320,1,135.0,False,0,200,1,20260624,29492.0,0.0
m14_confirm_pool320_r1_p135_dup0_s20260624,BudgetDoS,True,300,1500,1261502,832.674587,0.583365,0,0.0,0.0,0.0,0.0,0.0,45521.28,0.416635,0,0,0,0,0,13,1082,247799,151380.24,4192,m14_adaptive_refinement,confirm,heavy_flood,pool320_r1_p135,320,1,135.0,False,0,200,1,20260624,250057.0,0.0
m14_confirm_pool320_r1_p135_dup0_s20260625,P3-Persist,True,300,1500,3780007,2311.930887,0.628604,0,0.0,0.0,0,0.0,0.0,145978.56,0.371396,17,4983,0,0,1604,7,45,22062,453600.84,6832,m14_adaptive_refinement,confirm,heavy_flood,pool320_r1_p135,320,1,135.0,False,0,200,1,20260625,29303.0,0.0
m14_confirm_pool320_r1_p135_dup0_s20260625,BudgetDoS,True,300,1500,1261487,844.93436,0.57401,0,0.0,0.0,0.0,0.0,0.0,45541.44,0.42599,0,0,0,0,0,6,1108,247955,151378.44,4192,m14_adaptive_refinement,confirm,heavy_flood,pool320_r1_p135,320,1,135.0,False,0,200,1,20260625,250214.0,0.0
m14_confirm_pool320_r1_p135_dup0_s20260626,P3-Persist,True,300,1500,3780007,2386.368056,0.61324,0.0,0.0,0.0,0,0.0,0.0,146502.72,0.38676,9,4991,0,0,1558,10,61,22018,453600.84,6832,m14_adaptive_refinement,confirm,heavy_flood,pool320_r1_p135,320,1,135.0,False,0,200,1,20260626,29285.0,0.0
m14_confirm_pool320_r1_p135_dup0_s20260626,BudgetDoS,True,300,1500,1261503,833.775942,0.585753,0,0.0,0.0,0.0,0.0,0.0,45884.16,0.414247,0,0,0,0,0,10,1070,247243,151380.36,4192,m14_adaptive_refinement,confirm,heavy_flood,pool320_r1_p135,320,1,135.0,False,0,200,1,20260626,249519.0,0.0
m14_confirm_pool320_r1_p135_dup0_s20260627,P3-Persist,True,300,1500,3780007,2252.685936,0.652157,0.0,0.0,0.0,0.0,35.0,87.0,146280.96,0.348232,14,4986,0,0,1648,9,72,22176,453600.84,6832,m14_adaptive_refinement,confirm,heavy_flood,pool320_r1_p135,320,1,135.0,False,0,200,1,20260627,29432.0,0.0
m14_confirm_pool320_r1_p135_dup0_s20260627,BudgetDoS,True,300,1500,1261491,840.433711,0.583366,0,0,0,0.0,0.0,0.0,45722.88,0.416634,0,0,0,0,0,10,1072,248313,151378.92,4192,m14_adaptive_refinement,confirm,heavy_flood,pool320_r1_p135,320,1,135.0,False,0,200,1,20260627,250581.0,0.0
m14_confirm_pool320_r1_p135_dup0_s20260628,P3-Persist,True,300,1500,3780007,2416.884271,0.623853,0.0,0.0,0.0,0,10.0,82.0,146563.2,0.377343,19,4981,0,0,1529,9,110,22221,453600.84,6832,m14_adaptive_refinement,confirm,heavy_flood,pool320_r1_p135,320,1,135.0,False,0,200,1,20260628,29491.0,0.0
m14_confirm_pool320_r1_p135_dup0_s20260628,BudgetDoS,True,300,1500,1261458,859.303815,0.58556,0.0,0.0,0.0,0.0,0.0,0.0,46126.08,0.41444,0,0,0,0,0,10,1039,247884,151374.96,4192,m14_adaptive_refinement,confirm,heavy_flood,pool320_r1_p135,320,1,135.0,False,0,200,1,20260628,250172.0,0.0
m14_confirm_pool320_r1_p135_dup0_s20260629,P3-Persist,True,300,1500,3780007,2277.112651,0.651747,0.0,0.0,0.0,0.0,0.0,0.0,146119.68,0.348253,20,4980,0,0,1624,9,53,21879,453600.84,6832,m14_adaptive_refinement,confirm,heavy_flood,pool320_r1_p135,320,1,135.0,False,0,200,1,20260629,29127.0,0.0
m14_confirm_pool320_r1_p135_dup0_s20260629,BudgetDoS,True,300,1500,1261489,842.115487,0.588143,0.0,0.0,0.0,0.0,0.0,0.0,45722.88,0.411857,0,0,0,0,0,9,1049,246839,151378.68,4192,m14_adaptive_refinement,confirm,heavy_flood,pool320_r1_p135,320,1,135.0,False,0,200,1,20260629,249107.0,0.0
m14_confirm_pool320_r1_p135_dup60_s20260610,P3-Persist,True,300,1500,3780007,2073.509051,0.704677,0,0.0,0.0,0.0,100.0,100.0,145756.8,0.296869,20,4980,188,241677,1787,9,46,70,453600.84,6832,m14_adaptive_refinement,confirm,heavy_flood,pool320_r1_p135,320,1,135.0,False,60,200,1,20260610,248977.0,0.97068
m14_confirm_pool320_r1_p135_dup60_s20260610,BudgetDoS,True,300,1500,1260194,6177.421569,0.078856,0.0,0.0,0.0,0.0,0.0,0.0,45339.84,0.921144,0,0,1636,241677,0,10,747,5751,151223.28,4192,m14_adaptive_refinement,confirm,heavy_flood,pool320_r1_p135,320,1,135.0,False,60,200,1,20260610,249677.0,0.967959
m14_confirm_pool320_r1_p135_dup60_s20260611,P3-Persist,True,300,1500,3780007,2118.838004,0.696059,0.0,0.0,0.0,0.0,100.0,100.0,145837.44,0.305111,16,4984,221,242006,1752,9,50,77,453600.84,6832,m14_adaptive_refinement,confirm,heavy_flood,pool320_r1_p135,320,1,135.0,False,60,200,1,20260611,249317.0,0.970676
m14_confirm_pool320_r1_p135_dup60_s20260611,BudgetDoS,True,300,1500,1260178,6667.608466,0.073742,0,0.0,0.0,0.0,0.0,0.0,45319.68,0.926258,0,0,1636,242006,0,11,738,5752,151221.36,4192,m14_adaptive_refinement,confirm,heavy_flood,pool320_r1_p135,320,1,135.0,False,60,200,1,20260611,250006.0,0.968001
m14_confirm_pool320_r1_p135_dup60_s20260612,P3-Persist,True,300,1500,3780007,2116.465286,0.694401,0.0,0.0,0.0,0.0,0.0,0.0,145474.56,0.305988,18,4982,217,241671,1757,4,35,82,453600.84,6832,m14_adaptive_refinement,confirm,heavy_flood,pool320_r1_p135,320,1,135.0,False,60,200,1,20260612,248969.0,0.970687
m14_confirm_pool320_r1_p135_dup60_s20260612,BudgetDoS,True,300,1500,1260181,6529.435233,0.075039,0,0.0,0.0,0.0,0.0,0.0,44896.32,0.924961,0,0,1637,241671,0,12,742,5773,151221.72,4192,m14_adaptive_refinement,confirm,heavy_flood,pool320_r1_p135,320,1,135.0,False,60,200,1,20260612,249671.0,0.967958
m14_confirm_pool320_r1_p135_dup60_s20260613,P3-Persist,True,300,1500,3780007,2127.184581,0.677469,0,0.0,0.0,0,40.0,88.0,146139.84,0.322913,13,4987,224,242619,1751,6,32,62,453600.84,6832,m14_adaptive_refinement,confirm,heavy_flood,pool320_r1_p135,320,1,135.0,False,60,200,1,20260613,249930.0,0.970748
m14_confirm_pool320_r1_p135_dup60_s20260613,BudgetDoS,True,300,1500,1260197,6087.908213,0.078917,0,0.0,0.0,0.0,0.0,0.0,45541.44,0.921083,0,0,1665,242619,0,10,751,5741,151223.64,4192,m14_adaptive_refinement,confirm,heavy_flood,pool320_r1_p135,320,1,135.0,False,60,200,1,20260613,250619.0,0.968079
m14_confirm_pool320_r1_p135_dup60_s20260614,P3-Persist,True,300,1500,3780008,2251.344848,0.655092,0,0.0,0.0,0,30.0,86.0,146482.56,0.345298,15,4985,264,241696,1650,6,39,69,453600.96,6832,m14_adaptive_refinement,confirm,heavy_flood,pool320_r1_p135,320,1,135.0,False,60,200,1,20260614,249031.0,0.970546
m14_confirm_pool320_r1_p135_dup60_s20260614,BudgetDoS,True,300,1500,1260195,6207.857143,0.079204,0,0.0,0.0,0.0,0.0,0.0,45964.8,0.920796,0,0,1610,241696,0,8,750,5720,151223.4,4192,m14_adaptive_refinement,confirm,heavy_flood,pool320_r1_p135,320,1,135.0,False,60,200,1,20260614,249696.0,0.967961
m14_confirm_pool320_r1_p135_dup60_s20260615,P3-Persist,True,300,1500,3780007,2153.850142,0.700879,0,0.0,0.0,0,0.0,0.0,146341.44,0.299121,11,4989,174,241271,1731,6,29,61,453600.84,6832,m14_adaptive_refinement,confirm,heavy_flood,pool320_r1_p135,320,1,135.0,False,60,200,1,20260615,248591.0,0.970554
m14_confirm_pool320_r1_p135_dup60_s20260615,BudgetDoS,True,300,1500,1260193,6238.579208,0.080671,0.0,0.0,0.0,0.0,0.0,0.0,45702.72,0.919329,0,0,1560,241271,0,9,742,5733,151223.16,4192,m14_adaptive_refinement,confirm,heavy_flood,pool320_r1_p135,320,1,135.0,False,60,200,1,20260615,249271.0,0.967906
m14_confirm_pool320_r1_p135_dup60_s20260616,P3-Persist,True,300,1500,3780007,2438.714194,0.62274,0.0,0.0,0.0,0,0.0,0.0,146139.84,0.37726,15,4985,311,241912,1524,4,33,64,453600.84,6832,m14_adaptive_refinement,confirm,heavy_flood,pool320_r1_p135,320,1,135.0,False,60,200,1,20260616,249225.0,0.970657
m14_confirm_pool320_r1_p135_dup60_s20260616,BudgetDoS,True,300,1500,1260197,6177.436275,0.081961,0.0,0.0,0.0,0.0,0.0,0.0,45581.76,0.918039,0,0,1565,241912,0,7,720,5739,151223.64,4192,m14_adaptive_refinement,confirm,heavy_flood,pool320_r1_p135,320,1,135.0,False,60,200,1,20260616,249912.0,0.967989
m14_confirm_pool320_r1_p135_dup60_s20260617,P3-Persist,True,300,1500,3780008,2286.756201,0.665995,0,0.0,0.0,0.0,15.0,83.0,145635.84,0.334811,18,4982,212,242584,1623,4,61,72,453600.96,6832,m14_adaptive_refinement,confirm,heavy_flood,pool320_r1_p135,320,1,135.0,False,60,200,1,20260617,249880.0,0.970802
m14_confirm_pool320_r1_p135_dup60_s20260617,BudgetDoS,True,300,1500,1260189,6462.507692,0.078566,0,0.0,0.0,0.0,0.0,0.0,45158.4,0.921434,0,0,1513,242584,0,6,774,5760,151222.68,4192,m14_adaptive_refinement,confirm,heavy_flood,pool320_r1_p135,320,1,135.0,False,60,200,1,20260617,250584.0,0.968075
m14_confirm_pool320_r1_p135_dup60_s20260618,P3-Persist,True,300,1500,3780007,2353.678082,0.645758,0.0,0.0,0.0,0.0,15.0,83.0,145837.44,0.354644,18,4982,255,241515,1576,5,28,77,453600.84,6832,m14_adaptive_refinement,confirm,heavy_flood,pool320_r1_p135,320,1,135.0,False,60,200,1,20260618,248826.0,0.970618
m14_confirm_pool320_r1_p135_dup60_s20260618,BudgetDoS,True,300,1500,1260190,6300.95,0.080418,0.0,0.0,0.0,0.0,0.0,0.0,45299.52,0.919582,0,0,1548,241515,0,10,739,5753,151222.8,4192,m14_adaptive_refinement,confirm,heavy_flood,pool320_r1_p135,320,1,135.0,False,60,200,1,20260618,249515.0,0.967938
m14_confirm_pool320_r1_p135_dup60_s20260619,P3-Persist,True,300,1500,3780006,2162.474828,0.680685,0.0,0.0,0.0,0,0.0,0.0,146200.32,0.319704,13,4987,241,241252,1722,7,37,70,453600.72,6832,m14_adaptive_refinement,confirm,heavy_flood,pool320_r1_p135,320,1,135.0,False,60,200,1,20260619,248574.0,0.970544
m14_confirm_pool320_r1_p135_dup60_s20260619,BudgetDoS,True,300,1500,1260196,6147.297561,0.079829,0,0.0,0.0,0.0,0.0,0.0,45622.08,0.920171,0,0,1635,241252,0,9,728,5737,151223.52,4192,m14_adaptive_refinement,confirm,heavy_flood,pool320_r1_p135,320,1,135.0,False,60,200,1,20260619,249252.0,0.967904
m14_confirm_pool320_r1_p135_dup60_s20260620,P3-Persist,True,300,1500,3780006,2337.666048,0.635863,0,0.0,0.0,0,20.0,84.0,146361.6,0.364923,17,4983,323,242520,1582,12,45,57,453600.72,6832,m14_adaptive_refinement,confirm,heavy_flood,pool320_r1_p135,320,1,135.0,False,60,200,1,20260620,249837.0,0.970713
m14_confirm_pool320_r1_p135_dup60_s20260620,BudgetDoS,True,300,1500,1260195,6029.641148,0.082186,0,0.0,0.0,0.0,0.0,0.0,45864.0,0.917814,0,0,1578,242520,0,14,756,5725,151223.4,4192,m14_adaptive_refinement,confirm,heavy_flood,pool320_r1_p135,320,1,135.0,False,60,200,1,20260620,250520.0,0.968066
m14_confirm_pool320_r1_p135_dup60_s20260621,P3-Persist,True,300,1500,3780007,2235.36783,0.662877,0,0.0,0.0,0,100.0,100.0,146180.16,0.338691,15,4985,241,242235,1660,9,28,74,453600.84,6832,m14_adaptive_refinement,confirm,heavy_flood,pool320_r1_p135,320,1,135.0,False,60,200,1,20260621,249560.0,0.970648
m14_confirm_pool320_r1_p135_dup60_s20260621,BudgetDoS,True,300,1500,1260183,6495.78866,0.076049,0.0,0.0,0.0,0.0,0.0,0.0,45642.24,0.923951,0,0,1575,242235,0,11,782,5736,151221.96,4192,m14_adaptive_refinement,confirm,heavy_flood,pool320_r1_p135,320,1,135.0,False,60,200,1,20260621,250235.0,0.96803
m14_confirm_pool320_r1_p135_dup60_s20260622,P3-Persist,True,300,1500,3780007,2151.398406,0.696117,0,0.0,0.0,0.0,55.0,91.0,146764.8,0.304279,10,4990,202,241665,1733,7,29,66,453600.84,6832,m14_adaptive_refinement,confirm,heavy_flood,pool320_r1_p135,320,1,135.0,False,60,200,1,20260622,249011.0,0.970499
m14_confirm_pool320_r1_p135_dup60_s20260622,BudgetDoS,True,300,1500,1260192,6332.623116,0.078843,0,0.0,0.0,0.0,0.0,0.0,46166.4,0.921157,0,0,1615,241665,0,7,710,5710,151223.04,4192,m14_adaptive_refinement,confirm,heavy_flood,pool320_r1_p135,320,1,135.0,False,60,200,1,20260622,249665.0,0.967957
m14_confirm_pool320_r1_p135_dup60_s20260623,P3-Persist,True,300,1500,3780007,2157.538242,0.680124,0.0,0.0,0.0,0.0,0.0,0.0,147006.72,0.319876,8,4992,228,242266,1729,8,47,52,453600.84,6832,m14_adaptive_refinement,confirm,heavy_flood,pool320_r1_p135,320,1,135.0,False,60,200,1,20260623,249610.0,0.970578
m14_confirm_pool320_r1_p135_dup60_s20260623,BudgetDoS,True,300,1500,1260193,6238.579208,0.078416,0.0,0.0,0.0,0.0,0.0,0.0,46347.84,0.921584,0,0,1630,242266,0,9,744,5701,151223.16,4192,m14_adaptive_refinement,confirm,heavy_flood,pool320_r1_p135,320,1,135.0,False,60,200,1,20260623,250266.0,0.968034
m14_confirm_pool320_r1_p135_dup60_s20260624,P3-Persist,True,300,1500,3780008,2109.379464,0.690027,0.0,0.0,0.0,0,100.0,100.0,146039.04,0.310743,15,4985,225,242057,1757,12,43,63,453600.96,6832,m14_adaptive_refinement,confirm,heavy_flood,pool320_r1_p135,320,1,135.0,False,60,200,1,20260624,249364.0,0.970697
m14_confirm_pool320_r1_p135_dup60_s20260624,BudgetDoS,True,300,1500,1260192,6147.278049,0.078937,0,0.0,0.0,0.0,0.0,0.0,45521.28,0.921063,0,0,1648,242057,0,13,744,5742,151223.04,4192,m14_adaptive_refinement,confirm,heavy_flood,pool320_r1_p135,320,1,135.0,False,60,200,1,20260624,250057.0,0.968007
m14_confirm_pool320_r1_p135_dup60_s20260625,P3-Persist,True,300,1500,3780007,2103.509738,0.690888,0,0.0,0.0,0,0.0,0.0,146039.04,0.309112,15,4985,231,242214,1769,6,35,67,453600.84,6832,m14_adaptive_refinement,confirm,heavy_flood,pool320_r1_p135,320,1,135.0,False,60,200,1,20260625,249525.0,0.9707
m14_confirm_pool320_r1_p135_dup60_s20260625,BudgetDoS,True,300,1500,1260195,6269.626866,0.077278,0,0,0,0.0,0.0,0.0,45541.44,0.922722,0,0,1636,242214,0,6,764,5741,151223.4,4192,m14_adaptive_refinement,confirm,heavy_flood,pool320_r1_p135,320,1,135.0,False,60,200,1,20260625,250214.0,0.968027
m14_confirm_pool320_r1_p135_dup60_s20260626,P3-Persist,True,300,1500,3780007,2317.600858,0.631436,0,0.0,0.0,0.0,0.0,0.0,146563.2,0.368564,6,4994,305,241519,1608,10,45,63,453600.84,6832,m14_adaptive_refinement,confirm,heavy_flood,pool320_r1_p135,320,1,135.0,False,60,200,1,20260626,248852.0,0.970533
m14_confirm_pool320_r1_p135_dup60_s20260626,BudgetDoS,True,300,1500,1260200,6000.952381,0.081301,0.0,0.0,0.0,0.0,0.0,0.0,45884.16,0.918699,0,0,1613,241519,0,10,760,5724,151224.0,4192,m14_adaptive_refinement,confirm,heavy_flood,pool320_r1_p135,320,1,135.0,False,60,200,1,20260626,249519.0,0.967938
m14_confirm_pool320_r1_p135_dup60_s20260627,P3-Persist,True,300,1500,3780007,2080.356081,0.70618,0,0.0,0.0,0.0,45.0,89.0,146341.44,0.294209,12,4988,155,242581,1790,8,38,71,453600.84,6832,m14_adaptive_refinement,confirm,heavy_flood,pool320_r1_p135,320,1,135.0,False,60,200,1,20260627,249911.0,0.97067
m14_confirm_pool320_r1_p135_dup60_s20260627,BudgetDoS,True,300,1500,1260185,6269.577114,0.078119,0,0,0,0.0,0.0,0.0,45662.4,0.921881,0,0,1601,242581,0,16,771,5735,151222.2,4192,m14_adaptive_refinement,confirm,heavy_flood,pool320_r1_p135,320,1,135.0,False,60,200,1,20260627,250581.0,0.968074
m14_confirm_pool320_r1_p135_dup60_s20260628,P3-Persist,True,300,1500,3780007,2270.274474,0.66414,0,0.0,0.0,0.0,25.0,85.0,146643.84,0.337056,16,4984,255,242172,1634,8,66,83,453600.84,6832,m14_adaptive_refinement,confirm,heavy_flood,pool320_r1_p135,320,1,135.0,False,60,200,1,20260628,249529.0,0.970516
m14_confirm_pool320_r1_p135_dup60_s20260628,BudgetDoS,True,300,1500,1260184,6462.482051,0.077782,0,0.0,0.0,0.0,0.0,0.0,46105.92,0.922218,0,0,1573,242172,0,11,739,5713,151222.08,4192,m14_adaptive_refinement,confirm,heavy_flood,pool320_r1_p135,320,1,135.0,False,60,200,1,20260628,250172.0,0.968022
m14_confirm_pool320_r1_p135_dup60_s20260629,P3-Persist,True,300,1500,3780007,2112.916154,0.702395,0,0.0,0.0,0.0,0.0,0.0,146119.68,0.297605,20,4980,181,241107,1753,9,42,80,453600.84,6832,m14_adaptive_refinement,confirm,heavy_flood,pool320_r1_p135,320,1,135.0,False,60,200,1,20260629,248435.0,0.970503
m14_confirm_pool320_r1_p135_dup60_s20260629,BudgetDoS,True,300,1500,1260194,6207.852217,0.079702,0,0.0,0.0,0.0,0.0,0.0,45722.88,0.920298,0,0,1596,241107,0,9,748,5732,151223.28,4192,m14_adaptive_refinement,confirm,heavy_flood,pool320_r1_p135,320,1,135.0,False,60,200,1,20260629,249107.0,0.967885
m14_confirm_pool320_r1_p75_dup0_s20260610,P3-Persist,True,300,1500,3780007,2266.191247,0.644762,0.0,0.0,0.0,0,100,100.0,145756.8,0.356784,21,4979,0,0,1632,8,55,22116,453600.84,6832,m14_adaptive_refinement,confirm,heavy_flood,pool320_r1_p75,320,1,75.0,False,0,200,1,20260610,29346.0,0.0
m14_confirm_pool320_r1_p75_dup0_s20260610,BudgetDoS,True,300,1500,1261535,816.527508,0.597217,0,0.0,0.0,0.0,0.0,0.0,45339.84,0.402783,0,0,0,0,0,10,1042,247428,151384.2,4192,m14_adaptive_refinement,confirm,heavy_flood,pool320_r1_p75,320,1,75.0,False,0,200,1,20260610,249677.0,0.0
m14_confirm_pool320_r1_p75_dup0_s20260611,P3-Persist,True,300,1500,3780007,2217.012903,0.665236,0,0.0,0.0,0.0,100.0,100.0,145797.12,0.336715,18,4982,0,0,1671,9,76,22051,453600.84,6832,m14_adaptive_refinement,confirm,heavy_flood,pool320_r1_p75,320,1,75.0,False,0,200,1,20260611,29283.0,0.0
m14_confirm_pool320_r1_p75_dup0_s20260611,BudgetDoS,True,300,1500,1261536,816.0,0.603199,0.0,0.0,0.0,0.0,0.0,0.0,45339.84,0.396801,0,0,0,0,0,10,1017,247757,151384.32,4192,m14_adaptive_refinement,confirm,heavy_flood,pool320_r1_p75,320,1,75.0,False,0,200,1,20260611,250006.0,0.0
m14_confirm_pool320_r1_p75_dup0_s20260612,P3-Persist,True,300,1500,3780007,2183.712883,0.673017,0,0.0,0.0,0.0,0.0,0.0,145474.56,0.327372,18,4982,0,0,1701,5,55,22039,453600.84,6832,m14_adaptive_refinement,confirm,heavy_flood,pool320_r1_p75,320,1,75.0,False,0,200,1,20260612,29255.0,0.0
m14_confirm_pool320_r1_p75_dup0_s20260612,BudgetDoS,True,300,1500,1260938,1327.303158,0.369362,0.0,0.0,0.0,0.0,0.0,0.0,44896.32,0.630638,0,0,0,0,0,12,1622,247444,151312.56,4192,m14_adaptive_refinement,confirm,heavy_flood,pool320_r1_p75,320,1,75.0,False,0,200,1,20260612,249671.0,0.0
m14_confirm_pool320_r1_p75_dup0_s20260613,P3-Persist,True,300,1500,3780006,2250.003571,0.640488,0.0,0.0,0.0,0,30.0,86.0,146039.04,0.359893,15,4985,0,0,1649,10,44,22149,453600.72,6832,m14_adaptive_refinement,confirm,heavy_flood,pool320_r1_p75,320,1,75.0,False,0,200,1,20260613,29393.0,0.0
m14_confirm_pool320_r1_p75_dup0_s20260613,BudgetDoS,True,300,1500,1261528,819.706303,0.586733,0,0.0,0.0,0.0,0.0,0.0,45521.28,0.413267,0,0,0,0,0,11,1084,248361,151383.36,4192,m14_adaptive_refinement,confirm,heavy_flood,pool320_r1_p75,320,1,75.0,False,0,200,1,20260613,250619.0,0.0
m14_confirm_pool320_r1_p75_dup0_s20260614,P3-Persist,True,300,1500,3780008,2366.943018,0.623098,0,0.0,0.0,0.0,35.0,87.0,146502.72,0.377292,14,4986,0,0,1568,7,51,22146,453600.96,6832,m14_adaptive_refinement,confirm,heavy_flood,pool320_r1_p75,320,1,75.0,False,0,200,1,20260614,29413.0,0.0
m14_confirm_pool320_r1_p75_dup0_s20260614,BudgetDoS,True,300,1500,1261539,815.474467,0.60359,0,0.0,0.0,0.0,0.0,0.0,45964.8,0.39641,0,0,0,0,0,8,1016,247416,151384.68,4192,m14_adaptive_refinement,confirm,heavy_flood,pool320_r1_p75,320,1,75.0,False,0,200,1,20260614,249696.0,0.0
m14_confirm_pool320_r1_p75_dup0_s20260615,P3-Persist,True,300,1500,3780007,2313.345777,0.652556,0.0,0.0,0.0,0,0.0,0.0,146260.8,0.347444,13,4987,0,0,1606,8,54,22057,453600.84,6832,m14_adaptive_refinement,confirm,heavy_flood,pool320_r1_p75,320,1,75.0,False,0,200,1,20260615,29312.0,0.0
m14_confirm_pool320_r1_p75_dup0_s20260615,BudgetDoS,True,300,1500,1261496,838.203322,0.601038,0,0.0,0.0,0.0,0.0,0.0,45702.72,0.398962,0,0,0,0,0,9,999,247004,151379.52,4192,m14_adaptive_refinement,confirm,heavy_flood,pool320_r1_p75,320,1,75.0,False,0,200,1,20260615,249271.0,0.0
m14_confirm_pool320_r1_p75_dup0_s20260616,P3-Persist,True,300,1500,3780007,2545.459259,0.596625,0,0.0,0.0,0.0,0.0,0.0,146139.84,0.403375,14,4986,0,0,1459,5,54,21987,453600.84,6832,m14_adaptive_refinement,confirm,heavy_flood,pool320_r1_p75,320,1,75.0,False,0,200,1,20260616,29236.0,0.0
m14_confirm_pool320_r1_p75_dup0_s20260616,BudgetDoS,True,300,1500,1261484,846.065728,0.599036,0,0.0,0.0,0.0,0.0,0.0,45581.76,0.400964,0,0,0,0,0,7,998,247651,151378.08,4192,m14_adaptive_refinement,confirm,heavy_flood,pool320_r1_p75,320,1,75.0,False,0,200,1,20260616,249912.0,0.0
m14_confirm_pool320_r1_p75_dup0_s20260617,P3-Persist,True,300,1500,3780008,2350.751244,0.647865,0.0,0.0,0.0,0,10.0,82.0,145615.68,0.352941,19,4981,0,0,1577,4,109,22207,453600.96,6832,m14_adaptive_refinement,confirm,heavy_flood,pool320_r1_p75,320,1,75.0,False,0,200,1,20260617,29430.0,0.0
m14_confirm_pool320_r1_p75_dup0_s20260617,BudgetDoS,True,300,1500,1261398,898.431624,0.565673,0.0,0.0,0.0,0.0,0.0,0.0,45158.4,0.434327,0,0,0,0,0,6,1078,248344,151367.76,4192,m14_adaptive_refinement,confirm,heavy_flood,pool320_r1_p75,320,1,75.0,False,0,200,1,20260617,250584.0,0.0
m14_confirm_pool320_r1_p75_dup0_s20260618,P3-Persist,True,300,1500,3780007,2353.678082,0.645758,0.0,0.0,0.0,0,20.0,84.0,145837.44,0.354644,17,4983,0,0,1576,6,42,22099,453600.84,6832,m14_adaptive_refinement,confirm,heavy_flood,pool320_r1_p75,320,1,75.0,False,0,200,1,20260618,29333.0,0.0
m14_confirm_pool320_r1_p75_dup0_s20260618,BudgetDoS,True,300,1500,1261400,896.517413,0.565742,0,0.0,0.0,0.0,0.0,0.0,45360.0,0.434258,0,0,0,0,0,7,1080,247265,151368.0,4192,m14_adaptive_refinement,confirm,heavy_flood,pool320_r1_p75,320,1,75.0,False,0,200,1,20260618,249515.0,0.0
m14_confirm_pool320_r1_p75_dup0_s20260619,P3-Persist,True,300,1500,3780006,2293.692961,0.641745,0.0,0.0,0.0,0,0.0,0.0,146180.16,0.358645,13,4987,0,0,1621,8,73,22171,453600.72,6832,m14_adaptive_refinement,confirm,heavy_flood,pool320_r1_p75,320,1,75.0,False,0,200,1,20260619,29422.0,0.0
m14_confirm_pool320_r1_p75_dup0_s20260619,BudgetDoS,True,300,1500,1261510,830.487163,0.591511,0,0.0,0.0,0.0,0.0,0.0,45622.08,0.408489,0,0,0,0,0,9,1049,246989,151381.2,4192,m14_adaptive_refinement,confirm,heavy_flood,pool320_r1_p75,320,1,75.0,False,0,200,1,20260619,249252.0,0.0
m14_confirm_pool320_r1_p75_dup0_s20260620,P3-Persist,True,300,1500,3780006,2493.407652,0.596146,0.0,0.0,0.0,0.0,15.0,83.0,146321.28,0.40464,18,4982,0,0,1479,13,71,22264,453600.72,6832,m14_adaptive_refinement,confirm,heavy_flood,pool320_r1_p75,320,1,75.0,False,0,200,1,20260620,29522.0,0.0
m14_confirm_pool320_r1_p75_dup0_s20260620,BudgetDoS,True,300,1500,1261463,854.07109,0.58081,0,0.0,0.0,0.0,0.0,0.0,45864.0,0.41919,0,0,0,0,0,14,1066,248245,151375.56,4192,m14_adaptive_refinement,confirm,heavy_flood,pool320_r1_p75,320,1,75.0,False,0,200,1,20260620,250520.0,0.0
m14_confirm_pool320_r1_p75_dup0_s20260621,P3-Persist,True,300,1500,3780006,2260.769139,0.655429,0.0,0.0,0.0,0.0,100.0,100.0,146099.52,0.346139,18,4982,0,0,1638,10,52,22135,453600.72,6832,m14_adaptive_refinement,confirm,heavy_flood,pool320_r1_p75,320,1,75.0,False,0,200,1,20260621,29382.0,0.0
m14_confirm_pool320_r1_p75_dup0_s20260621,BudgetDoS,True,300,1500,1260959,1295.94964,0.381419,0,0.0,0.0,0.0,0.0,0.0,45581.76,0.618581,0,0,0,0,0,14,1578,247974,151315.08,4192,m14_adaptive_refinement,confirm,heavy_flood,pool320_r1_p75,320,1,75.0,False,0,200,1,20260621,250235.0,0.0
m14_confirm_pool320_r1_p75_dup0_s20260622,P3-Persist,True,300,1500,3780007,2303.477757,0.650158,0,0,0.0,0,50.0,90.0,146744.64,0.350238,11,4989,0,0,1616,7,41,22075,453600.84,6832,m14_adaptive_refinement,confirm,heavy_flood,pool320_r1_p75,320,1,75.0,False,0,200,1,20260622,29354.0,0.0
m14_confirm_pool320_r1_p75_dup0_s20260622,BudgetDoS,True,300,1500,1261543,813.89871,0.614105,0.0,0.0,0.0,0.0,0.0,0.0,46166.4,0.385895,0,0,0,0,0,7,974,247375,151385.16,4192,m14_adaptive_refinement,confirm,heavy_flood,pool320_r1_p75,320,1,75.0,False,0,200,1,20260622,249665.0,0.0
m14_confirm_pool320_r1_p75_dup0_s20260623,P3-Persist,True,300,1500,3780007,2267.55069,0.647127,0,0.0,0.0,0.0,0.0,0.0,146966.4,0.352873,10,4990,0,0,1642,8,72,22170,453600.84,6832,m14_adaptive_refinement,confirm,heavy_flood,pool320_r1_p75,320,1,75.0,False,0,200,1,20260623,29460.0,0.0
m14_confirm_pool320_r1_p75_dup0_s20260623,BudgetDoS,True,300,1500,1261451,864.007534,0.56677,0.0,0.0,0.0,0.0,0.0,0.0,46347.84,0.43323,0,0,0,0,0,9,1116,247967,151374.12,4192,m14_adaptive_refinement,confirm,heavy_flood,pool320_r1_p75,320,1,75.0,False,0,200,1,20260623,250266.0,0.0
m14_confirm_pool320_r1_p75_dup0_s20260624,P3-Persist,True,300,1500,3780008,2207.948598,0.659222,0.0,0.0,0.0,0.0,100.0,100.0,146059.2,0.341548,14,4986,0,0,1678,12,64,22247,453600.96,6832,m14_adaptive_refinement,confirm,heavy_flood,pool320_r1_p75,320,1,75.0,False,0,200,1,20260624,29492.0,0.0
m14_confirm_pool320_r1_p75_dup0_s20260624,BudgetDoS,True,300,1500,1261502,832.674587,0.583365,0,0.0,0.0,0.0,0.0,0.0,45521.28,0.416635,0,0,0,0,0,13,1082,247799,151380.24,4192,m14_adaptive_refinement,confirm,heavy_flood,pool320_r1_p75,320,1,75.0,False,0,200,1,20260624,250057.0,0.0
m14_confirm_pool320_r1_p75_dup0_s20260625,P3-Persist,True,300,1500,3780007,2311.930887,0.628604,0,0.0,0.0,0,0.0,0.0,145978.56,0.371396,17,4983,0,0,1604,7,45,22062,453600.84,6832,m14_adaptive_refinement,confirm,heavy_flood,pool320_r1_p75,320,1,75.0,False,0,200,1,20260625,29303.0,0.0
m14_confirm_pool320_r1_p75_dup0_s20260625,BudgetDoS,True,300,1500,1261487,844.93436,0.57401,0,0.0,0.0,0.0,0.0,0.0,45541.44,0.42599,0,0,0,0,0,6,1108,247955,151378.44,4192,m14_adaptive_refinement,confirm,heavy_flood,pool320_r1_p75,320,1,75.0,False,0,200,1,20260625,250214.0,0.0
m14_confirm_pool320_r1_p75_dup0_s20260626,P3-Persist,True,300,1500,3780007,2386.368056,0.61324,0.0,0.0,0.0,0,0.0,0.0,146502.72,0.38676,9,4991,0,0,1558,10,61,22018,453600.84,6832,m14_adaptive_refinement,confirm,heavy_flood,pool320_r1_p75,320,1,75.0,False,0,200,1,20260626,29285.0,0.0
m14_confirm_pool320_r1_p75_dup0_s20260626,BudgetDoS,True,300,1500,1261503,833.775942,0.585753,0,0.0,0.0,0.0,0.0,0.0,45884.16,0.414247,0,0,0,0,0,10,1070,247243,151380.36,4192,m14_adaptive_refinement,confirm,heavy_flood,pool320_r1_p75,320,1,75.0,False,0,200,1,20260626,249519.0,0.0
m14_confirm_pool320_r1_p75_dup0_s20260627,P3-Persist,True,300,1500,3780007,2252.685936,0.652157,0.0,0.0,0.0,0.0,35.0,87.0,146280.96,0.348232,14,4986,0,0,1648,9,72,22176,453600.84,6832,m14_adaptive_refinement,confirm,heavy_flood,pool320_r1_p75,320,1,75.0,False,0,200,1,20260627,29432.0,0.0
m14_confirm_pool320_r1_p75_dup0_s20260627,BudgetDoS,True,300,1500,1261491,840.433711,0.583366,0,0,0,0.0,0.0,0.0,45722.88,0.416634,0,0,0,0,0,10,1072,248313,151378.92,4192,m14_adaptive_refinement,confirm,heavy_flood,pool320_r1_p75,320,1,75.0,False,0,200,1,20260627,250581.0,0.0
m14_confirm_pool320_r1_p75_dup0_s20260628,P3-Persist,True,300,1500,3780007,2416.884271,0.623853,0.0,0.0,0.0,0,10.0,82.0,146563.2,0.377343,19,4981,0,0,1529,9,110,22221,453600.84,6832,m14_adaptive_refinement,confirm,heavy_flood,pool320_r1_p75,320,1,75.0,False,0,200,1,20260628,29491.0,0.0
m14_confirm_pool320_r1_p75_dup0_s20260628,BudgetDoS,True,300,1500,1261458,859.303815,0.58556,0.0,0.0,0.0,0.0,0.0,0.0,46126.08,0.41444,0,0,0,0,0,10,1039,247884,151374.96,4192,m14_adaptive_refinement,confirm,heavy_flood,pool320_r1_p75,320,1,75.0,False,0,200,1,20260628,250172.0,0.0
m14_confirm_pool320_r1_p75_dup0_s20260629,P3-Persist,True,300,1500,3780007,2277.112651,0.651747,0.0,0.0,0.0,0.0,0.0,0.0,146119.68,0.348253,20,4980,0,0,1624,9,53,21879,453600.84,6832,m14_adaptive_refinement,confirm,heavy_flood,pool320_r1_p75,320,1,75.0,False,0,200,1,20260629,29127.0,0.0
m14_confirm_pool320_r1_p75_dup0_s20260629,BudgetDoS,True,300,1500,1261489,842.115487,0.588143,0.0,0.0,0.0,0.0,0.0,0.0,45722.88,0.411857,0,0,0,0,0,9,1049,246839,151378.68,4192,m14_adaptive_refinement,confirm,heavy_flood,pool320_r1_p75,320,1,75.0,False,0,200,1,20260629,249107.0,0.0
m14_confirm_pool320_r1_p75_dup60_s20260610,P3-Persist,True,300,1500,3780007,2073.509051,0.704677,0,0.0,0.0,0.0,100.0,100.0,145756.8,0.296869,20,4980,188,241677,1787,9,46,70,453600.84,6832,m14_adaptive_refinement,confirm,heavy_flood,pool320_r1_p75,320,1,75.0,False,60,200,1,20260610,248977.0,0.97068
m14_confirm_pool320_r1_p75_dup60_s20260610,BudgetDoS,True,300,1500,1260194,6177.421569,0.078856,0.0,0.0,0.0,0.0,0.0,0.0,45339.84,0.921144,0,0,1636,241677,0,10,747,5751,151223.28,4192,m14_adaptive_refinement,confirm,heavy_flood,pool320_r1_p75,320,1,75.0,False,60,200,1,20260610,249677.0,0.967959
m14_confirm_pool320_r1_p75_dup60_s20260611,P3-Persist,True,300,1500,3780007,2118.838004,0.696059,0.0,0.0,0.0,0.0,100.0,100.0,145837.44,0.305111,16,4984,221,242006,1752,9,50,77,453600.84,6832,m14_adaptive_refinement,confirm,heavy_flood,pool320_r1_p75,320,1,75.0,False,60,200,1,20260611,249317.0,0.970676
m14_confirm_pool320_r1_p75_dup60_s20260611,BudgetDoS,True,300,1500,1260178,6667.608466,0.073742,0,0.0,0.0,0.0,0.0,0.0,45319.68,0.926258,0,0,1636,242006,0,11,738,5752,151221.36,4192,m14_adaptive_refinement,confirm,heavy_flood,pool320_r1_p75,320,1,75.0,False,60,200,1,20260611,250006.0,0.968001
m14_confirm_pool320_r1_p75_dup60_s20260612,P3-Persist,True,300,1500,3780007,2076.926923,0.707621,0.0,0.0,0.0,0.0,0.0,0.0,145514.88,0.292768,16,4984,204,241671,1793,4,35,80,453600.84,6832,m14_adaptive_refinement,confirm,heavy_flood,pool320_r1_p75,320,1,75.0,False,60,200,1,20260612,248969.0,0.970687
m14_confirm_pool320_r1_p75_dup60_s20260612,BudgetDoS,True,300,1500,1260181,6529.435233,0.075039,0,0.0,0.0,0.0,0.0,0.0,44896.32,0.924961,0,0,1637,241671,0,12,742,5773,151221.72,4192,m14_adaptive_refinement,confirm,heavy_flood,pool320_r1_p75,320,1,75.0,False,60,200,1,20260612,249671.0,0.967958
m14_confirm_pool320_r1_p75_dup60_s20260613,P3-Persist,True,300,1500,3780007,2127.184581,0.677469,0,0.0,0.0,0,40.0,88.0,146139.84,0.322913,13,4987,224,242619,1751,6,32,62,453600.84,6832,m14_adaptive_refinement,confirm,heavy_flood,pool320_r1_p75,320,1,75.0,False,60,200,1,20260613,249930.0,0.970748
m14_confirm_pool320_r1_p75_dup60_s20260613,BudgetDoS,True,300,1500,1260197,6087.908213,0.078917,0,0.0,0.0,0.0,0.0,0.0,45541.44,0.921083,0,0,1665,242619,0,10,751,5741,151223.64,4192,m14_adaptive_refinement,confirm,heavy_flood,pool320_r1_p75,320,1,75.0,False,60,200,1,20260613,250619.0,0.968079
m14_confirm_pool320_r1_p75_dup60_s20260614,P3-Persist,True,300,1500,3780008,2251.344848,0.655092,0,0.0,0.0,0,30.0,86.0,146482.56,0.345298,15,4985,264,241696,1650,6,39,69,453600.96,6832,m14_adaptive_refinement,confirm,heavy_flood,pool320_r1_p75,320,1,75.0,False,60,200,1,20260614,249031.0,0.970546
m14_confirm_pool320_r1_p75_dup60_s20260614,BudgetDoS,True,300,1500,1260195,6207.857143,0.079204,0,0.0,0.0,0.0,0.0,0.0,45964.8,0.920796,0,0,1610,241696,0,8,750,5720,151223.4,4192,m14_adaptive_refinement,confirm,heavy_flood,pool320_r1_p75,320,1,75.0,False,60,200,1,20260614,249696.0,0.967961
m14_confirm_pool320_r1_p75_dup60_s20260615,P3-Persist,True,300,1500,3780007,2192.579466,0.688498,0.0,0.0,0.0,0,0.0,0.0,146321.28,0.311502,11,4989,185,241271,1699,7,32,61,453600.84,6832,m14_adaptive_refinement,confirm,heavy_flood,pool320_r1_p75,320,1,75.0,False,60,200,1,20260615,248590.0,0.970558
m14_confirm_pool320_r1_p75_dup60_s20260615,BudgetDoS,True,300,1500,1260193,6238.579208,0.080671,0.0,0.0,0.0,0.0,0.0,0.0,45702.72,0.919329,0,0,1560,241271,0,9,742,5733,151223.16,4192,m14_adaptive_refinement,confirm,heavy_flood,pool320_r1_p75,320,1,75.0,False,60,200,1,20260615,249271.0,0.967906
m14_confirm_pool320_r1_p75_dup60_s20260616,P3-Persist,True,300,1500,3780007,2438.714194,0.62274,0.0,0.0,0.0,0,0.0,0.0,146139.84,0.37726,15,4985,311,241912,1524,4,33,64,453600.84,6832,m14_adaptive_refinement,confirm,heavy_flood,pool320_r1_p75,320,1,75.0,False,60,200,1,20260616,249225.0,0.970657
m14_confirm_pool320_r1_p75_dup60_s20260616,BudgetDoS,True,300,1500,1260197,6177.436275,0.081961,0.0,0.0,0.0,0.0,0.0,0.0,45581.76,0.918039,0,0,1565,241912,0,7,720,5739,151223.64,4192,m14_adaptive_refinement,confirm,heavy_flood,pool320_r1_p75,320,1,75.0,False,60,200,1,20260616,249912.0,0.967989
m14_confirm_pool320_r1_p75_dup60_s20260617,P3-Persist,True,300,1500,3780008,2286.756201,0.665995,0,0.0,0.0,0.0,15.0,83.0,145635.84,0.334811,18,4982,212,242584,1623,4,61,72,453600.96,6832,m14_adaptive_refinement,confirm,heavy_flood,pool320_r1_p75,320,1,75.0,False,60,200,1,20260617,249880.0,0.970802
m14_confirm_pool320_r1_p75_dup60_s20260617,BudgetDoS,True,300,1500,1260189,6462.507692,0.078566,0,0.0,0.0,0.0,0.0,0.0,45158.4,0.921434,0,0,1513,242584,0,6,774,5760,151222.68,4192,m14_adaptive_refinement,confirm,heavy_flood,pool320_r1_p75,320,1,75.0,False,60,200,1,20260617,250584.0,0.968075
m14_confirm_pool320_r1_p75_dup60_s20260618,P3-Persist,True,300,1500,3780007,2353.678082,0.645758,0.0,0.0,0.0,0.0,15.0,83.0,145837.44,0.354644,18,4982,255,241515,1576,5,28,77,453600.84,6832,m14_adaptive_refinement,confirm,heavy_flood,pool320_r1_p75,320,1,75.0,False,60,200,1,20260618,248826.0,0.970618
m14_confirm_pool320_r1_p75_dup60_s20260618,BudgetDoS,True,300,1500,1260190,6300.95,0.080418,0.0,0.0,0.0,0.0,0.0,0.0,45299.52,0.919582,0,0,1548,241515,0,10,739,5753,151222.8,4192,m14_adaptive_refinement,confirm,heavy_flood,pool320_r1_p75,320,1,75.0,False,60,200,1,20260618,249515.0,0.967938
m14_confirm_pool320_r1_p75_dup60_s20260619,P3-Persist,True,300,1500,3780006,2162.474828,0.680685,0.0,0.0,0.0,0,0.0,0.0,146200.32,0.319704,13,4987,241,241252,1722,7,37,70,453600.72,6832,m14_adaptive_refinement,confirm,heavy_flood,pool320_r1_p75,320,1,75.0,False,60,200,1,20260619,248574.0,0.970544
m14_confirm_pool320_r1_p75_dup60_s20260619,BudgetDoS,True,300,1500,1260196,6147.297561,0.079829,0,0.0,0.0,0.0,0.0,0.0,45622.08,0.920171,0,0,1635,241252,0,9,728,5737,151223.52,4192,m14_adaptive_refinement,confirm,heavy_flood,pool320_r1_p75,320,1,75.0,False,60,200,1,20260619,249252.0,0.967904
m14_confirm_pool320_r1_p75_dup60_s20260620,P3-Persist,True,300,1500,3780006,2337.666048,0.635863,0,0.0,0.0,0,20.0,84.0,146361.6,0.364923,17,4983,323,242520,1582,12,45,57,453600.72,6832,m14_adaptive_refinement,confirm,heavy_flood,pool320_r1_p75,320,1,75.0,False,60,200,1,20260620,249837.0,0.970713
m14_confirm_pool320_r1_p75_dup60_s20260620,BudgetDoS,True,300,1500,1260195,6029.641148,0.082186,0,0.0,0.0,0.0,0.0,0.0,45864.0,0.917814,0,0,1578,242520,0,14,756,5725,151223.4,4192,m14_adaptive_refinement,confirm,heavy_flood,pool320_r1_p75,320,1,75.0,False,60,200,1,20260620,250520.0,0.968066
m14_confirm_pool320_r1_p75_dup60_s20260621,P3-Persist,True,300,1500,3780007,2235.36783,0.662877,0,0.0,0.0,0,100.0,100.0,146180.16,0.338691,15,4985,241,242235,1660,9,28,74,453600.84,6832,m14_adaptive_refinement,confirm,heavy_flood,pool320_r1_p75,320,1,75.0,False,60,200,1,20260621,249560.0,0.970648
m14_confirm_pool320_r1_p75_dup60_s20260621,BudgetDoS,True,300,1500,1260183,6495.78866,0.076049,0.0,0.0,0.0,0.0,0.0,0.0,45642.24,0.923951,0,0,1575,242235,0,11,782,5736,151221.96,4192,m14_adaptive_refinement,confirm,heavy_flood,pool320_r1_p75,320,1,75.0,False,60,200,1,20260621,250235.0,0.96803
m14_confirm_pool320_r1_p75_dup60_s20260622,P3-Persist,True,300,1500,3780007,2151.398406,0.696117,0,0.0,0.0,0.0,55.0,91.0,146764.8,0.304279,10,4990,202,241665,1733,7,29,66,453600.84,6832,m14_adaptive_refinement,confirm,heavy_flood,pool320_r1_p75,320,1,75.0,False,60,200,1,20260622,249011.0,0.970499
m14_confirm_pool320_r1_p75_dup60_s20260622,BudgetDoS,True,300,1500,1260192,6332.623116,0.078843,0,0.0,0.0,0.0,0.0,0.0,46166.4,0.921157,0,0,1615,241665,0,7,710,5710,151223.04,4192,m14_adaptive_refinement,confirm,heavy_flood,pool320_r1_p75,320,1,75.0,False,60,200,1,20260622,249665.0,0.967957
m14_confirm_pool320_r1_p75_dup60_s20260623,P3-Persist,True,300,1500,3780007,2157.538242,0.680124,0.0,0.0,0.0,0.0,0.0,0.0,147006.72,0.319876,8,4992,228,242266,1729,8,47,52,453600.84,6832,m14_adaptive_refinement,confirm,heavy_flood,pool320_r1_p75,320,1,75.0,False,60,200,1,20260623,249610.0,0.970578
m14_confirm_pool320_r1_p75_dup60_s20260623,BudgetDoS,True,300,1500,1260193,6238.579208,0.078416,0.0,0.0,0.0,0.0,0.0,0.0,46347.84,0.921584,0,0,1630,242266,0,9,744,5701,151223.16,4192,m14_adaptive_refinement,confirm,heavy_flood,pool320_r1_p75,320,1,75.0,False,60,200,1,20260623,250266.0,0.968034
m14_confirm_pool320_r1_p75_dup60_s20260624,P3-Persist,True,300,1500,3780008,2109.379464,0.690027,0.0,0.0,0.0,0,100.0,100.0,146039.04,0.310743,15,4985,225,242057,1757,12,43,63,453600.96,6832,m14_adaptive_refinement,confirm,heavy_flood,pool320_r1_p75,320,1,75.0,False,60,200,1,20260624,249364.0,0.970697
m14_confirm_pool320_r1_p75_dup60_s20260624,BudgetDoS,True,300,1500,1260192,6147.278049,0.078937,0,0.0,0.0,0.0,0.0,0.0,45521.28,0.921063,0,0,1648,242057,0,13,744,5742,151223.04,4192,m14_adaptive_refinement,confirm,heavy_flood,pool320_r1_p75,320,1,75.0,False,60,200,1,20260624,250057.0,0.968007
m14_confirm_pool320_r1_p75_dup60_s20260625,P3-Persist,True,300,1500,3780007,2103.509738,0.690888,0,0.0,0.0,0,0.0,0.0,146039.04,0.309112,15,4985,231,242214,1769,6,35,67,453600.84,6832,m14_adaptive_refinement,confirm,heavy_flood,pool320_r1_p75,320,1,75.0,False,60,200,1,20260625,249525.0,0.9707
m14_confirm_pool320_r1_p75_dup60_s20260625,BudgetDoS,True,300,1500,1260195,6269.626866,0.077278,0,0,0,0.0,0.0,0.0,45541.44,0.922722,0,0,1636,242214,0,6,764,5741,151223.4,4192,m14_adaptive_refinement,confirm,heavy_flood,pool320_r1_p75,320,1,75.0,False,60,200,1,20260625,250214.0,0.968027
m14_confirm_pool320_r1_p75_dup60_s20260626,P3-Persist,True,300,1500,3780007,2317.600858,0.631436,0,0.0,0.0,0.0,0.0,0.0,146563.2,0.368564,6,4994,305,241519,1608,10,45,64,453600.84,6832,m14_adaptive_refinement,confirm,heavy_flood,pool320_r1_p75,320,1,75.0,False,60,200,1,20260626,248853.0,0.970529
m14_confirm_pool320_r1_p75_dup60_s20260626,BudgetDoS,True,300,1500,1260200,6000.952381,0.081301,0.0,0.0,0.0,0.0,0.0,0.0,45884.16,0.918699,0,0,1613,241519,0,10,760,5724,151224.0,4192,m14_adaptive_refinement,confirm,heavy_flood,pool320_r1_p75,320,1,75.0,False,60,200,1,20260626,249519.0,0.967938
m14_confirm_pool320_r1_p75_dup60_s20260627,P3-Persist,True,300,1500,3780007,2100.003889,0.699572,0.0,0.0,0.0,0.0,45.0,89.0,146341.44,0.300816,12,4988,164,242581,1773,8,38,71,453600.84,6832,m14_adaptive_refinement,confirm,heavy_flood,pool320_r1_p75,320,1,75.0,False,60,200,1,20260627,249911.0,0.97067
m14_confirm_pool320_r1_p75_dup60_s20260627,BudgetDoS,True,300,1500,1260185,6269.577114,0.078119,0,0,0,0.0,0.0,0.0,45662.4,0.921881,0,0,1601,242581,0,16,771,5735,151222.2,4192,m14_adaptive_refinement,confirm,heavy_flood,pool320_r1_p75,320,1,75.0,False,60,200,1,20260627,250581.0,0.968074
m14_confirm_pool320_r1_p75_dup60_s20260628,P3-Persist,True,300,1500,3780007,2270.274474,0.66414,0,0.0,0.0,0.0,25.0,85.0,146643.84,0.337056,16,4984,255,242172,1634,8,66,83,453600.84,6832,m14_adaptive_refinement,confirm,heavy_flood,pool320_r1_p75,320,1,75.0,False,60,200,1,20260628,249529.0,0.970516
m14_confirm_pool320_r1_p75_dup60_s20260628,BudgetDoS,True,300,1500,1260184,6462.482051,0.077782,0,0.0,0.0,0.0,0.0,0.0,46105.92,0.922218,0,0,1573,242172,0,11,739,5713,151222.08,4192,m14_adaptive_refinement,confirm,heavy_flood,pool320_r1_p75,320,1,75.0,False,60,200,1,20260628,250172.0,0.968022
m14_confirm_pool320_r1_p75_dup60_s20260629,P3-Persist,True,300,1500,3780007,2112.916154,0.702395,0,0.0,0.0,0.0,0.0,0.0,146119.68,0.297605,20,4980,181,241107,1753,9,42,80,453600.84,6832,m14_adaptive_refinement,confirm,heavy_flood,pool320_r1_p75,320,1,75.0,False,60,200,1,20260629,248435.0,0.970503
m14_confirm_pool320_r1_p75_dup60_s20260629,BudgetDoS,True,300,1500,1260194,6207.852217,0.079702,0,0.0,0.0,0.0,0.0,0.0,45722.88,0.920298,0,0,1596,241107,0,9,748,5732,151223.28,4192,m14_adaptive_refinement,confirm,heavy_flood,pool320_r1_p75,320,1,75.0,False,60,200,1,20260629,249107.0,0.967885
m14_confirm_pool320_r1_p90_dup0_s20260610,P3-Persist,True,300,1500,3780007,2266.191247,0.644762,0.0,0.0,0.0,0,100,100.0,145756.8,0.356784,21,4979,0,0,1632,8,55,22116,453600.84,6832,m14_adaptive_refinement,confirm,heavy_flood,pool320_r1_p90,320,1,90.0,False,0,200,1,20260610,29346.0,0.0
m14_confirm_pool320_r1_p90_dup0_s20260610,BudgetDoS,True,300,1500,1261535,816.527508,0.597217,0,0.0,0.0,0.0,0.0,0.0,45339.84,0.402783,0,0,0,0,0,10,1042,247428,151384.2,4192,m14_adaptive_refinement,confirm,heavy_flood,pool320_r1_p90,320,1,90.0,False,0,200,1,20260610,249677.0,0.0
m14_confirm_pool320_r1_p90_dup0_s20260611,P3-Persist,True,300,1500,3780007,2217.012903,0.665236,0,0.0,0.0,0.0,100.0,100.0,145797.12,0.336715,18,4982,0,0,1671,9,76,22051,453600.84,6832,m14_adaptive_refinement,confirm,heavy_flood,pool320_r1_p90,320,1,90.0,False,0,200,1,20260611,29283.0,0.0
m14_confirm_pool320_r1_p90_dup0_s20260611,BudgetDoS,True,300,1500,1261536,816.0,0.603199,0.0,0.0,0.0,0.0,0.0,0.0,45339.84,0.396801,0,0,0,0,0,10,1017,247757,151384.32,4192,m14_adaptive_refinement,confirm,heavy_flood,pool320_r1_p90,320,1,90.0,False,0,200,1,20260611,250006.0,0.0
m14_confirm_pool320_r1_p90_dup0_s20260612,P3-Persist,True,300,1500,3780007,2183.712883,0.673017,0,0.0,0.0,0.0,0.0,0.0,145474.56,0.327372,18,4982,0,0,1701,5,55,22039,453600.84,6832,m14_adaptive_refinement,confirm,heavy_flood,pool320_r1_p90,320,1,90.0,False,0,200,1,20260612,29255.0,0.0
m14_confirm_pool320_r1_p90_dup0_s20260612,BudgetDoS,True,300,1500,1260938,1327.303158,0.369362,0.0,0.0,0.0,0.0,0.0,0.0,44896.32,0.630638,0,0,0,0,0,12,1622,247444,151312.56,4192,m14_adaptive_refinement,confirm,heavy_flood,pool320_r1_p90,320,1,90.0,False,0,200,1,20260612,249671.0,0.0
m14_confirm_pool320_r1_p90_dup0_s20260613,P3-Persist,True,300,1500,3780006,2250.003571,0.640488,0.0,0.0,0.0,0,30.0,86.0,146039.04,0.359893,15,4985,0,0,1649,10,44,22149,453600.72,6832,m14_adaptive_refinement,confirm,heavy_flood,pool320_r1_p90,320,1,90.0,False,0,200,1,20260613,29393.0,0.0
m14_confirm_pool320_r1_p90_dup0_s20260613,BudgetDoS,True,300,1500,1261528,819.706303,0.586733,0,0.0,0.0,0.0,0.0,0.0,45521.28,0.413267,0,0,0,0,0,11,1084,248361,151383.36,4192,m14_adaptive_refinement,confirm,heavy_flood,pool320_r1_p90,320,1,90.0,False,0,200,1,20260613,250619.0,0.0
m14_confirm_pool320_r1_p90_dup0_s20260614,P3-Persist,True,300,1500,3780008,2366.943018,0.623098,0,0.0,0.0,0.0,35.0,87.0,146502.72,0.377292,14,4986,0,0,1568,7,51,22146,453600.96,6832,m14_adaptive_refinement,confirm,heavy_flood,pool320_r1_p90,320,1,90.0,False,0,200,1,20260614,29413.0,0.0
m14_confirm_pool320_r1_p90_dup0_s20260614,BudgetDoS,True,300,1500,1261539,815.474467,0.60359,0,0.0,0.0,0.0,0.0,0.0,45964.8,0.39641,0,0,0,0,0,8,1016,247416,151384.68,4192,m14_adaptive_refinement,confirm,heavy_flood,pool320_r1_p90,320,1,90.0,False,0,200,1,20260614,249696.0,0.0
m14_confirm_pool320_r1_p90_dup0_s20260615,P3-Persist,True,300,1500,3780007,2313.345777,0.652556,0.0,0.0,0.0,0,0.0,0.0,146260.8,0.347444,13,4987,0,0,1606,8,54,22057,453600.84,6832,m14_adaptive_refinement,confirm,heavy_flood,pool320_r1_p90,320,1,90.0,False,0,200,1,20260615,29312.0,0.0
m14_confirm_pool320_r1_p90_dup0_s20260615,BudgetDoS,True,300,1500,1261496,838.203322,0.601038,0,0.0,0.0,0.0,0.0,0.0,45702.72,0.398962,0,0,0,0,0,9,999,247004,151379.52,4192,m14_adaptive_refinement,confirm,heavy_flood,pool320_r1_p90,320,1,90.0,False,0,200,1,20260615,249271.0,0.0
m14_confirm_pool320_r1_p90_dup0_s20260616,P3-Persist,True,300,1500,3780007,2545.459259,0.596625,0,0.0,0.0,0.0,0.0,0.0,146139.84,0.403375,14,4986,0,0,1459,5,54,21987,453600.84,6832,m14_adaptive_refinement,confirm,heavy_flood,pool320_r1_p90,320,1,90.0,False,0,200,1,20260616,29236.0,0.0
m14_confirm_pool320_r1_p90_dup0_s20260616,BudgetDoS,True,300,1500,1261484,846.065728,0.599036,0,0.0,0.0,0.0,0.0,0.0,45581.76,0.400964,0,0,0,0,0,7,998,247651,151378.08,4192,m14_adaptive_refinement,confirm,heavy_flood,pool320_r1_p90,320,1,90.0,False,0,200,1,20260616,249912.0,0.0
m14_confirm_pool320_r1_p90_dup0_s20260617,P3-Persist,True,300,1500,3780008,2350.751244,0.647865,0.0,0.0,0.0,0,10.0,82.0,145615.68,0.352941,19,4981,0,0,1577,4,109,22207,453600.96,6832,m14_adaptive_refinement,confirm,heavy_flood,pool320_r1_p90,320,1,90.0,False,0,200,1,20260617,29430.0,0.0
m14_confirm_pool320_r1_p90_dup0_s20260617,BudgetDoS,True,300,1500,1261398,898.431624,0.565673,0.0,0.0,0.0,0.0,0.0,0.0,45158.4,0.434327,0,0,0,0,0,6,1078,248344,151367.76,4192,m14_adaptive_refinement,confirm,heavy_flood,pool320_r1_p90,320,1,90.0,False,0,200,1,20260617,250584.0,0.0
m14_confirm_pool320_r1_p90_dup0_s20260618,P3-Persist,True,300,1500,3780007,2353.678082,0.645758,0.0,0.0,0.0,0,20.0,84.0,145837.44,0.354644,17,4983,0,0,1576,6,42,22099,453600.84,6832,m14_adaptive_refinement,confirm,heavy_flood,pool320_r1_p90,320,1,90.0,False,0,200,1,20260618,29333.0,0.0
m14_confirm_pool320_r1_p90_dup0_s20260618,BudgetDoS,True,300,1500,1261400,896.517413,0.565742,0,0.0,0.0,0.0,0.0,0.0,45360.0,0.434258,0,0,0,0,0,7,1080,247265,151368.0,4192,m14_adaptive_refinement,confirm,heavy_flood,pool320_r1_p90,320,1,90.0,False,0,200,1,20260618,249515.0,0.0
m14_confirm_pool320_r1_p90_dup0_s20260619,P3-Persist,True,300,1500,3780006,2293.692961,0.641745,0.0,0.0,0.0,0,0.0,0.0,146180.16,0.358645,13,4987,0,0,1621,8,73,22171,453600.72,6832,m14_adaptive_refinement,confirm,heavy_flood,pool320_r1_p90,320,1,90.0,False,0,200,1,20260619,29422.0,0.0
m14_confirm_pool320_r1_p90_dup0_s20260619,BudgetDoS,True,300,1500,1261510,830.487163,0.591511,0,0.0,0.0,0.0,0.0,0.0,45622.08,0.408489,0,0,0,0,0,9,1049,246989,151381.2,4192,m14_adaptive_refinement,confirm,heavy_flood,pool320_r1_p90,320,1,90.0,False,0,200,1,20260619,249252.0,0.0
m14_confirm_pool320_r1_p90_dup0_s20260620,P3-Persist,True,300,1500,3780006,2493.407652,0.596146,0.0,0.0,0.0,0.0,15.0,83.0,146321.28,0.40464,18,4982,0,0,1479,13,71,22264,453600.72,6832,m14_adaptive_refinement,confirm,heavy_flood,pool320_r1_p90,320,1,90.0,False,0,200,1,20260620,29522.0,0.0
m14_confirm_pool320_r1_p90_dup0_s20260620,BudgetDoS,True,300,1500,1261463,854.07109,0.58081,0,0.0,0.0,0.0,0.0,0.0,45864.0,0.41919,0,0,0,0,0,14,1066,248245,151375.56,4192,m14_adaptive_refinement,confirm,heavy_flood,pool320_r1_p90,320,1,90.0,False,0,200,1,20260620,250520.0,0.0
m14_confirm_pool320_r1_p90_dup0_s20260621,P3-Persist,True,300,1500,3780006,2260.769139,0.655429,0.0,0.0,0.0,0.0,100.0,100.0,146099.52,0.346139,18,4982,0,0,1638,10,52,22135,453600.72,6832,m14_adaptive_refinement,confirm,heavy_flood,pool320_r1_p90,320,1,90.0,False,0,200,1,20260621,29382.0,0.0
m14_confirm_pool320_r1_p90_dup0_s20260621,BudgetDoS,True,300,1500,1260959,1295.94964,0.381419,0,0.0,0.0,0.0,0.0,0.0,45581.76,0.618581,0,0,0,0,0,14,1578,247974,151315.08,4192,m14_adaptive_refinement,confirm,heavy_flood,pool320_r1_p90,320,1,90.0,False,0,200,1,20260621,250235.0,0.0
m14_confirm_pool320_r1_p90_dup0_s20260622,P3-Persist,True,300,1500,3780007,2303.477757,0.650158,0,0,0.0,0,50.0,90.0,146744.64,0.350238,11,4989,0,0,1616,7,41,22075,453600.84,6832,m14_adaptive_refinement,confirm,heavy_flood,pool320_r1_p90,320,1,90.0,False,0,200,1,20260622,29354.0,0.0
m14_confirm_pool320_r1_p90_dup0_s20260622,BudgetDoS,True,300,1500,1261543,813.89871,0.614105,0.0,0.0,0.0,0.0,0.0,0.0,46166.4,0.385895,0,0,0,0,0,7,974,247375,151385.16,4192,m14_adaptive_refinement,confirm,heavy_flood,pool320_r1_p90,320,1,90.0,False,0,200,1,20260622,249665.0,0.0
m14_confirm_pool320_r1_p90_dup0_s20260623,P3-Persist,True,300,1500,3780007,2267.55069,0.647127,0,0.0,0.0,0.0,0.0,0.0,146966.4,0.352873,10,4990,0,0,1642,8,72,22170,453600.84,6832,m14_adaptive_refinement,confirm,heavy_flood,pool320_r1_p90,320,1,90.0,False,0,200,1,20260623,29460.0,0.0
m14_confirm_pool320_r1_p90_dup0_s20260623,BudgetDoS,True,300,1500,1261451,864.007534,0.56677,0.0,0.0,0.0,0.0,0.0,0.0,46347.84,0.43323,0,0,0,0,0,9,1116,247967,151374.12,4192,m14_adaptive_refinement,confirm,heavy_flood,pool320_r1_p90,320,1,90.0,False,0,200,1,20260623,250266.0,0.0
m14_confirm_pool320_r1_p90_dup0_s20260624,P3-Persist,True,300,1500,3780008,2207.948598,0.659222,0.0,0.0,0.0,0.0,100.0,100.0,146059.2,0.341548,14,4986,0,0,1678,12,64,22247,453600.96,6832,m14_adaptive_refinement,confirm,heavy_flood,pool320_r1_p90,320,1,90.0,False,0,200,1,20260624,29492.0,0.0
m14_confirm_pool320_r1_p90_dup0_s20260624,BudgetDoS,True,300,1500,1261502,832.674587,0.583365,0,0.0,0.0,0.0,0.0,0.0,45521.28,0.416635,0,0,0,0,0,13,1082,247799,151380.24,4192,m14_adaptive_refinement,confirm,heavy_flood,pool320_r1_p90,320,1,90.0,False,0,200,1,20260624,250057.0,0.0
m14_confirm_pool320_r1_p90_dup0_s20260625,P3-Persist,True,300,1500,3780007,2311.930887,0.628604,0,0.0,0.0,0,0.0,0.0,145978.56,0.371396,17,4983,0,0,1604,7,45,22062,453600.84,6832,m14_adaptive_refinement,confirm,heavy_flood,pool320_r1_p90,320,1,90.0,False,0,200,1,20260625,29303.0,0.0
m14_confirm_pool320_r1_p90_dup0_s20260625,BudgetDoS,True,300,1500,1261487,844.93436,0.57401,0,0.0,0.0,0.0,0.0,0.0,45541.44,0.42599,0,0,0,0,0,6,1108,247955,151378.44,4192,m14_adaptive_refinement,confirm,heavy_flood,pool320_r1_p90,320,1,90.0,False,0,200,1,20260625,250214.0,0.0
m14_confirm_pool320_r1_p90_dup0_s20260626,P3-Persist,True,300,1500,3780007,2386.368056,0.61324,0.0,0.0,0.0,0,0.0,0.0,146502.72,0.38676,9,4991,0,0,1558,10,61,22018,453600.84,6832,m14_adaptive_refinement,confirm,heavy_flood,pool320_r1_p90,320,1,90.0,False,0,200,1,20260626,29285.0,0.0
m14_confirm_pool320_r1_p90_dup0_s20260626,BudgetDoS,True,300,1500,1261503,833.775942,0.585753,0,0.0,0.0,0.0,0.0,0.0,45884.16,0.414247,0,0,0,0,0,10,1070,247243,151380.36,4192,m14_adaptive_refinement,confirm,heavy_flood,pool320_r1_p90,320,1,90.0,False,0,200,1,20260626,249519.0,0.0
m14_confirm_pool320_r1_p90_dup0_s20260627,P3-Persist,True,300,1500,3780007,2252.685936,0.652157,0.0,0.0,0.0,0.0,35.0,87.0,146280.96,0.348232,14,4986,0,0,1648,9,72,22176,453600.84,6832,m14_adaptive_refinement,confirm,heavy_flood,pool320_r1_p90,320,1,90.0,False,0,200,1,20260627,29432.0,0.0
m14_confirm_pool320_r1_p90_dup0_s20260627,BudgetDoS,True,300,1500,1261491,840.433711,0.583366,0,0,0,0.0,0.0,0.0,45722.88,0.416634,0,0,0,0,0,10,1072,248313,151378.92,4192,m14_adaptive_refinement,confirm,heavy_flood,pool320_r1_p90,320,1,90.0,False,0,200,1,20260627,250581.0,0.0
m14_confirm_pool320_r1_p90_dup0_s20260628,P3-Persist,True,300,1500,3780007,2416.884271,0.623853,0.0,0.0,0.0,0,10.0,82.0,146563.2,0.377343,19,4981,0,0,1529,9,110,22221,453600.84,6832,m14_adaptive_refinement,confirm,heavy_flood,pool320_r1_p90,320,1,90.0,False,0,200,1,20260628,29491.0,0.0
m14_confirm_pool320_r1_p90_dup0_s20260628,BudgetDoS,True,300,1500,1261458,859.303815,0.58556,0.0,0.0,0.0,0.0,0.0,0.0,46126.08,0.41444,0,0,0,0,0,10,1039,247884,151374.96,4192,m14_adaptive_refinement,confirm,heavy_flood,pool320_r1_p90,320,1,90.0,False,0,200,1,20260628,250172.0,0.0
m14_confirm_pool320_r1_p90_dup0_s20260629,P3-Persist,True,300,1500,3780007,2277.112651,0.651747,0.0,0.0,0.0,0.0,0.0,0.0,146119.68,0.348253,20,4980,0,0,1624,9,53,21879,453600.84,6832,m14_adaptive_refinement,confirm,heavy_flood,pool320_r1_p90,320,1,90.0,False,0,200,1,20260629,29127.0,0.0
m14_confirm_pool320_r1_p90_dup0_s20260629,BudgetDoS,True,300,1500,1261489,842.115487,0.588143,0.0,0.0,0.0,0.0,0.0,0.0,45722.88,0.411857,0,0,0,0,0,9,1049,246839,151378.68,4192,m14_adaptive_refinement,confirm,heavy_flood,pool320_r1_p90,320,1,90.0,False,0,200,1,20260629,249107.0,0.0
m14_confirm_pool320_r1_p90_dup60_s20260610,P3-Persist,True,300,1500,3780007,2073.509051,0.704677,0,0.0,0.0,0.0,100.0,100.0,145756.8,0.296869,20,4980,188,241677,1787,9,46,70,453600.84,6832,m14_adaptive_refinement,confirm,heavy_flood,pool320_r1_p90,320,1,90.0,False,60,200,1,20260610,248977.0,0.97068
m14_confirm_pool320_r1_p90_dup60_s20260610,BudgetDoS,True,300,1500,1260194,6177.421569,0.078856,0.0,0.0,0.0,0.0,0.0,0.0,45339.84,0.921144,0,0,1636,241677,0,10,747,5751,151223.28,4192,m14_adaptive_refinement,confirm,heavy_flood,pool320_r1_p90,320,1,90.0,False,60,200,1,20260610,249677.0,0.967959
m14_confirm_pool320_r1_p90_dup60_s20260611,P3-Persist,True,300,1500,3780007,2118.838004,0.696059,0.0,0.0,0.0,0.0,100.0,100.0,145837.44,0.305111,16,4984,221,242006,1752,9,50,77,453600.84,6832,m14_adaptive_refinement,confirm,heavy_flood,pool320_r1_p90,320,1,90.0,False,60,200,1,20260611,249317.0,0.970676
m14_confirm_pool320_r1_p90_dup60_s20260611,BudgetDoS,True,300,1500,1260178,6667.608466,0.073742,0,0.0,0.0,0.0,0.0,0.0,45319.68,0.926258,0,0,1636,242006,0,11,738,5752,151221.36,4192,m14_adaptive_refinement,confirm,heavy_flood,pool320_r1_p90,320,1,90.0,False,60,200,1,20260611,250006.0,0.968001
m14_confirm_pool320_r1_p90_dup60_s20260612,P3-Persist,True,300,1500,3780007,2080.356081,0.706454,0,0.0,0.0,0,0.0,0.0,145494.72,0.293935,17,4983,205,241671,1789,4,35,81,453600.84,6832,m14_adaptive_refinement,confirm,heavy_flood,pool320_r1_p90,320,1,90.0,False,60,200,1,20260612,248969.0,0.970687
m14_confirm_pool320_r1_p90_dup60_s20260612,BudgetDoS,True,300,1500,1260181,6529.435233,0.075039,0,0.0,0.0,0.0,0.0,0.0,44896.32,0.924961,0,0,1637,241671,0,12,742,5773,151221.72,4192,m14_adaptive_refinement,confirm,heavy_flood,pool320_r1_p90,320,1,90.0,False,60,200,1,20260612,249671.0,0.967958
m14_confirm_pool320_r1_p90_dup60_s20260613,P3-Persist,True,300,1500,3780007,2127.184581,0.677469,0,0.0,0.0,0,40.0,88.0,146139.84,0.322913,13,4987,224,242619,1751,6,32,62,453600.84,6832,m14_adaptive_refinement,confirm,heavy_flood,pool320_r1_p90,320,1,90.0,False,60,200,1,20260613,249930.0,0.970748
m14_confirm_pool320_r1_p90_dup60_s20260613,BudgetDoS,True,300,1500,1260197,6087.908213,0.078917,0,0.0,0.0,0.0,0.0,0.0,45541.44,0.921083,0,0,1665,242619,0,10,751,5741,151223.64,4192,m14_adaptive_refinement,confirm,heavy_flood,pool320_r1_p90,320,1,90.0,False,60,200,1,20260613,250619.0,0.968079
m14_confirm_pool320_r1_p90_dup60_s20260614,P3-Persist,True,300,1500,3780008,2251.344848,0.655092,0,0.0,0.0,0,30.0,86.0,146482.56,0.345298,15,4985,264,241696,1650,6,39,69,453600.96,6832,m14_adaptive_refinement,confirm,heavy_flood,pool320_r1_p90,320,1,90.0,False,60,200,1,20260614,249031.0,0.970546
m14_confirm_pool320_r1_p90_dup60_s20260614,BudgetDoS,True,300,1500,1260195,6207.857143,0.079204,0,0.0,0.0,0.0,0.0,0.0,45964.8,0.920796,0,0,1610,241696,0,8,750,5720,151223.4,4192,m14_adaptive_refinement,confirm,heavy_flood,pool320_r1_p90,320,1,90.0,False,60,200,1,20260614,249696.0,0.967961
m14_confirm_pool320_r1_p90_dup60_s20260615,P3-Persist,True,300,1500,3780007,2222.226337,0.679313,0,0,0,0,0.0,0.0,146321.28,0.320687,11,4989,192,241271,1676,7,33,61,453600.84,6832,m14_adaptive_refinement,confirm,heavy_flood,pool320_r1_p90,320,1,90.0,False,60,200,1,20260615,248590.0,0.970558
m14_confirm_pool320_r1_p90_dup60_s20260615,BudgetDoS,True,300,1500,1260193,6238.579208,0.080671,0.0,0.0,0.0,0.0,0.0,0.0,45702.72,0.919329,0,0,1560,241271,0,9,742,5733,151223.16,4192,m14_adaptive_refinement,confirm,heavy_flood,pool320_r1_p90,320,1,90.0,False,60,200,1,20260615,249271.0,0.967906
m14_confirm_pool320_r1_p90_dup60_s20260616,P3-Persist,True,300,1500,3780007,2438.714194,0.62274,0.0,0.0,0.0,0,0.0,0.0,146139.84,0.37726,15,4985,311,241912,1524,4,33,64,453600.84,6832,m14_adaptive_refinement,confirm,heavy_flood,pool320_r1_p90,320,1,90.0,False,60,200,1,20260616,249225.0,0.970657
m14_confirm_pool320_r1_p90_dup60_s20260616,BudgetDoS,True,300,1500,1260197,6177.436275,0.081961,0.0,0.0,0.0,0.0,0.0,0.0,45581.76,0.918039,0,0,1565,241912,0,7,720,5739,151223.64,4192,m14_adaptive_refinement,confirm,heavy_flood,pool320_r1_p90,320,1,90.0,False,60,200,1,20260616,249912.0,0.967989
m14_confirm_pool320_r1_p90_dup60_s20260617,P3-Persist,True,300,1500,3780008,2286.756201,0.665995,0,0.0,0.0,0.0,15.0,83.0,145635.84,0.334811,18,4982,212,242584,1623,4,61,72,453600.96,6832,m14_adaptive_refinement,confirm,heavy_flood,pool320_r1_p90,320,1,90.0,False,60,200,1,20260617,249880.0,0.970802
m14_confirm_pool320_r1_p90_dup60_s20260617,BudgetDoS,True,300,1500,1260189,6462.507692,0.078566,0,0.0,0.0,0.0,0.0,0.0,45158.4,0.921434,0,0,1513,242584,0,6,774,5760,151222.68,4192,m14_adaptive_refinement,confirm,heavy_flood,pool320_r1_p90,320,1,90.0,False,60,200,1,20260617,250584.0,0.968075
m14_confirm_pool320_r1_p90_dup60_s20260618,P3-Persist,True,300,1500,3780007,2353.678082,0.645758,0.0,0.0,0.0,0.0,15.0,83.0,145837.44,0.354644,18,4982,255,241515,1576,5,28,77,453600.84,6832,m14_adaptive_refinement,confirm,heavy_flood,pool320_r1_p90,320,1,90.0,False,60,200,1,20260618,248826.0,0.970618
m14_confirm_pool320_r1_p90_dup60_s20260618,BudgetDoS,True,300,1500,1260190,6300.95,0.080418,0.0,0.0,0.0,0.0,0.0,0.0,45299.52,0.919582,0,0,1548,241515,0,10,739,5753,151222.8,4192,m14_adaptive_refinement,confirm,heavy_flood,pool320_r1_p90,320,1,90.0,False,60,200,1,20260618,249515.0,0.967938
m14_confirm_pool320_r1_p90_dup60_s20260619,P3-Persist,True,300,1500,3780006,2162.474828,0.680685,0.0,0.0,0.0,0,0.0,0.0,146200.32,0.319704,13,4987,241,241252,1722,7,37,70,453600.72,6832,m14_adaptive_refinement,confirm,heavy_flood,pool320_r1_p90,320,1,90.0,False,60,200,1,20260619,248574.0,0.970544
m14_confirm_pool320_r1_p90_dup60_s20260619,BudgetDoS,True,300,1500,1260196,6147.297561,0.079829,0,0.0,0.0,0.0,0.0,0.0,45622.08,0.920171,0,0,1635,241252,0,9,728,5737,151223.52,4192,m14_adaptive_refinement,confirm,heavy_flood,pool320_r1_p90,320,1,90.0,False,60,200,1,20260619,249252.0,0.967904
m14_confirm_pool320_r1_p90_dup60_s20260620,P3-Persist,True,300,1500,3780006,2337.666048,0.635863,0,0.0,0.0,0,20.0,84.0,146361.6,0.364923,17,4983,323,242520,1582,12,45,58,453600.72,6832,m14_adaptive_refinement,confirm,heavy_flood,pool320_r1_p90,320,1,90.0,False,60,200,1,20260620,249838.0,0.970709
m14_confirm_pool320_r1_p90_dup60_s20260620,BudgetDoS,True,300,1500,1260195,6029.641148,0.082186,0,0.0,0.0,0.0,0.0,0.0,45864.0,0.917814,0,0,1578,242520,0,14,756,5725,151223.4,4192,m14_adaptive_refinement,confirm,heavy_flood,pool320_r1_p90,320,1,90.0,False,60,200,1,20260620,250520.0,0.968066
m14_confirm_pool320_r1_p90_dup60_s20260621,P3-Persist,True,300,1500,3780007,2235.36783,0.662877,0,0.0,0.0,0,100.0,100.0,146180.16,0.338691,15,4985,241,242235,1660,9,28,74,453600.84,6832,m14_adaptive_refinement,confirm,heavy_flood,pool320_r1_p90,320,1,90.0,False,60,200,1,20260621,249560.0,0.970648
m14_confirm_pool320_r1_p90_dup60_s20260621,BudgetDoS,True,300,1500,1260183,6495.78866,0.076049,0.0,0.0,0.0,0.0,0.0,0.0,45642.24,0.923951,0,0,1575,242235,0,11,782,5736,151221.96,4192,m14_adaptive_refinement,confirm,heavy_flood,pool320_r1_p90,320,1,90.0,False,60,200,1,20260621,250235.0,0.96803
m14_confirm_pool320_r1_p90_dup60_s20260622,P3-Persist,True,300,1500,3780007,2151.398406,0.696117,0,0.0,0.0,0.0,55.0,91.0,146764.8,0.304279,10,4990,202,241665,1733,7,29,66,453600.84,6832,m14_adaptive_refinement,confirm,heavy_flood,pool320_r1_p90,320,1,90.0,False,60,200,1,20260622,249011.0,0.970499
m14_confirm_pool320_r1_p90_dup60_s20260622,BudgetDoS,True,300,1500,1260192,6332.623116,0.078843,0,0.0,0.0,0.0,0.0,0.0,46166.4,0.921157,0,0,1615,241665,0,7,710,5710,151223.04,4192,m14_adaptive_refinement,confirm,heavy_flood,pool320_r1_p90,320,1,90.0,False,60,200,1,20260622,249665.0,0.967957
m14_confirm_pool320_r1_p90_dup60_s20260623,P3-Persist,True,300,1500,3780007,2157.538242,0.680124,0.0,0.0,0.0,0.0,0.0,0.0,147006.72,0.319876,8,4992,228,242266,1729,8,47,52,453600.84,6832,m14_adaptive_refinement,confirm,heavy_flood,pool320_r1_p90,320,1,90.0,False,60,200,1,20260623,249610.0,0.970578
m14_confirm_pool320_r1_p90_dup60_s20260623,BudgetDoS,True,300,1500,1260193,6238.579208,0.078416,0.0,0.0,0.0,0.0,0.0,0.0,46347.84,0.921584,0,0,1630,242266,0,9,744,5701,151223.16,4192,m14_adaptive_refinement,confirm,heavy_flood,pool320_r1_p90,320,1,90.0,False,60,200,1,20260623,250266.0,0.968034
m14_confirm_pool320_r1_p90_dup60_s20260624,P3-Persist,True,300,1500,3780008,2109.379464,0.690027,0.0,0.0,0.0,0,100.0,100.0,146039.04,0.310743,15,4985,225,242057,1757,12,43,63,453600.96,6832,m14_adaptive_refinement,confirm,heavy_flood,pool320_r1_p90,320,1,90.0,False,60,200,1,20260624,249364.0,0.970697
m14_confirm_pool320_r1_p90_dup60_s20260624,BudgetDoS,True,300,1500,1260192,6147.278049,0.078937,0,0.0,0.0,0.0,0.0,0.0,45521.28,0.921063,0,0,1648,242057,0,13,744,5742,151223.04,4192,m14_adaptive_refinement,confirm,heavy_flood,pool320_r1_p90,320,1,90.0,False,60,200,1,20260624,250057.0,0.968007
m14_confirm_pool320_r1_p90_dup60_s20260625,P3-Persist,True,300,1500,3780007,2103.509738,0.690888,0,0.0,0.0,0,0.0,0.0,146039.04,0.309112,15,4985,231,242214,1769,6,35,67,453600.84,6832,m14_adaptive_refinement,confirm,heavy_flood,pool320_r1_p90,320,1,90.0,False,60,200,1,20260625,249525.0,0.9707
m14_confirm_pool320_r1_p90_dup60_s20260625,BudgetDoS,True,300,1500,1260195,6269.626866,0.077278,0,0,0,0.0,0.0,0.0,45541.44,0.922722,0,0,1636,242214,0,6,764,5741,151223.4,4192,m14_adaptive_refinement,confirm,heavy_flood,pool320_r1_p90,320,1,90.0,False,60,200,1,20260625,250214.0,0.968027
m14_confirm_pool320_r1_p90_dup60_s20260626,P3-Persist,True,300,1500,3780007,2317.600858,0.631436,0,0.0,0.0,0.0,0.0,0.0,146563.2,0.368564,6,4994,305,241519,1608,10,45,62,453600.84,6832,m14_adaptive_refinement,confirm,heavy_flood,pool320_r1_p90,320,1,90.0,False,60,200,1,20260626,248851.0,0.970537
m14_confirm_pool320_r1_p90_dup60_s20260626,BudgetDoS,True,300,1500,1260200,6000.952381,0.081301,0.0,0.0,0.0,0.0,0.0,0.0,45884.16,0.918699,0,0,1613,241519,0,10,760,5724,151224.0,4192,m14_adaptive_refinement,confirm,heavy_flood,pool320_r1_p90,320,1,90.0,False,60,200,1,20260626,249519.0,0.967938
m14_confirm_pool320_r1_p90_dup60_s20260627,P3-Persist,True,300,1500,3780007,2080.356081,0.70618,0,0.0,0.0,0.0,45.0,89.0,146341.44,0.294209,12,4988,155,242581,1790,8,38,71,453600.84,6832,m14_adaptive_refinement,confirm,heavy_flood,pool320_r1_p90,320,1,90.0,False,60,200,1,20260627,249911.0,0.97067
m14_confirm_pool320_r1_p90_dup60_s20260627,BudgetDoS,True,300,1500,1260185,6269.577114,0.078119,0,0,0,0.0,0.0,0.0,45662.4,0.921881,0,0,1601,242581,0,16,771,5735,151222.2,4192,m14_adaptive_refinement,confirm,heavy_flood,pool320_r1_p90,320,1,90.0,False,60,200,1,20260627,250581.0,0.968074
m14_confirm_pool320_r1_p90_dup60_s20260628,P3-Persist,True,300,1500,3780007,2270.274474,0.66414,0,0.0,0.0,0.0,25.0,85.0,146643.84,0.337056,16,4984,255,242172,1634,8,66,83,453600.84,6832,m14_adaptive_refinement,confirm,heavy_flood,pool320_r1_p90,320,1,90.0,False,60,200,1,20260628,249529.0,0.970516
m14_confirm_pool320_r1_p90_dup60_s20260628,BudgetDoS,True,300,1500,1260184,6462.482051,0.077782,0,0.0,0.0,0.0,0.0,0.0,46105.92,0.922218,0,0,1573,242172,0,11,739,5713,151222.08,4192,m14_adaptive_refinement,confirm,heavy_flood,pool320_r1_p90,320,1,90.0,False,60,200,1,20260628,250172.0,0.968022
m14_confirm_pool320_r1_p90_dup60_s20260629,P3-Persist,True,300,1500,3780007,2146.511641,0.691402,0,0,0.0,0.0,0.0,0.0,146079.36,0.308598,22,4978,194,241107,1723,9,42,79,453600.84,6832,m14_adaptive_refinement,confirm,heavy_flood,pool320_r1_p90,320,1,90.0,False,60,200,1,20260629,248432.0,0.970515
m14_confirm_pool320_r1_p90_dup60_s20260629,BudgetDoS,True,300,1500,1260194,6207.852217,0.079702,0,0.0,0.0,0.0,0.0,0.0,45722.88,0.920298,0,0,1596,241107,0,9,748,5732,151223.28,4192,m14_adaptive_refinement,confirm,heavy_flood,pool320_r1_p90,320,1,90.0,False,60,200,1,20260629,249107.0,0.967885
