run_id,method,paired_trace_id,identity_label_for_scoring,event_id,rpa_value,action,aes_attempts,deferred,delay_ms,admission_path
m12_medium_flood_dup0_s20260625_nonbonded,P3-Persist,m12_medium_flood_dup0_s20260625,nonbonded,7241,PRIVPROBE:0,host_scan,504,False,0,host_scan
m12_medium_flood_dup0_s20260625_nonbonded,P3-Persist,m12_medium_flood_dup0_s20260625,nonbonded,7351,PRIVPROBE:0,host_scan,504,False,0,reserve
m12_medium_flood_dup0_s20260625_nonbonded,P3-Persist,m12_medium_flood_dup0_s20260625,nonbonded,7491,PRIVPROBE:0,host_scan,504,False,0,reserve
m12_medium_flood_dup0_s20260625_nonbonded,P3-Persist,m12_medium_flood_dup0_s20260625,nonbonded,7615,PRIVPROBE:0,host_scan,504,False,0,reserve
m12_medium_flood_dup0_s20260625_nonbonded,P3-Persist,m12_medium_flood_dup0_s20260625,nonbonded,7717,PRIVPROBE:0,host_scan,504,False,0,reserve
m12_medium_flood_dup0_s20260625_nonbonded,P3-Persist,m12_medium_flood_dup0_s20260625,nonbonded,7862,PRIVPROBE:0,host_scan,504,False,0,reserve
m12_medium_flood_dup0_s20260625_nonbonded,P3-Persist,m12_medium_flood_dup0_s20260625,nonbonded,7995,PRIVPROBE:0,host_scan,504,False,0,reserve
m12_medium_flood_dup0_s20260625_nonbonded,P3-Persist,m12_medium_flood_dup0_s20260625,nonbonded,8128,PRIVPROBE:0,host_scan,504,False,0,reserve
m12_medium_flood_dup0_s20260625_nonbonded,P3-Persist,m12_medium_flood_dup0_s20260625,nonbonded,8242,PRIVPROBE:0,host_scan,504,False,0,reserve
m12_medium_flood_dup0_s20260625_nonbonded,P3-Persist,m12_medium_flood_dup0_s20260625,nonbonded,8343,PRIVPROBE:0,host_scan,504,False,0,reserve
m12_medium_flood_dup0_s20260625_nonbonded,P3-Persist,m12_medium_flood_dup0_s20260625,nonbonded,8464,PRIVPROBE:0,host_scan,504,False,0,reserve
m12_medium_flood_dup0_s20260625_nonbonded,P3-Persist,m12_medium_flood_dup0_s20260625,nonbonded,8587,PRIVPROBE:0,host_scan,504,False,0,reserve
m12_medium_flood_dup0_s20260625_nonbonded,P3-Persist,m12_medium_flood_dup0_s20260625,nonbonded,8729,PRIVPROBE:0,host_scan,504,False,0,host_scan
m12_medium_flood_dup0_s20260625_nonbonded,P3-Persist,m12_medium_flood_dup0_s20260625,nonbonded,8855,PRIVPROBE:0,host_scan,504,False,0,reserve
m12_medium_flood_dup0_s20260625_nonbonded,P3-Persist,m12_medium_flood_dup0_s20260625,nonbonded,9001,PRIVPROBE:0,host_scan,504,False,0,reserve
m12_medium_flood_dup0_s20260625_nonbonded,P3-Persist,m12_medium_flood_dup0_s20260625,nonbonded,9118,PRIVPROBE:0,host_scan,504,False,0,reserve
m12_medium_flood_dup0_s20260625_nonbonded,P3-Persist,m12_medium_flood_dup0_s20260625,nonbonded,9241,PRIVPROBE:0,host_scan,504,False,0,reserve
m12_medium_flood_dup0_s20260625_nonbonded,P3-Persist,m12_medium_flood_dup0_s20260625,nonbonded,9379,PRIVPROBE:0,host_scan,504,False,0,reserve
m12_medium_flood_dup0_s20260625_nonbonded,P3-Persist,m12_medium_flood_dup0_s20260625,nonbonded,9516,PRIVPROBE:0,host_scan,504,False,0,reserve
m12_medium_flood_dup0_s20260625_nonbonded,P3-Persist,m12_medium_flood_dup0_s20260625,nonbonded,9646,PRIVPROBE:0,host_scan,504,False,0,reserve
m12_medium_flood_dup0_s20260625_nonbonded,P3-Persist,m12_medium_flood_dup0_s20260625,nonbonded,9759,PRIVPROBE:0,host_scan,504,False,0,reserve
m12_medium_flood_dup0_s20260625_nonbonded,P3-Persist,m12_medium_flood_dup0_s20260625,nonbonded,9880,PRIVPROBE:0,host_scan,504,False,0,reserve
m12_medium_flood_dup0_s20260625_nonbonded,P3-Persist,m12_medium_flood_dup0_s20260625,nonbonded,9998,PRIVPROBE:0,host_scan,504,False,0,reserve
m12_medium_flood_dup0_s20260625_nonbonded,P3-Persist,m12_medium_flood_dup0_s20260625,nonbonded,10112,PRIVPROBE:0,host_scan,504,False,0,reserve
m12_medium_flood_dup0_s20260625_nonbonded,P3-Persist,m12_medium_flood_dup0_s20260625,nonbonded,10241,PRIVPROBE:0,host_scan,504,False,0,host_scan
m12_medium_flood_dup0_s20260625_nonbonded,P3-Persist,m12_medium_flood_dup0_s20260625,nonbonded,10340,PRIVPROBE:0,host_scan,504,False,0,reserve
m12_medium_flood_dup0_s20260625_nonbonded,P3-Persist,m12_medium_flood_dup0_s20260625,nonbonded,10458,PRIVPROBE:0,host_scan,504,False,0,reserve
m12_medium_flood_dup0_s20260625_nonbonded,P3-Persist,m12_medium_flood_dup0_s20260625,nonbonded,10578,PRIVPROBE:0,host_scan,504,False,0,reserve
m12_medium_flood_dup0_s20260625_nonbonded,P3-Persist,m12_medium_flood_dup0_s20260625,nonbonded,10711,PRIVPROBE:0,host_scan,504,False,0,reserve
m12_medium_flood_dup0_s20260625_nonbonded,P3-Persist,m12_medium_flood_dup0_s20260625,nonbonded,10856,PRIVPROBE:0,host_scan,504,False,0,reserve
m12_medium_flood_dup0_s20260625_nonbonded,P3-Persist,m12_medium_flood_dup0_s20260625,nonbonded,10985,PRIVPROBE:0,host_scan,504,False,0,reserve
m12_medium_flood_dup0_s20260625_nonbonded,P3-Persist,m12_medium_flood_dup0_s20260625,nonbonded,11124,PRIVPROBE:0,host_scan,504,False,0,reserve
m12_medium_flood_dup0_s20260625_nonbonded,P3-Persist,m12_medium_flood_dup0_s20260625,nonbonded,11254,PRIVPROBE:0,host_scan,504,False,0,reserve
m12_medium_flood_dup0_s20260625_nonbonded,P3-Persist,m12_medium_flood_dup0_s20260625,nonbonded,11385,PRIVPROBE:0,host_scan,504,False,0,reserve
m12_medium_flood_dup0_s20260625_nonbonded,P3-Persist,m12_medium_flood_dup0_s20260625,nonbonded,11516,PRIVPROBE:0,host_scan,504,False,0,reserve
m12_medium_flood_dup0_s20260625_nonbonded,P3-Persist,m12_medium_flood_dup0_s20260625,nonbonded,11640,PRIVPROBE:0,host_scan,504,False,0,reserve
m12_medium_flood_dup0_s20260625_nonbonded,P3-Persist,m12_medium_flood_dup0_s20260625,nonbonded,11782,PRIVPROBE:0,host_scan,504,False,0,host_scan
m12_medium_flood_dup0_s20260625_nonbonded,P3-Persist,m12_medium_flood_dup0_s20260625,nonbonded,11885,PRIVPROBE:0,host_scan,504,False,0,reserve
m12_medium_flood_dup0_s20260625_nonbonded,P3-Persist,m12_medium_flood_dup0_s20260625,nonbonded,12002,PRIVPROBE:0,host_scan,504,False,0,reserve
m12_medium_flood_dup0_s20260625_nonbonded,P3-Persist,m12_medium_flood_dup0_s20260625,nonbonded,12110,PRIVPROBE:0,host_scan,504,False,0,reserve
m12_medium_flood_dup0_s20260625_nonbonded,P3-Persist,m12_medium_flood_dup0_s20260625,nonbonded,12229,PRIVPROBE:0,host_scan,504,False,0,reserve
m12_medium_flood_dup0_s20260625_nonbonded,P3-Persist,m12_medium_flood_dup0_s20260625,nonbonded,12363,PRIVPROBE:0,host_scan,504,False,0,reserve
m12_medium_flood_dup0_s20260625_nonbonded,P3-Persist,m12_medium_flood_dup0_s20260625,nonbonded,12487,PRIVPROBE:0,host_scan,504,False,0,reserve
m12_medium_flood_dup0_s20260625_nonbonded,P3-Persist,m12_medium_flood_dup0_s20260625,nonbonded,12622,PRIVPROBE:0,host_scan,504,False,0,reserve
m12_medium_flood_dup0_s20260625_nonbonded,P3-Persist,m12_medium_flood_dup0_s20260625,nonbonded,12740,PRIVPROBE:0,host_scan,504,False,0,reserve
m12_medium_flood_dup0_s20260625_nonbonded,P3-Persist,m12_medium_flood_dup0_s20260625,nonbonded,12860,PRIVPROBE:0,host_scan,504,False,0,reserve
m12_medium_flood_dup0_s20260625_nonbonded,P3-Persist,m12_medium_flood_dup0_s20260625,nonbonded,12992,PRIVPROBE:0,host_scan,504,False,0,reserve
m12_medium_flood_dup0_s20260625_nonbonded,P3-Persist,m12_medium_flood_dup0_s20260625,nonbonded,13105,PRIVPROBE:0,host_scan,504,False,0,reserve
m12_medium_flood_dup0_s20260625_nonbonded,P3-Persist,m12_medium_flood_dup0_s20260625,nonbonded,13208,PRIVPROBE:0,host_scan,504,False,0,host_scan
m12_medium_flood_dup0_s20260625_nonbonded,P3-Persist,m12_medium_flood_dup0_s20260625,nonbonded,13336,PRIVPROBE:0,host_scan,504,False,0,reserve
m12_medium_flood_dup0_s20260625_nonbonded,P3-Persist,m12_medium_flood_dup0_s20260625,nonbonded,13486,PRIVPROBE:0,host_scan,504,False,0,reserve
m12_medium_flood_dup0_s20260625_nonbonded,P3-Persist,m12_medium_flood_dup0_s20260625,nonbonded,13601,PRIVPROBE:0,host_scan,504,False,0,reserve
m12_medium_flood_dup0_s20260625_nonbonded,P3-Persist,m12_medium_flood_dup0_s20260625,nonbonded,13714,PRIVPROBE:0,host_scan,504,False,0,reserve
m12_medium_flood_dup0_s20260625_nonbonded,P3-Persist,m12_medium_flood_dup0_s20260625,nonbonded,13838,PRIVPROBE:0,host_scan,504,False,0,reserve
m12_medium_flood_dup0_s20260625_nonbonded,P3-Persist,m12_medium_flood_dup0_s20260625,nonbonded,13968,PRIVPROBE:0,host_scan,504,False,0,reserve
m12_medium_flood_dup0_s20260625_nonbonded,P3-Persist,m12_medium_flood_dup0_s20260625,nonbonded,14111,PRIVPROBE:0,host_scan,504,False,0,reserve
m12_medium_flood_dup0_s20260625_nonbonded,P3-Persist,m12_medium_flood_dup0_s20260625,nonbonded,14244,PRIVPROBE:0,host_scan,504,False,0,reserve
m12_medium_flood_dup0_s20260625_nonbonded,P3-Persist,m12_medium_flood_dup0_s20260625,nonbonded,14366,PRIVPROBE:0,host_scan,504,False,0,reserve
m12_medium_flood_dup0_s20260625_nonbonded,P3-Persist,m12_medium_flood_dup0_s20260625,nonbonded,14494,PRIVPROBE:0,host_scan,504,False,0,reserve
m12_medium_flood_dup0_s20260625_nonbonded,P3-Persist,m12_medium_flood_dup0_s20260625,nonbonded,14599,PRIVPROBE:0,host_scan,504,False,0,reserve
m12_medium_flood_dup0_s20260625_nonbonded,P3-Persist,m12_medium_flood_dup0_s20260625,nonbonded,14732,PRIVPROBE:0,host_scan,504,False,0,host_scan
m12_medium_flood_dup0_s20260625_nonbonded,P3-Persist,m12_medium_flood_dup0_s20260625,nonbonded,14845,PRIVPROBE:0,host_scan,504,False,0,reserve
m12_medium_flood_dup0_s20260625_nonbonded,P3-Persist,m12_medium_flood_dup0_s20260625,nonbonded,14985,PRIVPROBE:0,host_scan,504,False,0,reserve
m12_medium_flood_dup0_s20260625_nonbonded,P3-Persist,m12_medium_flood_dup0_s20260625,nonbonded,15101,PRIVPROBE:0,host_scan,504,False,0,reserve
m12_medium_flood_dup0_s20260625_nonbonded,P3-Persist,m12_medium_flood_dup0_s20260625,nonbonded,15224,PRIVPROBE:0,host_scan,504,False,0,reserve
m12_medium_flood_dup0_s20260625_nonbonded,P3-Persist,m12_medium_flood_dup0_s20260625,nonbonded,15333,PRIVPROBE:0,host_scan,504,False,0,reserve
m12_medium_flood_dup0_s20260625_nonbonded,P3-Persist,m12_medium_flood_dup0_s20260625,nonbonded,15449,PRIVPROBE:0,host_scan,504,False,0,reserve
m12_medium_flood_dup0_s20260625_nonbonded,P3-Persist,m12_medium_flood_dup0_s20260625,nonbonded,15571,PRIVPROBE:0,host_scan,504,False,0,reserve
m12_medium_flood_dup0_s20260625_nonbonded,P3-Persist,m12_medium_flood_dup0_s20260625,nonbonded,15676,PRIVPROBE:0,host_scan,504,False,0,reserve
m12_medium_flood_dup0_s20260625_nonbonded,P3-Persist,m12_medium_flood_dup0_s20260625,nonbonded,15803,PRIVPROBE:0,host_scan,504,False,0,reserve
m12_medium_flood_dup0_s20260625_nonbonded,P3-Persist,m12_medium_flood_dup0_s20260625,nonbonded,15923,PRIVPROBE:0,host_scan,504,False,0,reserve
m12_medium_flood_dup0_s20260625_nonbonded,P3-Persist,m12_medium_flood_dup0_s20260625,nonbonded,16059,PRIVPROBE:0,host_scan,504,False,0,reserve
m12_medium_flood_dup0_s20260625_nonbonded,P3-Persist,m12_medium_flood_dup0_s20260625,nonbonded,16185,PRIVPROBE:0,host_scan,504,False,0,host_scan
m12_medium_flood_dup0_s20260625_nonbonded,P3-Persist,m12_medium_flood_dup0_s20260625,nonbonded,16318,PRIVPROBE:0,host_scan,504,False,0,reserve
m12_medium_flood_dup0_s20260625_nonbonded,P3-Persist,m12_medium_flood_dup0_s20260625,nonbonded,16431,PRIVPROBE:0,host_scan,504,False,0,reserve
m12_medium_flood_dup0_s20260625_nonbonded,P3-Persist,m12_medium_flood_dup0_s20260625,nonbonded,16567,PRIVPROBE:0,host_scan,504,False,0,reserve
m12_medium_flood_dup0_s20260625_nonbonded,P3-Persist,m12_medium_flood_dup0_s20260625,nonbonded,16671,PRIVPROBE:0,host_scan,504,False,0,reserve
m12_medium_flood_dup0_s20260625_nonbonded,P3-Persist,m12_medium_flood_dup0_s20260625,nonbonded,16768,PRIVPROBE:0,host_scan,504,False,0,reserve
m12_medium_flood_dup0_s20260625_nonbonded,P3-Persist,m12_medium_flood_dup0_s20260625,nonbonded,16871,PRIVPROBE:0,host_scan,504,False,0,reserve
m12_medium_flood_dup0_s20260625_nonbonded,P3-Persist,m12_medium_flood_dup0_s20260625,nonbonded,16993,PRIVPROBE:0,host_scan,504,False,0,reserve
m12_medium_flood_dup0_s20260625_nonbonded,P3-Persist,m12_medium_flood_dup0_s20260625,nonbonded,17122,PRIVPROBE:0,host_scan,504,False,0,reserve
m12_medium_flood_dup0_s20260625_nonbonded,P3-Persist,m12_medium_flood_dup0_s20260625,nonbonded,17246,PRIVPROBE:0,host_scan,504,False,0,reserve
m12_medium_flood_dup0_s20260625_nonbonded,P3-Persist,m12_medium_flood_dup0_s20260625,nonbonded,17368,PRIVPROBE:0,host_scan,504,False,0,reserve
m12_medium_flood_dup0_s20260625_nonbonded,P3-Persist,m12_medium_flood_dup0_s20260625,nonbonded,17511,PRIVPROBE:0,host_scan,504,False,0,reserve
m12_medium_flood_dup0_s20260625_nonbonded,P3-Persist,m12_medium_flood_dup0_s20260625,nonbonded,17635,PRIVPROBE:0,host_scan,504,False,0,host_scan
m12_medium_flood_dup0_s20260625_nonbonded,P3-Persist,m12_medium_flood_dup0_s20260625,nonbonded,17763,PRIVPROBE:0,host_scan,504,False,0,reserve
m12_medium_flood_dup0_s20260625_nonbonded,P3-Persist,m12_medium_flood_dup0_s20260625,nonbonded,17900,PRIVPROBE:0,host_scan,504,False,0,reserve
m12_medium_flood_dup0_s20260625_nonbonded,P3-Persist,m12_medium_flood_dup0_s20260625,nonbonded,18017,PRIVPROBE:0,host_scan,504,False,0,reserve
m12_medium_flood_dup0_s20260625_nonbonded,P3-Persist,m12_medium_flood_dup0_s20260625,nonbonded,18145,PRIVPROBE:0,host_scan,504,False,0,reserve
m12_medium_flood_dup0_s20260625_nonbonded,P3-Persist,m12_medium_flood_dup0_s20260625,nonbonded,18304,PRIVPROBE:0,host_scan,504,False,0,reserve
m12_medium_flood_dup0_s20260625_nonbonded,P3-Persist,m12_medium_flood_dup0_s20260625,nonbonded,18432,PRIVPROBE:0,host_scan,504,False,0,reserve
m12_medium_flood_dup0_s20260625_nonbonded,P3-Persist,m12_medium_flood_dup0_s20260625,nonbonded,18543,PRIVPROBE:0,host_scan,504,False,0,reserve
m12_medium_flood_dup0_s20260625_nonbonded,P3-Persist,m12_medium_flood_dup0_s20260625,nonbonded,18669,PRIVPROBE:0,host_scan,504,False,0,reserve
m12_medium_flood_dup0_s20260625_nonbonded,P3-Persist,m12_medium_flood_dup0_s20260625,nonbonded,18793,PRIVPROBE:0,host_scan,504,False,0,reserve
m12_medium_flood_dup0_s20260625_nonbonded,P3-Persist,m12_medium_flood_dup0_s20260625,nonbonded,18913,PRIVPROBE:0,host_scan,504,False,0,reserve
m12_medium_flood_dup0_s20260625_nonbonded,P3-Persist,m12_medium_flood_dup0_s20260625,nonbonded,19025,PRIVPROBE:0,host_scan,504,False,0,reserve
m12_medium_flood_dup0_s20260625_nonbonded,P3-Persist,m12_medium_flood_dup0_s20260625,nonbonded,19150,PRIVPROBE:0,host_scan,504,False,0,host_scan
m12_medium_flood_dup0_s20260625_nonbonded,P3-Persist,m12_medium_flood_dup0_s20260625,nonbonded,19278,PRIVPROBE:0,host_scan,504,False,0,reserve
m12_medium_flood_dup0_s20260625_nonbonded,P3-Persist,m12_medium_flood_dup0_s20260625,nonbonded,19395,PRIVPROBE:0,host_scan,504,False,0,reserve
m12_medium_flood_dup0_s20260625_nonbonded,P3-Persist,m12_medium_flood_dup0_s20260625,nonbonded,19520,PRIVPROBE:0,host_scan,504,False,0,reserve
m12_medium_flood_dup0_s20260625_nonbonded,P3-Persist,m12_medium_flood_dup0_s20260625,nonbonded,19654,PRIVPROBE:0,host_scan,504,False,0,reserve
m12_medium_flood_dup0_s20260625_nonbonded,P3-Persist,m12_medium_flood_dup0_s20260625,nonbonded,19775,PRIVPROBE:0,host_scan,504,False,0,reserve
m12_medium_flood_dup0_s20260625_nonbonded,P3-Persist,m12_medium_flood_dup0_s20260625,nonbonded,19900,PRIVPROBE:0,host_scan,504,False,0,reserve
m12_medium_flood_dup0_s20260625_nonbonded,P3-Persist,m12_medium_flood_dup0_s20260625,nonbonded,20035,PRIVPROBE:0,host_scan,504,False,0,reserve
m12_medium_flood_dup0_s20260625_nonbonded,P3-Persist,m12_medium_flood_dup0_s20260625,nonbonded,20166,PRIVPROBE:0,host_scan,504,False,0,reserve
m12_medium_flood_dup0_s20260625_nonbonded,P3-Persist,m12_medium_flood_dup0_s20260625,nonbonded,20310,PRIVPROBE:0,host_scan,504,False,0,reserve
m12_medium_flood_dup0_s20260625_nonbonded,P3-Persist,m12_medium_flood_dup0_s20260625,nonbonded,20433,PRIVPROBE:0,host_scan,504,False,0,reserve
m12_medium_flood_dup0_s20260625_nonbonded,P3-Persist,m12_medium_flood_dup0_s20260625,nonbonded,20566,PRIVPROBE:0,host_scan,504,False,0,reserve
m12_medium_flood_dup0_s20260625_nonbonded,P3-Persist,m12_medium_flood_dup0_s20260625,nonbonded,20692,PRIVPROBE:0,host_scan,504,False,0,host_scan
m12_medium_flood_dup0_s20260625_nonbonded,P3-Persist,m12_medium_flood_dup0_s20260625,nonbonded,20817,PRIVPROBE:0,host_scan,504,False,0,reserve
m12_medium_flood_dup0_s20260625_nonbonded,P3-Persist,m12_medium_flood_dup0_s20260625,nonbonded,20950,PRIVPROBE:0,host_scan,504,False,0,reserve
m12_medium_flood_dup0_s20260625_nonbonded,P3-Persist,m12_medium_flood_dup0_s20260625,nonbonded,21070,PRIVPROBE:0,host_scan,504,False,0,reserve
m12_medium_flood_dup0_s20260625_nonbonded,P3-Persist,m12_medium_flood_dup0_s20260625,nonbonded,21189,PRIVPROBE:0,host_scan,504,False,0,reserve
m12_medium_flood_dup0_s20260625_nonbonded,P3-Persist,m12_medium_flood_dup0_s20260625,nonbonded,21297,PRIVPROBE:0,host_scan,504,False,0,reserve
m12_medium_flood_dup0_s20260625_nonbonded,P3-Persist,m12_medium_flood_dup0_s20260625,nonbonded,21439,PRIVPROBE:0,host_scan,504,False,0,reserve
m12_medium_flood_dup0_s20260625_nonbonded,P3-Persist,m12_medium_flood_dup0_s20260625,nonbonded,21561,PRIVPROBE:0,host_scan,504,False,0,reserve
m12_medium_flood_dup0_s20260625_nonbonded,P3-Persist,m12_medium_flood_dup0_s20260625,nonbonded,21678,PRIVPROBE:0,host_scan,504,False,0,reserve
m12_medium_flood_dup0_s20260625_nonbonded,P3-Persist,m12_medium_flood_dup0_s20260625,nonbonded,21831,PRIVPROBE:0,host_scan,504,False,0,reserve
m12_medium_flood_dup0_s20260625_nonbonded,P3-Persist,m12_medium_flood_dup0_s20260625,nonbonded,21941,PRIVPROBE:0,host_scan,504,False,0,reserve
m12_medium_flood_dup0_s20260625_nonbonded,P3-Persist,m12_medium_flood_dup0_s20260625,nonbonded,22053,PRIVPROBE:0,host_scan,504,False,0,reserve
m12_medium_flood_dup0_s20260625_nonbonded,P3-Persist,m12_medium_flood_dup0_s20260625,nonbonded,22180,PRIVPROBE:1,host_scan,504,False,0,host_scan
m12_medium_flood_dup0_s20260625_nonbonded,P3-Persist,m12_medium_flood_dup0_s20260625,nonbonded,22302,PRIVPROBE:1,defer,0,True,1000,defer
m12_medium_flood_dup0_s20260625_nonbonded,P3-Persist,m12_medium_flood_dup0_s20260625,nonbonded,22415,PRIVPROBE:1,host_scan,504,False,0,reserve
m12_medium_flood_dup0_s20260625_nonbonded,P3-Persist,m12_medium_flood_dup0_s20260625,nonbonded,22548,PRIVPROBE:1,host_scan,504,False,0,reserve
m12_medium_flood_dup0_s20260625_nonbonded,P3-Persist,m12_medium_flood_dup0_s20260625,nonbonded,22680,PRIVPROBE:1,host_scan,504,False,0,reserve
m12_medium_flood_dup0_s20260625_nonbonded,P3-Persist,m12_medium_flood_dup0_s20260625,nonbonded,22805,PRIVPROBE:1,host_scan,504,False,0,reserve
m12_medium_flood_dup0_s20260625_nonbonded,P3-Persist,m12_medium_flood_dup0_s20260625,nonbonded,22910,PRIVPROBE:1,host_scan,504,False,0,reserve
m12_medium_flood_dup0_s20260625_nonbonded,P3-Persist,m12_medium_flood_dup0_s20260625,nonbonded,23015,PRIVPROBE:1,host_scan,504,False,0,reserve
m12_medium_flood_dup0_s20260625_nonbonded,P3-Persist,m12_medium_flood_dup0_s20260625,nonbonded,23112,PRIVPROBE:1,host_scan,504,False,0,reserve
m12_medium_flood_dup0_s20260625_nonbonded,P3-Persist,m12_medium_flood_dup0_s20260625,nonbonded,23231,PRIVPROBE:1,host_scan,504,False,0,reserve
m12_medium_flood_dup0_s20260625_nonbonded,P3-Persist,m12_medium_flood_dup0_s20260625,nonbonded,23382,PRIVPROBE:1,host_scan,504,False,0,reserve
m12_medium_flood_dup0_s20260625_nonbonded,P3-Persist,m12_medium_flood_dup0_s20260625,nonbonded,23515,PRIVPROBE:1,host_scan,504,False,0,reserve
m12_medium_flood_dup0_s20260625_nonbonded,P3-Persist,m12_medium_flood_dup0_s20260625,nonbonded,23659,PRIVPROBE:1,host_scan,504,False,0,host_scan
m12_medium_flood_dup0_s20260625_nonbonded,P3-Persist,m12_medium_flood_dup0_s20260625,nonbonded,23787,PRIVPROBE:1,host_scan,504,False,0,reserve
m12_medium_flood_dup0_s20260625_nonbonded,P3-Persist,m12_medium_flood_dup0_s20260625,nonbonded,23911,PRIVPROBE:1,host_scan,504,False,0,reserve
m12_medium_flood_dup0_s20260625_nonbonded,P3-Persist,m12_medium_flood_dup0_s20260625,nonbonded,24050,PRIVPROBE:1,host_scan,504,False,0,reserve
m12_medium_flood_dup0_s20260625_nonbonded,P3-Persist,m12_medium_flood_dup0_s20260625,nonbonded,24207,PRIVPROBE:1,host_scan,504,False,0,reserve
m12_medium_flood_dup0_s20260625_nonbonded,P3-Persist,m12_medium_flood_dup0_s20260625,nonbonded,24317,PRIVPROBE:1,host_scan,504,False,0,reserve
m12_medium_flood_dup0_s20260625_nonbonded,P3-Persist,m12_medium_flood_dup0_s20260625,nonbonded,24435,PRIVPROBE:1,host_scan,504,False,0,reserve
m12_medium_flood_dup0_s20260625_nonbonded,P3-Persist,m12_medium_flood_dup0_s20260625,nonbonded,24552,PRIVPROBE:1,host_scan,504,False,0,reserve
m12_medium_flood_dup0_s20260625_nonbonded,P3-Persist,m12_medium_flood_dup0_s20260625,nonbonded,24662,PRIVPROBE:1,host_scan,504,False,0,reserve
m12_medium_flood_dup0_s20260625_nonbonded,P3-Persist,m12_medium_flood_dup0_s20260625,nonbonded,24806,PRIVPROBE:1,host_scan,504,False,0,reserve
m12_medium_flood_dup0_s20260625_nonbonded,P3-Persist,m12_medium_flood_dup0_s20260625,nonbonded,24936,PRIVPROBE:1,host_scan,504,False,0,reserve
m12_medium_flood_dup0_s20260625_nonbonded,P3-Persist,m12_medium_flood_dup0_s20260625,nonbonded,25076,PRIVPROBE:1,host_scan,504,False,0,reserve
m12_medium_flood_dup0_s20260625_nonbonded,P3-Persist,m12_medium_flood_dup0_s20260625,nonbonded,25209,PRIVPROBE:1,host_scan,504,False,0,host_scan
m12_medium_flood_dup0_s20260625_nonbonded,P3-Persist,m12_medium_flood_dup0_s20260625,nonbonded,25322,PRIVPROBE:1,host_scan,504,False,0,reserve
m12_medium_flood_dup0_s20260625_nonbonded,P3-Persist,m12_medium_flood_dup0_s20260625,nonbonded,25451,PRIVPROBE:1,host_scan,504,False,0,reserve
m12_medium_flood_dup0_s20260625_nonbonded,P3-Persist,m12_medium_flood_dup0_s20260625,nonbonded,25572,PRIVPROBE:1,host_scan,504,False,0,reserve
m12_medium_flood_dup0_s20260625_nonbonded,P3-Persist,m12_medium_flood_dup0_s20260625,nonbonded,25689,PRIVPROBE:1,host_scan,504,False,0,reserve
m12_medium_flood_dup0_s20260625_nonbonded,P3-Persist,m12_medium_flood_dup0_s20260625,nonbonded,25783,PRIVPROBE:1,host_scan,504,False,0,reserve
m12_medium_flood_dup0_s20260625_nonbonded,P3-Persist,m12_medium_flood_dup0_s20260625,nonbonded,25910,PRIVPROBE:1,host_scan,504,False,0,reserve
m12_medium_flood_dup0_s20260625_nonbonded,P3-Persist,m12_medium_flood_dup0_s20260625,nonbonded,26032,PRIVPROBE:1,host_scan,504,False,0,reserve
m12_medium_flood_dup0_s20260625_nonbonded,P3-Persist,m12_medium_flood_dup0_s20260625,nonbonded,26141,PRIVPROBE:1,host_scan,504,False,0,reserve
m12_medium_flood_dup0_s20260625_nonbonded,P3-Persist,m12_medium_flood_dup0_s20260625,nonbonded,26266,PRIVPROBE:1,host_scan,504,False,0,reserve
m12_medium_flood_dup0_s20260625_nonbonded,P3-Persist,m12_medium_flood_dup0_s20260625,nonbonded,26382,PRIVPROBE:1,host_scan,504,False,0,reserve
m12_medium_flood_dup0_s20260625_nonbonded,P3-Persist,m12_medium_flood_dup0_s20260625,nonbonded,26501,PRIVPROBE:1,host_scan,504,False,0,reserve
m12_medium_flood_dup0_s20260625_nonbonded,P3-Persist,m12_medium_flood_dup0_s20260625,nonbonded,26611,PRIVPROBE:1,host_scan,504,False,0,host_scan
m12_medium_flood_dup0_s20260625_nonbonded,P3-Persist,m12_medium_flood_dup0_s20260625,nonbonded,26721,PRIVPROBE:1,host_scan,504,False,0,reserve
m12_medium_flood_dup0_s20260625_nonbonded,P3-Persist,m12_medium_flood_dup0_s20260625,nonbonded,26830,PRIVPROBE:1,host_scan,504,False,0,reserve
m12_medium_flood_dup0_s20260625_nonbonded,P3-Persist,m12_medium_flood_dup0_s20260625,nonbonded,26938,PRIVPROBE:1,host_scan,504,False,0,reserve
m12_medium_flood_dup0_s20260625_nonbonded,P3-Persist,m12_medium_flood_dup0_s20260625,nonbonded,27072,PRIVPROBE:1,host_scan,504,False,0,reserve
m12_medium_flood_dup0_s20260625_nonbonded,P3-Persist,m12_medium_flood_dup0_s20260625,nonbonded,27225,PRIVPROBE:1,host_scan,504,False,0,reserve
m12_medium_flood_dup0_s20260625_nonbonded,P3-Persist,m12_medium_flood_dup0_s20260625,nonbonded,27329,PRIVPROBE:1,host_scan,504,False,0,reserve
m12_medium_flood_dup0_s20260625_nonbonded,P3-Persist,m12_medium_flood_dup0_s20260625,nonbonded,27457,PRIVPROBE:1,host_scan,504,False,0,reserve
m12_medium_flood_dup0_s20260625_nonbonded,P3-Persist,m12_medium_flood_dup0_s20260625,nonbonded,27587,PRIVPROBE:1,host_scan,504,False,0,reserve
m12_medium_flood_dup0_s20260625_nonbonded,P3-Persist,m12_medium_flood_dup0_s20260625,nonbonded,27707,PRIVPROBE:1,host_scan,504,False,0,reserve
m12_medium_flood_dup0_s20260625_nonbonded,P3-Persist,m12_medium_flood_dup0_s20260625,nonbonded,27851,PRIVPROBE:1,host_scan,504,False,0,reserve
m12_medium_flood_dup0_s20260625_nonbonded,P3-Persist,m12_medium_flood_dup0_s20260625,nonbonded,27987,PRIVPROBE:1,host_scan,504,False,0,reserve
m12_medium_flood_dup0_s20260625_nonbonded,P3-Persist,m12_medium_flood_dup0_s20260625,nonbonded,28100,PRIVPROBE:1,host_scan,504,False,0,host_scan
m12_medium_flood_dup0_s20260625_nonbonded,P3-Persist,m12_medium_flood_dup0_s20260625,nonbonded,28251,PRIVPROBE:1,host_scan,504,False,0,reserve
m12_medium_flood_dup0_s20260625_nonbonded,P3-Persist,m12_medium_flood_dup0_s20260625,nonbonded,28383,PRIVPROBE:1,host_scan,504,False,0,reserve
m12_medium_flood_dup0_s20260625_nonbonded,P3-Persist,m12_medium_flood_dup0_s20260625,nonbonded,28505,PRIVPROBE:1,host_scan,504,False,0,reserve
m12_medium_flood_dup0_s20260625_nonbonded,P3-Persist,m12_medium_flood_dup0_s20260625,nonbonded,28624,PRIVPROBE:1,host_scan,504,False,0,reserve
m12_medium_flood_dup0_s20260625_nonbonded,P3-Persist,m12_medium_flood_dup0_s20260625,nonbonded,28745,PRIVPROBE:1,host_scan,504,False,0,reserve
m12_medium_flood_dup0_s20260625_nonbonded,P3-Persist,m12_medium_flood_dup0_s20260625,nonbonded,28874,PRIVPROBE:1,host_scan,504,False,0,reserve
m12_medium_flood_dup0_s20260625_nonbonded,P3-Persist,m12_medium_flood_dup0_s20260625,nonbonded,28997,PRIVPROBE:1,host_scan,504,False,0,reserve
m12_medium_flood_dup0_s20260625_nonbonded,P3-Persist,m12_medium_flood_dup0_s20260625,nonbonded,29138,PRIVPROBE:1,host_scan,504,False,0,reserve
m12_medium_flood_dup0_s20260625_nonbonded,P3-Persist,m12_medium_flood_dup0_s20260625,nonbonded,29268,PRIVPROBE:1,host_scan,504,False,0,reserve
m12_medium_flood_dup0_s20260625_nonbonded,P3-Persist,m12_medium_flood_dup0_s20260625,nonbonded,29375,PRIVPROBE:1,host_scan,504,False,0,reserve
m12_medium_flood_dup0_s20260625_nonbonded,P3-Persist,m12_medium_flood_dup0_s20260625,nonbonded,29496,PRIVPROBE:1,host_scan,504,False,0,reserve
m12_medium_flood_dup0_s20260625_nonbonded,P3-Persist,m12_medium_flood_dup0_s20260625,nonbonded,29610,PRIVPROBE:1,host_scan,504,False,0,host_scan
m12_medium_flood_dup0_s20260625_nonbonded,P3-Persist,m12_medium_flood_dup0_s20260625,nonbonded,29734,PRIVPROBE:1,host_scan,504,False,0,reserve
m12_medium_flood_dup0_s20260625_nonbonded,P3-Persist,m12_medium_flood_dup0_s20260625,nonbonded,29878,PRIVPROBE:1,host_scan,504,False,0,reserve
m12_medium_flood_dup0_s20260625_nonbonded,P3-Persist,m12_medium_flood_dup0_s20260625,nonbonded,30015,PRIVPROBE:1,host_scan,504,False,0,reserve
m12_medium_flood_dup0_s20260625_nonbonded,P3-Persist,m12_medium_flood_dup0_s20260625,nonbonded,30150,PRIVPROBE:1,host_scan,504,False,0,reserve
m12_medium_flood_dup0_s20260625_nonbonded,P3-Persist,m12_medium_flood_dup0_s20260625,nonbonded,30261,PRIVPROBE:1,host_scan,504,False,0,reserve
m12_medium_flood_dup0_s20260625_nonbonded,P3-Persist,m12_medium_flood_dup0_s20260625,nonbonded,30355,PRIVPROBE:1,host_scan,504,False,0,reserve
m12_medium_flood_dup0_s20260625_nonbonded,P3-Persist,m12_medium_flood_dup0_s20260625,nonbonded,30472,PRIVPROBE:1,host_scan,504,False,0,reserve
m12_medium_flood_dup0_s20260625_nonbonded,P3-Persist,m12_medium_flood_dup0_s20260625,nonbonded,30593,PRIVPROBE:1,host_scan,504,False,0,reserve
m12_medium_flood_dup0_s20260625_nonbonded,P3-Persist,m12_medium_flood_dup0_s20260625,nonbonded,30700,PRIVPROBE:1,host_scan,504,False,0,reserve
m12_medium_flood_dup0_s20260625_nonbonded,P3-Persist,m12_medium_flood_dup0_s20260625,nonbonded,30811,PRIVPROBE:1,host_scan,504,False,0,reserve
m12_medium_flood_dup0_s20260625_nonbonded,P3-Persist,m12_medium_flood_dup0_s20260625,nonbonded,30922,PRIVPROBE:1,host_scan,504,False,0,reserve
m12_medium_flood_dup0_s20260625_nonbonded,P3-Persist,m12_medium_flood_dup0_s20260625,nonbonded,31021,PRIVPROBE:1,host_scan,504,False,0,host_scan
m12_medium_flood_dup0_s20260625_nonbonded,P3-Persist,m12_medium_flood_dup0_s20260625,nonbonded,31139,PRIVPROBE:1,host_scan,504,False,0,reserve
m12_medium_flood_dup0_s20260625_nonbonded,P3-Persist,m12_medium_flood_dup0_s20260625,nonbonded,31288,PRIVPROBE:1,host_scan,504,False,0,reserve
m12_medium_flood_dup0_s20260625_nonbonded,P3-Persist,m12_medium_flood_dup0_s20260625,nonbonded,31421,PRIVPROBE:1,host_scan,504,False,0,reserve
m12_medium_flood_dup0_s20260625_nonbonded,P3-Persist,m12_medium_flood_dup0_s20260625,nonbonded,31536,PRIVPROBE:1,host_scan,504,False,0,reserve
m12_medium_flood_dup0_s20260625_nonbonded,P3-Persist,m12_medium_flood_dup0_s20260625,nonbonded,31674,PRIVPROBE:1,host_scan,504,False,0,reserve
m12_medium_flood_dup0_s20260625_nonbonded,P3-Persist,m12_medium_flood_dup0_s20260625,nonbonded,31800,PRIVPROBE:1,host_scan,504,False,0,reserve
m12_medium_flood_dup0_s20260625_nonbonded,P3-Persist,m12_medium_flood_dup0_s20260625,nonbonded,31951,PRIVPROBE:1,host_scan,504,False,0,reserve
m12_medium_flood_dup0_s20260625_nonbonded,P3-Persist,m12_medium_flood_dup0_s20260625,nonbonded,32077,PRIVPROBE:1,host_scan,504,False,0,reserve
m12_medium_flood_dup0_s20260625_nonbonded,P3-Persist,m12_medium_flood_dup0_s20260625,nonbonded,32191,PRIVPROBE:1,host_scan,504,False,0,reserve
m12_medium_flood_dup0_s20260625_nonbonded,P3-Persist,m12_medium_flood_dup0_s20260625,nonbonded,32306,PRIVPROBE:1,host_scan,504,False,0,reserve
m12_medium_flood_dup0_s20260625_nonbonded,P3-Persist,m12_medium_flood_dup0_s20260625,nonbonded,32422,PRIVPROBE:1,host_scan,504,False,0,reserve
m12_medium_flood_dup0_s20260625_nonbonded,P3-Persist,m12_medium_flood_dup0_s20260625,nonbonded,32546,PRIVPROBE:1,host_scan,504,False,0,host_scan
m12_medium_flood_dup0_s20260625_nonbonded,P3-Persist,m12_medium_flood_dup0_s20260625,nonbonded,32682,PRIVPROBE:1,host_scan,504,False,0,reserve
m12_medium_flood_dup0_s20260625_nonbonded,P3-Persist,m12_medium_flood_dup0_s20260625,nonbonded,32797,PRIVPROBE:1,host_scan,504,False,0,reserve
m12_medium_flood_dup0_s20260625_nonbonded,P3-Persist,m12_medium_flood_dup0_s20260625,nonbonded,32918,PRIVPROBE:1,host_scan,504,False,0,reserve
m12_medium_flood_dup0_s20260625_nonbonded,P3-Persist,m12_medium_flood_dup0_s20260625,nonbonded,33025,PRIVPROBE:1,host_scan,504,False,0,reserve
m12_medium_flood_dup0_s20260625_nonbonded,P3-Persist,m12_medium_flood_dup0_s20260625,nonbonded,33156,PRIVPROBE:1,host_scan,504,False,0,reserve
m12_medium_flood_dup0_s20260625_nonbonded,P3-Persist,m12_medium_flood_dup0_s20260625,nonbonded,33255,PRIVPROBE:1,host_scan,504,False,0,reserve
m12_medium_flood_dup0_s20260625_nonbonded,P3-Persist,m12_medium_flood_dup0_s20260625,nonbonded,33376,PRIVPROBE:1,host_scan,504,False,0,reserve
m12_medium_flood_dup0_s20260625_nonbonded,P3-Persist,m12_medium_flood_dup0_s20260625,nonbonded,33486,PRIVPROBE:1,host_scan,504,False,0,reserve
m12_medium_flood_dup0_s20260625_nonbonded,P3-Persist,m12_medium_flood_dup0_s20260625,nonbonded,33596,PRIVPROBE:1,host_scan,504,False,0,reserve
m12_medium_flood_dup0_s20260625_nonbonded,P3-Persist,m12_medium_flood_dup0_s20260625,nonbonded,33713,PRIVPROBE:1,host_scan,504,False,0,reserve
m12_medium_flood_dup0_s20260625_nonbonded,P3-Persist,m12_medium_flood_dup0_s20260625,nonbonded,33840,PRIVPROBE:1,host_scan,504,False,0,reserve
m12_medium_flood_dup0_s20260625_nonbonded,P3-Persist,m12_medium_flood_dup0_s20260625,nonbonded,33964,PRIVPROBE:1,host_scan,504,False,0,host_scan
m12_medium_flood_dup0_s20260625_nonbonded,P3-Persist,m12_medium_flood_dup0_s20260625,nonbonded,34069,PRIVPROBE:1,host_scan,504,False,0,reserve
m12_medium_flood_dup0_s20260625_nonbonded,P3-Persist,m12_medium_flood_dup0_s20260625,nonbonded,34198,PRIVPROBE:1,host_scan,504,False,0,reserve
m12_medium_flood_dup0_s20260625_nonbonded,P3-Persist,m12_medium_flood_dup0_s20260625,nonbonded,34298,PRIVPROBE:1,host_scan,504,False,0,reserve
m12_medium_flood_dup0_s20260625_nonbonded,P3-Persist,m12_medium_flood_dup0_s20260625,nonbonded,34420,PRIVPROBE:1,host_scan,504,False,0,reserve
m12_medium_flood_dup0_s20260625_nonbonded,P3-Persist,m12_medium_flood_dup0_s20260625,nonbonded,34527,PRIVPROBE:1,host_scan,504,False,0,reserve
m12_medium_flood_dup0_s20260625_nonbonded,P3-Persist,m12_medium_flood_dup0_s20260625,nonbonded,34639,PRIVPROBE:1,host_scan,504,False,0,reserve
m12_medium_flood_dup0_s20260625_nonbonded,P3-Persist,m12_medium_flood_dup0_s20260625,nonbonded,34754,PRIVPROBE:1,host_scan,504,False,0,reserve
m12_medium_flood_dup0_s20260625_nonbonded,P3-Persist,m12_medium_flood_dup0_s20260625,nonbonded,34881,PRIVPROBE:1,host_scan,504,False,0,reserve
m12_medium_flood_dup0_s20260625_nonbonded,P3-Persist,m12_medium_flood_dup0_s20260625,nonbonded,35003,PRIVPROBE:1,host_scan,504,False,0,reserve
m12_medium_flood_dup0_s20260625_nonbonded,P3-Persist,m12_medium_flood_dup0_s20260625,nonbonded,35127,PRIVPROBE:1,host_scan,504,False,0,reserve
m12_medium_flood_dup0_s20260625_nonbonded,P3-Persist,m12_medium_flood_dup0_s20260625,nonbonded,35284,PRIVPROBE:1,host_scan,504,False,0,reserve
m12_medium_flood_dup0_s20260625_nonbonded,P3-Persist,m12_medium_flood_dup0_s20260625,nonbonded,35415,PRIVPROBE:1,host_scan,504,False,0,host_scan
m12_medium_flood_dup0_s20260625_nonbonded,P3-Persist,m12_medium_flood_dup0_s20260625,nonbonded,35549,PRIVPROBE:1,host_scan,504,False,0,reserve
m12_medium_flood_dup0_s20260625_nonbonded,P3-Persist,m12_medium_flood_dup0_s20260625,nonbonded,35649,PRIVPROBE:1,host_scan,504,False,0,reserve
m12_medium_flood_dup0_s20260625_nonbonded,P3-Persist,m12_medium_flood_dup0_s20260625,nonbonded,35764,PRIVPROBE:1,host_scan,504,False,0,reserve
m12_medium_flood_dup0_s20260625_nonbonded,P3-Persist,m12_medium_flood_dup0_s20260625,nonbonded,35896,PRIVPROBE:1,host_scan,504,False,0,reserve
m12_medium_flood_dup0_s20260625_nonbonded,P3-Persist,m12_medium_flood_dup0_s20260625,nonbonded,36010,PRIVPROBE:1,host_scan,504,False,0,reserve
m12_medium_flood_dup0_s20260625_nonbonded,P3-Persist,m12_medium_flood_dup0_s20260625,nonbonded,36135,PRIVPROBE:1,host_scan,504,False,0,reserve
m12_medium_flood_dup0_s20260625_nonbonded,P3-Persist,m12_medium_flood_dup0_s20260625,nonbonded,36258,PRIVPROBE:1,host_scan,504,False,0,reserve
m12_medium_flood_dup0_s20260625_nonbonded,P3-Persist,m12_medium_flood_dup0_s20260625,nonbonded,36370,PRIVPROBE:1,host_scan,504,False,0,reserve
m12_medium_flood_dup0_s20260625_nonbonded,P3-Persist,m12_medium_flood_dup0_s20260625,nonbonded,36492,PRIVPROBE:1,host_scan,504,False,0,reserve
m12_medium_flood_dup0_s20260625_nonbonded,P3-Persist,m12_medium_flood_dup0_s20260625,nonbonded,36617,PRIVPROBE:1,host_scan,504,False,0,reserve
m12_medium_flood_dup0_s20260625_nonbonded,P3-Persist,m12_medium_flood_dup0_s20260625,nonbonded,36749,PRIVPROBE:1,host_scan,504,False,0,reserve
m12_medium_flood_dup0_s20260625_nonbonded,P3-Persist,m12_medium_flood_dup0_s20260625,nonbonded,36864,PRIVPROBE:1,host_scan,504,False,0,host_scan
m12_medium_flood_dup0_s20260625_nonbonded,P3-Persist,m12_medium_flood_dup0_s20260625,nonbonded,37006,PRIVPROBE:1,host_scan,504,False,0,reserve
m12_medium_flood_dup0_s20260625_nonbonded,P3-Persist,m12_medium_flood_dup0_s20260625,nonbonded,37129,PRIVPROBE:1,host_scan,504,False,0,reserve
m12_medium_flood_dup0_s20260625_nonbonded,P3-Persist,m12_medium_flood_dup0_s20260625,nonbonded,37273,PRIVPROBE:1,host_scan,504,False,0,reserve
m12_medium_flood_dup0_s20260625_nonbonded,P3-Persist,m12_medium_flood_dup0_s20260625,nonbonded,37390,PRIVPROBE:1,host_scan,504,False,0,reserve
m12_medium_flood_dup0_s20260625_nonbonded,P3-Persist,m12_medium_flood_dup0_s20260625,nonbonded,37530,PRIVPROBE:1,host_scan,504,False,0,reserve
m12_medium_flood_dup0_s20260625_nonbonded,P3-Persist,m12_medium_flood_dup0_s20260625,nonbonded,37673,PRIVPROBE:1,host_scan,504,False,0,reserve
m12_medium_flood_dup0_s20260625_nonbonded,P3-Persist,m12_medium_flood_dup0_s20260625,nonbonded,37796,PRIVPROBE:1,host_scan,504,False,0,reserve
m12_medium_flood_dup0_s20260625_nonbonded,P3-Persist,m12_medium_flood_dup0_s20260625,nonbonded,37931,PRIVPROBE:1,host_scan,504,False,0,reserve
m12_medium_flood_dup0_s20260625_nonbonded,P3-Persist,m12_medium_flood_dup0_s20260625,nonbonded,38057,PRIVPROBE:1,host_scan,504,False,0,reserve
m12_medium_flood_dup0_s20260625_nonbonded,P3-Persist,m12_medium_flood_dup0_s20260625,nonbonded,38165,PRIVPROBE:1,host_scan,504,False,0,reserve
m12_medium_flood_dup0_s20260625_nonbonded,P3-Persist,m12_medium_flood_dup0_s20260625,nonbonded,38267,PRIVPROBE:1,host_scan,504,False,0,reserve
m12_medium_flood_dup0_s20260625_nonbonded,P3-Persist,m12_medium_flood_dup0_s20260625,nonbonded,38385,PRIVPROBE:1,host_scan,504,False,0,host_scan
m12_medium_flood_dup0_s20260625_nonbonded,P3-Persist,m12_medium_flood_dup0_s20260625,nonbonded,38518,PRIVPROBE:1,host_scan,504,False,0,reserve
m12_medium_flood_dup0_s20260625_nonbonded,P3-Persist,m12_medium_flood_dup0_s20260625,nonbonded,38649,PRIVPROBE:1,host_scan,504,False,0,reserve
m12_medium_flood_dup0_s20260625_nonbonded,P3-Persist,m12_medium_flood_dup0_s20260625,nonbonded,38781,PRIVPROBE:1,host_scan,504,False,0,reserve
m12_medium_flood_dup0_s20260625_nonbonded,P3-Persist,m12_medium_flood_dup0_s20260625,nonbonded,38924,PRIVPROBE:1,host_scan,504,False,0,reserve
m12_medium_flood_dup0_s20260625_nonbonded,P3-Persist,m12_medium_flood_dup0_s20260625,nonbonded,39051,PRIVPROBE:1,host_scan,504,False,0,reserve
m12_medium_flood_dup0_s20260625_nonbonded,P3-Persist,m12_medium_flood_dup0_s20260625,nonbonded,39185,PRIVPROBE:1,host_scan,504,False,0,reserve
m12_medium_flood_dup0_s20260625_nonbonded,P3-Persist,m12_medium_flood_dup0_s20260625,nonbonded,39304,PRIVPROBE:1,host_scan,504,False,0,reserve
m12_medium_flood_dup0_s20260625_nonbonded,P3-Persist,m12_medium_flood_dup0_s20260625,nonbonded,39422,PRIVPROBE:1,host_scan,504,False,0,reserve
m12_medium_flood_dup0_s20260625_nonbonded,P3-Persist,m12_medium_flood_dup0_s20260625,nonbonded,39527,PRIVPROBE:1,host_scan,504,False,0,reserve
m12_medium_flood_dup0_s20260625_nonbonded,P3-Persist,m12_medium_flood_dup0_s20260625,nonbonded,39650,PRIVPROBE:1,host_scan,504,False,0,reserve
m12_medium_flood_dup0_s20260625_nonbonded,P3-Persist,m12_medium_flood_dup0_s20260625,nonbonded,39767,PRIVPROBE:1,host_scan,504,False,0,reserve
m12_medium_flood_dup0_s20260625_nonbonded,P3-Persist,m12_medium_flood_dup0_s20260625,nonbonded,39877,PRIVPROBE:1,host_scan,504,False,0,host_scan
m12_medium_flood_dup0_s20260625_nonbonded,P3-Persist,m12_medium_flood_dup0_s20260625,nonbonded,40006,PRIVPROBE:1,host_scan,504,False,0,reserve
m12_medium_flood_dup0_s20260625_nonbonded,P3-Persist,m12_medium_flood_dup0_s20260625,nonbonded,40123,PRIVPROBE:1,host_scan,504,False,0,reserve
m12_medium_flood_dup0_s20260625_nonbonded,P3-Persist,m12_medium_flood_dup0_s20260625,nonbonded,40242,PRIVPROBE:1,host_scan,504,False,0,reserve
m12_medium_flood_dup0_s20260625_nonbonded,P3-Persist,m12_medium_flood_dup0_s20260625,nonbonded,40360,PRIVPROBE:1,host_scan,504,False,0,reserve
m12_medium_flood_dup0_s20260625_nonbonded,P3-Persist,m12_medium_flood_dup0_s20260625,nonbonded,40499,PRIVPROBE:1,host_scan,504,False,0,reserve
m12_medium_flood_dup0_s20260625_nonbonded,P3-Persist,m12_medium_flood_dup0_s20260625,nonbonded,40606,PRIVPROBE:1,host_scan,504,False,0,reserve
m12_medium_flood_dup0_s20260625_nonbonded,P3-Persist,m12_medium_flood_dup0_s20260625,nonbonded,40741,PRIVPROBE:1,host_scan,504,False,0,reserve
m12_medium_flood_dup0_s20260625_nonbonded,P3-Persist,m12_medium_flood_dup0_s20260625,nonbonded,40852,PRIVPROBE:1,host_scan,504,False,0,reserve
m12_medium_flood_dup0_s20260625_nonbonded,P3-Persist,m12_medium_flood_dup0_s20260625,nonbonded,40974,PRIVPROBE:1,host_scan,504,False,0,reserve
m12_medium_flood_dup0_s20260625_nonbonded,P3-Persist,m12_medium_flood_dup0_s20260625,nonbonded,41102,PRIVPROBE:1,host_scan,504,False,0,reserve
m12_medium_flood_dup0_s20260625_nonbonded,P3-Persist,m12_medium_flood_dup0_s20260625,nonbonded,41229,PRIVPROBE:1,host_scan,504,False,0,reserve
m12_medium_flood_dup0_s20260625_nonbonded,P3-Persist,m12_medium_flood_dup0_s20260625,nonbonded,41382,PRIVPROBE:1,host_scan,504,False,0,host_scan
m12_medium_flood_dup0_s20260625_nonbonded,P3-Persist,m12_medium_flood_dup0_s20260625,nonbonded,41510,PRIVPROBE:1,host_scan,504,False,0,reserve
m12_medium_flood_dup0_s20260625_nonbonded,P3-Persist,m12_medium_flood_dup0_s20260625,nonbonded,41638,PRIVPROBE:1,host_scan,504,False,0,reserve
m12_medium_flood_dup0_s20260625_nonbonded,P3-Persist,m12_medium_flood_dup0_s20260625,nonbonded,41770,PRIVPROBE:1,host_scan,504,False,0,reserve
m12_medium_flood_dup0_s20260625_nonbonded,P3-Persist,m12_medium_flood_dup0_s20260625,nonbonded,41915,PRIVPROBE:1,host_scan,504,False,0,reserve
m12_medium_flood_dup0_s20260625_nonbonded,P3-Persist,m12_medium_flood_dup0_s20260625,nonbonded,42033,PRIVPROBE:1,host_scan,504,False,0,reserve
m12_medium_flood_dup0_s20260625_nonbonded,P3-Persist,m12_medium_flood_dup0_s20260625,nonbonded,42139,PRIVPROBE:1,host_scan,504,False,0,reserve
m12_medium_flood_dup0_s20260625_nonbonded,P3-Persist,m12_medium_flood_dup0_s20260625,nonbonded,42249,PRIVPROBE:1,host_scan,504,False,0,reserve
m12_medium_flood_dup0_s20260625_nonbonded,P3-Persist,m12_medium_flood_dup0_s20260625,nonbonded,42386,PRIVPROBE:1,host_scan,504,False,0,reserve
m12_medium_flood_dup0_s20260625_nonbonded,P3-Persist,m12_medium_flood_dup0_s20260625,nonbonded,42506,PRIVPROBE:1,host_scan,504,False,0,reserve
m12_medium_flood_dup0_s20260625_nonbonded,P3-Persist,m12_medium_flood_dup0_s20260625,nonbonded,42642,PRIVPROBE:1,host_scan,504,False,0,reserve
m12_medium_flood_dup0_s20260625_nonbonded,P3-Persist,m12_medium_flood_dup0_s20260625,nonbonded,42743,PRIVPROBE:1,host_scan,504,False,0,reserve
m12_medium_flood_dup0_s20260625_nonbonded,P3-Persist,m12_medium_flood_dup0_s20260625,nonbonded,42881,PRIVPROBE:1,host_scan,504,False,0,host_scan
m12_medium_flood_dup0_s20260625_nonbonded,P3-Persist,m12_medium_flood_dup0_s20260625,nonbonded,42999,PRIVPROBE:1,host_scan,504,False,0,reserve
m12_medium_flood_dup0_s20260625_nonbonded,P3-Persist,m12_medium_flood_dup0_s20260625,nonbonded,43110,PRIVPROBE:1,host_scan,504,False,0,reserve
m12_medium_flood_dup0_s20260625_nonbonded,P3-Persist,m12_medium_flood_dup0_s20260625,nonbonded,43206,PRIVPROBE:1,host_scan,504,False,0,reserve
m12_medium_flood_dup0_s20260625_nonbonded,P3-Persist,m12_medium_flood_dup0_s20260625,nonbonded,43307,PRIVPROBE:1,host_scan,504,False,0,reserve
m12_medium_flood_dup0_s20260625_nonbonded,P3-Persist,m12_medium_flood_dup0_s20260625,nonbonded,43444,PRIVPROBE:1,host_scan,504,False,0,reserve
m12_medium_flood_dup0_s20260625_nonbonded,P3-Persist,m12_medium_flood_dup0_s20260625,nonbonded,43559,PRIVPROBE:1,host_scan,504,False,0,reserve
m12_medium_flood_dup0_s20260625_nonbonded,P3-Persist,m12_medium_flood_dup0_s20260625,nonbonded,43680,PRIVPROBE:1,host_scan,504,False,0,reserve
m12_medium_flood_dup0_s20260625_nonbonded,P3-Persist,m12_medium_flood_dup0_s20260625,nonbonded,43795,PRIVPROBE:1,host_scan,504,False,0,reserve
m12_medium_flood_dup0_s20260625_nonbonded,P3-Persist,m12_medium_flood_dup0_s20260625,nonbonded,43911,PRIVPROBE:1,host_scan,504,False,0,reserve
m12_medium_flood_dup0_s20260625_nonbonded,P3-Persist,m12_medium_flood_dup0_s20260625,nonbonded,44040,PRIVPROBE:1,host_scan,504,False,0,reserve
m12_medium_flood_dup0_s20260625_nonbonded,P3-Persist,m12_medium_flood_dup0_s20260625,nonbonded,44146,PRIVPROBE:1,host_scan,504,False,0,reserve
m12_medium_flood_dup0_s20260625_nonbonded,P3-NoPersist,m12_medium_flood_dup0_s20260625,nonbonded,7241,PRIVPROBE:0,host_scan,504,False,0,host_scan
m12_medium_flood_dup0_s20260625_nonbonded,P3-NoPersist,m12_medium_flood_dup0_s20260625,nonbonded,7351,PRIVPROBE:0,defer,0,True,1000,defer
m12_medium_flood_dup0_s20260625_nonbonded,P3-NoPersist,m12_medium_flood_dup0_s20260625,nonbonded,7491,PRIVPROBE:0,defer,0,True,1000,defer
m12_medium_flood_dup0_s20260625_nonbonded,P3-NoPersist,m12_medium_flood_dup0_s20260625,nonbonded,7615,PRIVPROBE:0,defer,0,True,1000,defer
m12_medium_flood_dup0_s20260625_nonbonded,P3-NoPersist,m12_medium_flood_dup0_s20260625,nonbonded,7717,PRIVPROBE:0,defer,0,True,1000,defer
m12_medium_flood_dup0_s20260625_nonbonded,P3-NoPersist,m12_medium_flood_dup0_s20260625,nonbonded,7862,PRIVPROBE:0,defer,0,True,1000,defer
m12_medium_flood_dup0_s20260625_nonbonded,P3-NoPersist,m12_medium_flood_dup0_s20260625,nonbonded,7995,PRIVPROBE:0,defer,0,True,1000,defer
m12_medium_flood_dup0_s20260625_nonbonded,P3-NoPersist,m12_medium_flood_dup0_s20260625,nonbonded,8128,PRIVPROBE:0,defer,0,True,1000,defer
m12_medium_flood_dup0_s20260625_nonbonded,P3-NoPersist,m12_medium_flood_dup0_s20260625,nonbonded,8242,PRIVPROBE:0,defer,0,True,1000,defer
m12_medium_flood_dup0_s20260625_nonbonded,P3-NoPersist,m12_medium_flood_dup0_s20260625,nonbonded,8343,PRIVPROBE:0,defer,0,True,1000,defer
m12_medium_flood_dup0_s20260625_nonbonded,P3-NoPersist,m12_medium_flood_dup0_s20260625,nonbonded,8464,PRIVPROBE:0,defer,0,True,1000,defer
m12_medium_flood_dup0_s20260625_nonbonded,P3-NoPersist,m12_medium_flood_dup0_s20260625,nonbonded,8587,PRIVPROBE:0,defer,0,True,1000,defer
m12_medium_flood_dup0_s20260625_nonbonded,P3-NoPersist,m12_medium_flood_dup0_s20260625,nonbonded,8729,PRIVPROBE:0,host_scan,504,False,0,host_scan
m12_medium_flood_dup0_s20260625_nonbonded,P3-NoPersist,m12_medium_flood_dup0_s20260625,nonbonded,8855,PRIVPROBE:0,defer,0,True,1000,defer
m12_medium_flood_dup0_s20260625_nonbonded,P3-NoPersist,m12_medium_flood_dup0_s20260625,nonbonded,9001,PRIVPROBE:0,defer,0,True,1000,defer
m12_medium_flood_dup0_s20260625_nonbonded,P3-NoPersist,m12_medium_flood_dup0_s20260625,nonbonded,9118,PRIVPROBE:0,defer,0,True,1000,defer
m12_medium_flood_dup0_s20260625_nonbonded,P3-NoPersist,m12_medium_flood_dup0_s20260625,nonbonded,9241,PRIVPROBE:0,defer,0,True,1000,defer
m12_medium_flood_dup0_s20260625_nonbonded,P3-NoPersist,m12_medium_flood_dup0_s20260625,nonbonded,9379,PRIVPROBE:0,defer,0,True,1000,defer
m12_medium_flood_dup0_s20260625_nonbonded,P3-NoPersist,m12_medium_flood_dup0_s20260625,nonbonded,9516,PRIVPROBE:0,defer,0,True,1000,defer
m12_medium_flood_dup0_s20260625_nonbonded,P3-NoPersist,m12_medium_flood_dup0_s20260625,nonbonded,9646,PRIVPROBE:0,defer,0,True,1000,defer
m12_medium_flood_dup0_s20260625_nonbonded,P3-NoPersist,m12_medium_flood_dup0_s20260625,nonbonded,9759,PRIVPROBE:0,defer,0,True,1000,defer
m12_medium_flood_dup0_s20260625_nonbonded,P3-NoPersist,m12_medium_flood_dup0_s20260625,nonbonded,9880,PRIVPROBE:0,defer,0,True,1000,defer
m12_medium_flood_dup0_s20260625_nonbonded,P3-NoPersist,m12_medium_flood_dup0_s20260625,nonbonded,9998,PRIVPROBE:0,defer,0,True,1000,defer
m12_medium_flood_dup0_s20260625_nonbonded,P3-NoPersist,m12_medium_flood_dup0_s20260625,nonbonded,10112,PRIVPROBE:0,defer,0,True,1000,defer
m12_medium_flood_dup0_s20260625_nonbonded,P3-NoPersist,m12_medium_flood_dup0_s20260625,nonbonded,10241,PRIVPROBE:0,host_scan,504,False,0,host_scan
m12_medium_flood_dup0_s20260625_nonbonded,P3-NoPersist,m12_medium_flood_dup0_s20260625,nonbonded,10340,PRIVPROBE:0,defer,0,True,1000,defer
m12_medium_flood_dup0_s20260625_nonbonded,P3-NoPersist,m12_medium_flood_dup0_s20260625,nonbonded,10458,PRIVPROBE:0,defer,0,True,1000,defer
m12_medium_flood_dup0_s20260625_nonbonded,P3-NoPersist,m12_medium_flood_dup0_s20260625,nonbonded,10578,PRIVPROBE:0,defer,0,True,1000,defer
m12_medium_flood_dup0_s20260625_nonbonded,P3-NoPersist,m12_medium_flood_dup0_s20260625,nonbonded,10711,PRIVPROBE:0,defer,0,True,1000,defer
m12_medium_flood_dup0_s20260625_nonbonded,P3-NoPersist,m12_medium_flood_dup0_s20260625,nonbonded,10856,PRIVPROBE:0,defer,0,True,1000,defer
m12_medium_flood_dup0_s20260625_nonbonded,P3-NoPersist,m12_medium_flood_dup0_s20260625,nonbonded,10985,PRIVPROBE:0,defer,0,True,1000,defer
m12_medium_flood_dup0_s20260625_nonbonded,P3-NoPersist,m12_medium_flood_dup0_s20260625,nonbonded,11124,PRIVPROBE:0,defer,0,True,1000,defer
m12_medium_flood_dup0_s20260625_nonbonded,P3-NoPersist,m12_medium_flood_dup0_s20260625,nonbonded,11254,PRIVPROBE:0,defer,0,True,1000,defer
m12_medium_flood_dup0_s20260625_nonbonded,P3-NoPersist,m12_medium_flood_dup0_s20260625,nonbonded,11385,PRIVPROBE:0,defer,0,True,1000,defer
m12_medium_flood_dup0_s20260625_nonbonded,P3-NoPersist,m12_medium_flood_dup0_s20260625,nonbonded,11516,PRIVPROBE:0,defer,0,True,1000,defer
m12_medium_flood_dup0_s20260625_nonbonded,P3-NoPersist,m12_medium_flood_dup0_s20260625,nonbonded,11640,PRIVPROBE:0,defer,0,True,1000,defer
m12_medium_flood_dup0_s20260625_nonbonded,P3-NoPersist,m12_medium_flood_dup0_s20260625,nonbonded,11782,PRIVPROBE:0,host_scan,504,False,0,host_scan
m12_medium_flood_dup0_s20260625_nonbonded,P3-NoPersist,m12_medium_flood_dup0_s20260625,nonbonded,11885,PRIVPROBE:0,defer,0,True,1000,defer
m12_medium_flood_dup0_s20260625_nonbonded,P3-NoPersist,m12_medium_flood_dup0_s20260625,nonbonded,12002,PRIVPROBE:0,defer,0,True,1000,defer
m12_medium_flood_dup0_s20260625_nonbonded,P3-NoPersist,m12_medium_flood_dup0_s20260625,nonbonded,12110,PRIVPROBE:0,defer,0,True,1000,defer
m12_medium_flood_dup0_s20260625_nonbonded,P3-NoPersist,m12_medium_flood_dup0_s20260625,nonbonded,12229,PRIVPROBE:0,defer,0,True,1000,defer
m12_medium_flood_dup0_s20260625_nonbonded,P3-NoPersist,m12_medium_flood_dup0_s20260625,nonbonded,12363,PRIVPROBE:0,defer,0,True,1000,defer
m12_medium_flood_dup0_s20260625_nonbonded,P3-NoPersist,m12_medium_flood_dup0_s20260625,nonbonded,12487,PRIVPROBE:0,defer,0,True,1000,defer
m12_medium_flood_dup0_s20260625_nonbonded,P3-NoPersist,m12_medium_flood_dup0_s20260625,nonbonded,12622,PRIVPROBE:0,defer,0,True,1000,defer
m12_medium_flood_dup0_s20260625_nonbonded,P3-NoPersist,m12_medium_flood_dup0_s20260625,nonbonded,12740,PRIVPROBE:0,defer,0,True,1000,defer
m12_medium_flood_dup0_s20260625_nonbonded,P3-NoPersist,m12_medium_flood_dup0_s20260625,nonbonded,12860,PRIVPROBE:0,defer,0,True,1000,defer
m12_medium_flood_dup0_s20260625_nonbonded,P3-NoPersist,m12_medium_flood_dup0_s20260625,nonbonded,12992,PRIVPROBE:0,defer,0,True,1000,defer
m12_medium_flood_dup0_s20260625_nonbonded,P3-NoPersist,m12_medium_flood_dup0_s20260625,nonbonded,13105,PRIVPROBE:0,defer,0,True,1000,defer
m12_medium_flood_dup0_s20260625_nonbonded,P3-NoPersist,m12_medium_flood_dup0_s20260625,nonbonded,13208,PRIVPROBE:0,host_scan,504,False,0,host_scan
m12_medium_flood_dup0_s20260625_nonbonded,P3-NoPersist,m12_medium_flood_dup0_s20260625,nonbonded,13336,PRIVPROBE:0,defer,0,True,1000,defer
m12_medium_flood_dup0_s20260625_nonbonded,P3-NoPersist,m12_medium_flood_dup0_s20260625,nonbonded,13486,PRIVPROBE:0,defer,0,True,1000,defer
m12_medium_flood_dup0_s20260625_nonbonded,P3-NoPersist,m12_medium_flood_dup0_s20260625,nonbonded,13601,PRIVPROBE:0,defer,0,True,1000,defer
m12_medium_flood_dup0_s20260625_nonbonded,P3-NoPersist,m12_medium_flood_dup0_s20260625,nonbonded,13714,PRIVPROBE:0,defer,0,True,1000,defer
m12_medium_flood_dup0_s20260625_nonbonded,P3-NoPersist,m12_medium_flood_dup0_s20260625,nonbonded,13838,PRIVPROBE:0,defer,0,True,1000,defer
m12_medium_flood_dup0_s20260625_nonbonded,P3-NoPersist,m12_medium_flood_dup0_s20260625,nonbonded,13968,PRIVPROBE:0,defer,0,True,1000,defer
m12_medium_flood_dup0_s20260625_nonbonded,P3-NoPersist,m12_medium_flood_dup0_s20260625,nonbonded,14111,PRIVPROBE:0,defer,0,True,1000,defer
m12_medium_flood_dup0_s20260625_nonbonded,P3-NoPersist,m12_medium_flood_dup0_s20260625,nonbonded,14244,PRIVPROBE:0,defer,0,True,1000,defer
m12_medium_flood_dup0_s20260625_nonbonded,P3-NoPersist,m12_medium_flood_dup0_s20260625,nonbonded,14366,PRIVPROBE:0,defer,0,True,1000,defer
m12_medium_flood_dup0_s20260625_nonbonded,P3-NoPersist,m12_medium_flood_dup0_s20260625,nonbonded,14494,PRIVPROBE:0,defer,0,True,1000,defer
m12_medium_flood_dup0_s20260625_nonbonded,P3-NoPersist,m12_medium_flood_dup0_s20260625,nonbonded,14599,PRIVPROBE:0,defer,0,True,1000,defer
m12_medium_flood_dup0_s20260625_nonbonded,P3-NoPersist,m12_medium_flood_dup0_s20260625,nonbonded,14732,PRIVPROBE:0,host_scan,504,False,0,host_scan
m12_medium_flood_dup0_s20260625_nonbonded,P3-NoPersist,m12_medium_flood_dup0_s20260625,nonbonded,14845,PRIVPROBE:0,defer,0,True,1000,defer
m12_medium_flood_dup0_s20260625_nonbonded,P3-NoPersist,m12_medium_flood_dup0_s20260625,nonbonded,14985,PRIVPROBE:0,defer,0,True,1000,defer
m12_medium_flood_dup0_s20260625_nonbonded,P3-NoPersist,m12_medium_flood_dup0_s20260625,nonbonded,15101,PRIVPROBE:0,defer,0,True,1000,defer
m12_medium_flood_dup0_s20260625_nonbonded,P3-NoPersist,m12_medium_flood_dup0_s20260625,nonbonded,15224,PRIVPROBE:0,defer,0,True,1000,defer
m12_medium_flood_dup0_s20260625_nonbonded,P3-NoPersist,m12_medium_flood_dup0_s20260625,nonbonded,15333,PRIVPROBE:0,defer,0,True,1000,defer
m12_medium_flood_dup0_s20260625_nonbonded,P3-NoPersist,m12_medium_flood_dup0_s20260625,nonbonded,15449,PRIVPROBE:0,defer,0,True,1000,defer
m12_medium_flood_dup0_s20260625_nonbonded,P3-NoPersist,m12_medium_flood_dup0_s20260625,nonbonded,15571,PRIVPROBE:0,defer,0,True,1000,defer
m12_medium_flood_dup0_s20260625_nonbonded,P3-NoPersist,m12_medium_flood_dup0_s20260625,nonbonded,15676,PRIVPROBE:0,defer,0,True,1000,defer
m12_medium_flood_dup0_s20260625_nonbonded,P3-NoPersist,m12_medium_flood_dup0_s20260625,nonbonded,15803,PRIVPROBE:0,defer,0,True,1000,defer
m12_medium_flood_dup0_s20260625_nonbonded,P3-NoPersist,m12_medium_flood_dup0_s20260625,nonbonded,15923,PRIVPROBE:0,defer,0,True,1000,defer
m12_medium_flood_dup0_s20260625_nonbonded,P3-NoPersist,m12_medium_flood_dup0_s20260625,nonbonded,16059,PRIVPROBE:0,defer,0,True,1000,defer
m12_medium_flood_dup0_s20260625_nonbonded,P3-NoPersist,m12_medium_flood_dup0_s20260625,nonbonded,16185,PRIVPROBE:0,host_scan,504,False,0,host_scan
m12_medium_flood_dup0_s20260625_nonbonded,P3-NoPersist,m12_medium_flood_dup0_s20260625,nonbonded,16318,PRIVPROBE:0,defer,0,True,1000,defer
m12_medium_flood_dup0_s20260625_nonbonded,P3-NoPersist,m12_medium_flood_dup0_s20260625,nonbonded,16431,PRIVPROBE:0,defer,0,True,1000,defer
m12_medium_flood_dup0_s20260625_nonbonded,P3-NoPersist,m12_medium_flood_dup0_s20260625,nonbonded,16567,PRIVPROBE:0,defer,0,True,1000,defer
m12_medium_flood_dup0_s20260625_nonbonded,P3-NoPersist,m12_medium_flood_dup0_s20260625,nonbonded,16671,PRIVPROBE:0,defer,0,True,1000,defer
m12_medium_flood_dup0_s20260625_nonbonded,P3-NoPersist,m12_medium_flood_dup0_s20260625,nonbonded,16768,PRIVPROBE:0,defer,0,True,1000,defer
m12_medium_flood_dup0_s20260625_nonbonded,P3-NoPersist,m12_medium_flood_dup0_s20260625,nonbonded,16871,PRIVPROBE:0,defer,0,True,1000,defer
m12_medium_flood_dup0_s20260625_nonbonded,P3-NoPersist,m12_medium_flood_dup0_s20260625,nonbonded,16993,PRIVPROBE:0,defer,0,True,1000,defer
m12_medium_flood_dup0_s20260625_nonbonded,P3-NoPersist,m12_medium_flood_dup0_s20260625,nonbonded,17122,PRIVPROBE:0,defer,0,True,1000,defer
m12_medium_flood_dup0_s20260625_nonbonded,P3-NoPersist,m12_medium_flood_dup0_s20260625,nonbonded,17246,PRIVPROBE:0,defer,0,True,1000,defer
m12_medium_flood_dup0_s20260625_nonbonded,P3-NoPersist,m12_medium_flood_dup0_s20260625,nonbonded,17368,PRIVPROBE:0,defer,0,True,1000,defer
m12_medium_flood_dup0_s20260625_nonbonded,P3-NoPersist,m12_medium_flood_dup0_s20260625,nonbonded,17511,PRIVPROBE:0,defer,0,True,1000,defer
m12_medium_flood_dup0_s20260625_nonbonded,P3-NoPersist,m12_medium_flood_dup0_s20260625,nonbonded,17635,PRIVPROBE:0,host_scan,504,False,0,host_scan
m12_medium_flood_dup0_s20260625_nonbonded,P3-NoPersist,m12_medium_flood_dup0_s20260625,nonbonded,17763,PRIVPROBE:0,defer,0,True,1000,defer
m12_medium_flood_dup0_s20260625_nonbonded,P3-NoPersist,m12_medium_flood_dup0_s20260625,nonbonded,17900,PRIVPROBE:0,defer,0,True,1000,defer
m12_medium_flood_dup0_s20260625_nonbonded,P3-NoPersist,m12_medium_flood_dup0_s20260625,nonbonded,18017,PRIVPROBE:0,defer,0,True,1000,defer
m12_medium_flood_dup0_s20260625_nonbonded,P3-NoPersist,m12_medium_flood_dup0_s20260625,nonbonded,18145,PRIVPROBE:0,defer,0,True,1000,defer
m12_medium_flood_dup0_s20260625_nonbonded,P3-NoPersist,m12_medium_flood_dup0_s20260625,nonbonded,18304,PRIVPROBE:0,defer,0,True,1000,defer
m12_medium_flood_dup0_s20260625_nonbonded,P3-NoPersist,m12_medium_flood_dup0_s20260625,nonbonded,18432,PRIVPROBE:0,defer,0,True,1000,defer
m12_medium_flood_dup0_s20260625_nonbonded,P3-NoPersist,m12_medium_flood_dup0_s20260625,nonbonded,18543,PRIVPROBE:0,defer,0,True,1000,defer
m12_medium_flood_dup0_s20260625_nonbonded,P3-NoPersist,m12_medium_flood_dup0_s20260625,nonbonded,18669,PRIVPROBE:0,defer,0,True,1000,defer
m12_medium_flood_dup0_s20260625_nonbonded,P3-NoPersist,m12_medium_flood_dup0_s20260625,nonbonded,18793,PRIVPROBE:0,defer,0,True,1000,defer
m12_medium_flood_dup0_s20260625_nonbonded,P3-NoPersist,m12_medium_flood_dup0_s20260625,nonbonded,18913,PRIVPROBE:0,defer,0,True,1000,defer
m12_medium_flood_dup0_s20260625_nonbonded,P3-NoPersist,m12_medium_flood_dup0_s20260625,nonbonded,19025,PRIVPROBE:0,defer,0,True,1000,defer
m12_medium_flood_dup0_s20260625_nonbonded,P3-NoPersist,m12_medium_flood_dup0_s20260625,nonbonded,19150,PRIVPROBE:0,host_scan,504,False,0,host_scan
m12_medium_flood_dup0_s20260625_nonbonded,P3-NoPersist,m12_medium_flood_dup0_s20260625,nonbonded,19278,PRIVPROBE:0,defer,0,True,1000,defer
m12_medium_flood_dup0_s20260625_nonbonded,P3-NoPersist,m12_medium_flood_dup0_s20260625,nonbonded,19395,PRIVPROBE:0,defer,0,True,1000,defer
m12_medium_flood_dup0_s20260625_nonbonded,P3-NoPersist,m12_medium_flood_dup0_s20260625,nonbonded,19520,PRIVPROBE:0,defer,0,True,1000,defer
m12_medium_flood_dup0_s20260625_nonbonded,P3-NoPersist,m12_medium_flood_dup0_s20260625,nonbonded,19654,PRIVPROBE:0,defer,0,True,1000,defer
m12_medium_flood_dup0_s20260625_nonbonded,P3-NoPersist,m12_medium_flood_dup0_s20260625,nonbonded,19775,PRIVPROBE:0,defer,0,True,1000,defer
m12_medium_flood_dup0_s20260625_nonbonded,P3-NoPersist,m12_medium_flood_dup0_s20260625,nonbonded,19900,PRIVPROBE:0,defer,0,True,1000,defer
m12_medium_flood_dup0_s20260625_nonbonded,P3-NoPersist,m12_medium_flood_dup0_s20260625,nonbonded,20035,PRIVPROBE:0,defer,0,True,1000,defer
m12_medium_flood_dup0_s20260625_nonbonded,P3-NoPersist,m12_medium_flood_dup0_s20260625,nonbonded,20166,PRIVPROBE:0,defer,0,True,1000,defer
m12_medium_flood_dup0_s20260625_nonbonded,P3-NoPersist,m12_medium_flood_dup0_s20260625,nonbonded,20310,PRIVPROBE:0,defer,0,True,1000,defer
m12_medium_flood_dup0_s20260625_nonbonded,P3-NoPersist,m12_medium_flood_dup0_s20260625,nonbonded,20433,PRIVPROBE:0,defer,0,True,1000,defer
m12_medium_flood_dup0_s20260625_nonbonded,P3-NoPersist,m12_medium_flood_dup0_s20260625,nonbonded,20566,PRIVPROBE:0,defer,0,True,1000,defer
m12_medium_flood_dup0_s20260625_nonbonded,P3-NoPersist,m12_medium_flood_dup0_s20260625,nonbonded,20692,PRIVPROBE:0,host_scan,504,False,0,host_scan
m12_medium_flood_dup0_s20260625_nonbonded,P3-NoPersist,m12_medium_flood_dup0_s20260625,nonbonded,20817,PRIVPROBE:0,defer,0,True,1000,defer
m12_medium_flood_dup0_s20260625_nonbonded,P3-NoPersist,m12_medium_flood_dup0_s20260625,nonbonded,20950,PRIVPROBE:0,defer,0,True,1000,defer
m12_medium_flood_dup0_s20260625_nonbonded,P3-NoPersist,m12_medium_flood_dup0_s20260625,nonbonded,21070,PRIVPROBE:0,defer,0,True,1000,defer
m12_medium_flood_dup0_s20260625_nonbonded,P3-NoPersist,m12_medium_flood_dup0_s20260625,nonbonded,21189,PRIVPROBE:0,defer,0,True,1000,defer
m12_medium_flood_dup0_s20260625_nonbonded,P3-NoPersist,m12_medium_flood_dup0_s20260625,nonbonded,21297,PRIVPROBE:0,defer,0,True,1000,defer
m12_medium_flood_dup0_s20260625_nonbonded,P3-NoPersist,m12_medium_flood_dup0_s20260625,nonbonded,21439,PRIVPROBE:0,defer,0,True,1000,defer
m12_medium_flood_dup0_s20260625_nonbonded,P3-NoPersist,m12_medium_flood_dup0_s20260625,nonbonded,21561,PRIVPROBE:0,defer,0,True,1000,defer
m12_medium_flood_dup0_s20260625_nonbonded,P3-NoPersist,m12_medium_flood_dup0_s20260625,nonbonded,21678,PRIVPROBE:0,defer,0,True,1000,defer
m12_medium_flood_dup0_s20260625_nonbonded,P3-NoPersist,m12_medium_flood_dup0_s20260625,nonbonded,21831,PRIVPROBE:0,defer,0,True,1000,defer
m12_medium_flood_dup0_s20260625_nonbonded,P3-NoPersist,m12_medium_flood_dup0_s20260625,nonbonded,21941,PRIVPROBE:0,defer,0,True,1000,defer
m12_medium_flood_dup0_s20260625_nonbonded,P3-NoPersist,m12_medium_flood_dup0_s20260625,nonbonded,22053,PRIVPROBE:0,defer,0,True,1000,defer
m12_medium_flood_dup0_s20260625_nonbonded,P3-NoPersist,m12_medium_flood_dup0_s20260625,nonbonded,22180,PRIVPROBE:1,host_scan,504,False,0,host_scan
m12_medium_flood_dup0_s20260625_nonbonded,P3-NoPersist,m12_medium_flood_dup0_s20260625,nonbonded,22302,PRIVPROBE:1,defer,0,True,1000,defer
m12_medium_flood_dup0_s20260625_nonbonded,P3-NoPersist,m12_medium_flood_dup0_s20260625,nonbonded,22415,PRIVPROBE:1,defer,0,True,1000,defer
m12_medium_flood_dup0_s20260625_nonbonded,P3-NoPersist,m12_medium_flood_dup0_s20260625,nonbonded,22548,PRIVPROBE:1,defer,0,True,1000,defer
m12_medium_flood_dup0_s20260625_nonbonded,P3-NoPersist,m12_medium_flood_dup0_s20260625,nonbonded,22680,PRIVPROBE:1,defer,0,True,1000,defer
m12_medium_flood_dup0_s20260625_nonbonded,P3-NoPersist,m12_medium_flood_dup0_s20260625,nonbonded,22805,PRIVPROBE:1,defer,0,True,1000,defer
m12_medium_flood_dup0_s20260625_nonbonded,P3-NoPersist,m12_medium_flood_dup0_s20260625,nonbonded,22910,PRIVPROBE:1,defer,0,True,1000,defer
m12_medium_flood_dup0_s20260625_nonbonded,P3-NoPersist,m12_medium_flood_dup0_s20260625,nonbonded,23015,PRIVPROBE:1,defer,0,True,1000,defer
m12_medium_flood_dup0_s20260625_nonbonded,P3-NoPersist,m12_medium_flood_dup0_s20260625,nonbonded,23112,PRIVPROBE:1,defer,0,True,1000,defer
m12_medium_flood_dup0_s20260625_nonbonded,P3-NoPersist,m12_medium_flood_dup0_s20260625,nonbonded,23231,PRIVPROBE:1,defer,0,True,1000,defer
m12_medium_flood_dup0_s20260625_nonbonded,P3-NoPersist,m12_medium_flood_dup0_s20260625,nonbonded,23382,PRIVPROBE:1,defer,0,True,1000,defer
m12_medium_flood_dup0_s20260625_nonbonded,P3-NoPersist,m12_medium_flood_dup0_s20260625,nonbonded,23515,PRIVPROBE:1,defer,0,True,1000,defer
m12_medium_flood_dup0_s20260625_nonbonded,P3-NoPersist,m12_medium_flood_dup0_s20260625,nonbonded,23659,PRIVPROBE:1,host_scan,504,False,0,host_scan
m12_medium_flood_dup0_s20260625_nonbonded,P3-NoPersist,m12_medium_flood_dup0_s20260625,nonbonded,23787,PRIVPROBE:1,defer,0,True,1000,defer
m12_medium_flood_dup0_s20260625_nonbonded,P3-NoPersist,m12_medium_flood_dup0_s20260625,nonbonded,23911,PRIVPROBE:1,defer,0,True,1000,defer
m12_medium_flood_dup0_s20260625_nonbonded,P3-NoPersist,m12_medium_flood_dup0_s20260625,nonbonded,24050,PRIVPROBE:1,defer,0,True,1000,defer
m12_medium_flood_dup0_s20260625_nonbonded,P3-NoPersist,m12_medium_flood_dup0_s20260625,nonbonded,24207,PRIVPROBE:1,defer,0,True,1000,defer
m12_medium_flood_dup0_s20260625_nonbonded,P3-NoPersist,m12_medium_flood_dup0_s20260625,nonbonded,24317,PRIVPROBE:1,defer,0,True,1000,defer
m12_medium_flood_dup0_s20260625_nonbonded,P3-NoPersist,m12_medium_flood_dup0_s20260625,nonbonded,24435,PRIVPROBE:1,defer,0,True,1000,defer
m12_medium_flood_dup0_s20260625_nonbonded,P3-NoPersist,m12_medium_flood_dup0_s20260625,nonbonded,24552,PRIVPROBE:1,defer,0,True,1000,defer
m12_medium_flood_dup0_s20260625_nonbonded,P3-NoPersist,m12_medium_flood_dup0_s20260625,nonbonded,24662,PRIVPROBE:1,defer,0,True,1000,defer
m12_medium_flood_dup0_s20260625_nonbonded,P3-NoPersist,m12_medium_flood_dup0_s20260625,nonbonded,24806,PRIVPROBE:1,defer,0,True,1000,defer
m12_medium_flood_dup0_s20260625_nonbonded,P3-NoPersist,m12_medium_flood_dup0_s20260625,nonbonded,24936,PRIVPROBE:1,defer,0,True,1000,defer
m12_medium_flood_dup0_s20260625_nonbonded,P3-NoPersist,m12_medium_flood_dup0_s20260625,nonbonded,25076,PRIVPROBE:1,defer,0,True,1000,defer
m12_medium_flood_dup0_s20260625_nonbonded,P3-NoPersist,m12_medium_flood_dup0_s20260625,nonbonded,25209,PRIVPROBE:1,host_scan,504,False,0,host_scan
m12_medium_flood_dup0_s20260625_nonbonded,P3-NoPersist,m12_medium_flood_dup0_s20260625,nonbonded,25322,PRIVPROBE:1,defer,0,True,1000,defer
m12_medium_flood_dup0_s20260625_nonbonded,P3-NoPersist,m12_medium_flood_dup0_s20260625,nonbonded,25451,PRIVPROBE:1,defer,0,True,1000,defer
m12_medium_flood_dup0_s20260625_nonbonded,P3-NoPersist,m12_medium_flood_dup0_s20260625,nonbonded,25572,PRIVPROBE:1,defer,0,True,1000,defer
m12_medium_flood_dup0_s20260625_nonbonded,P3-NoPersist,m12_medium_flood_dup0_s20260625,nonbonded,25689,PRIVPROBE:1,defer,0,True,1000,defer
m12_medium_flood_dup0_s20260625_nonbonded,P3-NoPersist,m12_medium_flood_dup0_s20260625,nonbonded,25783,PRIVPROBE:1,defer,0,True,1000,defer
m12_medium_flood_dup0_s20260625_nonbonded,P3-NoPersist,m12_medium_flood_dup0_s20260625,nonbonded,25910,PRIVPROBE:1,defer,0,True,1000,defer
m12_medium_flood_dup0_s20260625_nonbonded,P3-NoPersist,m12_medium_flood_dup0_s20260625,nonbonded,26032,PRIVPROBE:1,defer,0,True,1000,defer
m12_medium_flood_dup0_s20260625_nonbonded,P3-NoPersist,m12_medium_flood_dup0_s20260625,nonbonded,26141,PRIVPROBE:1,defer,0,True,1000,defer
m12_medium_flood_dup0_s20260625_nonbonded,P3-NoPersist,m12_medium_flood_dup0_s20260625,nonbonded,26266,PRIVPROBE:1,defer,0,True,1000,defer
m12_medium_flood_dup0_s20260625_nonbonded,P3-NoPersist,m12_medium_flood_dup0_s20260625,nonbonded,26382,PRIVPROBE:1,defer,0,True,1000,defer
m12_medium_flood_dup0_s20260625_nonbonded,P3-NoPersist,m12_medium_flood_dup0_s20260625,nonbonded,26501,PRIVPROBE:1,defer,0,True,1000,defer
m12_medium_flood_dup0_s20260625_nonbonded,P3-NoPersist,m12_medium_flood_dup0_s20260625,nonbonded,26611,PRIVPROBE:1,host_scan,504,False,0,host_scan
m12_medium_flood_dup0_s20260625_nonbonded,P3-NoPersist,m12_medium_flood_dup0_s20260625,nonbonded,26721,PRIVPROBE:1,defer,0,True,1000,defer
m12_medium_flood_dup0_s20260625_nonbonded,P3-NoPersist,m12_medium_flood_dup0_s20260625,nonbonded,26830,PRIVPROBE:1,defer,0,True,1000,defer
m12_medium_flood_dup0_s20260625_nonbonded,P3-NoPersist,m12_medium_flood_dup0_s20260625,nonbonded,26938,PRIVPROBE:1,defer,0,True,1000,defer
m12_medium_flood_dup0_s20260625_nonbonded,P3-NoPersist,m12_medium_flood_dup0_s20260625,nonbonded,27072,PRIVPROBE:1,defer,0,True,1000,defer
m12_medium_flood_dup0_s20260625_nonbonded,P3-NoPersist,m12_medium_flood_dup0_s20260625,nonbonded,27225,PRIVPROBE:1,defer,0,True,1000,defer
m12_medium_flood_dup0_s20260625_nonbonded,P3-NoPersist,m12_medium_flood_dup0_s20260625,nonbonded,27329,PRIVPROBE:1,defer,0,True,1000,defer
m12_medium_flood_dup0_s20260625_nonbonded,P3-NoPersist,m12_medium_flood_dup0_s20260625,nonbonded,27457,PRIVPROBE:1,defer,0,True,1000,defer
m12_medium_flood_dup0_s20260625_nonbonded,P3-NoPersist,m12_medium_flood_dup0_s20260625,nonbonded,27587,PRIVPROBE:1,defer,0,True,1000,defer
m12_medium_flood_dup0_s20260625_nonbonded,P3-NoPersist,m12_medium_flood_dup0_s20260625,nonbonded,27707,PRIVPROBE:1,defer,0,True,1000,defer
m12_medium_flood_dup0_s20260625_nonbonded,P3-NoPersist,m12_medium_flood_dup0_s20260625,nonbonded,27851,PRIVPROBE:1,defer,0,True,1000,defer
m12_medium_flood_dup0_s20260625_nonbonded,P3-NoPersist,m12_medium_flood_dup0_s20260625,nonbonded,27987,PRIVPROBE:1,defer,0,True,1000,defer
m12_medium_flood_dup0_s20260625_nonbonded,P3-NoPersist,m12_medium_flood_dup0_s20260625,nonbonded,28100,PRIVPROBE:1,host_scan,504,False,0,host_scan
m12_medium_flood_dup0_s20260625_nonbonded,P3-NoPersist,m12_medium_flood_dup0_s20260625,nonbonded,28251,PRIVPROBE:1,defer,0,True,1000,defer
m12_medium_flood_dup0_s20260625_nonbonded,P3-NoPersist,m12_medium_flood_dup0_s20260625,nonbonded,28383,PRIVPROBE:1,defer,0,True,1000,defer
m12_medium_flood_dup0_s20260625_nonbonded,P3-NoPersist,m12_medium_flood_dup0_s20260625,nonbonded,28505,PRIVPROBE:1,defer,0,True,1000,defer
m12_medium_flood_dup0_s20260625_nonbonded,P3-NoPersist,m12_medium_flood_dup0_s20260625,nonbonded,28624,PRIVPROBE:1,defer,0,True,1000,defer
m12_medium_flood_dup0_s20260625_nonbonded,P3-NoPersist,m12_medium_flood_dup0_s20260625,nonbonded,28745,PRIVPROBE:1,defer,0,True,1000,defer
m12_medium_flood_dup0_s20260625_nonbonded,P3-NoPersist,m12_medium_flood_dup0_s20260625,nonbonded,28874,PRIVPROBE:1,defer,0,True,1000,defer
m12_medium_flood_dup0_s20260625_nonbonded,P3-NoPersist,m12_medium_flood_dup0_s20260625,nonbonded,28997,PRIVPROBE:1,defer,0,True,1000,defer
m12_medium_flood_dup0_s20260625_nonbonded,P3-NoPersist,m12_medium_flood_dup0_s20260625,nonbonded,29138,PRIVPROBE:1,defer,0,True,1000,defer
m12_medium_flood_dup0_s20260625_nonbonded,P3-NoPersist,m12_medium_flood_dup0_s20260625,nonbonded,29268,PRIVPROBE:1,defer,0,True,1000,defer
m12_medium_flood_dup0_s20260625_nonbonded,P3-NoPersist,m12_medium_flood_dup0_s20260625,nonbonded,29375,PRIVPROBE:1,defer,0,True,1000,defer
m12_medium_flood_dup0_s20260625_nonbonded,P3-NoPersist,m12_medium_flood_dup0_s20260625,nonbonded,29496,PRIVPROBE:1,defer,0,True,1000,defer
m12_medium_flood_dup0_s20260625_nonbonded,P3-NoPersist,m12_medium_flood_dup0_s20260625,nonbonded,29610,PRIVPROBE:1,host_scan,504,False,0,host_scan
m12_medium_flood_dup0_s20260625_nonbonded,P3-NoPersist,m12_medium_flood_dup0_s20260625,nonbonded,29734,PRIVPROBE:1,defer,0,True,1000,defer
m12_medium_flood_dup0_s20260625_nonbonded,P3-NoPersist,m12_medium_flood_dup0_s20260625,nonbonded,29878,PRIVPROBE:1,defer,0,True,1000,defer
m12_medium_flood_dup0_s20260625_nonbonded,P3-NoPersist,m12_medium_flood_dup0_s20260625,nonbonded,30015,PRIVPROBE:1,defer,0,True,1000,defer
m12_medium_flood_dup0_s20260625_nonbonded,P3-NoPersist,m12_medium_flood_dup0_s20260625,nonbonded,30150,PRIVPROBE:1,defer,0,True,1000,defer
m12_medium_flood_dup0_s20260625_nonbonded,P3-NoPersist,m12_medium_flood_dup0_s20260625,nonbonded,30261,PRIVPROBE:1,defer,0,True,1000,defer
m12_medium_flood_dup0_s20260625_nonbonded,P3-NoPersist,m12_medium_flood_dup0_s20260625,nonbonded,30355,PRIVPROBE:1,defer,0,True,1000,defer
m12_medium_flood_dup0_s20260625_nonbonded,P3-NoPersist,m12_medium_flood_dup0_s20260625,nonbonded,30472,PRIVPROBE:1,defer,0,True,1000,defer
m12_medium_flood_dup0_s20260625_nonbonded,P3-NoPersist,m12_medium_flood_dup0_s20260625,nonbonded,30593,PRIVPROBE:1,defer,0,True,1000,defer
m12_medium_flood_dup0_s20260625_nonbonded,P3-NoPersist,m12_medium_flood_dup0_s20260625,nonbonded,30700,PRIVPROBE:1,defer,0,True,1000,defer
m12_medium_flood_dup0_s20260625_nonbonded,P3-NoPersist,m12_medium_flood_dup0_s20260625,nonbonded,30811,PRIVPROBE:1,defer,0,True,1000,defer
m12_medium_flood_dup0_s20260625_nonbonded,P3-NoPersist,m12_medium_flood_dup0_s20260625,nonbonded,30922,PRIVPROBE:1,defer,0,True,1000,defer
m12_medium_flood_dup0_s20260625_nonbonded,P3-NoPersist,m12_medium_flood_dup0_s20260625,nonbonded,31021,PRIVPROBE:1,host_scan,504,False,0,host_scan
m12_medium_flood_dup0_s20260625_nonbonded,P3-NoPersist,m12_medium_flood_dup0_s20260625,nonbonded,31139,PRIVPROBE:1,defer,0,True,1000,defer
m12_medium_flood_dup0_s20260625_nonbonded,P3-NoPersist,m12_medium_flood_dup0_s20260625,nonbonded,31288,PRIVPROBE:1,defer,0,True,1000,defer
m12_medium_flood_dup0_s20260625_nonbonded,P3-NoPersist,m12_medium_flood_dup0_s20260625,nonbonded,31421,PRIVPROBE:1,defer,0,True,1000,defer
m12_medium_flood_dup0_s20260625_nonbonded,P3-NoPersist,m12_medium_flood_dup0_s20260625,nonbonded,31536,PRIVPROBE:1,defer,0,True,1000,defer
m12_medium_flood_dup0_s20260625_nonbonded,P3-NoPersist,m12_medium_flood_dup0_s20260625,nonbonded,31674,PRIVPROBE:1,defer,0,True,1000,defer
m12_medium_flood_dup0_s20260625_nonbonded,P3-NoPersist,m12_medium_flood_dup0_s20260625,nonbonded,31800,PRIVPROBE:1,defer,0,True,1000,defer
m12_medium_flood_dup0_s20260625_nonbonded,P3-NoPersist,m12_medium_flood_dup0_s20260625,nonbonded,31951,PRIVPROBE:1,defer,0,True,1000,defer
m12_medium_flood_dup0_s20260625_nonbonded,P3-NoPersist,m12_medium_flood_dup0_s20260625,nonbonded,32077,PRIVPROBE:1,defer,0,True,1000,defer
m12_medium_flood_dup0_s20260625_nonbonded,P3-NoPersist,m12_medium_flood_dup0_s20260625,nonbonded,32191,PRIVPROBE:1,defer,0,True,1000,defer
m12_medium_flood_dup0_s20260625_nonbonded,P3-NoPersist,m12_medium_flood_dup0_s20260625,nonbonded,32306,PRIVPROBE:1,defer,0,True,1000,defer
m12_medium_flood_dup0_s20260625_nonbonded,P3-NoPersist,m12_medium_flood_dup0_s20260625,nonbonded,32422,PRIVPROBE:1,defer,0,True,1000,defer
m12_medium_flood_dup0_s20260625_nonbonded,P3-NoPersist,m12_medium_flood_dup0_s20260625,nonbonded,32546,PRIVPROBE:1,host_scan,504,False,0,host_scan
m12_medium_flood_dup0_s20260625_nonbonded,P3-NoPersist,m12_medium_flood_dup0_s20260625,nonbonded,32682,PRIVPROBE:1,defer,0,True,1000,defer
m12_medium_flood_dup0_s20260625_nonbonded,P3-NoPersist,m12_medium_flood_dup0_s20260625,nonbonded,32797,PRIVPROBE:1,defer,0,True,1000,defer
m12_medium_flood_dup0_s20260625_nonbonded,P3-NoPersist,m12_medium_flood_dup0_s20260625,nonbonded,32918,PRIVPROBE:1,defer,0,True,1000,defer
m12_medium_flood_dup0_s20260625_nonbonded,P3-NoPersist,m12_medium_flood_dup0_s20260625,nonbonded,33025,PRIVPROBE:1,defer,0,True,1000,defer
m12_medium_flood_dup0_s20260625_nonbonded,P3-NoPersist,m12_medium_flood_dup0_s20260625,nonbonded,33156,PRIVPROBE:1,defer,0,True,1000,defer
m12_medium_flood_dup0_s20260625_nonbonded,P3-NoPersist,m12_medium_flood_dup0_s20260625,nonbonded,33255,PRIVPROBE:1,defer,0,True,1000,defer
m12_medium_flood_dup0_s20260625_nonbonded,P3-NoPersist,m12_medium_flood_dup0_s20260625,nonbonded,33376,PRIVPROBE:1,defer,0,True,1000,defer
m12_medium_flood_dup0_s20260625_nonbonded,P3-NoPersist,m12_medium_flood_dup0_s20260625,nonbonded,33486,PRIVPROBE:1,defer,0,True,1000,defer
m12_medium_flood_dup0_s20260625_nonbonded,P3-NoPersist,m12_medium_flood_dup0_s20260625,nonbonded,33596,PRIVPROBE:1,defer,0,True,1000,defer
m12_medium_flood_dup0_s20260625_nonbonded,P3-NoPersist,m12_medium_flood_dup0_s20260625,nonbonded,33713,PRIVPROBE:1,defer,0,True,1000,defer
m12_medium_flood_dup0_s20260625_nonbonded,P3-NoPersist,m12_medium_flood_dup0_s20260625,nonbonded,33840,PRIVPROBE:1,defer,0,True,1000,defer
m12_medium_flood_dup0_s20260625_nonbonded,P3-NoPersist,m12_medium_flood_dup0_s20260625,nonbonded,33964,PRIVPROBE:1,host_scan,504,False,0,host_scan
m12_medium_flood_dup0_s20260625_nonbonded,P3-NoPersist,m12_medium_flood_dup0_s20260625,nonbonded,34069,PRIVPROBE:1,defer,0,True,1000,defer
m12_medium_flood_dup0_s20260625_nonbonded,P3-NoPersist,m12_medium_flood_dup0_s20260625,nonbonded,34198,PRIVPROBE:1,defer,0,True,1000,defer
m12_medium_flood_dup0_s20260625_nonbonded,P3-NoPersist,m12_medium_flood_dup0_s20260625,nonbonded,34298,PRIVPROBE:1,defer,0,True,1000,defer
m12_medium_flood_dup0_s20260625_nonbonded,P3-NoPersist,m12_medium_flood_dup0_s20260625,nonbonded,34420,PRIVPROBE:1,defer,0,True,1000,defer
m12_medium_flood_dup0_s20260625_nonbonded,P3-NoPersist,m12_medium_flood_dup0_s20260625,nonbonded,34527,PRIVPROBE:1,defer,0,True,1000,defer
m12_medium_flood_dup0_s20260625_nonbonded,P3-NoPersist,m12_medium_flood_dup0_s20260625,nonbonded,34639,PRIVPROBE:1,defer,0,True,1000,defer
m12_medium_flood_dup0_s20260625_nonbonded,P3-NoPersist,m12_medium_flood_dup0_s20260625,nonbonded,34754,PRIVPROBE:1,defer,0,True,1000,defer
m12_medium_flood_dup0_s20260625_nonbonded,P3-NoPersist,m12_medium_flood_dup0_s20260625,nonbonded,34881,PRIVPROBE:1,defer,0,True,1000,defer
m12_medium_flood_dup0_s20260625_nonbonded,P3-NoPersist,m12_medium_flood_dup0_s20260625,nonbonded,35003,PRIVPROBE:1,defer,0,True,1000,defer
m12_medium_flood_dup0_s20260625_nonbonded,P3-NoPersist,m12_medium_flood_dup0_s20260625,nonbonded,35127,PRIVPROBE:1,defer,0,True,1000,defer
m12_medium_flood_dup0_s20260625_nonbonded,P3-NoPersist,m12_medium_flood_dup0_s20260625,nonbonded,35284,PRIVPROBE:1,defer,0,True,1000,defer
m12_medium_flood_dup0_s20260625_nonbonded,P3-NoPersist,m12_medium_flood_dup0_s20260625,nonbonded,35415,PRIVPROBE:1,host_scan,504,False,0,host_scan
m12_medium_flood_dup0_s20260625_nonbonded,P3-NoPersist,m12_medium_flood_dup0_s20260625,nonbonded,35549,PRIVPROBE:1,defer,0,True,1000,defer
m12_medium_flood_dup0_s20260625_nonbonded,P3-NoPersist,m12_medium_flood_dup0_s20260625,nonbonded,35649,PRIVPROBE:1,defer,0,True,1000,defer
m12_medium_flood_dup0_s20260625_nonbonded,P3-NoPersist,m12_medium_flood_dup0_s20260625,nonbonded,35764,PRIVPROBE:1,defer,0,True,1000,defer
m12_medium_flood_dup0_s20260625_nonbonded,P3-NoPersist,m12_medium_flood_dup0_s20260625,nonbonded,35896,PRIVPROBE:1,defer,0,True,1000,defer
m12_medium_flood_dup0_s20260625_nonbonded,P3-NoPersist,m12_medium_flood_dup0_s20260625,nonbonded,36010,PRIVPROBE:1,defer,0,True,1000,defer
m12_medium_flood_dup0_s20260625_nonbonded,P3-NoPersist,m12_medium_flood_dup0_s20260625,nonbonded,36135,PRIVPROBE:1,defer,0,True,1000,defer
m12_medium_flood_dup0_s20260625_nonbonded,P3-NoPersist,m12_medium_flood_dup0_s20260625,nonbonded,36258,PRIVPROBE:1,defer,0,True,1000,defer
m12_medium_flood_dup0_s20260625_nonbonded,P3-NoPersist,m12_medium_flood_dup0_s20260625,nonbonded,36370,PRIVPROBE:1,defer,0,True,1000,defer
m12_medium_flood_dup0_s20260625_nonbonded,P3-NoPersist,m12_medium_flood_dup0_s20260625,nonbonded,36492,PRIVPROBE:1,defer,0,True,1000,defer
m12_medium_flood_dup0_s20260625_nonbonded,P3-NoPersist,m12_medium_flood_dup0_s20260625,nonbonded,36617,PRIVPROBE:1,defer,0,True,1000,defer
m12_medium_flood_dup0_s20260625_nonbonded,P3-NoPersist,m12_medium_flood_dup0_s20260625,nonbonded,36749,PRIVPROBE:1,defer,0,True,1000,defer
m12_medium_flood_dup0_s20260625_nonbonded,P3-NoPersist,m12_medium_flood_dup0_s20260625,nonbonded,36864,PRIVPROBE:1,host_scan,504,False,0,host_scan
m12_medium_flood_dup0_s20260625_nonbonded,P3-NoPersist,m12_medium_flood_dup0_s20260625,nonbonded,37006,PRIVPROBE:1,defer,0,True,1000,defer
m12_medium_flood_dup0_s20260625_nonbonded,P3-NoPersist,m12_medium_flood_dup0_s20260625,nonbonded,37129,PRIVPROBE:1,defer,0,True,1000,defer
m12_medium_flood_dup0_s20260625_nonbonded,P3-NoPersist,m12_medium_flood_dup0_s20260625,nonbonded,37273,PRIVPROBE:1,defer,0,True,1000,defer
m12_medium_flood_dup0_s20260625_nonbonded,P3-NoPersist,m12_medium_flood_dup0_s20260625,nonbonded,37390,PRIVPROBE:1,defer,0,True,1000,defer
m12_medium_flood_dup0_s20260625_nonbonded,P3-NoPersist,m12_medium_flood_dup0_s20260625,nonbonded,37530,PRIVPROBE:1,defer,0,True,1000,defer
m12_medium_flood_dup0_s20260625_nonbonded,P3-NoPersist,m12_medium_flood_dup0_s20260625,nonbonded,37673,PRIVPROBE:1,defer,0,True,1000,defer
m12_medium_flood_dup0_s20260625_nonbonded,P3-NoPersist,m12_medium_flood_dup0_s20260625,nonbonded,37796,PRIVPROBE:1,defer,0,True,1000,defer
m12_medium_flood_dup0_s20260625_nonbonded,P3-NoPersist,m12_medium_flood_dup0_s20260625,nonbonded,37931,PRIVPROBE:1,defer,0,True,1000,defer
m12_medium_flood_dup0_s20260625_nonbonded,P3-NoPersist,m12_medium_flood_dup0_s20260625,nonbonded,38057,PRIVPROBE:1,defer,0,True,1000,defer
m12_medium_flood_dup0_s20260625_nonbonded,P3-NoPersist,m12_medium_flood_dup0_s20260625,nonbonded,38165,PRIVPROBE:1,defer,0,True,1000,defer
m12_medium_flood_dup0_s20260625_nonbonded,P3-NoPersist,m12_medium_flood_dup0_s20260625,nonbonded,38267,PRIVPROBE:1,defer,0,True,1000,defer
m12_medium_flood_dup0_s20260625_nonbonded,P3-NoPersist,m12_medium_flood_dup0_s20260625,nonbonded,38385,PRIVPROBE:1,host_scan,504,False,0,host_scan
m12_medium_flood_dup0_s20260625_nonbonded,P3-NoPersist,m12_medium_flood_dup0_s20260625,nonbonded,38518,PRIVPROBE:1,defer,0,True,1000,defer
m12_medium_flood_dup0_s20260625_nonbonded,P3-NoPersist,m12_medium_flood_dup0_s20260625,nonbonded,38649,PRIVPROBE:1,defer,0,True,1000,defer
m12_medium_flood_dup0_s20260625_nonbonded,P3-NoPersist,m12_medium_flood_dup0_s20260625,nonbonded,38781,PRIVPROBE:1,defer,0,True,1000,defer
m12_medium_flood_dup0_s20260625_nonbonded,P3-NoPersist,m12_medium_flood_dup0_s20260625,nonbonded,38924,PRIVPROBE:1,defer,0,True,1000,defer
m12_medium_flood_dup0_s20260625_nonbonded,P3-NoPersist,m12_medium_flood_dup0_s20260625,nonbonded,39051,PRIVPROBE:1,defer,0,True,1000,defer
m12_medium_flood_dup0_s20260625_nonbonded,P3-NoPersist,m12_medium_flood_dup0_s20260625,nonbonded,39185,PRIVPROBE:1,defer,0,True,1000,defer
m12_medium_flood_dup0_s20260625_nonbonded,P3-NoPersist,m12_medium_flood_dup0_s20260625,nonbonded,39304,PRIVPROBE:1,defer,0,True,1000,defer
m12_medium_flood_dup0_s20260625_nonbonded,P3-NoPersist,m12_medium_flood_dup0_s20260625,nonbonded,39422,PRIVPROBE:1,defer,0,True,1000,defer
m12_medium_flood_dup0_s20260625_nonbonded,P3-NoPersist,m12_medium_flood_dup0_s20260625,nonbonded,39527,PRIVPROBE:1,defer,0,True,1000,defer
m12_medium_flood_dup0_s20260625_nonbonded,P3-NoPersist,m12_medium_flood_dup0_s20260625,nonbonded,39650,PRIVPROBE:1,defer,0,True,1000,defer
m12_medium_flood_dup0_s20260625_nonbonded,P3-NoPersist,m12_medium_flood_dup0_s20260625,nonbonded,39767,PRIVPROBE:1,defer,0,True,1000,defer
m12_medium_flood_dup0_s20260625_nonbonded,P3-NoPersist,m12_medium_flood_dup0_s20260625,nonbonded,39877,PRIVPROBE:1,host_scan,504,False,0,host_scan
m12_medium_flood_dup0_s20260625_nonbonded,P3-NoPersist,m12_medium_flood_dup0_s20260625,nonbonded,40006,PRIVPROBE:1,defer,0,True,1000,defer
m12_medium_flood_dup0_s20260625_nonbonded,P3-NoPersist,m12_medium_flood_dup0_s20260625,nonbonded,40123,PRIVPROBE:1,defer,0,True,1000,defer
m12_medium_flood_dup0_s20260625_nonbonded,P3-NoPersist,m12_medium_flood_dup0_s20260625,nonbonded,40242,PRIVPROBE:1,defer,0,True,1000,defer
m12_medium_flood_dup0_s20260625_nonbonded,P3-NoPersist,m12_medium_flood_dup0_s20260625,nonbonded,40360,PRIVPROBE:1,defer,0,True,1000,defer
m12_medium_flood_dup0_s20260625_nonbonded,P3-NoPersist,m12_medium_flood_dup0_s20260625,nonbonded,40499,PRIVPROBE:1,defer,0,True,1000,defer
m12_medium_flood_dup0_s20260625_nonbonded,P3-NoPersist,m12_medium_flood_dup0_s20260625,nonbonded,40606,PRIVPROBE:1,defer,0,True,1000,defer
m12_medium_flood_dup0_s20260625_nonbonded,P3-NoPersist,m12_medium_flood_dup0_s20260625,nonbonded,40741,PRIVPROBE:1,defer,0,True,1000,defer
m12_medium_flood_dup0_s20260625_nonbonded,P3-NoPersist,m12_medium_flood_dup0_s20260625,nonbonded,40852,PRIVPROBE:1,defer,0,True,1000,defer
m12_medium_flood_dup0_s20260625_nonbonded,P3-NoPersist,m12_medium_flood_dup0_s20260625,nonbonded,40974,PRIVPROBE:1,defer,0,True,1000,defer
m12_medium_flood_dup0_s20260625_nonbonded,P3-NoPersist,m12_medium_flood_dup0_s20260625,nonbonded,41102,PRIVPROBE:1,defer,0,True,1000,defer
m12_medium_flood_dup0_s20260625_nonbonded,P3-NoPersist,m12_medium_flood_dup0_s20260625,nonbonded,41229,PRIVPROBE:1,defer,0,True,1000,defer
m12_medium_flood_dup0_s20260625_nonbonded,P3-NoPersist,m12_medium_flood_dup0_s20260625,nonbonded,41382,PRIVPROBE:1,host_scan,504,False,0,host_scan
m12_medium_flood_dup0_s20260625_nonbonded,P3-NoPersist,m12_medium_flood_dup0_s20260625,nonbonded,41510,PRIVPROBE:1,defer,0,True,1000,defer
m12_medium_flood_dup0_s20260625_nonbonded,P3-NoPersist,m12_medium_flood_dup0_s20260625,nonbonded,41638,PRIVPROBE:1,defer,0,True,1000,defer
m12_medium_flood_dup0_s20260625_nonbonded,P3-NoPersist,m12_medium_flood_dup0_s20260625,nonbonded,41770,PRIVPROBE:1,defer,0,True,1000,defer
m12_medium_flood_dup0_s20260625_nonbonded,P3-NoPersist,m12_medium_flood_dup0_s20260625,nonbonded,41915,PRIVPROBE:1,defer,0,True,1000,defer
m12_medium_flood_dup0_s20260625_nonbonded,P3-NoPersist,m12_medium_flood_dup0_s20260625,nonbonded,42033,PRIVPROBE:1,defer,0,True,1000,defer
m12_medium_flood_dup0_s20260625_nonbonded,P3-NoPersist,m12_medium_flood_dup0_s20260625,nonbonded,42139,PRIVPROBE:1,defer,0,True,1000,defer
m12_medium_flood_dup0_s20260625_nonbonded,P3-NoPersist,m12_medium_flood_dup0_s20260625,nonbonded,42249,PRIVPROBE:1,defer,0,True,1000,defer
m12_medium_flood_dup0_s20260625_nonbonded,P3-NoPersist,m12_medium_flood_dup0_s20260625,nonbonded,42386,PRIVPROBE:1,defer,0,True,1000,defer
m12_medium_flood_dup0_s20260625_nonbonded,P3-NoPersist,m12_medium_flood_dup0_s20260625,nonbonded,42506,PRIVPROBE:1,defer,0,True,1000,defer
m12_medium_flood_dup0_s20260625_nonbonded,P3-NoPersist,m12_medium_flood_dup0_s20260625,nonbonded,42642,PRIVPROBE:1,defer,0,True,1000,defer
m12_medium_flood_dup0_s20260625_nonbonded,P3-NoPersist,m12_medium_flood_dup0_s20260625,nonbonded,42743,PRIVPROBE:1,defer,0,True,1000,defer
m12_medium_flood_dup0_s20260625_nonbonded,P3-NoPersist,m12_medium_flood_dup0_s20260625,nonbonded,42881,PRIVPROBE:1,host_scan,504,False,0,host_scan
m12_medium_flood_dup0_s20260625_nonbonded,P3-NoPersist,m12_medium_flood_dup0_s20260625,nonbonded,42999,PRIVPROBE:1,defer,0,True,1000,defer
m12_medium_flood_dup0_s20260625_nonbonded,P3-NoPersist,m12_medium_flood_dup0_s20260625,nonbonded,43110,PRIVPROBE:1,defer,0,True,1000,defer
m12_medium_flood_dup0_s20260625_nonbonded,P3-NoPersist,m12_medium_flood_dup0_s20260625,nonbonded,43206,PRIVPROBE:1,defer,0,True,1000,defer
m12_medium_flood_dup0_s20260625_nonbonded,P3-NoPersist,m12_medium_flood_dup0_s20260625,nonbonded,43307,PRIVPROBE:1,defer,0,True,1000,defer
m12_medium_flood_dup0_s20260625_nonbonded,P3-NoPersist,m12_medium_flood_dup0_s20260625,nonbonded,43444,PRIVPROBE:1,defer,0,True,1000,defer
m12_medium_flood_dup0_s20260625_nonbonded,P3-NoPersist,m12_medium_flood_dup0_s20260625,nonbonded,43559,PRIVPROBE:1,defer,0,True,1000,defer
m12_medium_flood_dup0_s20260625_nonbonded,P3-NoPersist,m12_medium_flood_dup0_s20260625,nonbonded,43680,PRIVPROBE:1,defer,0,True,1000,defer
m12_medium_flood_dup0_s20260625_nonbonded,P3-NoPersist,m12_medium_flood_dup0_s20260625,nonbonded,43795,PRIVPROBE:1,defer,0,True,1000,defer
m12_medium_flood_dup0_s20260625_nonbonded,P3-NoPersist,m12_medium_flood_dup0_s20260625,nonbonded,43911,PRIVPROBE:1,defer,0,True,1000,defer
m12_medium_flood_dup0_s20260625_nonbonded,P3-NoPersist,m12_medium_flood_dup0_s20260625,nonbonded,44040,PRIVPROBE:1,defer,0,True,1000,defer
m12_medium_flood_dup0_s20260625_nonbonded,P3-NoPersist,m12_medium_flood_dup0_s20260625,nonbonded,44146,PRIVPROBE:1,defer,0,True,1000,defer
m12_medium_flood_dup0_s20260625_nonbonded,BudgetDoS,m12_medium_flood_dup0_s20260625,nonbonded,7241,PRIVPROBE:0,host_scan,504,False,0,host_scan
m12_medium_flood_dup0_s20260625_nonbonded,BudgetDoS,m12_medium_flood_dup0_s20260625,nonbonded,7351,PRIVPROBE:0,budget_skip,0,False,0,budget_skip
m12_medium_flood_dup0_s20260625_nonbonded,BudgetDoS,m12_medium_flood_dup0_s20260625,nonbonded,7491,PRIVPROBE:0,budget_skip,0,False,0,budget_skip
m12_medium_flood_dup0_s20260625_nonbonded,BudgetDoS,m12_medium_flood_dup0_s20260625,nonbonded,7615,PRIVPROBE:0,budget_skip,0,False,0,budget_skip
m12_medium_flood_dup0_s20260625_nonbonded,BudgetDoS,m12_medium_flood_dup0_s20260625,nonbonded,7717,PRIVPROBE:0,budget_skip,0,False,0,budget_skip
m12_medium_flood_dup0_s20260625_nonbonded,BudgetDoS,m12_medium_flood_dup0_s20260625,nonbonded,7862,PRIVPROBE:0,budget_skip,0,False,0,budget_skip
m12_medium_flood_dup0_s20260625_nonbonded,BudgetDoS,m12_medium_flood_dup0_s20260625,nonbonded,7995,PRIVPROBE:0,budget_skip,0,False,0,budget_skip
m12_medium_flood_dup0_s20260625_nonbonded,BudgetDoS,m12_medium_flood_dup0_s20260625,nonbonded,8128,PRIVPROBE:0,budget_skip,0,False,0,budget_skip
m12_medium_flood_dup0_s20260625_nonbonded,BudgetDoS,m12_medium_flood_dup0_s20260625,nonbonded,8242,PRIVPROBE:0,budget_skip,0,False,0,budget_skip
m12_medium_flood_dup0_s20260625_nonbonded,BudgetDoS,m12_medium_flood_dup0_s20260625,nonbonded,8343,PRIVPROBE:0,budget_skip,0,False,0,budget_skip
m12_medium_flood_dup0_s20260625_nonbonded,BudgetDoS,m12_medium_flood_dup0_s20260625,nonbonded,8464,PRIVPROBE:0,budget_skip,0,False,0,budget_skip
m12_medium_flood_dup0_s20260625_nonbonded,BudgetDoS,m12_medium_flood_dup0_s20260625,nonbonded,8587,PRIVPROBE:0,budget_skip,0,False,0,budget_skip
m12_medium_flood_dup0_s20260625_nonbonded,BudgetDoS,m12_medium_flood_dup0_s20260625,nonbonded,8729,PRIVPROBE:0,host_scan,504,False,0,host_scan
m12_medium_flood_dup0_s20260625_nonbonded,BudgetDoS,m12_medium_flood_dup0_s20260625,nonbonded,8855,PRIVPROBE:0,budget_skip,0,False,0,budget_skip
m12_medium_flood_dup0_s20260625_nonbonded,BudgetDoS,m12_medium_flood_dup0_s20260625,nonbonded,9001,PRIVPROBE:0,budget_skip,0,False,0,budget_skip
m12_medium_flood_dup0_s20260625_nonbonded,BudgetDoS,m12_medium_flood_dup0_s20260625,nonbonded,9118,PRIVPROBE:0,budget_skip,0,False,0,budget_skip
m12_medium_flood_dup0_s20260625_nonbonded,BudgetDoS,m12_medium_flood_dup0_s20260625,nonbonded,9241,PRIVPROBE:0,budget_skip,0,False,0,budget_skip
m12_medium_flood_dup0_s20260625_nonbonded,BudgetDoS,m12_medium_flood_dup0_s20260625,nonbonded,9379,PRIVPROBE:0,budget_skip,0,False,0,budget_skip
m12_medium_flood_dup0_s20260625_nonbonded,BudgetDoS,m12_medium_flood_dup0_s20260625,nonbonded,9516,PRIVPROBE:0,budget_skip,0,False,0,budget_skip
m12_medium_flood_dup0_s20260625_nonbonded,BudgetDoS,m12_medium_flood_dup0_s20260625,nonbonded,9646,PRIVPROBE:0,budget_skip,0,False,0,budget_skip
m12_medium_flood_dup0_s20260625_nonbonded,BudgetDoS,m12_medium_flood_dup0_s20260625,nonbonded,9759,PRIVPROBE:0,budget_skip,0,False,0,budget_skip
m12_medium_flood_dup0_s20260625_nonbonded,BudgetDoS,m12_medium_flood_dup0_s20260625,nonbonded,9880,PRIVPROBE:0,budget_skip,0,False,0,budget_skip
m12_medium_flood_dup0_s20260625_nonbonded,BudgetDoS,m12_medium_flood_dup0_s20260625,nonbonded,9998,PRIVPROBE:0,budget_skip,0,False,0,budget_skip
m12_medium_flood_dup0_s20260625_nonbonded,BudgetDoS,m12_medium_flood_dup0_s20260625,nonbonded,10112,PRIVPROBE:0,budget_skip,0,False,0,budget_skip
m12_medium_flood_dup0_s20260625_nonbonded,BudgetDoS,m12_medium_flood_dup0_s20260625,nonbonded,10241,PRIVPROBE:0,host_scan,504,False,0,host_scan
m12_medium_flood_dup0_s20260625_nonbonded,BudgetDoS,m12_medium_flood_dup0_s20260625,nonbonded,10340,PRIVPROBE:0,budget_skip,0,False,0,budget_skip
m12_medium_flood_dup0_s20260625_nonbonded,BudgetDoS,m12_medium_flood_dup0_s20260625,nonbonded,10458,PRIVPROBE:0,budget_skip,0,False,0,budget_skip
m12_medium_flood_dup0_s20260625_nonbonded,BudgetDoS,m12_medium_flood_dup0_s20260625,nonbonded,10578,PRIVPROBE:0,budget_skip,0,False,0,budget_skip
m12_medium_flood_dup0_s20260625_nonbonded,BudgetDoS,m12_medium_flood_dup0_s20260625,nonbonded,10711,PRIVPROBE:0,budget_skip,0,False,0,budget_skip
m12_medium_flood_dup0_s20260625_nonbonded,BudgetDoS,m12_medium_flood_dup0_s20260625,nonbonded,10856,PRIVPROBE:0,budget_skip,0,False,0,budget_skip
m12_medium_flood_dup0_s20260625_nonbonded,BudgetDoS,m12_medium_flood_dup0_s20260625,nonbonded,10985,PRIVPROBE:0,budget_skip,0,False,0,budget_skip
m12_medium_flood_dup0_s20260625_nonbonded,BudgetDoS,m12_medium_flood_dup0_s20260625,nonbonded,11124,PRIVPROBE:0,budget_skip,0,False,0,budget_skip
m12_medium_flood_dup0_s20260625_nonbonded,BudgetDoS,m12_medium_flood_dup0_s20260625,nonbonded,11254,PRIVPROBE:0,budget_skip,0,False,0,budget_skip
m12_medium_flood_dup0_s20260625_nonbonded,BudgetDoS,m12_medium_flood_dup0_s20260625,nonbonded,11385,PRIVPROBE:0,budget_skip,0,False,0,budget_skip
m12_medium_flood_dup0_s20260625_nonbonded,BudgetDoS,m12_medium_flood_dup0_s20260625,nonbonded,11516,PRIVPROBE:0,budget_skip,0,False,0,budget_skip
m12_medium_flood_dup0_s20260625_nonbonded,BudgetDoS,m12_medium_flood_dup0_s20260625,nonbonded,11640,PRIVPROBE:0,budget_skip,0,False,0,budget_skip
m12_medium_flood_dup0_s20260625_nonbonded,BudgetDoS,m12_medium_flood_dup0_s20260625,nonbonded,11782,PRIVPROBE:0,host_scan,504,False,0,host_scan
m12_medium_flood_dup0_s20260625_nonbonded,BudgetDoS,m12_medium_flood_dup0_s20260625,nonbonded,11885,PRIVPROBE:0,budget_skip,0,False,0,budget_skip
m12_medium_flood_dup0_s20260625_nonbonded,BudgetDoS,m12_medium_flood_dup0_s20260625,nonbonded,12002,PRIVPROBE:0,budget_skip,0,False,0,budget_skip
m12_medium_flood_dup0_s20260625_nonbonded,BudgetDoS,m12_medium_flood_dup0_s20260625,nonbonded,12110,PRIVPROBE:0,budget_skip,0,False,0,budget_skip
m12_medium_flood_dup0_s20260625_nonbonded,BudgetDoS,m12_medium_flood_dup0_s20260625,nonbonded,12229,PRIVPROBE:0,budget_skip,0,False,0,budget_skip
m12_medium_flood_dup0_s20260625_nonbonded,BudgetDoS,m12_medium_flood_dup0_s20260625,nonbonded,12363,PRIVPROBE:0,budget_skip,0,False,0,budget_skip
m12_medium_flood_dup0_s20260625_nonbonded,BudgetDoS,m12_medium_flood_dup0_s20260625,nonbonded,12487,PRIVPROBE:0,budget_skip,0,False,0,budget_skip
m12_medium_flood_dup0_s20260625_nonbonded,BudgetDoS,m12_medium_flood_dup0_s20260625,nonbonded,12622,PRIVPROBE:0,budget_skip,0,False,0,budget_skip
m12_medium_flood_dup0_s20260625_nonbonded,BudgetDoS,m12_medium_flood_dup0_s20260625,nonbonded,12740,PRIVPROBE:0,budget_skip,0,False,0,budget_skip
m12_medium_flood_dup0_s20260625_nonbonded,BudgetDoS,m12_medium_flood_dup0_s20260625,nonbonded,12860,PRIVPROBE:0,budget_skip,0,False,0,budget_skip
m12_medium_flood_dup0_s20260625_nonbonded,BudgetDoS,m12_medium_flood_dup0_s20260625,nonbonded,12992,PRIVPROBE:0,budget_skip,0,False,0,budget_skip
m12_medium_flood_dup0_s20260625_nonbonded,BudgetDoS,m12_medium_flood_dup0_s20260625,nonbonded,13105,PRIVPROBE:0,budget_skip,0,False,0,budget_skip
m12_medium_flood_dup0_s20260625_nonbonded,BudgetDoS,m12_medium_flood_dup0_s20260625,nonbonded,13208,PRIVPROBE:0,host_scan,504,False,0,host_scan
m12_medium_flood_dup0_s20260625_nonbonded,BudgetDoS,m12_medium_flood_dup0_s20260625,nonbonded,13336,PRIVPROBE:0,budget_skip,0,False,0,budget_skip
m12_medium_flood_dup0_s20260625_nonbonded,BudgetDoS,m12_medium_flood_dup0_s20260625,nonbonded,13486,PRIVPROBE:0,budget_skip,0,False,0,budget_skip
m12_medium_flood_dup0_s20260625_nonbonded,BudgetDoS,m12_medium_flood_dup0_s20260625,nonbonded,13601,PRIVPROBE:0,budget_skip,0,False,0,budget_skip
m12_medium_flood_dup0_s20260625_nonbonded,BudgetDoS,m12_medium_flood_dup0_s20260625,nonbonded,13714,PRIVPROBE:0,budget_skip,0,False,0,budget_skip
m12_medium_flood_dup0_s20260625_nonbonded,BudgetDoS,m12_medium_flood_dup0_s20260625,nonbonded,13838,PRIVPROBE:0,budget_skip,0,False,0,budget_skip
m12_medium_flood_dup0_s20260625_nonbonded,BudgetDoS,m12_medium_flood_dup0_s20260625,nonbonded,13968,PRIVPROBE:0,budget_skip,0,False,0,budget_skip
m12_medium_flood_dup0_s20260625_nonbonded,BudgetDoS,m12_medium_flood_dup0_s20260625,nonbonded,14111,PRIVPROBE:0,budget_skip,0,False,0,budget_skip
m12_medium_flood_dup0_s20260625_nonbonded,BudgetDoS,m12_medium_flood_dup0_s20260625,nonbonded,14244,PRIVPROBE:0,budget_skip,0,False,0,budget_skip
m12_medium_flood_dup0_s20260625_nonbonded,BudgetDoS,m12_medium_flood_dup0_s20260625,nonbonded,14366,PRIVPROBE:0,budget_skip,0,False,0,budget_skip
m12_medium_flood_dup0_s20260625_nonbonded,BudgetDoS,m12_medium_flood_dup0_s20260625,nonbonded,14494,PRIVPROBE:0,budget_skip,0,False,0,budget_skip
m12_medium_flood_dup0_s20260625_nonbonded,BudgetDoS,m12_medium_flood_dup0_s20260625,nonbonded,14599,PRIVPROBE:0,budget_skip,0,False,0,budget_skip
m12_medium_flood_dup0_s20260625_nonbonded,BudgetDoS,m12_medium_flood_dup0_s20260625,nonbonded,14732,PRIVPROBE:0,host_scan,504,False,0,host_scan
m12_medium_flood_dup0_s20260625_nonbonded,BudgetDoS,m12_medium_flood_dup0_s20260625,nonbonded,14845,PRIVPROBE:0,budget_skip,0,False,0,budget_skip
m12_medium_flood_dup0_s20260625_nonbonded,BudgetDoS,m12_medium_flood_dup0_s20260625,nonbonded,14985,PRIVPROBE:0,budget_skip,0,False,0,budget_skip
m12_medium_flood_dup0_s20260625_nonbonded,BudgetDoS,m12_medium_flood_dup0_s20260625,nonbonded,15101,PRIVPROBE:0,budget_skip,0,False,0,budget_skip
m12_medium_flood_dup0_s20260625_nonbonded,BudgetDoS,m12_medium_flood_dup0_s20260625,nonbonded,15224,PRIVPROBE:0,budget_skip,0,False,0,budget_skip
m12_medium_flood_dup0_s20260625_nonbonded,BudgetDoS,m12_medium_flood_dup0_s20260625,nonbonded,15333,PRIVPROBE:0,budget_skip,0,False,0,budget_skip
m12_medium_flood_dup0_s20260625_nonbonded,BudgetDoS,m12_medium_flood_dup0_s20260625,nonbonded,15449,PRIVPROBE:0,budget_skip,0,False,0,budget_skip
m12_medium_flood_dup0_s20260625_nonbonded,BudgetDoS,m12_medium_flood_dup0_s20260625,nonbonded,15571,PRIVPROBE:0,budget_skip,0,False,0,budget_skip
m12_medium_flood_dup0_s20260625_nonbonded,BudgetDoS,m12_medium_flood_dup0_s20260625,nonbonded,15676,PRIVPROBE:0,budget_skip,0,False,0,budget_skip
m12_medium_flood_dup0_s20260625_nonbonded,BudgetDoS,m12_medium_flood_dup0_s20260625,nonbonded,15803,PRIVPROBE:0,budget_skip,0,False,0,budget_skip
m12_medium_flood_dup0_s20260625_nonbonded,BudgetDoS,m12_medium_flood_dup0_s20260625,nonbonded,15923,PRIVPROBE:0,budget_skip,0,False,0,budget_skip
m12_medium_flood_dup0_s20260625_nonbonded,BudgetDoS,m12_medium_flood_dup0_s20260625,nonbonded,16059,PRIVPROBE:0,budget_skip,0,False,0,budget_skip
m12_medium_flood_dup0_s20260625_nonbonded,BudgetDoS,m12_medium_flood_dup0_s20260625,nonbonded,16185,PRIVPROBE:0,host_scan,504,False,0,host_scan
m12_medium_flood_dup0_s20260625_nonbonded,BudgetDoS,m12_medium_flood_dup0_s20260625,nonbonded,16318,PRIVPROBE:0,budget_skip,0,False,0,budget_skip
m12_medium_flood_dup0_s20260625_nonbonded,BudgetDoS,m12_medium_flood_dup0_s20260625,nonbonded,16431,PRIVPROBE:0,budget_skip,0,False,0,budget_skip
m12_medium_flood_dup0_s20260625_nonbonded,BudgetDoS,m12_medium_flood_dup0_s20260625,nonbonded,16567,PRIVPROBE:0,budget_skip,0,False,0,budget_skip
m12_medium_flood_dup0_s20260625_nonbonded,BudgetDoS,m12_medium_flood_dup0_s20260625,nonbonded,16671,PRIVPROBE:0,budget_skip,0,False,0,budget_skip
m12_medium_flood_dup0_s20260625_nonbonded,BudgetDoS,m12_medium_flood_dup0_s20260625,nonbonded,16768,PRIVPROBE:0,budget_skip,0,False,0,budget_skip
m12_medium_flood_dup0_s20260625_nonbonded,BudgetDoS,m12_medium_flood_dup0_s20260625,nonbonded,16871,PRIVPROBE:0,budget_skip,0,False,0,budget_skip
m12_medium_flood_dup0_s20260625_nonbonded,BudgetDoS,m12_medium_flood_dup0_s20260625,nonbonded,16993,PRIVPROBE:0,budget_skip,0,False,0,budget_skip
m12_medium_flood_dup0_s20260625_nonbonded,BudgetDoS,m12_medium_flood_dup0_s20260625,nonbonded,17122,PRIVPROBE:0,budget_skip,0,False,0,budget_skip
m12_medium_flood_dup0_s20260625_nonbonded,BudgetDoS,m12_medium_flood_dup0_s20260625,nonbonded,17246,PRIVPROBE:0,budget_skip,0,False,0,budget_skip
m12_medium_flood_dup0_s20260625_nonbonded,BudgetDoS,m12_medium_flood_dup0_s20260625,nonbonded,17368,PRIVPROBE:0,budget_skip,0,False,0,budget_skip
m12_medium_flood_dup0_s20260625_nonbonded,BudgetDoS,m12_medium_flood_dup0_s20260625,nonbonded,17511,PRIVPROBE:0,budget_skip,0,False,0,budget_skip
m12_medium_flood_dup0_s20260625_nonbonded,BudgetDoS,m12_medium_flood_dup0_s20260625,nonbonded,17635,PRIVPROBE:0,host_scan,504,False,0,host_scan
m12_medium_flood_dup0_s20260625_nonbonded,BudgetDoS,m12_medium_flood_dup0_s20260625,nonbonded,17763,PRIVPROBE:0,budget_skip,0,False,0,budget_skip
m12_medium_flood_dup0_s20260625_nonbonded,BudgetDoS,m12_medium_flood_dup0_s20260625,nonbonded,17900,PRIVPROBE:0,budget_skip,0,False,0,budget_skip
m12_medium_flood_dup0_s20260625_nonbonded,BudgetDoS,m12_medium_flood_dup0_s20260625,nonbonded,18017,PRIVPROBE:0,budget_skip,0,False,0,budget_skip
m12_medium_flood_dup0_s20260625_nonbonded,BudgetDoS,m12_medium_flood_dup0_s20260625,nonbonded,18145,PRIVPROBE:0,budget_skip,0,False,0,budget_skip
m12_medium_flood_dup0_s20260625_nonbonded,BudgetDoS,m12_medium_flood_dup0_s20260625,nonbonded,18304,PRIVPROBE:0,budget_skip,0,False,0,budget_skip
m12_medium_flood_dup0_s20260625_nonbonded,BudgetDoS,m12_medium_flood_dup0_s20260625,nonbonded,18432,PRIVPROBE:0,budget_skip,0,False,0,budget_skip
m12_medium_flood_dup0_s20260625_nonbonded,BudgetDoS,m12_medium_flood_dup0_s20260625,nonbonded,18543,PRIVPROBE:0,budget_skip,0,False,0,budget_skip
m12_medium_flood_dup0_s20260625_nonbonded,BudgetDoS,m12_medium_flood_dup0_s20260625,nonbonded,18669,PRIVPROBE:0,budget_skip,0,False,0,budget_skip
m12_medium_flood_dup0_s20260625_nonbonded,BudgetDoS,m12_medium_flood_dup0_s20260625,nonbonded,18793,PRIVPROBE:0,budget_skip,0,False,0,budget_skip
m12_medium_flood_dup0_s20260625_nonbonded,BudgetDoS,m12_medium_flood_dup0_s20260625,nonbonded,18913,PRIVPROBE:0,budget_skip,0,False,0,budget_skip
m12_medium_flood_dup0_s20260625_nonbonded,BudgetDoS,m12_medium_flood_dup0_s20260625,nonbonded,19025,PRIVPROBE:0,budget_skip,0,False,0,budget_skip
m12_medium_flood_dup0_s20260625_nonbonded,BudgetDoS,m12_medium_flood_dup0_s20260625,nonbonded,19150,PRIVPROBE:0,host_scan,504,False,0,host_scan
m12_medium_flood_dup0_s20260625_nonbonded,BudgetDoS,m12_medium_flood_dup0_s20260625,nonbonded,19278,PRIVPROBE:0,budget_skip,0,False,0,budget_skip
m12_medium_flood_dup0_s20260625_nonbonded,BudgetDoS,m12_medium_flood_dup0_s20260625,nonbonded,19395,PRIVPROBE:0,budget_skip,0,False,0,budget_skip
m12_medium_flood_dup0_s20260625_nonbonded,BudgetDoS,m12_medium_flood_dup0_s20260625,nonbonded,19520,PRIVPROBE:0,budget_skip,0,False,0,budget_skip
m12_medium_flood_dup0_s20260625_nonbonded,BudgetDoS,m12_medium_flood_dup0_s20260625,nonbonded,19654,PRIVPROBE:0,budget_skip,0,False,0,budget_skip
m12_medium_flood_dup0_s20260625_nonbonded,BudgetDoS,m12_medium_flood_dup0_s20260625,nonbonded,19775,PRIVPROBE:0,budget_skip,0,False,0,budget_skip
m12_medium_flood_dup0_s20260625_nonbonded,BudgetDoS,m12_medium_flood_dup0_s20260625,nonbonded,19900,PRIVPROBE:0,budget_skip,0,False,0,budget_skip
m12_medium_flood_dup0_s20260625_nonbonded,BudgetDoS,m12_medium_flood_dup0_s20260625,nonbonded,20035,PRIVPROBE:0,budget_skip,0,False,0,budget_skip
m12_medium_flood_dup0_s20260625_nonbonded,BudgetDoS,m12_medium_flood_dup0_s20260625,nonbonded,20166,PRIVPROBE:0,budget_skip,0,False,0,budget_skip
m12_medium_flood_dup0_s20260625_nonbonded,BudgetDoS,m12_medium_flood_dup0_s20260625,nonbonded,20310,PRIVPROBE:0,budget_skip,0,False,0,budget_skip
m12_medium_flood_dup0_s20260625_nonbonded,BudgetDoS,m12_medium_flood_dup0_s20260625,nonbonded,20433,PRIVPROBE:0,budget_skip,0,False,0,budget_skip
m12_medium_flood_dup0_s20260625_nonbonded,BudgetDoS,m12_medium_flood_dup0_s20260625,nonbonded,20566,PRIVPROBE:0,budget_skip,0,False,0,budget_skip
m12_medium_flood_dup0_s20260625_nonbonded,BudgetDoS,m12_medium_flood_dup0_s20260625,nonbonded,20692,PRIVPROBE:0,host_scan,504,False,0,host_scan
m12_medium_flood_dup0_s20260625_nonbonded,BudgetDoS,m12_medium_flood_dup0_s20260625,nonbonded,20817,PRIVPROBE:0,budget_skip,0,False,0,budget_skip
m12_medium_flood_dup0_s20260625_nonbonded,BudgetDoS,m12_medium_flood_dup0_s20260625,nonbonded,20950,PRIVPROBE:0,budget_skip,0,False,0,budget_skip
m12_medium_flood_dup0_s20260625_nonbonded,BudgetDoS,m12_medium_flood_dup0_s20260625,nonbonded,21070,PRIVPROBE:0,budget_skip,0,False,0,budget_skip
m12_medium_flood_dup0_s20260625_nonbonded,BudgetDoS,m12_medium_flood_dup0_s20260625,nonbonded,21189,PRIVPROBE:0,budget_skip,0,False,0,budget_skip
m12_medium_flood_dup0_s20260625_nonbonded,BudgetDoS,m12_medium_flood_dup0_s20260625,nonbonded,21297,PRIVPROBE:0,budget_skip,0,False,0,budget_skip
m12_medium_flood_dup0_s20260625_nonbonded,BudgetDoS,m12_medium_flood_dup0_s20260625,nonbonded,21439,PRIVPROBE:0,budget_skip,0,False,0,budget_skip
m12_medium_flood_dup0_s20260625_nonbonded,BudgetDoS,m12_medium_flood_dup0_s20260625,nonbonded,21561,PRIVPROBE:0,budget_skip,0,False,0,budget_skip
m12_medium_flood_dup0_s20260625_nonbonded,BudgetDoS,m12_medium_flood_dup0_s20260625,nonbonded,21678,PRIVPROBE:0,budget_skip,0,False,0,budget_skip
m12_medium_flood_dup0_s20260625_nonbonded,BudgetDoS,m12_medium_flood_dup0_s20260625,nonbonded,21831,PRIVPROBE:0,budget_skip,0,False,0,budget_skip
m12_medium_flood_dup0_s20260625_nonbonded,BudgetDoS,m12_medium_flood_dup0_s20260625,nonbonded,21941,PRIVPROBE:0,budget_skip,0,False,0,budget_skip
m12_medium_flood_dup0_s20260625_nonbonded,BudgetDoS,m12_medium_flood_dup0_s20260625,nonbonded,22053,PRIVPROBE:0,budget_skip,0,False,0,budget_skip
m12_medium_flood_dup0_s20260625_nonbonded,BudgetDoS,m12_medium_flood_dup0_s20260625,nonbonded,22180,PRIVPROBE:1,host_scan,504,False,0,host_scan
m12_medium_flood_dup0_s20260625_nonbonded,BudgetDoS,m12_medium_flood_dup0_s20260625,nonbonded,22302,PRIVPROBE:1,budget_skip,0,False,0,budget_skip
m12_medium_flood_dup0_s20260625_nonbonded,BudgetDoS,m12_medium_flood_dup0_s20260625,nonbonded,22415,PRIVPROBE:1,budget_skip,0,False,0,budget_skip
m12_medium_flood_dup0_s20260625_nonbonded,BudgetDoS,m12_medium_flood_dup0_s20260625,nonbonded,22548,PRIVPROBE:1,budget_skip,0,False,0,budget_skip
m12_medium_flood_dup0_s20260625_nonbonded,BudgetDoS,m12_medium_flood_dup0_s20260625,nonbonded,22680,PRIVPROBE:1,budget_skip,0,False,0,budget_skip
m12_medium_flood_dup0_s20260625_nonbonded,BudgetDoS,m12_medium_flood_dup0_s20260625,nonbonded,22805,PRIVPROBE:1,budget_skip,0,False,0,budget_skip
m12_medium_flood_dup0_s20260625_nonbonded,BudgetDoS,m12_medium_flood_dup0_s20260625,nonbonded,22910,PRIVPROBE:1,budget_skip,0,False,0,budget_skip
m12_medium_flood_dup0_s20260625_nonbonded,BudgetDoS,m12_medium_flood_dup0_s20260625,nonbonded,23015,PRIVPROBE:1,budget_skip,0,False,0,budget_skip
m12_medium_flood_dup0_s20260625_nonbonded,BudgetDoS,m12_medium_flood_dup0_s20260625,nonbonded,23112,PRIVPROBE:1,budget_skip,0,False,0,budget_skip
m12_medium_flood_dup0_s20260625_nonbonded,BudgetDoS,m12_medium_flood_dup0_s20260625,nonbonded,23231,PRIVPROBE:1,budget_skip,0,False,0,budget_skip
m12_medium_flood_dup0_s20260625_nonbonded,BudgetDoS,m12_medium_flood_dup0_s20260625,nonbonded,23382,PRIVPROBE:1,budget_skip,0,False,0,budget_skip
m12_medium_flood_dup0_s20260625_nonbonded,BudgetDoS,m12_medium_flood_dup0_s20260625,nonbonded,23515,PRIVPROBE:1,budget_skip,0,False,0,budget_skip
m12_medium_flood_dup0_s20260625_nonbonded,BudgetDoS,m12_medium_flood_dup0_s20260625,nonbonded,23659,PRIVPROBE:1,host_scan,504,False,0,host_scan
m12_medium_flood_dup0_s20260625_nonbonded,BudgetDoS,m12_medium_flood_dup0_s20260625,nonbonded,23787,PRIVPROBE:1,budget_skip,0,False,0,budget_skip
m12_medium_flood_dup0_s20260625_nonbonded,BudgetDoS,m12_medium_flood_dup0_s20260625,nonbonded,23911,PRIVPROBE:1,budget_skip,0,False,0,budget_skip
m12_medium_flood_dup0_s20260625_nonbonded,BudgetDoS,m12_medium_flood_dup0_s20260625,nonbonded,24050,PRIVPROBE:1,budget_skip,0,False,0,budget_skip
m12_medium_flood_dup0_s20260625_nonbonded,BudgetDoS,m12_medium_flood_dup0_s20260625,nonbonded,24207,PRIVPROBE:1,budget_skip,0,False,0,budget_skip
m12_medium_flood_dup0_s20260625_nonbonded,BudgetDoS,m12_medium_flood_dup0_s20260625,nonbonded,24317,PRIVPROBE:1,budget_skip,0,False,0,budget_skip
m12_medium_flood_dup0_s20260625_nonbonded,BudgetDoS,m12_medium_flood_dup0_s20260625,nonbonded,24435,PRIVPROBE:1,budget_skip,0,False,0,budget_skip
m12_medium_flood_dup0_s20260625_nonbonded,BudgetDoS,m12_medium_flood_dup0_s20260625,nonbonded,24552,PRIVPROBE:1,budget_skip,0,False,0,budget_skip
m12_medium_flood_dup0_s20260625_nonbonded,BudgetDoS,m12_medium_flood_dup0_s20260625,nonbonded,24662,PRIVPROBE:1,budget_skip,0,False,0,budget_skip
m12_medium_flood_dup0_s20260625_nonbonded,BudgetDoS,m12_medium_flood_dup0_s20260625,nonbonded,24806,PRIVPROBE:1,budget_skip,0,False,0,budget_skip
m12_medium_flood_dup0_s20260625_nonbonded,BudgetDoS,m12_medium_flood_dup0_s20260625,nonbonded,24936,PRIVPROBE:1,budget_skip,0,False,0,budget_skip
m12_medium_flood_dup0_s20260625_nonbonded,BudgetDoS,m12_medium_flood_dup0_s20260625,nonbonded,25076,PRIVPROBE:1,budget_skip,0,False,0,budget_skip
m12_medium_flood_dup0_s20260625_nonbonded,BudgetDoS,m12_medium_flood_dup0_s20260625,nonbonded,25209,PRIVPROBE:1,host_scan,504,False,0,host_scan
m12_medium_flood_dup0_s20260625_nonbonded,BudgetDoS,m12_medium_flood_dup0_s20260625,nonbonded,25322,PRIVPROBE:1,budget_skip,0,False,0,budget_skip
m12_medium_flood_dup0_s20260625_nonbonded,BudgetDoS,m12_medium_flood_dup0_s20260625,nonbonded,25451,PRIVPROBE:1,budget_skip,0,False,0,budget_skip
m12_medium_flood_dup0_s20260625_nonbonded,BudgetDoS,m12_medium_flood_dup0_s20260625,nonbonded,25572,PRIVPROBE:1,budget_skip,0,False,0,budget_skip
m12_medium_flood_dup0_s20260625_nonbonded,BudgetDoS,m12_medium_flood_dup0_s20260625,nonbonded,25689,PRIVPROBE:1,budget_skip,0,False,0,budget_skip
m12_medium_flood_dup0_s20260625_nonbonded,BudgetDoS,m12_medium_flood_dup0_s20260625,nonbonded,25783,PRIVPROBE:1,budget_skip,0,False,0,budget_skip
m12_medium_flood_dup0_s20260625_nonbonded,BudgetDoS,m12_medium_flood_dup0_s20260625,nonbonded,25910,PRIVPROBE:1,budget_skip,0,False,0,budget_skip
m12_medium_flood_dup0_s20260625_nonbonded,BudgetDoS,m12_medium_flood_dup0_s20260625,nonbonded,26032,PRIVPROBE:1,budget_skip,0,False,0,budget_skip
m12_medium_flood_dup0_s20260625_nonbonded,BudgetDoS,m12_medium_flood_dup0_s20260625,nonbonded,26141,PRIVPROBE:1,budget_skip,0,False,0,budget_skip
m12_medium_flood_dup0_s20260625_nonbonded,BudgetDoS,m12_medium_flood_dup0_s20260625,nonbonded,26266,PRIVPROBE:1,budget_skip,0,False,0,budget_skip
m12_medium_flood_dup0_s20260625_nonbonded,BudgetDoS,m12_medium_flood_dup0_s20260625,nonbonded,26382,PRIVPROBE:1,budget_skip,0,False,0,budget_skip
m12_medium_flood_dup0_s20260625_nonbonded,BudgetDoS,m12_medium_flood_dup0_s20260625,nonbonded,26501,PRIVPROBE:1,budget_skip,0,False,0,budget_skip
m12_medium_flood_dup0_s20260625_nonbonded,BudgetDoS,m12_medium_flood_dup0_s20260625,nonbonded,26611,PRIVPROBE:1,host_scan,504,False,0,host_scan
m12_medium_flood_dup0_s20260625_nonbonded,BudgetDoS,m12_medium_flood_dup0_s20260625,nonbonded,26721,PRIVPROBE:1,budget_skip,0,False,0,budget_skip
m12_medium_flood_dup0_s20260625_nonbonded,BudgetDoS,m12_medium_flood_dup0_s20260625,nonbonded,26830,PRIVPROBE:1,budget_skip,0,False,0,budget_skip
m12_medium_flood_dup0_s20260625_nonbonded,BudgetDoS,m12_medium_flood_dup0_s20260625,nonbonded,26938,PRIVPROBE:1,budget_skip,0,False,0,budget_skip
m12_medium_flood_dup0_s20260625_nonbonded,BudgetDoS,m12_medium_flood_dup0_s20260625,nonbonded,27072,PRIVPROBE:1,budget_skip,0,False,0,budget_skip
m12_medium_flood_dup0_s20260625_nonbonded,BudgetDoS,m12_medium_flood_dup0_s20260625,nonbonded,27225,PRIVPROBE:1,budget_skip,0,False,0,budget_skip
m12_medium_flood_dup0_s20260625_nonbonded,BudgetDoS,m12_medium_flood_dup0_s20260625,nonbonded,27329,PRIVPROBE:1,budget_skip,0,False,0,budget_skip
m12_medium_flood_dup0_s20260625_nonbonded,BudgetDoS,m12_medium_flood_dup0_s20260625,nonbonded,27457,PRIVPROBE:1,budget_skip,0,False,0,budget_skip
m12_medium_flood_dup0_s20260625_nonbonded,BudgetDoS,m12_medium_flood_dup0_s20260625,nonbonded,27587,PRIVPROBE:1,budget_skip,0,False,0,budget_skip
m12_medium_flood_dup0_s20260625_nonbonded,BudgetDoS,m12_medium_flood_dup0_s20260625,nonbonded,27707,PRIVPROBE:1,budget_skip,0,False,0,budget_skip
m12_medium_flood_dup0_s20260625_nonbonded,BudgetDoS,m12_medium_flood_dup0_s20260625,nonbonded,27851,PRIVPROBE:1,budget_skip,0,False,0,budget_skip
m12_medium_flood_dup0_s20260625_nonbonded,BudgetDoS,m12_medium_flood_dup0_s20260625,nonbonded,27987,PRIVPROBE:1,budget_skip,0,False,0,budget_skip
m12_medium_flood_dup0_s20260625_nonbonded,BudgetDoS,m12_medium_flood_dup0_s20260625,nonbonded,28100,PRIVPROBE:1,host_scan,504,False,0,host_scan
m12_medium_flood_dup0_s20260625_nonbonded,BudgetDoS,m12_medium_flood_dup0_s20260625,nonbonded,28251,PRIVPROBE:1,budget_skip,0,False,0,budget_skip
m12_medium_flood_dup0_s20260625_nonbonded,BudgetDoS,m12_medium_flood_dup0_s20260625,nonbonded,28383,PRIVPROBE:1,budget_skip,0,False,0,budget_skip
m12_medium_flood_dup0_s20260625_nonbonded,BudgetDoS,m12_medium_flood_dup0_s20260625,nonbonded,28505,PRIVPROBE:1,budget_skip,0,False,0,budget_skip
m12_medium_flood_dup0_s20260625_nonbonded,BudgetDoS,m12_medium_flood_dup0_s20260625,nonbonded,28624,PRIVPROBE:1,budget_skip,0,False,0,budget_skip
m12_medium_flood_dup0_s20260625_nonbonded,BudgetDoS,m12_medium_flood_dup0_s20260625,nonbonded,28745,PRIVPROBE:1,budget_skip,0,False,0,budget_skip
m12_medium_flood_dup0_s20260625_nonbonded,BudgetDoS,m12_medium_flood_dup0_s20260625,nonbonded,28874,PRIVPROBE:1,budget_skip,0,False,0,budget_skip
m12_medium_flood_dup0_s20260625_nonbonded,BudgetDoS,m12_medium_flood_dup0_s20260625,nonbonded,28997,PRIVPROBE:1,budget_skip,0,False,0,budget_skip
m12_medium_flood_dup0_s20260625_nonbonded,BudgetDoS,m12_medium_flood_dup0_s20260625,nonbonded,29138,PRIVPROBE:1,budget_skip,0,False,0,budget_skip
m12_medium_flood_dup0_s20260625_nonbonded,BudgetDoS,m12_medium_flood_dup0_s20260625,nonbonded,29268,PRIVPROBE:1,budget_skip,0,False,0,budget_skip
m12_medium_flood_dup0_s20260625_nonbonded,BudgetDoS,m12_medium_flood_dup0_s20260625,nonbonded,29375,PRIVPROBE:1,budget_skip,0,False,0,budget_skip
m12_medium_flood_dup0_s20260625_nonbonded,BudgetDoS,m12_medium_flood_dup0_s20260625,nonbonded,29496,PRIVPROBE:1,budget_skip,0,False,0,budget_skip
m12_medium_flood_dup0_s20260625_nonbonded,BudgetDoS,m12_medium_flood_dup0_s20260625,nonbonded,29610,PRIVPROBE:1,host_scan,504,False,0,host_scan
m12_medium_flood_dup0_s20260625_nonbonded,BudgetDoS,m12_medium_flood_dup0_s20260625,nonbonded,29734,PRIVPROBE:1,budget_skip,0,False,0,budget_skip
m12_medium_flood_dup0_s20260625_nonbonded,BudgetDoS,m12_medium_flood_dup0_s20260625,nonbonded,29878,PRIVPROBE:1,budget_skip,0,False,0,budget_skip
m12_medium_flood_dup0_s20260625_nonbonded,BudgetDoS,m12_medium_flood_dup0_s20260625,nonbonded,30015,PRIVPROBE:1,budget_skip,0,False,0,budget_skip
m12_medium_flood_dup0_s20260625_nonbonded,BudgetDoS,m12_medium_flood_dup0_s20260625,nonbonded,30150,PRIVPROBE:1,budget_skip,0,False,0,budget_skip
m12_medium_flood_dup0_s20260625_nonbonded,BudgetDoS,m12_medium_flood_dup0_s20260625,nonbonded,30261,PRIVPROBE:1,budget_skip,0,False,0,budget_skip
m12_medium_flood_dup0_s20260625_nonbonded,BudgetDoS,m12_medium_flood_dup0_s20260625,nonbonded,30355,PRIVPROBE:1,budget_skip,0,False,0,budget_skip
m12_medium_flood_dup0_s20260625_nonbonded,BudgetDoS,m12_medium_flood_dup0_s20260625,nonbonded,30472,PRIVPROBE:1,budget_skip,0,False,0,budget_skip
m12_medium_flood_dup0_s20260625_nonbonded,BudgetDoS,m12_medium_flood_dup0_s20260625,nonbonded,30593,PRIVPROBE:1,budget_skip,0,False,0,budget_skip
m12_medium_flood_dup0_s20260625_nonbonded,BudgetDoS,m12_medium_flood_dup0_s20260625,nonbonded,30700,PRIVPROBE:1,budget_skip,0,False,0,budget_skip
m12_medium_flood_dup0_s20260625_nonbonded,BudgetDoS,m12_medium_flood_dup0_s20260625,nonbonded,30811,PRIVPROBE:1,budget_skip,0,False,0,budget_skip
m12_medium_flood_dup0_s20260625_nonbonded,BudgetDoS,m12_medium_flood_dup0_s20260625,nonbonded,30922,PRIVPROBE:1,budget_skip,0,False,0,budget_skip
m12_medium_flood_dup0_s20260625_nonbonded,BudgetDoS,m12_medium_flood_dup0_s20260625,nonbonded,31021,PRIVPROBE:1,host_scan,504,False,0,host_scan
m12_medium_flood_dup0_s20260625_nonbonded,BudgetDoS,m12_medium_flood_dup0_s20260625,nonbonded,31139,PRIVPROBE:1,budget_skip,0,False,0,budget_skip
m12_medium_flood_dup0_s20260625_nonbonded,BudgetDoS,m12_medium_flood_dup0_s20260625,nonbonded,31288,PRIVPROBE:1,budget_skip,0,False,0,budget_skip
m12_medium_flood_dup0_s20260625_nonbonded,BudgetDoS,m12_medium_flood_dup0_s20260625,nonbonded,31421,PRIVPROBE:1,budget_skip,0,False,0,budget_skip
m12_medium_flood_dup0_s20260625_nonbonded,BudgetDoS,m12_medium_flood_dup0_s20260625,nonbonded,31536,PRIVPROBE:1,budget_skip,0,False,0,budget_skip
m12_medium_flood_dup0_s20260625_nonbonded,BudgetDoS,m12_medium_flood_dup0_s20260625,nonbonded,31674,PRIVPROBE:1,budget_skip,0,False,0,budget_skip
m12_medium_flood_dup0_s20260625_nonbonded,BudgetDoS,m12_medium_flood_dup0_s20260625,nonbonded,31800,PRIVPROBE:1,budget_skip,0,False,0,budget_skip
m12_medium_flood_dup0_s20260625_nonbonded,BudgetDoS,m12_medium_flood_dup0_s20260625,nonbonded,31951,PRIVPROBE:1,budget_skip,0,False,0,budget_skip
m12_medium_flood_dup0_s20260625_nonbonded,BudgetDoS,m12_medium_flood_dup0_s20260625,nonbonded,32077,PRIVPROBE:1,budget_skip,0,False,0,budget_skip
m12_medium_flood_dup0_s20260625_nonbonded,BudgetDoS,m12_medium_flood_dup0_s20260625,nonbonded,32191,PRIVPROBE:1,budget_skip,0,False,0,budget_skip
m12_medium_flood_dup0_s20260625_nonbonded,BudgetDoS,m12_medium_flood_dup0_s20260625,nonbonded,32306,PRIVPROBE:1,budget_skip,0,False,0,budget_skip
m12_medium_flood_dup0_s20260625_nonbonded,BudgetDoS,m12_medium_flood_dup0_s20260625,nonbonded,32422,PRIVPROBE:1,budget_skip,0,False,0,budget_skip
m12_medium_flood_dup0_s20260625_nonbonded,BudgetDoS,m12_medium_flood_dup0_s20260625,nonbonded,32546,PRIVPROBE:1,host_scan,504,False,0,host_scan
m12_medium_flood_dup0_s20260625_nonbonded,BudgetDoS,m12_medium_flood_dup0_s20260625,nonbonded,32682,PRIVPROBE:1,budget_skip,0,False,0,budget_skip
m12_medium_flood_dup0_s20260625_nonbonded,BudgetDoS,m12_medium_flood_dup0_s20260625,nonbonded,32797,PRIVPROBE:1,budget_skip,0,False,0,budget_skip
m12_medium_flood_dup0_s20260625_nonbonded,BudgetDoS,m12_medium_flood_dup0_s20260625,nonbonded,32918,PRIVPROBE:1,budget_skip,0,False,0,budget_skip
m12_medium_flood_dup0_s20260625_nonbonded,BudgetDoS,m12_medium_flood_dup0_s20260625,nonbonded,33025,PRIVPROBE:1,budget_skip,0,False,0,budget_skip
m12_medium_flood_dup0_s20260625_nonbonded,BudgetDoS,m12_medium_flood_dup0_s20260625,nonbonded,33156,PRIVPROBE:1,budget_skip,0,False,0,budget_skip
m12_medium_flood_dup0_s20260625_nonbonded,BudgetDoS,m12_medium_flood_dup0_s20260625,nonbonded,33255,PRIVPROBE:1,budget_skip,0,False,0,budget_skip
m12_medium_flood_dup0_s20260625_nonbonded,BudgetDoS,m12_medium_flood_dup0_s20260625,nonbonded,33376,PRIVPROBE:1,budget_skip,0,False,0,budget_skip
m12_medium_flood_dup0_s20260625_nonbonded,BudgetDoS,m12_medium_flood_dup0_s20260625,nonbonded,33486,PRIVPROBE:1,budget_skip,0,False,0,budget_skip
m12_medium_flood_dup0_s20260625_nonbonded,BudgetDoS,m12_medium_flood_dup0_s20260625,nonbonded,33596,PRIVPROBE:1,budget_skip,0,False,0,budget_skip
m12_medium_flood_dup0_s20260625_nonbonded,BudgetDoS,m12_medium_flood_dup0_s20260625,nonbonded,33713,PRIVPROBE:1,budget_skip,0,False,0,budget_skip
m12_medium_flood_dup0_s20260625_nonbonded,BudgetDoS,m12_medium_flood_dup0_s20260625,nonbonded,33840,PRIVPROBE:1,budget_skip,0,False,0,budget_skip
m12_medium_flood_dup0_s20260625_nonbonded,BudgetDoS,m12_medium_flood_dup0_s20260625,nonbonded,33964,PRIVPROBE:1,host_scan,504,False,0,host_scan
m12_medium_flood_dup0_s20260625_nonbonded,BudgetDoS,m12_medium_flood_dup0_s20260625,nonbonded,34069,PRIVPROBE:1,budget_skip,0,False,0,budget_skip
m12_medium_flood_dup0_s20260625_nonbonded,BudgetDoS,m12_medium_flood_dup0_s20260625,nonbonded,34198,PRIVPROBE:1,budget_skip,0,False,0,budget_skip
m12_medium_flood_dup0_s20260625_nonbonded,BudgetDoS,m12_medium_flood_dup0_s20260625,nonbonded,34298,PRIVPROBE:1,budget_skip,0,False,0,budget_skip
m12_medium_flood_dup0_s20260625_nonbonded,BudgetDoS,m12_medium_flood_dup0_s20260625,nonbonded,34420,PRIVPROBE:1,budget_skip,0,False,0,budget_skip
m12_medium_flood_dup0_s20260625_nonbonded,BudgetDoS,m12_medium_flood_dup0_s20260625,nonbonded,34527,PRIVPROBE:1,budget_skip,0,False,0,budget_skip
m12_medium_flood_dup0_s20260625_nonbonded,BudgetDoS,m12_medium_flood_dup0_s20260625,nonbonded,34639,PRIVPROBE:1,budget_skip,0,False,0,budget_skip
m12_medium_flood_dup0_s20260625_nonbonded,BudgetDoS,m12_medium_flood_dup0_s20260625,nonbonded,34754,PRIVPROBE:1,budget_skip,0,False,0,budget_skip
m12_medium_flood_dup0_s20260625_nonbonded,BudgetDoS,m12_medium_flood_dup0_s20260625,nonbonded,34881,PRIVPROBE:1,budget_skip,0,False,0,budget_skip
m12_medium_flood_dup0_s20260625_nonbonded,BudgetDoS,m12_medium_flood_dup0_s20260625,nonbonded,35003,PRIVPROBE:1,budget_skip,0,False,0,budget_skip
m12_medium_flood_dup0_s20260625_nonbonded,BudgetDoS,m12_medium_flood_dup0_s20260625,nonbonded,35127,PRIVPROBE:1,budget_skip,0,False,0,budget_skip
m12_medium_flood_dup0_s20260625_nonbonded,BudgetDoS,m12_medium_flood_dup0_s20260625,nonbonded,35284,PRIVPROBE:1,budget_skip,0,False,0,budget_skip
m12_medium_flood_dup0_s20260625_nonbonded,BudgetDoS,m12_medium_flood_dup0_s20260625,nonbonded,35415,PRIVPROBE:1,host_scan,504,False,0,host_scan
m12_medium_flood_dup0_s20260625_nonbonded,BudgetDoS,m12_medium_flood_dup0_s20260625,nonbonded,35549,PRIVPROBE:1,budget_skip,0,False,0,budget_skip
m12_medium_flood_dup0_s20260625_nonbonded,BudgetDoS,m12_medium_flood_dup0_s20260625,nonbonded,35649,PRIVPROBE:1,budget_skip,0,False,0,budget_skip
m12_medium_flood_dup0_s20260625_nonbonded,BudgetDoS,m12_medium_flood_dup0_s20260625,nonbonded,35764,PRIVPROBE:1,budget_skip,0,False,0,budget_skip
m12_medium_flood_dup0_s20260625_nonbonded,BudgetDoS,m12_medium_flood_dup0_s20260625,nonbonded,35896,PRIVPROBE:1,budget_skip,0,False,0,budget_skip
m12_medium_flood_dup0_s20260625_nonbonded,BudgetDoS,m12_medium_flood_dup0_s20260625,nonbonded,36010,PRIVPROBE:1,budget_skip,0,False,0,budget_skip
m12_medium_flood_dup0_s20260625_nonbonded,BudgetDoS,m12_medium_flood_dup0_s20260625,nonbonded,36135,PRIVPROBE:1,budget_skip,0,False,0,budget_skip
m12_medium_flood_dup0_s20260625_nonbonded,BudgetDoS,m12_medium_flood_dup0_s20260625,nonbonded,36258,PRIVPROBE:1,budget_skip,0,False,0,budget_skip
m12_medium_flood_dup0_s20260625_nonbonded,BudgetDoS,m12_medium_flood_dup0_s20260625,nonbonded,36370,PRIVPROBE:1,budget_skip,0,False,0,budget_skip
m12_medium_flood_dup0_s20260625_nonbonded,BudgetDoS,m12_medium_flood_dup0_s20260625,nonbonded,36492,PRIVPROBE:1,budget_skip,0,False,0,budget_skip
m12_medium_flood_dup0_s20260625_nonbonded,BudgetDoS,m12_medium_flood_dup0_s20260625,nonbonded,36617,PRIVPROBE:1,budget_skip,0,False,0,budget_skip
m12_medium_flood_dup0_s20260625_nonbonded,BudgetDoS,m12_medium_flood_dup0_s20260625,nonbonded,36749,PRIVPROBE:1,budget_skip,0,False,0,budget_skip
m12_medium_flood_dup0_s20260625_nonbonded,BudgetDoS,m12_medium_flood_dup0_s20260625,nonbonded,36864,PRIVPROBE:1,host_scan,504,False,0,host_scan
m12_medium_flood_dup0_s20260625_nonbonded,BudgetDoS,m12_medium_flood_dup0_s20260625,nonbonded,37006,PRIVPROBE:1,budget_skip,0,False,0,budget_skip
m12_medium_flood_dup0_s20260625_nonbonded,BudgetDoS,m12_medium_flood_dup0_s20260625,nonbonded,37129,PRIVPROBE:1,budget_skip,0,False,0,budget_skip
m12_medium_flood_dup0_s20260625_nonbonded,BudgetDoS,m12_medium_flood_dup0_s20260625,nonbonded,37273,PRIVPROBE:1,budget_skip,0,False,0,budget_skip
m12_medium_flood_dup0_s20260625_nonbonded,BudgetDoS,m12_medium_flood_dup0_s20260625,nonbonded,37390,PRIVPROBE:1,budget_skip,0,False,0,budget_skip
m12_medium_flood_dup0_s20260625_nonbonded,BudgetDoS,m12_medium_flood_dup0_s20260625,nonbonded,37530,PRIVPROBE:1,budget_skip,0,False,0,budget_skip
m12_medium_flood_dup0_s20260625_nonbonded,BudgetDoS,m12_medium_flood_dup0_s20260625,nonbonded,37673,PRIVPROBE:1,budget_skip,0,False,0,budget_skip
m12_medium_flood_dup0_s20260625_nonbonded,BudgetDoS,m12_medium_flood_dup0_s20260625,nonbonded,37796,PRIVPROBE:1,budget_skip,0,False,0,budget_skip
m12_medium_flood_dup0_s20260625_nonbonded,BudgetDoS,m12_medium_flood_dup0_s20260625,nonbonded,37931,PRIVPROBE:1,budget_skip,0,False,0,budget_skip
m12_medium_flood_dup0_s20260625_nonbonded,BudgetDoS,m12_medium_flood_dup0_s20260625,nonbonded,38057,PRIVPROBE:1,budget_skip,0,False,0,budget_skip
m12_medium_flood_dup0_s20260625_nonbonded,BudgetDoS,m12_medium_flood_dup0_s20260625,nonbonded,38165,PRIVPROBE:1,budget_skip,0,False,0,budget_skip
m12_medium_flood_dup0_s20260625_nonbonded,BudgetDoS,m12_medium_flood_dup0_s20260625,nonbonded,38267,PRIVPROBE:1,budget_skip,0,False,0,budget_skip
m12_medium_flood_dup0_s20260625_nonbonded,BudgetDoS,m12_medium_flood_dup0_s20260625,nonbonded,38385,PRIVPROBE:1,host_scan,504,False,0,host_scan
m12_medium_flood_dup0_s20260625_nonbonded,BudgetDoS,m12_medium_flood_dup0_s20260625,nonbonded,38518,PRIVPROBE:1,budget_skip,0,False,0,budget_skip
m12_medium_flood_dup0_s20260625_nonbonded,BudgetDoS,m12_medium_flood_dup0_s20260625,nonbonded,38649,PRIVPROBE:1,budget_skip,0,False,0,budget_skip
m12_medium_flood_dup0_s20260625_nonbonded,BudgetDoS,m12_medium_flood_dup0_s20260625,nonbonded,38781,PRIVPROBE:1,budget_skip,0,False,0,budget_skip
m12_medium_flood_dup0_s20260625_nonbonded,BudgetDoS,m12_medium_flood_dup0_s20260625,nonbonded,38924,PRIVPROBE:1,budget_skip,0,False,0,budget_skip
m12_medium_flood_dup0_s20260625_nonbonded,BudgetDoS,m12_medium_flood_dup0_s20260625,nonbonded,39051,PRIVPROBE:1,budget_skip,0,False,0,budget_skip
m12_medium_flood_dup0_s20260625_nonbonded,BudgetDoS,m12_medium_flood_dup0_s20260625,nonbonded,39185,PRIVPROBE:1,budget_skip,0,False,0,budget_skip
m12_medium_flood_dup0_s20260625_nonbonded,BudgetDoS,m12_medium_flood_dup0_s20260625,nonbonded,39304,PRIVPROBE:1,budget_skip,0,False,0,budget_skip
m12_medium_flood_dup0_s20260625_nonbonded,BudgetDoS,m12_medium_flood_dup0_s20260625,nonbonded,39422,PRIVPROBE:1,budget_skip,0,False,0,budget_skip
m12_medium_flood_dup0_s20260625_nonbonded,BudgetDoS,m12_medium_flood_dup0_s20260625,nonbonded,39527,PRIVPROBE:1,budget_skip,0,False,0,budget_skip
m12_medium_flood_dup0_s20260625_nonbonded,BudgetDoS,m12_medium_flood_dup0_s20260625,nonbonded,39650,PRIVPROBE:1,budget_skip,0,False,0,budget_skip
m12_medium_flood_dup0_s20260625_nonbonded,BudgetDoS,m12_medium_flood_dup0_s20260625,nonbonded,39767,PRIVPROBE:1,budget_skip,0,False,0,budget_skip
m12_medium_flood_dup0_s20260625_nonbonded,BudgetDoS,m12_medium_flood_dup0_s20260625,nonbonded,39877,PRIVPROBE:1,host_scan,504,False,0,host_scan
m12_medium_flood_dup0_s20260625_nonbonded,BudgetDoS,m12_medium_flood_dup0_s20260625,nonbonded,40006,PRIVPROBE:1,budget_skip,0,False,0,budget_skip
m12_medium_flood_dup0_s20260625_nonbonded,BudgetDoS,m12_medium_flood_dup0_s20260625,nonbonded,40123,PRIVPROBE:1,budget_skip,0,False,0,budget_skip
m12_medium_flood_dup0_s20260625_nonbonded,BudgetDoS,m12_medium_flood_dup0_s20260625,nonbonded,40242,PRIVPROBE:1,budget_skip,0,False,0,budget_skip
m12_medium_flood_dup0_s20260625_nonbonded,BudgetDoS,m12_medium_flood_dup0_s20260625,nonbonded,40360,PRIVPROBE:1,budget_skip,0,False,0,budget_skip
m12_medium_flood_dup0_s20260625_nonbonded,BudgetDoS,m12_medium_flood_dup0_s20260625,nonbonded,40499,PRIVPROBE:1,budget_skip,0,False,0,budget_skip
m12_medium_flood_dup0_s20260625_nonbonded,BudgetDoS,m12_medium_flood_dup0_s20260625,nonbonded,40606,PRIVPROBE:1,budget_skip,0,False,0,budget_skip
m12_medium_flood_dup0_s20260625_nonbonded,BudgetDoS,m12_medium_flood_dup0_s20260625,nonbonded,40741,PRIVPROBE:1,budget_skip,0,False,0,budget_skip
m12_medium_flood_dup0_s20260625_nonbonded,BudgetDoS,m12_medium_flood_dup0_s20260625,nonbonded,40852,PRIVPROBE:1,budget_skip,0,False,0,budget_skip
m12_medium_flood_dup0_s20260625_nonbonded,BudgetDoS,m12_medium_flood_dup0_s20260625,nonbonded,40974,PRIVPROBE:1,budget_skip,0,False,0,budget_skip
m12_medium_flood_dup0_s20260625_nonbonded,BudgetDoS,m12_medium_flood_dup0_s20260625,nonbonded,41102,PRIVPROBE:1,budget_skip,0,False,0,budget_skip
m12_medium_flood_dup0_s20260625_nonbonded,BudgetDoS,m12_medium_flood_dup0_s20260625,nonbonded,41229,PRIVPROBE:1,budget_skip,0,False,0,budget_skip
m12_medium_flood_dup0_s20260625_nonbonded,BudgetDoS,m12_medium_flood_dup0_s20260625,nonbonded,41382,PRIVPROBE:1,host_scan,504,False,0,host_scan
m12_medium_flood_dup0_s20260625_nonbonded,BudgetDoS,m12_medium_flood_dup0_s20260625,nonbonded,41510,PRIVPROBE:1,budget_skip,0,False,0,budget_skip
m12_medium_flood_dup0_s20260625_nonbonded,BudgetDoS,m12_medium_flood_dup0_s20260625,nonbonded,41638,PRIVPROBE:1,budget_skip,0,False,0,budget_skip
m12_medium_flood_dup0_s20260625_nonbonded,BudgetDoS,m12_medium_flood_dup0_s20260625,nonbonded,41770,PRIVPROBE:1,budget_skip,0,False,0,budget_skip
m12_medium_flood_dup0_s20260625_nonbonded,BudgetDoS,m12_medium_flood_dup0_s20260625,nonbonded,41915,PRIVPROBE:1,budget_skip,0,False,0,budget_skip
m12_medium_flood_dup0_s20260625_nonbonded,BudgetDoS,m12_medium_flood_dup0_s20260625,nonbonded,42033,PRIVPROBE:1,budget_skip,0,False,0,budget_skip
m12_medium_flood_dup0_s20260625_nonbonded,BudgetDoS,m12_medium_flood_dup0_s20260625,nonbonded,42139,PRIVPROBE:1,budget_skip,0,False,0,budget_skip
m12_medium_flood_dup0_s20260625_nonbonded,BudgetDoS,m12_medium_flood_dup0_s20260625,nonbonded,42249,PRIVPROBE:1,budget_skip,0,False,0,budget_skip
m12_medium_flood_dup0_s20260625_nonbonded,BudgetDoS,m12_medium_flood_dup0_s20260625,nonbonded,42386,PRIVPROBE:1,budget_skip,0,False,0,budget_skip
m12_medium_flood_dup0_s20260625_nonbonded,BudgetDoS,m12_medium_flood_dup0_s20260625,nonbonded,42506,PRIVPROBE:1,budget_skip,0,False,0,budget_skip
m12_medium_flood_dup0_s20260625_nonbonded,BudgetDoS,m12_medium_flood_dup0_s20260625,nonbonded,42642,PRIVPROBE:1,budget_skip,0,False,0,budget_skip
m12_medium_flood_dup0_s20260625_nonbonded,BudgetDoS,m12_medium_flood_dup0_s20260625,nonbonded,42743,PRIVPROBE:1,budget_skip,0,False,0,budget_skip
m12_medium_flood_dup0_s20260625_nonbonded,BudgetDoS,m12_medium_flood_dup0_s20260625,nonbonded,42881,PRIVPROBE:1,host_scan,504,False,0,host_scan
m12_medium_flood_dup0_s20260625_nonbonded,BudgetDoS,m12_medium_flood_dup0_s20260625,nonbonded,42999,PRIVPROBE:1,budget_skip,0,False,0,budget_skip
m12_medium_flood_dup0_s20260625_nonbonded,BudgetDoS,m12_medium_flood_dup0_s20260625,nonbonded,43110,PRIVPROBE:1,budget_skip,0,False,0,budget_skip
m12_medium_flood_dup0_s20260625_nonbonded,BudgetDoS,m12_medium_flood_dup0_s20260625,nonbonded,43206,PRIVPROBE:1,budget_skip,0,False,0,budget_skip
m12_medium_flood_dup0_s20260625_nonbonded,BudgetDoS,m12_medium_flood_dup0_s20260625,nonbonded,43307,PRIVPROBE:1,budget_skip,0,False,0,budget_skip
m12_medium_flood_dup0_s20260625_nonbonded,BudgetDoS,m12_medium_flood_dup0_s20260625,nonbonded,43444,PRIVPROBE:1,budget_skip,0,False,0,budget_skip
m12_medium_flood_dup0_s20260625_nonbonded,BudgetDoS,m12_medium_flood_dup0_s20260625,nonbonded,43559,PRIVPROBE:1,budget_skip,0,False,0,budget_skip
m12_medium_flood_dup0_s20260625_nonbonded,BudgetDoS,m12_medium_flood_dup0_s20260625,nonbonded,43680,PRIVPROBE:1,budget_skip,0,False,0,budget_skip
m12_medium_flood_dup0_s20260625_nonbonded,BudgetDoS,m12_medium_flood_dup0_s20260625,nonbonded,43795,PRIVPROBE:1,budget_skip,0,False,0,budget_skip
m12_medium_flood_dup0_s20260625_nonbonded,BudgetDoS,m12_medium_flood_dup0_s20260625,nonbonded,43911,PRIVPROBE:1,budget_skip,0,False,0,budget_skip
m12_medium_flood_dup0_s20260625_nonbonded,BudgetDoS,m12_medium_flood_dup0_s20260625,nonbonded,44040,PRIVPROBE:1,budget_skip,0,False,0,budget_skip
m12_medium_flood_dup0_s20260625_nonbonded,BudgetDoS,m12_medium_flood_dup0_s20260625,nonbonded,44146,PRIVPROBE:1,budget_skip,0,False,0,budget_skip
