run_id,method,paired_trace_id,identity_label_for_scoring,event_id,rpa_value,action,aes_attempts,deferred,delay_ms,admission_path
m12_heavy_flood_dup60_s20260625_bonded,P3-Persist,m12_heavy_flood_dup60_s20260625,bonded,66893,PRIVPROBE:0,cache_hit,0,False,0,cache
m12_heavy_flood_dup60_s20260625_bonded,P3-Persist,m12_heavy_flood_dup60_s20260625,bonded,68018,PRIVPROBE:0,cache_hit,0,False,0,cache
m12_heavy_flood_dup60_s20260625_bonded,P3-Persist,m12_heavy_flood_dup60_s20260625,bonded,69141,PRIVPROBE:0,cache_hit,0,False,0,cache
m12_heavy_flood_dup60_s20260625_bonded,P3-Persist,m12_heavy_flood_dup60_s20260625,bonded,70297,PRIVPROBE:0,cache_hit,0,False,0,cache
m12_heavy_flood_dup60_s20260625_bonded,P3-Persist,m12_heavy_flood_dup60_s20260625,bonded,71411,PRIVPROBE:0,cache_hit,0,False,0,cache
m12_heavy_flood_dup60_s20260625_bonded,P3-Persist,m12_heavy_flood_dup60_s20260625,bonded,72540,PRIVPROBE:0,cache_hit,0,False,0,cache
m12_heavy_flood_dup60_s20260625_bonded,P3-Persist,m12_heavy_flood_dup60_s20260625,bonded,73656,PRIVPROBE:0,cache_hit,0,False,0,cache
m12_heavy_flood_dup60_s20260625_bonded,P3-Persist,m12_heavy_flood_dup60_s20260625,bonded,74768,PRIVPROBE:0,cache_hit,0,False,0,cache
m12_heavy_flood_dup60_s20260625_bonded,P3-Persist,m12_heavy_flood_dup60_s20260625,bonded,75810,PRIVPROBE:0,cache_hit,0,False,0,cache
m12_heavy_flood_dup60_s20260625_bonded,P3-Persist,m12_heavy_flood_dup60_s20260625,bonded,76881,PRIVPROBE:0,cache_hit,0,False,0,cache
m12_heavy_flood_dup60_s20260625_bonded,P3-Persist,m12_heavy_flood_dup60_s20260625,bonded,77996,PRIVPROBE:0,cache_hit,0,False,0,cache
m12_heavy_flood_dup60_s20260625_bonded,P3-Persist,m12_heavy_flood_dup60_s20260625,bonded,79133,PRIVPROBE:0,cache_hit,0,False,0,cache
m12_heavy_flood_dup60_s20260625_bonded,P3-Persist,m12_heavy_flood_dup60_s20260625,bonded,80281,PRIVPROBE:0,cache_hit,0,False,0,cache
m12_heavy_flood_dup60_s20260625_bonded,P3-Persist,m12_heavy_flood_dup60_s20260625,bonded,81413,PRIVPROBE:0,cache_hit,0,False,0,cache
m12_heavy_flood_dup60_s20260625_bonded,P3-Persist,m12_heavy_flood_dup60_s20260625,bonded,82489,PRIVPROBE:0,cache_hit,0,False,0,cache
m12_heavy_flood_dup60_s20260625_bonded,P3-Persist,m12_heavy_flood_dup60_s20260625,bonded,83562,PRIVPROBE:0,cache_hit,0,False,0,cache
m12_heavy_flood_dup60_s20260625_bonded,P3-Persist,m12_heavy_flood_dup60_s20260625,bonded,84739,PRIVPROBE:0,cache_hit,0,False,0,cache
m12_heavy_flood_dup60_s20260625_bonded,P3-Persist,m12_heavy_flood_dup60_s20260625,bonded,85887,PRIVPROBE:0,cache_hit,0,False,0,cache
m12_heavy_flood_dup60_s20260625_bonded,P3-Persist,m12_heavy_flood_dup60_s20260625,bonded,86972,PRIVPROBE:0,cache_hit,0,False,0,cache
m12_heavy_flood_dup60_s20260625_bonded,P3-Persist,m12_heavy_flood_dup60_s20260625,bonded,88022,PRIVPROBE:0,cache_hit,0,False,0,cache
m12_heavy_flood_dup60_s20260625_bonded,P3-Persist,m12_heavy_flood_dup60_s20260625,bonded,89165,PRIVPROBE:0,cache_hit,0,False,0,cache
m12_heavy_flood_dup60_s20260625_bonded,P3-Persist,m12_heavy_flood_dup60_s20260625,bonded,90234,PRIVPROBE:0,cache_hit,0,False,0,cache
m12_heavy_flood_dup60_s20260625_bonded,P3-Persist,m12_heavy_flood_dup60_s20260625,bonded,91323,PRIVPROBE:0,cache_hit,0,False,0,cache
m12_heavy_flood_dup60_s20260625_bonded,P3-Persist,m12_heavy_flood_dup60_s20260625,bonded,92404,PRIVPROBE:0,cache_hit,0,False,0,cache
m12_heavy_flood_dup60_s20260625_bonded,P3-Persist,m12_heavy_flood_dup60_s20260625,bonded,93582,PRIVPROBE:0,cache_hit,0,False,0,cache
m12_heavy_flood_dup60_s20260625_bonded,P3-Persist,m12_heavy_flood_dup60_s20260625,bonded,94658,PRIVPROBE:0,cache_hit,0,False,0,cache
m12_heavy_flood_dup60_s20260625_bonded,P3-Persist,m12_heavy_flood_dup60_s20260625,bonded,95807,PRIVPROBE:0,cache_hit,0,False,0,cache
m12_heavy_flood_dup60_s20260625_bonded,P3-Persist,m12_heavy_flood_dup60_s20260625,bonded,96930,PRIVPROBE:0,cache_hit,0,False,0,cache
m12_heavy_flood_dup60_s20260625_bonded,P3-Persist,m12_heavy_flood_dup60_s20260625,bonded,98021,PRIVPROBE:0,cache_hit,0,False,0,cache
m12_heavy_flood_dup60_s20260625_bonded,P3-Persist,m12_heavy_flood_dup60_s20260625,bonded,99177,PRIVPROBE:0,cache_hit,0,False,0,cache
m12_heavy_flood_dup60_s20260625_bonded,P3-Persist,m12_heavy_flood_dup60_s20260625,bonded,100372,PRIVPROBE:0,cache_hit,0,False,0,cache
m12_heavy_flood_dup60_s20260625_bonded,P3-Persist,m12_heavy_flood_dup60_s20260625,bonded,101464,PRIVPROBE:0,cache_hit,0,False,0,cache
m12_heavy_flood_dup60_s20260625_bonded,P3-Persist,m12_heavy_flood_dup60_s20260625,bonded,102569,PRIVPROBE:0,cache_hit,0,False,0,cache
m12_heavy_flood_dup60_s20260625_bonded,P3-Persist,m12_heavy_flood_dup60_s20260625,bonded,103707,PRIVPROBE:0,cache_hit,0,False,0,cache
m12_heavy_flood_dup60_s20260625_bonded,P3-Persist,m12_heavy_flood_dup60_s20260625,bonded,104789,PRIVPROBE:0,cache_hit,0,False,0,cache
m12_heavy_flood_dup60_s20260625_bonded,P3-Persist,m12_heavy_flood_dup60_s20260625,bonded,105937,PRIVPROBE:0,cache_hit,0,False,0,cache
m12_heavy_flood_dup60_s20260625_bonded,P3-Persist,m12_heavy_flood_dup60_s20260625,bonded,107062,PRIVPROBE:0,cache_hit,0,False,0,cache
m12_heavy_flood_dup60_s20260625_bonded,P3-Persist,m12_heavy_flood_dup60_s20260625,bonded,108136,PRIVPROBE:0,cache_hit,0,False,0,cache
m12_heavy_flood_dup60_s20260625_bonded,P3-Persist,m12_heavy_flood_dup60_s20260625,bonded,109201,PRIVPROBE:0,cache_hit,0,False,0,cache
m12_heavy_flood_dup60_s20260625_bonded,P3-Persist,m12_heavy_flood_dup60_s20260625,bonded,110287,PRIVPROBE:0,cache_hit,0,False,0,cache
m12_heavy_flood_dup60_s20260625_bonded,P3-Persist,m12_heavy_flood_dup60_s20260625,bonded,111319,PRIVPROBE:0,cache_hit,0,False,0,cache
m12_heavy_flood_dup60_s20260625_bonded,P3-Persist,m12_heavy_flood_dup60_s20260625,bonded,112368,PRIVPROBE:0,cache_hit,0,False,0,cache
m12_heavy_flood_dup60_s20260625_bonded,P3-Persist,m12_heavy_flood_dup60_s20260625,bonded,113486,PRIVPROBE:0,cache_hit,0,False,0,cache
m12_heavy_flood_dup60_s20260625_bonded,P3-Persist,m12_heavy_flood_dup60_s20260625,bonded,114631,PRIVPROBE:0,cache_hit,0,False,0,cache
m12_heavy_flood_dup60_s20260625_bonded,P3-Persist,m12_heavy_flood_dup60_s20260625,bonded,115778,PRIVPROBE:0,cache_hit,0,False,0,cache
m12_heavy_flood_dup60_s20260625_bonded,P3-Persist,m12_heavy_flood_dup60_s20260625,bonded,116859,PRIVPROBE:0,cache_hit,0,False,0,cache
m12_heavy_flood_dup60_s20260625_bonded,P3-Persist,m12_heavy_flood_dup60_s20260625,bonded,117975,PRIVPROBE:0,cache_hit,0,False,0,cache
m12_heavy_flood_dup60_s20260625_bonded,P3-Persist,m12_heavy_flood_dup60_s20260625,bonded,119119,PRIVPROBE:0,cache_hit,0,False,0,cache
m12_heavy_flood_dup60_s20260625_bonded,P3-Persist,m12_heavy_flood_dup60_s20260625,bonded,120239,PRIVPROBE:0,cache_hit,0,False,0,cache
m12_heavy_flood_dup60_s20260625_bonded,P3-Persist,m12_heavy_flood_dup60_s20260625,bonded,121304,PRIVPROBE:0,cache_hit,0,False,0,cache
m12_heavy_flood_dup60_s20260625_bonded,P3-Persist,m12_heavy_flood_dup60_s20260625,bonded,122506,PRIVPROBE:0,cache_hit,0,False,0,cache
m12_heavy_flood_dup60_s20260625_bonded,P3-Persist,m12_heavy_flood_dup60_s20260625,bonded,123576,PRIVPROBE:0,cache_hit,0,False,0,cache
m12_heavy_flood_dup60_s20260625_bonded,P3-Persist,m12_heavy_flood_dup60_s20260625,bonded,124700,PRIVPROBE:0,cache_hit,0,False,0,cache
m12_heavy_flood_dup60_s20260625_bonded,P3-Persist,m12_heavy_flood_dup60_s20260625,bonded,125852,PRIVPROBE:0,cache_hit,0,False,0,cache
m12_heavy_flood_dup60_s20260625_bonded,P3-Persist,m12_heavy_flood_dup60_s20260625,bonded,127005,PRIVPROBE:0,cache_hit,0,False,0,cache
m12_heavy_flood_dup60_s20260625_bonded,P3-Persist,m12_heavy_flood_dup60_s20260625,bonded,128011,PRIVPROBE:0,cache_hit,0,False,0,cache
m12_heavy_flood_dup60_s20260625_bonded,P3-Persist,m12_heavy_flood_dup60_s20260625,bonded,129083,PRIVPROBE:0,cache_hit,0,False,0,cache
m12_heavy_flood_dup60_s20260625_bonded,P3-Persist,m12_heavy_flood_dup60_s20260625,bonded,130217,PRIVPROBE:0,cache_hit,0,False,0,cache
m12_heavy_flood_dup60_s20260625_bonded,P3-Persist,m12_heavy_flood_dup60_s20260625,bonded,131281,PRIVPROBE:0,cache_hit,0,False,0,cache
m12_heavy_flood_dup60_s20260625_bonded,P3-Persist,m12_heavy_flood_dup60_s20260625,bonded,132430,PRIVPROBE:0,cache_hit,0,False,0,cache
m12_heavy_flood_dup60_s20260625_bonded,P3-Persist,m12_heavy_flood_dup60_s20260625,bonded,133566,PRIVPROBE:0,cache_hit,0,False,0,cache
m12_heavy_flood_dup60_s20260625_bonded,P3-Persist,m12_heavy_flood_dup60_s20260625,bonded,134652,PRIVPROBE:0,cache_hit,0,False,0,cache
m12_heavy_flood_dup60_s20260625_bonded,P3-Persist,m12_heavy_flood_dup60_s20260625,bonded,135746,PRIVPROBE:0,cache_hit,0,False,0,cache
m12_heavy_flood_dup60_s20260625_bonded,P3-Persist,m12_heavy_flood_dup60_s20260625,bonded,136840,PRIVPROBE:0,cache_hit,0,False,0,cache
m12_heavy_flood_dup60_s20260625_bonded,P3-Persist,m12_heavy_flood_dup60_s20260625,bonded,137977,PRIVPROBE:0,cache_hit,0,False,0,cache
m12_heavy_flood_dup60_s20260625_bonded,P3-Persist,m12_heavy_flood_dup60_s20260625,bonded,139095,PRIVPROBE:0,cache_hit,0,False,0,cache
m12_heavy_flood_dup60_s20260625_bonded,P3-Persist,m12_heavy_flood_dup60_s20260625,bonded,140186,PRIVPROBE:0,cache_hit,0,False,0,cache
m12_heavy_flood_dup60_s20260625_bonded,P3-Persist,m12_heavy_flood_dup60_s20260625,bonded,141212,PRIVPROBE:0,cache_hit,0,False,0,cache
m12_heavy_flood_dup60_s20260625_bonded,P3-Persist,m12_heavy_flood_dup60_s20260625,bonded,142259,PRIVPROBE:0,cache_hit,0,False,0,cache
m12_heavy_flood_dup60_s20260625_bonded,P3-Persist,m12_heavy_flood_dup60_s20260625,bonded,143398,PRIVPROBE:0,cache_hit,0,False,0,cache
m12_heavy_flood_dup60_s20260625_bonded,P3-Persist,m12_heavy_flood_dup60_s20260625,bonded,144521,PRIVPROBE:0,cache_hit,0,False,0,cache
m12_heavy_flood_dup60_s20260625_bonded,P3-Persist,m12_heavy_flood_dup60_s20260625,bonded,145668,PRIVPROBE:0,cache_hit,0,False,0,cache
m12_heavy_flood_dup60_s20260625_bonded,P3-Persist,m12_heavy_flood_dup60_s20260625,bonded,146760,PRIVPROBE:0,cache_hit,0,False,0,cache
m12_heavy_flood_dup60_s20260625_bonded,P3-Persist,m12_heavy_flood_dup60_s20260625,bonded,147899,PRIVPROBE:0,cache_hit,0,False,0,cache
m12_heavy_flood_dup60_s20260625_bonded,P3-Persist,m12_heavy_flood_dup60_s20260625,bonded,149060,PRIVPROBE:0,cache_hit,0,False,0,cache
m12_heavy_flood_dup60_s20260625_bonded,P3-Persist,m12_heavy_flood_dup60_s20260625,bonded,150165,PRIVPROBE:0,cache_hit,0,False,0,cache
m12_heavy_flood_dup60_s20260625_bonded,P3-Persist,m12_heavy_flood_dup60_s20260625,bonded,151253,PRIVPROBE:0,cache_hit,0,False,0,cache
m12_heavy_flood_dup60_s20260625_bonded,P3-Persist,m12_heavy_flood_dup60_s20260625,bonded,152364,PRIVPROBE:0,cache_hit,0,False,0,cache
m12_heavy_flood_dup60_s20260625_bonded,P3-Persist,m12_heavy_flood_dup60_s20260625,bonded,153488,PRIVPROBE:0,cache_hit,0,False,0,cache
m12_heavy_flood_dup60_s20260625_bonded,P3-Persist,m12_heavy_flood_dup60_s20260625,bonded,154538,PRIVPROBE:0,cache_hit,0,False,0,cache
m12_heavy_flood_dup60_s20260625_bonded,P3-Persist,m12_heavy_flood_dup60_s20260625,bonded,155700,PRIVPROBE:0,cache_hit,0,False,0,cache
m12_heavy_flood_dup60_s20260625_bonded,P3-Persist,m12_heavy_flood_dup60_s20260625,bonded,156739,PRIVPROBE:0,cache_hit,0,False,0,cache
m12_heavy_flood_dup60_s20260625_bonded,P3-Persist,m12_heavy_flood_dup60_s20260625,bonded,157785,PRIVPROBE:0,cache_hit,0,False,0,cache
m12_heavy_flood_dup60_s20260625_bonded,P3-Persist,m12_heavy_flood_dup60_s20260625,bonded,158980,PRIVPROBE:0,cache_hit,0,False,0,cache
m12_heavy_flood_dup60_s20260625_bonded,P3-Persist,m12_heavy_flood_dup60_s20260625,bonded,160045,PRIVPROBE:0,cache_hit,0,False,0,cache
m12_heavy_flood_dup60_s20260625_bonded,P3-Persist,m12_heavy_flood_dup60_s20260625,bonded,161132,PRIVPROBE:0,cache_hit,0,False,0,cache
m12_heavy_flood_dup60_s20260625_bonded,P3-Persist,m12_heavy_flood_dup60_s20260625,bonded,162279,PRIVPROBE:0,cache_hit,0,False,0,cache
m12_heavy_flood_dup60_s20260625_bonded,P3-Persist,m12_heavy_flood_dup60_s20260625,bonded,163413,PRIVPROBE:0,cache_hit,0,False,0,cache
m12_heavy_flood_dup60_s20260625_bonded,P3-Persist,m12_heavy_flood_dup60_s20260625,bonded,164546,PRIVPROBE:0,cache_hit,0,False,0,cache
m12_heavy_flood_dup60_s20260625_bonded,P3-Persist,m12_heavy_flood_dup60_s20260625,bonded,165623,PRIVPROBE:0,cache_hit,0,False,0,cache
m12_heavy_flood_dup60_s20260625_bonded,P3-Persist,m12_heavy_flood_dup60_s20260625,bonded,166740,PRIVPROBE:0,cache_hit,0,False,0,cache
m12_heavy_flood_dup60_s20260625_bonded,P3-Persist,m12_heavy_flood_dup60_s20260625,bonded,167894,PRIVPROBE:0,cache_hit,0,False,0,cache
m12_heavy_flood_dup60_s20260625_bonded,P3-Persist,m12_heavy_flood_dup60_s20260625,bonded,169016,PRIVPROBE:0,cache_hit,0,False,0,cache
m12_heavy_flood_dup60_s20260625_bonded,P3-Persist,m12_heavy_flood_dup60_s20260625,bonded,170135,PRIVPROBE:0,cache_hit,0,False,0,cache
m12_heavy_flood_dup60_s20260625_bonded,P3-Persist,m12_heavy_flood_dup60_s20260625,bonded,171181,PRIVPROBE:0,cache_hit,0,False,0,cache
m12_heavy_flood_dup60_s20260625_bonded,P3-Persist,m12_heavy_flood_dup60_s20260625,bonded,172330,PRIVPROBE:0,cache_hit,0,False,0,cache
m12_heavy_flood_dup60_s20260625_bonded,P3-Persist,m12_heavy_flood_dup60_s20260625,bonded,173588,PRIVPROBE:0,cache_hit,0,False,0,cache
m12_heavy_flood_dup60_s20260625_bonded,P3-Persist,m12_heavy_flood_dup60_s20260625,bonded,174713,PRIVPROBE:0,cache_hit,0,False,0,cache
m12_heavy_flood_dup60_s20260625_bonded,P3-Persist,m12_heavy_flood_dup60_s20260625,bonded,175855,PRIVPROBE:0,cache_hit,0,False,0,cache
m12_heavy_flood_dup60_s20260625_bonded,P3-Persist,m12_heavy_flood_dup60_s20260625,bonded,176934,PRIVPROBE:0,cache_hit,0,False,0,cache
m12_heavy_flood_dup60_s20260625_bonded,P3-Persist,m12_heavy_flood_dup60_s20260625,bonded,178050,PRIVPROBE:0,cache_hit,0,False,0,cache
m12_heavy_flood_dup60_s20260625_bonded,P3-Persist,m12_heavy_flood_dup60_s20260625,bonded,179139,PRIVPROBE:0,cache_hit,0,False,0,cache
m12_heavy_flood_dup60_s20260625_bonded,P3-Persist,m12_heavy_flood_dup60_s20260625,bonded,180229,PRIVPROBE:0,cache_hit,0,False,0,cache
m12_heavy_flood_dup60_s20260625_bonded,P3-Persist,m12_heavy_flood_dup60_s20260625,bonded,181380,PRIVPROBE:0,cache_hit,0,False,0,cache
m12_heavy_flood_dup60_s20260625_bonded,P3-Persist,m12_heavy_flood_dup60_s20260625,bonded,182444,PRIVPROBE:0,cache_hit,0,False,0,cache
m12_heavy_flood_dup60_s20260625_bonded,P3-Persist,m12_heavy_flood_dup60_s20260625,bonded,183565,PRIVPROBE:0,cache_hit,0,False,0,cache
m12_heavy_flood_dup60_s20260625_bonded,P3-Persist,m12_heavy_flood_dup60_s20260625,bonded,184669,PRIVPROBE:0,cache_hit,0,False,0,cache
m12_heavy_flood_dup60_s20260625_bonded,P3-Persist,m12_heavy_flood_dup60_s20260625,bonded,185783,PRIVPROBE:0,cache_hit,0,False,0,cache
m12_heavy_flood_dup60_s20260625_bonded,P3-Persist,m12_heavy_flood_dup60_s20260625,bonded,186901,PRIVPROBE:0,cache_hit,0,False,0,cache
m12_heavy_flood_dup60_s20260625_bonded,P3-Persist,m12_heavy_flood_dup60_s20260625,bonded,187958,PRIVPROBE:0,cache_hit,0,False,0,cache
m12_heavy_flood_dup60_s20260625_bonded,P3-Persist,m12_heavy_flood_dup60_s20260625,bonded,189059,PRIVPROBE:0,cache_hit,0,False,0,cache
m12_heavy_flood_dup60_s20260625_bonded,P3-Persist,m12_heavy_flood_dup60_s20260625,bonded,190163,PRIVPROBE:0,cache_hit,0,False,0,cache
m12_heavy_flood_dup60_s20260625_bonded,P3-Persist,m12_heavy_flood_dup60_s20260625,bonded,191217,PRIVPROBE:0,cache_hit,0,False,0,cache
m12_heavy_flood_dup60_s20260625_bonded,P3-Persist,m12_heavy_flood_dup60_s20260625,bonded,192305,PRIVPROBE:0,cache_hit,0,False,0,cache
m12_heavy_flood_dup60_s20260625_bonded,P3-Persist,m12_heavy_flood_dup60_s20260625,bonded,193441,PRIVPROBE:0,cache_hit,0,False,0,cache
m12_heavy_flood_dup60_s20260625_bonded,P3-Persist,m12_heavy_flood_dup60_s20260625,bonded,194498,PRIVPROBE:0,cache_hit,0,False,0,cache
m12_heavy_flood_dup60_s20260625_bonded,P3-Persist,m12_heavy_flood_dup60_s20260625,bonded,195629,PRIVPROBE:0,cache_hit,0,False,0,cache
m12_heavy_flood_dup60_s20260625_bonded,P3-Persist,m12_heavy_flood_dup60_s20260625,bonded,196781,PRIVPROBE:0,cache_hit,0,False,0,cache
m12_heavy_flood_dup60_s20260625_bonded,P3-Persist,m12_heavy_flood_dup60_s20260625,bonded,197881,PRIVPROBE:0,cache_hit,0,False,0,cache
m12_heavy_flood_dup60_s20260625_bonded,P3-Persist,m12_heavy_flood_dup60_s20260625,bonded,199000,PRIVPROBE:0,cache_hit,0,False,0,cache
m12_heavy_flood_dup60_s20260625_bonded,P3-Persist,m12_heavy_flood_dup60_s20260625,bonded,200091,PRIVPROBE:1,defer,0,True,1000,defer
m12_heavy_flood_dup60_s20260625_bonded,P3-Persist,m12_heavy_flood_dup60_s20260625,bonded,201208,PRIVPROBE:1,duplicate_filter,0,False,0,duplicate_filter
m12_heavy_flood_dup60_s20260625_bonded,P3-Persist,m12_heavy_flood_dup60_s20260625,bonded,202300,PRIVPROBE:1,duplicate_filter,0,False,0,duplicate_filter
m12_heavy_flood_dup60_s20260625_bonded,P3-Persist,m12_heavy_flood_dup60_s20260625,bonded,203490,PRIVPROBE:1,duplicate_filter,0,False,0,duplicate_filter
m12_heavy_flood_dup60_s20260625_bonded,P3-Persist,m12_heavy_flood_dup60_s20260625,bonded,204606,PRIVPROBE:1,duplicate_filter,0,False,0,duplicate_filter
m12_heavy_flood_dup60_s20260625_bonded,P3-Persist,m12_heavy_flood_dup60_s20260625,bonded,205727,PRIVPROBE:1,duplicate_filter,0,False,0,duplicate_filter
m12_heavy_flood_dup60_s20260625_bonded,P3-Persist,m12_heavy_flood_dup60_s20260625,bonded,206807,PRIVPROBE:1,duplicate_filter,0,False,0,duplicate_filter
m12_heavy_flood_dup60_s20260625_bonded,P3-Persist,m12_heavy_flood_dup60_s20260625,bonded,207938,PRIVPROBE:1,duplicate_filter,0,False,0,duplicate_filter
m12_heavy_flood_dup60_s20260625_bonded,P3-Persist,m12_heavy_flood_dup60_s20260625,bonded,209059,PRIVPROBE:1,duplicate_filter,0,False,0,duplicate_filter
m12_heavy_flood_dup60_s20260625_bonded,P3-Persist,m12_heavy_flood_dup60_s20260625,bonded,210147,PRIVPROBE:1,duplicate_filter,0,False,0,duplicate_filter
m12_heavy_flood_dup60_s20260625_bonded,P3-Persist,m12_heavy_flood_dup60_s20260625,bonded,211234,PRIVPROBE:1,duplicate_filter,0,False,0,duplicate_filter
m12_heavy_flood_dup60_s20260625_bonded,P3-Persist,m12_heavy_flood_dup60_s20260625,bonded,212326,PRIVPROBE:1,duplicate_filter,0,False,0,duplicate_filter
m12_heavy_flood_dup60_s20260625_bonded,P3-Persist,m12_heavy_flood_dup60_s20260625,bonded,213540,PRIVPROBE:1,host_scan,504,False,0,reserve
m12_heavy_flood_dup60_s20260625_bonded,P3-Persist,m12_heavy_flood_dup60_s20260625,bonded,214617,PRIVPROBE:1,cache_hit,0,False,0,cache
m12_heavy_flood_dup60_s20260625_bonded,P3-Persist,m12_heavy_flood_dup60_s20260625,bonded,215736,PRIVPROBE:1,cache_hit,0,False,0,cache
m12_heavy_flood_dup60_s20260625_bonded,P3-Persist,m12_heavy_flood_dup60_s20260625,bonded,216834,PRIVPROBE:1,cache_hit,0,False,0,cache
m12_heavy_flood_dup60_s20260625_bonded,P3-Persist,m12_heavy_flood_dup60_s20260625,bonded,217876,PRIVPROBE:1,cache_hit,0,False,0,cache
m12_heavy_flood_dup60_s20260625_bonded,P3-Persist,m12_heavy_flood_dup60_s20260625,bonded,219027,PRIVPROBE:1,cache_hit,0,False,0,cache
m12_heavy_flood_dup60_s20260625_bonded,P3-Persist,m12_heavy_flood_dup60_s20260625,bonded,220182,PRIVPROBE:1,cache_hit,0,False,0,cache
m12_heavy_flood_dup60_s20260625_bonded,P3-Persist,m12_heavy_flood_dup60_s20260625,bonded,221307,PRIVPROBE:1,cache_hit,0,False,0,cache
m12_heavy_flood_dup60_s20260625_bonded,P3-Persist,m12_heavy_flood_dup60_s20260625,bonded,222397,PRIVPROBE:1,cache_hit,0,False,0,cache
m12_heavy_flood_dup60_s20260625_bonded,P3-Persist,m12_heavy_flood_dup60_s20260625,bonded,223507,PRIVPROBE:1,cache_hit,0,False,0,cache
m12_heavy_flood_dup60_s20260625_bonded,P3-Persist,m12_heavy_flood_dup60_s20260625,bonded,224618,PRIVPROBE:1,cache_hit,0,False,0,cache
m12_heavy_flood_dup60_s20260625_bonded,P3-Persist,m12_heavy_flood_dup60_s20260625,bonded,225799,PRIVPROBE:1,cache_hit,0,False,0,cache
m12_heavy_flood_dup60_s20260625_bonded,P3-Persist,m12_heavy_flood_dup60_s20260625,bonded,226909,PRIVPROBE:1,cache_hit,0,False,0,cache
m12_heavy_flood_dup60_s20260625_bonded,P3-Persist,m12_heavy_flood_dup60_s20260625,bonded,228002,PRIVPROBE:1,cache_hit,0,False,0,cache
m12_heavy_flood_dup60_s20260625_bonded,P3-Persist,m12_heavy_flood_dup60_s20260625,bonded,229087,PRIVPROBE:1,cache_hit,0,False,0,cache
m12_heavy_flood_dup60_s20260625_bonded,P3-Persist,m12_heavy_flood_dup60_s20260625,bonded,230211,PRIVPROBE:1,cache_hit,0,False,0,cache
m12_heavy_flood_dup60_s20260625_bonded,P3-Persist,m12_heavy_flood_dup60_s20260625,bonded,231335,PRIVPROBE:1,cache_hit,0,False,0,cache
m12_heavy_flood_dup60_s20260625_bonded,P3-Persist,m12_heavy_flood_dup60_s20260625,bonded,232437,PRIVPROBE:1,cache_hit,0,False,0,cache
m12_heavy_flood_dup60_s20260625_bonded,P3-Persist,m12_heavy_flood_dup60_s20260625,bonded,233552,PRIVPROBE:1,cache_hit,0,False,0,cache
m12_heavy_flood_dup60_s20260625_bonded,P3-Persist,m12_heavy_flood_dup60_s20260625,bonded,234658,PRIVPROBE:1,cache_hit,0,False,0,cache
m12_heavy_flood_dup60_s20260625_bonded,P3-Persist,m12_heavy_flood_dup60_s20260625,bonded,235755,PRIVPROBE:1,cache_hit,0,False,0,cache
m12_heavy_flood_dup60_s20260625_bonded,P3-Persist,m12_heavy_flood_dup60_s20260625,bonded,236861,PRIVPROBE:1,cache_hit,0,False,0,cache
m12_heavy_flood_dup60_s20260625_bonded,P3-Persist,m12_heavy_flood_dup60_s20260625,bonded,237964,PRIVPROBE:1,cache_hit,0,False,0,cache
m12_heavy_flood_dup60_s20260625_bonded,P3-Persist,m12_heavy_flood_dup60_s20260625,bonded,239065,PRIVPROBE:1,cache_hit,0,False,0,cache
m12_heavy_flood_dup60_s20260625_bonded,P3-Persist,m12_heavy_flood_dup60_s20260625,bonded,240133,PRIVPROBE:1,cache_hit,0,False,0,cache
m12_heavy_flood_dup60_s20260625_bonded,P3-Persist,m12_heavy_flood_dup60_s20260625,bonded,241194,PRIVPROBE:1,cache_hit,0,False,0,cache
m12_heavy_flood_dup60_s20260625_bonded,P3-Persist,m12_heavy_flood_dup60_s20260625,bonded,242300,PRIVPROBE:1,cache_hit,0,False,0,cache
m12_heavy_flood_dup60_s20260625_bonded,P3-Persist,m12_heavy_flood_dup60_s20260625,bonded,243378,PRIVPROBE:1,cache_hit,0,False,0,cache
m12_heavy_flood_dup60_s20260625_bonded,P3-Persist,m12_heavy_flood_dup60_s20260625,bonded,244511,PRIVPROBE:1,cache_hit,0,False,0,cache
m12_heavy_flood_dup60_s20260625_bonded,P3-Persist,m12_heavy_flood_dup60_s20260625,bonded,245607,PRIVPROBE:1,cache_hit,0,False,0,cache
m12_heavy_flood_dup60_s20260625_bonded,P3-Persist,m12_heavy_flood_dup60_s20260625,bonded,246663,PRIVPROBE:1,cache_hit,0,False,0,cache
m12_heavy_flood_dup60_s20260625_bonded,P3-Persist,m12_heavy_flood_dup60_s20260625,bonded,247799,PRIVPROBE:1,cache_hit,0,False,0,cache
m12_heavy_flood_dup60_s20260625_bonded,P3-Persist,m12_heavy_flood_dup60_s20260625,bonded,248927,PRIVPROBE:1,cache_hit,0,False,0,cache
m12_heavy_flood_dup60_s20260625_bonded,P3-Persist,m12_heavy_flood_dup60_s20260625,bonded,250012,PRIVPROBE:1,cache_hit,0,False,0,cache
m12_heavy_flood_dup60_s20260625_bonded,P3-Persist,m12_heavy_flood_dup60_s20260625,bonded,251098,PRIVPROBE:1,cache_hit,0,False,0,cache
m12_heavy_flood_dup60_s20260625_bonded,P3-Persist,m12_heavy_flood_dup60_s20260625,bonded,252182,PRIVPROBE:1,cache_hit,0,False,0,cache
m12_heavy_flood_dup60_s20260625_bonded,P3-Persist,m12_heavy_flood_dup60_s20260625,bonded,253321,PRIVPROBE:1,cache_hit,0,False,0,cache
m12_heavy_flood_dup60_s20260625_bonded,P3-Persist,m12_heavy_flood_dup60_s20260625,bonded,254474,PRIVPROBE:1,cache_hit,0,False,0,cache
m12_heavy_flood_dup60_s20260625_bonded,P3-Persist,m12_heavy_flood_dup60_s20260625,bonded,255640,PRIVPROBE:1,cache_hit,0,False,0,cache
m12_heavy_flood_dup60_s20260625_bonded,P3-Persist,m12_heavy_flood_dup60_s20260625,bonded,256755,PRIVPROBE:1,cache_hit,0,False,0,cache
m12_heavy_flood_dup60_s20260625_bonded,P3-Persist,m12_heavy_flood_dup60_s20260625,bonded,257854,PRIVPROBE:1,cache_hit,0,False,0,cache
m12_heavy_flood_dup60_s20260625_bonded,P3-Persist,m12_heavy_flood_dup60_s20260625,bonded,258934,PRIVPROBE:1,cache_hit,0,False,0,cache
m12_heavy_flood_dup60_s20260625_bonded,P3-Persist,m12_heavy_flood_dup60_s20260625,bonded,260032,PRIVPROBE:1,cache_hit,0,False,0,cache
m12_heavy_flood_dup60_s20260625_bonded,P3-Persist,m12_heavy_flood_dup60_s20260625,bonded,261189,PRIVPROBE:1,cache_hit,0,False,0,cache
m12_heavy_flood_dup60_s20260625_bonded,P3-Persist,m12_heavy_flood_dup60_s20260625,bonded,262338,PRIVPROBE:1,cache_hit,0,False,0,cache
m12_heavy_flood_dup60_s20260625_bonded,P3-Persist,m12_heavy_flood_dup60_s20260625,bonded,263467,PRIVPROBE:1,cache_hit,0,False,0,cache
m12_heavy_flood_dup60_s20260625_bonded,P3-Persist,m12_heavy_flood_dup60_s20260625,bonded,264616,PRIVPROBE:1,cache_hit,0,False,0,cache
m12_heavy_flood_dup60_s20260625_bonded,P3-Persist,m12_heavy_flood_dup60_s20260625,bonded,265760,PRIVPROBE:1,cache_hit,0,False,0,cache
m12_heavy_flood_dup60_s20260625_bonded,P3-Persist,m12_heavy_flood_dup60_s20260625,bonded,266893,PRIVPROBE:1,cache_hit,0,False,0,cache
m12_heavy_flood_dup60_s20260625_bonded,P3-Persist,m12_heavy_flood_dup60_s20260625,bonded,267959,PRIVPROBE:1,cache_hit,0,False,0,cache
m12_heavy_flood_dup60_s20260625_bonded,P3-Persist,m12_heavy_flood_dup60_s20260625,bonded,269120,PRIVPROBE:1,cache_hit,0,False,0,cache
m12_heavy_flood_dup60_s20260625_bonded,P3-Persist,m12_heavy_flood_dup60_s20260625,bonded,270237,PRIVPROBE:1,cache_hit,0,False,0,cache
m12_heavy_flood_dup60_s20260625_bonded,P3-Persist,m12_heavy_flood_dup60_s20260625,bonded,271351,PRIVPROBE:1,cache_hit,0,False,0,cache
m12_heavy_flood_dup60_s20260625_bonded,P3-Persist,m12_heavy_flood_dup60_s20260625,bonded,272484,PRIVPROBE:1,cache_hit,0,False,0,cache
m12_heavy_flood_dup60_s20260625_bonded,P3-Persist,m12_heavy_flood_dup60_s20260625,bonded,273585,PRIVPROBE:1,cache_hit,0,False,0,cache
m12_heavy_flood_dup60_s20260625_bonded,P3-Persist,m12_heavy_flood_dup60_s20260625,bonded,274738,PRIVPROBE:1,cache_hit,0,False,0,cache
m12_heavy_flood_dup60_s20260625_bonded,P3-Persist,m12_heavy_flood_dup60_s20260625,bonded,275880,PRIVPROBE:1,cache_hit,0,False,0,cache
m12_heavy_flood_dup60_s20260625_bonded,P3-Persist,m12_heavy_flood_dup60_s20260625,bonded,276994,PRIVPROBE:1,cache_hit,0,False,0,cache
m12_heavy_flood_dup60_s20260625_bonded,P3-Persist,m12_heavy_flood_dup60_s20260625,bonded,278065,PRIVPROBE:1,cache_hit,0,False,0,cache
m12_heavy_flood_dup60_s20260625_bonded,P3-Persist,m12_heavy_flood_dup60_s20260625,bonded,279214,PRIVPROBE:1,cache_hit,0,False,0,cache
m12_heavy_flood_dup60_s20260625_bonded,P3-Persist,m12_heavy_flood_dup60_s20260625,bonded,280435,PRIVPROBE:1,cache_hit,0,False,0,cache
m12_heavy_flood_dup60_s20260625_bonded,P3-Persist,m12_heavy_flood_dup60_s20260625,bonded,281515,PRIVPROBE:1,cache_hit,0,False,0,cache
m12_heavy_flood_dup60_s20260625_bonded,P3-Persist,m12_heavy_flood_dup60_s20260625,bonded,282610,PRIVPROBE:1,cache_hit,0,False,0,cache
m12_heavy_flood_dup60_s20260625_bonded,P3-Persist,m12_heavy_flood_dup60_s20260625,bonded,283734,PRIVPROBE:1,cache_hit,0,False,0,cache
m12_heavy_flood_dup60_s20260625_bonded,P3-Persist,m12_heavy_flood_dup60_s20260625,bonded,284825,PRIVPROBE:1,cache_hit,0,False,0,cache
m12_heavy_flood_dup60_s20260625_bonded,P3-Persist,m12_heavy_flood_dup60_s20260625,bonded,285942,PRIVPROBE:1,cache_hit,0,False,0,cache
m12_heavy_flood_dup60_s20260625_bonded,P3-Persist,m12_heavy_flood_dup60_s20260625,bonded,287009,PRIVPROBE:1,cache_hit,0,False,0,cache
m12_heavy_flood_dup60_s20260625_bonded,P3-Persist,m12_heavy_flood_dup60_s20260625,bonded,288162,PRIVPROBE:1,cache_hit,0,False,0,cache
m12_heavy_flood_dup60_s20260625_bonded,P3-Persist,m12_heavy_flood_dup60_s20260625,bonded,289327,PRIVPROBE:1,cache_hit,0,False,0,cache
m12_heavy_flood_dup60_s20260625_bonded,P3-Persist,m12_heavy_flood_dup60_s20260625,bonded,290426,PRIVPROBE:1,cache_hit,0,False,0,cache
m12_heavy_flood_dup60_s20260625_bonded,P3-Persist,m12_heavy_flood_dup60_s20260625,bonded,291534,PRIVPROBE:1,cache_hit,0,False,0,cache
m12_heavy_flood_dup60_s20260625_bonded,P3-Persist,m12_heavy_flood_dup60_s20260625,bonded,292677,PRIVPROBE:1,cache_hit,0,False,0,cache
m12_heavy_flood_dup60_s20260625_bonded,P3-Persist,m12_heavy_flood_dup60_s20260625,bonded,293749,PRIVPROBE:1,cache_hit,0,False,0,cache
m12_heavy_flood_dup60_s20260625_bonded,P3-Persist,m12_heavy_flood_dup60_s20260625,bonded,294880,PRIVPROBE:1,cache_hit,0,False,0,cache
m12_heavy_flood_dup60_s20260625_bonded,P3-Persist,m12_heavy_flood_dup60_s20260625,bonded,296023,PRIVPROBE:1,cache_hit,0,False,0,cache
m12_heavy_flood_dup60_s20260625_bonded,P3-Persist,m12_heavy_flood_dup60_s20260625,bonded,297073,PRIVPROBE:1,cache_hit,0,False,0,cache
m12_heavy_flood_dup60_s20260625_bonded,P3-Persist,m12_heavy_flood_dup60_s20260625,bonded,298179,PRIVPROBE:1,cache_hit,0,False,0,cache
m12_heavy_flood_dup60_s20260625_bonded,P3-Persist,m12_heavy_flood_dup60_s20260625,bonded,299244,PRIVPROBE:1,cache_hit,0,False,0,cache
m12_heavy_flood_dup60_s20260625_bonded,P3-Persist,m12_heavy_flood_dup60_s20260625,bonded,300371,PRIVPROBE:1,cache_hit,0,False,0,cache
m12_heavy_flood_dup60_s20260625_bonded,P3-Persist,m12_heavy_flood_dup60_s20260625,bonded,301529,PRIVPROBE:1,cache_hit,0,False,0,cache
m12_heavy_flood_dup60_s20260625_bonded,P3-Persist,m12_heavy_flood_dup60_s20260625,bonded,302618,PRIVPROBE:1,cache_hit,0,False,0,cache
m12_heavy_flood_dup60_s20260625_bonded,P3-Persist,m12_heavy_flood_dup60_s20260625,bonded,303713,PRIVPROBE:1,cache_hit,0,False,0,cache
m12_heavy_flood_dup60_s20260625_bonded,P3-Persist,m12_heavy_flood_dup60_s20260625,bonded,304828,PRIVPROBE:1,cache_hit,0,False,0,cache
m12_heavy_flood_dup60_s20260625_bonded,P3-Persist,m12_heavy_flood_dup60_s20260625,bonded,305899,PRIVPROBE:1,cache_hit,0,False,0,cache
m12_heavy_flood_dup60_s20260625_bonded,P3-Persist,m12_heavy_flood_dup60_s20260625,bonded,306989,PRIVPROBE:1,cache_hit,0,False,0,cache
m12_heavy_flood_dup60_s20260625_bonded,P3-Persist,m12_heavy_flood_dup60_s20260625,bonded,308102,PRIVPROBE:1,cache_hit,0,False,0,cache
m12_heavy_flood_dup60_s20260625_bonded,P3-Persist,m12_heavy_flood_dup60_s20260625,bonded,309193,PRIVPROBE:1,cache_hit,0,False,0,cache
m12_heavy_flood_dup60_s20260625_bonded,P3-Persist,m12_heavy_flood_dup60_s20260625,bonded,310290,PRIVPROBE:1,cache_hit,0,False,0,cache
m12_heavy_flood_dup60_s20260625_bonded,P3-Persist,m12_heavy_flood_dup60_s20260625,bonded,311361,PRIVPROBE:1,cache_hit,0,False,0,cache
m12_heavy_flood_dup60_s20260625_bonded,P3-Persist,m12_heavy_flood_dup60_s20260625,bonded,312464,PRIVPROBE:1,cache_hit,0,False,0,cache
m12_heavy_flood_dup60_s20260625_bonded,P3-Persist,m12_heavy_flood_dup60_s20260625,bonded,313600,PRIVPROBE:1,cache_hit,0,False,0,cache
m12_heavy_flood_dup60_s20260625_bonded,P3-Persist,m12_heavy_flood_dup60_s20260625,bonded,314767,PRIVPROBE:1,cache_hit,0,False,0,cache
m12_heavy_flood_dup60_s20260625_bonded,P3-Persist,m12_heavy_flood_dup60_s20260625,bonded,315882,PRIVPROBE:1,cache_hit,0,False,0,cache
m12_heavy_flood_dup60_s20260625_bonded,P3-Persist,m12_heavy_flood_dup60_s20260625,bonded,317006,PRIVPROBE:1,cache_hit,0,False,0,cache
m12_heavy_flood_dup60_s20260625_bonded,P3-Persist,m12_heavy_flood_dup60_s20260625,bonded,318143,PRIVPROBE:1,cache_hit,0,False,0,cache
m12_heavy_flood_dup60_s20260625_bonded,P3-Persist,m12_heavy_flood_dup60_s20260625,bonded,319285,PRIVPROBE:1,cache_hit,0,False,0,cache
m12_heavy_flood_dup60_s20260625_bonded,P3-Persist,m12_heavy_flood_dup60_s20260625,bonded,320394,PRIVPROBE:1,cache_hit,0,False,0,cache
m12_heavy_flood_dup60_s20260625_bonded,P3-Persist,m12_heavy_flood_dup60_s20260625,bonded,321536,PRIVPROBE:1,cache_hit,0,False,0,cache
m12_heavy_flood_dup60_s20260625_bonded,P3-Persist,m12_heavy_flood_dup60_s20260625,bonded,322656,PRIVPROBE:1,cache_hit,0,False,0,cache
m12_heavy_flood_dup60_s20260625_bonded,P3-Persist,m12_heavy_flood_dup60_s20260625,bonded,323801,PRIVPROBE:1,cache_hit,0,False,0,cache
m12_heavy_flood_dup60_s20260625_bonded,P3-Persist,m12_heavy_flood_dup60_s20260625,bonded,324893,PRIVPROBE:1,cache_hit,0,False,0,cache
m12_heavy_flood_dup60_s20260625_bonded,P3-Persist,m12_heavy_flood_dup60_s20260625,bonded,325977,PRIVPROBE:1,cache_hit,0,False,0,cache
m12_heavy_flood_dup60_s20260625_bonded,P3-Persist,m12_heavy_flood_dup60_s20260625,bonded,327097,PRIVPROBE:1,cache_hit,0,False,0,cache
m12_heavy_flood_dup60_s20260625_bonded,P3-Persist,m12_heavy_flood_dup60_s20260625,bonded,328212,PRIVPROBE:1,cache_hit,0,False,0,cache
m12_heavy_flood_dup60_s20260625_bonded,P3-Persist,m12_heavy_flood_dup60_s20260625,bonded,329328,PRIVPROBE:1,cache_hit,0,False,0,cache
m12_heavy_flood_dup60_s20260625_bonded,P3-Persist,m12_heavy_flood_dup60_s20260625,bonded,330482,PRIVPROBE:1,cache_hit,0,False,0,cache
m12_heavy_flood_dup60_s20260625_bonded,P3-Persist,m12_heavy_flood_dup60_s20260625,bonded,331537,PRIVPROBE:1,cache_hit,0,False,0,cache
m12_heavy_flood_dup60_s20260625_bonded,P3-Persist,m12_heavy_flood_dup60_s20260625,bonded,332658,PRIVPROBE:1,cache_hit,0,False,0,cache
m12_heavy_flood_dup60_s20260625_bonded,P3-Persist,m12_heavy_flood_dup60_s20260625,bonded,333718,PRIVPROBE:1,cache_hit,0,False,0,cache
m12_heavy_flood_dup60_s20260625_bonded,P3-Persist,m12_heavy_flood_dup60_s20260625,bonded,334899,PRIVPROBE:1,cache_hit,0,False,0,cache
m12_heavy_flood_dup60_s20260625_bonded,P3-Persist,m12_heavy_flood_dup60_s20260625,bonded,336041,PRIVPROBE:1,cache_hit,0,False,0,cache
m12_heavy_flood_dup60_s20260625_bonded,P3-Persist,m12_heavy_flood_dup60_s20260625,bonded,337160,PRIVPROBE:1,cache_hit,0,False,0,cache
m12_heavy_flood_dup60_s20260625_bonded,P3-Persist,m12_heavy_flood_dup60_s20260625,bonded,338273,PRIVPROBE:1,cache_hit,0,False,0,cache
m12_heavy_flood_dup60_s20260625_bonded,P3-Persist,m12_heavy_flood_dup60_s20260625,bonded,339385,PRIVPROBE:1,cache_hit,0,False,0,cache
m12_heavy_flood_dup60_s20260625_bonded,P3-Persist,m12_heavy_flood_dup60_s20260625,bonded,340507,PRIVPROBE:1,cache_hit,0,False,0,cache
m12_heavy_flood_dup60_s20260625_bonded,P3-Persist,m12_heavy_flood_dup60_s20260625,bonded,341662,PRIVPROBE:1,cache_hit,0,False,0,cache
m12_heavy_flood_dup60_s20260625_bonded,P3-Persist,m12_heavy_flood_dup60_s20260625,bonded,342739,PRIVPROBE:1,cache_hit,0,False,0,cache
m12_heavy_flood_dup60_s20260625_bonded,P3-Persist,m12_heavy_flood_dup60_s20260625,bonded,343808,PRIVPROBE:1,cache_hit,0,False,0,cache
m12_heavy_flood_dup60_s20260625_bonded,P3-Persist,m12_heavy_flood_dup60_s20260625,bonded,344981,PRIVPROBE:1,cache_hit,0,False,0,cache
m12_heavy_flood_dup60_s20260625_bonded,P3-Persist,m12_heavy_flood_dup60_s20260625,bonded,346040,PRIVPROBE:1,cache_hit,0,False,0,cache
m12_heavy_flood_dup60_s20260625_bonded,P3-Persist,m12_heavy_flood_dup60_s20260625,bonded,347120,PRIVPROBE:1,cache_hit,0,False,0,cache
m12_heavy_flood_dup60_s20260625_bonded,P3-Persist,m12_heavy_flood_dup60_s20260625,bonded,348279,PRIVPROBE:1,cache_hit,0,False,0,cache
m12_heavy_flood_dup60_s20260625_bonded,P3-Persist,m12_heavy_flood_dup60_s20260625,bonded,349377,PRIVPROBE:1,cache_hit,0,False,0,cache
m12_heavy_flood_dup60_s20260625_bonded,P3-Persist,m12_heavy_flood_dup60_s20260625,bonded,350446,PRIVPROBE:1,cache_hit,0,False,0,cache
m12_heavy_flood_dup60_s20260625_bonded,P3-Persist,m12_heavy_flood_dup60_s20260625,bonded,351548,PRIVPROBE:1,cache_hit,0,False,0,cache
m12_heavy_flood_dup60_s20260625_bonded,P3-Persist,m12_heavy_flood_dup60_s20260625,bonded,352666,PRIVPROBE:1,cache_hit,0,False,0,cache
m12_heavy_flood_dup60_s20260625_bonded,P3-Persist,m12_heavy_flood_dup60_s20260625,bonded,353852,PRIVPROBE:1,cache_hit,0,False,0,cache
m12_heavy_flood_dup60_s20260625_bonded,P3-Persist,m12_heavy_flood_dup60_s20260625,bonded,354907,PRIVPROBE:1,cache_hit,0,False,0,cache
m12_heavy_flood_dup60_s20260625_bonded,P3-Persist,m12_heavy_flood_dup60_s20260625,bonded,356049,PRIVPROBE:1,cache_hit,0,False,0,cache
m12_heavy_flood_dup60_s20260625_bonded,P3-Persist,m12_heavy_flood_dup60_s20260625,bonded,357177,PRIVPROBE:1,cache_hit,0,False,0,cache
m12_heavy_flood_dup60_s20260625_bonded,P3-Persist,m12_heavy_flood_dup60_s20260625,bonded,358349,PRIVPROBE:1,cache_hit,0,False,0,cache
m12_heavy_flood_dup60_s20260625_bonded,P3-Persist,m12_heavy_flood_dup60_s20260625,bonded,359456,PRIVPROBE:1,cache_hit,0,False,0,cache
m12_heavy_flood_dup60_s20260625_bonded,P3-Persist,m12_heavy_flood_dup60_s20260625,bonded,360559,PRIVPROBE:1,cache_hit,0,False,0,cache
m12_heavy_flood_dup60_s20260625_bonded,P3-Persist,m12_heavy_flood_dup60_s20260625,bonded,361615,PRIVPROBE:1,cache_hit,0,False,0,cache
m12_heavy_flood_dup60_s20260625_bonded,P3-Persist,m12_heavy_flood_dup60_s20260625,bonded,362703,PRIVPROBE:1,cache_hit,0,False,0,cache
m12_heavy_flood_dup60_s20260625_bonded,P3-Persist,m12_heavy_flood_dup60_s20260625,bonded,363814,PRIVPROBE:1,cache_hit,0,False,0,cache
m12_heavy_flood_dup60_s20260625_bonded,P3-Persist,m12_heavy_flood_dup60_s20260625,bonded,364951,PRIVPROBE:1,cache_hit,0,False,0,cache
m12_heavy_flood_dup60_s20260625_bonded,P3-Persist,m12_heavy_flood_dup60_s20260625,bonded,366023,PRIVPROBE:1,cache_hit,0,False,0,cache
m12_heavy_flood_dup60_s20260625_bonded,P3-Persist,m12_heavy_flood_dup60_s20260625,bonded,367235,PRIVPROBE:1,cache_hit,0,False,0,cache
m12_heavy_flood_dup60_s20260625_bonded,P3-Persist,m12_heavy_flood_dup60_s20260625,bonded,368354,PRIVPROBE:1,cache_hit,0,False,0,cache
m12_heavy_flood_dup60_s20260625_bonded,P3-Persist,m12_heavy_flood_dup60_s20260625,bonded,369474,PRIVPROBE:1,cache_hit,0,False,0,cache
m12_heavy_flood_dup60_s20260625_bonded,P3-Persist,m12_heavy_flood_dup60_s20260625,bonded,370590,PRIVPROBE:1,cache_hit,0,False,0,cache
m12_heavy_flood_dup60_s20260625_bonded,P3-Persist,m12_heavy_flood_dup60_s20260625,bonded,371665,PRIVPROBE:1,cache_hit,0,False,0,cache
m12_heavy_flood_dup60_s20260625_bonded,P3-Persist,m12_heavy_flood_dup60_s20260625,bonded,372816,PRIVPROBE:1,cache_hit,0,False,0,cache
m12_heavy_flood_dup60_s20260625_bonded,P3-Persist,m12_heavy_flood_dup60_s20260625,bonded,373941,PRIVPROBE:1,cache_hit,0,False,0,cache
m12_heavy_flood_dup60_s20260625_bonded,P3-Persist,m12_heavy_flood_dup60_s20260625,bonded,375092,PRIVPROBE:1,cache_hit,0,False,0,cache
m12_heavy_flood_dup60_s20260625_bonded,P3-Persist,m12_heavy_flood_dup60_s20260625,bonded,376173,PRIVPROBE:1,cache_hit,0,False,0,cache
m12_heavy_flood_dup60_s20260625_bonded,P3-Persist,m12_heavy_flood_dup60_s20260625,bonded,377278,PRIVPROBE:1,cache_hit,0,False,0,cache
m12_heavy_flood_dup60_s20260625_bonded,P3-Persist,m12_heavy_flood_dup60_s20260625,bonded,378393,PRIVPROBE:1,cache_hit,0,False,0,cache
m12_heavy_flood_dup60_s20260625_bonded,P3-Persist,m12_heavy_flood_dup60_s20260625,bonded,379558,PRIVPROBE:1,cache_hit,0,False,0,cache
m12_heavy_flood_dup60_s20260625_bonded,P3-Persist,m12_heavy_flood_dup60_s20260625,bonded,380700,PRIVPROBE:1,cache_hit,0,False,0,cache
m12_heavy_flood_dup60_s20260625_bonded,P3-Persist,m12_heavy_flood_dup60_s20260625,bonded,381803,PRIVPROBE:1,cache_hit,0,False,0,cache
m12_heavy_flood_dup60_s20260625_bonded,P3-Persist,m12_heavy_flood_dup60_s20260625,bonded,382918,PRIVPROBE:1,cache_hit,0,False,0,cache
m12_heavy_flood_dup60_s20260625_bonded,P3-Persist,m12_heavy_flood_dup60_s20260625,bonded,383985,PRIVPROBE:1,cache_hit,0,False,0,cache
m12_heavy_flood_dup60_s20260625_bonded,P3-Persist,m12_heavy_flood_dup60_s20260625,bonded,385191,PRIVPROBE:1,cache_hit,0,False,0,cache
m12_heavy_flood_dup60_s20260625_bonded,P3-Persist,m12_heavy_flood_dup60_s20260625,bonded,386346,PRIVPROBE:1,cache_hit,0,False,0,cache
m12_heavy_flood_dup60_s20260625_bonded,P3-Persist,m12_heavy_flood_dup60_s20260625,bonded,387440,PRIVPROBE:1,cache_hit,0,False,0,cache
m12_heavy_flood_dup60_s20260625_bonded,P3-Persist,m12_heavy_flood_dup60_s20260625,bonded,388585,PRIVPROBE:1,cache_hit,0,False,0,cache
m12_heavy_flood_dup60_s20260625_bonded,P3-Persist,m12_heavy_flood_dup60_s20260625,bonded,389679,PRIVPROBE:1,cache_hit,0,False,0,cache
m12_heavy_flood_dup60_s20260625_bonded,P3-Persist,m12_heavy_flood_dup60_s20260625,bonded,390838,PRIVPROBE:1,cache_hit,0,False,0,cache
m12_heavy_flood_dup60_s20260625_bonded,P3-Persist,m12_heavy_flood_dup60_s20260625,bonded,391965,PRIVPROBE:1,cache_hit,0,False,0,cache
m12_heavy_flood_dup60_s20260625_bonded,P3-Persist,m12_heavy_flood_dup60_s20260625,bonded,393060,PRIVPROBE:1,cache_hit,0,False,0,cache
m12_heavy_flood_dup60_s20260625_bonded,P3-Persist,m12_heavy_flood_dup60_s20260625,bonded,394154,PRIVPROBE:1,cache_hit,0,False,0,cache
m12_heavy_flood_dup60_s20260625_bonded,P3-Persist,m12_heavy_flood_dup60_s20260625,bonded,395245,PRIVPROBE:1,cache_hit,0,False,0,cache
m12_heavy_flood_dup60_s20260625_bonded,P3-Persist,m12_heavy_flood_dup60_s20260625,bonded,396359,PRIVPROBE:1,cache_hit,0,False,0,cache
m12_heavy_flood_dup60_s20260625_bonded,P3-Persist,m12_heavy_flood_dup60_s20260625,bonded,397406,PRIVPROBE:1,cache_hit,0,False,0,cache
m12_heavy_flood_dup60_s20260625_bonded,P3-Persist,m12_heavy_flood_dup60_s20260625,bonded,398528,PRIVPROBE:1,cache_hit,0,False,0,cache
m12_heavy_flood_dup60_s20260625_bonded,P3-Persist,m12_heavy_flood_dup60_s20260625,bonded,399617,PRIVPROBE:1,cache_hit,0,False,0,cache
m12_heavy_flood_dup60_s20260625_bonded,P3-NoPersist,m12_heavy_flood_dup60_s20260625,bonded,66893,PRIVPROBE:0,defer,0,True,1000,defer
m12_heavy_flood_dup60_s20260625_bonded,P3-NoPersist,m12_heavy_flood_dup60_s20260625,bonded,68018,PRIVPROBE:0,duplicate_filter,0,False,0,duplicate_filter
m12_heavy_flood_dup60_s20260625_bonded,P3-NoPersist,m12_heavy_flood_dup60_s20260625,bonded,69141,PRIVPROBE:0,duplicate_filter,0,False,0,duplicate_filter
m12_heavy_flood_dup60_s20260625_bonded,P3-NoPersist,m12_heavy_flood_dup60_s20260625,bonded,70297,PRIVPROBE:0,duplicate_filter,0,False,0,duplicate_filter
m12_heavy_flood_dup60_s20260625_bonded,P3-NoPersist,m12_heavy_flood_dup60_s20260625,bonded,71411,PRIVPROBE:0,duplicate_filter,0,False,0,duplicate_filter
m12_heavy_flood_dup60_s20260625_bonded,P3-NoPersist,m12_heavy_flood_dup60_s20260625,bonded,72540,PRIVPROBE:0,duplicate_filter,0,False,0,duplicate_filter
m12_heavy_flood_dup60_s20260625_bonded,P3-NoPersist,m12_heavy_flood_dup60_s20260625,bonded,73656,PRIVPROBE:0,duplicate_filter,0,False,0,duplicate_filter
m12_heavy_flood_dup60_s20260625_bonded,P3-NoPersist,m12_heavy_flood_dup60_s20260625,bonded,74768,PRIVPROBE:0,duplicate_filter,0,False,0,duplicate_filter
m12_heavy_flood_dup60_s20260625_bonded,P3-NoPersist,m12_heavy_flood_dup60_s20260625,bonded,75810,PRIVPROBE:0,duplicate_filter,0,False,0,duplicate_filter
m12_heavy_flood_dup60_s20260625_bonded,P3-NoPersist,m12_heavy_flood_dup60_s20260625,bonded,76881,PRIVPROBE:0,duplicate_filter,0,False,0,duplicate_filter
m12_heavy_flood_dup60_s20260625_bonded,P3-NoPersist,m12_heavy_flood_dup60_s20260625,bonded,77996,PRIVPROBE:0,duplicate_filter,0,False,0,duplicate_filter
m12_heavy_flood_dup60_s20260625_bonded,P3-NoPersist,m12_heavy_flood_dup60_s20260625,bonded,79133,PRIVPROBE:0,duplicate_filter,0,False,0,duplicate_filter
m12_heavy_flood_dup60_s20260625_bonded,P3-NoPersist,m12_heavy_flood_dup60_s20260625,bonded,80281,PRIVPROBE:0,defer,0,True,1000,defer
m12_heavy_flood_dup60_s20260625_bonded,P3-NoPersist,m12_heavy_flood_dup60_s20260625,bonded,81413,PRIVPROBE:0,duplicate_filter,0,False,0,duplicate_filter
m12_heavy_flood_dup60_s20260625_bonded,P3-NoPersist,m12_heavy_flood_dup60_s20260625,bonded,82489,PRIVPROBE:0,duplicate_filter,0,False,0,duplicate_filter
m12_heavy_flood_dup60_s20260625_bonded,P3-NoPersist,m12_heavy_flood_dup60_s20260625,bonded,83562,PRIVPROBE:0,duplicate_filter,0,False,0,duplicate_filter
m12_heavy_flood_dup60_s20260625_bonded,P3-NoPersist,m12_heavy_flood_dup60_s20260625,bonded,84739,PRIVPROBE:0,duplicate_filter,0,False,0,duplicate_filter
m12_heavy_flood_dup60_s20260625_bonded,P3-NoPersist,m12_heavy_flood_dup60_s20260625,bonded,85887,PRIVPROBE:0,duplicate_filter,0,False,0,duplicate_filter
m12_heavy_flood_dup60_s20260625_bonded,P3-NoPersist,m12_heavy_flood_dup60_s20260625,bonded,86972,PRIVPROBE:0,duplicate_filter,0,False,0,duplicate_filter
m12_heavy_flood_dup60_s20260625_bonded,P3-NoPersist,m12_heavy_flood_dup60_s20260625,bonded,88022,PRIVPROBE:0,duplicate_filter,0,False,0,duplicate_filter
m12_heavy_flood_dup60_s20260625_bonded,P3-NoPersist,m12_heavy_flood_dup60_s20260625,bonded,89165,PRIVPROBE:0,duplicate_filter,0,False,0,duplicate_filter
m12_heavy_flood_dup60_s20260625_bonded,P3-NoPersist,m12_heavy_flood_dup60_s20260625,bonded,90234,PRIVPROBE:0,duplicate_filter,0,False,0,duplicate_filter
m12_heavy_flood_dup60_s20260625_bonded,P3-NoPersist,m12_heavy_flood_dup60_s20260625,bonded,91323,PRIVPROBE:0,duplicate_filter,0,False,0,duplicate_filter
m12_heavy_flood_dup60_s20260625_bonded,P3-NoPersist,m12_heavy_flood_dup60_s20260625,bonded,92404,PRIVPROBE:0,duplicate_filter,0,False,0,duplicate_filter
m12_heavy_flood_dup60_s20260625_bonded,P3-NoPersist,m12_heavy_flood_dup60_s20260625,bonded,93582,PRIVPROBE:0,defer,0,True,1000,defer
m12_heavy_flood_dup60_s20260625_bonded,P3-NoPersist,m12_heavy_flood_dup60_s20260625,bonded,94658,PRIVPROBE:0,duplicate_filter,0,False,0,duplicate_filter
m12_heavy_flood_dup60_s20260625_bonded,P3-NoPersist,m12_heavy_flood_dup60_s20260625,bonded,95807,PRIVPROBE:0,duplicate_filter,0,False,0,duplicate_filter
m12_heavy_flood_dup60_s20260625_bonded,P3-NoPersist,m12_heavy_flood_dup60_s20260625,bonded,96930,PRIVPROBE:0,duplicate_filter,0,False,0,duplicate_filter
m12_heavy_flood_dup60_s20260625_bonded,P3-NoPersist,m12_heavy_flood_dup60_s20260625,bonded,98021,PRIVPROBE:0,duplicate_filter,0,False,0,duplicate_filter
m12_heavy_flood_dup60_s20260625_bonded,P3-NoPersist,m12_heavy_flood_dup60_s20260625,bonded,99177,PRIVPROBE:0,duplicate_filter,0,False,0,duplicate_filter
m12_heavy_flood_dup60_s20260625_bonded,P3-NoPersist,m12_heavy_flood_dup60_s20260625,bonded,100372,PRIVPROBE:0,duplicate_filter,0,False,0,duplicate_filter
m12_heavy_flood_dup60_s20260625_bonded,P3-NoPersist,m12_heavy_flood_dup60_s20260625,bonded,101464,PRIVPROBE:0,duplicate_filter,0,False,0,duplicate_filter
m12_heavy_flood_dup60_s20260625_bonded,P3-NoPersist,m12_heavy_flood_dup60_s20260625,bonded,102569,PRIVPROBE:0,duplicate_filter,0,False,0,duplicate_filter
m12_heavy_flood_dup60_s20260625_bonded,P3-NoPersist,m12_heavy_flood_dup60_s20260625,bonded,103707,PRIVPROBE:0,duplicate_filter,0,False,0,duplicate_filter
m12_heavy_flood_dup60_s20260625_bonded,P3-NoPersist,m12_heavy_flood_dup60_s20260625,bonded,104789,PRIVPROBE:0,duplicate_filter,0,False,0,duplicate_filter
m12_heavy_flood_dup60_s20260625_bonded,P3-NoPersist,m12_heavy_flood_dup60_s20260625,bonded,105937,PRIVPROBE:0,duplicate_filter,0,False,0,duplicate_filter
m12_heavy_flood_dup60_s20260625_bonded,P3-NoPersist,m12_heavy_flood_dup60_s20260625,bonded,107062,PRIVPROBE:0,defer,0,True,1000,defer
m12_heavy_flood_dup60_s20260625_bonded,P3-NoPersist,m12_heavy_flood_dup60_s20260625,bonded,108136,PRIVPROBE:0,duplicate_filter,0,False,0,duplicate_filter
m12_heavy_flood_dup60_s20260625_bonded,P3-NoPersist,m12_heavy_flood_dup60_s20260625,bonded,109201,PRIVPROBE:0,duplicate_filter,0,False,0,duplicate_filter
m12_heavy_flood_dup60_s20260625_bonded,P3-NoPersist,m12_heavy_flood_dup60_s20260625,bonded,110287,PRIVPROBE:0,duplicate_filter,0,False,0,duplicate_filter
m12_heavy_flood_dup60_s20260625_bonded,P3-NoPersist,m12_heavy_flood_dup60_s20260625,bonded,111319,PRIVPROBE:0,duplicate_filter,0,False,0,duplicate_filter
m12_heavy_flood_dup60_s20260625_bonded,P3-NoPersist,m12_heavy_flood_dup60_s20260625,bonded,112368,PRIVPROBE:0,duplicate_filter,0,False,0,duplicate_filter
m12_heavy_flood_dup60_s20260625_bonded,P3-NoPersist,m12_heavy_flood_dup60_s20260625,bonded,113486,PRIVPROBE:0,duplicate_filter,0,False,0,duplicate_filter
m12_heavy_flood_dup60_s20260625_bonded,P3-NoPersist,m12_heavy_flood_dup60_s20260625,bonded,114631,PRIVPROBE:0,duplicate_filter,0,False,0,duplicate_filter
m12_heavy_flood_dup60_s20260625_bonded,P3-NoPersist,m12_heavy_flood_dup60_s20260625,bonded,115778,PRIVPROBE:0,duplicate_filter,0,False,0,duplicate_filter
m12_heavy_flood_dup60_s20260625_bonded,P3-NoPersist,m12_heavy_flood_dup60_s20260625,bonded,116859,PRIVPROBE:0,duplicate_filter,0,False,0,duplicate_filter
m12_heavy_flood_dup60_s20260625_bonded,P3-NoPersist,m12_heavy_flood_dup60_s20260625,bonded,117975,PRIVPROBE:0,duplicate_filter,0,False,0,duplicate_filter
m12_heavy_flood_dup60_s20260625_bonded,P3-NoPersist,m12_heavy_flood_dup60_s20260625,bonded,119119,PRIVPROBE:0,duplicate_filter,0,False,0,duplicate_filter
m12_heavy_flood_dup60_s20260625_bonded,P3-NoPersist,m12_heavy_flood_dup60_s20260625,bonded,120239,PRIVPROBE:0,defer,0,True,1000,defer
m12_heavy_flood_dup60_s20260625_bonded,P3-NoPersist,m12_heavy_flood_dup60_s20260625,bonded,121304,PRIVPROBE:0,duplicate_filter,0,False,0,duplicate_filter
m12_heavy_flood_dup60_s20260625_bonded,P3-NoPersist,m12_heavy_flood_dup60_s20260625,bonded,122506,PRIVPROBE:0,duplicate_filter,0,False,0,duplicate_filter
m12_heavy_flood_dup60_s20260625_bonded,P3-NoPersist,m12_heavy_flood_dup60_s20260625,bonded,123576,PRIVPROBE:0,duplicate_filter,0,False,0,duplicate_filter
m12_heavy_flood_dup60_s20260625_bonded,P3-NoPersist,m12_heavy_flood_dup60_s20260625,bonded,124700,PRIVPROBE:0,duplicate_filter,0,False,0,duplicate_filter
m12_heavy_flood_dup60_s20260625_bonded,P3-NoPersist,m12_heavy_flood_dup60_s20260625,bonded,125852,PRIVPROBE:0,duplicate_filter,0,False,0,duplicate_filter
m12_heavy_flood_dup60_s20260625_bonded,P3-NoPersist,m12_heavy_flood_dup60_s20260625,bonded,127005,PRIVPROBE:0,duplicate_filter,0,False,0,duplicate_filter
m12_heavy_flood_dup60_s20260625_bonded,P3-NoPersist,m12_heavy_flood_dup60_s20260625,bonded,128011,PRIVPROBE:0,duplicate_filter,0,False,0,duplicate_filter
m12_heavy_flood_dup60_s20260625_bonded,P3-NoPersist,m12_heavy_flood_dup60_s20260625,bonded,129083,PRIVPROBE:0,duplicate_filter,0,False,0,duplicate_filter
m12_heavy_flood_dup60_s20260625_bonded,P3-NoPersist,m12_heavy_flood_dup60_s20260625,bonded,130217,PRIVPROBE:0,duplicate_filter,0,False,0,duplicate_filter
m12_heavy_flood_dup60_s20260625_bonded,P3-NoPersist,m12_heavy_flood_dup60_s20260625,bonded,131281,PRIVPROBE:0,duplicate_filter,0,False,0,duplicate_filter
m12_heavy_flood_dup60_s20260625_bonded,P3-NoPersist,m12_heavy_flood_dup60_s20260625,bonded,132430,PRIVPROBE:0,duplicate_filter,0,False,0,duplicate_filter
m12_heavy_flood_dup60_s20260625_bonded,P3-NoPersist,m12_heavy_flood_dup60_s20260625,bonded,133566,PRIVPROBE:0,defer,0,True,1000,defer
m12_heavy_flood_dup60_s20260625_bonded,P3-NoPersist,m12_heavy_flood_dup60_s20260625,bonded,134652,PRIVPROBE:0,duplicate_filter,0,False,0,duplicate_filter
m12_heavy_flood_dup60_s20260625_bonded,P3-NoPersist,m12_heavy_flood_dup60_s20260625,bonded,135746,PRIVPROBE:0,duplicate_filter,0,False,0,duplicate_filter
m12_heavy_flood_dup60_s20260625_bonded,P3-NoPersist,m12_heavy_flood_dup60_s20260625,bonded,136840,PRIVPROBE:0,duplicate_filter,0,False,0,duplicate_filter
m12_heavy_flood_dup60_s20260625_bonded,P3-NoPersist,m12_heavy_flood_dup60_s20260625,bonded,137977,PRIVPROBE:0,duplicate_filter,0,False,0,duplicate_filter
m12_heavy_flood_dup60_s20260625_bonded,P3-NoPersist,m12_heavy_flood_dup60_s20260625,bonded,139095,PRIVPROBE:0,duplicate_filter,0,False,0,duplicate_filter
m12_heavy_flood_dup60_s20260625_bonded,P3-NoPersist,m12_heavy_flood_dup60_s20260625,bonded,140186,PRIVPROBE:0,duplicate_filter,0,False,0,duplicate_filter
m12_heavy_flood_dup60_s20260625_bonded,P3-NoPersist,m12_heavy_flood_dup60_s20260625,bonded,141212,PRIVPROBE:0,duplicate_filter,0,False,0,duplicate_filter
m12_heavy_flood_dup60_s20260625_bonded,P3-NoPersist,m12_heavy_flood_dup60_s20260625,bonded,142259,PRIVPROBE:0,duplicate_filter,0,False,0,duplicate_filter
m12_heavy_flood_dup60_s20260625_bonded,P3-NoPersist,m12_heavy_flood_dup60_s20260625,bonded,143398,PRIVPROBE:0,duplicate_filter,0,False,0,duplicate_filter
m12_heavy_flood_dup60_s20260625_bonded,P3-NoPersist,m12_heavy_flood_dup60_s20260625,bonded,144521,PRIVPROBE:0,duplicate_filter,0,False,0,duplicate_filter
m12_heavy_flood_dup60_s20260625_bonded,P3-NoPersist,m12_heavy_flood_dup60_s20260625,bonded,145668,PRIVPROBE:0,duplicate_filter,0,False,0,duplicate_filter
m12_heavy_flood_dup60_s20260625_bonded,P3-NoPersist,m12_heavy_flood_dup60_s20260625,bonded,146760,PRIVPROBE:0,defer,0,True,1000,defer
m12_heavy_flood_dup60_s20260625_bonded,P3-NoPersist,m12_heavy_flood_dup60_s20260625,bonded,147899,PRIVPROBE:0,duplicate_filter,0,False,0,duplicate_filter
m12_heavy_flood_dup60_s20260625_bonded,P3-NoPersist,m12_heavy_flood_dup60_s20260625,bonded,149060,PRIVPROBE:0,duplicate_filter,0,False,0,duplicate_filter
m12_heavy_flood_dup60_s20260625_bonded,P3-NoPersist,m12_heavy_flood_dup60_s20260625,bonded,150165,PRIVPROBE:0,duplicate_filter,0,False,0,duplicate_filter
m12_heavy_flood_dup60_s20260625_bonded,P3-NoPersist,m12_heavy_flood_dup60_s20260625,bonded,151253,PRIVPROBE:0,duplicate_filter,0,False,0,duplicate_filter
m12_heavy_flood_dup60_s20260625_bonded,P3-NoPersist,m12_heavy_flood_dup60_s20260625,bonded,152364,PRIVPROBE:0,duplicate_filter,0,False,0,duplicate_filter
m12_heavy_flood_dup60_s20260625_bonded,P3-NoPersist,m12_heavy_flood_dup60_s20260625,bonded,153488,PRIVPROBE:0,duplicate_filter,0,False,0,duplicate_filter
m12_heavy_flood_dup60_s20260625_bonded,P3-NoPersist,m12_heavy_flood_dup60_s20260625,bonded,154538,PRIVPROBE:0,duplicate_filter,0,False,0,duplicate_filter
m12_heavy_flood_dup60_s20260625_bonded,P3-NoPersist,m12_heavy_flood_dup60_s20260625,bonded,155700,PRIVPROBE:0,duplicate_filter,0,False,0,duplicate_filter
m12_heavy_flood_dup60_s20260625_bonded,P3-NoPersist,m12_heavy_flood_dup60_s20260625,bonded,156739,PRIVPROBE:0,duplicate_filter,0,False,0,duplicate_filter
m12_heavy_flood_dup60_s20260625_bonded,P3-NoPersist,m12_heavy_flood_dup60_s20260625,bonded,157785,PRIVPROBE:0,duplicate_filter,0,False,0,duplicate_filter
m12_heavy_flood_dup60_s20260625_bonded,P3-NoPersist,m12_heavy_flood_dup60_s20260625,bonded,158980,PRIVPROBE:0,duplicate_filter,0,False,0,duplicate_filter
m12_heavy_flood_dup60_s20260625_bonded,P3-NoPersist,m12_heavy_flood_dup60_s20260625,bonded,160045,PRIVPROBE:0,defer,0,True,1000,defer
m12_heavy_flood_dup60_s20260625_bonded,P3-NoPersist,m12_heavy_flood_dup60_s20260625,bonded,161132,PRIVPROBE:0,duplicate_filter,0,False,0,duplicate_filter
m12_heavy_flood_dup60_s20260625_bonded,P3-NoPersist,m12_heavy_flood_dup60_s20260625,bonded,162279,PRIVPROBE:0,duplicate_filter,0,False,0,duplicate_filter
m12_heavy_flood_dup60_s20260625_bonded,P3-NoPersist,m12_heavy_flood_dup60_s20260625,bonded,163413,PRIVPROBE:0,duplicate_filter,0,False,0,duplicate_filter
m12_heavy_flood_dup60_s20260625_bonded,P3-NoPersist,m12_heavy_flood_dup60_s20260625,bonded,164546,PRIVPROBE:0,duplicate_filter,0,False,0,duplicate_filter
m12_heavy_flood_dup60_s20260625_bonded,P3-NoPersist,m12_heavy_flood_dup60_s20260625,bonded,165623,PRIVPROBE:0,duplicate_filter,0,False,0,duplicate_filter
m12_heavy_flood_dup60_s20260625_bonded,P3-NoPersist,m12_heavy_flood_dup60_s20260625,bonded,166740,PRIVPROBE:0,duplicate_filter,0,False,0,duplicate_filter
m12_heavy_flood_dup60_s20260625_bonded,P3-NoPersist,m12_heavy_flood_dup60_s20260625,bonded,167894,PRIVPROBE:0,duplicate_filter,0,False,0,duplicate_filter
m12_heavy_flood_dup60_s20260625_bonded,P3-NoPersist,m12_heavy_flood_dup60_s20260625,bonded,169016,PRIVPROBE:0,duplicate_filter,0,False,0,duplicate_filter
m12_heavy_flood_dup60_s20260625_bonded,P3-NoPersist,m12_heavy_flood_dup60_s20260625,bonded,170135,PRIVPROBE:0,duplicate_filter,0,False,0,duplicate_filter
m12_heavy_flood_dup60_s20260625_bonded,P3-NoPersist,m12_heavy_flood_dup60_s20260625,bonded,171181,PRIVPROBE:0,duplicate_filter,0,False,0,duplicate_filter
m12_heavy_flood_dup60_s20260625_bonded,P3-NoPersist,m12_heavy_flood_dup60_s20260625,bonded,172330,PRIVPROBE:0,duplicate_filter,0,False,0,duplicate_filter
m12_heavy_flood_dup60_s20260625_bonded,P3-NoPersist,m12_heavy_flood_dup60_s20260625,bonded,173588,PRIVPROBE:0,defer,0,True,1000,defer
m12_heavy_flood_dup60_s20260625_bonded,P3-NoPersist,m12_heavy_flood_dup60_s20260625,bonded,174713,PRIVPROBE:0,duplicate_filter,0,False,0,duplicate_filter
m12_heavy_flood_dup60_s20260625_bonded,P3-NoPersist,m12_heavy_flood_dup60_s20260625,bonded,175855,PRIVPROBE:0,duplicate_filter,0,False,0,duplicate_filter
m12_heavy_flood_dup60_s20260625_bonded,P3-NoPersist,m12_heavy_flood_dup60_s20260625,bonded,176934,PRIVPROBE:0,duplicate_filter,0,False,0,duplicate_filter
m12_heavy_flood_dup60_s20260625_bonded,P3-NoPersist,m12_heavy_flood_dup60_s20260625,bonded,178050,PRIVPROBE:0,duplicate_filter,0,False,0,duplicate_filter
m12_heavy_flood_dup60_s20260625_bonded,P3-NoPersist,m12_heavy_flood_dup60_s20260625,bonded,179139,PRIVPROBE:0,duplicate_filter,0,False,0,duplicate_filter
m12_heavy_flood_dup60_s20260625_bonded,P3-NoPersist,m12_heavy_flood_dup60_s20260625,bonded,180229,PRIVPROBE:0,duplicate_filter,0,False,0,duplicate_filter
m12_heavy_flood_dup60_s20260625_bonded,P3-NoPersist,m12_heavy_flood_dup60_s20260625,bonded,181380,PRIVPROBE:0,duplicate_filter,0,False,0,duplicate_filter
m12_heavy_flood_dup60_s20260625_bonded,P3-NoPersist,m12_heavy_flood_dup60_s20260625,bonded,182444,PRIVPROBE:0,duplicate_filter,0,False,0,duplicate_filter
m12_heavy_flood_dup60_s20260625_bonded,P3-NoPersist,m12_heavy_flood_dup60_s20260625,bonded,183565,PRIVPROBE:0,duplicate_filter,0,False,0,duplicate_filter
m12_heavy_flood_dup60_s20260625_bonded,P3-NoPersist,m12_heavy_flood_dup60_s20260625,bonded,184669,PRIVPROBE:0,duplicate_filter,0,False,0,duplicate_filter
m12_heavy_flood_dup60_s20260625_bonded,P3-NoPersist,m12_heavy_flood_dup60_s20260625,bonded,185783,PRIVPROBE:0,duplicate_filter,0,False,0,duplicate_filter
m12_heavy_flood_dup60_s20260625_bonded,P3-NoPersist,m12_heavy_flood_dup60_s20260625,bonded,186901,PRIVPROBE:0,defer,0,True,1000,defer
m12_heavy_flood_dup60_s20260625_bonded,P3-NoPersist,m12_heavy_flood_dup60_s20260625,bonded,187958,PRIVPROBE:0,duplicate_filter,0,False,0,duplicate_filter
m12_heavy_flood_dup60_s20260625_bonded,P3-NoPersist,m12_heavy_flood_dup60_s20260625,bonded,189059,PRIVPROBE:0,duplicate_filter,0,False,0,duplicate_filter
m12_heavy_flood_dup60_s20260625_bonded,P3-NoPersist,m12_heavy_flood_dup60_s20260625,bonded,190163,PRIVPROBE:0,duplicate_filter,0,False,0,duplicate_filter
m12_heavy_flood_dup60_s20260625_bonded,P3-NoPersist,m12_heavy_flood_dup60_s20260625,bonded,191217,PRIVPROBE:0,duplicate_filter,0,False,0,duplicate_filter
m12_heavy_flood_dup60_s20260625_bonded,P3-NoPersist,m12_heavy_flood_dup60_s20260625,bonded,192305,PRIVPROBE:0,duplicate_filter,0,False,0,duplicate_filter
m12_heavy_flood_dup60_s20260625_bonded,P3-NoPersist,m12_heavy_flood_dup60_s20260625,bonded,193441,PRIVPROBE:0,duplicate_filter,0,False,0,duplicate_filter
m12_heavy_flood_dup60_s20260625_bonded,P3-NoPersist,m12_heavy_flood_dup60_s20260625,bonded,194498,PRIVPROBE:0,duplicate_filter,0,False,0,duplicate_filter
m12_heavy_flood_dup60_s20260625_bonded,P3-NoPersist,m12_heavy_flood_dup60_s20260625,bonded,195629,PRIVPROBE:0,duplicate_filter,0,False,0,duplicate_filter
m12_heavy_flood_dup60_s20260625_bonded,P3-NoPersist,m12_heavy_flood_dup60_s20260625,bonded,196781,PRIVPROBE:0,duplicate_filter,0,False,0,duplicate_filter
m12_heavy_flood_dup60_s20260625_bonded,P3-NoPersist,m12_heavy_flood_dup60_s20260625,bonded,197881,PRIVPROBE:0,duplicate_filter,0,False,0,duplicate_filter
m12_heavy_flood_dup60_s20260625_bonded,P3-NoPersist,m12_heavy_flood_dup60_s20260625,bonded,199000,PRIVPROBE:0,duplicate_filter,0,False,0,duplicate_filter
m12_heavy_flood_dup60_s20260625_bonded,P3-NoPersist,m12_heavy_flood_dup60_s20260625,bonded,200091,PRIVPROBE:1,defer,0,True,1000,defer
m12_heavy_flood_dup60_s20260625_bonded,P3-NoPersist,m12_heavy_flood_dup60_s20260625,bonded,201208,PRIVPROBE:1,duplicate_filter,0,False,0,duplicate_filter
m12_heavy_flood_dup60_s20260625_bonded,P3-NoPersist,m12_heavy_flood_dup60_s20260625,bonded,202300,PRIVPROBE:1,duplicate_filter,0,False,0,duplicate_filter
m12_heavy_flood_dup60_s20260625_bonded,P3-NoPersist,m12_heavy_flood_dup60_s20260625,bonded,203490,PRIVPROBE:1,duplicate_filter,0,False,0,duplicate_filter
m12_heavy_flood_dup60_s20260625_bonded,P3-NoPersist,m12_heavy_flood_dup60_s20260625,bonded,204606,PRIVPROBE:1,duplicate_filter,0,False,0,duplicate_filter
m12_heavy_flood_dup60_s20260625_bonded,P3-NoPersist,m12_heavy_flood_dup60_s20260625,bonded,205727,PRIVPROBE:1,duplicate_filter,0,False,0,duplicate_filter
m12_heavy_flood_dup60_s20260625_bonded,P3-NoPersist,m12_heavy_flood_dup60_s20260625,bonded,206807,PRIVPROBE:1,duplicate_filter,0,False,0,duplicate_filter
m12_heavy_flood_dup60_s20260625_bonded,P3-NoPersist,m12_heavy_flood_dup60_s20260625,bonded,207938,PRIVPROBE:1,duplicate_filter,0,False,0,duplicate_filter
m12_heavy_flood_dup60_s20260625_bonded,P3-NoPersist,m12_heavy_flood_dup60_s20260625,bonded,209059,PRIVPROBE:1,duplicate_filter,0,False,0,duplicate_filter
m12_heavy_flood_dup60_s20260625_bonded,P3-NoPersist,m12_heavy_flood_dup60_s20260625,bonded,210147,PRIVPROBE:1,duplicate_filter,0,False,0,duplicate_filter
m12_heavy_flood_dup60_s20260625_bonded,P3-NoPersist,m12_heavy_flood_dup60_s20260625,bonded,211234,PRIVPROBE:1,duplicate_filter,0,False,0,duplicate_filter
m12_heavy_flood_dup60_s20260625_bonded,P3-NoPersist,m12_heavy_flood_dup60_s20260625,bonded,212326,PRIVPROBE:1,duplicate_filter,0,False,0,duplicate_filter
m12_heavy_flood_dup60_s20260625_bonded,P3-NoPersist,m12_heavy_flood_dup60_s20260625,bonded,213540,PRIVPROBE:1,defer,0,True,1000,defer
m12_heavy_flood_dup60_s20260625_bonded,P3-NoPersist,m12_heavy_flood_dup60_s20260625,bonded,214617,PRIVPROBE:1,duplicate_filter,0,False,0,duplicate_filter
m12_heavy_flood_dup60_s20260625_bonded,P3-NoPersist,m12_heavy_flood_dup60_s20260625,bonded,215736,PRIVPROBE:1,duplicate_filter,0,False,0,duplicate_filter
m12_heavy_flood_dup60_s20260625_bonded,P3-NoPersist,m12_heavy_flood_dup60_s20260625,bonded,216834,PRIVPROBE:1,duplicate_filter,0,False,0,duplicate_filter
m12_heavy_flood_dup60_s20260625_bonded,P3-NoPersist,m12_heavy_flood_dup60_s20260625,bonded,217876,PRIVPROBE:1,duplicate_filter,0,False,0,duplicate_filter
m12_heavy_flood_dup60_s20260625_bonded,P3-NoPersist,m12_heavy_flood_dup60_s20260625,bonded,219027,PRIVPROBE:1,duplicate_filter,0,False,0,duplicate_filter
m12_heavy_flood_dup60_s20260625_bonded,P3-NoPersist,m12_heavy_flood_dup60_s20260625,bonded,220182,PRIVPROBE:1,duplicate_filter,0,False,0,duplicate_filter
m12_heavy_flood_dup60_s20260625_bonded,P3-NoPersist,m12_heavy_flood_dup60_s20260625,bonded,221307,PRIVPROBE:1,duplicate_filter,0,False,0,duplicate_filter
m12_heavy_flood_dup60_s20260625_bonded,P3-NoPersist,m12_heavy_flood_dup60_s20260625,bonded,222397,PRIVPROBE:1,duplicate_filter,0,False,0,duplicate_filter
m12_heavy_flood_dup60_s20260625_bonded,P3-NoPersist,m12_heavy_flood_dup60_s20260625,bonded,223507,PRIVPROBE:1,duplicate_filter,0,False,0,duplicate_filter
m12_heavy_flood_dup60_s20260625_bonded,P3-NoPersist,m12_heavy_flood_dup60_s20260625,bonded,224618,PRIVPROBE:1,duplicate_filter,0,False,0,duplicate_filter
m12_heavy_flood_dup60_s20260625_bonded,P3-NoPersist,m12_heavy_flood_dup60_s20260625,bonded,225799,PRIVPROBE:1,duplicate_filter,0,False,0,duplicate_filter
m12_heavy_flood_dup60_s20260625_bonded,P3-NoPersist,m12_heavy_flood_dup60_s20260625,bonded,226909,PRIVPROBE:1,defer,0,True,1000,defer
m12_heavy_flood_dup60_s20260625_bonded,P3-NoPersist,m12_heavy_flood_dup60_s20260625,bonded,228002,PRIVPROBE:1,duplicate_filter,0,False,0,duplicate_filter
m12_heavy_flood_dup60_s20260625_bonded,P3-NoPersist,m12_heavy_flood_dup60_s20260625,bonded,229087,PRIVPROBE:1,duplicate_filter,0,False,0,duplicate_filter
m12_heavy_flood_dup60_s20260625_bonded,P3-NoPersist,m12_heavy_flood_dup60_s20260625,bonded,230211,PRIVPROBE:1,duplicate_filter,0,False,0,duplicate_filter
m12_heavy_flood_dup60_s20260625_bonded,P3-NoPersist,m12_heavy_flood_dup60_s20260625,bonded,231335,PRIVPROBE:1,duplicate_filter,0,False,0,duplicate_filter
m12_heavy_flood_dup60_s20260625_bonded,P3-NoPersist,m12_heavy_flood_dup60_s20260625,bonded,232437,PRIVPROBE:1,duplicate_filter,0,False,0,duplicate_filter
m12_heavy_flood_dup60_s20260625_bonded,P3-NoPersist,m12_heavy_flood_dup60_s20260625,bonded,233552,PRIVPROBE:1,duplicate_filter,0,False,0,duplicate_filter
m12_heavy_flood_dup60_s20260625_bonded,P3-NoPersist,m12_heavy_flood_dup60_s20260625,bonded,234658,PRIVPROBE:1,duplicate_filter,0,False,0,duplicate_filter
m12_heavy_flood_dup60_s20260625_bonded,P3-NoPersist,m12_heavy_flood_dup60_s20260625,bonded,235755,PRIVPROBE:1,duplicate_filter,0,False,0,duplicate_filter
m12_heavy_flood_dup60_s20260625_bonded,P3-NoPersist,m12_heavy_flood_dup60_s20260625,bonded,236861,PRIVPROBE:1,duplicate_filter,0,False,0,duplicate_filter
m12_heavy_flood_dup60_s20260625_bonded,P3-NoPersist,m12_heavy_flood_dup60_s20260625,bonded,237964,PRIVPROBE:1,duplicate_filter,0,False,0,duplicate_filter
m12_heavy_flood_dup60_s20260625_bonded,P3-NoPersist,m12_heavy_flood_dup60_s20260625,bonded,239065,PRIVPROBE:1,duplicate_filter,0,False,0,duplicate_filter
m12_heavy_flood_dup60_s20260625_bonded,P3-NoPersist,m12_heavy_flood_dup60_s20260625,bonded,240133,PRIVPROBE:1,defer,0,True,1000,defer
m12_heavy_flood_dup60_s20260625_bonded,P3-NoPersist,m12_heavy_flood_dup60_s20260625,bonded,241194,PRIVPROBE:1,duplicate_filter,0,False,0,duplicate_filter
m12_heavy_flood_dup60_s20260625_bonded,P3-NoPersist,m12_heavy_flood_dup60_s20260625,bonded,242300,PRIVPROBE:1,duplicate_filter,0,False,0,duplicate_filter
m12_heavy_flood_dup60_s20260625_bonded,P3-NoPersist,m12_heavy_flood_dup60_s20260625,bonded,243378,PRIVPROBE:1,duplicate_filter,0,False,0,duplicate_filter
m12_heavy_flood_dup60_s20260625_bonded,P3-NoPersist,m12_heavy_flood_dup60_s20260625,bonded,244511,PRIVPROBE:1,duplicate_filter,0,False,0,duplicate_filter
m12_heavy_flood_dup60_s20260625_bonded,P3-NoPersist,m12_heavy_flood_dup60_s20260625,bonded,245607,PRIVPROBE:1,duplicate_filter,0,False,0,duplicate_filter
m12_heavy_flood_dup60_s20260625_bonded,P3-NoPersist,m12_heavy_flood_dup60_s20260625,bonded,246663,PRIVPROBE:1,duplicate_filter,0,False,0,duplicate_filter
m12_heavy_flood_dup60_s20260625_bonded,P3-NoPersist,m12_heavy_flood_dup60_s20260625,bonded,247799,PRIVPROBE:1,duplicate_filter,0,False,0,duplicate_filter
m12_heavy_flood_dup60_s20260625_bonded,P3-NoPersist,m12_heavy_flood_dup60_s20260625,bonded,248927,PRIVPROBE:1,duplicate_filter,0,False,0,duplicate_filter
m12_heavy_flood_dup60_s20260625_bonded,P3-NoPersist,m12_heavy_flood_dup60_s20260625,bonded,250012,PRIVPROBE:1,duplicate_filter,0,False,0,duplicate_filter
m12_heavy_flood_dup60_s20260625_bonded,P3-NoPersist,m12_heavy_flood_dup60_s20260625,bonded,251098,PRIVPROBE:1,duplicate_filter,0,False,0,duplicate_filter
m12_heavy_flood_dup60_s20260625_bonded,P3-NoPersist,m12_heavy_flood_dup60_s20260625,bonded,252182,PRIVPROBE:1,duplicate_filter,0,False,0,duplicate_filter
m12_heavy_flood_dup60_s20260625_bonded,P3-NoPersist,m12_heavy_flood_dup60_s20260625,bonded,253321,PRIVPROBE:1,defer,0,True,1000,defer
m12_heavy_flood_dup60_s20260625_bonded,P3-NoPersist,m12_heavy_flood_dup60_s20260625,bonded,254474,PRIVPROBE:1,duplicate_filter,0,False,0,duplicate_filter
m12_heavy_flood_dup60_s20260625_bonded,P3-NoPersist,m12_heavy_flood_dup60_s20260625,bonded,255640,PRIVPROBE:1,duplicate_filter,0,False,0,duplicate_filter
m12_heavy_flood_dup60_s20260625_bonded,P3-NoPersist,m12_heavy_flood_dup60_s20260625,bonded,256755,PRIVPROBE:1,duplicate_filter,0,False,0,duplicate_filter
m12_heavy_flood_dup60_s20260625_bonded,P3-NoPersist,m12_heavy_flood_dup60_s20260625,bonded,257854,PRIVPROBE:1,duplicate_filter,0,False,0,duplicate_filter
m12_heavy_flood_dup60_s20260625_bonded,P3-NoPersist,m12_heavy_flood_dup60_s20260625,bonded,258934,PRIVPROBE:1,duplicate_filter,0,False,0,duplicate_filter
m12_heavy_flood_dup60_s20260625_bonded,P3-NoPersist,m12_heavy_flood_dup60_s20260625,bonded,260032,PRIVPROBE:1,duplicate_filter,0,False,0,duplicate_filter
m12_heavy_flood_dup60_s20260625_bonded,P3-NoPersist,m12_heavy_flood_dup60_s20260625,bonded,261189,PRIVPROBE:1,duplicate_filter,0,False,0,duplicate_filter
m12_heavy_flood_dup60_s20260625_bonded,P3-NoPersist,m12_heavy_flood_dup60_s20260625,bonded,262338,PRIVPROBE:1,duplicate_filter,0,False,0,duplicate_filter
m12_heavy_flood_dup60_s20260625_bonded,P3-NoPersist,m12_heavy_flood_dup60_s20260625,bonded,263467,PRIVPROBE:1,duplicate_filter,0,False,0,duplicate_filter
m12_heavy_flood_dup60_s20260625_bonded,P3-NoPersist,m12_heavy_flood_dup60_s20260625,bonded,264616,PRIVPROBE:1,duplicate_filter,0,False,0,duplicate_filter
m12_heavy_flood_dup60_s20260625_bonded,P3-NoPersist,m12_heavy_flood_dup60_s20260625,bonded,265760,PRIVPROBE:1,duplicate_filter,0,False,0,duplicate_filter
m12_heavy_flood_dup60_s20260625_bonded,P3-NoPersist,m12_heavy_flood_dup60_s20260625,bonded,266893,PRIVPROBE:1,defer,0,True,1000,defer
m12_heavy_flood_dup60_s20260625_bonded,P3-NoPersist,m12_heavy_flood_dup60_s20260625,bonded,267959,PRIVPROBE:1,duplicate_filter,0,False,0,duplicate_filter
m12_heavy_flood_dup60_s20260625_bonded,P3-NoPersist,m12_heavy_flood_dup60_s20260625,bonded,269120,PRIVPROBE:1,duplicate_filter,0,False,0,duplicate_filter
m12_heavy_flood_dup60_s20260625_bonded,P3-NoPersist,m12_heavy_flood_dup60_s20260625,bonded,270237,PRIVPROBE:1,duplicate_filter,0,False,0,duplicate_filter
m12_heavy_flood_dup60_s20260625_bonded,P3-NoPersist,m12_heavy_flood_dup60_s20260625,bonded,271351,PRIVPROBE:1,duplicate_filter,0,False,0,duplicate_filter
m12_heavy_flood_dup60_s20260625_bonded,P3-NoPersist,m12_heavy_flood_dup60_s20260625,bonded,272484,PRIVPROBE:1,duplicate_filter,0,False,0,duplicate_filter
m12_heavy_flood_dup60_s20260625_bonded,P3-NoPersist,m12_heavy_flood_dup60_s20260625,bonded,273585,PRIVPROBE:1,duplicate_filter,0,False,0,duplicate_filter
m12_heavy_flood_dup60_s20260625_bonded,P3-NoPersist,m12_heavy_flood_dup60_s20260625,bonded,274738,PRIVPROBE:1,duplicate_filter,0,False,0,duplicate_filter
m12_heavy_flood_dup60_s20260625_bonded,P3-NoPersist,m12_heavy_flood_dup60_s20260625,bonded,275880,PRIVPROBE:1,duplicate_filter,0,False,0,duplicate_filter
m12_heavy_flood_dup60_s20260625_bonded,P3-NoPersist,m12_heavy_flood_dup60_s20260625,bonded,276994,PRIVPROBE:1,duplicate_filter,0,False,0,duplicate_filter
m12_heavy_flood_dup60_s20260625_bonded,P3-NoPersist,m12_heavy_flood_dup60_s20260625,bonded,278065,PRIVPROBE:1,duplicate_filter,0,False,0,duplicate_filter
m12_heavy_flood_dup60_s20260625_bonded,P3-NoPersist,m12_heavy_flood_dup60_s20260625,bonded,279214,PRIVPROBE:1,duplicate_filter,0,False,0,duplicate_filter
m12_heavy_flood_dup60_s20260625_bonded,P3-NoPersist,m12_heavy_flood_dup60_s20260625,bonded,280435,PRIVPROBE:1,defer,0,True,1000,defer
m12_heavy_flood_dup60_s20260625_bonded,P3-NoPersist,m12_heavy_flood_dup60_s20260625,bonded,281515,PRIVPROBE:1,duplicate_filter,0,False,0,duplicate_filter
m12_heavy_flood_dup60_s20260625_bonded,P3-NoPersist,m12_heavy_flood_dup60_s20260625,bonded,282610,PRIVPROBE:1,duplicate_filter,0,False,0,duplicate_filter
m12_heavy_flood_dup60_s20260625_bonded,P3-NoPersist,m12_heavy_flood_dup60_s20260625,bonded,283734,PRIVPROBE:1,duplicate_filter,0,False,0,duplicate_filter
m12_heavy_flood_dup60_s20260625_bonded,P3-NoPersist,m12_heavy_flood_dup60_s20260625,bonded,284825,PRIVPROBE:1,duplicate_filter,0,False,0,duplicate_filter
m12_heavy_flood_dup60_s20260625_bonded,P3-NoPersist,m12_heavy_flood_dup60_s20260625,bonded,285942,PRIVPROBE:1,duplicate_filter,0,False,0,duplicate_filter
m12_heavy_flood_dup60_s20260625_bonded,P3-NoPersist,m12_heavy_flood_dup60_s20260625,bonded,287009,PRIVPROBE:1,duplicate_filter,0,False,0,duplicate_filter
m12_heavy_flood_dup60_s20260625_bonded,P3-NoPersist,m12_heavy_flood_dup60_s20260625,bonded,288162,PRIVPROBE:1,duplicate_filter,0,False,0,duplicate_filter
m12_heavy_flood_dup60_s20260625_bonded,P3-NoPersist,m12_heavy_flood_dup60_s20260625,bonded,289327,PRIVPROBE:1,duplicate_filter,0,False,0,duplicate_filter
m12_heavy_flood_dup60_s20260625_bonded,P3-NoPersist,m12_heavy_flood_dup60_s20260625,bonded,290426,PRIVPROBE:1,duplicate_filter,0,False,0,duplicate_filter
m12_heavy_flood_dup60_s20260625_bonded,P3-NoPersist,m12_heavy_flood_dup60_s20260625,bonded,291534,PRIVPROBE:1,duplicate_filter,0,False,0,duplicate_filter
m12_heavy_flood_dup60_s20260625_bonded,P3-NoPersist,m12_heavy_flood_dup60_s20260625,bonded,292677,PRIVPROBE:1,duplicate_filter,0,False,0,duplicate_filter
m12_heavy_flood_dup60_s20260625_bonded,P3-NoPersist,m12_heavy_flood_dup60_s20260625,bonded,293749,PRIVPROBE:1,defer,0,True,1000,defer
m12_heavy_flood_dup60_s20260625_bonded,P3-NoPersist,m12_heavy_flood_dup60_s20260625,bonded,294880,PRIVPROBE:1,duplicate_filter,0,False,0,duplicate_filter
m12_heavy_flood_dup60_s20260625_bonded,P3-NoPersist,m12_heavy_flood_dup60_s20260625,bonded,296023,PRIVPROBE:1,duplicate_filter,0,False,0,duplicate_filter
m12_heavy_flood_dup60_s20260625_bonded,P3-NoPersist,m12_heavy_flood_dup60_s20260625,bonded,297073,PRIVPROBE:1,duplicate_filter,0,False,0,duplicate_filter
m12_heavy_flood_dup60_s20260625_bonded,P3-NoPersist,m12_heavy_flood_dup60_s20260625,bonded,298179,PRIVPROBE:1,duplicate_filter,0,False,0,duplicate_filter
m12_heavy_flood_dup60_s20260625_bonded,P3-NoPersist,m12_heavy_flood_dup60_s20260625,bonded,299244,PRIVPROBE:1,duplicate_filter,0,False,0,duplicate_filter
m12_heavy_flood_dup60_s20260625_bonded,P3-NoPersist,m12_heavy_flood_dup60_s20260625,bonded,300371,PRIVPROBE:1,duplicate_filter,0,False,0,duplicate_filter
m12_heavy_flood_dup60_s20260625_bonded,P3-NoPersist,m12_heavy_flood_dup60_s20260625,bonded,301529,PRIVPROBE:1,duplicate_filter,0,False,0,duplicate_filter
m12_heavy_flood_dup60_s20260625_bonded,P3-NoPersist,m12_heavy_flood_dup60_s20260625,bonded,302618,PRIVPROBE:1,duplicate_filter,0,False,0,duplicate_filter
m12_heavy_flood_dup60_s20260625_bonded,P3-NoPersist,m12_heavy_flood_dup60_s20260625,bonded,303713,PRIVPROBE:1,duplicate_filter,0,False,0,duplicate_filter
m12_heavy_flood_dup60_s20260625_bonded,P3-NoPersist,m12_heavy_flood_dup60_s20260625,bonded,304828,PRIVPROBE:1,duplicate_filter,0,False,0,duplicate_filter
m12_heavy_flood_dup60_s20260625_bonded,P3-NoPersist,m12_heavy_flood_dup60_s20260625,bonded,305899,PRIVPROBE:1,duplicate_filter,0,False,0,duplicate_filter
m12_heavy_flood_dup60_s20260625_bonded,P3-NoPersist,m12_heavy_flood_dup60_s20260625,bonded,306989,PRIVPROBE:1,defer,0,True,1000,defer
m12_heavy_flood_dup60_s20260625_bonded,P3-NoPersist,m12_heavy_flood_dup60_s20260625,bonded,308102,PRIVPROBE:1,duplicate_filter,0,False,0,duplicate_filter
m12_heavy_flood_dup60_s20260625_bonded,P3-NoPersist,m12_heavy_flood_dup60_s20260625,bonded,309193,PRIVPROBE:1,duplicate_filter,0,False,0,duplicate_filter
m12_heavy_flood_dup60_s20260625_bonded,P3-NoPersist,m12_heavy_flood_dup60_s20260625,bonded,310290,PRIVPROBE:1,duplicate_filter,0,False,0,duplicate_filter
m12_heavy_flood_dup60_s20260625_bonded,P3-NoPersist,m12_heavy_flood_dup60_s20260625,bonded,311361,PRIVPROBE:1,duplicate_filter,0,False,0,duplicate_filter
m12_heavy_flood_dup60_s20260625_bonded,P3-NoPersist,m12_heavy_flood_dup60_s20260625,bonded,312464,PRIVPROBE:1,duplicate_filter,0,False,0,duplicate_filter
m12_heavy_flood_dup60_s20260625_bonded,P3-NoPersist,m12_heavy_flood_dup60_s20260625,bonded,313600,PRIVPROBE:1,duplicate_filter,0,False,0,duplicate_filter
m12_heavy_flood_dup60_s20260625_bonded,P3-NoPersist,m12_heavy_flood_dup60_s20260625,bonded,314767,PRIVPROBE:1,duplicate_filter,0,False,0,duplicate_filter
m12_heavy_flood_dup60_s20260625_bonded,P3-NoPersist,m12_heavy_flood_dup60_s20260625,bonded,315882,PRIVPROBE:1,duplicate_filter,0,False,0,duplicate_filter
m12_heavy_flood_dup60_s20260625_bonded,P3-NoPersist,m12_heavy_flood_dup60_s20260625,bonded,317006,PRIVPROBE:1,duplicate_filter,0,False,0,duplicate_filter
m12_heavy_flood_dup60_s20260625_bonded,P3-NoPersist,m12_heavy_flood_dup60_s20260625,bonded,318143,PRIVPROBE:1,duplicate_filter,0,False,0,duplicate_filter
m12_heavy_flood_dup60_s20260625_bonded,P3-NoPersist,m12_heavy_flood_dup60_s20260625,bonded,319285,PRIVPROBE:1,duplicate_filter,0,False,0,duplicate_filter
m12_heavy_flood_dup60_s20260625_bonded,P3-NoPersist,m12_heavy_flood_dup60_s20260625,bonded,320394,PRIVPROBE:1,defer,0,True,1000,defer
m12_heavy_flood_dup60_s20260625_bonded,P3-NoPersist,m12_heavy_flood_dup60_s20260625,bonded,321536,PRIVPROBE:1,duplicate_filter,0,False,0,duplicate_filter
m12_heavy_flood_dup60_s20260625_bonded,P3-NoPersist,m12_heavy_flood_dup60_s20260625,bonded,322656,PRIVPROBE:1,duplicate_filter,0,False,0,duplicate_filter
m12_heavy_flood_dup60_s20260625_bonded,P3-NoPersist,m12_heavy_flood_dup60_s20260625,bonded,323801,PRIVPROBE:1,duplicate_filter,0,False,0,duplicate_filter
m12_heavy_flood_dup60_s20260625_bonded,P3-NoPersist,m12_heavy_flood_dup60_s20260625,bonded,324893,PRIVPROBE:1,duplicate_filter,0,False,0,duplicate_filter
m12_heavy_flood_dup60_s20260625_bonded,P3-NoPersist,m12_heavy_flood_dup60_s20260625,bonded,325977,PRIVPROBE:1,duplicate_filter,0,False,0,duplicate_filter
m12_heavy_flood_dup60_s20260625_bonded,P3-NoPersist,m12_heavy_flood_dup60_s20260625,bonded,327097,PRIVPROBE:1,duplicate_filter,0,False,0,duplicate_filter
m12_heavy_flood_dup60_s20260625_bonded,P3-NoPersist,m12_heavy_flood_dup60_s20260625,bonded,328212,PRIVPROBE:1,duplicate_filter,0,False,0,duplicate_filter
m12_heavy_flood_dup60_s20260625_bonded,P3-NoPersist,m12_heavy_flood_dup60_s20260625,bonded,329328,PRIVPROBE:1,duplicate_filter,0,False,0,duplicate_filter
m12_heavy_flood_dup60_s20260625_bonded,P3-NoPersist,m12_heavy_flood_dup60_s20260625,bonded,330482,PRIVPROBE:1,duplicate_filter,0,False,0,duplicate_filter
m12_heavy_flood_dup60_s20260625_bonded,P3-NoPersist,m12_heavy_flood_dup60_s20260625,bonded,331537,PRIVPROBE:1,duplicate_filter,0,False,0,duplicate_filter
m12_heavy_flood_dup60_s20260625_bonded,P3-NoPersist,m12_heavy_flood_dup60_s20260625,bonded,332658,PRIVPROBE:1,duplicate_filter,0,False,0,duplicate_filter
m12_heavy_flood_dup60_s20260625_bonded,P3-NoPersist,m12_heavy_flood_dup60_s20260625,bonded,333718,PRIVPROBE:1,defer,0,True,1000,defer
m12_heavy_flood_dup60_s20260625_bonded,P3-NoPersist,m12_heavy_flood_dup60_s20260625,bonded,334899,PRIVPROBE:1,duplicate_filter,0,False,0,duplicate_filter
m12_heavy_flood_dup60_s20260625_bonded,P3-NoPersist,m12_heavy_flood_dup60_s20260625,bonded,336041,PRIVPROBE:1,duplicate_filter,0,False,0,duplicate_filter
m12_heavy_flood_dup60_s20260625_bonded,P3-NoPersist,m12_heavy_flood_dup60_s20260625,bonded,337160,PRIVPROBE:1,duplicate_filter,0,False,0,duplicate_filter
m12_heavy_flood_dup60_s20260625_bonded,P3-NoPersist,m12_heavy_flood_dup60_s20260625,bonded,338273,PRIVPROBE:1,duplicate_filter,0,False,0,duplicate_filter
m12_heavy_flood_dup60_s20260625_bonded,P3-NoPersist,m12_heavy_flood_dup60_s20260625,bonded,339385,PRIVPROBE:1,duplicate_filter,0,False,0,duplicate_filter
m12_heavy_flood_dup60_s20260625_bonded,P3-NoPersist,m12_heavy_flood_dup60_s20260625,bonded,340507,PRIVPROBE:1,duplicate_filter,0,False,0,duplicate_filter
m12_heavy_flood_dup60_s20260625_bonded,P3-NoPersist,m12_heavy_flood_dup60_s20260625,bonded,341662,PRIVPROBE:1,duplicate_filter,0,False,0,duplicate_filter
m12_heavy_flood_dup60_s20260625_bonded,P3-NoPersist,m12_heavy_flood_dup60_s20260625,bonded,342739,PRIVPROBE:1,duplicate_filter,0,False,0,duplicate_filter
m12_heavy_flood_dup60_s20260625_bonded,P3-NoPersist,m12_heavy_flood_dup60_s20260625,bonded,343808,PRIVPROBE:1,duplicate_filter,0,False,0,duplicate_filter
m12_heavy_flood_dup60_s20260625_bonded,P3-NoPersist,m12_heavy_flood_dup60_s20260625,bonded,344981,PRIVPROBE:1,duplicate_filter,0,False,0,duplicate_filter
m12_heavy_flood_dup60_s20260625_bonded,P3-NoPersist,m12_heavy_flood_dup60_s20260625,bonded,346040,PRIVPROBE:1,duplicate_filter,0,False,0,duplicate_filter
m12_heavy_flood_dup60_s20260625_bonded,P3-NoPersist,m12_heavy_flood_dup60_s20260625,bonded,347120,PRIVPROBE:1,defer,0,True,1000,defer
m12_heavy_flood_dup60_s20260625_bonded,P3-NoPersist,m12_heavy_flood_dup60_s20260625,bonded,348279,PRIVPROBE:1,duplicate_filter,0,False,0,duplicate_filter
m12_heavy_flood_dup60_s20260625_bonded,P3-NoPersist,m12_heavy_flood_dup60_s20260625,bonded,349377,PRIVPROBE:1,duplicate_filter,0,False,0,duplicate_filter
m12_heavy_flood_dup60_s20260625_bonded,P3-NoPersist,m12_heavy_flood_dup60_s20260625,bonded,350446,PRIVPROBE:1,duplicate_filter,0,False,0,duplicate_filter
m12_heavy_flood_dup60_s20260625_bonded,P3-NoPersist,m12_heavy_flood_dup60_s20260625,bonded,351548,PRIVPROBE:1,duplicate_filter,0,False,0,duplicate_filter
m12_heavy_flood_dup60_s20260625_bonded,P3-NoPersist,m12_heavy_flood_dup60_s20260625,bonded,352666,PRIVPROBE:1,duplicate_filter,0,False,0,duplicate_filter
m12_heavy_flood_dup60_s20260625_bonded,P3-NoPersist,m12_heavy_flood_dup60_s20260625,bonded,353852,PRIVPROBE:1,duplicate_filter,0,False,0,duplicate_filter
m12_heavy_flood_dup60_s20260625_bonded,P3-NoPersist,m12_heavy_flood_dup60_s20260625,bonded,354907,PRIVPROBE:1,duplicate_filter,0,False,0,duplicate_filter
m12_heavy_flood_dup60_s20260625_bonded,P3-NoPersist,m12_heavy_flood_dup60_s20260625,bonded,356049,PRIVPROBE:1,duplicate_filter,0,False,0,duplicate_filter
m12_heavy_flood_dup60_s20260625_bonded,P3-NoPersist,m12_heavy_flood_dup60_s20260625,bonded,357177,PRIVPROBE:1,duplicate_filter,0,False,0,duplicate_filter
m12_heavy_flood_dup60_s20260625_bonded,P3-NoPersist,m12_heavy_flood_dup60_s20260625,bonded,358349,PRIVPROBE:1,duplicate_filter,0,False,0,duplicate_filter
m12_heavy_flood_dup60_s20260625_bonded,P3-NoPersist,m12_heavy_flood_dup60_s20260625,bonded,359456,PRIVPROBE:1,duplicate_filter,0,False,0,duplicate_filter
m12_heavy_flood_dup60_s20260625_bonded,P3-NoPersist,m12_heavy_flood_dup60_s20260625,bonded,360559,PRIVPROBE:1,defer,0,True,1000,defer
m12_heavy_flood_dup60_s20260625_bonded,P3-NoPersist,m12_heavy_flood_dup60_s20260625,bonded,361615,PRIVPROBE:1,duplicate_filter,0,False,0,duplicate_filter
m12_heavy_flood_dup60_s20260625_bonded,P3-NoPersist,m12_heavy_flood_dup60_s20260625,bonded,362703,PRIVPROBE:1,duplicate_filter,0,False,0,duplicate_filter
m12_heavy_flood_dup60_s20260625_bonded,P3-NoPersist,m12_heavy_flood_dup60_s20260625,bonded,363814,PRIVPROBE:1,duplicate_filter,0,False,0,duplicate_filter
m12_heavy_flood_dup60_s20260625_bonded,P3-NoPersist,m12_heavy_flood_dup60_s20260625,bonded,364951,PRIVPROBE:1,duplicate_filter,0,False,0,duplicate_filter
m12_heavy_flood_dup60_s20260625_bonded,P3-NoPersist,m12_heavy_flood_dup60_s20260625,bonded,366023,PRIVPROBE:1,duplicate_filter,0,False,0,duplicate_filter
m12_heavy_flood_dup60_s20260625_bonded,P3-NoPersist,m12_heavy_flood_dup60_s20260625,bonded,367235,PRIVPROBE:1,duplicate_filter,0,False,0,duplicate_filter
m12_heavy_flood_dup60_s20260625_bonded,P3-NoPersist,m12_heavy_flood_dup60_s20260625,bonded,368354,PRIVPROBE:1,duplicate_filter,0,False,0,duplicate_filter
m12_heavy_flood_dup60_s20260625_bonded,P3-NoPersist,m12_heavy_flood_dup60_s20260625,bonded,369474,PRIVPROBE:1,duplicate_filter,0,False,0,duplicate_filter
m12_heavy_flood_dup60_s20260625_bonded,P3-NoPersist,m12_heavy_flood_dup60_s20260625,bonded,370590,PRIVPROBE:1,duplicate_filter,0,False,0,duplicate_filter
m12_heavy_flood_dup60_s20260625_bonded,P3-NoPersist,m12_heavy_flood_dup60_s20260625,bonded,371665,PRIVPROBE:1,duplicate_filter,0,False,0,duplicate_filter
m12_heavy_flood_dup60_s20260625_bonded,P3-NoPersist,m12_heavy_flood_dup60_s20260625,bonded,372816,PRIVPROBE:1,duplicate_filter,0,False,0,duplicate_filter
m12_heavy_flood_dup60_s20260625_bonded,P3-NoPersist,m12_heavy_flood_dup60_s20260625,bonded,373941,PRIVPROBE:1,defer,0,True,1000,defer
m12_heavy_flood_dup60_s20260625_bonded,P3-NoPersist,m12_heavy_flood_dup60_s20260625,bonded,375092,PRIVPROBE:1,duplicate_filter,0,False,0,duplicate_filter
m12_heavy_flood_dup60_s20260625_bonded,P3-NoPersist,m12_heavy_flood_dup60_s20260625,bonded,376173,PRIVPROBE:1,duplicate_filter,0,False,0,duplicate_filter
m12_heavy_flood_dup60_s20260625_bonded,P3-NoPersist,m12_heavy_flood_dup60_s20260625,bonded,377278,PRIVPROBE:1,duplicate_filter,0,False,0,duplicate_filter
m12_heavy_flood_dup60_s20260625_bonded,P3-NoPersist,m12_heavy_flood_dup60_s20260625,bonded,378393,PRIVPROBE:1,duplicate_filter,0,False,0,duplicate_filter
m12_heavy_flood_dup60_s20260625_bonded,P3-NoPersist,m12_heavy_flood_dup60_s20260625,bonded,379558,PRIVPROBE:1,duplicate_filter,0,False,0,duplicate_filter
m12_heavy_flood_dup60_s20260625_bonded,P3-NoPersist,m12_heavy_flood_dup60_s20260625,bonded,380700,PRIVPROBE:1,duplicate_filter,0,False,0,duplicate_filter
m12_heavy_flood_dup60_s20260625_bonded,P3-NoPersist,m12_heavy_flood_dup60_s20260625,bonded,381803,PRIVPROBE:1,duplicate_filter,0,False,0,duplicate_filter
m12_heavy_flood_dup60_s20260625_bonded,P3-NoPersist,m12_heavy_flood_dup60_s20260625,bonded,382918,PRIVPROBE:1,duplicate_filter,0,False,0,duplicate_filter
m12_heavy_flood_dup60_s20260625_bonded,P3-NoPersist,m12_heavy_flood_dup60_s20260625,bonded,383985,PRIVPROBE:1,duplicate_filter,0,False,0,duplicate_filter
m12_heavy_flood_dup60_s20260625_bonded,P3-NoPersist,m12_heavy_flood_dup60_s20260625,bonded,385191,PRIVPROBE:1,duplicate_filter,0,False,0,duplicate_filter
m12_heavy_flood_dup60_s20260625_bonded,P3-NoPersist,m12_heavy_flood_dup60_s20260625,bonded,386346,PRIVPROBE:1,duplicate_filter,0,False,0,duplicate_filter
m12_heavy_flood_dup60_s20260625_bonded,P3-NoPersist,m12_heavy_flood_dup60_s20260625,bonded,387440,PRIVPROBE:1,defer,0,True,1000,defer
m12_heavy_flood_dup60_s20260625_bonded,P3-NoPersist,m12_heavy_flood_dup60_s20260625,bonded,388585,PRIVPROBE:1,duplicate_filter,0,False,0,duplicate_filter
m12_heavy_flood_dup60_s20260625_bonded,P3-NoPersist,m12_heavy_flood_dup60_s20260625,bonded,389679,PRIVPROBE:1,duplicate_filter,0,False,0,duplicate_filter
m12_heavy_flood_dup60_s20260625_bonded,P3-NoPersist,m12_heavy_flood_dup60_s20260625,bonded,390838,PRIVPROBE:1,duplicate_filter,0,False,0,duplicate_filter
m12_heavy_flood_dup60_s20260625_bonded,P3-NoPersist,m12_heavy_flood_dup60_s20260625,bonded,391965,PRIVPROBE:1,duplicate_filter,0,False,0,duplicate_filter
m12_heavy_flood_dup60_s20260625_bonded,P3-NoPersist,m12_heavy_flood_dup60_s20260625,bonded,393060,PRIVPROBE:1,duplicate_filter,0,False,0,duplicate_filter
m12_heavy_flood_dup60_s20260625_bonded,P3-NoPersist,m12_heavy_flood_dup60_s20260625,bonded,394154,PRIVPROBE:1,duplicate_filter,0,False,0,duplicate_filter
m12_heavy_flood_dup60_s20260625_bonded,P3-NoPersist,m12_heavy_flood_dup60_s20260625,bonded,395245,PRIVPROBE:1,duplicate_filter,0,False,0,duplicate_filter
m12_heavy_flood_dup60_s20260625_bonded,P3-NoPersist,m12_heavy_flood_dup60_s20260625,bonded,396359,PRIVPROBE:1,duplicate_filter,0,False,0,duplicate_filter
m12_heavy_flood_dup60_s20260625_bonded,P3-NoPersist,m12_heavy_flood_dup60_s20260625,bonded,397406,PRIVPROBE:1,duplicate_filter,0,False,0,duplicate_filter
m12_heavy_flood_dup60_s20260625_bonded,P3-NoPersist,m12_heavy_flood_dup60_s20260625,bonded,398528,PRIVPROBE:1,duplicate_filter,0,False,0,duplicate_filter
m12_heavy_flood_dup60_s20260625_bonded,P3-NoPersist,m12_heavy_flood_dup60_s20260625,bonded,399617,PRIVPROBE:1,duplicate_filter,0,False,0,duplicate_filter
m12_heavy_flood_dup60_s20260625_bonded,BudgetDoS,m12_heavy_flood_dup60_s20260625,bonded,66893,PRIVPROBE:0,budget_skip,0,False,0,budget_skip
m12_heavy_flood_dup60_s20260625_bonded,BudgetDoS,m12_heavy_flood_dup60_s20260625,bonded,68018,PRIVPROBE:0,duplicate_filter,0,False,0,duplicate_filter
m12_heavy_flood_dup60_s20260625_bonded,BudgetDoS,m12_heavy_flood_dup60_s20260625,bonded,69141,PRIVPROBE:0,duplicate_filter,0,False,0,duplicate_filter
m12_heavy_flood_dup60_s20260625_bonded,BudgetDoS,m12_heavy_flood_dup60_s20260625,bonded,70297,PRIVPROBE:0,duplicate_filter,0,False,0,duplicate_filter
m12_heavy_flood_dup60_s20260625_bonded,BudgetDoS,m12_heavy_flood_dup60_s20260625,bonded,71411,PRIVPROBE:0,duplicate_filter,0,False,0,duplicate_filter
m12_heavy_flood_dup60_s20260625_bonded,BudgetDoS,m12_heavy_flood_dup60_s20260625,bonded,72540,PRIVPROBE:0,duplicate_filter,0,False,0,duplicate_filter
m12_heavy_flood_dup60_s20260625_bonded,BudgetDoS,m12_heavy_flood_dup60_s20260625,bonded,73656,PRIVPROBE:0,duplicate_filter,0,False,0,duplicate_filter
m12_heavy_flood_dup60_s20260625_bonded,BudgetDoS,m12_heavy_flood_dup60_s20260625,bonded,74768,PRIVPROBE:0,duplicate_filter,0,False,0,duplicate_filter
m12_heavy_flood_dup60_s20260625_bonded,BudgetDoS,m12_heavy_flood_dup60_s20260625,bonded,75810,PRIVPROBE:0,duplicate_filter,0,False,0,duplicate_filter
m12_heavy_flood_dup60_s20260625_bonded,BudgetDoS,m12_heavy_flood_dup60_s20260625,bonded,76881,PRIVPROBE:0,duplicate_filter,0,False,0,duplicate_filter
m12_heavy_flood_dup60_s20260625_bonded,BudgetDoS,m12_heavy_flood_dup60_s20260625,bonded,77996,PRIVPROBE:0,duplicate_filter,0,False,0,duplicate_filter
m12_heavy_flood_dup60_s20260625_bonded,BudgetDoS,m12_heavy_flood_dup60_s20260625,bonded,79133,PRIVPROBE:0,duplicate_filter,0,False,0,duplicate_filter
m12_heavy_flood_dup60_s20260625_bonded,BudgetDoS,m12_heavy_flood_dup60_s20260625,bonded,80281,PRIVPROBE:0,budget_skip,0,False,0,budget_skip
m12_heavy_flood_dup60_s20260625_bonded,BudgetDoS,m12_heavy_flood_dup60_s20260625,bonded,81413,PRIVPROBE:0,duplicate_filter,0,False,0,duplicate_filter
m12_heavy_flood_dup60_s20260625_bonded,BudgetDoS,m12_heavy_flood_dup60_s20260625,bonded,82489,PRIVPROBE:0,duplicate_filter,0,False,0,duplicate_filter
m12_heavy_flood_dup60_s20260625_bonded,BudgetDoS,m12_heavy_flood_dup60_s20260625,bonded,83562,PRIVPROBE:0,duplicate_filter,0,False,0,duplicate_filter
m12_heavy_flood_dup60_s20260625_bonded,BudgetDoS,m12_heavy_flood_dup60_s20260625,bonded,84739,PRIVPROBE:0,duplicate_filter,0,False,0,duplicate_filter
m12_heavy_flood_dup60_s20260625_bonded,BudgetDoS,m12_heavy_flood_dup60_s20260625,bonded,85887,PRIVPROBE:0,duplicate_filter,0,False,0,duplicate_filter
m12_heavy_flood_dup60_s20260625_bonded,BudgetDoS,m12_heavy_flood_dup60_s20260625,bonded,86972,PRIVPROBE:0,duplicate_filter,0,False,0,duplicate_filter
m12_heavy_flood_dup60_s20260625_bonded,BudgetDoS,m12_heavy_flood_dup60_s20260625,bonded,88022,PRIVPROBE:0,duplicate_filter,0,False,0,duplicate_filter
m12_heavy_flood_dup60_s20260625_bonded,BudgetDoS,m12_heavy_flood_dup60_s20260625,bonded,89165,PRIVPROBE:0,duplicate_filter,0,False,0,duplicate_filter
m12_heavy_flood_dup60_s20260625_bonded,BudgetDoS,m12_heavy_flood_dup60_s20260625,bonded,90234,PRIVPROBE:0,duplicate_filter,0,False,0,duplicate_filter
m12_heavy_flood_dup60_s20260625_bonded,BudgetDoS,m12_heavy_flood_dup60_s20260625,bonded,91323,PRIVPROBE:0,duplicate_filter,0,False,0,duplicate_filter
m12_heavy_flood_dup60_s20260625_bonded,BudgetDoS,m12_heavy_flood_dup60_s20260625,bonded,92404,PRIVPROBE:0,duplicate_filter,0,False,0,duplicate_filter
m12_heavy_flood_dup60_s20260625_bonded,BudgetDoS,m12_heavy_flood_dup60_s20260625,bonded,93582,PRIVPROBE:0,budget_skip,0,False,0,budget_skip
m12_heavy_flood_dup60_s20260625_bonded,BudgetDoS,m12_heavy_flood_dup60_s20260625,bonded,94658,PRIVPROBE:0,duplicate_filter,0,False,0,duplicate_filter
m12_heavy_flood_dup60_s20260625_bonded,BudgetDoS,m12_heavy_flood_dup60_s20260625,bonded,95807,PRIVPROBE:0,duplicate_filter,0,False,0,duplicate_filter
m12_heavy_flood_dup60_s20260625_bonded,BudgetDoS,m12_heavy_flood_dup60_s20260625,bonded,96930,PRIVPROBE:0,duplicate_filter,0,False,0,duplicate_filter
m12_heavy_flood_dup60_s20260625_bonded,BudgetDoS,m12_heavy_flood_dup60_s20260625,bonded,98021,PRIVPROBE:0,duplicate_filter,0,False,0,duplicate_filter
m12_heavy_flood_dup60_s20260625_bonded,BudgetDoS,m12_heavy_flood_dup60_s20260625,bonded,99177,PRIVPROBE:0,duplicate_filter,0,False,0,duplicate_filter
m12_heavy_flood_dup60_s20260625_bonded,BudgetDoS,m12_heavy_flood_dup60_s20260625,bonded,100372,PRIVPROBE:0,duplicate_filter,0,False,0,duplicate_filter
m12_heavy_flood_dup60_s20260625_bonded,BudgetDoS,m12_heavy_flood_dup60_s20260625,bonded,101464,PRIVPROBE:0,duplicate_filter,0,False,0,duplicate_filter
m12_heavy_flood_dup60_s20260625_bonded,BudgetDoS,m12_heavy_flood_dup60_s20260625,bonded,102569,PRIVPROBE:0,duplicate_filter,0,False,0,duplicate_filter
m12_heavy_flood_dup60_s20260625_bonded,BudgetDoS,m12_heavy_flood_dup60_s20260625,bonded,103707,PRIVPROBE:0,duplicate_filter,0,False,0,duplicate_filter
m12_heavy_flood_dup60_s20260625_bonded,BudgetDoS,m12_heavy_flood_dup60_s20260625,bonded,104789,PRIVPROBE:0,duplicate_filter,0,False,0,duplicate_filter
m12_heavy_flood_dup60_s20260625_bonded,BudgetDoS,m12_heavy_flood_dup60_s20260625,bonded,105937,PRIVPROBE:0,duplicate_filter,0,False,0,duplicate_filter
m12_heavy_flood_dup60_s20260625_bonded,BudgetDoS,m12_heavy_flood_dup60_s20260625,bonded,107062,PRIVPROBE:0,budget_skip,0,False,0,budget_skip
m12_heavy_flood_dup60_s20260625_bonded,BudgetDoS,m12_heavy_flood_dup60_s20260625,bonded,108136,PRIVPROBE:0,duplicate_filter,0,False,0,duplicate_filter
m12_heavy_flood_dup60_s20260625_bonded,BudgetDoS,m12_heavy_flood_dup60_s20260625,bonded,109201,PRIVPROBE:0,duplicate_filter,0,False,0,duplicate_filter
m12_heavy_flood_dup60_s20260625_bonded,BudgetDoS,m12_heavy_flood_dup60_s20260625,bonded,110287,PRIVPROBE:0,duplicate_filter,0,False,0,duplicate_filter
m12_heavy_flood_dup60_s20260625_bonded,BudgetDoS,m12_heavy_flood_dup60_s20260625,bonded,111319,PRIVPROBE:0,duplicate_filter,0,False,0,duplicate_filter
m12_heavy_flood_dup60_s20260625_bonded,BudgetDoS,m12_heavy_flood_dup60_s20260625,bonded,112368,PRIVPROBE:0,duplicate_filter,0,False,0,duplicate_filter
m12_heavy_flood_dup60_s20260625_bonded,BudgetDoS,m12_heavy_flood_dup60_s20260625,bonded,113486,PRIVPROBE:0,duplicate_filter,0,False,0,duplicate_filter
m12_heavy_flood_dup60_s20260625_bonded,BudgetDoS,m12_heavy_flood_dup60_s20260625,bonded,114631,PRIVPROBE:0,duplicate_filter,0,False,0,duplicate_filter
m12_heavy_flood_dup60_s20260625_bonded,BudgetDoS,m12_heavy_flood_dup60_s20260625,bonded,115778,PRIVPROBE:0,duplicate_filter,0,False,0,duplicate_filter
m12_heavy_flood_dup60_s20260625_bonded,BudgetDoS,m12_heavy_flood_dup60_s20260625,bonded,116859,PRIVPROBE:0,duplicate_filter,0,False,0,duplicate_filter
m12_heavy_flood_dup60_s20260625_bonded,BudgetDoS,m12_heavy_flood_dup60_s20260625,bonded,117975,PRIVPROBE:0,duplicate_filter,0,False,0,duplicate_filter
m12_heavy_flood_dup60_s20260625_bonded,BudgetDoS,m12_heavy_flood_dup60_s20260625,bonded,119119,PRIVPROBE:0,duplicate_filter,0,False,0,duplicate_filter
m12_heavy_flood_dup60_s20260625_bonded,BudgetDoS,m12_heavy_flood_dup60_s20260625,bonded,120239,PRIVPROBE:0,budget_skip,0,False,0,budget_skip
m12_heavy_flood_dup60_s20260625_bonded,BudgetDoS,m12_heavy_flood_dup60_s20260625,bonded,121304,PRIVPROBE:0,duplicate_filter,0,False,0,duplicate_filter
m12_heavy_flood_dup60_s20260625_bonded,BudgetDoS,m12_heavy_flood_dup60_s20260625,bonded,122506,PRIVPROBE:0,duplicate_filter,0,False,0,duplicate_filter
m12_heavy_flood_dup60_s20260625_bonded,BudgetDoS,m12_heavy_flood_dup60_s20260625,bonded,123576,PRIVPROBE:0,duplicate_filter,0,False,0,duplicate_filter
m12_heavy_flood_dup60_s20260625_bonded,BudgetDoS,m12_heavy_flood_dup60_s20260625,bonded,124700,PRIVPROBE:0,duplicate_filter,0,False,0,duplicate_filter
m12_heavy_flood_dup60_s20260625_bonded,BudgetDoS,m12_heavy_flood_dup60_s20260625,bonded,125852,PRIVPROBE:0,duplicate_filter,0,False,0,duplicate_filter
m12_heavy_flood_dup60_s20260625_bonded,BudgetDoS,m12_heavy_flood_dup60_s20260625,bonded,127005,PRIVPROBE:0,duplicate_filter,0,False,0,duplicate_filter
m12_heavy_flood_dup60_s20260625_bonded,BudgetDoS,m12_heavy_flood_dup60_s20260625,bonded,128011,PRIVPROBE:0,duplicate_filter,0,False,0,duplicate_filter
m12_heavy_flood_dup60_s20260625_bonded,BudgetDoS,m12_heavy_flood_dup60_s20260625,bonded,129083,PRIVPROBE:0,duplicate_filter,0,False,0,duplicate_filter
m12_heavy_flood_dup60_s20260625_bonded,BudgetDoS,m12_heavy_flood_dup60_s20260625,bonded,130217,PRIVPROBE:0,duplicate_filter,0,False,0,duplicate_filter
m12_heavy_flood_dup60_s20260625_bonded,BudgetDoS,m12_heavy_flood_dup60_s20260625,bonded,131281,PRIVPROBE:0,duplicate_filter,0,False,0,duplicate_filter
m12_heavy_flood_dup60_s20260625_bonded,BudgetDoS,m12_heavy_flood_dup60_s20260625,bonded,132430,PRIVPROBE:0,duplicate_filter,0,False,0,duplicate_filter
m12_heavy_flood_dup60_s20260625_bonded,BudgetDoS,m12_heavy_flood_dup60_s20260625,bonded,133566,PRIVPROBE:0,budget_skip,0,False,0,budget_skip
m12_heavy_flood_dup60_s20260625_bonded,BudgetDoS,m12_heavy_flood_dup60_s20260625,bonded,134652,PRIVPROBE:0,duplicate_filter,0,False,0,duplicate_filter
m12_heavy_flood_dup60_s20260625_bonded,BudgetDoS,m12_heavy_flood_dup60_s20260625,bonded,135746,PRIVPROBE:0,duplicate_filter,0,False,0,duplicate_filter
m12_heavy_flood_dup60_s20260625_bonded,BudgetDoS,m12_heavy_flood_dup60_s20260625,bonded,136840,PRIVPROBE:0,duplicate_filter,0,False,0,duplicate_filter
m12_heavy_flood_dup60_s20260625_bonded,BudgetDoS,m12_heavy_flood_dup60_s20260625,bonded,137977,PRIVPROBE:0,duplicate_filter,0,False,0,duplicate_filter
m12_heavy_flood_dup60_s20260625_bonded,BudgetDoS,m12_heavy_flood_dup60_s20260625,bonded,139095,PRIVPROBE:0,duplicate_filter,0,False,0,duplicate_filter
m12_heavy_flood_dup60_s20260625_bonded,BudgetDoS,m12_heavy_flood_dup60_s20260625,bonded,140186,PRIVPROBE:0,duplicate_filter,0,False,0,duplicate_filter
m12_heavy_flood_dup60_s20260625_bonded,BudgetDoS,m12_heavy_flood_dup60_s20260625,bonded,141212,PRIVPROBE:0,duplicate_filter,0,False,0,duplicate_filter
m12_heavy_flood_dup60_s20260625_bonded,BudgetDoS,m12_heavy_flood_dup60_s20260625,bonded,142259,PRIVPROBE:0,duplicate_filter,0,False,0,duplicate_filter
m12_heavy_flood_dup60_s20260625_bonded,BudgetDoS,m12_heavy_flood_dup60_s20260625,bonded,143398,PRIVPROBE:0,duplicate_filter,0,False,0,duplicate_filter
m12_heavy_flood_dup60_s20260625_bonded,BudgetDoS,m12_heavy_flood_dup60_s20260625,bonded,144521,PRIVPROBE:0,duplicate_filter,0,False,0,duplicate_filter
m12_heavy_flood_dup60_s20260625_bonded,BudgetDoS,m12_heavy_flood_dup60_s20260625,bonded,145668,PRIVPROBE:0,duplicate_filter,0,False,0,duplicate_filter
m12_heavy_flood_dup60_s20260625_bonded,BudgetDoS,m12_heavy_flood_dup60_s20260625,bonded,146760,PRIVPROBE:0,budget_skip,0,False,0,budget_skip
m12_heavy_flood_dup60_s20260625_bonded,BudgetDoS,m12_heavy_flood_dup60_s20260625,bonded,147899,PRIVPROBE:0,duplicate_filter,0,False,0,duplicate_filter
m12_heavy_flood_dup60_s20260625_bonded,BudgetDoS,m12_heavy_flood_dup60_s20260625,bonded,149060,PRIVPROBE:0,duplicate_filter,0,False,0,duplicate_filter
m12_heavy_flood_dup60_s20260625_bonded,BudgetDoS,m12_heavy_flood_dup60_s20260625,bonded,150165,PRIVPROBE:0,duplicate_filter,0,False,0,duplicate_filter
m12_heavy_flood_dup60_s20260625_bonded,BudgetDoS,m12_heavy_flood_dup60_s20260625,bonded,151253,PRIVPROBE:0,duplicate_filter,0,False,0,duplicate_filter
m12_heavy_flood_dup60_s20260625_bonded,BudgetDoS,m12_heavy_flood_dup60_s20260625,bonded,152364,PRIVPROBE:0,duplicate_filter,0,False,0,duplicate_filter
m12_heavy_flood_dup60_s20260625_bonded,BudgetDoS,m12_heavy_flood_dup60_s20260625,bonded,153488,PRIVPROBE:0,duplicate_filter,0,False,0,duplicate_filter
m12_heavy_flood_dup60_s20260625_bonded,BudgetDoS,m12_heavy_flood_dup60_s20260625,bonded,154538,PRIVPROBE:0,duplicate_filter,0,False,0,duplicate_filter
m12_heavy_flood_dup60_s20260625_bonded,BudgetDoS,m12_heavy_flood_dup60_s20260625,bonded,155700,PRIVPROBE:0,duplicate_filter,0,False,0,duplicate_filter
m12_heavy_flood_dup60_s20260625_bonded,BudgetDoS,m12_heavy_flood_dup60_s20260625,bonded,156739,PRIVPROBE:0,duplicate_filter,0,False,0,duplicate_filter
m12_heavy_flood_dup60_s20260625_bonded,BudgetDoS,m12_heavy_flood_dup60_s20260625,bonded,157785,PRIVPROBE:0,duplicate_filter,0,False,0,duplicate_filter
m12_heavy_flood_dup60_s20260625_bonded,BudgetDoS,m12_heavy_flood_dup60_s20260625,bonded,158980,PRIVPROBE:0,duplicate_filter,0,False,0,duplicate_filter
m12_heavy_flood_dup60_s20260625_bonded,BudgetDoS,m12_heavy_flood_dup60_s20260625,bonded,160045,PRIVPROBE:0,budget_skip,0,False,0,budget_skip
m12_heavy_flood_dup60_s20260625_bonded,BudgetDoS,m12_heavy_flood_dup60_s20260625,bonded,161132,PRIVPROBE:0,duplicate_filter,0,False,0,duplicate_filter
m12_heavy_flood_dup60_s20260625_bonded,BudgetDoS,m12_heavy_flood_dup60_s20260625,bonded,162279,PRIVPROBE:0,duplicate_filter,0,False,0,duplicate_filter
m12_heavy_flood_dup60_s20260625_bonded,BudgetDoS,m12_heavy_flood_dup60_s20260625,bonded,163413,PRIVPROBE:0,duplicate_filter,0,False,0,duplicate_filter
m12_heavy_flood_dup60_s20260625_bonded,BudgetDoS,m12_heavy_flood_dup60_s20260625,bonded,164546,PRIVPROBE:0,duplicate_filter,0,False,0,duplicate_filter
m12_heavy_flood_dup60_s20260625_bonded,BudgetDoS,m12_heavy_flood_dup60_s20260625,bonded,165623,PRIVPROBE:0,duplicate_filter,0,False,0,duplicate_filter
m12_heavy_flood_dup60_s20260625_bonded,BudgetDoS,m12_heavy_flood_dup60_s20260625,bonded,166740,PRIVPROBE:0,duplicate_filter,0,False,0,duplicate_filter
m12_heavy_flood_dup60_s20260625_bonded,BudgetDoS,m12_heavy_flood_dup60_s20260625,bonded,167894,PRIVPROBE:0,duplicate_filter,0,False,0,duplicate_filter
m12_heavy_flood_dup60_s20260625_bonded,BudgetDoS,m12_heavy_flood_dup60_s20260625,bonded,169016,PRIVPROBE:0,duplicate_filter,0,False,0,duplicate_filter
m12_heavy_flood_dup60_s20260625_bonded,BudgetDoS,m12_heavy_flood_dup60_s20260625,bonded,170135,PRIVPROBE:0,duplicate_filter,0,False,0,duplicate_filter
m12_heavy_flood_dup60_s20260625_bonded,BudgetDoS,m12_heavy_flood_dup60_s20260625,bonded,171181,PRIVPROBE:0,duplicate_filter,0,False,0,duplicate_filter
m12_heavy_flood_dup60_s20260625_bonded,BudgetDoS,m12_heavy_flood_dup60_s20260625,bonded,172330,PRIVPROBE:0,duplicate_filter,0,False,0,duplicate_filter
m12_heavy_flood_dup60_s20260625_bonded,BudgetDoS,m12_heavy_flood_dup60_s20260625,bonded,173588,PRIVPROBE:0,budget_skip,0,False,0,budget_skip
m12_heavy_flood_dup60_s20260625_bonded,BudgetDoS,m12_heavy_flood_dup60_s20260625,bonded,174713,PRIVPROBE:0,duplicate_filter,0,False,0,duplicate_filter
m12_heavy_flood_dup60_s20260625_bonded,BudgetDoS,m12_heavy_flood_dup60_s20260625,bonded,175855,PRIVPROBE:0,duplicate_filter,0,False,0,duplicate_filter
m12_heavy_flood_dup60_s20260625_bonded,BudgetDoS,m12_heavy_flood_dup60_s20260625,bonded,176934,PRIVPROBE:0,duplicate_filter,0,False,0,duplicate_filter
m12_heavy_flood_dup60_s20260625_bonded,BudgetDoS,m12_heavy_flood_dup60_s20260625,bonded,178050,PRIVPROBE:0,duplicate_filter,0,False,0,duplicate_filter
m12_heavy_flood_dup60_s20260625_bonded,BudgetDoS,m12_heavy_flood_dup60_s20260625,bonded,179139,PRIVPROBE:0,duplicate_filter,0,False,0,duplicate_filter
m12_heavy_flood_dup60_s20260625_bonded,BudgetDoS,m12_heavy_flood_dup60_s20260625,bonded,180229,PRIVPROBE:0,duplicate_filter,0,False,0,duplicate_filter
m12_heavy_flood_dup60_s20260625_bonded,BudgetDoS,m12_heavy_flood_dup60_s20260625,bonded,181380,PRIVPROBE:0,duplicate_filter,0,False,0,duplicate_filter
m12_heavy_flood_dup60_s20260625_bonded,BudgetDoS,m12_heavy_flood_dup60_s20260625,bonded,182444,PRIVPROBE:0,duplicate_filter,0,False,0,duplicate_filter
m12_heavy_flood_dup60_s20260625_bonded,BudgetDoS,m12_heavy_flood_dup60_s20260625,bonded,183565,PRIVPROBE:0,duplicate_filter,0,False,0,duplicate_filter
m12_heavy_flood_dup60_s20260625_bonded,BudgetDoS,m12_heavy_flood_dup60_s20260625,bonded,184669,PRIVPROBE:0,duplicate_filter,0,False,0,duplicate_filter
m12_heavy_flood_dup60_s20260625_bonded,BudgetDoS,m12_heavy_flood_dup60_s20260625,bonded,185783,PRIVPROBE:0,duplicate_filter,0,False,0,duplicate_filter
m12_heavy_flood_dup60_s20260625_bonded,BudgetDoS,m12_heavy_flood_dup60_s20260625,bonded,186901,PRIVPROBE:0,budget_skip,0,False,0,budget_skip
m12_heavy_flood_dup60_s20260625_bonded,BudgetDoS,m12_heavy_flood_dup60_s20260625,bonded,187958,PRIVPROBE:0,duplicate_filter,0,False,0,duplicate_filter
m12_heavy_flood_dup60_s20260625_bonded,BudgetDoS,m12_heavy_flood_dup60_s20260625,bonded,189059,PRIVPROBE:0,duplicate_filter,0,False,0,duplicate_filter
m12_heavy_flood_dup60_s20260625_bonded,BudgetDoS,m12_heavy_flood_dup60_s20260625,bonded,190163,PRIVPROBE:0,duplicate_filter,0,False,0,duplicate_filter
m12_heavy_flood_dup60_s20260625_bonded,BudgetDoS,m12_heavy_flood_dup60_s20260625,bonded,191217,PRIVPROBE:0,duplicate_filter,0,False,0,duplicate_filter
m12_heavy_flood_dup60_s20260625_bonded,BudgetDoS,m12_heavy_flood_dup60_s20260625,bonded,192305,PRIVPROBE:0,duplicate_filter,0,False,0,duplicate_filter
m12_heavy_flood_dup60_s20260625_bonded,BudgetDoS,m12_heavy_flood_dup60_s20260625,bonded,193441,PRIVPROBE:0,duplicate_filter,0,False,0,duplicate_filter
m12_heavy_flood_dup60_s20260625_bonded,BudgetDoS,m12_heavy_flood_dup60_s20260625,bonded,194498,PRIVPROBE:0,duplicate_filter,0,False,0,duplicate_filter
m12_heavy_flood_dup60_s20260625_bonded,BudgetDoS,m12_heavy_flood_dup60_s20260625,bonded,195629,PRIVPROBE:0,duplicate_filter,0,False,0,duplicate_filter
m12_heavy_flood_dup60_s20260625_bonded,BudgetDoS,m12_heavy_flood_dup60_s20260625,bonded,196781,PRIVPROBE:0,duplicate_filter,0,False,0,duplicate_filter
m12_heavy_flood_dup60_s20260625_bonded,BudgetDoS,m12_heavy_flood_dup60_s20260625,bonded,197881,PRIVPROBE:0,duplicate_filter,0,False,0,duplicate_filter
m12_heavy_flood_dup60_s20260625_bonded,BudgetDoS,m12_heavy_flood_dup60_s20260625,bonded,199000,PRIVPROBE:0,duplicate_filter,0,False,0,duplicate_filter
m12_heavy_flood_dup60_s20260625_bonded,BudgetDoS,m12_heavy_flood_dup60_s20260625,bonded,200091,PRIVPROBE:1,budget_skip,0,False,0,budget_skip
m12_heavy_flood_dup60_s20260625_bonded,BudgetDoS,m12_heavy_flood_dup60_s20260625,bonded,201208,PRIVPROBE:1,duplicate_filter,0,False,0,duplicate_filter
m12_heavy_flood_dup60_s20260625_bonded,BudgetDoS,m12_heavy_flood_dup60_s20260625,bonded,202300,PRIVPROBE:1,duplicate_filter,0,False,0,duplicate_filter
m12_heavy_flood_dup60_s20260625_bonded,BudgetDoS,m12_heavy_flood_dup60_s20260625,bonded,203490,PRIVPROBE:1,duplicate_filter,0,False,0,duplicate_filter
m12_heavy_flood_dup60_s20260625_bonded,BudgetDoS,m12_heavy_flood_dup60_s20260625,bonded,204606,PRIVPROBE:1,duplicate_filter,0,False,0,duplicate_filter
m12_heavy_flood_dup60_s20260625_bonded,BudgetDoS,m12_heavy_flood_dup60_s20260625,bonded,205727,PRIVPROBE:1,duplicate_filter,0,False,0,duplicate_filter
m12_heavy_flood_dup60_s20260625_bonded,BudgetDoS,m12_heavy_flood_dup60_s20260625,bonded,206807,PRIVPROBE:1,duplicate_filter,0,False,0,duplicate_filter
m12_heavy_flood_dup60_s20260625_bonded,BudgetDoS,m12_heavy_flood_dup60_s20260625,bonded,207938,PRIVPROBE:1,duplicate_filter,0,False,0,duplicate_filter
m12_heavy_flood_dup60_s20260625_bonded,BudgetDoS,m12_heavy_flood_dup60_s20260625,bonded,209059,PRIVPROBE:1,duplicate_filter,0,False,0,duplicate_filter
m12_heavy_flood_dup60_s20260625_bonded,BudgetDoS,m12_heavy_flood_dup60_s20260625,bonded,210147,PRIVPROBE:1,duplicate_filter,0,False,0,duplicate_filter
m12_heavy_flood_dup60_s20260625_bonded,BudgetDoS,m12_heavy_flood_dup60_s20260625,bonded,211234,PRIVPROBE:1,duplicate_filter,0,False,0,duplicate_filter
m12_heavy_flood_dup60_s20260625_bonded,BudgetDoS,m12_heavy_flood_dup60_s20260625,bonded,212326,PRIVPROBE:1,duplicate_filter,0,False,0,duplicate_filter
m12_heavy_flood_dup60_s20260625_bonded,BudgetDoS,m12_heavy_flood_dup60_s20260625,bonded,213540,PRIVPROBE:1,budget_skip,0,False,0,budget_skip
m12_heavy_flood_dup60_s20260625_bonded,BudgetDoS,m12_heavy_flood_dup60_s20260625,bonded,214617,PRIVPROBE:1,duplicate_filter,0,False,0,duplicate_filter
m12_heavy_flood_dup60_s20260625_bonded,BudgetDoS,m12_heavy_flood_dup60_s20260625,bonded,215736,PRIVPROBE:1,duplicate_filter,0,False,0,duplicate_filter
m12_heavy_flood_dup60_s20260625_bonded,BudgetDoS,m12_heavy_flood_dup60_s20260625,bonded,216834,PRIVPROBE:1,duplicate_filter,0,False,0,duplicate_filter
m12_heavy_flood_dup60_s20260625_bonded,BudgetDoS,m12_heavy_flood_dup60_s20260625,bonded,217876,PRIVPROBE:1,duplicate_filter,0,False,0,duplicate_filter
m12_heavy_flood_dup60_s20260625_bonded,BudgetDoS,m12_heavy_flood_dup60_s20260625,bonded,219027,PRIVPROBE:1,duplicate_filter,0,False,0,duplicate_filter
m12_heavy_flood_dup60_s20260625_bonded,BudgetDoS,m12_heavy_flood_dup60_s20260625,bonded,220182,PRIVPROBE:1,duplicate_filter,0,False,0,duplicate_filter
m12_heavy_flood_dup60_s20260625_bonded,BudgetDoS,m12_heavy_flood_dup60_s20260625,bonded,221307,PRIVPROBE:1,duplicate_filter,0,False,0,duplicate_filter
m12_heavy_flood_dup60_s20260625_bonded,BudgetDoS,m12_heavy_flood_dup60_s20260625,bonded,222397,PRIVPROBE:1,duplicate_filter,0,False,0,duplicate_filter
m12_heavy_flood_dup60_s20260625_bonded,BudgetDoS,m12_heavy_flood_dup60_s20260625,bonded,223507,PRIVPROBE:1,duplicate_filter,0,False,0,duplicate_filter
m12_heavy_flood_dup60_s20260625_bonded,BudgetDoS,m12_heavy_flood_dup60_s20260625,bonded,224618,PRIVPROBE:1,duplicate_filter,0,False,0,duplicate_filter
m12_heavy_flood_dup60_s20260625_bonded,BudgetDoS,m12_heavy_flood_dup60_s20260625,bonded,225799,PRIVPROBE:1,duplicate_filter,0,False,0,duplicate_filter
m12_heavy_flood_dup60_s20260625_bonded,BudgetDoS,m12_heavy_flood_dup60_s20260625,bonded,226909,PRIVPROBE:1,budget_skip,0,False,0,budget_skip
m12_heavy_flood_dup60_s20260625_bonded,BudgetDoS,m12_heavy_flood_dup60_s20260625,bonded,228002,PRIVPROBE:1,duplicate_filter,0,False,0,duplicate_filter
m12_heavy_flood_dup60_s20260625_bonded,BudgetDoS,m12_heavy_flood_dup60_s20260625,bonded,229087,PRIVPROBE:1,duplicate_filter,0,False,0,duplicate_filter
m12_heavy_flood_dup60_s20260625_bonded,BudgetDoS,m12_heavy_flood_dup60_s20260625,bonded,230211,PRIVPROBE:1,duplicate_filter,0,False,0,duplicate_filter
m12_heavy_flood_dup60_s20260625_bonded,BudgetDoS,m12_heavy_flood_dup60_s20260625,bonded,231335,PRIVPROBE:1,duplicate_filter,0,False,0,duplicate_filter
m12_heavy_flood_dup60_s20260625_bonded,BudgetDoS,m12_heavy_flood_dup60_s20260625,bonded,232437,PRIVPROBE:1,duplicate_filter,0,False,0,duplicate_filter
m12_heavy_flood_dup60_s20260625_bonded,BudgetDoS,m12_heavy_flood_dup60_s20260625,bonded,233552,PRIVPROBE:1,duplicate_filter,0,False,0,duplicate_filter
m12_heavy_flood_dup60_s20260625_bonded,BudgetDoS,m12_heavy_flood_dup60_s20260625,bonded,234658,PRIVPROBE:1,duplicate_filter,0,False,0,duplicate_filter
m12_heavy_flood_dup60_s20260625_bonded,BudgetDoS,m12_heavy_flood_dup60_s20260625,bonded,235755,PRIVPROBE:1,duplicate_filter,0,False,0,duplicate_filter
m12_heavy_flood_dup60_s20260625_bonded,BudgetDoS,m12_heavy_flood_dup60_s20260625,bonded,236861,PRIVPROBE:1,duplicate_filter,0,False,0,duplicate_filter
m12_heavy_flood_dup60_s20260625_bonded,BudgetDoS,m12_heavy_flood_dup60_s20260625,bonded,237964,PRIVPROBE:1,duplicate_filter,0,False,0,duplicate_filter
m12_heavy_flood_dup60_s20260625_bonded,BudgetDoS,m12_heavy_flood_dup60_s20260625,bonded,239065,PRIVPROBE:1,duplicate_filter,0,False,0,duplicate_filter
m12_heavy_flood_dup60_s20260625_bonded,BudgetDoS,m12_heavy_flood_dup60_s20260625,bonded,240133,PRIVPROBE:1,budget_skip,0,False,0,budget_skip
m12_heavy_flood_dup60_s20260625_bonded,BudgetDoS,m12_heavy_flood_dup60_s20260625,bonded,241194,PRIVPROBE:1,duplicate_filter,0,False,0,duplicate_filter
m12_heavy_flood_dup60_s20260625_bonded,BudgetDoS,m12_heavy_flood_dup60_s20260625,bonded,242300,PRIVPROBE:1,duplicate_filter,0,False,0,duplicate_filter
m12_heavy_flood_dup60_s20260625_bonded,BudgetDoS,m12_heavy_flood_dup60_s20260625,bonded,243378,PRIVPROBE:1,duplicate_filter,0,False,0,duplicate_filter
m12_heavy_flood_dup60_s20260625_bonded,BudgetDoS,m12_heavy_flood_dup60_s20260625,bonded,244511,PRIVPROBE:1,duplicate_filter,0,False,0,duplicate_filter
m12_heavy_flood_dup60_s20260625_bonded,BudgetDoS,m12_heavy_flood_dup60_s20260625,bonded,245607,PRIVPROBE:1,duplicate_filter,0,False,0,duplicate_filter
m12_heavy_flood_dup60_s20260625_bonded,BudgetDoS,m12_heavy_flood_dup60_s20260625,bonded,246663,PRIVPROBE:1,duplicate_filter,0,False,0,duplicate_filter
m12_heavy_flood_dup60_s20260625_bonded,BudgetDoS,m12_heavy_flood_dup60_s20260625,bonded,247799,PRIVPROBE:1,duplicate_filter,0,False,0,duplicate_filter
m12_heavy_flood_dup60_s20260625_bonded,BudgetDoS,m12_heavy_flood_dup60_s20260625,bonded,248927,PRIVPROBE:1,duplicate_filter,0,False,0,duplicate_filter
m12_heavy_flood_dup60_s20260625_bonded,BudgetDoS,m12_heavy_flood_dup60_s20260625,bonded,250012,PRIVPROBE:1,duplicate_filter,0,False,0,duplicate_filter
m12_heavy_flood_dup60_s20260625_bonded,BudgetDoS,m12_heavy_flood_dup60_s20260625,bonded,251098,PRIVPROBE:1,duplicate_filter,0,False,0,duplicate_filter
m12_heavy_flood_dup60_s20260625_bonded,BudgetDoS,m12_heavy_flood_dup60_s20260625,bonded,252182,PRIVPROBE:1,duplicate_filter,0,False,0,duplicate_filter
m12_heavy_flood_dup60_s20260625_bonded,BudgetDoS,m12_heavy_flood_dup60_s20260625,bonded,253321,PRIVPROBE:1,budget_skip,0,False,0,budget_skip
m12_heavy_flood_dup60_s20260625_bonded,BudgetDoS,m12_heavy_flood_dup60_s20260625,bonded,254474,PRIVPROBE:1,duplicate_filter,0,False,0,duplicate_filter
m12_heavy_flood_dup60_s20260625_bonded,BudgetDoS,m12_heavy_flood_dup60_s20260625,bonded,255640,PRIVPROBE:1,duplicate_filter,0,False,0,duplicate_filter
m12_heavy_flood_dup60_s20260625_bonded,BudgetDoS,m12_heavy_flood_dup60_s20260625,bonded,256755,PRIVPROBE:1,duplicate_filter,0,False,0,duplicate_filter
m12_heavy_flood_dup60_s20260625_bonded,BudgetDoS,m12_heavy_flood_dup60_s20260625,bonded,257854,PRIVPROBE:1,duplicate_filter,0,False,0,duplicate_filter
m12_heavy_flood_dup60_s20260625_bonded,BudgetDoS,m12_heavy_flood_dup60_s20260625,bonded,258934,PRIVPROBE:1,duplicate_filter,0,False,0,duplicate_filter
m12_heavy_flood_dup60_s20260625_bonded,BudgetDoS,m12_heavy_flood_dup60_s20260625,bonded,260032,PRIVPROBE:1,duplicate_filter,0,False,0,duplicate_filter
m12_heavy_flood_dup60_s20260625_bonded,BudgetDoS,m12_heavy_flood_dup60_s20260625,bonded,261189,PRIVPROBE:1,duplicate_filter,0,False,0,duplicate_filter
m12_heavy_flood_dup60_s20260625_bonded,BudgetDoS,m12_heavy_flood_dup60_s20260625,bonded,262338,PRIVPROBE:1,duplicate_filter,0,False,0,duplicate_filter
m12_heavy_flood_dup60_s20260625_bonded,BudgetDoS,m12_heavy_flood_dup60_s20260625,bonded,263467,PRIVPROBE:1,duplicate_filter,0,False,0,duplicate_filter
m12_heavy_flood_dup60_s20260625_bonded,BudgetDoS,m12_heavy_flood_dup60_s20260625,bonded,264616,PRIVPROBE:1,duplicate_filter,0,False,0,duplicate_filter
m12_heavy_flood_dup60_s20260625_bonded,BudgetDoS,m12_heavy_flood_dup60_s20260625,bonded,265760,PRIVPROBE:1,duplicate_filter,0,False,0,duplicate_filter
m12_heavy_flood_dup60_s20260625_bonded,BudgetDoS,m12_heavy_flood_dup60_s20260625,bonded,266893,PRIVPROBE:1,budget_skip,0,False,0,budget_skip
m12_heavy_flood_dup60_s20260625_bonded,BudgetDoS,m12_heavy_flood_dup60_s20260625,bonded,267959,PRIVPROBE:1,duplicate_filter,0,False,0,duplicate_filter
m12_heavy_flood_dup60_s20260625_bonded,BudgetDoS,m12_heavy_flood_dup60_s20260625,bonded,269120,PRIVPROBE:1,duplicate_filter,0,False,0,duplicate_filter
m12_heavy_flood_dup60_s20260625_bonded,BudgetDoS,m12_heavy_flood_dup60_s20260625,bonded,270237,PRIVPROBE:1,duplicate_filter,0,False,0,duplicate_filter
m12_heavy_flood_dup60_s20260625_bonded,BudgetDoS,m12_heavy_flood_dup60_s20260625,bonded,271351,PRIVPROBE:1,duplicate_filter,0,False,0,duplicate_filter
m12_heavy_flood_dup60_s20260625_bonded,BudgetDoS,m12_heavy_flood_dup60_s20260625,bonded,272484,PRIVPROBE:1,duplicate_filter,0,False,0,duplicate_filter
m12_heavy_flood_dup60_s20260625_bonded,BudgetDoS,m12_heavy_flood_dup60_s20260625,bonded,273585,PRIVPROBE:1,duplicate_filter,0,False,0,duplicate_filter
m12_heavy_flood_dup60_s20260625_bonded,BudgetDoS,m12_heavy_flood_dup60_s20260625,bonded,274738,PRIVPROBE:1,duplicate_filter,0,False,0,duplicate_filter
m12_heavy_flood_dup60_s20260625_bonded,BudgetDoS,m12_heavy_flood_dup60_s20260625,bonded,275880,PRIVPROBE:1,duplicate_filter,0,False,0,duplicate_filter
m12_heavy_flood_dup60_s20260625_bonded,BudgetDoS,m12_heavy_flood_dup60_s20260625,bonded,276994,PRIVPROBE:1,duplicate_filter,0,False,0,duplicate_filter
m12_heavy_flood_dup60_s20260625_bonded,BudgetDoS,m12_heavy_flood_dup60_s20260625,bonded,278065,PRIVPROBE:1,duplicate_filter,0,False,0,duplicate_filter
m12_heavy_flood_dup60_s20260625_bonded,BudgetDoS,m12_heavy_flood_dup60_s20260625,bonded,279214,PRIVPROBE:1,duplicate_filter,0,False,0,duplicate_filter
m12_heavy_flood_dup60_s20260625_bonded,BudgetDoS,m12_heavy_flood_dup60_s20260625,bonded,280435,PRIVPROBE:1,budget_skip,0,False,0,budget_skip
m12_heavy_flood_dup60_s20260625_bonded,BudgetDoS,m12_heavy_flood_dup60_s20260625,bonded,281515,PRIVPROBE:1,duplicate_filter,0,False,0,duplicate_filter
m12_heavy_flood_dup60_s20260625_bonded,BudgetDoS,m12_heavy_flood_dup60_s20260625,bonded,282610,PRIVPROBE:1,duplicate_filter,0,False,0,duplicate_filter
m12_heavy_flood_dup60_s20260625_bonded,BudgetDoS,m12_heavy_flood_dup60_s20260625,bonded,283734,PRIVPROBE:1,duplicate_filter,0,False,0,duplicate_filter
m12_heavy_flood_dup60_s20260625_bonded,BudgetDoS,m12_heavy_flood_dup60_s20260625,bonded,284825,PRIVPROBE:1,duplicate_filter,0,False,0,duplicate_filter
m12_heavy_flood_dup60_s20260625_bonded,BudgetDoS,m12_heavy_flood_dup60_s20260625,bonded,285942,PRIVPROBE:1,duplicate_filter,0,False,0,duplicate_filter
m12_heavy_flood_dup60_s20260625_bonded,BudgetDoS,m12_heavy_flood_dup60_s20260625,bonded,287009,PRIVPROBE:1,duplicate_filter,0,False,0,duplicate_filter
m12_heavy_flood_dup60_s20260625_bonded,BudgetDoS,m12_heavy_flood_dup60_s20260625,bonded,288162,PRIVPROBE:1,duplicate_filter,0,False,0,duplicate_filter
m12_heavy_flood_dup60_s20260625_bonded,BudgetDoS,m12_heavy_flood_dup60_s20260625,bonded,289327,PRIVPROBE:1,duplicate_filter,0,False,0,duplicate_filter
m12_heavy_flood_dup60_s20260625_bonded,BudgetDoS,m12_heavy_flood_dup60_s20260625,bonded,290426,PRIVPROBE:1,duplicate_filter,0,False,0,duplicate_filter
m12_heavy_flood_dup60_s20260625_bonded,BudgetDoS,m12_heavy_flood_dup60_s20260625,bonded,291534,PRIVPROBE:1,duplicate_filter,0,False,0,duplicate_filter
m12_heavy_flood_dup60_s20260625_bonded,BudgetDoS,m12_heavy_flood_dup60_s20260625,bonded,292677,PRIVPROBE:1,duplicate_filter,0,False,0,duplicate_filter
m12_heavy_flood_dup60_s20260625_bonded,BudgetDoS,m12_heavy_flood_dup60_s20260625,bonded,293749,PRIVPROBE:1,budget_skip,0,False,0,budget_skip
m12_heavy_flood_dup60_s20260625_bonded,BudgetDoS,m12_heavy_flood_dup60_s20260625,bonded,294880,PRIVPROBE:1,duplicate_filter,0,False,0,duplicate_filter
m12_heavy_flood_dup60_s20260625_bonded,BudgetDoS,m12_heavy_flood_dup60_s20260625,bonded,296023,PRIVPROBE:1,duplicate_filter,0,False,0,duplicate_filter
m12_heavy_flood_dup60_s20260625_bonded,BudgetDoS,m12_heavy_flood_dup60_s20260625,bonded,297073,PRIVPROBE:1,duplicate_filter,0,False,0,duplicate_filter
m12_heavy_flood_dup60_s20260625_bonded,BudgetDoS,m12_heavy_flood_dup60_s20260625,bonded,298179,PRIVPROBE:1,duplicate_filter,0,False,0,duplicate_filter
m12_heavy_flood_dup60_s20260625_bonded,BudgetDoS,m12_heavy_flood_dup60_s20260625,bonded,299244,PRIVPROBE:1,duplicate_filter,0,False,0,duplicate_filter
m12_heavy_flood_dup60_s20260625_bonded,BudgetDoS,m12_heavy_flood_dup60_s20260625,bonded,300371,PRIVPROBE:1,duplicate_filter,0,False,0,duplicate_filter
m12_heavy_flood_dup60_s20260625_bonded,BudgetDoS,m12_heavy_flood_dup60_s20260625,bonded,301529,PRIVPROBE:1,duplicate_filter,0,False,0,duplicate_filter
m12_heavy_flood_dup60_s20260625_bonded,BudgetDoS,m12_heavy_flood_dup60_s20260625,bonded,302618,PRIVPROBE:1,duplicate_filter,0,False,0,duplicate_filter
m12_heavy_flood_dup60_s20260625_bonded,BudgetDoS,m12_heavy_flood_dup60_s20260625,bonded,303713,PRIVPROBE:1,duplicate_filter,0,False,0,duplicate_filter
m12_heavy_flood_dup60_s20260625_bonded,BudgetDoS,m12_heavy_flood_dup60_s20260625,bonded,304828,PRIVPROBE:1,duplicate_filter,0,False,0,duplicate_filter
m12_heavy_flood_dup60_s20260625_bonded,BudgetDoS,m12_heavy_flood_dup60_s20260625,bonded,305899,PRIVPROBE:1,duplicate_filter,0,False,0,duplicate_filter
m12_heavy_flood_dup60_s20260625_bonded,BudgetDoS,m12_heavy_flood_dup60_s20260625,bonded,306989,PRIVPROBE:1,budget_skip,0,False,0,budget_skip
m12_heavy_flood_dup60_s20260625_bonded,BudgetDoS,m12_heavy_flood_dup60_s20260625,bonded,308102,PRIVPROBE:1,duplicate_filter,0,False,0,duplicate_filter
m12_heavy_flood_dup60_s20260625_bonded,BudgetDoS,m12_heavy_flood_dup60_s20260625,bonded,309193,PRIVPROBE:1,duplicate_filter,0,False,0,duplicate_filter
m12_heavy_flood_dup60_s20260625_bonded,BudgetDoS,m12_heavy_flood_dup60_s20260625,bonded,310290,PRIVPROBE:1,duplicate_filter,0,False,0,duplicate_filter
m12_heavy_flood_dup60_s20260625_bonded,BudgetDoS,m12_heavy_flood_dup60_s20260625,bonded,311361,PRIVPROBE:1,duplicate_filter,0,False,0,duplicate_filter
m12_heavy_flood_dup60_s20260625_bonded,BudgetDoS,m12_heavy_flood_dup60_s20260625,bonded,312464,PRIVPROBE:1,duplicate_filter,0,False,0,duplicate_filter
m12_heavy_flood_dup60_s20260625_bonded,BudgetDoS,m12_heavy_flood_dup60_s20260625,bonded,313600,PRIVPROBE:1,duplicate_filter,0,False,0,duplicate_filter
m12_heavy_flood_dup60_s20260625_bonded,BudgetDoS,m12_heavy_flood_dup60_s20260625,bonded,314767,PRIVPROBE:1,duplicate_filter,0,False,0,duplicate_filter
m12_heavy_flood_dup60_s20260625_bonded,BudgetDoS,m12_heavy_flood_dup60_s20260625,bonded,315882,PRIVPROBE:1,duplicate_filter,0,False,0,duplicate_filter
m12_heavy_flood_dup60_s20260625_bonded,BudgetDoS,m12_heavy_flood_dup60_s20260625,bonded,317006,PRIVPROBE:1,duplicate_filter,0,False,0,duplicate_filter
m12_heavy_flood_dup60_s20260625_bonded,BudgetDoS,m12_heavy_flood_dup60_s20260625,bonded,318143,PRIVPROBE:1,duplicate_filter,0,False,0,duplicate_filter
m12_heavy_flood_dup60_s20260625_bonded,BudgetDoS,m12_heavy_flood_dup60_s20260625,bonded,319285,PRIVPROBE:1,duplicate_filter,0,False,0,duplicate_filter
m12_heavy_flood_dup60_s20260625_bonded,BudgetDoS,m12_heavy_flood_dup60_s20260625,bonded,320394,PRIVPROBE:1,budget_skip,0,False,0,budget_skip
m12_heavy_flood_dup60_s20260625_bonded,BudgetDoS,m12_heavy_flood_dup60_s20260625,bonded,321536,PRIVPROBE:1,duplicate_filter,0,False,0,duplicate_filter
m12_heavy_flood_dup60_s20260625_bonded,BudgetDoS,m12_heavy_flood_dup60_s20260625,bonded,322656,PRIVPROBE:1,duplicate_filter,0,False,0,duplicate_filter
m12_heavy_flood_dup60_s20260625_bonded,BudgetDoS,m12_heavy_flood_dup60_s20260625,bonded,323801,PRIVPROBE:1,duplicate_filter,0,False,0,duplicate_filter
m12_heavy_flood_dup60_s20260625_bonded,BudgetDoS,m12_heavy_flood_dup60_s20260625,bonded,324893,PRIVPROBE:1,duplicate_filter,0,False,0,duplicate_filter
m12_heavy_flood_dup60_s20260625_bonded,BudgetDoS,m12_heavy_flood_dup60_s20260625,bonded,325977,PRIVPROBE:1,duplicate_filter,0,False,0,duplicate_filter
m12_heavy_flood_dup60_s20260625_bonded,BudgetDoS,m12_heavy_flood_dup60_s20260625,bonded,327097,PRIVPROBE:1,duplicate_filter,0,False,0,duplicate_filter
m12_heavy_flood_dup60_s20260625_bonded,BudgetDoS,m12_heavy_flood_dup60_s20260625,bonded,328212,PRIVPROBE:1,duplicate_filter,0,False,0,duplicate_filter
m12_heavy_flood_dup60_s20260625_bonded,BudgetDoS,m12_heavy_flood_dup60_s20260625,bonded,329328,PRIVPROBE:1,duplicate_filter,0,False,0,duplicate_filter
m12_heavy_flood_dup60_s20260625_bonded,BudgetDoS,m12_heavy_flood_dup60_s20260625,bonded,330482,PRIVPROBE:1,duplicate_filter,0,False,0,duplicate_filter
m12_heavy_flood_dup60_s20260625_bonded,BudgetDoS,m12_heavy_flood_dup60_s20260625,bonded,331537,PRIVPROBE:1,duplicate_filter,0,False,0,duplicate_filter
m12_heavy_flood_dup60_s20260625_bonded,BudgetDoS,m12_heavy_flood_dup60_s20260625,bonded,332658,PRIVPROBE:1,duplicate_filter,0,False,0,duplicate_filter
m12_heavy_flood_dup60_s20260625_bonded,BudgetDoS,m12_heavy_flood_dup60_s20260625,bonded,333718,PRIVPROBE:1,budget_skip,0,False,0,budget_skip
m12_heavy_flood_dup60_s20260625_bonded,BudgetDoS,m12_heavy_flood_dup60_s20260625,bonded,334899,PRIVPROBE:1,duplicate_filter,0,False,0,duplicate_filter
m12_heavy_flood_dup60_s20260625_bonded,BudgetDoS,m12_heavy_flood_dup60_s20260625,bonded,336041,PRIVPROBE:1,duplicate_filter,0,False,0,duplicate_filter
m12_heavy_flood_dup60_s20260625_bonded,BudgetDoS,m12_heavy_flood_dup60_s20260625,bonded,337160,PRIVPROBE:1,duplicate_filter,0,False,0,duplicate_filter
m12_heavy_flood_dup60_s20260625_bonded,BudgetDoS,m12_heavy_flood_dup60_s20260625,bonded,338273,PRIVPROBE:1,duplicate_filter,0,False,0,duplicate_filter
m12_heavy_flood_dup60_s20260625_bonded,BudgetDoS,m12_heavy_flood_dup60_s20260625,bonded,339385,PRIVPROBE:1,duplicate_filter,0,False,0,duplicate_filter
m12_heavy_flood_dup60_s20260625_bonded,BudgetDoS,m12_heavy_flood_dup60_s20260625,bonded,340507,PRIVPROBE:1,duplicate_filter,0,False,0,duplicate_filter
m12_heavy_flood_dup60_s20260625_bonded,BudgetDoS,m12_heavy_flood_dup60_s20260625,bonded,341662,PRIVPROBE:1,duplicate_filter,0,False,0,duplicate_filter
m12_heavy_flood_dup60_s20260625_bonded,BudgetDoS,m12_heavy_flood_dup60_s20260625,bonded,342739,PRIVPROBE:1,duplicate_filter,0,False,0,duplicate_filter
m12_heavy_flood_dup60_s20260625_bonded,BudgetDoS,m12_heavy_flood_dup60_s20260625,bonded,343808,PRIVPROBE:1,duplicate_filter,0,False,0,duplicate_filter
m12_heavy_flood_dup60_s20260625_bonded,BudgetDoS,m12_heavy_flood_dup60_s20260625,bonded,344981,PRIVPROBE:1,duplicate_filter,0,False,0,duplicate_filter
m12_heavy_flood_dup60_s20260625_bonded,BudgetDoS,m12_heavy_flood_dup60_s20260625,bonded,346040,PRIVPROBE:1,duplicate_filter,0,False,0,duplicate_filter
m12_heavy_flood_dup60_s20260625_bonded,BudgetDoS,m12_heavy_flood_dup60_s20260625,bonded,347120,PRIVPROBE:1,budget_skip,0,False,0,budget_skip
m12_heavy_flood_dup60_s20260625_bonded,BudgetDoS,m12_heavy_flood_dup60_s20260625,bonded,348279,PRIVPROBE:1,duplicate_filter,0,False,0,duplicate_filter
m12_heavy_flood_dup60_s20260625_bonded,BudgetDoS,m12_heavy_flood_dup60_s20260625,bonded,349377,PRIVPROBE:1,duplicate_filter,0,False,0,duplicate_filter
m12_heavy_flood_dup60_s20260625_bonded,BudgetDoS,m12_heavy_flood_dup60_s20260625,bonded,350446,PRIVPROBE:1,duplicate_filter,0,False,0,duplicate_filter
m12_heavy_flood_dup60_s20260625_bonded,BudgetDoS,m12_heavy_flood_dup60_s20260625,bonded,351548,PRIVPROBE:1,duplicate_filter,0,False,0,duplicate_filter
m12_heavy_flood_dup60_s20260625_bonded,BudgetDoS,m12_heavy_flood_dup60_s20260625,bonded,352666,PRIVPROBE:1,duplicate_filter,0,False,0,duplicate_filter
m12_heavy_flood_dup60_s20260625_bonded,BudgetDoS,m12_heavy_flood_dup60_s20260625,bonded,353852,PRIVPROBE:1,duplicate_filter,0,False,0,duplicate_filter
m12_heavy_flood_dup60_s20260625_bonded,BudgetDoS,m12_heavy_flood_dup60_s20260625,bonded,354907,PRIVPROBE:1,duplicate_filter,0,False,0,duplicate_filter
m12_heavy_flood_dup60_s20260625_bonded,BudgetDoS,m12_heavy_flood_dup60_s20260625,bonded,356049,PRIVPROBE:1,duplicate_filter,0,False,0,duplicate_filter
m12_heavy_flood_dup60_s20260625_bonded,BudgetDoS,m12_heavy_flood_dup60_s20260625,bonded,357177,PRIVPROBE:1,duplicate_filter,0,False,0,duplicate_filter
m12_heavy_flood_dup60_s20260625_bonded,BudgetDoS,m12_heavy_flood_dup60_s20260625,bonded,358349,PRIVPROBE:1,duplicate_filter,0,False,0,duplicate_filter
m12_heavy_flood_dup60_s20260625_bonded,BudgetDoS,m12_heavy_flood_dup60_s20260625,bonded,359456,PRIVPROBE:1,duplicate_filter,0,False,0,duplicate_filter
m12_heavy_flood_dup60_s20260625_bonded,BudgetDoS,m12_heavy_flood_dup60_s20260625,bonded,360559,PRIVPROBE:1,budget_skip,0,False,0,budget_skip
m12_heavy_flood_dup60_s20260625_bonded,BudgetDoS,m12_heavy_flood_dup60_s20260625,bonded,361615,PRIVPROBE:1,duplicate_filter,0,False,0,duplicate_filter
m12_heavy_flood_dup60_s20260625_bonded,BudgetDoS,m12_heavy_flood_dup60_s20260625,bonded,362703,PRIVPROBE:1,duplicate_filter,0,False,0,duplicate_filter
m12_heavy_flood_dup60_s20260625_bonded,BudgetDoS,m12_heavy_flood_dup60_s20260625,bonded,363814,PRIVPROBE:1,duplicate_filter,0,False,0,duplicate_filter
m12_heavy_flood_dup60_s20260625_bonded,BudgetDoS,m12_heavy_flood_dup60_s20260625,bonded,364951,PRIVPROBE:1,duplicate_filter,0,False,0,duplicate_filter
m12_heavy_flood_dup60_s20260625_bonded,BudgetDoS,m12_heavy_flood_dup60_s20260625,bonded,366023,PRIVPROBE:1,duplicate_filter,0,False,0,duplicate_filter
m12_heavy_flood_dup60_s20260625_bonded,BudgetDoS,m12_heavy_flood_dup60_s20260625,bonded,367235,PRIVPROBE:1,duplicate_filter,0,False,0,duplicate_filter
m12_heavy_flood_dup60_s20260625_bonded,BudgetDoS,m12_heavy_flood_dup60_s20260625,bonded,368354,PRIVPROBE:1,duplicate_filter,0,False,0,duplicate_filter
m12_heavy_flood_dup60_s20260625_bonded,BudgetDoS,m12_heavy_flood_dup60_s20260625,bonded,369474,PRIVPROBE:1,duplicate_filter,0,False,0,duplicate_filter
m12_heavy_flood_dup60_s20260625_bonded,BudgetDoS,m12_heavy_flood_dup60_s20260625,bonded,370590,PRIVPROBE:1,duplicate_filter,0,False,0,duplicate_filter
m12_heavy_flood_dup60_s20260625_bonded,BudgetDoS,m12_heavy_flood_dup60_s20260625,bonded,371665,PRIVPROBE:1,duplicate_filter,0,False,0,duplicate_filter
m12_heavy_flood_dup60_s20260625_bonded,BudgetDoS,m12_heavy_flood_dup60_s20260625,bonded,372816,PRIVPROBE:1,duplicate_filter,0,False,0,duplicate_filter
m12_heavy_flood_dup60_s20260625_bonded,BudgetDoS,m12_heavy_flood_dup60_s20260625,bonded,373941,PRIVPROBE:1,budget_skip,0,False,0,budget_skip
m12_heavy_flood_dup60_s20260625_bonded,BudgetDoS,m12_heavy_flood_dup60_s20260625,bonded,375092,PRIVPROBE:1,duplicate_filter,0,False,0,duplicate_filter
m12_heavy_flood_dup60_s20260625_bonded,BudgetDoS,m12_heavy_flood_dup60_s20260625,bonded,376173,PRIVPROBE:1,duplicate_filter,0,False,0,duplicate_filter
m12_heavy_flood_dup60_s20260625_bonded,BudgetDoS,m12_heavy_flood_dup60_s20260625,bonded,377278,PRIVPROBE:1,duplicate_filter,0,False,0,duplicate_filter
m12_heavy_flood_dup60_s20260625_bonded,BudgetDoS,m12_heavy_flood_dup60_s20260625,bonded,378393,PRIVPROBE:1,duplicate_filter,0,False,0,duplicate_filter
m12_heavy_flood_dup60_s20260625_bonded,BudgetDoS,m12_heavy_flood_dup60_s20260625,bonded,379558,PRIVPROBE:1,duplicate_filter,0,False,0,duplicate_filter
m12_heavy_flood_dup60_s20260625_bonded,BudgetDoS,m12_heavy_flood_dup60_s20260625,bonded,380700,PRIVPROBE:1,duplicate_filter,0,False,0,duplicate_filter
m12_heavy_flood_dup60_s20260625_bonded,BudgetDoS,m12_heavy_flood_dup60_s20260625,bonded,381803,PRIVPROBE:1,duplicate_filter,0,False,0,duplicate_filter
m12_heavy_flood_dup60_s20260625_bonded,BudgetDoS,m12_heavy_flood_dup60_s20260625,bonded,382918,PRIVPROBE:1,duplicate_filter,0,False,0,duplicate_filter
m12_heavy_flood_dup60_s20260625_bonded,BudgetDoS,m12_heavy_flood_dup60_s20260625,bonded,383985,PRIVPROBE:1,duplicate_filter,0,False,0,duplicate_filter
m12_heavy_flood_dup60_s20260625_bonded,BudgetDoS,m12_heavy_flood_dup60_s20260625,bonded,385191,PRIVPROBE:1,duplicate_filter,0,False,0,duplicate_filter
m12_heavy_flood_dup60_s20260625_bonded,BudgetDoS,m12_heavy_flood_dup60_s20260625,bonded,386346,PRIVPROBE:1,duplicate_filter,0,False,0,duplicate_filter
m12_heavy_flood_dup60_s20260625_bonded,BudgetDoS,m12_heavy_flood_dup60_s20260625,bonded,387440,PRIVPROBE:1,budget_skip,0,False,0,budget_skip
m12_heavy_flood_dup60_s20260625_bonded,BudgetDoS,m12_heavy_flood_dup60_s20260625,bonded,388585,PRIVPROBE:1,duplicate_filter,0,False,0,duplicate_filter
m12_heavy_flood_dup60_s20260625_bonded,BudgetDoS,m12_heavy_flood_dup60_s20260625,bonded,389679,PRIVPROBE:1,duplicate_filter,0,False,0,duplicate_filter
m12_heavy_flood_dup60_s20260625_bonded,BudgetDoS,m12_heavy_flood_dup60_s20260625,bonded,390838,PRIVPROBE:1,duplicate_filter,0,False,0,duplicate_filter
m12_heavy_flood_dup60_s20260625_bonded,BudgetDoS,m12_heavy_flood_dup60_s20260625,bonded,391965,PRIVPROBE:1,duplicate_filter,0,False,0,duplicate_filter
m12_heavy_flood_dup60_s20260625_bonded,BudgetDoS,m12_heavy_flood_dup60_s20260625,bonded,393060,PRIVPROBE:1,duplicate_filter,0,False,0,duplicate_filter
m12_heavy_flood_dup60_s20260625_bonded,BudgetDoS,m12_heavy_flood_dup60_s20260625,bonded,394154,PRIVPROBE:1,duplicate_filter,0,False,0,duplicate_filter
m12_heavy_flood_dup60_s20260625_bonded,BudgetDoS,m12_heavy_flood_dup60_s20260625,bonded,395245,PRIVPROBE:1,duplicate_filter,0,False,0,duplicate_filter
m12_heavy_flood_dup60_s20260625_bonded,BudgetDoS,m12_heavy_flood_dup60_s20260625,bonded,396359,PRIVPROBE:1,duplicate_filter,0,False,0,duplicate_filter
m12_heavy_flood_dup60_s20260625_bonded,BudgetDoS,m12_heavy_flood_dup60_s20260625,bonded,397406,PRIVPROBE:1,duplicate_filter,0,False,0,duplicate_filter
m12_heavy_flood_dup60_s20260625_bonded,BudgetDoS,m12_heavy_flood_dup60_s20260625,bonded,398528,PRIVPROBE:1,duplicate_filter,0,False,0,duplicate_filter
m12_heavy_flood_dup60_s20260625_bonded,BudgetDoS,m12_heavy_flood_dup60_s20260625,bonded,399617,PRIVPROBE:1,duplicate_filter,0,False,0,duplicate_filter
