run_id,method,paired_trace_id,identity_label_for_scoring,event_id,rpa_value,action,aes_attempts,deferred,delay_ms,admission_path
m12_heavy_flood_dup60_s20260611_nonbonded,P3-Persist,m12_heavy_flood_dup60_s20260611,nonbonded,67232,PRIVPROBE:0,host_scan,504,False,0,reserve
m12_heavy_flood_dup60_s20260611_nonbonded,P3-Persist,m12_heavy_flood_dup60_s20260611,nonbonded,68304,PRIVPROBE:0,duplicate_filter,0,False,0,duplicate_filter
m12_heavy_flood_dup60_s20260611_nonbonded,P3-Persist,m12_heavy_flood_dup60_s20260611,nonbonded,69421,PRIVPROBE:0,duplicate_filter,0,False,0,duplicate_filter
m12_heavy_flood_dup60_s20260611_nonbonded,P3-Persist,m12_heavy_flood_dup60_s20260611,nonbonded,70530,PRIVPROBE:0,duplicate_filter,0,False,0,duplicate_filter
m12_heavy_flood_dup60_s20260611_nonbonded,P3-Persist,m12_heavy_flood_dup60_s20260611,nonbonded,71731,PRIVPROBE:0,duplicate_filter,0,False,0,duplicate_filter
m12_heavy_flood_dup60_s20260611_nonbonded,P3-Persist,m12_heavy_flood_dup60_s20260611,nonbonded,72833,PRIVPROBE:0,duplicate_filter,0,False,0,duplicate_filter
m12_heavy_flood_dup60_s20260611_nonbonded,P3-Persist,m12_heavy_flood_dup60_s20260611,nonbonded,74058,PRIVPROBE:0,duplicate_filter,0,False,0,duplicate_filter
m12_heavy_flood_dup60_s20260611_nonbonded,P3-Persist,m12_heavy_flood_dup60_s20260611,nonbonded,75245,PRIVPROBE:0,duplicate_filter,0,False,0,duplicate_filter
m12_heavy_flood_dup60_s20260611_nonbonded,P3-Persist,m12_heavy_flood_dup60_s20260611,nonbonded,76307,PRIVPROBE:0,duplicate_filter,0,False,0,duplicate_filter
m12_heavy_flood_dup60_s20260611_nonbonded,P3-Persist,m12_heavy_flood_dup60_s20260611,nonbonded,77388,PRIVPROBE:0,duplicate_filter,0,False,0,duplicate_filter
m12_heavy_flood_dup60_s20260611_nonbonded,P3-Persist,m12_heavy_flood_dup60_s20260611,nonbonded,78466,PRIVPROBE:0,duplicate_filter,0,False,0,duplicate_filter
m12_heavy_flood_dup60_s20260611_nonbonded,P3-Persist,m12_heavy_flood_dup60_s20260611,nonbonded,79551,PRIVPROBE:0,duplicate_filter,0,False,0,duplicate_filter
m12_heavy_flood_dup60_s20260611_nonbonded,P3-Persist,m12_heavy_flood_dup60_s20260611,nonbonded,80625,PRIVPROBE:0,host_scan,504,False,0,reserve
m12_heavy_flood_dup60_s20260611_nonbonded,P3-Persist,m12_heavy_flood_dup60_s20260611,nonbonded,81763,PRIVPROBE:0,duplicate_filter,0,False,0,duplicate_filter
m12_heavy_flood_dup60_s20260611_nonbonded,P3-Persist,m12_heavy_flood_dup60_s20260611,nonbonded,82876,PRIVPROBE:0,duplicate_filter,0,False,0,duplicate_filter
m12_heavy_flood_dup60_s20260611_nonbonded,P3-Persist,m12_heavy_flood_dup60_s20260611,nonbonded,83956,PRIVPROBE:0,duplicate_filter,0,False,0,duplicate_filter
m12_heavy_flood_dup60_s20260611_nonbonded,P3-Persist,m12_heavy_flood_dup60_s20260611,nonbonded,85053,PRIVPROBE:0,duplicate_filter,0,False,0,duplicate_filter
m12_heavy_flood_dup60_s20260611_nonbonded,P3-Persist,m12_heavy_flood_dup60_s20260611,nonbonded,86184,PRIVPROBE:0,duplicate_filter,0,False,0,duplicate_filter
m12_heavy_flood_dup60_s20260611_nonbonded,P3-Persist,m12_heavy_flood_dup60_s20260611,nonbonded,87311,PRIVPROBE:0,duplicate_filter,0,False,0,duplicate_filter
m12_heavy_flood_dup60_s20260611_nonbonded,P3-Persist,m12_heavy_flood_dup60_s20260611,nonbonded,88404,PRIVPROBE:0,duplicate_filter,0,False,0,duplicate_filter
m12_heavy_flood_dup60_s20260611_nonbonded,P3-Persist,m12_heavy_flood_dup60_s20260611,nonbonded,89551,PRIVPROBE:0,duplicate_filter,0,False,0,duplicate_filter
m12_heavy_flood_dup60_s20260611_nonbonded,P3-Persist,m12_heavy_flood_dup60_s20260611,nonbonded,90744,PRIVPROBE:0,duplicate_filter,0,False,0,duplicate_filter
m12_heavy_flood_dup60_s20260611_nonbonded,P3-Persist,m12_heavy_flood_dup60_s20260611,nonbonded,91833,PRIVPROBE:0,duplicate_filter,0,False,0,duplicate_filter
m12_heavy_flood_dup60_s20260611_nonbonded,P3-Persist,m12_heavy_flood_dup60_s20260611,nonbonded,92946,PRIVPROBE:0,duplicate_filter,0,False,0,duplicate_filter
m12_heavy_flood_dup60_s20260611_nonbonded,P3-Persist,m12_heavy_flood_dup60_s20260611,nonbonded,94066,PRIVPROBE:0,host_scan,504,False,0,reserve
m12_heavy_flood_dup60_s20260611_nonbonded,P3-Persist,m12_heavy_flood_dup60_s20260611,nonbonded,95169,PRIVPROBE:0,duplicate_filter,0,False,0,duplicate_filter
m12_heavy_flood_dup60_s20260611_nonbonded,P3-Persist,m12_heavy_flood_dup60_s20260611,nonbonded,96264,PRIVPROBE:0,duplicate_filter,0,False,0,duplicate_filter
m12_heavy_flood_dup60_s20260611_nonbonded,P3-Persist,m12_heavy_flood_dup60_s20260611,nonbonded,97390,PRIVPROBE:0,duplicate_filter,0,False,0,duplicate_filter
m12_heavy_flood_dup60_s20260611_nonbonded,P3-Persist,m12_heavy_flood_dup60_s20260611,nonbonded,98514,PRIVPROBE:0,duplicate_filter,0,False,0,duplicate_filter
m12_heavy_flood_dup60_s20260611_nonbonded,P3-Persist,m12_heavy_flood_dup60_s20260611,nonbonded,99581,PRIVPROBE:0,duplicate_filter,0,False,0,duplicate_filter
m12_heavy_flood_dup60_s20260611_nonbonded,P3-Persist,m12_heavy_flood_dup60_s20260611,nonbonded,100763,PRIVPROBE:0,duplicate_filter,0,False,0,duplicate_filter
m12_heavy_flood_dup60_s20260611_nonbonded,P3-Persist,m12_heavy_flood_dup60_s20260611,nonbonded,101850,PRIVPROBE:0,duplicate_filter,0,False,0,duplicate_filter
m12_heavy_flood_dup60_s20260611_nonbonded,P3-Persist,m12_heavy_flood_dup60_s20260611,nonbonded,102967,PRIVPROBE:0,duplicate_filter,0,False,0,duplicate_filter
m12_heavy_flood_dup60_s20260611_nonbonded,P3-Persist,m12_heavy_flood_dup60_s20260611,nonbonded,104124,PRIVPROBE:0,duplicate_filter,0,False,0,duplicate_filter
m12_heavy_flood_dup60_s20260611_nonbonded,P3-Persist,m12_heavy_flood_dup60_s20260611,nonbonded,105197,PRIVPROBE:0,duplicate_filter,0,False,0,duplicate_filter
m12_heavy_flood_dup60_s20260611_nonbonded,P3-Persist,m12_heavy_flood_dup60_s20260611,nonbonded,106225,PRIVPROBE:0,duplicate_filter,0,False,0,duplicate_filter
m12_heavy_flood_dup60_s20260611_nonbonded,P3-Persist,m12_heavy_flood_dup60_s20260611,nonbonded,107324,PRIVPROBE:0,host_scan,504,False,0,reserve
m12_heavy_flood_dup60_s20260611_nonbonded,P3-Persist,m12_heavy_flood_dup60_s20260611,nonbonded,108460,PRIVPROBE:0,duplicate_filter,0,False,0,duplicate_filter
m12_heavy_flood_dup60_s20260611_nonbonded,P3-Persist,m12_heavy_flood_dup60_s20260611,nonbonded,109610,PRIVPROBE:0,duplicate_filter,0,False,0,duplicate_filter
m12_heavy_flood_dup60_s20260611_nonbonded,P3-Persist,m12_heavy_flood_dup60_s20260611,nonbonded,110675,PRIVPROBE:0,duplicate_filter,0,False,0,duplicate_filter
m12_heavy_flood_dup60_s20260611_nonbonded,P3-Persist,m12_heavy_flood_dup60_s20260611,nonbonded,111806,PRIVPROBE:0,duplicate_filter,0,False,0,duplicate_filter
m12_heavy_flood_dup60_s20260611_nonbonded,P3-Persist,m12_heavy_flood_dup60_s20260611,nonbonded,112925,PRIVPROBE:0,duplicate_filter,0,False,0,duplicate_filter
m12_heavy_flood_dup60_s20260611_nonbonded,P3-Persist,m12_heavy_flood_dup60_s20260611,nonbonded,114013,PRIVPROBE:0,duplicate_filter,0,False,0,duplicate_filter
m12_heavy_flood_dup60_s20260611_nonbonded,P3-Persist,m12_heavy_flood_dup60_s20260611,nonbonded,115155,PRIVPROBE:0,duplicate_filter,0,False,0,duplicate_filter
m12_heavy_flood_dup60_s20260611_nonbonded,P3-Persist,m12_heavy_flood_dup60_s20260611,nonbonded,116333,PRIVPROBE:0,duplicate_filter,0,False,0,duplicate_filter
m12_heavy_flood_dup60_s20260611_nonbonded,P3-Persist,m12_heavy_flood_dup60_s20260611,nonbonded,117502,PRIVPROBE:0,duplicate_filter,0,False,0,duplicate_filter
m12_heavy_flood_dup60_s20260611_nonbonded,P3-Persist,m12_heavy_flood_dup60_s20260611,nonbonded,118610,PRIVPROBE:0,duplicate_filter,0,False,0,duplicate_filter
m12_heavy_flood_dup60_s20260611_nonbonded,P3-Persist,m12_heavy_flood_dup60_s20260611,nonbonded,119749,PRIVPROBE:0,duplicate_filter,0,False,0,duplicate_filter
m12_heavy_flood_dup60_s20260611_nonbonded,P3-Persist,m12_heavy_flood_dup60_s20260611,nonbonded,120833,PRIVPROBE:0,host_scan,504,False,0,reserve
m12_heavy_flood_dup60_s20260611_nonbonded,P3-Persist,m12_heavy_flood_dup60_s20260611,nonbonded,121995,PRIVPROBE:0,duplicate_filter,0,False,0,duplicate_filter
m12_heavy_flood_dup60_s20260611_nonbonded,P3-Persist,m12_heavy_flood_dup60_s20260611,nonbonded,123102,PRIVPROBE:0,duplicate_filter,0,False,0,duplicate_filter
m12_heavy_flood_dup60_s20260611_nonbonded,P3-Persist,m12_heavy_flood_dup60_s20260611,nonbonded,124191,PRIVPROBE:0,duplicate_filter,0,False,0,duplicate_filter
m12_heavy_flood_dup60_s20260611_nonbonded,P3-Persist,m12_heavy_flood_dup60_s20260611,nonbonded,125340,PRIVPROBE:0,duplicate_filter,0,False,0,duplicate_filter
m12_heavy_flood_dup60_s20260611_nonbonded,P3-Persist,m12_heavy_flood_dup60_s20260611,nonbonded,126408,PRIVPROBE:0,duplicate_filter,0,False,0,duplicate_filter
m12_heavy_flood_dup60_s20260611_nonbonded,P3-Persist,m12_heavy_flood_dup60_s20260611,nonbonded,127533,PRIVPROBE:0,duplicate_filter,0,False,0,duplicate_filter
m12_heavy_flood_dup60_s20260611_nonbonded,P3-Persist,m12_heavy_flood_dup60_s20260611,nonbonded,128641,PRIVPROBE:0,duplicate_filter,0,False,0,duplicate_filter
m12_heavy_flood_dup60_s20260611_nonbonded,P3-Persist,m12_heavy_flood_dup60_s20260611,nonbonded,129743,PRIVPROBE:0,duplicate_filter,0,False,0,duplicate_filter
m12_heavy_flood_dup60_s20260611_nonbonded,P3-Persist,m12_heavy_flood_dup60_s20260611,nonbonded,130898,PRIVPROBE:0,duplicate_filter,0,False,0,duplicate_filter
m12_heavy_flood_dup60_s20260611_nonbonded,P3-Persist,m12_heavy_flood_dup60_s20260611,nonbonded,132029,PRIVPROBE:0,duplicate_filter,0,False,0,duplicate_filter
m12_heavy_flood_dup60_s20260611_nonbonded,P3-Persist,m12_heavy_flood_dup60_s20260611,nonbonded,133141,PRIVPROBE:0,duplicate_filter,0,False,0,duplicate_filter
m12_heavy_flood_dup60_s20260611_nonbonded,P3-Persist,m12_heavy_flood_dup60_s20260611,nonbonded,134249,PRIVPROBE:0,host_scan,504,False,0,reserve
m12_heavy_flood_dup60_s20260611_nonbonded,P3-Persist,m12_heavy_flood_dup60_s20260611,nonbonded,135395,PRIVPROBE:0,duplicate_filter,0,False,0,duplicate_filter
m12_heavy_flood_dup60_s20260611_nonbonded,P3-Persist,m12_heavy_flood_dup60_s20260611,nonbonded,136498,PRIVPROBE:0,duplicate_filter,0,False,0,duplicate_filter
m12_heavy_flood_dup60_s20260611_nonbonded,P3-Persist,m12_heavy_flood_dup60_s20260611,nonbonded,137610,PRIVPROBE:0,duplicate_filter,0,False,0,duplicate_filter
m12_heavy_flood_dup60_s20260611_nonbonded,P3-Persist,m12_heavy_flood_dup60_s20260611,nonbonded,138746,PRIVPROBE:0,duplicate_filter,0,False,0,duplicate_filter
m12_heavy_flood_dup60_s20260611_nonbonded,P3-Persist,m12_heavy_flood_dup60_s20260611,nonbonded,139930,PRIVPROBE:0,duplicate_filter,0,False,0,duplicate_filter
m12_heavy_flood_dup60_s20260611_nonbonded,P3-Persist,m12_heavy_flood_dup60_s20260611,nonbonded,141025,PRIVPROBE:0,duplicate_filter,0,False,0,duplicate_filter
m12_heavy_flood_dup60_s20260611_nonbonded,P3-Persist,m12_heavy_flood_dup60_s20260611,nonbonded,142180,PRIVPROBE:0,duplicate_filter,0,False,0,duplicate_filter
m12_heavy_flood_dup60_s20260611_nonbonded,P3-Persist,m12_heavy_flood_dup60_s20260611,nonbonded,143282,PRIVPROBE:0,duplicate_filter,0,False,0,duplicate_filter
m12_heavy_flood_dup60_s20260611_nonbonded,P3-Persist,m12_heavy_flood_dup60_s20260611,nonbonded,144450,PRIVPROBE:0,duplicate_filter,0,False,0,duplicate_filter
m12_heavy_flood_dup60_s20260611_nonbonded,P3-Persist,m12_heavy_flood_dup60_s20260611,nonbonded,145534,PRIVPROBE:0,duplicate_filter,0,False,0,duplicate_filter
m12_heavy_flood_dup60_s20260611_nonbonded,P3-Persist,m12_heavy_flood_dup60_s20260611,nonbonded,146636,PRIVPROBE:0,duplicate_filter,0,False,0,duplicate_filter
m12_heavy_flood_dup60_s20260611_nonbonded,P3-Persist,m12_heavy_flood_dup60_s20260611,nonbonded,147741,PRIVPROBE:0,host_scan,504,False,0,reserve
m12_heavy_flood_dup60_s20260611_nonbonded,P3-Persist,m12_heavy_flood_dup60_s20260611,nonbonded,148858,PRIVPROBE:0,duplicate_filter,0,False,0,duplicate_filter
m12_heavy_flood_dup60_s20260611_nonbonded,P3-Persist,m12_heavy_flood_dup60_s20260611,nonbonded,149973,PRIVPROBE:0,duplicate_filter,0,False,0,duplicate_filter
m12_heavy_flood_dup60_s20260611_nonbonded,P3-Persist,m12_heavy_flood_dup60_s20260611,nonbonded,151046,PRIVPROBE:0,duplicate_filter,0,False,0,duplicate_filter
m12_heavy_flood_dup60_s20260611_nonbonded,P3-Persist,m12_heavy_flood_dup60_s20260611,nonbonded,152178,PRIVPROBE:0,duplicate_filter,0,False,0,duplicate_filter
m12_heavy_flood_dup60_s20260611_nonbonded,P3-Persist,m12_heavy_flood_dup60_s20260611,nonbonded,153260,PRIVPROBE:0,duplicate_filter,0,False,0,duplicate_filter
m12_heavy_flood_dup60_s20260611_nonbonded,P3-Persist,m12_heavy_flood_dup60_s20260611,nonbonded,154369,PRIVPROBE:0,duplicate_filter,0,False,0,duplicate_filter
m12_heavy_flood_dup60_s20260611_nonbonded,P3-Persist,m12_heavy_flood_dup60_s20260611,nonbonded,155525,PRIVPROBE:0,duplicate_filter,0,False,0,duplicate_filter
m12_heavy_flood_dup60_s20260611_nonbonded,P3-Persist,m12_heavy_flood_dup60_s20260611,nonbonded,156693,PRIVPROBE:0,duplicate_filter,0,False,0,duplicate_filter
m12_heavy_flood_dup60_s20260611_nonbonded,P3-Persist,m12_heavy_flood_dup60_s20260611,nonbonded,157830,PRIVPROBE:0,duplicate_filter,0,False,0,duplicate_filter
m12_heavy_flood_dup60_s20260611_nonbonded,P3-Persist,m12_heavy_flood_dup60_s20260611,nonbonded,158944,PRIVPROBE:0,duplicate_filter,0,False,0,duplicate_filter
m12_heavy_flood_dup60_s20260611_nonbonded,P3-Persist,m12_heavy_flood_dup60_s20260611,nonbonded,160085,PRIVPROBE:0,duplicate_filter,0,False,0,duplicate_filter
m12_heavy_flood_dup60_s20260611_nonbonded,P3-Persist,m12_heavy_flood_dup60_s20260611,nonbonded,161201,PRIVPROBE:0,host_scan,504,False,0,reserve
m12_heavy_flood_dup60_s20260611_nonbonded,P3-Persist,m12_heavy_flood_dup60_s20260611,nonbonded,162345,PRIVPROBE:0,duplicate_filter,0,False,0,duplicate_filter
m12_heavy_flood_dup60_s20260611_nonbonded,P3-Persist,m12_heavy_flood_dup60_s20260611,nonbonded,163454,PRIVPROBE:0,duplicate_filter,0,False,0,duplicate_filter
m12_heavy_flood_dup60_s20260611_nonbonded,P3-Persist,m12_heavy_flood_dup60_s20260611,nonbonded,164593,PRIVPROBE:0,duplicate_filter,0,False,0,duplicate_filter
m12_heavy_flood_dup60_s20260611_nonbonded,P3-Persist,m12_heavy_flood_dup60_s20260611,nonbonded,165712,PRIVPROBE:0,duplicate_filter,0,False,0,duplicate_filter
m12_heavy_flood_dup60_s20260611_nonbonded,P3-Persist,m12_heavy_flood_dup60_s20260611,nonbonded,166804,PRIVPROBE:0,duplicate_filter,0,False,0,duplicate_filter
m12_heavy_flood_dup60_s20260611_nonbonded,P3-Persist,m12_heavy_flood_dup60_s20260611,nonbonded,167944,PRIVPROBE:0,duplicate_filter,0,False,0,duplicate_filter
m12_heavy_flood_dup60_s20260611_nonbonded,P3-Persist,m12_heavy_flood_dup60_s20260611,nonbonded,169069,PRIVPROBE:0,duplicate_filter,0,False,0,duplicate_filter
m12_heavy_flood_dup60_s20260611_nonbonded,P3-Persist,m12_heavy_flood_dup60_s20260611,nonbonded,170244,PRIVPROBE:0,duplicate_filter,0,False,0,duplicate_filter
m12_heavy_flood_dup60_s20260611_nonbonded,P3-Persist,m12_heavy_flood_dup60_s20260611,nonbonded,171410,PRIVPROBE:0,duplicate_filter,0,False,0,duplicate_filter
m12_heavy_flood_dup60_s20260611_nonbonded,P3-Persist,m12_heavy_flood_dup60_s20260611,nonbonded,172405,PRIVPROBE:0,duplicate_filter,0,False,0,duplicate_filter
m12_heavy_flood_dup60_s20260611_nonbonded,P3-Persist,m12_heavy_flood_dup60_s20260611,nonbonded,173492,PRIVPROBE:0,duplicate_filter,0,False,0,duplicate_filter
m12_heavy_flood_dup60_s20260611_nonbonded,P3-Persist,m12_heavy_flood_dup60_s20260611,nonbonded,174560,PRIVPROBE:0,host_scan,504,False,0,reserve
m12_heavy_flood_dup60_s20260611_nonbonded,P3-Persist,m12_heavy_flood_dup60_s20260611,nonbonded,175666,PRIVPROBE:0,duplicate_filter,0,False,0,duplicate_filter
m12_heavy_flood_dup60_s20260611_nonbonded,P3-Persist,m12_heavy_flood_dup60_s20260611,nonbonded,176798,PRIVPROBE:0,duplicate_filter,0,False,0,duplicate_filter
m12_heavy_flood_dup60_s20260611_nonbonded,P3-Persist,m12_heavy_flood_dup60_s20260611,nonbonded,177903,PRIVPROBE:0,duplicate_filter,0,False,0,duplicate_filter
m12_heavy_flood_dup60_s20260611_nonbonded,P3-Persist,m12_heavy_flood_dup60_s20260611,nonbonded,179018,PRIVPROBE:0,duplicate_filter,0,False,0,duplicate_filter
m12_heavy_flood_dup60_s20260611_nonbonded,P3-Persist,m12_heavy_flood_dup60_s20260611,nonbonded,180121,PRIVPROBE:0,duplicate_filter,0,False,0,duplicate_filter
m12_heavy_flood_dup60_s20260611_nonbonded,P3-Persist,m12_heavy_flood_dup60_s20260611,nonbonded,181182,PRIVPROBE:0,duplicate_filter,0,False,0,duplicate_filter
m12_heavy_flood_dup60_s20260611_nonbonded,P3-Persist,m12_heavy_flood_dup60_s20260611,nonbonded,182316,PRIVPROBE:0,duplicate_filter,0,False,0,duplicate_filter
m12_heavy_flood_dup60_s20260611_nonbonded,P3-Persist,m12_heavy_flood_dup60_s20260611,nonbonded,183422,PRIVPROBE:0,duplicate_filter,0,False,0,duplicate_filter
m12_heavy_flood_dup60_s20260611_nonbonded,P3-Persist,m12_heavy_flood_dup60_s20260611,nonbonded,184463,PRIVPROBE:0,duplicate_filter,0,False,0,duplicate_filter
m12_heavy_flood_dup60_s20260611_nonbonded,P3-Persist,m12_heavy_flood_dup60_s20260611,nonbonded,185506,PRIVPROBE:0,duplicate_filter,0,False,0,duplicate_filter
m12_heavy_flood_dup60_s20260611_nonbonded,P3-Persist,m12_heavy_flood_dup60_s20260611,nonbonded,186536,PRIVPROBE:0,duplicate_filter,0,False,0,duplicate_filter
m12_heavy_flood_dup60_s20260611_nonbonded,P3-Persist,m12_heavy_flood_dup60_s20260611,nonbonded,187631,PRIVPROBE:0,host_scan,504,False,0,reserve
m12_heavy_flood_dup60_s20260611_nonbonded,P3-Persist,m12_heavy_flood_dup60_s20260611,nonbonded,188740,PRIVPROBE:0,duplicate_filter,0,False,0,duplicate_filter
m12_heavy_flood_dup60_s20260611_nonbonded,P3-Persist,m12_heavy_flood_dup60_s20260611,nonbonded,189876,PRIVPROBE:0,duplicate_filter,0,False,0,duplicate_filter
m12_heavy_flood_dup60_s20260611_nonbonded,P3-Persist,m12_heavy_flood_dup60_s20260611,nonbonded,190991,PRIVPROBE:0,duplicate_filter,0,False,0,duplicate_filter
m12_heavy_flood_dup60_s20260611_nonbonded,P3-Persist,m12_heavy_flood_dup60_s20260611,nonbonded,192049,PRIVPROBE:0,duplicate_filter,0,False,0,duplicate_filter
m12_heavy_flood_dup60_s20260611_nonbonded,P3-Persist,m12_heavy_flood_dup60_s20260611,nonbonded,193219,PRIVPROBE:0,duplicate_filter,0,False,0,duplicate_filter
m12_heavy_flood_dup60_s20260611_nonbonded,P3-Persist,m12_heavy_flood_dup60_s20260611,nonbonded,194268,PRIVPROBE:0,duplicate_filter,0,False,0,duplicate_filter
m12_heavy_flood_dup60_s20260611_nonbonded,P3-Persist,m12_heavy_flood_dup60_s20260611,nonbonded,195337,PRIVPROBE:0,duplicate_filter,0,False,0,duplicate_filter
m12_heavy_flood_dup60_s20260611_nonbonded,P3-Persist,m12_heavy_flood_dup60_s20260611,nonbonded,196383,PRIVPROBE:0,duplicate_filter,0,False,0,duplicate_filter
m12_heavy_flood_dup60_s20260611_nonbonded,P3-Persist,m12_heavy_flood_dup60_s20260611,nonbonded,197555,PRIVPROBE:0,duplicate_filter,0,False,0,duplicate_filter
m12_heavy_flood_dup60_s20260611_nonbonded,P3-Persist,m12_heavy_flood_dup60_s20260611,nonbonded,198671,PRIVPROBE:0,duplicate_filter,0,False,0,duplicate_filter
m12_heavy_flood_dup60_s20260611_nonbonded,P3-Persist,m12_heavy_flood_dup60_s20260611,nonbonded,199826,PRIVPROBE:0,duplicate_filter,0,False,0,duplicate_filter
m12_heavy_flood_dup60_s20260611_nonbonded,P3-Persist,m12_heavy_flood_dup60_s20260611,nonbonded,200898,PRIVPROBE:1,defer,0,True,1000,defer
m12_heavy_flood_dup60_s20260611_nonbonded,P3-Persist,m12_heavy_flood_dup60_s20260611,nonbonded,202048,PRIVPROBE:1,duplicate_filter,0,False,0,duplicate_filter
m12_heavy_flood_dup60_s20260611_nonbonded,P3-Persist,m12_heavy_flood_dup60_s20260611,nonbonded,203161,PRIVPROBE:1,duplicate_filter,0,False,0,duplicate_filter
m12_heavy_flood_dup60_s20260611_nonbonded,P3-Persist,m12_heavy_flood_dup60_s20260611,nonbonded,204371,PRIVPROBE:1,duplicate_filter,0,False,0,duplicate_filter
m12_heavy_flood_dup60_s20260611_nonbonded,P3-Persist,m12_heavy_flood_dup60_s20260611,nonbonded,205534,PRIVPROBE:1,duplicate_filter,0,False,0,duplicate_filter
m12_heavy_flood_dup60_s20260611_nonbonded,P3-Persist,m12_heavy_flood_dup60_s20260611,nonbonded,206693,PRIVPROBE:1,duplicate_filter,0,False,0,duplicate_filter
m12_heavy_flood_dup60_s20260611_nonbonded,P3-Persist,m12_heavy_flood_dup60_s20260611,nonbonded,207844,PRIVPROBE:1,duplicate_filter,0,False,0,duplicate_filter
m12_heavy_flood_dup60_s20260611_nonbonded,P3-Persist,m12_heavy_flood_dup60_s20260611,nonbonded,208966,PRIVPROBE:1,duplicate_filter,0,False,0,duplicate_filter
m12_heavy_flood_dup60_s20260611_nonbonded,P3-Persist,m12_heavy_flood_dup60_s20260611,nonbonded,210165,PRIVPROBE:1,duplicate_filter,0,False,0,duplicate_filter
m12_heavy_flood_dup60_s20260611_nonbonded,P3-Persist,m12_heavy_flood_dup60_s20260611,nonbonded,211268,PRIVPROBE:1,duplicate_filter,0,False,0,duplicate_filter
m12_heavy_flood_dup60_s20260611_nonbonded,P3-Persist,m12_heavy_flood_dup60_s20260611,nonbonded,212444,PRIVPROBE:1,duplicate_filter,0,False,0,duplicate_filter
m12_heavy_flood_dup60_s20260611_nonbonded,P3-Persist,m12_heavy_flood_dup60_s20260611,nonbonded,213565,PRIVPROBE:1,duplicate_filter,0,False,0,duplicate_filter
m12_heavy_flood_dup60_s20260611_nonbonded,P3-Persist,m12_heavy_flood_dup60_s20260611,nonbonded,214732,PRIVPROBE:1,host_scan,504,False,0,reserve
m12_heavy_flood_dup60_s20260611_nonbonded,P3-Persist,m12_heavy_flood_dup60_s20260611,nonbonded,215826,PRIVPROBE:1,duplicate_filter,0,False,0,duplicate_filter
m12_heavy_flood_dup60_s20260611_nonbonded,P3-Persist,m12_heavy_flood_dup60_s20260611,nonbonded,216895,PRIVPROBE:1,duplicate_filter,0,False,0,duplicate_filter
m12_heavy_flood_dup60_s20260611_nonbonded,P3-Persist,m12_heavy_flood_dup60_s20260611,nonbonded,217980,PRIVPROBE:1,duplicate_filter,0,False,0,duplicate_filter
m12_heavy_flood_dup60_s20260611_nonbonded,P3-Persist,m12_heavy_flood_dup60_s20260611,nonbonded,219061,PRIVPROBE:1,duplicate_filter,0,False,0,duplicate_filter
m12_heavy_flood_dup60_s20260611_nonbonded,P3-Persist,m12_heavy_flood_dup60_s20260611,nonbonded,220190,PRIVPROBE:1,duplicate_filter,0,False,0,duplicate_filter
m12_heavy_flood_dup60_s20260611_nonbonded,P3-Persist,m12_heavy_flood_dup60_s20260611,nonbonded,221276,PRIVPROBE:1,duplicate_filter,0,False,0,duplicate_filter
m12_heavy_flood_dup60_s20260611_nonbonded,P3-Persist,m12_heavy_flood_dup60_s20260611,nonbonded,222415,PRIVPROBE:1,duplicate_filter,0,False,0,duplicate_filter
m12_heavy_flood_dup60_s20260611_nonbonded,P3-Persist,m12_heavy_flood_dup60_s20260611,nonbonded,223502,PRIVPROBE:1,duplicate_filter,0,False,0,duplicate_filter
m12_heavy_flood_dup60_s20260611_nonbonded,P3-Persist,m12_heavy_flood_dup60_s20260611,nonbonded,224615,PRIVPROBE:1,duplicate_filter,0,False,0,duplicate_filter
m12_heavy_flood_dup60_s20260611_nonbonded,P3-Persist,m12_heavy_flood_dup60_s20260611,nonbonded,225695,PRIVPROBE:1,duplicate_filter,0,False,0,duplicate_filter
m12_heavy_flood_dup60_s20260611_nonbonded,P3-Persist,m12_heavy_flood_dup60_s20260611,nonbonded,226793,PRIVPROBE:1,duplicate_filter,0,False,0,duplicate_filter
m12_heavy_flood_dup60_s20260611_nonbonded,P3-Persist,m12_heavy_flood_dup60_s20260611,nonbonded,227897,PRIVPROBE:1,host_scan,504,False,0,reserve
m12_heavy_flood_dup60_s20260611_nonbonded,P3-Persist,m12_heavy_flood_dup60_s20260611,nonbonded,229025,PRIVPROBE:1,duplicate_filter,0,False,0,duplicate_filter
m12_heavy_flood_dup60_s20260611_nonbonded,P3-Persist,m12_heavy_flood_dup60_s20260611,nonbonded,230100,PRIVPROBE:1,duplicate_filter,0,False,0,duplicate_filter
m12_heavy_flood_dup60_s20260611_nonbonded,P3-Persist,m12_heavy_flood_dup60_s20260611,nonbonded,231241,PRIVPROBE:1,duplicate_filter,0,False,0,duplicate_filter
m12_heavy_flood_dup60_s20260611_nonbonded,P3-Persist,m12_heavy_flood_dup60_s20260611,nonbonded,232379,PRIVPROBE:1,duplicate_filter,0,False,0,duplicate_filter
m12_heavy_flood_dup60_s20260611_nonbonded,P3-Persist,m12_heavy_flood_dup60_s20260611,nonbonded,233451,PRIVPROBE:1,duplicate_filter,0,False,0,duplicate_filter
m12_heavy_flood_dup60_s20260611_nonbonded,P3-Persist,m12_heavy_flood_dup60_s20260611,nonbonded,234492,PRIVPROBE:1,duplicate_filter,0,False,0,duplicate_filter
m12_heavy_flood_dup60_s20260611_nonbonded,P3-Persist,m12_heavy_flood_dup60_s20260611,nonbonded,235686,PRIVPROBE:1,duplicate_filter,0,False,0,duplicate_filter
m12_heavy_flood_dup60_s20260611_nonbonded,P3-Persist,m12_heavy_flood_dup60_s20260611,nonbonded,236732,PRIVPROBE:1,duplicate_filter,0,False,0,duplicate_filter
m12_heavy_flood_dup60_s20260611_nonbonded,P3-Persist,m12_heavy_flood_dup60_s20260611,nonbonded,237831,PRIVPROBE:1,duplicate_filter,0,False,0,duplicate_filter
m12_heavy_flood_dup60_s20260611_nonbonded,P3-Persist,m12_heavy_flood_dup60_s20260611,nonbonded,238903,PRIVPROBE:1,duplicate_filter,0,False,0,duplicate_filter
m12_heavy_flood_dup60_s20260611_nonbonded,P3-Persist,m12_heavy_flood_dup60_s20260611,nonbonded,239974,PRIVPROBE:1,duplicate_filter,0,False,0,duplicate_filter
m12_heavy_flood_dup60_s20260611_nonbonded,P3-Persist,m12_heavy_flood_dup60_s20260611,nonbonded,241112,PRIVPROBE:1,host_scan,504,False,0,reserve
m12_heavy_flood_dup60_s20260611_nonbonded,P3-Persist,m12_heavy_flood_dup60_s20260611,nonbonded,242259,PRIVPROBE:1,duplicate_filter,0,False,0,duplicate_filter
m12_heavy_flood_dup60_s20260611_nonbonded,P3-Persist,m12_heavy_flood_dup60_s20260611,nonbonded,243412,PRIVPROBE:1,duplicate_filter,0,False,0,duplicate_filter
m12_heavy_flood_dup60_s20260611_nonbonded,P3-Persist,m12_heavy_flood_dup60_s20260611,nonbonded,244536,PRIVPROBE:1,duplicate_filter,0,False,0,duplicate_filter
m12_heavy_flood_dup60_s20260611_nonbonded,P3-Persist,m12_heavy_flood_dup60_s20260611,nonbonded,245679,PRIVPROBE:1,duplicate_filter,0,False,0,duplicate_filter
m12_heavy_flood_dup60_s20260611_nonbonded,P3-Persist,m12_heavy_flood_dup60_s20260611,nonbonded,246852,PRIVPROBE:1,duplicate_filter,0,False,0,duplicate_filter
m12_heavy_flood_dup60_s20260611_nonbonded,P3-Persist,m12_heavy_flood_dup60_s20260611,nonbonded,247872,PRIVPROBE:1,duplicate_filter,0,False,0,duplicate_filter
m12_heavy_flood_dup60_s20260611_nonbonded,P3-Persist,m12_heavy_flood_dup60_s20260611,nonbonded,248975,PRIVPROBE:1,duplicate_filter,0,False,0,duplicate_filter
m12_heavy_flood_dup60_s20260611_nonbonded,P3-Persist,m12_heavy_flood_dup60_s20260611,nonbonded,250128,PRIVPROBE:1,duplicate_filter,0,False,0,duplicate_filter
m12_heavy_flood_dup60_s20260611_nonbonded,P3-Persist,m12_heavy_flood_dup60_s20260611,nonbonded,251228,PRIVPROBE:1,duplicate_filter,0,False,0,duplicate_filter
m12_heavy_flood_dup60_s20260611_nonbonded,P3-Persist,m12_heavy_flood_dup60_s20260611,nonbonded,252420,PRIVPROBE:1,duplicate_filter,0,False,0,duplicate_filter
m12_heavy_flood_dup60_s20260611_nonbonded,P3-Persist,m12_heavy_flood_dup60_s20260611,nonbonded,253490,PRIVPROBE:1,duplicate_filter,0,False,0,duplicate_filter
m12_heavy_flood_dup60_s20260611_nonbonded,P3-Persist,m12_heavy_flood_dup60_s20260611,nonbonded,254595,PRIVPROBE:1,host_scan,504,False,0,reserve
m12_heavy_flood_dup60_s20260611_nonbonded,P3-Persist,m12_heavy_flood_dup60_s20260611,nonbonded,255759,PRIVPROBE:1,duplicate_filter,0,False,0,duplicate_filter
m12_heavy_flood_dup60_s20260611_nonbonded,P3-Persist,m12_heavy_flood_dup60_s20260611,nonbonded,256863,PRIVPROBE:1,duplicate_filter,0,False,0,duplicate_filter
m12_heavy_flood_dup60_s20260611_nonbonded,P3-Persist,m12_heavy_flood_dup60_s20260611,nonbonded,257980,PRIVPROBE:1,duplicate_filter,0,False,0,duplicate_filter
m12_heavy_flood_dup60_s20260611_nonbonded,P3-Persist,m12_heavy_flood_dup60_s20260611,nonbonded,259019,PRIVPROBE:1,duplicate_filter,0,False,0,duplicate_filter
m12_heavy_flood_dup60_s20260611_nonbonded,P3-Persist,m12_heavy_flood_dup60_s20260611,nonbonded,260149,PRIVPROBE:1,duplicate_filter,0,False,0,duplicate_filter
m12_heavy_flood_dup60_s20260611_nonbonded,P3-Persist,m12_heavy_flood_dup60_s20260611,nonbonded,261299,PRIVPROBE:1,duplicate_filter,0,False,0,duplicate_filter
m12_heavy_flood_dup60_s20260611_nonbonded,P3-Persist,m12_heavy_flood_dup60_s20260611,nonbonded,262338,PRIVPROBE:1,duplicate_filter,0,False,0,duplicate_filter
m12_heavy_flood_dup60_s20260611_nonbonded,P3-Persist,m12_heavy_flood_dup60_s20260611,nonbonded,263407,PRIVPROBE:1,duplicate_filter,0,False,0,duplicate_filter
m12_heavy_flood_dup60_s20260611_nonbonded,P3-Persist,m12_heavy_flood_dup60_s20260611,nonbonded,264546,PRIVPROBE:1,duplicate_filter,0,False,0,duplicate_filter
m12_heavy_flood_dup60_s20260611_nonbonded,P3-Persist,m12_heavy_flood_dup60_s20260611,nonbonded,265745,PRIVPROBE:1,duplicate_filter,0,False,0,duplicate_filter
m12_heavy_flood_dup60_s20260611_nonbonded,P3-Persist,m12_heavy_flood_dup60_s20260611,nonbonded,266875,PRIVPROBE:1,duplicate_filter,0,False,0,duplicate_filter
m12_heavy_flood_dup60_s20260611_nonbonded,P3-Persist,m12_heavy_flood_dup60_s20260611,nonbonded,267978,PRIVPROBE:1,host_scan,504,False,0,reserve
m12_heavy_flood_dup60_s20260611_nonbonded,P3-Persist,m12_heavy_flood_dup60_s20260611,nonbonded,269067,PRIVPROBE:1,duplicate_filter,0,False,0,duplicate_filter
m12_heavy_flood_dup60_s20260611_nonbonded,P3-Persist,m12_heavy_flood_dup60_s20260611,nonbonded,270128,PRIVPROBE:1,duplicate_filter,0,False,0,duplicate_filter
m12_heavy_flood_dup60_s20260611_nonbonded,P3-Persist,m12_heavy_flood_dup60_s20260611,nonbonded,271220,PRIVPROBE:1,duplicate_filter,0,False,0,duplicate_filter
m12_heavy_flood_dup60_s20260611_nonbonded,P3-Persist,m12_heavy_flood_dup60_s20260611,nonbonded,272299,PRIVPROBE:1,duplicate_filter,0,False,0,duplicate_filter
m12_heavy_flood_dup60_s20260611_nonbonded,P3-Persist,m12_heavy_flood_dup60_s20260611,nonbonded,273380,PRIVPROBE:1,duplicate_filter,0,False,0,duplicate_filter
m12_heavy_flood_dup60_s20260611_nonbonded,P3-Persist,m12_heavy_flood_dup60_s20260611,nonbonded,274458,PRIVPROBE:1,duplicate_filter,0,False,0,duplicate_filter
m12_heavy_flood_dup60_s20260611_nonbonded,P3-Persist,m12_heavy_flood_dup60_s20260611,nonbonded,275548,PRIVPROBE:1,duplicate_filter,0,False,0,duplicate_filter
m12_heavy_flood_dup60_s20260611_nonbonded,P3-Persist,m12_heavy_flood_dup60_s20260611,nonbonded,276559,PRIVPROBE:1,duplicate_filter,0,False,0,duplicate_filter
m12_heavy_flood_dup60_s20260611_nonbonded,P3-Persist,m12_heavy_flood_dup60_s20260611,nonbonded,277684,PRIVPROBE:1,duplicate_filter,0,False,0,duplicate_filter
m12_heavy_flood_dup60_s20260611_nonbonded,P3-Persist,m12_heavy_flood_dup60_s20260611,nonbonded,278861,PRIVPROBE:1,duplicate_filter,0,False,0,duplicate_filter
m12_heavy_flood_dup60_s20260611_nonbonded,P3-Persist,m12_heavy_flood_dup60_s20260611,nonbonded,279912,PRIVPROBE:1,duplicate_filter,0,False,0,duplicate_filter
m12_heavy_flood_dup60_s20260611_nonbonded,P3-Persist,m12_heavy_flood_dup60_s20260611,nonbonded,281073,PRIVPROBE:1,host_scan,504,False,0,reserve
m12_heavy_flood_dup60_s20260611_nonbonded,P3-Persist,m12_heavy_flood_dup60_s20260611,nonbonded,282118,PRIVPROBE:1,duplicate_filter,0,False,0,duplicate_filter
m12_heavy_flood_dup60_s20260611_nonbonded,P3-Persist,m12_heavy_flood_dup60_s20260611,nonbonded,283196,PRIVPROBE:1,duplicate_filter,0,False,0,duplicate_filter
m12_heavy_flood_dup60_s20260611_nonbonded,P3-Persist,m12_heavy_flood_dup60_s20260611,nonbonded,284335,PRIVPROBE:1,duplicate_filter,0,False,0,duplicate_filter
m12_heavy_flood_dup60_s20260611_nonbonded,P3-Persist,m12_heavy_flood_dup60_s20260611,nonbonded,285463,PRIVPROBE:1,duplicate_filter,0,False,0,duplicate_filter
m12_heavy_flood_dup60_s20260611_nonbonded,P3-Persist,m12_heavy_flood_dup60_s20260611,nonbonded,286570,PRIVPROBE:1,duplicate_filter,0,False,0,duplicate_filter
m12_heavy_flood_dup60_s20260611_nonbonded,P3-Persist,m12_heavy_flood_dup60_s20260611,nonbonded,287708,PRIVPROBE:1,duplicate_filter,0,False,0,duplicate_filter
m12_heavy_flood_dup60_s20260611_nonbonded,P3-Persist,m12_heavy_flood_dup60_s20260611,nonbonded,288848,PRIVPROBE:1,duplicate_filter,0,False,0,duplicate_filter
m12_heavy_flood_dup60_s20260611_nonbonded,P3-Persist,m12_heavy_flood_dup60_s20260611,nonbonded,289922,PRIVPROBE:1,duplicate_filter,0,False,0,duplicate_filter
m12_heavy_flood_dup60_s20260611_nonbonded,P3-Persist,m12_heavy_flood_dup60_s20260611,nonbonded,291034,PRIVPROBE:1,duplicate_filter,0,False,0,duplicate_filter
m12_heavy_flood_dup60_s20260611_nonbonded,P3-Persist,m12_heavy_flood_dup60_s20260611,nonbonded,292161,PRIVPROBE:1,duplicate_filter,0,False,0,duplicate_filter
m12_heavy_flood_dup60_s20260611_nonbonded,P3-Persist,m12_heavy_flood_dup60_s20260611,nonbonded,293355,PRIVPROBE:1,duplicate_filter,0,False,0,duplicate_filter
m12_heavy_flood_dup60_s20260611_nonbonded,P3-Persist,m12_heavy_flood_dup60_s20260611,nonbonded,294506,PRIVPROBE:1,host_scan,504,False,0,reserve
m12_heavy_flood_dup60_s20260611_nonbonded,P3-Persist,m12_heavy_flood_dup60_s20260611,nonbonded,295565,PRIVPROBE:1,duplicate_filter,0,False,0,duplicate_filter
m12_heavy_flood_dup60_s20260611_nonbonded,P3-Persist,m12_heavy_flood_dup60_s20260611,nonbonded,296699,PRIVPROBE:1,duplicate_filter,0,False,0,duplicate_filter
m12_heavy_flood_dup60_s20260611_nonbonded,P3-Persist,m12_heavy_flood_dup60_s20260611,nonbonded,297894,PRIVPROBE:1,duplicate_filter,0,False,0,duplicate_filter
m12_heavy_flood_dup60_s20260611_nonbonded,P3-Persist,m12_heavy_flood_dup60_s20260611,nonbonded,299042,PRIVPROBE:1,duplicate_filter,0,False,0,duplicate_filter
m12_heavy_flood_dup60_s20260611_nonbonded,P3-Persist,m12_heavy_flood_dup60_s20260611,nonbonded,300134,PRIVPROBE:1,duplicate_filter,0,False,0,duplicate_filter
m12_heavy_flood_dup60_s20260611_nonbonded,P3-Persist,m12_heavy_flood_dup60_s20260611,nonbonded,301248,PRIVPROBE:1,duplicate_filter,0,False,0,duplicate_filter
m12_heavy_flood_dup60_s20260611_nonbonded,P3-Persist,m12_heavy_flood_dup60_s20260611,nonbonded,302405,PRIVPROBE:1,duplicate_filter,0,False,0,duplicate_filter
m12_heavy_flood_dup60_s20260611_nonbonded,P3-Persist,m12_heavy_flood_dup60_s20260611,nonbonded,303511,PRIVPROBE:1,duplicate_filter,0,False,0,duplicate_filter
m12_heavy_flood_dup60_s20260611_nonbonded,P3-Persist,m12_heavy_flood_dup60_s20260611,nonbonded,304598,PRIVPROBE:1,duplicate_filter,0,False,0,duplicate_filter
m12_heavy_flood_dup60_s20260611_nonbonded,P3-Persist,m12_heavy_flood_dup60_s20260611,nonbonded,305760,PRIVPROBE:1,duplicate_filter,0,False,0,duplicate_filter
m12_heavy_flood_dup60_s20260611_nonbonded,P3-Persist,m12_heavy_flood_dup60_s20260611,nonbonded,306838,PRIVPROBE:1,duplicate_filter,0,False,0,duplicate_filter
m12_heavy_flood_dup60_s20260611_nonbonded,P3-Persist,m12_heavy_flood_dup60_s20260611,nonbonded,307934,PRIVPROBE:1,host_scan,504,False,0,reserve
m12_heavy_flood_dup60_s20260611_nonbonded,P3-Persist,m12_heavy_flood_dup60_s20260611,nonbonded,309038,PRIVPROBE:1,duplicate_filter,0,False,0,duplicate_filter
m12_heavy_flood_dup60_s20260611_nonbonded,P3-Persist,m12_heavy_flood_dup60_s20260611,nonbonded,310135,PRIVPROBE:1,duplicate_filter,0,False,0,duplicate_filter
m12_heavy_flood_dup60_s20260611_nonbonded,P3-Persist,m12_heavy_flood_dup60_s20260611,nonbonded,311342,PRIVPROBE:1,duplicate_filter,0,False,0,duplicate_filter
m12_heavy_flood_dup60_s20260611_nonbonded,P3-Persist,m12_heavy_flood_dup60_s20260611,nonbonded,312461,PRIVPROBE:1,duplicate_filter,0,False,0,duplicate_filter
m12_heavy_flood_dup60_s20260611_nonbonded,P3-Persist,m12_heavy_flood_dup60_s20260611,nonbonded,313642,PRIVPROBE:1,duplicate_filter,0,False,0,duplicate_filter
m12_heavy_flood_dup60_s20260611_nonbonded,P3-Persist,m12_heavy_flood_dup60_s20260611,nonbonded,314781,PRIVPROBE:1,duplicate_filter,0,False,0,duplicate_filter
m12_heavy_flood_dup60_s20260611_nonbonded,P3-Persist,m12_heavy_flood_dup60_s20260611,nonbonded,315876,PRIVPROBE:1,duplicate_filter,0,False,0,duplicate_filter
m12_heavy_flood_dup60_s20260611_nonbonded,P3-Persist,m12_heavy_flood_dup60_s20260611,nonbonded,316942,PRIVPROBE:1,duplicate_filter,0,False,0,duplicate_filter
m12_heavy_flood_dup60_s20260611_nonbonded,P3-Persist,m12_heavy_flood_dup60_s20260611,nonbonded,318077,PRIVPROBE:1,duplicate_filter,0,False,0,duplicate_filter
m12_heavy_flood_dup60_s20260611_nonbonded,P3-Persist,m12_heavy_flood_dup60_s20260611,nonbonded,319213,PRIVPROBE:1,duplicate_filter,0,False,0,duplicate_filter
m12_heavy_flood_dup60_s20260611_nonbonded,P3-Persist,m12_heavy_flood_dup60_s20260611,nonbonded,320323,PRIVPROBE:1,duplicate_filter,0,False,0,duplicate_filter
m12_heavy_flood_dup60_s20260611_nonbonded,P3-Persist,m12_heavy_flood_dup60_s20260611,nonbonded,321472,PRIVPROBE:1,host_scan,504,False,0,reserve
m12_heavy_flood_dup60_s20260611_nonbonded,P3-Persist,m12_heavy_flood_dup60_s20260611,nonbonded,322617,PRIVPROBE:1,duplicate_filter,0,False,0,duplicate_filter
m12_heavy_flood_dup60_s20260611_nonbonded,P3-Persist,m12_heavy_flood_dup60_s20260611,nonbonded,323759,PRIVPROBE:1,duplicate_filter,0,False,0,duplicate_filter
m12_heavy_flood_dup60_s20260611_nonbonded,P3-Persist,m12_heavy_flood_dup60_s20260611,nonbonded,324838,PRIVPROBE:1,duplicate_filter,0,False,0,duplicate_filter
m12_heavy_flood_dup60_s20260611_nonbonded,P3-Persist,m12_heavy_flood_dup60_s20260611,nonbonded,325855,PRIVPROBE:1,duplicate_filter,0,False,0,duplicate_filter
m12_heavy_flood_dup60_s20260611_nonbonded,P3-Persist,m12_heavy_flood_dup60_s20260611,nonbonded,326966,PRIVPROBE:1,duplicate_filter,0,False,0,duplicate_filter
m12_heavy_flood_dup60_s20260611_nonbonded,P3-Persist,m12_heavy_flood_dup60_s20260611,nonbonded,327976,PRIVPROBE:1,duplicate_filter,0,False,0,duplicate_filter
m12_heavy_flood_dup60_s20260611_nonbonded,P3-Persist,m12_heavy_flood_dup60_s20260611,nonbonded,329053,PRIVPROBE:1,duplicate_filter,0,False,0,duplicate_filter
m12_heavy_flood_dup60_s20260611_nonbonded,P3-Persist,m12_heavy_flood_dup60_s20260611,nonbonded,330160,PRIVPROBE:1,duplicate_filter,0,False,0,duplicate_filter
m12_heavy_flood_dup60_s20260611_nonbonded,P3-Persist,m12_heavy_flood_dup60_s20260611,nonbonded,331276,PRIVPROBE:1,duplicate_filter,0,False,0,duplicate_filter
m12_heavy_flood_dup60_s20260611_nonbonded,P3-Persist,m12_heavy_flood_dup60_s20260611,nonbonded,332387,PRIVPROBE:1,duplicate_filter,0,False,0,duplicate_filter
m12_heavy_flood_dup60_s20260611_nonbonded,P3-Persist,m12_heavy_flood_dup60_s20260611,nonbonded,333488,PRIVPROBE:1,duplicate_filter,0,False,0,duplicate_filter
m12_heavy_flood_dup60_s20260611_nonbonded,P3-Persist,m12_heavy_flood_dup60_s20260611,nonbonded,334596,PRIVPROBE:1,host_scan,504,False,0,reserve
m12_heavy_flood_dup60_s20260611_nonbonded,P3-Persist,m12_heavy_flood_dup60_s20260611,nonbonded,335668,PRIVPROBE:1,duplicate_filter,0,False,0,duplicate_filter
m12_heavy_flood_dup60_s20260611_nonbonded,P3-Persist,m12_heavy_flood_dup60_s20260611,nonbonded,336697,PRIVPROBE:1,duplicate_filter,0,False,0,duplicate_filter
m12_heavy_flood_dup60_s20260611_nonbonded,P3-Persist,m12_heavy_flood_dup60_s20260611,nonbonded,337838,PRIVPROBE:1,duplicate_filter,0,False,0,duplicate_filter
m12_heavy_flood_dup60_s20260611_nonbonded,P3-Persist,m12_heavy_flood_dup60_s20260611,nonbonded,338892,PRIVPROBE:1,duplicate_filter,0,False,0,duplicate_filter
m12_heavy_flood_dup60_s20260611_nonbonded,P3-Persist,m12_heavy_flood_dup60_s20260611,nonbonded,340001,PRIVPROBE:1,duplicate_filter,0,False,0,duplicate_filter
m12_heavy_flood_dup60_s20260611_nonbonded,P3-Persist,m12_heavy_flood_dup60_s20260611,nonbonded,341134,PRIVPROBE:1,duplicate_filter,0,False,0,duplicate_filter
m12_heavy_flood_dup60_s20260611_nonbonded,P3-Persist,m12_heavy_flood_dup60_s20260611,nonbonded,342258,PRIVPROBE:1,duplicate_filter,0,False,0,duplicate_filter
m12_heavy_flood_dup60_s20260611_nonbonded,P3-Persist,m12_heavy_flood_dup60_s20260611,nonbonded,343356,PRIVPROBE:1,duplicate_filter,0,False,0,duplicate_filter
m12_heavy_flood_dup60_s20260611_nonbonded,P3-Persist,m12_heavy_flood_dup60_s20260611,nonbonded,344443,PRIVPROBE:1,duplicate_filter,0,False,0,duplicate_filter
m12_heavy_flood_dup60_s20260611_nonbonded,P3-Persist,m12_heavy_flood_dup60_s20260611,nonbonded,345488,PRIVPROBE:1,duplicate_filter,0,False,0,duplicate_filter
m12_heavy_flood_dup60_s20260611_nonbonded,P3-Persist,m12_heavy_flood_dup60_s20260611,nonbonded,346635,PRIVPROBE:1,duplicate_filter,0,False,0,duplicate_filter
m12_heavy_flood_dup60_s20260611_nonbonded,P3-Persist,m12_heavy_flood_dup60_s20260611,nonbonded,347741,PRIVPROBE:1,host_scan,504,False,0,reserve
m12_heavy_flood_dup60_s20260611_nonbonded,P3-Persist,m12_heavy_flood_dup60_s20260611,nonbonded,348832,PRIVPROBE:1,duplicate_filter,0,False,0,duplicate_filter
m12_heavy_flood_dup60_s20260611_nonbonded,P3-Persist,m12_heavy_flood_dup60_s20260611,nonbonded,349959,PRIVPROBE:1,duplicate_filter,0,False,0,duplicate_filter
m12_heavy_flood_dup60_s20260611_nonbonded,P3-Persist,m12_heavy_flood_dup60_s20260611,nonbonded,351057,PRIVPROBE:1,duplicate_filter,0,False,0,duplicate_filter
m12_heavy_flood_dup60_s20260611_nonbonded,P3-Persist,m12_heavy_flood_dup60_s20260611,nonbonded,352127,PRIVPROBE:1,duplicate_filter,0,False,0,duplicate_filter
m12_heavy_flood_dup60_s20260611_nonbonded,P3-Persist,m12_heavy_flood_dup60_s20260611,nonbonded,353234,PRIVPROBE:1,duplicate_filter,0,False,0,duplicate_filter
m12_heavy_flood_dup60_s20260611_nonbonded,P3-Persist,m12_heavy_flood_dup60_s20260611,nonbonded,354319,PRIVPROBE:1,duplicate_filter,0,False,0,duplicate_filter
m12_heavy_flood_dup60_s20260611_nonbonded,P3-Persist,m12_heavy_flood_dup60_s20260611,nonbonded,355436,PRIVPROBE:1,duplicate_filter,0,False,0,duplicate_filter
m12_heavy_flood_dup60_s20260611_nonbonded,P3-Persist,m12_heavy_flood_dup60_s20260611,nonbonded,356549,PRIVPROBE:1,duplicate_filter,0,False,0,duplicate_filter
m12_heavy_flood_dup60_s20260611_nonbonded,P3-Persist,m12_heavy_flood_dup60_s20260611,nonbonded,357720,PRIVPROBE:1,duplicate_filter,0,False,0,duplicate_filter
m12_heavy_flood_dup60_s20260611_nonbonded,P3-Persist,m12_heavy_flood_dup60_s20260611,nonbonded,358807,PRIVPROBE:1,duplicate_filter,0,False,0,duplicate_filter
m12_heavy_flood_dup60_s20260611_nonbonded,P3-Persist,m12_heavy_flood_dup60_s20260611,nonbonded,359835,PRIVPROBE:1,duplicate_filter,0,False,0,duplicate_filter
m12_heavy_flood_dup60_s20260611_nonbonded,P3-Persist,m12_heavy_flood_dup60_s20260611,nonbonded,360884,PRIVPROBE:1,host_scan,504,False,0,reserve
m12_heavy_flood_dup60_s20260611_nonbonded,P3-Persist,m12_heavy_flood_dup60_s20260611,nonbonded,362009,PRIVPROBE:1,duplicate_filter,0,False,0,duplicate_filter
m12_heavy_flood_dup60_s20260611_nonbonded,P3-Persist,m12_heavy_flood_dup60_s20260611,nonbonded,363058,PRIVPROBE:1,duplicate_filter,0,False,0,duplicate_filter
m12_heavy_flood_dup60_s20260611_nonbonded,P3-Persist,m12_heavy_flood_dup60_s20260611,nonbonded,364190,PRIVPROBE:1,duplicate_filter,0,False,0,duplicate_filter
m12_heavy_flood_dup60_s20260611_nonbonded,P3-Persist,m12_heavy_flood_dup60_s20260611,nonbonded,365325,PRIVPROBE:1,duplicate_filter,0,False,0,duplicate_filter
m12_heavy_flood_dup60_s20260611_nonbonded,P3-Persist,m12_heavy_flood_dup60_s20260611,nonbonded,366486,PRIVPROBE:1,duplicate_filter,0,False,0,duplicate_filter
m12_heavy_flood_dup60_s20260611_nonbonded,P3-Persist,m12_heavy_flood_dup60_s20260611,nonbonded,367589,PRIVPROBE:1,duplicate_filter,0,False,0,duplicate_filter
m12_heavy_flood_dup60_s20260611_nonbonded,P3-Persist,m12_heavy_flood_dup60_s20260611,nonbonded,368724,PRIVPROBE:1,duplicate_filter,0,False,0,duplicate_filter
m12_heavy_flood_dup60_s20260611_nonbonded,P3-Persist,m12_heavy_flood_dup60_s20260611,nonbonded,369881,PRIVPROBE:1,duplicate_filter,0,False,0,duplicate_filter
m12_heavy_flood_dup60_s20260611_nonbonded,P3-Persist,m12_heavy_flood_dup60_s20260611,nonbonded,370991,PRIVPROBE:1,duplicate_filter,0,False,0,duplicate_filter
m12_heavy_flood_dup60_s20260611_nonbonded,P3-Persist,m12_heavy_flood_dup60_s20260611,nonbonded,372104,PRIVPROBE:1,duplicate_filter,0,False,0,duplicate_filter
m12_heavy_flood_dup60_s20260611_nonbonded,P3-Persist,m12_heavy_flood_dup60_s20260611,nonbonded,373153,PRIVPROBE:1,duplicate_filter,0,False,0,duplicate_filter
m12_heavy_flood_dup60_s20260611_nonbonded,P3-Persist,m12_heavy_flood_dup60_s20260611,nonbonded,374276,PRIVPROBE:1,host_scan,504,False,0,reserve
m12_heavy_flood_dup60_s20260611_nonbonded,P3-Persist,m12_heavy_flood_dup60_s20260611,nonbonded,375400,PRIVPROBE:1,duplicate_filter,0,False,0,duplicate_filter
m12_heavy_flood_dup60_s20260611_nonbonded,P3-Persist,m12_heavy_flood_dup60_s20260611,nonbonded,376443,PRIVPROBE:1,duplicate_filter,0,False,0,duplicate_filter
m12_heavy_flood_dup60_s20260611_nonbonded,P3-Persist,m12_heavy_flood_dup60_s20260611,nonbonded,377514,PRIVPROBE:1,duplicate_filter,0,False,0,duplicate_filter
m12_heavy_flood_dup60_s20260611_nonbonded,P3-Persist,m12_heavy_flood_dup60_s20260611,nonbonded,378667,PRIVPROBE:1,duplicate_filter,0,False,0,duplicate_filter
m12_heavy_flood_dup60_s20260611_nonbonded,P3-Persist,m12_heavy_flood_dup60_s20260611,nonbonded,379775,PRIVPROBE:1,duplicate_filter,0,False,0,duplicate_filter
m12_heavy_flood_dup60_s20260611_nonbonded,P3-Persist,m12_heavy_flood_dup60_s20260611,nonbonded,380952,PRIVPROBE:1,duplicate_filter,0,False,0,duplicate_filter
m12_heavy_flood_dup60_s20260611_nonbonded,P3-Persist,m12_heavy_flood_dup60_s20260611,nonbonded,382012,PRIVPROBE:1,duplicate_filter,0,False,0,duplicate_filter
m12_heavy_flood_dup60_s20260611_nonbonded,P3-Persist,m12_heavy_flood_dup60_s20260611,nonbonded,383060,PRIVPROBE:1,duplicate_filter,0,False,0,duplicate_filter
m12_heavy_flood_dup60_s20260611_nonbonded,P3-Persist,m12_heavy_flood_dup60_s20260611,nonbonded,384178,PRIVPROBE:1,duplicate_filter,0,False,0,duplicate_filter
m12_heavy_flood_dup60_s20260611_nonbonded,P3-Persist,m12_heavy_flood_dup60_s20260611,nonbonded,385289,PRIVPROBE:1,duplicate_filter,0,False,0,duplicate_filter
m12_heavy_flood_dup60_s20260611_nonbonded,P3-Persist,m12_heavy_flood_dup60_s20260611,nonbonded,386437,PRIVPROBE:1,duplicate_filter,0,False,0,duplicate_filter
m12_heavy_flood_dup60_s20260611_nonbonded,P3-Persist,m12_heavy_flood_dup60_s20260611,nonbonded,387576,PRIVPROBE:1,host_scan,504,False,0,reserve
m12_heavy_flood_dup60_s20260611_nonbonded,P3-Persist,m12_heavy_flood_dup60_s20260611,nonbonded,388653,PRIVPROBE:1,duplicate_filter,0,False,0,duplicate_filter
m12_heavy_flood_dup60_s20260611_nonbonded,P3-Persist,m12_heavy_flood_dup60_s20260611,nonbonded,389769,PRIVPROBE:1,duplicate_filter,0,False,0,duplicate_filter
m12_heavy_flood_dup60_s20260611_nonbonded,P3-Persist,m12_heavy_flood_dup60_s20260611,nonbonded,390826,PRIVPROBE:1,duplicate_filter,0,False,0,duplicate_filter
m12_heavy_flood_dup60_s20260611_nonbonded,P3-Persist,m12_heavy_flood_dup60_s20260611,nonbonded,391878,PRIVPROBE:1,duplicate_filter,0,False,0,duplicate_filter
m12_heavy_flood_dup60_s20260611_nonbonded,P3-Persist,m12_heavy_flood_dup60_s20260611,nonbonded,392947,PRIVPROBE:1,duplicate_filter,0,False,0,duplicate_filter
m12_heavy_flood_dup60_s20260611_nonbonded,P3-Persist,m12_heavy_flood_dup60_s20260611,nonbonded,394023,PRIVPROBE:1,duplicate_filter,0,False,0,duplicate_filter
m12_heavy_flood_dup60_s20260611_nonbonded,P3-Persist,m12_heavy_flood_dup60_s20260611,nonbonded,395107,PRIVPROBE:1,duplicate_filter,0,False,0,duplicate_filter
m12_heavy_flood_dup60_s20260611_nonbonded,P3-Persist,m12_heavy_flood_dup60_s20260611,nonbonded,396235,PRIVPROBE:1,duplicate_filter,0,False,0,duplicate_filter
m12_heavy_flood_dup60_s20260611_nonbonded,P3-Persist,m12_heavy_flood_dup60_s20260611,nonbonded,397356,PRIVPROBE:1,duplicate_filter,0,False,0,duplicate_filter
m12_heavy_flood_dup60_s20260611_nonbonded,P3-Persist,m12_heavy_flood_dup60_s20260611,nonbonded,398478,PRIVPROBE:1,duplicate_filter,0,False,0,duplicate_filter
m12_heavy_flood_dup60_s20260611_nonbonded,P3-Persist,m12_heavy_flood_dup60_s20260611,nonbonded,399658,PRIVPROBE:1,duplicate_filter,0,False,0,duplicate_filter
m12_heavy_flood_dup60_s20260611_nonbonded,P3-NoPersist,m12_heavy_flood_dup60_s20260611,nonbonded,67232,PRIVPROBE:0,defer,0,True,1000,defer
m12_heavy_flood_dup60_s20260611_nonbonded,P3-NoPersist,m12_heavy_flood_dup60_s20260611,nonbonded,68304,PRIVPROBE:0,duplicate_filter,0,False,0,duplicate_filter
m12_heavy_flood_dup60_s20260611_nonbonded,P3-NoPersist,m12_heavy_flood_dup60_s20260611,nonbonded,69421,PRIVPROBE:0,duplicate_filter,0,False,0,duplicate_filter
m12_heavy_flood_dup60_s20260611_nonbonded,P3-NoPersist,m12_heavy_flood_dup60_s20260611,nonbonded,70530,PRIVPROBE:0,duplicate_filter,0,False,0,duplicate_filter
m12_heavy_flood_dup60_s20260611_nonbonded,P3-NoPersist,m12_heavy_flood_dup60_s20260611,nonbonded,71731,PRIVPROBE:0,duplicate_filter,0,False,0,duplicate_filter
m12_heavy_flood_dup60_s20260611_nonbonded,P3-NoPersist,m12_heavy_flood_dup60_s20260611,nonbonded,72833,PRIVPROBE:0,duplicate_filter,0,False,0,duplicate_filter
m12_heavy_flood_dup60_s20260611_nonbonded,P3-NoPersist,m12_heavy_flood_dup60_s20260611,nonbonded,74058,PRIVPROBE:0,duplicate_filter,0,False,0,duplicate_filter
m12_heavy_flood_dup60_s20260611_nonbonded,P3-NoPersist,m12_heavy_flood_dup60_s20260611,nonbonded,75245,PRIVPROBE:0,duplicate_filter,0,False,0,duplicate_filter
m12_heavy_flood_dup60_s20260611_nonbonded,P3-NoPersist,m12_heavy_flood_dup60_s20260611,nonbonded,76307,PRIVPROBE:0,duplicate_filter,0,False,0,duplicate_filter
m12_heavy_flood_dup60_s20260611_nonbonded,P3-NoPersist,m12_heavy_flood_dup60_s20260611,nonbonded,77388,PRIVPROBE:0,duplicate_filter,0,False,0,duplicate_filter
m12_heavy_flood_dup60_s20260611_nonbonded,P3-NoPersist,m12_heavy_flood_dup60_s20260611,nonbonded,78466,PRIVPROBE:0,duplicate_filter,0,False,0,duplicate_filter
m12_heavy_flood_dup60_s20260611_nonbonded,P3-NoPersist,m12_heavy_flood_dup60_s20260611,nonbonded,79551,PRIVPROBE:0,duplicate_filter,0,False,0,duplicate_filter
m12_heavy_flood_dup60_s20260611_nonbonded,P3-NoPersist,m12_heavy_flood_dup60_s20260611,nonbonded,80625,PRIVPROBE:0,defer,0,True,1000,defer
m12_heavy_flood_dup60_s20260611_nonbonded,P3-NoPersist,m12_heavy_flood_dup60_s20260611,nonbonded,81763,PRIVPROBE:0,duplicate_filter,0,False,0,duplicate_filter
m12_heavy_flood_dup60_s20260611_nonbonded,P3-NoPersist,m12_heavy_flood_dup60_s20260611,nonbonded,82876,PRIVPROBE:0,duplicate_filter,0,False,0,duplicate_filter
m12_heavy_flood_dup60_s20260611_nonbonded,P3-NoPersist,m12_heavy_flood_dup60_s20260611,nonbonded,83956,PRIVPROBE:0,duplicate_filter,0,False,0,duplicate_filter
m12_heavy_flood_dup60_s20260611_nonbonded,P3-NoPersist,m12_heavy_flood_dup60_s20260611,nonbonded,85053,PRIVPROBE:0,duplicate_filter,0,False,0,duplicate_filter
m12_heavy_flood_dup60_s20260611_nonbonded,P3-NoPersist,m12_heavy_flood_dup60_s20260611,nonbonded,86184,PRIVPROBE:0,duplicate_filter,0,False,0,duplicate_filter
m12_heavy_flood_dup60_s20260611_nonbonded,P3-NoPersist,m12_heavy_flood_dup60_s20260611,nonbonded,87311,PRIVPROBE:0,duplicate_filter,0,False,0,duplicate_filter
m12_heavy_flood_dup60_s20260611_nonbonded,P3-NoPersist,m12_heavy_flood_dup60_s20260611,nonbonded,88404,PRIVPROBE:0,duplicate_filter,0,False,0,duplicate_filter
m12_heavy_flood_dup60_s20260611_nonbonded,P3-NoPersist,m12_heavy_flood_dup60_s20260611,nonbonded,89551,PRIVPROBE:0,duplicate_filter,0,False,0,duplicate_filter
m12_heavy_flood_dup60_s20260611_nonbonded,P3-NoPersist,m12_heavy_flood_dup60_s20260611,nonbonded,90744,PRIVPROBE:0,duplicate_filter,0,False,0,duplicate_filter
m12_heavy_flood_dup60_s20260611_nonbonded,P3-NoPersist,m12_heavy_flood_dup60_s20260611,nonbonded,91833,PRIVPROBE:0,duplicate_filter,0,False,0,duplicate_filter
m12_heavy_flood_dup60_s20260611_nonbonded,P3-NoPersist,m12_heavy_flood_dup60_s20260611,nonbonded,92946,PRIVPROBE:0,duplicate_filter,0,False,0,duplicate_filter
m12_heavy_flood_dup60_s20260611_nonbonded,P3-NoPersist,m12_heavy_flood_dup60_s20260611,nonbonded,94066,PRIVPROBE:0,defer,0,True,1000,defer
m12_heavy_flood_dup60_s20260611_nonbonded,P3-NoPersist,m12_heavy_flood_dup60_s20260611,nonbonded,95169,PRIVPROBE:0,duplicate_filter,0,False,0,duplicate_filter
m12_heavy_flood_dup60_s20260611_nonbonded,P3-NoPersist,m12_heavy_flood_dup60_s20260611,nonbonded,96264,PRIVPROBE:0,duplicate_filter,0,False,0,duplicate_filter
m12_heavy_flood_dup60_s20260611_nonbonded,P3-NoPersist,m12_heavy_flood_dup60_s20260611,nonbonded,97390,PRIVPROBE:0,duplicate_filter,0,False,0,duplicate_filter
m12_heavy_flood_dup60_s20260611_nonbonded,P3-NoPersist,m12_heavy_flood_dup60_s20260611,nonbonded,98514,PRIVPROBE:0,duplicate_filter,0,False,0,duplicate_filter
m12_heavy_flood_dup60_s20260611_nonbonded,P3-NoPersist,m12_heavy_flood_dup60_s20260611,nonbonded,99581,PRIVPROBE:0,duplicate_filter,0,False,0,duplicate_filter
m12_heavy_flood_dup60_s20260611_nonbonded,P3-NoPersist,m12_heavy_flood_dup60_s20260611,nonbonded,100763,PRIVPROBE:0,duplicate_filter,0,False,0,duplicate_filter
m12_heavy_flood_dup60_s20260611_nonbonded,P3-NoPersist,m12_heavy_flood_dup60_s20260611,nonbonded,101850,PRIVPROBE:0,duplicate_filter,0,False,0,duplicate_filter
m12_heavy_flood_dup60_s20260611_nonbonded,P3-NoPersist,m12_heavy_flood_dup60_s20260611,nonbonded,102967,PRIVPROBE:0,duplicate_filter,0,False,0,duplicate_filter
m12_heavy_flood_dup60_s20260611_nonbonded,P3-NoPersist,m12_heavy_flood_dup60_s20260611,nonbonded,104124,PRIVPROBE:0,duplicate_filter,0,False,0,duplicate_filter
m12_heavy_flood_dup60_s20260611_nonbonded,P3-NoPersist,m12_heavy_flood_dup60_s20260611,nonbonded,105197,PRIVPROBE:0,duplicate_filter,0,False,0,duplicate_filter
m12_heavy_flood_dup60_s20260611_nonbonded,P3-NoPersist,m12_heavy_flood_dup60_s20260611,nonbonded,106225,PRIVPROBE:0,duplicate_filter,0,False,0,duplicate_filter
m12_heavy_flood_dup60_s20260611_nonbonded,P3-NoPersist,m12_heavy_flood_dup60_s20260611,nonbonded,107324,PRIVPROBE:0,defer,0,True,1000,defer
m12_heavy_flood_dup60_s20260611_nonbonded,P3-NoPersist,m12_heavy_flood_dup60_s20260611,nonbonded,108460,PRIVPROBE:0,duplicate_filter,0,False,0,duplicate_filter
m12_heavy_flood_dup60_s20260611_nonbonded,P3-NoPersist,m12_heavy_flood_dup60_s20260611,nonbonded,109610,PRIVPROBE:0,duplicate_filter,0,False,0,duplicate_filter
m12_heavy_flood_dup60_s20260611_nonbonded,P3-NoPersist,m12_heavy_flood_dup60_s20260611,nonbonded,110675,PRIVPROBE:0,duplicate_filter,0,False,0,duplicate_filter
m12_heavy_flood_dup60_s20260611_nonbonded,P3-NoPersist,m12_heavy_flood_dup60_s20260611,nonbonded,111806,PRIVPROBE:0,duplicate_filter,0,False,0,duplicate_filter
m12_heavy_flood_dup60_s20260611_nonbonded,P3-NoPersist,m12_heavy_flood_dup60_s20260611,nonbonded,112925,PRIVPROBE:0,duplicate_filter,0,False,0,duplicate_filter
m12_heavy_flood_dup60_s20260611_nonbonded,P3-NoPersist,m12_heavy_flood_dup60_s20260611,nonbonded,114013,PRIVPROBE:0,duplicate_filter,0,False,0,duplicate_filter
m12_heavy_flood_dup60_s20260611_nonbonded,P3-NoPersist,m12_heavy_flood_dup60_s20260611,nonbonded,115155,PRIVPROBE:0,duplicate_filter,0,False,0,duplicate_filter
m12_heavy_flood_dup60_s20260611_nonbonded,P3-NoPersist,m12_heavy_flood_dup60_s20260611,nonbonded,116333,PRIVPROBE:0,duplicate_filter,0,False,0,duplicate_filter
m12_heavy_flood_dup60_s20260611_nonbonded,P3-NoPersist,m12_heavy_flood_dup60_s20260611,nonbonded,117502,PRIVPROBE:0,duplicate_filter,0,False,0,duplicate_filter
m12_heavy_flood_dup60_s20260611_nonbonded,P3-NoPersist,m12_heavy_flood_dup60_s20260611,nonbonded,118610,PRIVPROBE:0,duplicate_filter,0,False,0,duplicate_filter
m12_heavy_flood_dup60_s20260611_nonbonded,P3-NoPersist,m12_heavy_flood_dup60_s20260611,nonbonded,119749,PRIVPROBE:0,duplicate_filter,0,False,0,duplicate_filter
m12_heavy_flood_dup60_s20260611_nonbonded,P3-NoPersist,m12_heavy_flood_dup60_s20260611,nonbonded,120833,PRIVPROBE:0,defer,0,True,1000,defer
m12_heavy_flood_dup60_s20260611_nonbonded,P3-NoPersist,m12_heavy_flood_dup60_s20260611,nonbonded,121995,PRIVPROBE:0,duplicate_filter,0,False,0,duplicate_filter
m12_heavy_flood_dup60_s20260611_nonbonded,P3-NoPersist,m12_heavy_flood_dup60_s20260611,nonbonded,123102,PRIVPROBE:0,duplicate_filter,0,False,0,duplicate_filter
m12_heavy_flood_dup60_s20260611_nonbonded,P3-NoPersist,m12_heavy_flood_dup60_s20260611,nonbonded,124191,PRIVPROBE:0,duplicate_filter,0,False,0,duplicate_filter
m12_heavy_flood_dup60_s20260611_nonbonded,P3-NoPersist,m12_heavy_flood_dup60_s20260611,nonbonded,125340,PRIVPROBE:0,duplicate_filter,0,False,0,duplicate_filter
m12_heavy_flood_dup60_s20260611_nonbonded,P3-NoPersist,m12_heavy_flood_dup60_s20260611,nonbonded,126408,PRIVPROBE:0,duplicate_filter,0,False,0,duplicate_filter
m12_heavy_flood_dup60_s20260611_nonbonded,P3-NoPersist,m12_heavy_flood_dup60_s20260611,nonbonded,127533,PRIVPROBE:0,duplicate_filter,0,False,0,duplicate_filter
m12_heavy_flood_dup60_s20260611_nonbonded,P3-NoPersist,m12_heavy_flood_dup60_s20260611,nonbonded,128641,PRIVPROBE:0,duplicate_filter,0,False,0,duplicate_filter
m12_heavy_flood_dup60_s20260611_nonbonded,P3-NoPersist,m12_heavy_flood_dup60_s20260611,nonbonded,129743,PRIVPROBE:0,duplicate_filter,0,False,0,duplicate_filter
m12_heavy_flood_dup60_s20260611_nonbonded,P3-NoPersist,m12_heavy_flood_dup60_s20260611,nonbonded,130898,PRIVPROBE:0,duplicate_filter,0,False,0,duplicate_filter
m12_heavy_flood_dup60_s20260611_nonbonded,P3-NoPersist,m12_heavy_flood_dup60_s20260611,nonbonded,132029,PRIVPROBE:0,duplicate_filter,0,False,0,duplicate_filter
m12_heavy_flood_dup60_s20260611_nonbonded,P3-NoPersist,m12_heavy_flood_dup60_s20260611,nonbonded,133141,PRIVPROBE:0,duplicate_filter,0,False,0,duplicate_filter
m12_heavy_flood_dup60_s20260611_nonbonded,P3-NoPersist,m12_heavy_flood_dup60_s20260611,nonbonded,134249,PRIVPROBE:0,defer,0,True,1000,defer
m12_heavy_flood_dup60_s20260611_nonbonded,P3-NoPersist,m12_heavy_flood_dup60_s20260611,nonbonded,135395,PRIVPROBE:0,duplicate_filter,0,False,0,duplicate_filter
m12_heavy_flood_dup60_s20260611_nonbonded,P3-NoPersist,m12_heavy_flood_dup60_s20260611,nonbonded,136498,PRIVPROBE:0,duplicate_filter,0,False,0,duplicate_filter
m12_heavy_flood_dup60_s20260611_nonbonded,P3-NoPersist,m12_heavy_flood_dup60_s20260611,nonbonded,137610,PRIVPROBE:0,duplicate_filter,0,False,0,duplicate_filter
m12_heavy_flood_dup60_s20260611_nonbonded,P3-NoPersist,m12_heavy_flood_dup60_s20260611,nonbonded,138746,PRIVPROBE:0,duplicate_filter,0,False,0,duplicate_filter
m12_heavy_flood_dup60_s20260611_nonbonded,P3-NoPersist,m12_heavy_flood_dup60_s20260611,nonbonded,139930,PRIVPROBE:0,duplicate_filter,0,False,0,duplicate_filter
m12_heavy_flood_dup60_s20260611_nonbonded,P3-NoPersist,m12_heavy_flood_dup60_s20260611,nonbonded,141025,PRIVPROBE:0,duplicate_filter,0,False,0,duplicate_filter
m12_heavy_flood_dup60_s20260611_nonbonded,P3-NoPersist,m12_heavy_flood_dup60_s20260611,nonbonded,142180,PRIVPROBE:0,duplicate_filter,0,False,0,duplicate_filter
m12_heavy_flood_dup60_s20260611_nonbonded,P3-NoPersist,m12_heavy_flood_dup60_s20260611,nonbonded,143282,PRIVPROBE:0,duplicate_filter,0,False,0,duplicate_filter
m12_heavy_flood_dup60_s20260611_nonbonded,P3-NoPersist,m12_heavy_flood_dup60_s20260611,nonbonded,144450,PRIVPROBE:0,duplicate_filter,0,False,0,duplicate_filter
m12_heavy_flood_dup60_s20260611_nonbonded,P3-NoPersist,m12_heavy_flood_dup60_s20260611,nonbonded,145534,PRIVPROBE:0,duplicate_filter,0,False,0,duplicate_filter
m12_heavy_flood_dup60_s20260611_nonbonded,P3-NoPersist,m12_heavy_flood_dup60_s20260611,nonbonded,146636,PRIVPROBE:0,duplicate_filter,0,False,0,duplicate_filter
m12_heavy_flood_dup60_s20260611_nonbonded,P3-NoPersist,m12_heavy_flood_dup60_s20260611,nonbonded,147741,PRIVPROBE:0,defer,0,True,1000,defer
m12_heavy_flood_dup60_s20260611_nonbonded,P3-NoPersist,m12_heavy_flood_dup60_s20260611,nonbonded,148858,PRIVPROBE:0,duplicate_filter,0,False,0,duplicate_filter
m12_heavy_flood_dup60_s20260611_nonbonded,P3-NoPersist,m12_heavy_flood_dup60_s20260611,nonbonded,149973,PRIVPROBE:0,duplicate_filter,0,False,0,duplicate_filter
m12_heavy_flood_dup60_s20260611_nonbonded,P3-NoPersist,m12_heavy_flood_dup60_s20260611,nonbonded,151046,PRIVPROBE:0,duplicate_filter,0,False,0,duplicate_filter
m12_heavy_flood_dup60_s20260611_nonbonded,P3-NoPersist,m12_heavy_flood_dup60_s20260611,nonbonded,152178,PRIVPROBE:0,duplicate_filter,0,False,0,duplicate_filter
m12_heavy_flood_dup60_s20260611_nonbonded,P3-NoPersist,m12_heavy_flood_dup60_s20260611,nonbonded,153260,PRIVPROBE:0,duplicate_filter,0,False,0,duplicate_filter
m12_heavy_flood_dup60_s20260611_nonbonded,P3-NoPersist,m12_heavy_flood_dup60_s20260611,nonbonded,154369,PRIVPROBE:0,duplicate_filter,0,False,0,duplicate_filter
m12_heavy_flood_dup60_s20260611_nonbonded,P3-NoPersist,m12_heavy_flood_dup60_s20260611,nonbonded,155525,PRIVPROBE:0,duplicate_filter,0,False,0,duplicate_filter
m12_heavy_flood_dup60_s20260611_nonbonded,P3-NoPersist,m12_heavy_flood_dup60_s20260611,nonbonded,156693,PRIVPROBE:0,duplicate_filter,0,False,0,duplicate_filter
m12_heavy_flood_dup60_s20260611_nonbonded,P3-NoPersist,m12_heavy_flood_dup60_s20260611,nonbonded,157830,PRIVPROBE:0,duplicate_filter,0,False,0,duplicate_filter
m12_heavy_flood_dup60_s20260611_nonbonded,P3-NoPersist,m12_heavy_flood_dup60_s20260611,nonbonded,158944,PRIVPROBE:0,duplicate_filter,0,False,0,duplicate_filter
m12_heavy_flood_dup60_s20260611_nonbonded,P3-NoPersist,m12_heavy_flood_dup60_s20260611,nonbonded,160085,PRIVPROBE:0,duplicate_filter,0,False,0,duplicate_filter
m12_heavy_flood_dup60_s20260611_nonbonded,P3-NoPersist,m12_heavy_flood_dup60_s20260611,nonbonded,161201,PRIVPROBE:0,defer,0,True,1000,defer
m12_heavy_flood_dup60_s20260611_nonbonded,P3-NoPersist,m12_heavy_flood_dup60_s20260611,nonbonded,162345,PRIVPROBE:0,duplicate_filter,0,False,0,duplicate_filter
m12_heavy_flood_dup60_s20260611_nonbonded,P3-NoPersist,m12_heavy_flood_dup60_s20260611,nonbonded,163454,PRIVPROBE:0,duplicate_filter,0,False,0,duplicate_filter
m12_heavy_flood_dup60_s20260611_nonbonded,P3-NoPersist,m12_heavy_flood_dup60_s20260611,nonbonded,164593,PRIVPROBE:0,duplicate_filter,0,False,0,duplicate_filter
m12_heavy_flood_dup60_s20260611_nonbonded,P3-NoPersist,m12_heavy_flood_dup60_s20260611,nonbonded,165712,PRIVPROBE:0,duplicate_filter,0,False,0,duplicate_filter
m12_heavy_flood_dup60_s20260611_nonbonded,P3-NoPersist,m12_heavy_flood_dup60_s20260611,nonbonded,166804,PRIVPROBE:0,duplicate_filter,0,False,0,duplicate_filter
m12_heavy_flood_dup60_s20260611_nonbonded,P3-NoPersist,m12_heavy_flood_dup60_s20260611,nonbonded,167944,PRIVPROBE:0,duplicate_filter,0,False,0,duplicate_filter
m12_heavy_flood_dup60_s20260611_nonbonded,P3-NoPersist,m12_heavy_flood_dup60_s20260611,nonbonded,169069,PRIVPROBE:0,duplicate_filter,0,False,0,duplicate_filter
m12_heavy_flood_dup60_s20260611_nonbonded,P3-NoPersist,m12_heavy_flood_dup60_s20260611,nonbonded,170244,PRIVPROBE:0,duplicate_filter,0,False,0,duplicate_filter
m12_heavy_flood_dup60_s20260611_nonbonded,P3-NoPersist,m12_heavy_flood_dup60_s20260611,nonbonded,171410,PRIVPROBE:0,duplicate_filter,0,False,0,duplicate_filter
m12_heavy_flood_dup60_s20260611_nonbonded,P3-NoPersist,m12_heavy_flood_dup60_s20260611,nonbonded,172405,PRIVPROBE:0,duplicate_filter,0,False,0,duplicate_filter
m12_heavy_flood_dup60_s20260611_nonbonded,P3-NoPersist,m12_heavy_flood_dup60_s20260611,nonbonded,173492,PRIVPROBE:0,duplicate_filter,0,False,0,duplicate_filter
m12_heavy_flood_dup60_s20260611_nonbonded,P3-NoPersist,m12_heavy_flood_dup60_s20260611,nonbonded,174560,PRIVPROBE:0,defer,0,True,1000,defer
m12_heavy_flood_dup60_s20260611_nonbonded,P3-NoPersist,m12_heavy_flood_dup60_s20260611,nonbonded,175666,PRIVPROBE:0,duplicate_filter,0,False,0,duplicate_filter
m12_heavy_flood_dup60_s20260611_nonbonded,P3-NoPersist,m12_heavy_flood_dup60_s20260611,nonbonded,176798,PRIVPROBE:0,duplicate_filter,0,False,0,duplicate_filter
m12_heavy_flood_dup60_s20260611_nonbonded,P3-NoPersist,m12_heavy_flood_dup60_s20260611,nonbonded,177903,PRIVPROBE:0,duplicate_filter,0,False,0,duplicate_filter
m12_heavy_flood_dup60_s20260611_nonbonded,P3-NoPersist,m12_heavy_flood_dup60_s20260611,nonbonded,179018,PRIVPROBE:0,duplicate_filter,0,False,0,duplicate_filter
m12_heavy_flood_dup60_s20260611_nonbonded,P3-NoPersist,m12_heavy_flood_dup60_s20260611,nonbonded,180121,PRIVPROBE:0,duplicate_filter,0,False,0,duplicate_filter
m12_heavy_flood_dup60_s20260611_nonbonded,P3-NoPersist,m12_heavy_flood_dup60_s20260611,nonbonded,181182,PRIVPROBE:0,duplicate_filter,0,False,0,duplicate_filter
m12_heavy_flood_dup60_s20260611_nonbonded,P3-NoPersist,m12_heavy_flood_dup60_s20260611,nonbonded,182316,PRIVPROBE:0,duplicate_filter,0,False,0,duplicate_filter
m12_heavy_flood_dup60_s20260611_nonbonded,P3-NoPersist,m12_heavy_flood_dup60_s20260611,nonbonded,183422,PRIVPROBE:0,duplicate_filter,0,False,0,duplicate_filter
m12_heavy_flood_dup60_s20260611_nonbonded,P3-NoPersist,m12_heavy_flood_dup60_s20260611,nonbonded,184463,PRIVPROBE:0,duplicate_filter,0,False,0,duplicate_filter
m12_heavy_flood_dup60_s20260611_nonbonded,P3-NoPersist,m12_heavy_flood_dup60_s20260611,nonbonded,185506,PRIVPROBE:0,duplicate_filter,0,False,0,duplicate_filter
m12_heavy_flood_dup60_s20260611_nonbonded,P3-NoPersist,m12_heavy_flood_dup60_s20260611,nonbonded,186536,PRIVPROBE:0,duplicate_filter,0,False,0,duplicate_filter
m12_heavy_flood_dup60_s20260611_nonbonded,P3-NoPersist,m12_heavy_flood_dup60_s20260611,nonbonded,187631,PRIVPROBE:0,defer,0,True,1000,defer
m12_heavy_flood_dup60_s20260611_nonbonded,P3-NoPersist,m12_heavy_flood_dup60_s20260611,nonbonded,188740,PRIVPROBE:0,duplicate_filter,0,False,0,duplicate_filter
m12_heavy_flood_dup60_s20260611_nonbonded,P3-NoPersist,m12_heavy_flood_dup60_s20260611,nonbonded,189876,PRIVPROBE:0,duplicate_filter,0,False,0,duplicate_filter
m12_heavy_flood_dup60_s20260611_nonbonded,P3-NoPersist,m12_heavy_flood_dup60_s20260611,nonbonded,190991,PRIVPROBE:0,duplicate_filter,0,False,0,duplicate_filter
m12_heavy_flood_dup60_s20260611_nonbonded,P3-NoPersist,m12_heavy_flood_dup60_s20260611,nonbonded,192049,PRIVPROBE:0,duplicate_filter,0,False,0,duplicate_filter
m12_heavy_flood_dup60_s20260611_nonbonded,P3-NoPersist,m12_heavy_flood_dup60_s20260611,nonbonded,193219,PRIVPROBE:0,duplicate_filter,0,False,0,duplicate_filter
m12_heavy_flood_dup60_s20260611_nonbonded,P3-NoPersist,m12_heavy_flood_dup60_s20260611,nonbonded,194268,PRIVPROBE:0,duplicate_filter,0,False,0,duplicate_filter
m12_heavy_flood_dup60_s20260611_nonbonded,P3-NoPersist,m12_heavy_flood_dup60_s20260611,nonbonded,195337,PRIVPROBE:0,duplicate_filter,0,False,0,duplicate_filter
m12_heavy_flood_dup60_s20260611_nonbonded,P3-NoPersist,m12_heavy_flood_dup60_s20260611,nonbonded,196383,PRIVPROBE:0,duplicate_filter,0,False,0,duplicate_filter
m12_heavy_flood_dup60_s20260611_nonbonded,P3-NoPersist,m12_heavy_flood_dup60_s20260611,nonbonded,197555,PRIVPROBE:0,duplicate_filter,0,False,0,duplicate_filter
m12_heavy_flood_dup60_s20260611_nonbonded,P3-NoPersist,m12_heavy_flood_dup60_s20260611,nonbonded,198671,PRIVPROBE:0,duplicate_filter,0,False,0,duplicate_filter
m12_heavy_flood_dup60_s20260611_nonbonded,P3-NoPersist,m12_heavy_flood_dup60_s20260611,nonbonded,199826,PRIVPROBE:0,duplicate_filter,0,False,0,duplicate_filter
m12_heavy_flood_dup60_s20260611_nonbonded,P3-NoPersist,m12_heavy_flood_dup60_s20260611,nonbonded,200898,PRIVPROBE:1,defer,0,True,1000,defer
m12_heavy_flood_dup60_s20260611_nonbonded,P3-NoPersist,m12_heavy_flood_dup60_s20260611,nonbonded,202048,PRIVPROBE:1,duplicate_filter,0,False,0,duplicate_filter
m12_heavy_flood_dup60_s20260611_nonbonded,P3-NoPersist,m12_heavy_flood_dup60_s20260611,nonbonded,203161,PRIVPROBE:1,duplicate_filter,0,False,0,duplicate_filter
m12_heavy_flood_dup60_s20260611_nonbonded,P3-NoPersist,m12_heavy_flood_dup60_s20260611,nonbonded,204371,PRIVPROBE:1,duplicate_filter,0,False,0,duplicate_filter
m12_heavy_flood_dup60_s20260611_nonbonded,P3-NoPersist,m12_heavy_flood_dup60_s20260611,nonbonded,205534,PRIVPROBE:1,duplicate_filter,0,False,0,duplicate_filter
m12_heavy_flood_dup60_s20260611_nonbonded,P3-NoPersist,m12_heavy_flood_dup60_s20260611,nonbonded,206693,PRIVPROBE:1,duplicate_filter,0,False,0,duplicate_filter
m12_heavy_flood_dup60_s20260611_nonbonded,P3-NoPersist,m12_heavy_flood_dup60_s20260611,nonbonded,207844,PRIVPROBE:1,duplicate_filter,0,False,0,duplicate_filter
m12_heavy_flood_dup60_s20260611_nonbonded,P3-NoPersist,m12_heavy_flood_dup60_s20260611,nonbonded,208966,PRIVPROBE:1,duplicate_filter,0,False,0,duplicate_filter
m12_heavy_flood_dup60_s20260611_nonbonded,P3-NoPersist,m12_heavy_flood_dup60_s20260611,nonbonded,210165,PRIVPROBE:1,duplicate_filter,0,False,0,duplicate_filter
m12_heavy_flood_dup60_s20260611_nonbonded,P3-NoPersist,m12_heavy_flood_dup60_s20260611,nonbonded,211268,PRIVPROBE:1,duplicate_filter,0,False,0,duplicate_filter
m12_heavy_flood_dup60_s20260611_nonbonded,P3-NoPersist,m12_heavy_flood_dup60_s20260611,nonbonded,212444,PRIVPROBE:1,duplicate_filter,0,False,0,duplicate_filter
m12_heavy_flood_dup60_s20260611_nonbonded,P3-NoPersist,m12_heavy_flood_dup60_s20260611,nonbonded,213565,PRIVPROBE:1,duplicate_filter,0,False,0,duplicate_filter
m12_heavy_flood_dup60_s20260611_nonbonded,P3-NoPersist,m12_heavy_flood_dup60_s20260611,nonbonded,214732,PRIVPROBE:1,defer,0,True,1000,defer
m12_heavy_flood_dup60_s20260611_nonbonded,P3-NoPersist,m12_heavy_flood_dup60_s20260611,nonbonded,215826,PRIVPROBE:1,duplicate_filter,0,False,0,duplicate_filter
m12_heavy_flood_dup60_s20260611_nonbonded,P3-NoPersist,m12_heavy_flood_dup60_s20260611,nonbonded,216895,PRIVPROBE:1,duplicate_filter,0,False,0,duplicate_filter
m12_heavy_flood_dup60_s20260611_nonbonded,P3-NoPersist,m12_heavy_flood_dup60_s20260611,nonbonded,217980,PRIVPROBE:1,duplicate_filter,0,False,0,duplicate_filter
m12_heavy_flood_dup60_s20260611_nonbonded,P3-NoPersist,m12_heavy_flood_dup60_s20260611,nonbonded,219061,PRIVPROBE:1,duplicate_filter,0,False,0,duplicate_filter
m12_heavy_flood_dup60_s20260611_nonbonded,P3-NoPersist,m12_heavy_flood_dup60_s20260611,nonbonded,220190,PRIVPROBE:1,duplicate_filter,0,False,0,duplicate_filter
m12_heavy_flood_dup60_s20260611_nonbonded,P3-NoPersist,m12_heavy_flood_dup60_s20260611,nonbonded,221276,PRIVPROBE:1,duplicate_filter,0,False,0,duplicate_filter
m12_heavy_flood_dup60_s20260611_nonbonded,P3-NoPersist,m12_heavy_flood_dup60_s20260611,nonbonded,222415,PRIVPROBE:1,duplicate_filter,0,False,0,duplicate_filter
m12_heavy_flood_dup60_s20260611_nonbonded,P3-NoPersist,m12_heavy_flood_dup60_s20260611,nonbonded,223502,PRIVPROBE:1,duplicate_filter,0,False,0,duplicate_filter
m12_heavy_flood_dup60_s20260611_nonbonded,P3-NoPersist,m12_heavy_flood_dup60_s20260611,nonbonded,224615,PRIVPROBE:1,duplicate_filter,0,False,0,duplicate_filter
m12_heavy_flood_dup60_s20260611_nonbonded,P3-NoPersist,m12_heavy_flood_dup60_s20260611,nonbonded,225695,PRIVPROBE:1,duplicate_filter,0,False,0,duplicate_filter
m12_heavy_flood_dup60_s20260611_nonbonded,P3-NoPersist,m12_heavy_flood_dup60_s20260611,nonbonded,226793,PRIVPROBE:1,duplicate_filter,0,False,0,duplicate_filter
m12_heavy_flood_dup60_s20260611_nonbonded,P3-NoPersist,m12_heavy_flood_dup60_s20260611,nonbonded,227897,PRIVPROBE:1,defer,0,True,1000,defer
m12_heavy_flood_dup60_s20260611_nonbonded,P3-NoPersist,m12_heavy_flood_dup60_s20260611,nonbonded,229025,PRIVPROBE:1,duplicate_filter,0,False,0,duplicate_filter
m12_heavy_flood_dup60_s20260611_nonbonded,P3-NoPersist,m12_heavy_flood_dup60_s20260611,nonbonded,230100,PRIVPROBE:1,duplicate_filter,0,False,0,duplicate_filter
m12_heavy_flood_dup60_s20260611_nonbonded,P3-NoPersist,m12_heavy_flood_dup60_s20260611,nonbonded,231241,PRIVPROBE:1,duplicate_filter,0,False,0,duplicate_filter
m12_heavy_flood_dup60_s20260611_nonbonded,P3-NoPersist,m12_heavy_flood_dup60_s20260611,nonbonded,232379,PRIVPROBE:1,duplicate_filter,0,False,0,duplicate_filter
m12_heavy_flood_dup60_s20260611_nonbonded,P3-NoPersist,m12_heavy_flood_dup60_s20260611,nonbonded,233451,PRIVPROBE:1,duplicate_filter,0,False,0,duplicate_filter
m12_heavy_flood_dup60_s20260611_nonbonded,P3-NoPersist,m12_heavy_flood_dup60_s20260611,nonbonded,234492,PRIVPROBE:1,duplicate_filter,0,False,0,duplicate_filter
m12_heavy_flood_dup60_s20260611_nonbonded,P3-NoPersist,m12_heavy_flood_dup60_s20260611,nonbonded,235686,PRIVPROBE:1,duplicate_filter,0,False,0,duplicate_filter
m12_heavy_flood_dup60_s20260611_nonbonded,P3-NoPersist,m12_heavy_flood_dup60_s20260611,nonbonded,236732,PRIVPROBE:1,duplicate_filter,0,False,0,duplicate_filter
m12_heavy_flood_dup60_s20260611_nonbonded,P3-NoPersist,m12_heavy_flood_dup60_s20260611,nonbonded,237831,PRIVPROBE:1,duplicate_filter,0,False,0,duplicate_filter
m12_heavy_flood_dup60_s20260611_nonbonded,P3-NoPersist,m12_heavy_flood_dup60_s20260611,nonbonded,238903,PRIVPROBE:1,duplicate_filter,0,False,0,duplicate_filter
m12_heavy_flood_dup60_s20260611_nonbonded,P3-NoPersist,m12_heavy_flood_dup60_s20260611,nonbonded,239974,PRIVPROBE:1,duplicate_filter,0,False,0,duplicate_filter
m12_heavy_flood_dup60_s20260611_nonbonded,P3-NoPersist,m12_heavy_flood_dup60_s20260611,nonbonded,241112,PRIVPROBE:1,defer,0,True,1000,defer
m12_heavy_flood_dup60_s20260611_nonbonded,P3-NoPersist,m12_heavy_flood_dup60_s20260611,nonbonded,242259,PRIVPROBE:1,duplicate_filter,0,False,0,duplicate_filter
m12_heavy_flood_dup60_s20260611_nonbonded,P3-NoPersist,m12_heavy_flood_dup60_s20260611,nonbonded,243412,PRIVPROBE:1,duplicate_filter,0,False,0,duplicate_filter
m12_heavy_flood_dup60_s20260611_nonbonded,P3-NoPersist,m12_heavy_flood_dup60_s20260611,nonbonded,244536,PRIVPROBE:1,duplicate_filter,0,False,0,duplicate_filter
m12_heavy_flood_dup60_s20260611_nonbonded,P3-NoPersist,m12_heavy_flood_dup60_s20260611,nonbonded,245679,PRIVPROBE:1,duplicate_filter,0,False,0,duplicate_filter
m12_heavy_flood_dup60_s20260611_nonbonded,P3-NoPersist,m12_heavy_flood_dup60_s20260611,nonbonded,246852,PRIVPROBE:1,duplicate_filter,0,False,0,duplicate_filter
m12_heavy_flood_dup60_s20260611_nonbonded,P3-NoPersist,m12_heavy_flood_dup60_s20260611,nonbonded,247872,PRIVPROBE:1,duplicate_filter,0,False,0,duplicate_filter
m12_heavy_flood_dup60_s20260611_nonbonded,P3-NoPersist,m12_heavy_flood_dup60_s20260611,nonbonded,248975,PRIVPROBE:1,duplicate_filter,0,False,0,duplicate_filter
m12_heavy_flood_dup60_s20260611_nonbonded,P3-NoPersist,m12_heavy_flood_dup60_s20260611,nonbonded,250128,PRIVPROBE:1,duplicate_filter,0,False,0,duplicate_filter
m12_heavy_flood_dup60_s20260611_nonbonded,P3-NoPersist,m12_heavy_flood_dup60_s20260611,nonbonded,251228,PRIVPROBE:1,duplicate_filter,0,False,0,duplicate_filter
m12_heavy_flood_dup60_s20260611_nonbonded,P3-NoPersist,m12_heavy_flood_dup60_s20260611,nonbonded,252420,PRIVPROBE:1,duplicate_filter,0,False,0,duplicate_filter
m12_heavy_flood_dup60_s20260611_nonbonded,P3-NoPersist,m12_heavy_flood_dup60_s20260611,nonbonded,253490,PRIVPROBE:1,duplicate_filter,0,False,0,duplicate_filter
m12_heavy_flood_dup60_s20260611_nonbonded,P3-NoPersist,m12_heavy_flood_dup60_s20260611,nonbonded,254595,PRIVPROBE:1,defer,0,True,1000,defer
m12_heavy_flood_dup60_s20260611_nonbonded,P3-NoPersist,m12_heavy_flood_dup60_s20260611,nonbonded,255759,PRIVPROBE:1,duplicate_filter,0,False,0,duplicate_filter
m12_heavy_flood_dup60_s20260611_nonbonded,P3-NoPersist,m12_heavy_flood_dup60_s20260611,nonbonded,256863,PRIVPROBE:1,duplicate_filter,0,False,0,duplicate_filter
m12_heavy_flood_dup60_s20260611_nonbonded,P3-NoPersist,m12_heavy_flood_dup60_s20260611,nonbonded,257980,PRIVPROBE:1,duplicate_filter,0,False,0,duplicate_filter
m12_heavy_flood_dup60_s20260611_nonbonded,P3-NoPersist,m12_heavy_flood_dup60_s20260611,nonbonded,259019,PRIVPROBE:1,duplicate_filter,0,False,0,duplicate_filter
m12_heavy_flood_dup60_s20260611_nonbonded,P3-NoPersist,m12_heavy_flood_dup60_s20260611,nonbonded,260149,PRIVPROBE:1,duplicate_filter,0,False,0,duplicate_filter
m12_heavy_flood_dup60_s20260611_nonbonded,P3-NoPersist,m12_heavy_flood_dup60_s20260611,nonbonded,261299,PRIVPROBE:1,duplicate_filter,0,False,0,duplicate_filter
m12_heavy_flood_dup60_s20260611_nonbonded,P3-NoPersist,m12_heavy_flood_dup60_s20260611,nonbonded,262338,PRIVPROBE:1,duplicate_filter,0,False,0,duplicate_filter
m12_heavy_flood_dup60_s20260611_nonbonded,P3-NoPersist,m12_heavy_flood_dup60_s20260611,nonbonded,263407,PRIVPROBE:1,duplicate_filter,0,False,0,duplicate_filter
m12_heavy_flood_dup60_s20260611_nonbonded,P3-NoPersist,m12_heavy_flood_dup60_s20260611,nonbonded,264546,PRIVPROBE:1,duplicate_filter,0,False,0,duplicate_filter
m12_heavy_flood_dup60_s20260611_nonbonded,P3-NoPersist,m12_heavy_flood_dup60_s20260611,nonbonded,265745,PRIVPROBE:1,duplicate_filter,0,False,0,duplicate_filter
m12_heavy_flood_dup60_s20260611_nonbonded,P3-NoPersist,m12_heavy_flood_dup60_s20260611,nonbonded,266875,PRIVPROBE:1,duplicate_filter,0,False,0,duplicate_filter
m12_heavy_flood_dup60_s20260611_nonbonded,P3-NoPersist,m12_heavy_flood_dup60_s20260611,nonbonded,267978,PRIVPROBE:1,defer,0,True,1000,defer
m12_heavy_flood_dup60_s20260611_nonbonded,P3-NoPersist,m12_heavy_flood_dup60_s20260611,nonbonded,269067,PRIVPROBE:1,duplicate_filter,0,False,0,duplicate_filter
m12_heavy_flood_dup60_s20260611_nonbonded,P3-NoPersist,m12_heavy_flood_dup60_s20260611,nonbonded,270128,PRIVPROBE:1,duplicate_filter,0,False,0,duplicate_filter
m12_heavy_flood_dup60_s20260611_nonbonded,P3-NoPersist,m12_heavy_flood_dup60_s20260611,nonbonded,271220,PRIVPROBE:1,duplicate_filter,0,False,0,duplicate_filter
m12_heavy_flood_dup60_s20260611_nonbonded,P3-NoPersist,m12_heavy_flood_dup60_s20260611,nonbonded,272299,PRIVPROBE:1,duplicate_filter,0,False,0,duplicate_filter
m12_heavy_flood_dup60_s20260611_nonbonded,P3-NoPersist,m12_heavy_flood_dup60_s20260611,nonbonded,273380,PRIVPROBE:1,duplicate_filter,0,False,0,duplicate_filter
m12_heavy_flood_dup60_s20260611_nonbonded,P3-NoPersist,m12_heavy_flood_dup60_s20260611,nonbonded,274458,PRIVPROBE:1,duplicate_filter,0,False,0,duplicate_filter
m12_heavy_flood_dup60_s20260611_nonbonded,P3-NoPersist,m12_heavy_flood_dup60_s20260611,nonbonded,275548,PRIVPROBE:1,duplicate_filter,0,False,0,duplicate_filter
m12_heavy_flood_dup60_s20260611_nonbonded,P3-NoPersist,m12_heavy_flood_dup60_s20260611,nonbonded,276559,PRIVPROBE:1,duplicate_filter,0,False,0,duplicate_filter
m12_heavy_flood_dup60_s20260611_nonbonded,P3-NoPersist,m12_heavy_flood_dup60_s20260611,nonbonded,277684,PRIVPROBE:1,duplicate_filter,0,False,0,duplicate_filter
m12_heavy_flood_dup60_s20260611_nonbonded,P3-NoPersist,m12_heavy_flood_dup60_s20260611,nonbonded,278861,PRIVPROBE:1,duplicate_filter,0,False,0,duplicate_filter
m12_heavy_flood_dup60_s20260611_nonbonded,P3-NoPersist,m12_heavy_flood_dup60_s20260611,nonbonded,279912,PRIVPROBE:1,duplicate_filter,0,False,0,duplicate_filter
m12_heavy_flood_dup60_s20260611_nonbonded,P3-NoPersist,m12_heavy_flood_dup60_s20260611,nonbonded,281073,PRIVPROBE:1,defer,0,True,1000,defer
m12_heavy_flood_dup60_s20260611_nonbonded,P3-NoPersist,m12_heavy_flood_dup60_s20260611,nonbonded,282118,PRIVPROBE:1,duplicate_filter,0,False,0,duplicate_filter
m12_heavy_flood_dup60_s20260611_nonbonded,P3-NoPersist,m12_heavy_flood_dup60_s20260611,nonbonded,283196,PRIVPROBE:1,duplicate_filter,0,False,0,duplicate_filter
m12_heavy_flood_dup60_s20260611_nonbonded,P3-NoPersist,m12_heavy_flood_dup60_s20260611,nonbonded,284335,PRIVPROBE:1,duplicate_filter,0,False,0,duplicate_filter
m12_heavy_flood_dup60_s20260611_nonbonded,P3-NoPersist,m12_heavy_flood_dup60_s20260611,nonbonded,285463,PRIVPROBE:1,duplicate_filter,0,False,0,duplicate_filter
m12_heavy_flood_dup60_s20260611_nonbonded,P3-NoPersist,m12_heavy_flood_dup60_s20260611,nonbonded,286570,PRIVPROBE:1,duplicate_filter,0,False,0,duplicate_filter
m12_heavy_flood_dup60_s20260611_nonbonded,P3-NoPersist,m12_heavy_flood_dup60_s20260611,nonbonded,287708,PRIVPROBE:1,duplicate_filter,0,False,0,duplicate_filter
m12_heavy_flood_dup60_s20260611_nonbonded,P3-NoPersist,m12_heavy_flood_dup60_s20260611,nonbonded,288848,PRIVPROBE:1,duplicate_filter,0,False,0,duplicate_filter
m12_heavy_flood_dup60_s20260611_nonbonded,P3-NoPersist,m12_heavy_flood_dup60_s20260611,nonbonded,289922,PRIVPROBE:1,duplicate_filter,0,False,0,duplicate_filter
m12_heavy_flood_dup60_s20260611_nonbonded,P3-NoPersist,m12_heavy_flood_dup60_s20260611,nonbonded,291034,PRIVPROBE:1,duplicate_filter,0,False,0,duplicate_filter
m12_heavy_flood_dup60_s20260611_nonbonded,P3-NoPersist,m12_heavy_flood_dup60_s20260611,nonbonded,292161,PRIVPROBE:1,duplicate_filter,0,False,0,duplicate_filter
m12_heavy_flood_dup60_s20260611_nonbonded,P3-NoPersist,m12_heavy_flood_dup60_s20260611,nonbonded,293355,PRIVPROBE:1,duplicate_filter,0,False,0,duplicate_filter
m12_heavy_flood_dup60_s20260611_nonbonded,P3-NoPersist,m12_heavy_flood_dup60_s20260611,nonbonded,294506,PRIVPROBE:1,defer,0,True,1000,defer
m12_heavy_flood_dup60_s20260611_nonbonded,P3-NoPersist,m12_heavy_flood_dup60_s20260611,nonbonded,295565,PRIVPROBE:1,duplicate_filter,0,False,0,duplicate_filter
m12_heavy_flood_dup60_s20260611_nonbonded,P3-NoPersist,m12_heavy_flood_dup60_s20260611,nonbonded,296699,PRIVPROBE:1,duplicate_filter,0,False,0,duplicate_filter
m12_heavy_flood_dup60_s20260611_nonbonded,P3-NoPersist,m12_heavy_flood_dup60_s20260611,nonbonded,297894,PRIVPROBE:1,duplicate_filter,0,False,0,duplicate_filter
m12_heavy_flood_dup60_s20260611_nonbonded,P3-NoPersist,m12_heavy_flood_dup60_s20260611,nonbonded,299042,PRIVPROBE:1,duplicate_filter,0,False,0,duplicate_filter
m12_heavy_flood_dup60_s20260611_nonbonded,P3-NoPersist,m12_heavy_flood_dup60_s20260611,nonbonded,300134,PRIVPROBE:1,duplicate_filter,0,False,0,duplicate_filter
m12_heavy_flood_dup60_s20260611_nonbonded,P3-NoPersist,m12_heavy_flood_dup60_s20260611,nonbonded,301248,PRIVPROBE:1,duplicate_filter,0,False,0,duplicate_filter
m12_heavy_flood_dup60_s20260611_nonbonded,P3-NoPersist,m12_heavy_flood_dup60_s20260611,nonbonded,302405,PRIVPROBE:1,duplicate_filter,0,False,0,duplicate_filter
m12_heavy_flood_dup60_s20260611_nonbonded,P3-NoPersist,m12_heavy_flood_dup60_s20260611,nonbonded,303511,PRIVPROBE:1,duplicate_filter,0,False,0,duplicate_filter
m12_heavy_flood_dup60_s20260611_nonbonded,P3-NoPersist,m12_heavy_flood_dup60_s20260611,nonbonded,304598,PRIVPROBE:1,duplicate_filter,0,False,0,duplicate_filter
m12_heavy_flood_dup60_s20260611_nonbonded,P3-NoPersist,m12_heavy_flood_dup60_s20260611,nonbonded,305760,PRIVPROBE:1,duplicate_filter,0,False,0,duplicate_filter
m12_heavy_flood_dup60_s20260611_nonbonded,P3-NoPersist,m12_heavy_flood_dup60_s20260611,nonbonded,306838,PRIVPROBE:1,duplicate_filter,0,False,0,duplicate_filter
m12_heavy_flood_dup60_s20260611_nonbonded,P3-NoPersist,m12_heavy_flood_dup60_s20260611,nonbonded,307934,PRIVPROBE:1,defer,0,True,1000,defer
m12_heavy_flood_dup60_s20260611_nonbonded,P3-NoPersist,m12_heavy_flood_dup60_s20260611,nonbonded,309038,PRIVPROBE:1,duplicate_filter,0,False,0,duplicate_filter
m12_heavy_flood_dup60_s20260611_nonbonded,P3-NoPersist,m12_heavy_flood_dup60_s20260611,nonbonded,310135,PRIVPROBE:1,duplicate_filter,0,False,0,duplicate_filter
m12_heavy_flood_dup60_s20260611_nonbonded,P3-NoPersist,m12_heavy_flood_dup60_s20260611,nonbonded,311342,PRIVPROBE:1,duplicate_filter,0,False,0,duplicate_filter
m12_heavy_flood_dup60_s20260611_nonbonded,P3-NoPersist,m12_heavy_flood_dup60_s20260611,nonbonded,312461,PRIVPROBE:1,duplicate_filter,0,False,0,duplicate_filter
m12_heavy_flood_dup60_s20260611_nonbonded,P3-NoPersist,m12_heavy_flood_dup60_s20260611,nonbonded,313642,PRIVPROBE:1,duplicate_filter,0,False,0,duplicate_filter
m12_heavy_flood_dup60_s20260611_nonbonded,P3-NoPersist,m12_heavy_flood_dup60_s20260611,nonbonded,314781,PRIVPROBE:1,duplicate_filter,0,False,0,duplicate_filter
m12_heavy_flood_dup60_s20260611_nonbonded,P3-NoPersist,m12_heavy_flood_dup60_s20260611,nonbonded,315876,PRIVPROBE:1,duplicate_filter,0,False,0,duplicate_filter
m12_heavy_flood_dup60_s20260611_nonbonded,P3-NoPersist,m12_heavy_flood_dup60_s20260611,nonbonded,316942,PRIVPROBE:1,duplicate_filter,0,False,0,duplicate_filter
m12_heavy_flood_dup60_s20260611_nonbonded,P3-NoPersist,m12_heavy_flood_dup60_s20260611,nonbonded,318077,PRIVPROBE:1,duplicate_filter,0,False,0,duplicate_filter
m12_heavy_flood_dup60_s20260611_nonbonded,P3-NoPersist,m12_heavy_flood_dup60_s20260611,nonbonded,319213,PRIVPROBE:1,duplicate_filter,0,False,0,duplicate_filter
m12_heavy_flood_dup60_s20260611_nonbonded,P3-NoPersist,m12_heavy_flood_dup60_s20260611,nonbonded,320323,PRIVPROBE:1,duplicate_filter,0,False,0,duplicate_filter
m12_heavy_flood_dup60_s20260611_nonbonded,P3-NoPersist,m12_heavy_flood_dup60_s20260611,nonbonded,321472,PRIVPROBE:1,defer,0,True,1000,defer
m12_heavy_flood_dup60_s20260611_nonbonded,P3-NoPersist,m12_heavy_flood_dup60_s20260611,nonbonded,322617,PRIVPROBE:1,duplicate_filter,0,False,0,duplicate_filter
m12_heavy_flood_dup60_s20260611_nonbonded,P3-NoPersist,m12_heavy_flood_dup60_s20260611,nonbonded,323759,PRIVPROBE:1,duplicate_filter,0,False,0,duplicate_filter
m12_heavy_flood_dup60_s20260611_nonbonded,P3-NoPersist,m12_heavy_flood_dup60_s20260611,nonbonded,324838,PRIVPROBE:1,duplicate_filter,0,False,0,duplicate_filter
m12_heavy_flood_dup60_s20260611_nonbonded,P3-NoPersist,m12_heavy_flood_dup60_s20260611,nonbonded,325855,PRIVPROBE:1,duplicate_filter,0,False,0,duplicate_filter
m12_heavy_flood_dup60_s20260611_nonbonded,P3-NoPersist,m12_heavy_flood_dup60_s20260611,nonbonded,326966,PRIVPROBE:1,duplicate_filter,0,False,0,duplicate_filter
m12_heavy_flood_dup60_s20260611_nonbonded,P3-NoPersist,m12_heavy_flood_dup60_s20260611,nonbonded,327976,PRIVPROBE:1,duplicate_filter,0,False,0,duplicate_filter
m12_heavy_flood_dup60_s20260611_nonbonded,P3-NoPersist,m12_heavy_flood_dup60_s20260611,nonbonded,329053,PRIVPROBE:1,duplicate_filter,0,False,0,duplicate_filter
m12_heavy_flood_dup60_s20260611_nonbonded,P3-NoPersist,m12_heavy_flood_dup60_s20260611,nonbonded,330160,PRIVPROBE:1,duplicate_filter,0,False,0,duplicate_filter
m12_heavy_flood_dup60_s20260611_nonbonded,P3-NoPersist,m12_heavy_flood_dup60_s20260611,nonbonded,331276,PRIVPROBE:1,duplicate_filter,0,False,0,duplicate_filter
m12_heavy_flood_dup60_s20260611_nonbonded,P3-NoPersist,m12_heavy_flood_dup60_s20260611,nonbonded,332387,PRIVPROBE:1,duplicate_filter,0,False,0,duplicate_filter
m12_heavy_flood_dup60_s20260611_nonbonded,P3-NoPersist,m12_heavy_flood_dup60_s20260611,nonbonded,333488,PRIVPROBE:1,duplicate_filter,0,False,0,duplicate_filter
m12_heavy_flood_dup60_s20260611_nonbonded,P3-NoPersist,m12_heavy_flood_dup60_s20260611,nonbonded,334596,PRIVPROBE:1,defer,0,True,1000,defer
m12_heavy_flood_dup60_s20260611_nonbonded,P3-NoPersist,m12_heavy_flood_dup60_s20260611,nonbonded,335668,PRIVPROBE:1,duplicate_filter,0,False,0,duplicate_filter
m12_heavy_flood_dup60_s20260611_nonbonded,P3-NoPersist,m12_heavy_flood_dup60_s20260611,nonbonded,336697,PRIVPROBE:1,duplicate_filter,0,False,0,duplicate_filter
m12_heavy_flood_dup60_s20260611_nonbonded,P3-NoPersist,m12_heavy_flood_dup60_s20260611,nonbonded,337838,PRIVPROBE:1,duplicate_filter,0,False,0,duplicate_filter
m12_heavy_flood_dup60_s20260611_nonbonded,P3-NoPersist,m12_heavy_flood_dup60_s20260611,nonbonded,338892,PRIVPROBE:1,duplicate_filter,0,False,0,duplicate_filter
m12_heavy_flood_dup60_s20260611_nonbonded,P3-NoPersist,m12_heavy_flood_dup60_s20260611,nonbonded,340001,PRIVPROBE:1,duplicate_filter,0,False,0,duplicate_filter
m12_heavy_flood_dup60_s20260611_nonbonded,P3-NoPersist,m12_heavy_flood_dup60_s20260611,nonbonded,341134,PRIVPROBE:1,duplicate_filter,0,False,0,duplicate_filter
m12_heavy_flood_dup60_s20260611_nonbonded,P3-NoPersist,m12_heavy_flood_dup60_s20260611,nonbonded,342258,PRIVPROBE:1,duplicate_filter,0,False,0,duplicate_filter
m12_heavy_flood_dup60_s20260611_nonbonded,P3-NoPersist,m12_heavy_flood_dup60_s20260611,nonbonded,343356,PRIVPROBE:1,duplicate_filter,0,False,0,duplicate_filter
m12_heavy_flood_dup60_s20260611_nonbonded,P3-NoPersist,m12_heavy_flood_dup60_s20260611,nonbonded,344443,PRIVPROBE:1,duplicate_filter,0,False,0,duplicate_filter
m12_heavy_flood_dup60_s20260611_nonbonded,P3-NoPersist,m12_heavy_flood_dup60_s20260611,nonbonded,345488,PRIVPROBE:1,duplicate_filter,0,False,0,duplicate_filter
m12_heavy_flood_dup60_s20260611_nonbonded,P3-NoPersist,m12_heavy_flood_dup60_s20260611,nonbonded,346635,PRIVPROBE:1,duplicate_filter,0,False,0,duplicate_filter
m12_heavy_flood_dup60_s20260611_nonbonded,P3-NoPersist,m12_heavy_flood_dup60_s20260611,nonbonded,347741,PRIVPROBE:1,defer,0,True,1000,defer
m12_heavy_flood_dup60_s20260611_nonbonded,P3-NoPersist,m12_heavy_flood_dup60_s20260611,nonbonded,348832,PRIVPROBE:1,duplicate_filter,0,False,0,duplicate_filter
m12_heavy_flood_dup60_s20260611_nonbonded,P3-NoPersist,m12_heavy_flood_dup60_s20260611,nonbonded,349959,PRIVPROBE:1,duplicate_filter,0,False,0,duplicate_filter
m12_heavy_flood_dup60_s20260611_nonbonded,P3-NoPersist,m12_heavy_flood_dup60_s20260611,nonbonded,351057,PRIVPROBE:1,duplicate_filter,0,False,0,duplicate_filter
m12_heavy_flood_dup60_s20260611_nonbonded,P3-NoPersist,m12_heavy_flood_dup60_s20260611,nonbonded,352127,PRIVPROBE:1,duplicate_filter,0,False,0,duplicate_filter
m12_heavy_flood_dup60_s20260611_nonbonded,P3-NoPersist,m12_heavy_flood_dup60_s20260611,nonbonded,353234,PRIVPROBE:1,duplicate_filter,0,False,0,duplicate_filter
m12_heavy_flood_dup60_s20260611_nonbonded,P3-NoPersist,m12_heavy_flood_dup60_s20260611,nonbonded,354319,PRIVPROBE:1,duplicate_filter,0,False,0,duplicate_filter
m12_heavy_flood_dup60_s20260611_nonbonded,P3-NoPersist,m12_heavy_flood_dup60_s20260611,nonbonded,355436,PRIVPROBE:1,duplicate_filter,0,False,0,duplicate_filter
m12_heavy_flood_dup60_s20260611_nonbonded,P3-NoPersist,m12_heavy_flood_dup60_s20260611,nonbonded,356549,PRIVPROBE:1,duplicate_filter,0,False,0,duplicate_filter
m12_heavy_flood_dup60_s20260611_nonbonded,P3-NoPersist,m12_heavy_flood_dup60_s20260611,nonbonded,357720,PRIVPROBE:1,duplicate_filter,0,False,0,duplicate_filter
m12_heavy_flood_dup60_s20260611_nonbonded,P3-NoPersist,m12_heavy_flood_dup60_s20260611,nonbonded,358807,PRIVPROBE:1,duplicate_filter,0,False,0,duplicate_filter
m12_heavy_flood_dup60_s20260611_nonbonded,P3-NoPersist,m12_heavy_flood_dup60_s20260611,nonbonded,359835,PRIVPROBE:1,duplicate_filter,0,False,0,duplicate_filter
m12_heavy_flood_dup60_s20260611_nonbonded,P3-NoPersist,m12_heavy_flood_dup60_s20260611,nonbonded,360884,PRIVPROBE:1,defer,0,True,1000,defer
m12_heavy_flood_dup60_s20260611_nonbonded,P3-NoPersist,m12_heavy_flood_dup60_s20260611,nonbonded,362009,PRIVPROBE:1,duplicate_filter,0,False,0,duplicate_filter
m12_heavy_flood_dup60_s20260611_nonbonded,P3-NoPersist,m12_heavy_flood_dup60_s20260611,nonbonded,363058,PRIVPROBE:1,duplicate_filter,0,False,0,duplicate_filter
m12_heavy_flood_dup60_s20260611_nonbonded,P3-NoPersist,m12_heavy_flood_dup60_s20260611,nonbonded,364190,PRIVPROBE:1,duplicate_filter,0,False,0,duplicate_filter
m12_heavy_flood_dup60_s20260611_nonbonded,P3-NoPersist,m12_heavy_flood_dup60_s20260611,nonbonded,365325,PRIVPROBE:1,duplicate_filter,0,False,0,duplicate_filter
m12_heavy_flood_dup60_s20260611_nonbonded,P3-NoPersist,m12_heavy_flood_dup60_s20260611,nonbonded,366486,PRIVPROBE:1,duplicate_filter,0,False,0,duplicate_filter
m12_heavy_flood_dup60_s20260611_nonbonded,P3-NoPersist,m12_heavy_flood_dup60_s20260611,nonbonded,367589,PRIVPROBE:1,duplicate_filter,0,False,0,duplicate_filter
m12_heavy_flood_dup60_s20260611_nonbonded,P3-NoPersist,m12_heavy_flood_dup60_s20260611,nonbonded,368724,PRIVPROBE:1,duplicate_filter,0,False,0,duplicate_filter
m12_heavy_flood_dup60_s20260611_nonbonded,P3-NoPersist,m12_heavy_flood_dup60_s20260611,nonbonded,369881,PRIVPROBE:1,duplicate_filter,0,False,0,duplicate_filter
m12_heavy_flood_dup60_s20260611_nonbonded,P3-NoPersist,m12_heavy_flood_dup60_s20260611,nonbonded,370991,PRIVPROBE:1,duplicate_filter,0,False,0,duplicate_filter
m12_heavy_flood_dup60_s20260611_nonbonded,P3-NoPersist,m12_heavy_flood_dup60_s20260611,nonbonded,372104,PRIVPROBE:1,duplicate_filter,0,False,0,duplicate_filter
m12_heavy_flood_dup60_s20260611_nonbonded,P3-NoPersist,m12_heavy_flood_dup60_s20260611,nonbonded,373153,PRIVPROBE:1,duplicate_filter,0,False,0,duplicate_filter
m12_heavy_flood_dup60_s20260611_nonbonded,P3-NoPersist,m12_heavy_flood_dup60_s20260611,nonbonded,374276,PRIVPROBE:1,defer,0,True,1000,defer
m12_heavy_flood_dup60_s20260611_nonbonded,P3-NoPersist,m12_heavy_flood_dup60_s20260611,nonbonded,375400,PRIVPROBE:1,duplicate_filter,0,False,0,duplicate_filter
m12_heavy_flood_dup60_s20260611_nonbonded,P3-NoPersist,m12_heavy_flood_dup60_s20260611,nonbonded,376443,PRIVPROBE:1,duplicate_filter,0,False,0,duplicate_filter
m12_heavy_flood_dup60_s20260611_nonbonded,P3-NoPersist,m12_heavy_flood_dup60_s20260611,nonbonded,377514,PRIVPROBE:1,duplicate_filter,0,False,0,duplicate_filter
m12_heavy_flood_dup60_s20260611_nonbonded,P3-NoPersist,m12_heavy_flood_dup60_s20260611,nonbonded,378667,PRIVPROBE:1,duplicate_filter,0,False,0,duplicate_filter
m12_heavy_flood_dup60_s20260611_nonbonded,P3-NoPersist,m12_heavy_flood_dup60_s20260611,nonbonded,379775,PRIVPROBE:1,duplicate_filter,0,False,0,duplicate_filter
m12_heavy_flood_dup60_s20260611_nonbonded,P3-NoPersist,m12_heavy_flood_dup60_s20260611,nonbonded,380952,PRIVPROBE:1,duplicate_filter,0,False,0,duplicate_filter
m12_heavy_flood_dup60_s20260611_nonbonded,P3-NoPersist,m12_heavy_flood_dup60_s20260611,nonbonded,382012,PRIVPROBE:1,duplicate_filter,0,False,0,duplicate_filter
m12_heavy_flood_dup60_s20260611_nonbonded,P3-NoPersist,m12_heavy_flood_dup60_s20260611,nonbonded,383060,PRIVPROBE:1,duplicate_filter,0,False,0,duplicate_filter
m12_heavy_flood_dup60_s20260611_nonbonded,P3-NoPersist,m12_heavy_flood_dup60_s20260611,nonbonded,384178,PRIVPROBE:1,duplicate_filter,0,False,0,duplicate_filter
m12_heavy_flood_dup60_s20260611_nonbonded,P3-NoPersist,m12_heavy_flood_dup60_s20260611,nonbonded,385289,PRIVPROBE:1,duplicate_filter,0,False,0,duplicate_filter
m12_heavy_flood_dup60_s20260611_nonbonded,P3-NoPersist,m12_heavy_flood_dup60_s20260611,nonbonded,386437,PRIVPROBE:1,duplicate_filter,0,False,0,duplicate_filter
m12_heavy_flood_dup60_s20260611_nonbonded,P3-NoPersist,m12_heavy_flood_dup60_s20260611,nonbonded,387576,PRIVPROBE:1,defer,0,True,1000,defer
m12_heavy_flood_dup60_s20260611_nonbonded,P3-NoPersist,m12_heavy_flood_dup60_s20260611,nonbonded,388653,PRIVPROBE:1,duplicate_filter,0,False,0,duplicate_filter
m12_heavy_flood_dup60_s20260611_nonbonded,P3-NoPersist,m12_heavy_flood_dup60_s20260611,nonbonded,389769,PRIVPROBE:1,duplicate_filter,0,False,0,duplicate_filter
m12_heavy_flood_dup60_s20260611_nonbonded,P3-NoPersist,m12_heavy_flood_dup60_s20260611,nonbonded,390826,PRIVPROBE:1,duplicate_filter,0,False,0,duplicate_filter
m12_heavy_flood_dup60_s20260611_nonbonded,P3-NoPersist,m12_heavy_flood_dup60_s20260611,nonbonded,391878,PRIVPROBE:1,duplicate_filter,0,False,0,duplicate_filter
m12_heavy_flood_dup60_s20260611_nonbonded,P3-NoPersist,m12_heavy_flood_dup60_s20260611,nonbonded,392947,PRIVPROBE:1,duplicate_filter,0,False,0,duplicate_filter
m12_heavy_flood_dup60_s20260611_nonbonded,P3-NoPersist,m12_heavy_flood_dup60_s20260611,nonbonded,394023,PRIVPROBE:1,duplicate_filter,0,False,0,duplicate_filter
m12_heavy_flood_dup60_s20260611_nonbonded,P3-NoPersist,m12_heavy_flood_dup60_s20260611,nonbonded,395107,PRIVPROBE:1,duplicate_filter,0,False,0,duplicate_filter
m12_heavy_flood_dup60_s20260611_nonbonded,P3-NoPersist,m12_heavy_flood_dup60_s20260611,nonbonded,396235,PRIVPROBE:1,duplicate_filter,0,False,0,duplicate_filter
m12_heavy_flood_dup60_s20260611_nonbonded,P3-NoPersist,m12_heavy_flood_dup60_s20260611,nonbonded,397356,PRIVPROBE:1,duplicate_filter,0,False,0,duplicate_filter
m12_heavy_flood_dup60_s20260611_nonbonded,P3-NoPersist,m12_heavy_flood_dup60_s20260611,nonbonded,398478,PRIVPROBE:1,duplicate_filter,0,False,0,duplicate_filter
m12_heavy_flood_dup60_s20260611_nonbonded,P3-NoPersist,m12_heavy_flood_dup60_s20260611,nonbonded,399658,PRIVPROBE:1,duplicate_filter,0,False,0,duplicate_filter
m12_heavy_flood_dup60_s20260611_nonbonded,BudgetDoS,m12_heavy_flood_dup60_s20260611,nonbonded,67232,PRIVPROBE:0,budget_skip,0,False,0,budget_skip
m12_heavy_flood_dup60_s20260611_nonbonded,BudgetDoS,m12_heavy_flood_dup60_s20260611,nonbonded,68304,PRIVPROBE:0,duplicate_filter,0,False,0,duplicate_filter
m12_heavy_flood_dup60_s20260611_nonbonded,BudgetDoS,m12_heavy_flood_dup60_s20260611,nonbonded,69421,PRIVPROBE:0,duplicate_filter,0,False,0,duplicate_filter
m12_heavy_flood_dup60_s20260611_nonbonded,BudgetDoS,m12_heavy_flood_dup60_s20260611,nonbonded,70530,PRIVPROBE:0,duplicate_filter,0,False,0,duplicate_filter
m12_heavy_flood_dup60_s20260611_nonbonded,BudgetDoS,m12_heavy_flood_dup60_s20260611,nonbonded,71731,PRIVPROBE:0,duplicate_filter,0,False,0,duplicate_filter
m12_heavy_flood_dup60_s20260611_nonbonded,BudgetDoS,m12_heavy_flood_dup60_s20260611,nonbonded,72833,PRIVPROBE:0,duplicate_filter,0,False,0,duplicate_filter
m12_heavy_flood_dup60_s20260611_nonbonded,BudgetDoS,m12_heavy_flood_dup60_s20260611,nonbonded,74058,PRIVPROBE:0,duplicate_filter,0,False,0,duplicate_filter
m12_heavy_flood_dup60_s20260611_nonbonded,BudgetDoS,m12_heavy_flood_dup60_s20260611,nonbonded,75245,PRIVPROBE:0,duplicate_filter,0,False,0,duplicate_filter
m12_heavy_flood_dup60_s20260611_nonbonded,BudgetDoS,m12_heavy_flood_dup60_s20260611,nonbonded,76307,PRIVPROBE:0,duplicate_filter,0,False,0,duplicate_filter
m12_heavy_flood_dup60_s20260611_nonbonded,BudgetDoS,m12_heavy_flood_dup60_s20260611,nonbonded,77388,PRIVPROBE:0,duplicate_filter,0,False,0,duplicate_filter
m12_heavy_flood_dup60_s20260611_nonbonded,BudgetDoS,m12_heavy_flood_dup60_s20260611,nonbonded,78466,PRIVPROBE:0,duplicate_filter,0,False,0,duplicate_filter
m12_heavy_flood_dup60_s20260611_nonbonded,BudgetDoS,m12_heavy_flood_dup60_s20260611,nonbonded,79551,PRIVPROBE:0,duplicate_filter,0,False,0,duplicate_filter
m12_heavy_flood_dup60_s20260611_nonbonded,BudgetDoS,m12_heavy_flood_dup60_s20260611,nonbonded,80625,PRIVPROBE:0,budget_skip,0,False,0,budget_skip
m12_heavy_flood_dup60_s20260611_nonbonded,BudgetDoS,m12_heavy_flood_dup60_s20260611,nonbonded,81763,PRIVPROBE:0,duplicate_filter,0,False,0,duplicate_filter
m12_heavy_flood_dup60_s20260611_nonbonded,BudgetDoS,m12_heavy_flood_dup60_s20260611,nonbonded,82876,PRIVPROBE:0,duplicate_filter,0,False,0,duplicate_filter
m12_heavy_flood_dup60_s20260611_nonbonded,BudgetDoS,m12_heavy_flood_dup60_s20260611,nonbonded,83956,PRIVPROBE:0,duplicate_filter,0,False,0,duplicate_filter
m12_heavy_flood_dup60_s20260611_nonbonded,BudgetDoS,m12_heavy_flood_dup60_s20260611,nonbonded,85053,PRIVPROBE:0,duplicate_filter,0,False,0,duplicate_filter
m12_heavy_flood_dup60_s20260611_nonbonded,BudgetDoS,m12_heavy_flood_dup60_s20260611,nonbonded,86184,PRIVPROBE:0,duplicate_filter,0,False,0,duplicate_filter
m12_heavy_flood_dup60_s20260611_nonbonded,BudgetDoS,m12_heavy_flood_dup60_s20260611,nonbonded,87311,PRIVPROBE:0,duplicate_filter,0,False,0,duplicate_filter
m12_heavy_flood_dup60_s20260611_nonbonded,BudgetDoS,m12_heavy_flood_dup60_s20260611,nonbonded,88404,PRIVPROBE:0,duplicate_filter,0,False,0,duplicate_filter
m12_heavy_flood_dup60_s20260611_nonbonded,BudgetDoS,m12_heavy_flood_dup60_s20260611,nonbonded,89551,PRIVPROBE:0,duplicate_filter,0,False,0,duplicate_filter
m12_heavy_flood_dup60_s20260611_nonbonded,BudgetDoS,m12_heavy_flood_dup60_s20260611,nonbonded,90744,PRIVPROBE:0,duplicate_filter,0,False,0,duplicate_filter
m12_heavy_flood_dup60_s20260611_nonbonded,BudgetDoS,m12_heavy_flood_dup60_s20260611,nonbonded,91833,PRIVPROBE:0,duplicate_filter,0,False,0,duplicate_filter
m12_heavy_flood_dup60_s20260611_nonbonded,BudgetDoS,m12_heavy_flood_dup60_s20260611,nonbonded,92946,PRIVPROBE:0,duplicate_filter,0,False,0,duplicate_filter
m12_heavy_flood_dup60_s20260611_nonbonded,BudgetDoS,m12_heavy_flood_dup60_s20260611,nonbonded,94066,PRIVPROBE:0,budget_skip,0,False,0,budget_skip
m12_heavy_flood_dup60_s20260611_nonbonded,BudgetDoS,m12_heavy_flood_dup60_s20260611,nonbonded,95169,PRIVPROBE:0,duplicate_filter,0,False,0,duplicate_filter
m12_heavy_flood_dup60_s20260611_nonbonded,BudgetDoS,m12_heavy_flood_dup60_s20260611,nonbonded,96264,PRIVPROBE:0,duplicate_filter,0,False,0,duplicate_filter
m12_heavy_flood_dup60_s20260611_nonbonded,BudgetDoS,m12_heavy_flood_dup60_s20260611,nonbonded,97390,PRIVPROBE:0,duplicate_filter,0,False,0,duplicate_filter
m12_heavy_flood_dup60_s20260611_nonbonded,BudgetDoS,m12_heavy_flood_dup60_s20260611,nonbonded,98514,PRIVPROBE:0,duplicate_filter,0,False,0,duplicate_filter
m12_heavy_flood_dup60_s20260611_nonbonded,BudgetDoS,m12_heavy_flood_dup60_s20260611,nonbonded,99581,PRIVPROBE:0,duplicate_filter,0,False,0,duplicate_filter
m12_heavy_flood_dup60_s20260611_nonbonded,BudgetDoS,m12_heavy_flood_dup60_s20260611,nonbonded,100763,PRIVPROBE:0,duplicate_filter,0,False,0,duplicate_filter
m12_heavy_flood_dup60_s20260611_nonbonded,BudgetDoS,m12_heavy_flood_dup60_s20260611,nonbonded,101850,PRIVPROBE:0,duplicate_filter,0,False,0,duplicate_filter
m12_heavy_flood_dup60_s20260611_nonbonded,BudgetDoS,m12_heavy_flood_dup60_s20260611,nonbonded,102967,PRIVPROBE:0,duplicate_filter,0,False,0,duplicate_filter
m12_heavy_flood_dup60_s20260611_nonbonded,BudgetDoS,m12_heavy_flood_dup60_s20260611,nonbonded,104124,PRIVPROBE:0,duplicate_filter,0,False,0,duplicate_filter
m12_heavy_flood_dup60_s20260611_nonbonded,BudgetDoS,m12_heavy_flood_dup60_s20260611,nonbonded,105197,PRIVPROBE:0,duplicate_filter,0,False,0,duplicate_filter
m12_heavy_flood_dup60_s20260611_nonbonded,BudgetDoS,m12_heavy_flood_dup60_s20260611,nonbonded,106225,PRIVPROBE:0,duplicate_filter,0,False,0,duplicate_filter
m12_heavy_flood_dup60_s20260611_nonbonded,BudgetDoS,m12_heavy_flood_dup60_s20260611,nonbonded,107324,PRIVPROBE:0,budget_skip,0,False,0,budget_skip
m12_heavy_flood_dup60_s20260611_nonbonded,BudgetDoS,m12_heavy_flood_dup60_s20260611,nonbonded,108460,PRIVPROBE:0,duplicate_filter,0,False,0,duplicate_filter
m12_heavy_flood_dup60_s20260611_nonbonded,BudgetDoS,m12_heavy_flood_dup60_s20260611,nonbonded,109610,PRIVPROBE:0,duplicate_filter,0,False,0,duplicate_filter
m12_heavy_flood_dup60_s20260611_nonbonded,BudgetDoS,m12_heavy_flood_dup60_s20260611,nonbonded,110675,PRIVPROBE:0,duplicate_filter,0,False,0,duplicate_filter
m12_heavy_flood_dup60_s20260611_nonbonded,BudgetDoS,m12_heavy_flood_dup60_s20260611,nonbonded,111806,PRIVPROBE:0,duplicate_filter,0,False,0,duplicate_filter
m12_heavy_flood_dup60_s20260611_nonbonded,BudgetDoS,m12_heavy_flood_dup60_s20260611,nonbonded,112925,PRIVPROBE:0,duplicate_filter,0,False,0,duplicate_filter
m12_heavy_flood_dup60_s20260611_nonbonded,BudgetDoS,m12_heavy_flood_dup60_s20260611,nonbonded,114013,PRIVPROBE:0,duplicate_filter,0,False,0,duplicate_filter
m12_heavy_flood_dup60_s20260611_nonbonded,BudgetDoS,m12_heavy_flood_dup60_s20260611,nonbonded,115155,PRIVPROBE:0,duplicate_filter,0,False,0,duplicate_filter
m12_heavy_flood_dup60_s20260611_nonbonded,BudgetDoS,m12_heavy_flood_dup60_s20260611,nonbonded,116333,PRIVPROBE:0,duplicate_filter,0,False,0,duplicate_filter
m12_heavy_flood_dup60_s20260611_nonbonded,BudgetDoS,m12_heavy_flood_dup60_s20260611,nonbonded,117502,PRIVPROBE:0,duplicate_filter,0,False,0,duplicate_filter
m12_heavy_flood_dup60_s20260611_nonbonded,BudgetDoS,m12_heavy_flood_dup60_s20260611,nonbonded,118610,PRIVPROBE:0,duplicate_filter,0,False,0,duplicate_filter
m12_heavy_flood_dup60_s20260611_nonbonded,BudgetDoS,m12_heavy_flood_dup60_s20260611,nonbonded,119749,PRIVPROBE:0,duplicate_filter,0,False,0,duplicate_filter
m12_heavy_flood_dup60_s20260611_nonbonded,BudgetDoS,m12_heavy_flood_dup60_s20260611,nonbonded,120833,PRIVPROBE:0,budget_skip,0,False,0,budget_skip
m12_heavy_flood_dup60_s20260611_nonbonded,BudgetDoS,m12_heavy_flood_dup60_s20260611,nonbonded,121995,PRIVPROBE:0,duplicate_filter,0,False,0,duplicate_filter
m12_heavy_flood_dup60_s20260611_nonbonded,BudgetDoS,m12_heavy_flood_dup60_s20260611,nonbonded,123102,PRIVPROBE:0,duplicate_filter,0,False,0,duplicate_filter
m12_heavy_flood_dup60_s20260611_nonbonded,BudgetDoS,m12_heavy_flood_dup60_s20260611,nonbonded,124191,PRIVPROBE:0,duplicate_filter,0,False,0,duplicate_filter
m12_heavy_flood_dup60_s20260611_nonbonded,BudgetDoS,m12_heavy_flood_dup60_s20260611,nonbonded,125340,PRIVPROBE:0,duplicate_filter,0,False,0,duplicate_filter
m12_heavy_flood_dup60_s20260611_nonbonded,BudgetDoS,m12_heavy_flood_dup60_s20260611,nonbonded,126408,PRIVPROBE:0,duplicate_filter,0,False,0,duplicate_filter
m12_heavy_flood_dup60_s20260611_nonbonded,BudgetDoS,m12_heavy_flood_dup60_s20260611,nonbonded,127533,PRIVPROBE:0,duplicate_filter,0,False,0,duplicate_filter
m12_heavy_flood_dup60_s20260611_nonbonded,BudgetDoS,m12_heavy_flood_dup60_s20260611,nonbonded,128641,PRIVPROBE:0,duplicate_filter,0,False,0,duplicate_filter
m12_heavy_flood_dup60_s20260611_nonbonded,BudgetDoS,m12_heavy_flood_dup60_s20260611,nonbonded,129743,PRIVPROBE:0,duplicate_filter,0,False,0,duplicate_filter
m12_heavy_flood_dup60_s20260611_nonbonded,BudgetDoS,m12_heavy_flood_dup60_s20260611,nonbonded,130898,PRIVPROBE:0,duplicate_filter,0,False,0,duplicate_filter
m12_heavy_flood_dup60_s20260611_nonbonded,BudgetDoS,m12_heavy_flood_dup60_s20260611,nonbonded,132029,PRIVPROBE:0,duplicate_filter,0,False,0,duplicate_filter
m12_heavy_flood_dup60_s20260611_nonbonded,BudgetDoS,m12_heavy_flood_dup60_s20260611,nonbonded,133141,PRIVPROBE:0,duplicate_filter,0,False,0,duplicate_filter
m12_heavy_flood_dup60_s20260611_nonbonded,BudgetDoS,m12_heavy_flood_dup60_s20260611,nonbonded,134249,PRIVPROBE:0,budget_skip,0,False,0,budget_skip
m12_heavy_flood_dup60_s20260611_nonbonded,BudgetDoS,m12_heavy_flood_dup60_s20260611,nonbonded,135395,PRIVPROBE:0,duplicate_filter,0,False,0,duplicate_filter
m12_heavy_flood_dup60_s20260611_nonbonded,BudgetDoS,m12_heavy_flood_dup60_s20260611,nonbonded,136498,PRIVPROBE:0,duplicate_filter,0,False,0,duplicate_filter
m12_heavy_flood_dup60_s20260611_nonbonded,BudgetDoS,m12_heavy_flood_dup60_s20260611,nonbonded,137610,PRIVPROBE:0,duplicate_filter,0,False,0,duplicate_filter
m12_heavy_flood_dup60_s20260611_nonbonded,BudgetDoS,m12_heavy_flood_dup60_s20260611,nonbonded,138746,PRIVPROBE:0,duplicate_filter,0,False,0,duplicate_filter
m12_heavy_flood_dup60_s20260611_nonbonded,BudgetDoS,m12_heavy_flood_dup60_s20260611,nonbonded,139930,PRIVPROBE:0,duplicate_filter,0,False,0,duplicate_filter
m12_heavy_flood_dup60_s20260611_nonbonded,BudgetDoS,m12_heavy_flood_dup60_s20260611,nonbonded,141025,PRIVPROBE:0,duplicate_filter,0,False,0,duplicate_filter
m12_heavy_flood_dup60_s20260611_nonbonded,BudgetDoS,m12_heavy_flood_dup60_s20260611,nonbonded,142180,PRIVPROBE:0,duplicate_filter,0,False,0,duplicate_filter
m12_heavy_flood_dup60_s20260611_nonbonded,BudgetDoS,m12_heavy_flood_dup60_s20260611,nonbonded,143282,PRIVPROBE:0,duplicate_filter,0,False,0,duplicate_filter
m12_heavy_flood_dup60_s20260611_nonbonded,BudgetDoS,m12_heavy_flood_dup60_s20260611,nonbonded,144450,PRIVPROBE:0,duplicate_filter,0,False,0,duplicate_filter
m12_heavy_flood_dup60_s20260611_nonbonded,BudgetDoS,m12_heavy_flood_dup60_s20260611,nonbonded,145534,PRIVPROBE:0,duplicate_filter,0,False,0,duplicate_filter
m12_heavy_flood_dup60_s20260611_nonbonded,BudgetDoS,m12_heavy_flood_dup60_s20260611,nonbonded,146636,PRIVPROBE:0,duplicate_filter,0,False,0,duplicate_filter
m12_heavy_flood_dup60_s20260611_nonbonded,BudgetDoS,m12_heavy_flood_dup60_s20260611,nonbonded,147741,PRIVPROBE:0,budget_skip,0,False,0,budget_skip
m12_heavy_flood_dup60_s20260611_nonbonded,BudgetDoS,m12_heavy_flood_dup60_s20260611,nonbonded,148858,PRIVPROBE:0,duplicate_filter,0,False,0,duplicate_filter
m12_heavy_flood_dup60_s20260611_nonbonded,BudgetDoS,m12_heavy_flood_dup60_s20260611,nonbonded,149973,PRIVPROBE:0,duplicate_filter,0,False,0,duplicate_filter
m12_heavy_flood_dup60_s20260611_nonbonded,BudgetDoS,m12_heavy_flood_dup60_s20260611,nonbonded,151046,PRIVPROBE:0,duplicate_filter,0,False,0,duplicate_filter
m12_heavy_flood_dup60_s20260611_nonbonded,BudgetDoS,m12_heavy_flood_dup60_s20260611,nonbonded,152178,PRIVPROBE:0,duplicate_filter,0,False,0,duplicate_filter
m12_heavy_flood_dup60_s20260611_nonbonded,BudgetDoS,m12_heavy_flood_dup60_s20260611,nonbonded,153260,PRIVPROBE:0,duplicate_filter,0,False,0,duplicate_filter
m12_heavy_flood_dup60_s20260611_nonbonded,BudgetDoS,m12_heavy_flood_dup60_s20260611,nonbonded,154369,PRIVPROBE:0,duplicate_filter,0,False,0,duplicate_filter
m12_heavy_flood_dup60_s20260611_nonbonded,BudgetDoS,m12_heavy_flood_dup60_s20260611,nonbonded,155525,PRIVPROBE:0,duplicate_filter,0,False,0,duplicate_filter
m12_heavy_flood_dup60_s20260611_nonbonded,BudgetDoS,m12_heavy_flood_dup60_s20260611,nonbonded,156693,PRIVPROBE:0,duplicate_filter,0,False,0,duplicate_filter
m12_heavy_flood_dup60_s20260611_nonbonded,BudgetDoS,m12_heavy_flood_dup60_s20260611,nonbonded,157830,PRIVPROBE:0,duplicate_filter,0,False,0,duplicate_filter
m12_heavy_flood_dup60_s20260611_nonbonded,BudgetDoS,m12_heavy_flood_dup60_s20260611,nonbonded,158944,PRIVPROBE:0,duplicate_filter,0,False,0,duplicate_filter
m12_heavy_flood_dup60_s20260611_nonbonded,BudgetDoS,m12_heavy_flood_dup60_s20260611,nonbonded,160085,PRIVPROBE:0,duplicate_filter,0,False,0,duplicate_filter
m12_heavy_flood_dup60_s20260611_nonbonded,BudgetDoS,m12_heavy_flood_dup60_s20260611,nonbonded,161201,PRIVPROBE:0,budget_skip,0,False,0,budget_skip
m12_heavy_flood_dup60_s20260611_nonbonded,BudgetDoS,m12_heavy_flood_dup60_s20260611,nonbonded,162345,PRIVPROBE:0,duplicate_filter,0,False,0,duplicate_filter
m12_heavy_flood_dup60_s20260611_nonbonded,BudgetDoS,m12_heavy_flood_dup60_s20260611,nonbonded,163454,PRIVPROBE:0,duplicate_filter,0,False,0,duplicate_filter
m12_heavy_flood_dup60_s20260611_nonbonded,BudgetDoS,m12_heavy_flood_dup60_s20260611,nonbonded,164593,PRIVPROBE:0,duplicate_filter,0,False,0,duplicate_filter
m12_heavy_flood_dup60_s20260611_nonbonded,BudgetDoS,m12_heavy_flood_dup60_s20260611,nonbonded,165712,PRIVPROBE:0,duplicate_filter,0,False,0,duplicate_filter
m12_heavy_flood_dup60_s20260611_nonbonded,BudgetDoS,m12_heavy_flood_dup60_s20260611,nonbonded,166804,PRIVPROBE:0,duplicate_filter,0,False,0,duplicate_filter
m12_heavy_flood_dup60_s20260611_nonbonded,BudgetDoS,m12_heavy_flood_dup60_s20260611,nonbonded,167944,PRIVPROBE:0,duplicate_filter,0,False,0,duplicate_filter
m12_heavy_flood_dup60_s20260611_nonbonded,BudgetDoS,m12_heavy_flood_dup60_s20260611,nonbonded,169069,PRIVPROBE:0,duplicate_filter,0,False,0,duplicate_filter
m12_heavy_flood_dup60_s20260611_nonbonded,BudgetDoS,m12_heavy_flood_dup60_s20260611,nonbonded,170244,PRIVPROBE:0,duplicate_filter,0,False,0,duplicate_filter
m12_heavy_flood_dup60_s20260611_nonbonded,BudgetDoS,m12_heavy_flood_dup60_s20260611,nonbonded,171410,PRIVPROBE:0,duplicate_filter,0,False,0,duplicate_filter
m12_heavy_flood_dup60_s20260611_nonbonded,BudgetDoS,m12_heavy_flood_dup60_s20260611,nonbonded,172405,PRIVPROBE:0,duplicate_filter,0,False,0,duplicate_filter
m12_heavy_flood_dup60_s20260611_nonbonded,BudgetDoS,m12_heavy_flood_dup60_s20260611,nonbonded,173492,PRIVPROBE:0,duplicate_filter,0,False,0,duplicate_filter
m12_heavy_flood_dup60_s20260611_nonbonded,BudgetDoS,m12_heavy_flood_dup60_s20260611,nonbonded,174560,PRIVPROBE:0,budget_skip,0,False,0,budget_skip
m12_heavy_flood_dup60_s20260611_nonbonded,BudgetDoS,m12_heavy_flood_dup60_s20260611,nonbonded,175666,PRIVPROBE:0,duplicate_filter,0,False,0,duplicate_filter
m12_heavy_flood_dup60_s20260611_nonbonded,BudgetDoS,m12_heavy_flood_dup60_s20260611,nonbonded,176798,PRIVPROBE:0,duplicate_filter,0,False,0,duplicate_filter
m12_heavy_flood_dup60_s20260611_nonbonded,BudgetDoS,m12_heavy_flood_dup60_s20260611,nonbonded,177903,PRIVPROBE:0,duplicate_filter,0,False,0,duplicate_filter
m12_heavy_flood_dup60_s20260611_nonbonded,BudgetDoS,m12_heavy_flood_dup60_s20260611,nonbonded,179018,PRIVPROBE:0,duplicate_filter,0,False,0,duplicate_filter
m12_heavy_flood_dup60_s20260611_nonbonded,BudgetDoS,m12_heavy_flood_dup60_s20260611,nonbonded,180121,PRIVPROBE:0,duplicate_filter,0,False,0,duplicate_filter
m12_heavy_flood_dup60_s20260611_nonbonded,BudgetDoS,m12_heavy_flood_dup60_s20260611,nonbonded,181182,PRIVPROBE:0,duplicate_filter,0,False,0,duplicate_filter
m12_heavy_flood_dup60_s20260611_nonbonded,BudgetDoS,m12_heavy_flood_dup60_s20260611,nonbonded,182316,PRIVPROBE:0,duplicate_filter,0,False,0,duplicate_filter
m12_heavy_flood_dup60_s20260611_nonbonded,BudgetDoS,m12_heavy_flood_dup60_s20260611,nonbonded,183422,PRIVPROBE:0,duplicate_filter,0,False,0,duplicate_filter
m12_heavy_flood_dup60_s20260611_nonbonded,BudgetDoS,m12_heavy_flood_dup60_s20260611,nonbonded,184463,PRIVPROBE:0,duplicate_filter,0,False,0,duplicate_filter
m12_heavy_flood_dup60_s20260611_nonbonded,BudgetDoS,m12_heavy_flood_dup60_s20260611,nonbonded,185506,PRIVPROBE:0,duplicate_filter,0,False,0,duplicate_filter
m12_heavy_flood_dup60_s20260611_nonbonded,BudgetDoS,m12_heavy_flood_dup60_s20260611,nonbonded,186536,PRIVPROBE:0,duplicate_filter,0,False,0,duplicate_filter
m12_heavy_flood_dup60_s20260611_nonbonded,BudgetDoS,m12_heavy_flood_dup60_s20260611,nonbonded,187631,PRIVPROBE:0,budget_skip,0,False,0,budget_skip
m12_heavy_flood_dup60_s20260611_nonbonded,BudgetDoS,m12_heavy_flood_dup60_s20260611,nonbonded,188740,PRIVPROBE:0,duplicate_filter,0,False,0,duplicate_filter
m12_heavy_flood_dup60_s20260611_nonbonded,BudgetDoS,m12_heavy_flood_dup60_s20260611,nonbonded,189876,PRIVPROBE:0,duplicate_filter,0,False,0,duplicate_filter
m12_heavy_flood_dup60_s20260611_nonbonded,BudgetDoS,m12_heavy_flood_dup60_s20260611,nonbonded,190991,PRIVPROBE:0,duplicate_filter,0,False,0,duplicate_filter
m12_heavy_flood_dup60_s20260611_nonbonded,BudgetDoS,m12_heavy_flood_dup60_s20260611,nonbonded,192049,PRIVPROBE:0,duplicate_filter,0,False,0,duplicate_filter
m12_heavy_flood_dup60_s20260611_nonbonded,BudgetDoS,m12_heavy_flood_dup60_s20260611,nonbonded,193219,PRIVPROBE:0,duplicate_filter,0,False,0,duplicate_filter
m12_heavy_flood_dup60_s20260611_nonbonded,BudgetDoS,m12_heavy_flood_dup60_s20260611,nonbonded,194268,PRIVPROBE:0,duplicate_filter,0,False,0,duplicate_filter
m12_heavy_flood_dup60_s20260611_nonbonded,BudgetDoS,m12_heavy_flood_dup60_s20260611,nonbonded,195337,PRIVPROBE:0,duplicate_filter,0,False,0,duplicate_filter
m12_heavy_flood_dup60_s20260611_nonbonded,BudgetDoS,m12_heavy_flood_dup60_s20260611,nonbonded,196383,PRIVPROBE:0,duplicate_filter,0,False,0,duplicate_filter
m12_heavy_flood_dup60_s20260611_nonbonded,BudgetDoS,m12_heavy_flood_dup60_s20260611,nonbonded,197555,PRIVPROBE:0,duplicate_filter,0,False,0,duplicate_filter
m12_heavy_flood_dup60_s20260611_nonbonded,BudgetDoS,m12_heavy_flood_dup60_s20260611,nonbonded,198671,PRIVPROBE:0,duplicate_filter,0,False,0,duplicate_filter
m12_heavy_flood_dup60_s20260611_nonbonded,BudgetDoS,m12_heavy_flood_dup60_s20260611,nonbonded,199826,PRIVPROBE:0,duplicate_filter,0,False,0,duplicate_filter
m12_heavy_flood_dup60_s20260611_nonbonded,BudgetDoS,m12_heavy_flood_dup60_s20260611,nonbonded,200898,PRIVPROBE:1,budget_skip,0,False,0,budget_skip
m12_heavy_flood_dup60_s20260611_nonbonded,BudgetDoS,m12_heavy_flood_dup60_s20260611,nonbonded,202048,PRIVPROBE:1,duplicate_filter,0,False,0,duplicate_filter
m12_heavy_flood_dup60_s20260611_nonbonded,BudgetDoS,m12_heavy_flood_dup60_s20260611,nonbonded,203161,PRIVPROBE:1,duplicate_filter,0,False,0,duplicate_filter
m12_heavy_flood_dup60_s20260611_nonbonded,BudgetDoS,m12_heavy_flood_dup60_s20260611,nonbonded,204371,PRIVPROBE:1,duplicate_filter,0,False,0,duplicate_filter
m12_heavy_flood_dup60_s20260611_nonbonded,BudgetDoS,m12_heavy_flood_dup60_s20260611,nonbonded,205534,PRIVPROBE:1,duplicate_filter,0,False,0,duplicate_filter
m12_heavy_flood_dup60_s20260611_nonbonded,BudgetDoS,m12_heavy_flood_dup60_s20260611,nonbonded,206693,PRIVPROBE:1,duplicate_filter,0,False,0,duplicate_filter
m12_heavy_flood_dup60_s20260611_nonbonded,BudgetDoS,m12_heavy_flood_dup60_s20260611,nonbonded,207844,PRIVPROBE:1,duplicate_filter,0,False,0,duplicate_filter
m12_heavy_flood_dup60_s20260611_nonbonded,BudgetDoS,m12_heavy_flood_dup60_s20260611,nonbonded,208966,PRIVPROBE:1,duplicate_filter,0,False,0,duplicate_filter
m12_heavy_flood_dup60_s20260611_nonbonded,BudgetDoS,m12_heavy_flood_dup60_s20260611,nonbonded,210165,PRIVPROBE:1,duplicate_filter,0,False,0,duplicate_filter
m12_heavy_flood_dup60_s20260611_nonbonded,BudgetDoS,m12_heavy_flood_dup60_s20260611,nonbonded,211268,PRIVPROBE:1,duplicate_filter,0,False,0,duplicate_filter
m12_heavy_flood_dup60_s20260611_nonbonded,BudgetDoS,m12_heavy_flood_dup60_s20260611,nonbonded,212444,PRIVPROBE:1,duplicate_filter,0,False,0,duplicate_filter
m12_heavy_flood_dup60_s20260611_nonbonded,BudgetDoS,m12_heavy_flood_dup60_s20260611,nonbonded,213565,PRIVPROBE:1,duplicate_filter,0,False,0,duplicate_filter
m12_heavy_flood_dup60_s20260611_nonbonded,BudgetDoS,m12_heavy_flood_dup60_s20260611,nonbonded,214732,PRIVPROBE:1,budget_skip,0,False,0,budget_skip
m12_heavy_flood_dup60_s20260611_nonbonded,BudgetDoS,m12_heavy_flood_dup60_s20260611,nonbonded,215826,PRIVPROBE:1,duplicate_filter,0,False,0,duplicate_filter
m12_heavy_flood_dup60_s20260611_nonbonded,BudgetDoS,m12_heavy_flood_dup60_s20260611,nonbonded,216895,PRIVPROBE:1,duplicate_filter,0,False,0,duplicate_filter
m12_heavy_flood_dup60_s20260611_nonbonded,BudgetDoS,m12_heavy_flood_dup60_s20260611,nonbonded,217980,PRIVPROBE:1,duplicate_filter,0,False,0,duplicate_filter
m12_heavy_flood_dup60_s20260611_nonbonded,BudgetDoS,m12_heavy_flood_dup60_s20260611,nonbonded,219061,PRIVPROBE:1,duplicate_filter,0,False,0,duplicate_filter
m12_heavy_flood_dup60_s20260611_nonbonded,BudgetDoS,m12_heavy_flood_dup60_s20260611,nonbonded,220190,PRIVPROBE:1,duplicate_filter,0,False,0,duplicate_filter
m12_heavy_flood_dup60_s20260611_nonbonded,BudgetDoS,m12_heavy_flood_dup60_s20260611,nonbonded,221276,PRIVPROBE:1,duplicate_filter,0,False,0,duplicate_filter
m12_heavy_flood_dup60_s20260611_nonbonded,BudgetDoS,m12_heavy_flood_dup60_s20260611,nonbonded,222415,PRIVPROBE:1,duplicate_filter,0,False,0,duplicate_filter
m12_heavy_flood_dup60_s20260611_nonbonded,BudgetDoS,m12_heavy_flood_dup60_s20260611,nonbonded,223502,PRIVPROBE:1,duplicate_filter,0,False,0,duplicate_filter
m12_heavy_flood_dup60_s20260611_nonbonded,BudgetDoS,m12_heavy_flood_dup60_s20260611,nonbonded,224615,PRIVPROBE:1,duplicate_filter,0,False,0,duplicate_filter
m12_heavy_flood_dup60_s20260611_nonbonded,BudgetDoS,m12_heavy_flood_dup60_s20260611,nonbonded,225695,PRIVPROBE:1,duplicate_filter,0,False,0,duplicate_filter
m12_heavy_flood_dup60_s20260611_nonbonded,BudgetDoS,m12_heavy_flood_dup60_s20260611,nonbonded,226793,PRIVPROBE:1,duplicate_filter,0,False,0,duplicate_filter
m12_heavy_flood_dup60_s20260611_nonbonded,BudgetDoS,m12_heavy_flood_dup60_s20260611,nonbonded,227897,PRIVPROBE:1,budget_skip,0,False,0,budget_skip
m12_heavy_flood_dup60_s20260611_nonbonded,BudgetDoS,m12_heavy_flood_dup60_s20260611,nonbonded,229025,PRIVPROBE:1,duplicate_filter,0,False,0,duplicate_filter
m12_heavy_flood_dup60_s20260611_nonbonded,BudgetDoS,m12_heavy_flood_dup60_s20260611,nonbonded,230100,PRIVPROBE:1,duplicate_filter,0,False,0,duplicate_filter
m12_heavy_flood_dup60_s20260611_nonbonded,BudgetDoS,m12_heavy_flood_dup60_s20260611,nonbonded,231241,PRIVPROBE:1,duplicate_filter,0,False,0,duplicate_filter
m12_heavy_flood_dup60_s20260611_nonbonded,BudgetDoS,m12_heavy_flood_dup60_s20260611,nonbonded,232379,PRIVPROBE:1,duplicate_filter,0,False,0,duplicate_filter
m12_heavy_flood_dup60_s20260611_nonbonded,BudgetDoS,m12_heavy_flood_dup60_s20260611,nonbonded,233451,PRIVPROBE:1,duplicate_filter,0,False,0,duplicate_filter
m12_heavy_flood_dup60_s20260611_nonbonded,BudgetDoS,m12_heavy_flood_dup60_s20260611,nonbonded,234492,PRIVPROBE:1,duplicate_filter,0,False,0,duplicate_filter
m12_heavy_flood_dup60_s20260611_nonbonded,BudgetDoS,m12_heavy_flood_dup60_s20260611,nonbonded,235686,PRIVPROBE:1,duplicate_filter,0,False,0,duplicate_filter
m12_heavy_flood_dup60_s20260611_nonbonded,BudgetDoS,m12_heavy_flood_dup60_s20260611,nonbonded,236732,PRIVPROBE:1,duplicate_filter,0,False,0,duplicate_filter
m12_heavy_flood_dup60_s20260611_nonbonded,BudgetDoS,m12_heavy_flood_dup60_s20260611,nonbonded,237831,PRIVPROBE:1,duplicate_filter,0,False,0,duplicate_filter
m12_heavy_flood_dup60_s20260611_nonbonded,BudgetDoS,m12_heavy_flood_dup60_s20260611,nonbonded,238903,PRIVPROBE:1,duplicate_filter,0,False,0,duplicate_filter
m12_heavy_flood_dup60_s20260611_nonbonded,BudgetDoS,m12_heavy_flood_dup60_s20260611,nonbonded,239974,PRIVPROBE:1,duplicate_filter,0,False,0,duplicate_filter
m12_heavy_flood_dup60_s20260611_nonbonded,BudgetDoS,m12_heavy_flood_dup60_s20260611,nonbonded,241112,PRIVPROBE:1,budget_skip,0,False,0,budget_skip
m12_heavy_flood_dup60_s20260611_nonbonded,BudgetDoS,m12_heavy_flood_dup60_s20260611,nonbonded,242259,PRIVPROBE:1,duplicate_filter,0,False,0,duplicate_filter
m12_heavy_flood_dup60_s20260611_nonbonded,BudgetDoS,m12_heavy_flood_dup60_s20260611,nonbonded,243412,PRIVPROBE:1,duplicate_filter,0,False,0,duplicate_filter
m12_heavy_flood_dup60_s20260611_nonbonded,BudgetDoS,m12_heavy_flood_dup60_s20260611,nonbonded,244536,PRIVPROBE:1,duplicate_filter,0,False,0,duplicate_filter
m12_heavy_flood_dup60_s20260611_nonbonded,BudgetDoS,m12_heavy_flood_dup60_s20260611,nonbonded,245679,PRIVPROBE:1,duplicate_filter,0,False,0,duplicate_filter
m12_heavy_flood_dup60_s20260611_nonbonded,BudgetDoS,m12_heavy_flood_dup60_s20260611,nonbonded,246852,PRIVPROBE:1,duplicate_filter,0,False,0,duplicate_filter
m12_heavy_flood_dup60_s20260611_nonbonded,BudgetDoS,m12_heavy_flood_dup60_s20260611,nonbonded,247872,PRIVPROBE:1,duplicate_filter,0,False,0,duplicate_filter
m12_heavy_flood_dup60_s20260611_nonbonded,BudgetDoS,m12_heavy_flood_dup60_s20260611,nonbonded,248975,PRIVPROBE:1,duplicate_filter,0,False,0,duplicate_filter
m12_heavy_flood_dup60_s20260611_nonbonded,BudgetDoS,m12_heavy_flood_dup60_s20260611,nonbonded,250128,PRIVPROBE:1,duplicate_filter,0,False,0,duplicate_filter
m12_heavy_flood_dup60_s20260611_nonbonded,BudgetDoS,m12_heavy_flood_dup60_s20260611,nonbonded,251228,PRIVPROBE:1,duplicate_filter,0,False,0,duplicate_filter
m12_heavy_flood_dup60_s20260611_nonbonded,BudgetDoS,m12_heavy_flood_dup60_s20260611,nonbonded,252420,PRIVPROBE:1,duplicate_filter,0,False,0,duplicate_filter
m12_heavy_flood_dup60_s20260611_nonbonded,BudgetDoS,m12_heavy_flood_dup60_s20260611,nonbonded,253490,PRIVPROBE:1,duplicate_filter,0,False,0,duplicate_filter
m12_heavy_flood_dup60_s20260611_nonbonded,BudgetDoS,m12_heavy_flood_dup60_s20260611,nonbonded,254595,PRIVPROBE:1,budget_skip,0,False,0,budget_skip
m12_heavy_flood_dup60_s20260611_nonbonded,BudgetDoS,m12_heavy_flood_dup60_s20260611,nonbonded,255759,PRIVPROBE:1,duplicate_filter,0,False,0,duplicate_filter
m12_heavy_flood_dup60_s20260611_nonbonded,BudgetDoS,m12_heavy_flood_dup60_s20260611,nonbonded,256863,PRIVPROBE:1,duplicate_filter,0,False,0,duplicate_filter
m12_heavy_flood_dup60_s20260611_nonbonded,BudgetDoS,m12_heavy_flood_dup60_s20260611,nonbonded,257980,PRIVPROBE:1,duplicate_filter,0,False,0,duplicate_filter
m12_heavy_flood_dup60_s20260611_nonbonded,BudgetDoS,m12_heavy_flood_dup60_s20260611,nonbonded,259019,PRIVPROBE:1,duplicate_filter,0,False,0,duplicate_filter
m12_heavy_flood_dup60_s20260611_nonbonded,BudgetDoS,m12_heavy_flood_dup60_s20260611,nonbonded,260149,PRIVPROBE:1,duplicate_filter,0,False,0,duplicate_filter
m12_heavy_flood_dup60_s20260611_nonbonded,BudgetDoS,m12_heavy_flood_dup60_s20260611,nonbonded,261299,PRIVPROBE:1,duplicate_filter,0,False,0,duplicate_filter
m12_heavy_flood_dup60_s20260611_nonbonded,BudgetDoS,m12_heavy_flood_dup60_s20260611,nonbonded,262338,PRIVPROBE:1,duplicate_filter,0,False,0,duplicate_filter
m12_heavy_flood_dup60_s20260611_nonbonded,BudgetDoS,m12_heavy_flood_dup60_s20260611,nonbonded,263407,PRIVPROBE:1,duplicate_filter,0,False,0,duplicate_filter
m12_heavy_flood_dup60_s20260611_nonbonded,BudgetDoS,m12_heavy_flood_dup60_s20260611,nonbonded,264546,PRIVPROBE:1,duplicate_filter,0,False,0,duplicate_filter
m12_heavy_flood_dup60_s20260611_nonbonded,BudgetDoS,m12_heavy_flood_dup60_s20260611,nonbonded,265745,PRIVPROBE:1,duplicate_filter,0,False,0,duplicate_filter
m12_heavy_flood_dup60_s20260611_nonbonded,BudgetDoS,m12_heavy_flood_dup60_s20260611,nonbonded,266875,PRIVPROBE:1,duplicate_filter,0,False,0,duplicate_filter
m12_heavy_flood_dup60_s20260611_nonbonded,BudgetDoS,m12_heavy_flood_dup60_s20260611,nonbonded,267978,PRIVPROBE:1,budget_skip,0,False,0,budget_skip
m12_heavy_flood_dup60_s20260611_nonbonded,BudgetDoS,m12_heavy_flood_dup60_s20260611,nonbonded,269067,PRIVPROBE:1,duplicate_filter,0,False,0,duplicate_filter
m12_heavy_flood_dup60_s20260611_nonbonded,BudgetDoS,m12_heavy_flood_dup60_s20260611,nonbonded,270128,PRIVPROBE:1,duplicate_filter,0,False,0,duplicate_filter
m12_heavy_flood_dup60_s20260611_nonbonded,BudgetDoS,m12_heavy_flood_dup60_s20260611,nonbonded,271220,PRIVPROBE:1,duplicate_filter,0,False,0,duplicate_filter
m12_heavy_flood_dup60_s20260611_nonbonded,BudgetDoS,m12_heavy_flood_dup60_s20260611,nonbonded,272299,PRIVPROBE:1,duplicate_filter,0,False,0,duplicate_filter
m12_heavy_flood_dup60_s20260611_nonbonded,BudgetDoS,m12_heavy_flood_dup60_s20260611,nonbonded,273380,PRIVPROBE:1,duplicate_filter,0,False,0,duplicate_filter
m12_heavy_flood_dup60_s20260611_nonbonded,BudgetDoS,m12_heavy_flood_dup60_s20260611,nonbonded,274458,PRIVPROBE:1,duplicate_filter,0,False,0,duplicate_filter
m12_heavy_flood_dup60_s20260611_nonbonded,BudgetDoS,m12_heavy_flood_dup60_s20260611,nonbonded,275548,PRIVPROBE:1,duplicate_filter,0,False,0,duplicate_filter
m12_heavy_flood_dup60_s20260611_nonbonded,BudgetDoS,m12_heavy_flood_dup60_s20260611,nonbonded,276559,PRIVPROBE:1,duplicate_filter,0,False,0,duplicate_filter
m12_heavy_flood_dup60_s20260611_nonbonded,BudgetDoS,m12_heavy_flood_dup60_s20260611,nonbonded,277684,PRIVPROBE:1,duplicate_filter,0,False,0,duplicate_filter
m12_heavy_flood_dup60_s20260611_nonbonded,BudgetDoS,m12_heavy_flood_dup60_s20260611,nonbonded,278861,PRIVPROBE:1,duplicate_filter,0,False,0,duplicate_filter
m12_heavy_flood_dup60_s20260611_nonbonded,BudgetDoS,m12_heavy_flood_dup60_s20260611,nonbonded,279912,PRIVPROBE:1,duplicate_filter,0,False,0,duplicate_filter
m12_heavy_flood_dup60_s20260611_nonbonded,BudgetDoS,m12_heavy_flood_dup60_s20260611,nonbonded,281073,PRIVPROBE:1,budget_skip,0,False,0,budget_skip
m12_heavy_flood_dup60_s20260611_nonbonded,BudgetDoS,m12_heavy_flood_dup60_s20260611,nonbonded,282118,PRIVPROBE:1,duplicate_filter,0,False,0,duplicate_filter
m12_heavy_flood_dup60_s20260611_nonbonded,BudgetDoS,m12_heavy_flood_dup60_s20260611,nonbonded,283196,PRIVPROBE:1,duplicate_filter,0,False,0,duplicate_filter
m12_heavy_flood_dup60_s20260611_nonbonded,BudgetDoS,m12_heavy_flood_dup60_s20260611,nonbonded,284335,PRIVPROBE:1,duplicate_filter,0,False,0,duplicate_filter
m12_heavy_flood_dup60_s20260611_nonbonded,BudgetDoS,m12_heavy_flood_dup60_s20260611,nonbonded,285463,PRIVPROBE:1,duplicate_filter,0,False,0,duplicate_filter
m12_heavy_flood_dup60_s20260611_nonbonded,BudgetDoS,m12_heavy_flood_dup60_s20260611,nonbonded,286570,PRIVPROBE:1,duplicate_filter,0,False,0,duplicate_filter
m12_heavy_flood_dup60_s20260611_nonbonded,BudgetDoS,m12_heavy_flood_dup60_s20260611,nonbonded,287708,PRIVPROBE:1,duplicate_filter,0,False,0,duplicate_filter
m12_heavy_flood_dup60_s20260611_nonbonded,BudgetDoS,m12_heavy_flood_dup60_s20260611,nonbonded,288848,PRIVPROBE:1,duplicate_filter,0,False,0,duplicate_filter
m12_heavy_flood_dup60_s20260611_nonbonded,BudgetDoS,m12_heavy_flood_dup60_s20260611,nonbonded,289922,PRIVPROBE:1,duplicate_filter,0,False,0,duplicate_filter
m12_heavy_flood_dup60_s20260611_nonbonded,BudgetDoS,m12_heavy_flood_dup60_s20260611,nonbonded,291034,PRIVPROBE:1,duplicate_filter,0,False,0,duplicate_filter
m12_heavy_flood_dup60_s20260611_nonbonded,BudgetDoS,m12_heavy_flood_dup60_s20260611,nonbonded,292161,PRIVPROBE:1,duplicate_filter,0,False,0,duplicate_filter
m12_heavy_flood_dup60_s20260611_nonbonded,BudgetDoS,m12_heavy_flood_dup60_s20260611,nonbonded,293355,PRIVPROBE:1,duplicate_filter,0,False,0,duplicate_filter
m12_heavy_flood_dup60_s20260611_nonbonded,BudgetDoS,m12_heavy_flood_dup60_s20260611,nonbonded,294506,PRIVPROBE:1,budget_skip,0,False,0,budget_skip
m12_heavy_flood_dup60_s20260611_nonbonded,BudgetDoS,m12_heavy_flood_dup60_s20260611,nonbonded,295565,PRIVPROBE:1,duplicate_filter,0,False,0,duplicate_filter
m12_heavy_flood_dup60_s20260611_nonbonded,BudgetDoS,m12_heavy_flood_dup60_s20260611,nonbonded,296699,PRIVPROBE:1,duplicate_filter,0,False,0,duplicate_filter
m12_heavy_flood_dup60_s20260611_nonbonded,BudgetDoS,m12_heavy_flood_dup60_s20260611,nonbonded,297894,PRIVPROBE:1,duplicate_filter,0,False,0,duplicate_filter
m12_heavy_flood_dup60_s20260611_nonbonded,BudgetDoS,m12_heavy_flood_dup60_s20260611,nonbonded,299042,PRIVPROBE:1,duplicate_filter,0,False,0,duplicate_filter
m12_heavy_flood_dup60_s20260611_nonbonded,BudgetDoS,m12_heavy_flood_dup60_s20260611,nonbonded,300134,PRIVPROBE:1,duplicate_filter,0,False,0,duplicate_filter
m12_heavy_flood_dup60_s20260611_nonbonded,BudgetDoS,m12_heavy_flood_dup60_s20260611,nonbonded,301248,PRIVPROBE:1,duplicate_filter,0,False,0,duplicate_filter
m12_heavy_flood_dup60_s20260611_nonbonded,BudgetDoS,m12_heavy_flood_dup60_s20260611,nonbonded,302405,PRIVPROBE:1,duplicate_filter,0,False,0,duplicate_filter
m12_heavy_flood_dup60_s20260611_nonbonded,BudgetDoS,m12_heavy_flood_dup60_s20260611,nonbonded,303511,PRIVPROBE:1,duplicate_filter,0,False,0,duplicate_filter
m12_heavy_flood_dup60_s20260611_nonbonded,BudgetDoS,m12_heavy_flood_dup60_s20260611,nonbonded,304598,PRIVPROBE:1,duplicate_filter,0,False,0,duplicate_filter
m12_heavy_flood_dup60_s20260611_nonbonded,BudgetDoS,m12_heavy_flood_dup60_s20260611,nonbonded,305760,PRIVPROBE:1,duplicate_filter,0,False,0,duplicate_filter
m12_heavy_flood_dup60_s20260611_nonbonded,BudgetDoS,m12_heavy_flood_dup60_s20260611,nonbonded,306838,PRIVPROBE:1,duplicate_filter,0,False,0,duplicate_filter
m12_heavy_flood_dup60_s20260611_nonbonded,BudgetDoS,m12_heavy_flood_dup60_s20260611,nonbonded,307934,PRIVPROBE:1,budget_skip,0,False,0,budget_skip
m12_heavy_flood_dup60_s20260611_nonbonded,BudgetDoS,m12_heavy_flood_dup60_s20260611,nonbonded,309038,PRIVPROBE:1,duplicate_filter,0,False,0,duplicate_filter
m12_heavy_flood_dup60_s20260611_nonbonded,BudgetDoS,m12_heavy_flood_dup60_s20260611,nonbonded,310135,PRIVPROBE:1,duplicate_filter,0,False,0,duplicate_filter
m12_heavy_flood_dup60_s20260611_nonbonded,BudgetDoS,m12_heavy_flood_dup60_s20260611,nonbonded,311342,PRIVPROBE:1,duplicate_filter,0,False,0,duplicate_filter
m12_heavy_flood_dup60_s20260611_nonbonded,BudgetDoS,m12_heavy_flood_dup60_s20260611,nonbonded,312461,PRIVPROBE:1,duplicate_filter,0,False,0,duplicate_filter
m12_heavy_flood_dup60_s20260611_nonbonded,BudgetDoS,m12_heavy_flood_dup60_s20260611,nonbonded,313642,PRIVPROBE:1,duplicate_filter,0,False,0,duplicate_filter
m12_heavy_flood_dup60_s20260611_nonbonded,BudgetDoS,m12_heavy_flood_dup60_s20260611,nonbonded,314781,PRIVPROBE:1,duplicate_filter,0,False,0,duplicate_filter
m12_heavy_flood_dup60_s20260611_nonbonded,BudgetDoS,m12_heavy_flood_dup60_s20260611,nonbonded,315876,PRIVPROBE:1,duplicate_filter,0,False,0,duplicate_filter
m12_heavy_flood_dup60_s20260611_nonbonded,BudgetDoS,m12_heavy_flood_dup60_s20260611,nonbonded,316942,PRIVPROBE:1,duplicate_filter,0,False,0,duplicate_filter
m12_heavy_flood_dup60_s20260611_nonbonded,BudgetDoS,m12_heavy_flood_dup60_s20260611,nonbonded,318077,PRIVPROBE:1,duplicate_filter,0,False,0,duplicate_filter
m12_heavy_flood_dup60_s20260611_nonbonded,BudgetDoS,m12_heavy_flood_dup60_s20260611,nonbonded,319213,PRIVPROBE:1,duplicate_filter,0,False,0,duplicate_filter
m12_heavy_flood_dup60_s20260611_nonbonded,BudgetDoS,m12_heavy_flood_dup60_s20260611,nonbonded,320323,PRIVPROBE:1,duplicate_filter,0,False,0,duplicate_filter
m12_heavy_flood_dup60_s20260611_nonbonded,BudgetDoS,m12_heavy_flood_dup60_s20260611,nonbonded,321472,PRIVPROBE:1,budget_skip,0,False,0,budget_skip
m12_heavy_flood_dup60_s20260611_nonbonded,BudgetDoS,m12_heavy_flood_dup60_s20260611,nonbonded,322617,PRIVPROBE:1,duplicate_filter,0,False,0,duplicate_filter
m12_heavy_flood_dup60_s20260611_nonbonded,BudgetDoS,m12_heavy_flood_dup60_s20260611,nonbonded,323759,PRIVPROBE:1,duplicate_filter,0,False,0,duplicate_filter
m12_heavy_flood_dup60_s20260611_nonbonded,BudgetDoS,m12_heavy_flood_dup60_s20260611,nonbonded,324838,PRIVPROBE:1,duplicate_filter,0,False,0,duplicate_filter
m12_heavy_flood_dup60_s20260611_nonbonded,BudgetDoS,m12_heavy_flood_dup60_s20260611,nonbonded,325855,PRIVPROBE:1,duplicate_filter,0,False,0,duplicate_filter
m12_heavy_flood_dup60_s20260611_nonbonded,BudgetDoS,m12_heavy_flood_dup60_s20260611,nonbonded,326966,PRIVPROBE:1,duplicate_filter,0,False,0,duplicate_filter
m12_heavy_flood_dup60_s20260611_nonbonded,BudgetDoS,m12_heavy_flood_dup60_s20260611,nonbonded,327976,PRIVPROBE:1,duplicate_filter,0,False,0,duplicate_filter
m12_heavy_flood_dup60_s20260611_nonbonded,BudgetDoS,m12_heavy_flood_dup60_s20260611,nonbonded,329053,PRIVPROBE:1,duplicate_filter,0,False,0,duplicate_filter
m12_heavy_flood_dup60_s20260611_nonbonded,BudgetDoS,m12_heavy_flood_dup60_s20260611,nonbonded,330160,PRIVPROBE:1,duplicate_filter,0,False,0,duplicate_filter
m12_heavy_flood_dup60_s20260611_nonbonded,BudgetDoS,m12_heavy_flood_dup60_s20260611,nonbonded,331276,PRIVPROBE:1,duplicate_filter,0,False,0,duplicate_filter
m12_heavy_flood_dup60_s20260611_nonbonded,BudgetDoS,m12_heavy_flood_dup60_s20260611,nonbonded,332387,PRIVPROBE:1,duplicate_filter,0,False,0,duplicate_filter
m12_heavy_flood_dup60_s20260611_nonbonded,BudgetDoS,m12_heavy_flood_dup60_s20260611,nonbonded,333488,PRIVPROBE:1,duplicate_filter,0,False,0,duplicate_filter
m12_heavy_flood_dup60_s20260611_nonbonded,BudgetDoS,m12_heavy_flood_dup60_s20260611,nonbonded,334596,PRIVPROBE:1,budget_skip,0,False,0,budget_skip
m12_heavy_flood_dup60_s20260611_nonbonded,BudgetDoS,m12_heavy_flood_dup60_s20260611,nonbonded,335668,PRIVPROBE:1,duplicate_filter,0,False,0,duplicate_filter
m12_heavy_flood_dup60_s20260611_nonbonded,BudgetDoS,m12_heavy_flood_dup60_s20260611,nonbonded,336697,PRIVPROBE:1,duplicate_filter,0,False,0,duplicate_filter
m12_heavy_flood_dup60_s20260611_nonbonded,BudgetDoS,m12_heavy_flood_dup60_s20260611,nonbonded,337838,PRIVPROBE:1,duplicate_filter,0,False,0,duplicate_filter
m12_heavy_flood_dup60_s20260611_nonbonded,BudgetDoS,m12_heavy_flood_dup60_s20260611,nonbonded,338892,PRIVPROBE:1,duplicate_filter,0,False,0,duplicate_filter
m12_heavy_flood_dup60_s20260611_nonbonded,BudgetDoS,m12_heavy_flood_dup60_s20260611,nonbonded,340001,PRIVPROBE:1,duplicate_filter,0,False,0,duplicate_filter
m12_heavy_flood_dup60_s20260611_nonbonded,BudgetDoS,m12_heavy_flood_dup60_s20260611,nonbonded,341134,PRIVPROBE:1,duplicate_filter,0,False,0,duplicate_filter
m12_heavy_flood_dup60_s20260611_nonbonded,BudgetDoS,m12_heavy_flood_dup60_s20260611,nonbonded,342258,PRIVPROBE:1,duplicate_filter,0,False,0,duplicate_filter
m12_heavy_flood_dup60_s20260611_nonbonded,BudgetDoS,m12_heavy_flood_dup60_s20260611,nonbonded,343356,PRIVPROBE:1,duplicate_filter,0,False,0,duplicate_filter
m12_heavy_flood_dup60_s20260611_nonbonded,BudgetDoS,m12_heavy_flood_dup60_s20260611,nonbonded,344443,PRIVPROBE:1,duplicate_filter,0,False,0,duplicate_filter
m12_heavy_flood_dup60_s20260611_nonbonded,BudgetDoS,m12_heavy_flood_dup60_s20260611,nonbonded,345488,PRIVPROBE:1,duplicate_filter,0,False,0,duplicate_filter
m12_heavy_flood_dup60_s20260611_nonbonded,BudgetDoS,m12_heavy_flood_dup60_s20260611,nonbonded,346635,PRIVPROBE:1,duplicate_filter,0,False,0,duplicate_filter
m12_heavy_flood_dup60_s20260611_nonbonded,BudgetDoS,m12_heavy_flood_dup60_s20260611,nonbonded,347741,PRIVPROBE:1,budget_skip,0,False,0,budget_skip
m12_heavy_flood_dup60_s20260611_nonbonded,BudgetDoS,m12_heavy_flood_dup60_s20260611,nonbonded,348832,PRIVPROBE:1,duplicate_filter,0,False,0,duplicate_filter
m12_heavy_flood_dup60_s20260611_nonbonded,BudgetDoS,m12_heavy_flood_dup60_s20260611,nonbonded,349959,PRIVPROBE:1,duplicate_filter,0,False,0,duplicate_filter
m12_heavy_flood_dup60_s20260611_nonbonded,BudgetDoS,m12_heavy_flood_dup60_s20260611,nonbonded,351057,PRIVPROBE:1,duplicate_filter,0,False,0,duplicate_filter
m12_heavy_flood_dup60_s20260611_nonbonded,BudgetDoS,m12_heavy_flood_dup60_s20260611,nonbonded,352127,PRIVPROBE:1,duplicate_filter,0,False,0,duplicate_filter
m12_heavy_flood_dup60_s20260611_nonbonded,BudgetDoS,m12_heavy_flood_dup60_s20260611,nonbonded,353234,PRIVPROBE:1,duplicate_filter,0,False,0,duplicate_filter
m12_heavy_flood_dup60_s20260611_nonbonded,BudgetDoS,m12_heavy_flood_dup60_s20260611,nonbonded,354319,PRIVPROBE:1,duplicate_filter,0,False,0,duplicate_filter
m12_heavy_flood_dup60_s20260611_nonbonded,BudgetDoS,m12_heavy_flood_dup60_s20260611,nonbonded,355436,PRIVPROBE:1,duplicate_filter,0,False,0,duplicate_filter
m12_heavy_flood_dup60_s20260611_nonbonded,BudgetDoS,m12_heavy_flood_dup60_s20260611,nonbonded,356549,PRIVPROBE:1,duplicate_filter,0,False,0,duplicate_filter
m12_heavy_flood_dup60_s20260611_nonbonded,BudgetDoS,m12_heavy_flood_dup60_s20260611,nonbonded,357720,PRIVPROBE:1,duplicate_filter,0,False,0,duplicate_filter
m12_heavy_flood_dup60_s20260611_nonbonded,BudgetDoS,m12_heavy_flood_dup60_s20260611,nonbonded,358807,PRIVPROBE:1,duplicate_filter,0,False,0,duplicate_filter
m12_heavy_flood_dup60_s20260611_nonbonded,BudgetDoS,m12_heavy_flood_dup60_s20260611,nonbonded,359835,PRIVPROBE:1,duplicate_filter,0,False,0,duplicate_filter
m12_heavy_flood_dup60_s20260611_nonbonded,BudgetDoS,m12_heavy_flood_dup60_s20260611,nonbonded,360884,PRIVPROBE:1,budget_skip,0,False,0,budget_skip
m12_heavy_flood_dup60_s20260611_nonbonded,BudgetDoS,m12_heavy_flood_dup60_s20260611,nonbonded,362009,PRIVPROBE:1,duplicate_filter,0,False,0,duplicate_filter
m12_heavy_flood_dup60_s20260611_nonbonded,BudgetDoS,m12_heavy_flood_dup60_s20260611,nonbonded,363058,PRIVPROBE:1,duplicate_filter,0,False,0,duplicate_filter
m12_heavy_flood_dup60_s20260611_nonbonded,BudgetDoS,m12_heavy_flood_dup60_s20260611,nonbonded,364190,PRIVPROBE:1,duplicate_filter,0,False,0,duplicate_filter
m12_heavy_flood_dup60_s20260611_nonbonded,BudgetDoS,m12_heavy_flood_dup60_s20260611,nonbonded,365325,PRIVPROBE:1,duplicate_filter,0,False,0,duplicate_filter
m12_heavy_flood_dup60_s20260611_nonbonded,BudgetDoS,m12_heavy_flood_dup60_s20260611,nonbonded,366486,PRIVPROBE:1,duplicate_filter,0,False,0,duplicate_filter
m12_heavy_flood_dup60_s20260611_nonbonded,BudgetDoS,m12_heavy_flood_dup60_s20260611,nonbonded,367589,PRIVPROBE:1,duplicate_filter,0,False,0,duplicate_filter
m12_heavy_flood_dup60_s20260611_nonbonded,BudgetDoS,m12_heavy_flood_dup60_s20260611,nonbonded,368724,PRIVPROBE:1,duplicate_filter,0,False,0,duplicate_filter
m12_heavy_flood_dup60_s20260611_nonbonded,BudgetDoS,m12_heavy_flood_dup60_s20260611,nonbonded,369881,PRIVPROBE:1,duplicate_filter,0,False,0,duplicate_filter
m12_heavy_flood_dup60_s20260611_nonbonded,BudgetDoS,m12_heavy_flood_dup60_s20260611,nonbonded,370991,PRIVPROBE:1,duplicate_filter,0,False,0,duplicate_filter
m12_heavy_flood_dup60_s20260611_nonbonded,BudgetDoS,m12_heavy_flood_dup60_s20260611,nonbonded,372104,PRIVPROBE:1,duplicate_filter,0,False,0,duplicate_filter
m12_heavy_flood_dup60_s20260611_nonbonded,BudgetDoS,m12_heavy_flood_dup60_s20260611,nonbonded,373153,PRIVPROBE:1,duplicate_filter,0,False,0,duplicate_filter
m12_heavy_flood_dup60_s20260611_nonbonded,BudgetDoS,m12_heavy_flood_dup60_s20260611,nonbonded,374276,PRIVPROBE:1,budget_skip,0,False,0,budget_skip
m12_heavy_flood_dup60_s20260611_nonbonded,BudgetDoS,m12_heavy_flood_dup60_s20260611,nonbonded,375400,PRIVPROBE:1,duplicate_filter,0,False,0,duplicate_filter
m12_heavy_flood_dup60_s20260611_nonbonded,BudgetDoS,m12_heavy_flood_dup60_s20260611,nonbonded,376443,PRIVPROBE:1,duplicate_filter,0,False,0,duplicate_filter
m12_heavy_flood_dup60_s20260611_nonbonded,BudgetDoS,m12_heavy_flood_dup60_s20260611,nonbonded,377514,PRIVPROBE:1,duplicate_filter,0,False,0,duplicate_filter
m12_heavy_flood_dup60_s20260611_nonbonded,BudgetDoS,m12_heavy_flood_dup60_s20260611,nonbonded,378667,PRIVPROBE:1,duplicate_filter,0,False,0,duplicate_filter
m12_heavy_flood_dup60_s20260611_nonbonded,BudgetDoS,m12_heavy_flood_dup60_s20260611,nonbonded,379775,PRIVPROBE:1,duplicate_filter,0,False,0,duplicate_filter
m12_heavy_flood_dup60_s20260611_nonbonded,BudgetDoS,m12_heavy_flood_dup60_s20260611,nonbonded,380952,PRIVPROBE:1,duplicate_filter,0,False,0,duplicate_filter
m12_heavy_flood_dup60_s20260611_nonbonded,BudgetDoS,m12_heavy_flood_dup60_s20260611,nonbonded,382012,PRIVPROBE:1,duplicate_filter,0,False,0,duplicate_filter
m12_heavy_flood_dup60_s20260611_nonbonded,BudgetDoS,m12_heavy_flood_dup60_s20260611,nonbonded,383060,PRIVPROBE:1,duplicate_filter,0,False,0,duplicate_filter
m12_heavy_flood_dup60_s20260611_nonbonded,BudgetDoS,m12_heavy_flood_dup60_s20260611,nonbonded,384178,PRIVPROBE:1,duplicate_filter,0,False,0,duplicate_filter
m12_heavy_flood_dup60_s20260611_nonbonded,BudgetDoS,m12_heavy_flood_dup60_s20260611,nonbonded,385289,PRIVPROBE:1,duplicate_filter,0,False,0,duplicate_filter
m12_heavy_flood_dup60_s20260611_nonbonded,BudgetDoS,m12_heavy_flood_dup60_s20260611,nonbonded,386437,PRIVPROBE:1,duplicate_filter,0,False,0,duplicate_filter
m12_heavy_flood_dup60_s20260611_nonbonded,BudgetDoS,m12_heavy_flood_dup60_s20260611,nonbonded,387576,PRIVPROBE:1,budget_skip,0,False,0,budget_skip
m12_heavy_flood_dup60_s20260611_nonbonded,BudgetDoS,m12_heavy_flood_dup60_s20260611,nonbonded,388653,PRIVPROBE:1,duplicate_filter,0,False,0,duplicate_filter
m12_heavy_flood_dup60_s20260611_nonbonded,BudgetDoS,m12_heavy_flood_dup60_s20260611,nonbonded,389769,PRIVPROBE:1,duplicate_filter,0,False,0,duplicate_filter
m12_heavy_flood_dup60_s20260611_nonbonded,BudgetDoS,m12_heavy_flood_dup60_s20260611,nonbonded,390826,PRIVPROBE:1,duplicate_filter,0,False,0,duplicate_filter
m12_heavy_flood_dup60_s20260611_nonbonded,BudgetDoS,m12_heavy_flood_dup60_s20260611,nonbonded,391878,PRIVPROBE:1,duplicate_filter,0,False,0,duplicate_filter
m12_heavy_flood_dup60_s20260611_nonbonded,BudgetDoS,m12_heavy_flood_dup60_s20260611,nonbonded,392947,PRIVPROBE:1,duplicate_filter,0,False,0,duplicate_filter
m12_heavy_flood_dup60_s20260611_nonbonded,BudgetDoS,m12_heavy_flood_dup60_s20260611,nonbonded,394023,PRIVPROBE:1,duplicate_filter,0,False,0,duplicate_filter
m12_heavy_flood_dup60_s20260611_nonbonded,BudgetDoS,m12_heavy_flood_dup60_s20260611,nonbonded,395107,PRIVPROBE:1,duplicate_filter,0,False,0,duplicate_filter
m12_heavy_flood_dup60_s20260611_nonbonded,BudgetDoS,m12_heavy_flood_dup60_s20260611,nonbonded,396235,PRIVPROBE:1,duplicate_filter,0,False,0,duplicate_filter
m12_heavy_flood_dup60_s20260611_nonbonded,BudgetDoS,m12_heavy_flood_dup60_s20260611,nonbonded,397356,PRIVPROBE:1,duplicate_filter,0,False,0,duplicate_filter
m12_heavy_flood_dup60_s20260611_nonbonded,BudgetDoS,m12_heavy_flood_dup60_s20260611,nonbonded,398478,PRIVPROBE:1,duplicate_filter,0,False,0,duplicate_filter
m12_heavy_flood_dup60_s20260611_nonbonded,BudgetDoS,m12_heavy_flood_dup60_s20260611,nonbonded,399658,PRIVPROBE:1,duplicate_filter,0,False,0,duplicate_filter
