run_id,method,event_id,action,aes_attempts,matched,matched_device_id,deferred,delay_ms,false_defer,drop_reason
paper_walkthrough,StaticRL,0,host_scan,12,False,,False,0,False,
paper_walkthrough,StaticRL,1,host_scan,12,False,,False,0,False,
paper_walkthrough,StaticRL,2,host_scan,12,False,,False,0,False,
paper_walkthrough,StaticRL,3,host_scan,12,False,,False,0,False,
paper_walkthrough,StaticRL,4,host_scan,12,False,,False,0,False,
paper_walkthrough,StaticRL,5,host_scan,12,False,,False,0,False,
paper_walkthrough,StaticRL,6,host_scan,12,False,,False,0,False,
paper_walkthrough,StaticRL,7,host_scan,12,False,,False,0,False,
paper_walkthrough,StaticRL,8,host_scan,12,False,,False,0,False,
paper_walkthrough,StaticRL,9,host_scan,12,False,,False,0,False,
paper_walkthrough,StaticRL,10,host_scan,12,False,,False,0,False,
paper_walkthrough,StaticRL,11,host_scan,12,False,,False,0,False,
paper_walkthrough,StaticRL,12,host_scan,12,False,,False,0,False,
paper_walkthrough,StaticRL,13,host_scan,12,False,,False,0,False,
paper_walkthrough,StaticRL,14,host_scan,12,False,,False,0,False,
paper_walkthrough,StaticRL,15,host_scan,12,False,,False,0,False,
paper_walkthrough,StaticRL,16,host_scan,12,False,,False,0,False,
paper_walkthrough,StaticRL,17,host_scan,12,False,,False,0,False,
paper_walkthrough,StaticRL,18,host_scan,12,False,,False,0,False,
paper_walkthrough,StaticRL,19,host_scan,12,False,,False,0,False,
paper_walkthrough,StaticRL,20,host_scan,12,False,,False,0,False,
paper_walkthrough,StaticRL,21,host_scan,12,False,,False,0,False,
paper_walkthrough,StaticRL,22,host_scan,12,False,,False,0,False,
paper_walkthrough,StaticRL,23,host_scan,12,False,,False,0,False,
paper_walkthrough,StaticRL,24,host_scan,12,False,,False,0,False,
paper_walkthrough,StaticRL,25,host_scan,12,False,,False,0,False,
paper_walkthrough,StaticRL,26,host_scan,12,False,,False,0,False,
paper_walkthrough,StaticRL,27,skip_non_rpa,0,False,,False,0,False,
paper_walkthrough,StaticRL,28,host_scan,12,False,,False,0,False,
paper_walkthrough,StaticRL,29,host_scan,12,False,,False,0,False,
paper_walkthrough,StaticRL,30,host_scan,12,False,,False,0,False,
paper_walkthrough,StaticRL,31,host_scan,12,False,,False,0,False,
paper_walkthrough,StaticRL,32,host_scan,12,False,,False,0,False,
paper_walkthrough,StaticRL,33,host_scan,12,False,,False,0,False,
paper_walkthrough,StaticRL,34,skip_non_rpa,0,False,,False,0,False,
paper_walkthrough,StaticRL,35,host_scan,12,True,dev_0006,False,0,False,
paper_walkthrough,StaticRL,36,host_scan,12,False,,False,0,False,
paper_walkthrough,StaticRL,37,skip_non_rpa,0,False,,False,0,False,
paper_walkthrough,StaticRL,38,rl_hit,1,True,dev_0002,False,0,False,
paper_walkthrough,StaticRL,39,host_scan,12,False,,False,0,False,
paper_walkthrough,StaticRL,40,host_scan,12,False,,False,0,False,
paper_walkthrough,StaticRL,41,host_scan,12,False,,False,0,False,
paper_walkthrough,StaticRL,42,host_scan,12,False,,False,0,False,
paper_walkthrough,StaticRL,43,host_scan,12,False,,False,0,False,
paper_walkthrough,StaticRL,44,host_scan,12,False,,False,0,False,
paper_walkthrough,StaticRL,45,host_scan,12,False,,False,0,False,
paper_walkthrough,StaticRL,46,host_scan,12,False,,False,0,False,
paper_walkthrough,StaticRL,47,host_scan,12,False,,False,0,False,
paper_walkthrough,StaticRL,48,host_scan,12,False,,False,0,False,
paper_walkthrough,StaticRL,49,skip_non_rpa,0,False,,False,0,False,
paper_walkthrough,StaticRL,50,host_scan,12,False,,False,0,False,
paper_walkthrough,StaticRL,51,host_scan,12,False,,False,0,False,
paper_walkthrough,StaticRL,52,host_scan,12,False,,False,0,False,
paper_walkthrough,StaticRL,53,host_scan,12,False,,False,0,False,
paper_walkthrough,StaticRL,54,host_scan,12,False,,False,0,False,
paper_walkthrough,StaticRL,55,skip_non_rpa,0,False,,False,0,False,
paper_walkthrough,StaticRL,56,host_scan,12,False,,False,0,False,
paper_walkthrough,StaticRL,57,host_scan,12,False,,False,0,False,
paper_walkthrough,StaticRL,58,host_scan,12,False,,False,0,False,
paper_walkthrough,StaticRL,59,host_scan,12,False,,False,0,False,
paper_walkthrough,StaticRL,60,skip_non_rpa,0,False,,False,0,False,
paper_walkthrough,StaticRL,61,host_scan,12,False,,False,0,False,
paper_walkthrough,StaticRL,62,skip_non_rpa,0,False,,False,0,False,
paper_walkthrough,StaticRL,63,host_scan,12,False,,False,0,False,
paper_walkthrough,StaticRL,64,rl_hit,1,True,dev_0000,False,0,False,
paper_walkthrough,StaticRL,65,host_scan,12,False,,False,0,False,
paper_walkthrough,StaticRL,66,host_scan,12,False,,False,0,False,
paper_walkthrough,StaticRL,67,host_scan,12,False,,False,0,False,
paper_walkthrough,StaticRL,68,host_scan,12,False,,False,0,False,
paper_walkthrough,StaticRL,69,host_scan,12,False,,False,0,False,
paper_walkthrough,StaticRL,70,host_scan,12,False,,False,0,False,
paper_walkthrough,StaticRL,71,host_scan,12,False,,False,0,False,
paper_walkthrough,StaticRL,72,host_scan,12,False,,False,0,False,
paper_walkthrough,StaticRL,73,host_scan,12,False,,False,0,False,
paper_walkthrough,StaticRL,74,host_scan,12,False,,False,0,False,
paper_walkthrough,StaticRL,75,host_scan,12,False,,False,0,False,
paper_walkthrough,StaticRL,76,rl_hit,1,True,dev_0001,False,0,False,
paper_walkthrough,StaticRL,77,host_scan,12,False,,False,0,False,
paper_walkthrough,StaticRL,78,host_scan,12,False,,False,0,False,
paper_walkthrough,StaticRL,79,skip_non_rpa,0,False,,False,0,False,
paper_walkthrough,StaticRL,80,host_scan,12,False,,False,0,False,
paper_walkthrough,StaticRL,81,host_scan,12,False,,False,0,False,
paper_walkthrough,StaticRL,82,host_scan,12,False,,False,0,False,
paper_walkthrough,StaticRL,83,rl_hit,1,True,dev_0000,False,0,False,
paper_walkthrough,StaticRL,84,host_scan,12,False,,False,0,False,
paper_walkthrough,StaticRL,85,host_scan,12,False,,False,0,False,
paper_walkthrough,StaticRL,86,host_scan,12,False,,False,0,False,
paper_walkthrough,StaticRL,87,host_scan,12,False,,False,0,False,
paper_walkthrough,StaticRL,88,host_scan,12,False,,False,0,False,
paper_walkthrough,StaticRL,89,host_scan,12,False,,False,0,False,
paper_walkthrough,StaticRL,90,host_scan,12,False,,False,0,False,
paper_walkthrough,StaticRL,91,host_scan,12,False,,False,0,False,
paper_walkthrough,StaticRL,92,host_scan,12,False,,False,0,False,
paper_walkthrough,StaticRL,93,rl_hit,1,True,dev_0001,False,0,False,
paper_walkthrough,StaticRL,94,host_scan,12,False,,False,0,False,
paper_walkthrough,StaticRL,95,host_scan,12,False,,False,0,False,
paper_walkthrough,StaticRL,96,host_scan,12,False,,False,0,False,
paper_walkthrough,StaticRL,97,skip_non_rpa,0,False,,False,0,False,
paper_walkthrough,StaticRL,98,skip_non_rpa,0,False,,False,0,False,
paper_walkthrough,StaticRL,99,host_scan,12,False,,False,0,False,
paper_walkthrough,StaticRL,100,host_scan,12,False,,False,0,False,
paper_walkthrough,StaticRL,101,host_scan,12,False,,False,0,False,
paper_walkthrough,StaticRL,102,skip_non_rpa,0,False,,False,0,False,
paper_walkthrough,StaticRL,103,host_scan,12,False,,False,0,False,
paper_walkthrough,StaticRL,104,skip_non_rpa,0,False,,False,0,False,
paper_walkthrough,StaticRL,105,host_scan,12,False,,False,0,False,
paper_walkthrough,StaticRL,106,host_scan,12,False,,False,0,False,
paper_walkthrough,StaticRL,107,skip_non_rpa,0,False,,False,0,False,
paper_walkthrough,StaticRL,108,host_scan,12,False,,False,0,False,
paper_walkthrough,StaticRL,109,skip_non_rpa,0,False,,False,0,False,
paper_walkthrough,StaticRL,110,host_scan,12,False,,False,0,False,
paper_walkthrough,StaticRL,111,host_scan,12,False,,False,0,False,
paper_walkthrough,StaticRL,112,host_scan,12,False,,False,0,False,
paper_walkthrough,StaticRL,113,rl_hit,1,True,dev_0000,False,0,False,
paper_walkthrough,StaticRL,114,host_scan,12,False,,False,0,False,
paper_walkthrough,StaticRL,115,skip_non_rpa,0,False,,False,0,False,
paper_walkthrough,StaticRL,116,skip_non_rpa,0,False,,False,0,False,
paper_walkthrough,StaticRL,117,host_scan,12,False,,False,0,False,
paper_walkthrough,StaticRL,118,host_scan,12,False,,False,0,False,
paper_walkthrough,StaticRL,119,host_scan,12,False,,False,0,False,
paper_walkthrough,StaticRL,120,host_scan,12,False,,False,0,False,
paper_walkthrough,StaticRL,121,host_scan,12,False,,False,0,False,
paper_walkthrough,StaticRL,122,host_scan,12,False,,False,0,False,
paper_walkthrough,StaticRL,123,host_scan,12,False,,False,0,False,
paper_walkthrough,StaticRL,124,host_scan,12,False,,False,0,False,
paper_walkthrough,StaticRL,125,host_scan,12,False,,False,0,False,
paper_walkthrough,StaticRL,126,host_scan,12,False,,False,0,False,
paper_walkthrough,StaticRL,127,host_scan,12,False,,False,0,False,
paper_walkthrough,StaticRL,128,host_scan,12,False,,False,0,False,
paper_walkthrough,StaticRL,129,host_scan,12,False,,False,0,False,
paper_walkthrough,StaticRL,130,skip_non_rpa,0,False,,False,0,False,
paper_walkthrough,StaticRL,131,host_scan,12,False,,False,0,False,
paper_walkthrough,StaticRL,132,host_scan,12,False,,False,0,False,
paper_walkthrough,StaticRL,133,host_scan,12,False,,False,0,False,
paper_walkthrough,StaticRL,134,skip_non_rpa,0,False,,False,0,False,
paper_walkthrough,StaticRL,135,host_scan,12,False,,False,0,False,
paper_walkthrough,StaticRL,136,skip_non_rpa,0,False,,False,0,False,
paper_walkthrough,StaticRL,137,host_scan,12,False,,False,0,False,
paper_walkthrough,StaticRL,138,host_scan,12,False,,False,0,False,
paper_walkthrough,StaticRL,139,host_scan,12,False,,False,0,False,
paper_walkthrough,StaticRL,140,skip_non_rpa,0,False,,False,0,False,
paper_walkthrough,StaticRL,141,rl_hit,1,True,dev_0001,False,0,False,
paper_walkthrough,StaticRL,142,host_scan,12,False,,False,0,False,
paper_walkthrough,StaticRL,143,host_scan,12,False,,False,0,False,
paper_walkthrough,StaticRL,144,host_scan,12,True,dev_0006,False,0,False,
paper_walkthrough,StaticRL,145,host_scan,12,False,,False,0,False,
paper_walkthrough,StaticRL,146,host_scan,12,False,,False,0,False,
paper_walkthrough,StaticRL,147,host_scan,12,False,,False,0,False,
paper_walkthrough,StaticRL,148,host_scan,12,False,,False,0,False,
paper_walkthrough,StaticRL,149,host_scan,12,False,,False,0,False,
paper_walkthrough,StaticRL,150,host_scan,12,False,,False,0,False,
paper_walkthrough,StaticRL,151,host_scan,12,False,,False,0,False,
paper_walkthrough,StaticRL,152,host_scan,12,True,dev_0005,False,0,False,
paper_walkthrough,StaticRL,153,host_scan,12,False,,False,0,False,
paper_walkthrough,StaticRL,154,host_scan,12,False,,False,0,False,
paper_walkthrough,StaticRL,155,rl_hit,1,True,dev_0002,False,0,False,
paper_walkthrough,StaticRL,156,host_scan,12,False,,False,0,False,
paper_walkthrough,StaticRL,157,host_scan,12,False,,False,0,False,
paper_walkthrough,StaticRL,158,host_scan,12,False,,False,0,False,
paper_walkthrough,StaticRL,159,host_scan,12,False,,False,0,False,
paper_walkthrough,StaticRL,160,host_scan,12,False,,False,0,False,
paper_walkthrough,StaticRL,161,host_scan,12,False,,False,0,False,
paper_walkthrough,StaticRL,162,host_scan,12,True,dev_0004,False,0,False,
paper_walkthrough,StaticRL,163,host_scan,12,False,,False,0,False,
paper_walkthrough,StaticRL,164,host_scan,12,False,,False,0,False,
paper_walkthrough,StaticRL,165,host_scan,12,False,,False,0,False,
paper_walkthrough,StaticRL,166,host_scan,12,False,,False,0,False,
paper_walkthrough,StaticRL,167,host_scan,12,False,,False,0,False,
paper_walkthrough,StaticRL,168,rl_hit,1,True,dev_0003,False,0,False,
paper_walkthrough,StaticRL,169,host_scan,12,False,,False,0,False,
paper_walkthrough,StaticRL,170,host_scan,12,False,,False,0,False,
paper_walkthrough,StaticRL,171,skip_non_rpa,0,False,,False,0,False,
paper_walkthrough,StaticRL,172,skip_non_rpa,0,False,,False,0,False,
paper_walkthrough,StaticRL,173,host_scan,12,False,,False,0,False,
paper_walkthrough,StaticRL,174,host_scan,12,False,,False,0,False,
paper_walkthrough,StaticRL,175,host_scan,12,False,,False,0,False,
paper_walkthrough,StaticRL,176,host_scan,12,False,,False,0,False,
paper_walkthrough,StaticRL,177,host_scan,12,False,,False,0,False,
paper_walkthrough,StaticRL,178,host_scan,12,False,,False,0,False,
paper_walkthrough,StaticRL,179,host_scan,12,False,,False,0,False,
paper_walkthrough,StaticRL,180,host_scan,12,False,,False,0,False,
paper_walkthrough,StaticRL,181,host_scan,12,False,,False,0,False,
paper_walkthrough,StaticRL,182,host_scan,12,False,,False,0,False,
paper_walkthrough,StaticRL,183,host_scan,12,False,,False,0,False,
paper_walkthrough,StaticRL,184,host_scan,12,False,,False,0,False,
paper_walkthrough,StaticRL,185,host_scan,12,True,dev_0005,False,0,False,
paper_walkthrough,StaticRL,186,skip_non_rpa,0,False,,False,0,False,
paper_walkthrough,StaticRL,187,host_scan,12,False,,False,0,False,
paper_walkthrough,StaticRL,188,host_scan,12,False,,False,0,False,
paper_walkthrough,StaticRL,189,host_scan,12,False,,False,0,False,
paper_walkthrough,StaticRL,190,host_scan,12,False,,False,0,False,
paper_walkthrough,StaticRL,191,host_scan,12,False,,False,0,False,
paper_walkthrough,StaticRL,192,skip_non_rpa,0,False,,False,0,False,
paper_walkthrough,StaticRL,193,host_scan,12,False,,False,0,False,
paper_walkthrough,StaticRL,194,host_scan,12,False,,False,0,False,
paper_walkthrough,StaticRL,195,skip_non_rpa,0,False,,False,0,False,
paper_walkthrough,StaticRL,196,host_scan,12,False,,False,0,False,
paper_walkthrough,StaticRL,197,host_scan,12,False,,False,0,False,
paper_walkthrough,StaticRL,198,host_scan,12,False,,False,0,False,
paper_walkthrough,StaticRL,199,host_scan,12,False,,False,0,False,
paper_walkthrough,StaticRL,200,skip_non_rpa,0,False,,False,0,False,
paper_walkthrough,StaticRL,201,host_scan,12,False,,False,0,False,
paper_walkthrough,StaticRL,202,host_scan,12,False,,False,0,False,
paper_walkthrough,StaticRL,203,rl_hit,1,True,dev_0000,False,0,False,
paper_walkthrough,StaticRL,204,rl_hit,1,True,dev_0002,False,0,False,
paper_walkthrough,StaticRL,205,host_scan,12,False,,False,0,False,
paper_walkthrough,StaticRL,206,host_scan,12,False,,False,0,False,
paper_walkthrough,StaticRL,207,host_scan,12,False,,False,0,False,
paper_walkthrough,StaticRL,208,host_scan,12,False,,False,0,False,
paper_walkthrough,StaticRL,209,host_scan,12,False,,False,0,False,
paper_walkthrough,StaticRL,210,skip_non_rpa,0,False,,False,0,False,
paper_walkthrough,StaticRL,211,rl_hit,1,True,dev_0000,False,0,False,
paper_walkthrough,StaticRL,212,host_scan,12,False,,False,0,False,
paper_walkthrough,StaticRL,213,skip_non_rpa,0,False,,False,0,False,
paper_walkthrough,StaticRL,214,rl_hit,1,True,dev_0002,False,0,False,
paper_walkthrough,StaticRL,215,host_scan,12,False,,False,0,False,
paper_walkthrough,StaticRL,216,host_scan,12,False,,False,0,False,
paper_walkthrough,StaticRL,217,skip_non_rpa,0,False,,False,0,False,
paper_walkthrough,StaticRL,218,host_scan,12,False,,False,0,False,
paper_walkthrough,StaticRL,219,skip_non_rpa,0,False,,False,0,False,
paper_walkthrough,StaticRL,220,rl_hit,1,True,dev_0002,False,0,False,
paper_walkthrough,StaticRL,221,host_scan,12,False,,False,0,False,
paper_walkthrough,StaticRL,222,host_scan,12,False,,False,0,False,
paper_walkthrough,StaticRL,223,skip_non_rpa,0,False,,False,0,False,
paper_walkthrough,StaticRL,224,skip_non_rpa,0,False,,False,0,False,
paper_walkthrough,StaticRL,225,host_scan,12,False,,False,0,False,
paper_walkthrough,StaticRL,226,host_scan,12,False,,False,0,False,
paper_walkthrough,StaticRL,227,host_scan,12,False,,False,0,False,
paper_walkthrough,StaticRL,228,host_scan,12,False,,False,0,False,
paper_walkthrough,StaticRL,229,skip_non_rpa,0,False,,False,0,False,
paper_walkthrough,StaticRL,230,host_scan,12,False,,False,0,False,
paper_walkthrough,StaticRL,231,host_scan,12,False,,False,0,False,
paper_walkthrough,StaticRL,232,host_scan,12,False,,False,0,False,
paper_walkthrough,StaticRL,233,host_scan,12,True,dev_0004,False,0,False,
paper_walkthrough,StaticRL,234,host_scan,12,False,,False,0,False,
paper_walkthrough,StaticRL,235,host_scan,12,False,,False,0,False,
paper_walkthrough,StaticRL,236,host_scan,12,False,,False,0,False,
paper_walkthrough,StaticRL,237,host_scan,12,False,,False,0,False,
paper_walkthrough,StaticRL,238,host_scan,12,False,,False,0,False,
paper_walkthrough,StaticRL,239,host_scan,12,False,,False,0,False,
paper_walkthrough,StaticRL,240,host_scan,12,False,,False,0,False,
paper_walkthrough,StaticRL,241,host_scan,12,False,,False,0,False,
paper_walkthrough,StaticRL,242,host_scan,12,False,,False,0,False,
paper_walkthrough,StaticRL,243,host_scan,12,False,,False,0,False,
paper_walkthrough,StaticRL,244,skip_non_rpa,0,False,,False,0,False,
paper_walkthrough,StaticRL,245,rl_hit,1,True,dev_0000,False,0,False,
paper_walkthrough,StaticRL,246,host_scan,12,False,,False,0,False,
paper_walkthrough,StaticRL,247,host_scan,12,False,,False,0,False,
paper_walkthrough,StaticRL,248,host_scan,12,False,,False,0,False,
paper_walkthrough,StaticRL,249,host_scan,12,False,,False,0,False,
paper_walkthrough,StaticRL,250,host_scan,12,False,,False,0,False,
paper_walkthrough,StaticRL,251,host_scan,12,False,,False,0,False,
paper_walkthrough,StaticRL,252,host_scan,12,False,,False,0,False,
paper_walkthrough,StaticRL,253,host_scan,12,False,,False,0,False,
paper_walkthrough,StaticRL,254,skip_non_rpa,0,False,,False,0,False,
paper_walkthrough,StaticRL,255,host_scan,12,False,,False,0,False,
paper_walkthrough,StaticRL,256,host_scan,12,False,,False,0,False,
paper_walkthrough,StaticRL,257,host_scan,12,False,,False,0,False,
paper_walkthrough,StaticRL,258,rl_hit,1,True,dev_0000,False,0,False,
paper_walkthrough,StaticRL,259,rl_hit,1,True,dev_0001,False,0,False,
paper_walkthrough,StaticRL,260,host_scan,12,False,,False,0,False,
paper_walkthrough,StaticRL,261,host_scan,12,False,,False,0,False,
paper_walkthrough,StaticRL,262,host_scan,12,False,,False,0,False,
paper_walkthrough,StaticRL,263,host_scan,12,False,,False,0,False,
paper_walkthrough,StaticRL,264,host_scan,12,False,,False,0,False,
paper_walkthrough,StaticRL,265,host_scan,12,False,,False,0,False,
paper_walkthrough,StaticRL,266,host_scan,12,False,,False,0,False,
paper_walkthrough,StaticRL,267,host_scan,12,False,,False,0,False,
paper_walkthrough,StaticRL,268,host_scan,12,False,,False,0,False,
paper_walkthrough,StaticRL,269,host_scan,12,False,,False,0,False,
paper_walkthrough,StaticRL,270,host_scan,12,False,,False,0,False,
paper_walkthrough,StaticRL,271,host_scan,12,False,,False,0,False,
paper_walkthrough,StaticRL,272,rl_hit,1,True,dev_0003,False,0,False,
paper_walkthrough,StaticRL,273,host_scan,12,False,,False,0,False,
paper_walkthrough,StaticRL,274,host_scan,12,False,,False,0,False,
paper_walkthrough,StaticRL,275,rl_hit,1,True,dev_0001,False,0,False,
paper_walkthrough,StaticRL,276,host_scan,12,False,,False,0,False,
paper_walkthrough,StaticRL,277,skip_non_rpa,0,False,,False,0,False,
paper_walkthrough,StaticRL,278,rl_hit,1,True,dev_0002,False,0,False,
paper_walkthrough,StaticRL,279,host_scan,12,False,,False,0,False,
paper_walkthrough,StaticRL,280,host_scan,12,False,,False,0,False,
paper_walkthrough,StaticRL,281,host_scan,12,False,,False,0,False,
paper_walkthrough,StaticRL,282,host_scan,12,False,,False,0,False,
paper_walkthrough,StaticRL,283,host_scan,12,False,,False,0,False,
paper_walkthrough,StaticRL,284,skip_non_rpa,0,False,,False,0,False,
paper_walkthrough,StaticRL,285,host_scan,12,False,,False,0,False,
paper_walkthrough,StaticRL,286,host_scan,12,False,,False,0,False,
paper_walkthrough,StaticRL,287,host_scan,12,False,,False,0,False,
paper_walkthrough,StaticRL,288,skip_non_rpa,0,False,,False,0,False,
paper_walkthrough,StaticRL,289,host_scan,12,False,,False,0,False,
paper_walkthrough,StaticRL,290,host_scan,12,False,,False,0,False,
paper_walkthrough,StaticRL,291,host_scan,12,False,,False,0,False,
paper_walkthrough,StaticRL,292,host_scan,12,False,,False,0,False,
paper_walkthrough,StaticRL,293,host_scan,12,False,,False,0,False,
paper_walkthrough,StaticRL,294,rl_hit,1,True,dev_0000,False,0,False,
paper_walkthrough,StaticRL,295,skip_non_rpa,0,False,,False,0,False,
paper_walkthrough,StaticRL,296,host_scan,12,False,,False,0,False,
paper_walkthrough,StaticRL,297,host_scan,12,True,dev_0005,False,0,False,
paper_walkthrough,StaticRL,298,host_scan,12,False,,False,0,False,
paper_walkthrough,StaticRL,299,host_scan,12,False,,False,0,False,
paper_walkthrough,StaticRL,300,skip_non_rpa,0,False,,False,0,False,
paper_walkthrough,StaticRL,301,host_scan,12,False,,False,0,False,
paper_walkthrough,StaticRL,302,rl_hit,1,True,dev_0001,False,0,False,
paper_walkthrough,StaticRL,303,skip_non_rpa,0,False,,False,0,False,
paper_walkthrough,StaticRL,304,host_scan,12,False,,False,0,False,
paper_walkthrough,StaticRL,305,host_scan,12,False,,False,0,False,
paper_walkthrough,StaticRL,306,host_scan,12,False,,False,0,False,
paper_walkthrough,StaticRL,307,host_scan,12,False,,False,0,False,
paper_walkthrough,StaticRL,308,host_scan,12,False,,False,0,False,
paper_walkthrough,StaticRL,309,host_scan,12,False,,False,0,False,
paper_walkthrough,StaticRL,310,host_scan,12,False,,False,0,False,
paper_walkthrough,StaticRL,311,host_scan,12,False,,False,0,False,
paper_walkthrough,StaticRL,312,host_scan,12,False,,False,0,False,
paper_walkthrough,StaticRL,313,host_scan,12,False,,False,0,False,
paper_walkthrough,StaticRL,314,skip_non_rpa,0,False,,False,0,False,
paper_walkthrough,StaticRL,315,host_scan,12,False,,False,0,False,
paper_walkthrough,StaticRL,316,host_scan,12,False,,False,0,False,
paper_walkthrough,StaticRL,317,host_scan,12,False,,False,0,False,
paper_walkthrough,StaticRL,318,host_scan,12,False,,False,0,False,
paper_walkthrough,StaticRL,319,host_scan,12,False,,False,0,False,
paper_walkthrough,StaticRL,320,rl_hit,1,True,dev_0001,False,0,False,
paper_walkthrough,StaticRL,321,host_scan,12,False,,False,0,False,
paper_walkthrough,StaticRL,322,host_scan,12,False,,False,0,False,
paper_walkthrough,StaticRL,323,skip_non_rpa,0,False,,False,0,False,
paper_walkthrough,StaticRL,324,host_scan,12,False,,False,0,False,
paper_walkthrough,StaticRL,325,host_scan,12,False,,False,0,False,
paper_walkthrough,StaticRL,326,host_scan,12,False,,False,0,False,
paper_walkthrough,StaticRL,327,host_scan,12,False,,False,0,False,
paper_walkthrough,StaticRL,328,host_scan,12,False,,False,0,False,
paper_walkthrough,StaticRL,329,skip_non_rpa,0,False,,False,0,False,
paper_walkthrough,StaticRL,330,skip_non_rpa,0,False,,False,0,False,
paper_walkthrough,StaticRL,331,host_scan,12,False,,False,0,False,
paper_walkthrough,StaticRL,332,host_scan,12,False,,False,0,False,
paper_walkthrough,StaticRL,333,host_scan,12,True,dev_0007,False,0,False,
paper_walkthrough,StaticRL,334,host_scan,12,False,,False,0,False,
paper_walkthrough,StaticRL,335,host_scan,12,False,,False,0,False,
paper_walkthrough,StaticRL,336,host_scan,12,False,,False,0,False,
paper_walkthrough,StaticRL,337,skip_non_rpa,0,False,,False,0,False,
paper_walkthrough,StaticRL,338,rl_hit,1,True,dev_0000,False,0,False,
paper_walkthrough,StaticRL,339,host_scan,12,False,,False,0,False,
paper_walkthrough,StaticRL,340,rl_hit,1,True,dev_0000,False,0,False,
paper_walkthrough,StaticRL,341,host_scan,12,False,,False,0,False,
paper_walkthrough,StaticRL,342,host_scan,12,False,,False,0,False,
paper_walkthrough,StaticRL,343,host_scan,12,False,,False,0,False,
paper_walkthrough,StaticRL,344,host_scan,12,False,,False,0,False,
paper_walkthrough,StaticRL,345,host_scan,12,False,,False,0,False,
paper_walkthrough,StaticRL,346,host_scan,12,False,,False,0,False,
paper_walkthrough,StaticRL,347,host_scan,12,False,,False,0,False,
paper_walkthrough,StaticRL,348,skip_non_rpa,0,False,,False,0,False,
paper_walkthrough,StaticRL,349,host_scan,12,False,,False,0,False,
paper_walkthrough,StaticRL,350,host_scan,12,False,,False,0,False,
paper_walkthrough,StaticRL,351,host_scan,12,False,,False,0,False,
paper_walkthrough,StaticRL,352,skip_non_rpa,0,False,,False,0,False,
paper_walkthrough,StaticRL,353,host_scan,12,False,,False,0,False,
paper_walkthrough,StaticRL,354,skip_non_rpa,0,False,,False,0,False,
paper_walkthrough,StaticRL,355,host_scan,12,False,,False,0,False,
paper_walkthrough,StaticRL,356,host_scan,12,False,,False,0,False,
paper_walkthrough,StaticRL,357,host_scan,12,False,,False,0,False,
paper_walkthrough,StaticRL,358,host_scan,12,False,,False,0,False,
paper_walkthrough,StaticRL,359,skip_non_rpa,0,False,,False,0,False,
paper_walkthrough,StaticRL,360,host_scan,12,False,,False,0,False,
paper_walkthrough,StaticRL,361,host_scan,12,False,,False,0,False,
paper_walkthrough,StaticRL,362,host_scan,12,False,,False,0,False,
paper_walkthrough,StaticRL,363,skip_non_rpa,0,False,,False,0,False,
paper_walkthrough,StaticRL,364,host_scan,12,False,,False,0,False,
paper_walkthrough,StaticRL,365,skip_non_rpa,0,False,,False,0,False,
paper_walkthrough,StaticRL,366,host_scan,12,False,,False,0,False,
paper_walkthrough,StaticRL,367,skip_non_rpa,0,False,,False,0,False,
paper_walkthrough,StaticRL,368,host_scan,12,False,,False,0,False,
paper_walkthrough,StaticRL,369,rl_hit,1,True,dev_0001,False,0,False,
paper_walkthrough,StaticRL,370,host_scan,12,False,,False,0,False,
paper_walkthrough,StaticRL,371,host_scan,12,False,,False,0,False,
paper_walkthrough,StaticRL,372,host_scan,12,False,,False,0,False,
paper_walkthrough,StaticRL,373,skip_non_rpa,0,False,,False,0,False,
paper_walkthrough,StaticRL,374,host_scan,12,False,,False,0,False,
paper_walkthrough,StaticRL,375,rl_hit,1,True,dev_0001,False,0,False,
paper_walkthrough,StaticRL,376,host_scan,12,False,,False,0,False,
paper_walkthrough,StaticRL,377,rl_hit,1,True,dev_0000,False,0,False,
paper_walkthrough,StaticRL,378,skip_non_rpa,0,False,,False,0,False,
paper_walkthrough,StaticRL,379,host_scan,12,False,,False,0,False,
paper_walkthrough,StaticRL,380,host_scan,12,False,,False,0,False,
paper_walkthrough,StaticRL,381,host_scan,12,False,,False,0,False,
paper_walkthrough,StaticRL,382,host_scan,12,False,,False,0,False,
paper_walkthrough,StaticRL,383,host_scan,12,False,,False,0,False,
paper_walkthrough,StaticRL,384,skip_non_rpa,0,False,,False,0,False,
paper_walkthrough,StaticRL,385,host_scan,12,False,,False,0,False,
paper_walkthrough,StaticRL,386,host_scan,12,False,,False,0,False,
paper_walkthrough,StaticRL,387,host_scan,12,False,,False,0,False,
paper_walkthrough,StaticRL,388,host_scan,12,False,,False,0,False,
paper_walkthrough,StaticRL,389,host_scan,12,False,,False,0,False,
paper_walkthrough,StaticRL,390,host_scan,12,False,,False,0,False,
paper_walkthrough,StaticRL,391,host_scan,12,False,,False,0,False,
paper_walkthrough,StaticRL,392,skip_non_rpa,0,False,,False,0,False,
paper_walkthrough,StaticRL,393,host_scan,12,False,,False,0,False,
paper_walkthrough,StaticRL,394,host_scan,12,False,,False,0,False,
paper_walkthrough,StaticRL,395,host_scan,12,False,,False,0,False,
paper_walkthrough,StaticRL,396,host_scan,12,False,,False,0,False,
paper_walkthrough,StaticRL,397,host_scan,12,False,,False,0,False,
paper_walkthrough,StaticRL,398,rl_hit,1,True,dev_0000,False,0,False,
paper_walkthrough,StaticRL,399,skip_non_rpa,0,False,,False,0,False,
paper_walkthrough,StaticRL,400,host_scan,12,False,,False,0,False,
paper_walkthrough,StaticRL,401,host_scan,12,False,,False,0,False,
paper_walkthrough,StaticRL,402,host_scan,12,False,,False,0,False,
paper_walkthrough,StaticRL,403,host_scan,12,False,,False,0,False,
paper_walkthrough,StaticRL,404,host_scan,12,False,,False,0,False,
paper_walkthrough,StaticRL,405,host_scan,12,True,dev_0007,False,0,False,
paper_walkthrough,StaticRL,406,host_scan,12,False,,False,0,False,
paper_walkthrough,StaticRL,407,host_scan,12,False,,False,0,False,
paper_walkthrough,StaticRL,408,host_scan,12,False,,False,0,False,
paper_walkthrough,StaticRL,409,host_scan,12,True,dev_0005,False,0,False,
paper_walkthrough,StaticRL,410,host_scan,12,False,,False,0,False,
paper_walkthrough,StaticRL,411,rl_hit,1,True,dev_0001,False,0,False,
paper_walkthrough,StaticRL,412,host_scan,12,False,,False,0,False,
paper_walkthrough,StaticRL,413,host_scan,12,False,,False,0,False,
paper_walkthrough,StaticRL,414,host_scan,12,False,,False,0,False,
paper_walkthrough,StaticRL,415,host_scan,12,False,,False,0,False,
paper_walkthrough,StaticRL,416,host_scan,12,False,,False,0,False,
paper_walkthrough,StaticRL,417,host_scan,12,False,,False,0,False,
paper_walkthrough,StaticRL,418,host_scan,12,False,,False,0,False,
paper_walkthrough,StaticRL,419,host_scan,12,False,,False,0,False,
paper_walkthrough,StaticRL,420,host_scan,12,False,,False,0,False,
paper_walkthrough,StaticRL,421,host_scan,12,False,,False,0,False,
paper_walkthrough,StaticRL,422,host_scan,12,False,,False,0,False,
paper_walkthrough,StaticRL,423,skip_non_rpa,0,False,,False,0,False,
paper_walkthrough,StaticRL,424,host_scan,12,False,,False,0,False,
paper_walkthrough,StaticRL,425,host_scan,12,False,,False,0,False,
paper_walkthrough,StaticRL,426,host_scan,12,False,,False,0,False,
paper_walkthrough,StaticRL,427,host_scan,12,False,,False,0,False,
paper_walkthrough,StaticRL,428,host_scan,12,False,,False,0,False,
paper_walkthrough,StaticRL,429,host_scan,12,False,,False,0,False,
paper_walkthrough,StaticRL,430,host_scan,12,False,,False,0,False,
paper_walkthrough,StaticRL,431,host_scan,12,False,,False,0,False,
paper_walkthrough,StaticRL,432,host_scan,12,False,,False,0,False,
paper_walkthrough,StaticRL,433,host_scan,12,False,,False,0,False,
paper_walkthrough,StaticRL,434,host_scan,12,False,,False,0,False,
paper_walkthrough,StaticRL,435,host_scan,12,False,,False,0,False,
paper_walkthrough,StaticRL,436,host_scan,12,False,,False,0,False,
paper_walkthrough,StaticRL,437,host_scan,12,False,,False,0,False,
paper_walkthrough,StaticRL,438,host_scan,12,False,,False,0,False,
paper_walkthrough,StaticRL,439,host_scan,12,False,,False,0,False,
paper_walkthrough,StaticRL,440,host_scan,12,False,,False,0,False,
paper_walkthrough,StaticRL,441,host_scan,12,False,,False,0,False,
paper_walkthrough,StaticRL,442,host_scan,12,False,,False,0,False,
paper_walkthrough,StaticRL,443,skip_non_rpa,0,False,,False,0,False,
paper_walkthrough,StaticRL,444,host_scan,12,False,,False,0,False,
paper_walkthrough,StaticRL,445,host_scan,12,False,,False,0,False,
paper_walkthrough,StaticRL,446,host_scan,12,False,,False,0,False,
paper_walkthrough,StaticRL,447,rl_hit,1,True,dev_0000,False,0,False,
paper_walkthrough,StaticRL,448,host_scan,12,False,,False,0,False,
paper_walkthrough,StaticRL,449,skip_non_rpa,0,False,,False,0,False,
paper_walkthrough,StaticRL,450,host_scan,12,False,,False,0,False,
paper_walkthrough,StaticRL,451,host_scan,12,False,,False,0,False,
paper_walkthrough,StaticRL,452,host_scan,12,False,,False,0,False,
paper_walkthrough,StaticRL,453,host_scan,12,False,,False,0,False,
paper_walkthrough,StaticRL,454,host_scan,12,False,,False,0,False,
paper_walkthrough,StaticRL,455,host_scan,12,False,,False,0,False,
paper_walkthrough,StaticRL,456,host_scan,12,False,,False,0,False,
paper_walkthrough,StaticRL,457,rl_hit,1,True,dev_0000,False,0,False,
paper_walkthrough,StaticRL,458,host_scan,12,False,,False,0,False,
paper_walkthrough,StaticRL,459,skip_non_rpa,0,False,,False,0,False,
paper_walkthrough,StaticRL,460,host_scan,12,False,,False,0,False,
paper_walkthrough,StaticRL,461,host_scan,12,False,,False,0,False,
paper_walkthrough,StaticRL,462,host_scan,12,False,,False,0,False,
paper_walkthrough,StaticRL,463,host_scan,12,False,,False,0,False,
paper_walkthrough,StaticRL,464,skip_non_rpa,0,False,,False,0,False,
paper_walkthrough,StaticRL,465,host_scan,12,False,,False,0,False,
paper_walkthrough,StaticRL,466,rl_hit,1,True,dev_0000,False,0,False,
paper_walkthrough,StaticRL,467,host_scan,12,False,,False,0,False,
paper_walkthrough,StaticRL,468,host_scan,12,True,dev_0004,False,0,False,
paper_walkthrough,StaticRL,469,host_scan,12,False,,False,0,False,
paper_walkthrough,StaticRL,470,host_scan,12,False,,False,0,False,
paper_walkthrough,StaticRL,471,host_scan,12,False,,False,0,False,
paper_walkthrough,StaticRL,472,host_scan,12,False,,False,0,False,
paper_walkthrough,StaticRL,473,host_scan,12,False,,False,0,False,
paper_walkthrough,StaticRL,474,host_scan,12,False,,False,0,False,
paper_walkthrough,StaticRL,475,host_scan,12,False,,False,0,False,
paper_walkthrough,StaticRL,476,host_scan,12,False,,False,0,False,
paper_walkthrough,StaticRL,477,skip_non_rpa,0,False,,False,0,False,
paper_walkthrough,StaticRL,478,host_scan,12,False,,False,0,False,
paper_walkthrough,StaticRL,479,host_scan,12,False,,False,0,False,
paper_walkthrough,StaticRL,480,host_scan,12,False,,False,0,False,
paper_walkthrough,StaticRL,481,host_scan,12,False,,False,0,False,
paper_walkthrough,StaticRL,482,host_scan,12,False,,False,0,False,
paper_walkthrough,StaticRL,483,host_scan,12,False,,False,0,False,
paper_walkthrough,StaticRL,484,host_scan,12,False,,False,0,False,
paper_walkthrough,StaticRL,485,host_scan,12,False,,False,0,False,
paper_walkthrough,StaticRL,486,skip_non_rpa,0,False,,False,0,False,
paper_walkthrough,StaticRL,487,host_scan,12,False,,False,0,False,
paper_walkthrough,StaticRL,488,host_scan,12,False,,False,0,False,
paper_walkthrough,StaticRL,489,skip_non_rpa,0,False,,False,0,False,
paper_walkthrough,StaticRL,490,host_scan,12,False,,False,0,False,
paper_walkthrough,StaticRL,491,host_scan,12,False,,False,0,False,
paper_walkthrough,StaticRL,492,host_scan,12,False,,False,0,False,
paper_walkthrough,StaticRL,493,host_scan,12,True,dev_0007,False,0,False,
paper_walkthrough,StaticRL,494,skip_non_rpa,0,False,,False,0,False,
paper_walkthrough,StaticRL,495,host_scan,12,False,,False,0,False,
paper_walkthrough,StaticRL,496,host_scan,12,False,,False,0,False,
paper_walkthrough,StaticRL,497,host_scan,12,False,,False,0,False,
paper_walkthrough,StaticRL,498,skip_non_rpa,0,False,,False,0,False,
paper_walkthrough,StaticRL,499,host_scan,12,True,dev_0006,False,0,False,
paper_walkthrough,StaticRL,500,host_scan,12,False,,False,0,False,
paper_walkthrough,StaticRL,501,host_scan,12,False,,False,0,False,
paper_walkthrough,StaticRL,502,host_scan,12,False,,False,0,False,
paper_walkthrough,StaticRL,503,host_scan,12,False,,False,0,False,
paper_walkthrough,StaticRL,504,skip_non_rpa,0,False,,False,0,False,
paper_walkthrough,StaticRL,505,host_scan,12,False,,False,0,False,
paper_walkthrough,StaticRL,506,host_scan,12,False,,False,0,False,
paper_walkthrough,StaticRL,507,skip_non_rpa,0,False,,False,0,False,
paper_walkthrough,StaticRL,508,skip_non_rpa,0,False,,False,0,False,
paper_walkthrough,StaticRL,509,host_scan,12,False,,False,0,False,
paper_walkthrough,StaticRL,510,host_scan,12,False,,False,0,False,
paper_walkthrough,StaticRL,511,host_scan,12,False,,False,0,False,
paper_walkthrough,StaticRL,512,rl_hit,1,True,dev_0001,False,0,False,
paper_walkthrough,StaticRL,513,host_scan,12,False,,False,0,False,
paper_walkthrough,StaticRL,514,host_scan,12,False,,False,0,False,
paper_walkthrough,StaticRL,515,skip_non_rpa,0,False,,False,0,False,
paper_walkthrough,StaticRL,516,host_scan,12,False,,False,0,False,
paper_walkthrough,StaticRL,517,host_scan,12,False,,False,0,False,
paper_walkthrough,StaticRL,518,host_scan,12,False,,False,0,False,
paper_walkthrough,StaticRL,519,host_scan,12,True,dev_0004,False,0,False,
paper_walkthrough,StaticRL,520,skip_non_rpa,0,False,,False,0,False,
paper_walkthrough,StaticRL,521,skip_non_rpa,0,False,,False,0,False,
paper_walkthrough,StaticRL,522,host_scan,12,False,,False,0,False,
paper_walkthrough,StaticRL,523,host_scan,12,False,,False,0,False,
paper_walkthrough,StaticRL,524,host_scan,12,False,,False,0,False,
paper_walkthrough,StaticRL,525,host_scan,12,False,,False,0,False,
paper_walkthrough,StaticRL,526,host_scan,12,False,,False,0,False,
paper_walkthrough,StaticRL,527,host_scan,12,False,,False,0,False,
paper_walkthrough,StaticRL,528,host_scan,12,False,,False,0,False,
paper_walkthrough,StaticRL,529,host_scan,12,False,,False,0,False,
paper_walkthrough,StaticRL,530,skip_non_rpa,0,False,,False,0,False,
paper_walkthrough,StaticRL,531,host_scan,12,False,,False,0,False,
paper_walkthrough,StaticRL,532,host_scan,12,False,,False,0,False,
paper_walkthrough,StaticRL,533,host_scan,12,False,,False,0,False,
paper_walkthrough,StaticRL,534,host_scan,12,False,,False,0,False,
paper_walkthrough,StaticRL,535,host_scan,12,False,,False,0,False,
paper_walkthrough,StaticRL,536,host_scan,12,False,,False,0,False,
paper_walkthrough,StaticRL,537,host_scan,12,False,,False,0,False,
paper_walkthrough,StaticRL,538,host_scan,12,False,,False,0,False,
paper_walkthrough,StaticRL,539,host_scan,12,False,,False,0,False,
paper_walkthrough,StaticRL,540,host_scan,12,False,,False,0,False,
paper_walkthrough,StaticRL,541,host_scan,12,False,,False,0,False,
paper_walkthrough,StaticRL,542,host_scan,12,False,,False,0,False,
paper_walkthrough,StaticRL,543,host_scan,12,False,,False,0,False,
paper_walkthrough,StaticRL,544,host_scan,12,False,,False,0,False,
paper_walkthrough,StaticRL,545,rl_hit,1,True,dev_0000,False,0,False,
paper_walkthrough,StaticRL,546,host_scan,12,False,,False,0,False,
paper_walkthrough,StaticRL,547,host_scan,12,False,,False,0,False,
paper_walkthrough,StaticRL,548,host_scan,12,False,,False,0,False,
paper_walkthrough,StaticRL,549,skip_non_rpa,0,False,,False,0,False,
paper_walkthrough,StaticRL,550,rl_hit,1,True,dev_0000,False,0,False,
paper_walkthrough,StaticRL,551,host_scan,12,False,,False,0,False,
paper_walkthrough,StaticRL,552,host_scan,12,False,,False,0,False,
paper_walkthrough,StaticRL,553,host_scan,12,False,,False,0,False,
paper_walkthrough,StaticRL,554,host_scan,12,False,,False,0,False,
paper_walkthrough,StaticRL,555,host_scan,12,False,,False,0,False,
paper_walkthrough,StaticRL,556,host_scan,12,False,,False,0,False,
paper_walkthrough,StaticRL,557,host_scan,12,False,,False,0,False,
paper_walkthrough,StaticRL,558,skip_non_rpa,0,False,,False,0,False,
paper_walkthrough,StaticRL,559,host_scan,12,False,,False,0,False,
paper_walkthrough,StaticRL,560,host_scan,12,False,,False,0,False,
paper_walkthrough,StaticRL,561,rl_hit,1,True,dev_0000,False,0,False,
paper_walkthrough,StaticRL,562,skip_non_rpa,0,False,,False,0,False,
paper_walkthrough,StaticRL,563,host_scan,12,False,,False,0,False,
paper_walkthrough,StaticRL,564,host_scan,12,False,,False,0,False,
paper_walkthrough,StaticRL,565,host_scan,12,False,,False,0,False,
paper_walkthrough,StaticRL,566,host_scan,12,False,,False,0,False,
paper_walkthrough,StaticRL,567,host_scan,12,False,,False,0,False,
paper_walkthrough,StaticRL,568,host_scan,12,False,,False,0,False,
paper_walkthrough,StaticRL,569,host_scan,12,False,,False,0,False,
paper_walkthrough,StaticRL,570,host_scan,12,False,,False,0,False,
paper_walkthrough,StaticRL,571,host_scan,12,False,,False,0,False,
paper_walkthrough,StaticRL,572,host_scan,12,False,,False,0,False,
paper_walkthrough,StaticRL,573,host_scan,12,False,,False,0,False,
paper_walkthrough,StaticRL,574,host_scan,12,False,,False,0,False,
paper_walkthrough,StaticRL,575,host_scan,12,False,,False,0,False,
paper_walkthrough,StaticRL,576,rl_hit,1,True,dev_0002,False,0,False,
paper_walkthrough,BudgetDoS,0,host_scan,12,False,,False,0,False,
paper_walkthrough,BudgetDoS,1,host_scan,12,False,,False,0,False,
paper_walkthrough,BudgetDoS,2,host_scan,12,False,,False,0,False,
paper_walkthrough,BudgetDoS,3,host_scan,12,False,,False,0,False,
paper_walkthrough,BudgetDoS,4,host_scan,12,False,,False,0,False,
paper_walkthrough,BudgetDoS,5,host_scan,12,False,,False,0,False,
paper_walkthrough,BudgetDoS,6,host_scan,12,False,,False,0,False,
paper_walkthrough,BudgetDoS,7,host_scan,12,False,,False,0,False,
paper_walkthrough,BudgetDoS,8,host_scan,12,False,,False,0,False,
paper_walkthrough,BudgetDoS,9,host_scan,12,False,,False,0,False,
paper_walkthrough,BudgetDoS,10,host_scan,12,False,,False,0,False,
paper_walkthrough,BudgetDoS,11,host_scan,12,False,,False,0,False,
paper_walkthrough,BudgetDoS,12,host_scan,12,False,,False,0,False,
paper_walkthrough,BudgetDoS,13,host_scan,12,False,,False,0,False,
paper_walkthrough,BudgetDoS,14,host_scan,12,False,,False,0,False,
paper_walkthrough,BudgetDoS,15,host_scan,12,False,,False,0,False,
paper_walkthrough,BudgetDoS,16,host_scan,12,False,,False,0,False,
paper_walkthrough,BudgetDoS,17,host_scan,12,False,,False,0,False,
paper_walkthrough,BudgetDoS,18,host_scan,12,False,,False,0,False,
paper_walkthrough,BudgetDoS,19,host_scan,12,False,,False,0,False,
paper_walkthrough,BudgetDoS,20,host_scan,12,False,,False,0,False,
paper_walkthrough,BudgetDoS,21,host_scan,12,False,,False,0,False,
paper_walkthrough,BudgetDoS,22,host_scan,12,False,,False,0,False,
paper_walkthrough,BudgetDoS,23,host_scan,12,False,,False,0,False,
paper_walkthrough,BudgetDoS,24,host_scan,12,False,,False,0,False,
paper_walkthrough,BudgetDoS,25,host_scan,12,False,,False,0,False,
paper_walkthrough,BudgetDoS,26,host_scan,12,False,,False,0,False,
paper_walkthrough,BudgetDoS,27,skip_non_rpa,0,False,,False,0,False,
paper_walkthrough,BudgetDoS,28,host_scan,12,False,,False,0,False,
paper_walkthrough,BudgetDoS,29,host_scan,12,False,,False,0,False,
paper_walkthrough,BudgetDoS,30,host_scan,12,False,,False,0,False,
paper_walkthrough,BudgetDoS,31,budget_skip,0,False,,False,0,False,budget
paper_walkthrough,BudgetDoS,32,budget_skip,0,False,,False,0,False,budget
paper_walkthrough,BudgetDoS,33,budget_skip,0,False,,False,0,False,budget
paper_walkthrough,BudgetDoS,34,skip_non_rpa,0,False,,False,0,False,
paper_walkthrough,BudgetDoS,35,budget_skip,0,False,,False,0,True,budget
paper_walkthrough,BudgetDoS,36,budget_skip,0,False,,False,0,False,budget
paper_walkthrough,BudgetDoS,37,skip_non_rpa,0,False,,False,0,False,
paper_walkthrough,BudgetDoS,38,rl_hit,1,True,dev_0002,False,0,False,
paper_walkthrough,BudgetDoS,39,budget_skip,0,False,,False,0,False,budget
paper_walkthrough,BudgetDoS,40,budget_skip,0,False,,False,0,False,budget
paper_walkthrough,BudgetDoS,41,budget_skip,0,False,,False,0,False,budget
paper_walkthrough,BudgetDoS,42,budget_skip,0,False,,False,0,False,budget
paper_walkthrough,BudgetDoS,43,budget_skip,0,False,,False,0,False,budget
paper_walkthrough,BudgetDoS,44,budget_skip,0,False,,False,0,False,budget
paper_walkthrough,BudgetDoS,45,budget_skip,0,False,,False,0,False,budget
paper_walkthrough,BudgetDoS,46,budget_skip,0,False,,False,0,False,budget
paper_walkthrough,BudgetDoS,47,budget_skip,0,False,,False,0,False,budget
paper_walkthrough,BudgetDoS,48,budget_skip,0,False,,False,0,False,budget
paper_walkthrough,BudgetDoS,49,skip_non_rpa,0,False,,False,0,False,
paper_walkthrough,BudgetDoS,50,budget_skip,0,False,,False,0,False,budget
paper_walkthrough,BudgetDoS,51,budget_skip,0,False,,False,0,False,budget
paper_walkthrough,BudgetDoS,52,budget_skip,0,False,,False,0,False,budget
paper_walkthrough,BudgetDoS,53,budget_skip,0,False,,False,0,False,budget
paper_walkthrough,BudgetDoS,54,budget_skip,0,False,,False,0,False,budget
paper_walkthrough,BudgetDoS,55,skip_non_rpa,0,False,,False,0,False,
paper_walkthrough,BudgetDoS,56,budget_skip,0,False,,False,0,False,budget
paper_walkthrough,BudgetDoS,57,budget_skip,0,False,,False,0,False,budget
paper_walkthrough,BudgetDoS,58,budget_skip,0,False,,False,0,False,budget
paper_walkthrough,BudgetDoS,59,budget_skip,0,False,,False,0,False,budget
paper_walkthrough,BudgetDoS,60,skip_non_rpa,0,False,,False,0,False,
paper_walkthrough,BudgetDoS,61,budget_skip,0,False,,False,0,False,budget
paper_walkthrough,BudgetDoS,62,skip_non_rpa,0,False,,False,0,False,
paper_walkthrough,BudgetDoS,63,budget_skip,0,False,,False,0,False,budget
paper_walkthrough,BudgetDoS,64,rl_hit,1,True,dev_0000,False,0,False,
paper_walkthrough,BudgetDoS,65,budget_skip,0,False,,False,0,False,budget
paper_walkthrough,BudgetDoS,66,budget_skip,0,False,,False,0,False,budget
paper_walkthrough,BudgetDoS,67,budget_skip,0,False,,False,0,False,budget
paper_walkthrough,BudgetDoS,68,budget_skip,0,False,,False,0,False,budget
paper_walkthrough,BudgetDoS,69,budget_skip,0,False,,False,0,False,budget
paper_walkthrough,BudgetDoS,70,budget_skip,0,False,,False,0,False,budget
paper_walkthrough,BudgetDoS,71,budget_skip,0,False,,False,0,False,budget
paper_walkthrough,BudgetDoS,72,budget_skip,0,False,,False,0,False,budget
paper_walkthrough,BudgetDoS,73,budget_skip,0,False,,False,0,False,budget
paper_walkthrough,BudgetDoS,74,budget_skip,0,False,,False,0,False,budget
paper_walkthrough,BudgetDoS,75,budget_skip,0,False,,False,0,False,budget
paper_walkthrough,BudgetDoS,76,rl_hit,1,True,dev_0001,False,0,False,
paper_walkthrough,BudgetDoS,77,budget_skip,0,False,,False,0,False,budget
paper_walkthrough,BudgetDoS,78,budget_skip,0,False,,False,0,False,budget
paper_walkthrough,BudgetDoS,79,skip_non_rpa,0,False,,False,0,False,
paper_walkthrough,BudgetDoS,80,budget_skip,0,False,,False,0,False,budget
paper_walkthrough,BudgetDoS,81,budget_skip,0,False,,False,0,False,budget
paper_walkthrough,BudgetDoS,82,budget_skip,0,False,,False,0,False,budget
paper_walkthrough,BudgetDoS,83,rl_hit,1,True,dev_0000,False,0,False,
paper_walkthrough,BudgetDoS,84,budget_skip,0,False,,False,0,False,budget
paper_walkthrough,BudgetDoS,85,budget_skip,0,False,,False,0,False,budget
paper_walkthrough,BudgetDoS,86,budget_skip,0,False,,False,0,False,budget
paper_walkthrough,BudgetDoS,87,budget_skip,0,False,,False,0,False,budget
paper_walkthrough,BudgetDoS,88,budget_skip,0,False,,False,0,False,budget
paper_walkthrough,BudgetDoS,89,budget_skip,0,False,,False,0,False,budget
paper_walkthrough,BudgetDoS,90,budget_skip,0,False,,False,0,False,budget
paper_walkthrough,BudgetDoS,91,budget_skip,0,False,,False,0,False,budget
paper_walkthrough,BudgetDoS,92,budget_skip,0,False,,False,0,False,budget
paper_walkthrough,BudgetDoS,93,rl_hit,1,True,dev_0001,False,0,False,
paper_walkthrough,BudgetDoS,94,budget_skip,0,False,,False,0,False,budget
paper_walkthrough,BudgetDoS,95,budget_skip,0,False,,False,0,False,budget
paper_walkthrough,BudgetDoS,96,budget_skip,0,False,,False,0,False,budget
paper_walkthrough,BudgetDoS,97,skip_non_rpa,0,False,,False,0,False,
paper_walkthrough,BudgetDoS,98,skip_non_rpa,0,False,,False,0,False,
paper_walkthrough,BudgetDoS,99,budget_skip,0,False,,False,0,False,budget
paper_walkthrough,BudgetDoS,100,budget_skip,0,False,,False,0,False,budget
paper_walkthrough,BudgetDoS,101,budget_skip,0,False,,False,0,False,budget
paper_walkthrough,BudgetDoS,102,skip_non_rpa,0,False,,False,0,False,
paper_walkthrough,BudgetDoS,103,budget_skip,0,False,,False,0,False,budget
paper_walkthrough,BudgetDoS,104,skip_non_rpa,0,False,,False,0,False,
paper_walkthrough,BudgetDoS,105,budget_skip,0,False,,False,0,False,budget
paper_walkthrough,BudgetDoS,106,budget_skip,0,False,,False,0,False,budget
paper_walkthrough,BudgetDoS,107,skip_non_rpa,0,False,,False,0,False,
paper_walkthrough,BudgetDoS,108,budget_skip,0,False,,False,0,False,budget
paper_walkthrough,BudgetDoS,109,skip_non_rpa,0,False,,False,0,False,
paper_walkthrough,BudgetDoS,110,budget_skip,0,False,,False,0,False,budget
paper_walkthrough,BudgetDoS,111,budget_skip,0,False,,False,0,False,budget
paper_walkthrough,BudgetDoS,112,budget_skip,0,False,,False,0,False,budget
paper_walkthrough,BudgetDoS,113,rl_hit,1,True,dev_0000,False,0,False,
paper_walkthrough,BudgetDoS,114,budget_skip,0,False,,False,0,False,budget
paper_walkthrough,BudgetDoS,115,skip_non_rpa,0,False,,False,0,False,
paper_walkthrough,BudgetDoS,116,skip_non_rpa,0,False,,False,0,False,
paper_walkthrough,BudgetDoS,117,budget_skip,0,False,,False,0,False,budget
paper_walkthrough,BudgetDoS,118,budget_skip,0,False,,False,0,False,budget
paper_walkthrough,BudgetDoS,119,budget_skip,0,False,,False,0,False,budget
paper_walkthrough,BudgetDoS,120,budget_skip,0,False,,False,0,False,budget
paper_walkthrough,BudgetDoS,121,budget_skip,0,False,,False,0,False,budget
paper_walkthrough,BudgetDoS,122,budget_skip,0,False,,False,0,False,budget
paper_walkthrough,BudgetDoS,123,budget_skip,0,False,,False,0,False,budget
paper_walkthrough,BudgetDoS,124,budget_skip,0,False,,False,0,False,budget
paper_walkthrough,BudgetDoS,125,budget_skip,0,False,,False,0,False,budget
paper_walkthrough,BudgetDoS,126,budget_skip,0,False,,False,0,False,budget
paper_walkthrough,BudgetDoS,127,budget_skip,0,False,,False,0,False,budget
paper_walkthrough,BudgetDoS,128,budget_skip,0,False,,False,0,False,budget
paper_walkthrough,BudgetDoS,129,budget_skip,0,False,,False,0,False,budget
paper_walkthrough,BudgetDoS,130,skip_non_rpa,0,False,,False,0,False,
paper_walkthrough,BudgetDoS,131,budget_skip,0,False,,False,0,False,budget
paper_walkthrough,BudgetDoS,132,budget_skip,0,False,,False,0,False,budget
paper_walkthrough,BudgetDoS,133,budget_skip,0,False,,False,0,False,budget
paper_walkthrough,BudgetDoS,134,skip_non_rpa,0,False,,False,0,False,
paper_walkthrough,BudgetDoS,135,budget_skip,0,False,,False,0,False,budget
paper_walkthrough,BudgetDoS,136,skip_non_rpa,0,False,,False,0,False,
paper_walkthrough,BudgetDoS,137,budget_skip,0,False,,False,0,False,budget
paper_walkthrough,BudgetDoS,138,budget_skip,0,False,,False,0,False,budget
paper_walkthrough,BudgetDoS,139,budget_skip,0,False,,False,0,False,budget
paper_walkthrough,BudgetDoS,140,skip_non_rpa,0,False,,False,0,False,
paper_walkthrough,BudgetDoS,141,rl_hit,1,True,dev_0001,False,0,False,
paper_walkthrough,BudgetDoS,142,budget_skip,0,False,,False,0,False,budget
paper_walkthrough,BudgetDoS,143,budget_skip,0,False,,False,0,False,budget
paper_walkthrough,BudgetDoS,144,budget_skip,0,False,,False,0,True,budget
paper_walkthrough,BudgetDoS,145,budget_skip,0,False,,False,0,False,budget
paper_walkthrough,BudgetDoS,146,budget_skip,0,False,,False,0,False,budget
paper_walkthrough,BudgetDoS,147,budget_skip,0,False,,False,0,False,budget
paper_walkthrough,BudgetDoS,148,budget_skip,0,False,,False,0,False,budget
paper_walkthrough,BudgetDoS,149,budget_skip,0,False,,False,0,False,budget
paper_walkthrough,BudgetDoS,150,budget_skip,0,False,,False,0,False,budget
paper_walkthrough,BudgetDoS,151,budget_skip,0,False,,False,0,False,budget
paper_walkthrough,BudgetDoS,152,budget_skip,0,False,,False,0,True,budget
paper_walkthrough,BudgetDoS,153,budget_skip,0,False,,False,0,False,budget
paper_walkthrough,BudgetDoS,154,budget_skip,0,False,,False,0,False,budget
paper_walkthrough,BudgetDoS,155,rl_hit,1,True,dev_0002,False,0,False,
paper_walkthrough,BudgetDoS,156,budget_skip,0,False,,False,0,False,budget
paper_walkthrough,BudgetDoS,157,budget_skip,0,False,,False,0,False,budget
paper_walkthrough,BudgetDoS,158,budget_skip,0,False,,False,0,False,budget
paper_walkthrough,BudgetDoS,159,budget_skip,0,False,,False,0,False,budget
paper_walkthrough,BudgetDoS,160,budget_skip,0,False,,False,0,False,budget
paper_walkthrough,BudgetDoS,161,budget_skip,0,False,,False,0,False,budget
paper_walkthrough,BudgetDoS,162,budget_skip,0,False,,False,0,True,budget
paper_walkthrough,BudgetDoS,163,budget_skip,0,False,,False,0,False,budget
paper_walkthrough,BudgetDoS,164,budget_skip,0,False,,False,0,False,budget
paper_walkthrough,BudgetDoS,165,budget_skip,0,False,,False,0,False,budget
paper_walkthrough,BudgetDoS,166,budget_skip,0,False,,False,0,False,budget
paper_walkthrough,BudgetDoS,167,budget_skip,0,False,,False,0,False,budget
paper_walkthrough,BudgetDoS,168,rl_hit,1,True,dev_0003,False,0,False,
paper_walkthrough,BudgetDoS,169,budget_skip,0,False,,False,0,False,budget
paper_walkthrough,BudgetDoS,170,budget_skip,0,False,,False,0,False,budget
paper_walkthrough,BudgetDoS,171,skip_non_rpa,0,False,,False,0,False,
paper_walkthrough,BudgetDoS,172,skip_non_rpa,0,False,,False,0,False,
paper_walkthrough,BudgetDoS,173,budget_skip,0,False,,False,0,False,budget
paper_walkthrough,BudgetDoS,174,budget_skip,0,False,,False,0,False,budget
paper_walkthrough,BudgetDoS,175,budget_skip,0,False,,False,0,False,budget
paper_walkthrough,BudgetDoS,176,budget_skip,0,False,,False,0,False,budget
paper_walkthrough,BudgetDoS,177,budget_skip,0,False,,False,0,False,budget
paper_walkthrough,BudgetDoS,178,budget_skip,0,False,,False,0,False,budget
paper_walkthrough,BudgetDoS,179,budget_skip,0,False,,False,0,False,budget
paper_walkthrough,BudgetDoS,180,budget_skip,0,False,,False,0,False,budget
paper_walkthrough,BudgetDoS,181,budget_skip,0,False,,False,0,False,budget
paper_walkthrough,BudgetDoS,182,budget_skip,0,False,,False,0,False,budget
paper_walkthrough,BudgetDoS,183,budget_skip,0,False,,False,0,False,budget
paper_walkthrough,BudgetDoS,184,budget_skip,0,False,,False,0,False,budget
paper_walkthrough,BudgetDoS,185,budget_skip,0,False,,False,0,True,budget
paper_walkthrough,BudgetDoS,186,skip_non_rpa,0,False,,False,0,False,
paper_walkthrough,BudgetDoS,187,budget_skip,0,False,,False,0,False,budget
paper_walkthrough,BudgetDoS,188,host_scan,12,False,,False,0,False,
paper_walkthrough,BudgetDoS,189,host_scan,12,False,,False,0,False,
paper_walkthrough,BudgetDoS,190,host_scan,12,False,,False,0,False,
paper_walkthrough,BudgetDoS,191,host_scan,12,False,,False,0,False,
paper_walkthrough,BudgetDoS,192,skip_non_rpa,0,False,,False,0,False,
paper_walkthrough,BudgetDoS,193,host_scan,12,False,,False,0,False,
paper_walkthrough,BudgetDoS,194,host_scan,12,False,,False,0,False,
paper_walkthrough,BudgetDoS,195,skip_non_rpa,0,False,,False,0,False,
paper_walkthrough,BudgetDoS,196,host_scan,12,False,,False,0,False,
paper_walkthrough,BudgetDoS,197,host_scan,12,False,,False,0,False,
paper_walkthrough,BudgetDoS,198,host_scan,12,False,,False,0,False,
paper_walkthrough,BudgetDoS,199,host_scan,12,False,,False,0,False,
paper_walkthrough,BudgetDoS,200,skip_non_rpa,0,False,,False,0,False,
paper_walkthrough,BudgetDoS,201,host_scan,12,False,,False,0,False,
paper_walkthrough,BudgetDoS,202,host_scan,12,False,,False,0,False,
paper_walkthrough,BudgetDoS,203,rl_hit,1,True,dev_0000,False,0,False,
paper_walkthrough,BudgetDoS,204,rl_hit,1,True,dev_0002,False,0,False,
paper_walkthrough,BudgetDoS,205,host_scan,12,False,,False,0,False,
paper_walkthrough,BudgetDoS,206,host_scan,12,False,,False,0,False,
paper_walkthrough,BudgetDoS,207,host_scan,12,False,,False,0,False,
paper_walkthrough,BudgetDoS,208,host_scan,12,False,,False,0,False,
paper_walkthrough,BudgetDoS,209,host_scan,12,False,,False,0,False,
paper_walkthrough,BudgetDoS,210,skip_non_rpa,0,False,,False,0,False,
paper_walkthrough,BudgetDoS,211,rl_hit,1,True,dev_0000,False,0,False,
paper_walkthrough,BudgetDoS,212,host_scan,12,False,,False,0,False,
paper_walkthrough,BudgetDoS,213,skip_non_rpa,0,False,,False,0,False,
paper_walkthrough,BudgetDoS,214,rl_hit,1,True,dev_0002,False,0,False,
paper_walkthrough,BudgetDoS,215,host_scan,12,False,,False,0,False,
paper_walkthrough,BudgetDoS,216,host_scan,12,False,,False,0,False,
paper_walkthrough,BudgetDoS,217,skip_non_rpa,0,False,,False,0,False,
paper_walkthrough,BudgetDoS,218,host_scan,12,False,,False,0,False,
paper_walkthrough,BudgetDoS,219,skip_non_rpa,0,False,,False,0,False,
paper_walkthrough,BudgetDoS,220,rl_hit,1,True,dev_0002,False,0,False,
paper_walkthrough,BudgetDoS,221,host_scan,12,False,,False,0,False,
paper_walkthrough,BudgetDoS,222,host_scan,12,False,,False,0,False,
paper_walkthrough,BudgetDoS,223,skip_non_rpa,0,False,,False,0,False,
paper_walkthrough,BudgetDoS,224,skip_non_rpa,0,False,,False,0,False,
paper_walkthrough,BudgetDoS,225,host_scan,12,False,,False,0,False,
paper_walkthrough,BudgetDoS,226,host_scan,12,False,,False,0,False,
paper_walkthrough,BudgetDoS,227,host_scan,12,False,,False,0,False,
paper_walkthrough,BudgetDoS,228,host_scan,12,False,,False,0,False,
paper_walkthrough,BudgetDoS,229,skip_non_rpa,0,False,,False,0,False,
paper_walkthrough,BudgetDoS,230,host_scan,12,False,,False,0,False,
paper_walkthrough,BudgetDoS,231,host_scan,12,False,,False,0,False,
paper_walkthrough,BudgetDoS,232,host_scan,12,False,,False,0,False,
paper_walkthrough,BudgetDoS,233,budget_skip,0,False,,False,0,True,budget
paper_walkthrough,BudgetDoS,234,budget_skip,0,False,,False,0,False,budget
paper_walkthrough,BudgetDoS,235,budget_skip,0,False,,False,0,False,budget
paper_walkthrough,BudgetDoS,236,budget_skip,0,False,,False,0,False,budget
paper_walkthrough,BudgetDoS,237,budget_skip,0,False,,False,0,False,budget
paper_walkthrough,BudgetDoS,238,budget_skip,0,False,,False,0,False,budget
paper_walkthrough,BudgetDoS,239,budget_skip,0,False,,False,0,False,budget
paper_walkthrough,BudgetDoS,240,budget_skip,0,False,,False,0,False,budget
paper_walkthrough,BudgetDoS,241,budget_skip,0,False,,False,0,False,budget
paper_walkthrough,BudgetDoS,242,budget_skip,0,False,,False,0,False,budget
paper_walkthrough,BudgetDoS,243,budget_skip,0,False,,False,0,False,budget
paper_walkthrough,BudgetDoS,244,skip_non_rpa,0,False,,False,0,False,
paper_walkthrough,BudgetDoS,245,rl_hit,1,True,dev_0000,False,0,False,
paper_walkthrough,BudgetDoS,246,budget_skip,0,False,,False,0,False,budget
paper_walkthrough,BudgetDoS,247,budget_skip,0,False,,False,0,False,budget
paper_walkthrough,BudgetDoS,248,budget_skip,0,False,,False,0,False,budget
paper_walkthrough,BudgetDoS,249,budget_skip,0,False,,False,0,False,budget
paper_walkthrough,BudgetDoS,250,budget_skip,0,False,,False,0,False,budget
paper_walkthrough,BudgetDoS,251,budget_skip,0,False,,False,0,False,budget
paper_walkthrough,BudgetDoS,252,budget_skip,0,False,,False,0,False,budget
paper_walkthrough,BudgetDoS,253,budget_skip,0,False,,False,0,False,budget
paper_walkthrough,BudgetDoS,254,skip_non_rpa,0,False,,False,0,False,
paper_walkthrough,BudgetDoS,255,budget_skip,0,False,,False,0,False,budget
paper_walkthrough,BudgetDoS,256,budget_skip,0,False,,False,0,False,budget
paper_walkthrough,BudgetDoS,257,budget_skip,0,False,,False,0,False,budget
paper_walkthrough,BudgetDoS,258,rl_hit,1,True,dev_0000,False,0,False,
paper_walkthrough,BudgetDoS,259,rl_hit,1,True,dev_0001,False,0,False,
paper_walkthrough,BudgetDoS,260,budget_skip,0,False,,False,0,False,budget
paper_walkthrough,BudgetDoS,261,budget_skip,0,False,,False,0,False,budget
paper_walkthrough,BudgetDoS,262,budget_skip,0,False,,False,0,False,budget
paper_walkthrough,BudgetDoS,263,budget_skip,0,False,,False,0,False,budget
paper_walkthrough,BudgetDoS,264,budget_skip,0,False,,False,0,False,budget
paper_walkthrough,BudgetDoS,265,budget_skip,0,False,,False,0,False,budget
paper_walkthrough,BudgetDoS,266,budget_skip,0,False,,False,0,False,budget
paper_walkthrough,BudgetDoS,267,budget_skip,0,False,,False,0,False,budget
paper_walkthrough,BudgetDoS,268,budget_skip,0,False,,False,0,False,budget
paper_walkthrough,BudgetDoS,269,budget_skip,0,False,,False,0,False,budget
paper_walkthrough,BudgetDoS,270,budget_skip,0,False,,False,0,False,budget
paper_walkthrough,BudgetDoS,271,budget_skip,0,False,,False,0,False,budget
paper_walkthrough,BudgetDoS,272,rl_hit,1,True,dev_0003,False,0,False,
paper_walkthrough,BudgetDoS,273,budget_skip,0,False,,False,0,False,budget
paper_walkthrough,BudgetDoS,274,budget_skip,0,False,,False,0,False,budget
paper_walkthrough,BudgetDoS,275,rl_hit,1,True,dev_0001,False,0,False,
paper_walkthrough,BudgetDoS,276,budget_skip,0,False,,False,0,False,budget
paper_walkthrough,BudgetDoS,277,skip_non_rpa,0,False,,False,0,False,
paper_walkthrough,BudgetDoS,278,rl_hit,1,True,dev_0002,False,0,False,
paper_walkthrough,BudgetDoS,279,budget_skip,0,False,,False,0,False,budget
paper_walkthrough,BudgetDoS,280,budget_skip,0,False,,False,0,False,budget
paper_walkthrough,BudgetDoS,281,budget_skip,0,False,,False,0,False,budget
paper_walkthrough,BudgetDoS,282,budget_skip,0,False,,False,0,False,budget
paper_walkthrough,BudgetDoS,283,budget_skip,0,False,,False,0,False,budget
paper_walkthrough,BudgetDoS,284,skip_non_rpa,0,False,,False,0,False,
paper_walkthrough,BudgetDoS,285,budget_skip,0,False,,False,0,False,budget
paper_walkthrough,BudgetDoS,286,budget_skip,0,False,,False,0,False,budget
paper_walkthrough,BudgetDoS,287,budget_skip,0,False,,False,0,False,budget
paper_walkthrough,BudgetDoS,288,skip_non_rpa,0,False,,False,0,False,
paper_walkthrough,BudgetDoS,289,budget_skip,0,False,,False,0,False,budget
paper_walkthrough,BudgetDoS,290,budget_skip,0,False,,False,0,False,budget
paper_walkthrough,BudgetDoS,291,budget_skip,0,False,,False,0,False,budget
paper_walkthrough,BudgetDoS,292,budget_skip,0,False,,False,0,False,budget
paper_walkthrough,BudgetDoS,293,budget_skip,0,False,,False,0,False,budget
paper_walkthrough,BudgetDoS,294,rl_hit,1,True,dev_0000,False,0,False,
paper_walkthrough,BudgetDoS,295,skip_non_rpa,0,False,,False,0,False,
paper_walkthrough,BudgetDoS,296,budget_skip,0,False,,False,0,False,budget
paper_walkthrough,BudgetDoS,297,budget_skip,0,False,,False,0,True,budget
paper_walkthrough,BudgetDoS,298,budget_skip,0,False,,False,0,False,budget
paper_walkthrough,BudgetDoS,299,budget_skip,0,False,,False,0,False,budget
paper_walkthrough,BudgetDoS,300,skip_non_rpa,0,False,,False,0,False,
paper_walkthrough,BudgetDoS,301,budget_skip,0,False,,False,0,False,budget
paper_walkthrough,BudgetDoS,302,rl_hit,1,True,dev_0001,False,0,False,
paper_walkthrough,BudgetDoS,303,skip_non_rpa,0,False,,False,0,False,
paper_walkthrough,BudgetDoS,304,budget_skip,0,False,,False,0,False,budget
paper_walkthrough,BudgetDoS,305,budget_skip,0,False,,False,0,False,budget
paper_walkthrough,BudgetDoS,306,budget_skip,0,False,,False,0,False,budget
paper_walkthrough,BudgetDoS,307,budget_skip,0,False,,False,0,False,budget
paper_walkthrough,BudgetDoS,308,budget_skip,0,False,,False,0,False,budget
paper_walkthrough,BudgetDoS,309,budget_skip,0,False,,False,0,False,budget
paper_walkthrough,BudgetDoS,310,budget_skip,0,False,,False,0,False,budget
paper_walkthrough,BudgetDoS,311,budget_skip,0,False,,False,0,False,budget
paper_walkthrough,BudgetDoS,312,budget_skip,0,False,,False,0,False,budget
paper_walkthrough,BudgetDoS,313,budget_skip,0,False,,False,0,False,budget
paper_walkthrough,BudgetDoS,314,skip_non_rpa,0,False,,False,0,False,
paper_walkthrough,BudgetDoS,315,budget_skip,0,False,,False,0,False,budget
paper_walkthrough,BudgetDoS,316,budget_skip,0,False,,False,0,False,budget
paper_walkthrough,BudgetDoS,317,budget_skip,0,False,,False,0,False,budget
paper_walkthrough,BudgetDoS,318,budget_skip,0,False,,False,0,False,budget
paper_walkthrough,BudgetDoS,319,budget_skip,0,False,,False,0,False,budget
paper_walkthrough,BudgetDoS,320,rl_hit,1,True,dev_0001,False,0,False,
paper_walkthrough,BudgetDoS,321,budget_skip,0,False,,False,0,False,budget
paper_walkthrough,BudgetDoS,322,budget_skip,0,False,,False,0,False,budget
paper_walkthrough,BudgetDoS,323,skip_non_rpa,0,False,,False,0,False,
paper_walkthrough,BudgetDoS,324,budget_skip,0,False,,False,0,False,budget
paper_walkthrough,BudgetDoS,325,budget_skip,0,False,,False,0,False,budget
paper_walkthrough,BudgetDoS,326,budget_skip,0,False,,False,0,False,budget
paper_walkthrough,BudgetDoS,327,budget_skip,0,False,,False,0,False,budget
paper_walkthrough,BudgetDoS,328,budget_skip,0,False,,False,0,False,budget
paper_walkthrough,BudgetDoS,329,skip_non_rpa,0,False,,False,0,False,
paper_walkthrough,BudgetDoS,330,skip_non_rpa,0,False,,False,0,False,
paper_walkthrough,BudgetDoS,331,budget_skip,0,False,,False,0,False,budget
paper_walkthrough,BudgetDoS,332,budget_skip,0,False,,False,0,False,budget
paper_walkthrough,BudgetDoS,333,budget_skip,0,False,,False,0,True,budget
paper_walkthrough,BudgetDoS,334,budget_skip,0,False,,False,0,False,budget
paper_walkthrough,BudgetDoS,335,budget_skip,0,False,,False,0,False,budget
paper_walkthrough,BudgetDoS,336,budget_skip,0,False,,False,0,False,budget
paper_walkthrough,BudgetDoS,337,skip_non_rpa,0,False,,False,0,False,
paper_walkthrough,BudgetDoS,338,rl_hit,1,True,dev_0000,False,0,False,
paper_walkthrough,BudgetDoS,339,budget_skip,0,False,,False,0,False,budget
paper_walkthrough,BudgetDoS,340,rl_hit,1,True,dev_0000,False,0,False,
paper_walkthrough,BudgetDoS,341,budget_skip,0,False,,False,0,False,budget
paper_walkthrough,BudgetDoS,342,budget_skip,0,False,,False,0,False,budget
paper_walkthrough,BudgetDoS,343,budget_skip,0,False,,False,0,False,budget
paper_walkthrough,BudgetDoS,344,budget_skip,0,False,,False,0,False,budget
paper_walkthrough,BudgetDoS,345,budget_skip,0,False,,False,0,False,budget
paper_walkthrough,BudgetDoS,346,budget_skip,0,False,,False,0,False,budget
paper_walkthrough,BudgetDoS,347,budget_skip,0,False,,False,0,False,budget
paper_walkthrough,BudgetDoS,348,skip_non_rpa,0,False,,False,0,False,
paper_walkthrough,BudgetDoS,349,budget_skip,0,False,,False,0,False,budget
paper_walkthrough,BudgetDoS,350,budget_skip,0,False,,False,0,False,budget
paper_walkthrough,BudgetDoS,351,budget_skip,0,False,,False,0,False,budget
paper_walkthrough,BudgetDoS,352,skip_non_rpa,0,False,,False,0,False,
paper_walkthrough,BudgetDoS,353,budget_skip,0,False,,False,0,False,budget
paper_walkthrough,BudgetDoS,354,skip_non_rpa,0,False,,False,0,False,
paper_walkthrough,BudgetDoS,355,budget_skip,0,False,,False,0,False,budget
paper_walkthrough,BudgetDoS,356,budget_skip,0,False,,False,0,False,budget
paper_walkthrough,BudgetDoS,357,budget_skip,0,False,,False,0,False,budget
paper_walkthrough,BudgetDoS,358,budget_skip,0,False,,False,0,False,budget
paper_walkthrough,BudgetDoS,359,skip_non_rpa,0,False,,False,0,False,
paper_walkthrough,BudgetDoS,360,budget_skip,0,False,,False,0,False,budget
paper_walkthrough,BudgetDoS,361,budget_skip,0,False,,False,0,False,budget
paper_walkthrough,BudgetDoS,362,budget_skip,0,False,,False,0,False,budget
paper_walkthrough,BudgetDoS,363,skip_non_rpa,0,False,,False,0,False,
paper_walkthrough,BudgetDoS,364,budget_skip,0,False,,False,0,False,budget
paper_walkthrough,BudgetDoS,365,skip_non_rpa,0,False,,False,0,False,
paper_walkthrough,BudgetDoS,366,budget_skip,0,False,,False,0,False,budget
paper_walkthrough,BudgetDoS,367,skip_non_rpa,0,False,,False,0,False,
paper_walkthrough,BudgetDoS,368,budget_skip,0,False,,False,0,False,budget
paper_walkthrough,BudgetDoS,369,rl_hit,1,True,dev_0001,False,0,False,
paper_walkthrough,BudgetDoS,370,host_scan,12,False,,False,0,False,
paper_walkthrough,BudgetDoS,371,host_scan,12,False,,False,0,False,
paper_walkthrough,BudgetDoS,372,host_scan,12,False,,False,0,False,
paper_walkthrough,BudgetDoS,373,skip_non_rpa,0,False,,False,0,False,
paper_walkthrough,BudgetDoS,374,host_scan,12,False,,False,0,False,
paper_walkthrough,BudgetDoS,375,rl_hit,1,True,dev_0001,False,0,False,
paper_walkthrough,BudgetDoS,376,host_scan,12,False,,False,0,False,
paper_walkthrough,BudgetDoS,377,rl_hit,1,True,dev_0000,False,0,False,
paper_walkthrough,BudgetDoS,378,skip_non_rpa,0,False,,False,0,False,
paper_walkthrough,BudgetDoS,379,host_scan,12,False,,False,0,False,
paper_walkthrough,BudgetDoS,380,host_scan,12,False,,False,0,False,
paper_walkthrough,BudgetDoS,381,host_scan,12,False,,False,0,False,
paper_walkthrough,BudgetDoS,382,host_scan,12,False,,False,0,False,
paper_walkthrough,BudgetDoS,383,host_scan,12,False,,False,0,False,
paper_walkthrough,BudgetDoS,384,skip_non_rpa,0,False,,False,0,False,
paper_walkthrough,BudgetDoS,385,host_scan,12,False,,False,0,False,
paper_walkthrough,BudgetDoS,386,host_scan,12,False,,False,0,False,
paper_walkthrough,BudgetDoS,387,host_scan,12,False,,False,0,False,
paper_walkthrough,BudgetDoS,388,host_scan,12,False,,False,0,False,
paper_walkthrough,BudgetDoS,389,host_scan,12,False,,False,0,False,
paper_walkthrough,BudgetDoS,390,host_scan,12,False,,False,0,False,
paper_walkthrough,BudgetDoS,391,host_scan,12,False,,False,0,False,
paper_walkthrough,BudgetDoS,392,skip_non_rpa,0,False,,False,0,False,
paper_walkthrough,BudgetDoS,393,host_scan,12,False,,False,0,False,
paper_walkthrough,BudgetDoS,394,host_scan,12,False,,False,0,False,
paper_walkthrough,BudgetDoS,395,host_scan,12,False,,False,0,False,
paper_walkthrough,BudgetDoS,396,host_scan,12,False,,False,0,False,
paper_walkthrough,BudgetDoS,397,host_scan,12,False,,False,0,False,
paper_walkthrough,BudgetDoS,398,rl_hit,1,True,dev_0000,False,0,False,
paper_walkthrough,BudgetDoS,399,skip_non_rpa,0,False,,False,0,False,
paper_walkthrough,BudgetDoS,400,host_scan,12,False,,False,0,False,
paper_walkthrough,BudgetDoS,401,host_scan,12,False,,False,0,False,
paper_walkthrough,BudgetDoS,402,host_scan,12,False,,False,0,False,
paper_walkthrough,BudgetDoS,403,host_scan,12,False,,False,0,False,
paper_walkthrough,BudgetDoS,404,host_scan,12,False,,False,0,False,
paper_walkthrough,BudgetDoS,405,host_scan,12,True,dev_0007,False,0,False,
paper_walkthrough,BudgetDoS,406,host_scan,12,False,,False,0,False,
paper_walkthrough,BudgetDoS,407,host_scan,12,False,,False,0,False,
paper_walkthrough,BudgetDoS,408,budget_skip,0,False,,False,0,False,budget
paper_walkthrough,BudgetDoS,409,budget_skip,0,False,,False,0,True,budget
paper_walkthrough,BudgetDoS,410,budget_skip,0,False,,False,0,False,budget
paper_walkthrough,BudgetDoS,411,rl_hit,1,True,dev_0001,False,0,False,
paper_walkthrough,BudgetDoS,412,budget_skip,0,False,,False,0,False,budget
paper_walkthrough,BudgetDoS,413,budget_skip,0,False,,False,0,False,budget
paper_walkthrough,BudgetDoS,414,budget_skip,0,False,,False,0,False,budget
paper_walkthrough,BudgetDoS,415,budget_skip,0,False,,False,0,False,budget
paper_walkthrough,BudgetDoS,416,budget_skip,0,False,,False,0,False,budget
paper_walkthrough,BudgetDoS,417,budget_skip,0,False,,False,0,False,budget
paper_walkthrough,BudgetDoS,418,budget_skip,0,False,,False,0,False,budget
paper_walkthrough,BudgetDoS,419,budget_skip,0,False,,False,0,False,budget
paper_walkthrough,BudgetDoS,420,budget_skip,0,False,,False,0,False,budget
paper_walkthrough,BudgetDoS,421,budget_skip,0,False,,False,0,False,budget
paper_walkthrough,BudgetDoS,422,budget_skip,0,False,,False,0,False,budget
paper_walkthrough,BudgetDoS,423,skip_non_rpa,0,False,,False,0,False,
paper_walkthrough,BudgetDoS,424,budget_skip,0,False,,False,0,False,budget
paper_walkthrough,BudgetDoS,425,budget_skip,0,False,,False,0,False,budget
paper_walkthrough,BudgetDoS,426,budget_skip,0,False,,False,0,False,budget
paper_walkthrough,BudgetDoS,427,budget_skip,0,False,,False,0,False,budget
paper_walkthrough,BudgetDoS,428,budget_skip,0,False,,False,0,False,budget
paper_walkthrough,BudgetDoS,429,budget_skip,0,False,,False,0,False,budget
paper_walkthrough,BudgetDoS,430,budget_skip,0,False,,False,0,False,budget
paper_walkthrough,BudgetDoS,431,budget_skip,0,False,,False,0,False,budget
paper_walkthrough,BudgetDoS,432,budget_skip,0,False,,False,0,False,budget
paper_walkthrough,BudgetDoS,433,budget_skip,0,False,,False,0,False,budget
paper_walkthrough,BudgetDoS,434,budget_skip,0,False,,False,0,False,budget
paper_walkthrough,BudgetDoS,435,budget_skip,0,False,,False,0,False,budget
paper_walkthrough,BudgetDoS,436,budget_skip,0,False,,False,0,False,budget
paper_walkthrough,BudgetDoS,437,budget_skip,0,False,,False,0,False,budget
paper_walkthrough,BudgetDoS,438,budget_skip,0,False,,False,0,False,budget
paper_walkthrough,BudgetDoS,439,budget_skip,0,False,,False,0,False,budget
paper_walkthrough,BudgetDoS,440,budget_skip,0,False,,False,0,False,budget
paper_walkthrough,BudgetDoS,441,budget_skip,0,False,,False,0,False,budget
paper_walkthrough,BudgetDoS,442,budget_skip,0,False,,False,0,False,budget
paper_walkthrough,BudgetDoS,443,skip_non_rpa,0,False,,False,0,False,
paper_walkthrough,BudgetDoS,444,budget_skip,0,False,,False,0,False,budget
paper_walkthrough,BudgetDoS,445,budget_skip,0,False,,False,0,False,budget
paper_walkthrough,BudgetDoS,446,budget_skip,0,False,,False,0,False,budget
paper_walkthrough,BudgetDoS,447,rl_hit,1,True,dev_0000,False,0,False,
paper_walkthrough,BudgetDoS,448,budget_skip,0,False,,False,0,False,budget
paper_walkthrough,BudgetDoS,449,skip_non_rpa,0,False,,False,0,False,
paper_walkthrough,BudgetDoS,450,budget_skip,0,False,,False,0,False,budget
paper_walkthrough,BudgetDoS,451,budget_skip,0,False,,False,0,False,budget
paper_walkthrough,BudgetDoS,452,budget_skip,0,False,,False,0,False,budget
paper_walkthrough,BudgetDoS,453,budget_skip,0,False,,False,0,False,budget
paper_walkthrough,BudgetDoS,454,budget_skip,0,False,,False,0,False,budget
paper_walkthrough,BudgetDoS,455,budget_skip,0,False,,False,0,False,budget
paper_walkthrough,BudgetDoS,456,budget_skip,0,False,,False,0,False,budget
paper_walkthrough,BudgetDoS,457,rl_hit,1,True,dev_0000,False,0,False,
paper_walkthrough,BudgetDoS,458,budget_skip,0,False,,False,0,False,budget
paper_walkthrough,BudgetDoS,459,skip_non_rpa,0,False,,False,0,False,
paper_walkthrough,BudgetDoS,460,budget_skip,0,False,,False,0,False,budget
paper_walkthrough,BudgetDoS,461,budget_skip,0,False,,False,0,False,budget
paper_walkthrough,BudgetDoS,462,budget_skip,0,False,,False,0,False,budget
paper_walkthrough,BudgetDoS,463,budget_skip,0,False,,False,0,False,budget
paper_walkthrough,BudgetDoS,464,skip_non_rpa,0,False,,False,0,False,
paper_walkthrough,BudgetDoS,465,budget_skip,0,False,,False,0,False,budget
paper_walkthrough,BudgetDoS,466,rl_hit,1,True,dev_0000,False,0,False,
paper_walkthrough,BudgetDoS,467,budget_skip,0,False,,False,0,False,budget
paper_walkthrough,BudgetDoS,468,budget_skip,0,False,,False,0,True,budget
paper_walkthrough,BudgetDoS,469,budget_skip,0,False,,False,0,False,budget
paper_walkthrough,BudgetDoS,470,budget_skip,0,False,,False,0,False,budget
paper_walkthrough,BudgetDoS,471,budget_skip,0,False,,False,0,False,budget
paper_walkthrough,BudgetDoS,472,budget_skip,0,False,,False,0,False,budget
paper_walkthrough,BudgetDoS,473,budget_skip,0,False,,False,0,False,budget
paper_walkthrough,BudgetDoS,474,budget_skip,0,False,,False,0,False,budget
paper_walkthrough,BudgetDoS,475,budget_skip,0,False,,False,0,False,budget
paper_walkthrough,BudgetDoS,476,budget_skip,0,False,,False,0,False,budget
paper_walkthrough,BudgetDoS,477,skip_non_rpa,0,False,,False,0,False,
paper_walkthrough,BudgetDoS,478,budget_skip,0,False,,False,0,False,budget
paper_walkthrough,BudgetDoS,479,budget_skip,0,False,,False,0,False,budget
paper_walkthrough,BudgetDoS,480,budget_skip,0,False,,False,0,False,budget
paper_walkthrough,BudgetDoS,481,budget_skip,0,False,,False,0,False,budget
paper_walkthrough,BudgetDoS,482,budget_skip,0,False,,False,0,False,budget
paper_walkthrough,BudgetDoS,483,budget_skip,0,False,,False,0,False,budget
paper_walkthrough,BudgetDoS,484,budget_skip,0,False,,False,0,False,budget
paper_walkthrough,BudgetDoS,485,budget_skip,0,False,,False,0,False,budget
paper_walkthrough,BudgetDoS,486,skip_non_rpa,0,False,,False,0,False,
paper_walkthrough,BudgetDoS,487,budget_skip,0,False,,False,0,False,budget
paper_walkthrough,BudgetDoS,488,budget_skip,0,False,,False,0,False,budget
paper_walkthrough,BudgetDoS,489,skip_non_rpa,0,False,,False,0,False,
paper_walkthrough,BudgetDoS,490,budget_skip,0,False,,False,0,False,budget
paper_walkthrough,BudgetDoS,491,budget_skip,0,False,,False,0,False,budget
paper_walkthrough,BudgetDoS,492,budget_skip,0,False,,False,0,False,budget
paper_walkthrough,BudgetDoS,493,budget_skip,0,False,,False,0,True,budget
paper_walkthrough,BudgetDoS,494,skip_non_rpa,0,False,,False,0,False,
paper_walkthrough,BudgetDoS,495,budget_skip,0,False,,False,0,False,budget
paper_walkthrough,BudgetDoS,496,budget_skip,0,False,,False,0,False,budget
paper_walkthrough,BudgetDoS,497,budget_skip,0,False,,False,0,False,budget
paper_walkthrough,BudgetDoS,498,skip_non_rpa,0,False,,False,0,False,
paper_walkthrough,BudgetDoS,499,budget_skip,0,False,,False,0,True,budget
paper_walkthrough,BudgetDoS,500,budget_skip,0,False,,False,0,False,budget
paper_walkthrough,BudgetDoS,501,budget_skip,0,False,,False,0,False,budget
paper_walkthrough,BudgetDoS,502,budget_skip,0,False,,False,0,False,budget
paper_walkthrough,BudgetDoS,503,budget_skip,0,False,,False,0,False,budget
paper_walkthrough,BudgetDoS,504,skip_non_rpa,0,False,,False,0,False,
paper_walkthrough,BudgetDoS,505,budget_skip,0,False,,False,0,False,budget
paper_walkthrough,BudgetDoS,506,budget_skip,0,False,,False,0,False,budget
paper_walkthrough,BudgetDoS,507,skip_non_rpa,0,False,,False,0,False,
paper_walkthrough,BudgetDoS,508,skip_non_rpa,0,False,,False,0,False,
paper_walkthrough,BudgetDoS,509,budget_skip,0,False,,False,0,False,budget
paper_walkthrough,BudgetDoS,510,budget_skip,0,False,,False,0,False,budget
paper_walkthrough,BudgetDoS,511,budget_skip,0,False,,False,0,False,budget
paper_walkthrough,BudgetDoS,512,rl_hit,1,True,dev_0001,False,0,False,
paper_walkthrough,BudgetDoS,513,budget_skip,0,False,,False,0,False,budget
paper_walkthrough,BudgetDoS,514,budget_skip,0,False,,False,0,False,budget
paper_walkthrough,BudgetDoS,515,skip_non_rpa,0,False,,False,0,False,
paper_walkthrough,BudgetDoS,516,budget_skip,0,False,,False,0,False,budget
paper_walkthrough,BudgetDoS,517,budget_skip,0,False,,False,0,False,budget
paper_walkthrough,BudgetDoS,518,budget_skip,0,False,,False,0,False,budget
paper_walkthrough,BudgetDoS,519,budget_skip,0,False,,False,0,True,budget
paper_walkthrough,BudgetDoS,520,skip_non_rpa,0,False,,False,0,False,
paper_walkthrough,BudgetDoS,521,skip_non_rpa,0,False,,False,0,False,
paper_walkthrough,BudgetDoS,522,budget_skip,0,False,,False,0,False,budget
paper_walkthrough,BudgetDoS,523,budget_skip,0,False,,False,0,False,budget
paper_walkthrough,BudgetDoS,524,budget_skip,0,False,,False,0,False,budget
paper_walkthrough,BudgetDoS,525,budget_skip,0,False,,False,0,False,budget
paper_walkthrough,BudgetDoS,526,budget_skip,0,False,,False,0,False,budget
paper_walkthrough,BudgetDoS,527,budget_skip,0,False,,False,0,False,budget
paper_walkthrough,BudgetDoS,528,budget_skip,0,False,,False,0,False,budget
paper_walkthrough,BudgetDoS,529,budget_skip,0,False,,False,0,False,budget
paper_walkthrough,BudgetDoS,530,skip_non_rpa,0,False,,False,0,False,
paper_walkthrough,BudgetDoS,531,budget_skip,0,False,,False,0,False,budget
paper_walkthrough,BudgetDoS,532,budget_skip,0,False,,False,0,False,budget
paper_walkthrough,BudgetDoS,533,budget_skip,0,False,,False,0,False,budget
paper_walkthrough,BudgetDoS,534,budget_skip,0,False,,False,0,False,budget
paper_walkthrough,BudgetDoS,535,budget_skip,0,False,,False,0,False,budget
paper_walkthrough,BudgetDoS,536,budget_skip,0,False,,False,0,False,budget
paper_walkthrough,BudgetDoS,537,budget_skip,0,False,,False,0,False,budget
paper_walkthrough,BudgetDoS,538,budget_skip,0,False,,False,0,False,budget
paper_walkthrough,BudgetDoS,539,budget_skip,0,False,,False,0,False,budget
paper_walkthrough,BudgetDoS,540,budget_skip,0,False,,False,0,False,budget
paper_walkthrough,BudgetDoS,541,budget_skip,0,False,,False,0,False,budget
paper_walkthrough,BudgetDoS,542,budget_skip,0,False,,False,0,False,budget
paper_walkthrough,BudgetDoS,543,budget_skip,0,False,,False,0,False,budget
paper_walkthrough,BudgetDoS,544,budget_skip,0,False,,False,0,False,budget
paper_walkthrough,BudgetDoS,545,rl_hit,1,True,dev_0000,False,0,False,
paper_walkthrough,BudgetDoS,546,budget_skip,0,False,,False,0,False,budget
paper_walkthrough,BudgetDoS,547,budget_skip,0,False,,False,0,False,budget
paper_walkthrough,BudgetDoS,548,budget_skip,0,False,,False,0,False,budget
paper_walkthrough,BudgetDoS,549,skip_non_rpa,0,False,,False,0,False,
paper_walkthrough,BudgetDoS,550,rl_hit,1,True,dev_0000,False,0,False,
paper_walkthrough,BudgetDoS,551,budget_skip,0,False,,False,0,False,budget
paper_walkthrough,BudgetDoS,552,budget_skip,0,False,,False,0,False,budget
paper_walkthrough,BudgetDoS,553,budget_skip,0,False,,False,0,False,budget
paper_walkthrough,BudgetDoS,554,budget_skip,0,False,,False,0,False,budget
paper_walkthrough,BudgetDoS,555,budget_skip,0,False,,False,0,False,budget
paper_walkthrough,BudgetDoS,556,budget_skip,0,False,,False,0,False,budget
paper_walkthrough,BudgetDoS,557,budget_skip,0,False,,False,0,False,budget
paper_walkthrough,BudgetDoS,558,skip_non_rpa,0,False,,False,0,False,
paper_walkthrough,BudgetDoS,559,budget_skip,0,False,,False,0,False,budget
paper_walkthrough,BudgetDoS,560,budget_skip,0,False,,False,0,False,budget
paper_walkthrough,BudgetDoS,561,rl_hit,1,True,dev_0000,False,0,False,
paper_walkthrough,BudgetDoS,562,skip_non_rpa,0,False,,False,0,False,
paper_walkthrough,BudgetDoS,563,budget_skip,0,False,,False,0,False,budget
paper_walkthrough,BudgetDoS,564,budget_skip,0,False,,False,0,False,budget
paper_walkthrough,BudgetDoS,565,budget_skip,0,False,,False,0,False,budget
paper_walkthrough,BudgetDoS,566,budget_skip,0,False,,False,0,False,budget
paper_walkthrough,BudgetDoS,567,budget_skip,0,False,,False,0,False,budget
paper_walkthrough,BudgetDoS,568,budget_skip,0,False,,False,0,False,budget
paper_walkthrough,BudgetDoS,569,budget_skip,0,False,,False,0,False,budget
paper_walkthrough,BudgetDoS,570,budget_skip,0,False,,False,0,False,budget
paper_walkthrough,BudgetDoS,571,budget_skip,0,False,,False,0,False,budget
paper_walkthrough,BudgetDoS,572,budget_skip,0,False,,False,0,False,budget
paper_walkthrough,BudgetDoS,573,budget_skip,0,False,,False,0,False,budget
paper_walkthrough,BudgetDoS,574,budget_skip,0,False,,False,0,False,budget
paper_walkthrough,BudgetDoS,575,budget_skip,0,False,,False,0,False,budget
paper_walkthrough,BudgetDoS,576,rl_hit,1,True,dev_0002,False,0,False,
paper_walkthrough,P3-NoPersist,0,host_scan,12,False,,False,0,False,
paper_walkthrough,P3-NoPersist,1,host_scan,12,False,,False,0,False,
paper_walkthrough,P3-NoPersist,2,host_scan,12,False,,True,100,False,
paper_walkthrough,P3-NoPersist,3,host_scan,12,False,,False,0,False,
paper_walkthrough,P3-NoPersist,4,host_scan,12,False,,False,0,False,
paper_walkthrough,P3-NoPersist,5,host_scan,12,False,,False,0,False,
paper_walkthrough,P3-NoPersist,6,host_scan,12,False,,False,0,False,
paper_walkthrough,P3-NoPersist,7,host_scan,12,False,,False,0,False,
paper_walkthrough,P3-NoPersist,8,host_scan,12,False,,True,100,False,
paper_walkthrough,P3-NoPersist,9,host_scan,12,False,,True,100,False,
paper_walkthrough,P3-NoPersist,10,host_scan,12,False,,False,0,False,
paper_walkthrough,P3-NoPersist,11,host_scan,12,False,,False,0,False,
paper_walkthrough,P3-NoPersist,12,host_scan,12,False,,False,0,False,
paper_walkthrough,P3-NoPersist,13,host_scan,12,False,,False,0,False,
paper_walkthrough,P3-NoPersist,14,host_scan,12,False,,True,100,False,
paper_walkthrough,P3-NoPersist,15,host_scan,12,False,,False,0,False,
paper_walkthrough,P3-NoPersist,16,host_scan,12,False,,False,0,False,
paper_walkthrough,P3-NoPersist,17,host_scan,12,False,,False,0,False,
paper_walkthrough,P3-NoPersist,18,host_scan,12,False,,False,0,False,
paper_walkthrough,P3-NoPersist,19,host_scan,12,False,,False,0,False,
paper_walkthrough,P3-NoPersist,20,host_scan,12,False,,True,100,False,
paper_walkthrough,P3-NoPersist,21,host_scan,12,False,,False,0,False,
paper_walkthrough,P3-NoPersist,22,host_scan,12,False,,False,0,False,
paper_walkthrough,P3-NoPersist,23,host_scan,12,False,,False,0,False,
paper_walkthrough,P3-NoPersist,24,host_scan,12,False,,True,100,False,
paper_walkthrough,P3-NoPersist,25,host_scan,12,False,,True,100,False,
paper_walkthrough,P3-NoPersist,26,host_scan,12,False,,True,100,False,
paper_walkthrough,P3-NoPersist,27,skip_non_rpa,0,False,,False,0,False,
paper_walkthrough,P3-NoPersist,28,host_scan,12,False,,False,0,False,
paper_walkthrough,P3-NoPersist,29,host_scan,12,False,,False,0,False,
paper_walkthrough,P3-NoPersist,30,host_scan,12,False,,True,100,False,
paper_walkthrough,P3-NoPersist,31,defer,0,False,,True,1000,False,budget
paper_walkthrough,P3-NoPersist,32,defer,0,False,,True,1000,False,budget
paper_walkthrough,P3-NoPersist,33,defer,0,False,,True,1000,False,budget
paper_walkthrough,P3-NoPersist,34,skip_non_rpa,0,False,,False,0,False,
paper_walkthrough,P3-NoPersist,35,defer,0,False,,True,1000,True,budget
paper_walkthrough,P3-NoPersist,36,defer,0,False,,True,1000,False,budget
paper_walkthrough,P3-NoPersist,37,skip_non_rpa,0,False,,False,0,False,
paper_walkthrough,P3-NoPersist,38,rl_hit,1,True,dev_0002,False,0,False,
paper_walkthrough,P3-NoPersist,39,defer,0,False,,True,1000,False,budget
paper_walkthrough,P3-NoPersist,40,defer,0,False,,True,1000,False,budget
paper_walkthrough,P3-NoPersist,41,defer,0,False,,True,1000,False,budget
paper_walkthrough,P3-NoPersist,42,defer,0,False,,True,1000,False,budget
paper_walkthrough,P3-NoPersist,43,defer,0,False,,True,1000,False,budget
paper_walkthrough,P3-NoPersist,44,defer,0,False,,True,1000,False,budget
paper_walkthrough,P3-NoPersist,45,defer,0,False,,True,1000,False,budget
paper_walkthrough,P3-NoPersist,46,defer,0,False,,True,1000,False,budget
paper_walkthrough,P3-NoPersist,47,defer,0,False,,True,1000,False,budget
paper_walkthrough,P3-NoPersist,48,defer,0,False,,True,1000,False,budget
paper_walkthrough,P3-NoPersist,49,skip_non_rpa,0,False,,False,0,False,
paper_walkthrough,P3-NoPersist,50,defer,0,False,,True,1000,False,budget
paper_walkthrough,P3-NoPersist,51,budget_skip,0,False,,False,0,False,budget
paper_walkthrough,P3-NoPersist,52,defer,0,False,,True,1000,False,budget
paper_walkthrough,P3-NoPersist,53,defer,0,False,,True,1000,False,budget
paper_walkthrough,P3-NoPersist,54,budget_skip,0,False,,False,0,False,budget
paper_walkthrough,P3-NoPersist,55,skip_non_rpa,0,False,,False,0,False,
paper_walkthrough,P3-NoPersist,56,defer,0,False,,True,1000,False,budget
paper_walkthrough,P3-NoPersist,57,defer,0,False,,True,1000,False,budget
paper_walkthrough,P3-NoPersist,58,defer,0,False,,True,1000,False,budget
paper_walkthrough,P3-NoPersist,59,defer,0,False,,True,1000,False,budget
paper_walkthrough,P3-NoPersist,60,skip_non_rpa,0,False,,False,0,False,
paper_walkthrough,P3-NoPersist,61,defer,0,False,,True,1000,False,budget
paper_walkthrough,P3-NoPersist,62,skip_non_rpa,0,False,,False,0,False,
paper_walkthrough,P3-NoPersist,63,defer,0,False,,True,1000,False,budget
paper_walkthrough,P3-NoPersist,64,rl_hit,1,True,dev_0000,False,0,False,
paper_walkthrough,P3-NoPersist,65,defer,0,False,,True,1000,False,budget
paper_walkthrough,P3-NoPersist,66,defer,0,False,,True,1000,False,budget
paper_walkthrough,P3-NoPersist,67,defer,0,False,,True,1000,False,budget
paper_walkthrough,P3-NoPersist,68,defer,0,False,,True,1000,False,budget
paper_walkthrough,P3-NoPersist,69,defer,0,False,,True,1000,False,budget
paper_walkthrough,P3-NoPersist,70,defer,0,False,,True,1000,False,budget
paper_walkthrough,P3-NoPersist,71,defer,0,False,,True,1000,False,budget
paper_walkthrough,P3-NoPersist,72,defer,0,False,,True,1000,False,budget
paper_walkthrough,P3-NoPersist,73,defer,0,False,,True,1000,False,budget
paper_walkthrough,P3-NoPersist,74,defer,0,False,,True,1000,False,budget
paper_walkthrough,P3-NoPersist,75,defer,0,False,,True,1000,False,budget
paper_walkthrough,P3-NoPersist,76,rl_hit,1,True,dev_0001,False,0,False,
paper_walkthrough,P3-NoPersist,77,budget_skip,0,False,,False,0,False,budget
paper_walkthrough,P3-NoPersist,78,budget_skip,0,False,,False,0,False,budget
paper_walkthrough,P3-NoPersist,79,skip_non_rpa,0,False,,False,0,False,
paper_walkthrough,P3-NoPersist,80,defer,0,False,,True,1000,False,budget
paper_walkthrough,P3-NoPersist,81,budget_skip,0,False,,False,0,False,budget
paper_walkthrough,P3-NoPersist,82,defer,0,False,,True,1000,False,budget
paper_walkthrough,P3-NoPersist,83,cache_hit,0,True,dev_0000,False,0,False,
paper_walkthrough,P3-NoPersist,84,budget_skip,0,False,,False,0,False,budget
paper_walkthrough,P3-NoPersist,85,budget_skip,0,False,,False,0,False,budget
paper_walkthrough,P3-NoPersist,86,defer,0,False,,True,1000,False,budget
paper_walkthrough,P3-NoPersist,87,defer,0,False,,True,1000,False,budget
paper_walkthrough,P3-NoPersist,88,defer,0,False,,True,1000,False,budget
paper_walkthrough,P3-NoPersist,89,defer,0,False,,True,1000,False,budget
paper_walkthrough,P3-NoPersist,90,defer,0,False,,True,1000,False,budget
paper_walkthrough,P3-NoPersist,91,budget_skip,0,False,,False,0,False,budget
paper_walkthrough,P3-NoPersist,92,defer,0,False,,True,1000,False,budget
paper_walkthrough,P3-NoPersist,93,cache_hit,0,True,dev_0001,False,0,False,
paper_walkthrough,P3-NoPersist,94,defer,0,False,,True,1000,False,budget
paper_walkthrough,P3-NoPersist,95,defer,0,False,,True,1000,False,budget
paper_walkthrough,P3-NoPersist,96,defer,0,False,,True,1000,False,budget
paper_walkthrough,P3-NoPersist,97,skip_non_rpa,0,False,,False,0,False,
paper_walkthrough,P3-NoPersist,98,skip_non_rpa,0,False,,False,0,False,
paper_walkthrough,P3-NoPersist,99,defer,0,False,,True,1000,False,budget
paper_walkthrough,P3-NoPersist,100,defer,0,False,,True,1000,False,budget
paper_walkthrough,P3-NoPersist,101,defer,0,False,,True,1000,False,budget
paper_walkthrough,P3-NoPersist,102,skip_non_rpa,0,False,,False,0,False,
paper_walkthrough,P3-NoPersist,103,budget_skip,0,False,,False,0,False,budget
paper_walkthrough,P3-NoPersist,104,skip_non_rpa,0,False,,False,0,False,
paper_walkthrough,P3-NoPersist,105,budget_skip,0,False,,False,0,False,budget
paper_walkthrough,P3-NoPersist,106,defer,0,False,,True,1000,False,budget
paper_walkthrough,P3-NoPersist,107,skip_non_rpa,0,False,,False,0,False,
paper_walkthrough,P3-NoPersist,108,budget_skip,0,False,,False,0,False,budget
paper_walkthrough,P3-NoPersist,109,skip_non_rpa,0,False,,False,0,False,
paper_walkthrough,P3-NoPersist,110,defer,0,False,,True,1000,False,budget
paper_walkthrough,P3-NoPersist,111,budget_skip,0,False,,False,0,False,budget
paper_walkthrough,P3-NoPersist,112,defer,0,False,,True,1000,False,budget
paper_walkthrough,P3-NoPersist,113,cache_hit,0,True,dev_0000,False,0,False,
paper_walkthrough,P3-NoPersist,114,budget_skip,0,False,,False,0,False,budget
paper_walkthrough,P3-NoPersist,115,skip_non_rpa,0,False,,False,0,False,
paper_walkthrough,P3-NoPersist,116,skip_non_rpa,0,False,,False,0,False,
paper_walkthrough,P3-NoPersist,117,defer,0,False,,True,1000,False,budget
paper_walkthrough,P3-NoPersist,118,defer,0,False,,True,1000,False,budget
paper_walkthrough,P3-NoPersist,119,defer,0,False,,True,1000,False,budget
paper_walkthrough,P3-NoPersist,120,defer,0,False,,True,1000,False,budget
paper_walkthrough,P3-NoPersist,121,defer,0,False,,True,1000,False,budget
paper_walkthrough,P3-NoPersist,122,defer,0,False,,True,1000,False,budget
paper_walkthrough,P3-NoPersist,123,defer,0,False,,True,1000,False,budget
paper_walkthrough,P3-NoPersist,124,defer,0,False,,True,1000,False,budget
paper_walkthrough,P3-NoPersist,125,defer,0,False,,True,1000,False,budget
paper_walkthrough,P3-NoPersist,126,defer,0,False,,True,1000,False,budget
paper_walkthrough,P3-NoPersist,127,budget_skip,0,False,,False,0,False,budget
paper_walkthrough,P3-NoPersist,128,budget_skip,0,False,,False,0,False,budget
paper_walkthrough,P3-NoPersist,129,defer,0,False,,True,1000,False,budget
paper_walkthrough,P3-NoPersist,130,skip_non_rpa,0,False,,False,0,False,
paper_walkthrough,P3-NoPersist,131,defer,0,False,,True,1000,False,budget
paper_walkthrough,P3-NoPersist,132,budget_skip,0,False,,False,0,False,budget
paper_walkthrough,P3-NoPersist,133,defer,0,False,,True,1000,False,budget
paper_walkthrough,P3-NoPersist,134,skip_non_rpa,0,False,,False,0,False,
paper_walkthrough,P3-NoPersist,135,defer,0,False,,True,1000,False,budget
paper_walkthrough,P3-NoPersist,136,skip_non_rpa,0,False,,False,0,False,
paper_walkthrough,P3-NoPersist,137,defer,0,False,,True,1000,False,budget
paper_walkthrough,P3-NoPersist,138,budget_skip,0,False,,False,0,False,budget
paper_walkthrough,P3-NoPersist,139,defer,0,False,,True,1000,False,budget
paper_walkthrough,P3-NoPersist,140,skip_non_rpa,0,False,,False,0,False,
paper_walkthrough,P3-NoPersist,141,cache_hit,0,True,dev_0001,False,0,False,
paper_walkthrough,P3-NoPersist,142,defer,0,False,,True,1000,False,budget
paper_walkthrough,P3-NoPersist,143,defer,0,False,,True,1000,False,budget
paper_walkthrough,P3-NoPersist,144,defer,0,False,,True,1000,True,budget
paper_walkthrough,P3-NoPersist,145,defer,0,False,,True,1000,False,budget
paper_walkthrough,P3-NoPersist,146,defer,0,False,,True,1000,False,budget
paper_walkthrough,P3-NoPersist,147,defer,0,False,,True,1000,False,budget
paper_walkthrough,P3-NoPersist,148,defer,0,False,,True,1000,False,budget
paper_walkthrough,P3-NoPersist,149,defer,0,False,,True,1000,False,budget
paper_walkthrough,P3-NoPersist,150,defer,0,False,,True,1000,False,budget
paper_walkthrough,P3-NoPersist,151,defer,0,False,,True,1000,False,budget
paper_walkthrough,P3-NoPersist,152,defer,0,False,,True,1000,True,budget
paper_walkthrough,P3-NoPersist,153,defer,0,False,,True,1000,False,budget
paper_walkthrough,P3-NoPersist,154,budget_skip,0,False,,False,0,False,budget
paper_walkthrough,P3-NoPersist,155,cache_hit,0,True,dev_0002,False,0,False,
paper_walkthrough,P3-NoPersist,156,defer,0,False,,True,1000,False,budget
paper_walkthrough,P3-NoPersist,157,defer,0,False,,True,1000,False,budget
paper_walkthrough,P3-NoPersist,158,defer,0,False,,True,1000,False,budget
paper_walkthrough,P3-NoPersist,159,defer,0,False,,True,1000,False,budget
paper_walkthrough,P3-NoPersist,160,defer,0,False,,True,1000,False,budget
paper_walkthrough,P3-NoPersist,161,defer,0,False,,True,1000,False,budget
paper_walkthrough,P3-NoPersist,162,defer,0,False,,True,1000,True,budget
paper_walkthrough,P3-NoPersist,163,defer,0,False,,True,1000,False,budget
paper_walkthrough,P3-NoPersist,164,defer,0,False,,True,1000,False,budget
paper_walkthrough,P3-NoPersist,165,defer,0,False,,True,1000,False,budget
paper_walkthrough,P3-NoPersist,166,defer,0,False,,True,1000,False,budget
paper_walkthrough,P3-NoPersist,167,defer,0,False,,True,1000,False,budget
paper_walkthrough,P3-NoPersist,168,rl_hit,1,True,dev_0003,False,0,False,
paper_walkthrough,P3-NoPersist,169,defer,0,False,,True,1000,False,budget
paper_walkthrough,P3-NoPersist,170,defer,0,False,,True,1000,False,budget
paper_walkthrough,P3-NoPersist,171,skip_non_rpa,0,False,,False,0,False,
paper_walkthrough,P3-NoPersist,172,skip_non_rpa,0,False,,False,0,False,
paper_walkthrough,P3-NoPersist,173,defer,0,False,,True,1000,False,budget
paper_walkthrough,P3-NoPersist,174,defer,0,False,,True,1000,False,budget
paper_walkthrough,P3-NoPersist,175,budget_skip,0,False,,False,0,False,budget
paper_walkthrough,P3-NoPersist,176,defer,0,False,,True,1000,False,budget
paper_walkthrough,P3-NoPersist,177,defer,0,False,,True,1000,False,budget
paper_walkthrough,P3-NoPersist,178,budget_skip,0,False,,False,0,False,budget
paper_walkthrough,P3-NoPersist,179,defer,0,False,,True,1000,False,budget
paper_walkthrough,P3-NoPersist,180,defer,0,False,,True,1000,False,budget
paper_walkthrough,P3-NoPersist,181,defer,0,False,,True,1000,False,budget
paper_walkthrough,P3-NoPersist,182,budget_skip,0,False,,False,0,False,budget
paper_walkthrough,P3-NoPersist,183,defer,0,False,,True,1000,False,budget
paper_walkthrough,P3-NoPersist,184,defer,0,False,,True,1000,False,budget
paper_walkthrough,P3-NoPersist,185,defer,0,False,,True,1000,True,budget
paper_walkthrough,P3-NoPersist,186,skip_non_rpa,0,False,,False,0,False,
paper_walkthrough,P3-NoPersist,187,defer,0,False,,True,1000,False,budget
paper_walkthrough,P3-NoPersist,188,host_scan,12,False,,False,0,False,
paper_walkthrough,P3-NoPersist,189,host_scan,12,False,,False,0,False,
paper_walkthrough,P3-NoPersist,190,host_scan,12,False,,False,0,False,
paper_walkthrough,P3-NoPersist,191,host_scan,12,False,,False,0,False,
paper_walkthrough,P3-NoPersist,192,skip_non_rpa,0,False,,False,0,False,
paper_walkthrough,P3-NoPersist,193,host_scan,12,False,,False,0,False,
paper_walkthrough,P3-NoPersist,194,host_scan,12,False,,False,0,False,
paper_walkthrough,P3-NoPersist,195,skip_non_rpa,0,False,,False,0,False,
paper_walkthrough,P3-NoPersist,196,host_scan,12,False,,False,0,False,
paper_walkthrough,P3-NoPersist,197,host_scan,12,False,,True,100,False,
paper_walkthrough,P3-NoPersist,198,host_scan,12,False,,False,0,False,
paper_walkthrough,P3-NoPersist,199,host_scan,12,False,,False,0,False,
paper_walkthrough,P3-NoPersist,200,skip_non_rpa,0,False,,False,0,False,
paper_walkthrough,P3-NoPersist,201,host_scan,12,False,,False,0,False,
paper_walkthrough,P3-NoPersist,202,host_scan,12,False,,False,0,False,
paper_walkthrough,P3-NoPersist,203,rl_hit,1,True,dev_0000,False,0,False,
paper_walkthrough,P3-NoPersist,204,rl_hit,1,True,dev_0002,False,0,False,
paper_walkthrough,P3-NoPersist,205,host_scan,12,False,,False,0,False,
paper_walkthrough,P3-NoPersist,206,host_scan,12,False,,False,0,False,
paper_walkthrough,P3-NoPersist,207,host_scan,12,False,,False,0,False,
paper_walkthrough,P3-NoPersist,208,host_scan,12,False,,False,0,False,
paper_walkthrough,P3-NoPersist,209,host_scan,12,False,,True,100,False,
paper_walkthrough,P3-NoPersist,210,skip_non_rpa,0,False,,False,0,False,
paper_walkthrough,P3-NoPersist,211,cache_hit,0,True,dev_0000,False,0,False,
paper_walkthrough,P3-NoPersist,212,host_scan,12,False,,False,0,False,
paper_walkthrough,P3-NoPersist,213,skip_non_rpa,0,False,,False,0,False,
paper_walkthrough,P3-NoPersist,214,cache_hit,0,True,dev_0002,False,0,False,
paper_walkthrough,P3-NoPersist,215,host_scan,12,False,,False,0,False,
paper_walkthrough,P3-NoPersist,216,host_scan,12,False,,False,0,False,
paper_walkthrough,P3-NoPersist,217,skip_non_rpa,0,False,,False,0,False,
paper_walkthrough,P3-NoPersist,218,host_scan,12,False,,True,100,False,
paper_walkthrough,P3-NoPersist,219,skip_non_rpa,0,False,,False,0,False,
paper_walkthrough,P3-NoPersist,220,cache_hit,0,True,dev_0002,False,0,False,
paper_walkthrough,P3-NoPersist,221,host_scan,12,False,,False,0,False,
paper_walkthrough,P3-NoPersist,222,host_scan,12,False,,False,0,False,
paper_walkthrough,P3-NoPersist,223,skip_non_rpa,0,False,,False,0,False,
paper_walkthrough,P3-NoPersist,224,skip_non_rpa,0,False,,False,0,False,
paper_walkthrough,P3-NoPersist,225,host_scan,12,False,,True,100,False,
paper_walkthrough,P3-NoPersist,226,host_scan,12,False,,True,100,False,
paper_walkthrough,P3-NoPersist,227,host_scan,12,False,,False,0,False,
paper_walkthrough,P3-NoPersist,228,host_scan,12,False,,True,100,False,
paper_walkthrough,P3-NoPersist,229,skip_non_rpa,0,False,,False,0,False,
paper_walkthrough,P3-NoPersist,230,host_scan,12,False,,False,0,False,
paper_walkthrough,P3-NoPersist,231,host_scan,12,False,,False,0,False,
paper_walkthrough,P3-NoPersist,232,host_scan,12,False,,False,0,False,
paper_walkthrough,P3-NoPersist,233,defer,0,False,,True,1000,True,budget
paper_walkthrough,P3-NoPersist,234,defer,0,False,,True,1000,False,budget
paper_walkthrough,P3-NoPersist,235,budget_skip,0,False,,False,0,False,budget
paper_walkthrough,P3-NoPersist,236,defer,0,False,,True,1000,False,budget
paper_walkthrough,P3-NoPersist,237,budget_skip,0,False,,False,0,False,budget
paper_walkthrough,P3-NoPersist,238,defer,0,False,,True,1000,False,budget
paper_walkthrough,P3-NoPersist,239,defer,0,False,,True,1000,False,budget
paper_walkthrough,P3-NoPersist,240,budget_skip,0,False,,False,0,False,budget
paper_walkthrough,P3-NoPersist,241,defer,0,False,,True,1000,False,budget
paper_walkthrough,P3-NoPersist,242,defer,0,False,,True,1000,False,budget
paper_walkthrough,P3-NoPersist,243,defer,0,False,,True,1000,False,budget
paper_walkthrough,P3-NoPersist,244,skip_non_rpa,0,False,,False,0,False,
paper_walkthrough,P3-NoPersist,245,cache_hit,0,True,dev_0000,False,0,False,
paper_walkthrough,P3-NoPersist,246,defer,0,False,,True,1000,False,budget
paper_walkthrough,P3-NoPersist,247,defer,0,False,,True,1000,False,budget
paper_walkthrough,P3-NoPersist,248,defer,0,False,,True,1000,False,budget
paper_walkthrough,P3-NoPersist,249,defer,0,False,,True,1000,False,budget
paper_walkthrough,P3-NoPersist,250,defer,0,False,,True,1000,False,budget
paper_walkthrough,P3-NoPersist,251,defer,0,False,,True,1000,False,budget
paper_walkthrough,P3-NoPersist,252,defer,0,False,,True,1000,False,budget
paper_walkthrough,P3-NoPersist,253,defer,0,False,,True,1000,False,budget
paper_walkthrough,P3-NoPersist,254,skip_non_rpa,0,False,,False,0,False,
paper_walkthrough,P3-NoPersist,255,defer,0,False,,True,1000,False,budget
paper_walkthrough,P3-NoPersist,256,defer,0,False,,True,1000,False,budget
paper_walkthrough,P3-NoPersist,257,defer,0,False,,True,1000,False,budget
paper_walkthrough,P3-NoPersist,258,cache_hit,0,True,dev_0000,False,0,False,
paper_walkthrough,P3-NoPersist,259,rl_hit,1,True,dev_0001,False,0,False,
paper_walkthrough,P3-NoPersist,260,defer,0,False,,True,1000,False,budget
paper_walkthrough,P3-NoPersist,261,defer,0,False,,True,1000,False,budget
paper_walkthrough,P3-NoPersist,262,defer,0,False,,True,1000,False,budget
paper_walkthrough,P3-NoPersist,263,defer,0,False,,True,1000,False,budget
paper_walkthrough,P3-NoPersist,264,defer,0,False,,True,1000,False,budget
paper_walkthrough,P3-NoPersist,265,defer,0,False,,True,1000,False,budget
paper_walkthrough,P3-NoPersist,266,defer,0,False,,True,1000,False,budget
paper_walkthrough,P3-NoPersist,267,budget_skip,0,False,,False,0,False,budget
paper_walkthrough,P3-NoPersist,268,defer,0,False,,True,1000,False,budget
paper_walkthrough,P3-NoPersist,269,defer,0,False,,True,1000,False,budget
paper_walkthrough,P3-NoPersist,270,defer,0,False,,True,1000,False,budget
paper_walkthrough,P3-NoPersist,271,defer,0,False,,True,1000,False,budget
paper_walkthrough,P3-NoPersist,272,rl_hit,1,True,dev_0003,False,0,False,
paper_walkthrough,P3-NoPersist,273,budget_skip,0,False,,False,0,False,budget
paper_walkthrough,P3-NoPersist,274,defer,0,False,,True,1000,False,budget
paper_walkthrough,P3-NoPersist,275,cache_hit,0,True,dev_0001,False,0,False,
paper_walkthrough,P3-NoPersist,276,defer,0,False,,True,1000,False,budget
paper_walkthrough,P3-NoPersist,277,skip_non_rpa,0,False,,False,0,False,
paper_walkthrough,P3-NoPersist,278,cache_hit,0,True,dev_0002,False,0,False,
paper_walkthrough,P3-NoPersist,279,defer,0,False,,True,1000,False,budget
paper_walkthrough,P3-NoPersist,280,defer,0,False,,True,1000,False,budget
paper_walkthrough,P3-NoPersist,281,defer,0,False,,True,1000,False,budget
paper_walkthrough,P3-NoPersist,282,defer,0,False,,True,1000,False,budget
paper_walkthrough,P3-NoPersist,283,defer,0,False,,True,1000,False,budget
paper_walkthrough,P3-NoPersist,284,skip_non_rpa,0,False,,False,0,False,
paper_walkthrough,P3-NoPersist,285,defer,0,False,,True,1000,False,budget
paper_walkthrough,P3-NoPersist,286,defer,0,False,,True,1000,False,budget
paper_walkthrough,P3-NoPersist,287,budget_skip,0,False,,False,0,False,budget
paper_walkthrough,P3-NoPersist,288,skip_non_rpa,0,False,,False,0,False,
paper_walkthrough,P3-NoPersist,289,defer,0,False,,True,1000,False,budget
paper_walkthrough,P3-NoPersist,290,defer,0,False,,True,1000,False,budget
paper_walkthrough,P3-NoPersist,291,budget_skip,0,False,,False,0,False,budget
paper_walkthrough,P3-NoPersist,292,defer,0,False,,True,1000,False,budget
paper_walkthrough,P3-NoPersist,293,defer,0,False,,True,1000,False,budget
paper_walkthrough,P3-NoPersist,294,cache_hit,0,True,dev_0000,False,0,False,
paper_walkthrough,P3-NoPersist,295,skip_non_rpa,0,False,,False,0,False,
paper_walkthrough,P3-NoPersist,296,defer,0,False,,True,1000,False,budget
paper_walkthrough,P3-NoPersist,297,defer,0,False,,True,1000,True,budget
paper_walkthrough,P3-NoPersist,298,defer,0,False,,True,1000,False,budget
paper_walkthrough,P3-NoPersist,299,defer,0,False,,True,1000,False,budget
paper_walkthrough,P3-NoPersist,300,skip_non_rpa,0,False,,False,0,False,
paper_walkthrough,P3-NoPersist,301,budget_skip,0,False,,False,0,False,budget
paper_walkthrough,P3-NoPersist,302,cache_hit,0,True,dev_0001,False,0,False,
paper_walkthrough,P3-NoPersist,303,skip_non_rpa,0,False,,False,0,False,
paper_walkthrough,P3-NoPersist,304,defer,0,False,,True,1000,False,budget
paper_walkthrough,P3-NoPersist,305,defer,0,False,,True,1000,False,budget
paper_walkthrough,P3-NoPersist,306,defer,0,False,,True,1000,False,budget
paper_walkthrough,P3-NoPersist,307,defer,0,False,,True,1000,False,budget
paper_walkthrough,P3-NoPersist,308,defer,0,False,,True,1000,False,budget
paper_walkthrough,P3-NoPersist,309,defer,0,False,,True,1000,False,budget
paper_walkthrough,P3-NoPersist,310,budget_skip,0,False,,False,0,False,budget
paper_walkthrough,P3-NoPersist,311,budget_skip,0,False,,False,0,False,budget
paper_walkthrough,P3-NoPersist,312,defer,0,False,,True,1000,False,budget
paper_walkthrough,P3-NoPersist,313,defer,0,False,,True,1000,False,budget
paper_walkthrough,P3-NoPersist,314,skip_non_rpa,0,False,,False,0,False,
paper_walkthrough,P3-NoPersist,315,defer,0,False,,True,1000,False,budget
paper_walkthrough,P3-NoPersist,316,defer,0,False,,True,1000,False,budget
paper_walkthrough,P3-NoPersist,317,defer,0,False,,True,1000,False,budget
paper_walkthrough,P3-NoPersist,318,defer,0,False,,True,1000,False,budget
paper_walkthrough,P3-NoPersist,319,defer,0,False,,True,1000,False,budget
paper_walkthrough,P3-NoPersist,320,cache_hit,0,True,dev_0001,False,0,False,
paper_walkthrough,P3-NoPersist,321,defer,0,False,,True,1000,False,budget
paper_walkthrough,P3-NoPersist,322,defer,0,False,,True,1000,False,budget
paper_walkthrough,P3-NoPersist,323,skip_non_rpa,0,False,,False,0,False,
paper_walkthrough,P3-NoPersist,324,defer,0,False,,True,1000,False,budget
paper_walkthrough,P3-NoPersist,325,defer,0,False,,True,1000,False,budget
paper_walkthrough,P3-NoPersist,326,defer,0,False,,True,1000,False,budget
paper_walkthrough,P3-NoPersist,327,defer,0,False,,True,1000,False,budget
paper_walkthrough,P3-NoPersist,328,defer,0,False,,True,1000,False,budget
paper_walkthrough,P3-NoPersist,329,skip_non_rpa,0,False,,False,0,False,
paper_walkthrough,P3-NoPersist,330,skip_non_rpa,0,False,,False,0,False,
paper_walkthrough,P3-NoPersist,331,defer,0,False,,True,1000,False,budget
paper_walkthrough,P3-NoPersist,332,defer,0,False,,True,1000,False,budget
paper_walkthrough,P3-NoPersist,333,defer,0,False,,True,1000,True,budget
paper_walkthrough,P3-NoPersist,334,defer,0,False,,True,1000,False,budget
paper_walkthrough,P3-NoPersist,335,defer,0,False,,True,1000,False,budget
paper_walkthrough,P3-NoPersist,336,defer,0,False,,True,1000,False,budget
paper_walkthrough,P3-NoPersist,337,skip_non_rpa,0,False,,False,0,False,
paper_walkthrough,P3-NoPersist,338,cache_hit,0,True,dev_0000,False,0,False,
paper_walkthrough,P3-NoPersist,339,defer,0,False,,True,1000,False,budget
paper_walkthrough,P3-NoPersist,340,cache_hit,0,True,dev_0000,False,0,False,
paper_walkthrough,P3-NoPersist,341,defer,0,False,,True,1000,False,budget
paper_walkthrough,P3-NoPersist,342,defer,0,False,,True,1000,False,budget
paper_walkthrough,P3-NoPersist,343,defer,0,False,,True,1000,False,budget
paper_walkthrough,P3-NoPersist,344,budget_skip,0,False,,False,0,False,budget
paper_walkthrough,P3-NoPersist,345,budget_skip,0,False,,False,0,False,budget
paper_walkthrough,P3-NoPersist,346,defer,0,False,,True,1000,False,budget
paper_walkthrough,P3-NoPersist,347,defer,0,False,,True,1000,False,budget
paper_walkthrough,P3-NoPersist,348,skip_non_rpa,0,False,,False,0,False,
paper_walkthrough,P3-NoPersist,349,defer,0,False,,True,1000,False,budget
paper_walkthrough,P3-NoPersist,350,defer,0,False,,True,1000,False,budget
paper_walkthrough,P3-NoPersist,351,defer,0,False,,True,1000,False,budget
paper_walkthrough,P3-NoPersist,352,skip_non_rpa,0,False,,False,0,False,
paper_walkthrough,P3-NoPersist,353,defer,0,False,,True,1000,False,budget
paper_walkthrough,P3-NoPersist,354,skip_non_rpa,0,False,,False,0,False,
paper_walkthrough,P3-NoPersist,355,budget_skip,0,False,,False,0,False,budget
paper_walkthrough,P3-NoPersist,356,defer,0,False,,True,1000,False,budget
paper_walkthrough,P3-NoPersist,357,defer,0,False,,True,1000,False,budget
paper_walkthrough,P3-NoPersist,358,defer,0,False,,True,1000,False,budget
paper_walkthrough,P3-NoPersist,359,skip_non_rpa,0,False,,False,0,False,
paper_walkthrough,P3-NoPersist,360,budget_skip,0,False,,False,0,False,budget
paper_walkthrough,P3-NoPersist,361,budget_skip,0,False,,False,0,False,budget
paper_walkthrough,P3-NoPersist,362,defer,0,False,,True,1000,False,budget
paper_walkthrough,P3-NoPersist,363,skip_non_rpa,0,False,,False,0,False,
paper_walkthrough,P3-NoPersist,364,defer,0,False,,True,1000,False,budget
paper_walkthrough,P3-NoPersist,365,skip_non_rpa,0,False,,False,0,False,
paper_walkthrough,P3-NoPersist,366,defer,0,False,,True,1000,False,budget
paper_walkthrough,P3-NoPersist,367,skip_non_rpa,0,False,,False,0,False,
paper_walkthrough,P3-NoPersist,368,defer,0,False,,True,1000,False,budget
paper_walkthrough,P3-NoPersist,369,rl_hit,1,True,dev_0001,False,0,False,
paper_walkthrough,P3-NoPersist,370,host_scan,12,False,,False,0,False,
paper_walkthrough,P3-NoPersist,371,host_scan,12,False,,False,0,False,
paper_walkthrough,P3-NoPersist,372,host_scan,12,False,,False,0,False,
paper_walkthrough,P3-NoPersist,373,skip_non_rpa,0,False,,False,0,False,
paper_walkthrough,P3-NoPersist,374,host_scan,12,False,,False,0,False,
paper_walkthrough,P3-NoPersist,375,cache_hit,0,True,dev_0001,False,0,False,
paper_walkthrough,P3-NoPersist,376,host_scan,12,False,,False,0,False,
paper_walkthrough,P3-NoPersist,377,rl_hit,1,True,dev_0000,False,0,False,
paper_walkthrough,P3-NoPersist,378,skip_non_rpa,0,False,,False,0,False,
paper_walkthrough,P3-NoPersist,379,host_scan,12,False,,False,0,False,
paper_walkthrough,P3-NoPersist,380,host_scan,12,False,,True,100,False,
paper_walkthrough,P3-NoPersist,381,host_scan,12,False,,False,0,False,
paper_walkthrough,P3-NoPersist,382,host_scan,12,False,,True,100,False,
paper_walkthrough,P3-NoPersist,383,host_scan,12,False,,False,0,False,
paper_walkthrough,P3-NoPersist,384,skip_non_rpa,0,False,,False,0,False,
paper_walkthrough,P3-NoPersist,385,host_scan,12,False,,False,0,False,
paper_walkthrough,P3-NoPersist,386,host_scan,12,False,,False,0,False,
paper_walkthrough,P3-NoPersist,387,host_scan,12,False,,False,0,False,
paper_walkthrough,P3-NoPersist,388,host_scan,12,False,,False,0,False,
paper_walkthrough,P3-NoPersist,389,host_scan,12,False,,False,0,False,
paper_walkthrough,P3-NoPersist,390,host_scan,12,False,,True,100,False,
paper_walkthrough,P3-NoPersist,391,host_scan,12,False,,False,0,False,
paper_walkthrough,P3-NoPersist,392,skip_non_rpa,0,False,,False,0,False,
paper_walkthrough,P3-NoPersist,393,host_scan,12,False,,True,100,False,
paper_walkthrough,P3-NoPersist,394,host_scan,12,False,,True,100,False,
paper_walkthrough,P3-NoPersist,395,host_scan,12,False,,False,0,False,
paper_walkthrough,P3-NoPersist,396,host_scan,12,False,,False,0,False,
paper_walkthrough,P3-NoPersist,397,host_scan,12,False,,True,100,False,
paper_walkthrough,P3-NoPersist,398,cache_hit,0,True,dev_0000,False,0,False,
paper_walkthrough,P3-NoPersist,399,skip_non_rpa,0,False,,False,0,False,
paper_walkthrough,P3-NoPersist,400,host_scan,12,False,,False,0,False,
paper_walkthrough,P3-NoPersist,401,host_scan,12,False,,False,0,False,
paper_walkthrough,P3-NoPersist,402,host_scan,12,False,,False,0,False,
paper_walkthrough,P3-NoPersist,403,host_scan,12,False,,False,0,False,
paper_walkthrough,P3-NoPersist,404,host_scan,12,False,,False,0,False,
paper_walkthrough,P3-NoPersist,405,host_scan,12,True,dev_0007,False,0,False,
paper_walkthrough,P3-NoPersist,406,host_scan,12,False,,False,0,False,
paper_walkthrough,P3-NoPersist,407,host_scan,12,False,,False,0,False,
paper_walkthrough,P3-NoPersist,408,defer,0,False,,True,1000,False,budget
paper_walkthrough,P3-NoPersist,409,defer,0,False,,True,1000,True,budget
paper_walkthrough,P3-NoPersist,410,defer,0,False,,True,1000,False,budget
paper_walkthrough,P3-NoPersist,411,cache_hit,0,True,dev_0001,False,0,False,
paper_walkthrough,P3-NoPersist,412,defer,0,False,,True,1000,False,budget
paper_walkthrough,P3-NoPersist,413,budget_skip,0,False,,False,0,False,budget
paper_walkthrough,P3-NoPersist,414,budget_skip,0,False,,False,0,False,budget
paper_walkthrough,P3-NoPersist,415,defer,0,False,,True,1000,False,budget
paper_walkthrough,P3-NoPersist,416,budget_skip,0,False,,False,0,False,budget
paper_walkthrough,P3-NoPersist,417,defer,0,False,,True,1000,False,budget
paper_walkthrough,P3-NoPersist,418,budget_skip,0,False,,False,0,False,budget
paper_walkthrough,P3-NoPersist,419,defer,0,False,,True,1000,False,budget
paper_walkthrough,P3-NoPersist,420,defer,0,False,,True,1000,False,budget
paper_walkthrough,P3-NoPersist,421,defer,0,False,,True,1000,False,budget
paper_walkthrough,P3-NoPersist,422,defer,0,False,,True,1000,False,budget
paper_walkthrough,P3-NoPersist,423,skip_non_rpa,0,False,,False,0,False,
paper_walkthrough,P3-NoPersist,424,defer,0,False,,True,1000,False,budget
paper_walkthrough,P3-NoPersist,425,defer,0,False,,True,1000,False,budget
paper_walkthrough,P3-NoPersist,426,defer,0,False,,True,1000,False,budget
paper_walkthrough,P3-NoPersist,427,defer,0,False,,True,1000,False,budget
paper_walkthrough,P3-NoPersist,428,defer,0,False,,True,1000,False,budget
paper_walkthrough,P3-NoPersist,429,defer,0,False,,True,1000,False,budget
paper_walkthrough,P3-NoPersist,430,defer,0,False,,True,1000,False,budget
paper_walkthrough,P3-NoPersist,431,defer,0,False,,True,1000,False,budget
paper_walkthrough,P3-NoPersist,432,budget_skip,0,False,,False,0,False,budget
paper_walkthrough,P3-NoPersist,433,budget_skip,0,False,,False,0,False,budget
paper_walkthrough,P3-NoPersist,434,defer,0,False,,True,1000,False,budget
paper_walkthrough,P3-NoPersist,435,defer,0,False,,True,1000,False,budget
paper_walkthrough,P3-NoPersist,436,defer,0,False,,True,1000,False,budget
paper_walkthrough,P3-NoPersist,437,defer,0,False,,True,1000,False,budget
paper_walkthrough,P3-NoPersist,438,defer,0,False,,True,1000,False,budget
paper_walkthrough,P3-NoPersist,439,budget_skip,0,False,,False,0,False,budget
paper_walkthrough,P3-NoPersist,440,budget_skip,0,False,,False,0,False,budget
paper_walkthrough,P3-NoPersist,441,budget_skip,0,False,,False,0,False,budget
paper_walkthrough,P3-NoPersist,442,defer,0,False,,True,1000,False,budget
paper_walkthrough,P3-NoPersist,443,skip_non_rpa,0,False,,False,0,False,
paper_walkthrough,P3-NoPersist,444,defer,0,False,,True,1000,False,budget
paper_walkthrough,P3-NoPersist,445,defer,0,False,,True,1000,False,budget
paper_walkthrough,P3-NoPersist,446,defer,0,False,,True,1000,False,budget
paper_walkthrough,P3-NoPersist,447,cache_hit,0,True,dev_0000,False,0,False,
paper_walkthrough,P3-NoPersist,448,budget_skip,0,False,,False,0,False,budget
paper_walkthrough,P3-NoPersist,449,skip_non_rpa,0,False,,False,0,False,
paper_walkthrough,P3-NoPersist,450,budget_skip,0,False,,False,0,False,budget
paper_walkthrough,P3-NoPersist,451,defer,0,False,,True,1000,False,budget
paper_walkthrough,P3-NoPersist,452,defer,0,False,,True,1000,False,budget
paper_walkthrough,P3-NoPersist,453,defer,0,False,,True,1000,False,budget
paper_walkthrough,P3-NoPersist,454,defer,0,False,,True,1000,False,budget
paper_walkthrough,P3-NoPersist,455,defer,0,False,,True,1000,False,budget
paper_walkthrough,P3-NoPersist,456,budget_skip,0,False,,False,0,False,budget
paper_walkthrough,P3-NoPersist,457,cache_hit,0,True,dev_0000,False,0,False,
paper_walkthrough,P3-NoPersist,458,defer,0,False,,True,1000,False,budget
paper_walkthrough,P3-NoPersist,459,skip_non_rpa,0,False,,False,0,False,
paper_walkthrough,P3-NoPersist,460,defer,0,False,,True,1000,False,budget
paper_walkthrough,P3-NoPersist,461,defer,0,False,,True,1000,False,budget
paper_walkthrough,P3-NoPersist,462,budget_skip,0,False,,False,0,False,budget
paper_walkthrough,P3-NoPersist,463,defer,0,False,,True,1000,False,budget
paper_walkthrough,P3-NoPersist,464,skip_non_rpa,0,False,,False,0,False,
paper_walkthrough,P3-NoPersist,465,budget_skip,0,False,,False,0,False,budget
paper_walkthrough,P3-NoPersist,466,cache_hit,0,True,dev_0000,False,0,False,
paper_walkthrough,P3-NoPersist,467,defer,0,False,,True,1000,False,budget
paper_walkthrough,P3-NoPersist,468,defer,0,False,,True,1000,True,budget
paper_walkthrough,P3-NoPersist,469,defer,0,False,,True,1000,False,budget
paper_walkthrough,P3-NoPersist,470,defer,0,False,,True,1000,False,budget
paper_walkthrough,P3-NoPersist,471,defer,0,False,,True,1000,False,budget
paper_walkthrough,P3-NoPersist,472,defer,0,False,,True,1000,False,budget
paper_walkthrough,P3-NoPersist,473,budget_skip,0,False,,False,0,False,budget
paper_walkthrough,P3-NoPersist,474,defer,0,False,,True,1000,False,budget
paper_walkthrough,P3-NoPersist,475,defer,0,False,,True,1000,False,budget
paper_walkthrough,P3-NoPersist,476,defer,0,False,,True,1000,False,budget
paper_walkthrough,P3-NoPersist,477,skip_non_rpa,0,False,,False,0,False,
paper_walkthrough,P3-NoPersist,478,defer,0,False,,True,1000,False,budget
paper_walkthrough,P3-NoPersist,479,defer,0,False,,True,1000,False,budget
paper_walkthrough,P3-NoPersist,480,defer,0,False,,True,1000,False,budget
paper_walkthrough,P3-NoPersist,481,defer,0,False,,True,1000,False,budget
paper_walkthrough,P3-NoPersist,482,defer,0,False,,True,1000,False,budget
paper_walkthrough,P3-NoPersist,483,defer,0,False,,True,1000,False,budget
paper_walkthrough,P3-NoPersist,484,defer,0,False,,True,1000,False,budget
paper_walkthrough,P3-NoPersist,485,defer,0,False,,True,1000,False,budget
paper_walkthrough,P3-NoPersist,486,skip_non_rpa,0,False,,False,0,False,
paper_walkthrough,P3-NoPersist,487,defer,0,False,,True,1000,False,budget
paper_walkthrough,P3-NoPersist,488,defer,0,False,,True,1000,False,budget
paper_walkthrough,P3-NoPersist,489,skip_non_rpa,0,False,,False,0,False,
paper_walkthrough,P3-NoPersist,490,defer,0,False,,True,1000,False,budget
paper_walkthrough,P3-NoPersist,491,defer,0,False,,True,1000,False,budget
paper_walkthrough,P3-NoPersist,492,defer,0,False,,True,1000,False,budget
paper_walkthrough,P3-NoPersist,493,cache_hit,0,True,dev_0007,False,0,False,
paper_walkthrough,P3-NoPersist,494,skip_non_rpa,0,False,,False,0,False,
paper_walkthrough,P3-NoPersist,495,defer,0,False,,True,1000,False,budget
paper_walkthrough,P3-NoPersist,496,defer,0,False,,True,1000,False,budget
paper_walkthrough,P3-NoPersist,497,defer,0,False,,True,1000,False,budget
paper_walkthrough,P3-NoPersist,498,skip_non_rpa,0,False,,False,0,False,
paper_walkthrough,P3-NoPersist,499,defer,0,False,,True,1000,True,budget
paper_walkthrough,P3-NoPersist,500,defer,0,False,,True,1000,False,budget
paper_walkthrough,P3-NoPersist,501,defer,0,False,,True,1000,False,budget
paper_walkthrough,P3-NoPersist,502,defer,0,False,,True,1000,False,budget
paper_walkthrough,P3-NoPersist,503,budget_skip,0,False,,False,0,False,budget
paper_walkthrough,P3-NoPersist,504,skip_non_rpa,0,False,,False,0,False,
paper_walkthrough,P3-NoPersist,505,defer,0,False,,True,1000,False,budget
paper_walkthrough,P3-NoPersist,506,defer,0,False,,True,1000,False,budget
paper_walkthrough,P3-NoPersist,507,skip_non_rpa,0,False,,False,0,False,
paper_walkthrough,P3-NoPersist,508,skip_non_rpa,0,False,,False,0,False,
paper_walkthrough,P3-NoPersist,509,defer,0,False,,True,1000,False,budget
paper_walkthrough,P3-NoPersist,510,defer,0,False,,True,1000,False,budget
paper_walkthrough,P3-NoPersist,511,budget_skip,0,False,,False,0,False,budget
paper_walkthrough,P3-NoPersist,512,cache_hit,0,True,dev_0001,False,0,False,
paper_walkthrough,P3-NoPersist,513,defer,0,False,,True,1000,False,budget
paper_walkthrough,P3-NoPersist,514,defer,0,False,,True,1000,False,budget
paper_walkthrough,P3-NoPersist,515,skip_non_rpa,0,False,,False,0,False,
paper_walkthrough,P3-NoPersist,516,defer,0,False,,True,1000,False,budget
paper_walkthrough,P3-NoPersist,517,defer,0,False,,True,1000,False,budget
paper_walkthrough,P3-NoPersist,518,defer,0,False,,True,1000,False,budget
paper_walkthrough,P3-NoPersist,519,defer,0,False,,True,1000,True,budget
paper_walkthrough,P3-NoPersist,520,skip_non_rpa,0,False,,False,0,False,
paper_walkthrough,P3-NoPersist,521,skip_non_rpa,0,False,,False,0,False,
paper_walkthrough,P3-NoPersist,522,defer,0,False,,True,1000,False,budget
paper_walkthrough,P3-NoPersist,523,defer,0,False,,True,1000,False,budget
paper_walkthrough,P3-NoPersist,524,defer,0,False,,True,1000,False,budget
paper_walkthrough,P3-NoPersist,525,defer,0,False,,True,1000,False,budget
paper_walkthrough,P3-NoPersist,526,defer,0,False,,True,1000,False,budget
paper_walkthrough,P3-NoPersist,527,defer,0,False,,True,1000,False,budget
paper_walkthrough,P3-NoPersist,528,budget_skip,0,False,,False,0,False,budget
paper_walkthrough,P3-NoPersist,529,defer,0,False,,True,1000,False,budget
paper_walkthrough,P3-NoPersist,530,skip_non_rpa,0,False,,False,0,False,
paper_walkthrough,P3-NoPersist,531,budget_skip,0,False,,False,0,False,budget
paper_walkthrough,P3-NoPersist,532,defer,0,False,,True,1000,False,budget
paper_walkthrough,P3-NoPersist,533,defer,0,False,,True,1000,False,budget
paper_walkthrough,P3-NoPersist,534,defer,0,False,,True,1000,False,budget
paper_walkthrough,P3-NoPersist,535,budget_skip,0,False,,False,0,False,budget
paper_walkthrough,P3-NoPersist,536,defer,0,False,,True,1000,False,budget
paper_walkthrough,P3-NoPersist,537,defer,0,False,,True,1000,False,budget
paper_walkthrough,P3-NoPersist,538,defer,0,False,,True,1000,False,budget
paper_walkthrough,P3-NoPersist,539,defer,0,False,,True,1000,False,budget
paper_walkthrough,P3-NoPersist,540,defer,0,False,,True,1000,False,budget
paper_walkthrough,P3-NoPersist,541,budget_skip,0,False,,False,0,False,budget
paper_walkthrough,P3-NoPersist,542,defer,0,False,,True,1000,False,budget
paper_walkthrough,P3-NoPersist,543,defer,0,False,,True,1000,False,budget
paper_walkthrough,P3-NoPersist,544,defer,0,False,,True,1000,False,budget
paper_walkthrough,P3-NoPersist,545,cache_hit,0,True,dev_0000,False,0,False,
paper_walkthrough,P3-NoPersist,546,defer,0,False,,True,1000,False,budget
paper_walkthrough,P3-NoPersist,547,defer,0,False,,True,1000,False,budget
paper_walkthrough,P3-NoPersist,548,defer,0,False,,True,1000,False,budget
paper_walkthrough,P3-NoPersist,549,skip_non_rpa,0,False,,False,0,False,
paper_walkthrough,P3-NoPersist,550,cache_hit,0,True,dev_0000,False,0,False,
paper_walkthrough,P3-NoPersist,551,budget_skip,0,False,,False,0,False,budget
paper_walkthrough,P3-NoPersist,552,defer,0,False,,True,1000,False,budget
paper_walkthrough,P3-NoPersist,553,defer,0,False,,True,1000,False,budget
paper_walkthrough,P3-NoPersist,554,budget_skip,0,False,,False,0,False,budget
paper_walkthrough,P3-NoPersist,555,defer,0,False,,True,1000,False,budget
paper_walkthrough,P3-NoPersist,556,defer,0,False,,True,1000,False,budget
paper_walkthrough,P3-NoPersist,557,defer,0,False,,True,1000,False,budget
paper_walkthrough,P3-NoPersist,558,skip_non_rpa,0,False,,False,0,False,
paper_walkthrough,P3-NoPersist,559,budget_skip,0,False,,False,0,False,budget
paper_walkthrough,P3-NoPersist,560,budget_skip,0,False,,False,0,False,budget
paper_walkthrough,P3-NoPersist,561,cache_hit,0,True,dev_0000,False,0,False,
paper_walkthrough,P3-NoPersist,562,skip_non_rpa,0,False,,False,0,False,
paper_walkthrough,P3-NoPersist,563,defer,0,False,,True,1000,False,budget
paper_walkthrough,P3-NoPersist,564,defer,0,False,,True,1000,False,budget
paper_walkthrough,P3-NoPersist,565,defer,0,False,,True,1000,False,budget
paper_walkthrough,P3-NoPersist,566,budget_skip,0,False,,False,0,False,budget
paper_walkthrough,P3-NoPersist,567,budget_skip,0,False,,False,0,False,budget
paper_walkthrough,P3-NoPersist,568,defer,0,False,,True,1000,False,budget
paper_walkthrough,P3-NoPersist,569,defer,0,False,,True,1000,False,budget
paper_walkthrough,P3-NoPersist,570,defer,0,False,,True,1000,False,budget
paper_walkthrough,P3-NoPersist,571,defer,0,False,,True,1000,False,budget
paper_walkthrough,P3-NoPersist,572,defer,0,False,,True,1000,False,budget
paper_walkthrough,P3-NoPersist,573,defer,0,False,,True,1000,False,budget
paper_walkthrough,P3-NoPersist,574,defer,0,False,,True,1000,False,budget
paper_walkthrough,P3-NoPersist,575,defer,0,False,,True,1000,False,budget
paper_walkthrough,P3-NoPersist,576,rl_hit,1,True,dev_0002,False,0,False,
