run_id,method,paired_trace_id,identity_label_for_scoring,event_id,rpa_value,action,aes_attempts,deferred,delay_ms,admission_path
m12_heavy_flood_dup60_s20260626_bonded,P3-Persist,m12_heavy_flood_dup60_s20260626,bonded,66785,PRIVPROBE:0,cache_hit,0,False,0,cache
m12_heavy_flood_dup60_s20260626_bonded,P3-Persist,m12_heavy_flood_dup60_s20260626,bonded,67886,PRIVPROBE:0,cache_hit,0,False,0,cache
m12_heavy_flood_dup60_s20260626_bonded,P3-Persist,m12_heavy_flood_dup60_s20260626,bonded,68896,PRIVPROBE:0,cache_hit,0,False,0,cache
m12_heavy_flood_dup60_s20260626_bonded,P3-Persist,m12_heavy_flood_dup60_s20260626,bonded,70038,PRIVPROBE:0,cache_hit,0,False,0,cache
m12_heavy_flood_dup60_s20260626_bonded,P3-Persist,m12_heavy_flood_dup60_s20260626,bonded,71115,PRIVPROBE:0,cache_hit,0,False,0,cache
m12_heavy_flood_dup60_s20260626_bonded,P3-Persist,m12_heavy_flood_dup60_s20260626,bonded,72235,PRIVPROBE:0,cache_hit,0,False,0,cache
m12_heavy_flood_dup60_s20260626_bonded,P3-Persist,m12_heavy_flood_dup60_s20260626,bonded,73331,PRIVPROBE:0,cache_hit,0,False,0,cache
m12_heavy_flood_dup60_s20260626_bonded,P3-Persist,m12_heavy_flood_dup60_s20260626,bonded,74450,PRIVPROBE:0,cache_hit,0,False,0,cache
m12_heavy_flood_dup60_s20260626_bonded,P3-Persist,m12_heavy_flood_dup60_s20260626,bonded,75644,PRIVPROBE:0,cache_hit,0,False,0,cache
m12_heavy_flood_dup60_s20260626_bonded,P3-Persist,m12_heavy_flood_dup60_s20260626,bonded,76811,PRIVPROBE:0,cache_hit,0,False,0,cache
m12_heavy_flood_dup60_s20260626_bonded,P3-Persist,m12_heavy_flood_dup60_s20260626,bonded,77940,PRIVPROBE:0,cache_hit,0,False,0,cache
m12_heavy_flood_dup60_s20260626_bonded,P3-Persist,m12_heavy_flood_dup60_s20260626,bonded,79037,PRIVPROBE:0,cache_hit,0,False,0,cache
m12_heavy_flood_dup60_s20260626_bonded,P3-Persist,m12_heavy_flood_dup60_s20260626,bonded,80189,PRIVPROBE:0,cache_hit,0,False,0,cache
m12_heavy_flood_dup60_s20260626_bonded,P3-Persist,m12_heavy_flood_dup60_s20260626,bonded,81338,PRIVPROBE:0,cache_hit,0,False,0,cache
m12_heavy_flood_dup60_s20260626_bonded,P3-Persist,m12_heavy_flood_dup60_s20260626,bonded,82474,PRIVPROBE:0,cache_hit,0,False,0,cache
m12_heavy_flood_dup60_s20260626_bonded,P3-Persist,m12_heavy_flood_dup60_s20260626,bonded,83568,PRIVPROBE:0,cache_hit,0,False,0,cache
m12_heavy_flood_dup60_s20260626_bonded,P3-Persist,m12_heavy_flood_dup60_s20260626,bonded,84696,PRIVPROBE:0,cache_hit,0,False,0,cache
m12_heavy_flood_dup60_s20260626_bonded,P3-Persist,m12_heavy_flood_dup60_s20260626,bonded,85769,PRIVPROBE:0,cache_hit,0,False,0,cache
m12_heavy_flood_dup60_s20260626_bonded,P3-Persist,m12_heavy_flood_dup60_s20260626,bonded,86823,PRIVPROBE:0,cache_hit,0,False,0,cache
m12_heavy_flood_dup60_s20260626_bonded,P3-Persist,m12_heavy_flood_dup60_s20260626,bonded,87981,PRIVPROBE:0,cache_hit,0,False,0,cache
m12_heavy_flood_dup60_s20260626_bonded,P3-Persist,m12_heavy_flood_dup60_s20260626,bonded,89089,PRIVPROBE:0,cache_hit,0,False,0,cache
m12_heavy_flood_dup60_s20260626_bonded,P3-Persist,m12_heavy_flood_dup60_s20260626,bonded,90077,PRIVPROBE:0,cache_hit,0,False,0,cache
m12_heavy_flood_dup60_s20260626_bonded,P3-Persist,m12_heavy_flood_dup60_s20260626,bonded,91226,PRIVPROBE:0,cache_hit,0,False,0,cache
m12_heavy_flood_dup60_s20260626_bonded,P3-Persist,m12_heavy_flood_dup60_s20260626,bonded,92356,PRIVPROBE:0,cache_hit,0,False,0,cache
m12_heavy_flood_dup60_s20260626_bonded,P3-Persist,m12_heavy_flood_dup60_s20260626,bonded,93521,PRIVPROBE:0,cache_hit,0,False,0,cache
m12_heavy_flood_dup60_s20260626_bonded,P3-Persist,m12_heavy_flood_dup60_s20260626,bonded,94581,PRIVPROBE:0,cache_hit,0,False,0,cache
m12_heavy_flood_dup60_s20260626_bonded,P3-Persist,m12_heavy_flood_dup60_s20260626,bonded,95743,PRIVPROBE:0,cache_hit,0,False,0,cache
m12_heavy_flood_dup60_s20260626_bonded,P3-Persist,m12_heavy_flood_dup60_s20260626,bonded,96824,PRIVPROBE:0,cache_hit,0,False,0,cache
m12_heavy_flood_dup60_s20260626_bonded,P3-Persist,m12_heavy_flood_dup60_s20260626,bonded,97902,PRIVPROBE:0,cache_hit,0,False,0,cache
m12_heavy_flood_dup60_s20260626_bonded,P3-Persist,m12_heavy_flood_dup60_s20260626,bonded,99019,PRIVPROBE:0,cache_hit,0,False,0,cache
m12_heavy_flood_dup60_s20260626_bonded,P3-Persist,m12_heavy_flood_dup60_s20260626,bonded,100082,PRIVPROBE:0,cache_hit,0,False,0,cache
m12_heavy_flood_dup60_s20260626_bonded,P3-Persist,m12_heavy_flood_dup60_s20260626,bonded,101205,PRIVPROBE:0,cache_hit,0,False,0,cache
m12_heavy_flood_dup60_s20260626_bonded,P3-Persist,m12_heavy_flood_dup60_s20260626,bonded,102317,PRIVPROBE:0,cache_hit,0,False,0,cache
m12_heavy_flood_dup60_s20260626_bonded,P3-Persist,m12_heavy_flood_dup60_s20260626,bonded,103398,PRIVPROBE:0,cache_hit,0,False,0,cache
m12_heavy_flood_dup60_s20260626_bonded,P3-Persist,m12_heavy_flood_dup60_s20260626,bonded,104461,PRIVPROBE:0,cache_hit,0,False,0,cache
m12_heavy_flood_dup60_s20260626_bonded,P3-Persist,m12_heavy_flood_dup60_s20260626,bonded,105587,PRIVPROBE:0,cache_hit,0,False,0,cache
m12_heavy_flood_dup60_s20260626_bonded,P3-Persist,m12_heavy_flood_dup60_s20260626,bonded,106684,PRIVPROBE:0,cache_hit,0,False,0,cache
m12_heavy_flood_dup60_s20260626_bonded,P3-Persist,m12_heavy_flood_dup60_s20260626,bonded,107775,PRIVPROBE:0,cache_hit,0,False,0,cache
m12_heavy_flood_dup60_s20260626_bonded,P3-Persist,m12_heavy_flood_dup60_s20260626,bonded,108913,PRIVPROBE:0,cache_hit,0,False,0,cache
m12_heavy_flood_dup60_s20260626_bonded,P3-Persist,m12_heavy_flood_dup60_s20260626,bonded,110046,PRIVPROBE:0,cache_hit,0,False,0,cache
m12_heavy_flood_dup60_s20260626_bonded,P3-Persist,m12_heavy_flood_dup60_s20260626,bonded,111184,PRIVPROBE:0,cache_hit,0,False,0,cache
m12_heavy_flood_dup60_s20260626_bonded,P3-Persist,m12_heavy_flood_dup60_s20260626,bonded,112364,PRIVPROBE:0,cache_hit,0,False,0,cache
m12_heavy_flood_dup60_s20260626_bonded,P3-Persist,m12_heavy_flood_dup60_s20260626,bonded,113445,PRIVPROBE:0,cache_hit,0,False,0,cache
m12_heavy_flood_dup60_s20260626_bonded,P3-Persist,m12_heavy_flood_dup60_s20260626,bonded,114553,PRIVPROBE:0,cache_hit,0,False,0,cache
m12_heavy_flood_dup60_s20260626_bonded,P3-Persist,m12_heavy_flood_dup60_s20260626,bonded,115575,PRIVPROBE:0,cache_hit,0,False,0,cache
m12_heavy_flood_dup60_s20260626_bonded,P3-Persist,m12_heavy_flood_dup60_s20260626,bonded,116696,PRIVPROBE:0,cache_hit,0,False,0,cache
m12_heavy_flood_dup60_s20260626_bonded,P3-Persist,m12_heavy_flood_dup60_s20260626,bonded,117867,PRIVPROBE:0,cache_hit,0,False,0,cache
m12_heavy_flood_dup60_s20260626_bonded,P3-Persist,m12_heavy_flood_dup60_s20260626,bonded,118948,PRIVPROBE:0,cache_hit,0,False,0,cache
m12_heavy_flood_dup60_s20260626_bonded,P3-Persist,m12_heavy_flood_dup60_s20260626,bonded,120016,PRIVPROBE:0,cache_hit,0,False,0,cache
m12_heavy_flood_dup60_s20260626_bonded,P3-Persist,m12_heavy_flood_dup60_s20260626,bonded,121139,PRIVPROBE:0,cache_hit,0,False,0,cache
m12_heavy_flood_dup60_s20260626_bonded,P3-Persist,m12_heavy_flood_dup60_s20260626,bonded,122278,PRIVPROBE:0,cache_hit,0,False,0,cache
m12_heavy_flood_dup60_s20260626_bonded,P3-Persist,m12_heavy_flood_dup60_s20260626,bonded,123388,PRIVPROBE:0,cache_hit,0,False,0,cache
m12_heavy_flood_dup60_s20260626_bonded,P3-Persist,m12_heavy_flood_dup60_s20260626,bonded,124472,PRIVPROBE:0,cache_hit,0,False,0,cache
m12_heavy_flood_dup60_s20260626_bonded,P3-Persist,m12_heavy_flood_dup60_s20260626,bonded,125573,PRIVPROBE:0,cache_hit,0,False,0,cache
m12_heavy_flood_dup60_s20260626_bonded,P3-Persist,m12_heavy_flood_dup60_s20260626,bonded,126652,PRIVPROBE:0,cache_hit,0,False,0,cache
m12_heavy_flood_dup60_s20260626_bonded,P3-Persist,m12_heavy_flood_dup60_s20260626,bonded,127774,PRIVPROBE:0,cache_hit,0,False,0,cache
m12_heavy_flood_dup60_s20260626_bonded,P3-Persist,m12_heavy_flood_dup60_s20260626,bonded,128897,PRIVPROBE:0,cache_hit,0,False,0,cache
m12_heavy_flood_dup60_s20260626_bonded,P3-Persist,m12_heavy_flood_dup60_s20260626,bonded,130049,PRIVPROBE:0,cache_hit,0,False,0,cache
m12_heavy_flood_dup60_s20260626_bonded,P3-Persist,m12_heavy_flood_dup60_s20260626,bonded,131139,PRIVPROBE:0,cache_hit,0,False,0,cache
m12_heavy_flood_dup60_s20260626_bonded,P3-Persist,m12_heavy_flood_dup60_s20260626,bonded,132240,PRIVPROBE:0,cache_hit,0,False,0,cache
m12_heavy_flood_dup60_s20260626_bonded,P3-Persist,m12_heavy_flood_dup60_s20260626,bonded,133292,PRIVPROBE:0,cache_hit,0,False,0,cache
m12_heavy_flood_dup60_s20260626_bonded,P3-Persist,m12_heavy_flood_dup60_s20260626,bonded,134422,PRIVPROBE:0,cache_hit,0,False,0,cache
m12_heavy_flood_dup60_s20260626_bonded,P3-Persist,m12_heavy_flood_dup60_s20260626,bonded,135569,PRIVPROBE:0,cache_hit,0,False,0,cache
m12_heavy_flood_dup60_s20260626_bonded,P3-Persist,m12_heavy_flood_dup60_s20260626,bonded,136657,PRIVPROBE:0,cache_hit,0,False,0,cache
m12_heavy_flood_dup60_s20260626_bonded,P3-Persist,m12_heavy_flood_dup60_s20260626,bonded,137732,PRIVPROBE:0,cache_hit,0,False,0,cache
m12_heavy_flood_dup60_s20260626_bonded,P3-Persist,m12_heavy_flood_dup60_s20260626,bonded,138862,PRIVPROBE:0,cache_hit,0,False,0,cache
m12_heavy_flood_dup60_s20260626_bonded,P3-Persist,m12_heavy_flood_dup60_s20260626,bonded,139975,PRIVPROBE:0,cache_hit,0,False,0,cache
m12_heavy_flood_dup60_s20260626_bonded,P3-Persist,m12_heavy_flood_dup60_s20260626,bonded,141066,PRIVPROBE:0,cache_hit,0,False,0,cache
m12_heavy_flood_dup60_s20260626_bonded,P3-Persist,m12_heavy_flood_dup60_s20260626,bonded,142175,PRIVPROBE:0,cache_hit,0,False,0,cache
m12_heavy_flood_dup60_s20260626_bonded,P3-Persist,m12_heavy_flood_dup60_s20260626,bonded,143294,PRIVPROBE:0,cache_hit,0,False,0,cache
m12_heavy_flood_dup60_s20260626_bonded,P3-Persist,m12_heavy_flood_dup60_s20260626,bonded,144381,PRIVPROBE:0,cache_hit,0,False,0,cache
m12_heavy_flood_dup60_s20260626_bonded,P3-Persist,m12_heavy_flood_dup60_s20260626,bonded,145501,PRIVPROBE:0,cache_hit,0,False,0,cache
m12_heavy_flood_dup60_s20260626_bonded,P3-Persist,m12_heavy_flood_dup60_s20260626,bonded,146655,PRIVPROBE:0,cache_hit,0,False,0,cache
m12_heavy_flood_dup60_s20260626_bonded,P3-Persist,m12_heavy_flood_dup60_s20260626,bonded,147730,PRIVPROBE:0,cache_hit,0,False,0,cache
m12_heavy_flood_dup60_s20260626_bonded,P3-Persist,m12_heavy_flood_dup60_s20260626,bonded,148826,PRIVPROBE:0,cache_hit,0,False,0,cache
m12_heavy_flood_dup60_s20260626_bonded,P3-Persist,m12_heavy_flood_dup60_s20260626,bonded,149900,PRIVPROBE:0,cache_hit,0,False,0,cache
m12_heavy_flood_dup60_s20260626_bonded,P3-Persist,m12_heavy_flood_dup60_s20260626,bonded,151031,PRIVPROBE:0,cache_hit,0,False,0,cache
m12_heavy_flood_dup60_s20260626_bonded,P3-Persist,m12_heavy_flood_dup60_s20260626,bonded,152179,PRIVPROBE:0,cache_hit,0,False,0,cache
m12_heavy_flood_dup60_s20260626_bonded,P3-Persist,m12_heavy_flood_dup60_s20260626,bonded,153261,PRIVPROBE:0,cache_hit,0,False,0,cache
m12_heavy_flood_dup60_s20260626_bonded,P3-Persist,m12_heavy_flood_dup60_s20260626,bonded,154318,PRIVPROBE:0,cache_hit,0,False,0,cache
m12_heavy_flood_dup60_s20260626_bonded,P3-Persist,m12_heavy_flood_dup60_s20260626,bonded,155397,PRIVPROBE:0,cache_hit,0,False,0,cache
m12_heavy_flood_dup60_s20260626_bonded,P3-Persist,m12_heavy_flood_dup60_s20260626,bonded,156550,PRIVPROBE:0,cache_hit,0,False,0,cache
m12_heavy_flood_dup60_s20260626_bonded,P3-Persist,m12_heavy_flood_dup60_s20260626,bonded,157599,PRIVPROBE:0,cache_hit,0,False,0,cache
m12_heavy_flood_dup60_s20260626_bonded,P3-Persist,m12_heavy_flood_dup60_s20260626,bonded,158704,PRIVPROBE:0,cache_hit,0,False,0,cache
m12_heavy_flood_dup60_s20260626_bonded,P3-Persist,m12_heavy_flood_dup60_s20260626,bonded,159742,PRIVPROBE:0,cache_hit,0,False,0,cache
m12_heavy_flood_dup60_s20260626_bonded,P3-Persist,m12_heavy_flood_dup60_s20260626,bonded,160934,PRIVPROBE:0,cache_hit,0,False,0,cache
m12_heavy_flood_dup60_s20260626_bonded,P3-Persist,m12_heavy_flood_dup60_s20260626,bonded,162016,PRIVPROBE:0,cache_hit,0,False,0,cache
m12_heavy_flood_dup60_s20260626_bonded,P3-Persist,m12_heavy_flood_dup60_s20260626,bonded,163192,PRIVPROBE:0,cache_hit,0,False,0,cache
m12_heavy_flood_dup60_s20260626_bonded,P3-Persist,m12_heavy_flood_dup60_s20260626,bonded,164331,PRIVPROBE:0,cache_hit,0,False,0,cache
m12_heavy_flood_dup60_s20260626_bonded,P3-Persist,m12_heavy_flood_dup60_s20260626,bonded,165443,PRIVPROBE:0,cache_hit,0,False,0,cache
m12_heavy_flood_dup60_s20260626_bonded,P3-Persist,m12_heavy_flood_dup60_s20260626,bonded,166498,PRIVPROBE:0,cache_hit,0,False,0,cache
m12_heavy_flood_dup60_s20260626_bonded,P3-Persist,m12_heavy_flood_dup60_s20260626,bonded,167650,PRIVPROBE:0,cache_hit,0,False,0,cache
m12_heavy_flood_dup60_s20260626_bonded,P3-Persist,m12_heavy_flood_dup60_s20260626,bonded,168730,PRIVPROBE:0,cache_hit,0,False,0,cache
m12_heavy_flood_dup60_s20260626_bonded,P3-Persist,m12_heavy_flood_dup60_s20260626,bonded,169836,PRIVPROBE:0,cache_hit,0,False,0,cache
m12_heavy_flood_dup60_s20260626_bonded,P3-Persist,m12_heavy_flood_dup60_s20260626,bonded,170993,PRIVPROBE:0,cache_hit,0,False,0,cache
m12_heavy_flood_dup60_s20260626_bonded,P3-Persist,m12_heavy_flood_dup60_s20260626,bonded,172088,PRIVPROBE:0,cache_hit,0,False,0,cache
m12_heavy_flood_dup60_s20260626_bonded,P3-Persist,m12_heavy_flood_dup60_s20260626,bonded,173240,PRIVPROBE:0,cache_hit,0,False,0,cache
m12_heavy_flood_dup60_s20260626_bonded,P3-Persist,m12_heavy_flood_dup60_s20260626,bonded,174329,PRIVPROBE:0,cache_hit,0,False,0,cache
m12_heavy_flood_dup60_s20260626_bonded,P3-Persist,m12_heavy_flood_dup60_s20260626,bonded,175510,PRIVPROBE:0,cache_hit,0,False,0,cache
m12_heavy_flood_dup60_s20260626_bonded,P3-Persist,m12_heavy_flood_dup60_s20260626,bonded,176611,PRIVPROBE:0,cache_hit,0,False,0,cache
m12_heavy_flood_dup60_s20260626_bonded,P3-Persist,m12_heavy_flood_dup60_s20260626,bonded,177757,PRIVPROBE:0,cache_hit,0,False,0,cache
m12_heavy_flood_dup60_s20260626_bonded,P3-Persist,m12_heavy_flood_dup60_s20260626,bonded,178844,PRIVPROBE:0,cache_hit,0,False,0,cache
m12_heavy_flood_dup60_s20260626_bonded,P3-Persist,m12_heavy_flood_dup60_s20260626,bonded,179946,PRIVPROBE:0,cache_hit,0,False,0,cache
m12_heavy_flood_dup60_s20260626_bonded,P3-Persist,m12_heavy_flood_dup60_s20260626,bonded,181065,PRIVPROBE:0,cache_hit,0,False,0,cache
m12_heavy_flood_dup60_s20260626_bonded,P3-Persist,m12_heavy_flood_dup60_s20260626,bonded,182149,PRIVPROBE:0,cache_hit,0,False,0,cache
m12_heavy_flood_dup60_s20260626_bonded,P3-Persist,m12_heavy_flood_dup60_s20260626,bonded,183304,PRIVPROBE:0,cache_hit,0,False,0,cache
m12_heavy_flood_dup60_s20260626_bonded,P3-Persist,m12_heavy_flood_dup60_s20260626,bonded,184475,PRIVPROBE:0,cache_hit,0,False,0,cache
m12_heavy_flood_dup60_s20260626_bonded,P3-Persist,m12_heavy_flood_dup60_s20260626,bonded,185621,PRIVPROBE:0,cache_hit,0,False,0,cache
m12_heavy_flood_dup60_s20260626_bonded,P3-Persist,m12_heavy_flood_dup60_s20260626,bonded,186700,PRIVPROBE:0,cache_hit,0,False,0,cache
m12_heavy_flood_dup60_s20260626_bonded,P3-Persist,m12_heavy_flood_dup60_s20260626,bonded,187787,PRIVPROBE:0,cache_hit,0,False,0,cache
m12_heavy_flood_dup60_s20260626_bonded,P3-Persist,m12_heavy_flood_dup60_s20260626,bonded,188888,PRIVPROBE:0,cache_hit,0,False,0,cache
m12_heavy_flood_dup60_s20260626_bonded,P3-Persist,m12_heavy_flood_dup60_s20260626,bonded,189979,PRIVPROBE:0,cache_hit,0,False,0,cache
m12_heavy_flood_dup60_s20260626_bonded,P3-Persist,m12_heavy_flood_dup60_s20260626,bonded,191107,PRIVPROBE:0,cache_hit,0,False,0,cache
m12_heavy_flood_dup60_s20260626_bonded,P3-Persist,m12_heavy_flood_dup60_s20260626,bonded,192196,PRIVPROBE:0,cache_hit,0,False,0,cache
m12_heavy_flood_dup60_s20260626_bonded,P3-Persist,m12_heavy_flood_dup60_s20260626,bonded,193208,PRIVPROBE:0,cache_hit,0,False,0,cache
m12_heavy_flood_dup60_s20260626_bonded,P3-Persist,m12_heavy_flood_dup60_s20260626,bonded,194316,PRIVPROBE:0,cache_hit,0,False,0,cache
m12_heavy_flood_dup60_s20260626_bonded,P3-Persist,m12_heavy_flood_dup60_s20260626,bonded,195402,PRIVPROBE:0,cache_hit,0,False,0,cache
m12_heavy_flood_dup60_s20260626_bonded,P3-Persist,m12_heavy_flood_dup60_s20260626,bonded,196500,PRIVPROBE:0,cache_hit,0,False,0,cache
m12_heavy_flood_dup60_s20260626_bonded,P3-Persist,m12_heavy_flood_dup60_s20260626,bonded,197666,PRIVPROBE:0,cache_hit,0,False,0,cache
m12_heavy_flood_dup60_s20260626_bonded,P3-Persist,m12_heavy_flood_dup60_s20260626,bonded,198751,PRIVPROBE:0,cache_hit,0,False,0,cache
m12_heavy_flood_dup60_s20260626_bonded,P3-Persist,m12_heavy_flood_dup60_s20260626,bonded,199867,PRIVPROBE:1,defer,0,True,1000,defer
m12_heavy_flood_dup60_s20260626_bonded,P3-Persist,m12_heavy_flood_dup60_s20260626,bonded,201033,PRIVPROBE:1,duplicate_filter,0,False,0,duplicate_filter
m12_heavy_flood_dup60_s20260626_bonded,P3-Persist,m12_heavy_flood_dup60_s20260626,bonded,202134,PRIVPROBE:1,duplicate_filter,0,False,0,duplicate_filter
m12_heavy_flood_dup60_s20260626_bonded,P3-Persist,m12_heavy_flood_dup60_s20260626,bonded,203221,PRIVPROBE:1,duplicate_filter,0,False,0,duplicate_filter
m12_heavy_flood_dup60_s20260626_bonded,P3-Persist,m12_heavy_flood_dup60_s20260626,bonded,204285,PRIVPROBE:1,duplicate_filter,0,False,0,duplicate_filter
m12_heavy_flood_dup60_s20260626_bonded,P3-Persist,m12_heavy_flood_dup60_s20260626,bonded,205434,PRIVPROBE:1,duplicate_filter,0,False,0,duplicate_filter
m12_heavy_flood_dup60_s20260626_bonded,P3-Persist,m12_heavy_flood_dup60_s20260626,bonded,206490,PRIVPROBE:1,duplicate_filter,0,False,0,duplicate_filter
m12_heavy_flood_dup60_s20260626_bonded,P3-Persist,m12_heavy_flood_dup60_s20260626,bonded,207553,PRIVPROBE:1,duplicate_filter,0,False,0,duplicate_filter
m12_heavy_flood_dup60_s20260626_bonded,P3-Persist,m12_heavy_flood_dup60_s20260626,bonded,208578,PRIVPROBE:1,duplicate_filter,0,False,0,duplicate_filter
m12_heavy_flood_dup60_s20260626_bonded,P3-Persist,m12_heavy_flood_dup60_s20260626,bonded,209685,PRIVPROBE:1,duplicate_filter,0,False,0,duplicate_filter
m12_heavy_flood_dup60_s20260626_bonded,P3-Persist,m12_heavy_flood_dup60_s20260626,bonded,210768,PRIVPROBE:1,duplicate_filter,0,False,0,duplicate_filter
m12_heavy_flood_dup60_s20260626_bonded,P3-Persist,m12_heavy_flood_dup60_s20260626,bonded,211945,PRIVPROBE:1,duplicate_filter,0,False,0,duplicate_filter
m12_heavy_flood_dup60_s20260626_bonded,P3-Persist,m12_heavy_flood_dup60_s20260626,bonded,213071,PRIVPROBE:1,host_scan,504,False,0,reserve
m12_heavy_flood_dup60_s20260626_bonded,P3-Persist,m12_heavy_flood_dup60_s20260626,bonded,214152,PRIVPROBE:1,cache_hit,0,False,0,cache
m12_heavy_flood_dup60_s20260626_bonded,P3-Persist,m12_heavy_flood_dup60_s20260626,bonded,215266,PRIVPROBE:1,cache_hit,0,False,0,cache
m12_heavy_flood_dup60_s20260626_bonded,P3-Persist,m12_heavy_flood_dup60_s20260626,bonded,216457,PRIVPROBE:1,cache_hit,0,False,0,cache
m12_heavy_flood_dup60_s20260626_bonded,P3-Persist,m12_heavy_flood_dup60_s20260626,bonded,217520,PRIVPROBE:1,cache_hit,0,False,0,cache
m12_heavy_flood_dup60_s20260626_bonded,P3-Persist,m12_heavy_flood_dup60_s20260626,bonded,218652,PRIVPROBE:1,cache_hit,0,False,0,cache
m12_heavy_flood_dup60_s20260626_bonded,P3-Persist,m12_heavy_flood_dup60_s20260626,bonded,219761,PRIVPROBE:1,cache_hit,0,False,0,cache
m12_heavy_flood_dup60_s20260626_bonded,P3-Persist,m12_heavy_flood_dup60_s20260626,bonded,220880,PRIVPROBE:1,cache_hit,0,False,0,cache
m12_heavy_flood_dup60_s20260626_bonded,P3-Persist,m12_heavy_flood_dup60_s20260626,bonded,221928,PRIVPROBE:1,cache_hit,0,False,0,cache
m12_heavy_flood_dup60_s20260626_bonded,P3-Persist,m12_heavy_flood_dup60_s20260626,bonded,223064,PRIVPROBE:1,cache_hit,0,False,0,cache
m12_heavy_flood_dup60_s20260626_bonded,P3-Persist,m12_heavy_flood_dup60_s20260626,bonded,224184,PRIVPROBE:1,cache_hit,0,False,0,cache
m12_heavy_flood_dup60_s20260626_bonded,P3-Persist,m12_heavy_flood_dup60_s20260626,bonded,225249,PRIVPROBE:1,cache_hit,0,False,0,cache
m12_heavy_flood_dup60_s20260626_bonded,P3-Persist,m12_heavy_flood_dup60_s20260626,bonded,226372,PRIVPROBE:1,cache_hit,0,False,0,cache
m12_heavy_flood_dup60_s20260626_bonded,P3-Persist,m12_heavy_flood_dup60_s20260626,bonded,227439,PRIVPROBE:1,cache_hit,0,False,0,cache
m12_heavy_flood_dup60_s20260626_bonded,P3-Persist,m12_heavy_flood_dup60_s20260626,bonded,228567,PRIVPROBE:1,cache_hit,0,False,0,cache
m12_heavy_flood_dup60_s20260626_bonded,P3-Persist,m12_heavy_flood_dup60_s20260626,bonded,229683,PRIVPROBE:1,cache_hit,0,False,0,cache
m12_heavy_flood_dup60_s20260626_bonded,P3-Persist,m12_heavy_flood_dup60_s20260626,bonded,230739,PRIVPROBE:1,cache_hit,0,False,0,cache
m12_heavy_flood_dup60_s20260626_bonded,P3-Persist,m12_heavy_flood_dup60_s20260626,bonded,231887,PRIVPROBE:1,cache_hit,0,False,0,cache
m12_heavy_flood_dup60_s20260626_bonded,P3-Persist,m12_heavy_flood_dup60_s20260626,bonded,232932,PRIVPROBE:1,cache_hit,0,False,0,cache
m12_heavy_flood_dup60_s20260626_bonded,P3-Persist,m12_heavy_flood_dup60_s20260626,bonded,233992,PRIVPROBE:1,cache_hit,0,False,0,cache
m12_heavy_flood_dup60_s20260626_bonded,P3-Persist,m12_heavy_flood_dup60_s20260626,bonded,235008,PRIVPROBE:1,cache_hit,0,False,0,cache
m12_heavy_flood_dup60_s20260626_bonded,P3-Persist,m12_heavy_flood_dup60_s20260626,bonded,236200,PRIVPROBE:1,cache_hit,0,False,0,cache
m12_heavy_flood_dup60_s20260626_bonded,P3-Persist,m12_heavy_flood_dup60_s20260626,bonded,237301,PRIVPROBE:1,cache_hit,0,False,0,cache
m12_heavy_flood_dup60_s20260626_bonded,P3-Persist,m12_heavy_flood_dup60_s20260626,bonded,238410,PRIVPROBE:1,cache_hit,0,False,0,cache
m12_heavy_flood_dup60_s20260626_bonded,P3-Persist,m12_heavy_flood_dup60_s20260626,bonded,239532,PRIVPROBE:1,cache_hit,0,False,0,cache
m12_heavy_flood_dup60_s20260626_bonded,P3-Persist,m12_heavy_flood_dup60_s20260626,bonded,240676,PRIVPROBE:1,cache_hit,0,False,0,cache
m12_heavy_flood_dup60_s20260626_bonded,P3-Persist,m12_heavy_flood_dup60_s20260626,bonded,241799,PRIVPROBE:1,cache_hit,0,False,0,cache
m12_heavy_flood_dup60_s20260626_bonded,P3-Persist,m12_heavy_flood_dup60_s20260626,bonded,242924,PRIVPROBE:1,cache_hit,0,False,0,cache
m12_heavy_flood_dup60_s20260626_bonded,P3-Persist,m12_heavy_flood_dup60_s20260626,bonded,244090,PRIVPROBE:1,cache_hit,0,False,0,cache
m12_heavy_flood_dup60_s20260626_bonded,P3-Persist,m12_heavy_flood_dup60_s20260626,bonded,245236,PRIVPROBE:1,cache_hit,0,False,0,cache
m12_heavy_flood_dup60_s20260626_bonded,P3-Persist,m12_heavy_flood_dup60_s20260626,bonded,246337,PRIVPROBE:1,cache_hit,0,False,0,cache
m12_heavy_flood_dup60_s20260626_bonded,P3-Persist,m12_heavy_flood_dup60_s20260626,bonded,247428,PRIVPROBE:1,cache_hit,0,False,0,cache
m12_heavy_flood_dup60_s20260626_bonded,P3-Persist,m12_heavy_flood_dup60_s20260626,bonded,248548,PRIVPROBE:1,cache_hit,0,False,0,cache
m12_heavy_flood_dup60_s20260626_bonded,P3-Persist,m12_heavy_flood_dup60_s20260626,bonded,249680,PRIVPROBE:1,cache_hit,0,False,0,cache
m12_heavy_flood_dup60_s20260626_bonded,P3-Persist,m12_heavy_flood_dup60_s20260626,bonded,250850,PRIVPROBE:1,cache_hit,0,False,0,cache
m12_heavy_flood_dup60_s20260626_bonded,P3-Persist,m12_heavy_flood_dup60_s20260626,bonded,251907,PRIVPROBE:1,cache_hit,0,False,0,cache
m12_heavy_flood_dup60_s20260626_bonded,P3-Persist,m12_heavy_flood_dup60_s20260626,bonded,253065,PRIVPROBE:1,cache_hit,0,False,0,cache
m12_heavy_flood_dup60_s20260626_bonded,P3-Persist,m12_heavy_flood_dup60_s20260626,bonded,254183,PRIVPROBE:1,cache_hit,0,False,0,cache
m12_heavy_flood_dup60_s20260626_bonded,P3-Persist,m12_heavy_flood_dup60_s20260626,bonded,255325,PRIVPROBE:1,cache_hit,0,False,0,cache
m12_heavy_flood_dup60_s20260626_bonded,P3-Persist,m12_heavy_flood_dup60_s20260626,bonded,256428,PRIVPROBE:1,cache_hit,0,False,0,cache
m12_heavy_flood_dup60_s20260626_bonded,P3-Persist,m12_heavy_flood_dup60_s20260626,bonded,257529,PRIVPROBE:1,cache_hit,0,False,0,cache
m12_heavy_flood_dup60_s20260626_bonded,P3-Persist,m12_heavy_flood_dup60_s20260626,bonded,258639,PRIVPROBE:1,cache_hit,0,False,0,cache
m12_heavy_flood_dup60_s20260626_bonded,P3-Persist,m12_heavy_flood_dup60_s20260626,bonded,259749,PRIVPROBE:1,cache_hit,0,False,0,cache
m12_heavy_flood_dup60_s20260626_bonded,P3-Persist,m12_heavy_flood_dup60_s20260626,bonded,260865,PRIVPROBE:1,cache_hit,0,False,0,cache
m12_heavy_flood_dup60_s20260626_bonded,P3-Persist,m12_heavy_flood_dup60_s20260626,bonded,261935,PRIVPROBE:1,cache_hit,0,False,0,cache
m12_heavy_flood_dup60_s20260626_bonded,P3-Persist,m12_heavy_flood_dup60_s20260626,bonded,263083,PRIVPROBE:1,cache_hit,0,False,0,cache
m12_heavy_flood_dup60_s20260626_bonded,P3-Persist,m12_heavy_flood_dup60_s20260626,bonded,264185,PRIVPROBE:1,cache_hit,0,False,0,cache
m12_heavy_flood_dup60_s20260626_bonded,P3-Persist,m12_heavy_flood_dup60_s20260626,bonded,265258,PRIVPROBE:1,cache_hit,0,False,0,cache
m12_heavy_flood_dup60_s20260626_bonded,P3-Persist,m12_heavy_flood_dup60_s20260626,bonded,266374,PRIVPROBE:1,cache_hit,0,False,0,cache
m12_heavy_flood_dup60_s20260626_bonded,P3-Persist,m12_heavy_flood_dup60_s20260626,bonded,267519,PRIVPROBE:1,cache_hit,0,False,0,cache
m12_heavy_flood_dup60_s20260626_bonded,P3-Persist,m12_heavy_flood_dup60_s20260626,bonded,268570,PRIVPROBE:1,cache_hit,0,False,0,cache
m12_heavy_flood_dup60_s20260626_bonded,P3-Persist,m12_heavy_flood_dup60_s20260626,bonded,269653,PRIVPROBE:1,cache_hit,0,False,0,cache
m12_heavy_flood_dup60_s20260626_bonded,P3-Persist,m12_heavy_flood_dup60_s20260626,bonded,270699,PRIVPROBE:1,cache_hit,0,False,0,cache
m12_heavy_flood_dup60_s20260626_bonded,P3-Persist,m12_heavy_flood_dup60_s20260626,bonded,271745,PRIVPROBE:1,cache_hit,0,False,0,cache
m12_heavy_flood_dup60_s20260626_bonded,P3-Persist,m12_heavy_flood_dup60_s20260626,bonded,272829,PRIVPROBE:1,cache_hit,0,False,0,cache
m12_heavy_flood_dup60_s20260626_bonded,P3-Persist,m12_heavy_flood_dup60_s20260626,bonded,273915,PRIVPROBE:1,cache_hit,0,False,0,cache
m12_heavy_flood_dup60_s20260626_bonded,P3-Persist,m12_heavy_flood_dup60_s20260626,bonded,275056,PRIVPROBE:1,cache_hit,0,False,0,cache
m12_heavy_flood_dup60_s20260626_bonded,P3-Persist,m12_heavy_flood_dup60_s20260626,bonded,276092,PRIVPROBE:1,cache_hit,0,False,0,cache
m12_heavy_flood_dup60_s20260626_bonded,P3-Persist,m12_heavy_flood_dup60_s20260626,bonded,277151,PRIVPROBE:1,cache_hit,0,False,0,cache
m12_heavy_flood_dup60_s20260626_bonded,P3-Persist,m12_heavy_flood_dup60_s20260626,bonded,278303,PRIVPROBE:1,cache_hit,0,False,0,cache
m12_heavy_flood_dup60_s20260626_bonded,P3-Persist,m12_heavy_flood_dup60_s20260626,bonded,279422,PRIVPROBE:1,cache_hit,0,False,0,cache
m12_heavy_flood_dup60_s20260626_bonded,P3-Persist,m12_heavy_flood_dup60_s20260626,bonded,280496,PRIVPROBE:1,cache_hit,0,False,0,cache
m12_heavy_flood_dup60_s20260626_bonded,P3-Persist,m12_heavy_flood_dup60_s20260626,bonded,281632,PRIVPROBE:1,cache_hit,0,False,0,cache
m12_heavy_flood_dup60_s20260626_bonded,P3-Persist,m12_heavy_flood_dup60_s20260626,bonded,282788,PRIVPROBE:1,cache_hit,0,False,0,cache
m12_heavy_flood_dup60_s20260626_bonded,P3-Persist,m12_heavy_flood_dup60_s20260626,bonded,283873,PRIVPROBE:1,cache_hit,0,False,0,cache
m12_heavy_flood_dup60_s20260626_bonded,P3-Persist,m12_heavy_flood_dup60_s20260626,bonded,284989,PRIVPROBE:1,cache_hit,0,False,0,cache
m12_heavy_flood_dup60_s20260626_bonded,P3-Persist,m12_heavy_flood_dup60_s20260626,bonded,286105,PRIVPROBE:1,cache_hit,0,False,0,cache
m12_heavy_flood_dup60_s20260626_bonded,P3-Persist,m12_heavy_flood_dup60_s20260626,bonded,287219,PRIVPROBE:1,cache_hit,0,False,0,cache
m12_heavy_flood_dup60_s20260626_bonded,P3-Persist,m12_heavy_flood_dup60_s20260626,bonded,288354,PRIVPROBE:1,cache_hit,0,False,0,cache
m12_heavy_flood_dup60_s20260626_bonded,P3-Persist,m12_heavy_flood_dup60_s20260626,bonded,289502,PRIVPROBE:1,cache_hit,0,False,0,cache
m12_heavy_flood_dup60_s20260626_bonded,P3-Persist,m12_heavy_flood_dup60_s20260626,bonded,290578,PRIVPROBE:1,cache_hit,0,False,0,cache
m12_heavy_flood_dup60_s20260626_bonded,P3-Persist,m12_heavy_flood_dup60_s20260626,bonded,291694,PRIVPROBE:1,cache_hit,0,False,0,cache
m12_heavy_flood_dup60_s20260626_bonded,P3-Persist,m12_heavy_flood_dup60_s20260626,bonded,292869,PRIVPROBE:1,cache_hit,0,False,0,cache
m12_heavy_flood_dup60_s20260626_bonded,P3-Persist,m12_heavy_flood_dup60_s20260626,bonded,293937,PRIVPROBE:1,cache_hit,0,False,0,cache
m12_heavy_flood_dup60_s20260626_bonded,P3-Persist,m12_heavy_flood_dup60_s20260626,bonded,295145,PRIVPROBE:1,cache_hit,0,False,0,cache
m12_heavy_flood_dup60_s20260626_bonded,P3-Persist,m12_heavy_flood_dup60_s20260626,bonded,296293,PRIVPROBE:1,cache_hit,0,False,0,cache
m12_heavy_flood_dup60_s20260626_bonded,P3-Persist,m12_heavy_flood_dup60_s20260626,bonded,297394,PRIVPROBE:1,cache_hit,0,False,0,cache
m12_heavy_flood_dup60_s20260626_bonded,P3-Persist,m12_heavy_flood_dup60_s20260626,bonded,298464,PRIVPROBE:1,cache_hit,0,False,0,cache
m12_heavy_flood_dup60_s20260626_bonded,P3-Persist,m12_heavy_flood_dup60_s20260626,bonded,299627,PRIVPROBE:1,cache_hit,0,False,0,cache
m12_heavy_flood_dup60_s20260626_bonded,P3-Persist,m12_heavy_flood_dup60_s20260626,bonded,300760,PRIVPROBE:1,cache_hit,0,False,0,cache
m12_heavy_flood_dup60_s20260626_bonded,P3-Persist,m12_heavy_flood_dup60_s20260626,bonded,301823,PRIVPROBE:1,cache_hit,0,False,0,cache
m12_heavy_flood_dup60_s20260626_bonded,P3-Persist,m12_heavy_flood_dup60_s20260626,bonded,302906,PRIVPROBE:1,cache_hit,0,False,0,cache
m12_heavy_flood_dup60_s20260626_bonded,P3-Persist,m12_heavy_flood_dup60_s20260626,bonded,304011,PRIVPROBE:1,cache_hit,0,False,0,cache
m12_heavy_flood_dup60_s20260626_bonded,P3-Persist,m12_heavy_flood_dup60_s20260626,bonded,305129,PRIVPROBE:1,cache_hit,0,False,0,cache
m12_heavy_flood_dup60_s20260626_bonded,P3-Persist,m12_heavy_flood_dup60_s20260626,bonded,306192,PRIVPROBE:1,cache_hit,0,False,0,cache
m12_heavy_flood_dup60_s20260626_bonded,P3-Persist,m12_heavy_flood_dup60_s20260626,bonded,307250,PRIVPROBE:1,cache_hit,0,False,0,cache
m12_heavy_flood_dup60_s20260626_bonded,P3-Persist,m12_heavy_flood_dup60_s20260626,bonded,308381,PRIVPROBE:1,cache_hit,0,False,0,cache
m12_heavy_flood_dup60_s20260626_bonded,P3-Persist,m12_heavy_flood_dup60_s20260626,bonded,309491,PRIVPROBE:1,cache_hit,0,False,0,cache
m12_heavy_flood_dup60_s20260626_bonded,P3-Persist,m12_heavy_flood_dup60_s20260626,bonded,310543,PRIVPROBE:1,cache_hit,0,False,0,cache
m12_heavy_flood_dup60_s20260626_bonded,P3-Persist,m12_heavy_flood_dup60_s20260626,bonded,311647,PRIVPROBE:1,cache_hit,0,False,0,cache
m12_heavy_flood_dup60_s20260626_bonded,P3-Persist,m12_heavy_flood_dup60_s20260626,bonded,312683,PRIVPROBE:1,cache_hit,0,False,0,cache
m12_heavy_flood_dup60_s20260626_bonded,P3-Persist,m12_heavy_flood_dup60_s20260626,bonded,313811,PRIVPROBE:1,cache_hit,0,False,0,cache
m12_heavy_flood_dup60_s20260626_bonded,P3-Persist,m12_heavy_flood_dup60_s20260626,bonded,314901,PRIVPROBE:1,cache_hit,0,False,0,cache
m12_heavy_flood_dup60_s20260626_bonded,P3-Persist,m12_heavy_flood_dup60_s20260626,bonded,316086,PRIVPROBE:1,cache_hit,0,False,0,cache
m12_heavy_flood_dup60_s20260626_bonded,P3-Persist,m12_heavy_flood_dup60_s20260626,bonded,317251,PRIVPROBE:1,cache_hit,0,False,0,cache
m12_heavy_flood_dup60_s20260626_bonded,P3-Persist,m12_heavy_flood_dup60_s20260626,bonded,318406,PRIVPROBE:1,cache_hit,0,False,0,cache
m12_heavy_flood_dup60_s20260626_bonded,P3-Persist,m12_heavy_flood_dup60_s20260626,bonded,319526,PRIVPROBE:1,cache_hit,0,False,0,cache
m12_heavy_flood_dup60_s20260626_bonded,P3-Persist,m12_heavy_flood_dup60_s20260626,bonded,320703,PRIVPROBE:1,cache_hit,0,False,0,cache
m12_heavy_flood_dup60_s20260626_bonded,P3-Persist,m12_heavy_flood_dup60_s20260626,bonded,321860,PRIVPROBE:1,cache_hit,0,False,0,cache
m12_heavy_flood_dup60_s20260626_bonded,P3-Persist,m12_heavy_flood_dup60_s20260626,bonded,323009,PRIVPROBE:1,cache_hit,0,False,0,cache
m12_heavy_flood_dup60_s20260626_bonded,P3-Persist,m12_heavy_flood_dup60_s20260626,bonded,324090,PRIVPROBE:1,cache_hit,0,False,0,cache
m12_heavy_flood_dup60_s20260626_bonded,P3-Persist,m12_heavy_flood_dup60_s20260626,bonded,325273,PRIVPROBE:1,cache_hit,0,False,0,cache
m12_heavy_flood_dup60_s20260626_bonded,P3-Persist,m12_heavy_flood_dup60_s20260626,bonded,326375,PRIVPROBE:1,cache_hit,0,False,0,cache
m12_heavy_flood_dup60_s20260626_bonded,P3-Persist,m12_heavy_flood_dup60_s20260626,bonded,327493,PRIVPROBE:1,cache_hit,0,False,0,cache
m12_heavy_flood_dup60_s20260626_bonded,P3-Persist,m12_heavy_flood_dup60_s20260626,bonded,328640,PRIVPROBE:1,cache_hit,0,False,0,cache
m12_heavy_flood_dup60_s20260626_bonded,P3-Persist,m12_heavy_flood_dup60_s20260626,bonded,329728,PRIVPROBE:1,cache_hit,0,False,0,cache
m12_heavy_flood_dup60_s20260626_bonded,P3-Persist,m12_heavy_flood_dup60_s20260626,bonded,330867,PRIVPROBE:1,cache_hit,0,False,0,cache
m12_heavy_flood_dup60_s20260626_bonded,P3-Persist,m12_heavy_flood_dup60_s20260626,bonded,331999,PRIVPROBE:1,cache_hit,0,False,0,cache
m12_heavy_flood_dup60_s20260626_bonded,P3-Persist,m12_heavy_flood_dup60_s20260626,bonded,333179,PRIVPROBE:1,cache_hit,0,False,0,cache
m12_heavy_flood_dup60_s20260626_bonded,P3-Persist,m12_heavy_flood_dup60_s20260626,bonded,334301,PRIVPROBE:1,cache_hit,0,False,0,cache
m12_heavy_flood_dup60_s20260626_bonded,P3-Persist,m12_heavy_flood_dup60_s20260626,bonded,335428,PRIVPROBE:1,cache_hit,0,False,0,cache
m12_heavy_flood_dup60_s20260626_bonded,P3-Persist,m12_heavy_flood_dup60_s20260626,bonded,336551,PRIVPROBE:1,cache_hit,0,False,0,cache
m12_heavy_flood_dup60_s20260626_bonded,P3-Persist,m12_heavy_flood_dup60_s20260626,bonded,337687,PRIVPROBE:1,cache_hit,0,False,0,cache
m12_heavy_flood_dup60_s20260626_bonded,P3-Persist,m12_heavy_flood_dup60_s20260626,bonded,338725,PRIVPROBE:1,cache_hit,0,False,0,cache
m12_heavy_flood_dup60_s20260626_bonded,P3-Persist,m12_heavy_flood_dup60_s20260626,bonded,339841,PRIVPROBE:1,cache_hit,0,False,0,cache
m12_heavy_flood_dup60_s20260626_bonded,P3-Persist,m12_heavy_flood_dup60_s20260626,bonded,340962,PRIVPROBE:1,cache_hit,0,False,0,cache
m12_heavy_flood_dup60_s20260626_bonded,P3-Persist,m12_heavy_flood_dup60_s20260626,bonded,342126,PRIVPROBE:1,cache_hit,0,False,0,cache
m12_heavy_flood_dup60_s20260626_bonded,P3-Persist,m12_heavy_flood_dup60_s20260626,bonded,343149,PRIVPROBE:1,cache_hit,0,False,0,cache
m12_heavy_flood_dup60_s20260626_bonded,P3-Persist,m12_heavy_flood_dup60_s20260626,bonded,344265,PRIVPROBE:1,cache_hit,0,False,0,cache
m12_heavy_flood_dup60_s20260626_bonded,P3-Persist,m12_heavy_flood_dup60_s20260626,bonded,345396,PRIVPROBE:1,cache_hit,0,False,0,cache
m12_heavy_flood_dup60_s20260626_bonded,P3-Persist,m12_heavy_flood_dup60_s20260626,bonded,346497,PRIVPROBE:1,cache_hit,0,False,0,cache
m12_heavy_flood_dup60_s20260626_bonded,P3-Persist,m12_heavy_flood_dup60_s20260626,bonded,347634,PRIVPROBE:1,cache_hit,0,False,0,cache
m12_heavy_flood_dup60_s20260626_bonded,P3-Persist,m12_heavy_flood_dup60_s20260626,bonded,348764,PRIVPROBE:1,cache_hit,0,False,0,cache
m12_heavy_flood_dup60_s20260626_bonded,P3-Persist,m12_heavy_flood_dup60_s20260626,bonded,349890,PRIVPROBE:1,cache_hit,0,False,0,cache
m12_heavy_flood_dup60_s20260626_bonded,P3-Persist,m12_heavy_flood_dup60_s20260626,bonded,351074,PRIVPROBE:1,cache_hit,0,False,0,cache
m12_heavy_flood_dup60_s20260626_bonded,P3-Persist,m12_heavy_flood_dup60_s20260626,bonded,352155,PRIVPROBE:1,cache_hit,0,False,0,cache
m12_heavy_flood_dup60_s20260626_bonded,P3-Persist,m12_heavy_flood_dup60_s20260626,bonded,353275,PRIVPROBE:1,cache_hit,0,False,0,cache
m12_heavy_flood_dup60_s20260626_bonded,P3-Persist,m12_heavy_flood_dup60_s20260626,bonded,354429,PRIVPROBE:1,cache_hit,0,False,0,cache
m12_heavy_flood_dup60_s20260626_bonded,P3-Persist,m12_heavy_flood_dup60_s20260626,bonded,355541,PRIVPROBE:1,cache_hit,0,False,0,cache
m12_heavy_flood_dup60_s20260626_bonded,P3-Persist,m12_heavy_flood_dup60_s20260626,bonded,356673,PRIVPROBE:1,cache_hit,0,False,0,cache
m12_heavy_flood_dup60_s20260626_bonded,P3-Persist,m12_heavy_flood_dup60_s20260626,bonded,357789,PRIVPROBE:1,cache_hit,0,False,0,cache
m12_heavy_flood_dup60_s20260626_bonded,P3-Persist,m12_heavy_flood_dup60_s20260626,bonded,358886,PRIVPROBE:1,cache_hit,0,False,0,cache
m12_heavy_flood_dup60_s20260626_bonded,P3-Persist,m12_heavy_flood_dup60_s20260626,bonded,359959,PRIVPROBE:1,cache_hit,0,False,0,cache
m12_heavy_flood_dup60_s20260626_bonded,P3-Persist,m12_heavy_flood_dup60_s20260626,bonded,361049,PRIVPROBE:1,cache_hit,0,False,0,cache
m12_heavy_flood_dup60_s20260626_bonded,P3-Persist,m12_heavy_flood_dup60_s20260626,bonded,362181,PRIVPROBE:1,cache_hit,0,False,0,cache
m12_heavy_flood_dup60_s20260626_bonded,P3-Persist,m12_heavy_flood_dup60_s20260626,bonded,363325,PRIVPROBE:1,cache_hit,0,False,0,cache
m12_heavy_flood_dup60_s20260626_bonded,P3-Persist,m12_heavy_flood_dup60_s20260626,bonded,364419,PRIVPROBE:1,cache_hit,0,False,0,cache
m12_heavy_flood_dup60_s20260626_bonded,P3-Persist,m12_heavy_flood_dup60_s20260626,bonded,365534,PRIVPROBE:1,cache_hit,0,False,0,cache
m12_heavy_flood_dup60_s20260626_bonded,P3-Persist,m12_heavy_flood_dup60_s20260626,bonded,366610,PRIVPROBE:1,cache_hit,0,False,0,cache
m12_heavy_flood_dup60_s20260626_bonded,P3-Persist,m12_heavy_flood_dup60_s20260626,bonded,367690,PRIVPROBE:1,cache_hit,0,False,0,cache
m12_heavy_flood_dup60_s20260626_bonded,P3-Persist,m12_heavy_flood_dup60_s20260626,bonded,368857,PRIVPROBE:1,cache_hit,0,False,0,cache
m12_heavy_flood_dup60_s20260626_bonded,P3-Persist,m12_heavy_flood_dup60_s20260626,bonded,369938,PRIVPROBE:1,cache_hit,0,False,0,cache
m12_heavy_flood_dup60_s20260626_bonded,P3-Persist,m12_heavy_flood_dup60_s20260626,bonded,371034,PRIVPROBE:1,cache_hit,0,False,0,cache
m12_heavy_flood_dup60_s20260626_bonded,P3-Persist,m12_heavy_flood_dup60_s20260626,bonded,372122,PRIVPROBE:1,cache_hit,0,False,0,cache
m12_heavy_flood_dup60_s20260626_bonded,P3-Persist,m12_heavy_flood_dup60_s20260626,bonded,373166,PRIVPROBE:1,cache_hit,0,False,0,cache
m12_heavy_flood_dup60_s20260626_bonded,P3-Persist,m12_heavy_flood_dup60_s20260626,bonded,374221,PRIVPROBE:1,cache_hit,0,False,0,cache
m12_heavy_flood_dup60_s20260626_bonded,P3-Persist,m12_heavy_flood_dup60_s20260626,bonded,375372,PRIVPROBE:1,cache_hit,0,False,0,cache
m12_heavy_flood_dup60_s20260626_bonded,P3-Persist,m12_heavy_flood_dup60_s20260626,bonded,376508,PRIVPROBE:1,cache_hit,0,False,0,cache
m12_heavy_flood_dup60_s20260626_bonded,P3-Persist,m12_heavy_flood_dup60_s20260626,bonded,377571,PRIVPROBE:1,cache_hit,0,False,0,cache
m12_heavy_flood_dup60_s20260626_bonded,P3-Persist,m12_heavy_flood_dup60_s20260626,bonded,378766,PRIVPROBE:1,cache_hit,0,False,0,cache
m12_heavy_flood_dup60_s20260626_bonded,P3-Persist,m12_heavy_flood_dup60_s20260626,bonded,379815,PRIVPROBE:1,cache_hit,0,False,0,cache
m12_heavy_flood_dup60_s20260626_bonded,P3-Persist,m12_heavy_flood_dup60_s20260626,bonded,380910,PRIVPROBE:1,cache_hit,0,False,0,cache
m12_heavy_flood_dup60_s20260626_bonded,P3-Persist,m12_heavy_flood_dup60_s20260626,bonded,382023,PRIVPROBE:1,cache_hit,0,False,0,cache
m12_heavy_flood_dup60_s20260626_bonded,P3-Persist,m12_heavy_flood_dup60_s20260626,bonded,383129,PRIVPROBE:1,cache_hit,0,False,0,cache
m12_heavy_flood_dup60_s20260626_bonded,P3-Persist,m12_heavy_flood_dup60_s20260626,bonded,384245,PRIVPROBE:1,cache_hit,0,False,0,cache
m12_heavy_flood_dup60_s20260626_bonded,P3-Persist,m12_heavy_flood_dup60_s20260626,bonded,385313,PRIVPROBE:1,cache_hit,0,False,0,cache
m12_heavy_flood_dup60_s20260626_bonded,P3-Persist,m12_heavy_flood_dup60_s20260626,bonded,386345,PRIVPROBE:1,cache_hit,0,False,0,cache
m12_heavy_flood_dup60_s20260626_bonded,P3-Persist,m12_heavy_flood_dup60_s20260626,bonded,387443,PRIVPROBE:1,cache_hit,0,False,0,cache
m12_heavy_flood_dup60_s20260626_bonded,P3-Persist,m12_heavy_flood_dup60_s20260626,bonded,388580,PRIVPROBE:1,cache_hit,0,False,0,cache
m12_heavy_flood_dup60_s20260626_bonded,P3-Persist,m12_heavy_flood_dup60_s20260626,bonded,389633,PRIVPROBE:1,cache_hit,0,False,0,cache
m12_heavy_flood_dup60_s20260626_bonded,P3-Persist,m12_heavy_flood_dup60_s20260626,bonded,390681,PRIVPROBE:1,cache_hit,0,False,0,cache
m12_heavy_flood_dup60_s20260626_bonded,P3-Persist,m12_heavy_flood_dup60_s20260626,bonded,391819,PRIVPROBE:1,cache_hit,0,False,0,cache
m12_heavy_flood_dup60_s20260626_bonded,P3-Persist,m12_heavy_flood_dup60_s20260626,bonded,392920,PRIVPROBE:1,cache_hit,0,False,0,cache
m12_heavy_flood_dup60_s20260626_bonded,P3-Persist,m12_heavy_flood_dup60_s20260626,bonded,394011,PRIVPROBE:1,cache_hit,0,False,0,cache
m12_heavy_flood_dup60_s20260626_bonded,P3-Persist,m12_heavy_flood_dup60_s20260626,bonded,395097,PRIVPROBE:1,cache_hit,0,False,0,cache
m12_heavy_flood_dup60_s20260626_bonded,P3-Persist,m12_heavy_flood_dup60_s20260626,bonded,396176,PRIVPROBE:1,cache_hit,0,False,0,cache
m12_heavy_flood_dup60_s20260626_bonded,P3-Persist,m12_heavy_flood_dup60_s20260626,bonded,397280,PRIVPROBE:1,cache_hit,0,False,0,cache
m12_heavy_flood_dup60_s20260626_bonded,P3-Persist,m12_heavy_flood_dup60_s20260626,bonded,398370,PRIVPROBE:1,cache_hit,0,False,0,cache
m12_heavy_flood_dup60_s20260626_bonded,P3-NoPersist,m12_heavy_flood_dup60_s20260626,bonded,66785,PRIVPROBE:0,defer,0,True,1000,defer
m12_heavy_flood_dup60_s20260626_bonded,P3-NoPersist,m12_heavy_flood_dup60_s20260626,bonded,67886,PRIVPROBE:0,duplicate_filter,0,False,0,duplicate_filter
m12_heavy_flood_dup60_s20260626_bonded,P3-NoPersist,m12_heavy_flood_dup60_s20260626,bonded,68896,PRIVPROBE:0,duplicate_filter,0,False,0,duplicate_filter
m12_heavy_flood_dup60_s20260626_bonded,P3-NoPersist,m12_heavy_flood_dup60_s20260626,bonded,70038,PRIVPROBE:0,duplicate_filter,0,False,0,duplicate_filter
m12_heavy_flood_dup60_s20260626_bonded,P3-NoPersist,m12_heavy_flood_dup60_s20260626,bonded,71115,PRIVPROBE:0,duplicate_filter,0,False,0,duplicate_filter
m12_heavy_flood_dup60_s20260626_bonded,P3-NoPersist,m12_heavy_flood_dup60_s20260626,bonded,72235,PRIVPROBE:0,duplicate_filter,0,False,0,duplicate_filter
m12_heavy_flood_dup60_s20260626_bonded,P3-NoPersist,m12_heavy_flood_dup60_s20260626,bonded,73331,PRIVPROBE:0,duplicate_filter,0,False,0,duplicate_filter
m12_heavy_flood_dup60_s20260626_bonded,P3-NoPersist,m12_heavy_flood_dup60_s20260626,bonded,74450,PRIVPROBE:0,duplicate_filter,0,False,0,duplicate_filter
m12_heavy_flood_dup60_s20260626_bonded,P3-NoPersist,m12_heavy_flood_dup60_s20260626,bonded,75644,PRIVPROBE:0,duplicate_filter,0,False,0,duplicate_filter
m12_heavy_flood_dup60_s20260626_bonded,P3-NoPersist,m12_heavy_flood_dup60_s20260626,bonded,76811,PRIVPROBE:0,duplicate_filter,0,False,0,duplicate_filter
m12_heavy_flood_dup60_s20260626_bonded,P3-NoPersist,m12_heavy_flood_dup60_s20260626,bonded,77940,PRIVPROBE:0,duplicate_filter,0,False,0,duplicate_filter
m12_heavy_flood_dup60_s20260626_bonded,P3-NoPersist,m12_heavy_flood_dup60_s20260626,bonded,79037,PRIVPROBE:0,duplicate_filter,0,False,0,duplicate_filter
m12_heavy_flood_dup60_s20260626_bonded,P3-NoPersist,m12_heavy_flood_dup60_s20260626,bonded,80189,PRIVPROBE:0,defer,0,True,1000,defer
m12_heavy_flood_dup60_s20260626_bonded,P3-NoPersist,m12_heavy_flood_dup60_s20260626,bonded,81338,PRIVPROBE:0,duplicate_filter,0,False,0,duplicate_filter
m12_heavy_flood_dup60_s20260626_bonded,P3-NoPersist,m12_heavy_flood_dup60_s20260626,bonded,82474,PRIVPROBE:0,duplicate_filter,0,False,0,duplicate_filter
m12_heavy_flood_dup60_s20260626_bonded,P3-NoPersist,m12_heavy_flood_dup60_s20260626,bonded,83568,PRIVPROBE:0,duplicate_filter,0,False,0,duplicate_filter
m12_heavy_flood_dup60_s20260626_bonded,P3-NoPersist,m12_heavy_flood_dup60_s20260626,bonded,84696,PRIVPROBE:0,duplicate_filter,0,False,0,duplicate_filter
m12_heavy_flood_dup60_s20260626_bonded,P3-NoPersist,m12_heavy_flood_dup60_s20260626,bonded,85769,PRIVPROBE:0,duplicate_filter,0,False,0,duplicate_filter
m12_heavy_flood_dup60_s20260626_bonded,P3-NoPersist,m12_heavy_flood_dup60_s20260626,bonded,86823,PRIVPROBE:0,duplicate_filter,0,False,0,duplicate_filter
m12_heavy_flood_dup60_s20260626_bonded,P3-NoPersist,m12_heavy_flood_dup60_s20260626,bonded,87981,PRIVPROBE:0,duplicate_filter,0,False,0,duplicate_filter
m12_heavy_flood_dup60_s20260626_bonded,P3-NoPersist,m12_heavy_flood_dup60_s20260626,bonded,89089,PRIVPROBE:0,duplicate_filter,0,False,0,duplicate_filter
m12_heavy_flood_dup60_s20260626_bonded,P3-NoPersist,m12_heavy_flood_dup60_s20260626,bonded,90077,PRIVPROBE:0,duplicate_filter,0,False,0,duplicate_filter
m12_heavy_flood_dup60_s20260626_bonded,P3-NoPersist,m12_heavy_flood_dup60_s20260626,bonded,91226,PRIVPROBE:0,duplicate_filter,0,False,0,duplicate_filter
m12_heavy_flood_dup60_s20260626_bonded,P3-NoPersist,m12_heavy_flood_dup60_s20260626,bonded,92356,PRIVPROBE:0,duplicate_filter,0,False,0,duplicate_filter
m12_heavy_flood_dup60_s20260626_bonded,P3-NoPersist,m12_heavy_flood_dup60_s20260626,bonded,93521,PRIVPROBE:0,defer,0,True,1000,defer
m12_heavy_flood_dup60_s20260626_bonded,P3-NoPersist,m12_heavy_flood_dup60_s20260626,bonded,94581,PRIVPROBE:0,duplicate_filter,0,False,0,duplicate_filter
m12_heavy_flood_dup60_s20260626_bonded,P3-NoPersist,m12_heavy_flood_dup60_s20260626,bonded,95743,PRIVPROBE:0,duplicate_filter,0,False,0,duplicate_filter
m12_heavy_flood_dup60_s20260626_bonded,P3-NoPersist,m12_heavy_flood_dup60_s20260626,bonded,96824,PRIVPROBE:0,duplicate_filter,0,False,0,duplicate_filter
m12_heavy_flood_dup60_s20260626_bonded,P3-NoPersist,m12_heavy_flood_dup60_s20260626,bonded,97902,PRIVPROBE:0,duplicate_filter,0,False,0,duplicate_filter
m12_heavy_flood_dup60_s20260626_bonded,P3-NoPersist,m12_heavy_flood_dup60_s20260626,bonded,99019,PRIVPROBE:0,duplicate_filter,0,False,0,duplicate_filter
m12_heavy_flood_dup60_s20260626_bonded,P3-NoPersist,m12_heavy_flood_dup60_s20260626,bonded,100082,PRIVPROBE:0,duplicate_filter,0,False,0,duplicate_filter
m12_heavy_flood_dup60_s20260626_bonded,P3-NoPersist,m12_heavy_flood_dup60_s20260626,bonded,101205,PRIVPROBE:0,duplicate_filter,0,False,0,duplicate_filter
m12_heavy_flood_dup60_s20260626_bonded,P3-NoPersist,m12_heavy_flood_dup60_s20260626,bonded,102317,PRIVPROBE:0,duplicate_filter,0,False,0,duplicate_filter
m12_heavy_flood_dup60_s20260626_bonded,P3-NoPersist,m12_heavy_flood_dup60_s20260626,bonded,103398,PRIVPROBE:0,duplicate_filter,0,False,0,duplicate_filter
m12_heavy_flood_dup60_s20260626_bonded,P3-NoPersist,m12_heavy_flood_dup60_s20260626,bonded,104461,PRIVPROBE:0,duplicate_filter,0,False,0,duplicate_filter
m12_heavy_flood_dup60_s20260626_bonded,P3-NoPersist,m12_heavy_flood_dup60_s20260626,bonded,105587,PRIVPROBE:0,duplicate_filter,0,False,0,duplicate_filter
m12_heavy_flood_dup60_s20260626_bonded,P3-NoPersist,m12_heavy_flood_dup60_s20260626,bonded,106684,PRIVPROBE:0,defer,0,True,1000,defer
m12_heavy_flood_dup60_s20260626_bonded,P3-NoPersist,m12_heavy_flood_dup60_s20260626,bonded,107775,PRIVPROBE:0,duplicate_filter,0,False,0,duplicate_filter
m12_heavy_flood_dup60_s20260626_bonded,P3-NoPersist,m12_heavy_flood_dup60_s20260626,bonded,108913,PRIVPROBE:0,duplicate_filter,0,False,0,duplicate_filter
m12_heavy_flood_dup60_s20260626_bonded,P3-NoPersist,m12_heavy_flood_dup60_s20260626,bonded,110046,PRIVPROBE:0,duplicate_filter,0,False,0,duplicate_filter
m12_heavy_flood_dup60_s20260626_bonded,P3-NoPersist,m12_heavy_flood_dup60_s20260626,bonded,111184,PRIVPROBE:0,duplicate_filter,0,False,0,duplicate_filter
m12_heavy_flood_dup60_s20260626_bonded,P3-NoPersist,m12_heavy_flood_dup60_s20260626,bonded,112364,PRIVPROBE:0,duplicate_filter,0,False,0,duplicate_filter
m12_heavy_flood_dup60_s20260626_bonded,P3-NoPersist,m12_heavy_flood_dup60_s20260626,bonded,113445,PRIVPROBE:0,duplicate_filter,0,False,0,duplicate_filter
m12_heavy_flood_dup60_s20260626_bonded,P3-NoPersist,m12_heavy_flood_dup60_s20260626,bonded,114553,PRIVPROBE:0,duplicate_filter,0,False,0,duplicate_filter
m12_heavy_flood_dup60_s20260626_bonded,P3-NoPersist,m12_heavy_flood_dup60_s20260626,bonded,115575,PRIVPROBE:0,duplicate_filter,0,False,0,duplicate_filter
m12_heavy_flood_dup60_s20260626_bonded,P3-NoPersist,m12_heavy_flood_dup60_s20260626,bonded,116696,PRIVPROBE:0,duplicate_filter,0,False,0,duplicate_filter
m12_heavy_flood_dup60_s20260626_bonded,P3-NoPersist,m12_heavy_flood_dup60_s20260626,bonded,117867,PRIVPROBE:0,duplicate_filter,0,False,0,duplicate_filter
m12_heavy_flood_dup60_s20260626_bonded,P3-NoPersist,m12_heavy_flood_dup60_s20260626,bonded,118948,PRIVPROBE:0,duplicate_filter,0,False,0,duplicate_filter
m12_heavy_flood_dup60_s20260626_bonded,P3-NoPersist,m12_heavy_flood_dup60_s20260626,bonded,120016,PRIVPROBE:0,defer,0,True,1000,defer
m12_heavy_flood_dup60_s20260626_bonded,P3-NoPersist,m12_heavy_flood_dup60_s20260626,bonded,121139,PRIVPROBE:0,duplicate_filter,0,False,0,duplicate_filter
m12_heavy_flood_dup60_s20260626_bonded,P3-NoPersist,m12_heavy_flood_dup60_s20260626,bonded,122278,PRIVPROBE:0,duplicate_filter,0,False,0,duplicate_filter
m12_heavy_flood_dup60_s20260626_bonded,P3-NoPersist,m12_heavy_flood_dup60_s20260626,bonded,123388,PRIVPROBE:0,duplicate_filter,0,False,0,duplicate_filter
m12_heavy_flood_dup60_s20260626_bonded,P3-NoPersist,m12_heavy_flood_dup60_s20260626,bonded,124472,PRIVPROBE:0,duplicate_filter,0,False,0,duplicate_filter
m12_heavy_flood_dup60_s20260626_bonded,P3-NoPersist,m12_heavy_flood_dup60_s20260626,bonded,125573,PRIVPROBE:0,duplicate_filter,0,False,0,duplicate_filter
m12_heavy_flood_dup60_s20260626_bonded,P3-NoPersist,m12_heavy_flood_dup60_s20260626,bonded,126652,PRIVPROBE:0,duplicate_filter,0,False,0,duplicate_filter
m12_heavy_flood_dup60_s20260626_bonded,P3-NoPersist,m12_heavy_flood_dup60_s20260626,bonded,127774,PRIVPROBE:0,duplicate_filter,0,False,0,duplicate_filter
m12_heavy_flood_dup60_s20260626_bonded,P3-NoPersist,m12_heavy_flood_dup60_s20260626,bonded,128897,PRIVPROBE:0,duplicate_filter,0,False,0,duplicate_filter
m12_heavy_flood_dup60_s20260626_bonded,P3-NoPersist,m12_heavy_flood_dup60_s20260626,bonded,130049,PRIVPROBE:0,duplicate_filter,0,False,0,duplicate_filter
m12_heavy_flood_dup60_s20260626_bonded,P3-NoPersist,m12_heavy_flood_dup60_s20260626,bonded,131139,PRIVPROBE:0,duplicate_filter,0,False,0,duplicate_filter
m12_heavy_flood_dup60_s20260626_bonded,P3-NoPersist,m12_heavy_flood_dup60_s20260626,bonded,132240,PRIVPROBE:0,duplicate_filter,0,False,0,duplicate_filter
m12_heavy_flood_dup60_s20260626_bonded,P3-NoPersist,m12_heavy_flood_dup60_s20260626,bonded,133292,PRIVPROBE:0,defer,0,True,1000,defer
m12_heavy_flood_dup60_s20260626_bonded,P3-NoPersist,m12_heavy_flood_dup60_s20260626,bonded,134422,PRIVPROBE:0,duplicate_filter,0,False,0,duplicate_filter
m12_heavy_flood_dup60_s20260626_bonded,P3-NoPersist,m12_heavy_flood_dup60_s20260626,bonded,135569,PRIVPROBE:0,duplicate_filter,0,False,0,duplicate_filter
m12_heavy_flood_dup60_s20260626_bonded,P3-NoPersist,m12_heavy_flood_dup60_s20260626,bonded,136657,PRIVPROBE:0,duplicate_filter,0,False,0,duplicate_filter
m12_heavy_flood_dup60_s20260626_bonded,P3-NoPersist,m12_heavy_flood_dup60_s20260626,bonded,137732,PRIVPROBE:0,duplicate_filter,0,False,0,duplicate_filter
m12_heavy_flood_dup60_s20260626_bonded,P3-NoPersist,m12_heavy_flood_dup60_s20260626,bonded,138862,PRIVPROBE:0,duplicate_filter,0,False,0,duplicate_filter
m12_heavy_flood_dup60_s20260626_bonded,P3-NoPersist,m12_heavy_flood_dup60_s20260626,bonded,139975,PRIVPROBE:0,duplicate_filter,0,False,0,duplicate_filter
m12_heavy_flood_dup60_s20260626_bonded,P3-NoPersist,m12_heavy_flood_dup60_s20260626,bonded,141066,PRIVPROBE:0,duplicate_filter,0,False,0,duplicate_filter
m12_heavy_flood_dup60_s20260626_bonded,P3-NoPersist,m12_heavy_flood_dup60_s20260626,bonded,142175,PRIVPROBE:0,duplicate_filter,0,False,0,duplicate_filter
m12_heavy_flood_dup60_s20260626_bonded,P3-NoPersist,m12_heavy_flood_dup60_s20260626,bonded,143294,PRIVPROBE:0,duplicate_filter,0,False,0,duplicate_filter
m12_heavy_flood_dup60_s20260626_bonded,P3-NoPersist,m12_heavy_flood_dup60_s20260626,bonded,144381,PRIVPROBE:0,duplicate_filter,0,False,0,duplicate_filter
m12_heavy_flood_dup60_s20260626_bonded,P3-NoPersist,m12_heavy_flood_dup60_s20260626,bonded,145501,PRIVPROBE:0,duplicate_filter,0,False,0,duplicate_filter
m12_heavy_flood_dup60_s20260626_bonded,P3-NoPersist,m12_heavy_flood_dup60_s20260626,bonded,146655,PRIVPROBE:0,defer,0,True,1000,defer
m12_heavy_flood_dup60_s20260626_bonded,P3-NoPersist,m12_heavy_flood_dup60_s20260626,bonded,147730,PRIVPROBE:0,duplicate_filter,0,False,0,duplicate_filter
m12_heavy_flood_dup60_s20260626_bonded,P3-NoPersist,m12_heavy_flood_dup60_s20260626,bonded,148826,PRIVPROBE:0,duplicate_filter,0,False,0,duplicate_filter
m12_heavy_flood_dup60_s20260626_bonded,P3-NoPersist,m12_heavy_flood_dup60_s20260626,bonded,149900,PRIVPROBE:0,duplicate_filter,0,False,0,duplicate_filter
m12_heavy_flood_dup60_s20260626_bonded,P3-NoPersist,m12_heavy_flood_dup60_s20260626,bonded,151031,PRIVPROBE:0,duplicate_filter,0,False,0,duplicate_filter
m12_heavy_flood_dup60_s20260626_bonded,P3-NoPersist,m12_heavy_flood_dup60_s20260626,bonded,152179,PRIVPROBE:0,duplicate_filter,0,False,0,duplicate_filter
m12_heavy_flood_dup60_s20260626_bonded,P3-NoPersist,m12_heavy_flood_dup60_s20260626,bonded,153261,PRIVPROBE:0,duplicate_filter,0,False,0,duplicate_filter
m12_heavy_flood_dup60_s20260626_bonded,P3-NoPersist,m12_heavy_flood_dup60_s20260626,bonded,154318,PRIVPROBE:0,duplicate_filter,0,False,0,duplicate_filter
m12_heavy_flood_dup60_s20260626_bonded,P3-NoPersist,m12_heavy_flood_dup60_s20260626,bonded,155397,PRIVPROBE:0,duplicate_filter,0,False,0,duplicate_filter
m12_heavy_flood_dup60_s20260626_bonded,P3-NoPersist,m12_heavy_flood_dup60_s20260626,bonded,156550,PRIVPROBE:0,duplicate_filter,0,False,0,duplicate_filter
m12_heavy_flood_dup60_s20260626_bonded,P3-NoPersist,m12_heavy_flood_dup60_s20260626,bonded,157599,PRIVPROBE:0,duplicate_filter,0,False,0,duplicate_filter
m12_heavy_flood_dup60_s20260626_bonded,P3-NoPersist,m12_heavy_flood_dup60_s20260626,bonded,158704,PRIVPROBE:0,duplicate_filter,0,False,0,duplicate_filter
m12_heavy_flood_dup60_s20260626_bonded,P3-NoPersist,m12_heavy_flood_dup60_s20260626,bonded,159742,PRIVPROBE:0,defer,0,True,1000,defer
m12_heavy_flood_dup60_s20260626_bonded,P3-NoPersist,m12_heavy_flood_dup60_s20260626,bonded,160934,PRIVPROBE:0,duplicate_filter,0,False,0,duplicate_filter
m12_heavy_flood_dup60_s20260626_bonded,P3-NoPersist,m12_heavy_flood_dup60_s20260626,bonded,162016,PRIVPROBE:0,duplicate_filter,0,False,0,duplicate_filter
m12_heavy_flood_dup60_s20260626_bonded,P3-NoPersist,m12_heavy_flood_dup60_s20260626,bonded,163192,PRIVPROBE:0,duplicate_filter,0,False,0,duplicate_filter
m12_heavy_flood_dup60_s20260626_bonded,P3-NoPersist,m12_heavy_flood_dup60_s20260626,bonded,164331,PRIVPROBE:0,duplicate_filter,0,False,0,duplicate_filter
m12_heavy_flood_dup60_s20260626_bonded,P3-NoPersist,m12_heavy_flood_dup60_s20260626,bonded,165443,PRIVPROBE:0,duplicate_filter,0,False,0,duplicate_filter
m12_heavy_flood_dup60_s20260626_bonded,P3-NoPersist,m12_heavy_flood_dup60_s20260626,bonded,166498,PRIVPROBE:0,duplicate_filter,0,False,0,duplicate_filter
m12_heavy_flood_dup60_s20260626_bonded,P3-NoPersist,m12_heavy_flood_dup60_s20260626,bonded,167650,PRIVPROBE:0,duplicate_filter,0,False,0,duplicate_filter
m12_heavy_flood_dup60_s20260626_bonded,P3-NoPersist,m12_heavy_flood_dup60_s20260626,bonded,168730,PRIVPROBE:0,duplicate_filter,0,False,0,duplicate_filter
m12_heavy_flood_dup60_s20260626_bonded,P3-NoPersist,m12_heavy_flood_dup60_s20260626,bonded,169836,PRIVPROBE:0,duplicate_filter,0,False,0,duplicate_filter
m12_heavy_flood_dup60_s20260626_bonded,P3-NoPersist,m12_heavy_flood_dup60_s20260626,bonded,170993,PRIVPROBE:0,duplicate_filter,0,False,0,duplicate_filter
m12_heavy_flood_dup60_s20260626_bonded,P3-NoPersist,m12_heavy_flood_dup60_s20260626,bonded,172088,PRIVPROBE:0,duplicate_filter,0,False,0,duplicate_filter
m12_heavy_flood_dup60_s20260626_bonded,P3-NoPersist,m12_heavy_flood_dup60_s20260626,bonded,173240,PRIVPROBE:0,defer,0,True,1000,defer
m12_heavy_flood_dup60_s20260626_bonded,P3-NoPersist,m12_heavy_flood_dup60_s20260626,bonded,174329,PRIVPROBE:0,duplicate_filter,0,False,0,duplicate_filter
m12_heavy_flood_dup60_s20260626_bonded,P3-NoPersist,m12_heavy_flood_dup60_s20260626,bonded,175510,PRIVPROBE:0,duplicate_filter,0,False,0,duplicate_filter
m12_heavy_flood_dup60_s20260626_bonded,P3-NoPersist,m12_heavy_flood_dup60_s20260626,bonded,176611,PRIVPROBE:0,duplicate_filter,0,False,0,duplicate_filter
m12_heavy_flood_dup60_s20260626_bonded,P3-NoPersist,m12_heavy_flood_dup60_s20260626,bonded,177757,PRIVPROBE:0,duplicate_filter,0,False,0,duplicate_filter
m12_heavy_flood_dup60_s20260626_bonded,P3-NoPersist,m12_heavy_flood_dup60_s20260626,bonded,178844,PRIVPROBE:0,duplicate_filter,0,False,0,duplicate_filter
m12_heavy_flood_dup60_s20260626_bonded,P3-NoPersist,m12_heavy_flood_dup60_s20260626,bonded,179946,PRIVPROBE:0,duplicate_filter,0,False,0,duplicate_filter
m12_heavy_flood_dup60_s20260626_bonded,P3-NoPersist,m12_heavy_flood_dup60_s20260626,bonded,181065,PRIVPROBE:0,duplicate_filter,0,False,0,duplicate_filter
m12_heavy_flood_dup60_s20260626_bonded,P3-NoPersist,m12_heavy_flood_dup60_s20260626,bonded,182149,PRIVPROBE:0,duplicate_filter,0,False,0,duplicate_filter
m12_heavy_flood_dup60_s20260626_bonded,P3-NoPersist,m12_heavy_flood_dup60_s20260626,bonded,183304,PRIVPROBE:0,duplicate_filter,0,False,0,duplicate_filter
m12_heavy_flood_dup60_s20260626_bonded,P3-NoPersist,m12_heavy_flood_dup60_s20260626,bonded,184475,PRIVPROBE:0,duplicate_filter,0,False,0,duplicate_filter
m12_heavy_flood_dup60_s20260626_bonded,P3-NoPersist,m12_heavy_flood_dup60_s20260626,bonded,185621,PRIVPROBE:0,duplicate_filter,0,False,0,duplicate_filter
m12_heavy_flood_dup60_s20260626_bonded,P3-NoPersist,m12_heavy_flood_dup60_s20260626,bonded,186700,PRIVPROBE:0,defer,0,True,1000,defer
m12_heavy_flood_dup60_s20260626_bonded,P3-NoPersist,m12_heavy_flood_dup60_s20260626,bonded,187787,PRIVPROBE:0,duplicate_filter,0,False,0,duplicate_filter
m12_heavy_flood_dup60_s20260626_bonded,P3-NoPersist,m12_heavy_flood_dup60_s20260626,bonded,188888,PRIVPROBE:0,duplicate_filter,0,False,0,duplicate_filter
m12_heavy_flood_dup60_s20260626_bonded,P3-NoPersist,m12_heavy_flood_dup60_s20260626,bonded,189979,PRIVPROBE:0,duplicate_filter,0,False,0,duplicate_filter
m12_heavy_flood_dup60_s20260626_bonded,P3-NoPersist,m12_heavy_flood_dup60_s20260626,bonded,191107,PRIVPROBE:0,duplicate_filter,0,False,0,duplicate_filter
m12_heavy_flood_dup60_s20260626_bonded,P3-NoPersist,m12_heavy_flood_dup60_s20260626,bonded,192196,PRIVPROBE:0,duplicate_filter,0,False,0,duplicate_filter
m12_heavy_flood_dup60_s20260626_bonded,P3-NoPersist,m12_heavy_flood_dup60_s20260626,bonded,193208,PRIVPROBE:0,duplicate_filter,0,False,0,duplicate_filter
m12_heavy_flood_dup60_s20260626_bonded,P3-NoPersist,m12_heavy_flood_dup60_s20260626,bonded,194316,PRIVPROBE:0,duplicate_filter,0,False,0,duplicate_filter
m12_heavy_flood_dup60_s20260626_bonded,P3-NoPersist,m12_heavy_flood_dup60_s20260626,bonded,195402,PRIVPROBE:0,duplicate_filter,0,False,0,duplicate_filter
m12_heavy_flood_dup60_s20260626_bonded,P3-NoPersist,m12_heavy_flood_dup60_s20260626,bonded,196500,PRIVPROBE:0,duplicate_filter,0,False,0,duplicate_filter
m12_heavy_flood_dup60_s20260626_bonded,P3-NoPersist,m12_heavy_flood_dup60_s20260626,bonded,197666,PRIVPROBE:0,duplicate_filter,0,False,0,duplicate_filter
m12_heavy_flood_dup60_s20260626_bonded,P3-NoPersist,m12_heavy_flood_dup60_s20260626,bonded,198751,PRIVPROBE:0,duplicate_filter,0,False,0,duplicate_filter
m12_heavy_flood_dup60_s20260626_bonded,P3-NoPersist,m12_heavy_flood_dup60_s20260626,bonded,199867,PRIVPROBE:1,defer,0,True,1000,defer
m12_heavy_flood_dup60_s20260626_bonded,P3-NoPersist,m12_heavy_flood_dup60_s20260626,bonded,201033,PRIVPROBE:1,duplicate_filter,0,False,0,duplicate_filter
m12_heavy_flood_dup60_s20260626_bonded,P3-NoPersist,m12_heavy_flood_dup60_s20260626,bonded,202134,PRIVPROBE:1,duplicate_filter,0,False,0,duplicate_filter
m12_heavy_flood_dup60_s20260626_bonded,P3-NoPersist,m12_heavy_flood_dup60_s20260626,bonded,203221,PRIVPROBE:1,duplicate_filter,0,False,0,duplicate_filter
m12_heavy_flood_dup60_s20260626_bonded,P3-NoPersist,m12_heavy_flood_dup60_s20260626,bonded,204285,PRIVPROBE:1,duplicate_filter,0,False,0,duplicate_filter
m12_heavy_flood_dup60_s20260626_bonded,P3-NoPersist,m12_heavy_flood_dup60_s20260626,bonded,205434,PRIVPROBE:1,duplicate_filter,0,False,0,duplicate_filter
m12_heavy_flood_dup60_s20260626_bonded,P3-NoPersist,m12_heavy_flood_dup60_s20260626,bonded,206490,PRIVPROBE:1,duplicate_filter,0,False,0,duplicate_filter
m12_heavy_flood_dup60_s20260626_bonded,P3-NoPersist,m12_heavy_flood_dup60_s20260626,bonded,207553,PRIVPROBE:1,duplicate_filter,0,False,0,duplicate_filter
m12_heavy_flood_dup60_s20260626_bonded,P3-NoPersist,m12_heavy_flood_dup60_s20260626,bonded,208578,PRIVPROBE:1,duplicate_filter,0,False,0,duplicate_filter
m12_heavy_flood_dup60_s20260626_bonded,P3-NoPersist,m12_heavy_flood_dup60_s20260626,bonded,209685,PRIVPROBE:1,duplicate_filter,0,False,0,duplicate_filter
m12_heavy_flood_dup60_s20260626_bonded,P3-NoPersist,m12_heavy_flood_dup60_s20260626,bonded,210768,PRIVPROBE:1,duplicate_filter,0,False,0,duplicate_filter
m12_heavy_flood_dup60_s20260626_bonded,P3-NoPersist,m12_heavy_flood_dup60_s20260626,bonded,211945,PRIVPROBE:1,duplicate_filter,0,False,0,duplicate_filter
m12_heavy_flood_dup60_s20260626_bonded,P3-NoPersist,m12_heavy_flood_dup60_s20260626,bonded,213071,PRIVPROBE:1,defer,0,True,1000,defer
m12_heavy_flood_dup60_s20260626_bonded,P3-NoPersist,m12_heavy_flood_dup60_s20260626,bonded,214152,PRIVPROBE:1,duplicate_filter,0,False,0,duplicate_filter
m12_heavy_flood_dup60_s20260626_bonded,P3-NoPersist,m12_heavy_flood_dup60_s20260626,bonded,215266,PRIVPROBE:1,duplicate_filter,0,False,0,duplicate_filter
m12_heavy_flood_dup60_s20260626_bonded,P3-NoPersist,m12_heavy_flood_dup60_s20260626,bonded,216457,PRIVPROBE:1,duplicate_filter,0,False,0,duplicate_filter
m12_heavy_flood_dup60_s20260626_bonded,P3-NoPersist,m12_heavy_flood_dup60_s20260626,bonded,217520,PRIVPROBE:1,duplicate_filter,0,False,0,duplicate_filter
m12_heavy_flood_dup60_s20260626_bonded,P3-NoPersist,m12_heavy_flood_dup60_s20260626,bonded,218652,PRIVPROBE:1,duplicate_filter,0,False,0,duplicate_filter
m12_heavy_flood_dup60_s20260626_bonded,P3-NoPersist,m12_heavy_flood_dup60_s20260626,bonded,219761,PRIVPROBE:1,duplicate_filter,0,False,0,duplicate_filter
m12_heavy_flood_dup60_s20260626_bonded,P3-NoPersist,m12_heavy_flood_dup60_s20260626,bonded,220880,PRIVPROBE:1,duplicate_filter,0,False,0,duplicate_filter
m12_heavy_flood_dup60_s20260626_bonded,P3-NoPersist,m12_heavy_flood_dup60_s20260626,bonded,221928,PRIVPROBE:1,duplicate_filter,0,False,0,duplicate_filter
m12_heavy_flood_dup60_s20260626_bonded,P3-NoPersist,m12_heavy_flood_dup60_s20260626,bonded,223064,PRIVPROBE:1,duplicate_filter,0,False,0,duplicate_filter
m12_heavy_flood_dup60_s20260626_bonded,P3-NoPersist,m12_heavy_flood_dup60_s20260626,bonded,224184,PRIVPROBE:1,duplicate_filter,0,False,0,duplicate_filter
m12_heavy_flood_dup60_s20260626_bonded,P3-NoPersist,m12_heavy_flood_dup60_s20260626,bonded,225249,PRIVPROBE:1,duplicate_filter,0,False,0,duplicate_filter
m12_heavy_flood_dup60_s20260626_bonded,P3-NoPersist,m12_heavy_flood_dup60_s20260626,bonded,226372,PRIVPROBE:1,defer,0,True,1000,defer
m12_heavy_flood_dup60_s20260626_bonded,P3-NoPersist,m12_heavy_flood_dup60_s20260626,bonded,227439,PRIVPROBE:1,duplicate_filter,0,False,0,duplicate_filter
m12_heavy_flood_dup60_s20260626_bonded,P3-NoPersist,m12_heavy_flood_dup60_s20260626,bonded,228567,PRIVPROBE:1,duplicate_filter,0,False,0,duplicate_filter
m12_heavy_flood_dup60_s20260626_bonded,P3-NoPersist,m12_heavy_flood_dup60_s20260626,bonded,229683,PRIVPROBE:1,duplicate_filter,0,False,0,duplicate_filter
m12_heavy_flood_dup60_s20260626_bonded,P3-NoPersist,m12_heavy_flood_dup60_s20260626,bonded,230739,PRIVPROBE:1,duplicate_filter,0,False,0,duplicate_filter
m12_heavy_flood_dup60_s20260626_bonded,P3-NoPersist,m12_heavy_flood_dup60_s20260626,bonded,231887,PRIVPROBE:1,duplicate_filter,0,False,0,duplicate_filter
m12_heavy_flood_dup60_s20260626_bonded,P3-NoPersist,m12_heavy_flood_dup60_s20260626,bonded,232932,PRIVPROBE:1,duplicate_filter,0,False,0,duplicate_filter
m12_heavy_flood_dup60_s20260626_bonded,P3-NoPersist,m12_heavy_flood_dup60_s20260626,bonded,233992,PRIVPROBE:1,duplicate_filter,0,False,0,duplicate_filter
m12_heavy_flood_dup60_s20260626_bonded,P3-NoPersist,m12_heavy_flood_dup60_s20260626,bonded,235008,PRIVPROBE:1,duplicate_filter,0,False,0,duplicate_filter
m12_heavy_flood_dup60_s20260626_bonded,P3-NoPersist,m12_heavy_flood_dup60_s20260626,bonded,236200,PRIVPROBE:1,duplicate_filter,0,False,0,duplicate_filter
m12_heavy_flood_dup60_s20260626_bonded,P3-NoPersist,m12_heavy_flood_dup60_s20260626,bonded,237301,PRIVPROBE:1,duplicate_filter,0,False,0,duplicate_filter
m12_heavy_flood_dup60_s20260626_bonded,P3-NoPersist,m12_heavy_flood_dup60_s20260626,bonded,238410,PRIVPROBE:1,duplicate_filter,0,False,0,duplicate_filter
m12_heavy_flood_dup60_s20260626_bonded,P3-NoPersist,m12_heavy_flood_dup60_s20260626,bonded,239532,PRIVPROBE:1,defer,0,True,1000,defer
m12_heavy_flood_dup60_s20260626_bonded,P3-NoPersist,m12_heavy_flood_dup60_s20260626,bonded,240676,PRIVPROBE:1,duplicate_filter,0,False,0,duplicate_filter
m12_heavy_flood_dup60_s20260626_bonded,P3-NoPersist,m12_heavy_flood_dup60_s20260626,bonded,241799,PRIVPROBE:1,duplicate_filter,0,False,0,duplicate_filter
m12_heavy_flood_dup60_s20260626_bonded,P3-NoPersist,m12_heavy_flood_dup60_s20260626,bonded,242924,PRIVPROBE:1,duplicate_filter,0,False,0,duplicate_filter
m12_heavy_flood_dup60_s20260626_bonded,P3-NoPersist,m12_heavy_flood_dup60_s20260626,bonded,244090,PRIVPROBE:1,duplicate_filter,0,False,0,duplicate_filter
m12_heavy_flood_dup60_s20260626_bonded,P3-NoPersist,m12_heavy_flood_dup60_s20260626,bonded,245236,PRIVPROBE:1,duplicate_filter,0,False,0,duplicate_filter
m12_heavy_flood_dup60_s20260626_bonded,P3-NoPersist,m12_heavy_flood_dup60_s20260626,bonded,246337,PRIVPROBE:1,duplicate_filter,0,False,0,duplicate_filter
m12_heavy_flood_dup60_s20260626_bonded,P3-NoPersist,m12_heavy_flood_dup60_s20260626,bonded,247428,PRIVPROBE:1,duplicate_filter,0,False,0,duplicate_filter
m12_heavy_flood_dup60_s20260626_bonded,P3-NoPersist,m12_heavy_flood_dup60_s20260626,bonded,248548,PRIVPROBE:1,duplicate_filter,0,False,0,duplicate_filter
m12_heavy_flood_dup60_s20260626_bonded,P3-NoPersist,m12_heavy_flood_dup60_s20260626,bonded,249680,PRIVPROBE:1,duplicate_filter,0,False,0,duplicate_filter
m12_heavy_flood_dup60_s20260626_bonded,P3-NoPersist,m12_heavy_flood_dup60_s20260626,bonded,250850,PRIVPROBE:1,duplicate_filter,0,False,0,duplicate_filter
m12_heavy_flood_dup60_s20260626_bonded,P3-NoPersist,m12_heavy_flood_dup60_s20260626,bonded,251907,PRIVPROBE:1,duplicate_filter,0,False,0,duplicate_filter
m12_heavy_flood_dup60_s20260626_bonded,P3-NoPersist,m12_heavy_flood_dup60_s20260626,bonded,253065,PRIVPROBE:1,defer,0,True,1000,defer
m12_heavy_flood_dup60_s20260626_bonded,P3-NoPersist,m12_heavy_flood_dup60_s20260626,bonded,254183,PRIVPROBE:1,duplicate_filter,0,False,0,duplicate_filter
m12_heavy_flood_dup60_s20260626_bonded,P3-NoPersist,m12_heavy_flood_dup60_s20260626,bonded,255325,PRIVPROBE:1,duplicate_filter,0,False,0,duplicate_filter
m12_heavy_flood_dup60_s20260626_bonded,P3-NoPersist,m12_heavy_flood_dup60_s20260626,bonded,256428,PRIVPROBE:1,duplicate_filter,0,False,0,duplicate_filter
m12_heavy_flood_dup60_s20260626_bonded,P3-NoPersist,m12_heavy_flood_dup60_s20260626,bonded,257529,PRIVPROBE:1,duplicate_filter,0,False,0,duplicate_filter
m12_heavy_flood_dup60_s20260626_bonded,P3-NoPersist,m12_heavy_flood_dup60_s20260626,bonded,258639,PRIVPROBE:1,duplicate_filter,0,False,0,duplicate_filter
m12_heavy_flood_dup60_s20260626_bonded,P3-NoPersist,m12_heavy_flood_dup60_s20260626,bonded,259749,PRIVPROBE:1,duplicate_filter,0,False,0,duplicate_filter
m12_heavy_flood_dup60_s20260626_bonded,P3-NoPersist,m12_heavy_flood_dup60_s20260626,bonded,260865,PRIVPROBE:1,duplicate_filter,0,False,0,duplicate_filter
m12_heavy_flood_dup60_s20260626_bonded,P3-NoPersist,m12_heavy_flood_dup60_s20260626,bonded,261935,PRIVPROBE:1,duplicate_filter,0,False,0,duplicate_filter
m12_heavy_flood_dup60_s20260626_bonded,P3-NoPersist,m12_heavy_flood_dup60_s20260626,bonded,263083,PRIVPROBE:1,duplicate_filter,0,False,0,duplicate_filter
m12_heavy_flood_dup60_s20260626_bonded,P3-NoPersist,m12_heavy_flood_dup60_s20260626,bonded,264185,PRIVPROBE:1,duplicate_filter,0,False,0,duplicate_filter
m12_heavy_flood_dup60_s20260626_bonded,P3-NoPersist,m12_heavy_flood_dup60_s20260626,bonded,265258,PRIVPROBE:1,duplicate_filter,0,False,0,duplicate_filter
m12_heavy_flood_dup60_s20260626_bonded,P3-NoPersist,m12_heavy_flood_dup60_s20260626,bonded,266374,PRIVPROBE:1,defer,0,True,1000,defer
m12_heavy_flood_dup60_s20260626_bonded,P3-NoPersist,m12_heavy_flood_dup60_s20260626,bonded,267519,PRIVPROBE:1,duplicate_filter,0,False,0,duplicate_filter
m12_heavy_flood_dup60_s20260626_bonded,P3-NoPersist,m12_heavy_flood_dup60_s20260626,bonded,268570,PRIVPROBE:1,duplicate_filter,0,False,0,duplicate_filter
m12_heavy_flood_dup60_s20260626_bonded,P3-NoPersist,m12_heavy_flood_dup60_s20260626,bonded,269653,PRIVPROBE:1,duplicate_filter,0,False,0,duplicate_filter
m12_heavy_flood_dup60_s20260626_bonded,P3-NoPersist,m12_heavy_flood_dup60_s20260626,bonded,270699,PRIVPROBE:1,duplicate_filter,0,False,0,duplicate_filter
m12_heavy_flood_dup60_s20260626_bonded,P3-NoPersist,m12_heavy_flood_dup60_s20260626,bonded,271745,PRIVPROBE:1,duplicate_filter,0,False,0,duplicate_filter
m12_heavy_flood_dup60_s20260626_bonded,P3-NoPersist,m12_heavy_flood_dup60_s20260626,bonded,272829,PRIVPROBE:1,duplicate_filter,0,False,0,duplicate_filter
m12_heavy_flood_dup60_s20260626_bonded,P3-NoPersist,m12_heavy_flood_dup60_s20260626,bonded,273915,PRIVPROBE:1,duplicate_filter,0,False,0,duplicate_filter
m12_heavy_flood_dup60_s20260626_bonded,P3-NoPersist,m12_heavy_flood_dup60_s20260626,bonded,275056,PRIVPROBE:1,duplicate_filter,0,False,0,duplicate_filter
m12_heavy_flood_dup60_s20260626_bonded,P3-NoPersist,m12_heavy_flood_dup60_s20260626,bonded,276092,PRIVPROBE:1,duplicate_filter,0,False,0,duplicate_filter
m12_heavy_flood_dup60_s20260626_bonded,P3-NoPersist,m12_heavy_flood_dup60_s20260626,bonded,277151,PRIVPROBE:1,duplicate_filter,0,False,0,duplicate_filter
m12_heavy_flood_dup60_s20260626_bonded,P3-NoPersist,m12_heavy_flood_dup60_s20260626,bonded,278303,PRIVPROBE:1,duplicate_filter,0,False,0,duplicate_filter
m12_heavy_flood_dup60_s20260626_bonded,P3-NoPersist,m12_heavy_flood_dup60_s20260626,bonded,279422,PRIVPROBE:1,defer,0,True,1000,defer
m12_heavy_flood_dup60_s20260626_bonded,P3-NoPersist,m12_heavy_flood_dup60_s20260626,bonded,280496,PRIVPROBE:1,duplicate_filter,0,False,0,duplicate_filter
m12_heavy_flood_dup60_s20260626_bonded,P3-NoPersist,m12_heavy_flood_dup60_s20260626,bonded,281632,PRIVPROBE:1,duplicate_filter,0,False,0,duplicate_filter
m12_heavy_flood_dup60_s20260626_bonded,P3-NoPersist,m12_heavy_flood_dup60_s20260626,bonded,282788,PRIVPROBE:1,duplicate_filter,0,False,0,duplicate_filter
m12_heavy_flood_dup60_s20260626_bonded,P3-NoPersist,m12_heavy_flood_dup60_s20260626,bonded,283873,PRIVPROBE:1,duplicate_filter,0,False,0,duplicate_filter
m12_heavy_flood_dup60_s20260626_bonded,P3-NoPersist,m12_heavy_flood_dup60_s20260626,bonded,284989,PRIVPROBE:1,duplicate_filter,0,False,0,duplicate_filter
m12_heavy_flood_dup60_s20260626_bonded,P3-NoPersist,m12_heavy_flood_dup60_s20260626,bonded,286105,PRIVPROBE:1,duplicate_filter,0,False,0,duplicate_filter
m12_heavy_flood_dup60_s20260626_bonded,P3-NoPersist,m12_heavy_flood_dup60_s20260626,bonded,287219,PRIVPROBE:1,duplicate_filter,0,False,0,duplicate_filter
m12_heavy_flood_dup60_s20260626_bonded,P3-NoPersist,m12_heavy_flood_dup60_s20260626,bonded,288354,PRIVPROBE:1,duplicate_filter,0,False,0,duplicate_filter
m12_heavy_flood_dup60_s20260626_bonded,P3-NoPersist,m12_heavy_flood_dup60_s20260626,bonded,289502,PRIVPROBE:1,duplicate_filter,0,False,0,duplicate_filter
m12_heavy_flood_dup60_s20260626_bonded,P3-NoPersist,m12_heavy_flood_dup60_s20260626,bonded,290578,PRIVPROBE:1,duplicate_filter,0,False,0,duplicate_filter
m12_heavy_flood_dup60_s20260626_bonded,P3-NoPersist,m12_heavy_flood_dup60_s20260626,bonded,291694,PRIVPROBE:1,duplicate_filter,0,False,0,duplicate_filter
m12_heavy_flood_dup60_s20260626_bonded,P3-NoPersist,m12_heavy_flood_dup60_s20260626,bonded,292869,PRIVPROBE:1,defer,0,True,1000,defer
m12_heavy_flood_dup60_s20260626_bonded,P3-NoPersist,m12_heavy_flood_dup60_s20260626,bonded,293937,PRIVPROBE:1,duplicate_filter,0,False,0,duplicate_filter
m12_heavy_flood_dup60_s20260626_bonded,P3-NoPersist,m12_heavy_flood_dup60_s20260626,bonded,295145,PRIVPROBE:1,duplicate_filter,0,False,0,duplicate_filter
m12_heavy_flood_dup60_s20260626_bonded,P3-NoPersist,m12_heavy_flood_dup60_s20260626,bonded,296293,PRIVPROBE:1,duplicate_filter,0,False,0,duplicate_filter
m12_heavy_flood_dup60_s20260626_bonded,P3-NoPersist,m12_heavy_flood_dup60_s20260626,bonded,297394,PRIVPROBE:1,duplicate_filter,0,False,0,duplicate_filter
m12_heavy_flood_dup60_s20260626_bonded,P3-NoPersist,m12_heavy_flood_dup60_s20260626,bonded,298464,PRIVPROBE:1,duplicate_filter,0,False,0,duplicate_filter
m12_heavy_flood_dup60_s20260626_bonded,P3-NoPersist,m12_heavy_flood_dup60_s20260626,bonded,299627,PRIVPROBE:1,duplicate_filter,0,False,0,duplicate_filter
m12_heavy_flood_dup60_s20260626_bonded,P3-NoPersist,m12_heavy_flood_dup60_s20260626,bonded,300760,PRIVPROBE:1,duplicate_filter,0,False,0,duplicate_filter
m12_heavy_flood_dup60_s20260626_bonded,P3-NoPersist,m12_heavy_flood_dup60_s20260626,bonded,301823,PRIVPROBE:1,duplicate_filter,0,False,0,duplicate_filter
m12_heavy_flood_dup60_s20260626_bonded,P3-NoPersist,m12_heavy_flood_dup60_s20260626,bonded,302906,PRIVPROBE:1,duplicate_filter,0,False,0,duplicate_filter
m12_heavy_flood_dup60_s20260626_bonded,P3-NoPersist,m12_heavy_flood_dup60_s20260626,bonded,304011,PRIVPROBE:1,duplicate_filter,0,False,0,duplicate_filter
m12_heavy_flood_dup60_s20260626_bonded,P3-NoPersist,m12_heavy_flood_dup60_s20260626,bonded,305129,PRIVPROBE:1,duplicate_filter,0,False,0,duplicate_filter
m12_heavy_flood_dup60_s20260626_bonded,P3-NoPersist,m12_heavy_flood_dup60_s20260626,bonded,306192,PRIVPROBE:1,defer,0,True,1000,defer
m12_heavy_flood_dup60_s20260626_bonded,P3-NoPersist,m12_heavy_flood_dup60_s20260626,bonded,307250,PRIVPROBE:1,duplicate_filter,0,False,0,duplicate_filter
m12_heavy_flood_dup60_s20260626_bonded,P3-NoPersist,m12_heavy_flood_dup60_s20260626,bonded,308381,PRIVPROBE:1,duplicate_filter,0,False,0,duplicate_filter
m12_heavy_flood_dup60_s20260626_bonded,P3-NoPersist,m12_heavy_flood_dup60_s20260626,bonded,309491,PRIVPROBE:1,duplicate_filter,0,False,0,duplicate_filter
m12_heavy_flood_dup60_s20260626_bonded,P3-NoPersist,m12_heavy_flood_dup60_s20260626,bonded,310543,PRIVPROBE:1,duplicate_filter,0,False,0,duplicate_filter
m12_heavy_flood_dup60_s20260626_bonded,P3-NoPersist,m12_heavy_flood_dup60_s20260626,bonded,311647,PRIVPROBE:1,duplicate_filter,0,False,0,duplicate_filter
m12_heavy_flood_dup60_s20260626_bonded,P3-NoPersist,m12_heavy_flood_dup60_s20260626,bonded,312683,PRIVPROBE:1,duplicate_filter,0,False,0,duplicate_filter
m12_heavy_flood_dup60_s20260626_bonded,P3-NoPersist,m12_heavy_flood_dup60_s20260626,bonded,313811,PRIVPROBE:1,duplicate_filter,0,False,0,duplicate_filter
m12_heavy_flood_dup60_s20260626_bonded,P3-NoPersist,m12_heavy_flood_dup60_s20260626,bonded,314901,PRIVPROBE:1,duplicate_filter,0,False,0,duplicate_filter
m12_heavy_flood_dup60_s20260626_bonded,P3-NoPersist,m12_heavy_flood_dup60_s20260626,bonded,316086,PRIVPROBE:1,duplicate_filter,0,False,0,duplicate_filter
m12_heavy_flood_dup60_s20260626_bonded,P3-NoPersist,m12_heavy_flood_dup60_s20260626,bonded,317251,PRIVPROBE:1,duplicate_filter,0,False,0,duplicate_filter
m12_heavy_flood_dup60_s20260626_bonded,P3-NoPersist,m12_heavy_flood_dup60_s20260626,bonded,318406,PRIVPROBE:1,duplicate_filter,0,False,0,duplicate_filter
m12_heavy_flood_dup60_s20260626_bonded,P3-NoPersist,m12_heavy_flood_dup60_s20260626,bonded,319526,PRIVPROBE:1,defer,0,True,1000,defer
m12_heavy_flood_dup60_s20260626_bonded,P3-NoPersist,m12_heavy_flood_dup60_s20260626,bonded,320703,PRIVPROBE:1,duplicate_filter,0,False,0,duplicate_filter
m12_heavy_flood_dup60_s20260626_bonded,P3-NoPersist,m12_heavy_flood_dup60_s20260626,bonded,321860,PRIVPROBE:1,duplicate_filter,0,False,0,duplicate_filter
m12_heavy_flood_dup60_s20260626_bonded,P3-NoPersist,m12_heavy_flood_dup60_s20260626,bonded,323009,PRIVPROBE:1,duplicate_filter,0,False,0,duplicate_filter
m12_heavy_flood_dup60_s20260626_bonded,P3-NoPersist,m12_heavy_flood_dup60_s20260626,bonded,324090,PRIVPROBE:1,duplicate_filter,0,False,0,duplicate_filter
m12_heavy_flood_dup60_s20260626_bonded,P3-NoPersist,m12_heavy_flood_dup60_s20260626,bonded,325273,PRIVPROBE:1,duplicate_filter,0,False,0,duplicate_filter
m12_heavy_flood_dup60_s20260626_bonded,P3-NoPersist,m12_heavy_flood_dup60_s20260626,bonded,326375,PRIVPROBE:1,duplicate_filter,0,False,0,duplicate_filter
m12_heavy_flood_dup60_s20260626_bonded,P3-NoPersist,m12_heavy_flood_dup60_s20260626,bonded,327493,PRIVPROBE:1,duplicate_filter,0,False,0,duplicate_filter
m12_heavy_flood_dup60_s20260626_bonded,P3-NoPersist,m12_heavy_flood_dup60_s20260626,bonded,328640,PRIVPROBE:1,duplicate_filter,0,False,0,duplicate_filter
m12_heavy_flood_dup60_s20260626_bonded,P3-NoPersist,m12_heavy_flood_dup60_s20260626,bonded,329728,PRIVPROBE:1,duplicate_filter,0,False,0,duplicate_filter
m12_heavy_flood_dup60_s20260626_bonded,P3-NoPersist,m12_heavy_flood_dup60_s20260626,bonded,330867,PRIVPROBE:1,duplicate_filter,0,False,0,duplicate_filter
m12_heavy_flood_dup60_s20260626_bonded,P3-NoPersist,m12_heavy_flood_dup60_s20260626,bonded,331999,PRIVPROBE:1,duplicate_filter,0,False,0,duplicate_filter
m12_heavy_flood_dup60_s20260626_bonded,P3-NoPersist,m12_heavy_flood_dup60_s20260626,bonded,333179,PRIVPROBE:1,defer,0,True,1000,defer
m12_heavy_flood_dup60_s20260626_bonded,P3-NoPersist,m12_heavy_flood_dup60_s20260626,bonded,334301,PRIVPROBE:1,duplicate_filter,0,False,0,duplicate_filter
m12_heavy_flood_dup60_s20260626_bonded,P3-NoPersist,m12_heavy_flood_dup60_s20260626,bonded,335428,PRIVPROBE:1,duplicate_filter,0,False,0,duplicate_filter
m12_heavy_flood_dup60_s20260626_bonded,P3-NoPersist,m12_heavy_flood_dup60_s20260626,bonded,336551,PRIVPROBE:1,duplicate_filter,0,False,0,duplicate_filter
m12_heavy_flood_dup60_s20260626_bonded,P3-NoPersist,m12_heavy_flood_dup60_s20260626,bonded,337687,PRIVPROBE:1,duplicate_filter,0,False,0,duplicate_filter
m12_heavy_flood_dup60_s20260626_bonded,P3-NoPersist,m12_heavy_flood_dup60_s20260626,bonded,338725,PRIVPROBE:1,duplicate_filter,0,False,0,duplicate_filter
m12_heavy_flood_dup60_s20260626_bonded,P3-NoPersist,m12_heavy_flood_dup60_s20260626,bonded,339841,PRIVPROBE:1,duplicate_filter,0,False,0,duplicate_filter
m12_heavy_flood_dup60_s20260626_bonded,P3-NoPersist,m12_heavy_flood_dup60_s20260626,bonded,340962,PRIVPROBE:1,duplicate_filter,0,False,0,duplicate_filter
m12_heavy_flood_dup60_s20260626_bonded,P3-NoPersist,m12_heavy_flood_dup60_s20260626,bonded,342126,PRIVPROBE:1,duplicate_filter,0,False,0,duplicate_filter
m12_heavy_flood_dup60_s20260626_bonded,P3-NoPersist,m12_heavy_flood_dup60_s20260626,bonded,343149,PRIVPROBE:1,duplicate_filter,0,False,0,duplicate_filter
m12_heavy_flood_dup60_s20260626_bonded,P3-NoPersist,m12_heavy_flood_dup60_s20260626,bonded,344265,PRIVPROBE:1,duplicate_filter,0,False,0,duplicate_filter
m12_heavy_flood_dup60_s20260626_bonded,P3-NoPersist,m12_heavy_flood_dup60_s20260626,bonded,345396,PRIVPROBE:1,duplicate_filter,0,False,0,duplicate_filter
m12_heavy_flood_dup60_s20260626_bonded,P3-NoPersist,m12_heavy_flood_dup60_s20260626,bonded,346497,PRIVPROBE:1,defer,0,True,1000,defer
m12_heavy_flood_dup60_s20260626_bonded,P3-NoPersist,m12_heavy_flood_dup60_s20260626,bonded,347634,PRIVPROBE:1,duplicate_filter,0,False,0,duplicate_filter
m12_heavy_flood_dup60_s20260626_bonded,P3-NoPersist,m12_heavy_flood_dup60_s20260626,bonded,348764,PRIVPROBE:1,duplicate_filter,0,False,0,duplicate_filter
m12_heavy_flood_dup60_s20260626_bonded,P3-NoPersist,m12_heavy_flood_dup60_s20260626,bonded,349890,PRIVPROBE:1,duplicate_filter,0,False,0,duplicate_filter
m12_heavy_flood_dup60_s20260626_bonded,P3-NoPersist,m12_heavy_flood_dup60_s20260626,bonded,351074,PRIVPROBE:1,duplicate_filter,0,False,0,duplicate_filter
m12_heavy_flood_dup60_s20260626_bonded,P3-NoPersist,m12_heavy_flood_dup60_s20260626,bonded,352155,PRIVPROBE:1,duplicate_filter,0,False,0,duplicate_filter
m12_heavy_flood_dup60_s20260626_bonded,P3-NoPersist,m12_heavy_flood_dup60_s20260626,bonded,353275,PRIVPROBE:1,duplicate_filter,0,False,0,duplicate_filter
m12_heavy_flood_dup60_s20260626_bonded,P3-NoPersist,m12_heavy_flood_dup60_s20260626,bonded,354429,PRIVPROBE:1,duplicate_filter,0,False,0,duplicate_filter
m12_heavy_flood_dup60_s20260626_bonded,P3-NoPersist,m12_heavy_flood_dup60_s20260626,bonded,355541,PRIVPROBE:1,duplicate_filter,0,False,0,duplicate_filter
m12_heavy_flood_dup60_s20260626_bonded,P3-NoPersist,m12_heavy_flood_dup60_s20260626,bonded,356673,PRIVPROBE:1,duplicate_filter,0,False,0,duplicate_filter
m12_heavy_flood_dup60_s20260626_bonded,P3-NoPersist,m12_heavy_flood_dup60_s20260626,bonded,357789,PRIVPROBE:1,duplicate_filter,0,False,0,duplicate_filter
m12_heavy_flood_dup60_s20260626_bonded,P3-NoPersist,m12_heavy_flood_dup60_s20260626,bonded,358886,PRIVPROBE:1,duplicate_filter,0,False,0,duplicate_filter
m12_heavy_flood_dup60_s20260626_bonded,P3-NoPersist,m12_heavy_flood_dup60_s20260626,bonded,359959,PRIVPROBE:1,defer,0,True,1000,defer
m12_heavy_flood_dup60_s20260626_bonded,P3-NoPersist,m12_heavy_flood_dup60_s20260626,bonded,361049,PRIVPROBE:1,duplicate_filter,0,False,0,duplicate_filter
m12_heavy_flood_dup60_s20260626_bonded,P3-NoPersist,m12_heavy_flood_dup60_s20260626,bonded,362181,PRIVPROBE:1,duplicate_filter,0,False,0,duplicate_filter
m12_heavy_flood_dup60_s20260626_bonded,P3-NoPersist,m12_heavy_flood_dup60_s20260626,bonded,363325,PRIVPROBE:1,duplicate_filter,0,False,0,duplicate_filter
m12_heavy_flood_dup60_s20260626_bonded,P3-NoPersist,m12_heavy_flood_dup60_s20260626,bonded,364419,PRIVPROBE:1,duplicate_filter,0,False,0,duplicate_filter
m12_heavy_flood_dup60_s20260626_bonded,P3-NoPersist,m12_heavy_flood_dup60_s20260626,bonded,365534,PRIVPROBE:1,duplicate_filter,0,False,0,duplicate_filter
m12_heavy_flood_dup60_s20260626_bonded,P3-NoPersist,m12_heavy_flood_dup60_s20260626,bonded,366610,PRIVPROBE:1,duplicate_filter,0,False,0,duplicate_filter
m12_heavy_flood_dup60_s20260626_bonded,P3-NoPersist,m12_heavy_flood_dup60_s20260626,bonded,367690,PRIVPROBE:1,duplicate_filter,0,False,0,duplicate_filter
m12_heavy_flood_dup60_s20260626_bonded,P3-NoPersist,m12_heavy_flood_dup60_s20260626,bonded,368857,PRIVPROBE:1,duplicate_filter,0,False,0,duplicate_filter
m12_heavy_flood_dup60_s20260626_bonded,P3-NoPersist,m12_heavy_flood_dup60_s20260626,bonded,369938,PRIVPROBE:1,duplicate_filter,0,False,0,duplicate_filter
m12_heavy_flood_dup60_s20260626_bonded,P3-NoPersist,m12_heavy_flood_dup60_s20260626,bonded,371034,PRIVPROBE:1,duplicate_filter,0,False,0,duplicate_filter
m12_heavy_flood_dup60_s20260626_bonded,P3-NoPersist,m12_heavy_flood_dup60_s20260626,bonded,372122,PRIVPROBE:1,duplicate_filter,0,False,0,duplicate_filter
m12_heavy_flood_dup60_s20260626_bonded,P3-NoPersist,m12_heavy_flood_dup60_s20260626,bonded,373166,PRIVPROBE:1,defer,0,True,1000,defer
m12_heavy_flood_dup60_s20260626_bonded,P3-NoPersist,m12_heavy_flood_dup60_s20260626,bonded,374221,PRIVPROBE:1,duplicate_filter,0,False,0,duplicate_filter
m12_heavy_flood_dup60_s20260626_bonded,P3-NoPersist,m12_heavy_flood_dup60_s20260626,bonded,375372,PRIVPROBE:1,duplicate_filter,0,False,0,duplicate_filter
m12_heavy_flood_dup60_s20260626_bonded,P3-NoPersist,m12_heavy_flood_dup60_s20260626,bonded,376508,PRIVPROBE:1,duplicate_filter,0,False,0,duplicate_filter
m12_heavy_flood_dup60_s20260626_bonded,P3-NoPersist,m12_heavy_flood_dup60_s20260626,bonded,377571,PRIVPROBE:1,duplicate_filter,0,False,0,duplicate_filter
m12_heavy_flood_dup60_s20260626_bonded,P3-NoPersist,m12_heavy_flood_dup60_s20260626,bonded,378766,PRIVPROBE:1,duplicate_filter,0,False,0,duplicate_filter
m12_heavy_flood_dup60_s20260626_bonded,P3-NoPersist,m12_heavy_flood_dup60_s20260626,bonded,379815,PRIVPROBE:1,duplicate_filter,0,False,0,duplicate_filter
m12_heavy_flood_dup60_s20260626_bonded,P3-NoPersist,m12_heavy_flood_dup60_s20260626,bonded,380910,PRIVPROBE:1,duplicate_filter,0,False,0,duplicate_filter
m12_heavy_flood_dup60_s20260626_bonded,P3-NoPersist,m12_heavy_flood_dup60_s20260626,bonded,382023,PRIVPROBE:1,duplicate_filter,0,False,0,duplicate_filter
m12_heavy_flood_dup60_s20260626_bonded,P3-NoPersist,m12_heavy_flood_dup60_s20260626,bonded,383129,PRIVPROBE:1,duplicate_filter,0,False,0,duplicate_filter
m12_heavy_flood_dup60_s20260626_bonded,P3-NoPersist,m12_heavy_flood_dup60_s20260626,bonded,384245,PRIVPROBE:1,duplicate_filter,0,False,0,duplicate_filter
m12_heavy_flood_dup60_s20260626_bonded,P3-NoPersist,m12_heavy_flood_dup60_s20260626,bonded,385313,PRIVPROBE:1,duplicate_filter,0,False,0,duplicate_filter
m12_heavy_flood_dup60_s20260626_bonded,P3-NoPersist,m12_heavy_flood_dup60_s20260626,bonded,386345,PRIVPROBE:1,defer,0,True,1000,defer
m12_heavy_flood_dup60_s20260626_bonded,P3-NoPersist,m12_heavy_flood_dup60_s20260626,bonded,387443,PRIVPROBE:1,duplicate_filter,0,False,0,duplicate_filter
m12_heavy_flood_dup60_s20260626_bonded,P3-NoPersist,m12_heavy_flood_dup60_s20260626,bonded,388580,PRIVPROBE:1,duplicate_filter,0,False,0,duplicate_filter
m12_heavy_flood_dup60_s20260626_bonded,P3-NoPersist,m12_heavy_flood_dup60_s20260626,bonded,389633,PRIVPROBE:1,duplicate_filter,0,False,0,duplicate_filter
m12_heavy_flood_dup60_s20260626_bonded,P3-NoPersist,m12_heavy_flood_dup60_s20260626,bonded,390681,PRIVPROBE:1,duplicate_filter,0,False,0,duplicate_filter
m12_heavy_flood_dup60_s20260626_bonded,P3-NoPersist,m12_heavy_flood_dup60_s20260626,bonded,391819,PRIVPROBE:1,duplicate_filter,0,False,0,duplicate_filter
m12_heavy_flood_dup60_s20260626_bonded,P3-NoPersist,m12_heavy_flood_dup60_s20260626,bonded,392920,PRIVPROBE:1,duplicate_filter,0,False,0,duplicate_filter
m12_heavy_flood_dup60_s20260626_bonded,P3-NoPersist,m12_heavy_flood_dup60_s20260626,bonded,394011,PRIVPROBE:1,duplicate_filter,0,False,0,duplicate_filter
m12_heavy_flood_dup60_s20260626_bonded,P3-NoPersist,m12_heavy_flood_dup60_s20260626,bonded,395097,PRIVPROBE:1,duplicate_filter,0,False,0,duplicate_filter
m12_heavy_flood_dup60_s20260626_bonded,P3-NoPersist,m12_heavy_flood_dup60_s20260626,bonded,396176,PRIVPROBE:1,duplicate_filter,0,False,0,duplicate_filter
m12_heavy_flood_dup60_s20260626_bonded,P3-NoPersist,m12_heavy_flood_dup60_s20260626,bonded,397280,PRIVPROBE:1,duplicate_filter,0,False,0,duplicate_filter
m12_heavy_flood_dup60_s20260626_bonded,P3-NoPersist,m12_heavy_flood_dup60_s20260626,bonded,398370,PRIVPROBE:1,duplicate_filter,0,False,0,duplicate_filter
m12_heavy_flood_dup60_s20260626_bonded,BudgetDoS,m12_heavy_flood_dup60_s20260626,bonded,66785,PRIVPROBE:0,budget_skip,0,False,0,budget_skip
m12_heavy_flood_dup60_s20260626_bonded,BudgetDoS,m12_heavy_flood_dup60_s20260626,bonded,67886,PRIVPROBE:0,duplicate_filter,0,False,0,duplicate_filter
m12_heavy_flood_dup60_s20260626_bonded,BudgetDoS,m12_heavy_flood_dup60_s20260626,bonded,68896,PRIVPROBE:0,duplicate_filter,0,False,0,duplicate_filter
m12_heavy_flood_dup60_s20260626_bonded,BudgetDoS,m12_heavy_flood_dup60_s20260626,bonded,70038,PRIVPROBE:0,duplicate_filter,0,False,0,duplicate_filter
m12_heavy_flood_dup60_s20260626_bonded,BudgetDoS,m12_heavy_flood_dup60_s20260626,bonded,71115,PRIVPROBE:0,duplicate_filter,0,False,0,duplicate_filter
m12_heavy_flood_dup60_s20260626_bonded,BudgetDoS,m12_heavy_flood_dup60_s20260626,bonded,72235,PRIVPROBE:0,duplicate_filter,0,False,0,duplicate_filter
m12_heavy_flood_dup60_s20260626_bonded,BudgetDoS,m12_heavy_flood_dup60_s20260626,bonded,73331,PRIVPROBE:0,duplicate_filter,0,False,0,duplicate_filter
m12_heavy_flood_dup60_s20260626_bonded,BudgetDoS,m12_heavy_flood_dup60_s20260626,bonded,74450,PRIVPROBE:0,duplicate_filter,0,False,0,duplicate_filter
m12_heavy_flood_dup60_s20260626_bonded,BudgetDoS,m12_heavy_flood_dup60_s20260626,bonded,75644,PRIVPROBE:0,duplicate_filter,0,False,0,duplicate_filter
m12_heavy_flood_dup60_s20260626_bonded,BudgetDoS,m12_heavy_flood_dup60_s20260626,bonded,76811,PRIVPROBE:0,duplicate_filter,0,False,0,duplicate_filter
m12_heavy_flood_dup60_s20260626_bonded,BudgetDoS,m12_heavy_flood_dup60_s20260626,bonded,77940,PRIVPROBE:0,duplicate_filter,0,False,0,duplicate_filter
m12_heavy_flood_dup60_s20260626_bonded,BudgetDoS,m12_heavy_flood_dup60_s20260626,bonded,79037,PRIVPROBE:0,duplicate_filter,0,False,0,duplicate_filter
m12_heavy_flood_dup60_s20260626_bonded,BudgetDoS,m12_heavy_flood_dup60_s20260626,bonded,80189,PRIVPROBE:0,budget_skip,0,False,0,budget_skip
m12_heavy_flood_dup60_s20260626_bonded,BudgetDoS,m12_heavy_flood_dup60_s20260626,bonded,81338,PRIVPROBE:0,duplicate_filter,0,False,0,duplicate_filter
m12_heavy_flood_dup60_s20260626_bonded,BudgetDoS,m12_heavy_flood_dup60_s20260626,bonded,82474,PRIVPROBE:0,duplicate_filter,0,False,0,duplicate_filter
m12_heavy_flood_dup60_s20260626_bonded,BudgetDoS,m12_heavy_flood_dup60_s20260626,bonded,83568,PRIVPROBE:0,duplicate_filter,0,False,0,duplicate_filter
m12_heavy_flood_dup60_s20260626_bonded,BudgetDoS,m12_heavy_flood_dup60_s20260626,bonded,84696,PRIVPROBE:0,duplicate_filter,0,False,0,duplicate_filter
m12_heavy_flood_dup60_s20260626_bonded,BudgetDoS,m12_heavy_flood_dup60_s20260626,bonded,85769,PRIVPROBE:0,duplicate_filter,0,False,0,duplicate_filter
m12_heavy_flood_dup60_s20260626_bonded,BudgetDoS,m12_heavy_flood_dup60_s20260626,bonded,86823,PRIVPROBE:0,duplicate_filter,0,False,0,duplicate_filter
m12_heavy_flood_dup60_s20260626_bonded,BudgetDoS,m12_heavy_flood_dup60_s20260626,bonded,87981,PRIVPROBE:0,duplicate_filter,0,False,0,duplicate_filter
m12_heavy_flood_dup60_s20260626_bonded,BudgetDoS,m12_heavy_flood_dup60_s20260626,bonded,89089,PRIVPROBE:0,duplicate_filter,0,False,0,duplicate_filter
m12_heavy_flood_dup60_s20260626_bonded,BudgetDoS,m12_heavy_flood_dup60_s20260626,bonded,90077,PRIVPROBE:0,duplicate_filter,0,False,0,duplicate_filter
m12_heavy_flood_dup60_s20260626_bonded,BudgetDoS,m12_heavy_flood_dup60_s20260626,bonded,91226,PRIVPROBE:0,duplicate_filter,0,False,0,duplicate_filter
m12_heavy_flood_dup60_s20260626_bonded,BudgetDoS,m12_heavy_flood_dup60_s20260626,bonded,92356,PRIVPROBE:0,duplicate_filter,0,False,0,duplicate_filter
m12_heavy_flood_dup60_s20260626_bonded,BudgetDoS,m12_heavy_flood_dup60_s20260626,bonded,93521,PRIVPROBE:0,budget_skip,0,False,0,budget_skip
m12_heavy_flood_dup60_s20260626_bonded,BudgetDoS,m12_heavy_flood_dup60_s20260626,bonded,94581,PRIVPROBE:0,duplicate_filter,0,False,0,duplicate_filter
m12_heavy_flood_dup60_s20260626_bonded,BudgetDoS,m12_heavy_flood_dup60_s20260626,bonded,95743,PRIVPROBE:0,duplicate_filter,0,False,0,duplicate_filter
m12_heavy_flood_dup60_s20260626_bonded,BudgetDoS,m12_heavy_flood_dup60_s20260626,bonded,96824,PRIVPROBE:0,duplicate_filter,0,False,0,duplicate_filter
m12_heavy_flood_dup60_s20260626_bonded,BudgetDoS,m12_heavy_flood_dup60_s20260626,bonded,97902,PRIVPROBE:0,duplicate_filter,0,False,0,duplicate_filter
m12_heavy_flood_dup60_s20260626_bonded,BudgetDoS,m12_heavy_flood_dup60_s20260626,bonded,99019,PRIVPROBE:0,duplicate_filter,0,False,0,duplicate_filter
m12_heavy_flood_dup60_s20260626_bonded,BudgetDoS,m12_heavy_flood_dup60_s20260626,bonded,100082,PRIVPROBE:0,duplicate_filter,0,False,0,duplicate_filter
m12_heavy_flood_dup60_s20260626_bonded,BudgetDoS,m12_heavy_flood_dup60_s20260626,bonded,101205,PRIVPROBE:0,duplicate_filter,0,False,0,duplicate_filter
m12_heavy_flood_dup60_s20260626_bonded,BudgetDoS,m12_heavy_flood_dup60_s20260626,bonded,102317,PRIVPROBE:0,duplicate_filter,0,False,0,duplicate_filter
m12_heavy_flood_dup60_s20260626_bonded,BudgetDoS,m12_heavy_flood_dup60_s20260626,bonded,103398,PRIVPROBE:0,duplicate_filter,0,False,0,duplicate_filter
m12_heavy_flood_dup60_s20260626_bonded,BudgetDoS,m12_heavy_flood_dup60_s20260626,bonded,104461,PRIVPROBE:0,duplicate_filter,0,False,0,duplicate_filter
m12_heavy_flood_dup60_s20260626_bonded,BudgetDoS,m12_heavy_flood_dup60_s20260626,bonded,105587,PRIVPROBE:0,duplicate_filter,0,False,0,duplicate_filter
m12_heavy_flood_dup60_s20260626_bonded,BudgetDoS,m12_heavy_flood_dup60_s20260626,bonded,106684,PRIVPROBE:0,budget_skip,0,False,0,budget_skip
m12_heavy_flood_dup60_s20260626_bonded,BudgetDoS,m12_heavy_flood_dup60_s20260626,bonded,107775,PRIVPROBE:0,duplicate_filter,0,False,0,duplicate_filter
m12_heavy_flood_dup60_s20260626_bonded,BudgetDoS,m12_heavy_flood_dup60_s20260626,bonded,108913,PRIVPROBE:0,duplicate_filter,0,False,0,duplicate_filter
m12_heavy_flood_dup60_s20260626_bonded,BudgetDoS,m12_heavy_flood_dup60_s20260626,bonded,110046,PRIVPROBE:0,duplicate_filter,0,False,0,duplicate_filter
m12_heavy_flood_dup60_s20260626_bonded,BudgetDoS,m12_heavy_flood_dup60_s20260626,bonded,111184,PRIVPROBE:0,duplicate_filter,0,False,0,duplicate_filter
m12_heavy_flood_dup60_s20260626_bonded,BudgetDoS,m12_heavy_flood_dup60_s20260626,bonded,112364,PRIVPROBE:0,duplicate_filter,0,False,0,duplicate_filter
m12_heavy_flood_dup60_s20260626_bonded,BudgetDoS,m12_heavy_flood_dup60_s20260626,bonded,113445,PRIVPROBE:0,duplicate_filter,0,False,0,duplicate_filter
m12_heavy_flood_dup60_s20260626_bonded,BudgetDoS,m12_heavy_flood_dup60_s20260626,bonded,114553,PRIVPROBE:0,duplicate_filter,0,False,0,duplicate_filter
m12_heavy_flood_dup60_s20260626_bonded,BudgetDoS,m12_heavy_flood_dup60_s20260626,bonded,115575,PRIVPROBE:0,duplicate_filter,0,False,0,duplicate_filter
m12_heavy_flood_dup60_s20260626_bonded,BudgetDoS,m12_heavy_flood_dup60_s20260626,bonded,116696,PRIVPROBE:0,duplicate_filter,0,False,0,duplicate_filter
m12_heavy_flood_dup60_s20260626_bonded,BudgetDoS,m12_heavy_flood_dup60_s20260626,bonded,117867,PRIVPROBE:0,duplicate_filter,0,False,0,duplicate_filter
m12_heavy_flood_dup60_s20260626_bonded,BudgetDoS,m12_heavy_flood_dup60_s20260626,bonded,118948,PRIVPROBE:0,duplicate_filter,0,False,0,duplicate_filter
m12_heavy_flood_dup60_s20260626_bonded,BudgetDoS,m12_heavy_flood_dup60_s20260626,bonded,120016,PRIVPROBE:0,budget_skip,0,False,0,budget_skip
m12_heavy_flood_dup60_s20260626_bonded,BudgetDoS,m12_heavy_flood_dup60_s20260626,bonded,121139,PRIVPROBE:0,duplicate_filter,0,False,0,duplicate_filter
m12_heavy_flood_dup60_s20260626_bonded,BudgetDoS,m12_heavy_flood_dup60_s20260626,bonded,122278,PRIVPROBE:0,duplicate_filter,0,False,0,duplicate_filter
m12_heavy_flood_dup60_s20260626_bonded,BudgetDoS,m12_heavy_flood_dup60_s20260626,bonded,123388,PRIVPROBE:0,duplicate_filter,0,False,0,duplicate_filter
m12_heavy_flood_dup60_s20260626_bonded,BudgetDoS,m12_heavy_flood_dup60_s20260626,bonded,124472,PRIVPROBE:0,duplicate_filter,0,False,0,duplicate_filter
m12_heavy_flood_dup60_s20260626_bonded,BudgetDoS,m12_heavy_flood_dup60_s20260626,bonded,125573,PRIVPROBE:0,duplicate_filter,0,False,0,duplicate_filter
m12_heavy_flood_dup60_s20260626_bonded,BudgetDoS,m12_heavy_flood_dup60_s20260626,bonded,126652,PRIVPROBE:0,duplicate_filter,0,False,0,duplicate_filter
m12_heavy_flood_dup60_s20260626_bonded,BudgetDoS,m12_heavy_flood_dup60_s20260626,bonded,127774,PRIVPROBE:0,duplicate_filter,0,False,0,duplicate_filter
m12_heavy_flood_dup60_s20260626_bonded,BudgetDoS,m12_heavy_flood_dup60_s20260626,bonded,128897,PRIVPROBE:0,duplicate_filter,0,False,0,duplicate_filter
m12_heavy_flood_dup60_s20260626_bonded,BudgetDoS,m12_heavy_flood_dup60_s20260626,bonded,130049,PRIVPROBE:0,duplicate_filter,0,False,0,duplicate_filter
m12_heavy_flood_dup60_s20260626_bonded,BudgetDoS,m12_heavy_flood_dup60_s20260626,bonded,131139,PRIVPROBE:0,duplicate_filter,0,False,0,duplicate_filter
m12_heavy_flood_dup60_s20260626_bonded,BudgetDoS,m12_heavy_flood_dup60_s20260626,bonded,132240,PRIVPROBE:0,duplicate_filter,0,False,0,duplicate_filter
m12_heavy_flood_dup60_s20260626_bonded,BudgetDoS,m12_heavy_flood_dup60_s20260626,bonded,133292,PRIVPROBE:0,budget_skip,0,False,0,budget_skip
m12_heavy_flood_dup60_s20260626_bonded,BudgetDoS,m12_heavy_flood_dup60_s20260626,bonded,134422,PRIVPROBE:0,duplicate_filter,0,False,0,duplicate_filter
m12_heavy_flood_dup60_s20260626_bonded,BudgetDoS,m12_heavy_flood_dup60_s20260626,bonded,135569,PRIVPROBE:0,duplicate_filter,0,False,0,duplicate_filter
m12_heavy_flood_dup60_s20260626_bonded,BudgetDoS,m12_heavy_flood_dup60_s20260626,bonded,136657,PRIVPROBE:0,duplicate_filter,0,False,0,duplicate_filter
m12_heavy_flood_dup60_s20260626_bonded,BudgetDoS,m12_heavy_flood_dup60_s20260626,bonded,137732,PRIVPROBE:0,duplicate_filter,0,False,0,duplicate_filter
m12_heavy_flood_dup60_s20260626_bonded,BudgetDoS,m12_heavy_flood_dup60_s20260626,bonded,138862,PRIVPROBE:0,duplicate_filter,0,False,0,duplicate_filter
m12_heavy_flood_dup60_s20260626_bonded,BudgetDoS,m12_heavy_flood_dup60_s20260626,bonded,139975,PRIVPROBE:0,duplicate_filter,0,False,0,duplicate_filter
m12_heavy_flood_dup60_s20260626_bonded,BudgetDoS,m12_heavy_flood_dup60_s20260626,bonded,141066,PRIVPROBE:0,duplicate_filter,0,False,0,duplicate_filter
m12_heavy_flood_dup60_s20260626_bonded,BudgetDoS,m12_heavy_flood_dup60_s20260626,bonded,142175,PRIVPROBE:0,duplicate_filter,0,False,0,duplicate_filter
m12_heavy_flood_dup60_s20260626_bonded,BudgetDoS,m12_heavy_flood_dup60_s20260626,bonded,143294,PRIVPROBE:0,duplicate_filter,0,False,0,duplicate_filter
m12_heavy_flood_dup60_s20260626_bonded,BudgetDoS,m12_heavy_flood_dup60_s20260626,bonded,144381,PRIVPROBE:0,duplicate_filter,0,False,0,duplicate_filter
m12_heavy_flood_dup60_s20260626_bonded,BudgetDoS,m12_heavy_flood_dup60_s20260626,bonded,145501,PRIVPROBE:0,duplicate_filter,0,False,0,duplicate_filter
m12_heavy_flood_dup60_s20260626_bonded,BudgetDoS,m12_heavy_flood_dup60_s20260626,bonded,146655,PRIVPROBE:0,budget_skip,0,False,0,budget_skip
m12_heavy_flood_dup60_s20260626_bonded,BudgetDoS,m12_heavy_flood_dup60_s20260626,bonded,147730,PRIVPROBE:0,duplicate_filter,0,False,0,duplicate_filter
m12_heavy_flood_dup60_s20260626_bonded,BudgetDoS,m12_heavy_flood_dup60_s20260626,bonded,148826,PRIVPROBE:0,duplicate_filter,0,False,0,duplicate_filter
m12_heavy_flood_dup60_s20260626_bonded,BudgetDoS,m12_heavy_flood_dup60_s20260626,bonded,149900,PRIVPROBE:0,duplicate_filter,0,False,0,duplicate_filter
m12_heavy_flood_dup60_s20260626_bonded,BudgetDoS,m12_heavy_flood_dup60_s20260626,bonded,151031,PRIVPROBE:0,duplicate_filter,0,False,0,duplicate_filter
m12_heavy_flood_dup60_s20260626_bonded,BudgetDoS,m12_heavy_flood_dup60_s20260626,bonded,152179,PRIVPROBE:0,duplicate_filter,0,False,0,duplicate_filter
m12_heavy_flood_dup60_s20260626_bonded,BudgetDoS,m12_heavy_flood_dup60_s20260626,bonded,153261,PRIVPROBE:0,duplicate_filter,0,False,0,duplicate_filter
m12_heavy_flood_dup60_s20260626_bonded,BudgetDoS,m12_heavy_flood_dup60_s20260626,bonded,154318,PRIVPROBE:0,duplicate_filter,0,False,0,duplicate_filter
m12_heavy_flood_dup60_s20260626_bonded,BudgetDoS,m12_heavy_flood_dup60_s20260626,bonded,155397,PRIVPROBE:0,duplicate_filter,0,False,0,duplicate_filter
m12_heavy_flood_dup60_s20260626_bonded,BudgetDoS,m12_heavy_flood_dup60_s20260626,bonded,156550,PRIVPROBE:0,duplicate_filter,0,False,0,duplicate_filter
m12_heavy_flood_dup60_s20260626_bonded,BudgetDoS,m12_heavy_flood_dup60_s20260626,bonded,157599,PRIVPROBE:0,duplicate_filter,0,False,0,duplicate_filter
m12_heavy_flood_dup60_s20260626_bonded,BudgetDoS,m12_heavy_flood_dup60_s20260626,bonded,158704,PRIVPROBE:0,duplicate_filter,0,False,0,duplicate_filter
m12_heavy_flood_dup60_s20260626_bonded,BudgetDoS,m12_heavy_flood_dup60_s20260626,bonded,159742,PRIVPROBE:0,budget_skip,0,False,0,budget_skip
m12_heavy_flood_dup60_s20260626_bonded,BudgetDoS,m12_heavy_flood_dup60_s20260626,bonded,160934,PRIVPROBE:0,duplicate_filter,0,False,0,duplicate_filter
m12_heavy_flood_dup60_s20260626_bonded,BudgetDoS,m12_heavy_flood_dup60_s20260626,bonded,162016,PRIVPROBE:0,duplicate_filter,0,False,0,duplicate_filter
m12_heavy_flood_dup60_s20260626_bonded,BudgetDoS,m12_heavy_flood_dup60_s20260626,bonded,163192,PRIVPROBE:0,duplicate_filter,0,False,0,duplicate_filter
m12_heavy_flood_dup60_s20260626_bonded,BudgetDoS,m12_heavy_flood_dup60_s20260626,bonded,164331,PRIVPROBE:0,duplicate_filter,0,False,0,duplicate_filter
m12_heavy_flood_dup60_s20260626_bonded,BudgetDoS,m12_heavy_flood_dup60_s20260626,bonded,165443,PRIVPROBE:0,duplicate_filter,0,False,0,duplicate_filter
m12_heavy_flood_dup60_s20260626_bonded,BudgetDoS,m12_heavy_flood_dup60_s20260626,bonded,166498,PRIVPROBE:0,duplicate_filter,0,False,0,duplicate_filter
m12_heavy_flood_dup60_s20260626_bonded,BudgetDoS,m12_heavy_flood_dup60_s20260626,bonded,167650,PRIVPROBE:0,duplicate_filter,0,False,0,duplicate_filter
m12_heavy_flood_dup60_s20260626_bonded,BudgetDoS,m12_heavy_flood_dup60_s20260626,bonded,168730,PRIVPROBE:0,duplicate_filter,0,False,0,duplicate_filter
m12_heavy_flood_dup60_s20260626_bonded,BudgetDoS,m12_heavy_flood_dup60_s20260626,bonded,169836,PRIVPROBE:0,duplicate_filter,0,False,0,duplicate_filter
m12_heavy_flood_dup60_s20260626_bonded,BudgetDoS,m12_heavy_flood_dup60_s20260626,bonded,170993,PRIVPROBE:0,duplicate_filter,0,False,0,duplicate_filter
m12_heavy_flood_dup60_s20260626_bonded,BudgetDoS,m12_heavy_flood_dup60_s20260626,bonded,172088,PRIVPROBE:0,duplicate_filter,0,False,0,duplicate_filter
m12_heavy_flood_dup60_s20260626_bonded,BudgetDoS,m12_heavy_flood_dup60_s20260626,bonded,173240,PRIVPROBE:0,budget_skip,0,False,0,budget_skip
m12_heavy_flood_dup60_s20260626_bonded,BudgetDoS,m12_heavy_flood_dup60_s20260626,bonded,174329,PRIVPROBE:0,duplicate_filter,0,False,0,duplicate_filter
m12_heavy_flood_dup60_s20260626_bonded,BudgetDoS,m12_heavy_flood_dup60_s20260626,bonded,175510,PRIVPROBE:0,duplicate_filter,0,False,0,duplicate_filter
m12_heavy_flood_dup60_s20260626_bonded,BudgetDoS,m12_heavy_flood_dup60_s20260626,bonded,176611,PRIVPROBE:0,duplicate_filter,0,False,0,duplicate_filter
m12_heavy_flood_dup60_s20260626_bonded,BudgetDoS,m12_heavy_flood_dup60_s20260626,bonded,177757,PRIVPROBE:0,duplicate_filter,0,False,0,duplicate_filter
m12_heavy_flood_dup60_s20260626_bonded,BudgetDoS,m12_heavy_flood_dup60_s20260626,bonded,178844,PRIVPROBE:0,duplicate_filter,0,False,0,duplicate_filter
m12_heavy_flood_dup60_s20260626_bonded,BudgetDoS,m12_heavy_flood_dup60_s20260626,bonded,179946,PRIVPROBE:0,duplicate_filter,0,False,0,duplicate_filter
m12_heavy_flood_dup60_s20260626_bonded,BudgetDoS,m12_heavy_flood_dup60_s20260626,bonded,181065,PRIVPROBE:0,duplicate_filter,0,False,0,duplicate_filter
m12_heavy_flood_dup60_s20260626_bonded,BudgetDoS,m12_heavy_flood_dup60_s20260626,bonded,182149,PRIVPROBE:0,duplicate_filter,0,False,0,duplicate_filter
m12_heavy_flood_dup60_s20260626_bonded,BudgetDoS,m12_heavy_flood_dup60_s20260626,bonded,183304,PRIVPROBE:0,duplicate_filter,0,False,0,duplicate_filter
m12_heavy_flood_dup60_s20260626_bonded,BudgetDoS,m12_heavy_flood_dup60_s20260626,bonded,184475,PRIVPROBE:0,duplicate_filter,0,False,0,duplicate_filter
m12_heavy_flood_dup60_s20260626_bonded,BudgetDoS,m12_heavy_flood_dup60_s20260626,bonded,185621,PRIVPROBE:0,duplicate_filter,0,False,0,duplicate_filter
m12_heavy_flood_dup60_s20260626_bonded,BudgetDoS,m12_heavy_flood_dup60_s20260626,bonded,186700,PRIVPROBE:0,budget_skip,0,False,0,budget_skip
m12_heavy_flood_dup60_s20260626_bonded,BudgetDoS,m12_heavy_flood_dup60_s20260626,bonded,187787,PRIVPROBE:0,duplicate_filter,0,False,0,duplicate_filter
m12_heavy_flood_dup60_s20260626_bonded,BudgetDoS,m12_heavy_flood_dup60_s20260626,bonded,188888,PRIVPROBE:0,duplicate_filter,0,False,0,duplicate_filter
m12_heavy_flood_dup60_s20260626_bonded,BudgetDoS,m12_heavy_flood_dup60_s20260626,bonded,189979,PRIVPROBE:0,duplicate_filter,0,False,0,duplicate_filter
m12_heavy_flood_dup60_s20260626_bonded,BudgetDoS,m12_heavy_flood_dup60_s20260626,bonded,191107,PRIVPROBE:0,duplicate_filter,0,False,0,duplicate_filter
m12_heavy_flood_dup60_s20260626_bonded,BudgetDoS,m12_heavy_flood_dup60_s20260626,bonded,192196,PRIVPROBE:0,duplicate_filter,0,False,0,duplicate_filter
m12_heavy_flood_dup60_s20260626_bonded,BudgetDoS,m12_heavy_flood_dup60_s20260626,bonded,193208,PRIVPROBE:0,duplicate_filter,0,False,0,duplicate_filter
m12_heavy_flood_dup60_s20260626_bonded,BudgetDoS,m12_heavy_flood_dup60_s20260626,bonded,194316,PRIVPROBE:0,duplicate_filter,0,False,0,duplicate_filter
m12_heavy_flood_dup60_s20260626_bonded,BudgetDoS,m12_heavy_flood_dup60_s20260626,bonded,195402,PRIVPROBE:0,duplicate_filter,0,False,0,duplicate_filter
m12_heavy_flood_dup60_s20260626_bonded,BudgetDoS,m12_heavy_flood_dup60_s20260626,bonded,196500,PRIVPROBE:0,duplicate_filter,0,False,0,duplicate_filter
m12_heavy_flood_dup60_s20260626_bonded,BudgetDoS,m12_heavy_flood_dup60_s20260626,bonded,197666,PRIVPROBE:0,duplicate_filter,0,False,0,duplicate_filter
m12_heavy_flood_dup60_s20260626_bonded,BudgetDoS,m12_heavy_flood_dup60_s20260626,bonded,198751,PRIVPROBE:0,duplicate_filter,0,False,0,duplicate_filter
m12_heavy_flood_dup60_s20260626_bonded,BudgetDoS,m12_heavy_flood_dup60_s20260626,bonded,199867,PRIVPROBE:1,budget_skip,0,False,0,budget_skip
m12_heavy_flood_dup60_s20260626_bonded,BudgetDoS,m12_heavy_flood_dup60_s20260626,bonded,201033,PRIVPROBE:1,duplicate_filter,0,False,0,duplicate_filter
m12_heavy_flood_dup60_s20260626_bonded,BudgetDoS,m12_heavy_flood_dup60_s20260626,bonded,202134,PRIVPROBE:1,duplicate_filter,0,False,0,duplicate_filter
m12_heavy_flood_dup60_s20260626_bonded,BudgetDoS,m12_heavy_flood_dup60_s20260626,bonded,203221,PRIVPROBE:1,duplicate_filter,0,False,0,duplicate_filter
m12_heavy_flood_dup60_s20260626_bonded,BudgetDoS,m12_heavy_flood_dup60_s20260626,bonded,204285,PRIVPROBE:1,duplicate_filter,0,False,0,duplicate_filter
m12_heavy_flood_dup60_s20260626_bonded,BudgetDoS,m12_heavy_flood_dup60_s20260626,bonded,205434,PRIVPROBE:1,duplicate_filter,0,False,0,duplicate_filter
m12_heavy_flood_dup60_s20260626_bonded,BudgetDoS,m12_heavy_flood_dup60_s20260626,bonded,206490,PRIVPROBE:1,duplicate_filter,0,False,0,duplicate_filter
m12_heavy_flood_dup60_s20260626_bonded,BudgetDoS,m12_heavy_flood_dup60_s20260626,bonded,207553,PRIVPROBE:1,duplicate_filter,0,False,0,duplicate_filter
m12_heavy_flood_dup60_s20260626_bonded,BudgetDoS,m12_heavy_flood_dup60_s20260626,bonded,208578,PRIVPROBE:1,duplicate_filter,0,False,0,duplicate_filter
m12_heavy_flood_dup60_s20260626_bonded,BudgetDoS,m12_heavy_flood_dup60_s20260626,bonded,209685,PRIVPROBE:1,duplicate_filter,0,False,0,duplicate_filter
m12_heavy_flood_dup60_s20260626_bonded,BudgetDoS,m12_heavy_flood_dup60_s20260626,bonded,210768,PRIVPROBE:1,duplicate_filter,0,False,0,duplicate_filter
m12_heavy_flood_dup60_s20260626_bonded,BudgetDoS,m12_heavy_flood_dup60_s20260626,bonded,211945,PRIVPROBE:1,duplicate_filter,0,False,0,duplicate_filter
m12_heavy_flood_dup60_s20260626_bonded,BudgetDoS,m12_heavy_flood_dup60_s20260626,bonded,213071,PRIVPROBE:1,budget_skip,0,False,0,budget_skip
m12_heavy_flood_dup60_s20260626_bonded,BudgetDoS,m12_heavy_flood_dup60_s20260626,bonded,214152,PRIVPROBE:1,duplicate_filter,0,False,0,duplicate_filter
m12_heavy_flood_dup60_s20260626_bonded,BudgetDoS,m12_heavy_flood_dup60_s20260626,bonded,215266,PRIVPROBE:1,duplicate_filter,0,False,0,duplicate_filter
m12_heavy_flood_dup60_s20260626_bonded,BudgetDoS,m12_heavy_flood_dup60_s20260626,bonded,216457,PRIVPROBE:1,duplicate_filter,0,False,0,duplicate_filter
m12_heavy_flood_dup60_s20260626_bonded,BudgetDoS,m12_heavy_flood_dup60_s20260626,bonded,217520,PRIVPROBE:1,duplicate_filter,0,False,0,duplicate_filter
m12_heavy_flood_dup60_s20260626_bonded,BudgetDoS,m12_heavy_flood_dup60_s20260626,bonded,218652,PRIVPROBE:1,duplicate_filter,0,False,0,duplicate_filter
m12_heavy_flood_dup60_s20260626_bonded,BudgetDoS,m12_heavy_flood_dup60_s20260626,bonded,219761,PRIVPROBE:1,duplicate_filter,0,False,0,duplicate_filter
m12_heavy_flood_dup60_s20260626_bonded,BudgetDoS,m12_heavy_flood_dup60_s20260626,bonded,220880,PRIVPROBE:1,duplicate_filter,0,False,0,duplicate_filter
m12_heavy_flood_dup60_s20260626_bonded,BudgetDoS,m12_heavy_flood_dup60_s20260626,bonded,221928,PRIVPROBE:1,duplicate_filter,0,False,0,duplicate_filter
m12_heavy_flood_dup60_s20260626_bonded,BudgetDoS,m12_heavy_flood_dup60_s20260626,bonded,223064,PRIVPROBE:1,duplicate_filter,0,False,0,duplicate_filter
m12_heavy_flood_dup60_s20260626_bonded,BudgetDoS,m12_heavy_flood_dup60_s20260626,bonded,224184,PRIVPROBE:1,duplicate_filter,0,False,0,duplicate_filter
m12_heavy_flood_dup60_s20260626_bonded,BudgetDoS,m12_heavy_flood_dup60_s20260626,bonded,225249,PRIVPROBE:1,duplicate_filter,0,False,0,duplicate_filter
m12_heavy_flood_dup60_s20260626_bonded,BudgetDoS,m12_heavy_flood_dup60_s20260626,bonded,226372,PRIVPROBE:1,budget_skip,0,False,0,budget_skip
m12_heavy_flood_dup60_s20260626_bonded,BudgetDoS,m12_heavy_flood_dup60_s20260626,bonded,227439,PRIVPROBE:1,duplicate_filter,0,False,0,duplicate_filter
m12_heavy_flood_dup60_s20260626_bonded,BudgetDoS,m12_heavy_flood_dup60_s20260626,bonded,228567,PRIVPROBE:1,duplicate_filter,0,False,0,duplicate_filter
m12_heavy_flood_dup60_s20260626_bonded,BudgetDoS,m12_heavy_flood_dup60_s20260626,bonded,229683,PRIVPROBE:1,duplicate_filter,0,False,0,duplicate_filter
m12_heavy_flood_dup60_s20260626_bonded,BudgetDoS,m12_heavy_flood_dup60_s20260626,bonded,230739,PRIVPROBE:1,duplicate_filter,0,False,0,duplicate_filter
m12_heavy_flood_dup60_s20260626_bonded,BudgetDoS,m12_heavy_flood_dup60_s20260626,bonded,231887,PRIVPROBE:1,duplicate_filter,0,False,0,duplicate_filter
m12_heavy_flood_dup60_s20260626_bonded,BudgetDoS,m12_heavy_flood_dup60_s20260626,bonded,232932,PRIVPROBE:1,duplicate_filter,0,False,0,duplicate_filter
m12_heavy_flood_dup60_s20260626_bonded,BudgetDoS,m12_heavy_flood_dup60_s20260626,bonded,233992,PRIVPROBE:1,duplicate_filter,0,False,0,duplicate_filter
m12_heavy_flood_dup60_s20260626_bonded,BudgetDoS,m12_heavy_flood_dup60_s20260626,bonded,235008,PRIVPROBE:1,duplicate_filter,0,False,0,duplicate_filter
m12_heavy_flood_dup60_s20260626_bonded,BudgetDoS,m12_heavy_flood_dup60_s20260626,bonded,236200,PRIVPROBE:1,duplicate_filter,0,False,0,duplicate_filter
m12_heavy_flood_dup60_s20260626_bonded,BudgetDoS,m12_heavy_flood_dup60_s20260626,bonded,237301,PRIVPROBE:1,duplicate_filter,0,False,0,duplicate_filter
m12_heavy_flood_dup60_s20260626_bonded,BudgetDoS,m12_heavy_flood_dup60_s20260626,bonded,238410,PRIVPROBE:1,duplicate_filter,0,False,0,duplicate_filter
m12_heavy_flood_dup60_s20260626_bonded,BudgetDoS,m12_heavy_flood_dup60_s20260626,bonded,239532,PRIVPROBE:1,budget_skip,0,False,0,budget_skip
m12_heavy_flood_dup60_s20260626_bonded,BudgetDoS,m12_heavy_flood_dup60_s20260626,bonded,240676,PRIVPROBE:1,duplicate_filter,0,False,0,duplicate_filter
m12_heavy_flood_dup60_s20260626_bonded,BudgetDoS,m12_heavy_flood_dup60_s20260626,bonded,241799,PRIVPROBE:1,duplicate_filter,0,False,0,duplicate_filter
m12_heavy_flood_dup60_s20260626_bonded,BudgetDoS,m12_heavy_flood_dup60_s20260626,bonded,242924,PRIVPROBE:1,duplicate_filter,0,False,0,duplicate_filter
m12_heavy_flood_dup60_s20260626_bonded,BudgetDoS,m12_heavy_flood_dup60_s20260626,bonded,244090,PRIVPROBE:1,duplicate_filter,0,False,0,duplicate_filter
m12_heavy_flood_dup60_s20260626_bonded,BudgetDoS,m12_heavy_flood_dup60_s20260626,bonded,245236,PRIVPROBE:1,duplicate_filter,0,False,0,duplicate_filter
m12_heavy_flood_dup60_s20260626_bonded,BudgetDoS,m12_heavy_flood_dup60_s20260626,bonded,246337,PRIVPROBE:1,duplicate_filter,0,False,0,duplicate_filter
m12_heavy_flood_dup60_s20260626_bonded,BudgetDoS,m12_heavy_flood_dup60_s20260626,bonded,247428,PRIVPROBE:1,duplicate_filter,0,False,0,duplicate_filter
m12_heavy_flood_dup60_s20260626_bonded,BudgetDoS,m12_heavy_flood_dup60_s20260626,bonded,248548,PRIVPROBE:1,duplicate_filter,0,False,0,duplicate_filter
m12_heavy_flood_dup60_s20260626_bonded,BudgetDoS,m12_heavy_flood_dup60_s20260626,bonded,249680,PRIVPROBE:1,duplicate_filter,0,False,0,duplicate_filter
m12_heavy_flood_dup60_s20260626_bonded,BudgetDoS,m12_heavy_flood_dup60_s20260626,bonded,250850,PRIVPROBE:1,duplicate_filter,0,False,0,duplicate_filter
m12_heavy_flood_dup60_s20260626_bonded,BudgetDoS,m12_heavy_flood_dup60_s20260626,bonded,251907,PRIVPROBE:1,duplicate_filter,0,False,0,duplicate_filter
m12_heavy_flood_dup60_s20260626_bonded,BudgetDoS,m12_heavy_flood_dup60_s20260626,bonded,253065,PRIVPROBE:1,budget_skip,0,False,0,budget_skip
m12_heavy_flood_dup60_s20260626_bonded,BudgetDoS,m12_heavy_flood_dup60_s20260626,bonded,254183,PRIVPROBE:1,duplicate_filter,0,False,0,duplicate_filter
m12_heavy_flood_dup60_s20260626_bonded,BudgetDoS,m12_heavy_flood_dup60_s20260626,bonded,255325,PRIVPROBE:1,duplicate_filter,0,False,0,duplicate_filter
m12_heavy_flood_dup60_s20260626_bonded,BudgetDoS,m12_heavy_flood_dup60_s20260626,bonded,256428,PRIVPROBE:1,duplicate_filter,0,False,0,duplicate_filter
m12_heavy_flood_dup60_s20260626_bonded,BudgetDoS,m12_heavy_flood_dup60_s20260626,bonded,257529,PRIVPROBE:1,duplicate_filter,0,False,0,duplicate_filter
m12_heavy_flood_dup60_s20260626_bonded,BudgetDoS,m12_heavy_flood_dup60_s20260626,bonded,258639,PRIVPROBE:1,duplicate_filter,0,False,0,duplicate_filter
m12_heavy_flood_dup60_s20260626_bonded,BudgetDoS,m12_heavy_flood_dup60_s20260626,bonded,259749,PRIVPROBE:1,duplicate_filter,0,False,0,duplicate_filter
m12_heavy_flood_dup60_s20260626_bonded,BudgetDoS,m12_heavy_flood_dup60_s20260626,bonded,260865,PRIVPROBE:1,duplicate_filter,0,False,0,duplicate_filter
m12_heavy_flood_dup60_s20260626_bonded,BudgetDoS,m12_heavy_flood_dup60_s20260626,bonded,261935,PRIVPROBE:1,duplicate_filter,0,False,0,duplicate_filter
m12_heavy_flood_dup60_s20260626_bonded,BudgetDoS,m12_heavy_flood_dup60_s20260626,bonded,263083,PRIVPROBE:1,duplicate_filter,0,False,0,duplicate_filter
m12_heavy_flood_dup60_s20260626_bonded,BudgetDoS,m12_heavy_flood_dup60_s20260626,bonded,264185,PRIVPROBE:1,duplicate_filter,0,False,0,duplicate_filter
m12_heavy_flood_dup60_s20260626_bonded,BudgetDoS,m12_heavy_flood_dup60_s20260626,bonded,265258,PRIVPROBE:1,duplicate_filter,0,False,0,duplicate_filter
m12_heavy_flood_dup60_s20260626_bonded,BudgetDoS,m12_heavy_flood_dup60_s20260626,bonded,266374,PRIVPROBE:1,budget_skip,0,False,0,budget_skip
m12_heavy_flood_dup60_s20260626_bonded,BudgetDoS,m12_heavy_flood_dup60_s20260626,bonded,267519,PRIVPROBE:1,duplicate_filter,0,False,0,duplicate_filter
m12_heavy_flood_dup60_s20260626_bonded,BudgetDoS,m12_heavy_flood_dup60_s20260626,bonded,268570,PRIVPROBE:1,duplicate_filter,0,False,0,duplicate_filter
m12_heavy_flood_dup60_s20260626_bonded,BudgetDoS,m12_heavy_flood_dup60_s20260626,bonded,269653,PRIVPROBE:1,duplicate_filter,0,False,0,duplicate_filter
m12_heavy_flood_dup60_s20260626_bonded,BudgetDoS,m12_heavy_flood_dup60_s20260626,bonded,270699,PRIVPROBE:1,duplicate_filter,0,False,0,duplicate_filter
m12_heavy_flood_dup60_s20260626_bonded,BudgetDoS,m12_heavy_flood_dup60_s20260626,bonded,271745,PRIVPROBE:1,duplicate_filter,0,False,0,duplicate_filter
m12_heavy_flood_dup60_s20260626_bonded,BudgetDoS,m12_heavy_flood_dup60_s20260626,bonded,272829,PRIVPROBE:1,duplicate_filter,0,False,0,duplicate_filter
m12_heavy_flood_dup60_s20260626_bonded,BudgetDoS,m12_heavy_flood_dup60_s20260626,bonded,273915,PRIVPROBE:1,duplicate_filter,0,False,0,duplicate_filter
m12_heavy_flood_dup60_s20260626_bonded,BudgetDoS,m12_heavy_flood_dup60_s20260626,bonded,275056,PRIVPROBE:1,duplicate_filter,0,False,0,duplicate_filter
m12_heavy_flood_dup60_s20260626_bonded,BudgetDoS,m12_heavy_flood_dup60_s20260626,bonded,276092,PRIVPROBE:1,duplicate_filter,0,False,0,duplicate_filter
m12_heavy_flood_dup60_s20260626_bonded,BudgetDoS,m12_heavy_flood_dup60_s20260626,bonded,277151,PRIVPROBE:1,duplicate_filter,0,False,0,duplicate_filter
m12_heavy_flood_dup60_s20260626_bonded,BudgetDoS,m12_heavy_flood_dup60_s20260626,bonded,278303,PRIVPROBE:1,duplicate_filter,0,False,0,duplicate_filter
m12_heavy_flood_dup60_s20260626_bonded,BudgetDoS,m12_heavy_flood_dup60_s20260626,bonded,279422,PRIVPROBE:1,budget_skip,0,False,0,budget_skip
m12_heavy_flood_dup60_s20260626_bonded,BudgetDoS,m12_heavy_flood_dup60_s20260626,bonded,280496,PRIVPROBE:1,duplicate_filter,0,False,0,duplicate_filter
m12_heavy_flood_dup60_s20260626_bonded,BudgetDoS,m12_heavy_flood_dup60_s20260626,bonded,281632,PRIVPROBE:1,duplicate_filter,0,False,0,duplicate_filter
m12_heavy_flood_dup60_s20260626_bonded,BudgetDoS,m12_heavy_flood_dup60_s20260626,bonded,282788,PRIVPROBE:1,duplicate_filter,0,False,0,duplicate_filter
m12_heavy_flood_dup60_s20260626_bonded,BudgetDoS,m12_heavy_flood_dup60_s20260626,bonded,283873,PRIVPROBE:1,duplicate_filter,0,False,0,duplicate_filter
m12_heavy_flood_dup60_s20260626_bonded,BudgetDoS,m12_heavy_flood_dup60_s20260626,bonded,284989,PRIVPROBE:1,duplicate_filter,0,False,0,duplicate_filter
m12_heavy_flood_dup60_s20260626_bonded,BudgetDoS,m12_heavy_flood_dup60_s20260626,bonded,286105,PRIVPROBE:1,duplicate_filter,0,False,0,duplicate_filter
m12_heavy_flood_dup60_s20260626_bonded,BudgetDoS,m12_heavy_flood_dup60_s20260626,bonded,287219,PRIVPROBE:1,duplicate_filter,0,False,0,duplicate_filter
m12_heavy_flood_dup60_s20260626_bonded,BudgetDoS,m12_heavy_flood_dup60_s20260626,bonded,288354,PRIVPROBE:1,duplicate_filter,0,False,0,duplicate_filter
m12_heavy_flood_dup60_s20260626_bonded,BudgetDoS,m12_heavy_flood_dup60_s20260626,bonded,289502,PRIVPROBE:1,duplicate_filter,0,False,0,duplicate_filter
m12_heavy_flood_dup60_s20260626_bonded,BudgetDoS,m12_heavy_flood_dup60_s20260626,bonded,290578,PRIVPROBE:1,duplicate_filter,0,False,0,duplicate_filter
m12_heavy_flood_dup60_s20260626_bonded,BudgetDoS,m12_heavy_flood_dup60_s20260626,bonded,291694,PRIVPROBE:1,duplicate_filter,0,False,0,duplicate_filter
m12_heavy_flood_dup60_s20260626_bonded,BudgetDoS,m12_heavy_flood_dup60_s20260626,bonded,292869,PRIVPROBE:1,budget_skip,0,False,0,budget_skip
m12_heavy_flood_dup60_s20260626_bonded,BudgetDoS,m12_heavy_flood_dup60_s20260626,bonded,293937,PRIVPROBE:1,duplicate_filter,0,False,0,duplicate_filter
m12_heavy_flood_dup60_s20260626_bonded,BudgetDoS,m12_heavy_flood_dup60_s20260626,bonded,295145,PRIVPROBE:1,duplicate_filter,0,False,0,duplicate_filter
m12_heavy_flood_dup60_s20260626_bonded,BudgetDoS,m12_heavy_flood_dup60_s20260626,bonded,296293,PRIVPROBE:1,duplicate_filter,0,False,0,duplicate_filter
m12_heavy_flood_dup60_s20260626_bonded,BudgetDoS,m12_heavy_flood_dup60_s20260626,bonded,297394,PRIVPROBE:1,duplicate_filter,0,False,0,duplicate_filter
m12_heavy_flood_dup60_s20260626_bonded,BudgetDoS,m12_heavy_flood_dup60_s20260626,bonded,298464,PRIVPROBE:1,duplicate_filter,0,False,0,duplicate_filter
m12_heavy_flood_dup60_s20260626_bonded,BudgetDoS,m12_heavy_flood_dup60_s20260626,bonded,299627,PRIVPROBE:1,duplicate_filter,0,False,0,duplicate_filter
m12_heavy_flood_dup60_s20260626_bonded,BudgetDoS,m12_heavy_flood_dup60_s20260626,bonded,300760,PRIVPROBE:1,duplicate_filter,0,False,0,duplicate_filter
m12_heavy_flood_dup60_s20260626_bonded,BudgetDoS,m12_heavy_flood_dup60_s20260626,bonded,301823,PRIVPROBE:1,duplicate_filter,0,False,0,duplicate_filter
m12_heavy_flood_dup60_s20260626_bonded,BudgetDoS,m12_heavy_flood_dup60_s20260626,bonded,302906,PRIVPROBE:1,duplicate_filter,0,False,0,duplicate_filter
m12_heavy_flood_dup60_s20260626_bonded,BudgetDoS,m12_heavy_flood_dup60_s20260626,bonded,304011,PRIVPROBE:1,duplicate_filter,0,False,0,duplicate_filter
m12_heavy_flood_dup60_s20260626_bonded,BudgetDoS,m12_heavy_flood_dup60_s20260626,bonded,305129,PRIVPROBE:1,duplicate_filter,0,False,0,duplicate_filter
m12_heavy_flood_dup60_s20260626_bonded,BudgetDoS,m12_heavy_flood_dup60_s20260626,bonded,306192,PRIVPROBE:1,budget_skip,0,False,0,budget_skip
m12_heavy_flood_dup60_s20260626_bonded,BudgetDoS,m12_heavy_flood_dup60_s20260626,bonded,307250,PRIVPROBE:1,duplicate_filter,0,False,0,duplicate_filter
m12_heavy_flood_dup60_s20260626_bonded,BudgetDoS,m12_heavy_flood_dup60_s20260626,bonded,308381,PRIVPROBE:1,duplicate_filter,0,False,0,duplicate_filter
m12_heavy_flood_dup60_s20260626_bonded,BudgetDoS,m12_heavy_flood_dup60_s20260626,bonded,309491,PRIVPROBE:1,duplicate_filter,0,False,0,duplicate_filter
m12_heavy_flood_dup60_s20260626_bonded,BudgetDoS,m12_heavy_flood_dup60_s20260626,bonded,310543,PRIVPROBE:1,duplicate_filter,0,False,0,duplicate_filter
m12_heavy_flood_dup60_s20260626_bonded,BudgetDoS,m12_heavy_flood_dup60_s20260626,bonded,311647,PRIVPROBE:1,duplicate_filter,0,False,0,duplicate_filter
m12_heavy_flood_dup60_s20260626_bonded,BudgetDoS,m12_heavy_flood_dup60_s20260626,bonded,312683,PRIVPROBE:1,duplicate_filter,0,False,0,duplicate_filter
m12_heavy_flood_dup60_s20260626_bonded,BudgetDoS,m12_heavy_flood_dup60_s20260626,bonded,313811,PRIVPROBE:1,duplicate_filter,0,False,0,duplicate_filter
m12_heavy_flood_dup60_s20260626_bonded,BudgetDoS,m12_heavy_flood_dup60_s20260626,bonded,314901,PRIVPROBE:1,duplicate_filter,0,False,0,duplicate_filter
m12_heavy_flood_dup60_s20260626_bonded,BudgetDoS,m12_heavy_flood_dup60_s20260626,bonded,316086,PRIVPROBE:1,duplicate_filter,0,False,0,duplicate_filter
m12_heavy_flood_dup60_s20260626_bonded,BudgetDoS,m12_heavy_flood_dup60_s20260626,bonded,317251,PRIVPROBE:1,duplicate_filter,0,False,0,duplicate_filter
m12_heavy_flood_dup60_s20260626_bonded,BudgetDoS,m12_heavy_flood_dup60_s20260626,bonded,318406,PRIVPROBE:1,duplicate_filter,0,False,0,duplicate_filter
m12_heavy_flood_dup60_s20260626_bonded,BudgetDoS,m12_heavy_flood_dup60_s20260626,bonded,319526,PRIVPROBE:1,budget_skip,0,False,0,budget_skip
m12_heavy_flood_dup60_s20260626_bonded,BudgetDoS,m12_heavy_flood_dup60_s20260626,bonded,320703,PRIVPROBE:1,duplicate_filter,0,False,0,duplicate_filter
m12_heavy_flood_dup60_s20260626_bonded,BudgetDoS,m12_heavy_flood_dup60_s20260626,bonded,321860,PRIVPROBE:1,duplicate_filter,0,False,0,duplicate_filter
m12_heavy_flood_dup60_s20260626_bonded,BudgetDoS,m12_heavy_flood_dup60_s20260626,bonded,323009,PRIVPROBE:1,duplicate_filter,0,False,0,duplicate_filter
m12_heavy_flood_dup60_s20260626_bonded,BudgetDoS,m12_heavy_flood_dup60_s20260626,bonded,324090,PRIVPROBE:1,duplicate_filter,0,False,0,duplicate_filter
m12_heavy_flood_dup60_s20260626_bonded,BudgetDoS,m12_heavy_flood_dup60_s20260626,bonded,325273,PRIVPROBE:1,duplicate_filter,0,False,0,duplicate_filter
m12_heavy_flood_dup60_s20260626_bonded,BudgetDoS,m12_heavy_flood_dup60_s20260626,bonded,326375,PRIVPROBE:1,duplicate_filter,0,False,0,duplicate_filter
m12_heavy_flood_dup60_s20260626_bonded,BudgetDoS,m12_heavy_flood_dup60_s20260626,bonded,327493,PRIVPROBE:1,duplicate_filter,0,False,0,duplicate_filter
m12_heavy_flood_dup60_s20260626_bonded,BudgetDoS,m12_heavy_flood_dup60_s20260626,bonded,328640,PRIVPROBE:1,duplicate_filter,0,False,0,duplicate_filter
m12_heavy_flood_dup60_s20260626_bonded,BudgetDoS,m12_heavy_flood_dup60_s20260626,bonded,329728,PRIVPROBE:1,duplicate_filter,0,False,0,duplicate_filter
m12_heavy_flood_dup60_s20260626_bonded,BudgetDoS,m12_heavy_flood_dup60_s20260626,bonded,330867,PRIVPROBE:1,duplicate_filter,0,False,0,duplicate_filter
m12_heavy_flood_dup60_s20260626_bonded,BudgetDoS,m12_heavy_flood_dup60_s20260626,bonded,331999,PRIVPROBE:1,duplicate_filter,0,False,0,duplicate_filter
m12_heavy_flood_dup60_s20260626_bonded,BudgetDoS,m12_heavy_flood_dup60_s20260626,bonded,333179,PRIVPROBE:1,budget_skip,0,False,0,budget_skip
m12_heavy_flood_dup60_s20260626_bonded,BudgetDoS,m12_heavy_flood_dup60_s20260626,bonded,334301,PRIVPROBE:1,duplicate_filter,0,False,0,duplicate_filter
m12_heavy_flood_dup60_s20260626_bonded,BudgetDoS,m12_heavy_flood_dup60_s20260626,bonded,335428,PRIVPROBE:1,duplicate_filter,0,False,0,duplicate_filter
m12_heavy_flood_dup60_s20260626_bonded,BudgetDoS,m12_heavy_flood_dup60_s20260626,bonded,336551,PRIVPROBE:1,duplicate_filter,0,False,0,duplicate_filter
m12_heavy_flood_dup60_s20260626_bonded,BudgetDoS,m12_heavy_flood_dup60_s20260626,bonded,337687,PRIVPROBE:1,duplicate_filter,0,False,0,duplicate_filter
m12_heavy_flood_dup60_s20260626_bonded,BudgetDoS,m12_heavy_flood_dup60_s20260626,bonded,338725,PRIVPROBE:1,duplicate_filter,0,False,0,duplicate_filter
m12_heavy_flood_dup60_s20260626_bonded,BudgetDoS,m12_heavy_flood_dup60_s20260626,bonded,339841,PRIVPROBE:1,duplicate_filter,0,False,0,duplicate_filter
m12_heavy_flood_dup60_s20260626_bonded,BudgetDoS,m12_heavy_flood_dup60_s20260626,bonded,340962,PRIVPROBE:1,duplicate_filter,0,False,0,duplicate_filter
m12_heavy_flood_dup60_s20260626_bonded,BudgetDoS,m12_heavy_flood_dup60_s20260626,bonded,342126,PRIVPROBE:1,duplicate_filter,0,False,0,duplicate_filter
m12_heavy_flood_dup60_s20260626_bonded,BudgetDoS,m12_heavy_flood_dup60_s20260626,bonded,343149,PRIVPROBE:1,duplicate_filter,0,False,0,duplicate_filter
m12_heavy_flood_dup60_s20260626_bonded,BudgetDoS,m12_heavy_flood_dup60_s20260626,bonded,344265,PRIVPROBE:1,duplicate_filter,0,False,0,duplicate_filter
m12_heavy_flood_dup60_s20260626_bonded,BudgetDoS,m12_heavy_flood_dup60_s20260626,bonded,345396,PRIVPROBE:1,duplicate_filter,0,False,0,duplicate_filter
m12_heavy_flood_dup60_s20260626_bonded,BudgetDoS,m12_heavy_flood_dup60_s20260626,bonded,346497,PRIVPROBE:1,budget_skip,0,False,0,budget_skip
m12_heavy_flood_dup60_s20260626_bonded,BudgetDoS,m12_heavy_flood_dup60_s20260626,bonded,347634,PRIVPROBE:1,duplicate_filter,0,False,0,duplicate_filter
m12_heavy_flood_dup60_s20260626_bonded,BudgetDoS,m12_heavy_flood_dup60_s20260626,bonded,348764,PRIVPROBE:1,duplicate_filter,0,False,0,duplicate_filter
m12_heavy_flood_dup60_s20260626_bonded,BudgetDoS,m12_heavy_flood_dup60_s20260626,bonded,349890,PRIVPROBE:1,duplicate_filter,0,False,0,duplicate_filter
m12_heavy_flood_dup60_s20260626_bonded,BudgetDoS,m12_heavy_flood_dup60_s20260626,bonded,351074,PRIVPROBE:1,duplicate_filter,0,False,0,duplicate_filter
m12_heavy_flood_dup60_s20260626_bonded,BudgetDoS,m12_heavy_flood_dup60_s20260626,bonded,352155,PRIVPROBE:1,duplicate_filter,0,False,0,duplicate_filter
m12_heavy_flood_dup60_s20260626_bonded,BudgetDoS,m12_heavy_flood_dup60_s20260626,bonded,353275,PRIVPROBE:1,duplicate_filter,0,False,0,duplicate_filter
m12_heavy_flood_dup60_s20260626_bonded,BudgetDoS,m12_heavy_flood_dup60_s20260626,bonded,354429,PRIVPROBE:1,duplicate_filter,0,False,0,duplicate_filter
m12_heavy_flood_dup60_s20260626_bonded,BudgetDoS,m12_heavy_flood_dup60_s20260626,bonded,355541,PRIVPROBE:1,duplicate_filter,0,False,0,duplicate_filter
m12_heavy_flood_dup60_s20260626_bonded,BudgetDoS,m12_heavy_flood_dup60_s20260626,bonded,356673,PRIVPROBE:1,duplicate_filter,0,False,0,duplicate_filter
m12_heavy_flood_dup60_s20260626_bonded,BudgetDoS,m12_heavy_flood_dup60_s20260626,bonded,357789,PRIVPROBE:1,duplicate_filter,0,False,0,duplicate_filter
m12_heavy_flood_dup60_s20260626_bonded,BudgetDoS,m12_heavy_flood_dup60_s20260626,bonded,358886,PRIVPROBE:1,duplicate_filter,0,False,0,duplicate_filter
m12_heavy_flood_dup60_s20260626_bonded,BudgetDoS,m12_heavy_flood_dup60_s20260626,bonded,359959,PRIVPROBE:1,budget_skip,0,False,0,budget_skip
m12_heavy_flood_dup60_s20260626_bonded,BudgetDoS,m12_heavy_flood_dup60_s20260626,bonded,361049,PRIVPROBE:1,duplicate_filter,0,False,0,duplicate_filter
m12_heavy_flood_dup60_s20260626_bonded,BudgetDoS,m12_heavy_flood_dup60_s20260626,bonded,362181,PRIVPROBE:1,duplicate_filter,0,False,0,duplicate_filter
m12_heavy_flood_dup60_s20260626_bonded,BudgetDoS,m12_heavy_flood_dup60_s20260626,bonded,363325,PRIVPROBE:1,duplicate_filter,0,False,0,duplicate_filter
m12_heavy_flood_dup60_s20260626_bonded,BudgetDoS,m12_heavy_flood_dup60_s20260626,bonded,364419,PRIVPROBE:1,duplicate_filter,0,False,0,duplicate_filter
m12_heavy_flood_dup60_s20260626_bonded,BudgetDoS,m12_heavy_flood_dup60_s20260626,bonded,365534,PRIVPROBE:1,duplicate_filter,0,False,0,duplicate_filter
m12_heavy_flood_dup60_s20260626_bonded,BudgetDoS,m12_heavy_flood_dup60_s20260626,bonded,366610,PRIVPROBE:1,duplicate_filter,0,False,0,duplicate_filter
m12_heavy_flood_dup60_s20260626_bonded,BudgetDoS,m12_heavy_flood_dup60_s20260626,bonded,367690,PRIVPROBE:1,duplicate_filter,0,False,0,duplicate_filter
m12_heavy_flood_dup60_s20260626_bonded,BudgetDoS,m12_heavy_flood_dup60_s20260626,bonded,368857,PRIVPROBE:1,duplicate_filter,0,False,0,duplicate_filter
m12_heavy_flood_dup60_s20260626_bonded,BudgetDoS,m12_heavy_flood_dup60_s20260626,bonded,369938,PRIVPROBE:1,duplicate_filter,0,False,0,duplicate_filter
m12_heavy_flood_dup60_s20260626_bonded,BudgetDoS,m12_heavy_flood_dup60_s20260626,bonded,371034,PRIVPROBE:1,duplicate_filter,0,False,0,duplicate_filter
m12_heavy_flood_dup60_s20260626_bonded,BudgetDoS,m12_heavy_flood_dup60_s20260626,bonded,372122,PRIVPROBE:1,duplicate_filter,0,False,0,duplicate_filter
m12_heavy_flood_dup60_s20260626_bonded,BudgetDoS,m12_heavy_flood_dup60_s20260626,bonded,373166,PRIVPROBE:1,budget_skip,0,False,0,budget_skip
m12_heavy_flood_dup60_s20260626_bonded,BudgetDoS,m12_heavy_flood_dup60_s20260626,bonded,374221,PRIVPROBE:1,duplicate_filter,0,False,0,duplicate_filter
m12_heavy_flood_dup60_s20260626_bonded,BudgetDoS,m12_heavy_flood_dup60_s20260626,bonded,375372,PRIVPROBE:1,duplicate_filter,0,False,0,duplicate_filter
m12_heavy_flood_dup60_s20260626_bonded,BudgetDoS,m12_heavy_flood_dup60_s20260626,bonded,376508,PRIVPROBE:1,duplicate_filter,0,False,0,duplicate_filter
m12_heavy_flood_dup60_s20260626_bonded,BudgetDoS,m12_heavy_flood_dup60_s20260626,bonded,377571,PRIVPROBE:1,duplicate_filter,0,False,0,duplicate_filter
m12_heavy_flood_dup60_s20260626_bonded,BudgetDoS,m12_heavy_flood_dup60_s20260626,bonded,378766,PRIVPROBE:1,duplicate_filter,0,False,0,duplicate_filter
m12_heavy_flood_dup60_s20260626_bonded,BudgetDoS,m12_heavy_flood_dup60_s20260626,bonded,379815,PRIVPROBE:1,duplicate_filter,0,False,0,duplicate_filter
m12_heavy_flood_dup60_s20260626_bonded,BudgetDoS,m12_heavy_flood_dup60_s20260626,bonded,380910,PRIVPROBE:1,duplicate_filter,0,False,0,duplicate_filter
m12_heavy_flood_dup60_s20260626_bonded,BudgetDoS,m12_heavy_flood_dup60_s20260626,bonded,382023,PRIVPROBE:1,duplicate_filter,0,False,0,duplicate_filter
m12_heavy_flood_dup60_s20260626_bonded,BudgetDoS,m12_heavy_flood_dup60_s20260626,bonded,383129,PRIVPROBE:1,duplicate_filter,0,False,0,duplicate_filter
m12_heavy_flood_dup60_s20260626_bonded,BudgetDoS,m12_heavy_flood_dup60_s20260626,bonded,384245,PRIVPROBE:1,duplicate_filter,0,False,0,duplicate_filter
m12_heavy_flood_dup60_s20260626_bonded,BudgetDoS,m12_heavy_flood_dup60_s20260626,bonded,385313,PRIVPROBE:1,duplicate_filter,0,False,0,duplicate_filter
m12_heavy_flood_dup60_s20260626_bonded,BudgetDoS,m12_heavy_flood_dup60_s20260626,bonded,386345,PRIVPROBE:1,budget_skip,0,False,0,budget_skip
m12_heavy_flood_dup60_s20260626_bonded,BudgetDoS,m12_heavy_flood_dup60_s20260626,bonded,387443,PRIVPROBE:1,duplicate_filter,0,False,0,duplicate_filter
m12_heavy_flood_dup60_s20260626_bonded,BudgetDoS,m12_heavy_flood_dup60_s20260626,bonded,388580,PRIVPROBE:1,duplicate_filter,0,False,0,duplicate_filter
m12_heavy_flood_dup60_s20260626_bonded,BudgetDoS,m12_heavy_flood_dup60_s20260626,bonded,389633,PRIVPROBE:1,duplicate_filter,0,False,0,duplicate_filter
m12_heavy_flood_dup60_s20260626_bonded,BudgetDoS,m12_heavy_flood_dup60_s20260626,bonded,390681,PRIVPROBE:1,duplicate_filter,0,False,0,duplicate_filter
m12_heavy_flood_dup60_s20260626_bonded,BudgetDoS,m12_heavy_flood_dup60_s20260626,bonded,391819,PRIVPROBE:1,duplicate_filter,0,False,0,duplicate_filter
m12_heavy_flood_dup60_s20260626_bonded,BudgetDoS,m12_heavy_flood_dup60_s20260626,bonded,392920,PRIVPROBE:1,duplicate_filter,0,False,0,duplicate_filter
m12_heavy_flood_dup60_s20260626_bonded,BudgetDoS,m12_heavy_flood_dup60_s20260626,bonded,394011,PRIVPROBE:1,duplicate_filter,0,False,0,duplicate_filter
m12_heavy_flood_dup60_s20260626_bonded,BudgetDoS,m12_heavy_flood_dup60_s20260626,bonded,395097,PRIVPROBE:1,duplicate_filter,0,False,0,duplicate_filter
m12_heavy_flood_dup60_s20260626_bonded,BudgetDoS,m12_heavy_flood_dup60_s20260626,bonded,396176,PRIVPROBE:1,duplicate_filter,0,False,0,duplicate_filter
m12_heavy_flood_dup60_s20260626_bonded,BudgetDoS,m12_heavy_flood_dup60_s20260626,bonded,397280,PRIVPROBE:1,duplicate_filter,0,False,0,duplicate_filter
m12_heavy_flood_dup60_s20260626_bonded,BudgetDoS,m12_heavy_flood_dup60_s20260626,bonded,398370,PRIVPROBE:1,duplicate_filter,0,False,0,duplicate_filter
