run_id,method,paired_trace_id,identity_label_for_scoring,event_id,rpa_value,action,aes_attempts,deferred,delay_ms,admission_path
m12_no_attack_dup0_s20260629_bonded,P3-Persist,m12_no_attack_dup0_s20260629,bonded,1264,PRIVPROBE:0,cache_hit,0,False,0,cache
m12_no_attack_dup0_s20260629_bonded,P3-Persist,m12_no_attack_dup0_s20260629,bonded,1281,PRIVPROBE:0,cache_hit,0,False,0,cache
m12_no_attack_dup0_s20260629_bonded,P3-Persist,m12_no_attack_dup0_s20260629,bonded,1302,PRIVPROBE:0,cache_hit,0,False,0,cache
m12_no_attack_dup0_s20260629_bonded,P3-Persist,m12_no_attack_dup0_s20260629,bonded,1324,PRIVPROBE:0,cache_hit,0,False,0,cache
m12_no_attack_dup0_s20260629_bonded,P3-Persist,m12_no_attack_dup0_s20260629,bonded,1342,PRIVPROBE:0,cache_hit,0,False,0,cache
m12_no_attack_dup0_s20260629_bonded,P3-Persist,m12_no_attack_dup0_s20260629,bonded,1366,PRIVPROBE:0,cache_hit,0,False,0,cache
m12_no_attack_dup0_s20260629_bonded,P3-Persist,m12_no_attack_dup0_s20260629,bonded,1383,PRIVPROBE:0,cache_hit,0,False,0,cache
m12_no_attack_dup0_s20260629_bonded,P3-Persist,m12_no_attack_dup0_s20260629,bonded,1411,PRIVPROBE:0,cache_hit,0,False,0,cache
m12_no_attack_dup0_s20260629_bonded,P3-Persist,m12_no_attack_dup0_s20260629,bonded,1434,PRIVPROBE:0,cache_hit,0,False,0,cache
m12_no_attack_dup0_s20260629_bonded,P3-Persist,m12_no_attack_dup0_s20260629,bonded,1459,PRIVPROBE:0,cache_hit,0,False,0,cache
m12_no_attack_dup0_s20260629_bonded,P3-Persist,m12_no_attack_dup0_s20260629,bonded,1490,PRIVPROBE:0,cache_hit,0,False,0,cache
m12_no_attack_dup0_s20260629_bonded,P3-Persist,m12_no_attack_dup0_s20260629,bonded,1507,PRIVPROBE:0,cache_hit,0,False,0,cache
m12_no_attack_dup0_s20260629_bonded,P3-Persist,m12_no_attack_dup0_s20260629,bonded,1533,PRIVPROBE:0,cache_hit,0,False,0,cache
m12_no_attack_dup0_s20260629_bonded,P3-Persist,m12_no_attack_dup0_s20260629,bonded,1548,PRIVPROBE:0,cache_hit,0,False,0,cache
m12_no_attack_dup0_s20260629_bonded,P3-Persist,m12_no_attack_dup0_s20260629,bonded,1575,PRIVPROBE:0,cache_hit,0,False,0,cache
m12_no_attack_dup0_s20260629_bonded,P3-Persist,m12_no_attack_dup0_s20260629,bonded,1586,PRIVPROBE:0,cache_hit,0,False,0,cache
m12_no_attack_dup0_s20260629_bonded,P3-Persist,m12_no_attack_dup0_s20260629,bonded,1623,PRIVPROBE:0,cache_hit,0,False,0,cache
m12_no_attack_dup0_s20260629_bonded,P3-Persist,m12_no_attack_dup0_s20260629,bonded,1649,PRIVPROBE:0,cache_hit,0,False,0,cache
m12_no_attack_dup0_s20260629_bonded,P3-Persist,m12_no_attack_dup0_s20260629,bonded,1671,PRIVPROBE:0,cache_hit,0,False,0,cache
m12_no_attack_dup0_s20260629_bonded,P3-Persist,m12_no_attack_dup0_s20260629,bonded,1691,PRIVPROBE:0,cache_hit,0,False,0,cache
m12_no_attack_dup0_s20260629_bonded,P3-Persist,m12_no_attack_dup0_s20260629,bonded,1713,PRIVPROBE:0,cache_hit,0,False,0,cache
m12_no_attack_dup0_s20260629_bonded,P3-Persist,m12_no_attack_dup0_s20260629,bonded,1728,PRIVPROBE:0,cache_hit,0,False,0,cache
m12_no_attack_dup0_s20260629_bonded,P3-Persist,m12_no_attack_dup0_s20260629,bonded,1748,PRIVPROBE:0,cache_hit,0,False,0,cache
m12_no_attack_dup0_s20260629_bonded,P3-Persist,m12_no_attack_dup0_s20260629,bonded,1772,PRIVPROBE:0,cache_hit,0,False,0,cache
m12_no_attack_dup0_s20260629_bonded,P3-Persist,m12_no_attack_dup0_s20260629,bonded,1785,PRIVPROBE:0,cache_hit,0,False,0,cache
m12_no_attack_dup0_s20260629_bonded,P3-Persist,m12_no_attack_dup0_s20260629,bonded,1802,PRIVPROBE:0,cache_hit,0,False,0,cache
m12_no_attack_dup0_s20260629_bonded,P3-Persist,m12_no_attack_dup0_s20260629,bonded,1830,PRIVPROBE:0,cache_hit,0,False,0,cache
m12_no_attack_dup0_s20260629_bonded,P3-Persist,m12_no_attack_dup0_s20260629,bonded,1856,PRIVPROBE:0,cache_hit,0,False,0,cache
m12_no_attack_dup0_s20260629_bonded,P3-Persist,m12_no_attack_dup0_s20260629,bonded,1878,PRIVPROBE:0,cache_hit,0,False,0,cache
m12_no_attack_dup0_s20260629_bonded,P3-Persist,m12_no_attack_dup0_s20260629,bonded,1893,PRIVPROBE:0,cache_hit,0,False,0,cache
m12_no_attack_dup0_s20260629_bonded,P3-Persist,m12_no_attack_dup0_s20260629,bonded,1912,PRIVPROBE:0,cache_hit,0,False,0,cache
m12_no_attack_dup0_s20260629_bonded,P3-Persist,m12_no_attack_dup0_s20260629,bonded,1943,PRIVPROBE:0,cache_hit,0,False,0,cache
m12_no_attack_dup0_s20260629_bonded,P3-Persist,m12_no_attack_dup0_s20260629,bonded,1969,PRIVPROBE:0,cache_hit,0,False,0,cache
m12_no_attack_dup0_s20260629_bonded,P3-Persist,m12_no_attack_dup0_s20260629,bonded,1998,PRIVPROBE:0,cache_hit,0,False,0,cache
m12_no_attack_dup0_s20260629_bonded,P3-Persist,m12_no_attack_dup0_s20260629,bonded,2021,PRIVPROBE:0,cache_hit,0,False,0,cache
m12_no_attack_dup0_s20260629_bonded,P3-Persist,m12_no_attack_dup0_s20260629,bonded,2029,PRIVPROBE:0,cache_hit,0,False,0,cache
m12_no_attack_dup0_s20260629_bonded,P3-Persist,m12_no_attack_dup0_s20260629,bonded,2055,PRIVPROBE:0,cache_hit,0,False,0,cache
m12_no_attack_dup0_s20260629_bonded,P3-Persist,m12_no_attack_dup0_s20260629,bonded,2084,PRIVPROBE:0,cache_hit,0,False,0,cache
m12_no_attack_dup0_s20260629_bonded,P3-Persist,m12_no_attack_dup0_s20260629,bonded,2106,PRIVPROBE:0,cache_hit,0,False,0,cache
m12_no_attack_dup0_s20260629_bonded,P3-Persist,m12_no_attack_dup0_s20260629,bonded,2128,PRIVPROBE:0,cache_hit,0,False,0,cache
m12_no_attack_dup0_s20260629_bonded,P3-Persist,m12_no_attack_dup0_s20260629,bonded,2168,PRIVPROBE:0,cache_hit,0,False,0,cache
m12_no_attack_dup0_s20260629_bonded,P3-Persist,m12_no_attack_dup0_s20260629,bonded,2186,PRIVPROBE:0,cache_hit,0,False,0,cache
m12_no_attack_dup0_s20260629_bonded,P3-Persist,m12_no_attack_dup0_s20260629,bonded,2209,PRIVPROBE:0,cache_hit,0,False,0,cache
m12_no_attack_dup0_s20260629_bonded,P3-Persist,m12_no_attack_dup0_s20260629,bonded,2232,PRIVPROBE:0,cache_hit,0,False,0,cache
m12_no_attack_dup0_s20260629_bonded,P3-Persist,m12_no_attack_dup0_s20260629,bonded,2251,PRIVPROBE:0,cache_hit,0,False,0,cache
m12_no_attack_dup0_s20260629_bonded,P3-Persist,m12_no_attack_dup0_s20260629,bonded,2274,PRIVPROBE:0,cache_hit,0,False,0,cache
m12_no_attack_dup0_s20260629_bonded,P3-Persist,m12_no_attack_dup0_s20260629,bonded,2303,PRIVPROBE:0,cache_hit,0,False,0,cache
m12_no_attack_dup0_s20260629_bonded,P3-Persist,m12_no_attack_dup0_s20260629,bonded,2325,PRIVPROBE:0,cache_hit,0,False,0,cache
m12_no_attack_dup0_s20260629_bonded,P3-Persist,m12_no_attack_dup0_s20260629,bonded,2344,PRIVPROBE:0,cache_hit,0,False,0,cache
m12_no_attack_dup0_s20260629_bonded,P3-Persist,m12_no_attack_dup0_s20260629,bonded,2368,PRIVPROBE:0,cache_hit,0,False,0,cache
m12_no_attack_dup0_s20260629_bonded,P3-Persist,m12_no_attack_dup0_s20260629,bonded,2386,PRIVPROBE:0,cache_hit,0,False,0,cache
m12_no_attack_dup0_s20260629_bonded,P3-Persist,m12_no_attack_dup0_s20260629,bonded,2402,PRIVPROBE:0,cache_hit,0,False,0,cache
m12_no_attack_dup0_s20260629_bonded,P3-Persist,m12_no_attack_dup0_s20260629,bonded,2433,PRIVPROBE:0,cache_hit,0,False,0,cache
m12_no_attack_dup0_s20260629_bonded,P3-Persist,m12_no_attack_dup0_s20260629,bonded,2454,PRIVPROBE:0,cache_hit,0,False,0,cache
m12_no_attack_dup0_s20260629_bonded,P3-Persist,m12_no_attack_dup0_s20260629,bonded,2472,PRIVPROBE:0,cache_hit,0,False,0,cache
m12_no_attack_dup0_s20260629_bonded,P3-Persist,m12_no_attack_dup0_s20260629,bonded,2493,PRIVPROBE:0,cache_hit,0,False,0,cache
m12_no_attack_dup0_s20260629_bonded,P3-Persist,m12_no_attack_dup0_s20260629,bonded,2514,PRIVPROBE:0,cache_hit,0,False,0,cache
m12_no_attack_dup0_s20260629_bonded,P3-Persist,m12_no_attack_dup0_s20260629,bonded,2538,PRIVPROBE:0,cache_hit,0,False,0,cache
m12_no_attack_dup0_s20260629_bonded,P3-Persist,m12_no_attack_dup0_s20260629,bonded,2558,PRIVPROBE:0,cache_hit,0,False,0,cache
m12_no_attack_dup0_s20260629_bonded,P3-Persist,m12_no_attack_dup0_s20260629,bonded,2576,PRIVPROBE:0,cache_hit,0,False,0,cache
m12_no_attack_dup0_s20260629_bonded,P3-Persist,m12_no_attack_dup0_s20260629,bonded,2605,PRIVPROBE:0,cache_hit,0,False,0,cache
m12_no_attack_dup0_s20260629_bonded,P3-Persist,m12_no_attack_dup0_s20260629,bonded,2628,PRIVPROBE:0,cache_hit,0,False,0,cache
m12_no_attack_dup0_s20260629_bonded,P3-Persist,m12_no_attack_dup0_s20260629,bonded,2662,PRIVPROBE:0,cache_hit,0,False,0,cache
m12_no_attack_dup0_s20260629_bonded,P3-Persist,m12_no_attack_dup0_s20260629,bonded,2692,PRIVPROBE:0,cache_hit,0,False,0,cache
m12_no_attack_dup0_s20260629_bonded,P3-Persist,m12_no_attack_dup0_s20260629,bonded,2713,PRIVPROBE:0,cache_hit,0,False,0,cache
m12_no_attack_dup0_s20260629_bonded,P3-Persist,m12_no_attack_dup0_s20260629,bonded,2729,PRIVPROBE:0,cache_hit,0,False,0,cache
m12_no_attack_dup0_s20260629_bonded,P3-Persist,m12_no_attack_dup0_s20260629,bonded,2745,PRIVPROBE:0,cache_hit,0,False,0,cache
m12_no_attack_dup0_s20260629_bonded,P3-Persist,m12_no_attack_dup0_s20260629,bonded,2768,PRIVPROBE:0,cache_hit,0,False,0,cache
m12_no_attack_dup0_s20260629_bonded,P3-Persist,m12_no_attack_dup0_s20260629,bonded,2786,PRIVPROBE:0,cache_hit,0,False,0,cache
m12_no_attack_dup0_s20260629_bonded,P3-Persist,m12_no_attack_dup0_s20260629,bonded,2801,PRIVPROBE:0,cache_hit,0,False,0,cache
m12_no_attack_dup0_s20260629_bonded,P3-Persist,m12_no_attack_dup0_s20260629,bonded,2825,PRIVPROBE:0,cache_hit,0,False,0,cache
m12_no_attack_dup0_s20260629_bonded,P3-Persist,m12_no_attack_dup0_s20260629,bonded,2846,PRIVPROBE:0,cache_hit,0,False,0,cache
m12_no_attack_dup0_s20260629_bonded,P3-Persist,m12_no_attack_dup0_s20260629,bonded,2865,PRIVPROBE:0,cache_hit,0,False,0,cache
m12_no_attack_dup0_s20260629_bonded,P3-Persist,m12_no_attack_dup0_s20260629,bonded,2876,PRIVPROBE:0,cache_hit,0,False,0,cache
m12_no_attack_dup0_s20260629_bonded,P3-Persist,m12_no_attack_dup0_s20260629,bonded,2902,PRIVPROBE:0,cache_hit,0,False,0,cache
m12_no_attack_dup0_s20260629_bonded,P3-Persist,m12_no_attack_dup0_s20260629,bonded,2923,PRIVPROBE:0,cache_hit,0,False,0,cache
m12_no_attack_dup0_s20260629_bonded,P3-Persist,m12_no_attack_dup0_s20260629,bonded,2937,PRIVPROBE:0,cache_hit,0,False,0,cache
m12_no_attack_dup0_s20260629_bonded,P3-Persist,m12_no_attack_dup0_s20260629,bonded,2947,PRIVPROBE:0,cache_hit,0,False,0,cache
m12_no_attack_dup0_s20260629_bonded,P3-Persist,m12_no_attack_dup0_s20260629,bonded,2965,PRIVPROBE:0,cache_hit,0,False,0,cache
m12_no_attack_dup0_s20260629_bonded,P3-Persist,m12_no_attack_dup0_s20260629,bonded,2988,PRIVPROBE:0,cache_hit,0,False,0,cache
m12_no_attack_dup0_s20260629_bonded,P3-Persist,m12_no_attack_dup0_s20260629,bonded,3000,PRIVPROBE:0,cache_hit,0,False,0,cache
m12_no_attack_dup0_s20260629_bonded,P3-Persist,m12_no_attack_dup0_s20260629,bonded,3016,PRIVPROBE:0,cache_hit,0,False,0,cache
m12_no_attack_dup0_s20260629_bonded,P3-Persist,m12_no_attack_dup0_s20260629,bonded,3040,PRIVPROBE:0,cache_hit,0,False,0,cache
m12_no_attack_dup0_s20260629_bonded,P3-Persist,m12_no_attack_dup0_s20260629,bonded,3058,PRIVPROBE:0,cache_hit,0,False,0,cache
m12_no_attack_dup0_s20260629_bonded,P3-Persist,m12_no_attack_dup0_s20260629,bonded,3081,PRIVPROBE:0,cache_hit,0,False,0,cache
m12_no_attack_dup0_s20260629_bonded,P3-Persist,m12_no_attack_dup0_s20260629,bonded,3104,PRIVPROBE:0,cache_hit,0,False,0,cache
m12_no_attack_dup0_s20260629_bonded,P3-Persist,m12_no_attack_dup0_s20260629,bonded,3120,PRIVPROBE:0,cache_hit,0,False,0,cache
m12_no_attack_dup0_s20260629_bonded,P3-Persist,m12_no_attack_dup0_s20260629,bonded,3139,PRIVPROBE:0,cache_hit,0,False,0,cache
m12_no_attack_dup0_s20260629_bonded,P3-Persist,m12_no_attack_dup0_s20260629,bonded,3160,PRIVPROBE:0,cache_hit,0,False,0,cache
m12_no_attack_dup0_s20260629_bonded,P3-Persist,m12_no_attack_dup0_s20260629,bonded,3185,PRIVPROBE:0,cache_hit,0,False,0,cache
m12_no_attack_dup0_s20260629_bonded,P3-Persist,m12_no_attack_dup0_s20260629,bonded,3208,PRIVPROBE:0,cache_hit,0,False,0,cache
m12_no_attack_dup0_s20260629_bonded,P3-Persist,m12_no_attack_dup0_s20260629,bonded,3227,PRIVPROBE:0,cache_hit,0,False,0,cache
m12_no_attack_dup0_s20260629_bonded,P3-Persist,m12_no_attack_dup0_s20260629,bonded,3251,PRIVPROBE:0,cache_hit,0,False,0,cache
m12_no_attack_dup0_s20260629_bonded,P3-Persist,m12_no_attack_dup0_s20260629,bonded,3273,PRIVPROBE:0,cache_hit,0,False,0,cache
m12_no_attack_dup0_s20260629_bonded,P3-Persist,m12_no_attack_dup0_s20260629,bonded,3284,PRIVPROBE:0,cache_hit,0,False,0,cache
m12_no_attack_dup0_s20260629_bonded,P3-Persist,m12_no_attack_dup0_s20260629,bonded,3307,PRIVPROBE:0,cache_hit,0,False,0,cache
m12_no_attack_dup0_s20260629_bonded,P3-Persist,m12_no_attack_dup0_s20260629,bonded,3328,PRIVPROBE:0,cache_hit,0,False,0,cache
m12_no_attack_dup0_s20260629_bonded,P3-Persist,m12_no_attack_dup0_s20260629,bonded,3352,PRIVPROBE:0,cache_hit,0,False,0,cache
m12_no_attack_dup0_s20260629_bonded,P3-Persist,m12_no_attack_dup0_s20260629,bonded,3374,PRIVPROBE:0,cache_hit,0,False,0,cache
m12_no_attack_dup0_s20260629_bonded,P3-Persist,m12_no_attack_dup0_s20260629,bonded,3400,PRIVPROBE:0,cache_hit,0,False,0,cache
m12_no_attack_dup0_s20260629_bonded,P3-Persist,m12_no_attack_dup0_s20260629,bonded,3423,PRIVPROBE:0,cache_hit,0,False,0,cache
m12_no_attack_dup0_s20260629_bonded,P3-Persist,m12_no_attack_dup0_s20260629,bonded,3441,PRIVPROBE:0,cache_hit,0,False,0,cache
m12_no_attack_dup0_s20260629_bonded,P3-Persist,m12_no_attack_dup0_s20260629,bonded,3460,PRIVPROBE:0,cache_hit,0,False,0,cache
m12_no_attack_dup0_s20260629_bonded,P3-Persist,m12_no_attack_dup0_s20260629,bonded,3490,PRIVPROBE:0,cache_hit,0,False,0,cache
m12_no_attack_dup0_s20260629_bonded,P3-Persist,m12_no_attack_dup0_s20260629,bonded,3504,PRIVPROBE:0,cache_hit,0,False,0,cache
m12_no_attack_dup0_s20260629_bonded,P3-Persist,m12_no_attack_dup0_s20260629,bonded,3528,PRIVPROBE:0,cache_hit,0,False,0,cache
m12_no_attack_dup0_s20260629_bonded,P3-Persist,m12_no_attack_dup0_s20260629,bonded,3553,PRIVPROBE:0,cache_hit,0,False,0,cache
m12_no_attack_dup0_s20260629_bonded,P3-Persist,m12_no_attack_dup0_s20260629,bonded,3573,PRIVPROBE:0,cache_hit,0,False,0,cache
m12_no_attack_dup0_s20260629_bonded,P3-Persist,m12_no_attack_dup0_s20260629,bonded,3599,PRIVPROBE:0,cache_hit,0,False,0,cache
m12_no_attack_dup0_s20260629_bonded,P3-Persist,m12_no_attack_dup0_s20260629,bonded,3622,PRIVPROBE:0,cache_hit,0,False,0,cache
m12_no_attack_dup0_s20260629_bonded,P3-Persist,m12_no_attack_dup0_s20260629,bonded,3646,PRIVPROBE:0,cache_hit,0,False,0,cache
m12_no_attack_dup0_s20260629_bonded,P3-Persist,m12_no_attack_dup0_s20260629,bonded,3671,PRIVPROBE:0,cache_hit,0,False,0,cache
m12_no_attack_dup0_s20260629_bonded,P3-Persist,m12_no_attack_dup0_s20260629,bonded,3689,PRIVPROBE:0,cache_hit,0,False,0,cache
m12_no_attack_dup0_s20260629_bonded,P3-Persist,m12_no_attack_dup0_s20260629,bonded,3714,PRIVPROBE:0,cache_hit,0,False,0,cache
m12_no_attack_dup0_s20260629_bonded,P3-Persist,m12_no_attack_dup0_s20260629,bonded,3735,PRIVPROBE:0,cache_hit,0,False,0,cache
m12_no_attack_dup0_s20260629_bonded,P3-Persist,m12_no_attack_dup0_s20260629,bonded,3754,PRIVPROBE:0,cache_hit,0,False,0,cache
m12_no_attack_dup0_s20260629_bonded,P3-Persist,m12_no_attack_dup0_s20260629,bonded,3781,PRIVPROBE:0,cache_hit,0,False,0,cache
m12_no_attack_dup0_s20260629_bonded,P3-Persist,m12_no_attack_dup0_s20260629,bonded,3799,PRIVPROBE:0,cache_hit,0,False,0,cache
m12_no_attack_dup0_s20260629_bonded,P3-Persist,m12_no_attack_dup0_s20260629,bonded,3818,PRIVPROBE:0,cache_hit,0,False,0,cache
m12_no_attack_dup0_s20260629_bonded,P3-Persist,m12_no_attack_dup0_s20260629,bonded,3834,PRIVPROBE:0,cache_hit,0,False,0,cache
m12_no_attack_dup0_s20260629_bonded,P3-Persist,m12_no_attack_dup0_s20260629,bonded,3857,PRIVPROBE:1,host_scan,504,False,0,host_scan
m12_no_attack_dup0_s20260629_bonded,P3-Persist,m12_no_attack_dup0_s20260629,bonded,3878,PRIVPROBE:1,cache_hit,0,False,0,cache
m12_no_attack_dup0_s20260629_bonded,P3-Persist,m12_no_attack_dup0_s20260629,bonded,3911,PRIVPROBE:1,cache_hit,0,False,0,cache
m12_no_attack_dup0_s20260629_bonded,P3-Persist,m12_no_attack_dup0_s20260629,bonded,3948,PRIVPROBE:1,cache_hit,0,False,0,cache
m12_no_attack_dup0_s20260629_bonded,P3-Persist,m12_no_attack_dup0_s20260629,bonded,3965,PRIVPROBE:1,cache_hit,0,False,0,cache
m12_no_attack_dup0_s20260629_bonded,P3-Persist,m12_no_attack_dup0_s20260629,bonded,3985,PRIVPROBE:1,cache_hit,0,False,0,cache
m12_no_attack_dup0_s20260629_bonded,P3-Persist,m12_no_attack_dup0_s20260629,bonded,4000,PRIVPROBE:1,cache_hit,0,False,0,cache
m12_no_attack_dup0_s20260629_bonded,P3-Persist,m12_no_attack_dup0_s20260629,bonded,4015,PRIVPROBE:1,cache_hit,0,False,0,cache
m12_no_attack_dup0_s20260629_bonded,P3-Persist,m12_no_attack_dup0_s20260629,bonded,4028,PRIVPROBE:1,cache_hit,0,False,0,cache
m12_no_attack_dup0_s20260629_bonded,P3-Persist,m12_no_attack_dup0_s20260629,bonded,4060,PRIVPROBE:1,cache_hit,0,False,0,cache
m12_no_attack_dup0_s20260629_bonded,P3-Persist,m12_no_attack_dup0_s20260629,bonded,4085,PRIVPROBE:1,cache_hit,0,False,0,cache
m12_no_attack_dup0_s20260629_bonded,P3-Persist,m12_no_attack_dup0_s20260629,bonded,4113,PRIVPROBE:1,cache_hit,0,False,0,cache
m12_no_attack_dup0_s20260629_bonded,P3-Persist,m12_no_attack_dup0_s20260629,bonded,4139,PRIVPROBE:1,cache_hit,0,False,0,cache
m12_no_attack_dup0_s20260629_bonded,P3-Persist,m12_no_attack_dup0_s20260629,bonded,4169,PRIVPROBE:1,cache_hit,0,False,0,cache
m12_no_attack_dup0_s20260629_bonded,P3-Persist,m12_no_attack_dup0_s20260629,bonded,4186,PRIVPROBE:1,cache_hit,0,False,0,cache
m12_no_attack_dup0_s20260629_bonded,P3-Persist,m12_no_attack_dup0_s20260629,bonded,4204,PRIVPROBE:1,cache_hit,0,False,0,cache
m12_no_attack_dup0_s20260629_bonded,P3-Persist,m12_no_attack_dup0_s20260629,bonded,4223,PRIVPROBE:1,cache_hit,0,False,0,cache
m12_no_attack_dup0_s20260629_bonded,P3-Persist,m12_no_attack_dup0_s20260629,bonded,4241,PRIVPROBE:1,cache_hit,0,False,0,cache
m12_no_attack_dup0_s20260629_bonded,P3-Persist,m12_no_attack_dup0_s20260629,bonded,4263,PRIVPROBE:1,cache_hit,0,False,0,cache
m12_no_attack_dup0_s20260629_bonded,P3-Persist,m12_no_attack_dup0_s20260629,bonded,4274,PRIVPROBE:1,cache_hit,0,False,0,cache
m12_no_attack_dup0_s20260629_bonded,P3-Persist,m12_no_attack_dup0_s20260629,bonded,4294,PRIVPROBE:1,cache_hit,0,False,0,cache
m12_no_attack_dup0_s20260629_bonded,P3-Persist,m12_no_attack_dup0_s20260629,bonded,4306,PRIVPROBE:1,cache_hit,0,False,0,cache
m12_no_attack_dup0_s20260629_bonded,P3-Persist,m12_no_attack_dup0_s20260629,bonded,4330,PRIVPROBE:1,cache_hit,0,False,0,cache
m12_no_attack_dup0_s20260629_bonded,P3-Persist,m12_no_attack_dup0_s20260629,bonded,4352,PRIVPROBE:1,cache_hit,0,False,0,cache
m12_no_attack_dup0_s20260629_bonded,P3-Persist,m12_no_attack_dup0_s20260629,bonded,4375,PRIVPROBE:1,cache_hit,0,False,0,cache
m12_no_attack_dup0_s20260629_bonded,P3-Persist,m12_no_attack_dup0_s20260629,bonded,4391,PRIVPROBE:1,cache_hit,0,False,0,cache
m12_no_attack_dup0_s20260629_bonded,P3-Persist,m12_no_attack_dup0_s20260629,bonded,4405,PRIVPROBE:1,cache_hit,0,False,0,cache
m12_no_attack_dup0_s20260629_bonded,P3-Persist,m12_no_attack_dup0_s20260629,bonded,4424,PRIVPROBE:1,cache_hit,0,False,0,cache
m12_no_attack_dup0_s20260629_bonded,P3-Persist,m12_no_attack_dup0_s20260629,bonded,4446,PRIVPROBE:1,cache_hit,0,False,0,cache
m12_no_attack_dup0_s20260629_bonded,P3-Persist,m12_no_attack_dup0_s20260629,bonded,4464,PRIVPROBE:1,cache_hit,0,False,0,cache
m12_no_attack_dup0_s20260629_bonded,P3-Persist,m12_no_attack_dup0_s20260629,bonded,4478,PRIVPROBE:1,cache_hit,0,False,0,cache
m12_no_attack_dup0_s20260629_bonded,P3-Persist,m12_no_attack_dup0_s20260629,bonded,4493,PRIVPROBE:1,cache_hit,0,False,0,cache
m12_no_attack_dup0_s20260629_bonded,P3-Persist,m12_no_attack_dup0_s20260629,bonded,4509,PRIVPROBE:1,cache_hit,0,False,0,cache
m12_no_attack_dup0_s20260629_bonded,P3-Persist,m12_no_attack_dup0_s20260629,bonded,4534,PRIVPROBE:1,cache_hit,0,False,0,cache
m12_no_attack_dup0_s20260629_bonded,P3-Persist,m12_no_attack_dup0_s20260629,bonded,4556,PRIVPROBE:1,cache_hit,0,False,0,cache
m12_no_attack_dup0_s20260629_bonded,P3-Persist,m12_no_attack_dup0_s20260629,bonded,4571,PRIVPROBE:1,cache_hit,0,False,0,cache
m12_no_attack_dup0_s20260629_bonded,P3-Persist,m12_no_attack_dup0_s20260629,bonded,4596,PRIVPROBE:1,cache_hit,0,False,0,cache
m12_no_attack_dup0_s20260629_bonded,P3-Persist,m12_no_attack_dup0_s20260629,bonded,4616,PRIVPROBE:1,cache_hit,0,False,0,cache
m12_no_attack_dup0_s20260629_bonded,P3-Persist,m12_no_attack_dup0_s20260629,bonded,4633,PRIVPROBE:1,cache_hit,0,False,0,cache
m12_no_attack_dup0_s20260629_bonded,P3-Persist,m12_no_attack_dup0_s20260629,bonded,4650,PRIVPROBE:1,cache_hit,0,False,0,cache
m12_no_attack_dup0_s20260629_bonded,P3-Persist,m12_no_attack_dup0_s20260629,bonded,4689,PRIVPROBE:1,cache_hit,0,False,0,cache
m12_no_attack_dup0_s20260629_bonded,P3-Persist,m12_no_attack_dup0_s20260629,bonded,4705,PRIVPROBE:1,cache_hit,0,False,0,cache
m12_no_attack_dup0_s20260629_bonded,P3-Persist,m12_no_attack_dup0_s20260629,bonded,4727,PRIVPROBE:1,cache_hit,0,False,0,cache
m12_no_attack_dup0_s20260629_bonded,P3-Persist,m12_no_attack_dup0_s20260629,bonded,4743,PRIVPROBE:1,cache_hit,0,False,0,cache
m12_no_attack_dup0_s20260629_bonded,P3-Persist,m12_no_attack_dup0_s20260629,bonded,4761,PRIVPROBE:1,cache_hit,0,False,0,cache
m12_no_attack_dup0_s20260629_bonded,P3-Persist,m12_no_attack_dup0_s20260629,bonded,4777,PRIVPROBE:1,cache_hit,0,False,0,cache
m12_no_attack_dup0_s20260629_bonded,P3-Persist,m12_no_attack_dup0_s20260629,bonded,4793,PRIVPROBE:1,cache_hit,0,False,0,cache
m12_no_attack_dup0_s20260629_bonded,P3-Persist,m12_no_attack_dup0_s20260629,bonded,4819,PRIVPROBE:1,cache_hit,0,False,0,cache
m12_no_attack_dup0_s20260629_bonded,P3-Persist,m12_no_attack_dup0_s20260629,bonded,4843,PRIVPROBE:1,cache_hit,0,False,0,cache
m12_no_attack_dup0_s20260629_bonded,P3-Persist,m12_no_attack_dup0_s20260629,bonded,4861,PRIVPROBE:1,cache_hit,0,False,0,cache
m12_no_attack_dup0_s20260629_bonded,P3-Persist,m12_no_attack_dup0_s20260629,bonded,4878,PRIVPROBE:1,cache_hit,0,False,0,cache
m12_no_attack_dup0_s20260629_bonded,P3-Persist,m12_no_attack_dup0_s20260629,bonded,4904,PRIVPROBE:1,cache_hit,0,False,0,cache
m12_no_attack_dup0_s20260629_bonded,P3-Persist,m12_no_attack_dup0_s20260629,bonded,4936,PRIVPROBE:1,cache_hit,0,False,0,cache
m12_no_attack_dup0_s20260629_bonded,P3-Persist,m12_no_attack_dup0_s20260629,bonded,4965,PRIVPROBE:1,cache_hit,0,False,0,cache
m12_no_attack_dup0_s20260629_bonded,P3-Persist,m12_no_attack_dup0_s20260629,bonded,4982,PRIVPROBE:1,cache_hit,0,False,0,cache
m12_no_attack_dup0_s20260629_bonded,P3-Persist,m12_no_attack_dup0_s20260629,bonded,5002,PRIVPROBE:1,cache_hit,0,False,0,cache
m12_no_attack_dup0_s20260629_bonded,P3-Persist,m12_no_attack_dup0_s20260629,bonded,5027,PRIVPROBE:1,cache_hit,0,False,0,cache
m12_no_attack_dup0_s20260629_bonded,P3-Persist,m12_no_attack_dup0_s20260629,bonded,5052,PRIVPROBE:1,cache_hit,0,False,0,cache
m12_no_attack_dup0_s20260629_bonded,P3-Persist,m12_no_attack_dup0_s20260629,bonded,5068,PRIVPROBE:1,cache_hit,0,False,0,cache
m12_no_attack_dup0_s20260629_bonded,P3-Persist,m12_no_attack_dup0_s20260629,bonded,5090,PRIVPROBE:1,cache_hit,0,False,0,cache
m12_no_attack_dup0_s20260629_bonded,P3-Persist,m12_no_attack_dup0_s20260629,bonded,5118,PRIVPROBE:1,cache_hit,0,False,0,cache
m12_no_attack_dup0_s20260629_bonded,P3-Persist,m12_no_attack_dup0_s20260629,bonded,5143,PRIVPROBE:1,cache_hit,0,False,0,cache
m12_no_attack_dup0_s20260629_bonded,P3-Persist,m12_no_attack_dup0_s20260629,bonded,5168,PRIVPROBE:1,cache_hit,0,False,0,cache
m12_no_attack_dup0_s20260629_bonded,P3-Persist,m12_no_attack_dup0_s20260629,bonded,5191,PRIVPROBE:1,cache_hit,0,False,0,cache
m12_no_attack_dup0_s20260629_bonded,P3-Persist,m12_no_attack_dup0_s20260629,bonded,5211,PRIVPROBE:1,cache_hit,0,False,0,cache
m12_no_attack_dup0_s20260629_bonded,P3-Persist,m12_no_attack_dup0_s20260629,bonded,5227,PRIVPROBE:1,cache_hit,0,False,0,cache
m12_no_attack_dup0_s20260629_bonded,P3-Persist,m12_no_attack_dup0_s20260629,bonded,5241,PRIVPROBE:1,cache_hit,0,False,0,cache
m12_no_attack_dup0_s20260629_bonded,P3-Persist,m12_no_attack_dup0_s20260629,bonded,5258,PRIVPROBE:1,cache_hit,0,False,0,cache
m12_no_attack_dup0_s20260629_bonded,P3-Persist,m12_no_attack_dup0_s20260629,bonded,5278,PRIVPROBE:1,cache_hit,0,False,0,cache
m12_no_attack_dup0_s20260629_bonded,P3-Persist,m12_no_attack_dup0_s20260629,bonded,5316,PRIVPROBE:1,cache_hit,0,False,0,cache
m12_no_attack_dup0_s20260629_bonded,P3-Persist,m12_no_attack_dup0_s20260629,bonded,5334,PRIVPROBE:1,cache_hit,0,False,0,cache
m12_no_attack_dup0_s20260629_bonded,P3-Persist,m12_no_attack_dup0_s20260629,bonded,5348,PRIVPROBE:1,cache_hit,0,False,0,cache
m12_no_attack_dup0_s20260629_bonded,P3-Persist,m12_no_attack_dup0_s20260629,bonded,5365,PRIVPROBE:1,cache_hit,0,False,0,cache
m12_no_attack_dup0_s20260629_bonded,P3-Persist,m12_no_attack_dup0_s20260629,bonded,5383,PRIVPROBE:1,cache_hit,0,False,0,cache
m12_no_attack_dup0_s20260629_bonded,P3-Persist,m12_no_attack_dup0_s20260629,bonded,5406,PRIVPROBE:1,cache_hit,0,False,0,cache
m12_no_attack_dup0_s20260629_bonded,P3-Persist,m12_no_attack_dup0_s20260629,bonded,5427,PRIVPROBE:1,cache_hit,0,False,0,cache
m12_no_attack_dup0_s20260629_bonded,P3-Persist,m12_no_attack_dup0_s20260629,bonded,5443,PRIVPROBE:1,cache_hit,0,False,0,cache
m12_no_attack_dup0_s20260629_bonded,P3-Persist,m12_no_attack_dup0_s20260629,bonded,5471,PRIVPROBE:1,cache_hit,0,False,0,cache
m12_no_attack_dup0_s20260629_bonded,P3-Persist,m12_no_attack_dup0_s20260629,bonded,5494,PRIVPROBE:1,cache_hit,0,False,0,cache
m12_no_attack_dup0_s20260629_bonded,P3-Persist,m12_no_attack_dup0_s20260629,bonded,5515,PRIVPROBE:1,cache_hit,0,False,0,cache
m12_no_attack_dup0_s20260629_bonded,P3-Persist,m12_no_attack_dup0_s20260629,bonded,5544,PRIVPROBE:1,cache_hit,0,False,0,cache
m12_no_attack_dup0_s20260629_bonded,P3-Persist,m12_no_attack_dup0_s20260629,bonded,5566,PRIVPROBE:1,cache_hit,0,False,0,cache
m12_no_attack_dup0_s20260629_bonded,P3-Persist,m12_no_attack_dup0_s20260629,bonded,5585,PRIVPROBE:1,cache_hit,0,False,0,cache
m12_no_attack_dup0_s20260629_bonded,P3-Persist,m12_no_attack_dup0_s20260629,bonded,5593,PRIVPROBE:1,cache_hit,0,False,0,cache
m12_no_attack_dup0_s20260629_bonded,P3-Persist,m12_no_attack_dup0_s20260629,bonded,5617,PRIVPROBE:1,cache_hit,0,False,0,cache
m12_no_attack_dup0_s20260629_bonded,P3-Persist,m12_no_attack_dup0_s20260629,bonded,5629,PRIVPROBE:1,cache_hit,0,False,0,cache
m12_no_attack_dup0_s20260629_bonded,P3-Persist,m12_no_attack_dup0_s20260629,bonded,5649,PRIVPROBE:1,cache_hit,0,False,0,cache
m12_no_attack_dup0_s20260629_bonded,P3-Persist,m12_no_attack_dup0_s20260629,bonded,5671,PRIVPROBE:1,cache_hit,0,False,0,cache
m12_no_attack_dup0_s20260629_bonded,P3-Persist,m12_no_attack_dup0_s20260629,bonded,5689,PRIVPROBE:1,cache_hit,0,False,0,cache
m12_no_attack_dup0_s20260629_bonded,P3-Persist,m12_no_attack_dup0_s20260629,bonded,5708,PRIVPROBE:1,cache_hit,0,False,0,cache
m12_no_attack_dup0_s20260629_bonded,P3-Persist,m12_no_attack_dup0_s20260629,bonded,5732,PRIVPROBE:1,cache_hit,0,False,0,cache
m12_no_attack_dup0_s20260629_bonded,P3-Persist,m12_no_attack_dup0_s20260629,bonded,5750,PRIVPROBE:1,cache_hit,0,False,0,cache
m12_no_attack_dup0_s20260629_bonded,P3-Persist,m12_no_attack_dup0_s20260629,bonded,5775,PRIVPROBE:1,cache_hit,0,False,0,cache
m12_no_attack_dup0_s20260629_bonded,P3-Persist,m12_no_attack_dup0_s20260629,bonded,5796,PRIVPROBE:1,cache_hit,0,False,0,cache
m12_no_attack_dup0_s20260629_bonded,P3-Persist,m12_no_attack_dup0_s20260629,bonded,5813,PRIVPROBE:1,cache_hit,0,False,0,cache
m12_no_attack_dup0_s20260629_bonded,P3-Persist,m12_no_attack_dup0_s20260629,bonded,5824,PRIVPROBE:1,cache_hit,0,False,0,cache
m12_no_attack_dup0_s20260629_bonded,P3-Persist,m12_no_attack_dup0_s20260629,bonded,5842,PRIVPROBE:1,cache_hit,0,False,0,cache
m12_no_attack_dup0_s20260629_bonded,P3-Persist,m12_no_attack_dup0_s20260629,bonded,5860,PRIVPROBE:1,cache_hit,0,False,0,cache
m12_no_attack_dup0_s20260629_bonded,P3-Persist,m12_no_attack_dup0_s20260629,bonded,5879,PRIVPROBE:1,cache_hit,0,False,0,cache
m12_no_attack_dup0_s20260629_bonded,P3-Persist,m12_no_attack_dup0_s20260629,bonded,5901,PRIVPROBE:1,cache_hit,0,False,0,cache
m12_no_attack_dup0_s20260629_bonded,P3-Persist,m12_no_attack_dup0_s20260629,bonded,5918,PRIVPROBE:1,cache_hit,0,False,0,cache
m12_no_attack_dup0_s20260629_bonded,P3-Persist,m12_no_attack_dup0_s20260629,bonded,5940,PRIVPROBE:1,cache_hit,0,False,0,cache
m12_no_attack_dup0_s20260629_bonded,P3-Persist,m12_no_attack_dup0_s20260629,bonded,5959,PRIVPROBE:1,cache_hit,0,False,0,cache
m12_no_attack_dup0_s20260629_bonded,P3-Persist,m12_no_attack_dup0_s20260629,bonded,5978,PRIVPROBE:1,cache_hit,0,False,0,cache
m12_no_attack_dup0_s20260629_bonded,P3-Persist,m12_no_attack_dup0_s20260629,bonded,5992,PRIVPROBE:1,cache_hit,0,False,0,cache
m12_no_attack_dup0_s20260629_bonded,P3-Persist,m12_no_attack_dup0_s20260629,bonded,6018,PRIVPROBE:1,cache_hit,0,False,0,cache
m12_no_attack_dup0_s20260629_bonded,P3-Persist,m12_no_attack_dup0_s20260629,bonded,6038,PRIVPROBE:1,cache_hit,0,False,0,cache
m12_no_attack_dup0_s20260629_bonded,P3-Persist,m12_no_attack_dup0_s20260629,bonded,6057,PRIVPROBE:1,cache_hit,0,False,0,cache
m12_no_attack_dup0_s20260629_bonded,P3-Persist,m12_no_attack_dup0_s20260629,bonded,6087,PRIVPROBE:1,cache_hit,0,False,0,cache
m12_no_attack_dup0_s20260629_bonded,P3-Persist,m12_no_attack_dup0_s20260629,bonded,6097,PRIVPROBE:1,cache_hit,0,False,0,cache
m12_no_attack_dup0_s20260629_bonded,P3-Persist,m12_no_attack_dup0_s20260629,bonded,6120,PRIVPROBE:1,cache_hit,0,False,0,cache
m12_no_attack_dup0_s20260629_bonded,P3-Persist,m12_no_attack_dup0_s20260629,bonded,6144,PRIVPROBE:1,cache_hit,0,False,0,cache
m12_no_attack_dup0_s20260629_bonded,P3-Persist,m12_no_attack_dup0_s20260629,bonded,6173,PRIVPROBE:1,cache_hit,0,False,0,cache
m12_no_attack_dup0_s20260629_bonded,P3-Persist,m12_no_attack_dup0_s20260629,bonded,6193,PRIVPROBE:1,cache_hit,0,False,0,cache
m12_no_attack_dup0_s20260629_bonded,P3-Persist,m12_no_attack_dup0_s20260629,bonded,6219,PRIVPROBE:1,cache_hit,0,False,0,cache
m12_no_attack_dup0_s20260629_bonded,P3-Persist,m12_no_attack_dup0_s20260629,bonded,6243,PRIVPROBE:1,cache_hit,0,False,0,cache
m12_no_attack_dup0_s20260629_bonded,P3-Persist,m12_no_attack_dup0_s20260629,bonded,6255,PRIVPROBE:1,cache_hit,0,False,0,cache
m12_no_attack_dup0_s20260629_bonded,P3-Persist,m12_no_attack_dup0_s20260629,bonded,6279,PRIVPROBE:1,cache_hit,0,False,0,cache
m12_no_attack_dup0_s20260629_bonded,P3-Persist,m12_no_attack_dup0_s20260629,bonded,6294,PRIVPROBE:1,cache_hit,0,False,0,cache
m12_no_attack_dup0_s20260629_bonded,P3-Persist,m12_no_attack_dup0_s20260629,bonded,6312,PRIVPROBE:1,cache_hit,0,False,0,cache
m12_no_attack_dup0_s20260629_bonded,P3-Persist,m12_no_attack_dup0_s20260629,bonded,6330,PRIVPROBE:1,cache_hit,0,False,0,cache
m12_no_attack_dup0_s20260629_bonded,P3-Persist,m12_no_attack_dup0_s20260629,bonded,6346,PRIVPROBE:1,cache_hit,0,False,0,cache
m12_no_attack_dup0_s20260629_bonded,P3-Persist,m12_no_attack_dup0_s20260629,bonded,6366,PRIVPROBE:1,cache_hit,0,False,0,cache
m12_no_attack_dup0_s20260629_bonded,P3-Persist,m12_no_attack_dup0_s20260629,bonded,6394,PRIVPROBE:1,cache_hit,0,False,0,cache
m12_no_attack_dup0_s20260629_bonded,P3-Persist,m12_no_attack_dup0_s20260629,bonded,6423,PRIVPROBE:1,cache_hit,0,False,0,cache
m12_no_attack_dup0_s20260629_bonded,P3-Persist,m12_no_attack_dup0_s20260629,bonded,6451,PRIVPROBE:1,cache_hit,0,False,0,cache
m12_no_attack_dup0_s20260629_bonded,P3-Persist,m12_no_attack_dup0_s20260629,bonded,6474,PRIVPROBE:1,cache_hit,0,False,0,cache
m12_no_attack_dup0_s20260629_bonded,P3-Persist,m12_no_attack_dup0_s20260629,bonded,6496,PRIVPROBE:1,cache_hit,0,False,0,cache
m12_no_attack_dup0_s20260629_bonded,P3-Persist,m12_no_attack_dup0_s20260629,bonded,6520,PRIVPROBE:1,cache_hit,0,False,0,cache
m12_no_attack_dup0_s20260629_bonded,P3-Persist,m12_no_attack_dup0_s20260629,bonded,6540,PRIVPROBE:1,cache_hit,0,False,0,cache
m12_no_attack_dup0_s20260629_bonded,P3-Persist,m12_no_attack_dup0_s20260629,bonded,6566,PRIVPROBE:1,cache_hit,0,False,0,cache
m12_no_attack_dup0_s20260629_bonded,P3-Persist,m12_no_attack_dup0_s20260629,bonded,6589,PRIVPROBE:1,cache_hit,0,False,0,cache
m12_no_attack_dup0_s20260629_bonded,P3-Persist,m12_no_attack_dup0_s20260629,bonded,6611,PRIVPROBE:1,cache_hit,0,False,0,cache
m12_no_attack_dup0_s20260629_bonded,P3-Persist,m12_no_attack_dup0_s20260629,bonded,6642,PRIVPROBE:1,cache_hit,0,False,0,cache
m12_no_attack_dup0_s20260629_bonded,P3-Persist,m12_no_attack_dup0_s20260629,bonded,6659,PRIVPROBE:1,cache_hit,0,False,0,cache
m12_no_attack_dup0_s20260629_bonded,P3-Persist,m12_no_attack_dup0_s20260629,bonded,6683,PRIVPROBE:1,cache_hit,0,False,0,cache
m12_no_attack_dup0_s20260629_bonded,P3-Persist,m12_no_attack_dup0_s20260629,bonded,6712,PRIVPROBE:1,cache_hit,0,False,0,cache
m12_no_attack_dup0_s20260629_bonded,P3-Persist,m12_no_attack_dup0_s20260629,bonded,6732,PRIVPROBE:1,cache_hit,0,False,0,cache
m12_no_attack_dup0_s20260629_bonded,P3-Persist,m12_no_attack_dup0_s20260629,bonded,6770,PRIVPROBE:1,cache_hit,0,False,0,cache
m12_no_attack_dup0_s20260629_bonded,P3-Persist,m12_no_attack_dup0_s20260629,bonded,6792,PRIVPROBE:1,cache_hit,0,False,0,cache
m12_no_attack_dup0_s20260629_bonded,P3-Persist,m12_no_attack_dup0_s20260629,bonded,6811,PRIVPROBE:1,cache_hit,0,False,0,cache
m12_no_attack_dup0_s20260629_bonded,P3-Persist,m12_no_attack_dup0_s20260629,bonded,6826,PRIVPROBE:1,cache_hit,0,False,0,cache
m12_no_attack_dup0_s20260629_bonded,P3-Persist,m12_no_attack_dup0_s20260629,bonded,6842,PRIVPROBE:1,cache_hit,0,False,0,cache
m12_no_attack_dup0_s20260629_bonded,P3-Persist,m12_no_attack_dup0_s20260629,bonded,6859,PRIVPROBE:1,cache_hit,0,False,0,cache
m12_no_attack_dup0_s20260629_bonded,P3-Persist,m12_no_attack_dup0_s20260629,bonded,6878,PRIVPROBE:1,cache_hit,0,False,0,cache
m12_no_attack_dup0_s20260629_bonded,P3-Persist,m12_no_attack_dup0_s20260629,bonded,6898,PRIVPROBE:1,cache_hit,0,False,0,cache
m12_no_attack_dup0_s20260629_bonded,P3-Persist,m12_no_attack_dup0_s20260629,bonded,6915,PRIVPROBE:1,cache_hit,0,False,0,cache
m12_no_attack_dup0_s20260629_bonded,P3-Persist,m12_no_attack_dup0_s20260629,bonded,6939,PRIVPROBE:1,cache_hit,0,False,0,cache
m12_no_attack_dup0_s20260629_bonded,P3-Persist,m12_no_attack_dup0_s20260629,bonded,6965,PRIVPROBE:1,cache_hit,0,False,0,cache
m12_no_attack_dup0_s20260629_bonded,P3-Persist,m12_no_attack_dup0_s20260629,bonded,6983,PRIVPROBE:1,cache_hit,0,False,0,cache
m12_no_attack_dup0_s20260629_bonded,P3-Persist,m12_no_attack_dup0_s20260629,bonded,7006,PRIVPROBE:1,cache_hit,0,False,0,cache
m12_no_attack_dup0_s20260629_bonded,P3-Persist,m12_no_attack_dup0_s20260629,bonded,7019,PRIVPROBE:1,cache_hit,0,False,0,cache
m12_no_attack_dup0_s20260629_bonded,P3-Persist,m12_no_attack_dup0_s20260629,bonded,7039,PRIVPROBE:1,cache_hit,0,False,0,cache
m12_no_attack_dup0_s20260629_bonded,P3-Persist,m12_no_attack_dup0_s20260629,bonded,7054,PRIVPROBE:1,cache_hit,0,False,0,cache
m12_no_attack_dup0_s20260629_bonded,P3-Persist,m12_no_attack_dup0_s20260629,bonded,7071,PRIVPROBE:1,cache_hit,0,False,0,cache
m12_no_attack_dup0_s20260629_bonded,P3-Persist,m12_no_attack_dup0_s20260629,bonded,7092,PRIVPROBE:1,cache_hit,0,False,0,cache
m12_no_attack_dup0_s20260629_bonded,P3-Persist,m12_no_attack_dup0_s20260629,bonded,7125,PRIVPROBE:1,cache_hit,0,False,0,cache
m12_no_attack_dup0_s20260629_bonded,P3-Persist,m12_no_attack_dup0_s20260629,bonded,7155,PRIVPROBE:1,cache_hit,0,False,0,cache
m12_no_attack_dup0_s20260629_bonded,P3-Persist,m12_no_attack_dup0_s20260629,bonded,7179,PRIVPROBE:1,cache_hit,0,False,0,cache
m12_no_attack_dup0_s20260629_bonded,P3-Persist,m12_no_attack_dup0_s20260629,bonded,7202,PRIVPROBE:1,cache_hit,0,False,0,cache
m12_no_attack_dup0_s20260629_bonded,P3-Persist,m12_no_attack_dup0_s20260629,bonded,7229,PRIVPROBE:1,cache_hit,0,False,0,cache
m12_no_attack_dup0_s20260629_bonded,P3-Persist,m12_no_attack_dup0_s20260629,bonded,7245,PRIVPROBE:1,cache_hit,0,False,0,cache
m12_no_attack_dup0_s20260629_bonded,P3-Persist,m12_no_attack_dup0_s20260629,bonded,7263,PRIVPROBE:1,cache_hit,0,False,0,cache
m12_no_attack_dup0_s20260629_bonded,P3-Persist,m12_no_attack_dup0_s20260629,bonded,7287,PRIVPROBE:1,cache_hit,0,False,0,cache
m12_no_attack_dup0_s20260629_bonded,P3-Persist,m12_no_attack_dup0_s20260629,bonded,7310,PRIVPROBE:1,cache_hit,0,False,0,cache
m12_no_attack_dup0_s20260629_bonded,P3-Persist,m12_no_attack_dup0_s20260629,bonded,7332,PRIVPROBE:1,cache_hit,0,False,0,cache
m12_no_attack_dup0_s20260629_bonded,P3-Persist,m12_no_attack_dup0_s20260629,bonded,7354,PRIVPROBE:1,cache_hit,0,False,0,cache
m12_no_attack_dup0_s20260629_bonded,P3-Persist,m12_no_attack_dup0_s20260629,bonded,7369,PRIVPROBE:1,cache_hit,0,False,0,cache
m12_no_attack_dup0_s20260629_bonded,P3-Persist,m12_no_attack_dup0_s20260629,bonded,7387,PRIVPROBE:1,cache_hit,0,False,0,cache
m12_no_attack_dup0_s20260629_bonded,P3-Persist,m12_no_attack_dup0_s20260629,bonded,7406,PRIVPROBE:1,cache_hit,0,False,0,cache
m12_no_attack_dup0_s20260629_bonded,P3-Persist,m12_no_attack_dup0_s20260629,bonded,7434,PRIVPROBE:1,cache_hit,0,False,0,cache
m12_no_attack_dup0_s20260629_bonded,P3-Persist,m12_no_attack_dup0_s20260629,bonded,7463,PRIVPROBE:1,cache_hit,0,False,0,cache
m12_no_attack_dup0_s20260629_bonded,P3-Persist,m12_no_attack_dup0_s20260629,bonded,7490,PRIVPROBE:1,cache_hit,0,False,0,cache
m12_no_attack_dup0_s20260629_bonded,P3-Persist,m12_no_attack_dup0_s20260629,bonded,7501,PRIVPROBE:1,cache_hit,0,False,0,cache
m12_no_attack_dup0_s20260629_bonded,P3-Persist,m12_no_attack_dup0_s20260629,bonded,7527,PRIVPROBE:1,cache_hit,0,False,0,cache
m12_no_attack_dup0_s20260629_bonded,P3-Persist,m12_no_attack_dup0_s20260629,bonded,7552,PRIVPROBE:1,cache_hit,0,False,0,cache
m12_no_attack_dup0_s20260629_bonded,P3-Persist,m12_no_attack_dup0_s20260629,bonded,7573,PRIVPROBE:1,cache_hit,0,False,0,cache
m12_no_attack_dup0_s20260629_bonded,P3-Persist,m12_no_attack_dup0_s20260629,bonded,7590,PRIVPROBE:1,cache_hit,0,False,0,cache
m12_no_attack_dup0_s20260629_bonded,P3-Persist,m12_no_attack_dup0_s20260629,bonded,7614,PRIVPROBE:1,cache_hit,0,False,0,cache
m12_no_attack_dup0_s20260629_bonded,P3-Persist,m12_no_attack_dup0_s20260629,bonded,7635,PRIVPROBE:1,cache_hit,0,False,0,cache
m12_no_attack_dup0_s20260629_bonded,P3-NoPersist,m12_no_attack_dup0_s20260629,bonded,1264,PRIVPROBE:0,cache_hit,0,False,0,cache
m12_no_attack_dup0_s20260629_bonded,P3-NoPersist,m12_no_attack_dup0_s20260629,bonded,1281,PRIVPROBE:0,cache_hit,0,False,0,cache
m12_no_attack_dup0_s20260629_bonded,P3-NoPersist,m12_no_attack_dup0_s20260629,bonded,1302,PRIVPROBE:0,cache_hit,0,False,0,cache
m12_no_attack_dup0_s20260629_bonded,P3-NoPersist,m12_no_attack_dup0_s20260629,bonded,1324,PRIVPROBE:0,cache_hit,0,False,0,cache
m12_no_attack_dup0_s20260629_bonded,P3-NoPersist,m12_no_attack_dup0_s20260629,bonded,1342,PRIVPROBE:0,cache_hit,0,False,0,cache
m12_no_attack_dup0_s20260629_bonded,P3-NoPersist,m12_no_attack_dup0_s20260629,bonded,1366,PRIVPROBE:0,cache_hit,0,False,0,cache
m12_no_attack_dup0_s20260629_bonded,P3-NoPersist,m12_no_attack_dup0_s20260629,bonded,1383,PRIVPROBE:0,cache_hit,0,False,0,cache
m12_no_attack_dup0_s20260629_bonded,P3-NoPersist,m12_no_attack_dup0_s20260629,bonded,1411,PRIVPROBE:0,cache_hit,0,False,0,cache
m12_no_attack_dup0_s20260629_bonded,P3-NoPersist,m12_no_attack_dup0_s20260629,bonded,1434,PRIVPROBE:0,cache_hit,0,False,0,cache
m12_no_attack_dup0_s20260629_bonded,P3-NoPersist,m12_no_attack_dup0_s20260629,bonded,1459,PRIVPROBE:0,cache_hit,0,False,0,cache
m12_no_attack_dup0_s20260629_bonded,P3-NoPersist,m12_no_attack_dup0_s20260629,bonded,1490,PRIVPROBE:0,cache_hit,0,False,0,cache
m12_no_attack_dup0_s20260629_bonded,P3-NoPersist,m12_no_attack_dup0_s20260629,bonded,1507,PRIVPROBE:0,cache_hit,0,False,0,cache
m12_no_attack_dup0_s20260629_bonded,P3-NoPersist,m12_no_attack_dup0_s20260629,bonded,1533,PRIVPROBE:0,cache_hit,0,False,0,cache
m12_no_attack_dup0_s20260629_bonded,P3-NoPersist,m12_no_attack_dup0_s20260629,bonded,1548,PRIVPROBE:0,cache_hit,0,False,0,cache
m12_no_attack_dup0_s20260629_bonded,P3-NoPersist,m12_no_attack_dup0_s20260629,bonded,1575,PRIVPROBE:0,cache_hit,0,False,0,cache
m12_no_attack_dup0_s20260629_bonded,P3-NoPersist,m12_no_attack_dup0_s20260629,bonded,1586,PRIVPROBE:0,cache_hit,0,False,0,cache
m12_no_attack_dup0_s20260629_bonded,P3-NoPersist,m12_no_attack_dup0_s20260629,bonded,1623,PRIVPROBE:0,cache_hit,0,False,0,cache
m12_no_attack_dup0_s20260629_bonded,P3-NoPersist,m12_no_attack_dup0_s20260629,bonded,1649,PRIVPROBE:0,cache_hit,0,False,0,cache
m12_no_attack_dup0_s20260629_bonded,P3-NoPersist,m12_no_attack_dup0_s20260629,bonded,1671,PRIVPROBE:0,cache_hit,0,False,0,cache
m12_no_attack_dup0_s20260629_bonded,P3-NoPersist,m12_no_attack_dup0_s20260629,bonded,1691,PRIVPROBE:0,cache_hit,0,False,0,cache
m12_no_attack_dup0_s20260629_bonded,P3-NoPersist,m12_no_attack_dup0_s20260629,bonded,1713,PRIVPROBE:0,cache_hit,0,False,0,cache
m12_no_attack_dup0_s20260629_bonded,P3-NoPersist,m12_no_attack_dup0_s20260629,bonded,1728,PRIVPROBE:0,cache_hit,0,False,0,cache
m12_no_attack_dup0_s20260629_bonded,P3-NoPersist,m12_no_attack_dup0_s20260629,bonded,1748,PRIVPROBE:0,cache_hit,0,False,0,cache
m12_no_attack_dup0_s20260629_bonded,P3-NoPersist,m12_no_attack_dup0_s20260629,bonded,1772,PRIVPROBE:0,cache_hit,0,False,0,cache
m12_no_attack_dup0_s20260629_bonded,P3-NoPersist,m12_no_attack_dup0_s20260629,bonded,1785,PRIVPROBE:0,cache_hit,0,False,0,cache
m12_no_attack_dup0_s20260629_bonded,P3-NoPersist,m12_no_attack_dup0_s20260629,bonded,1802,PRIVPROBE:0,cache_hit,0,False,0,cache
m12_no_attack_dup0_s20260629_bonded,P3-NoPersist,m12_no_attack_dup0_s20260629,bonded,1830,PRIVPROBE:0,cache_hit,0,False,0,cache
m12_no_attack_dup0_s20260629_bonded,P3-NoPersist,m12_no_attack_dup0_s20260629,bonded,1856,PRIVPROBE:0,cache_hit,0,False,0,cache
m12_no_attack_dup0_s20260629_bonded,P3-NoPersist,m12_no_attack_dup0_s20260629,bonded,1878,PRIVPROBE:0,cache_hit,0,False,0,cache
m12_no_attack_dup0_s20260629_bonded,P3-NoPersist,m12_no_attack_dup0_s20260629,bonded,1893,PRIVPROBE:0,cache_hit,0,False,0,cache
m12_no_attack_dup0_s20260629_bonded,P3-NoPersist,m12_no_attack_dup0_s20260629,bonded,1912,PRIVPROBE:0,cache_hit,0,False,0,cache
m12_no_attack_dup0_s20260629_bonded,P3-NoPersist,m12_no_attack_dup0_s20260629,bonded,1943,PRIVPROBE:0,cache_hit,0,False,0,cache
m12_no_attack_dup0_s20260629_bonded,P3-NoPersist,m12_no_attack_dup0_s20260629,bonded,1969,PRIVPROBE:0,cache_hit,0,False,0,cache
m12_no_attack_dup0_s20260629_bonded,P3-NoPersist,m12_no_attack_dup0_s20260629,bonded,1998,PRIVPROBE:0,cache_hit,0,False,0,cache
m12_no_attack_dup0_s20260629_bonded,P3-NoPersist,m12_no_attack_dup0_s20260629,bonded,2021,PRIVPROBE:0,cache_hit,0,False,0,cache
m12_no_attack_dup0_s20260629_bonded,P3-NoPersist,m12_no_attack_dup0_s20260629,bonded,2029,PRIVPROBE:0,cache_hit,0,False,0,cache
m12_no_attack_dup0_s20260629_bonded,P3-NoPersist,m12_no_attack_dup0_s20260629,bonded,2055,PRIVPROBE:0,cache_hit,0,False,0,cache
m12_no_attack_dup0_s20260629_bonded,P3-NoPersist,m12_no_attack_dup0_s20260629,bonded,2084,PRIVPROBE:0,cache_hit,0,False,0,cache
m12_no_attack_dup0_s20260629_bonded,P3-NoPersist,m12_no_attack_dup0_s20260629,bonded,2106,PRIVPROBE:0,cache_hit,0,False,0,cache
m12_no_attack_dup0_s20260629_bonded,P3-NoPersist,m12_no_attack_dup0_s20260629,bonded,2128,PRIVPROBE:0,cache_hit,0,False,0,cache
m12_no_attack_dup0_s20260629_bonded,P3-NoPersist,m12_no_attack_dup0_s20260629,bonded,2168,PRIVPROBE:0,cache_hit,0,False,0,cache
m12_no_attack_dup0_s20260629_bonded,P3-NoPersist,m12_no_attack_dup0_s20260629,bonded,2186,PRIVPROBE:0,cache_hit,0,False,0,cache
m12_no_attack_dup0_s20260629_bonded,P3-NoPersist,m12_no_attack_dup0_s20260629,bonded,2209,PRIVPROBE:0,cache_hit,0,False,0,cache
m12_no_attack_dup0_s20260629_bonded,P3-NoPersist,m12_no_attack_dup0_s20260629,bonded,2232,PRIVPROBE:0,cache_hit,0,False,0,cache
m12_no_attack_dup0_s20260629_bonded,P3-NoPersist,m12_no_attack_dup0_s20260629,bonded,2251,PRIVPROBE:0,cache_hit,0,False,0,cache
m12_no_attack_dup0_s20260629_bonded,P3-NoPersist,m12_no_attack_dup0_s20260629,bonded,2274,PRIVPROBE:0,cache_hit,0,False,0,cache
m12_no_attack_dup0_s20260629_bonded,P3-NoPersist,m12_no_attack_dup0_s20260629,bonded,2303,PRIVPROBE:0,cache_hit,0,False,0,cache
m12_no_attack_dup0_s20260629_bonded,P3-NoPersist,m12_no_attack_dup0_s20260629,bonded,2325,PRIVPROBE:0,cache_hit,0,False,0,cache
m12_no_attack_dup0_s20260629_bonded,P3-NoPersist,m12_no_attack_dup0_s20260629,bonded,2344,PRIVPROBE:0,cache_hit,0,False,0,cache
m12_no_attack_dup0_s20260629_bonded,P3-NoPersist,m12_no_attack_dup0_s20260629,bonded,2368,PRIVPROBE:0,cache_hit,0,False,0,cache
m12_no_attack_dup0_s20260629_bonded,P3-NoPersist,m12_no_attack_dup0_s20260629,bonded,2386,PRIVPROBE:0,cache_hit,0,False,0,cache
m12_no_attack_dup0_s20260629_bonded,P3-NoPersist,m12_no_attack_dup0_s20260629,bonded,2402,PRIVPROBE:0,cache_hit,0,False,0,cache
m12_no_attack_dup0_s20260629_bonded,P3-NoPersist,m12_no_attack_dup0_s20260629,bonded,2433,PRIVPROBE:0,cache_hit,0,False,0,cache
m12_no_attack_dup0_s20260629_bonded,P3-NoPersist,m12_no_attack_dup0_s20260629,bonded,2454,PRIVPROBE:0,cache_hit,0,False,0,cache
m12_no_attack_dup0_s20260629_bonded,P3-NoPersist,m12_no_attack_dup0_s20260629,bonded,2472,PRIVPROBE:0,cache_hit,0,False,0,cache
m12_no_attack_dup0_s20260629_bonded,P3-NoPersist,m12_no_attack_dup0_s20260629,bonded,2493,PRIVPROBE:0,cache_hit,0,False,0,cache
m12_no_attack_dup0_s20260629_bonded,P3-NoPersist,m12_no_attack_dup0_s20260629,bonded,2514,PRIVPROBE:0,cache_hit,0,False,0,cache
m12_no_attack_dup0_s20260629_bonded,P3-NoPersist,m12_no_attack_dup0_s20260629,bonded,2538,PRIVPROBE:0,cache_hit,0,False,0,cache
m12_no_attack_dup0_s20260629_bonded,P3-NoPersist,m12_no_attack_dup0_s20260629,bonded,2558,PRIVPROBE:0,cache_hit,0,False,0,cache
m12_no_attack_dup0_s20260629_bonded,P3-NoPersist,m12_no_attack_dup0_s20260629,bonded,2576,PRIVPROBE:0,cache_hit,0,False,0,cache
m12_no_attack_dup0_s20260629_bonded,P3-NoPersist,m12_no_attack_dup0_s20260629,bonded,2605,PRIVPROBE:0,cache_hit,0,False,0,cache
m12_no_attack_dup0_s20260629_bonded,P3-NoPersist,m12_no_attack_dup0_s20260629,bonded,2628,PRIVPROBE:0,cache_hit,0,False,0,cache
m12_no_attack_dup0_s20260629_bonded,P3-NoPersist,m12_no_attack_dup0_s20260629,bonded,2662,PRIVPROBE:0,cache_hit,0,False,0,cache
m12_no_attack_dup0_s20260629_bonded,P3-NoPersist,m12_no_attack_dup0_s20260629,bonded,2692,PRIVPROBE:0,cache_hit,0,False,0,cache
m12_no_attack_dup0_s20260629_bonded,P3-NoPersist,m12_no_attack_dup0_s20260629,bonded,2713,PRIVPROBE:0,cache_hit,0,False,0,cache
m12_no_attack_dup0_s20260629_bonded,P3-NoPersist,m12_no_attack_dup0_s20260629,bonded,2729,PRIVPROBE:0,cache_hit,0,False,0,cache
m12_no_attack_dup0_s20260629_bonded,P3-NoPersist,m12_no_attack_dup0_s20260629,bonded,2745,PRIVPROBE:0,cache_hit,0,False,0,cache
m12_no_attack_dup0_s20260629_bonded,P3-NoPersist,m12_no_attack_dup0_s20260629,bonded,2768,PRIVPROBE:0,cache_hit,0,False,0,cache
m12_no_attack_dup0_s20260629_bonded,P3-NoPersist,m12_no_attack_dup0_s20260629,bonded,2786,PRIVPROBE:0,cache_hit,0,False,0,cache
m12_no_attack_dup0_s20260629_bonded,P3-NoPersist,m12_no_attack_dup0_s20260629,bonded,2801,PRIVPROBE:0,cache_hit,0,False,0,cache
m12_no_attack_dup0_s20260629_bonded,P3-NoPersist,m12_no_attack_dup0_s20260629,bonded,2825,PRIVPROBE:0,cache_hit,0,False,0,cache
m12_no_attack_dup0_s20260629_bonded,P3-NoPersist,m12_no_attack_dup0_s20260629,bonded,2846,PRIVPROBE:0,cache_hit,0,False,0,cache
m12_no_attack_dup0_s20260629_bonded,P3-NoPersist,m12_no_attack_dup0_s20260629,bonded,2865,PRIVPROBE:0,cache_hit,0,False,0,cache
m12_no_attack_dup0_s20260629_bonded,P3-NoPersist,m12_no_attack_dup0_s20260629,bonded,2876,PRIVPROBE:0,cache_hit,0,False,0,cache
m12_no_attack_dup0_s20260629_bonded,P3-NoPersist,m12_no_attack_dup0_s20260629,bonded,2902,PRIVPROBE:0,cache_hit,0,False,0,cache
m12_no_attack_dup0_s20260629_bonded,P3-NoPersist,m12_no_attack_dup0_s20260629,bonded,2923,PRIVPROBE:0,cache_hit,0,False,0,cache
m12_no_attack_dup0_s20260629_bonded,P3-NoPersist,m12_no_attack_dup0_s20260629,bonded,2937,PRIVPROBE:0,cache_hit,0,False,0,cache
m12_no_attack_dup0_s20260629_bonded,P3-NoPersist,m12_no_attack_dup0_s20260629,bonded,2947,PRIVPROBE:0,cache_hit,0,False,0,cache
m12_no_attack_dup0_s20260629_bonded,P3-NoPersist,m12_no_attack_dup0_s20260629,bonded,2965,PRIVPROBE:0,cache_hit,0,False,0,cache
m12_no_attack_dup0_s20260629_bonded,P3-NoPersist,m12_no_attack_dup0_s20260629,bonded,2988,PRIVPROBE:0,cache_hit,0,False,0,cache
m12_no_attack_dup0_s20260629_bonded,P3-NoPersist,m12_no_attack_dup0_s20260629,bonded,3000,PRIVPROBE:0,cache_hit,0,False,0,cache
m12_no_attack_dup0_s20260629_bonded,P3-NoPersist,m12_no_attack_dup0_s20260629,bonded,3016,PRIVPROBE:0,cache_hit,0,False,0,cache
m12_no_attack_dup0_s20260629_bonded,P3-NoPersist,m12_no_attack_dup0_s20260629,bonded,3040,PRIVPROBE:0,cache_hit,0,False,0,cache
m12_no_attack_dup0_s20260629_bonded,P3-NoPersist,m12_no_attack_dup0_s20260629,bonded,3058,PRIVPROBE:0,cache_hit,0,False,0,cache
m12_no_attack_dup0_s20260629_bonded,P3-NoPersist,m12_no_attack_dup0_s20260629,bonded,3081,PRIVPROBE:0,cache_hit,0,False,0,cache
m12_no_attack_dup0_s20260629_bonded,P3-NoPersist,m12_no_attack_dup0_s20260629,bonded,3104,PRIVPROBE:0,cache_hit,0,False,0,cache
m12_no_attack_dup0_s20260629_bonded,P3-NoPersist,m12_no_attack_dup0_s20260629,bonded,3120,PRIVPROBE:0,cache_hit,0,False,0,cache
m12_no_attack_dup0_s20260629_bonded,P3-NoPersist,m12_no_attack_dup0_s20260629,bonded,3139,PRIVPROBE:0,cache_hit,0,False,0,cache
m12_no_attack_dup0_s20260629_bonded,P3-NoPersist,m12_no_attack_dup0_s20260629,bonded,3160,PRIVPROBE:0,cache_hit,0,False,0,cache
m12_no_attack_dup0_s20260629_bonded,P3-NoPersist,m12_no_attack_dup0_s20260629,bonded,3185,PRIVPROBE:0,cache_hit,0,False,0,cache
m12_no_attack_dup0_s20260629_bonded,P3-NoPersist,m12_no_attack_dup0_s20260629,bonded,3208,PRIVPROBE:0,cache_hit,0,False,0,cache
m12_no_attack_dup0_s20260629_bonded,P3-NoPersist,m12_no_attack_dup0_s20260629,bonded,3227,PRIVPROBE:0,cache_hit,0,False,0,cache
m12_no_attack_dup0_s20260629_bonded,P3-NoPersist,m12_no_attack_dup0_s20260629,bonded,3251,PRIVPROBE:0,cache_hit,0,False,0,cache
m12_no_attack_dup0_s20260629_bonded,P3-NoPersist,m12_no_attack_dup0_s20260629,bonded,3273,PRIVPROBE:0,cache_hit,0,False,0,cache
m12_no_attack_dup0_s20260629_bonded,P3-NoPersist,m12_no_attack_dup0_s20260629,bonded,3284,PRIVPROBE:0,cache_hit,0,False,0,cache
m12_no_attack_dup0_s20260629_bonded,P3-NoPersist,m12_no_attack_dup0_s20260629,bonded,3307,PRIVPROBE:0,cache_hit,0,False,0,cache
m12_no_attack_dup0_s20260629_bonded,P3-NoPersist,m12_no_attack_dup0_s20260629,bonded,3328,PRIVPROBE:0,cache_hit,0,False,0,cache
m12_no_attack_dup0_s20260629_bonded,P3-NoPersist,m12_no_attack_dup0_s20260629,bonded,3352,PRIVPROBE:0,cache_hit,0,False,0,cache
m12_no_attack_dup0_s20260629_bonded,P3-NoPersist,m12_no_attack_dup0_s20260629,bonded,3374,PRIVPROBE:0,cache_hit,0,False,0,cache
m12_no_attack_dup0_s20260629_bonded,P3-NoPersist,m12_no_attack_dup0_s20260629,bonded,3400,PRIVPROBE:0,cache_hit,0,False,0,cache
m12_no_attack_dup0_s20260629_bonded,P3-NoPersist,m12_no_attack_dup0_s20260629,bonded,3423,PRIVPROBE:0,cache_hit,0,False,0,cache
m12_no_attack_dup0_s20260629_bonded,P3-NoPersist,m12_no_attack_dup0_s20260629,bonded,3441,PRIVPROBE:0,cache_hit,0,False,0,cache
m12_no_attack_dup0_s20260629_bonded,P3-NoPersist,m12_no_attack_dup0_s20260629,bonded,3460,PRIVPROBE:0,cache_hit,0,False,0,cache
m12_no_attack_dup0_s20260629_bonded,P3-NoPersist,m12_no_attack_dup0_s20260629,bonded,3490,PRIVPROBE:0,cache_hit,0,False,0,cache
m12_no_attack_dup0_s20260629_bonded,P3-NoPersist,m12_no_attack_dup0_s20260629,bonded,3504,PRIVPROBE:0,cache_hit,0,False,0,cache
m12_no_attack_dup0_s20260629_bonded,P3-NoPersist,m12_no_attack_dup0_s20260629,bonded,3528,PRIVPROBE:0,cache_hit,0,False,0,cache
m12_no_attack_dup0_s20260629_bonded,P3-NoPersist,m12_no_attack_dup0_s20260629,bonded,3553,PRIVPROBE:0,cache_hit,0,False,0,cache
m12_no_attack_dup0_s20260629_bonded,P3-NoPersist,m12_no_attack_dup0_s20260629,bonded,3573,PRIVPROBE:0,cache_hit,0,False,0,cache
m12_no_attack_dup0_s20260629_bonded,P3-NoPersist,m12_no_attack_dup0_s20260629,bonded,3599,PRIVPROBE:0,cache_hit,0,False,0,cache
m12_no_attack_dup0_s20260629_bonded,P3-NoPersist,m12_no_attack_dup0_s20260629,bonded,3622,PRIVPROBE:0,cache_hit,0,False,0,cache
m12_no_attack_dup0_s20260629_bonded,P3-NoPersist,m12_no_attack_dup0_s20260629,bonded,3646,PRIVPROBE:0,cache_hit,0,False,0,cache
m12_no_attack_dup0_s20260629_bonded,P3-NoPersist,m12_no_attack_dup0_s20260629,bonded,3671,PRIVPROBE:0,cache_hit,0,False,0,cache
m12_no_attack_dup0_s20260629_bonded,P3-NoPersist,m12_no_attack_dup0_s20260629,bonded,3689,PRIVPROBE:0,cache_hit,0,False,0,cache
m12_no_attack_dup0_s20260629_bonded,P3-NoPersist,m12_no_attack_dup0_s20260629,bonded,3714,PRIVPROBE:0,cache_hit,0,False,0,cache
m12_no_attack_dup0_s20260629_bonded,P3-NoPersist,m12_no_attack_dup0_s20260629,bonded,3735,PRIVPROBE:0,cache_hit,0,False,0,cache
m12_no_attack_dup0_s20260629_bonded,P3-NoPersist,m12_no_attack_dup0_s20260629,bonded,3754,PRIVPROBE:0,cache_hit,0,False,0,cache
m12_no_attack_dup0_s20260629_bonded,P3-NoPersist,m12_no_attack_dup0_s20260629,bonded,3781,PRIVPROBE:0,cache_hit,0,False,0,cache
m12_no_attack_dup0_s20260629_bonded,P3-NoPersist,m12_no_attack_dup0_s20260629,bonded,3799,PRIVPROBE:0,cache_hit,0,False,0,cache
m12_no_attack_dup0_s20260629_bonded,P3-NoPersist,m12_no_attack_dup0_s20260629,bonded,3818,PRIVPROBE:0,cache_hit,0,False,0,cache
m12_no_attack_dup0_s20260629_bonded,P3-NoPersist,m12_no_attack_dup0_s20260629,bonded,3834,PRIVPROBE:0,cache_hit,0,False,0,cache
m12_no_attack_dup0_s20260629_bonded,P3-NoPersist,m12_no_attack_dup0_s20260629,bonded,3857,PRIVPROBE:1,host_scan,504,False,0,host_scan
m12_no_attack_dup0_s20260629_bonded,P3-NoPersist,m12_no_attack_dup0_s20260629,bonded,3878,PRIVPROBE:1,cache_hit,0,False,0,cache
m12_no_attack_dup0_s20260629_bonded,P3-NoPersist,m12_no_attack_dup0_s20260629,bonded,3911,PRIVPROBE:1,cache_hit,0,False,0,cache
m12_no_attack_dup0_s20260629_bonded,P3-NoPersist,m12_no_attack_dup0_s20260629,bonded,3948,PRIVPROBE:1,cache_hit,0,False,0,cache
m12_no_attack_dup0_s20260629_bonded,P3-NoPersist,m12_no_attack_dup0_s20260629,bonded,3965,PRIVPROBE:1,cache_hit,0,False,0,cache
m12_no_attack_dup0_s20260629_bonded,P3-NoPersist,m12_no_attack_dup0_s20260629,bonded,3985,PRIVPROBE:1,cache_hit,0,False,0,cache
m12_no_attack_dup0_s20260629_bonded,P3-NoPersist,m12_no_attack_dup0_s20260629,bonded,4000,PRIVPROBE:1,cache_hit,0,False,0,cache
m12_no_attack_dup0_s20260629_bonded,P3-NoPersist,m12_no_attack_dup0_s20260629,bonded,4015,PRIVPROBE:1,cache_hit,0,False,0,cache
m12_no_attack_dup0_s20260629_bonded,P3-NoPersist,m12_no_attack_dup0_s20260629,bonded,4028,PRIVPROBE:1,cache_hit,0,False,0,cache
m12_no_attack_dup0_s20260629_bonded,P3-NoPersist,m12_no_attack_dup0_s20260629,bonded,4060,PRIVPROBE:1,cache_hit,0,False,0,cache
m12_no_attack_dup0_s20260629_bonded,P3-NoPersist,m12_no_attack_dup0_s20260629,bonded,4085,PRIVPROBE:1,cache_hit,0,False,0,cache
m12_no_attack_dup0_s20260629_bonded,P3-NoPersist,m12_no_attack_dup0_s20260629,bonded,4113,PRIVPROBE:1,cache_hit,0,False,0,cache
m12_no_attack_dup0_s20260629_bonded,P3-NoPersist,m12_no_attack_dup0_s20260629,bonded,4139,PRIVPROBE:1,cache_hit,0,False,0,cache
m12_no_attack_dup0_s20260629_bonded,P3-NoPersist,m12_no_attack_dup0_s20260629,bonded,4169,PRIVPROBE:1,cache_hit,0,False,0,cache
m12_no_attack_dup0_s20260629_bonded,P3-NoPersist,m12_no_attack_dup0_s20260629,bonded,4186,PRIVPROBE:1,cache_hit,0,False,0,cache
m12_no_attack_dup0_s20260629_bonded,P3-NoPersist,m12_no_attack_dup0_s20260629,bonded,4204,PRIVPROBE:1,cache_hit,0,False,0,cache
m12_no_attack_dup0_s20260629_bonded,P3-NoPersist,m12_no_attack_dup0_s20260629,bonded,4223,PRIVPROBE:1,cache_hit,0,False,0,cache
m12_no_attack_dup0_s20260629_bonded,P3-NoPersist,m12_no_attack_dup0_s20260629,bonded,4241,PRIVPROBE:1,cache_hit,0,False,0,cache
m12_no_attack_dup0_s20260629_bonded,P3-NoPersist,m12_no_attack_dup0_s20260629,bonded,4263,PRIVPROBE:1,cache_hit,0,False,0,cache
m12_no_attack_dup0_s20260629_bonded,P3-NoPersist,m12_no_attack_dup0_s20260629,bonded,4274,PRIVPROBE:1,cache_hit,0,False,0,cache
m12_no_attack_dup0_s20260629_bonded,P3-NoPersist,m12_no_attack_dup0_s20260629,bonded,4294,PRIVPROBE:1,cache_hit,0,False,0,cache
m12_no_attack_dup0_s20260629_bonded,P3-NoPersist,m12_no_attack_dup0_s20260629,bonded,4306,PRIVPROBE:1,cache_hit,0,False,0,cache
m12_no_attack_dup0_s20260629_bonded,P3-NoPersist,m12_no_attack_dup0_s20260629,bonded,4330,PRIVPROBE:1,cache_hit,0,False,0,cache
m12_no_attack_dup0_s20260629_bonded,P3-NoPersist,m12_no_attack_dup0_s20260629,bonded,4352,PRIVPROBE:1,cache_hit,0,False,0,cache
m12_no_attack_dup0_s20260629_bonded,P3-NoPersist,m12_no_attack_dup0_s20260629,bonded,4375,PRIVPROBE:1,cache_hit,0,False,0,cache
m12_no_attack_dup0_s20260629_bonded,P3-NoPersist,m12_no_attack_dup0_s20260629,bonded,4391,PRIVPROBE:1,cache_hit,0,False,0,cache
m12_no_attack_dup0_s20260629_bonded,P3-NoPersist,m12_no_attack_dup0_s20260629,bonded,4405,PRIVPROBE:1,cache_hit,0,False,0,cache
m12_no_attack_dup0_s20260629_bonded,P3-NoPersist,m12_no_attack_dup0_s20260629,bonded,4424,PRIVPROBE:1,cache_hit,0,False,0,cache
m12_no_attack_dup0_s20260629_bonded,P3-NoPersist,m12_no_attack_dup0_s20260629,bonded,4446,PRIVPROBE:1,cache_hit,0,False,0,cache
m12_no_attack_dup0_s20260629_bonded,P3-NoPersist,m12_no_attack_dup0_s20260629,bonded,4464,PRIVPROBE:1,cache_hit,0,False,0,cache
m12_no_attack_dup0_s20260629_bonded,P3-NoPersist,m12_no_attack_dup0_s20260629,bonded,4478,PRIVPROBE:1,cache_hit,0,False,0,cache
m12_no_attack_dup0_s20260629_bonded,P3-NoPersist,m12_no_attack_dup0_s20260629,bonded,4493,PRIVPROBE:1,cache_hit,0,False,0,cache
m12_no_attack_dup0_s20260629_bonded,P3-NoPersist,m12_no_attack_dup0_s20260629,bonded,4509,PRIVPROBE:1,cache_hit,0,False,0,cache
m12_no_attack_dup0_s20260629_bonded,P3-NoPersist,m12_no_attack_dup0_s20260629,bonded,4534,PRIVPROBE:1,cache_hit,0,False,0,cache
m12_no_attack_dup0_s20260629_bonded,P3-NoPersist,m12_no_attack_dup0_s20260629,bonded,4556,PRIVPROBE:1,cache_hit,0,False,0,cache
m12_no_attack_dup0_s20260629_bonded,P3-NoPersist,m12_no_attack_dup0_s20260629,bonded,4571,PRIVPROBE:1,cache_hit,0,False,0,cache
m12_no_attack_dup0_s20260629_bonded,P3-NoPersist,m12_no_attack_dup0_s20260629,bonded,4596,PRIVPROBE:1,cache_hit,0,False,0,cache
m12_no_attack_dup0_s20260629_bonded,P3-NoPersist,m12_no_attack_dup0_s20260629,bonded,4616,PRIVPROBE:1,cache_hit,0,False,0,cache
m12_no_attack_dup0_s20260629_bonded,P3-NoPersist,m12_no_attack_dup0_s20260629,bonded,4633,PRIVPROBE:1,cache_hit,0,False,0,cache
m12_no_attack_dup0_s20260629_bonded,P3-NoPersist,m12_no_attack_dup0_s20260629,bonded,4650,PRIVPROBE:1,cache_hit,0,False,0,cache
m12_no_attack_dup0_s20260629_bonded,P3-NoPersist,m12_no_attack_dup0_s20260629,bonded,4689,PRIVPROBE:1,cache_hit,0,False,0,cache
m12_no_attack_dup0_s20260629_bonded,P3-NoPersist,m12_no_attack_dup0_s20260629,bonded,4705,PRIVPROBE:1,cache_hit,0,False,0,cache
m12_no_attack_dup0_s20260629_bonded,P3-NoPersist,m12_no_attack_dup0_s20260629,bonded,4727,PRIVPROBE:1,cache_hit,0,False,0,cache
m12_no_attack_dup0_s20260629_bonded,P3-NoPersist,m12_no_attack_dup0_s20260629,bonded,4743,PRIVPROBE:1,cache_hit,0,False,0,cache
m12_no_attack_dup0_s20260629_bonded,P3-NoPersist,m12_no_attack_dup0_s20260629,bonded,4761,PRIVPROBE:1,cache_hit,0,False,0,cache
m12_no_attack_dup0_s20260629_bonded,P3-NoPersist,m12_no_attack_dup0_s20260629,bonded,4777,PRIVPROBE:1,cache_hit,0,False,0,cache
m12_no_attack_dup0_s20260629_bonded,P3-NoPersist,m12_no_attack_dup0_s20260629,bonded,4793,PRIVPROBE:1,cache_hit,0,False,0,cache
m12_no_attack_dup0_s20260629_bonded,P3-NoPersist,m12_no_attack_dup0_s20260629,bonded,4819,PRIVPROBE:1,cache_hit,0,False,0,cache
m12_no_attack_dup0_s20260629_bonded,P3-NoPersist,m12_no_attack_dup0_s20260629,bonded,4843,PRIVPROBE:1,cache_hit,0,False,0,cache
m12_no_attack_dup0_s20260629_bonded,P3-NoPersist,m12_no_attack_dup0_s20260629,bonded,4861,PRIVPROBE:1,cache_hit,0,False,0,cache
m12_no_attack_dup0_s20260629_bonded,P3-NoPersist,m12_no_attack_dup0_s20260629,bonded,4878,PRIVPROBE:1,cache_hit,0,False,0,cache
m12_no_attack_dup0_s20260629_bonded,P3-NoPersist,m12_no_attack_dup0_s20260629,bonded,4904,PRIVPROBE:1,cache_hit,0,False,0,cache
m12_no_attack_dup0_s20260629_bonded,P3-NoPersist,m12_no_attack_dup0_s20260629,bonded,4936,PRIVPROBE:1,cache_hit,0,False,0,cache
m12_no_attack_dup0_s20260629_bonded,P3-NoPersist,m12_no_attack_dup0_s20260629,bonded,4965,PRIVPROBE:1,cache_hit,0,False,0,cache
m12_no_attack_dup0_s20260629_bonded,P3-NoPersist,m12_no_attack_dup0_s20260629,bonded,4982,PRIVPROBE:1,cache_hit,0,False,0,cache
m12_no_attack_dup0_s20260629_bonded,P3-NoPersist,m12_no_attack_dup0_s20260629,bonded,5002,PRIVPROBE:1,cache_hit,0,False,0,cache
m12_no_attack_dup0_s20260629_bonded,P3-NoPersist,m12_no_attack_dup0_s20260629,bonded,5027,PRIVPROBE:1,cache_hit,0,False,0,cache
m12_no_attack_dup0_s20260629_bonded,P3-NoPersist,m12_no_attack_dup0_s20260629,bonded,5052,PRIVPROBE:1,cache_hit,0,False,0,cache
m12_no_attack_dup0_s20260629_bonded,P3-NoPersist,m12_no_attack_dup0_s20260629,bonded,5068,PRIVPROBE:1,cache_hit,0,False,0,cache
m12_no_attack_dup0_s20260629_bonded,P3-NoPersist,m12_no_attack_dup0_s20260629,bonded,5090,PRIVPROBE:1,cache_hit,0,False,0,cache
m12_no_attack_dup0_s20260629_bonded,P3-NoPersist,m12_no_attack_dup0_s20260629,bonded,5118,PRIVPROBE:1,cache_hit,0,False,0,cache
m12_no_attack_dup0_s20260629_bonded,P3-NoPersist,m12_no_attack_dup0_s20260629,bonded,5143,PRIVPROBE:1,cache_hit,0,False,0,cache
m12_no_attack_dup0_s20260629_bonded,P3-NoPersist,m12_no_attack_dup0_s20260629,bonded,5168,PRIVPROBE:1,cache_hit,0,False,0,cache
m12_no_attack_dup0_s20260629_bonded,P3-NoPersist,m12_no_attack_dup0_s20260629,bonded,5191,PRIVPROBE:1,cache_hit,0,False,0,cache
m12_no_attack_dup0_s20260629_bonded,P3-NoPersist,m12_no_attack_dup0_s20260629,bonded,5211,PRIVPROBE:1,cache_hit,0,False,0,cache
m12_no_attack_dup0_s20260629_bonded,P3-NoPersist,m12_no_attack_dup0_s20260629,bonded,5227,PRIVPROBE:1,cache_hit,0,False,0,cache
m12_no_attack_dup0_s20260629_bonded,P3-NoPersist,m12_no_attack_dup0_s20260629,bonded,5241,PRIVPROBE:1,cache_hit,0,False,0,cache
m12_no_attack_dup0_s20260629_bonded,P3-NoPersist,m12_no_attack_dup0_s20260629,bonded,5258,PRIVPROBE:1,cache_hit,0,False,0,cache
m12_no_attack_dup0_s20260629_bonded,P3-NoPersist,m12_no_attack_dup0_s20260629,bonded,5278,PRIVPROBE:1,cache_hit,0,False,0,cache
m12_no_attack_dup0_s20260629_bonded,P3-NoPersist,m12_no_attack_dup0_s20260629,bonded,5316,PRIVPROBE:1,cache_hit,0,False,0,cache
m12_no_attack_dup0_s20260629_bonded,P3-NoPersist,m12_no_attack_dup0_s20260629,bonded,5334,PRIVPROBE:1,cache_hit,0,False,0,cache
m12_no_attack_dup0_s20260629_bonded,P3-NoPersist,m12_no_attack_dup0_s20260629,bonded,5348,PRIVPROBE:1,cache_hit,0,False,0,cache
m12_no_attack_dup0_s20260629_bonded,P3-NoPersist,m12_no_attack_dup0_s20260629,bonded,5365,PRIVPROBE:1,cache_hit,0,False,0,cache
m12_no_attack_dup0_s20260629_bonded,P3-NoPersist,m12_no_attack_dup0_s20260629,bonded,5383,PRIVPROBE:1,cache_hit,0,False,0,cache
m12_no_attack_dup0_s20260629_bonded,P3-NoPersist,m12_no_attack_dup0_s20260629,bonded,5406,PRIVPROBE:1,cache_hit,0,False,0,cache
m12_no_attack_dup0_s20260629_bonded,P3-NoPersist,m12_no_attack_dup0_s20260629,bonded,5427,PRIVPROBE:1,cache_hit,0,False,0,cache
m12_no_attack_dup0_s20260629_bonded,P3-NoPersist,m12_no_attack_dup0_s20260629,bonded,5443,PRIVPROBE:1,cache_hit,0,False,0,cache
m12_no_attack_dup0_s20260629_bonded,P3-NoPersist,m12_no_attack_dup0_s20260629,bonded,5471,PRIVPROBE:1,cache_hit,0,False,0,cache
m12_no_attack_dup0_s20260629_bonded,P3-NoPersist,m12_no_attack_dup0_s20260629,bonded,5494,PRIVPROBE:1,cache_hit,0,False,0,cache
m12_no_attack_dup0_s20260629_bonded,P3-NoPersist,m12_no_attack_dup0_s20260629,bonded,5515,PRIVPROBE:1,cache_hit,0,False,0,cache
m12_no_attack_dup0_s20260629_bonded,P3-NoPersist,m12_no_attack_dup0_s20260629,bonded,5544,PRIVPROBE:1,cache_hit,0,False,0,cache
m12_no_attack_dup0_s20260629_bonded,P3-NoPersist,m12_no_attack_dup0_s20260629,bonded,5566,PRIVPROBE:1,cache_hit,0,False,0,cache
m12_no_attack_dup0_s20260629_bonded,P3-NoPersist,m12_no_attack_dup0_s20260629,bonded,5585,PRIVPROBE:1,cache_hit,0,False,0,cache
m12_no_attack_dup0_s20260629_bonded,P3-NoPersist,m12_no_attack_dup0_s20260629,bonded,5593,PRIVPROBE:1,cache_hit,0,False,0,cache
m12_no_attack_dup0_s20260629_bonded,P3-NoPersist,m12_no_attack_dup0_s20260629,bonded,5617,PRIVPROBE:1,cache_hit,0,False,0,cache
m12_no_attack_dup0_s20260629_bonded,P3-NoPersist,m12_no_attack_dup0_s20260629,bonded,5629,PRIVPROBE:1,cache_hit,0,False,0,cache
m12_no_attack_dup0_s20260629_bonded,P3-NoPersist,m12_no_attack_dup0_s20260629,bonded,5649,PRIVPROBE:1,cache_hit,0,False,0,cache
m12_no_attack_dup0_s20260629_bonded,P3-NoPersist,m12_no_attack_dup0_s20260629,bonded,5671,PRIVPROBE:1,cache_hit,0,False,0,cache
m12_no_attack_dup0_s20260629_bonded,P3-NoPersist,m12_no_attack_dup0_s20260629,bonded,5689,PRIVPROBE:1,cache_hit,0,False,0,cache
m12_no_attack_dup0_s20260629_bonded,P3-NoPersist,m12_no_attack_dup0_s20260629,bonded,5708,PRIVPROBE:1,cache_hit,0,False,0,cache
m12_no_attack_dup0_s20260629_bonded,P3-NoPersist,m12_no_attack_dup0_s20260629,bonded,5732,PRIVPROBE:1,cache_hit,0,False,0,cache
m12_no_attack_dup0_s20260629_bonded,P3-NoPersist,m12_no_attack_dup0_s20260629,bonded,5750,PRIVPROBE:1,cache_hit,0,False,0,cache
m12_no_attack_dup0_s20260629_bonded,P3-NoPersist,m12_no_attack_dup0_s20260629,bonded,5775,PRIVPROBE:1,cache_hit,0,False,0,cache
m12_no_attack_dup0_s20260629_bonded,P3-NoPersist,m12_no_attack_dup0_s20260629,bonded,5796,PRIVPROBE:1,cache_hit,0,False,0,cache
m12_no_attack_dup0_s20260629_bonded,P3-NoPersist,m12_no_attack_dup0_s20260629,bonded,5813,PRIVPROBE:1,cache_hit,0,False,0,cache
m12_no_attack_dup0_s20260629_bonded,P3-NoPersist,m12_no_attack_dup0_s20260629,bonded,5824,PRIVPROBE:1,cache_hit,0,False,0,cache
m12_no_attack_dup0_s20260629_bonded,P3-NoPersist,m12_no_attack_dup0_s20260629,bonded,5842,PRIVPROBE:1,cache_hit,0,False,0,cache
m12_no_attack_dup0_s20260629_bonded,P3-NoPersist,m12_no_attack_dup0_s20260629,bonded,5860,PRIVPROBE:1,cache_hit,0,False,0,cache
m12_no_attack_dup0_s20260629_bonded,P3-NoPersist,m12_no_attack_dup0_s20260629,bonded,5879,PRIVPROBE:1,cache_hit,0,False,0,cache
m12_no_attack_dup0_s20260629_bonded,P3-NoPersist,m12_no_attack_dup0_s20260629,bonded,5901,PRIVPROBE:1,cache_hit,0,False,0,cache
m12_no_attack_dup0_s20260629_bonded,P3-NoPersist,m12_no_attack_dup0_s20260629,bonded,5918,PRIVPROBE:1,cache_hit,0,False,0,cache
m12_no_attack_dup0_s20260629_bonded,P3-NoPersist,m12_no_attack_dup0_s20260629,bonded,5940,PRIVPROBE:1,cache_hit,0,False,0,cache
m12_no_attack_dup0_s20260629_bonded,P3-NoPersist,m12_no_attack_dup0_s20260629,bonded,5959,PRIVPROBE:1,cache_hit,0,False,0,cache
m12_no_attack_dup0_s20260629_bonded,P3-NoPersist,m12_no_attack_dup0_s20260629,bonded,5978,PRIVPROBE:1,cache_hit,0,False,0,cache
m12_no_attack_dup0_s20260629_bonded,P3-NoPersist,m12_no_attack_dup0_s20260629,bonded,5992,PRIVPROBE:1,cache_hit,0,False,0,cache
m12_no_attack_dup0_s20260629_bonded,P3-NoPersist,m12_no_attack_dup0_s20260629,bonded,6018,PRIVPROBE:1,cache_hit,0,False,0,cache
m12_no_attack_dup0_s20260629_bonded,P3-NoPersist,m12_no_attack_dup0_s20260629,bonded,6038,PRIVPROBE:1,cache_hit,0,False,0,cache
m12_no_attack_dup0_s20260629_bonded,P3-NoPersist,m12_no_attack_dup0_s20260629,bonded,6057,PRIVPROBE:1,cache_hit,0,False,0,cache
m12_no_attack_dup0_s20260629_bonded,P3-NoPersist,m12_no_attack_dup0_s20260629,bonded,6087,PRIVPROBE:1,cache_hit,0,False,0,cache
m12_no_attack_dup0_s20260629_bonded,P3-NoPersist,m12_no_attack_dup0_s20260629,bonded,6097,PRIVPROBE:1,cache_hit,0,False,0,cache
m12_no_attack_dup0_s20260629_bonded,P3-NoPersist,m12_no_attack_dup0_s20260629,bonded,6120,PRIVPROBE:1,cache_hit,0,False,0,cache
m12_no_attack_dup0_s20260629_bonded,P3-NoPersist,m12_no_attack_dup0_s20260629,bonded,6144,PRIVPROBE:1,cache_hit,0,False,0,cache
m12_no_attack_dup0_s20260629_bonded,P3-NoPersist,m12_no_attack_dup0_s20260629,bonded,6173,PRIVPROBE:1,cache_hit,0,False,0,cache
m12_no_attack_dup0_s20260629_bonded,P3-NoPersist,m12_no_attack_dup0_s20260629,bonded,6193,PRIVPROBE:1,cache_hit,0,False,0,cache
m12_no_attack_dup0_s20260629_bonded,P3-NoPersist,m12_no_attack_dup0_s20260629,bonded,6219,PRIVPROBE:1,cache_hit,0,False,0,cache
m12_no_attack_dup0_s20260629_bonded,P3-NoPersist,m12_no_attack_dup0_s20260629,bonded,6243,PRIVPROBE:1,cache_hit,0,False,0,cache
m12_no_attack_dup0_s20260629_bonded,P3-NoPersist,m12_no_attack_dup0_s20260629,bonded,6255,PRIVPROBE:1,cache_hit,0,False,0,cache
m12_no_attack_dup0_s20260629_bonded,P3-NoPersist,m12_no_attack_dup0_s20260629,bonded,6279,PRIVPROBE:1,cache_hit,0,False,0,cache
m12_no_attack_dup0_s20260629_bonded,P3-NoPersist,m12_no_attack_dup0_s20260629,bonded,6294,PRIVPROBE:1,cache_hit,0,False,0,cache
m12_no_attack_dup0_s20260629_bonded,P3-NoPersist,m12_no_attack_dup0_s20260629,bonded,6312,PRIVPROBE:1,cache_hit,0,False,0,cache
m12_no_attack_dup0_s20260629_bonded,P3-NoPersist,m12_no_attack_dup0_s20260629,bonded,6330,PRIVPROBE:1,cache_hit,0,False,0,cache
m12_no_attack_dup0_s20260629_bonded,P3-NoPersist,m12_no_attack_dup0_s20260629,bonded,6346,PRIVPROBE:1,cache_hit,0,False,0,cache
m12_no_attack_dup0_s20260629_bonded,P3-NoPersist,m12_no_attack_dup0_s20260629,bonded,6366,PRIVPROBE:1,cache_hit,0,False,0,cache
m12_no_attack_dup0_s20260629_bonded,P3-NoPersist,m12_no_attack_dup0_s20260629,bonded,6394,PRIVPROBE:1,cache_hit,0,False,0,cache
m12_no_attack_dup0_s20260629_bonded,P3-NoPersist,m12_no_attack_dup0_s20260629,bonded,6423,PRIVPROBE:1,cache_hit,0,False,0,cache
m12_no_attack_dup0_s20260629_bonded,P3-NoPersist,m12_no_attack_dup0_s20260629,bonded,6451,PRIVPROBE:1,cache_hit,0,False,0,cache
m12_no_attack_dup0_s20260629_bonded,P3-NoPersist,m12_no_attack_dup0_s20260629,bonded,6474,PRIVPROBE:1,cache_hit,0,False,0,cache
m12_no_attack_dup0_s20260629_bonded,P3-NoPersist,m12_no_attack_dup0_s20260629,bonded,6496,PRIVPROBE:1,cache_hit,0,False,0,cache
m12_no_attack_dup0_s20260629_bonded,P3-NoPersist,m12_no_attack_dup0_s20260629,bonded,6520,PRIVPROBE:1,cache_hit,0,False,0,cache
m12_no_attack_dup0_s20260629_bonded,P3-NoPersist,m12_no_attack_dup0_s20260629,bonded,6540,PRIVPROBE:1,cache_hit,0,False,0,cache
m12_no_attack_dup0_s20260629_bonded,P3-NoPersist,m12_no_attack_dup0_s20260629,bonded,6566,PRIVPROBE:1,cache_hit,0,False,0,cache
m12_no_attack_dup0_s20260629_bonded,P3-NoPersist,m12_no_attack_dup0_s20260629,bonded,6589,PRIVPROBE:1,cache_hit,0,False,0,cache
m12_no_attack_dup0_s20260629_bonded,P3-NoPersist,m12_no_attack_dup0_s20260629,bonded,6611,PRIVPROBE:1,cache_hit,0,False,0,cache
m12_no_attack_dup0_s20260629_bonded,P3-NoPersist,m12_no_attack_dup0_s20260629,bonded,6642,PRIVPROBE:1,cache_hit,0,False,0,cache
m12_no_attack_dup0_s20260629_bonded,P3-NoPersist,m12_no_attack_dup0_s20260629,bonded,6659,PRIVPROBE:1,cache_hit,0,False,0,cache
m12_no_attack_dup0_s20260629_bonded,P3-NoPersist,m12_no_attack_dup0_s20260629,bonded,6683,PRIVPROBE:1,cache_hit,0,False,0,cache
m12_no_attack_dup0_s20260629_bonded,P3-NoPersist,m12_no_attack_dup0_s20260629,bonded,6712,PRIVPROBE:1,cache_hit,0,False,0,cache
m12_no_attack_dup0_s20260629_bonded,P3-NoPersist,m12_no_attack_dup0_s20260629,bonded,6732,PRIVPROBE:1,cache_hit,0,False,0,cache
m12_no_attack_dup0_s20260629_bonded,P3-NoPersist,m12_no_attack_dup0_s20260629,bonded,6770,PRIVPROBE:1,cache_hit,0,False,0,cache
m12_no_attack_dup0_s20260629_bonded,P3-NoPersist,m12_no_attack_dup0_s20260629,bonded,6792,PRIVPROBE:1,cache_hit,0,False,0,cache
m12_no_attack_dup0_s20260629_bonded,P3-NoPersist,m12_no_attack_dup0_s20260629,bonded,6811,PRIVPROBE:1,cache_hit,0,False,0,cache
m12_no_attack_dup0_s20260629_bonded,P3-NoPersist,m12_no_attack_dup0_s20260629,bonded,6826,PRIVPROBE:1,cache_hit,0,False,0,cache
m12_no_attack_dup0_s20260629_bonded,P3-NoPersist,m12_no_attack_dup0_s20260629,bonded,6842,PRIVPROBE:1,cache_hit,0,False,0,cache
m12_no_attack_dup0_s20260629_bonded,P3-NoPersist,m12_no_attack_dup0_s20260629,bonded,6859,PRIVPROBE:1,cache_hit,0,False,0,cache
m12_no_attack_dup0_s20260629_bonded,P3-NoPersist,m12_no_attack_dup0_s20260629,bonded,6878,PRIVPROBE:1,cache_hit,0,False,0,cache
m12_no_attack_dup0_s20260629_bonded,P3-NoPersist,m12_no_attack_dup0_s20260629,bonded,6898,PRIVPROBE:1,cache_hit,0,False,0,cache
m12_no_attack_dup0_s20260629_bonded,P3-NoPersist,m12_no_attack_dup0_s20260629,bonded,6915,PRIVPROBE:1,cache_hit,0,False,0,cache
m12_no_attack_dup0_s20260629_bonded,P3-NoPersist,m12_no_attack_dup0_s20260629,bonded,6939,PRIVPROBE:1,cache_hit,0,False,0,cache
m12_no_attack_dup0_s20260629_bonded,P3-NoPersist,m12_no_attack_dup0_s20260629,bonded,6965,PRIVPROBE:1,cache_hit,0,False,0,cache
m12_no_attack_dup0_s20260629_bonded,P3-NoPersist,m12_no_attack_dup0_s20260629,bonded,6983,PRIVPROBE:1,cache_hit,0,False,0,cache
m12_no_attack_dup0_s20260629_bonded,P3-NoPersist,m12_no_attack_dup0_s20260629,bonded,7006,PRIVPROBE:1,cache_hit,0,False,0,cache
m12_no_attack_dup0_s20260629_bonded,P3-NoPersist,m12_no_attack_dup0_s20260629,bonded,7019,PRIVPROBE:1,cache_hit,0,False,0,cache
m12_no_attack_dup0_s20260629_bonded,P3-NoPersist,m12_no_attack_dup0_s20260629,bonded,7039,PRIVPROBE:1,cache_hit,0,False,0,cache
m12_no_attack_dup0_s20260629_bonded,P3-NoPersist,m12_no_attack_dup0_s20260629,bonded,7054,PRIVPROBE:1,cache_hit,0,False,0,cache
m12_no_attack_dup0_s20260629_bonded,P3-NoPersist,m12_no_attack_dup0_s20260629,bonded,7071,PRIVPROBE:1,cache_hit,0,False,0,cache
m12_no_attack_dup0_s20260629_bonded,P3-NoPersist,m12_no_attack_dup0_s20260629,bonded,7092,PRIVPROBE:1,cache_hit,0,False,0,cache
m12_no_attack_dup0_s20260629_bonded,P3-NoPersist,m12_no_attack_dup0_s20260629,bonded,7125,PRIVPROBE:1,cache_hit,0,False,0,cache
m12_no_attack_dup0_s20260629_bonded,P3-NoPersist,m12_no_attack_dup0_s20260629,bonded,7155,PRIVPROBE:1,cache_hit,0,False,0,cache
m12_no_attack_dup0_s20260629_bonded,P3-NoPersist,m12_no_attack_dup0_s20260629,bonded,7179,PRIVPROBE:1,cache_hit,0,False,0,cache
m12_no_attack_dup0_s20260629_bonded,P3-NoPersist,m12_no_attack_dup0_s20260629,bonded,7202,PRIVPROBE:1,cache_hit,0,False,0,cache
m12_no_attack_dup0_s20260629_bonded,P3-NoPersist,m12_no_attack_dup0_s20260629,bonded,7229,PRIVPROBE:1,cache_hit,0,False,0,cache
m12_no_attack_dup0_s20260629_bonded,P3-NoPersist,m12_no_attack_dup0_s20260629,bonded,7245,PRIVPROBE:1,cache_hit,0,False,0,cache
m12_no_attack_dup0_s20260629_bonded,P3-NoPersist,m12_no_attack_dup0_s20260629,bonded,7263,PRIVPROBE:1,cache_hit,0,False,0,cache
m12_no_attack_dup0_s20260629_bonded,P3-NoPersist,m12_no_attack_dup0_s20260629,bonded,7287,PRIVPROBE:1,cache_hit,0,False,0,cache
m12_no_attack_dup0_s20260629_bonded,P3-NoPersist,m12_no_attack_dup0_s20260629,bonded,7310,PRIVPROBE:1,cache_hit,0,False,0,cache
m12_no_attack_dup0_s20260629_bonded,P3-NoPersist,m12_no_attack_dup0_s20260629,bonded,7332,PRIVPROBE:1,cache_hit,0,False,0,cache
m12_no_attack_dup0_s20260629_bonded,P3-NoPersist,m12_no_attack_dup0_s20260629,bonded,7354,PRIVPROBE:1,cache_hit,0,False,0,cache
m12_no_attack_dup0_s20260629_bonded,P3-NoPersist,m12_no_attack_dup0_s20260629,bonded,7369,PRIVPROBE:1,cache_hit,0,False,0,cache
m12_no_attack_dup0_s20260629_bonded,P3-NoPersist,m12_no_attack_dup0_s20260629,bonded,7387,PRIVPROBE:1,cache_hit,0,False,0,cache
m12_no_attack_dup0_s20260629_bonded,P3-NoPersist,m12_no_attack_dup0_s20260629,bonded,7406,PRIVPROBE:1,cache_hit,0,False,0,cache
m12_no_attack_dup0_s20260629_bonded,P3-NoPersist,m12_no_attack_dup0_s20260629,bonded,7434,PRIVPROBE:1,cache_hit,0,False,0,cache
m12_no_attack_dup0_s20260629_bonded,P3-NoPersist,m12_no_attack_dup0_s20260629,bonded,7463,PRIVPROBE:1,cache_hit,0,False,0,cache
m12_no_attack_dup0_s20260629_bonded,P3-NoPersist,m12_no_attack_dup0_s20260629,bonded,7490,PRIVPROBE:1,cache_hit,0,False,0,cache
m12_no_attack_dup0_s20260629_bonded,P3-NoPersist,m12_no_attack_dup0_s20260629,bonded,7501,PRIVPROBE:1,cache_hit,0,False,0,cache
m12_no_attack_dup0_s20260629_bonded,P3-NoPersist,m12_no_attack_dup0_s20260629,bonded,7527,PRIVPROBE:1,cache_hit,0,False,0,cache
m12_no_attack_dup0_s20260629_bonded,P3-NoPersist,m12_no_attack_dup0_s20260629,bonded,7552,PRIVPROBE:1,cache_hit,0,False,0,cache
m12_no_attack_dup0_s20260629_bonded,P3-NoPersist,m12_no_attack_dup0_s20260629,bonded,7573,PRIVPROBE:1,cache_hit,0,False,0,cache
m12_no_attack_dup0_s20260629_bonded,P3-NoPersist,m12_no_attack_dup0_s20260629,bonded,7590,PRIVPROBE:1,cache_hit,0,False,0,cache
m12_no_attack_dup0_s20260629_bonded,P3-NoPersist,m12_no_attack_dup0_s20260629,bonded,7614,PRIVPROBE:1,cache_hit,0,False,0,cache
m12_no_attack_dup0_s20260629_bonded,P3-NoPersist,m12_no_attack_dup0_s20260629,bonded,7635,PRIVPROBE:1,cache_hit,0,False,0,cache
m12_no_attack_dup0_s20260629_bonded,BudgetDoS,m12_no_attack_dup0_s20260629,bonded,1264,PRIVPROBE:0,rl_hit,1,False,0,rl
m12_no_attack_dup0_s20260629_bonded,BudgetDoS,m12_no_attack_dup0_s20260629,bonded,1281,PRIVPROBE:0,rl_hit,1,False,0,rl
m12_no_attack_dup0_s20260629_bonded,BudgetDoS,m12_no_attack_dup0_s20260629,bonded,1302,PRIVPROBE:0,rl_hit,1,False,0,rl
m12_no_attack_dup0_s20260629_bonded,BudgetDoS,m12_no_attack_dup0_s20260629,bonded,1324,PRIVPROBE:0,rl_hit,1,False,0,rl
m12_no_attack_dup0_s20260629_bonded,BudgetDoS,m12_no_attack_dup0_s20260629,bonded,1342,PRIVPROBE:0,rl_hit,1,False,0,rl
m12_no_attack_dup0_s20260629_bonded,BudgetDoS,m12_no_attack_dup0_s20260629,bonded,1366,PRIVPROBE:0,rl_hit,1,False,0,rl
m12_no_attack_dup0_s20260629_bonded,BudgetDoS,m12_no_attack_dup0_s20260629,bonded,1383,PRIVPROBE:0,rl_hit,1,False,0,rl
m12_no_attack_dup0_s20260629_bonded,BudgetDoS,m12_no_attack_dup0_s20260629,bonded,1411,PRIVPROBE:0,rl_hit,1,False,0,rl
m12_no_attack_dup0_s20260629_bonded,BudgetDoS,m12_no_attack_dup0_s20260629,bonded,1434,PRIVPROBE:0,rl_hit,1,False,0,rl
m12_no_attack_dup0_s20260629_bonded,BudgetDoS,m12_no_attack_dup0_s20260629,bonded,1459,PRIVPROBE:0,rl_hit,1,False,0,rl
m12_no_attack_dup0_s20260629_bonded,BudgetDoS,m12_no_attack_dup0_s20260629,bonded,1490,PRIVPROBE:0,rl_hit,1,False,0,rl
m12_no_attack_dup0_s20260629_bonded,BudgetDoS,m12_no_attack_dup0_s20260629,bonded,1507,PRIVPROBE:0,rl_hit,1,False,0,rl
m12_no_attack_dup0_s20260629_bonded,BudgetDoS,m12_no_attack_dup0_s20260629,bonded,1533,PRIVPROBE:0,rl_hit,1,False,0,rl
m12_no_attack_dup0_s20260629_bonded,BudgetDoS,m12_no_attack_dup0_s20260629,bonded,1548,PRIVPROBE:0,rl_hit,1,False,0,rl
m12_no_attack_dup0_s20260629_bonded,BudgetDoS,m12_no_attack_dup0_s20260629,bonded,1575,PRIVPROBE:0,rl_hit,1,False,0,rl
m12_no_attack_dup0_s20260629_bonded,BudgetDoS,m12_no_attack_dup0_s20260629,bonded,1586,PRIVPROBE:0,rl_hit,1,False,0,rl
m12_no_attack_dup0_s20260629_bonded,BudgetDoS,m12_no_attack_dup0_s20260629,bonded,1623,PRIVPROBE:0,rl_hit,1,False,0,rl
m12_no_attack_dup0_s20260629_bonded,BudgetDoS,m12_no_attack_dup0_s20260629,bonded,1649,PRIVPROBE:0,rl_hit,1,False,0,rl
m12_no_attack_dup0_s20260629_bonded,BudgetDoS,m12_no_attack_dup0_s20260629,bonded,1671,PRIVPROBE:0,rl_hit,1,False,0,rl
m12_no_attack_dup0_s20260629_bonded,BudgetDoS,m12_no_attack_dup0_s20260629,bonded,1691,PRIVPROBE:0,rl_hit,1,False,0,rl
m12_no_attack_dup0_s20260629_bonded,BudgetDoS,m12_no_attack_dup0_s20260629,bonded,1713,PRIVPROBE:0,rl_hit,1,False,0,rl
m12_no_attack_dup0_s20260629_bonded,BudgetDoS,m12_no_attack_dup0_s20260629,bonded,1728,PRIVPROBE:0,rl_hit,1,False,0,rl
m12_no_attack_dup0_s20260629_bonded,BudgetDoS,m12_no_attack_dup0_s20260629,bonded,1748,PRIVPROBE:0,rl_hit,1,False,0,rl
m12_no_attack_dup0_s20260629_bonded,BudgetDoS,m12_no_attack_dup0_s20260629,bonded,1772,PRIVPROBE:0,rl_hit,1,False,0,rl
m12_no_attack_dup0_s20260629_bonded,BudgetDoS,m12_no_attack_dup0_s20260629,bonded,1785,PRIVPROBE:0,rl_hit,1,False,0,rl
m12_no_attack_dup0_s20260629_bonded,BudgetDoS,m12_no_attack_dup0_s20260629,bonded,1802,PRIVPROBE:0,rl_hit,1,False,0,rl
m12_no_attack_dup0_s20260629_bonded,BudgetDoS,m12_no_attack_dup0_s20260629,bonded,1830,PRIVPROBE:0,rl_hit,1,False,0,rl
m12_no_attack_dup0_s20260629_bonded,BudgetDoS,m12_no_attack_dup0_s20260629,bonded,1856,PRIVPROBE:0,rl_hit,1,False,0,rl
m12_no_attack_dup0_s20260629_bonded,BudgetDoS,m12_no_attack_dup0_s20260629,bonded,1878,PRIVPROBE:0,rl_hit,1,False,0,rl
m12_no_attack_dup0_s20260629_bonded,BudgetDoS,m12_no_attack_dup0_s20260629,bonded,1893,PRIVPROBE:0,rl_hit,1,False,0,rl
m12_no_attack_dup0_s20260629_bonded,BudgetDoS,m12_no_attack_dup0_s20260629,bonded,1912,PRIVPROBE:0,rl_hit,1,False,0,rl
m12_no_attack_dup0_s20260629_bonded,BudgetDoS,m12_no_attack_dup0_s20260629,bonded,1943,PRIVPROBE:0,rl_hit,1,False,0,rl
m12_no_attack_dup0_s20260629_bonded,BudgetDoS,m12_no_attack_dup0_s20260629,bonded,1969,PRIVPROBE:0,rl_hit,1,False,0,rl
m12_no_attack_dup0_s20260629_bonded,BudgetDoS,m12_no_attack_dup0_s20260629,bonded,1998,PRIVPROBE:0,rl_hit,1,False,0,rl
m12_no_attack_dup0_s20260629_bonded,BudgetDoS,m12_no_attack_dup0_s20260629,bonded,2021,PRIVPROBE:0,rl_hit,1,False,0,rl
m12_no_attack_dup0_s20260629_bonded,BudgetDoS,m12_no_attack_dup0_s20260629,bonded,2029,PRIVPROBE:0,rl_hit,1,False,0,rl
m12_no_attack_dup0_s20260629_bonded,BudgetDoS,m12_no_attack_dup0_s20260629,bonded,2055,PRIVPROBE:0,rl_hit,1,False,0,rl
m12_no_attack_dup0_s20260629_bonded,BudgetDoS,m12_no_attack_dup0_s20260629,bonded,2084,PRIVPROBE:0,rl_hit,1,False,0,rl
m12_no_attack_dup0_s20260629_bonded,BudgetDoS,m12_no_attack_dup0_s20260629,bonded,2106,PRIVPROBE:0,rl_hit,1,False,0,rl
m12_no_attack_dup0_s20260629_bonded,BudgetDoS,m12_no_attack_dup0_s20260629,bonded,2128,PRIVPROBE:0,rl_hit,1,False,0,rl
m12_no_attack_dup0_s20260629_bonded,BudgetDoS,m12_no_attack_dup0_s20260629,bonded,2168,PRIVPROBE:0,rl_hit,1,False,0,rl
m12_no_attack_dup0_s20260629_bonded,BudgetDoS,m12_no_attack_dup0_s20260629,bonded,2186,PRIVPROBE:0,rl_hit,1,False,0,rl
m12_no_attack_dup0_s20260629_bonded,BudgetDoS,m12_no_attack_dup0_s20260629,bonded,2209,PRIVPROBE:0,rl_hit,1,False,0,rl
m12_no_attack_dup0_s20260629_bonded,BudgetDoS,m12_no_attack_dup0_s20260629,bonded,2232,PRIVPROBE:0,rl_hit,1,False,0,rl
m12_no_attack_dup0_s20260629_bonded,BudgetDoS,m12_no_attack_dup0_s20260629,bonded,2251,PRIVPROBE:0,rl_hit,1,False,0,rl
m12_no_attack_dup0_s20260629_bonded,BudgetDoS,m12_no_attack_dup0_s20260629,bonded,2274,PRIVPROBE:0,rl_hit,1,False,0,rl
m12_no_attack_dup0_s20260629_bonded,BudgetDoS,m12_no_attack_dup0_s20260629,bonded,2303,PRIVPROBE:0,rl_hit,1,False,0,rl
m12_no_attack_dup0_s20260629_bonded,BudgetDoS,m12_no_attack_dup0_s20260629,bonded,2325,PRIVPROBE:0,rl_hit,1,False,0,rl
m12_no_attack_dup0_s20260629_bonded,BudgetDoS,m12_no_attack_dup0_s20260629,bonded,2344,PRIVPROBE:0,rl_hit,1,False,0,rl
m12_no_attack_dup0_s20260629_bonded,BudgetDoS,m12_no_attack_dup0_s20260629,bonded,2368,PRIVPROBE:0,rl_hit,1,False,0,rl
m12_no_attack_dup0_s20260629_bonded,BudgetDoS,m12_no_attack_dup0_s20260629,bonded,2386,PRIVPROBE:0,rl_hit,1,False,0,rl
m12_no_attack_dup0_s20260629_bonded,BudgetDoS,m12_no_attack_dup0_s20260629,bonded,2402,PRIVPROBE:0,rl_hit,1,False,0,rl
m12_no_attack_dup0_s20260629_bonded,BudgetDoS,m12_no_attack_dup0_s20260629,bonded,2433,PRIVPROBE:0,rl_hit,1,False,0,rl
m12_no_attack_dup0_s20260629_bonded,BudgetDoS,m12_no_attack_dup0_s20260629,bonded,2454,PRIVPROBE:0,rl_hit,1,False,0,rl
m12_no_attack_dup0_s20260629_bonded,BudgetDoS,m12_no_attack_dup0_s20260629,bonded,2472,PRIVPROBE:0,rl_hit,1,False,0,rl
m12_no_attack_dup0_s20260629_bonded,BudgetDoS,m12_no_attack_dup0_s20260629,bonded,2493,PRIVPROBE:0,rl_hit,1,False,0,rl
m12_no_attack_dup0_s20260629_bonded,BudgetDoS,m12_no_attack_dup0_s20260629,bonded,2514,PRIVPROBE:0,rl_hit,1,False,0,rl
m12_no_attack_dup0_s20260629_bonded,BudgetDoS,m12_no_attack_dup0_s20260629,bonded,2538,PRIVPROBE:0,rl_hit,1,False,0,rl
m12_no_attack_dup0_s20260629_bonded,BudgetDoS,m12_no_attack_dup0_s20260629,bonded,2558,PRIVPROBE:0,rl_hit,1,False,0,rl
m12_no_attack_dup0_s20260629_bonded,BudgetDoS,m12_no_attack_dup0_s20260629,bonded,2576,PRIVPROBE:0,rl_hit,1,False,0,rl
m12_no_attack_dup0_s20260629_bonded,BudgetDoS,m12_no_attack_dup0_s20260629,bonded,2605,PRIVPROBE:0,rl_hit,1,False,0,rl
m12_no_attack_dup0_s20260629_bonded,BudgetDoS,m12_no_attack_dup0_s20260629,bonded,2628,PRIVPROBE:0,rl_hit,1,False,0,rl
m12_no_attack_dup0_s20260629_bonded,BudgetDoS,m12_no_attack_dup0_s20260629,bonded,2662,PRIVPROBE:0,rl_hit,1,False,0,rl
m12_no_attack_dup0_s20260629_bonded,BudgetDoS,m12_no_attack_dup0_s20260629,bonded,2692,PRIVPROBE:0,rl_hit,1,False,0,rl
m12_no_attack_dup0_s20260629_bonded,BudgetDoS,m12_no_attack_dup0_s20260629,bonded,2713,PRIVPROBE:0,rl_hit,1,False,0,rl
m12_no_attack_dup0_s20260629_bonded,BudgetDoS,m12_no_attack_dup0_s20260629,bonded,2729,PRIVPROBE:0,rl_hit,1,False,0,rl
m12_no_attack_dup0_s20260629_bonded,BudgetDoS,m12_no_attack_dup0_s20260629,bonded,2745,PRIVPROBE:0,rl_hit,1,False,0,rl
m12_no_attack_dup0_s20260629_bonded,BudgetDoS,m12_no_attack_dup0_s20260629,bonded,2768,PRIVPROBE:0,rl_hit,1,False,0,rl
m12_no_attack_dup0_s20260629_bonded,BudgetDoS,m12_no_attack_dup0_s20260629,bonded,2786,PRIVPROBE:0,rl_hit,1,False,0,rl
m12_no_attack_dup0_s20260629_bonded,BudgetDoS,m12_no_attack_dup0_s20260629,bonded,2801,PRIVPROBE:0,rl_hit,1,False,0,rl
m12_no_attack_dup0_s20260629_bonded,BudgetDoS,m12_no_attack_dup0_s20260629,bonded,2825,PRIVPROBE:0,rl_hit,1,False,0,rl
m12_no_attack_dup0_s20260629_bonded,BudgetDoS,m12_no_attack_dup0_s20260629,bonded,2846,PRIVPROBE:0,rl_hit,1,False,0,rl
m12_no_attack_dup0_s20260629_bonded,BudgetDoS,m12_no_attack_dup0_s20260629,bonded,2865,PRIVPROBE:0,rl_hit,1,False,0,rl
m12_no_attack_dup0_s20260629_bonded,BudgetDoS,m12_no_attack_dup0_s20260629,bonded,2876,PRIVPROBE:0,rl_hit,1,False,0,rl
m12_no_attack_dup0_s20260629_bonded,BudgetDoS,m12_no_attack_dup0_s20260629,bonded,2902,PRIVPROBE:0,rl_hit,1,False,0,rl
m12_no_attack_dup0_s20260629_bonded,BudgetDoS,m12_no_attack_dup0_s20260629,bonded,2923,PRIVPROBE:0,rl_hit,1,False,0,rl
m12_no_attack_dup0_s20260629_bonded,BudgetDoS,m12_no_attack_dup0_s20260629,bonded,2937,PRIVPROBE:0,rl_hit,1,False,0,rl
m12_no_attack_dup0_s20260629_bonded,BudgetDoS,m12_no_attack_dup0_s20260629,bonded,2947,PRIVPROBE:0,rl_hit,1,False,0,rl
m12_no_attack_dup0_s20260629_bonded,BudgetDoS,m12_no_attack_dup0_s20260629,bonded,2965,PRIVPROBE:0,rl_hit,1,False,0,rl
m12_no_attack_dup0_s20260629_bonded,BudgetDoS,m12_no_attack_dup0_s20260629,bonded,2988,PRIVPROBE:0,rl_hit,1,False,0,rl
m12_no_attack_dup0_s20260629_bonded,BudgetDoS,m12_no_attack_dup0_s20260629,bonded,3000,PRIVPROBE:0,rl_hit,1,False,0,rl
m12_no_attack_dup0_s20260629_bonded,BudgetDoS,m12_no_attack_dup0_s20260629,bonded,3016,PRIVPROBE:0,rl_hit,1,False,0,rl
m12_no_attack_dup0_s20260629_bonded,BudgetDoS,m12_no_attack_dup0_s20260629,bonded,3040,PRIVPROBE:0,rl_hit,1,False,0,rl
m12_no_attack_dup0_s20260629_bonded,BudgetDoS,m12_no_attack_dup0_s20260629,bonded,3058,PRIVPROBE:0,rl_hit,1,False,0,rl
m12_no_attack_dup0_s20260629_bonded,BudgetDoS,m12_no_attack_dup0_s20260629,bonded,3081,PRIVPROBE:0,rl_hit,1,False,0,rl
m12_no_attack_dup0_s20260629_bonded,BudgetDoS,m12_no_attack_dup0_s20260629,bonded,3104,PRIVPROBE:0,rl_hit,1,False,0,rl
m12_no_attack_dup0_s20260629_bonded,BudgetDoS,m12_no_attack_dup0_s20260629,bonded,3120,PRIVPROBE:0,rl_hit,1,False,0,rl
m12_no_attack_dup0_s20260629_bonded,BudgetDoS,m12_no_attack_dup0_s20260629,bonded,3139,PRIVPROBE:0,rl_hit,1,False,0,rl
m12_no_attack_dup0_s20260629_bonded,BudgetDoS,m12_no_attack_dup0_s20260629,bonded,3160,PRIVPROBE:0,rl_hit,1,False,0,rl
m12_no_attack_dup0_s20260629_bonded,BudgetDoS,m12_no_attack_dup0_s20260629,bonded,3185,PRIVPROBE:0,rl_hit,1,False,0,rl
m12_no_attack_dup0_s20260629_bonded,BudgetDoS,m12_no_attack_dup0_s20260629,bonded,3208,PRIVPROBE:0,rl_hit,1,False,0,rl
m12_no_attack_dup0_s20260629_bonded,BudgetDoS,m12_no_attack_dup0_s20260629,bonded,3227,PRIVPROBE:0,rl_hit,1,False,0,rl
m12_no_attack_dup0_s20260629_bonded,BudgetDoS,m12_no_attack_dup0_s20260629,bonded,3251,PRIVPROBE:0,rl_hit,1,False,0,rl
m12_no_attack_dup0_s20260629_bonded,BudgetDoS,m12_no_attack_dup0_s20260629,bonded,3273,PRIVPROBE:0,rl_hit,1,False,0,rl
m12_no_attack_dup0_s20260629_bonded,BudgetDoS,m12_no_attack_dup0_s20260629,bonded,3284,PRIVPROBE:0,rl_hit,1,False,0,rl
m12_no_attack_dup0_s20260629_bonded,BudgetDoS,m12_no_attack_dup0_s20260629,bonded,3307,PRIVPROBE:0,rl_hit,1,False,0,rl
m12_no_attack_dup0_s20260629_bonded,BudgetDoS,m12_no_attack_dup0_s20260629,bonded,3328,PRIVPROBE:0,rl_hit,1,False,0,rl
m12_no_attack_dup0_s20260629_bonded,BudgetDoS,m12_no_attack_dup0_s20260629,bonded,3352,PRIVPROBE:0,rl_hit,1,False,0,rl
m12_no_attack_dup0_s20260629_bonded,BudgetDoS,m12_no_attack_dup0_s20260629,bonded,3374,PRIVPROBE:0,rl_hit,1,False,0,rl
m12_no_attack_dup0_s20260629_bonded,BudgetDoS,m12_no_attack_dup0_s20260629,bonded,3400,PRIVPROBE:0,rl_hit,1,False,0,rl
m12_no_attack_dup0_s20260629_bonded,BudgetDoS,m12_no_attack_dup0_s20260629,bonded,3423,PRIVPROBE:0,rl_hit,1,False,0,rl
m12_no_attack_dup0_s20260629_bonded,BudgetDoS,m12_no_attack_dup0_s20260629,bonded,3441,PRIVPROBE:0,rl_hit,1,False,0,rl
m12_no_attack_dup0_s20260629_bonded,BudgetDoS,m12_no_attack_dup0_s20260629,bonded,3460,PRIVPROBE:0,rl_hit,1,False,0,rl
m12_no_attack_dup0_s20260629_bonded,BudgetDoS,m12_no_attack_dup0_s20260629,bonded,3490,PRIVPROBE:0,rl_hit,1,False,0,rl
m12_no_attack_dup0_s20260629_bonded,BudgetDoS,m12_no_attack_dup0_s20260629,bonded,3504,PRIVPROBE:0,rl_hit,1,False,0,rl
m12_no_attack_dup0_s20260629_bonded,BudgetDoS,m12_no_attack_dup0_s20260629,bonded,3528,PRIVPROBE:0,rl_hit,1,False,0,rl
m12_no_attack_dup0_s20260629_bonded,BudgetDoS,m12_no_attack_dup0_s20260629,bonded,3553,PRIVPROBE:0,rl_hit,1,False,0,rl
m12_no_attack_dup0_s20260629_bonded,BudgetDoS,m12_no_attack_dup0_s20260629,bonded,3573,PRIVPROBE:0,rl_hit,1,False,0,rl
m12_no_attack_dup0_s20260629_bonded,BudgetDoS,m12_no_attack_dup0_s20260629,bonded,3599,PRIVPROBE:0,rl_hit,1,False,0,rl
m12_no_attack_dup0_s20260629_bonded,BudgetDoS,m12_no_attack_dup0_s20260629,bonded,3622,PRIVPROBE:0,rl_hit,1,False,0,rl
m12_no_attack_dup0_s20260629_bonded,BudgetDoS,m12_no_attack_dup0_s20260629,bonded,3646,PRIVPROBE:0,rl_hit,1,False,0,rl
m12_no_attack_dup0_s20260629_bonded,BudgetDoS,m12_no_attack_dup0_s20260629,bonded,3671,PRIVPROBE:0,rl_hit,1,False,0,rl
m12_no_attack_dup0_s20260629_bonded,BudgetDoS,m12_no_attack_dup0_s20260629,bonded,3689,PRIVPROBE:0,rl_hit,1,False,0,rl
m12_no_attack_dup0_s20260629_bonded,BudgetDoS,m12_no_attack_dup0_s20260629,bonded,3714,PRIVPROBE:0,rl_hit,1,False,0,rl
m12_no_attack_dup0_s20260629_bonded,BudgetDoS,m12_no_attack_dup0_s20260629,bonded,3735,PRIVPROBE:0,rl_hit,1,False,0,rl
m12_no_attack_dup0_s20260629_bonded,BudgetDoS,m12_no_attack_dup0_s20260629,bonded,3754,PRIVPROBE:0,rl_hit,1,False,0,rl
m12_no_attack_dup0_s20260629_bonded,BudgetDoS,m12_no_attack_dup0_s20260629,bonded,3781,PRIVPROBE:0,rl_hit,1,False,0,rl
m12_no_attack_dup0_s20260629_bonded,BudgetDoS,m12_no_attack_dup0_s20260629,bonded,3799,PRIVPROBE:0,rl_hit,1,False,0,rl
m12_no_attack_dup0_s20260629_bonded,BudgetDoS,m12_no_attack_dup0_s20260629,bonded,3818,PRIVPROBE:0,rl_hit,1,False,0,rl
m12_no_attack_dup0_s20260629_bonded,BudgetDoS,m12_no_attack_dup0_s20260629,bonded,3834,PRIVPROBE:0,rl_hit,1,False,0,rl
m12_no_attack_dup0_s20260629_bonded,BudgetDoS,m12_no_attack_dup0_s20260629,bonded,3857,PRIVPROBE:1,rl_hit,1,False,0,rl
m12_no_attack_dup0_s20260629_bonded,BudgetDoS,m12_no_attack_dup0_s20260629,bonded,3878,PRIVPROBE:1,rl_hit,1,False,0,rl
m12_no_attack_dup0_s20260629_bonded,BudgetDoS,m12_no_attack_dup0_s20260629,bonded,3911,PRIVPROBE:1,rl_hit,1,False,0,rl
m12_no_attack_dup0_s20260629_bonded,BudgetDoS,m12_no_attack_dup0_s20260629,bonded,3948,PRIVPROBE:1,rl_hit,1,False,0,rl
m12_no_attack_dup0_s20260629_bonded,BudgetDoS,m12_no_attack_dup0_s20260629,bonded,3965,PRIVPROBE:1,rl_hit,1,False,0,rl
m12_no_attack_dup0_s20260629_bonded,BudgetDoS,m12_no_attack_dup0_s20260629,bonded,3985,PRIVPROBE:1,rl_hit,1,False,0,rl
m12_no_attack_dup0_s20260629_bonded,BudgetDoS,m12_no_attack_dup0_s20260629,bonded,4000,PRIVPROBE:1,rl_hit,1,False,0,rl
m12_no_attack_dup0_s20260629_bonded,BudgetDoS,m12_no_attack_dup0_s20260629,bonded,4015,PRIVPROBE:1,rl_hit,1,False,0,rl
m12_no_attack_dup0_s20260629_bonded,BudgetDoS,m12_no_attack_dup0_s20260629,bonded,4028,PRIVPROBE:1,rl_hit,1,False,0,rl
m12_no_attack_dup0_s20260629_bonded,BudgetDoS,m12_no_attack_dup0_s20260629,bonded,4060,PRIVPROBE:1,rl_hit,1,False,0,rl
m12_no_attack_dup0_s20260629_bonded,BudgetDoS,m12_no_attack_dup0_s20260629,bonded,4085,PRIVPROBE:1,rl_hit,1,False,0,rl
m12_no_attack_dup0_s20260629_bonded,BudgetDoS,m12_no_attack_dup0_s20260629,bonded,4113,PRIVPROBE:1,rl_hit,1,False,0,rl
m12_no_attack_dup0_s20260629_bonded,BudgetDoS,m12_no_attack_dup0_s20260629,bonded,4139,PRIVPROBE:1,rl_hit,1,False,0,rl
m12_no_attack_dup0_s20260629_bonded,BudgetDoS,m12_no_attack_dup0_s20260629,bonded,4169,PRIVPROBE:1,rl_hit,1,False,0,rl
m12_no_attack_dup0_s20260629_bonded,BudgetDoS,m12_no_attack_dup0_s20260629,bonded,4186,PRIVPROBE:1,rl_hit,1,False,0,rl
m12_no_attack_dup0_s20260629_bonded,BudgetDoS,m12_no_attack_dup0_s20260629,bonded,4204,PRIVPROBE:1,rl_hit,1,False,0,rl
m12_no_attack_dup0_s20260629_bonded,BudgetDoS,m12_no_attack_dup0_s20260629,bonded,4223,PRIVPROBE:1,rl_hit,1,False,0,rl
m12_no_attack_dup0_s20260629_bonded,BudgetDoS,m12_no_attack_dup0_s20260629,bonded,4241,PRIVPROBE:1,rl_hit,1,False,0,rl
m12_no_attack_dup0_s20260629_bonded,BudgetDoS,m12_no_attack_dup0_s20260629,bonded,4263,PRIVPROBE:1,rl_hit,1,False,0,rl
m12_no_attack_dup0_s20260629_bonded,BudgetDoS,m12_no_attack_dup0_s20260629,bonded,4274,PRIVPROBE:1,rl_hit,1,False,0,rl
m12_no_attack_dup0_s20260629_bonded,BudgetDoS,m12_no_attack_dup0_s20260629,bonded,4294,PRIVPROBE:1,rl_hit,1,False,0,rl
m12_no_attack_dup0_s20260629_bonded,BudgetDoS,m12_no_attack_dup0_s20260629,bonded,4306,PRIVPROBE:1,rl_hit,1,False,0,rl
m12_no_attack_dup0_s20260629_bonded,BudgetDoS,m12_no_attack_dup0_s20260629,bonded,4330,PRIVPROBE:1,rl_hit,1,False,0,rl
m12_no_attack_dup0_s20260629_bonded,BudgetDoS,m12_no_attack_dup0_s20260629,bonded,4352,PRIVPROBE:1,rl_hit,1,False,0,rl
m12_no_attack_dup0_s20260629_bonded,BudgetDoS,m12_no_attack_dup0_s20260629,bonded,4375,PRIVPROBE:1,rl_hit,1,False,0,rl
m12_no_attack_dup0_s20260629_bonded,BudgetDoS,m12_no_attack_dup0_s20260629,bonded,4391,PRIVPROBE:1,rl_hit,1,False,0,rl
m12_no_attack_dup0_s20260629_bonded,BudgetDoS,m12_no_attack_dup0_s20260629,bonded,4405,PRIVPROBE:1,rl_hit,1,False,0,rl
m12_no_attack_dup0_s20260629_bonded,BudgetDoS,m12_no_attack_dup0_s20260629,bonded,4424,PRIVPROBE:1,rl_hit,1,False,0,rl
m12_no_attack_dup0_s20260629_bonded,BudgetDoS,m12_no_attack_dup0_s20260629,bonded,4446,PRIVPROBE:1,rl_hit,1,False,0,rl
m12_no_attack_dup0_s20260629_bonded,BudgetDoS,m12_no_attack_dup0_s20260629,bonded,4464,PRIVPROBE:1,rl_hit,1,False,0,rl
m12_no_attack_dup0_s20260629_bonded,BudgetDoS,m12_no_attack_dup0_s20260629,bonded,4478,PRIVPROBE:1,rl_hit,1,False,0,rl
m12_no_attack_dup0_s20260629_bonded,BudgetDoS,m12_no_attack_dup0_s20260629,bonded,4493,PRIVPROBE:1,rl_hit,1,False,0,rl
m12_no_attack_dup0_s20260629_bonded,BudgetDoS,m12_no_attack_dup0_s20260629,bonded,4509,PRIVPROBE:1,rl_hit,1,False,0,rl
m12_no_attack_dup0_s20260629_bonded,BudgetDoS,m12_no_attack_dup0_s20260629,bonded,4534,PRIVPROBE:1,rl_hit,1,False,0,rl
m12_no_attack_dup0_s20260629_bonded,BudgetDoS,m12_no_attack_dup0_s20260629,bonded,4556,PRIVPROBE:1,rl_hit,1,False,0,rl
m12_no_attack_dup0_s20260629_bonded,BudgetDoS,m12_no_attack_dup0_s20260629,bonded,4571,PRIVPROBE:1,rl_hit,1,False,0,rl
m12_no_attack_dup0_s20260629_bonded,BudgetDoS,m12_no_attack_dup0_s20260629,bonded,4596,PRIVPROBE:1,rl_hit,1,False,0,rl
m12_no_attack_dup0_s20260629_bonded,BudgetDoS,m12_no_attack_dup0_s20260629,bonded,4616,PRIVPROBE:1,rl_hit,1,False,0,rl
m12_no_attack_dup0_s20260629_bonded,BudgetDoS,m12_no_attack_dup0_s20260629,bonded,4633,PRIVPROBE:1,rl_hit,1,False,0,rl
m12_no_attack_dup0_s20260629_bonded,BudgetDoS,m12_no_attack_dup0_s20260629,bonded,4650,PRIVPROBE:1,rl_hit,1,False,0,rl
m12_no_attack_dup0_s20260629_bonded,BudgetDoS,m12_no_attack_dup0_s20260629,bonded,4689,PRIVPROBE:1,rl_hit,1,False,0,rl
m12_no_attack_dup0_s20260629_bonded,BudgetDoS,m12_no_attack_dup0_s20260629,bonded,4705,PRIVPROBE:1,rl_hit,1,False,0,rl
m12_no_attack_dup0_s20260629_bonded,BudgetDoS,m12_no_attack_dup0_s20260629,bonded,4727,PRIVPROBE:1,rl_hit,1,False,0,rl
m12_no_attack_dup0_s20260629_bonded,BudgetDoS,m12_no_attack_dup0_s20260629,bonded,4743,PRIVPROBE:1,rl_hit,1,False,0,rl
m12_no_attack_dup0_s20260629_bonded,BudgetDoS,m12_no_attack_dup0_s20260629,bonded,4761,PRIVPROBE:1,rl_hit,1,False,0,rl
m12_no_attack_dup0_s20260629_bonded,BudgetDoS,m12_no_attack_dup0_s20260629,bonded,4777,PRIVPROBE:1,rl_hit,1,False,0,rl
m12_no_attack_dup0_s20260629_bonded,BudgetDoS,m12_no_attack_dup0_s20260629,bonded,4793,PRIVPROBE:1,rl_hit,1,False,0,rl
m12_no_attack_dup0_s20260629_bonded,BudgetDoS,m12_no_attack_dup0_s20260629,bonded,4819,PRIVPROBE:1,rl_hit,1,False,0,rl
m12_no_attack_dup0_s20260629_bonded,BudgetDoS,m12_no_attack_dup0_s20260629,bonded,4843,PRIVPROBE:1,rl_hit,1,False,0,rl
m12_no_attack_dup0_s20260629_bonded,BudgetDoS,m12_no_attack_dup0_s20260629,bonded,4861,PRIVPROBE:1,rl_hit,1,False,0,rl
m12_no_attack_dup0_s20260629_bonded,BudgetDoS,m12_no_attack_dup0_s20260629,bonded,4878,PRIVPROBE:1,rl_hit,1,False,0,rl
m12_no_attack_dup0_s20260629_bonded,BudgetDoS,m12_no_attack_dup0_s20260629,bonded,4904,PRIVPROBE:1,rl_hit,1,False,0,rl
m12_no_attack_dup0_s20260629_bonded,BudgetDoS,m12_no_attack_dup0_s20260629,bonded,4936,PRIVPROBE:1,rl_hit,1,False,0,rl
m12_no_attack_dup0_s20260629_bonded,BudgetDoS,m12_no_attack_dup0_s20260629,bonded,4965,PRIVPROBE:1,rl_hit,1,False,0,rl
m12_no_attack_dup0_s20260629_bonded,BudgetDoS,m12_no_attack_dup0_s20260629,bonded,4982,PRIVPROBE:1,rl_hit,1,False,0,rl
m12_no_attack_dup0_s20260629_bonded,BudgetDoS,m12_no_attack_dup0_s20260629,bonded,5002,PRIVPROBE:1,rl_hit,1,False,0,rl
m12_no_attack_dup0_s20260629_bonded,BudgetDoS,m12_no_attack_dup0_s20260629,bonded,5027,PRIVPROBE:1,rl_hit,1,False,0,rl
m12_no_attack_dup0_s20260629_bonded,BudgetDoS,m12_no_attack_dup0_s20260629,bonded,5052,PRIVPROBE:1,rl_hit,1,False,0,rl
m12_no_attack_dup0_s20260629_bonded,BudgetDoS,m12_no_attack_dup0_s20260629,bonded,5068,PRIVPROBE:1,rl_hit,1,False,0,rl
m12_no_attack_dup0_s20260629_bonded,BudgetDoS,m12_no_attack_dup0_s20260629,bonded,5090,PRIVPROBE:1,rl_hit,1,False,0,rl
m12_no_attack_dup0_s20260629_bonded,BudgetDoS,m12_no_attack_dup0_s20260629,bonded,5118,PRIVPROBE:1,rl_hit,1,False,0,rl
m12_no_attack_dup0_s20260629_bonded,BudgetDoS,m12_no_attack_dup0_s20260629,bonded,5143,PRIVPROBE:1,rl_hit,1,False,0,rl
m12_no_attack_dup0_s20260629_bonded,BudgetDoS,m12_no_attack_dup0_s20260629,bonded,5168,PRIVPROBE:1,rl_hit,1,False,0,rl
m12_no_attack_dup0_s20260629_bonded,BudgetDoS,m12_no_attack_dup0_s20260629,bonded,5191,PRIVPROBE:1,rl_hit,1,False,0,rl
m12_no_attack_dup0_s20260629_bonded,BudgetDoS,m12_no_attack_dup0_s20260629,bonded,5211,PRIVPROBE:1,rl_hit,1,False,0,rl
m12_no_attack_dup0_s20260629_bonded,BudgetDoS,m12_no_attack_dup0_s20260629,bonded,5227,PRIVPROBE:1,rl_hit,1,False,0,rl
m12_no_attack_dup0_s20260629_bonded,BudgetDoS,m12_no_attack_dup0_s20260629,bonded,5241,PRIVPROBE:1,rl_hit,1,False,0,rl
m12_no_attack_dup0_s20260629_bonded,BudgetDoS,m12_no_attack_dup0_s20260629,bonded,5258,PRIVPROBE:1,rl_hit,1,False,0,rl
m12_no_attack_dup0_s20260629_bonded,BudgetDoS,m12_no_attack_dup0_s20260629,bonded,5278,PRIVPROBE:1,rl_hit,1,False,0,rl
m12_no_attack_dup0_s20260629_bonded,BudgetDoS,m12_no_attack_dup0_s20260629,bonded,5316,PRIVPROBE:1,rl_hit,1,False,0,rl
m12_no_attack_dup0_s20260629_bonded,BudgetDoS,m12_no_attack_dup0_s20260629,bonded,5334,PRIVPROBE:1,rl_hit,1,False,0,rl
m12_no_attack_dup0_s20260629_bonded,BudgetDoS,m12_no_attack_dup0_s20260629,bonded,5348,PRIVPROBE:1,rl_hit,1,False,0,rl
m12_no_attack_dup0_s20260629_bonded,BudgetDoS,m12_no_attack_dup0_s20260629,bonded,5365,PRIVPROBE:1,rl_hit,1,False,0,rl
m12_no_attack_dup0_s20260629_bonded,BudgetDoS,m12_no_attack_dup0_s20260629,bonded,5383,PRIVPROBE:1,rl_hit,1,False,0,rl
m12_no_attack_dup0_s20260629_bonded,BudgetDoS,m12_no_attack_dup0_s20260629,bonded,5406,PRIVPROBE:1,rl_hit,1,False,0,rl
m12_no_attack_dup0_s20260629_bonded,BudgetDoS,m12_no_attack_dup0_s20260629,bonded,5427,PRIVPROBE:1,rl_hit,1,False,0,rl
m12_no_attack_dup0_s20260629_bonded,BudgetDoS,m12_no_attack_dup0_s20260629,bonded,5443,PRIVPROBE:1,rl_hit,1,False,0,rl
m12_no_attack_dup0_s20260629_bonded,BudgetDoS,m12_no_attack_dup0_s20260629,bonded,5471,PRIVPROBE:1,rl_hit,1,False,0,rl
m12_no_attack_dup0_s20260629_bonded,BudgetDoS,m12_no_attack_dup0_s20260629,bonded,5494,PRIVPROBE:1,rl_hit,1,False,0,rl
m12_no_attack_dup0_s20260629_bonded,BudgetDoS,m12_no_attack_dup0_s20260629,bonded,5515,PRIVPROBE:1,rl_hit,1,False,0,rl
m12_no_attack_dup0_s20260629_bonded,BudgetDoS,m12_no_attack_dup0_s20260629,bonded,5544,PRIVPROBE:1,rl_hit,1,False,0,rl
m12_no_attack_dup0_s20260629_bonded,BudgetDoS,m12_no_attack_dup0_s20260629,bonded,5566,PRIVPROBE:1,rl_hit,1,False,0,rl
m12_no_attack_dup0_s20260629_bonded,BudgetDoS,m12_no_attack_dup0_s20260629,bonded,5585,PRIVPROBE:1,rl_hit,1,False,0,rl
m12_no_attack_dup0_s20260629_bonded,BudgetDoS,m12_no_attack_dup0_s20260629,bonded,5593,PRIVPROBE:1,rl_hit,1,False,0,rl
m12_no_attack_dup0_s20260629_bonded,BudgetDoS,m12_no_attack_dup0_s20260629,bonded,5617,PRIVPROBE:1,rl_hit,1,False,0,rl
m12_no_attack_dup0_s20260629_bonded,BudgetDoS,m12_no_attack_dup0_s20260629,bonded,5629,PRIVPROBE:1,rl_hit,1,False,0,rl
m12_no_attack_dup0_s20260629_bonded,BudgetDoS,m12_no_attack_dup0_s20260629,bonded,5649,PRIVPROBE:1,rl_hit,1,False,0,rl
m12_no_attack_dup0_s20260629_bonded,BudgetDoS,m12_no_attack_dup0_s20260629,bonded,5671,PRIVPROBE:1,rl_hit,1,False,0,rl
m12_no_attack_dup0_s20260629_bonded,BudgetDoS,m12_no_attack_dup0_s20260629,bonded,5689,PRIVPROBE:1,rl_hit,1,False,0,rl
m12_no_attack_dup0_s20260629_bonded,BudgetDoS,m12_no_attack_dup0_s20260629,bonded,5708,PRIVPROBE:1,rl_hit,1,False,0,rl
m12_no_attack_dup0_s20260629_bonded,BudgetDoS,m12_no_attack_dup0_s20260629,bonded,5732,PRIVPROBE:1,rl_hit,1,False,0,rl
m12_no_attack_dup0_s20260629_bonded,BudgetDoS,m12_no_attack_dup0_s20260629,bonded,5750,PRIVPROBE:1,rl_hit,1,False,0,rl
m12_no_attack_dup0_s20260629_bonded,BudgetDoS,m12_no_attack_dup0_s20260629,bonded,5775,PRIVPROBE:1,rl_hit,1,False,0,rl
m12_no_attack_dup0_s20260629_bonded,BudgetDoS,m12_no_attack_dup0_s20260629,bonded,5796,PRIVPROBE:1,rl_hit,1,False,0,rl
m12_no_attack_dup0_s20260629_bonded,BudgetDoS,m12_no_attack_dup0_s20260629,bonded,5813,PRIVPROBE:1,rl_hit,1,False,0,rl
m12_no_attack_dup0_s20260629_bonded,BudgetDoS,m12_no_attack_dup0_s20260629,bonded,5824,PRIVPROBE:1,rl_hit,1,False,0,rl
m12_no_attack_dup0_s20260629_bonded,BudgetDoS,m12_no_attack_dup0_s20260629,bonded,5842,PRIVPROBE:1,rl_hit,1,False,0,rl
m12_no_attack_dup0_s20260629_bonded,BudgetDoS,m12_no_attack_dup0_s20260629,bonded,5860,PRIVPROBE:1,rl_hit,1,False,0,rl
m12_no_attack_dup0_s20260629_bonded,BudgetDoS,m12_no_attack_dup0_s20260629,bonded,5879,PRIVPROBE:1,rl_hit,1,False,0,rl
m12_no_attack_dup0_s20260629_bonded,BudgetDoS,m12_no_attack_dup0_s20260629,bonded,5901,PRIVPROBE:1,rl_hit,1,False,0,rl
m12_no_attack_dup0_s20260629_bonded,BudgetDoS,m12_no_attack_dup0_s20260629,bonded,5918,PRIVPROBE:1,rl_hit,1,False,0,rl
m12_no_attack_dup0_s20260629_bonded,BudgetDoS,m12_no_attack_dup0_s20260629,bonded,5940,PRIVPROBE:1,rl_hit,1,False,0,rl
m12_no_attack_dup0_s20260629_bonded,BudgetDoS,m12_no_attack_dup0_s20260629,bonded,5959,PRIVPROBE:1,rl_hit,1,False,0,rl
m12_no_attack_dup0_s20260629_bonded,BudgetDoS,m12_no_attack_dup0_s20260629,bonded,5978,PRIVPROBE:1,rl_hit,1,False,0,rl
m12_no_attack_dup0_s20260629_bonded,BudgetDoS,m12_no_attack_dup0_s20260629,bonded,5992,PRIVPROBE:1,rl_hit,1,False,0,rl
m12_no_attack_dup0_s20260629_bonded,BudgetDoS,m12_no_attack_dup0_s20260629,bonded,6018,PRIVPROBE:1,rl_hit,1,False,0,rl
m12_no_attack_dup0_s20260629_bonded,BudgetDoS,m12_no_attack_dup0_s20260629,bonded,6038,PRIVPROBE:1,rl_hit,1,False,0,rl
m12_no_attack_dup0_s20260629_bonded,BudgetDoS,m12_no_attack_dup0_s20260629,bonded,6057,PRIVPROBE:1,rl_hit,1,False,0,rl
m12_no_attack_dup0_s20260629_bonded,BudgetDoS,m12_no_attack_dup0_s20260629,bonded,6087,PRIVPROBE:1,rl_hit,1,False,0,rl
m12_no_attack_dup0_s20260629_bonded,BudgetDoS,m12_no_attack_dup0_s20260629,bonded,6097,PRIVPROBE:1,rl_hit,1,False,0,rl
m12_no_attack_dup0_s20260629_bonded,BudgetDoS,m12_no_attack_dup0_s20260629,bonded,6120,PRIVPROBE:1,rl_hit,1,False,0,rl
m12_no_attack_dup0_s20260629_bonded,BudgetDoS,m12_no_attack_dup0_s20260629,bonded,6144,PRIVPROBE:1,rl_hit,1,False,0,rl
m12_no_attack_dup0_s20260629_bonded,BudgetDoS,m12_no_attack_dup0_s20260629,bonded,6173,PRIVPROBE:1,rl_hit,1,False,0,rl
m12_no_attack_dup0_s20260629_bonded,BudgetDoS,m12_no_attack_dup0_s20260629,bonded,6193,PRIVPROBE:1,rl_hit,1,False,0,rl
m12_no_attack_dup0_s20260629_bonded,BudgetDoS,m12_no_attack_dup0_s20260629,bonded,6219,PRIVPROBE:1,rl_hit,1,False,0,rl
m12_no_attack_dup0_s20260629_bonded,BudgetDoS,m12_no_attack_dup0_s20260629,bonded,6243,PRIVPROBE:1,rl_hit,1,False,0,rl
m12_no_attack_dup0_s20260629_bonded,BudgetDoS,m12_no_attack_dup0_s20260629,bonded,6255,PRIVPROBE:1,rl_hit,1,False,0,rl
m12_no_attack_dup0_s20260629_bonded,BudgetDoS,m12_no_attack_dup0_s20260629,bonded,6279,PRIVPROBE:1,rl_hit,1,False,0,rl
m12_no_attack_dup0_s20260629_bonded,BudgetDoS,m12_no_attack_dup0_s20260629,bonded,6294,PRIVPROBE:1,rl_hit,1,False,0,rl
m12_no_attack_dup0_s20260629_bonded,BudgetDoS,m12_no_attack_dup0_s20260629,bonded,6312,PRIVPROBE:1,rl_hit,1,False,0,rl
m12_no_attack_dup0_s20260629_bonded,BudgetDoS,m12_no_attack_dup0_s20260629,bonded,6330,PRIVPROBE:1,rl_hit,1,False,0,rl
m12_no_attack_dup0_s20260629_bonded,BudgetDoS,m12_no_attack_dup0_s20260629,bonded,6346,PRIVPROBE:1,rl_hit,1,False,0,rl
m12_no_attack_dup0_s20260629_bonded,BudgetDoS,m12_no_attack_dup0_s20260629,bonded,6366,PRIVPROBE:1,rl_hit,1,False,0,rl
m12_no_attack_dup0_s20260629_bonded,BudgetDoS,m12_no_attack_dup0_s20260629,bonded,6394,PRIVPROBE:1,rl_hit,1,False,0,rl
m12_no_attack_dup0_s20260629_bonded,BudgetDoS,m12_no_attack_dup0_s20260629,bonded,6423,PRIVPROBE:1,rl_hit,1,False,0,rl
m12_no_attack_dup0_s20260629_bonded,BudgetDoS,m12_no_attack_dup0_s20260629,bonded,6451,PRIVPROBE:1,rl_hit,1,False,0,rl
m12_no_attack_dup0_s20260629_bonded,BudgetDoS,m12_no_attack_dup0_s20260629,bonded,6474,PRIVPROBE:1,rl_hit,1,False,0,rl
m12_no_attack_dup0_s20260629_bonded,BudgetDoS,m12_no_attack_dup0_s20260629,bonded,6496,PRIVPROBE:1,rl_hit,1,False,0,rl
m12_no_attack_dup0_s20260629_bonded,BudgetDoS,m12_no_attack_dup0_s20260629,bonded,6520,PRIVPROBE:1,rl_hit,1,False,0,rl
m12_no_attack_dup0_s20260629_bonded,BudgetDoS,m12_no_attack_dup0_s20260629,bonded,6540,PRIVPROBE:1,rl_hit,1,False,0,rl
m12_no_attack_dup0_s20260629_bonded,BudgetDoS,m12_no_attack_dup0_s20260629,bonded,6566,PRIVPROBE:1,rl_hit,1,False,0,rl
m12_no_attack_dup0_s20260629_bonded,BudgetDoS,m12_no_attack_dup0_s20260629,bonded,6589,PRIVPROBE:1,rl_hit,1,False,0,rl
m12_no_attack_dup0_s20260629_bonded,BudgetDoS,m12_no_attack_dup0_s20260629,bonded,6611,PRIVPROBE:1,rl_hit,1,False,0,rl
m12_no_attack_dup0_s20260629_bonded,BudgetDoS,m12_no_attack_dup0_s20260629,bonded,6642,PRIVPROBE:1,rl_hit,1,False,0,rl
m12_no_attack_dup0_s20260629_bonded,BudgetDoS,m12_no_attack_dup0_s20260629,bonded,6659,PRIVPROBE:1,rl_hit,1,False,0,rl
m12_no_attack_dup0_s20260629_bonded,BudgetDoS,m12_no_attack_dup0_s20260629,bonded,6683,PRIVPROBE:1,rl_hit,1,False,0,rl
m12_no_attack_dup0_s20260629_bonded,BudgetDoS,m12_no_attack_dup0_s20260629,bonded,6712,PRIVPROBE:1,rl_hit,1,False,0,rl
m12_no_attack_dup0_s20260629_bonded,BudgetDoS,m12_no_attack_dup0_s20260629,bonded,6732,PRIVPROBE:1,rl_hit,1,False,0,rl
m12_no_attack_dup0_s20260629_bonded,BudgetDoS,m12_no_attack_dup0_s20260629,bonded,6770,PRIVPROBE:1,rl_hit,1,False,0,rl
m12_no_attack_dup0_s20260629_bonded,BudgetDoS,m12_no_attack_dup0_s20260629,bonded,6792,PRIVPROBE:1,rl_hit,1,False,0,rl
m12_no_attack_dup0_s20260629_bonded,BudgetDoS,m12_no_attack_dup0_s20260629,bonded,6811,PRIVPROBE:1,rl_hit,1,False,0,rl
m12_no_attack_dup0_s20260629_bonded,BudgetDoS,m12_no_attack_dup0_s20260629,bonded,6826,PRIVPROBE:1,rl_hit,1,False,0,rl
m12_no_attack_dup0_s20260629_bonded,BudgetDoS,m12_no_attack_dup0_s20260629,bonded,6842,PRIVPROBE:1,rl_hit,1,False,0,rl
m12_no_attack_dup0_s20260629_bonded,BudgetDoS,m12_no_attack_dup0_s20260629,bonded,6859,PRIVPROBE:1,rl_hit,1,False,0,rl
m12_no_attack_dup0_s20260629_bonded,BudgetDoS,m12_no_attack_dup0_s20260629,bonded,6878,PRIVPROBE:1,rl_hit,1,False,0,rl
m12_no_attack_dup0_s20260629_bonded,BudgetDoS,m12_no_attack_dup0_s20260629,bonded,6898,PRIVPROBE:1,rl_hit,1,False,0,rl
m12_no_attack_dup0_s20260629_bonded,BudgetDoS,m12_no_attack_dup0_s20260629,bonded,6915,PRIVPROBE:1,rl_hit,1,False,0,rl
m12_no_attack_dup0_s20260629_bonded,BudgetDoS,m12_no_attack_dup0_s20260629,bonded,6939,PRIVPROBE:1,rl_hit,1,False,0,rl
m12_no_attack_dup0_s20260629_bonded,BudgetDoS,m12_no_attack_dup0_s20260629,bonded,6965,PRIVPROBE:1,rl_hit,1,False,0,rl
m12_no_attack_dup0_s20260629_bonded,BudgetDoS,m12_no_attack_dup0_s20260629,bonded,6983,PRIVPROBE:1,rl_hit,1,False,0,rl
m12_no_attack_dup0_s20260629_bonded,BudgetDoS,m12_no_attack_dup0_s20260629,bonded,7006,PRIVPROBE:1,rl_hit,1,False,0,rl
m12_no_attack_dup0_s20260629_bonded,BudgetDoS,m12_no_attack_dup0_s20260629,bonded,7019,PRIVPROBE:1,rl_hit,1,False,0,rl
m12_no_attack_dup0_s20260629_bonded,BudgetDoS,m12_no_attack_dup0_s20260629,bonded,7039,PRIVPROBE:1,rl_hit,1,False,0,rl
m12_no_attack_dup0_s20260629_bonded,BudgetDoS,m12_no_attack_dup0_s20260629,bonded,7054,PRIVPROBE:1,rl_hit,1,False,0,rl
m12_no_attack_dup0_s20260629_bonded,BudgetDoS,m12_no_attack_dup0_s20260629,bonded,7071,PRIVPROBE:1,rl_hit,1,False,0,rl
m12_no_attack_dup0_s20260629_bonded,BudgetDoS,m12_no_attack_dup0_s20260629,bonded,7092,PRIVPROBE:1,rl_hit,1,False,0,rl
m12_no_attack_dup0_s20260629_bonded,BudgetDoS,m12_no_attack_dup0_s20260629,bonded,7125,PRIVPROBE:1,rl_hit,1,False,0,rl
m12_no_attack_dup0_s20260629_bonded,BudgetDoS,m12_no_attack_dup0_s20260629,bonded,7155,PRIVPROBE:1,rl_hit,1,False,0,rl
m12_no_attack_dup0_s20260629_bonded,BudgetDoS,m12_no_attack_dup0_s20260629,bonded,7179,PRIVPROBE:1,rl_hit,1,False,0,rl
m12_no_attack_dup0_s20260629_bonded,BudgetDoS,m12_no_attack_dup0_s20260629,bonded,7202,PRIVPROBE:1,rl_hit,1,False,0,rl
m12_no_attack_dup0_s20260629_bonded,BudgetDoS,m12_no_attack_dup0_s20260629,bonded,7229,PRIVPROBE:1,rl_hit,1,False,0,rl
m12_no_attack_dup0_s20260629_bonded,BudgetDoS,m12_no_attack_dup0_s20260629,bonded,7245,PRIVPROBE:1,rl_hit,1,False,0,rl
m12_no_attack_dup0_s20260629_bonded,BudgetDoS,m12_no_attack_dup0_s20260629,bonded,7263,PRIVPROBE:1,rl_hit,1,False,0,rl
m12_no_attack_dup0_s20260629_bonded,BudgetDoS,m12_no_attack_dup0_s20260629,bonded,7287,PRIVPROBE:1,rl_hit,1,False,0,rl
m12_no_attack_dup0_s20260629_bonded,BudgetDoS,m12_no_attack_dup0_s20260629,bonded,7310,PRIVPROBE:1,rl_hit,1,False,0,rl
m12_no_attack_dup0_s20260629_bonded,BudgetDoS,m12_no_attack_dup0_s20260629,bonded,7332,PRIVPROBE:1,rl_hit,1,False,0,rl
m12_no_attack_dup0_s20260629_bonded,BudgetDoS,m12_no_attack_dup0_s20260629,bonded,7354,PRIVPROBE:1,rl_hit,1,False,0,rl
m12_no_attack_dup0_s20260629_bonded,BudgetDoS,m12_no_attack_dup0_s20260629,bonded,7369,PRIVPROBE:1,rl_hit,1,False,0,rl
m12_no_attack_dup0_s20260629_bonded,BudgetDoS,m12_no_attack_dup0_s20260629,bonded,7387,PRIVPROBE:1,rl_hit,1,False,0,rl
m12_no_attack_dup0_s20260629_bonded,BudgetDoS,m12_no_attack_dup0_s20260629,bonded,7406,PRIVPROBE:1,rl_hit,1,False,0,rl
m12_no_attack_dup0_s20260629_bonded,BudgetDoS,m12_no_attack_dup0_s20260629,bonded,7434,PRIVPROBE:1,rl_hit,1,False,0,rl
m12_no_attack_dup0_s20260629_bonded,BudgetDoS,m12_no_attack_dup0_s20260629,bonded,7463,PRIVPROBE:1,rl_hit,1,False,0,rl
m12_no_attack_dup0_s20260629_bonded,BudgetDoS,m12_no_attack_dup0_s20260629,bonded,7490,PRIVPROBE:1,rl_hit,1,False,0,rl
m12_no_attack_dup0_s20260629_bonded,BudgetDoS,m12_no_attack_dup0_s20260629,bonded,7501,PRIVPROBE:1,rl_hit,1,False,0,rl
m12_no_attack_dup0_s20260629_bonded,BudgetDoS,m12_no_attack_dup0_s20260629,bonded,7527,PRIVPROBE:1,rl_hit,1,False,0,rl
m12_no_attack_dup0_s20260629_bonded,BudgetDoS,m12_no_attack_dup0_s20260629,bonded,7552,PRIVPROBE:1,rl_hit,1,False,0,rl
m12_no_attack_dup0_s20260629_bonded,BudgetDoS,m12_no_attack_dup0_s20260629,bonded,7573,PRIVPROBE:1,rl_hit,1,False,0,rl
m12_no_attack_dup0_s20260629_bonded,BudgetDoS,m12_no_attack_dup0_s20260629,bonded,7590,PRIVPROBE:1,rl_hit,1,False,0,rl
m12_no_attack_dup0_s20260629_bonded,BudgetDoS,m12_no_attack_dup0_s20260629,bonded,7614,PRIVPROBE:1,rl_hit,1,False,0,rl
m12_no_attack_dup0_s20260629_bonded,BudgetDoS,m12_no_attack_dup0_s20260629,bonded,7635,PRIVPROBE:1,rl_hit,1,False,0,rl
