run_id,method,paired_trace_id,identity_label_for_scoring,event_id,rpa_value,action,aes_attempts,deferred,delay_ms,admission_path
m12_no_attack_dup60_s20260629_nonbonded,P3-Persist,m12_no_attack_dup60_s20260629,nonbonded,1264,PRIVPROBE:0,host_scan,504,False,0,host_scan
m12_no_attack_dup60_s20260629_nonbonded,P3-Persist,m12_no_attack_dup60_s20260629,nonbonded,1281,PRIVPROBE:0,duplicate_filter,0,False,0,duplicate_filter
m12_no_attack_dup60_s20260629_nonbonded,P3-Persist,m12_no_attack_dup60_s20260629,nonbonded,1302,PRIVPROBE:0,duplicate_filter,0,False,0,duplicate_filter
m12_no_attack_dup60_s20260629_nonbonded,P3-Persist,m12_no_attack_dup60_s20260629,nonbonded,1324,PRIVPROBE:0,duplicate_filter,0,False,0,duplicate_filter
m12_no_attack_dup60_s20260629_nonbonded,P3-Persist,m12_no_attack_dup60_s20260629,nonbonded,1342,PRIVPROBE:0,duplicate_filter,0,False,0,duplicate_filter
m12_no_attack_dup60_s20260629_nonbonded,P3-Persist,m12_no_attack_dup60_s20260629,nonbonded,1366,PRIVPROBE:0,duplicate_filter,0,False,0,duplicate_filter
m12_no_attack_dup60_s20260629_nonbonded,P3-Persist,m12_no_attack_dup60_s20260629,nonbonded,1383,PRIVPROBE:0,duplicate_filter,0,False,0,duplicate_filter
m12_no_attack_dup60_s20260629_nonbonded,P3-Persist,m12_no_attack_dup60_s20260629,nonbonded,1411,PRIVPROBE:0,duplicate_filter,0,False,0,duplicate_filter
m12_no_attack_dup60_s20260629_nonbonded,P3-Persist,m12_no_attack_dup60_s20260629,nonbonded,1434,PRIVPROBE:0,duplicate_filter,0,False,0,duplicate_filter
m12_no_attack_dup60_s20260629_nonbonded,P3-Persist,m12_no_attack_dup60_s20260629,nonbonded,1459,PRIVPROBE:0,duplicate_filter,0,False,0,duplicate_filter
m12_no_attack_dup60_s20260629_nonbonded,P3-Persist,m12_no_attack_dup60_s20260629,nonbonded,1490,PRIVPROBE:0,duplicate_filter,0,False,0,duplicate_filter
m12_no_attack_dup60_s20260629_nonbonded,P3-Persist,m12_no_attack_dup60_s20260629,nonbonded,1507,PRIVPROBE:0,duplicate_filter,0,False,0,duplicate_filter
m12_no_attack_dup60_s20260629_nonbonded,P3-Persist,m12_no_attack_dup60_s20260629,nonbonded,1533,PRIVPROBE:0,host_scan,504,False,0,host_scan
m12_no_attack_dup60_s20260629_nonbonded,P3-Persist,m12_no_attack_dup60_s20260629,nonbonded,1548,PRIVPROBE:0,duplicate_filter,0,False,0,duplicate_filter
m12_no_attack_dup60_s20260629_nonbonded,P3-Persist,m12_no_attack_dup60_s20260629,nonbonded,1575,PRIVPROBE:0,duplicate_filter,0,False,0,duplicate_filter
m12_no_attack_dup60_s20260629_nonbonded,P3-Persist,m12_no_attack_dup60_s20260629,nonbonded,1586,PRIVPROBE:0,duplicate_filter,0,False,0,duplicate_filter
m12_no_attack_dup60_s20260629_nonbonded,P3-Persist,m12_no_attack_dup60_s20260629,nonbonded,1623,PRIVPROBE:0,duplicate_filter,0,False,0,duplicate_filter
m12_no_attack_dup60_s20260629_nonbonded,P3-Persist,m12_no_attack_dup60_s20260629,nonbonded,1649,PRIVPROBE:0,duplicate_filter,0,False,0,duplicate_filter
m12_no_attack_dup60_s20260629_nonbonded,P3-Persist,m12_no_attack_dup60_s20260629,nonbonded,1671,PRIVPROBE:0,duplicate_filter,0,False,0,duplicate_filter
m12_no_attack_dup60_s20260629_nonbonded,P3-Persist,m12_no_attack_dup60_s20260629,nonbonded,1691,PRIVPROBE:0,duplicate_filter,0,False,0,duplicate_filter
m12_no_attack_dup60_s20260629_nonbonded,P3-Persist,m12_no_attack_dup60_s20260629,nonbonded,1713,PRIVPROBE:0,duplicate_filter,0,False,0,duplicate_filter
m12_no_attack_dup60_s20260629_nonbonded,P3-Persist,m12_no_attack_dup60_s20260629,nonbonded,1728,PRIVPROBE:0,duplicate_filter,0,False,0,duplicate_filter
m12_no_attack_dup60_s20260629_nonbonded,P3-Persist,m12_no_attack_dup60_s20260629,nonbonded,1748,PRIVPROBE:0,duplicate_filter,0,False,0,duplicate_filter
m12_no_attack_dup60_s20260629_nonbonded,P3-Persist,m12_no_attack_dup60_s20260629,nonbonded,1772,PRIVPROBE:0,duplicate_filter,0,False,0,duplicate_filter
m12_no_attack_dup60_s20260629_nonbonded,P3-Persist,m12_no_attack_dup60_s20260629,nonbonded,1785,PRIVPROBE:0,host_scan,504,False,0,host_scan
m12_no_attack_dup60_s20260629_nonbonded,P3-Persist,m12_no_attack_dup60_s20260629,nonbonded,1802,PRIVPROBE:0,duplicate_filter,0,False,0,duplicate_filter
m12_no_attack_dup60_s20260629_nonbonded,P3-Persist,m12_no_attack_dup60_s20260629,nonbonded,1830,PRIVPROBE:0,duplicate_filter,0,False,0,duplicate_filter
m12_no_attack_dup60_s20260629_nonbonded,P3-Persist,m12_no_attack_dup60_s20260629,nonbonded,1856,PRIVPROBE:0,duplicate_filter,0,False,0,duplicate_filter
m12_no_attack_dup60_s20260629_nonbonded,P3-Persist,m12_no_attack_dup60_s20260629,nonbonded,1878,PRIVPROBE:0,duplicate_filter,0,False,0,duplicate_filter
m12_no_attack_dup60_s20260629_nonbonded,P3-Persist,m12_no_attack_dup60_s20260629,nonbonded,1893,PRIVPROBE:0,duplicate_filter,0,False,0,duplicate_filter
m12_no_attack_dup60_s20260629_nonbonded,P3-Persist,m12_no_attack_dup60_s20260629,nonbonded,1912,PRIVPROBE:0,duplicate_filter,0,False,0,duplicate_filter
m12_no_attack_dup60_s20260629_nonbonded,P3-Persist,m12_no_attack_dup60_s20260629,nonbonded,1943,PRIVPROBE:0,duplicate_filter,0,False,0,duplicate_filter
m12_no_attack_dup60_s20260629_nonbonded,P3-Persist,m12_no_attack_dup60_s20260629,nonbonded,1969,PRIVPROBE:0,duplicate_filter,0,False,0,duplicate_filter
m12_no_attack_dup60_s20260629_nonbonded,P3-Persist,m12_no_attack_dup60_s20260629,nonbonded,1998,PRIVPROBE:0,duplicate_filter,0,False,0,duplicate_filter
m12_no_attack_dup60_s20260629_nonbonded,P3-Persist,m12_no_attack_dup60_s20260629,nonbonded,2021,PRIVPROBE:0,duplicate_filter,0,False,0,duplicate_filter
m12_no_attack_dup60_s20260629_nonbonded,P3-Persist,m12_no_attack_dup60_s20260629,nonbonded,2029,PRIVPROBE:0,duplicate_filter,0,False,0,duplicate_filter
m12_no_attack_dup60_s20260629_nonbonded,P3-Persist,m12_no_attack_dup60_s20260629,nonbonded,2055,PRIVPROBE:0,host_scan,504,False,0,host_scan
m12_no_attack_dup60_s20260629_nonbonded,P3-Persist,m12_no_attack_dup60_s20260629,nonbonded,2084,PRIVPROBE:0,duplicate_filter,0,False,0,duplicate_filter
m12_no_attack_dup60_s20260629_nonbonded,P3-Persist,m12_no_attack_dup60_s20260629,nonbonded,2106,PRIVPROBE:0,duplicate_filter,0,False,0,duplicate_filter
m12_no_attack_dup60_s20260629_nonbonded,P3-Persist,m12_no_attack_dup60_s20260629,nonbonded,2128,PRIVPROBE:0,duplicate_filter,0,False,0,duplicate_filter
m12_no_attack_dup60_s20260629_nonbonded,P3-Persist,m12_no_attack_dup60_s20260629,nonbonded,2168,PRIVPROBE:0,duplicate_filter,0,False,0,duplicate_filter
m12_no_attack_dup60_s20260629_nonbonded,P3-Persist,m12_no_attack_dup60_s20260629,nonbonded,2186,PRIVPROBE:0,duplicate_filter,0,False,0,duplicate_filter
m12_no_attack_dup60_s20260629_nonbonded,P3-Persist,m12_no_attack_dup60_s20260629,nonbonded,2209,PRIVPROBE:0,duplicate_filter,0,False,0,duplicate_filter
m12_no_attack_dup60_s20260629_nonbonded,P3-Persist,m12_no_attack_dup60_s20260629,nonbonded,2232,PRIVPROBE:0,duplicate_filter,0,False,0,duplicate_filter
m12_no_attack_dup60_s20260629_nonbonded,P3-Persist,m12_no_attack_dup60_s20260629,nonbonded,2251,PRIVPROBE:0,duplicate_filter,0,False,0,duplicate_filter
m12_no_attack_dup60_s20260629_nonbonded,P3-Persist,m12_no_attack_dup60_s20260629,nonbonded,2274,PRIVPROBE:0,duplicate_filter,0,False,0,duplicate_filter
m12_no_attack_dup60_s20260629_nonbonded,P3-Persist,m12_no_attack_dup60_s20260629,nonbonded,2303,PRIVPROBE:0,duplicate_filter,0,False,0,duplicate_filter
m12_no_attack_dup60_s20260629_nonbonded,P3-Persist,m12_no_attack_dup60_s20260629,nonbonded,2325,PRIVPROBE:0,duplicate_filter,0,False,0,duplicate_filter
m12_no_attack_dup60_s20260629_nonbonded,P3-Persist,m12_no_attack_dup60_s20260629,nonbonded,2344,PRIVPROBE:0,host_scan,504,False,0,host_scan
m12_no_attack_dup60_s20260629_nonbonded,P3-Persist,m12_no_attack_dup60_s20260629,nonbonded,2368,PRIVPROBE:0,duplicate_filter,0,False,0,duplicate_filter
m12_no_attack_dup60_s20260629_nonbonded,P3-Persist,m12_no_attack_dup60_s20260629,nonbonded,2386,PRIVPROBE:0,duplicate_filter,0,False,0,duplicate_filter
m12_no_attack_dup60_s20260629_nonbonded,P3-Persist,m12_no_attack_dup60_s20260629,nonbonded,2402,PRIVPROBE:0,duplicate_filter,0,False,0,duplicate_filter
m12_no_attack_dup60_s20260629_nonbonded,P3-Persist,m12_no_attack_dup60_s20260629,nonbonded,2433,PRIVPROBE:0,duplicate_filter,0,False,0,duplicate_filter
m12_no_attack_dup60_s20260629_nonbonded,P3-Persist,m12_no_attack_dup60_s20260629,nonbonded,2454,PRIVPROBE:0,duplicate_filter,0,False,0,duplicate_filter
m12_no_attack_dup60_s20260629_nonbonded,P3-Persist,m12_no_attack_dup60_s20260629,nonbonded,2472,PRIVPROBE:0,duplicate_filter,0,False,0,duplicate_filter
m12_no_attack_dup60_s20260629_nonbonded,P3-Persist,m12_no_attack_dup60_s20260629,nonbonded,2493,PRIVPROBE:0,duplicate_filter,0,False,0,duplicate_filter
m12_no_attack_dup60_s20260629_nonbonded,P3-Persist,m12_no_attack_dup60_s20260629,nonbonded,2514,PRIVPROBE:0,duplicate_filter,0,False,0,duplicate_filter
m12_no_attack_dup60_s20260629_nonbonded,P3-Persist,m12_no_attack_dup60_s20260629,nonbonded,2538,PRIVPROBE:0,duplicate_filter,0,False,0,duplicate_filter
m12_no_attack_dup60_s20260629_nonbonded,P3-Persist,m12_no_attack_dup60_s20260629,nonbonded,2558,PRIVPROBE:0,duplicate_filter,0,False,0,duplicate_filter
m12_no_attack_dup60_s20260629_nonbonded,P3-Persist,m12_no_attack_dup60_s20260629,nonbonded,2576,PRIVPROBE:0,duplicate_filter,0,False,0,duplicate_filter
m12_no_attack_dup60_s20260629_nonbonded,P3-Persist,m12_no_attack_dup60_s20260629,nonbonded,2605,PRIVPROBE:0,host_scan,504,False,0,host_scan
m12_no_attack_dup60_s20260629_nonbonded,P3-Persist,m12_no_attack_dup60_s20260629,nonbonded,2628,PRIVPROBE:0,duplicate_filter,0,False,0,duplicate_filter
m12_no_attack_dup60_s20260629_nonbonded,P3-Persist,m12_no_attack_dup60_s20260629,nonbonded,2662,PRIVPROBE:0,duplicate_filter,0,False,0,duplicate_filter
m12_no_attack_dup60_s20260629_nonbonded,P3-Persist,m12_no_attack_dup60_s20260629,nonbonded,2692,PRIVPROBE:0,duplicate_filter,0,False,0,duplicate_filter
m12_no_attack_dup60_s20260629_nonbonded,P3-Persist,m12_no_attack_dup60_s20260629,nonbonded,2713,PRIVPROBE:0,duplicate_filter,0,False,0,duplicate_filter
m12_no_attack_dup60_s20260629_nonbonded,P3-Persist,m12_no_attack_dup60_s20260629,nonbonded,2729,PRIVPROBE:0,duplicate_filter,0,False,0,duplicate_filter
m12_no_attack_dup60_s20260629_nonbonded,P3-Persist,m12_no_attack_dup60_s20260629,nonbonded,2745,PRIVPROBE:0,duplicate_filter,0,False,0,duplicate_filter
m12_no_attack_dup60_s20260629_nonbonded,P3-Persist,m12_no_attack_dup60_s20260629,nonbonded,2768,PRIVPROBE:0,duplicate_filter,0,False,0,duplicate_filter
m12_no_attack_dup60_s20260629_nonbonded,P3-Persist,m12_no_attack_dup60_s20260629,nonbonded,2786,PRIVPROBE:0,duplicate_filter,0,False,0,duplicate_filter
m12_no_attack_dup60_s20260629_nonbonded,P3-Persist,m12_no_attack_dup60_s20260629,nonbonded,2801,PRIVPROBE:0,duplicate_filter,0,False,0,duplicate_filter
m12_no_attack_dup60_s20260629_nonbonded,P3-Persist,m12_no_attack_dup60_s20260629,nonbonded,2825,PRIVPROBE:0,duplicate_filter,0,False,0,duplicate_filter
m12_no_attack_dup60_s20260629_nonbonded,P3-Persist,m12_no_attack_dup60_s20260629,nonbonded,2846,PRIVPROBE:0,duplicate_filter,0,False,0,duplicate_filter
m12_no_attack_dup60_s20260629_nonbonded,P3-Persist,m12_no_attack_dup60_s20260629,nonbonded,2865,PRIVPROBE:0,host_scan,504,False,0,host_scan
m12_no_attack_dup60_s20260629_nonbonded,P3-Persist,m12_no_attack_dup60_s20260629,nonbonded,2876,PRIVPROBE:0,duplicate_filter,0,False,0,duplicate_filter
m12_no_attack_dup60_s20260629_nonbonded,P3-Persist,m12_no_attack_dup60_s20260629,nonbonded,2902,PRIVPROBE:0,duplicate_filter,0,False,0,duplicate_filter
m12_no_attack_dup60_s20260629_nonbonded,P3-Persist,m12_no_attack_dup60_s20260629,nonbonded,2923,PRIVPROBE:0,duplicate_filter,0,False,0,duplicate_filter
m12_no_attack_dup60_s20260629_nonbonded,P3-Persist,m12_no_attack_dup60_s20260629,nonbonded,2937,PRIVPROBE:0,duplicate_filter,0,False,0,duplicate_filter
m12_no_attack_dup60_s20260629_nonbonded,P3-Persist,m12_no_attack_dup60_s20260629,nonbonded,2947,PRIVPROBE:0,duplicate_filter,0,False,0,duplicate_filter
m12_no_attack_dup60_s20260629_nonbonded,P3-Persist,m12_no_attack_dup60_s20260629,nonbonded,2965,PRIVPROBE:0,duplicate_filter,0,False,0,duplicate_filter
m12_no_attack_dup60_s20260629_nonbonded,P3-Persist,m12_no_attack_dup60_s20260629,nonbonded,2988,PRIVPROBE:0,duplicate_filter,0,False,0,duplicate_filter
m12_no_attack_dup60_s20260629_nonbonded,P3-Persist,m12_no_attack_dup60_s20260629,nonbonded,3000,PRIVPROBE:0,duplicate_filter,0,False,0,duplicate_filter
m12_no_attack_dup60_s20260629_nonbonded,P3-Persist,m12_no_attack_dup60_s20260629,nonbonded,3016,PRIVPROBE:0,duplicate_filter,0,False,0,duplicate_filter
m12_no_attack_dup60_s20260629_nonbonded,P3-Persist,m12_no_attack_dup60_s20260629,nonbonded,3040,PRIVPROBE:0,duplicate_filter,0,False,0,duplicate_filter
m12_no_attack_dup60_s20260629_nonbonded,P3-Persist,m12_no_attack_dup60_s20260629,nonbonded,3058,PRIVPROBE:0,duplicate_filter,0,False,0,duplicate_filter
m12_no_attack_dup60_s20260629_nonbonded,P3-Persist,m12_no_attack_dup60_s20260629,nonbonded,3081,PRIVPROBE:0,host_scan,504,False,0,host_scan
m12_no_attack_dup60_s20260629_nonbonded,P3-Persist,m12_no_attack_dup60_s20260629,nonbonded,3104,PRIVPROBE:0,duplicate_filter,0,False,0,duplicate_filter
m12_no_attack_dup60_s20260629_nonbonded,P3-Persist,m12_no_attack_dup60_s20260629,nonbonded,3120,PRIVPROBE:0,duplicate_filter,0,False,0,duplicate_filter
m12_no_attack_dup60_s20260629_nonbonded,P3-Persist,m12_no_attack_dup60_s20260629,nonbonded,3139,PRIVPROBE:0,duplicate_filter,0,False,0,duplicate_filter
m12_no_attack_dup60_s20260629_nonbonded,P3-Persist,m12_no_attack_dup60_s20260629,nonbonded,3160,PRIVPROBE:0,duplicate_filter,0,False,0,duplicate_filter
m12_no_attack_dup60_s20260629_nonbonded,P3-Persist,m12_no_attack_dup60_s20260629,nonbonded,3185,PRIVPROBE:0,duplicate_filter,0,False,0,duplicate_filter
m12_no_attack_dup60_s20260629_nonbonded,P3-Persist,m12_no_attack_dup60_s20260629,nonbonded,3208,PRIVPROBE:0,duplicate_filter,0,False,0,duplicate_filter
m12_no_attack_dup60_s20260629_nonbonded,P3-Persist,m12_no_attack_dup60_s20260629,nonbonded,3227,PRIVPROBE:0,duplicate_filter,0,False,0,duplicate_filter
m12_no_attack_dup60_s20260629_nonbonded,P3-Persist,m12_no_attack_dup60_s20260629,nonbonded,3251,PRIVPROBE:0,duplicate_filter,0,False,0,duplicate_filter
m12_no_attack_dup60_s20260629_nonbonded,P3-Persist,m12_no_attack_dup60_s20260629,nonbonded,3273,PRIVPROBE:0,duplicate_filter,0,False,0,duplicate_filter
m12_no_attack_dup60_s20260629_nonbonded,P3-Persist,m12_no_attack_dup60_s20260629,nonbonded,3284,PRIVPROBE:0,duplicate_filter,0,False,0,duplicate_filter
m12_no_attack_dup60_s20260629_nonbonded,P3-Persist,m12_no_attack_dup60_s20260629,nonbonded,3307,PRIVPROBE:0,duplicate_filter,0,False,0,duplicate_filter
m12_no_attack_dup60_s20260629_nonbonded,P3-Persist,m12_no_attack_dup60_s20260629,nonbonded,3328,PRIVPROBE:0,host_scan,504,False,0,host_scan
m12_no_attack_dup60_s20260629_nonbonded,P3-Persist,m12_no_attack_dup60_s20260629,nonbonded,3352,PRIVPROBE:0,duplicate_filter,0,False,0,duplicate_filter
m12_no_attack_dup60_s20260629_nonbonded,P3-Persist,m12_no_attack_dup60_s20260629,nonbonded,3374,PRIVPROBE:0,duplicate_filter,0,False,0,duplicate_filter
m12_no_attack_dup60_s20260629_nonbonded,P3-Persist,m12_no_attack_dup60_s20260629,nonbonded,3400,PRIVPROBE:0,duplicate_filter,0,False,0,duplicate_filter
m12_no_attack_dup60_s20260629_nonbonded,P3-Persist,m12_no_attack_dup60_s20260629,nonbonded,3423,PRIVPROBE:0,duplicate_filter,0,False,0,duplicate_filter
m12_no_attack_dup60_s20260629_nonbonded,P3-Persist,m12_no_attack_dup60_s20260629,nonbonded,3441,PRIVPROBE:0,duplicate_filter,0,False,0,duplicate_filter
m12_no_attack_dup60_s20260629_nonbonded,P3-Persist,m12_no_attack_dup60_s20260629,nonbonded,3460,PRIVPROBE:0,duplicate_filter,0,False,0,duplicate_filter
m12_no_attack_dup60_s20260629_nonbonded,P3-Persist,m12_no_attack_dup60_s20260629,nonbonded,3490,PRIVPROBE:0,duplicate_filter,0,False,0,duplicate_filter
m12_no_attack_dup60_s20260629_nonbonded,P3-Persist,m12_no_attack_dup60_s20260629,nonbonded,3504,PRIVPROBE:0,duplicate_filter,0,False,0,duplicate_filter
m12_no_attack_dup60_s20260629_nonbonded,P3-Persist,m12_no_attack_dup60_s20260629,nonbonded,3528,PRIVPROBE:0,duplicate_filter,0,False,0,duplicate_filter
m12_no_attack_dup60_s20260629_nonbonded,P3-Persist,m12_no_attack_dup60_s20260629,nonbonded,3553,PRIVPROBE:0,duplicate_filter,0,False,0,duplicate_filter
m12_no_attack_dup60_s20260629_nonbonded,P3-Persist,m12_no_attack_dup60_s20260629,nonbonded,3573,PRIVPROBE:0,duplicate_filter,0,False,0,duplicate_filter
m12_no_attack_dup60_s20260629_nonbonded,P3-Persist,m12_no_attack_dup60_s20260629,nonbonded,3599,PRIVPROBE:0,host_scan,504,False,0,host_scan
m12_no_attack_dup60_s20260629_nonbonded,P3-Persist,m12_no_attack_dup60_s20260629,nonbonded,3622,PRIVPROBE:0,duplicate_filter,0,False,0,duplicate_filter
m12_no_attack_dup60_s20260629_nonbonded,P3-Persist,m12_no_attack_dup60_s20260629,nonbonded,3646,PRIVPROBE:0,duplicate_filter,0,False,0,duplicate_filter
m12_no_attack_dup60_s20260629_nonbonded,P3-Persist,m12_no_attack_dup60_s20260629,nonbonded,3671,PRIVPROBE:0,duplicate_filter,0,False,0,duplicate_filter
m12_no_attack_dup60_s20260629_nonbonded,P3-Persist,m12_no_attack_dup60_s20260629,nonbonded,3689,PRIVPROBE:0,duplicate_filter,0,False,0,duplicate_filter
m12_no_attack_dup60_s20260629_nonbonded,P3-Persist,m12_no_attack_dup60_s20260629,nonbonded,3714,PRIVPROBE:0,duplicate_filter,0,False,0,duplicate_filter
m12_no_attack_dup60_s20260629_nonbonded,P3-Persist,m12_no_attack_dup60_s20260629,nonbonded,3735,PRIVPROBE:0,duplicate_filter,0,False,0,duplicate_filter
m12_no_attack_dup60_s20260629_nonbonded,P3-Persist,m12_no_attack_dup60_s20260629,nonbonded,3754,PRIVPROBE:0,duplicate_filter,0,False,0,duplicate_filter
m12_no_attack_dup60_s20260629_nonbonded,P3-Persist,m12_no_attack_dup60_s20260629,nonbonded,3781,PRIVPROBE:0,duplicate_filter,0,False,0,duplicate_filter
m12_no_attack_dup60_s20260629_nonbonded,P3-Persist,m12_no_attack_dup60_s20260629,nonbonded,3799,PRIVPROBE:0,duplicate_filter,0,False,0,duplicate_filter
m12_no_attack_dup60_s20260629_nonbonded,P3-Persist,m12_no_attack_dup60_s20260629,nonbonded,3818,PRIVPROBE:0,duplicate_filter,0,False,0,duplicate_filter
m12_no_attack_dup60_s20260629_nonbonded,P3-Persist,m12_no_attack_dup60_s20260629,nonbonded,3834,PRIVPROBE:0,duplicate_filter,0,False,0,duplicate_filter
m12_no_attack_dup60_s20260629_nonbonded,P3-Persist,m12_no_attack_dup60_s20260629,nonbonded,3857,PRIVPROBE:1,host_scan,504,False,0,host_scan
m12_no_attack_dup60_s20260629_nonbonded,P3-Persist,m12_no_attack_dup60_s20260629,nonbonded,3878,PRIVPROBE:1,duplicate_filter,0,False,0,duplicate_filter
m12_no_attack_dup60_s20260629_nonbonded,P3-Persist,m12_no_attack_dup60_s20260629,nonbonded,3911,PRIVPROBE:1,duplicate_filter,0,False,0,duplicate_filter
m12_no_attack_dup60_s20260629_nonbonded,P3-Persist,m12_no_attack_dup60_s20260629,nonbonded,3948,PRIVPROBE:1,duplicate_filter,0,False,0,duplicate_filter
m12_no_attack_dup60_s20260629_nonbonded,P3-Persist,m12_no_attack_dup60_s20260629,nonbonded,3965,PRIVPROBE:1,duplicate_filter,0,False,0,duplicate_filter
m12_no_attack_dup60_s20260629_nonbonded,P3-Persist,m12_no_attack_dup60_s20260629,nonbonded,3985,PRIVPROBE:1,duplicate_filter,0,False,0,duplicate_filter
m12_no_attack_dup60_s20260629_nonbonded,P3-Persist,m12_no_attack_dup60_s20260629,nonbonded,4000,PRIVPROBE:1,duplicate_filter,0,False,0,duplicate_filter
m12_no_attack_dup60_s20260629_nonbonded,P3-Persist,m12_no_attack_dup60_s20260629,nonbonded,4015,PRIVPROBE:1,duplicate_filter,0,False,0,duplicate_filter
m12_no_attack_dup60_s20260629_nonbonded,P3-Persist,m12_no_attack_dup60_s20260629,nonbonded,4028,PRIVPROBE:1,duplicate_filter,0,False,0,duplicate_filter
m12_no_attack_dup60_s20260629_nonbonded,P3-Persist,m12_no_attack_dup60_s20260629,nonbonded,4060,PRIVPROBE:1,duplicate_filter,0,False,0,duplicate_filter
m12_no_attack_dup60_s20260629_nonbonded,P3-Persist,m12_no_attack_dup60_s20260629,nonbonded,4085,PRIVPROBE:1,duplicate_filter,0,False,0,duplicate_filter
m12_no_attack_dup60_s20260629_nonbonded,P3-Persist,m12_no_attack_dup60_s20260629,nonbonded,4113,PRIVPROBE:1,duplicate_filter,0,False,0,duplicate_filter
m12_no_attack_dup60_s20260629_nonbonded,P3-Persist,m12_no_attack_dup60_s20260629,nonbonded,4139,PRIVPROBE:1,host_scan,504,False,0,host_scan
m12_no_attack_dup60_s20260629_nonbonded,P3-Persist,m12_no_attack_dup60_s20260629,nonbonded,4169,PRIVPROBE:1,duplicate_filter,0,False,0,duplicate_filter
m12_no_attack_dup60_s20260629_nonbonded,P3-Persist,m12_no_attack_dup60_s20260629,nonbonded,4186,PRIVPROBE:1,duplicate_filter,0,False,0,duplicate_filter
m12_no_attack_dup60_s20260629_nonbonded,P3-Persist,m12_no_attack_dup60_s20260629,nonbonded,4204,PRIVPROBE:1,duplicate_filter,0,False,0,duplicate_filter
m12_no_attack_dup60_s20260629_nonbonded,P3-Persist,m12_no_attack_dup60_s20260629,nonbonded,4223,PRIVPROBE:1,duplicate_filter,0,False,0,duplicate_filter
m12_no_attack_dup60_s20260629_nonbonded,P3-Persist,m12_no_attack_dup60_s20260629,nonbonded,4241,PRIVPROBE:1,duplicate_filter,0,False,0,duplicate_filter
m12_no_attack_dup60_s20260629_nonbonded,P3-Persist,m12_no_attack_dup60_s20260629,nonbonded,4263,PRIVPROBE:1,duplicate_filter,0,False,0,duplicate_filter
m12_no_attack_dup60_s20260629_nonbonded,P3-Persist,m12_no_attack_dup60_s20260629,nonbonded,4274,PRIVPROBE:1,duplicate_filter,0,False,0,duplicate_filter
m12_no_attack_dup60_s20260629_nonbonded,P3-Persist,m12_no_attack_dup60_s20260629,nonbonded,4294,PRIVPROBE:1,duplicate_filter,0,False,0,duplicate_filter
m12_no_attack_dup60_s20260629_nonbonded,P3-Persist,m12_no_attack_dup60_s20260629,nonbonded,4306,PRIVPROBE:1,duplicate_filter,0,False,0,duplicate_filter
m12_no_attack_dup60_s20260629_nonbonded,P3-Persist,m12_no_attack_dup60_s20260629,nonbonded,4330,PRIVPROBE:1,duplicate_filter,0,False,0,duplicate_filter
m12_no_attack_dup60_s20260629_nonbonded,P3-Persist,m12_no_attack_dup60_s20260629,nonbonded,4352,PRIVPROBE:1,duplicate_filter,0,False,0,duplicate_filter
m12_no_attack_dup60_s20260629_nonbonded,P3-Persist,m12_no_attack_dup60_s20260629,nonbonded,4375,PRIVPROBE:1,host_scan,504,False,0,host_scan
m12_no_attack_dup60_s20260629_nonbonded,P3-Persist,m12_no_attack_dup60_s20260629,nonbonded,4391,PRIVPROBE:1,duplicate_filter,0,False,0,duplicate_filter
m12_no_attack_dup60_s20260629_nonbonded,P3-Persist,m12_no_attack_dup60_s20260629,nonbonded,4405,PRIVPROBE:1,duplicate_filter,0,False,0,duplicate_filter
m12_no_attack_dup60_s20260629_nonbonded,P3-Persist,m12_no_attack_dup60_s20260629,nonbonded,4424,PRIVPROBE:1,duplicate_filter,0,False,0,duplicate_filter
m12_no_attack_dup60_s20260629_nonbonded,P3-Persist,m12_no_attack_dup60_s20260629,nonbonded,4446,PRIVPROBE:1,duplicate_filter,0,False,0,duplicate_filter
m12_no_attack_dup60_s20260629_nonbonded,P3-Persist,m12_no_attack_dup60_s20260629,nonbonded,4464,PRIVPROBE:1,duplicate_filter,0,False,0,duplicate_filter
m12_no_attack_dup60_s20260629_nonbonded,P3-Persist,m12_no_attack_dup60_s20260629,nonbonded,4478,PRIVPROBE:1,duplicate_filter,0,False,0,duplicate_filter
m12_no_attack_dup60_s20260629_nonbonded,P3-Persist,m12_no_attack_dup60_s20260629,nonbonded,4493,PRIVPROBE:1,duplicate_filter,0,False,0,duplicate_filter
m12_no_attack_dup60_s20260629_nonbonded,P3-Persist,m12_no_attack_dup60_s20260629,nonbonded,4509,PRIVPROBE:1,duplicate_filter,0,False,0,duplicate_filter
m12_no_attack_dup60_s20260629_nonbonded,P3-Persist,m12_no_attack_dup60_s20260629,nonbonded,4534,PRIVPROBE:1,duplicate_filter,0,False,0,duplicate_filter
m12_no_attack_dup60_s20260629_nonbonded,P3-Persist,m12_no_attack_dup60_s20260629,nonbonded,4556,PRIVPROBE:1,duplicate_filter,0,False,0,duplicate_filter
m12_no_attack_dup60_s20260629_nonbonded,P3-Persist,m12_no_attack_dup60_s20260629,nonbonded,4571,PRIVPROBE:1,duplicate_filter,0,False,0,duplicate_filter
m12_no_attack_dup60_s20260629_nonbonded,P3-Persist,m12_no_attack_dup60_s20260629,nonbonded,4596,PRIVPROBE:1,host_scan,504,False,0,host_scan
m12_no_attack_dup60_s20260629_nonbonded,P3-Persist,m12_no_attack_dup60_s20260629,nonbonded,4616,PRIVPROBE:1,duplicate_filter,0,False,0,duplicate_filter
m12_no_attack_dup60_s20260629_nonbonded,P3-Persist,m12_no_attack_dup60_s20260629,nonbonded,4633,PRIVPROBE:1,duplicate_filter,0,False,0,duplicate_filter
m12_no_attack_dup60_s20260629_nonbonded,P3-Persist,m12_no_attack_dup60_s20260629,nonbonded,4650,PRIVPROBE:1,duplicate_filter,0,False,0,duplicate_filter
m12_no_attack_dup60_s20260629_nonbonded,P3-Persist,m12_no_attack_dup60_s20260629,nonbonded,4689,PRIVPROBE:1,duplicate_filter,0,False,0,duplicate_filter
m12_no_attack_dup60_s20260629_nonbonded,P3-Persist,m12_no_attack_dup60_s20260629,nonbonded,4705,PRIVPROBE:1,duplicate_filter,0,False,0,duplicate_filter
m12_no_attack_dup60_s20260629_nonbonded,P3-Persist,m12_no_attack_dup60_s20260629,nonbonded,4727,PRIVPROBE:1,duplicate_filter,0,False,0,duplicate_filter
m12_no_attack_dup60_s20260629_nonbonded,P3-Persist,m12_no_attack_dup60_s20260629,nonbonded,4743,PRIVPROBE:1,duplicate_filter,0,False,0,duplicate_filter
m12_no_attack_dup60_s20260629_nonbonded,P3-Persist,m12_no_attack_dup60_s20260629,nonbonded,4761,PRIVPROBE:1,duplicate_filter,0,False,0,duplicate_filter
m12_no_attack_dup60_s20260629_nonbonded,P3-Persist,m12_no_attack_dup60_s20260629,nonbonded,4777,PRIVPROBE:1,duplicate_filter,0,False,0,duplicate_filter
m12_no_attack_dup60_s20260629_nonbonded,P3-Persist,m12_no_attack_dup60_s20260629,nonbonded,4793,PRIVPROBE:1,duplicate_filter,0,False,0,duplicate_filter
m12_no_attack_dup60_s20260629_nonbonded,P3-Persist,m12_no_attack_dup60_s20260629,nonbonded,4819,PRIVPROBE:1,duplicate_filter,0,False,0,duplicate_filter
m12_no_attack_dup60_s20260629_nonbonded,P3-Persist,m12_no_attack_dup60_s20260629,nonbonded,4843,PRIVPROBE:1,host_scan,504,False,0,host_scan
m12_no_attack_dup60_s20260629_nonbonded,P3-Persist,m12_no_attack_dup60_s20260629,nonbonded,4861,PRIVPROBE:1,duplicate_filter,0,False,0,duplicate_filter
m12_no_attack_dup60_s20260629_nonbonded,P3-Persist,m12_no_attack_dup60_s20260629,nonbonded,4878,PRIVPROBE:1,duplicate_filter,0,False,0,duplicate_filter
m12_no_attack_dup60_s20260629_nonbonded,P3-Persist,m12_no_attack_dup60_s20260629,nonbonded,4904,PRIVPROBE:1,duplicate_filter,0,False,0,duplicate_filter
m12_no_attack_dup60_s20260629_nonbonded,P3-Persist,m12_no_attack_dup60_s20260629,nonbonded,4936,PRIVPROBE:1,duplicate_filter,0,False,0,duplicate_filter
m12_no_attack_dup60_s20260629_nonbonded,P3-Persist,m12_no_attack_dup60_s20260629,nonbonded,4965,PRIVPROBE:1,duplicate_filter,0,False,0,duplicate_filter
m12_no_attack_dup60_s20260629_nonbonded,P3-Persist,m12_no_attack_dup60_s20260629,nonbonded,4982,PRIVPROBE:1,duplicate_filter,0,False,0,duplicate_filter
m12_no_attack_dup60_s20260629_nonbonded,P3-Persist,m12_no_attack_dup60_s20260629,nonbonded,5002,PRIVPROBE:1,duplicate_filter,0,False,0,duplicate_filter
m12_no_attack_dup60_s20260629_nonbonded,P3-Persist,m12_no_attack_dup60_s20260629,nonbonded,5027,PRIVPROBE:1,duplicate_filter,0,False,0,duplicate_filter
m12_no_attack_dup60_s20260629_nonbonded,P3-Persist,m12_no_attack_dup60_s20260629,nonbonded,5052,PRIVPROBE:1,duplicate_filter,0,False,0,duplicate_filter
m12_no_attack_dup60_s20260629_nonbonded,P3-Persist,m12_no_attack_dup60_s20260629,nonbonded,5068,PRIVPROBE:1,duplicate_filter,0,False,0,duplicate_filter
m12_no_attack_dup60_s20260629_nonbonded,P3-Persist,m12_no_attack_dup60_s20260629,nonbonded,5090,PRIVPROBE:1,duplicate_filter,0,False,0,duplicate_filter
m12_no_attack_dup60_s20260629_nonbonded,P3-Persist,m12_no_attack_dup60_s20260629,nonbonded,5118,PRIVPROBE:1,host_scan,504,False,0,host_scan
m12_no_attack_dup60_s20260629_nonbonded,P3-Persist,m12_no_attack_dup60_s20260629,nonbonded,5143,PRIVPROBE:1,duplicate_filter,0,False,0,duplicate_filter
m12_no_attack_dup60_s20260629_nonbonded,P3-Persist,m12_no_attack_dup60_s20260629,nonbonded,5168,PRIVPROBE:1,duplicate_filter,0,False,0,duplicate_filter
m12_no_attack_dup60_s20260629_nonbonded,P3-Persist,m12_no_attack_dup60_s20260629,nonbonded,5191,PRIVPROBE:1,duplicate_filter,0,False,0,duplicate_filter
m12_no_attack_dup60_s20260629_nonbonded,P3-Persist,m12_no_attack_dup60_s20260629,nonbonded,5211,PRIVPROBE:1,duplicate_filter,0,False,0,duplicate_filter
m12_no_attack_dup60_s20260629_nonbonded,P3-Persist,m12_no_attack_dup60_s20260629,nonbonded,5227,PRIVPROBE:1,duplicate_filter,0,False,0,duplicate_filter
m12_no_attack_dup60_s20260629_nonbonded,P3-Persist,m12_no_attack_dup60_s20260629,nonbonded,5241,PRIVPROBE:1,duplicate_filter,0,False,0,duplicate_filter
m12_no_attack_dup60_s20260629_nonbonded,P3-Persist,m12_no_attack_dup60_s20260629,nonbonded,5258,PRIVPROBE:1,duplicate_filter,0,False,0,duplicate_filter
m12_no_attack_dup60_s20260629_nonbonded,P3-Persist,m12_no_attack_dup60_s20260629,nonbonded,5278,PRIVPROBE:1,duplicate_filter,0,False,0,duplicate_filter
m12_no_attack_dup60_s20260629_nonbonded,P3-Persist,m12_no_attack_dup60_s20260629,nonbonded,5316,PRIVPROBE:1,duplicate_filter,0,False,0,duplicate_filter
m12_no_attack_dup60_s20260629_nonbonded,P3-Persist,m12_no_attack_dup60_s20260629,nonbonded,5334,PRIVPROBE:1,duplicate_filter,0,False,0,duplicate_filter
m12_no_attack_dup60_s20260629_nonbonded,P3-Persist,m12_no_attack_dup60_s20260629,nonbonded,5348,PRIVPROBE:1,duplicate_filter,0,False,0,duplicate_filter
m12_no_attack_dup60_s20260629_nonbonded,P3-Persist,m12_no_attack_dup60_s20260629,nonbonded,5365,PRIVPROBE:1,host_scan,504,False,0,host_scan
m12_no_attack_dup60_s20260629_nonbonded,P3-Persist,m12_no_attack_dup60_s20260629,nonbonded,5383,PRIVPROBE:1,duplicate_filter,0,False,0,duplicate_filter
m12_no_attack_dup60_s20260629_nonbonded,P3-Persist,m12_no_attack_dup60_s20260629,nonbonded,5406,PRIVPROBE:1,duplicate_filter,0,False,0,duplicate_filter
m12_no_attack_dup60_s20260629_nonbonded,P3-Persist,m12_no_attack_dup60_s20260629,nonbonded,5427,PRIVPROBE:1,duplicate_filter,0,False,0,duplicate_filter
m12_no_attack_dup60_s20260629_nonbonded,P3-Persist,m12_no_attack_dup60_s20260629,nonbonded,5443,PRIVPROBE:1,duplicate_filter,0,False,0,duplicate_filter
m12_no_attack_dup60_s20260629_nonbonded,P3-Persist,m12_no_attack_dup60_s20260629,nonbonded,5471,PRIVPROBE:1,duplicate_filter,0,False,0,duplicate_filter
m12_no_attack_dup60_s20260629_nonbonded,P3-Persist,m12_no_attack_dup60_s20260629,nonbonded,5494,PRIVPROBE:1,duplicate_filter,0,False,0,duplicate_filter
m12_no_attack_dup60_s20260629_nonbonded,P3-Persist,m12_no_attack_dup60_s20260629,nonbonded,5515,PRIVPROBE:1,duplicate_filter,0,False,0,duplicate_filter
m12_no_attack_dup60_s20260629_nonbonded,P3-Persist,m12_no_attack_dup60_s20260629,nonbonded,5544,PRIVPROBE:1,duplicate_filter,0,False,0,duplicate_filter
m12_no_attack_dup60_s20260629_nonbonded,P3-Persist,m12_no_attack_dup60_s20260629,nonbonded,5566,PRIVPROBE:1,duplicate_filter,0,False,0,duplicate_filter
m12_no_attack_dup60_s20260629_nonbonded,P3-Persist,m12_no_attack_dup60_s20260629,nonbonded,5585,PRIVPROBE:1,duplicate_filter,0,False,0,duplicate_filter
m12_no_attack_dup60_s20260629_nonbonded,P3-Persist,m12_no_attack_dup60_s20260629,nonbonded,5593,PRIVPROBE:1,duplicate_filter,0,False,0,duplicate_filter
m12_no_attack_dup60_s20260629_nonbonded,P3-Persist,m12_no_attack_dup60_s20260629,nonbonded,5617,PRIVPROBE:1,host_scan,504,False,0,host_scan
m12_no_attack_dup60_s20260629_nonbonded,P3-Persist,m12_no_attack_dup60_s20260629,nonbonded,5629,PRIVPROBE:1,duplicate_filter,0,False,0,duplicate_filter
m12_no_attack_dup60_s20260629_nonbonded,P3-Persist,m12_no_attack_dup60_s20260629,nonbonded,5649,PRIVPROBE:1,duplicate_filter,0,False,0,duplicate_filter
m12_no_attack_dup60_s20260629_nonbonded,P3-Persist,m12_no_attack_dup60_s20260629,nonbonded,5671,PRIVPROBE:1,duplicate_filter,0,False,0,duplicate_filter
m12_no_attack_dup60_s20260629_nonbonded,P3-Persist,m12_no_attack_dup60_s20260629,nonbonded,5689,PRIVPROBE:1,duplicate_filter,0,False,0,duplicate_filter
m12_no_attack_dup60_s20260629_nonbonded,P3-Persist,m12_no_attack_dup60_s20260629,nonbonded,5708,PRIVPROBE:1,duplicate_filter,0,False,0,duplicate_filter
m12_no_attack_dup60_s20260629_nonbonded,P3-Persist,m12_no_attack_dup60_s20260629,nonbonded,5732,PRIVPROBE:1,duplicate_filter,0,False,0,duplicate_filter
m12_no_attack_dup60_s20260629_nonbonded,P3-Persist,m12_no_attack_dup60_s20260629,nonbonded,5750,PRIVPROBE:1,duplicate_filter,0,False,0,duplicate_filter
m12_no_attack_dup60_s20260629_nonbonded,P3-Persist,m12_no_attack_dup60_s20260629,nonbonded,5775,PRIVPROBE:1,duplicate_filter,0,False,0,duplicate_filter
m12_no_attack_dup60_s20260629_nonbonded,P3-Persist,m12_no_attack_dup60_s20260629,nonbonded,5796,PRIVPROBE:1,duplicate_filter,0,False,0,duplicate_filter
m12_no_attack_dup60_s20260629_nonbonded,P3-Persist,m12_no_attack_dup60_s20260629,nonbonded,5813,PRIVPROBE:1,duplicate_filter,0,False,0,duplicate_filter
m12_no_attack_dup60_s20260629_nonbonded,P3-Persist,m12_no_attack_dup60_s20260629,nonbonded,5824,PRIVPROBE:1,duplicate_filter,0,False,0,duplicate_filter
m12_no_attack_dup60_s20260629_nonbonded,P3-Persist,m12_no_attack_dup60_s20260629,nonbonded,5842,PRIVPROBE:1,host_scan,504,False,0,host_scan
m12_no_attack_dup60_s20260629_nonbonded,P3-Persist,m12_no_attack_dup60_s20260629,nonbonded,5860,PRIVPROBE:1,duplicate_filter,0,False,0,duplicate_filter
m12_no_attack_dup60_s20260629_nonbonded,P3-Persist,m12_no_attack_dup60_s20260629,nonbonded,5879,PRIVPROBE:1,duplicate_filter,0,False,0,duplicate_filter
m12_no_attack_dup60_s20260629_nonbonded,P3-Persist,m12_no_attack_dup60_s20260629,nonbonded,5901,PRIVPROBE:1,duplicate_filter,0,False,0,duplicate_filter
m12_no_attack_dup60_s20260629_nonbonded,P3-Persist,m12_no_attack_dup60_s20260629,nonbonded,5918,PRIVPROBE:1,duplicate_filter,0,False,0,duplicate_filter
m12_no_attack_dup60_s20260629_nonbonded,P3-Persist,m12_no_attack_dup60_s20260629,nonbonded,5940,PRIVPROBE:1,duplicate_filter,0,False,0,duplicate_filter
m12_no_attack_dup60_s20260629_nonbonded,P3-Persist,m12_no_attack_dup60_s20260629,nonbonded,5959,PRIVPROBE:1,duplicate_filter,0,False,0,duplicate_filter
m12_no_attack_dup60_s20260629_nonbonded,P3-Persist,m12_no_attack_dup60_s20260629,nonbonded,5978,PRIVPROBE:1,duplicate_filter,0,False,0,duplicate_filter
m12_no_attack_dup60_s20260629_nonbonded,P3-Persist,m12_no_attack_dup60_s20260629,nonbonded,5992,PRIVPROBE:1,duplicate_filter,0,False,0,duplicate_filter
m12_no_attack_dup60_s20260629_nonbonded,P3-Persist,m12_no_attack_dup60_s20260629,nonbonded,6018,PRIVPROBE:1,duplicate_filter,0,False,0,duplicate_filter
m12_no_attack_dup60_s20260629_nonbonded,P3-Persist,m12_no_attack_dup60_s20260629,nonbonded,6038,PRIVPROBE:1,duplicate_filter,0,False,0,duplicate_filter
m12_no_attack_dup60_s20260629_nonbonded,P3-Persist,m12_no_attack_dup60_s20260629,nonbonded,6057,PRIVPROBE:1,duplicate_filter,0,False,0,duplicate_filter
m12_no_attack_dup60_s20260629_nonbonded,P3-Persist,m12_no_attack_dup60_s20260629,nonbonded,6087,PRIVPROBE:1,host_scan,504,False,0,host_scan
m12_no_attack_dup60_s20260629_nonbonded,P3-Persist,m12_no_attack_dup60_s20260629,nonbonded,6097,PRIVPROBE:1,duplicate_filter,0,False,0,duplicate_filter
m12_no_attack_dup60_s20260629_nonbonded,P3-Persist,m12_no_attack_dup60_s20260629,nonbonded,6120,PRIVPROBE:1,duplicate_filter,0,False,0,duplicate_filter
m12_no_attack_dup60_s20260629_nonbonded,P3-Persist,m12_no_attack_dup60_s20260629,nonbonded,6144,PRIVPROBE:1,duplicate_filter,0,False,0,duplicate_filter
m12_no_attack_dup60_s20260629_nonbonded,P3-Persist,m12_no_attack_dup60_s20260629,nonbonded,6173,PRIVPROBE:1,duplicate_filter,0,False,0,duplicate_filter
m12_no_attack_dup60_s20260629_nonbonded,P3-Persist,m12_no_attack_dup60_s20260629,nonbonded,6193,PRIVPROBE:1,duplicate_filter,0,False,0,duplicate_filter
m12_no_attack_dup60_s20260629_nonbonded,P3-Persist,m12_no_attack_dup60_s20260629,nonbonded,6219,PRIVPROBE:1,duplicate_filter,0,False,0,duplicate_filter
m12_no_attack_dup60_s20260629_nonbonded,P3-Persist,m12_no_attack_dup60_s20260629,nonbonded,6243,PRIVPROBE:1,duplicate_filter,0,False,0,duplicate_filter
m12_no_attack_dup60_s20260629_nonbonded,P3-Persist,m12_no_attack_dup60_s20260629,nonbonded,6255,PRIVPROBE:1,duplicate_filter,0,False,0,duplicate_filter
m12_no_attack_dup60_s20260629_nonbonded,P3-Persist,m12_no_attack_dup60_s20260629,nonbonded,6279,PRIVPROBE:1,duplicate_filter,0,False,0,duplicate_filter
m12_no_attack_dup60_s20260629_nonbonded,P3-Persist,m12_no_attack_dup60_s20260629,nonbonded,6294,PRIVPROBE:1,duplicate_filter,0,False,0,duplicate_filter
m12_no_attack_dup60_s20260629_nonbonded,P3-Persist,m12_no_attack_dup60_s20260629,nonbonded,6312,PRIVPROBE:1,duplicate_filter,0,False,0,duplicate_filter
m12_no_attack_dup60_s20260629_nonbonded,P3-Persist,m12_no_attack_dup60_s20260629,nonbonded,6330,PRIVPROBE:1,host_scan,504,False,0,host_scan
m12_no_attack_dup60_s20260629_nonbonded,P3-Persist,m12_no_attack_dup60_s20260629,nonbonded,6346,PRIVPROBE:1,duplicate_filter,0,False,0,duplicate_filter
m12_no_attack_dup60_s20260629_nonbonded,P3-Persist,m12_no_attack_dup60_s20260629,nonbonded,6366,PRIVPROBE:1,duplicate_filter,0,False,0,duplicate_filter
m12_no_attack_dup60_s20260629_nonbonded,P3-Persist,m12_no_attack_dup60_s20260629,nonbonded,6394,PRIVPROBE:1,duplicate_filter,0,False,0,duplicate_filter
m12_no_attack_dup60_s20260629_nonbonded,P3-Persist,m12_no_attack_dup60_s20260629,nonbonded,6423,PRIVPROBE:1,duplicate_filter,0,False,0,duplicate_filter
m12_no_attack_dup60_s20260629_nonbonded,P3-Persist,m12_no_attack_dup60_s20260629,nonbonded,6451,PRIVPROBE:1,duplicate_filter,0,False,0,duplicate_filter
m12_no_attack_dup60_s20260629_nonbonded,P3-Persist,m12_no_attack_dup60_s20260629,nonbonded,6474,PRIVPROBE:1,duplicate_filter,0,False,0,duplicate_filter
m12_no_attack_dup60_s20260629_nonbonded,P3-Persist,m12_no_attack_dup60_s20260629,nonbonded,6496,PRIVPROBE:1,duplicate_filter,0,False,0,duplicate_filter
m12_no_attack_dup60_s20260629_nonbonded,P3-Persist,m12_no_attack_dup60_s20260629,nonbonded,6520,PRIVPROBE:1,duplicate_filter,0,False,0,duplicate_filter
m12_no_attack_dup60_s20260629_nonbonded,P3-Persist,m12_no_attack_dup60_s20260629,nonbonded,6540,PRIVPROBE:1,duplicate_filter,0,False,0,duplicate_filter
m12_no_attack_dup60_s20260629_nonbonded,P3-Persist,m12_no_attack_dup60_s20260629,nonbonded,6566,PRIVPROBE:1,duplicate_filter,0,False,0,duplicate_filter
m12_no_attack_dup60_s20260629_nonbonded,P3-Persist,m12_no_attack_dup60_s20260629,nonbonded,6589,PRIVPROBE:1,duplicate_filter,0,False,0,duplicate_filter
m12_no_attack_dup60_s20260629_nonbonded,P3-Persist,m12_no_attack_dup60_s20260629,nonbonded,6611,PRIVPROBE:1,host_scan,504,False,0,host_scan
m12_no_attack_dup60_s20260629_nonbonded,P3-Persist,m12_no_attack_dup60_s20260629,nonbonded,6642,PRIVPROBE:1,duplicate_filter,0,False,0,duplicate_filter
m12_no_attack_dup60_s20260629_nonbonded,P3-Persist,m12_no_attack_dup60_s20260629,nonbonded,6659,PRIVPROBE:1,duplicate_filter,0,False,0,duplicate_filter
m12_no_attack_dup60_s20260629_nonbonded,P3-Persist,m12_no_attack_dup60_s20260629,nonbonded,6683,PRIVPROBE:1,duplicate_filter,0,False,0,duplicate_filter
m12_no_attack_dup60_s20260629_nonbonded,P3-Persist,m12_no_attack_dup60_s20260629,nonbonded,6712,PRIVPROBE:1,duplicate_filter,0,False,0,duplicate_filter
m12_no_attack_dup60_s20260629_nonbonded,P3-Persist,m12_no_attack_dup60_s20260629,nonbonded,6732,PRIVPROBE:1,duplicate_filter,0,False,0,duplicate_filter
m12_no_attack_dup60_s20260629_nonbonded,P3-Persist,m12_no_attack_dup60_s20260629,nonbonded,6770,PRIVPROBE:1,duplicate_filter,0,False,0,duplicate_filter
m12_no_attack_dup60_s20260629_nonbonded,P3-Persist,m12_no_attack_dup60_s20260629,nonbonded,6792,PRIVPROBE:1,duplicate_filter,0,False,0,duplicate_filter
m12_no_attack_dup60_s20260629_nonbonded,P3-Persist,m12_no_attack_dup60_s20260629,nonbonded,6811,PRIVPROBE:1,duplicate_filter,0,False,0,duplicate_filter
m12_no_attack_dup60_s20260629_nonbonded,P3-Persist,m12_no_attack_dup60_s20260629,nonbonded,6826,PRIVPROBE:1,duplicate_filter,0,False,0,duplicate_filter
m12_no_attack_dup60_s20260629_nonbonded,P3-Persist,m12_no_attack_dup60_s20260629,nonbonded,6842,PRIVPROBE:1,duplicate_filter,0,False,0,duplicate_filter
m12_no_attack_dup60_s20260629_nonbonded,P3-Persist,m12_no_attack_dup60_s20260629,nonbonded,6859,PRIVPROBE:1,duplicate_filter,0,False,0,duplicate_filter
m12_no_attack_dup60_s20260629_nonbonded,P3-Persist,m12_no_attack_dup60_s20260629,nonbonded,6878,PRIVPROBE:1,host_scan,504,False,0,host_scan
m12_no_attack_dup60_s20260629_nonbonded,P3-Persist,m12_no_attack_dup60_s20260629,nonbonded,6898,PRIVPROBE:1,duplicate_filter,0,False,0,duplicate_filter
m12_no_attack_dup60_s20260629_nonbonded,P3-Persist,m12_no_attack_dup60_s20260629,nonbonded,6915,PRIVPROBE:1,duplicate_filter,0,False,0,duplicate_filter
m12_no_attack_dup60_s20260629_nonbonded,P3-Persist,m12_no_attack_dup60_s20260629,nonbonded,6939,PRIVPROBE:1,duplicate_filter,0,False,0,duplicate_filter
m12_no_attack_dup60_s20260629_nonbonded,P3-Persist,m12_no_attack_dup60_s20260629,nonbonded,6965,PRIVPROBE:1,duplicate_filter,0,False,0,duplicate_filter
m12_no_attack_dup60_s20260629_nonbonded,P3-Persist,m12_no_attack_dup60_s20260629,nonbonded,6983,PRIVPROBE:1,duplicate_filter,0,False,0,duplicate_filter
m12_no_attack_dup60_s20260629_nonbonded,P3-Persist,m12_no_attack_dup60_s20260629,nonbonded,7006,PRIVPROBE:1,duplicate_filter,0,False,0,duplicate_filter
m12_no_attack_dup60_s20260629_nonbonded,P3-Persist,m12_no_attack_dup60_s20260629,nonbonded,7019,PRIVPROBE:1,duplicate_filter,0,False,0,duplicate_filter
m12_no_attack_dup60_s20260629_nonbonded,P3-Persist,m12_no_attack_dup60_s20260629,nonbonded,7039,PRIVPROBE:1,duplicate_filter,0,False,0,duplicate_filter
m12_no_attack_dup60_s20260629_nonbonded,P3-Persist,m12_no_attack_dup60_s20260629,nonbonded,7054,PRIVPROBE:1,duplicate_filter,0,False,0,duplicate_filter
m12_no_attack_dup60_s20260629_nonbonded,P3-Persist,m12_no_attack_dup60_s20260629,nonbonded,7071,PRIVPROBE:1,duplicate_filter,0,False,0,duplicate_filter
m12_no_attack_dup60_s20260629_nonbonded,P3-Persist,m12_no_attack_dup60_s20260629,nonbonded,7092,PRIVPROBE:1,duplicate_filter,0,False,0,duplicate_filter
m12_no_attack_dup60_s20260629_nonbonded,P3-Persist,m12_no_attack_dup60_s20260629,nonbonded,7125,PRIVPROBE:1,host_scan,504,False,0,host_scan
m12_no_attack_dup60_s20260629_nonbonded,P3-Persist,m12_no_attack_dup60_s20260629,nonbonded,7155,PRIVPROBE:1,duplicate_filter,0,False,0,duplicate_filter
m12_no_attack_dup60_s20260629_nonbonded,P3-Persist,m12_no_attack_dup60_s20260629,nonbonded,7179,PRIVPROBE:1,duplicate_filter,0,False,0,duplicate_filter
m12_no_attack_dup60_s20260629_nonbonded,P3-Persist,m12_no_attack_dup60_s20260629,nonbonded,7202,PRIVPROBE:1,duplicate_filter,0,False,0,duplicate_filter
m12_no_attack_dup60_s20260629_nonbonded,P3-Persist,m12_no_attack_dup60_s20260629,nonbonded,7229,PRIVPROBE:1,duplicate_filter,0,False,0,duplicate_filter
m12_no_attack_dup60_s20260629_nonbonded,P3-Persist,m12_no_attack_dup60_s20260629,nonbonded,7245,PRIVPROBE:1,duplicate_filter,0,False,0,duplicate_filter
m12_no_attack_dup60_s20260629_nonbonded,P3-Persist,m12_no_attack_dup60_s20260629,nonbonded,7263,PRIVPROBE:1,duplicate_filter,0,False,0,duplicate_filter
m12_no_attack_dup60_s20260629_nonbonded,P3-Persist,m12_no_attack_dup60_s20260629,nonbonded,7287,PRIVPROBE:1,duplicate_filter,0,False,0,duplicate_filter
m12_no_attack_dup60_s20260629_nonbonded,P3-Persist,m12_no_attack_dup60_s20260629,nonbonded,7310,PRIVPROBE:1,duplicate_filter,0,False,0,duplicate_filter
m12_no_attack_dup60_s20260629_nonbonded,P3-Persist,m12_no_attack_dup60_s20260629,nonbonded,7332,PRIVPROBE:1,duplicate_filter,0,False,0,duplicate_filter
m12_no_attack_dup60_s20260629_nonbonded,P3-Persist,m12_no_attack_dup60_s20260629,nonbonded,7354,PRIVPROBE:1,duplicate_filter,0,False,0,duplicate_filter
m12_no_attack_dup60_s20260629_nonbonded,P3-Persist,m12_no_attack_dup60_s20260629,nonbonded,7369,PRIVPROBE:1,duplicate_filter,0,False,0,duplicate_filter
m12_no_attack_dup60_s20260629_nonbonded,P3-Persist,m12_no_attack_dup60_s20260629,nonbonded,7387,PRIVPROBE:1,host_scan,504,False,0,host_scan
m12_no_attack_dup60_s20260629_nonbonded,P3-Persist,m12_no_attack_dup60_s20260629,nonbonded,7406,PRIVPROBE:1,duplicate_filter,0,False,0,duplicate_filter
m12_no_attack_dup60_s20260629_nonbonded,P3-Persist,m12_no_attack_dup60_s20260629,nonbonded,7434,PRIVPROBE:1,duplicate_filter,0,False,0,duplicate_filter
m12_no_attack_dup60_s20260629_nonbonded,P3-Persist,m12_no_attack_dup60_s20260629,nonbonded,7463,PRIVPROBE:1,duplicate_filter,0,False,0,duplicate_filter
m12_no_attack_dup60_s20260629_nonbonded,P3-Persist,m12_no_attack_dup60_s20260629,nonbonded,7490,PRIVPROBE:1,duplicate_filter,0,False,0,duplicate_filter
m12_no_attack_dup60_s20260629_nonbonded,P3-Persist,m12_no_attack_dup60_s20260629,nonbonded,7501,PRIVPROBE:1,duplicate_filter,0,False,0,duplicate_filter
m12_no_attack_dup60_s20260629_nonbonded,P3-Persist,m12_no_attack_dup60_s20260629,nonbonded,7527,PRIVPROBE:1,duplicate_filter,0,False,0,duplicate_filter
m12_no_attack_dup60_s20260629_nonbonded,P3-Persist,m12_no_attack_dup60_s20260629,nonbonded,7552,PRIVPROBE:1,duplicate_filter,0,False,0,duplicate_filter
m12_no_attack_dup60_s20260629_nonbonded,P3-Persist,m12_no_attack_dup60_s20260629,nonbonded,7573,PRIVPROBE:1,duplicate_filter,0,False,0,duplicate_filter
m12_no_attack_dup60_s20260629_nonbonded,P3-Persist,m12_no_attack_dup60_s20260629,nonbonded,7590,PRIVPROBE:1,duplicate_filter,0,False,0,duplicate_filter
m12_no_attack_dup60_s20260629_nonbonded,P3-Persist,m12_no_attack_dup60_s20260629,nonbonded,7614,PRIVPROBE:1,duplicate_filter,0,False,0,duplicate_filter
m12_no_attack_dup60_s20260629_nonbonded,P3-Persist,m12_no_attack_dup60_s20260629,nonbonded,7635,PRIVPROBE:1,duplicate_filter,0,False,0,duplicate_filter
m12_no_attack_dup60_s20260629_nonbonded,P3-NoPersist,m12_no_attack_dup60_s20260629,nonbonded,1264,PRIVPROBE:0,host_scan,504,False,0,host_scan
m12_no_attack_dup60_s20260629_nonbonded,P3-NoPersist,m12_no_attack_dup60_s20260629,nonbonded,1281,PRIVPROBE:0,duplicate_filter,0,False,0,duplicate_filter
m12_no_attack_dup60_s20260629_nonbonded,P3-NoPersist,m12_no_attack_dup60_s20260629,nonbonded,1302,PRIVPROBE:0,duplicate_filter,0,False,0,duplicate_filter
m12_no_attack_dup60_s20260629_nonbonded,P3-NoPersist,m12_no_attack_dup60_s20260629,nonbonded,1324,PRIVPROBE:0,duplicate_filter,0,False,0,duplicate_filter
m12_no_attack_dup60_s20260629_nonbonded,P3-NoPersist,m12_no_attack_dup60_s20260629,nonbonded,1342,PRIVPROBE:0,duplicate_filter,0,False,0,duplicate_filter
m12_no_attack_dup60_s20260629_nonbonded,P3-NoPersist,m12_no_attack_dup60_s20260629,nonbonded,1366,PRIVPROBE:0,duplicate_filter,0,False,0,duplicate_filter
m12_no_attack_dup60_s20260629_nonbonded,P3-NoPersist,m12_no_attack_dup60_s20260629,nonbonded,1383,PRIVPROBE:0,duplicate_filter,0,False,0,duplicate_filter
m12_no_attack_dup60_s20260629_nonbonded,P3-NoPersist,m12_no_attack_dup60_s20260629,nonbonded,1411,PRIVPROBE:0,duplicate_filter,0,False,0,duplicate_filter
m12_no_attack_dup60_s20260629_nonbonded,P3-NoPersist,m12_no_attack_dup60_s20260629,nonbonded,1434,PRIVPROBE:0,duplicate_filter,0,False,0,duplicate_filter
m12_no_attack_dup60_s20260629_nonbonded,P3-NoPersist,m12_no_attack_dup60_s20260629,nonbonded,1459,PRIVPROBE:0,duplicate_filter,0,False,0,duplicate_filter
m12_no_attack_dup60_s20260629_nonbonded,P3-NoPersist,m12_no_attack_dup60_s20260629,nonbonded,1490,PRIVPROBE:0,duplicate_filter,0,False,0,duplicate_filter
m12_no_attack_dup60_s20260629_nonbonded,P3-NoPersist,m12_no_attack_dup60_s20260629,nonbonded,1507,PRIVPROBE:0,duplicate_filter,0,False,0,duplicate_filter
m12_no_attack_dup60_s20260629_nonbonded,P3-NoPersist,m12_no_attack_dup60_s20260629,nonbonded,1533,PRIVPROBE:0,host_scan,504,False,0,host_scan
m12_no_attack_dup60_s20260629_nonbonded,P3-NoPersist,m12_no_attack_dup60_s20260629,nonbonded,1548,PRIVPROBE:0,duplicate_filter,0,False,0,duplicate_filter
m12_no_attack_dup60_s20260629_nonbonded,P3-NoPersist,m12_no_attack_dup60_s20260629,nonbonded,1575,PRIVPROBE:0,duplicate_filter,0,False,0,duplicate_filter
m12_no_attack_dup60_s20260629_nonbonded,P3-NoPersist,m12_no_attack_dup60_s20260629,nonbonded,1586,PRIVPROBE:0,duplicate_filter,0,False,0,duplicate_filter
m12_no_attack_dup60_s20260629_nonbonded,P3-NoPersist,m12_no_attack_dup60_s20260629,nonbonded,1623,PRIVPROBE:0,duplicate_filter,0,False,0,duplicate_filter
m12_no_attack_dup60_s20260629_nonbonded,P3-NoPersist,m12_no_attack_dup60_s20260629,nonbonded,1649,PRIVPROBE:0,duplicate_filter,0,False,0,duplicate_filter
m12_no_attack_dup60_s20260629_nonbonded,P3-NoPersist,m12_no_attack_dup60_s20260629,nonbonded,1671,PRIVPROBE:0,duplicate_filter,0,False,0,duplicate_filter
m12_no_attack_dup60_s20260629_nonbonded,P3-NoPersist,m12_no_attack_dup60_s20260629,nonbonded,1691,PRIVPROBE:0,duplicate_filter,0,False,0,duplicate_filter
m12_no_attack_dup60_s20260629_nonbonded,P3-NoPersist,m12_no_attack_dup60_s20260629,nonbonded,1713,PRIVPROBE:0,duplicate_filter,0,False,0,duplicate_filter
m12_no_attack_dup60_s20260629_nonbonded,P3-NoPersist,m12_no_attack_dup60_s20260629,nonbonded,1728,PRIVPROBE:0,duplicate_filter,0,False,0,duplicate_filter
m12_no_attack_dup60_s20260629_nonbonded,P3-NoPersist,m12_no_attack_dup60_s20260629,nonbonded,1748,PRIVPROBE:0,duplicate_filter,0,False,0,duplicate_filter
m12_no_attack_dup60_s20260629_nonbonded,P3-NoPersist,m12_no_attack_dup60_s20260629,nonbonded,1772,PRIVPROBE:0,duplicate_filter,0,False,0,duplicate_filter
m12_no_attack_dup60_s20260629_nonbonded,P3-NoPersist,m12_no_attack_dup60_s20260629,nonbonded,1785,PRIVPROBE:0,host_scan,504,False,0,host_scan
m12_no_attack_dup60_s20260629_nonbonded,P3-NoPersist,m12_no_attack_dup60_s20260629,nonbonded,1802,PRIVPROBE:0,duplicate_filter,0,False,0,duplicate_filter
m12_no_attack_dup60_s20260629_nonbonded,P3-NoPersist,m12_no_attack_dup60_s20260629,nonbonded,1830,PRIVPROBE:0,duplicate_filter,0,False,0,duplicate_filter
m12_no_attack_dup60_s20260629_nonbonded,P3-NoPersist,m12_no_attack_dup60_s20260629,nonbonded,1856,PRIVPROBE:0,duplicate_filter,0,False,0,duplicate_filter
m12_no_attack_dup60_s20260629_nonbonded,P3-NoPersist,m12_no_attack_dup60_s20260629,nonbonded,1878,PRIVPROBE:0,duplicate_filter,0,False,0,duplicate_filter
m12_no_attack_dup60_s20260629_nonbonded,P3-NoPersist,m12_no_attack_dup60_s20260629,nonbonded,1893,PRIVPROBE:0,duplicate_filter,0,False,0,duplicate_filter
m12_no_attack_dup60_s20260629_nonbonded,P3-NoPersist,m12_no_attack_dup60_s20260629,nonbonded,1912,PRIVPROBE:0,duplicate_filter,0,False,0,duplicate_filter
m12_no_attack_dup60_s20260629_nonbonded,P3-NoPersist,m12_no_attack_dup60_s20260629,nonbonded,1943,PRIVPROBE:0,duplicate_filter,0,False,0,duplicate_filter
m12_no_attack_dup60_s20260629_nonbonded,P3-NoPersist,m12_no_attack_dup60_s20260629,nonbonded,1969,PRIVPROBE:0,duplicate_filter,0,False,0,duplicate_filter
m12_no_attack_dup60_s20260629_nonbonded,P3-NoPersist,m12_no_attack_dup60_s20260629,nonbonded,1998,PRIVPROBE:0,duplicate_filter,0,False,0,duplicate_filter
m12_no_attack_dup60_s20260629_nonbonded,P3-NoPersist,m12_no_attack_dup60_s20260629,nonbonded,2021,PRIVPROBE:0,duplicate_filter,0,False,0,duplicate_filter
m12_no_attack_dup60_s20260629_nonbonded,P3-NoPersist,m12_no_attack_dup60_s20260629,nonbonded,2029,PRIVPROBE:0,duplicate_filter,0,False,0,duplicate_filter
m12_no_attack_dup60_s20260629_nonbonded,P3-NoPersist,m12_no_attack_dup60_s20260629,nonbonded,2055,PRIVPROBE:0,host_scan,504,False,0,host_scan
m12_no_attack_dup60_s20260629_nonbonded,P3-NoPersist,m12_no_attack_dup60_s20260629,nonbonded,2084,PRIVPROBE:0,duplicate_filter,0,False,0,duplicate_filter
m12_no_attack_dup60_s20260629_nonbonded,P3-NoPersist,m12_no_attack_dup60_s20260629,nonbonded,2106,PRIVPROBE:0,duplicate_filter,0,False,0,duplicate_filter
m12_no_attack_dup60_s20260629_nonbonded,P3-NoPersist,m12_no_attack_dup60_s20260629,nonbonded,2128,PRIVPROBE:0,duplicate_filter,0,False,0,duplicate_filter
m12_no_attack_dup60_s20260629_nonbonded,P3-NoPersist,m12_no_attack_dup60_s20260629,nonbonded,2168,PRIVPROBE:0,duplicate_filter,0,False,0,duplicate_filter
m12_no_attack_dup60_s20260629_nonbonded,P3-NoPersist,m12_no_attack_dup60_s20260629,nonbonded,2186,PRIVPROBE:0,duplicate_filter,0,False,0,duplicate_filter
m12_no_attack_dup60_s20260629_nonbonded,P3-NoPersist,m12_no_attack_dup60_s20260629,nonbonded,2209,PRIVPROBE:0,duplicate_filter,0,False,0,duplicate_filter
m12_no_attack_dup60_s20260629_nonbonded,P3-NoPersist,m12_no_attack_dup60_s20260629,nonbonded,2232,PRIVPROBE:0,duplicate_filter,0,False,0,duplicate_filter
m12_no_attack_dup60_s20260629_nonbonded,P3-NoPersist,m12_no_attack_dup60_s20260629,nonbonded,2251,PRIVPROBE:0,duplicate_filter,0,False,0,duplicate_filter
m12_no_attack_dup60_s20260629_nonbonded,P3-NoPersist,m12_no_attack_dup60_s20260629,nonbonded,2274,PRIVPROBE:0,duplicate_filter,0,False,0,duplicate_filter
m12_no_attack_dup60_s20260629_nonbonded,P3-NoPersist,m12_no_attack_dup60_s20260629,nonbonded,2303,PRIVPROBE:0,duplicate_filter,0,False,0,duplicate_filter
m12_no_attack_dup60_s20260629_nonbonded,P3-NoPersist,m12_no_attack_dup60_s20260629,nonbonded,2325,PRIVPROBE:0,duplicate_filter,0,False,0,duplicate_filter
m12_no_attack_dup60_s20260629_nonbonded,P3-NoPersist,m12_no_attack_dup60_s20260629,nonbonded,2344,PRIVPROBE:0,host_scan,504,False,0,host_scan
m12_no_attack_dup60_s20260629_nonbonded,P3-NoPersist,m12_no_attack_dup60_s20260629,nonbonded,2368,PRIVPROBE:0,duplicate_filter,0,False,0,duplicate_filter
m12_no_attack_dup60_s20260629_nonbonded,P3-NoPersist,m12_no_attack_dup60_s20260629,nonbonded,2386,PRIVPROBE:0,duplicate_filter,0,False,0,duplicate_filter
m12_no_attack_dup60_s20260629_nonbonded,P3-NoPersist,m12_no_attack_dup60_s20260629,nonbonded,2402,PRIVPROBE:0,duplicate_filter,0,False,0,duplicate_filter
m12_no_attack_dup60_s20260629_nonbonded,P3-NoPersist,m12_no_attack_dup60_s20260629,nonbonded,2433,PRIVPROBE:0,duplicate_filter,0,False,0,duplicate_filter
m12_no_attack_dup60_s20260629_nonbonded,P3-NoPersist,m12_no_attack_dup60_s20260629,nonbonded,2454,PRIVPROBE:0,duplicate_filter,0,False,0,duplicate_filter
m12_no_attack_dup60_s20260629_nonbonded,P3-NoPersist,m12_no_attack_dup60_s20260629,nonbonded,2472,PRIVPROBE:0,duplicate_filter,0,False,0,duplicate_filter
m12_no_attack_dup60_s20260629_nonbonded,P3-NoPersist,m12_no_attack_dup60_s20260629,nonbonded,2493,PRIVPROBE:0,duplicate_filter,0,False,0,duplicate_filter
m12_no_attack_dup60_s20260629_nonbonded,P3-NoPersist,m12_no_attack_dup60_s20260629,nonbonded,2514,PRIVPROBE:0,duplicate_filter,0,False,0,duplicate_filter
m12_no_attack_dup60_s20260629_nonbonded,P3-NoPersist,m12_no_attack_dup60_s20260629,nonbonded,2538,PRIVPROBE:0,duplicate_filter,0,False,0,duplicate_filter
m12_no_attack_dup60_s20260629_nonbonded,P3-NoPersist,m12_no_attack_dup60_s20260629,nonbonded,2558,PRIVPROBE:0,duplicate_filter,0,False,0,duplicate_filter
m12_no_attack_dup60_s20260629_nonbonded,P3-NoPersist,m12_no_attack_dup60_s20260629,nonbonded,2576,PRIVPROBE:0,duplicate_filter,0,False,0,duplicate_filter
m12_no_attack_dup60_s20260629_nonbonded,P3-NoPersist,m12_no_attack_dup60_s20260629,nonbonded,2605,PRIVPROBE:0,host_scan,504,False,0,host_scan
m12_no_attack_dup60_s20260629_nonbonded,P3-NoPersist,m12_no_attack_dup60_s20260629,nonbonded,2628,PRIVPROBE:0,duplicate_filter,0,False,0,duplicate_filter
m12_no_attack_dup60_s20260629_nonbonded,P3-NoPersist,m12_no_attack_dup60_s20260629,nonbonded,2662,PRIVPROBE:0,duplicate_filter,0,False,0,duplicate_filter
m12_no_attack_dup60_s20260629_nonbonded,P3-NoPersist,m12_no_attack_dup60_s20260629,nonbonded,2692,PRIVPROBE:0,duplicate_filter,0,False,0,duplicate_filter
m12_no_attack_dup60_s20260629_nonbonded,P3-NoPersist,m12_no_attack_dup60_s20260629,nonbonded,2713,PRIVPROBE:0,duplicate_filter,0,False,0,duplicate_filter
m12_no_attack_dup60_s20260629_nonbonded,P3-NoPersist,m12_no_attack_dup60_s20260629,nonbonded,2729,PRIVPROBE:0,duplicate_filter,0,False,0,duplicate_filter
m12_no_attack_dup60_s20260629_nonbonded,P3-NoPersist,m12_no_attack_dup60_s20260629,nonbonded,2745,PRIVPROBE:0,duplicate_filter,0,False,0,duplicate_filter
m12_no_attack_dup60_s20260629_nonbonded,P3-NoPersist,m12_no_attack_dup60_s20260629,nonbonded,2768,PRIVPROBE:0,duplicate_filter,0,False,0,duplicate_filter
m12_no_attack_dup60_s20260629_nonbonded,P3-NoPersist,m12_no_attack_dup60_s20260629,nonbonded,2786,PRIVPROBE:0,duplicate_filter,0,False,0,duplicate_filter
m12_no_attack_dup60_s20260629_nonbonded,P3-NoPersist,m12_no_attack_dup60_s20260629,nonbonded,2801,PRIVPROBE:0,duplicate_filter,0,False,0,duplicate_filter
m12_no_attack_dup60_s20260629_nonbonded,P3-NoPersist,m12_no_attack_dup60_s20260629,nonbonded,2825,PRIVPROBE:0,duplicate_filter,0,False,0,duplicate_filter
m12_no_attack_dup60_s20260629_nonbonded,P3-NoPersist,m12_no_attack_dup60_s20260629,nonbonded,2846,PRIVPROBE:0,duplicate_filter,0,False,0,duplicate_filter
m12_no_attack_dup60_s20260629_nonbonded,P3-NoPersist,m12_no_attack_dup60_s20260629,nonbonded,2865,PRIVPROBE:0,host_scan,504,False,0,host_scan
m12_no_attack_dup60_s20260629_nonbonded,P3-NoPersist,m12_no_attack_dup60_s20260629,nonbonded,2876,PRIVPROBE:0,duplicate_filter,0,False,0,duplicate_filter
m12_no_attack_dup60_s20260629_nonbonded,P3-NoPersist,m12_no_attack_dup60_s20260629,nonbonded,2902,PRIVPROBE:0,duplicate_filter,0,False,0,duplicate_filter
m12_no_attack_dup60_s20260629_nonbonded,P3-NoPersist,m12_no_attack_dup60_s20260629,nonbonded,2923,PRIVPROBE:0,duplicate_filter,0,False,0,duplicate_filter
m12_no_attack_dup60_s20260629_nonbonded,P3-NoPersist,m12_no_attack_dup60_s20260629,nonbonded,2937,PRIVPROBE:0,duplicate_filter,0,False,0,duplicate_filter
m12_no_attack_dup60_s20260629_nonbonded,P3-NoPersist,m12_no_attack_dup60_s20260629,nonbonded,2947,PRIVPROBE:0,duplicate_filter,0,False,0,duplicate_filter
m12_no_attack_dup60_s20260629_nonbonded,P3-NoPersist,m12_no_attack_dup60_s20260629,nonbonded,2965,PRIVPROBE:0,duplicate_filter,0,False,0,duplicate_filter
m12_no_attack_dup60_s20260629_nonbonded,P3-NoPersist,m12_no_attack_dup60_s20260629,nonbonded,2988,PRIVPROBE:0,duplicate_filter,0,False,0,duplicate_filter
m12_no_attack_dup60_s20260629_nonbonded,P3-NoPersist,m12_no_attack_dup60_s20260629,nonbonded,3000,PRIVPROBE:0,duplicate_filter,0,False,0,duplicate_filter
m12_no_attack_dup60_s20260629_nonbonded,P3-NoPersist,m12_no_attack_dup60_s20260629,nonbonded,3016,PRIVPROBE:0,duplicate_filter,0,False,0,duplicate_filter
m12_no_attack_dup60_s20260629_nonbonded,P3-NoPersist,m12_no_attack_dup60_s20260629,nonbonded,3040,PRIVPROBE:0,duplicate_filter,0,False,0,duplicate_filter
m12_no_attack_dup60_s20260629_nonbonded,P3-NoPersist,m12_no_attack_dup60_s20260629,nonbonded,3058,PRIVPROBE:0,duplicate_filter,0,False,0,duplicate_filter
m12_no_attack_dup60_s20260629_nonbonded,P3-NoPersist,m12_no_attack_dup60_s20260629,nonbonded,3081,PRIVPROBE:0,host_scan,504,False,0,host_scan
m12_no_attack_dup60_s20260629_nonbonded,P3-NoPersist,m12_no_attack_dup60_s20260629,nonbonded,3104,PRIVPROBE:0,duplicate_filter,0,False,0,duplicate_filter
m12_no_attack_dup60_s20260629_nonbonded,P3-NoPersist,m12_no_attack_dup60_s20260629,nonbonded,3120,PRIVPROBE:0,duplicate_filter,0,False,0,duplicate_filter
m12_no_attack_dup60_s20260629_nonbonded,P3-NoPersist,m12_no_attack_dup60_s20260629,nonbonded,3139,PRIVPROBE:0,duplicate_filter,0,False,0,duplicate_filter
m12_no_attack_dup60_s20260629_nonbonded,P3-NoPersist,m12_no_attack_dup60_s20260629,nonbonded,3160,PRIVPROBE:0,duplicate_filter,0,False,0,duplicate_filter
m12_no_attack_dup60_s20260629_nonbonded,P3-NoPersist,m12_no_attack_dup60_s20260629,nonbonded,3185,PRIVPROBE:0,duplicate_filter,0,False,0,duplicate_filter
m12_no_attack_dup60_s20260629_nonbonded,P3-NoPersist,m12_no_attack_dup60_s20260629,nonbonded,3208,PRIVPROBE:0,duplicate_filter,0,False,0,duplicate_filter
m12_no_attack_dup60_s20260629_nonbonded,P3-NoPersist,m12_no_attack_dup60_s20260629,nonbonded,3227,PRIVPROBE:0,duplicate_filter,0,False,0,duplicate_filter
m12_no_attack_dup60_s20260629_nonbonded,P3-NoPersist,m12_no_attack_dup60_s20260629,nonbonded,3251,PRIVPROBE:0,duplicate_filter,0,False,0,duplicate_filter
m12_no_attack_dup60_s20260629_nonbonded,P3-NoPersist,m12_no_attack_dup60_s20260629,nonbonded,3273,PRIVPROBE:0,duplicate_filter,0,False,0,duplicate_filter
m12_no_attack_dup60_s20260629_nonbonded,P3-NoPersist,m12_no_attack_dup60_s20260629,nonbonded,3284,PRIVPROBE:0,duplicate_filter,0,False,0,duplicate_filter
m12_no_attack_dup60_s20260629_nonbonded,P3-NoPersist,m12_no_attack_dup60_s20260629,nonbonded,3307,PRIVPROBE:0,duplicate_filter,0,False,0,duplicate_filter
m12_no_attack_dup60_s20260629_nonbonded,P3-NoPersist,m12_no_attack_dup60_s20260629,nonbonded,3328,PRIVPROBE:0,host_scan,504,False,0,host_scan
m12_no_attack_dup60_s20260629_nonbonded,P3-NoPersist,m12_no_attack_dup60_s20260629,nonbonded,3352,PRIVPROBE:0,duplicate_filter,0,False,0,duplicate_filter
m12_no_attack_dup60_s20260629_nonbonded,P3-NoPersist,m12_no_attack_dup60_s20260629,nonbonded,3374,PRIVPROBE:0,duplicate_filter,0,False,0,duplicate_filter
m12_no_attack_dup60_s20260629_nonbonded,P3-NoPersist,m12_no_attack_dup60_s20260629,nonbonded,3400,PRIVPROBE:0,duplicate_filter,0,False,0,duplicate_filter
m12_no_attack_dup60_s20260629_nonbonded,P3-NoPersist,m12_no_attack_dup60_s20260629,nonbonded,3423,PRIVPROBE:0,duplicate_filter,0,False,0,duplicate_filter
m12_no_attack_dup60_s20260629_nonbonded,P3-NoPersist,m12_no_attack_dup60_s20260629,nonbonded,3441,PRIVPROBE:0,duplicate_filter,0,False,0,duplicate_filter
m12_no_attack_dup60_s20260629_nonbonded,P3-NoPersist,m12_no_attack_dup60_s20260629,nonbonded,3460,PRIVPROBE:0,duplicate_filter,0,False,0,duplicate_filter
m12_no_attack_dup60_s20260629_nonbonded,P3-NoPersist,m12_no_attack_dup60_s20260629,nonbonded,3490,PRIVPROBE:0,duplicate_filter,0,False,0,duplicate_filter
m12_no_attack_dup60_s20260629_nonbonded,P3-NoPersist,m12_no_attack_dup60_s20260629,nonbonded,3504,PRIVPROBE:0,duplicate_filter,0,False,0,duplicate_filter
m12_no_attack_dup60_s20260629_nonbonded,P3-NoPersist,m12_no_attack_dup60_s20260629,nonbonded,3528,PRIVPROBE:0,duplicate_filter,0,False,0,duplicate_filter
m12_no_attack_dup60_s20260629_nonbonded,P3-NoPersist,m12_no_attack_dup60_s20260629,nonbonded,3553,PRIVPROBE:0,duplicate_filter,0,False,0,duplicate_filter
m12_no_attack_dup60_s20260629_nonbonded,P3-NoPersist,m12_no_attack_dup60_s20260629,nonbonded,3573,PRIVPROBE:0,duplicate_filter,0,False,0,duplicate_filter
m12_no_attack_dup60_s20260629_nonbonded,P3-NoPersist,m12_no_attack_dup60_s20260629,nonbonded,3599,PRIVPROBE:0,host_scan,504,False,0,host_scan
m12_no_attack_dup60_s20260629_nonbonded,P3-NoPersist,m12_no_attack_dup60_s20260629,nonbonded,3622,PRIVPROBE:0,duplicate_filter,0,False,0,duplicate_filter
m12_no_attack_dup60_s20260629_nonbonded,P3-NoPersist,m12_no_attack_dup60_s20260629,nonbonded,3646,PRIVPROBE:0,duplicate_filter,0,False,0,duplicate_filter
m12_no_attack_dup60_s20260629_nonbonded,P3-NoPersist,m12_no_attack_dup60_s20260629,nonbonded,3671,PRIVPROBE:0,duplicate_filter,0,False,0,duplicate_filter
m12_no_attack_dup60_s20260629_nonbonded,P3-NoPersist,m12_no_attack_dup60_s20260629,nonbonded,3689,PRIVPROBE:0,duplicate_filter,0,False,0,duplicate_filter
m12_no_attack_dup60_s20260629_nonbonded,P3-NoPersist,m12_no_attack_dup60_s20260629,nonbonded,3714,PRIVPROBE:0,duplicate_filter,0,False,0,duplicate_filter
m12_no_attack_dup60_s20260629_nonbonded,P3-NoPersist,m12_no_attack_dup60_s20260629,nonbonded,3735,PRIVPROBE:0,duplicate_filter,0,False,0,duplicate_filter
m12_no_attack_dup60_s20260629_nonbonded,P3-NoPersist,m12_no_attack_dup60_s20260629,nonbonded,3754,PRIVPROBE:0,duplicate_filter,0,False,0,duplicate_filter
m12_no_attack_dup60_s20260629_nonbonded,P3-NoPersist,m12_no_attack_dup60_s20260629,nonbonded,3781,PRIVPROBE:0,duplicate_filter,0,False,0,duplicate_filter
m12_no_attack_dup60_s20260629_nonbonded,P3-NoPersist,m12_no_attack_dup60_s20260629,nonbonded,3799,PRIVPROBE:0,duplicate_filter,0,False,0,duplicate_filter
m12_no_attack_dup60_s20260629_nonbonded,P3-NoPersist,m12_no_attack_dup60_s20260629,nonbonded,3818,PRIVPROBE:0,duplicate_filter,0,False,0,duplicate_filter
m12_no_attack_dup60_s20260629_nonbonded,P3-NoPersist,m12_no_attack_dup60_s20260629,nonbonded,3834,PRIVPROBE:0,duplicate_filter,0,False,0,duplicate_filter
m12_no_attack_dup60_s20260629_nonbonded,P3-NoPersist,m12_no_attack_dup60_s20260629,nonbonded,3857,PRIVPROBE:1,host_scan,504,False,0,host_scan
m12_no_attack_dup60_s20260629_nonbonded,P3-NoPersist,m12_no_attack_dup60_s20260629,nonbonded,3878,PRIVPROBE:1,duplicate_filter,0,False,0,duplicate_filter
m12_no_attack_dup60_s20260629_nonbonded,P3-NoPersist,m12_no_attack_dup60_s20260629,nonbonded,3911,PRIVPROBE:1,duplicate_filter,0,False,0,duplicate_filter
m12_no_attack_dup60_s20260629_nonbonded,P3-NoPersist,m12_no_attack_dup60_s20260629,nonbonded,3948,PRIVPROBE:1,duplicate_filter,0,False,0,duplicate_filter
m12_no_attack_dup60_s20260629_nonbonded,P3-NoPersist,m12_no_attack_dup60_s20260629,nonbonded,3965,PRIVPROBE:1,duplicate_filter,0,False,0,duplicate_filter
m12_no_attack_dup60_s20260629_nonbonded,P3-NoPersist,m12_no_attack_dup60_s20260629,nonbonded,3985,PRIVPROBE:1,duplicate_filter,0,False,0,duplicate_filter
m12_no_attack_dup60_s20260629_nonbonded,P3-NoPersist,m12_no_attack_dup60_s20260629,nonbonded,4000,PRIVPROBE:1,duplicate_filter,0,False,0,duplicate_filter
m12_no_attack_dup60_s20260629_nonbonded,P3-NoPersist,m12_no_attack_dup60_s20260629,nonbonded,4015,PRIVPROBE:1,duplicate_filter,0,False,0,duplicate_filter
m12_no_attack_dup60_s20260629_nonbonded,P3-NoPersist,m12_no_attack_dup60_s20260629,nonbonded,4028,PRIVPROBE:1,duplicate_filter,0,False,0,duplicate_filter
m12_no_attack_dup60_s20260629_nonbonded,P3-NoPersist,m12_no_attack_dup60_s20260629,nonbonded,4060,PRIVPROBE:1,duplicate_filter,0,False,0,duplicate_filter
m12_no_attack_dup60_s20260629_nonbonded,P3-NoPersist,m12_no_attack_dup60_s20260629,nonbonded,4085,PRIVPROBE:1,duplicate_filter,0,False,0,duplicate_filter
m12_no_attack_dup60_s20260629_nonbonded,P3-NoPersist,m12_no_attack_dup60_s20260629,nonbonded,4113,PRIVPROBE:1,duplicate_filter,0,False,0,duplicate_filter
m12_no_attack_dup60_s20260629_nonbonded,P3-NoPersist,m12_no_attack_dup60_s20260629,nonbonded,4139,PRIVPROBE:1,host_scan,504,False,0,host_scan
m12_no_attack_dup60_s20260629_nonbonded,P3-NoPersist,m12_no_attack_dup60_s20260629,nonbonded,4169,PRIVPROBE:1,duplicate_filter,0,False,0,duplicate_filter
m12_no_attack_dup60_s20260629_nonbonded,P3-NoPersist,m12_no_attack_dup60_s20260629,nonbonded,4186,PRIVPROBE:1,duplicate_filter,0,False,0,duplicate_filter
m12_no_attack_dup60_s20260629_nonbonded,P3-NoPersist,m12_no_attack_dup60_s20260629,nonbonded,4204,PRIVPROBE:1,duplicate_filter,0,False,0,duplicate_filter
m12_no_attack_dup60_s20260629_nonbonded,P3-NoPersist,m12_no_attack_dup60_s20260629,nonbonded,4223,PRIVPROBE:1,duplicate_filter,0,False,0,duplicate_filter
m12_no_attack_dup60_s20260629_nonbonded,P3-NoPersist,m12_no_attack_dup60_s20260629,nonbonded,4241,PRIVPROBE:1,duplicate_filter,0,False,0,duplicate_filter
m12_no_attack_dup60_s20260629_nonbonded,P3-NoPersist,m12_no_attack_dup60_s20260629,nonbonded,4263,PRIVPROBE:1,duplicate_filter,0,False,0,duplicate_filter
m12_no_attack_dup60_s20260629_nonbonded,P3-NoPersist,m12_no_attack_dup60_s20260629,nonbonded,4274,PRIVPROBE:1,duplicate_filter,0,False,0,duplicate_filter
m12_no_attack_dup60_s20260629_nonbonded,P3-NoPersist,m12_no_attack_dup60_s20260629,nonbonded,4294,PRIVPROBE:1,duplicate_filter,0,False,0,duplicate_filter
m12_no_attack_dup60_s20260629_nonbonded,P3-NoPersist,m12_no_attack_dup60_s20260629,nonbonded,4306,PRIVPROBE:1,duplicate_filter,0,False,0,duplicate_filter
m12_no_attack_dup60_s20260629_nonbonded,P3-NoPersist,m12_no_attack_dup60_s20260629,nonbonded,4330,PRIVPROBE:1,duplicate_filter,0,False,0,duplicate_filter
m12_no_attack_dup60_s20260629_nonbonded,P3-NoPersist,m12_no_attack_dup60_s20260629,nonbonded,4352,PRIVPROBE:1,duplicate_filter,0,False,0,duplicate_filter
m12_no_attack_dup60_s20260629_nonbonded,P3-NoPersist,m12_no_attack_dup60_s20260629,nonbonded,4375,PRIVPROBE:1,host_scan,504,False,0,host_scan
m12_no_attack_dup60_s20260629_nonbonded,P3-NoPersist,m12_no_attack_dup60_s20260629,nonbonded,4391,PRIVPROBE:1,duplicate_filter,0,False,0,duplicate_filter
m12_no_attack_dup60_s20260629_nonbonded,P3-NoPersist,m12_no_attack_dup60_s20260629,nonbonded,4405,PRIVPROBE:1,duplicate_filter,0,False,0,duplicate_filter
m12_no_attack_dup60_s20260629_nonbonded,P3-NoPersist,m12_no_attack_dup60_s20260629,nonbonded,4424,PRIVPROBE:1,duplicate_filter,0,False,0,duplicate_filter
m12_no_attack_dup60_s20260629_nonbonded,P3-NoPersist,m12_no_attack_dup60_s20260629,nonbonded,4446,PRIVPROBE:1,duplicate_filter,0,False,0,duplicate_filter
m12_no_attack_dup60_s20260629_nonbonded,P3-NoPersist,m12_no_attack_dup60_s20260629,nonbonded,4464,PRIVPROBE:1,duplicate_filter,0,False,0,duplicate_filter
m12_no_attack_dup60_s20260629_nonbonded,P3-NoPersist,m12_no_attack_dup60_s20260629,nonbonded,4478,PRIVPROBE:1,duplicate_filter,0,False,0,duplicate_filter
m12_no_attack_dup60_s20260629_nonbonded,P3-NoPersist,m12_no_attack_dup60_s20260629,nonbonded,4493,PRIVPROBE:1,duplicate_filter,0,False,0,duplicate_filter
m12_no_attack_dup60_s20260629_nonbonded,P3-NoPersist,m12_no_attack_dup60_s20260629,nonbonded,4509,PRIVPROBE:1,duplicate_filter,0,False,0,duplicate_filter
m12_no_attack_dup60_s20260629_nonbonded,P3-NoPersist,m12_no_attack_dup60_s20260629,nonbonded,4534,PRIVPROBE:1,duplicate_filter,0,False,0,duplicate_filter
m12_no_attack_dup60_s20260629_nonbonded,P3-NoPersist,m12_no_attack_dup60_s20260629,nonbonded,4556,PRIVPROBE:1,duplicate_filter,0,False,0,duplicate_filter
m12_no_attack_dup60_s20260629_nonbonded,P3-NoPersist,m12_no_attack_dup60_s20260629,nonbonded,4571,PRIVPROBE:1,duplicate_filter,0,False,0,duplicate_filter
m12_no_attack_dup60_s20260629_nonbonded,P3-NoPersist,m12_no_attack_dup60_s20260629,nonbonded,4596,PRIVPROBE:1,host_scan,504,False,0,host_scan
m12_no_attack_dup60_s20260629_nonbonded,P3-NoPersist,m12_no_attack_dup60_s20260629,nonbonded,4616,PRIVPROBE:1,duplicate_filter,0,False,0,duplicate_filter
m12_no_attack_dup60_s20260629_nonbonded,P3-NoPersist,m12_no_attack_dup60_s20260629,nonbonded,4633,PRIVPROBE:1,duplicate_filter,0,False,0,duplicate_filter
m12_no_attack_dup60_s20260629_nonbonded,P3-NoPersist,m12_no_attack_dup60_s20260629,nonbonded,4650,PRIVPROBE:1,duplicate_filter,0,False,0,duplicate_filter
m12_no_attack_dup60_s20260629_nonbonded,P3-NoPersist,m12_no_attack_dup60_s20260629,nonbonded,4689,PRIVPROBE:1,duplicate_filter,0,False,0,duplicate_filter
m12_no_attack_dup60_s20260629_nonbonded,P3-NoPersist,m12_no_attack_dup60_s20260629,nonbonded,4705,PRIVPROBE:1,duplicate_filter,0,False,0,duplicate_filter
m12_no_attack_dup60_s20260629_nonbonded,P3-NoPersist,m12_no_attack_dup60_s20260629,nonbonded,4727,PRIVPROBE:1,duplicate_filter,0,False,0,duplicate_filter
m12_no_attack_dup60_s20260629_nonbonded,P3-NoPersist,m12_no_attack_dup60_s20260629,nonbonded,4743,PRIVPROBE:1,duplicate_filter,0,False,0,duplicate_filter
m12_no_attack_dup60_s20260629_nonbonded,P3-NoPersist,m12_no_attack_dup60_s20260629,nonbonded,4761,PRIVPROBE:1,duplicate_filter,0,False,0,duplicate_filter
m12_no_attack_dup60_s20260629_nonbonded,P3-NoPersist,m12_no_attack_dup60_s20260629,nonbonded,4777,PRIVPROBE:1,duplicate_filter,0,False,0,duplicate_filter
m12_no_attack_dup60_s20260629_nonbonded,P3-NoPersist,m12_no_attack_dup60_s20260629,nonbonded,4793,PRIVPROBE:1,duplicate_filter,0,False,0,duplicate_filter
m12_no_attack_dup60_s20260629_nonbonded,P3-NoPersist,m12_no_attack_dup60_s20260629,nonbonded,4819,PRIVPROBE:1,duplicate_filter,0,False,0,duplicate_filter
m12_no_attack_dup60_s20260629_nonbonded,P3-NoPersist,m12_no_attack_dup60_s20260629,nonbonded,4843,PRIVPROBE:1,host_scan,504,False,0,host_scan
m12_no_attack_dup60_s20260629_nonbonded,P3-NoPersist,m12_no_attack_dup60_s20260629,nonbonded,4861,PRIVPROBE:1,duplicate_filter,0,False,0,duplicate_filter
m12_no_attack_dup60_s20260629_nonbonded,P3-NoPersist,m12_no_attack_dup60_s20260629,nonbonded,4878,PRIVPROBE:1,duplicate_filter,0,False,0,duplicate_filter
m12_no_attack_dup60_s20260629_nonbonded,P3-NoPersist,m12_no_attack_dup60_s20260629,nonbonded,4904,PRIVPROBE:1,duplicate_filter,0,False,0,duplicate_filter
m12_no_attack_dup60_s20260629_nonbonded,P3-NoPersist,m12_no_attack_dup60_s20260629,nonbonded,4936,PRIVPROBE:1,duplicate_filter,0,False,0,duplicate_filter
m12_no_attack_dup60_s20260629_nonbonded,P3-NoPersist,m12_no_attack_dup60_s20260629,nonbonded,4965,PRIVPROBE:1,duplicate_filter,0,False,0,duplicate_filter
m12_no_attack_dup60_s20260629_nonbonded,P3-NoPersist,m12_no_attack_dup60_s20260629,nonbonded,4982,PRIVPROBE:1,duplicate_filter,0,False,0,duplicate_filter
m12_no_attack_dup60_s20260629_nonbonded,P3-NoPersist,m12_no_attack_dup60_s20260629,nonbonded,5002,PRIVPROBE:1,duplicate_filter,0,False,0,duplicate_filter
m12_no_attack_dup60_s20260629_nonbonded,P3-NoPersist,m12_no_attack_dup60_s20260629,nonbonded,5027,PRIVPROBE:1,duplicate_filter,0,False,0,duplicate_filter
m12_no_attack_dup60_s20260629_nonbonded,P3-NoPersist,m12_no_attack_dup60_s20260629,nonbonded,5052,PRIVPROBE:1,duplicate_filter,0,False,0,duplicate_filter
m12_no_attack_dup60_s20260629_nonbonded,P3-NoPersist,m12_no_attack_dup60_s20260629,nonbonded,5068,PRIVPROBE:1,duplicate_filter,0,False,0,duplicate_filter
m12_no_attack_dup60_s20260629_nonbonded,P3-NoPersist,m12_no_attack_dup60_s20260629,nonbonded,5090,PRIVPROBE:1,duplicate_filter,0,False,0,duplicate_filter
m12_no_attack_dup60_s20260629_nonbonded,P3-NoPersist,m12_no_attack_dup60_s20260629,nonbonded,5118,PRIVPROBE:1,host_scan,504,False,0,host_scan
m12_no_attack_dup60_s20260629_nonbonded,P3-NoPersist,m12_no_attack_dup60_s20260629,nonbonded,5143,PRIVPROBE:1,duplicate_filter,0,False,0,duplicate_filter
m12_no_attack_dup60_s20260629_nonbonded,P3-NoPersist,m12_no_attack_dup60_s20260629,nonbonded,5168,PRIVPROBE:1,duplicate_filter,0,False,0,duplicate_filter
m12_no_attack_dup60_s20260629_nonbonded,P3-NoPersist,m12_no_attack_dup60_s20260629,nonbonded,5191,PRIVPROBE:1,duplicate_filter,0,False,0,duplicate_filter
m12_no_attack_dup60_s20260629_nonbonded,P3-NoPersist,m12_no_attack_dup60_s20260629,nonbonded,5211,PRIVPROBE:1,duplicate_filter,0,False,0,duplicate_filter
m12_no_attack_dup60_s20260629_nonbonded,P3-NoPersist,m12_no_attack_dup60_s20260629,nonbonded,5227,PRIVPROBE:1,duplicate_filter,0,False,0,duplicate_filter
m12_no_attack_dup60_s20260629_nonbonded,P3-NoPersist,m12_no_attack_dup60_s20260629,nonbonded,5241,PRIVPROBE:1,duplicate_filter,0,False,0,duplicate_filter
m12_no_attack_dup60_s20260629_nonbonded,P3-NoPersist,m12_no_attack_dup60_s20260629,nonbonded,5258,PRIVPROBE:1,duplicate_filter,0,False,0,duplicate_filter
m12_no_attack_dup60_s20260629_nonbonded,P3-NoPersist,m12_no_attack_dup60_s20260629,nonbonded,5278,PRIVPROBE:1,duplicate_filter,0,False,0,duplicate_filter
m12_no_attack_dup60_s20260629_nonbonded,P3-NoPersist,m12_no_attack_dup60_s20260629,nonbonded,5316,PRIVPROBE:1,duplicate_filter,0,False,0,duplicate_filter
m12_no_attack_dup60_s20260629_nonbonded,P3-NoPersist,m12_no_attack_dup60_s20260629,nonbonded,5334,PRIVPROBE:1,duplicate_filter,0,False,0,duplicate_filter
m12_no_attack_dup60_s20260629_nonbonded,P3-NoPersist,m12_no_attack_dup60_s20260629,nonbonded,5348,PRIVPROBE:1,duplicate_filter,0,False,0,duplicate_filter
m12_no_attack_dup60_s20260629_nonbonded,P3-NoPersist,m12_no_attack_dup60_s20260629,nonbonded,5365,PRIVPROBE:1,host_scan,504,False,0,host_scan
m12_no_attack_dup60_s20260629_nonbonded,P3-NoPersist,m12_no_attack_dup60_s20260629,nonbonded,5383,PRIVPROBE:1,duplicate_filter,0,False,0,duplicate_filter
m12_no_attack_dup60_s20260629_nonbonded,P3-NoPersist,m12_no_attack_dup60_s20260629,nonbonded,5406,PRIVPROBE:1,duplicate_filter,0,False,0,duplicate_filter
m12_no_attack_dup60_s20260629_nonbonded,P3-NoPersist,m12_no_attack_dup60_s20260629,nonbonded,5427,PRIVPROBE:1,duplicate_filter,0,False,0,duplicate_filter
m12_no_attack_dup60_s20260629_nonbonded,P3-NoPersist,m12_no_attack_dup60_s20260629,nonbonded,5443,PRIVPROBE:1,duplicate_filter,0,False,0,duplicate_filter
m12_no_attack_dup60_s20260629_nonbonded,P3-NoPersist,m12_no_attack_dup60_s20260629,nonbonded,5471,PRIVPROBE:1,duplicate_filter,0,False,0,duplicate_filter
m12_no_attack_dup60_s20260629_nonbonded,P3-NoPersist,m12_no_attack_dup60_s20260629,nonbonded,5494,PRIVPROBE:1,duplicate_filter,0,False,0,duplicate_filter
m12_no_attack_dup60_s20260629_nonbonded,P3-NoPersist,m12_no_attack_dup60_s20260629,nonbonded,5515,PRIVPROBE:1,duplicate_filter,0,False,0,duplicate_filter
m12_no_attack_dup60_s20260629_nonbonded,P3-NoPersist,m12_no_attack_dup60_s20260629,nonbonded,5544,PRIVPROBE:1,duplicate_filter,0,False,0,duplicate_filter
m12_no_attack_dup60_s20260629_nonbonded,P3-NoPersist,m12_no_attack_dup60_s20260629,nonbonded,5566,PRIVPROBE:1,duplicate_filter,0,False,0,duplicate_filter
m12_no_attack_dup60_s20260629_nonbonded,P3-NoPersist,m12_no_attack_dup60_s20260629,nonbonded,5585,PRIVPROBE:1,duplicate_filter,0,False,0,duplicate_filter
m12_no_attack_dup60_s20260629_nonbonded,P3-NoPersist,m12_no_attack_dup60_s20260629,nonbonded,5593,PRIVPROBE:1,duplicate_filter,0,False,0,duplicate_filter
m12_no_attack_dup60_s20260629_nonbonded,P3-NoPersist,m12_no_attack_dup60_s20260629,nonbonded,5617,PRIVPROBE:1,host_scan,504,False,0,host_scan
m12_no_attack_dup60_s20260629_nonbonded,P3-NoPersist,m12_no_attack_dup60_s20260629,nonbonded,5629,PRIVPROBE:1,duplicate_filter,0,False,0,duplicate_filter
m12_no_attack_dup60_s20260629_nonbonded,P3-NoPersist,m12_no_attack_dup60_s20260629,nonbonded,5649,PRIVPROBE:1,duplicate_filter,0,False,0,duplicate_filter
m12_no_attack_dup60_s20260629_nonbonded,P3-NoPersist,m12_no_attack_dup60_s20260629,nonbonded,5671,PRIVPROBE:1,duplicate_filter,0,False,0,duplicate_filter
m12_no_attack_dup60_s20260629_nonbonded,P3-NoPersist,m12_no_attack_dup60_s20260629,nonbonded,5689,PRIVPROBE:1,duplicate_filter,0,False,0,duplicate_filter
m12_no_attack_dup60_s20260629_nonbonded,P3-NoPersist,m12_no_attack_dup60_s20260629,nonbonded,5708,PRIVPROBE:1,duplicate_filter,0,False,0,duplicate_filter
m12_no_attack_dup60_s20260629_nonbonded,P3-NoPersist,m12_no_attack_dup60_s20260629,nonbonded,5732,PRIVPROBE:1,duplicate_filter,0,False,0,duplicate_filter
m12_no_attack_dup60_s20260629_nonbonded,P3-NoPersist,m12_no_attack_dup60_s20260629,nonbonded,5750,PRIVPROBE:1,duplicate_filter,0,False,0,duplicate_filter
m12_no_attack_dup60_s20260629_nonbonded,P3-NoPersist,m12_no_attack_dup60_s20260629,nonbonded,5775,PRIVPROBE:1,duplicate_filter,0,False,0,duplicate_filter
m12_no_attack_dup60_s20260629_nonbonded,P3-NoPersist,m12_no_attack_dup60_s20260629,nonbonded,5796,PRIVPROBE:1,duplicate_filter,0,False,0,duplicate_filter
m12_no_attack_dup60_s20260629_nonbonded,P3-NoPersist,m12_no_attack_dup60_s20260629,nonbonded,5813,PRIVPROBE:1,duplicate_filter,0,False,0,duplicate_filter
m12_no_attack_dup60_s20260629_nonbonded,P3-NoPersist,m12_no_attack_dup60_s20260629,nonbonded,5824,PRIVPROBE:1,duplicate_filter,0,False,0,duplicate_filter
m12_no_attack_dup60_s20260629_nonbonded,P3-NoPersist,m12_no_attack_dup60_s20260629,nonbonded,5842,PRIVPROBE:1,host_scan,504,False,0,host_scan
m12_no_attack_dup60_s20260629_nonbonded,P3-NoPersist,m12_no_attack_dup60_s20260629,nonbonded,5860,PRIVPROBE:1,duplicate_filter,0,False,0,duplicate_filter
m12_no_attack_dup60_s20260629_nonbonded,P3-NoPersist,m12_no_attack_dup60_s20260629,nonbonded,5879,PRIVPROBE:1,duplicate_filter,0,False,0,duplicate_filter
m12_no_attack_dup60_s20260629_nonbonded,P3-NoPersist,m12_no_attack_dup60_s20260629,nonbonded,5901,PRIVPROBE:1,duplicate_filter,0,False,0,duplicate_filter
m12_no_attack_dup60_s20260629_nonbonded,P3-NoPersist,m12_no_attack_dup60_s20260629,nonbonded,5918,PRIVPROBE:1,duplicate_filter,0,False,0,duplicate_filter
m12_no_attack_dup60_s20260629_nonbonded,P3-NoPersist,m12_no_attack_dup60_s20260629,nonbonded,5940,PRIVPROBE:1,duplicate_filter,0,False,0,duplicate_filter
m12_no_attack_dup60_s20260629_nonbonded,P3-NoPersist,m12_no_attack_dup60_s20260629,nonbonded,5959,PRIVPROBE:1,duplicate_filter,0,False,0,duplicate_filter
m12_no_attack_dup60_s20260629_nonbonded,P3-NoPersist,m12_no_attack_dup60_s20260629,nonbonded,5978,PRIVPROBE:1,duplicate_filter,0,False,0,duplicate_filter
m12_no_attack_dup60_s20260629_nonbonded,P3-NoPersist,m12_no_attack_dup60_s20260629,nonbonded,5992,PRIVPROBE:1,duplicate_filter,0,False,0,duplicate_filter
m12_no_attack_dup60_s20260629_nonbonded,P3-NoPersist,m12_no_attack_dup60_s20260629,nonbonded,6018,PRIVPROBE:1,duplicate_filter,0,False,0,duplicate_filter
m12_no_attack_dup60_s20260629_nonbonded,P3-NoPersist,m12_no_attack_dup60_s20260629,nonbonded,6038,PRIVPROBE:1,duplicate_filter,0,False,0,duplicate_filter
m12_no_attack_dup60_s20260629_nonbonded,P3-NoPersist,m12_no_attack_dup60_s20260629,nonbonded,6057,PRIVPROBE:1,duplicate_filter,0,False,0,duplicate_filter
m12_no_attack_dup60_s20260629_nonbonded,P3-NoPersist,m12_no_attack_dup60_s20260629,nonbonded,6087,PRIVPROBE:1,host_scan,504,False,0,host_scan
m12_no_attack_dup60_s20260629_nonbonded,P3-NoPersist,m12_no_attack_dup60_s20260629,nonbonded,6097,PRIVPROBE:1,duplicate_filter,0,False,0,duplicate_filter
m12_no_attack_dup60_s20260629_nonbonded,P3-NoPersist,m12_no_attack_dup60_s20260629,nonbonded,6120,PRIVPROBE:1,duplicate_filter,0,False,0,duplicate_filter
m12_no_attack_dup60_s20260629_nonbonded,P3-NoPersist,m12_no_attack_dup60_s20260629,nonbonded,6144,PRIVPROBE:1,duplicate_filter,0,False,0,duplicate_filter
m12_no_attack_dup60_s20260629_nonbonded,P3-NoPersist,m12_no_attack_dup60_s20260629,nonbonded,6173,PRIVPROBE:1,duplicate_filter,0,False,0,duplicate_filter
m12_no_attack_dup60_s20260629_nonbonded,P3-NoPersist,m12_no_attack_dup60_s20260629,nonbonded,6193,PRIVPROBE:1,duplicate_filter,0,False,0,duplicate_filter
m12_no_attack_dup60_s20260629_nonbonded,P3-NoPersist,m12_no_attack_dup60_s20260629,nonbonded,6219,PRIVPROBE:1,duplicate_filter,0,False,0,duplicate_filter
m12_no_attack_dup60_s20260629_nonbonded,P3-NoPersist,m12_no_attack_dup60_s20260629,nonbonded,6243,PRIVPROBE:1,duplicate_filter,0,False,0,duplicate_filter
m12_no_attack_dup60_s20260629_nonbonded,P3-NoPersist,m12_no_attack_dup60_s20260629,nonbonded,6255,PRIVPROBE:1,duplicate_filter,0,False,0,duplicate_filter
m12_no_attack_dup60_s20260629_nonbonded,P3-NoPersist,m12_no_attack_dup60_s20260629,nonbonded,6279,PRIVPROBE:1,duplicate_filter,0,False,0,duplicate_filter
m12_no_attack_dup60_s20260629_nonbonded,P3-NoPersist,m12_no_attack_dup60_s20260629,nonbonded,6294,PRIVPROBE:1,duplicate_filter,0,False,0,duplicate_filter
m12_no_attack_dup60_s20260629_nonbonded,P3-NoPersist,m12_no_attack_dup60_s20260629,nonbonded,6312,PRIVPROBE:1,duplicate_filter,0,False,0,duplicate_filter
m12_no_attack_dup60_s20260629_nonbonded,P3-NoPersist,m12_no_attack_dup60_s20260629,nonbonded,6330,PRIVPROBE:1,host_scan,504,False,0,host_scan
m12_no_attack_dup60_s20260629_nonbonded,P3-NoPersist,m12_no_attack_dup60_s20260629,nonbonded,6346,PRIVPROBE:1,duplicate_filter,0,False,0,duplicate_filter
m12_no_attack_dup60_s20260629_nonbonded,P3-NoPersist,m12_no_attack_dup60_s20260629,nonbonded,6366,PRIVPROBE:1,duplicate_filter,0,False,0,duplicate_filter
m12_no_attack_dup60_s20260629_nonbonded,P3-NoPersist,m12_no_attack_dup60_s20260629,nonbonded,6394,PRIVPROBE:1,duplicate_filter,0,False,0,duplicate_filter
m12_no_attack_dup60_s20260629_nonbonded,P3-NoPersist,m12_no_attack_dup60_s20260629,nonbonded,6423,PRIVPROBE:1,duplicate_filter,0,False,0,duplicate_filter
m12_no_attack_dup60_s20260629_nonbonded,P3-NoPersist,m12_no_attack_dup60_s20260629,nonbonded,6451,PRIVPROBE:1,duplicate_filter,0,False,0,duplicate_filter
m12_no_attack_dup60_s20260629_nonbonded,P3-NoPersist,m12_no_attack_dup60_s20260629,nonbonded,6474,PRIVPROBE:1,duplicate_filter,0,False,0,duplicate_filter
m12_no_attack_dup60_s20260629_nonbonded,P3-NoPersist,m12_no_attack_dup60_s20260629,nonbonded,6496,PRIVPROBE:1,duplicate_filter,0,False,0,duplicate_filter
m12_no_attack_dup60_s20260629_nonbonded,P3-NoPersist,m12_no_attack_dup60_s20260629,nonbonded,6520,PRIVPROBE:1,duplicate_filter,0,False,0,duplicate_filter
m12_no_attack_dup60_s20260629_nonbonded,P3-NoPersist,m12_no_attack_dup60_s20260629,nonbonded,6540,PRIVPROBE:1,duplicate_filter,0,False,0,duplicate_filter
m12_no_attack_dup60_s20260629_nonbonded,P3-NoPersist,m12_no_attack_dup60_s20260629,nonbonded,6566,PRIVPROBE:1,duplicate_filter,0,False,0,duplicate_filter
m12_no_attack_dup60_s20260629_nonbonded,P3-NoPersist,m12_no_attack_dup60_s20260629,nonbonded,6589,PRIVPROBE:1,duplicate_filter,0,False,0,duplicate_filter
m12_no_attack_dup60_s20260629_nonbonded,P3-NoPersist,m12_no_attack_dup60_s20260629,nonbonded,6611,PRIVPROBE:1,host_scan,504,False,0,host_scan
m12_no_attack_dup60_s20260629_nonbonded,P3-NoPersist,m12_no_attack_dup60_s20260629,nonbonded,6642,PRIVPROBE:1,duplicate_filter,0,False,0,duplicate_filter
m12_no_attack_dup60_s20260629_nonbonded,P3-NoPersist,m12_no_attack_dup60_s20260629,nonbonded,6659,PRIVPROBE:1,duplicate_filter,0,False,0,duplicate_filter
m12_no_attack_dup60_s20260629_nonbonded,P3-NoPersist,m12_no_attack_dup60_s20260629,nonbonded,6683,PRIVPROBE:1,duplicate_filter,0,False,0,duplicate_filter
m12_no_attack_dup60_s20260629_nonbonded,P3-NoPersist,m12_no_attack_dup60_s20260629,nonbonded,6712,PRIVPROBE:1,duplicate_filter,0,False,0,duplicate_filter
m12_no_attack_dup60_s20260629_nonbonded,P3-NoPersist,m12_no_attack_dup60_s20260629,nonbonded,6732,PRIVPROBE:1,duplicate_filter,0,False,0,duplicate_filter
m12_no_attack_dup60_s20260629_nonbonded,P3-NoPersist,m12_no_attack_dup60_s20260629,nonbonded,6770,PRIVPROBE:1,duplicate_filter,0,False,0,duplicate_filter
m12_no_attack_dup60_s20260629_nonbonded,P3-NoPersist,m12_no_attack_dup60_s20260629,nonbonded,6792,PRIVPROBE:1,duplicate_filter,0,False,0,duplicate_filter
m12_no_attack_dup60_s20260629_nonbonded,P3-NoPersist,m12_no_attack_dup60_s20260629,nonbonded,6811,PRIVPROBE:1,duplicate_filter,0,False,0,duplicate_filter
m12_no_attack_dup60_s20260629_nonbonded,P3-NoPersist,m12_no_attack_dup60_s20260629,nonbonded,6826,PRIVPROBE:1,duplicate_filter,0,False,0,duplicate_filter
m12_no_attack_dup60_s20260629_nonbonded,P3-NoPersist,m12_no_attack_dup60_s20260629,nonbonded,6842,PRIVPROBE:1,duplicate_filter,0,False,0,duplicate_filter
m12_no_attack_dup60_s20260629_nonbonded,P3-NoPersist,m12_no_attack_dup60_s20260629,nonbonded,6859,PRIVPROBE:1,duplicate_filter,0,False,0,duplicate_filter
m12_no_attack_dup60_s20260629_nonbonded,P3-NoPersist,m12_no_attack_dup60_s20260629,nonbonded,6878,PRIVPROBE:1,host_scan,504,False,0,host_scan
m12_no_attack_dup60_s20260629_nonbonded,P3-NoPersist,m12_no_attack_dup60_s20260629,nonbonded,6898,PRIVPROBE:1,duplicate_filter,0,False,0,duplicate_filter
m12_no_attack_dup60_s20260629_nonbonded,P3-NoPersist,m12_no_attack_dup60_s20260629,nonbonded,6915,PRIVPROBE:1,duplicate_filter,0,False,0,duplicate_filter
m12_no_attack_dup60_s20260629_nonbonded,P3-NoPersist,m12_no_attack_dup60_s20260629,nonbonded,6939,PRIVPROBE:1,duplicate_filter,0,False,0,duplicate_filter
m12_no_attack_dup60_s20260629_nonbonded,P3-NoPersist,m12_no_attack_dup60_s20260629,nonbonded,6965,PRIVPROBE:1,duplicate_filter,0,False,0,duplicate_filter
m12_no_attack_dup60_s20260629_nonbonded,P3-NoPersist,m12_no_attack_dup60_s20260629,nonbonded,6983,PRIVPROBE:1,duplicate_filter,0,False,0,duplicate_filter
m12_no_attack_dup60_s20260629_nonbonded,P3-NoPersist,m12_no_attack_dup60_s20260629,nonbonded,7006,PRIVPROBE:1,duplicate_filter,0,False,0,duplicate_filter
m12_no_attack_dup60_s20260629_nonbonded,P3-NoPersist,m12_no_attack_dup60_s20260629,nonbonded,7019,PRIVPROBE:1,duplicate_filter,0,False,0,duplicate_filter
m12_no_attack_dup60_s20260629_nonbonded,P3-NoPersist,m12_no_attack_dup60_s20260629,nonbonded,7039,PRIVPROBE:1,duplicate_filter,0,False,0,duplicate_filter
m12_no_attack_dup60_s20260629_nonbonded,P3-NoPersist,m12_no_attack_dup60_s20260629,nonbonded,7054,PRIVPROBE:1,duplicate_filter,0,False,0,duplicate_filter
m12_no_attack_dup60_s20260629_nonbonded,P3-NoPersist,m12_no_attack_dup60_s20260629,nonbonded,7071,PRIVPROBE:1,duplicate_filter,0,False,0,duplicate_filter
m12_no_attack_dup60_s20260629_nonbonded,P3-NoPersist,m12_no_attack_dup60_s20260629,nonbonded,7092,PRIVPROBE:1,duplicate_filter,0,False,0,duplicate_filter
m12_no_attack_dup60_s20260629_nonbonded,P3-NoPersist,m12_no_attack_dup60_s20260629,nonbonded,7125,PRIVPROBE:1,host_scan,504,False,0,host_scan
m12_no_attack_dup60_s20260629_nonbonded,P3-NoPersist,m12_no_attack_dup60_s20260629,nonbonded,7155,PRIVPROBE:1,duplicate_filter,0,False,0,duplicate_filter
m12_no_attack_dup60_s20260629_nonbonded,P3-NoPersist,m12_no_attack_dup60_s20260629,nonbonded,7179,PRIVPROBE:1,duplicate_filter,0,False,0,duplicate_filter
m12_no_attack_dup60_s20260629_nonbonded,P3-NoPersist,m12_no_attack_dup60_s20260629,nonbonded,7202,PRIVPROBE:1,duplicate_filter,0,False,0,duplicate_filter
m12_no_attack_dup60_s20260629_nonbonded,P3-NoPersist,m12_no_attack_dup60_s20260629,nonbonded,7229,PRIVPROBE:1,duplicate_filter,0,False,0,duplicate_filter
m12_no_attack_dup60_s20260629_nonbonded,P3-NoPersist,m12_no_attack_dup60_s20260629,nonbonded,7245,PRIVPROBE:1,duplicate_filter,0,False,0,duplicate_filter
m12_no_attack_dup60_s20260629_nonbonded,P3-NoPersist,m12_no_attack_dup60_s20260629,nonbonded,7263,PRIVPROBE:1,duplicate_filter,0,False,0,duplicate_filter
m12_no_attack_dup60_s20260629_nonbonded,P3-NoPersist,m12_no_attack_dup60_s20260629,nonbonded,7287,PRIVPROBE:1,duplicate_filter,0,False,0,duplicate_filter
m12_no_attack_dup60_s20260629_nonbonded,P3-NoPersist,m12_no_attack_dup60_s20260629,nonbonded,7310,PRIVPROBE:1,duplicate_filter,0,False,0,duplicate_filter
m12_no_attack_dup60_s20260629_nonbonded,P3-NoPersist,m12_no_attack_dup60_s20260629,nonbonded,7332,PRIVPROBE:1,duplicate_filter,0,False,0,duplicate_filter
m12_no_attack_dup60_s20260629_nonbonded,P3-NoPersist,m12_no_attack_dup60_s20260629,nonbonded,7354,PRIVPROBE:1,duplicate_filter,0,False,0,duplicate_filter
m12_no_attack_dup60_s20260629_nonbonded,P3-NoPersist,m12_no_attack_dup60_s20260629,nonbonded,7369,PRIVPROBE:1,duplicate_filter,0,False,0,duplicate_filter
m12_no_attack_dup60_s20260629_nonbonded,P3-NoPersist,m12_no_attack_dup60_s20260629,nonbonded,7387,PRIVPROBE:1,host_scan,504,False,0,host_scan
m12_no_attack_dup60_s20260629_nonbonded,P3-NoPersist,m12_no_attack_dup60_s20260629,nonbonded,7406,PRIVPROBE:1,duplicate_filter,0,False,0,duplicate_filter
m12_no_attack_dup60_s20260629_nonbonded,P3-NoPersist,m12_no_attack_dup60_s20260629,nonbonded,7434,PRIVPROBE:1,duplicate_filter,0,False,0,duplicate_filter
m12_no_attack_dup60_s20260629_nonbonded,P3-NoPersist,m12_no_attack_dup60_s20260629,nonbonded,7463,PRIVPROBE:1,duplicate_filter,0,False,0,duplicate_filter
m12_no_attack_dup60_s20260629_nonbonded,P3-NoPersist,m12_no_attack_dup60_s20260629,nonbonded,7490,PRIVPROBE:1,duplicate_filter,0,False,0,duplicate_filter
m12_no_attack_dup60_s20260629_nonbonded,P3-NoPersist,m12_no_attack_dup60_s20260629,nonbonded,7501,PRIVPROBE:1,duplicate_filter,0,False,0,duplicate_filter
m12_no_attack_dup60_s20260629_nonbonded,P3-NoPersist,m12_no_attack_dup60_s20260629,nonbonded,7527,PRIVPROBE:1,duplicate_filter,0,False,0,duplicate_filter
m12_no_attack_dup60_s20260629_nonbonded,P3-NoPersist,m12_no_attack_dup60_s20260629,nonbonded,7552,PRIVPROBE:1,duplicate_filter,0,False,0,duplicate_filter
m12_no_attack_dup60_s20260629_nonbonded,P3-NoPersist,m12_no_attack_dup60_s20260629,nonbonded,7573,PRIVPROBE:1,duplicate_filter,0,False,0,duplicate_filter
m12_no_attack_dup60_s20260629_nonbonded,P3-NoPersist,m12_no_attack_dup60_s20260629,nonbonded,7590,PRIVPROBE:1,duplicate_filter,0,False,0,duplicate_filter
m12_no_attack_dup60_s20260629_nonbonded,P3-NoPersist,m12_no_attack_dup60_s20260629,nonbonded,7614,PRIVPROBE:1,duplicate_filter,0,False,0,duplicate_filter
m12_no_attack_dup60_s20260629_nonbonded,P3-NoPersist,m12_no_attack_dup60_s20260629,nonbonded,7635,PRIVPROBE:1,duplicate_filter,0,False,0,duplicate_filter
m12_no_attack_dup60_s20260629_nonbonded,BudgetDoS,m12_no_attack_dup60_s20260629,nonbonded,1264,PRIVPROBE:0,host_scan,504,False,0,host_scan
m12_no_attack_dup60_s20260629_nonbonded,BudgetDoS,m12_no_attack_dup60_s20260629,nonbonded,1281,PRIVPROBE:0,duplicate_filter,0,False,0,duplicate_filter
m12_no_attack_dup60_s20260629_nonbonded,BudgetDoS,m12_no_attack_dup60_s20260629,nonbonded,1302,PRIVPROBE:0,duplicate_filter,0,False,0,duplicate_filter
m12_no_attack_dup60_s20260629_nonbonded,BudgetDoS,m12_no_attack_dup60_s20260629,nonbonded,1324,PRIVPROBE:0,duplicate_filter,0,False,0,duplicate_filter
m12_no_attack_dup60_s20260629_nonbonded,BudgetDoS,m12_no_attack_dup60_s20260629,nonbonded,1342,PRIVPROBE:0,duplicate_filter,0,False,0,duplicate_filter
m12_no_attack_dup60_s20260629_nonbonded,BudgetDoS,m12_no_attack_dup60_s20260629,nonbonded,1366,PRIVPROBE:0,duplicate_filter,0,False,0,duplicate_filter
m12_no_attack_dup60_s20260629_nonbonded,BudgetDoS,m12_no_attack_dup60_s20260629,nonbonded,1383,PRIVPROBE:0,duplicate_filter,0,False,0,duplicate_filter
m12_no_attack_dup60_s20260629_nonbonded,BudgetDoS,m12_no_attack_dup60_s20260629,nonbonded,1411,PRIVPROBE:0,duplicate_filter,0,False,0,duplicate_filter
m12_no_attack_dup60_s20260629_nonbonded,BudgetDoS,m12_no_attack_dup60_s20260629,nonbonded,1434,PRIVPROBE:0,duplicate_filter,0,False,0,duplicate_filter
m12_no_attack_dup60_s20260629_nonbonded,BudgetDoS,m12_no_attack_dup60_s20260629,nonbonded,1459,PRIVPROBE:0,duplicate_filter,0,False,0,duplicate_filter
m12_no_attack_dup60_s20260629_nonbonded,BudgetDoS,m12_no_attack_dup60_s20260629,nonbonded,1490,PRIVPROBE:0,duplicate_filter,0,False,0,duplicate_filter
m12_no_attack_dup60_s20260629_nonbonded,BudgetDoS,m12_no_attack_dup60_s20260629,nonbonded,1507,PRIVPROBE:0,duplicate_filter,0,False,0,duplicate_filter
m12_no_attack_dup60_s20260629_nonbonded,BudgetDoS,m12_no_attack_dup60_s20260629,nonbonded,1533,PRIVPROBE:0,host_scan,504,False,0,host_scan
m12_no_attack_dup60_s20260629_nonbonded,BudgetDoS,m12_no_attack_dup60_s20260629,nonbonded,1548,PRIVPROBE:0,duplicate_filter,0,False,0,duplicate_filter
m12_no_attack_dup60_s20260629_nonbonded,BudgetDoS,m12_no_attack_dup60_s20260629,nonbonded,1575,PRIVPROBE:0,duplicate_filter,0,False,0,duplicate_filter
m12_no_attack_dup60_s20260629_nonbonded,BudgetDoS,m12_no_attack_dup60_s20260629,nonbonded,1586,PRIVPROBE:0,duplicate_filter,0,False,0,duplicate_filter
m12_no_attack_dup60_s20260629_nonbonded,BudgetDoS,m12_no_attack_dup60_s20260629,nonbonded,1623,PRIVPROBE:0,duplicate_filter,0,False,0,duplicate_filter
m12_no_attack_dup60_s20260629_nonbonded,BudgetDoS,m12_no_attack_dup60_s20260629,nonbonded,1649,PRIVPROBE:0,duplicate_filter,0,False,0,duplicate_filter
m12_no_attack_dup60_s20260629_nonbonded,BudgetDoS,m12_no_attack_dup60_s20260629,nonbonded,1671,PRIVPROBE:0,duplicate_filter,0,False,0,duplicate_filter
m12_no_attack_dup60_s20260629_nonbonded,BudgetDoS,m12_no_attack_dup60_s20260629,nonbonded,1691,PRIVPROBE:0,duplicate_filter,0,False,0,duplicate_filter
m12_no_attack_dup60_s20260629_nonbonded,BudgetDoS,m12_no_attack_dup60_s20260629,nonbonded,1713,PRIVPROBE:0,duplicate_filter,0,False,0,duplicate_filter
m12_no_attack_dup60_s20260629_nonbonded,BudgetDoS,m12_no_attack_dup60_s20260629,nonbonded,1728,PRIVPROBE:0,duplicate_filter,0,False,0,duplicate_filter
m12_no_attack_dup60_s20260629_nonbonded,BudgetDoS,m12_no_attack_dup60_s20260629,nonbonded,1748,PRIVPROBE:0,duplicate_filter,0,False,0,duplicate_filter
m12_no_attack_dup60_s20260629_nonbonded,BudgetDoS,m12_no_attack_dup60_s20260629,nonbonded,1772,PRIVPROBE:0,duplicate_filter,0,False,0,duplicate_filter
m12_no_attack_dup60_s20260629_nonbonded,BudgetDoS,m12_no_attack_dup60_s20260629,nonbonded,1785,PRIVPROBE:0,host_scan,504,False,0,host_scan
m12_no_attack_dup60_s20260629_nonbonded,BudgetDoS,m12_no_attack_dup60_s20260629,nonbonded,1802,PRIVPROBE:0,duplicate_filter,0,False,0,duplicate_filter
m12_no_attack_dup60_s20260629_nonbonded,BudgetDoS,m12_no_attack_dup60_s20260629,nonbonded,1830,PRIVPROBE:0,duplicate_filter,0,False,0,duplicate_filter
m12_no_attack_dup60_s20260629_nonbonded,BudgetDoS,m12_no_attack_dup60_s20260629,nonbonded,1856,PRIVPROBE:0,duplicate_filter,0,False,0,duplicate_filter
m12_no_attack_dup60_s20260629_nonbonded,BudgetDoS,m12_no_attack_dup60_s20260629,nonbonded,1878,PRIVPROBE:0,duplicate_filter,0,False,0,duplicate_filter
m12_no_attack_dup60_s20260629_nonbonded,BudgetDoS,m12_no_attack_dup60_s20260629,nonbonded,1893,PRIVPROBE:0,duplicate_filter,0,False,0,duplicate_filter
m12_no_attack_dup60_s20260629_nonbonded,BudgetDoS,m12_no_attack_dup60_s20260629,nonbonded,1912,PRIVPROBE:0,duplicate_filter,0,False,0,duplicate_filter
m12_no_attack_dup60_s20260629_nonbonded,BudgetDoS,m12_no_attack_dup60_s20260629,nonbonded,1943,PRIVPROBE:0,duplicate_filter,0,False,0,duplicate_filter
m12_no_attack_dup60_s20260629_nonbonded,BudgetDoS,m12_no_attack_dup60_s20260629,nonbonded,1969,PRIVPROBE:0,duplicate_filter,0,False,0,duplicate_filter
m12_no_attack_dup60_s20260629_nonbonded,BudgetDoS,m12_no_attack_dup60_s20260629,nonbonded,1998,PRIVPROBE:0,duplicate_filter,0,False,0,duplicate_filter
m12_no_attack_dup60_s20260629_nonbonded,BudgetDoS,m12_no_attack_dup60_s20260629,nonbonded,2021,PRIVPROBE:0,duplicate_filter,0,False,0,duplicate_filter
m12_no_attack_dup60_s20260629_nonbonded,BudgetDoS,m12_no_attack_dup60_s20260629,nonbonded,2029,PRIVPROBE:0,duplicate_filter,0,False,0,duplicate_filter
m12_no_attack_dup60_s20260629_nonbonded,BudgetDoS,m12_no_attack_dup60_s20260629,nonbonded,2055,PRIVPROBE:0,host_scan,504,False,0,host_scan
m12_no_attack_dup60_s20260629_nonbonded,BudgetDoS,m12_no_attack_dup60_s20260629,nonbonded,2084,PRIVPROBE:0,duplicate_filter,0,False,0,duplicate_filter
m12_no_attack_dup60_s20260629_nonbonded,BudgetDoS,m12_no_attack_dup60_s20260629,nonbonded,2106,PRIVPROBE:0,duplicate_filter,0,False,0,duplicate_filter
m12_no_attack_dup60_s20260629_nonbonded,BudgetDoS,m12_no_attack_dup60_s20260629,nonbonded,2128,PRIVPROBE:0,duplicate_filter,0,False,0,duplicate_filter
m12_no_attack_dup60_s20260629_nonbonded,BudgetDoS,m12_no_attack_dup60_s20260629,nonbonded,2168,PRIVPROBE:0,duplicate_filter,0,False,0,duplicate_filter
m12_no_attack_dup60_s20260629_nonbonded,BudgetDoS,m12_no_attack_dup60_s20260629,nonbonded,2186,PRIVPROBE:0,duplicate_filter,0,False,0,duplicate_filter
m12_no_attack_dup60_s20260629_nonbonded,BudgetDoS,m12_no_attack_dup60_s20260629,nonbonded,2209,PRIVPROBE:0,duplicate_filter,0,False,0,duplicate_filter
m12_no_attack_dup60_s20260629_nonbonded,BudgetDoS,m12_no_attack_dup60_s20260629,nonbonded,2232,PRIVPROBE:0,duplicate_filter,0,False,0,duplicate_filter
m12_no_attack_dup60_s20260629_nonbonded,BudgetDoS,m12_no_attack_dup60_s20260629,nonbonded,2251,PRIVPROBE:0,duplicate_filter,0,False,0,duplicate_filter
m12_no_attack_dup60_s20260629_nonbonded,BudgetDoS,m12_no_attack_dup60_s20260629,nonbonded,2274,PRIVPROBE:0,duplicate_filter,0,False,0,duplicate_filter
m12_no_attack_dup60_s20260629_nonbonded,BudgetDoS,m12_no_attack_dup60_s20260629,nonbonded,2303,PRIVPROBE:0,duplicate_filter,0,False,0,duplicate_filter
m12_no_attack_dup60_s20260629_nonbonded,BudgetDoS,m12_no_attack_dup60_s20260629,nonbonded,2325,PRIVPROBE:0,duplicate_filter,0,False,0,duplicate_filter
m12_no_attack_dup60_s20260629_nonbonded,BudgetDoS,m12_no_attack_dup60_s20260629,nonbonded,2344,PRIVPROBE:0,host_scan,504,False,0,host_scan
m12_no_attack_dup60_s20260629_nonbonded,BudgetDoS,m12_no_attack_dup60_s20260629,nonbonded,2368,PRIVPROBE:0,duplicate_filter,0,False,0,duplicate_filter
m12_no_attack_dup60_s20260629_nonbonded,BudgetDoS,m12_no_attack_dup60_s20260629,nonbonded,2386,PRIVPROBE:0,duplicate_filter,0,False,0,duplicate_filter
m12_no_attack_dup60_s20260629_nonbonded,BudgetDoS,m12_no_attack_dup60_s20260629,nonbonded,2402,PRIVPROBE:0,duplicate_filter,0,False,0,duplicate_filter
m12_no_attack_dup60_s20260629_nonbonded,BudgetDoS,m12_no_attack_dup60_s20260629,nonbonded,2433,PRIVPROBE:0,duplicate_filter,0,False,0,duplicate_filter
m12_no_attack_dup60_s20260629_nonbonded,BudgetDoS,m12_no_attack_dup60_s20260629,nonbonded,2454,PRIVPROBE:0,duplicate_filter,0,False,0,duplicate_filter
m12_no_attack_dup60_s20260629_nonbonded,BudgetDoS,m12_no_attack_dup60_s20260629,nonbonded,2472,PRIVPROBE:0,duplicate_filter,0,False,0,duplicate_filter
m12_no_attack_dup60_s20260629_nonbonded,BudgetDoS,m12_no_attack_dup60_s20260629,nonbonded,2493,PRIVPROBE:0,duplicate_filter,0,False,0,duplicate_filter
m12_no_attack_dup60_s20260629_nonbonded,BudgetDoS,m12_no_attack_dup60_s20260629,nonbonded,2514,PRIVPROBE:0,duplicate_filter,0,False,0,duplicate_filter
m12_no_attack_dup60_s20260629_nonbonded,BudgetDoS,m12_no_attack_dup60_s20260629,nonbonded,2538,PRIVPROBE:0,duplicate_filter,0,False,0,duplicate_filter
m12_no_attack_dup60_s20260629_nonbonded,BudgetDoS,m12_no_attack_dup60_s20260629,nonbonded,2558,PRIVPROBE:0,duplicate_filter,0,False,0,duplicate_filter
m12_no_attack_dup60_s20260629_nonbonded,BudgetDoS,m12_no_attack_dup60_s20260629,nonbonded,2576,PRIVPROBE:0,duplicate_filter,0,False,0,duplicate_filter
m12_no_attack_dup60_s20260629_nonbonded,BudgetDoS,m12_no_attack_dup60_s20260629,nonbonded,2605,PRIVPROBE:0,host_scan,504,False,0,host_scan
m12_no_attack_dup60_s20260629_nonbonded,BudgetDoS,m12_no_attack_dup60_s20260629,nonbonded,2628,PRIVPROBE:0,duplicate_filter,0,False,0,duplicate_filter
m12_no_attack_dup60_s20260629_nonbonded,BudgetDoS,m12_no_attack_dup60_s20260629,nonbonded,2662,PRIVPROBE:0,duplicate_filter,0,False,0,duplicate_filter
m12_no_attack_dup60_s20260629_nonbonded,BudgetDoS,m12_no_attack_dup60_s20260629,nonbonded,2692,PRIVPROBE:0,duplicate_filter,0,False,0,duplicate_filter
m12_no_attack_dup60_s20260629_nonbonded,BudgetDoS,m12_no_attack_dup60_s20260629,nonbonded,2713,PRIVPROBE:0,duplicate_filter,0,False,0,duplicate_filter
m12_no_attack_dup60_s20260629_nonbonded,BudgetDoS,m12_no_attack_dup60_s20260629,nonbonded,2729,PRIVPROBE:0,duplicate_filter,0,False,0,duplicate_filter
m12_no_attack_dup60_s20260629_nonbonded,BudgetDoS,m12_no_attack_dup60_s20260629,nonbonded,2745,PRIVPROBE:0,duplicate_filter,0,False,0,duplicate_filter
m12_no_attack_dup60_s20260629_nonbonded,BudgetDoS,m12_no_attack_dup60_s20260629,nonbonded,2768,PRIVPROBE:0,duplicate_filter,0,False,0,duplicate_filter
m12_no_attack_dup60_s20260629_nonbonded,BudgetDoS,m12_no_attack_dup60_s20260629,nonbonded,2786,PRIVPROBE:0,duplicate_filter,0,False,0,duplicate_filter
m12_no_attack_dup60_s20260629_nonbonded,BudgetDoS,m12_no_attack_dup60_s20260629,nonbonded,2801,PRIVPROBE:0,duplicate_filter,0,False,0,duplicate_filter
m12_no_attack_dup60_s20260629_nonbonded,BudgetDoS,m12_no_attack_dup60_s20260629,nonbonded,2825,PRIVPROBE:0,duplicate_filter,0,False,0,duplicate_filter
m12_no_attack_dup60_s20260629_nonbonded,BudgetDoS,m12_no_attack_dup60_s20260629,nonbonded,2846,PRIVPROBE:0,duplicate_filter,0,False,0,duplicate_filter
m12_no_attack_dup60_s20260629_nonbonded,BudgetDoS,m12_no_attack_dup60_s20260629,nonbonded,2865,PRIVPROBE:0,host_scan,504,False,0,host_scan
m12_no_attack_dup60_s20260629_nonbonded,BudgetDoS,m12_no_attack_dup60_s20260629,nonbonded,2876,PRIVPROBE:0,duplicate_filter,0,False,0,duplicate_filter
m12_no_attack_dup60_s20260629_nonbonded,BudgetDoS,m12_no_attack_dup60_s20260629,nonbonded,2902,PRIVPROBE:0,duplicate_filter,0,False,0,duplicate_filter
m12_no_attack_dup60_s20260629_nonbonded,BudgetDoS,m12_no_attack_dup60_s20260629,nonbonded,2923,PRIVPROBE:0,duplicate_filter,0,False,0,duplicate_filter
m12_no_attack_dup60_s20260629_nonbonded,BudgetDoS,m12_no_attack_dup60_s20260629,nonbonded,2937,PRIVPROBE:0,duplicate_filter,0,False,0,duplicate_filter
m12_no_attack_dup60_s20260629_nonbonded,BudgetDoS,m12_no_attack_dup60_s20260629,nonbonded,2947,PRIVPROBE:0,duplicate_filter,0,False,0,duplicate_filter
m12_no_attack_dup60_s20260629_nonbonded,BudgetDoS,m12_no_attack_dup60_s20260629,nonbonded,2965,PRIVPROBE:0,duplicate_filter,0,False,0,duplicate_filter
m12_no_attack_dup60_s20260629_nonbonded,BudgetDoS,m12_no_attack_dup60_s20260629,nonbonded,2988,PRIVPROBE:0,duplicate_filter,0,False,0,duplicate_filter
m12_no_attack_dup60_s20260629_nonbonded,BudgetDoS,m12_no_attack_dup60_s20260629,nonbonded,3000,PRIVPROBE:0,duplicate_filter,0,False,0,duplicate_filter
m12_no_attack_dup60_s20260629_nonbonded,BudgetDoS,m12_no_attack_dup60_s20260629,nonbonded,3016,PRIVPROBE:0,duplicate_filter,0,False,0,duplicate_filter
m12_no_attack_dup60_s20260629_nonbonded,BudgetDoS,m12_no_attack_dup60_s20260629,nonbonded,3040,PRIVPROBE:0,duplicate_filter,0,False,0,duplicate_filter
m12_no_attack_dup60_s20260629_nonbonded,BudgetDoS,m12_no_attack_dup60_s20260629,nonbonded,3058,PRIVPROBE:0,duplicate_filter,0,False,0,duplicate_filter
m12_no_attack_dup60_s20260629_nonbonded,BudgetDoS,m12_no_attack_dup60_s20260629,nonbonded,3081,PRIVPROBE:0,host_scan,504,False,0,host_scan
m12_no_attack_dup60_s20260629_nonbonded,BudgetDoS,m12_no_attack_dup60_s20260629,nonbonded,3104,PRIVPROBE:0,duplicate_filter,0,False,0,duplicate_filter
m12_no_attack_dup60_s20260629_nonbonded,BudgetDoS,m12_no_attack_dup60_s20260629,nonbonded,3120,PRIVPROBE:0,duplicate_filter,0,False,0,duplicate_filter
m12_no_attack_dup60_s20260629_nonbonded,BudgetDoS,m12_no_attack_dup60_s20260629,nonbonded,3139,PRIVPROBE:0,duplicate_filter,0,False,0,duplicate_filter
m12_no_attack_dup60_s20260629_nonbonded,BudgetDoS,m12_no_attack_dup60_s20260629,nonbonded,3160,PRIVPROBE:0,duplicate_filter,0,False,0,duplicate_filter
m12_no_attack_dup60_s20260629_nonbonded,BudgetDoS,m12_no_attack_dup60_s20260629,nonbonded,3185,PRIVPROBE:0,duplicate_filter,0,False,0,duplicate_filter
m12_no_attack_dup60_s20260629_nonbonded,BudgetDoS,m12_no_attack_dup60_s20260629,nonbonded,3208,PRIVPROBE:0,duplicate_filter,0,False,0,duplicate_filter
m12_no_attack_dup60_s20260629_nonbonded,BudgetDoS,m12_no_attack_dup60_s20260629,nonbonded,3227,PRIVPROBE:0,duplicate_filter,0,False,0,duplicate_filter
m12_no_attack_dup60_s20260629_nonbonded,BudgetDoS,m12_no_attack_dup60_s20260629,nonbonded,3251,PRIVPROBE:0,duplicate_filter,0,False,0,duplicate_filter
m12_no_attack_dup60_s20260629_nonbonded,BudgetDoS,m12_no_attack_dup60_s20260629,nonbonded,3273,PRIVPROBE:0,duplicate_filter,0,False,0,duplicate_filter
m12_no_attack_dup60_s20260629_nonbonded,BudgetDoS,m12_no_attack_dup60_s20260629,nonbonded,3284,PRIVPROBE:0,duplicate_filter,0,False,0,duplicate_filter
m12_no_attack_dup60_s20260629_nonbonded,BudgetDoS,m12_no_attack_dup60_s20260629,nonbonded,3307,PRIVPROBE:0,duplicate_filter,0,False,0,duplicate_filter
m12_no_attack_dup60_s20260629_nonbonded,BudgetDoS,m12_no_attack_dup60_s20260629,nonbonded,3328,PRIVPROBE:0,host_scan,504,False,0,host_scan
m12_no_attack_dup60_s20260629_nonbonded,BudgetDoS,m12_no_attack_dup60_s20260629,nonbonded,3352,PRIVPROBE:0,duplicate_filter,0,False,0,duplicate_filter
m12_no_attack_dup60_s20260629_nonbonded,BudgetDoS,m12_no_attack_dup60_s20260629,nonbonded,3374,PRIVPROBE:0,duplicate_filter,0,False,0,duplicate_filter
m12_no_attack_dup60_s20260629_nonbonded,BudgetDoS,m12_no_attack_dup60_s20260629,nonbonded,3400,PRIVPROBE:0,duplicate_filter,0,False,0,duplicate_filter
m12_no_attack_dup60_s20260629_nonbonded,BudgetDoS,m12_no_attack_dup60_s20260629,nonbonded,3423,PRIVPROBE:0,duplicate_filter,0,False,0,duplicate_filter
m12_no_attack_dup60_s20260629_nonbonded,BudgetDoS,m12_no_attack_dup60_s20260629,nonbonded,3441,PRIVPROBE:0,duplicate_filter,0,False,0,duplicate_filter
m12_no_attack_dup60_s20260629_nonbonded,BudgetDoS,m12_no_attack_dup60_s20260629,nonbonded,3460,PRIVPROBE:0,duplicate_filter,0,False,0,duplicate_filter
m12_no_attack_dup60_s20260629_nonbonded,BudgetDoS,m12_no_attack_dup60_s20260629,nonbonded,3490,PRIVPROBE:0,duplicate_filter,0,False,0,duplicate_filter
m12_no_attack_dup60_s20260629_nonbonded,BudgetDoS,m12_no_attack_dup60_s20260629,nonbonded,3504,PRIVPROBE:0,duplicate_filter,0,False,0,duplicate_filter
m12_no_attack_dup60_s20260629_nonbonded,BudgetDoS,m12_no_attack_dup60_s20260629,nonbonded,3528,PRIVPROBE:0,duplicate_filter,0,False,0,duplicate_filter
m12_no_attack_dup60_s20260629_nonbonded,BudgetDoS,m12_no_attack_dup60_s20260629,nonbonded,3553,PRIVPROBE:0,duplicate_filter,0,False,0,duplicate_filter
m12_no_attack_dup60_s20260629_nonbonded,BudgetDoS,m12_no_attack_dup60_s20260629,nonbonded,3573,PRIVPROBE:0,duplicate_filter,0,False,0,duplicate_filter
m12_no_attack_dup60_s20260629_nonbonded,BudgetDoS,m12_no_attack_dup60_s20260629,nonbonded,3599,PRIVPROBE:0,host_scan,504,False,0,host_scan
m12_no_attack_dup60_s20260629_nonbonded,BudgetDoS,m12_no_attack_dup60_s20260629,nonbonded,3622,PRIVPROBE:0,duplicate_filter,0,False,0,duplicate_filter
m12_no_attack_dup60_s20260629_nonbonded,BudgetDoS,m12_no_attack_dup60_s20260629,nonbonded,3646,PRIVPROBE:0,duplicate_filter,0,False,0,duplicate_filter
m12_no_attack_dup60_s20260629_nonbonded,BudgetDoS,m12_no_attack_dup60_s20260629,nonbonded,3671,PRIVPROBE:0,duplicate_filter,0,False,0,duplicate_filter
m12_no_attack_dup60_s20260629_nonbonded,BudgetDoS,m12_no_attack_dup60_s20260629,nonbonded,3689,PRIVPROBE:0,duplicate_filter,0,False,0,duplicate_filter
m12_no_attack_dup60_s20260629_nonbonded,BudgetDoS,m12_no_attack_dup60_s20260629,nonbonded,3714,PRIVPROBE:0,duplicate_filter,0,False,0,duplicate_filter
m12_no_attack_dup60_s20260629_nonbonded,BudgetDoS,m12_no_attack_dup60_s20260629,nonbonded,3735,PRIVPROBE:0,duplicate_filter,0,False,0,duplicate_filter
m12_no_attack_dup60_s20260629_nonbonded,BudgetDoS,m12_no_attack_dup60_s20260629,nonbonded,3754,PRIVPROBE:0,duplicate_filter,0,False,0,duplicate_filter
m12_no_attack_dup60_s20260629_nonbonded,BudgetDoS,m12_no_attack_dup60_s20260629,nonbonded,3781,PRIVPROBE:0,duplicate_filter,0,False,0,duplicate_filter
m12_no_attack_dup60_s20260629_nonbonded,BudgetDoS,m12_no_attack_dup60_s20260629,nonbonded,3799,PRIVPROBE:0,duplicate_filter,0,False,0,duplicate_filter
m12_no_attack_dup60_s20260629_nonbonded,BudgetDoS,m12_no_attack_dup60_s20260629,nonbonded,3818,PRIVPROBE:0,duplicate_filter,0,False,0,duplicate_filter
m12_no_attack_dup60_s20260629_nonbonded,BudgetDoS,m12_no_attack_dup60_s20260629,nonbonded,3834,PRIVPROBE:0,duplicate_filter,0,False,0,duplicate_filter
m12_no_attack_dup60_s20260629_nonbonded,BudgetDoS,m12_no_attack_dup60_s20260629,nonbonded,3857,PRIVPROBE:1,host_scan,504,False,0,host_scan
m12_no_attack_dup60_s20260629_nonbonded,BudgetDoS,m12_no_attack_dup60_s20260629,nonbonded,3878,PRIVPROBE:1,duplicate_filter,0,False,0,duplicate_filter
m12_no_attack_dup60_s20260629_nonbonded,BudgetDoS,m12_no_attack_dup60_s20260629,nonbonded,3911,PRIVPROBE:1,duplicate_filter,0,False,0,duplicate_filter
m12_no_attack_dup60_s20260629_nonbonded,BudgetDoS,m12_no_attack_dup60_s20260629,nonbonded,3948,PRIVPROBE:1,duplicate_filter,0,False,0,duplicate_filter
m12_no_attack_dup60_s20260629_nonbonded,BudgetDoS,m12_no_attack_dup60_s20260629,nonbonded,3965,PRIVPROBE:1,duplicate_filter,0,False,0,duplicate_filter
m12_no_attack_dup60_s20260629_nonbonded,BudgetDoS,m12_no_attack_dup60_s20260629,nonbonded,3985,PRIVPROBE:1,duplicate_filter,0,False,0,duplicate_filter
m12_no_attack_dup60_s20260629_nonbonded,BudgetDoS,m12_no_attack_dup60_s20260629,nonbonded,4000,PRIVPROBE:1,duplicate_filter,0,False,0,duplicate_filter
m12_no_attack_dup60_s20260629_nonbonded,BudgetDoS,m12_no_attack_dup60_s20260629,nonbonded,4015,PRIVPROBE:1,duplicate_filter,0,False,0,duplicate_filter
m12_no_attack_dup60_s20260629_nonbonded,BudgetDoS,m12_no_attack_dup60_s20260629,nonbonded,4028,PRIVPROBE:1,duplicate_filter,0,False,0,duplicate_filter
m12_no_attack_dup60_s20260629_nonbonded,BudgetDoS,m12_no_attack_dup60_s20260629,nonbonded,4060,PRIVPROBE:1,duplicate_filter,0,False,0,duplicate_filter
m12_no_attack_dup60_s20260629_nonbonded,BudgetDoS,m12_no_attack_dup60_s20260629,nonbonded,4085,PRIVPROBE:1,duplicate_filter,0,False,0,duplicate_filter
m12_no_attack_dup60_s20260629_nonbonded,BudgetDoS,m12_no_attack_dup60_s20260629,nonbonded,4113,PRIVPROBE:1,duplicate_filter,0,False,0,duplicate_filter
m12_no_attack_dup60_s20260629_nonbonded,BudgetDoS,m12_no_attack_dup60_s20260629,nonbonded,4139,PRIVPROBE:1,host_scan,504,False,0,host_scan
m12_no_attack_dup60_s20260629_nonbonded,BudgetDoS,m12_no_attack_dup60_s20260629,nonbonded,4169,PRIVPROBE:1,duplicate_filter,0,False,0,duplicate_filter
m12_no_attack_dup60_s20260629_nonbonded,BudgetDoS,m12_no_attack_dup60_s20260629,nonbonded,4186,PRIVPROBE:1,duplicate_filter,0,False,0,duplicate_filter
m12_no_attack_dup60_s20260629_nonbonded,BudgetDoS,m12_no_attack_dup60_s20260629,nonbonded,4204,PRIVPROBE:1,duplicate_filter,0,False,0,duplicate_filter
m12_no_attack_dup60_s20260629_nonbonded,BudgetDoS,m12_no_attack_dup60_s20260629,nonbonded,4223,PRIVPROBE:1,duplicate_filter,0,False,0,duplicate_filter
m12_no_attack_dup60_s20260629_nonbonded,BudgetDoS,m12_no_attack_dup60_s20260629,nonbonded,4241,PRIVPROBE:1,duplicate_filter,0,False,0,duplicate_filter
m12_no_attack_dup60_s20260629_nonbonded,BudgetDoS,m12_no_attack_dup60_s20260629,nonbonded,4263,PRIVPROBE:1,duplicate_filter,0,False,0,duplicate_filter
m12_no_attack_dup60_s20260629_nonbonded,BudgetDoS,m12_no_attack_dup60_s20260629,nonbonded,4274,PRIVPROBE:1,duplicate_filter,0,False,0,duplicate_filter
m12_no_attack_dup60_s20260629_nonbonded,BudgetDoS,m12_no_attack_dup60_s20260629,nonbonded,4294,PRIVPROBE:1,duplicate_filter,0,False,0,duplicate_filter
m12_no_attack_dup60_s20260629_nonbonded,BudgetDoS,m12_no_attack_dup60_s20260629,nonbonded,4306,PRIVPROBE:1,duplicate_filter,0,False,0,duplicate_filter
m12_no_attack_dup60_s20260629_nonbonded,BudgetDoS,m12_no_attack_dup60_s20260629,nonbonded,4330,PRIVPROBE:1,duplicate_filter,0,False,0,duplicate_filter
m12_no_attack_dup60_s20260629_nonbonded,BudgetDoS,m12_no_attack_dup60_s20260629,nonbonded,4352,PRIVPROBE:1,duplicate_filter,0,False,0,duplicate_filter
m12_no_attack_dup60_s20260629_nonbonded,BudgetDoS,m12_no_attack_dup60_s20260629,nonbonded,4375,PRIVPROBE:1,host_scan,504,False,0,host_scan
m12_no_attack_dup60_s20260629_nonbonded,BudgetDoS,m12_no_attack_dup60_s20260629,nonbonded,4391,PRIVPROBE:1,duplicate_filter,0,False,0,duplicate_filter
m12_no_attack_dup60_s20260629_nonbonded,BudgetDoS,m12_no_attack_dup60_s20260629,nonbonded,4405,PRIVPROBE:1,duplicate_filter,0,False,0,duplicate_filter
m12_no_attack_dup60_s20260629_nonbonded,BudgetDoS,m12_no_attack_dup60_s20260629,nonbonded,4424,PRIVPROBE:1,duplicate_filter,0,False,0,duplicate_filter
m12_no_attack_dup60_s20260629_nonbonded,BudgetDoS,m12_no_attack_dup60_s20260629,nonbonded,4446,PRIVPROBE:1,duplicate_filter,0,False,0,duplicate_filter
m12_no_attack_dup60_s20260629_nonbonded,BudgetDoS,m12_no_attack_dup60_s20260629,nonbonded,4464,PRIVPROBE:1,duplicate_filter,0,False,0,duplicate_filter
m12_no_attack_dup60_s20260629_nonbonded,BudgetDoS,m12_no_attack_dup60_s20260629,nonbonded,4478,PRIVPROBE:1,duplicate_filter,0,False,0,duplicate_filter
m12_no_attack_dup60_s20260629_nonbonded,BudgetDoS,m12_no_attack_dup60_s20260629,nonbonded,4493,PRIVPROBE:1,duplicate_filter,0,False,0,duplicate_filter
m12_no_attack_dup60_s20260629_nonbonded,BudgetDoS,m12_no_attack_dup60_s20260629,nonbonded,4509,PRIVPROBE:1,duplicate_filter,0,False,0,duplicate_filter
m12_no_attack_dup60_s20260629_nonbonded,BudgetDoS,m12_no_attack_dup60_s20260629,nonbonded,4534,PRIVPROBE:1,duplicate_filter,0,False,0,duplicate_filter
m12_no_attack_dup60_s20260629_nonbonded,BudgetDoS,m12_no_attack_dup60_s20260629,nonbonded,4556,PRIVPROBE:1,duplicate_filter,0,False,0,duplicate_filter
m12_no_attack_dup60_s20260629_nonbonded,BudgetDoS,m12_no_attack_dup60_s20260629,nonbonded,4571,PRIVPROBE:1,duplicate_filter,0,False,0,duplicate_filter
m12_no_attack_dup60_s20260629_nonbonded,BudgetDoS,m12_no_attack_dup60_s20260629,nonbonded,4596,PRIVPROBE:1,host_scan,504,False,0,host_scan
m12_no_attack_dup60_s20260629_nonbonded,BudgetDoS,m12_no_attack_dup60_s20260629,nonbonded,4616,PRIVPROBE:1,duplicate_filter,0,False,0,duplicate_filter
m12_no_attack_dup60_s20260629_nonbonded,BudgetDoS,m12_no_attack_dup60_s20260629,nonbonded,4633,PRIVPROBE:1,duplicate_filter,0,False,0,duplicate_filter
m12_no_attack_dup60_s20260629_nonbonded,BudgetDoS,m12_no_attack_dup60_s20260629,nonbonded,4650,PRIVPROBE:1,duplicate_filter,0,False,0,duplicate_filter
m12_no_attack_dup60_s20260629_nonbonded,BudgetDoS,m12_no_attack_dup60_s20260629,nonbonded,4689,PRIVPROBE:1,duplicate_filter,0,False,0,duplicate_filter
m12_no_attack_dup60_s20260629_nonbonded,BudgetDoS,m12_no_attack_dup60_s20260629,nonbonded,4705,PRIVPROBE:1,duplicate_filter,0,False,0,duplicate_filter
m12_no_attack_dup60_s20260629_nonbonded,BudgetDoS,m12_no_attack_dup60_s20260629,nonbonded,4727,PRIVPROBE:1,duplicate_filter,0,False,0,duplicate_filter
m12_no_attack_dup60_s20260629_nonbonded,BudgetDoS,m12_no_attack_dup60_s20260629,nonbonded,4743,PRIVPROBE:1,duplicate_filter,0,False,0,duplicate_filter
m12_no_attack_dup60_s20260629_nonbonded,BudgetDoS,m12_no_attack_dup60_s20260629,nonbonded,4761,PRIVPROBE:1,duplicate_filter,0,False,0,duplicate_filter
m12_no_attack_dup60_s20260629_nonbonded,BudgetDoS,m12_no_attack_dup60_s20260629,nonbonded,4777,PRIVPROBE:1,duplicate_filter,0,False,0,duplicate_filter
m12_no_attack_dup60_s20260629_nonbonded,BudgetDoS,m12_no_attack_dup60_s20260629,nonbonded,4793,PRIVPROBE:1,duplicate_filter,0,False,0,duplicate_filter
m12_no_attack_dup60_s20260629_nonbonded,BudgetDoS,m12_no_attack_dup60_s20260629,nonbonded,4819,PRIVPROBE:1,duplicate_filter,0,False,0,duplicate_filter
m12_no_attack_dup60_s20260629_nonbonded,BudgetDoS,m12_no_attack_dup60_s20260629,nonbonded,4843,PRIVPROBE:1,host_scan,504,False,0,host_scan
m12_no_attack_dup60_s20260629_nonbonded,BudgetDoS,m12_no_attack_dup60_s20260629,nonbonded,4861,PRIVPROBE:1,duplicate_filter,0,False,0,duplicate_filter
m12_no_attack_dup60_s20260629_nonbonded,BudgetDoS,m12_no_attack_dup60_s20260629,nonbonded,4878,PRIVPROBE:1,duplicate_filter,0,False,0,duplicate_filter
m12_no_attack_dup60_s20260629_nonbonded,BudgetDoS,m12_no_attack_dup60_s20260629,nonbonded,4904,PRIVPROBE:1,duplicate_filter,0,False,0,duplicate_filter
m12_no_attack_dup60_s20260629_nonbonded,BudgetDoS,m12_no_attack_dup60_s20260629,nonbonded,4936,PRIVPROBE:1,duplicate_filter,0,False,0,duplicate_filter
m12_no_attack_dup60_s20260629_nonbonded,BudgetDoS,m12_no_attack_dup60_s20260629,nonbonded,4965,PRIVPROBE:1,duplicate_filter,0,False,0,duplicate_filter
m12_no_attack_dup60_s20260629_nonbonded,BudgetDoS,m12_no_attack_dup60_s20260629,nonbonded,4982,PRIVPROBE:1,duplicate_filter,0,False,0,duplicate_filter
m12_no_attack_dup60_s20260629_nonbonded,BudgetDoS,m12_no_attack_dup60_s20260629,nonbonded,5002,PRIVPROBE:1,duplicate_filter,0,False,0,duplicate_filter
m12_no_attack_dup60_s20260629_nonbonded,BudgetDoS,m12_no_attack_dup60_s20260629,nonbonded,5027,PRIVPROBE:1,duplicate_filter,0,False,0,duplicate_filter
m12_no_attack_dup60_s20260629_nonbonded,BudgetDoS,m12_no_attack_dup60_s20260629,nonbonded,5052,PRIVPROBE:1,duplicate_filter,0,False,0,duplicate_filter
m12_no_attack_dup60_s20260629_nonbonded,BudgetDoS,m12_no_attack_dup60_s20260629,nonbonded,5068,PRIVPROBE:1,duplicate_filter,0,False,0,duplicate_filter
m12_no_attack_dup60_s20260629_nonbonded,BudgetDoS,m12_no_attack_dup60_s20260629,nonbonded,5090,PRIVPROBE:1,duplicate_filter,0,False,0,duplicate_filter
m12_no_attack_dup60_s20260629_nonbonded,BudgetDoS,m12_no_attack_dup60_s20260629,nonbonded,5118,PRIVPROBE:1,host_scan,504,False,0,host_scan
m12_no_attack_dup60_s20260629_nonbonded,BudgetDoS,m12_no_attack_dup60_s20260629,nonbonded,5143,PRIVPROBE:1,duplicate_filter,0,False,0,duplicate_filter
m12_no_attack_dup60_s20260629_nonbonded,BudgetDoS,m12_no_attack_dup60_s20260629,nonbonded,5168,PRIVPROBE:1,duplicate_filter,0,False,0,duplicate_filter
m12_no_attack_dup60_s20260629_nonbonded,BudgetDoS,m12_no_attack_dup60_s20260629,nonbonded,5191,PRIVPROBE:1,duplicate_filter,0,False,0,duplicate_filter
m12_no_attack_dup60_s20260629_nonbonded,BudgetDoS,m12_no_attack_dup60_s20260629,nonbonded,5211,PRIVPROBE:1,duplicate_filter,0,False,0,duplicate_filter
m12_no_attack_dup60_s20260629_nonbonded,BudgetDoS,m12_no_attack_dup60_s20260629,nonbonded,5227,PRIVPROBE:1,duplicate_filter,0,False,0,duplicate_filter
m12_no_attack_dup60_s20260629_nonbonded,BudgetDoS,m12_no_attack_dup60_s20260629,nonbonded,5241,PRIVPROBE:1,duplicate_filter,0,False,0,duplicate_filter
m12_no_attack_dup60_s20260629_nonbonded,BudgetDoS,m12_no_attack_dup60_s20260629,nonbonded,5258,PRIVPROBE:1,duplicate_filter,0,False,0,duplicate_filter
m12_no_attack_dup60_s20260629_nonbonded,BudgetDoS,m12_no_attack_dup60_s20260629,nonbonded,5278,PRIVPROBE:1,duplicate_filter,0,False,0,duplicate_filter
m12_no_attack_dup60_s20260629_nonbonded,BudgetDoS,m12_no_attack_dup60_s20260629,nonbonded,5316,PRIVPROBE:1,duplicate_filter,0,False,0,duplicate_filter
m12_no_attack_dup60_s20260629_nonbonded,BudgetDoS,m12_no_attack_dup60_s20260629,nonbonded,5334,PRIVPROBE:1,duplicate_filter,0,False,0,duplicate_filter
m12_no_attack_dup60_s20260629_nonbonded,BudgetDoS,m12_no_attack_dup60_s20260629,nonbonded,5348,PRIVPROBE:1,duplicate_filter,0,False,0,duplicate_filter
m12_no_attack_dup60_s20260629_nonbonded,BudgetDoS,m12_no_attack_dup60_s20260629,nonbonded,5365,PRIVPROBE:1,host_scan,504,False,0,host_scan
m12_no_attack_dup60_s20260629_nonbonded,BudgetDoS,m12_no_attack_dup60_s20260629,nonbonded,5383,PRIVPROBE:1,duplicate_filter,0,False,0,duplicate_filter
m12_no_attack_dup60_s20260629_nonbonded,BudgetDoS,m12_no_attack_dup60_s20260629,nonbonded,5406,PRIVPROBE:1,duplicate_filter,0,False,0,duplicate_filter
m12_no_attack_dup60_s20260629_nonbonded,BudgetDoS,m12_no_attack_dup60_s20260629,nonbonded,5427,PRIVPROBE:1,duplicate_filter,0,False,0,duplicate_filter
m12_no_attack_dup60_s20260629_nonbonded,BudgetDoS,m12_no_attack_dup60_s20260629,nonbonded,5443,PRIVPROBE:1,duplicate_filter,0,False,0,duplicate_filter
m12_no_attack_dup60_s20260629_nonbonded,BudgetDoS,m12_no_attack_dup60_s20260629,nonbonded,5471,PRIVPROBE:1,duplicate_filter,0,False,0,duplicate_filter
m12_no_attack_dup60_s20260629_nonbonded,BudgetDoS,m12_no_attack_dup60_s20260629,nonbonded,5494,PRIVPROBE:1,duplicate_filter,0,False,0,duplicate_filter
m12_no_attack_dup60_s20260629_nonbonded,BudgetDoS,m12_no_attack_dup60_s20260629,nonbonded,5515,PRIVPROBE:1,duplicate_filter,0,False,0,duplicate_filter
m12_no_attack_dup60_s20260629_nonbonded,BudgetDoS,m12_no_attack_dup60_s20260629,nonbonded,5544,PRIVPROBE:1,duplicate_filter,0,False,0,duplicate_filter
m12_no_attack_dup60_s20260629_nonbonded,BudgetDoS,m12_no_attack_dup60_s20260629,nonbonded,5566,PRIVPROBE:1,duplicate_filter,0,False,0,duplicate_filter
m12_no_attack_dup60_s20260629_nonbonded,BudgetDoS,m12_no_attack_dup60_s20260629,nonbonded,5585,PRIVPROBE:1,duplicate_filter,0,False,0,duplicate_filter
m12_no_attack_dup60_s20260629_nonbonded,BudgetDoS,m12_no_attack_dup60_s20260629,nonbonded,5593,PRIVPROBE:1,duplicate_filter,0,False,0,duplicate_filter
m12_no_attack_dup60_s20260629_nonbonded,BudgetDoS,m12_no_attack_dup60_s20260629,nonbonded,5617,PRIVPROBE:1,host_scan,504,False,0,host_scan
m12_no_attack_dup60_s20260629_nonbonded,BudgetDoS,m12_no_attack_dup60_s20260629,nonbonded,5629,PRIVPROBE:1,duplicate_filter,0,False,0,duplicate_filter
m12_no_attack_dup60_s20260629_nonbonded,BudgetDoS,m12_no_attack_dup60_s20260629,nonbonded,5649,PRIVPROBE:1,duplicate_filter,0,False,0,duplicate_filter
m12_no_attack_dup60_s20260629_nonbonded,BudgetDoS,m12_no_attack_dup60_s20260629,nonbonded,5671,PRIVPROBE:1,duplicate_filter,0,False,0,duplicate_filter
m12_no_attack_dup60_s20260629_nonbonded,BudgetDoS,m12_no_attack_dup60_s20260629,nonbonded,5689,PRIVPROBE:1,duplicate_filter,0,False,0,duplicate_filter
m12_no_attack_dup60_s20260629_nonbonded,BudgetDoS,m12_no_attack_dup60_s20260629,nonbonded,5708,PRIVPROBE:1,duplicate_filter,0,False,0,duplicate_filter
m12_no_attack_dup60_s20260629_nonbonded,BudgetDoS,m12_no_attack_dup60_s20260629,nonbonded,5732,PRIVPROBE:1,duplicate_filter,0,False,0,duplicate_filter
m12_no_attack_dup60_s20260629_nonbonded,BudgetDoS,m12_no_attack_dup60_s20260629,nonbonded,5750,PRIVPROBE:1,duplicate_filter,0,False,0,duplicate_filter
m12_no_attack_dup60_s20260629_nonbonded,BudgetDoS,m12_no_attack_dup60_s20260629,nonbonded,5775,PRIVPROBE:1,duplicate_filter,0,False,0,duplicate_filter
m12_no_attack_dup60_s20260629_nonbonded,BudgetDoS,m12_no_attack_dup60_s20260629,nonbonded,5796,PRIVPROBE:1,duplicate_filter,0,False,0,duplicate_filter
m12_no_attack_dup60_s20260629_nonbonded,BudgetDoS,m12_no_attack_dup60_s20260629,nonbonded,5813,PRIVPROBE:1,duplicate_filter,0,False,0,duplicate_filter
m12_no_attack_dup60_s20260629_nonbonded,BudgetDoS,m12_no_attack_dup60_s20260629,nonbonded,5824,PRIVPROBE:1,duplicate_filter,0,False,0,duplicate_filter
m12_no_attack_dup60_s20260629_nonbonded,BudgetDoS,m12_no_attack_dup60_s20260629,nonbonded,5842,PRIVPROBE:1,host_scan,504,False,0,host_scan
m12_no_attack_dup60_s20260629_nonbonded,BudgetDoS,m12_no_attack_dup60_s20260629,nonbonded,5860,PRIVPROBE:1,duplicate_filter,0,False,0,duplicate_filter
m12_no_attack_dup60_s20260629_nonbonded,BudgetDoS,m12_no_attack_dup60_s20260629,nonbonded,5879,PRIVPROBE:1,duplicate_filter,0,False,0,duplicate_filter
m12_no_attack_dup60_s20260629_nonbonded,BudgetDoS,m12_no_attack_dup60_s20260629,nonbonded,5901,PRIVPROBE:1,duplicate_filter,0,False,0,duplicate_filter
m12_no_attack_dup60_s20260629_nonbonded,BudgetDoS,m12_no_attack_dup60_s20260629,nonbonded,5918,PRIVPROBE:1,duplicate_filter,0,False,0,duplicate_filter
m12_no_attack_dup60_s20260629_nonbonded,BudgetDoS,m12_no_attack_dup60_s20260629,nonbonded,5940,PRIVPROBE:1,duplicate_filter,0,False,0,duplicate_filter
m12_no_attack_dup60_s20260629_nonbonded,BudgetDoS,m12_no_attack_dup60_s20260629,nonbonded,5959,PRIVPROBE:1,duplicate_filter,0,False,0,duplicate_filter
m12_no_attack_dup60_s20260629_nonbonded,BudgetDoS,m12_no_attack_dup60_s20260629,nonbonded,5978,PRIVPROBE:1,duplicate_filter,0,False,0,duplicate_filter
m12_no_attack_dup60_s20260629_nonbonded,BudgetDoS,m12_no_attack_dup60_s20260629,nonbonded,5992,PRIVPROBE:1,duplicate_filter,0,False,0,duplicate_filter
m12_no_attack_dup60_s20260629_nonbonded,BudgetDoS,m12_no_attack_dup60_s20260629,nonbonded,6018,PRIVPROBE:1,duplicate_filter,0,False,0,duplicate_filter
m12_no_attack_dup60_s20260629_nonbonded,BudgetDoS,m12_no_attack_dup60_s20260629,nonbonded,6038,PRIVPROBE:1,duplicate_filter,0,False,0,duplicate_filter
m12_no_attack_dup60_s20260629_nonbonded,BudgetDoS,m12_no_attack_dup60_s20260629,nonbonded,6057,PRIVPROBE:1,duplicate_filter,0,False,0,duplicate_filter
m12_no_attack_dup60_s20260629_nonbonded,BudgetDoS,m12_no_attack_dup60_s20260629,nonbonded,6087,PRIVPROBE:1,host_scan,504,False,0,host_scan
m12_no_attack_dup60_s20260629_nonbonded,BudgetDoS,m12_no_attack_dup60_s20260629,nonbonded,6097,PRIVPROBE:1,duplicate_filter,0,False,0,duplicate_filter
m12_no_attack_dup60_s20260629_nonbonded,BudgetDoS,m12_no_attack_dup60_s20260629,nonbonded,6120,PRIVPROBE:1,duplicate_filter,0,False,0,duplicate_filter
m12_no_attack_dup60_s20260629_nonbonded,BudgetDoS,m12_no_attack_dup60_s20260629,nonbonded,6144,PRIVPROBE:1,duplicate_filter,0,False,0,duplicate_filter
m12_no_attack_dup60_s20260629_nonbonded,BudgetDoS,m12_no_attack_dup60_s20260629,nonbonded,6173,PRIVPROBE:1,duplicate_filter,0,False,0,duplicate_filter
m12_no_attack_dup60_s20260629_nonbonded,BudgetDoS,m12_no_attack_dup60_s20260629,nonbonded,6193,PRIVPROBE:1,duplicate_filter,0,False,0,duplicate_filter
m12_no_attack_dup60_s20260629_nonbonded,BudgetDoS,m12_no_attack_dup60_s20260629,nonbonded,6219,PRIVPROBE:1,duplicate_filter,0,False,0,duplicate_filter
m12_no_attack_dup60_s20260629_nonbonded,BudgetDoS,m12_no_attack_dup60_s20260629,nonbonded,6243,PRIVPROBE:1,duplicate_filter,0,False,0,duplicate_filter
m12_no_attack_dup60_s20260629_nonbonded,BudgetDoS,m12_no_attack_dup60_s20260629,nonbonded,6255,PRIVPROBE:1,duplicate_filter,0,False,0,duplicate_filter
m12_no_attack_dup60_s20260629_nonbonded,BudgetDoS,m12_no_attack_dup60_s20260629,nonbonded,6279,PRIVPROBE:1,duplicate_filter,0,False,0,duplicate_filter
m12_no_attack_dup60_s20260629_nonbonded,BudgetDoS,m12_no_attack_dup60_s20260629,nonbonded,6294,PRIVPROBE:1,duplicate_filter,0,False,0,duplicate_filter
m12_no_attack_dup60_s20260629_nonbonded,BudgetDoS,m12_no_attack_dup60_s20260629,nonbonded,6312,PRIVPROBE:1,duplicate_filter,0,False,0,duplicate_filter
m12_no_attack_dup60_s20260629_nonbonded,BudgetDoS,m12_no_attack_dup60_s20260629,nonbonded,6330,PRIVPROBE:1,host_scan,504,False,0,host_scan
m12_no_attack_dup60_s20260629_nonbonded,BudgetDoS,m12_no_attack_dup60_s20260629,nonbonded,6346,PRIVPROBE:1,duplicate_filter,0,False,0,duplicate_filter
m12_no_attack_dup60_s20260629_nonbonded,BudgetDoS,m12_no_attack_dup60_s20260629,nonbonded,6366,PRIVPROBE:1,duplicate_filter,0,False,0,duplicate_filter
m12_no_attack_dup60_s20260629_nonbonded,BudgetDoS,m12_no_attack_dup60_s20260629,nonbonded,6394,PRIVPROBE:1,duplicate_filter,0,False,0,duplicate_filter
m12_no_attack_dup60_s20260629_nonbonded,BudgetDoS,m12_no_attack_dup60_s20260629,nonbonded,6423,PRIVPROBE:1,duplicate_filter,0,False,0,duplicate_filter
m12_no_attack_dup60_s20260629_nonbonded,BudgetDoS,m12_no_attack_dup60_s20260629,nonbonded,6451,PRIVPROBE:1,duplicate_filter,0,False,0,duplicate_filter
m12_no_attack_dup60_s20260629_nonbonded,BudgetDoS,m12_no_attack_dup60_s20260629,nonbonded,6474,PRIVPROBE:1,duplicate_filter,0,False,0,duplicate_filter
m12_no_attack_dup60_s20260629_nonbonded,BudgetDoS,m12_no_attack_dup60_s20260629,nonbonded,6496,PRIVPROBE:1,duplicate_filter,0,False,0,duplicate_filter
m12_no_attack_dup60_s20260629_nonbonded,BudgetDoS,m12_no_attack_dup60_s20260629,nonbonded,6520,PRIVPROBE:1,duplicate_filter,0,False,0,duplicate_filter
m12_no_attack_dup60_s20260629_nonbonded,BudgetDoS,m12_no_attack_dup60_s20260629,nonbonded,6540,PRIVPROBE:1,duplicate_filter,0,False,0,duplicate_filter
m12_no_attack_dup60_s20260629_nonbonded,BudgetDoS,m12_no_attack_dup60_s20260629,nonbonded,6566,PRIVPROBE:1,duplicate_filter,0,False,0,duplicate_filter
m12_no_attack_dup60_s20260629_nonbonded,BudgetDoS,m12_no_attack_dup60_s20260629,nonbonded,6589,PRIVPROBE:1,duplicate_filter,0,False,0,duplicate_filter
m12_no_attack_dup60_s20260629_nonbonded,BudgetDoS,m12_no_attack_dup60_s20260629,nonbonded,6611,PRIVPROBE:1,host_scan,504,False,0,host_scan
m12_no_attack_dup60_s20260629_nonbonded,BudgetDoS,m12_no_attack_dup60_s20260629,nonbonded,6642,PRIVPROBE:1,duplicate_filter,0,False,0,duplicate_filter
m12_no_attack_dup60_s20260629_nonbonded,BudgetDoS,m12_no_attack_dup60_s20260629,nonbonded,6659,PRIVPROBE:1,duplicate_filter,0,False,0,duplicate_filter
m12_no_attack_dup60_s20260629_nonbonded,BudgetDoS,m12_no_attack_dup60_s20260629,nonbonded,6683,PRIVPROBE:1,duplicate_filter,0,False,0,duplicate_filter
m12_no_attack_dup60_s20260629_nonbonded,BudgetDoS,m12_no_attack_dup60_s20260629,nonbonded,6712,PRIVPROBE:1,duplicate_filter,0,False,0,duplicate_filter
m12_no_attack_dup60_s20260629_nonbonded,BudgetDoS,m12_no_attack_dup60_s20260629,nonbonded,6732,PRIVPROBE:1,duplicate_filter,0,False,0,duplicate_filter
m12_no_attack_dup60_s20260629_nonbonded,BudgetDoS,m12_no_attack_dup60_s20260629,nonbonded,6770,PRIVPROBE:1,duplicate_filter,0,False,0,duplicate_filter
m12_no_attack_dup60_s20260629_nonbonded,BudgetDoS,m12_no_attack_dup60_s20260629,nonbonded,6792,PRIVPROBE:1,duplicate_filter,0,False,0,duplicate_filter
m12_no_attack_dup60_s20260629_nonbonded,BudgetDoS,m12_no_attack_dup60_s20260629,nonbonded,6811,PRIVPROBE:1,duplicate_filter,0,False,0,duplicate_filter
m12_no_attack_dup60_s20260629_nonbonded,BudgetDoS,m12_no_attack_dup60_s20260629,nonbonded,6826,PRIVPROBE:1,duplicate_filter,0,False,0,duplicate_filter
m12_no_attack_dup60_s20260629_nonbonded,BudgetDoS,m12_no_attack_dup60_s20260629,nonbonded,6842,PRIVPROBE:1,duplicate_filter,0,False,0,duplicate_filter
m12_no_attack_dup60_s20260629_nonbonded,BudgetDoS,m12_no_attack_dup60_s20260629,nonbonded,6859,PRIVPROBE:1,duplicate_filter,0,False,0,duplicate_filter
m12_no_attack_dup60_s20260629_nonbonded,BudgetDoS,m12_no_attack_dup60_s20260629,nonbonded,6878,PRIVPROBE:1,host_scan,504,False,0,host_scan
m12_no_attack_dup60_s20260629_nonbonded,BudgetDoS,m12_no_attack_dup60_s20260629,nonbonded,6898,PRIVPROBE:1,duplicate_filter,0,False,0,duplicate_filter
m12_no_attack_dup60_s20260629_nonbonded,BudgetDoS,m12_no_attack_dup60_s20260629,nonbonded,6915,PRIVPROBE:1,duplicate_filter,0,False,0,duplicate_filter
m12_no_attack_dup60_s20260629_nonbonded,BudgetDoS,m12_no_attack_dup60_s20260629,nonbonded,6939,PRIVPROBE:1,duplicate_filter,0,False,0,duplicate_filter
m12_no_attack_dup60_s20260629_nonbonded,BudgetDoS,m12_no_attack_dup60_s20260629,nonbonded,6965,PRIVPROBE:1,duplicate_filter,0,False,0,duplicate_filter
m12_no_attack_dup60_s20260629_nonbonded,BudgetDoS,m12_no_attack_dup60_s20260629,nonbonded,6983,PRIVPROBE:1,duplicate_filter,0,False,0,duplicate_filter
m12_no_attack_dup60_s20260629_nonbonded,BudgetDoS,m12_no_attack_dup60_s20260629,nonbonded,7006,PRIVPROBE:1,duplicate_filter,0,False,0,duplicate_filter
m12_no_attack_dup60_s20260629_nonbonded,BudgetDoS,m12_no_attack_dup60_s20260629,nonbonded,7019,PRIVPROBE:1,duplicate_filter,0,False,0,duplicate_filter
m12_no_attack_dup60_s20260629_nonbonded,BudgetDoS,m12_no_attack_dup60_s20260629,nonbonded,7039,PRIVPROBE:1,duplicate_filter,0,False,0,duplicate_filter
m12_no_attack_dup60_s20260629_nonbonded,BudgetDoS,m12_no_attack_dup60_s20260629,nonbonded,7054,PRIVPROBE:1,duplicate_filter,0,False,0,duplicate_filter
m12_no_attack_dup60_s20260629_nonbonded,BudgetDoS,m12_no_attack_dup60_s20260629,nonbonded,7071,PRIVPROBE:1,duplicate_filter,0,False,0,duplicate_filter
m12_no_attack_dup60_s20260629_nonbonded,BudgetDoS,m12_no_attack_dup60_s20260629,nonbonded,7092,PRIVPROBE:1,duplicate_filter,0,False,0,duplicate_filter
m12_no_attack_dup60_s20260629_nonbonded,BudgetDoS,m12_no_attack_dup60_s20260629,nonbonded,7125,PRIVPROBE:1,host_scan,504,False,0,host_scan
m12_no_attack_dup60_s20260629_nonbonded,BudgetDoS,m12_no_attack_dup60_s20260629,nonbonded,7155,PRIVPROBE:1,duplicate_filter,0,False,0,duplicate_filter
m12_no_attack_dup60_s20260629_nonbonded,BudgetDoS,m12_no_attack_dup60_s20260629,nonbonded,7179,PRIVPROBE:1,duplicate_filter,0,False,0,duplicate_filter
m12_no_attack_dup60_s20260629_nonbonded,BudgetDoS,m12_no_attack_dup60_s20260629,nonbonded,7202,PRIVPROBE:1,duplicate_filter,0,False,0,duplicate_filter
m12_no_attack_dup60_s20260629_nonbonded,BudgetDoS,m12_no_attack_dup60_s20260629,nonbonded,7229,PRIVPROBE:1,duplicate_filter,0,False,0,duplicate_filter
m12_no_attack_dup60_s20260629_nonbonded,BudgetDoS,m12_no_attack_dup60_s20260629,nonbonded,7245,PRIVPROBE:1,duplicate_filter,0,False,0,duplicate_filter
m12_no_attack_dup60_s20260629_nonbonded,BudgetDoS,m12_no_attack_dup60_s20260629,nonbonded,7263,PRIVPROBE:1,duplicate_filter,0,False,0,duplicate_filter
m12_no_attack_dup60_s20260629_nonbonded,BudgetDoS,m12_no_attack_dup60_s20260629,nonbonded,7287,PRIVPROBE:1,duplicate_filter,0,False,0,duplicate_filter
m12_no_attack_dup60_s20260629_nonbonded,BudgetDoS,m12_no_attack_dup60_s20260629,nonbonded,7310,PRIVPROBE:1,duplicate_filter,0,False,0,duplicate_filter
m12_no_attack_dup60_s20260629_nonbonded,BudgetDoS,m12_no_attack_dup60_s20260629,nonbonded,7332,PRIVPROBE:1,duplicate_filter,0,False,0,duplicate_filter
m12_no_attack_dup60_s20260629_nonbonded,BudgetDoS,m12_no_attack_dup60_s20260629,nonbonded,7354,PRIVPROBE:1,duplicate_filter,0,False,0,duplicate_filter
m12_no_attack_dup60_s20260629_nonbonded,BudgetDoS,m12_no_attack_dup60_s20260629,nonbonded,7369,PRIVPROBE:1,duplicate_filter,0,False,0,duplicate_filter
m12_no_attack_dup60_s20260629_nonbonded,BudgetDoS,m12_no_attack_dup60_s20260629,nonbonded,7387,PRIVPROBE:1,host_scan,504,False,0,host_scan
m12_no_attack_dup60_s20260629_nonbonded,BudgetDoS,m12_no_attack_dup60_s20260629,nonbonded,7406,PRIVPROBE:1,duplicate_filter,0,False,0,duplicate_filter
m12_no_attack_dup60_s20260629_nonbonded,BudgetDoS,m12_no_attack_dup60_s20260629,nonbonded,7434,PRIVPROBE:1,duplicate_filter,0,False,0,duplicate_filter
m12_no_attack_dup60_s20260629_nonbonded,BudgetDoS,m12_no_attack_dup60_s20260629,nonbonded,7463,PRIVPROBE:1,duplicate_filter,0,False,0,duplicate_filter
m12_no_attack_dup60_s20260629_nonbonded,BudgetDoS,m12_no_attack_dup60_s20260629,nonbonded,7490,PRIVPROBE:1,duplicate_filter,0,False,0,duplicate_filter
m12_no_attack_dup60_s20260629_nonbonded,BudgetDoS,m12_no_attack_dup60_s20260629,nonbonded,7501,PRIVPROBE:1,duplicate_filter,0,False,0,duplicate_filter
m12_no_attack_dup60_s20260629_nonbonded,BudgetDoS,m12_no_attack_dup60_s20260629,nonbonded,7527,PRIVPROBE:1,duplicate_filter,0,False,0,duplicate_filter
m12_no_attack_dup60_s20260629_nonbonded,BudgetDoS,m12_no_attack_dup60_s20260629,nonbonded,7552,PRIVPROBE:1,duplicate_filter,0,False,0,duplicate_filter
m12_no_attack_dup60_s20260629_nonbonded,BudgetDoS,m12_no_attack_dup60_s20260629,nonbonded,7573,PRIVPROBE:1,duplicate_filter,0,False,0,duplicate_filter
m12_no_attack_dup60_s20260629_nonbonded,BudgetDoS,m12_no_attack_dup60_s20260629,nonbonded,7590,PRIVPROBE:1,duplicate_filter,0,False,0,duplicate_filter
m12_no_attack_dup60_s20260629_nonbonded,BudgetDoS,m12_no_attack_dup60_s20260629,nonbonded,7614,PRIVPROBE:1,duplicate_filter,0,False,0,duplicate_filter
m12_no_attack_dup60_s20260629_nonbonded,BudgetDoS,m12_no_attack_dup60_s20260629,nonbonded,7635,PRIVPROBE:1,duplicate_filter,0,False,0,duplicate_filter
