run_id,method,paired_trace_id,identity_label_for_scoring,event_id,rpa_value,action,aes_attempts,deferred,delay_ms,admission_path
m12_heavy_flood_dup60_s20260618_nonbonded,P3-Persist,m12_heavy_flood_dup60_s20260618,nonbonded,67195,PRIVPROBE:0,host_scan,504,False,0,reserve
m12_heavy_flood_dup60_s20260618_nonbonded,P3-Persist,m12_heavy_flood_dup60_s20260618,nonbonded,68280,PRIVPROBE:0,duplicate_filter,0,False,0,duplicate_filter
m12_heavy_flood_dup60_s20260618_nonbonded,P3-Persist,m12_heavy_flood_dup60_s20260618,nonbonded,69342,PRIVPROBE:0,duplicate_filter,0,False,0,duplicate_filter
m12_heavy_flood_dup60_s20260618_nonbonded,P3-Persist,m12_heavy_flood_dup60_s20260618,nonbonded,70460,PRIVPROBE:0,duplicate_filter,0,False,0,duplicate_filter
m12_heavy_flood_dup60_s20260618_nonbonded,P3-Persist,m12_heavy_flood_dup60_s20260618,nonbonded,71631,PRIVPROBE:0,duplicate_filter,0,False,0,duplicate_filter
m12_heavy_flood_dup60_s20260618_nonbonded,P3-Persist,m12_heavy_flood_dup60_s20260618,nonbonded,72711,PRIVPROBE:0,duplicate_filter,0,False,0,duplicate_filter
m12_heavy_flood_dup60_s20260618_nonbonded,P3-Persist,m12_heavy_flood_dup60_s20260618,nonbonded,73860,PRIVPROBE:0,duplicate_filter,0,False,0,duplicate_filter
m12_heavy_flood_dup60_s20260618_nonbonded,P3-Persist,m12_heavy_flood_dup60_s20260618,nonbonded,74995,PRIVPROBE:0,duplicate_filter,0,False,0,duplicate_filter
m12_heavy_flood_dup60_s20260618_nonbonded,P3-Persist,m12_heavy_flood_dup60_s20260618,nonbonded,76143,PRIVPROBE:0,duplicate_filter,0,False,0,duplicate_filter
m12_heavy_flood_dup60_s20260618_nonbonded,P3-Persist,m12_heavy_flood_dup60_s20260618,nonbonded,77213,PRIVPROBE:0,duplicate_filter,0,False,0,duplicate_filter
m12_heavy_flood_dup60_s20260618_nonbonded,P3-Persist,m12_heavy_flood_dup60_s20260618,nonbonded,78367,PRIVPROBE:0,duplicate_filter,0,False,0,duplicate_filter
m12_heavy_flood_dup60_s20260618_nonbonded,P3-Persist,m12_heavy_flood_dup60_s20260618,nonbonded,79531,PRIVPROBE:0,duplicate_filter,0,False,0,duplicate_filter
m12_heavy_flood_dup60_s20260618_nonbonded,P3-Persist,m12_heavy_flood_dup60_s20260618,nonbonded,80644,PRIVPROBE:0,host_scan,504,False,0,reserve
m12_heavy_flood_dup60_s20260618_nonbonded,P3-Persist,m12_heavy_flood_dup60_s20260618,nonbonded,81703,PRIVPROBE:0,duplicate_filter,0,False,0,duplicate_filter
m12_heavy_flood_dup60_s20260618_nonbonded,P3-Persist,m12_heavy_flood_dup60_s20260618,nonbonded,82771,PRIVPROBE:0,duplicate_filter,0,False,0,duplicate_filter
m12_heavy_flood_dup60_s20260618_nonbonded,P3-Persist,m12_heavy_flood_dup60_s20260618,nonbonded,83766,PRIVPROBE:0,duplicate_filter,0,False,0,duplicate_filter
m12_heavy_flood_dup60_s20260618_nonbonded,P3-Persist,m12_heavy_flood_dup60_s20260618,nonbonded,84893,PRIVPROBE:0,duplicate_filter,0,False,0,duplicate_filter
m12_heavy_flood_dup60_s20260618_nonbonded,P3-Persist,m12_heavy_flood_dup60_s20260618,nonbonded,85946,PRIVPROBE:0,duplicate_filter,0,False,0,duplicate_filter
m12_heavy_flood_dup60_s20260618_nonbonded,P3-Persist,m12_heavy_flood_dup60_s20260618,nonbonded,87091,PRIVPROBE:0,duplicate_filter,0,False,0,duplicate_filter
m12_heavy_flood_dup60_s20260618_nonbonded,P3-Persist,m12_heavy_flood_dup60_s20260618,nonbonded,88180,PRIVPROBE:0,duplicate_filter,0,False,0,duplicate_filter
m12_heavy_flood_dup60_s20260618_nonbonded,P3-Persist,m12_heavy_flood_dup60_s20260618,nonbonded,89277,PRIVPROBE:0,duplicate_filter,0,False,0,duplicate_filter
m12_heavy_flood_dup60_s20260618_nonbonded,P3-Persist,m12_heavy_flood_dup60_s20260618,nonbonded,90404,PRIVPROBE:0,duplicate_filter,0,False,0,duplicate_filter
m12_heavy_flood_dup60_s20260618_nonbonded,P3-Persist,m12_heavy_flood_dup60_s20260618,nonbonded,91485,PRIVPROBE:0,duplicate_filter,0,False,0,duplicate_filter
m12_heavy_flood_dup60_s20260618_nonbonded,P3-Persist,m12_heavy_flood_dup60_s20260618,nonbonded,92530,PRIVPROBE:0,duplicate_filter,0,False,0,duplicate_filter
m12_heavy_flood_dup60_s20260618_nonbonded,P3-Persist,m12_heavy_flood_dup60_s20260618,nonbonded,93724,PRIVPROBE:0,host_scan,504,False,0,reserve
m12_heavy_flood_dup60_s20260618_nonbonded,P3-Persist,m12_heavy_flood_dup60_s20260618,nonbonded,94832,PRIVPROBE:0,duplicate_filter,0,False,0,duplicate_filter
m12_heavy_flood_dup60_s20260618_nonbonded,P3-Persist,m12_heavy_flood_dup60_s20260618,nonbonded,95951,PRIVPROBE:0,duplicate_filter,0,False,0,duplicate_filter
m12_heavy_flood_dup60_s20260618_nonbonded,P3-Persist,m12_heavy_flood_dup60_s20260618,nonbonded,97050,PRIVPROBE:0,duplicate_filter,0,False,0,duplicate_filter
m12_heavy_flood_dup60_s20260618_nonbonded,P3-Persist,m12_heavy_flood_dup60_s20260618,nonbonded,98210,PRIVPROBE:0,duplicate_filter,0,False,0,duplicate_filter
m12_heavy_flood_dup60_s20260618_nonbonded,P3-Persist,m12_heavy_flood_dup60_s20260618,nonbonded,99326,PRIVPROBE:0,duplicate_filter,0,False,0,duplicate_filter
m12_heavy_flood_dup60_s20260618_nonbonded,P3-Persist,m12_heavy_flood_dup60_s20260618,nonbonded,100459,PRIVPROBE:0,duplicate_filter,0,False,0,duplicate_filter
m12_heavy_flood_dup60_s20260618_nonbonded,P3-Persist,m12_heavy_flood_dup60_s20260618,nonbonded,101557,PRIVPROBE:0,duplicate_filter,0,False,0,duplicate_filter
m12_heavy_flood_dup60_s20260618_nonbonded,P3-Persist,m12_heavy_flood_dup60_s20260618,nonbonded,102677,PRIVPROBE:0,duplicate_filter,0,False,0,duplicate_filter
m12_heavy_flood_dup60_s20260618_nonbonded,P3-Persist,m12_heavy_flood_dup60_s20260618,nonbonded,103775,PRIVPROBE:0,duplicate_filter,0,False,0,duplicate_filter
m12_heavy_flood_dup60_s20260618_nonbonded,P3-Persist,m12_heavy_flood_dup60_s20260618,nonbonded,104900,PRIVPROBE:0,duplicate_filter,0,False,0,duplicate_filter
m12_heavy_flood_dup60_s20260618_nonbonded,P3-Persist,m12_heavy_flood_dup60_s20260618,nonbonded,106067,PRIVPROBE:0,duplicate_filter,0,False,0,duplicate_filter
m12_heavy_flood_dup60_s20260618_nonbonded,P3-Persist,m12_heavy_flood_dup60_s20260618,nonbonded,107138,PRIVPROBE:0,host_scan,504,False,0,reserve
m12_heavy_flood_dup60_s20260618_nonbonded,P3-Persist,m12_heavy_flood_dup60_s20260618,nonbonded,108266,PRIVPROBE:0,duplicate_filter,0,False,0,duplicate_filter
m12_heavy_flood_dup60_s20260618_nonbonded,P3-Persist,m12_heavy_flood_dup60_s20260618,nonbonded,109395,PRIVPROBE:0,duplicate_filter,0,False,0,duplicate_filter
m12_heavy_flood_dup60_s20260618_nonbonded,P3-Persist,m12_heavy_flood_dup60_s20260618,nonbonded,110555,PRIVPROBE:0,duplicate_filter,0,False,0,duplicate_filter
m12_heavy_flood_dup60_s20260618_nonbonded,P3-Persist,m12_heavy_flood_dup60_s20260618,nonbonded,111570,PRIVPROBE:0,duplicate_filter,0,False,0,duplicate_filter
m12_heavy_flood_dup60_s20260618_nonbonded,P3-Persist,m12_heavy_flood_dup60_s20260618,nonbonded,112683,PRIVPROBE:0,duplicate_filter,0,False,0,duplicate_filter
m12_heavy_flood_dup60_s20260618_nonbonded,P3-Persist,m12_heavy_flood_dup60_s20260618,nonbonded,113770,PRIVPROBE:0,duplicate_filter,0,False,0,duplicate_filter
m12_heavy_flood_dup60_s20260618_nonbonded,P3-Persist,m12_heavy_flood_dup60_s20260618,nonbonded,114891,PRIVPROBE:0,duplicate_filter,0,False,0,duplicate_filter
m12_heavy_flood_dup60_s20260618_nonbonded,P3-Persist,m12_heavy_flood_dup60_s20260618,nonbonded,116059,PRIVPROBE:0,duplicate_filter,0,False,0,duplicate_filter
m12_heavy_flood_dup60_s20260618_nonbonded,P3-Persist,m12_heavy_flood_dup60_s20260618,nonbonded,117181,PRIVPROBE:0,duplicate_filter,0,False,0,duplicate_filter
m12_heavy_flood_dup60_s20260618_nonbonded,P3-Persist,m12_heavy_flood_dup60_s20260618,nonbonded,118256,PRIVPROBE:0,duplicate_filter,0,False,0,duplicate_filter
m12_heavy_flood_dup60_s20260618_nonbonded,P3-Persist,m12_heavy_flood_dup60_s20260618,nonbonded,119377,PRIVPROBE:0,duplicate_filter,0,False,0,duplicate_filter
m12_heavy_flood_dup60_s20260618_nonbonded,P3-Persist,m12_heavy_flood_dup60_s20260618,nonbonded,120549,PRIVPROBE:0,host_scan,504,False,0,reserve
m12_heavy_flood_dup60_s20260618_nonbonded,P3-Persist,m12_heavy_flood_dup60_s20260618,nonbonded,121603,PRIVPROBE:0,duplicate_filter,0,False,0,duplicate_filter
m12_heavy_flood_dup60_s20260618_nonbonded,P3-Persist,m12_heavy_flood_dup60_s20260618,nonbonded,122690,PRIVPROBE:0,duplicate_filter,0,False,0,duplicate_filter
m12_heavy_flood_dup60_s20260618_nonbonded,P3-Persist,m12_heavy_flood_dup60_s20260618,nonbonded,123768,PRIVPROBE:0,duplicate_filter,0,False,0,duplicate_filter
m12_heavy_flood_dup60_s20260618_nonbonded,P3-Persist,m12_heavy_flood_dup60_s20260618,nonbonded,124850,PRIVPROBE:0,duplicate_filter,0,False,0,duplicate_filter
m12_heavy_flood_dup60_s20260618_nonbonded,P3-Persist,m12_heavy_flood_dup60_s20260618,nonbonded,125940,PRIVPROBE:0,duplicate_filter,0,False,0,duplicate_filter
m12_heavy_flood_dup60_s20260618_nonbonded,P3-Persist,m12_heavy_flood_dup60_s20260618,nonbonded,127089,PRIVPROBE:0,duplicate_filter,0,False,0,duplicate_filter
m12_heavy_flood_dup60_s20260618_nonbonded,P3-Persist,m12_heavy_flood_dup60_s20260618,nonbonded,128131,PRIVPROBE:0,duplicate_filter,0,False,0,duplicate_filter
m12_heavy_flood_dup60_s20260618_nonbonded,P3-Persist,m12_heavy_flood_dup60_s20260618,nonbonded,129195,PRIVPROBE:0,duplicate_filter,0,False,0,duplicate_filter
m12_heavy_flood_dup60_s20260618_nonbonded,P3-Persist,m12_heavy_flood_dup60_s20260618,nonbonded,130250,PRIVPROBE:0,duplicate_filter,0,False,0,duplicate_filter
m12_heavy_flood_dup60_s20260618_nonbonded,P3-Persist,m12_heavy_flood_dup60_s20260618,nonbonded,131335,PRIVPROBE:0,duplicate_filter,0,False,0,duplicate_filter
m12_heavy_flood_dup60_s20260618_nonbonded,P3-Persist,m12_heavy_flood_dup60_s20260618,nonbonded,132389,PRIVPROBE:0,duplicate_filter,0,False,0,duplicate_filter
m12_heavy_flood_dup60_s20260618_nonbonded,P3-Persist,m12_heavy_flood_dup60_s20260618,nonbonded,133542,PRIVPROBE:0,host_scan,504,False,0,reserve
m12_heavy_flood_dup60_s20260618_nonbonded,P3-Persist,m12_heavy_flood_dup60_s20260618,nonbonded,134699,PRIVPROBE:0,duplicate_filter,0,False,0,duplicate_filter
m12_heavy_flood_dup60_s20260618_nonbonded,P3-Persist,m12_heavy_flood_dup60_s20260618,nonbonded,135831,PRIVPROBE:0,duplicate_filter,0,False,0,duplicate_filter
m12_heavy_flood_dup60_s20260618_nonbonded,P3-Persist,m12_heavy_flood_dup60_s20260618,nonbonded,136936,PRIVPROBE:0,duplicate_filter,0,False,0,duplicate_filter
m12_heavy_flood_dup60_s20260618_nonbonded,P3-Persist,m12_heavy_flood_dup60_s20260618,nonbonded,138109,PRIVPROBE:0,duplicate_filter,0,False,0,duplicate_filter
m12_heavy_flood_dup60_s20260618_nonbonded,P3-Persist,m12_heavy_flood_dup60_s20260618,nonbonded,139153,PRIVPROBE:0,duplicate_filter,0,False,0,duplicate_filter
m12_heavy_flood_dup60_s20260618_nonbonded,P3-Persist,m12_heavy_flood_dup60_s20260618,nonbonded,140329,PRIVPROBE:0,duplicate_filter,0,False,0,duplicate_filter
m12_heavy_flood_dup60_s20260618_nonbonded,P3-Persist,m12_heavy_flood_dup60_s20260618,nonbonded,141394,PRIVPROBE:0,duplicate_filter,0,False,0,duplicate_filter
m12_heavy_flood_dup60_s20260618_nonbonded,P3-Persist,m12_heavy_flood_dup60_s20260618,nonbonded,142475,PRIVPROBE:0,duplicate_filter,0,False,0,duplicate_filter
m12_heavy_flood_dup60_s20260618_nonbonded,P3-Persist,m12_heavy_flood_dup60_s20260618,nonbonded,143591,PRIVPROBE:0,duplicate_filter,0,False,0,duplicate_filter
m12_heavy_flood_dup60_s20260618_nonbonded,P3-Persist,m12_heavy_flood_dup60_s20260618,nonbonded,144709,PRIVPROBE:0,duplicate_filter,0,False,0,duplicate_filter
m12_heavy_flood_dup60_s20260618_nonbonded,P3-Persist,m12_heavy_flood_dup60_s20260618,nonbonded,145869,PRIVPROBE:0,duplicate_filter,0,False,0,duplicate_filter
m12_heavy_flood_dup60_s20260618_nonbonded,P3-Persist,m12_heavy_flood_dup60_s20260618,nonbonded,146989,PRIVPROBE:0,host_scan,504,False,0,reserve
m12_heavy_flood_dup60_s20260618_nonbonded,P3-Persist,m12_heavy_flood_dup60_s20260618,nonbonded,148042,PRIVPROBE:0,duplicate_filter,0,False,0,duplicate_filter
m12_heavy_flood_dup60_s20260618_nonbonded,P3-Persist,m12_heavy_flood_dup60_s20260618,nonbonded,149141,PRIVPROBE:0,duplicate_filter,0,False,0,duplicate_filter
m12_heavy_flood_dup60_s20260618_nonbonded,P3-Persist,m12_heavy_flood_dup60_s20260618,nonbonded,150263,PRIVPROBE:0,duplicate_filter,0,False,0,duplicate_filter
m12_heavy_flood_dup60_s20260618_nonbonded,P3-Persist,m12_heavy_flood_dup60_s20260618,nonbonded,151316,PRIVPROBE:0,duplicate_filter,0,False,0,duplicate_filter
m12_heavy_flood_dup60_s20260618_nonbonded,P3-Persist,m12_heavy_flood_dup60_s20260618,nonbonded,152362,PRIVPROBE:0,duplicate_filter,0,False,0,duplicate_filter
m12_heavy_flood_dup60_s20260618_nonbonded,P3-Persist,m12_heavy_flood_dup60_s20260618,nonbonded,153480,PRIVPROBE:0,duplicate_filter,0,False,0,duplicate_filter
m12_heavy_flood_dup60_s20260618_nonbonded,P3-Persist,m12_heavy_flood_dup60_s20260618,nonbonded,154554,PRIVPROBE:0,duplicate_filter,0,False,0,duplicate_filter
m12_heavy_flood_dup60_s20260618_nonbonded,P3-Persist,m12_heavy_flood_dup60_s20260618,nonbonded,155688,PRIVPROBE:0,duplicate_filter,0,False,0,duplicate_filter
m12_heavy_flood_dup60_s20260618_nonbonded,P3-Persist,m12_heavy_flood_dup60_s20260618,nonbonded,156804,PRIVPROBE:0,duplicate_filter,0,False,0,duplicate_filter
m12_heavy_flood_dup60_s20260618_nonbonded,P3-Persist,m12_heavy_flood_dup60_s20260618,nonbonded,157941,PRIVPROBE:0,duplicate_filter,0,False,0,duplicate_filter
m12_heavy_flood_dup60_s20260618_nonbonded,P3-Persist,m12_heavy_flood_dup60_s20260618,nonbonded,159072,PRIVPROBE:0,duplicate_filter,0,False,0,duplicate_filter
m12_heavy_flood_dup60_s20260618_nonbonded,P3-Persist,m12_heavy_flood_dup60_s20260618,nonbonded,160162,PRIVPROBE:0,host_scan,504,False,0,reserve
m12_heavy_flood_dup60_s20260618_nonbonded,P3-Persist,m12_heavy_flood_dup60_s20260618,nonbonded,161239,PRIVPROBE:0,duplicate_filter,0,False,0,duplicate_filter
m12_heavy_flood_dup60_s20260618_nonbonded,P3-Persist,m12_heavy_flood_dup60_s20260618,nonbonded,162376,PRIVPROBE:0,duplicate_filter,0,False,0,duplicate_filter
m12_heavy_flood_dup60_s20260618_nonbonded,P3-Persist,m12_heavy_flood_dup60_s20260618,nonbonded,163503,PRIVPROBE:0,duplicate_filter,0,False,0,duplicate_filter
m12_heavy_flood_dup60_s20260618_nonbonded,P3-Persist,m12_heavy_flood_dup60_s20260618,nonbonded,164600,PRIVPROBE:0,duplicate_filter,0,False,0,duplicate_filter
m12_heavy_flood_dup60_s20260618_nonbonded,P3-Persist,m12_heavy_flood_dup60_s20260618,nonbonded,165697,PRIVPROBE:0,duplicate_filter,0,False,0,duplicate_filter
m12_heavy_flood_dup60_s20260618_nonbonded,P3-Persist,m12_heavy_flood_dup60_s20260618,nonbonded,166820,PRIVPROBE:0,duplicate_filter,0,False,0,duplicate_filter
m12_heavy_flood_dup60_s20260618_nonbonded,P3-Persist,m12_heavy_flood_dup60_s20260618,nonbonded,167949,PRIVPROBE:0,duplicate_filter,0,False,0,duplicate_filter
m12_heavy_flood_dup60_s20260618_nonbonded,P3-Persist,m12_heavy_flood_dup60_s20260618,nonbonded,169061,PRIVPROBE:0,duplicate_filter,0,False,0,duplicate_filter
m12_heavy_flood_dup60_s20260618_nonbonded,P3-Persist,m12_heavy_flood_dup60_s20260618,nonbonded,170177,PRIVPROBE:0,duplicate_filter,0,False,0,duplicate_filter
m12_heavy_flood_dup60_s20260618_nonbonded,P3-Persist,m12_heavy_flood_dup60_s20260618,nonbonded,171267,PRIVPROBE:0,duplicate_filter,0,False,0,duplicate_filter
m12_heavy_flood_dup60_s20260618_nonbonded,P3-Persist,m12_heavy_flood_dup60_s20260618,nonbonded,172340,PRIVPROBE:0,duplicate_filter,0,False,0,duplicate_filter
m12_heavy_flood_dup60_s20260618_nonbonded,P3-Persist,m12_heavy_flood_dup60_s20260618,nonbonded,173506,PRIVPROBE:0,host_scan,504,False,0,reserve
m12_heavy_flood_dup60_s20260618_nonbonded,P3-Persist,m12_heavy_flood_dup60_s20260618,nonbonded,174508,PRIVPROBE:0,duplicate_filter,0,False,0,duplicate_filter
m12_heavy_flood_dup60_s20260618_nonbonded,P3-Persist,m12_heavy_flood_dup60_s20260618,nonbonded,175639,PRIVPROBE:0,duplicate_filter,0,False,0,duplicate_filter
m12_heavy_flood_dup60_s20260618_nonbonded,P3-Persist,m12_heavy_flood_dup60_s20260618,nonbonded,176779,PRIVPROBE:0,duplicate_filter,0,False,0,duplicate_filter
m12_heavy_flood_dup60_s20260618_nonbonded,P3-Persist,m12_heavy_flood_dup60_s20260618,nonbonded,177952,PRIVPROBE:0,duplicate_filter,0,False,0,duplicate_filter
m12_heavy_flood_dup60_s20260618_nonbonded,P3-Persist,m12_heavy_flood_dup60_s20260618,nonbonded,179071,PRIVPROBE:0,duplicate_filter,0,False,0,duplicate_filter
m12_heavy_flood_dup60_s20260618_nonbonded,P3-Persist,m12_heavy_flood_dup60_s20260618,nonbonded,180257,PRIVPROBE:0,duplicate_filter,0,False,0,duplicate_filter
m12_heavy_flood_dup60_s20260618_nonbonded,P3-Persist,m12_heavy_flood_dup60_s20260618,nonbonded,181358,PRIVPROBE:0,duplicate_filter,0,False,0,duplicate_filter
m12_heavy_flood_dup60_s20260618_nonbonded,P3-Persist,m12_heavy_flood_dup60_s20260618,nonbonded,182467,PRIVPROBE:0,duplicate_filter,0,False,0,duplicate_filter
m12_heavy_flood_dup60_s20260618_nonbonded,P3-Persist,m12_heavy_flood_dup60_s20260618,nonbonded,183572,PRIVPROBE:0,duplicate_filter,0,False,0,duplicate_filter
m12_heavy_flood_dup60_s20260618_nonbonded,P3-Persist,m12_heavy_flood_dup60_s20260618,nonbonded,184696,PRIVPROBE:0,duplicate_filter,0,False,0,duplicate_filter
m12_heavy_flood_dup60_s20260618_nonbonded,P3-Persist,m12_heavy_flood_dup60_s20260618,nonbonded,185735,PRIVPROBE:0,duplicate_filter,0,False,0,duplicate_filter
m12_heavy_flood_dup60_s20260618_nonbonded,P3-Persist,m12_heavy_flood_dup60_s20260618,nonbonded,186921,PRIVPROBE:0,host_scan,504,False,0,reserve
m12_heavy_flood_dup60_s20260618_nonbonded,P3-Persist,m12_heavy_flood_dup60_s20260618,nonbonded,188013,PRIVPROBE:0,duplicate_filter,0,False,0,duplicate_filter
m12_heavy_flood_dup60_s20260618_nonbonded,P3-Persist,m12_heavy_flood_dup60_s20260618,nonbonded,189130,PRIVPROBE:0,duplicate_filter,0,False,0,duplicate_filter
m12_heavy_flood_dup60_s20260618_nonbonded,P3-Persist,m12_heavy_flood_dup60_s20260618,nonbonded,190243,PRIVPROBE:0,duplicate_filter,0,False,0,duplicate_filter
m12_heavy_flood_dup60_s20260618_nonbonded,P3-Persist,m12_heavy_flood_dup60_s20260618,nonbonded,191306,PRIVPROBE:0,duplicate_filter,0,False,0,duplicate_filter
m12_heavy_flood_dup60_s20260618_nonbonded,P3-Persist,m12_heavy_flood_dup60_s20260618,nonbonded,192330,PRIVPROBE:0,duplicate_filter,0,False,0,duplicate_filter
m12_heavy_flood_dup60_s20260618_nonbonded,P3-Persist,m12_heavy_flood_dup60_s20260618,nonbonded,193499,PRIVPROBE:0,duplicate_filter,0,False,0,duplicate_filter
m12_heavy_flood_dup60_s20260618_nonbonded,P3-Persist,m12_heavy_flood_dup60_s20260618,nonbonded,194613,PRIVPROBE:0,duplicate_filter,0,False,0,duplicate_filter
m12_heavy_flood_dup60_s20260618_nonbonded,P3-Persist,m12_heavy_flood_dup60_s20260618,nonbonded,195687,PRIVPROBE:0,duplicate_filter,0,False,0,duplicate_filter
m12_heavy_flood_dup60_s20260618_nonbonded,P3-Persist,m12_heavy_flood_dup60_s20260618,nonbonded,196743,PRIVPROBE:0,duplicate_filter,0,False,0,duplicate_filter
m12_heavy_flood_dup60_s20260618_nonbonded,P3-Persist,m12_heavy_flood_dup60_s20260618,nonbonded,197807,PRIVPROBE:0,duplicate_filter,0,False,0,duplicate_filter
m12_heavy_flood_dup60_s20260618_nonbonded,P3-Persist,m12_heavy_flood_dup60_s20260618,nonbonded,198945,PRIVPROBE:0,duplicate_filter,0,False,0,duplicate_filter
m12_heavy_flood_dup60_s20260618_nonbonded,P3-Persist,m12_heavy_flood_dup60_s20260618,nonbonded,200034,PRIVPROBE:1,defer,0,True,1000,defer
m12_heavy_flood_dup60_s20260618_nonbonded,P3-Persist,m12_heavy_flood_dup60_s20260618,nonbonded,201206,PRIVPROBE:1,duplicate_filter,0,False,0,duplicate_filter
m12_heavy_flood_dup60_s20260618_nonbonded,P3-Persist,m12_heavy_flood_dup60_s20260618,nonbonded,202331,PRIVPROBE:1,duplicate_filter,0,False,0,duplicate_filter
m12_heavy_flood_dup60_s20260618_nonbonded,P3-Persist,m12_heavy_flood_dup60_s20260618,nonbonded,203422,PRIVPROBE:1,duplicate_filter,0,False,0,duplicate_filter
m12_heavy_flood_dup60_s20260618_nonbonded,P3-Persist,m12_heavy_flood_dup60_s20260618,nonbonded,204529,PRIVPROBE:1,duplicate_filter,0,False,0,duplicate_filter
m12_heavy_flood_dup60_s20260618_nonbonded,P3-Persist,m12_heavy_flood_dup60_s20260618,nonbonded,205621,PRIVPROBE:1,duplicate_filter,0,False,0,duplicate_filter
m12_heavy_flood_dup60_s20260618_nonbonded,P3-Persist,m12_heavy_flood_dup60_s20260618,nonbonded,206768,PRIVPROBE:1,duplicate_filter,0,False,0,duplicate_filter
m12_heavy_flood_dup60_s20260618_nonbonded,P3-Persist,m12_heavy_flood_dup60_s20260618,nonbonded,207875,PRIVPROBE:1,duplicate_filter,0,False,0,duplicate_filter
m12_heavy_flood_dup60_s20260618_nonbonded,P3-Persist,m12_heavy_flood_dup60_s20260618,nonbonded,208972,PRIVPROBE:1,duplicate_filter,0,False,0,duplicate_filter
m12_heavy_flood_dup60_s20260618_nonbonded,P3-Persist,m12_heavy_flood_dup60_s20260618,nonbonded,210171,PRIVPROBE:1,duplicate_filter,0,False,0,duplicate_filter
m12_heavy_flood_dup60_s20260618_nonbonded,P3-Persist,m12_heavy_flood_dup60_s20260618,nonbonded,211330,PRIVPROBE:1,duplicate_filter,0,False,0,duplicate_filter
m12_heavy_flood_dup60_s20260618_nonbonded,P3-Persist,m12_heavy_flood_dup60_s20260618,nonbonded,212426,PRIVPROBE:1,duplicate_filter,0,False,0,duplicate_filter
m12_heavy_flood_dup60_s20260618_nonbonded,P3-Persist,m12_heavy_flood_dup60_s20260618,nonbonded,213566,PRIVPROBE:1,host_scan,504,False,0,reserve
m12_heavy_flood_dup60_s20260618_nonbonded,P3-Persist,m12_heavy_flood_dup60_s20260618,nonbonded,214733,PRIVPROBE:1,duplicate_filter,0,False,0,duplicate_filter
m12_heavy_flood_dup60_s20260618_nonbonded,P3-Persist,m12_heavy_flood_dup60_s20260618,nonbonded,215806,PRIVPROBE:1,duplicate_filter,0,False,0,duplicate_filter
m12_heavy_flood_dup60_s20260618_nonbonded,P3-Persist,m12_heavy_flood_dup60_s20260618,nonbonded,216905,PRIVPROBE:1,duplicate_filter,0,False,0,duplicate_filter
m12_heavy_flood_dup60_s20260618_nonbonded,P3-Persist,m12_heavy_flood_dup60_s20260618,nonbonded,218057,PRIVPROBE:1,duplicate_filter,0,False,0,duplicate_filter
m12_heavy_flood_dup60_s20260618_nonbonded,P3-Persist,m12_heavy_flood_dup60_s20260618,nonbonded,219124,PRIVPROBE:1,duplicate_filter,0,False,0,duplicate_filter
m12_heavy_flood_dup60_s20260618_nonbonded,P3-Persist,m12_heavy_flood_dup60_s20260618,nonbonded,220218,PRIVPROBE:1,duplicate_filter,0,False,0,duplicate_filter
m12_heavy_flood_dup60_s20260618_nonbonded,P3-Persist,m12_heavy_flood_dup60_s20260618,nonbonded,221399,PRIVPROBE:1,duplicate_filter,0,False,0,duplicate_filter
m12_heavy_flood_dup60_s20260618_nonbonded,P3-Persist,m12_heavy_flood_dup60_s20260618,nonbonded,222551,PRIVPROBE:1,duplicate_filter,0,False,0,duplicate_filter
m12_heavy_flood_dup60_s20260618_nonbonded,P3-Persist,m12_heavy_flood_dup60_s20260618,nonbonded,223717,PRIVPROBE:1,duplicate_filter,0,False,0,duplicate_filter
m12_heavy_flood_dup60_s20260618_nonbonded,P3-Persist,m12_heavy_flood_dup60_s20260618,nonbonded,224846,PRIVPROBE:1,duplicate_filter,0,False,0,duplicate_filter
m12_heavy_flood_dup60_s20260618_nonbonded,P3-Persist,m12_heavy_flood_dup60_s20260618,nonbonded,225982,PRIVPROBE:1,duplicate_filter,0,False,0,duplicate_filter
m12_heavy_flood_dup60_s20260618_nonbonded,P3-Persist,m12_heavy_flood_dup60_s20260618,nonbonded,227132,PRIVPROBE:1,host_scan,504,False,0,reserve
m12_heavy_flood_dup60_s20260618_nonbonded,P3-Persist,m12_heavy_flood_dup60_s20260618,nonbonded,228251,PRIVPROBE:1,duplicate_filter,0,False,0,duplicate_filter
m12_heavy_flood_dup60_s20260618_nonbonded,P3-Persist,m12_heavy_flood_dup60_s20260618,nonbonded,229326,PRIVPROBE:1,duplicate_filter,0,False,0,duplicate_filter
m12_heavy_flood_dup60_s20260618_nonbonded,P3-Persist,m12_heavy_flood_dup60_s20260618,nonbonded,230504,PRIVPROBE:1,duplicate_filter,0,False,0,duplicate_filter
m12_heavy_flood_dup60_s20260618_nonbonded,P3-Persist,m12_heavy_flood_dup60_s20260618,nonbonded,231643,PRIVPROBE:1,duplicate_filter,0,False,0,duplicate_filter
m12_heavy_flood_dup60_s20260618_nonbonded,P3-Persist,m12_heavy_flood_dup60_s20260618,nonbonded,232738,PRIVPROBE:1,duplicate_filter,0,False,0,duplicate_filter
m12_heavy_flood_dup60_s20260618_nonbonded,P3-Persist,m12_heavy_flood_dup60_s20260618,nonbonded,233916,PRIVPROBE:1,duplicate_filter,0,False,0,duplicate_filter
m12_heavy_flood_dup60_s20260618_nonbonded,P3-Persist,m12_heavy_flood_dup60_s20260618,nonbonded,234967,PRIVPROBE:1,duplicate_filter,0,False,0,duplicate_filter
m12_heavy_flood_dup60_s20260618_nonbonded,P3-Persist,m12_heavy_flood_dup60_s20260618,nonbonded,236075,PRIVPROBE:1,duplicate_filter,0,False,0,duplicate_filter
m12_heavy_flood_dup60_s20260618_nonbonded,P3-Persist,m12_heavy_flood_dup60_s20260618,nonbonded,237183,PRIVPROBE:1,duplicate_filter,0,False,0,duplicate_filter
m12_heavy_flood_dup60_s20260618_nonbonded,P3-Persist,m12_heavy_flood_dup60_s20260618,nonbonded,238260,PRIVPROBE:1,duplicate_filter,0,False,0,duplicate_filter
m12_heavy_flood_dup60_s20260618_nonbonded,P3-Persist,m12_heavy_flood_dup60_s20260618,nonbonded,239413,PRIVPROBE:1,duplicate_filter,0,False,0,duplicate_filter
m12_heavy_flood_dup60_s20260618_nonbonded,P3-Persist,m12_heavy_flood_dup60_s20260618,nonbonded,240499,PRIVPROBE:1,host_scan,504,False,0,reserve
m12_heavy_flood_dup60_s20260618_nonbonded,P3-Persist,m12_heavy_flood_dup60_s20260618,nonbonded,241607,PRIVPROBE:1,duplicate_filter,0,False,0,duplicate_filter
m12_heavy_flood_dup60_s20260618_nonbonded,P3-Persist,m12_heavy_flood_dup60_s20260618,nonbonded,242791,PRIVPROBE:1,duplicate_filter,0,False,0,duplicate_filter
m12_heavy_flood_dup60_s20260618_nonbonded,P3-Persist,m12_heavy_flood_dup60_s20260618,nonbonded,243893,PRIVPROBE:1,duplicate_filter,0,False,0,duplicate_filter
m12_heavy_flood_dup60_s20260618_nonbonded,P3-Persist,m12_heavy_flood_dup60_s20260618,nonbonded,245011,PRIVPROBE:1,duplicate_filter,0,False,0,duplicate_filter
m12_heavy_flood_dup60_s20260618_nonbonded,P3-Persist,m12_heavy_flood_dup60_s20260618,nonbonded,246077,PRIVPROBE:1,duplicate_filter,0,False,0,duplicate_filter
m12_heavy_flood_dup60_s20260618_nonbonded,P3-Persist,m12_heavy_flood_dup60_s20260618,nonbonded,247219,PRIVPROBE:1,duplicate_filter,0,False,0,duplicate_filter
m12_heavy_flood_dup60_s20260618_nonbonded,P3-Persist,m12_heavy_flood_dup60_s20260618,nonbonded,248272,PRIVPROBE:1,duplicate_filter,0,False,0,duplicate_filter
m12_heavy_flood_dup60_s20260618_nonbonded,P3-Persist,m12_heavy_flood_dup60_s20260618,nonbonded,249368,PRIVPROBE:1,duplicate_filter,0,False,0,duplicate_filter
m12_heavy_flood_dup60_s20260618_nonbonded,P3-Persist,m12_heavy_flood_dup60_s20260618,nonbonded,250548,PRIVPROBE:1,duplicate_filter,0,False,0,duplicate_filter
m12_heavy_flood_dup60_s20260618_nonbonded,P3-Persist,m12_heavy_flood_dup60_s20260618,nonbonded,251668,PRIVPROBE:1,duplicate_filter,0,False,0,duplicate_filter
m12_heavy_flood_dup60_s20260618_nonbonded,P3-Persist,m12_heavy_flood_dup60_s20260618,nonbonded,252713,PRIVPROBE:1,duplicate_filter,0,False,0,duplicate_filter
m12_heavy_flood_dup60_s20260618_nonbonded,P3-Persist,m12_heavy_flood_dup60_s20260618,nonbonded,253799,PRIVPROBE:1,host_scan,504,False,0,reserve
m12_heavy_flood_dup60_s20260618_nonbonded,P3-Persist,m12_heavy_flood_dup60_s20260618,nonbonded,254920,PRIVPROBE:1,duplicate_filter,0,False,0,duplicate_filter
m12_heavy_flood_dup60_s20260618_nonbonded,P3-Persist,m12_heavy_flood_dup60_s20260618,nonbonded,256010,PRIVPROBE:1,duplicate_filter,0,False,0,duplicate_filter
m12_heavy_flood_dup60_s20260618_nonbonded,P3-Persist,m12_heavy_flood_dup60_s20260618,nonbonded,257073,PRIVPROBE:1,duplicate_filter,0,False,0,duplicate_filter
m12_heavy_flood_dup60_s20260618_nonbonded,P3-Persist,m12_heavy_flood_dup60_s20260618,nonbonded,258193,PRIVPROBE:1,duplicate_filter,0,False,0,duplicate_filter
m12_heavy_flood_dup60_s20260618_nonbonded,P3-Persist,m12_heavy_flood_dup60_s20260618,nonbonded,259315,PRIVPROBE:1,duplicate_filter,0,False,0,duplicate_filter
m12_heavy_flood_dup60_s20260618_nonbonded,P3-Persist,m12_heavy_flood_dup60_s20260618,nonbonded,260493,PRIVPROBE:1,duplicate_filter,0,False,0,duplicate_filter
m12_heavy_flood_dup60_s20260618_nonbonded,P3-Persist,m12_heavy_flood_dup60_s20260618,nonbonded,261640,PRIVPROBE:1,duplicate_filter,0,False,0,duplicate_filter
m12_heavy_flood_dup60_s20260618_nonbonded,P3-Persist,m12_heavy_flood_dup60_s20260618,nonbonded,262759,PRIVPROBE:1,duplicate_filter,0,False,0,duplicate_filter
m12_heavy_flood_dup60_s20260618_nonbonded,P3-Persist,m12_heavy_flood_dup60_s20260618,nonbonded,263868,PRIVPROBE:1,duplicate_filter,0,False,0,duplicate_filter
m12_heavy_flood_dup60_s20260618_nonbonded,P3-Persist,m12_heavy_flood_dup60_s20260618,nonbonded,264995,PRIVPROBE:1,duplicate_filter,0,False,0,duplicate_filter
m12_heavy_flood_dup60_s20260618_nonbonded,P3-Persist,m12_heavy_flood_dup60_s20260618,nonbonded,266156,PRIVPROBE:1,duplicate_filter,0,False,0,duplicate_filter
m12_heavy_flood_dup60_s20260618_nonbonded,P3-Persist,m12_heavy_flood_dup60_s20260618,nonbonded,267314,PRIVPROBE:1,host_scan,504,False,0,reserve
m12_heavy_flood_dup60_s20260618_nonbonded,P3-Persist,m12_heavy_flood_dup60_s20260618,nonbonded,268441,PRIVPROBE:1,duplicate_filter,0,False,0,duplicate_filter
m12_heavy_flood_dup60_s20260618_nonbonded,P3-Persist,m12_heavy_flood_dup60_s20260618,nonbonded,269571,PRIVPROBE:1,duplicate_filter,0,False,0,duplicate_filter
m12_heavy_flood_dup60_s20260618_nonbonded,P3-Persist,m12_heavy_flood_dup60_s20260618,nonbonded,270665,PRIVPROBE:1,duplicate_filter,0,False,0,duplicate_filter
m12_heavy_flood_dup60_s20260618_nonbonded,P3-Persist,m12_heavy_flood_dup60_s20260618,nonbonded,271729,PRIVPROBE:1,duplicate_filter,0,False,0,duplicate_filter
m12_heavy_flood_dup60_s20260618_nonbonded,P3-Persist,m12_heavy_flood_dup60_s20260618,nonbonded,272796,PRIVPROBE:1,duplicate_filter,0,False,0,duplicate_filter
m12_heavy_flood_dup60_s20260618_nonbonded,P3-Persist,m12_heavy_flood_dup60_s20260618,nonbonded,273903,PRIVPROBE:1,duplicate_filter,0,False,0,duplicate_filter
m12_heavy_flood_dup60_s20260618_nonbonded,P3-Persist,m12_heavy_flood_dup60_s20260618,nonbonded,275089,PRIVPROBE:1,duplicate_filter,0,False,0,duplicate_filter
m12_heavy_flood_dup60_s20260618_nonbonded,P3-Persist,m12_heavy_flood_dup60_s20260618,nonbonded,276151,PRIVPROBE:1,duplicate_filter,0,False,0,duplicate_filter
m12_heavy_flood_dup60_s20260618_nonbonded,P3-Persist,m12_heavy_flood_dup60_s20260618,nonbonded,277332,PRIVPROBE:1,duplicate_filter,0,False,0,duplicate_filter
m12_heavy_flood_dup60_s20260618_nonbonded,P3-Persist,m12_heavy_flood_dup60_s20260618,nonbonded,278469,PRIVPROBE:1,duplicate_filter,0,False,0,duplicate_filter
m12_heavy_flood_dup60_s20260618_nonbonded,P3-Persist,m12_heavy_flood_dup60_s20260618,nonbonded,279575,PRIVPROBE:1,duplicate_filter,0,False,0,duplicate_filter
m12_heavy_flood_dup60_s20260618_nonbonded,P3-Persist,m12_heavy_flood_dup60_s20260618,nonbonded,280669,PRIVPROBE:1,host_scan,504,False,0,reserve
m12_heavy_flood_dup60_s20260618_nonbonded,P3-Persist,m12_heavy_flood_dup60_s20260618,nonbonded,281834,PRIVPROBE:1,duplicate_filter,0,False,0,duplicate_filter
m12_heavy_flood_dup60_s20260618_nonbonded,P3-Persist,m12_heavy_flood_dup60_s20260618,nonbonded,282893,PRIVPROBE:1,duplicate_filter,0,False,0,duplicate_filter
m12_heavy_flood_dup60_s20260618_nonbonded,P3-Persist,m12_heavy_flood_dup60_s20260618,nonbonded,284027,PRIVPROBE:1,duplicate_filter,0,False,0,duplicate_filter
m12_heavy_flood_dup60_s20260618_nonbonded,P3-Persist,m12_heavy_flood_dup60_s20260618,nonbonded,285099,PRIVPROBE:1,duplicate_filter,0,False,0,duplicate_filter
m12_heavy_flood_dup60_s20260618_nonbonded,P3-Persist,m12_heavy_flood_dup60_s20260618,nonbonded,286144,PRIVPROBE:1,duplicate_filter,0,False,0,duplicate_filter
m12_heavy_flood_dup60_s20260618_nonbonded,P3-Persist,m12_heavy_flood_dup60_s20260618,nonbonded,287331,PRIVPROBE:1,duplicate_filter,0,False,0,duplicate_filter
m12_heavy_flood_dup60_s20260618_nonbonded,P3-Persist,m12_heavy_flood_dup60_s20260618,nonbonded,288403,PRIVPROBE:1,duplicate_filter,0,False,0,duplicate_filter
m12_heavy_flood_dup60_s20260618_nonbonded,P3-Persist,m12_heavy_flood_dup60_s20260618,nonbonded,289489,PRIVPROBE:1,duplicate_filter,0,False,0,duplicate_filter
m12_heavy_flood_dup60_s20260618_nonbonded,P3-Persist,m12_heavy_flood_dup60_s20260618,nonbonded,290566,PRIVPROBE:1,duplicate_filter,0,False,0,duplicate_filter
m12_heavy_flood_dup60_s20260618_nonbonded,P3-Persist,m12_heavy_flood_dup60_s20260618,nonbonded,291638,PRIVPROBE:1,duplicate_filter,0,False,0,duplicate_filter
m12_heavy_flood_dup60_s20260618_nonbonded,P3-Persist,m12_heavy_flood_dup60_s20260618,nonbonded,292721,PRIVPROBE:1,duplicate_filter,0,False,0,duplicate_filter
m12_heavy_flood_dup60_s20260618_nonbonded,P3-Persist,m12_heavy_flood_dup60_s20260618,nonbonded,293836,PRIVPROBE:1,host_scan,504,False,0,reserve
m12_heavy_flood_dup60_s20260618_nonbonded,P3-Persist,m12_heavy_flood_dup60_s20260618,nonbonded,294894,PRIVPROBE:1,duplicate_filter,0,False,0,duplicate_filter
m12_heavy_flood_dup60_s20260618_nonbonded,P3-Persist,m12_heavy_flood_dup60_s20260618,nonbonded,295960,PRIVPROBE:1,duplicate_filter,0,False,0,duplicate_filter
m12_heavy_flood_dup60_s20260618_nonbonded,P3-Persist,m12_heavy_flood_dup60_s20260618,nonbonded,297081,PRIVPROBE:1,duplicate_filter,0,False,0,duplicate_filter
m12_heavy_flood_dup60_s20260618_nonbonded,P3-Persist,m12_heavy_flood_dup60_s20260618,nonbonded,298246,PRIVPROBE:1,duplicate_filter,0,False,0,duplicate_filter
m12_heavy_flood_dup60_s20260618_nonbonded,P3-Persist,m12_heavy_flood_dup60_s20260618,nonbonded,299398,PRIVPROBE:1,duplicate_filter,0,False,0,duplicate_filter
m12_heavy_flood_dup60_s20260618_nonbonded,P3-Persist,m12_heavy_flood_dup60_s20260618,nonbonded,300526,PRIVPROBE:1,duplicate_filter,0,False,0,duplicate_filter
m12_heavy_flood_dup60_s20260618_nonbonded,P3-Persist,m12_heavy_flood_dup60_s20260618,nonbonded,301592,PRIVPROBE:1,duplicate_filter,0,False,0,duplicate_filter
m12_heavy_flood_dup60_s20260618_nonbonded,P3-Persist,m12_heavy_flood_dup60_s20260618,nonbonded,302679,PRIVPROBE:1,duplicate_filter,0,False,0,duplicate_filter
m12_heavy_flood_dup60_s20260618_nonbonded,P3-Persist,m12_heavy_flood_dup60_s20260618,nonbonded,303741,PRIVPROBE:1,duplicate_filter,0,False,0,duplicate_filter
m12_heavy_flood_dup60_s20260618_nonbonded,P3-Persist,m12_heavy_flood_dup60_s20260618,nonbonded,304864,PRIVPROBE:1,duplicate_filter,0,False,0,duplicate_filter
m12_heavy_flood_dup60_s20260618_nonbonded,P3-Persist,m12_heavy_flood_dup60_s20260618,nonbonded,305946,PRIVPROBE:1,duplicate_filter,0,False,0,duplicate_filter
m12_heavy_flood_dup60_s20260618_nonbonded,P3-Persist,m12_heavy_flood_dup60_s20260618,nonbonded,307084,PRIVPROBE:1,host_scan,504,False,0,reserve
m12_heavy_flood_dup60_s20260618_nonbonded,P3-Persist,m12_heavy_flood_dup60_s20260618,nonbonded,308232,PRIVPROBE:1,duplicate_filter,0,False,0,duplicate_filter
m12_heavy_flood_dup60_s20260618_nonbonded,P3-Persist,m12_heavy_flood_dup60_s20260618,nonbonded,309288,PRIVPROBE:1,duplicate_filter,0,False,0,duplicate_filter
m12_heavy_flood_dup60_s20260618_nonbonded,P3-Persist,m12_heavy_flood_dup60_s20260618,nonbonded,310416,PRIVPROBE:1,duplicate_filter,0,False,0,duplicate_filter
m12_heavy_flood_dup60_s20260618_nonbonded,P3-Persist,m12_heavy_flood_dup60_s20260618,nonbonded,311532,PRIVPROBE:1,duplicate_filter,0,False,0,duplicate_filter
m12_heavy_flood_dup60_s20260618_nonbonded,P3-Persist,m12_heavy_flood_dup60_s20260618,nonbonded,312649,PRIVPROBE:1,duplicate_filter,0,False,0,duplicate_filter
m12_heavy_flood_dup60_s20260618_nonbonded,P3-Persist,m12_heavy_flood_dup60_s20260618,nonbonded,313730,PRIVPROBE:1,duplicate_filter,0,False,0,duplicate_filter
m12_heavy_flood_dup60_s20260618_nonbonded,P3-Persist,m12_heavy_flood_dup60_s20260618,nonbonded,314813,PRIVPROBE:1,duplicate_filter,0,False,0,duplicate_filter
m12_heavy_flood_dup60_s20260618_nonbonded,P3-Persist,m12_heavy_flood_dup60_s20260618,nonbonded,315914,PRIVPROBE:1,duplicate_filter,0,False,0,duplicate_filter
m12_heavy_flood_dup60_s20260618_nonbonded,P3-Persist,m12_heavy_flood_dup60_s20260618,nonbonded,317062,PRIVPROBE:1,duplicate_filter,0,False,0,duplicate_filter
m12_heavy_flood_dup60_s20260618_nonbonded,P3-Persist,m12_heavy_flood_dup60_s20260618,nonbonded,318128,PRIVPROBE:1,duplicate_filter,0,False,0,duplicate_filter
m12_heavy_flood_dup60_s20260618_nonbonded,P3-Persist,m12_heavy_flood_dup60_s20260618,nonbonded,319208,PRIVPROBE:1,duplicate_filter,0,False,0,duplicate_filter
m12_heavy_flood_dup60_s20260618_nonbonded,P3-Persist,m12_heavy_flood_dup60_s20260618,nonbonded,320345,PRIVPROBE:1,host_scan,504,False,0,reserve
m12_heavy_flood_dup60_s20260618_nonbonded,P3-Persist,m12_heavy_flood_dup60_s20260618,nonbonded,321443,PRIVPROBE:1,duplicate_filter,0,False,0,duplicate_filter
m12_heavy_flood_dup60_s20260618_nonbonded,P3-Persist,m12_heavy_flood_dup60_s20260618,nonbonded,322586,PRIVPROBE:1,duplicate_filter,0,False,0,duplicate_filter
m12_heavy_flood_dup60_s20260618_nonbonded,P3-Persist,m12_heavy_flood_dup60_s20260618,nonbonded,323711,PRIVPROBE:1,duplicate_filter,0,False,0,duplicate_filter
m12_heavy_flood_dup60_s20260618_nonbonded,P3-Persist,m12_heavy_flood_dup60_s20260618,nonbonded,324840,PRIVPROBE:1,duplicate_filter,0,False,0,duplicate_filter
m12_heavy_flood_dup60_s20260618_nonbonded,P3-Persist,m12_heavy_flood_dup60_s20260618,nonbonded,325905,PRIVPROBE:1,duplicate_filter,0,False,0,duplicate_filter
m12_heavy_flood_dup60_s20260618_nonbonded,P3-Persist,m12_heavy_flood_dup60_s20260618,nonbonded,326993,PRIVPROBE:1,duplicate_filter,0,False,0,duplicate_filter
m12_heavy_flood_dup60_s20260618_nonbonded,P3-Persist,m12_heavy_flood_dup60_s20260618,nonbonded,328120,PRIVPROBE:1,duplicate_filter,0,False,0,duplicate_filter
m12_heavy_flood_dup60_s20260618_nonbonded,P3-Persist,m12_heavy_flood_dup60_s20260618,nonbonded,329210,PRIVPROBE:1,duplicate_filter,0,False,0,duplicate_filter
m12_heavy_flood_dup60_s20260618_nonbonded,P3-Persist,m12_heavy_flood_dup60_s20260618,nonbonded,330332,PRIVPROBE:1,duplicate_filter,0,False,0,duplicate_filter
m12_heavy_flood_dup60_s20260618_nonbonded,P3-Persist,m12_heavy_flood_dup60_s20260618,nonbonded,331448,PRIVPROBE:1,duplicate_filter,0,False,0,duplicate_filter
m12_heavy_flood_dup60_s20260618_nonbonded,P3-Persist,m12_heavy_flood_dup60_s20260618,nonbonded,332584,PRIVPROBE:1,duplicate_filter,0,False,0,duplicate_filter
m12_heavy_flood_dup60_s20260618_nonbonded,P3-Persist,m12_heavy_flood_dup60_s20260618,nonbonded,333684,PRIVPROBE:1,host_scan,504,False,0,reserve
m12_heavy_flood_dup60_s20260618_nonbonded,P3-Persist,m12_heavy_flood_dup60_s20260618,nonbonded,334822,PRIVPROBE:1,duplicate_filter,0,False,0,duplicate_filter
m12_heavy_flood_dup60_s20260618_nonbonded,P3-Persist,m12_heavy_flood_dup60_s20260618,nonbonded,335917,PRIVPROBE:1,duplicate_filter,0,False,0,duplicate_filter
m12_heavy_flood_dup60_s20260618_nonbonded,P3-Persist,m12_heavy_flood_dup60_s20260618,nonbonded,336987,PRIVPROBE:1,duplicate_filter,0,False,0,duplicate_filter
m12_heavy_flood_dup60_s20260618_nonbonded,P3-Persist,m12_heavy_flood_dup60_s20260618,nonbonded,338054,PRIVPROBE:1,duplicate_filter,0,False,0,duplicate_filter
m12_heavy_flood_dup60_s20260618_nonbonded,P3-Persist,m12_heavy_flood_dup60_s20260618,nonbonded,339185,PRIVPROBE:1,duplicate_filter,0,False,0,duplicate_filter
m12_heavy_flood_dup60_s20260618_nonbonded,P3-Persist,m12_heavy_flood_dup60_s20260618,nonbonded,340264,PRIVPROBE:1,duplicate_filter,0,False,0,duplicate_filter
m12_heavy_flood_dup60_s20260618_nonbonded,P3-Persist,m12_heavy_flood_dup60_s20260618,nonbonded,341320,PRIVPROBE:1,duplicate_filter,0,False,0,duplicate_filter
m12_heavy_flood_dup60_s20260618_nonbonded,P3-Persist,m12_heavy_flood_dup60_s20260618,nonbonded,342374,PRIVPROBE:1,duplicate_filter,0,False,0,duplicate_filter
m12_heavy_flood_dup60_s20260618_nonbonded,P3-Persist,m12_heavy_flood_dup60_s20260618,nonbonded,343521,PRIVPROBE:1,duplicate_filter,0,False,0,duplicate_filter
m12_heavy_flood_dup60_s20260618_nonbonded,P3-Persist,m12_heavy_flood_dup60_s20260618,nonbonded,344632,PRIVPROBE:1,duplicate_filter,0,False,0,duplicate_filter
m12_heavy_flood_dup60_s20260618_nonbonded,P3-Persist,m12_heavy_flood_dup60_s20260618,nonbonded,345740,PRIVPROBE:1,duplicate_filter,0,False,0,duplicate_filter
m12_heavy_flood_dup60_s20260618_nonbonded,P3-Persist,m12_heavy_flood_dup60_s20260618,nonbonded,346823,PRIVPROBE:1,host_scan,504,False,0,reserve
m12_heavy_flood_dup60_s20260618_nonbonded,P3-Persist,m12_heavy_flood_dup60_s20260618,nonbonded,347877,PRIVPROBE:1,duplicate_filter,0,False,0,duplicate_filter
m12_heavy_flood_dup60_s20260618_nonbonded,P3-Persist,m12_heavy_flood_dup60_s20260618,nonbonded,348996,PRIVPROBE:1,duplicate_filter,0,False,0,duplicate_filter
m12_heavy_flood_dup60_s20260618_nonbonded,P3-Persist,m12_heavy_flood_dup60_s20260618,nonbonded,350117,PRIVPROBE:1,duplicate_filter,0,False,0,duplicate_filter
m12_heavy_flood_dup60_s20260618_nonbonded,P3-Persist,m12_heavy_flood_dup60_s20260618,nonbonded,351186,PRIVPROBE:1,duplicate_filter,0,False,0,duplicate_filter
m12_heavy_flood_dup60_s20260618_nonbonded,P3-Persist,m12_heavy_flood_dup60_s20260618,nonbonded,352275,PRIVPROBE:1,duplicate_filter,0,False,0,duplicate_filter
m12_heavy_flood_dup60_s20260618_nonbonded,P3-Persist,m12_heavy_flood_dup60_s20260618,nonbonded,353342,PRIVPROBE:1,duplicate_filter,0,False,0,duplicate_filter
m12_heavy_flood_dup60_s20260618_nonbonded,P3-Persist,m12_heavy_flood_dup60_s20260618,nonbonded,354480,PRIVPROBE:1,duplicate_filter,0,False,0,duplicate_filter
m12_heavy_flood_dup60_s20260618_nonbonded,P3-Persist,m12_heavy_flood_dup60_s20260618,nonbonded,355626,PRIVPROBE:1,duplicate_filter,0,False,0,duplicate_filter
m12_heavy_flood_dup60_s20260618_nonbonded,P3-Persist,m12_heavy_flood_dup60_s20260618,nonbonded,356837,PRIVPROBE:1,duplicate_filter,0,False,0,duplicate_filter
m12_heavy_flood_dup60_s20260618_nonbonded,P3-Persist,m12_heavy_flood_dup60_s20260618,nonbonded,357962,PRIVPROBE:1,duplicate_filter,0,False,0,duplicate_filter
m12_heavy_flood_dup60_s20260618_nonbonded,P3-Persist,m12_heavy_flood_dup60_s20260618,nonbonded,359098,PRIVPROBE:1,duplicate_filter,0,False,0,duplicate_filter
m12_heavy_flood_dup60_s20260618_nonbonded,P3-Persist,m12_heavy_flood_dup60_s20260618,nonbonded,360171,PRIVPROBE:1,host_scan,504,False,0,reserve
m12_heavy_flood_dup60_s20260618_nonbonded,P3-Persist,m12_heavy_flood_dup60_s20260618,nonbonded,361304,PRIVPROBE:1,duplicate_filter,0,False,0,duplicate_filter
m12_heavy_flood_dup60_s20260618_nonbonded,P3-Persist,m12_heavy_flood_dup60_s20260618,nonbonded,362394,PRIVPROBE:1,duplicate_filter,0,False,0,duplicate_filter
m12_heavy_flood_dup60_s20260618_nonbonded,P3-Persist,m12_heavy_flood_dup60_s20260618,nonbonded,363512,PRIVPROBE:1,duplicate_filter,0,False,0,duplicate_filter
m12_heavy_flood_dup60_s20260618_nonbonded,P3-Persist,m12_heavy_flood_dup60_s20260618,nonbonded,364601,PRIVPROBE:1,duplicate_filter,0,False,0,duplicate_filter
m12_heavy_flood_dup60_s20260618_nonbonded,P3-Persist,m12_heavy_flood_dup60_s20260618,nonbonded,365747,PRIVPROBE:1,duplicate_filter,0,False,0,duplicate_filter
m12_heavy_flood_dup60_s20260618_nonbonded,P3-Persist,m12_heavy_flood_dup60_s20260618,nonbonded,366862,PRIVPROBE:1,duplicate_filter,0,False,0,duplicate_filter
m12_heavy_flood_dup60_s20260618_nonbonded,P3-Persist,m12_heavy_flood_dup60_s20260618,nonbonded,367988,PRIVPROBE:1,duplicate_filter,0,False,0,duplicate_filter
m12_heavy_flood_dup60_s20260618_nonbonded,P3-Persist,m12_heavy_flood_dup60_s20260618,nonbonded,369093,PRIVPROBE:1,duplicate_filter,0,False,0,duplicate_filter
m12_heavy_flood_dup60_s20260618_nonbonded,P3-Persist,m12_heavy_flood_dup60_s20260618,nonbonded,370197,PRIVPROBE:1,duplicate_filter,0,False,0,duplicate_filter
m12_heavy_flood_dup60_s20260618_nonbonded,P3-Persist,m12_heavy_flood_dup60_s20260618,nonbonded,371277,PRIVPROBE:1,duplicate_filter,0,False,0,duplicate_filter
m12_heavy_flood_dup60_s20260618_nonbonded,P3-Persist,m12_heavy_flood_dup60_s20260618,nonbonded,372373,PRIVPROBE:1,duplicate_filter,0,False,0,duplicate_filter
m12_heavy_flood_dup60_s20260618_nonbonded,P3-Persist,m12_heavy_flood_dup60_s20260618,nonbonded,373405,PRIVPROBE:1,host_scan,504,False,0,reserve
m12_heavy_flood_dup60_s20260618_nonbonded,P3-Persist,m12_heavy_flood_dup60_s20260618,nonbonded,374549,PRIVPROBE:1,duplicate_filter,0,False,0,duplicate_filter
m12_heavy_flood_dup60_s20260618_nonbonded,P3-Persist,m12_heavy_flood_dup60_s20260618,nonbonded,375711,PRIVPROBE:1,duplicate_filter,0,False,0,duplicate_filter
m12_heavy_flood_dup60_s20260618_nonbonded,P3-Persist,m12_heavy_flood_dup60_s20260618,nonbonded,376827,PRIVPROBE:1,duplicate_filter,0,False,0,duplicate_filter
m12_heavy_flood_dup60_s20260618_nonbonded,P3-Persist,m12_heavy_flood_dup60_s20260618,nonbonded,377970,PRIVPROBE:1,duplicate_filter,0,False,0,duplicate_filter
m12_heavy_flood_dup60_s20260618_nonbonded,P3-Persist,m12_heavy_flood_dup60_s20260618,nonbonded,379042,PRIVPROBE:1,duplicate_filter,0,False,0,duplicate_filter
m12_heavy_flood_dup60_s20260618_nonbonded,P3-Persist,m12_heavy_flood_dup60_s20260618,nonbonded,380149,PRIVPROBE:1,duplicate_filter,0,False,0,duplicate_filter
m12_heavy_flood_dup60_s20260618_nonbonded,P3-Persist,m12_heavy_flood_dup60_s20260618,nonbonded,381297,PRIVPROBE:1,duplicate_filter,0,False,0,duplicate_filter
m12_heavy_flood_dup60_s20260618_nonbonded,P3-Persist,m12_heavy_flood_dup60_s20260618,nonbonded,382449,PRIVPROBE:1,duplicate_filter,0,False,0,duplicate_filter
m12_heavy_flood_dup60_s20260618_nonbonded,P3-Persist,m12_heavy_flood_dup60_s20260618,nonbonded,383595,PRIVPROBE:1,duplicate_filter,0,False,0,duplicate_filter
m12_heavy_flood_dup60_s20260618_nonbonded,P3-Persist,m12_heavy_flood_dup60_s20260618,nonbonded,384711,PRIVPROBE:1,duplicate_filter,0,False,0,duplicate_filter
m12_heavy_flood_dup60_s20260618_nonbonded,P3-Persist,m12_heavy_flood_dup60_s20260618,nonbonded,385828,PRIVPROBE:1,duplicate_filter,0,False,0,duplicate_filter
m12_heavy_flood_dup60_s20260618_nonbonded,P3-Persist,m12_heavy_flood_dup60_s20260618,nonbonded,386971,PRIVPROBE:1,host_scan,504,False,0,reserve
m12_heavy_flood_dup60_s20260618_nonbonded,P3-Persist,m12_heavy_flood_dup60_s20260618,nonbonded,388079,PRIVPROBE:1,duplicate_filter,0,False,0,duplicate_filter
m12_heavy_flood_dup60_s20260618_nonbonded,P3-Persist,m12_heavy_flood_dup60_s20260618,nonbonded,389108,PRIVPROBE:1,duplicate_filter,0,False,0,duplicate_filter
m12_heavy_flood_dup60_s20260618_nonbonded,P3-Persist,m12_heavy_flood_dup60_s20260618,nonbonded,390224,PRIVPROBE:1,duplicate_filter,0,False,0,duplicate_filter
m12_heavy_flood_dup60_s20260618_nonbonded,P3-Persist,m12_heavy_flood_dup60_s20260618,nonbonded,391344,PRIVPROBE:1,duplicate_filter,0,False,0,duplicate_filter
m12_heavy_flood_dup60_s20260618_nonbonded,P3-Persist,m12_heavy_flood_dup60_s20260618,nonbonded,392399,PRIVPROBE:1,duplicate_filter,0,False,0,duplicate_filter
m12_heavy_flood_dup60_s20260618_nonbonded,P3-Persist,m12_heavy_flood_dup60_s20260618,nonbonded,393453,PRIVPROBE:1,duplicate_filter,0,False,0,duplicate_filter
m12_heavy_flood_dup60_s20260618_nonbonded,P3-Persist,m12_heavy_flood_dup60_s20260618,nonbonded,394574,PRIVPROBE:1,duplicate_filter,0,False,0,duplicate_filter
m12_heavy_flood_dup60_s20260618_nonbonded,P3-Persist,m12_heavy_flood_dup60_s20260618,nonbonded,395702,PRIVPROBE:1,duplicate_filter,0,False,0,duplicate_filter
m12_heavy_flood_dup60_s20260618_nonbonded,P3-Persist,m12_heavy_flood_dup60_s20260618,nonbonded,396796,PRIVPROBE:1,duplicate_filter,0,False,0,duplicate_filter
m12_heavy_flood_dup60_s20260618_nonbonded,P3-Persist,m12_heavy_flood_dup60_s20260618,nonbonded,397945,PRIVPROBE:1,duplicate_filter,0,False,0,duplicate_filter
m12_heavy_flood_dup60_s20260618_nonbonded,P3-Persist,m12_heavy_flood_dup60_s20260618,nonbonded,399058,PRIVPROBE:1,duplicate_filter,0,False,0,duplicate_filter
m12_heavy_flood_dup60_s20260618_nonbonded,P3-NoPersist,m12_heavy_flood_dup60_s20260618,nonbonded,67195,PRIVPROBE:0,defer,0,True,1000,defer
m12_heavy_flood_dup60_s20260618_nonbonded,P3-NoPersist,m12_heavy_flood_dup60_s20260618,nonbonded,68280,PRIVPROBE:0,duplicate_filter,0,False,0,duplicate_filter
m12_heavy_flood_dup60_s20260618_nonbonded,P3-NoPersist,m12_heavy_flood_dup60_s20260618,nonbonded,69342,PRIVPROBE:0,duplicate_filter,0,False,0,duplicate_filter
m12_heavy_flood_dup60_s20260618_nonbonded,P3-NoPersist,m12_heavy_flood_dup60_s20260618,nonbonded,70460,PRIVPROBE:0,duplicate_filter,0,False,0,duplicate_filter
m12_heavy_flood_dup60_s20260618_nonbonded,P3-NoPersist,m12_heavy_flood_dup60_s20260618,nonbonded,71631,PRIVPROBE:0,duplicate_filter,0,False,0,duplicate_filter
m12_heavy_flood_dup60_s20260618_nonbonded,P3-NoPersist,m12_heavy_flood_dup60_s20260618,nonbonded,72711,PRIVPROBE:0,duplicate_filter,0,False,0,duplicate_filter
m12_heavy_flood_dup60_s20260618_nonbonded,P3-NoPersist,m12_heavy_flood_dup60_s20260618,nonbonded,73860,PRIVPROBE:0,duplicate_filter,0,False,0,duplicate_filter
m12_heavy_flood_dup60_s20260618_nonbonded,P3-NoPersist,m12_heavy_flood_dup60_s20260618,nonbonded,74995,PRIVPROBE:0,duplicate_filter,0,False,0,duplicate_filter
m12_heavy_flood_dup60_s20260618_nonbonded,P3-NoPersist,m12_heavy_flood_dup60_s20260618,nonbonded,76143,PRIVPROBE:0,duplicate_filter,0,False,0,duplicate_filter
m12_heavy_flood_dup60_s20260618_nonbonded,P3-NoPersist,m12_heavy_flood_dup60_s20260618,nonbonded,77213,PRIVPROBE:0,duplicate_filter,0,False,0,duplicate_filter
m12_heavy_flood_dup60_s20260618_nonbonded,P3-NoPersist,m12_heavy_flood_dup60_s20260618,nonbonded,78367,PRIVPROBE:0,duplicate_filter,0,False,0,duplicate_filter
m12_heavy_flood_dup60_s20260618_nonbonded,P3-NoPersist,m12_heavy_flood_dup60_s20260618,nonbonded,79531,PRIVPROBE:0,duplicate_filter,0,False,0,duplicate_filter
m12_heavy_flood_dup60_s20260618_nonbonded,P3-NoPersist,m12_heavy_flood_dup60_s20260618,nonbonded,80644,PRIVPROBE:0,defer,0,True,1000,defer
m12_heavy_flood_dup60_s20260618_nonbonded,P3-NoPersist,m12_heavy_flood_dup60_s20260618,nonbonded,81703,PRIVPROBE:0,duplicate_filter,0,False,0,duplicate_filter
m12_heavy_flood_dup60_s20260618_nonbonded,P3-NoPersist,m12_heavy_flood_dup60_s20260618,nonbonded,82771,PRIVPROBE:0,duplicate_filter,0,False,0,duplicate_filter
m12_heavy_flood_dup60_s20260618_nonbonded,P3-NoPersist,m12_heavy_flood_dup60_s20260618,nonbonded,83766,PRIVPROBE:0,duplicate_filter,0,False,0,duplicate_filter
m12_heavy_flood_dup60_s20260618_nonbonded,P3-NoPersist,m12_heavy_flood_dup60_s20260618,nonbonded,84893,PRIVPROBE:0,duplicate_filter,0,False,0,duplicate_filter
m12_heavy_flood_dup60_s20260618_nonbonded,P3-NoPersist,m12_heavy_flood_dup60_s20260618,nonbonded,85946,PRIVPROBE:0,duplicate_filter,0,False,0,duplicate_filter
m12_heavy_flood_dup60_s20260618_nonbonded,P3-NoPersist,m12_heavy_flood_dup60_s20260618,nonbonded,87091,PRIVPROBE:0,duplicate_filter,0,False,0,duplicate_filter
m12_heavy_flood_dup60_s20260618_nonbonded,P3-NoPersist,m12_heavy_flood_dup60_s20260618,nonbonded,88180,PRIVPROBE:0,duplicate_filter,0,False,0,duplicate_filter
m12_heavy_flood_dup60_s20260618_nonbonded,P3-NoPersist,m12_heavy_flood_dup60_s20260618,nonbonded,89277,PRIVPROBE:0,duplicate_filter,0,False,0,duplicate_filter
m12_heavy_flood_dup60_s20260618_nonbonded,P3-NoPersist,m12_heavy_flood_dup60_s20260618,nonbonded,90404,PRIVPROBE:0,duplicate_filter,0,False,0,duplicate_filter
m12_heavy_flood_dup60_s20260618_nonbonded,P3-NoPersist,m12_heavy_flood_dup60_s20260618,nonbonded,91485,PRIVPROBE:0,duplicate_filter,0,False,0,duplicate_filter
m12_heavy_flood_dup60_s20260618_nonbonded,P3-NoPersist,m12_heavy_flood_dup60_s20260618,nonbonded,92530,PRIVPROBE:0,duplicate_filter,0,False,0,duplicate_filter
m12_heavy_flood_dup60_s20260618_nonbonded,P3-NoPersist,m12_heavy_flood_dup60_s20260618,nonbonded,93724,PRIVPROBE:0,defer,0,True,1000,defer
m12_heavy_flood_dup60_s20260618_nonbonded,P3-NoPersist,m12_heavy_flood_dup60_s20260618,nonbonded,94832,PRIVPROBE:0,duplicate_filter,0,False,0,duplicate_filter
m12_heavy_flood_dup60_s20260618_nonbonded,P3-NoPersist,m12_heavy_flood_dup60_s20260618,nonbonded,95951,PRIVPROBE:0,duplicate_filter,0,False,0,duplicate_filter
m12_heavy_flood_dup60_s20260618_nonbonded,P3-NoPersist,m12_heavy_flood_dup60_s20260618,nonbonded,97050,PRIVPROBE:0,duplicate_filter,0,False,0,duplicate_filter
m12_heavy_flood_dup60_s20260618_nonbonded,P3-NoPersist,m12_heavy_flood_dup60_s20260618,nonbonded,98210,PRIVPROBE:0,duplicate_filter,0,False,0,duplicate_filter
m12_heavy_flood_dup60_s20260618_nonbonded,P3-NoPersist,m12_heavy_flood_dup60_s20260618,nonbonded,99326,PRIVPROBE:0,duplicate_filter,0,False,0,duplicate_filter
m12_heavy_flood_dup60_s20260618_nonbonded,P3-NoPersist,m12_heavy_flood_dup60_s20260618,nonbonded,100459,PRIVPROBE:0,duplicate_filter,0,False,0,duplicate_filter
m12_heavy_flood_dup60_s20260618_nonbonded,P3-NoPersist,m12_heavy_flood_dup60_s20260618,nonbonded,101557,PRIVPROBE:0,duplicate_filter,0,False,0,duplicate_filter
m12_heavy_flood_dup60_s20260618_nonbonded,P3-NoPersist,m12_heavy_flood_dup60_s20260618,nonbonded,102677,PRIVPROBE:0,duplicate_filter,0,False,0,duplicate_filter
m12_heavy_flood_dup60_s20260618_nonbonded,P3-NoPersist,m12_heavy_flood_dup60_s20260618,nonbonded,103775,PRIVPROBE:0,duplicate_filter,0,False,0,duplicate_filter
m12_heavy_flood_dup60_s20260618_nonbonded,P3-NoPersist,m12_heavy_flood_dup60_s20260618,nonbonded,104900,PRIVPROBE:0,duplicate_filter,0,False,0,duplicate_filter
m12_heavy_flood_dup60_s20260618_nonbonded,P3-NoPersist,m12_heavy_flood_dup60_s20260618,nonbonded,106067,PRIVPROBE:0,duplicate_filter,0,False,0,duplicate_filter
m12_heavy_flood_dup60_s20260618_nonbonded,P3-NoPersist,m12_heavy_flood_dup60_s20260618,nonbonded,107138,PRIVPROBE:0,defer,0,True,1000,defer
m12_heavy_flood_dup60_s20260618_nonbonded,P3-NoPersist,m12_heavy_flood_dup60_s20260618,nonbonded,108266,PRIVPROBE:0,duplicate_filter,0,False,0,duplicate_filter
m12_heavy_flood_dup60_s20260618_nonbonded,P3-NoPersist,m12_heavy_flood_dup60_s20260618,nonbonded,109395,PRIVPROBE:0,duplicate_filter,0,False,0,duplicate_filter
m12_heavy_flood_dup60_s20260618_nonbonded,P3-NoPersist,m12_heavy_flood_dup60_s20260618,nonbonded,110555,PRIVPROBE:0,duplicate_filter,0,False,0,duplicate_filter
m12_heavy_flood_dup60_s20260618_nonbonded,P3-NoPersist,m12_heavy_flood_dup60_s20260618,nonbonded,111570,PRIVPROBE:0,duplicate_filter,0,False,0,duplicate_filter
m12_heavy_flood_dup60_s20260618_nonbonded,P3-NoPersist,m12_heavy_flood_dup60_s20260618,nonbonded,112683,PRIVPROBE:0,duplicate_filter,0,False,0,duplicate_filter
m12_heavy_flood_dup60_s20260618_nonbonded,P3-NoPersist,m12_heavy_flood_dup60_s20260618,nonbonded,113770,PRIVPROBE:0,duplicate_filter,0,False,0,duplicate_filter
m12_heavy_flood_dup60_s20260618_nonbonded,P3-NoPersist,m12_heavy_flood_dup60_s20260618,nonbonded,114891,PRIVPROBE:0,duplicate_filter,0,False,0,duplicate_filter
m12_heavy_flood_dup60_s20260618_nonbonded,P3-NoPersist,m12_heavy_flood_dup60_s20260618,nonbonded,116059,PRIVPROBE:0,duplicate_filter,0,False,0,duplicate_filter
m12_heavy_flood_dup60_s20260618_nonbonded,P3-NoPersist,m12_heavy_flood_dup60_s20260618,nonbonded,117181,PRIVPROBE:0,duplicate_filter,0,False,0,duplicate_filter
m12_heavy_flood_dup60_s20260618_nonbonded,P3-NoPersist,m12_heavy_flood_dup60_s20260618,nonbonded,118256,PRIVPROBE:0,duplicate_filter,0,False,0,duplicate_filter
m12_heavy_flood_dup60_s20260618_nonbonded,P3-NoPersist,m12_heavy_flood_dup60_s20260618,nonbonded,119377,PRIVPROBE:0,duplicate_filter,0,False,0,duplicate_filter
m12_heavy_flood_dup60_s20260618_nonbonded,P3-NoPersist,m12_heavy_flood_dup60_s20260618,nonbonded,120549,PRIVPROBE:0,defer,0,True,1000,defer
m12_heavy_flood_dup60_s20260618_nonbonded,P3-NoPersist,m12_heavy_flood_dup60_s20260618,nonbonded,121603,PRIVPROBE:0,duplicate_filter,0,False,0,duplicate_filter
m12_heavy_flood_dup60_s20260618_nonbonded,P3-NoPersist,m12_heavy_flood_dup60_s20260618,nonbonded,122690,PRIVPROBE:0,duplicate_filter,0,False,0,duplicate_filter
m12_heavy_flood_dup60_s20260618_nonbonded,P3-NoPersist,m12_heavy_flood_dup60_s20260618,nonbonded,123768,PRIVPROBE:0,duplicate_filter,0,False,0,duplicate_filter
m12_heavy_flood_dup60_s20260618_nonbonded,P3-NoPersist,m12_heavy_flood_dup60_s20260618,nonbonded,124850,PRIVPROBE:0,duplicate_filter,0,False,0,duplicate_filter
m12_heavy_flood_dup60_s20260618_nonbonded,P3-NoPersist,m12_heavy_flood_dup60_s20260618,nonbonded,125940,PRIVPROBE:0,duplicate_filter,0,False,0,duplicate_filter
m12_heavy_flood_dup60_s20260618_nonbonded,P3-NoPersist,m12_heavy_flood_dup60_s20260618,nonbonded,127089,PRIVPROBE:0,duplicate_filter,0,False,0,duplicate_filter
m12_heavy_flood_dup60_s20260618_nonbonded,P3-NoPersist,m12_heavy_flood_dup60_s20260618,nonbonded,128131,PRIVPROBE:0,duplicate_filter,0,False,0,duplicate_filter
m12_heavy_flood_dup60_s20260618_nonbonded,P3-NoPersist,m12_heavy_flood_dup60_s20260618,nonbonded,129195,PRIVPROBE:0,duplicate_filter,0,False,0,duplicate_filter
m12_heavy_flood_dup60_s20260618_nonbonded,P3-NoPersist,m12_heavy_flood_dup60_s20260618,nonbonded,130250,PRIVPROBE:0,duplicate_filter,0,False,0,duplicate_filter
m12_heavy_flood_dup60_s20260618_nonbonded,P3-NoPersist,m12_heavy_flood_dup60_s20260618,nonbonded,131335,PRIVPROBE:0,duplicate_filter,0,False,0,duplicate_filter
m12_heavy_flood_dup60_s20260618_nonbonded,P3-NoPersist,m12_heavy_flood_dup60_s20260618,nonbonded,132389,PRIVPROBE:0,duplicate_filter,0,False,0,duplicate_filter
m12_heavy_flood_dup60_s20260618_nonbonded,P3-NoPersist,m12_heavy_flood_dup60_s20260618,nonbonded,133542,PRIVPROBE:0,defer,0,True,1000,defer
m12_heavy_flood_dup60_s20260618_nonbonded,P3-NoPersist,m12_heavy_flood_dup60_s20260618,nonbonded,134699,PRIVPROBE:0,duplicate_filter,0,False,0,duplicate_filter
m12_heavy_flood_dup60_s20260618_nonbonded,P3-NoPersist,m12_heavy_flood_dup60_s20260618,nonbonded,135831,PRIVPROBE:0,duplicate_filter,0,False,0,duplicate_filter
m12_heavy_flood_dup60_s20260618_nonbonded,P3-NoPersist,m12_heavy_flood_dup60_s20260618,nonbonded,136936,PRIVPROBE:0,duplicate_filter,0,False,0,duplicate_filter
m12_heavy_flood_dup60_s20260618_nonbonded,P3-NoPersist,m12_heavy_flood_dup60_s20260618,nonbonded,138109,PRIVPROBE:0,duplicate_filter,0,False,0,duplicate_filter
m12_heavy_flood_dup60_s20260618_nonbonded,P3-NoPersist,m12_heavy_flood_dup60_s20260618,nonbonded,139153,PRIVPROBE:0,duplicate_filter,0,False,0,duplicate_filter
m12_heavy_flood_dup60_s20260618_nonbonded,P3-NoPersist,m12_heavy_flood_dup60_s20260618,nonbonded,140329,PRIVPROBE:0,duplicate_filter,0,False,0,duplicate_filter
m12_heavy_flood_dup60_s20260618_nonbonded,P3-NoPersist,m12_heavy_flood_dup60_s20260618,nonbonded,141394,PRIVPROBE:0,duplicate_filter,0,False,0,duplicate_filter
m12_heavy_flood_dup60_s20260618_nonbonded,P3-NoPersist,m12_heavy_flood_dup60_s20260618,nonbonded,142475,PRIVPROBE:0,duplicate_filter,0,False,0,duplicate_filter
m12_heavy_flood_dup60_s20260618_nonbonded,P3-NoPersist,m12_heavy_flood_dup60_s20260618,nonbonded,143591,PRIVPROBE:0,duplicate_filter,0,False,0,duplicate_filter
m12_heavy_flood_dup60_s20260618_nonbonded,P3-NoPersist,m12_heavy_flood_dup60_s20260618,nonbonded,144709,PRIVPROBE:0,duplicate_filter,0,False,0,duplicate_filter
m12_heavy_flood_dup60_s20260618_nonbonded,P3-NoPersist,m12_heavy_flood_dup60_s20260618,nonbonded,145869,PRIVPROBE:0,duplicate_filter,0,False,0,duplicate_filter
m12_heavy_flood_dup60_s20260618_nonbonded,P3-NoPersist,m12_heavy_flood_dup60_s20260618,nonbonded,146989,PRIVPROBE:0,defer,0,True,1000,defer
m12_heavy_flood_dup60_s20260618_nonbonded,P3-NoPersist,m12_heavy_flood_dup60_s20260618,nonbonded,148042,PRIVPROBE:0,duplicate_filter,0,False,0,duplicate_filter
m12_heavy_flood_dup60_s20260618_nonbonded,P3-NoPersist,m12_heavy_flood_dup60_s20260618,nonbonded,149141,PRIVPROBE:0,duplicate_filter,0,False,0,duplicate_filter
m12_heavy_flood_dup60_s20260618_nonbonded,P3-NoPersist,m12_heavy_flood_dup60_s20260618,nonbonded,150263,PRIVPROBE:0,duplicate_filter,0,False,0,duplicate_filter
m12_heavy_flood_dup60_s20260618_nonbonded,P3-NoPersist,m12_heavy_flood_dup60_s20260618,nonbonded,151316,PRIVPROBE:0,duplicate_filter,0,False,0,duplicate_filter
m12_heavy_flood_dup60_s20260618_nonbonded,P3-NoPersist,m12_heavy_flood_dup60_s20260618,nonbonded,152362,PRIVPROBE:0,duplicate_filter,0,False,0,duplicate_filter
m12_heavy_flood_dup60_s20260618_nonbonded,P3-NoPersist,m12_heavy_flood_dup60_s20260618,nonbonded,153480,PRIVPROBE:0,duplicate_filter,0,False,0,duplicate_filter
m12_heavy_flood_dup60_s20260618_nonbonded,P3-NoPersist,m12_heavy_flood_dup60_s20260618,nonbonded,154554,PRIVPROBE:0,duplicate_filter,0,False,0,duplicate_filter
m12_heavy_flood_dup60_s20260618_nonbonded,P3-NoPersist,m12_heavy_flood_dup60_s20260618,nonbonded,155688,PRIVPROBE:0,duplicate_filter,0,False,0,duplicate_filter
m12_heavy_flood_dup60_s20260618_nonbonded,P3-NoPersist,m12_heavy_flood_dup60_s20260618,nonbonded,156804,PRIVPROBE:0,duplicate_filter,0,False,0,duplicate_filter
m12_heavy_flood_dup60_s20260618_nonbonded,P3-NoPersist,m12_heavy_flood_dup60_s20260618,nonbonded,157941,PRIVPROBE:0,duplicate_filter,0,False,0,duplicate_filter
m12_heavy_flood_dup60_s20260618_nonbonded,P3-NoPersist,m12_heavy_flood_dup60_s20260618,nonbonded,159072,PRIVPROBE:0,duplicate_filter,0,False,0,duplicate_filter
m12_heavy_flood_dup60_s20260618_nonbonded,P3-NoPersist,m12_heavy_flood_dup60_s20260618,nonbonded,160162,PRIVPROBE:0,defer,0,True,1000,defer
m12_heavy_flood_dup60_s20260618_nonbonded,P3-NoPersist,m12_heavy_flood_dup60_s20260618,nonbonded,161239,PRIVPROBE:0,duplicate_filter,0,False,0,duplicate_filter
m12_heavy_flood_dup60_s20260618_nonbonded,P3-NoPersist,m12_heavy_flood_dup60_s20260618,nonbonded,162376,PRIVPROBE:0,duplicate_filter,0,False,0,duplicate_filter
m12_heavy_flood_dup60_s20260618_nonbonded,P3-NoPersist,m12_heavy_flood_dup60_s20260618,nonbonded,163503,PRIVPROBE:0,duplicate_filter,0,False,0,duplicate_filter
m12_heavy_flood_dup60_s20260618_nonbonded,P3-NoPersist,m12_heavy_flood_dup60_s20260618,nonbonded,164600,PRIVPROBE:0,duplicate_filter,0,False,0,duplicate_filter
m12_heavy_flood_dup60_s20260618_nonbonded,P3-NoPersist,m12_heavy_flood_dup60_s20260618,nonbonded,165697,PRIVPROBE:0,duplicate_filter,0,False,0,duplicate_filter
m12_heavy_flood_dup60_s20260618_nonbonded,P3-NoPersist,m12_heavy_flood_dup60_s20260618,nonbonded,166820,PRIVPROBE:0,duplicate_filter,0,False,0,duplicate_filter
m12_heavy_flood_dup60_s20260618_nonbonded,P3-NoPersist,m12_heavy_flood_dup60_s20260618,nonbonded,167949,PRIVPROBE:0,duplicate_filter,0,False,0,duplicate_filter
m12_heavy_flood_dup60_s20260618_nonbonded,P3-NoPersist,m12_heavy_flood_dup60_s20260618,nonbonded,169061,PRIVPROBE:0,duplicate_filter,0,False,0,duplicate_filter
m12_heavy_flood_dup60_s20260618_nonbonded,P3-NoPersist,m12_heavy_flood_dup60_s20260618,nonbonded,170177,PRIVPROBE:0,duplicate_filter,0,False,0,duplicate_filter
m12_heavy_flood_dup60_s20260618_nonbonded,P3-NoPersist,m12_heavy_flood_dup60_s20260618,nonbonded,171267,PRIVPROBE:0,duplicate_filter,0,False,0,duplicate_filter
m12_heavy_flood_dup60_s20260618_nonbonded,P3-NoPersist,m12_heavy_flood_dup60_s20260618,nonbonded,172340,PRIVPROBE:0,duplicate_filter,0,False,0,duplicate_filter
m12_heavy_flood_dup60_s20260618_nonbonded,P3-NoPersist,m12_heavy_flood_dup60_s20260618,nonbonded,173506,PRIVPROBE:0,defer,0,True,1000,defer
m12_heavy_flood_dup60_s20260618_nonbonded,P3-NoPersist,m12_heavy_flood_dup60_s20260618,nonbonded,174508,PRIVPROBE:0,duplicate_filter,0,False,0,duplicate_filter
m12_heavy_flood_dup60_s20260618_nonbonded,P3-NoPersist,m12_heavy_flood_dup60_s20260618,nonbonded,175639,PRIVPROBE:0,duplicate_filter,0,False,0,duplicate_filter
m12_heavy_flood_dup60_s20260618_nonbonded,P3-NoPersist,m12_heavy_flood_dup60_s20260618,nonbonded,176779,PRIVPROBE:0,duplicate_filter,0,False,0,duplicate_filter
m12_heavy_flood_dup60_s20260618_nonbonded,P3-NoPersist,m12_heavy_flood_dup60_s20260618,nonbonded,177952,PRIVPROBE:0,duplicate_filter,0,False,0,duplicate_filter
m12_heavy_flood_dup60_s20260618_nonbonded,P3-NoPersist,m12_heavy_flood_dup60_s20260618,nonbonded,179071,PRIVPROBE:0,duplicate_filter,0,False,0,duplicate_filter
m12_heavy_flood_dup60_s20260618_nonbonded,P3-NoPersist,m12_heavy_flood_dup60_s20260618,nonbonded,180257,PRIVPROBE:0,duplicate_filter,0,False,0,duplicate_filter
m12_heavy_flood_dup60_s20260618_nonbonded,P3-NoPersist,m12_heavy_flood_dup60_s20260618,nonbonded,181358,PRIVPROBE:0,duplicate_filter,0,False,0,duplicate_filter
m12_heavy_flood_dup60_s20260618_nonbonded,P3-NoPersist,m12_heavy_flood_dup60_s20260618,nonbonded,182467,PRIVPROBE:0,duplicate_filter,0,False,0,duplicate_filter
m12_heavy_flood_dup60_s20260618_nonbonded,P3-NoPersist,m12_heavy_flood_dup60_s20260618,nonbonded,183572,PRIVPROBE:0,duplicate_filter,0,False,0,duplicate_filter
m12_heavy_flood_dup60_s20260618_nonbonded,P3-NoPersist,m12_heavy_flood_dup60_s20260618,nonbonded,184696,PRIVPROBE:0,duplicate_filter,0,False,0,duplicate_filter
m12_heavy_flood_dup60_s20260618_nonbonded,P3-NoPersist,m12_heavy_flood_dup60_s20260618,nonbonded,185735,PRIVPROBE:0,duplicate_filter,0,False,0,duplicate_filter
m12_heavy_flood_dup60_s20260618_nonbonded,P3-NoPersist,m12_heavy_flood_dup60_s20260618,nonbonded,186921,PRIVPROBE:0,defer,0,True,1000,defer
m12_heavy_flood_dup60_s20260618_nonbonded,P3-NoPersist,m12_heavy_flood_dup60_s20260618,nonbonded,188013,PRIVPROBE:0,duplicate_filter,0,False,0,duplicate_filter
m12_heavy_flood_dup60_s20260618_nonbonded,P3-NoPersist,m12_heavy_flood_dup60_s20260618,nonbonded,189130,PRIVPROBE:0,duplicate_filter,0,False,0,duplicate_filter
m12_heavy_flood_dup60_s20260618_nonbonded,P3-NoPersist,m12_heavy_flood_dup60_s20260618,nonbonded,190243,PRIVPROBE:0,duplicate_filter,0,False,0,duplicate_filter
m12_heavy_flood_dup60_s20260618_nonbonded,P3-NoPersist,m12_heavy_flood_dup60_s20260618,nonbonded,191306,PRIVPROBE:0,duplicate_filter,0,False,0,duplicate_filter
m12_heavy_flood_dup60_s20260618_nonbonded,P3-NoPersist,m12_heavy_flood_dup60_s20260618,nonbonded,192330,PRIVPROBE:0,duplicate_filter,0,False,0,duplicate_filter
m12_heavy_flood_dup60_s20260618_nonbonded,P3-NoPersist,m12_heavy_flood_dup60_s20260618,nonbonded,193499,PRIVPROBE:0,duplicate_filter,0,False,0,duplicate_filter
m12_heavy_flood_dup60_s20260618_nonbonded,P3-NoPersist,m12_heavy_flood_dup60_s20260618,nonbonded,194613,PRIVPROBE:0,duplicate_filter,0,False,0,duplicate_filter
m12_heavy_flood_dup60_s20260618_nonbonded,P3-NoPersist,m12_heavy_flood_dup60_s20260618,nonbonded,195687,PRIVPROBE:0,duplicate_filter,0,False,0,duplicate_filter
m12_heavy_flood_dup60_s20260618_nonbonded,P3-NoPersist,m12_heavy_flood_dup60_s20260618,nonbonded,196743,PRIVPROBE:0,duplicate_filter,0,False,0,duplicate_filter
m12_heavy_flood_dup60_s20260618_nonbonded,P3-NoPersist,m12_heavy_flood_dup60_s20260618,nonbonded,197807,PRIVPROBE:0,duplicate_filter,0,False,0,duplicate_filter
m12_heavy_flood_dup60_s20260618_nonbonded,P3-NoPersist,m12_heavy_flood_dup60_s20260618,nonbonded,198945,PRIVPROBE:0,duplicate_filter,0,False,0,duplicate_filter
m12_heavy_flood_dup60_s20260618_nonbonded,P3-NoPersist,m12_heavy_flood_dup60_s20260618,nonbonded,200034,PRIVPROBE:1,defer,0,True,1000,defer
m12_heavy_flood_dup60_s20260618_nonbonded,P3-NoPersist,m12_heavy_flood_dup60_s20260618,nonbonded,201206,PRIVPROBE:1,duplicate_filter,0,False,0,duplicate_filter
m12_heavy_flood_dup60_s20260618_nonbonded,P3-NoPersist,m12_heavy_flood_dup60_s20260618,nonbonded,202331,PRIVPROBE:1,duplicate_filter,0,False,0,duplicate_filter
m12_heavy_flood_dup60_s20260618_nonbonded,P3-NoPersist,m12_heavy_flood_dup60_s20260618,nonbonded,203422,PRIVPROBE:1,duplicate_filter,0,False,0,duplicate_filter
m12_heavy_flood_dup60_s20260618_nonbonded,P3-NoPersist,m12_heavy_flood_dup60_s20260618,nonbonded,204529,PRIVPROBE:1,duplicate_filter,0,False,0,duplicate_filter
m12_heavy_flood_dup60_s20260618_nonbonded,P3-NoPersist,m12_heavy_flood_dup60_s20260618,nonbonded,205621,PRIVPROBE:1,duplicate_filter,0,False,0,duplicate_filter
m12_heavy_flood_dup60_s20260618_nonbonded,P3-NoPersist,m12_heavy_flood_dup60_s20260618,nonbonded,206768,PRIVPROBE:1,duplicate_filter,0,False,0,duplicate_filter
m12_heavy_flood_dup60_s20260618_nonbonded,P3-NoPersist,m12_heavy_flood_dup60_s20260618,nonbonded,207875,PRIVPROBE:1,duplicate_filter,0,False,0,duplicate_filter
m12_heavy_flood_dup60_s20260618_nonbonded,P3-NoPersist,m12_heavy_flood_dup60_s20260618,nonbonded,208972,PRIVPROBE:1,duplicate_filter,0,False,0,duplicate_filter
m12_heavy_flood_dup60_s20260618_nonbonded,P3-NoPersist,m12_heavy_flood_dup60_s20260618,nonbonded,210171,PRIVPROBE:1,duplicate_filter,0,False,0,duplicate_filter
m12_heavy_flood_dup60_s20260618_nonbonded,P3-NoPersist,m12_heavy_flood_dup60_s20260618,nonbonded,211330,PRIVPROBE:1,duplicate_filter,0,False,0,duplicate_filter
m12_heavy_flood_dup60_s20260618_nonbonded,P3-NoPersist,m12_heavy_flood_dup60_s20260618,nonbonded,212426,PRIVPROBE:1,duplicate_filter,0,False,0,duplicate_filter
m12_heavy_flood_dup60_s20260618_nonbonded,P3-NoPersist,m12_heavy_flood_dup60_s20260618,nonbonded,213566,PRIVPROBE:1,defer,0,True,1000,defer
m12_heavy_flood_dup60_s20260618_nonbonded,P3-NoPersist,m12_heavy_flood_dup60_s20260618,nonbonded,214733,PRIVPROBE:1,duplicate_filter,0,False,0,duplicate_filter
m12_heavy_flood_dup60_s20260618_nonbonded,P3-NoPersist,m12_heavy_flood_dup60_s20260618,nonbonded,215806,PRIVPROBE:1,duplicate_filter,0,False,0,duplicate_filter
m12_heavy_flood_dup60_s20260618_nonbonded,P3-NoPersist,m12_heavy_flood_dup60_s20260618,nonbonded,216905,PRIVPROBE:1,duplicate_filter,0,False,0,duplicate_filter
m12_heavy_flood_dup60_s20260618_nonbonded,P3-NoPersist,m12_heavy_flood_dup60_s20260618,nonbonded,218057,PRIVPROBE:1,duplicate_filter,0,False,0,duplicate_filter
m12_heavy_flood_dup60_s20260618_nonbonded,P3-NoPersist,m12_heavy_flood_dup60_s20260618,nonbonded,219124,PRIVPROBE:1,duplicate_filter,0,False,0,duplicate_filter
m12_heavy_flood_dup60_s20260618_nonbonded,P3-NoPersist,m12_heavy_flood_dup60_s20260618,nonbonded,220218,PRIVPROBE:1,duplicate_filter,0,False,0,duplicate_filter
m12_heavy_flood_dup60_s20260618_nonbonded,P3-NoPersist,m12_heavy_flood_dup60_s20260618,nonbonded,221399,PRIVPROBE:1,duplicate_filter,0,False,0,duplicate_filter
m12_heavy_flood_dup60_s20260618_nonbonded,P3-NoPersist,m12_heavy_flood_dup60_s20260618,nonbonded,222551,PRIVPROBE:1,duplicate_filter,0,False,0,duplicate_filter
m12_heavy_flood_dup60_s20260618_nonbonded,P3-NoPersist,m12_heavy_flood_dup60_s20260618,nonbonded,223717,PRIVPROBE:1,duplicate_filter,0,False,0,duplicate_filter
m12_heavy_flood_dup60_s20260618_nonbonded,P3-NoPersist,m12_heavy_flood_dup60_s20260618,nonbonded,224846,PRIVPROBE:1,duplicate_filter,0,False,0,duplicate_filter
m12_heavy_flood_dup60_s20260618_nonbonded,P3-NoPersist,m12_heavy_flood_dup60_s20260618,nonbonded,225982,PRIVPROBE:1,duplicate_filter,0,False,0,duplicate_filter
m12_heavy_flood_dup60_s20260618_nonbonded,P3-NoPersist,m12_heavy_flood_dup60_s20260618,nonbonded,227132,PRIVPROBE:1,defer,0,True,1000,defer
m12_heavy_flood_dup60_s20260618_nonbonded,P3-NoPersist,m12_heavy_flood_dup60_s20260618,nonbonded,228251,PRIVPROBE:1,duplicate_filter,0,False,0,duplicate_filter
m12_heavy_flood_dup60_s20260618_nonbonded,P3-NoPersist,m12_heavy_flood_dup60_s20260618,nonbonded,229326,PRIVPROBE:1,duplicate_filter,0,False,0,duplicate_filter
m12_heavy_flood_dup60_s20260618_nonbonded,P3-NoPersist,m12_heavy_flood_dup60_s20260618,nonbonded,230504,PRIVPROBE:1,duplicate_filter,0,False,0,duplicate_filter
m12_heavy_flood_dup60_s20260618_nonbonded,P3-NoPersist,m12_heavy_flood_dup60_s20260618,nonbonded,231643,PRIVPROBE:1,duplicate_filter,0,False,0,duplicate_filter
m12_heavy_flood_dup60_s20260618_nonbonded,P3-NoPersist,m12_heavy_flood_dup60_s20260618,nonbonded,232738,PRIVPROBE:1,duplicate_filter,0,False,0,duplicate_filter
m12_heavy_flood_dup60_s20260618_nonbonded,P3-NoPersist,m12_heavy_flood_dup60_s20260618,nonbonded,233916,PRIVPROBE:1,duplicate_filter,0,False,0,duplicate_filter
m12_heavy_flood_dup60_s20260618_nonbonded,P3-NoPersist,m12_heavy_flood_dup60_s20260618,nonbonded,234967,PRIVPROBE:1,duplicate_filter,0,False,0,duplicate_filter
m12_heavy_flood_dup60_s20260618_nonbonded,P3-NoPersist,m12_heavy_flood_dup60_s20260618,nonbonded,236075,PRIVPROBE:1,duplicate_filter,0,False,0,duplicate_filter
m12_heavy_flood_dup60_s20260618_nonbonded,P3-NoPersist,m12_heavy_flood_dup60_s20260618,nonbonded,237183,PRIVPROBE:1,duplicate_filter,0,False,0,duplicate_filter
m12_heavy_flood_dup60_s20260618_nonbonded,P3-NoPersist,m12_heavy_flood_dup60_s20260618,nonbonded,238260,PRIVPROBE:1,duplicate_filter,0,False,0,duplicate_filter
m12_heavy_flood_dup60_s20260618_nonbonded,P3-NoPersist,m12_heavy_flood_dup60_s20260618,nonbonded,239413,PRIVPROBE:1,duplicate_filter,0,False,0,duplicate_filter
m12_heavy_flood_dup60_s20260618_nonbonded,P3-NoPersist,m12_heavy_flood_dup60_s20260618,nonbonded,240499,PRIVPROBE:1,defer,0,True,1000,defer
m12_heavy_flood_dup60_s20260618_nonbonded,P3-NoPersist,m12_heavy_flood_dup60_s20260618,nonbonded,241607,PRIVPROBE:1,duplicate_filter,0,False,0,duplicate_filter
m12_heavy_flood_dup60_s20260618_nonbonded,P3-NoPersist,m12_heavy_flood_dup60_s20260618,nonbonded,242791,PRIVPROBE:1,duplicate_filter,0,False,0,duplicate_filter
m12_heavy_flood_dup60_s20260618_nonbonded,P3-NoPersist,m12_heavy_flood_dup60_s20260618,nonbonded,243893,PRIVPROBE:1,duplicate_filter,0,False,0,duplicate_filter
m12_heavy_flood_dup60_s20260618_nonbonded,P3-NoPersist,m12_heavy_flood_dup60_s20260618,nonbonded,245011,PRIVPROBE:1,duplicate_filter,0,False,0,duplicate_filter
m12_heavy_flood_dup60_s20260618_nonbonded,P3-NoPersist,m12_heavy_flood_dup60_s20260618,nonbonded,246077,PRIVPROBE:1,duplicate_filter,0,False,0,duplicate_filter
m12_heavy_flood_dup60_s20260618_nonbonded,P3-NoPersist,m12_heavy_flood_dup60_s20260618,nonbonded,247219,PRIVPROBE:1,duplicate_filter,0,False,0,duplicate_filter
m12_heavy_flood_dup60_s20260618_nonbonded,P3-NoPersist,m12_heavy_flood_dup60_s20260618,nonbonded,248272,PRIVPROBE:1,duplicate_filter,0,False,0,duplicate_filter
m12_heavy_flood_dup60_s20260618_nonbonded,P3-NoPersist,m12_heavy_flood_dup60_s20260618,nonbonded,249368,PRIVPROBE:1,duplicate_filter,0,False,0,duplicate_filter
m12_heavy_flood_dup60_s20260618_nonbonded,P3-NoPersist,m12_heavy_flood_dup60_s20260618,nonbonded,250548,PRIVPROBE:1,duplicate_filter,0,False,0,duplicate_filter
m12_heavy_flood_dup60_s20260618_nonbonded,P3-NoPersist,m12_heavy_flood_dup60_s20260618,nonbonded,251668,PRIVPROBE:1,duplicate_filter,0,False,0,duplicate_filter
m12_heavy_flood_dup60_s20260618_nonbonded,P3-NoPersist,m12_heavy_flood_dup60_s20260618,nonbonded,252713,PRIVPROBE:1,duplicate_filter,0,False,0,duplicate_filter
m12_heavy_flood_dup60_s20260618_nonbonded,P3-NoPersist,m12_heavy_flood_dup60_s20260618,nonbonded,253799,PRIVPROBE:1,defer,0,True,1000,defer
m12_heavy_flood_dup60_s20260618_nonbonded,P3-NoPersist,m12_heavy_flood_dup60_s20260618,nonbonded,254920,PRIVPROBE:1,duplicate_filter,0,False,0,duplicate_filter
m12_heavy_flood_dup60_s20260618_nonbonded,P3-NoPersist,m12_heavy_flood_dup60_s20260618,nonbonded,256010,PRIVPROBE:1,duplicate_filter,0,False,0,duplicate_filter
m12_heavy_flood_dup60_s20260618_nonbonded,P3-NoPersist,m12_heavy_flood_dup60_s20260618,nonbonded,257073,PRIVPROBE:1,duplicate_filter,0,False,0,duplicate_filter
m12_heavy_flood_dup60_s20260618_nonbonded,P3-NoPersist,m12_heavy_flood_dup60_s20260618,nonbonded,258193,PRIVPROBE:1,duplicate_filter,0,False,0,duplicate_filter
m12_heavy_flood_dup60_s20260618_nonbonded,P3-NoPersist,m12_heavy_flood_dup60_s20260618,nonbonded,259315,PRIVPROBE:1,duplicate_filter,0,False,0,duplicate_filter
m12_heavy_flood_dup60_s20260618_nonbonded,P3-NoPersist,m12_heavy_flood_dup60_s20260618,nonbonded,260493,PRIVPROBE:1,duplicate_filter,0,False,0,duplicate_filter
m12_heavy_flood_dup60_s20260618_nonbonded,P3-NoPersist,m12_heavy_flood_dup60_s20260618,nonbonded,261640,PRIVPROBE:1,duplicate_filter,0,False,0,duplicate_filter
m12_heavy_flood_dup60_s20260618_nonbonded,P3-NoPersist,m12_heavy_flood_dup60_s20260618,nonbonded,262759,PRIVPROBE:1,duplicate_filter,0,False,0,duplicate_filter
m12_heavy_flood_dup60_s20260618_nonbonded,P3-NoPersist,m12_heavy_flood_dup60_s20260618,nonbonded,263868,PRIVPROBE:1,duplicate_filter,0,False,0,duplicate_filter
m12_heavy_flood_dup60_s20260618_nonbonded,P3-NoPersist,m12_heavy_flood_dup60_s20260618,nonbonded,264995,PRIVPROBE:1,duplicate_filter,0,False,0,duplicate_filter
m12_heavy_flood_dup60_s20260618_nonbonded,P3-NoPersist,m12_heavy_flood_dup60_s20260618,nonbonded,266156,PRIVPROBE:1,duplicate_filter,0,False,0,duplicate_filter
m12_heavy_flood_dup60_s20260618_nonbonded,P3-NoPersist,m12_heavy_flood_dup60_s20260618,nonbonded,267314,PRIVPROBE:1,defer,0,True,1000,defer
m12_heavy_flood_dup60_s20260618_nonbonded,P3-NoPersist,m12_heavy_flood_dup60_s20260618,nonbonded,268441,PRIVPROBE:1,duplicate_filter,0,False,0,duplicate_filter
m12_heavy_flood_dup60_s20260618_nonbonded,P3-NoPersist,m12_heavy_flood_dup60_s20260618,nonbonded,269571,PRIVPROBE:1,duplicate_filter,0,False,0,duplicate_filter
m12_heavy_flood_dup60_s20260618_nonbonded,P3-NoPersist,m12_heavy_flood_dup60_s20260618,nonbonded,270665,PRIVPROBE:1,duplicate_filter,0,False,0,duplicate_filter
m12_heavy_flood_dup60_s20260618_nonbonded,P3-NoPersist,m12_heavy_flood_dup60_s20260618,nonbonded,271729,PRIVPROBE:1,duplicate_filter,0,False,0,duplicate_filter
m12_heavy_flood_dup60_s20260618_nonbonded,P3-NoPersist,m12_heavy_flood_dup60_s20260618,nonbonded,272796,PRIVPROBE:1,duplicate_filter,0,False,0,duplicate_filter
m12_heavy_flood_dup60_s20260618_nonbonded,P3-NoPersist,m12_heavy_flood_dup60_s20260618,nonbonded,273903,PRIVPROBE:1,duplicate_filter,0,False,0,duplicate_filter
m12_heavy_flood_dup60_s20260618_nonbonded,P3-NoPersist,m12_heavy_flood_dup60_s20260618,nonbonded,275089,PRIVPROBE:1,duplicate_filter,0,False,0,duplicate_filter
m12_heavy_flood_dup60_s20260618_nonbonded,P3-NoPersist,m12_heavy_flood_dup60_s20260618,nonbonded,276151,PRIVPROBE:1,duplicate_filter,0,False,0,duplicate_filter
m12_heavy_flood_dup60_s20260618_nonbonded,P3-NoPersist,m12_heavy_flood_dup60_s20260618,nonbonded,277332,PRIVPROBE:1,duplicate_filter,0,False,0,duplicate_filter
m12_heavy_flood_dup60_s20260618_nonbonded,P3-NoPersist,m12_heavy_flood_dup60_s20260618,nonbonded,278469,PRIVPROBE:1,duplicate_filter,0,False,0,duplicate_filter
m12_heavy_flood_dup60_s20260618_nonbonded,P3-NoPersist,m12_heavy_flood_dup60_s20260618,nonbonded,279575,PRIVPROBE:1,duplicate_filter,0,False,0,duplicate_filter
m12_heavy_flood_dup60_s20260618_nonbonded,P3-NoPersist,m12_heavy_flood_dup60_s20260618,nonbonded,280669,PRIVPROBE:1,defer,0,True,1000,defer
m12_heavy_flood_dup60_s20260618_nonbonded,P3-NoPersist,m12_heavy_flood_dup60_s20260618,nonbonded,281834,PRIVPROBE:1,duplicate_filter,0,False,0,duplicate_filter
m12_heavy_flood_dup60_s20260618_nonbonded,P3-NoPersist,m12_heavy_flood_dup60_s20260618,nonbonded,282893,PRIVPROBE:1,duplicate_filter,0,False,0,duplicate_filter
m12_heavy_flood_dup60_s20260618_nonbonded,P3-NoPersist,m12_heavy_flood_dup60_s20260618,nonbonded,284027,PRIVPROBE:1,duplicate_filter,0,False,0,duplicate_filter
m12_heavy_flood_dup60_s20260618_nonbonded,P3-NoPersist,m12_heavy_flood_dup60_s20260618,nonbonded,285099,PRIVPROBE:1,duplicate_filter,0,False,0,duplicate_filter
m12_heavy_flood_dup60_s20260618_nonbonded,P3-NoPersist,m12_heavy_flood_dup60_s20260618,nonbonded,286144,PRIVPROBE:1,duplicate_filter,0,False,0,duplicate_filter
m12_heavy_flood_dup60_s20260618_nonbonded,P3-NoPersist,m12_heavy_flood_dup60_s20260618,nonbonded,287331,PRIVPROBE:1,duplicate_filter,0,False,0,duplicate_filter
m12_heavy_flood_dup60_s20260618_nonbonded,P3-NoPersist,m12_heavy_flood_dup60_s20260618,nonbonded,288403,PRIVPROBE:1,duplicate_filter,0,False,0,duplicate_filter
m12_heavy_flood_dup60_s20260618_nonbonded,P3-NoPersist,m12_heavy_flood_dup60_s20260618,nonbonded,289489,PRIVPROBE:1,duplicate_filter,0,False,0,duplicate_filter
m12_heavy_flood_dup60_s20260618_nonbonded,P3-NoPersist,m12_heavy_flood_dup60_s20260618,nonbonded,290566,PRIVPROBE:1,duplicate_filter,0,False,0,duplicate_filter
m12_heavy_flood_dup60_s20260618_nonbonded,P3-NoPersist,m12_heavy_flood_dup60_s20260618,nonbonded,291638,PRIVPROBE:1,duplicate_filter,0,False,0,duplicate_filter
m12_heavy_flood_dup60_s20260618_nonbonded,P3-NoPersist,m12_heavy_flood_dup60_s20260618,nonbonded,292721,PRIVPROBE:1,duplicate_filter,0,False,0,duplicate_filter
m12_heavy_flood_dup60_s20260618_nonbonded,P3-NoPersist,m12_heavy_flood_dup60_s20260618,nonbonded,293836,PRIVPROBE:1,defer,0,True,1000,defer
m12_heavy_flood_dup60_s20260618_nonbonded,P3-NoPersist,m12_heavy_flood_dup60_s20260618,nonbonded,294894,PRIVPROBE:1,duplicate_filter,0,False,0,duplicate_filter
m12_heavy_flood_dup60_s20260618_nonbonded,P3-NoPersist,m12_heavy_flood_dup60_s20260618,nonbonded,295960,PRIVPROBE:1,duplicate_filter,0,False,0,duplicate_filter
m12_heavy_flood_dup60_s20260618_nonbonded,P3-NoPersist,m12_heavy_flood_dup60_s20260618,nonbonded,297081,PRIVPROBE:1,duplicate_filter,0,False,0,duplicate_filter
m12_heavy_flood_dup60_s20260618_nonbonded,P3-NoPersist,m12_heavy_flood_dup60_s20260618,nonbonded,298246,PRIVPROBE:1,duplicate_filter,0,False,0,duplicate_filter
m12_heavy_flood_dup60_s20260618_nonbonded,P3-NoPersist,m12_heavy_flood_dup60_s20260618,nonbonded,299398,PRIVPROBE:1,duplicate_filter,0,False,0,duplicate_filter
m12_heavy_flood_dup60_s20260618_nonbonded,P3-NoPersist,m12_heavy_flood_dup60_s20260618,nonbonded,300526,PRIVPROBE:1,duplicate_filter,0,False,0,duplicate_filter
m12_heavy_flood_dup60_s20260618_nonbonded,P3-NoPersist,m12_heavy_flood_dup60_s20260618,nonbonded,301592,PRIVPROBE:1,duplicate_filter,0,False,0,duplicate_filter
m12_heavy_flood_dup60_s20260618_nonbonded,P3-NoPersist,m12_heavy_flood_dup60_s20260618,nonbonded,302679,PRIVPROBE:1,duplicate_filter,0,False,0,duplicate_filter
m12_heavy_flood_dup60_s20260618_nonbonded,P3-NoPersist,m12_heavy_flood_dup60_s20260618,nonbonded,303741,PRIVPROBE:1,duplicate_filter,0,False,0,duplicate_filter
m12_heavy_flood_dup60_s20260618_nonbonded,P3-NoPersist,m12_heavy_flood_dup60_s20260618,nonbonded,304864,PRIVPROBE:1,duplicate_filter,0,False,0,duplicate_filter
m12_heavy_flood_dup60_s20260618_nonbonded,P3-NoPersist,m12_heavy_flood_dup60_s20260618,nonbonded,305946,PRIVPROBE:1,duplicate_filter,0,False,0,duplicate_filter
m12_heavy_flood_dup60_s20260618_nonbonded,P3-NoPersist,m12_heavy_flood_dup60_s20260618,nonbonded,307084,PRIVPROBE:1,defer,0,True,1000,defer
m12_heavy_flood_dup60_s20260618_nonbonded,P3-NoPersist,m12_heavy_flood_dup60_s20260618,nonbonded,308232,PRIVPROBE:1,duplicate_filter,0,False,0,duplicate_filter
m12_heavy_flood_dup60_s20260618_nonbonded,P3-NoPersist,m12_heavy_flood_dup60_s20260618,nonbonded,309288,PRIVPROBE:1,duplicate_filter,0,False,0,duplicate_filter
m12_heavy_flood_dup60_s20260618_nonbonded,P3-NoPersist,m12_heavy_flood_dup60_s20260618,nonbonded,310416,PRIVPROBE:1,duplicate_filter,0,False,0,duplicate_filter
m12_heavy_flood_dup60_s20260618_nonbonded,P3-NoPersist,m12_heavy_flood_dup60_s20260618,nonbonded,311532,PRIVPROBE:1,duplicate_filter,0,False,0,duplicate_filter
m12_heavy_flood_dup60_s20260618_nonbonded,P3-NoPersist,m12_heavy_flood_dup60_s20260618,nonbonded,312649,PRIVPROBE:1,duplicate_filter,0,False,0,duplicate_filter
m12_heavy_flood_dup60_s20260618_nonbonded,P3-NoPersist,m12_heavy_flood_dup60_s20260618,nonbonded,313730,PRIVPROBE:1,duplicate_filter,0,False,0,duplicate_filter
m12_heavy_flood_dup60_s20260618_nonbonded,P3-NoPersist,m12_heavy_flood_dup60_s20260618,nonbonded,314813,PRIVPROBE:1,duplicate_filter,0,False,0,duplicate_filter
m12_heavy_flood_dup60_s20260618_nonbonded,P3-NoPersist,m12_heavy_flood_dup60_s20260618,nonbonded,315914,PRIVPROBE:1,duplicate_filter,0,False,0,duplicate_filter
m12_heavy_flood_dup60_s20260618_nonbonded,P3-NoPersist,m12_heavy_flood_dup60_s20260618,nonbonded,317062,PRIVPROBE:1,duplicate_filter,0,False,0,duplicate_filter
m12_heavy_flood_dup60_s20260618_nonbonded,P3-NoPersist,m12_heavy_flood_dup60_s20260618,nonbonded,318128,PRIVPROBE:1,duplicate_filter,0,False,0,duplicate_filter
m12_heavy_flood_dup60_s20260618_nonbonded,P3-NoPersist,m12_heavy_flood_dup60_s20260618,nonbonded,319208,PRIVPROBE:1,duplicate_filter,0,False,0,duplicate_filter
m12_heavy_flood_dup60_s20260618_nonbonded,P3-NoPersist,m12_heavy_flood_dup60_s20260618,nonbonded,320345,PRIVPROBE:1,defer,0,True,1000,defer
m12_heavy_flood_dup60_s20260618_nonbonded,P3-NoPersist,m12_heavy_flood_dup60_s20260618,nonbonded,321443,PRIVPROBE:1,duplicate_filter,0,False,0,duplicate_filter
m12_heavy_flood_dup60_s20260618_nonbonded,P3-NoPersist,m12_heavy_flood_dup60_s20260618,nonbonded,322586,PRIVPROBE:1,duplicate_filter,0,False,0,duplicate_filter
m12_heavy_flood_dup60_s20260618_nonbonded,P3-NoPersist,m12_heavy_flood_dup60_s20260618,nonbonded,323711,PRIVPROBE:1,duplicate_filter,0,False,0,duplicate_filter
m12_heavy_flood_dup60_s20260618_nonbonded,P3-NoPersist,m12_heavy_flood_dup60_s20260618,nonbonded,324840,PRIVPROBE:1,duplicate_filter,0,False,0,duplicate_filter
m12_heavy_flood_dup60_s20260618_nonbonded,P3-NoPersist,m12_heavy_flood_dup60_s20260618,nonbonded,325905,PRIVPROBE:1,duplicate_filter,0,False,0,duplicate_filter
m12_heavy_flood_dup60_s20260618_nonbonded,P3-NoPersist,m12_heavy_flood_dup60_s20260618,nonbonded,326993,PRIVPROBE:1,duplicate_filter,0,False,0,duplicate_filter
m12_heavy_flood_dup60_s20260618_nonbonded,P3-NoPersist,m12_heavy_flood_dup60_s20260618,nonbonded,328120,PRIVPROBE:1,duplicate_filter,0,False,0,duplicate_filter
m12_heavy_flood_dup60_s20260618_nonbonded,P3-NoPersist,m12_heavy_flood_dup60_s20260618,nonbonded,329210,PRIVPROBE:1,duplicate_filter,0,False,0,duplicate_filter
m12_heavy_flood_dup60_s20260618_nonbonded,P3-NoPersist,m12_heavy_flood_dup60_s20260618,nonbonded,330332,PRIVPROBE:1,duplicate_filter,0,False,0,duplicate_filter
m12_heavy_flood_dup60_s20260618_nonbonded,P3-NoPersist,m12_heavy_flood_dup60_s20260618,nonbonded,331448,PRIVPROBE:1,duplicate_filter,0,False,0,duplicate_filter
m12_heavy_flood_dup60_s20260618_nonbonded,P3-NoPersist,m12_heavy_flood_dup60_s20260618,nonbonded,332584,PRIVPROBE:1,duplicate_filter,0,False,0,duplicate_filter
m12_heavy_flood_dup60_s20260618_nonbonded,P3-NoPersist,m12_heavy_flood_dup60_s20260618,nonbonded,333684,PRIVPROBE:1,defer,0,True,1000,defer
m12_heavy_flood_dup60_s20260618_nonbonded,P3-NoPersist,m12_heavy_flood_dup60_s20260618,nonbonded,334822,PRIVPROBE:1,duplicate_filter,0,False,0,duplicate_filter
m12_heavy_flood_dup60_s20260618_nonbonded,P3-NoPersist,m12_heavy_flood_dup60_s20260618,nonbonded,335917,PRIVPROBE:1,duplicate_filter,0,False,0,duplicate_filter
m12_heavy_flood_dup60_s20260618_nonbonded,P3-NoPersist,m12_heavy_flood_dup60_s20260618,nonbonded,336987,PRIVPROBE:1,duplicate_filter,0,False,0,duplicate_filter
m12_heavy_flood_dup60_s20260618_nonbonded,P3-NoPersist,m12_heavy_flood_dup60_s20260618,nonbonded,338054,PRIVPROBE:1,duplicate_filter,0,False,0,duplicate_filter
m12_heavy_flood_dup60_s20260618_nonbonded,P3-NoPersist,m12_heavy_flood_dup60_s20260618,nonbonded,339185,PRIVPROBE:1,duplicate_filter,0,False,0,duplicate_filter
m12_heavy_flood_dup60_s20260618_nonbonded,P3-NoPersist,m12_heavy_flood_dup60_s20260618,nonbonded,340264,PRIVPROBE:1,duplicate_filter,0,False,0,duplicate_filter
m12_heavy_flood_dup60_s20260618_nonbonded,P3-NoPersist,m12_heavy_flood_dup60_s20260618,nonbonded,341320,PRIVPROBE:1,duplicate_filter,0,False,0,duplicate_filter
m12_heavy_flood_dup60_s20260618_nonbonded,P3-NoPersist,m12_heavy_flood_dup60_s20260618,nonbonded,342374,PRIVPROBE:1,duplicate_filter,0,False,0,duplicate_filter
m12_heavy_flood_dup60_s20260618_nonbonded,P3-NoPersist,m12_heavy_flood_dup60_s20260618,nonbonded,343521,PRIVPROBE:1,duplicate_filter,0,False,0,duplicate_filter
m12_heavy_flood_dup60_s20260618_nonbonded,P3-NoPersist,m12_heavy_flood_dup60_s20260618,nonbonded,344632,PRIVPROBE:1,duplicate_filter,0,False,0,duplicate_filter
m12_heavy_flood_dup60_s20260618_nonbonded,P3-NoPersist,m12_heavy_flood_dup60_s20260618,nonbonded,345740,PRIVPROBE:1,duplicate_filter,0,False,0,duplicate_filter
m12_heavy_flood_dup60_s20260618_nonbonded,P3-NoPersist,m12_heavy_flood_dup60_s20260618,nonbonded,346823,PRIVPROBE:1,defer,0,True,1000,defer
m12_heavy_flood_dup60_s20260618_nonbonded,P3-NoPersist,m12_heavy_flood_dup60_s20260618,nonbonded,347877,PRIVPROBE:1,duplicate_filter,0,False,0,duplicate_filter
m12_heavy_flood_dup60_s20260618_nonbonded,P3-NoPersist,m12_heavy_flood_dup60_s20260618,nonbonded,348996,PRIVPROBE:1,duplicate_filter,0,False,0,duplicate_filter
m12_heavy_flood_dup60_s20260618_nonbonded,P3-NoPersist,m12_heavy_flood_dup60_s20260618,nonbonded,350117,PRIVPROBE:1,duplicate_filter,0,False,0,duplicate_filter
m12_heavy_flood_dup60_s20260618_nonbonded,P3-NoPersist,m12_heavy_flood_dup60_s20260618,nonbonded,351186,PRIVPROBE:1,duplicate_filter,0,False,0,duplicate_filter
m12_heavy_flood_dup60_s20260618_nonbonded,P3-NoPersist,m12_heavy_flood_dup60_s20260618,nonbonded,352275,PRIVPROBE:1,duplicate_filter,0,False,0,duplicate_filter
m12_heavy_flood_dup60_s20260618_nonbonded,P3-NoPersist,m12_heavy_flood_dup60_s20260618,nonbonded,353342,PRIVPROBE:1,duplicate_filter,0,False,0,duplicate_filter
m12_heavy_flood_dup60_s20260618_nonbonded,P3-NoPersist,m12_heavy_flood_dup60_s20260618,nonbonded,354480,PRIVPROBE:1,duplicate_filter,0,False,0,duplicate_filter
m12_heavy_flood_dup60_s20260618_nonbonded,P3-NoPersist,m12_heavy_flood_dup60_s20260618,nonbonded,355626,PRIVPROBE:1,duplicate_filter,0,False,0,duplicate_filter
m12_heavy_flood_dup60_s20260618_nonbonded,P3-NoPersist,m12_heavy_flood_dup60_s20260618,nonbonded,356837,PRIVPROBE:1,duplicate_filter,0,False,0,duplicate_filter
m12_heavy_flood_dup60_s20260618_nonbonded,P3-NoPersist,m12_heavy_flood_dup60_s20260618,nonbonded,357962,PRIVPROBE:1,duplicate_filter,0,False,0,duplicate_filter
m12_heavy_flood_dup60_s20260618_nonbonded,P3-NoPersist,m12_heavy_flood_dup60_s20260618,nonbonded,359098,PRIVPROBE:1,duplicate_filter,0,False,0,duplicate_filter
m12_heavy_flood_dup60_s20260618_nonbonded,P3-NoPersist,m12_heavy_flood_dup60_s20260618,nonbonded,360171,PRIVPROBE:1,defer,0,True,1000,defer
m12_heavy_flood_dup60_s20260618_nonbonded,P3-NoPersist,m12_heavy_flood_dup60_s20260618,nonbonded,361304,PRIVPROBE:1,duplicate_filter,0,False,0,duplicate_filter
m12_heavy_flood_dup60_s20260618_nonbonded,P3-NoPersist,m12_heavy_flood_dup60_s20260618,nonbonded,362394,PRIVPROBE:1,duplicate_filter,0,False,0,duplicate_filter
m12_heavy_flood_dup60_s20260618_nonbonded,P3-NoPersist,m12_heavy_flood_dup60_s20260618,nonbonded,363512,PRIVPROBE:1,duplicate_filter,0,False,0,duplicate_filter
m12_heavy_flood_dup60_s20260618_nonbonded,P3-NoPersist,m12_heavy_flood_dup60_s20260618,nonbonded,364601,PRIVPROBE:1,duplicate_filter,0,False,0,duplicate_filter
m12_heavy_flood_dup60_s20260618_nonbonded,P3-NoPersist,m12_heavy_flood_dup60_s20260618,nonbonded,365747,PRIVPROBE:1,duplicate_filter,0,False,0,duplicate_filter
m12_heavy_flood_dup60_s20260618_nonbonded,P3-NoPersist,m12_heavy_flood_dup60_s20260618,nonbonded,366862,PRIVPROBE:1,duplicate_filter,0,False,0,duplicate_filter
m12_heavy_flood_dup60_s20260618_nonbonded,P3-NoPersist,m12_heavy_flood_dup60_s20260618,nonbonded,367988,PRIVPROBE:1,duplicate_filter,0,False,0,duplicate_filter
m12_heavy_flood_dup60_s20260618_nonbonded,P3-NoPersist,m12_heavy_flood_dup60_s20260618,nonbonded,369093,PRIVPROBE:1,duplicate_filter,0,False,0,duplicate_filter
m12_heavy_flood_dup60_s20260618_nonbonded,P3-NoPersist,m12_heavy_flood_dup60_s20260618,nonbonded,370197,PRIVPROBE:1,duplicate_filter,0,False,0,duplicate_filter
m12_heavy_flood_dup60_s20260618_nonbonded,P3-NoPersist,m12_heavy_flood_dup60_s20260618,nonbonded,371277,PRIVPROBE:1,duplicate_filter,0,False,0,duplicate_filter
m12_heavy_flood_dup60_s20260618_nonbonded,P3-NoPersist,m12_heavy_flood_dup60_s20260618,nonbonded,372373,PRIVPROBE:1,duplicate_filter,0,False,0,duplicate_filter
m12_heavy_flood_dup60_s20260618_nonbonded,P3-NoPersist,m12_heavy_flood_dup60_s20260618,nonbonded,373405,PRIVPROBE:1,defer,0,True,1000,defer
m12_heavy_flood_dup60_s20260618_nonbonded,P3-NoPersist,m12_heavy_flood_dup60_s20260618,nonbonded,374549,PRIVPROBE:1,duplicate_filter,0,False,0,duplicate_filter
m12_heavy_flood_dup60_s20260618_nonbonded,P3-NoPersist,m12_heavy_flood_dup60_s20260618,nonbonded,375711,PRIVPROBE:1,duplicate_filter,0,False,0,duplicate_filter
m12_heavy_flood_dup60_s20260618_nonbonded,P3-NoPersist,m12_heavy_flood_dup60_s20260618,nonbonded,376827,PRIVPROBE:1,duplicate_filter,0,False,0,duplicate_filter
m12_heavy_flood_dup60_s20260618_nonbonded,P3-NoPersist,m12_heavy_flood_dup60_s20260618,nonbonded,377970,PRIVPROBE:1,duplicate_filter,0,False,0,duplicate_filter
m12_heavy_flood_dup60_s20260618_nonbonded,P3-NoPersist,m12_heavy_flood_dup60_s20260618,nonbonded,379042,PRIVPROBE:1,duplicate_filter,0,False,0,duplicate_filter
m12_heavy_flood_dup60_s20260618_nonbonded,P3-NoPersist,m12_heavy_flood_dup60_s20260618,nonbonded,380149,PRIVPROBE:1,duplicate_filter,0,False,0,duplicate_filter
m12_heavy_flood_dup60_s20260618_nonbonded,P3-NoPersist,m12_heavy_flood_dup60_s20260618,nonbonded,381297,PRIVPROBE:1,duplicate_filter,0,False,0,duplicate_filter
m12_heavy_flood_dup60_s20260618_nonbonded,P3-NoPersist,m12_heavy_flood_dup60_s20260618,nonbonded,382449,PRIVPROBE:1,duplicate_filter,0,False,0,duplicate_filter
m12_heavy_flood_dup60_s20260618_nonbonded,P3-NoPersist,m12_heavy_flood_dup60_s20260618,nonbonded,383595,PRIVPROBE:1,duplicate_filter,0,False,0,duplicate_filter
m12_heavy_flood_dup60_s20260618_nonbonded,P3-NoPersist,m12_heavy_flood_dup60_s20260618,nonbonded,384711,PRIVPROBE:1,duplicate_filter,0,False,0,duplicate_filter
m12_heavy_flood_dup60_s20260618_nonbonded,P3-NoPersist,m12_heavy_flood_dup60_s20260618,nonbonded,385828,PRIVPROBE:1,duplicate_filter,0,False,0,duplicate_filter
m12_heavy_flood_dup60_s20260618_nonbonded,P3-NoPersist,m12_heavy_flood_dup60_s20260618,nonbonded,386971,PRIVPROBE:1,defer,0,True,1000,defer
m12_heavy_flood_dup60_s20260618_nonbonded,P3-NoPersist,m12_heavy_flood_dup60_s20260618,nonbonded,388079,PRIVPROBE:1,duplicate_filter,0,False,0,duplicate_filter
m12_heavy_flood_dup60_s20260618_nonbonded,P3-NoPersist,m12_heavy_flood_dup60_s20260618,nonbonded,389108,PRIVPROBE:1,duplicate_filter,0,False,0,duplicate_filter
m12_heavy_flood_dup60_s20260618_nonbonded,P3-NoPersist,m12_heavy_flood_dup60_s20260618,nonbonded,390224,PRIVPROBE:1,duplicate_filter,0,False,0,duplicate_filter
m12_heavy_flood_dup60_s20260618_nonbonded,P3-NoPersist,m12_heavy_flood_dup60_s20260618,nonbonded,391344,PRIVPROBE:1,duplicate_filter,0,False,0,duplicate_filter
m12_heavy_flood_dup60_s20260618_nonbonded,P3-NoPersist,m12_heavy_flood_dup60_s20260618,nonbonded,392399,PRIVPROBE:1,duplicate_filter,0,False,0,duplicate_filter
m12_heavy_flood_dup60_s20260618_nonbonded,P3-NoPersist,m12_heavy_flood_dup60_s20260618,nonbonded,393453,PRIVPROBE:1,duplicate_filter,0,False,0,duplicate_filter
m12_heavy_flood_dup60_s20260618_nonbonded,P3-NoPersist,m12_heavy_flood_dup60_s20260618,nonbonded,394574,PRIVPROBE:1,duplicate_filter,0,False,0,duplicate_filter
m12_heavy_flood_dup60_s20260618_nonbonded,P3-NoPersist,m12_heavy_flood_dup60_s20260618,nonbonded,395702,PRIVPROBE:1,duplicate_filter,0,False,0,duplicate_filter
m12_heavy_flood_dup60_s20260618_nonbonded,P3-NoPersist,m12_heavy_flood_dup60_s20260618,nonbonded,396796,PRIVPROBE:1,duplicate_filter,0,False,0,duplicate_filter
m12_heavy_flood_dup60_s20260618_nonbonded,P3-NoPersist,m12_heavy_flood_dup60_s20260618,nonbonded,397945,PRIVPROBE:1,duplicate_filter,0,False,0,duplicate_filter
m12_heavy_flood_dup60_s20260618_nonbonded,P3-NoPersist,m12_heavy_flood_dup60_s20260618,nonbonded,399058,PRIVPROBE:1,duplicate_filter,0,False,0,duplicate_filter
m12_heavy_flood_dup60_s20260618_nonbonded,BudgetDoS,m12_heavy_flood_dup60_s20260618,nonbonded,67195,PRIVPROBE:0,budget_skip,0,False,0,budget_skip
m12_heavy_flood_dup60_s20260618_nonbonded,BudgetDoS,m12_heavy_flood_dup60_s20260618,nonbonded,68280,PRIVPROBE:0,duplicate_filter,0,False,0,duplicate_filter
m12_heavy_flood_dup60_s20260618_nonbonded,BudgetDoS,m12_heavy_flood_dup60_s20260618,nonbonded,69342,PRIVPROBE:0,duplicate_filter,0,False,0,duplicate_filter
m12_heavy_flood_dup60_s20260618_nonbonded,BudgetDoS,m12_heavy_flood_dup60_s20260618,nonbonded,70460,PRIVPROBE:0,duplicate_filter,0,False,0,duplicate_filter
m12_heavy_flood_dup60_s20260618_nonbonded,BudgetDoS,m12_heavy_flood_dup60_s20260618,nonbonded,71631,PRIVPROBE:0,duplicate_filter,0,False,0,duplicate_filter
m12_heavy_flood_dup60_s20260618_nonbonded,BudgetDoS,m12_heavy_flood_dup60_s20260618,nonbonded,72711,PRIVPROBE:0,duplicate_filter,0,False,0,duplicate_filter
m12_heavy_flood_dup60_s20260618_nonbonded,BudgetDoS,m12_heavy_flood_dup60_s20260618,nonbonded,73860,PRIVPROBE:0,duplicate_filter,0,False,0,duplicate_filter
m12_heavy_flood_dup60_s20260618_nonbonded,BudgetDoS,m12_heavy_flood_dup60_s20260618,nonbonded,74995,PRIVPROBE:0,duplicate_filter,0,False,0,duplicate_filter
m12_heavy_flood_dup60_s20260618_nonbonded,BudgetDoS,m12_heavy_flood_dup60_s20260618,nonbonded,76143,PRIVPROBE:0,duplicate_filter,0,False,0,duplicate_filter
m12_heavy_flood_dup60_s20260618_nonbonded,BudgetDoS,m12_heavy_flood_dup60_s20260618,nonbonded,77213,PRIVPROBE:0,duplicate_filter,0,False,0,duplicate_filter
m12_heavy_flood_dup60_s20260618_nonbonded,BudgetDoS,m12_heavy_flood_dup60_s20260618,nonbonded,78367,PRIVPROBE:0,duplicate_filter,0,False,0,duplicate_filter
m12_heavy_flood_dup60_s20260618_nonbonded,BudgetDoS,m12_heavy_flood_dup60_s20260618,nonbonded,79531,PRIVPROBE:0,duplicate_filter,0,False,0,duplicate_filter
m12_heavy_flood_dup60_s20260618_nonbonded,BudgetDoS,m12_heavy_flood_dup60_s20260618,nonbonded,80644,PRIVPROBE:0,budget_skip,0,False,0,budget_skip
m12_heavy_flood_dup60_s20260618_nonbonded,BudgetDoS,m12_heavy_flood_dup60_s20260618,nonbonded,81703,PRIVPROBE:0,duplicate_filter,0,False,0,duplicate_filter
m12_heavy_flood_dup60_s20260618_nonbonded,BudgetDoS,m12_heavy_flood_dup60_s20260618,nonbonded,82771,PRIVPROBE:0,duplicate_filter,0,False,0,duplicate_filter
m12_heavy_flood_dup60_s20260618_nonbonded,BudgetDoS,m12_heavy_flood_dup60_s20260618,nonbonded,83766,PRIVPROBE:0,duplicate_filter,0,False,0,duplicate_filter
m12_heavy_flood_dup60_s20260618_nonbonded,BudgetDoS,m12_heavy_flood_dup60_s20260618,nonbonded,84893,PRIVPROBE:0,duplicate_filter,0,False,0,duplicate_filter
m12_heavy_flood_dup60_s20260618_nonbonded,BudgetDoS,m12_heavy_flood_dup60_s20260618,nonbonded,85946,PRIVPROBE:0,duplicate_filter,0,False,0,duplicate_filter
m12_heavy_flood_dup60_s20260618_nonbonded,BudgetDoS,m12_heavy_flood_dup60_s20260618,nonbonded,87091,PRIVPROBE:0,duplicate_filter,0,False,0,duplicate_filter
m12_heavy_flood_dup60_s20260618_nonbonded,BudgetDoS,m12_heavy_flood_dup60_s20260618,nonbonded,88180,PRIVPROBE:0,duplicate_filter,0,False,0,duplicate_filter
m12_heavy_flood_dup60_s20260618_nonbonded,BudgetDoS,m12_heavy_flood_dup60_s20260618,nonbonded,89277,PRIVPROBE:0,duplicate_filter,0,False,0,duplicate_filter
m12_heavy_flood_dup60_s20260618_nonbonded,BudgetDoS,m12_heavy_flood_dup60_s20260618,nonbonded,90404,PRIVPROBE:0,duplicate_filter,0,False,0,duplicate_filter
m12_heavy_flood_dup60_s20260618_nonbonded,BudgetDoS,m12_heavy_flood_dup60_s20260618,nonbonded,91485,PRIVPROBE:0,duplicate_filter,0,False,0,duplicate_filter
m12_heavy_flood_dup60_s20260618_nonbonded,BudgetDoS,m12_heavy_flood_dup60_s20260618,nonbonded,92530,PRIVPROBE:0,duplicate_filter,0,False,0,duplicate_filter
m12_heavy_flood_dup60_s20260618_nonbonded,BudgetDoS,m12_heavy_flood_dup60_s20260618,nonbonded,93724,PRIVPROBE:0,budget_skip,0,False,0,budget_skip
m12_heavy_flood_dup60_s20260618_nonbonded,BudgetDoS,m12_heavy_flood_dup60_s20260618,nonbonded,94832,PRIVPROBE:0,duplicate_filter,0,False,0,duplicate_filter
m12_heavy_flood_dup60_s20260618_nonbonded,BudgetDoS,m12_heavy_flood_dup60_s20260618,nonbonded,95951,PRIVPROBE:0,duplicate_filter,0,False,0,duplicate_filter
m12_heavy_flood_dup60_s20260618_nonbonded,BudgetDoS,m12_heavy_flood_dup60_s20260618,nonbonded,97050,PRIVPROBE:0,duplicate_filter,0,False,0,duplicate_filter
m12_heavy_flood_dup60_s20260618_nonbonded,BudgetDoS,m12_heavy_flood_dup60_s20260618,nonbonded,98210,PRIVPROBE:0,duplicate_filter,0,False,0,duplicate_filter
m12_heavy_flood_dup60_s20260618_nonbonded,BudgetDoS,m12_heavy_flood_dup60_s20260618,nonbonded,99326,PRIVPROBE:0,duplicate_filter,0,False,0,duplicate_filter
m12_heavy_flood_dup60_s20260618_nonbonded,BudgetDoS,m12_heavy_flood_dup60_s20260618,nonbonded,100459,PRIVPROBE:0,duplicate_filter,0,False,0,duplicate_filter
m12_heavy_flood_dup60_s20260618_nonbonded,BudgetDoS,m12_heavy_flood_dup60_s20260618,nonbonded,101557,PRIVPROBE:0,duplicate_filter,0,False,0,duplicate_filter
m12_heavy_flood_dup60_s20260618_nonbonded,BudgetDoS,m12_heavy_flood_dup60_s20260618,nonbonded,102677,PRIVPROBE:0,duplicate_filter,0,False,0,duplicate_filter
m12_heavy_flood_dup60_s20260618_nonbonded,BudgetDoS,m12_heavy_flood_dup60_s20260618,nonbonded,103775,PRIVPROBE:0,duplicate_filter,0,False,0,duplicate_filter
m12_heavy_flood_dup60_s20260618_nonbonded,BudgetDoS,m12_heavy_flood_dup60_s20260618,nonbonded,104900,PRIVPROBE:0,duplicate_filter,0,False,0,duplicate_filter
m12_heavy_flood_dup60_s20260618_nonbonded,BudgetDoS,m12_heavy_flood_dup60_s20260618,nonbonded,106067,PRIVPROBE:0,duplicate_filter,0,False,0,duplicate_filter
m12_heavy_flood_dup60_s20260618_nonbonded,BudgetDoS,m12_heavy_flood_dup60_s20260618,nonbonded,107138,PRIVPROBE:0,budget_skip,0,False,0,budget_skip
m12_heavy_flood_dup60_s20260618_nonbonded,BudgetDoS,m12_heavy_flood_dup60_s20260618,nonbonded,108266,PRIVPROBE:0,duplicate_filter,0,False,0,duplicate_filter
m12_heavy_flood_dup60_s20260618_nonbonded,BudgetDoS,m12_heavy_flood_dup60_s20260618,nonbonded,109395,PRIVPROBE:0,duplicate_filter,0,False,0,duplicate_filter
m12_heavy_flood_dup60_s20260618_nonbonded,BudgetDoS,m12_heavy_flood_dup60_s20260618,nonbonded,110555,PRIVPROBE:0,duplicate_filter,0,False,0,duplicate_filter
m12_heavy_flood_dup60_s20260618_nonbonded,BudgetDoS,m12_heavy_flood_dup60_s20260618,nonbonded,111570,PRIVPROBE:0,duplicate_filter,0,False,0,duplicate_filter
m12_heavy_flood_dup60_s20260618_nonbonded,BudgetDoS,m12_heavy_flood_dup60_s20260618,nonbonded,112683,PRIVPROBE:0,duplicate_filter,0,False,0,duplicate_filter
m12_heavy_flood_dup60_s20260618_nonbonded,BudgetDoS,m12_heavy_flood_dup60_s20260618,nonbonded,113770,PRIVPROBE:0,duplicate_filter,0,False,0,duplicate_filter
m12_heavy_flood_dup60_s20260618_nonbonded,BudgetDoS,m12_heavy_flood_dup60_s20260618,nonbonded,114891,PRIVPROBE:0,duplicate_filter,0,False,0,duplicate_filter
m12_heavy_flood_dup60_s20260618_nonbonded,BudgetDoS,m12_heavy_flood_dup60_s20260618,nonbonded,116059,PRIVPROBE:0,duplicate_filter,0,False,0,duplicate_filter
m12_heavy_flood_dup60_s20260618_nonbonded,BudgetDoS,m12_heavy_flood_dup60_s20260618,nonbonded,117181,PRIVPROBE:0,duplicate_filter,0,False,0,duplicate_filter
m12_heavy_flood_dup60_s20260618_nonbonded,BudgetDoS,m12_heavy_flood_dup60_s20260618,nonbonded,118256,PRIVPROBE:0,duplicate_filter,0,False,0,duplicate_filter
m12_heavy_flood_dup60_s20260618_nonbonded,BudgetDoS,m12_heavy_flood_dup60_s20260618,nonbonded,119377,PRIVPROBE:0,duplicate_filter,0,False,0,duplicate_filter
m12_heavy_flood_dup60_s20260618_nonbonded,BudgetDoS,m12_heavy_flood_dup60_s20260618,nonbonded,120549,PRIVPROBE:0,budget_skip,0,False,0,budget_skip
m12_heavy_flood_dup60_s20260618_nonbonded,BudgetDoS,m12_heavy_flood_dup60_s20260618,nonbonded,121603,PRIVPROBE:0,duplicate_filter,0,False,0,duplicate_filter
m12_heavy_flood_dup60_s20260618_nonbonded,BudgetDoS,m12_heavy_flood_dup60_s20260618,nonbonded,122690,PRIVPROBE:0,duplicate_filter,0,False,0,duplicate_filter
m12_heavy_flood_dup60_s20260618_nonbonded,BudgetDoS,m12_heavy_flood_dup60_s20260618,nonbonded,123768,PRIVPROBE:0,duplicate_filter,0,False,0,duplicate_filter
m12_heavy_flood_dup60_s20260618_nonbonded,BudgetDoS,m12_heavy_flood_dup60_s20260618,nonbonded,124850,PRIVPROBE:0,duplicate_filter,0,False,0,duplicate_filter
m12_heavy_flood_dup60_s20260618_nonbonded,BudgetDoS,m12_heavy_flood_dup60_s20260618,nonbonded,125940,PRIVPROBE:0,duplicate_filter,0,False,0,duplicate_filter
m12_heavy_flood_dup60_s20260618_nonbonded,BudgetDoS,m12_heavy_flood_dup60_s20260618,nonbonded,127089,PRIVPROBE:0,duplicate_filter,0,False,0,duplicate_filter
m12_heavy_flood_dup60_s20260618_nonbonded,BudgetDoS,m12_heavy_flood_dup60_s20260618,nonbonded,128131,PRIVPROBE:0,duplicate_filter,0,False,0,duplicate_filter
m12_heavy_flood_dup60_s20260618_nonbonded,BudgetDoS,m12_heavy_flood_dup60_s20260618,nonbonded,129195,PRIVPROBE:0,duplicate_filter,0,False,0,duplicate_filter
m12_heavy_flood_dup60_s20260618_nonbonded,BudgetDoS,m12_heavy_flood_dup60_s20260618,nonbonded,130250,PRIVPROBE:0,duplicate_filter,0,False,0,duplicate_filter
m12_heavy_flood_dup60_s20260618_nonbonded,BudgetDoS,m12_heavy_flood_dup60_s20260618,nonbonded,131335,PRIVPROBE:0,duplicate_filter,0,False,0,duplicate_filter
m12_heavy_flood_dup60_s20260618_nonbonded,BudgetDoS,m12_heavy_flood_dup60_s20260618,nonbonded,132389,PRIVPROBE:0,duplicate_filter,0,False,0,duplicate_filter
m12_heavy_flood_dup60_s20260618_nonbonded,BudgetDoS,m12_heavy_flood_dup60_s20260618,nonbonded,133542,PRIVPROBE:0,budget_skip,0,False,0,budget_skip
m12_heavy_flood_dup60_s20260618_nonbonded,BudgetDoS,m12_heavy_flood_dup60_s20260618,nonbonded,134699,PRIVPROBE:0,duplicate_filter,0,False,0,duplicate_filter
m12_heavy_flood_dup60_s20260618_nonbonded,BudgetDoS,m12_heavy_flood_dup60_s20260618,nonbonded,135831,PRIVPROBE:0,duplicate_filter,0,False,0,duplicate_filter
m12_heavy_flood_dup60_s20260618_nonbonded,BudgetDoS,m12_heavy_flood_dup60_s20260618,nonbonded,136936,PRIVPROBE:0,duplicate_filter,0,False,0,duplicate_filter
m12_heavy_flood_dup60_s20260618_nonbonded,BudgetDoS,m12_heavy_flood_dup60_s20260618,nonbonded,138109,PRIVPROBE:0,duplicate_filter,0,False,0,duplicate_filter
m12_heavy_flood_dup60_s20260618_nonbonded,BudgetDoS,m12_heavy_flood_dup60_s20260618,nonbonded,139153,PRIVPROBE:0,duplicate_filter,0,False,0,duplicate_filter
m12_heavy_flood_dup60_s20260618_nonbonded,BudgetDoS,m12_heavy_flood_dup60_s20260618,nonbonded,140329,PRIVPROBE:0,duplicate_filter,0,False,0,duplicate_filter
m12_heavy_flood_dup60_s20260618_nonbonded,BudgetDoS,m12_heavy_flood_dup60_s20260618,nonbonded,141394,PRIVPROBE:0,duplicate_filter,0,False,0,duplicate_filter
m12_heavy_flood_dup60_s20260618_nonbonded,BudgetDoS,m12_heavy_flood_dup60_s20260618,nonbonded,142475,PRIVPROBE:0,duplicate_filter,0,False,0,duplicate_filter
m12_heavy_flood_dup60_s20260618_nonbonded,BudgetDoS,m12_heavy_flood_dup60_s20260618,nonbonded,143591,PRIVPROBE:0,duplicate_filter,0,False,0,duplicate_filter
m12_heavy_flood_dup60_s20260618_nonbonded,BudgetDoS,m12_heavy_flood_dup60_s20260618,nonbonded,144709,PRIVPROBE:0,duplicate_filter,0,False,0,duplicate_filter
m12_heavy_flood_dup60_s20260618_nonbonded,BudgetDoS,m12_heavy_flood_dup60_s20260618,nonbonded,145869,PRIVPROBE:0,duplicate_filter,0,False,0,duplicate_filter
m12_heavy_flood_dup60_s20260618_nonbonded,BudgetDoS,m12_heavy_flood_dup60_s20260618,nonbonded,146989,PRIVPROBE:0,budget_skip,0,False,0,budget_skip
m12_heavy_flood_dup60_s20260618_nonbonded,BudgetDoS,m12_heavy_flood_dup60_s20260618,nonbonded,148042,PRIVPROBE:0,duplicate_filter,0,False,0,duplicate_filter
m12_heavy_flood_dup60_s20260618_nonbonded,BudgetDoS,m12_heavy_flood_dup60_s20260618,nonbonded,149141,PRIVPROBE:0,duplicate_filter,0,False,0,duplicate_filter
m12_heavy_flood_dup60_s20260618_nonbonded,BudgetDoS,m12_heavy_flood_dup60_s20260618,nonbonded,150263,PRIVPROBE:0,duplicate_filter,0,False,0,duplicate_filter
m12_heavy_flood_dup60_s20260618_nonbonded,BudgetDoS,m12_heavy_flood_dup60_s20260618,nonbonded,151316,PRIVPROBE:0,duplicate_filter,0,False,0,duplicate_filter
m12_heavy_flood_dup60_s20260618_nonbonded,BudgetDoS,m12_heavy_flood_dup60_s20260618,nonbonded,152362,PRIVPROBE:0,duplicate_filter,0,False,0,duplicate_filter
m12_heavy_flood_dup60_s20260618_nonbonded,BudgetDoS,m12_heavy_flood_dup60_s20260618,nonbonded,153480,PRIVPROBE:0,duplicate_filter,0,False,0,duplicate_filter
m12_heavy_flood_dup60_s20260618_nonbonded,BudgetDoS,m12_heavy_flood_dup60_s20260618,nonbonded,154554,PRIVPROBE:0,duplicate_filter,0,False,0,duplicate_filter
m12_heavy_flood_dup60_s20260618_nonbonded,BudgetDoS,m12_heavy_flood_dup60_s20260618,nonbonded,155688,PRIVPROBE:0,duplicate_filter,0,False,0,duplicate_filter
m12_heavy_flood_dup60_s20260618_nonbonded,BudgetDoS,m12_heavy_flood_dup60_s20260618,nonbonded,156804,PRIVPROBE:0,duplicate_filter,0,False,0,duplicate_filter
m12_heavy_flood_dup60_s20260618_nonbonded,BudgetDoS,m12_heavy_flood_dup60_s20260618,nonbonded,157941,PRIVPROBE:0,duplicate_filter,0,False,0,duplicate_filter
m12_heavy_flood_dup60_s20260618_nonbonded,BudgetDoS,m12_heavy_flood_dup60_s20260618,nonbonded,159072,PRIVPROBE:0,duplicate_filter,0,False,0,duplicate_filter
m12_heavy_flood_dup60_s20260618_nonbonded,BudgetDoS,m12_heavy_flood_dup60_s20260618,nonbonded,160162,PRIVPROBE:0,budget_skip,0,False,0,budget_skip
m12_heavy_flood_dup60_s20260618_nonbonded,BudgetDoS,m12_heavy_flood_dup60_s20260618,nonbonded,161239,PRIVPROBE:0,duplicate_filter,0,False,0,duplicate_filter
m12_heavy_flood_dup60_s20260618_nonbonded,BudgetDoS,m12_heavy_flood_dup60_s20260618,nonbonded,162376,PRIVPROBE:0,duplicate_filter,0,False,0,duplicate_filter
m12_heavy_flood_dup60_s20260618_nonbonded,BudgetDoS,m12_heavy_flood_dup60_s20260618,nonbonded,163503,PRIVPROBE:0,duplicate_filter,0,False,0,duplicate_filter
m12_heavy_flood_dup60_s20260618_nonbonded,BudgetDoS,m12_heavy_flood_dup60_s20260618,nonbonded,164600,PRIVPROBE:0,duplicate_filter,0,False,0,duplicate_filter
m12_heavy_flood_dup60_s20260618_nonbonded,BudgetDoS,m12_heavy_flood_dup60_s20260618,nonbonded,165697,PRIVPROBE:0,duplicate_filter,0,False,0,duplicate_filter
m12_heavy_flood_dup60_s20260618_nonbonded,BudgetDoS,m12_heavy_flood_dup60_s20260618,nonbonded,166820,PRIVPROBE:0,duplicate_filter,0,False,0,duplicate_filter
m12_heavy_flood_dup60_s20260618_nonbonded,BudgetDoS,m12_heavy_flood_dup60_s20260618,nonbonded,167949,PRIVPROBE:0,duplicate_filter,0,False,0,duplicate_filter
m12_heavy_flood_dup60_s20260618_nonbonded,BudgetDoS,m12_heavy_flood_dup60_s20260618,nonbonded,169061,PRIVPROBE:0,duplicate_filter,0,False,0,duplicate_filter
m12_heavy_flood_dup60_s20260618_nonbonded,BudgetDoS,m12_heavy_flood_dup60_s20260618,nonbonded,170177,PRIVPROBE:0,duplicate_filter,0,False,0,duplicate_filter
m12_heavy_flood_dup60_s20260618_nonbonded,BudgetDoS,m12_heavy_flood_dup60_s20260618,nonbonded,171267,PRIVPROBE:0,duplicate_filter,0,False,0,duplicate_filter
m12_heavy_flood_dup60_s20260618_nonbonded,BudgetDoS,m12_heavy_flood_dup60_s20260618,nonbonded,172340,PRIVPROBE:0,duplicate_filter,0,False,0,duplicate_filter
m12_heavy_flood_dup60_s20260618_nonbonded,BudgetDoS,m12_heavy_flood_dup60_s20260618,nonbonded,173506,PRIVPROBE:0,budget_skip,0,False,0,budget_skip
m12_heavy_flood_dup60_s20260618_nonbonded,BudgetDoS,m12_heavy_flood_dup60_s20260618,nonbonded,174508,PRIVPROBE:0,duplicate_filter,0,False,0,duplicate_filter
m12_heavy_flood_dup60_s20260618_nonbonded,BudgetDoS,m12_heavy_flood_dup60_s20260618,nonbonded,175639,PRIVPROBE:0,duplicate_filter,0,False,0,duplicate_filter
m12_heavy_flood_dup60_s20260618_nonbonded,BudgetDoS,m12_heavy_flood_dup60_s20260618,nonbonded,176779,PRIVPROBE:0,duplicate_filter,0,False,0,duplicate_filter
m12_heavy_flood_dup60_s20260618_nonbonded,BudgetDoS,m12_heavy_flood_dup60_s20260618,nonbonded,177952,PRIVPROBE:0,duplicate_filter,0,False,0,duplicate_filter
m12_heavy_flood_dup60_s20260618_nonbonded,BudgetDoS,m12_heavy_flood_dup60_s20260618,nonbonded,179071,PRIVPROBE:0,duplicate_filter,0,False,0,duplicate_filter
m12_heavy_flood_dup60_s20260618_nonbonded,BudgetDoS,m12_heavy_flood_dup60_s20260618,nonbonded,180257,PRIVPROBE:0,duplicate_filter,0,False,0,duplicate_filter
m12_heavy_flood_dup60_s20260618_nonbonded,BudgetDoS,m12_heavy_flood_dup60_s20260618,nonbonded,181358,PRIVPROBE:0,duplicate_filter,0,False,0,duplicate_filter
m12_heavy_flood_dup60_s20260618_nonbonded,BudgetDoS,m12_heavy_flood_dup60_s20260618,nonbonded,182467,PRIVPROBE:0,duplicate_filter,0,False,0,duplicate_filter
m12_heavy_flood_dup60_s20260618_nonbonded,BudgetDoS,m12_heavy_flood_dup60_s20260618,nonbonded,183572,PRIVPROBE:0,duplicate_filter,0,False,0,duplicate_filter
m12_heavy_flood_dup60_s20260618_nonbonded,BudgetDoS,m12_heavy_flood_dup60_s20260618,nonbonded,184696,PRIVPROBE:0,duplicate_filter,0,False,0,duplicate_filter
m12_heavy_flood_dup60_s20260618_nonbonded,BudgetDoS,m12_heavy_flood_dup60_s20260618,nonbonded,185735,PRIVPROBE:0,duplicate_filter,0,False,0,duplicate_filter
m12_heavy_flood_dup60_s20260618_nonbonded,BudgetDoS,m12_heavy_flood_dup60_s20260618,nonbonded,186921,PRIVPROBE:0,budget_skip,0,False,0,budget_skip
m12_heavy_flood_dup60_s20260618_nonbonded,BudgetDoS,m12_heavy_flood_dup60_s20260618,nonbonded,188013,PRIVPROBE:0,duplicate_filter,0,False,0,duplicate_filter
m12_heavy_flood_dup60_s20260618_nonbonded,BudgetDoS,m12_heavy_flood_dup60_s20260618,nonbonded,189130,PRIVPROBE:0,duplicate_filter,0,False,0,duplicate_filter
m12_heavy_flood_dup60_s20260618_nonbonded,BudgetDoS,m12_heavy_flood_dup60_s20260618,nonbonded,190243,PRIVPROBE:0,duplicate_filter,0,False,0,duplicate_filter
m12_heavy_flood_dup60_s20260618_nonbonded,BudgetDoS,m12_heavy_flood_dup60_s20260618,nonbonded,191306,PRIVPROBE:0,duplicate_filter,0,False,0,duplicate_filter
m12_heavy_flood_dup60_s20260618_nonbonded,BudgetDoS,m12_heavy_flood_dup60_s20260618,nonbonded,192330,PRIVPROBE:0,duplicate_filter,0,False,0,duplicate_filter
m12_heavy_flood_dup60_s20260618_nonbonded,BudgetDoS,m12_heavy_flood_dup60_s20260618,nonbonded,193499,PRIVPROBE:0,duplicate_filter,0,False,0,duplicate_filter
m12_heavy_flood_dup60_s20260618_nonbonded,BudgetDoS,m12_heavy_flood_dup60_s20260618,nonbonded,194613,PRIVPROBE:0,duplicate_filter,0,False,0,duplicate_filter
m12_heavy_flood_dup60_s20260618_nonbonded,BudgetDoS,m12_heavy_flood_dup60_s20260618,nonbonded,195687,PRIVPROBE:0,duplicate_filter,0,False,0,duplicate_filter
m12_heavy_flood_dup60_s20260618_nonbonded,BudgetDoS,m12_heavy_flood_dup60_s20260618,nonbonded,196743,PRIVPROBE:0,duplicate_filter,0,False,0,duplicate_filter
m12_heavy_flood_dup60_s20260618_nonbonded,BudgetDoS,m12_heavy_flood_dup60_s20260618,nonbonded,197807,PRIVPROBE:0,duplicate_filter,0,False,0,duplicate_filter
m12_heavy_flood_dup60_s20260618_nonbonded,BudgetDoS,m12_heavy_flood_dup60_s20260618,nonbonded,198945,PRIVPROBE:0,duplicate_filter,0,False,0,duplicate_filter
m12_heavy_flood_dup60_s20260618_nonbonded,BudgetDoS,m12_heavy_flood_dup60_s20260618,nonbonded,200034,PRIVPROBE:1,budget_skip,0,False,0,budget_skip
m12_heavy_flood_dup60_s20260618_nonbonded,BudgetDoS,m12_heavy_flood_dup60_s20260618,nonbonded,201206,PRIVPROBE:1,duplicate_filter,0,False,0,duplicate_filter
m12_heavy_flood_dup60_s20260618_nonbonded,BudgetDoS,m12_heavy_flood_dup60_s20260618,nonbonded,202331,PRIVPROBE:1,duplicate_filter,0,False,0,duplicate_filter
m12_heavy_flood_dup60_s20260618_nonbonded,BudgetDoS,m12_heavy_flood_dup60_s20260618,nonbonded,203422,PRIVPROBE:1,duplicate_filter,0,False,0,duplicate_filter
m12_heavy_flood_dup60_s20260618_nonbonded,BudgetDoS,m12_heavy_flood_dup60_s20260618,nonbonded,204529,PRIVPROBE:1,duplicate_filter,0,False,0,duplicate_filter
m12_heavy_flood_dup60_s20260618_nonbonded,BudgetDoS,m12_heavy_flood_dup60_s20260618,nonbonded,205621,PRIVPROBE:1,duplicate_filter,0,False,0,duplicate_filter
m12_heavy_flood_dup60_s20260618_nonbonded,BudgetDoS,m12_heavy_flood_dup60_s20260618,nonbonded,206768,PRIVPROBE:1,duplicate_filter,0,False,0,duplicate_filter
m12_heavy_flood_dup60_s20260618_nonbonded,BudgetDoS,m12_heavy_flood_dup60_s20260618,nonbonded,207875,PRIVPROBE:1,duplicate_filter,0,False,0,duplicate_filter
m12_heavy_flood_dup60_s20260618_nonbonded,BudgetDoS,m12_heavy_flood_dup60_s20260618,nonbonded,208972,PRIVPROBE:1,duplicate_filter,0,False,0,duplicate_filter
m12_heavy_flood_dup60_s20260618_nonbonded,BudgetDoS,m12_heavy_flood_dup60_s20260618,nonbonded,210171,PRIVPROBE:1,duplicate_filter,0,False,0,duplicate_filter
m12_heavy_flood_dup60_s20260618_nonbonded,BudgetDoS,m12_heavy_flood_dup60_s20260618,nonbonded,211330,PRIVPROBE:1,duplicate_filter,0,False,0,duplicate_filter
m12_heavy_flood_dup60_s20260618_nonbonded,BudgetDoS,m12_heavy_flood_dup60_s20260618,nonbonded,212426,PRIVPROBE:1,duplicate_filter,0,False,0,duplicate_filter
m12_heavy_flood_dup60_s20260618_nonbonded,BudgetDoS,m12_heavy_flood_dup60_s20260618,nonbonded,213566,PRIVPROBE:1,budget_skip,0,False,0,budget_skip
m12_heavy_flood_dup60_s20260618_nonbonded,BudgetDoS,m12_heavy_flood_dup60_s20260618,nonbonded,214733,PRIVPROBE:1,duplicate_filter,0,False,0,duplicate_filter
m12_heavy_flood_dup60_s20260618_nonbonded,BudgetDoS,m12_heavy_flood_dup60_s20260618,nonbonded,215806,PRIVPROBE:1,duplicate_filter,0,False,0,duplicate_filter
m12_heavy_flood_dup60_s20260618_nonbonded,BudgetDoS,m12_heavy_flood_dup60_s20260618,nonbonded,216905,PRIVPROBE:1,duplicate_filter,0,False,0,duplicate_filter
m12_heavy_flood_dup60_s20260618_nonbonded,BudgetDoS,m12_heavy_flood_dup60_s20260618,nonbonded,218057,PRIVPROBE:1,duplicate_filter,0,False,0,duplicate_filter
m12_heavy_flood_dup60_s20260618_nonbonded,BudgetDoS,m12_heavy_flood_dup60_s20260618,nonbonded,219124,PRIVPROBE:1,duplicate_filter,0,False,0,duplicate_filter
m12_heavy_flood_dup60_s20260618_nonbonded,BudgetDoS,m12_heavy_flood_dup60_s20260618,nonbonded,220218,PRIVPROBE:1,duplicate_filter,0,False,0,duplicate_filter
m12_heavy_flood_dup60_s20260618_nonbonded,BudgetDoS,m12_heavy_flood_dup60_s20260618,nonbonded,221399,PRIVPROBE:1,duplicate_filter,0,False,0,duplicate_filter
m12_heavy_flood_dup60_s20260618_nonbonded,BudgetDoS,m12_heavy_flood_dup60_s20260618,nonbonded,222551,PRIVPROBE:1,duplicate_filter,0,False,0,duplicate_filter
m12_heavy_flood_dup60_s20260618_nonbonded,BudgetDoS,m12_heavy_flood_dup60_s20260618,nonbonded,223717,PRIVPROBE:1,duplicate_filter,0,False,0,duplicate_filter
m12_heavy_flood_dup60_s20260618_nonbonded,BudgetDoS,m12_heavy_flood_dup60_s20260618,nonbonded,224846,PRIVPROBE:1,duplicate_filter,0,False,0,duplicate_filter
m12_heavy_flood_dup60_s20260618_nonbonded,BudgetDoS,m12_heavy_flood_dup60_s20260618,nonbonded,225982,PRIVPROBE:1,duplicate_filter,0,False,0,duplicate_filter
m12_heavy_flood_dup60_s20260618_nonbonded,BudgetDoS,m12_heavy_flood_dup60_s20260618,nonbonded,227132,PRIVPROBE:1,budget_skip,0,False,0,budget_skip
m12_heavy_flood_dup60_s20260618_nonbonded,BudgetDoS,m12_heavy_flood_dup60_s20260618,nonbonded,228251,PRIVPROBE:1,duplicate_filter,0,False,0,duplicate_filter
m12_heavy_flood_dup60_s20260618_nonbonded,BudgetDoS,m12_heavy_flood_dup60_s20260618,nonbonded,229326,PRIVPROBE:1,duplicate_filter,0,False,0,duplicate_filter
m12_heavy_flood_dup60_s20260618_nonbonded,BudgetDoS,m12_heavy_flood_dup60_s20260618,nonbonded,230504,PRIVPROBE:1,duplicate_filter,0,False,0,duplicate_filter
m12_heavy_flood_dup60_s20260618_nonbonded,BudgetDoS,m12_heavy_flood_dup60_s20260618,nonbonded,231643,PRIVPROBE:1,duplicate_filter,0,False,0,duplicate_filter
m12_heavy_flood_dup60_s20260618_nonbonded,BudgetDoS,m12_heavy_flood_dup60_s20260618,nonbonded,232738,PRIVPROBE:1,duplicate_filter,0,False,0,duplicate_filter
m12_heavy_flood_dup60_s20260618_nonbonded,BudgetDoS,m12_heavy_flood_dup60_s20260618,nonbonded,233916,PRIVPROBE:1,duplicate_filter,0,False,0,duplicate_filter
m12_heavy_flood_dup60_s20260618_nonbonded,BudgetDoS,m12_heavy_flood_dup60_s20260618,nonbonded,234967,PRIVPROBE:1,duplicate_filter,0,False,0,duplicate_filter
m12_heavy_flood_dup60_s20260618_nonbonded,BudgetDoS,m12_heavy_flood_dup60_s20260618,nonbonded,236075,PRIVPROBE:1,duplicate_filter,0,False,0,duplicate_filter
m12_heavy_flood_dup60_s20260618_nonbonded,BudgetDoS,m12_heavy_flood_dup60_s20260618,nonbonded,237183,PRIVPROBE:1,duplicate_filter,0,False,0,duplicate_filter
m12_heavy_flood_dup60_s20260618_nonbonded,BudgetDoS,m12_heavy_flood_dup60_s20260618,nonbonded,238260,PRIVPROBE:1,duplicate_filter,0,False,0,duplicate_filter
m12_heavy_flood_dup60_s20260618_nonbonded,BudgetDoS,m12_heavy_flood_dup60_s20260618,nonbonded,239413,PRIVPROBE:1,duplicate_filter,0,False,0,duplicate_filter
m12_heavy_flood_dup60_s20260618_nonbonded,BudgetDoS,m12_heavy_flood_dup60_s20260618,nonbonded,240499,PRIVPROBE:1,budget_skip,0,False,0,budget_skip
m12_heavy_flood_dup60_s20260618_nonbonded,BudgetDoS,m12_heavy_flood_dup60_s20260618,nonbonded,241607,PRIVPROBE:1,duplicate_filter,0,False,0,duplicate_filter
m12_heavy_flood_dup60_s20260618_nonbonded,BudgetDoS,m12_heavy_flood_dup60_s20260618,nonbonded,242791,PRIVPROBE:1,duplicate_filter,0,False,0,duplicate_filter
m12_heavy_flood_dup60_s20260618_nonbonded,BudgetDoS,m12_heavy_flood_dup60_s20260618,nonbonded,243893,PRIVPROBE:1,duplicate_filter,0,False,0,duplicate_filter
m12_heavy_flood_dup60_s20260618_nonbonded,BudgetDoS,m12_heavy_flood_dup60_s20260618,nonbonded,245011,PRIVPROBE:1,duplicate_filter,0,False,0,duplicate_filter
m12_heavy_flood_dup60_s20260618_nonbonded,BudgetDoS,m12_heavy_flood_dup60_s20260618,nonbonded,246077,PRIVPROBE:1,duplicate_filter,0,False,0,duplicate_filter
m12_heavy_flood_dup60_s20260618_nonbonded,BudgetDoS,m12_heavy_flood_dup60_s20260618,nonbonded,247219,PRIVPROBE:1,duplicate_filter,0,False,0,duplicate_filter
m12_heavy_flood_dup60_s20260618_nonbonded,BudgetDoS,m12_heavy_flood_dup60_s20260618,nonbonded,248272,PRIVPROBE:1,duplicate_filter,0,False,0,duplicate_filter
m12_heavy_flood_dup60_s20260618_nonbonded,BudgetDoS,m12_heavy_flood_dup60_s20260618,nonbonded,249368,PRIVPROBE:1,duplicate_filter,0,False,0,duplicate_filter
m12_heavy_flood_dup60_s20260618_nonbonded,BudgetDoS,m12_heavy_flood_dup60_s20260618,nonbonded,250548,PRIVPROBE:1,duplicate_filter,0,False,0,duplicate_filter
m12_heavy_flood_dup60_s20260618_nonbonded,BudgetDoS,m12_heavy_flood_dup60_s20260618,nonbonded,251668,PRIVPROBE:1,duplicate_filter,0,False,0,duplicate_filter
m12_heavy_flood_dup60_s20260618_nonbonded,BudgetDoS,m12_heavy_flood_dup60_s20260618,nonbonded,252713,PRIVPROBE:1,duplicate_filter,0,False,0,duplicate_filter
m12_heavy_flood_dup60_s20260618_nonbonded,BudgetDoS,m12_heavy_flood_dup60_s20260618,nonbonded,253799,PRIVPROBE:1,budget_skip,0,False,0,budget_skip
m12_heavy_flood_dup60_s20260618_nonbonded,BudgetDoS,m12_heavy_flood_dup60_s20260618,nonbonded,254920,PRIVPROBE:1,duplicate_filter,0,False,0,duplicate_filter
m12_heavy_flood_dup60_s20260618_nonbonded,BudgetDoS,m12_heavy_flood_dup60_s20260618,nonbonded,256010,PRIVPROBE:1,duplicate_filter,0,False,0,duplicate_filter
m12_heavy_flood_dup60_s20260618_nonbonded,BudgetDoS,m12_heavy_flood_dup60_s20260618,nonbonded,257073,PRIVPROBE:1,duplicate_filter,0,False,0,duplicate_filter
m12_heavy_flood_dup60_s20260618_nonbonded,BudgetDoS,m12_heavy_flood_dup60_s20260618,nonbonded,258193,PRIVPROBE:1,duplicate_filter,0,False,0,duplicate_filter
m12_heavy_flood_dup60_s20260618_nonbonded,BudgetDoS,m12_heavy_flood_dup60_s20260618,nonbonded,259315,PRIVPROBE:1,duplicate_filter,0,False,0,duplicate_filter
m12_heavy_flood_dup60_s20260618_nonbonded,BudgetDoS,m12_heavy_flood_dup60_s20260618,nonbonded,260493,PRIVPROBE:1,duplicate_filter,0,False,0,duplicate_filter
m12_heavy_flood_dup60_s20260618_nonbonded,BudgetDoS,m12_heavy_flood_dup60_s20260618,nonbonded,261640,PRIVPROBE:1,duplicate_filter,0,False,0,duplicate_filter
m12_heavy_flood_dup60_s20260618_nonbonded,BudgetDoS,m12_heavy_flood_dup60_s20260618,nonbonded,262759,PRIVPROBE:1,duplicate_filter,0,False,0,duplicate_filter
m12_heavy_flood_dup60_s20260618_nonbonded,BudgetDoS,m12_heavy_flood_dup60_s20260618,nonbonded,263868,PRIVPROBE:1,duplicate_filter,0,False,0,duplicate_filter
m12_heavy_flood_dup60_s20260618_nonbonded,BudgetDoS,m12_heavy_flood_dup60_s20260618,nonbonded,264995,PRIVPROBE:1,duplicate_filter,0,False,0,duplicate_filter
m12_heavy_flood_dup60_s20260618_nonbonded,BudgetDoS,m12_heavy_flood_dup60_s20260618,nonbonded,266156,PRIVPROBE:1,duplicate_filter,0,False,0,duplicate_filter
m12_heavy_flood_dup60_s20260618_nonbonded,BudgetDoS,m12_heavy_flood_dup60_s20260618,nonbonded,267314,PRIVPROBE:1,budget_skip,0,False,0,budget_skip
m12_heavy_flood_dup60_s20260618_nonbonded,BudgetDoS,m12_heavy_flood_dup60_s20260618,nonbonded,268441,PRIVPROBE:1,duplicate_filter,0,False,0,duplicate_filter
m12_heavy_flood_dup60_s20260618_nonbonded,BudgetDoS,m12_heavy_flood_dup60_s20260618,nonbonded,269571,PRIVPROBE:1,duplicate_filter,0,False,0,duplicate_filter
m12_heavy_flood_dup60_s20260618_nonbonded,BudgetDoS,m12_heavy_flood_dup60_s20260618,nonbonded,270665,PRIVPROBE:1,duplicate_filter,0,False,0,duplicate_filter
m12_heavy_flood_dup60_s20260618_nonbonded,BudgetDoS,m12_heavy_flood_dup60_s20260618,nonbonded,271729,PRIVPROBE:1,duplicate_filter,0,False,0,duplicate_filter
m12_heavy_flood_dup60_s20260618_nonbonded,BudgetDoS,m12_heavy_flood_dup60_s20260618,nonbonded,272796,PRIVPROBE:1,duplicate_filter,0,False,0,duplicate_filter
m12_heavy_flood_dup60_s20260618_nonbonded,BudgetDoS,m12_heavy_flood_dup60_s20260618,nonbonded,273903,PRIVPROBE:1,duplicate_filter,0,False,0,duplicate_filter
m12_heavy_flood_dup60_s20260618_nonbonded,BudgetDoS,m12_heavy_flood_dup60_s20260618,nonbonded,275089,PRIVPROBE:1,duplicate_filter,0,False,0,duplicate_filter
m12_heavy_flood_dup60_s20260618_nonbonded,BudgetDoS,m12_heavy_flood_dup60_s20260618,nonbonded,276151,PRIVPROBE:1,duplicate_filter,0,False,0,duplicate_filter
m12_heavy_flood_dup60_s20260618_nonbonded,BudgetDoS,m12_heavy_flood_dup60_s20260618,nonbonded,277332,PRIVPROBE:1,duplicate_filter,0,False,0,duplicate_filter
m12_heavy_flood_dup60_s20260618_nonbonded,BudgetDoS,m12_heavy_flood_dup60_s20260618,nonbonded,278469,PRIVPROBE:1,duplicate_filter,0,False,0,duplicate_filter
m12_heavy_flood_dup60_s20260618_nonbonded,BudgetDoS,m12_heavy_flood_dup60_s20260618,nonbonded,279575,PRIVPROBE:1,duplicate_filter,0,False,0,duplicate_filter
m12_heavy_flood_dup60_s20260618_nonbonded,BudgetDoS,m12_heavy_flood_dup60_s20260618,nonbonded,280669,PRIVPROBE:1,budget_skip,0,False,0,budget_skip
m12_heavy_flood_dup60_s20260618_nonbonded,BudgetDoS,m12_heavy_flood_dup60_s20260618,nonbonded,281834,PRIVPROBE:1,duplicate_filter,0,False,0,duplicate_filter
m12_heavy_flood_dup60_s20260618_nonbonded,BudgetDoS,m12_heavy_flood_dup60_s20260618,nonbonded,282893,PRIVPROBE:1,duplicate_filter,0,False,0,duplicate_filter
m12_heavy_flood_dup60_s20260618_nonbonded,BudgetDoS,m12_heavy_flood_dup60_s20260618,nonbonded,284027,PRIVPROBE:1,duplicate_filter,0,False,0,duplicate_filter
m12_heavy_flood_dup60_s20260618_nonbonded,BudgetDoS,m12_heavy_flood_dup60_s20260618,nonbonded,285099,PRIVPROBE:1,duplicate_filter,0,False,0,duplicate_filter
m12_heavy_flood_dup60_s20260618_nonbonded,BudgetDoS,m12_heavy_flood_dup60_s20260618,nonbonded,286144,PRIVPROBE:1,duplicate_filter,0,False,0,duplicate_filter
m12_heavy_flood_dup60_s20260618_nonbonded,BudgetDoS,m12_heavy_flood_dup60_s20260618,nonbonded,287331,PRIVPROBE:1,duplicate_filter,0,False,0,duplicate_filter
m12_heavy_flood_dup60_s20260618_nonbonded,BudgetDoS,m12_heavy_flood_dup60_s20260618,nonbonded,288403,PRIVPROBE:1,duplicate_filter,0,False,0,duplicate_filter
m12_heavy_flood_dup60_s20260618_nonbonded,BudgetDoS,m12_heavy_flood_dup60_s20260618,nonbonded,289489,PRIVPROBE:1,duplicate_filter,0,False,0,duplicate_filter
m12_heavy_flood_dup60_s20260618_nonbonded,BudgetDoS,m12_heavy_flood_dup60_s20260618,nonbonded,290566,PRIVPROBE:1,duplicate_filter,0,False,0,duplicate_filter
m12_heavy_flood_dup60_s20260618_nonbonded,BudgetDoS,m12_heavy_flood_dup60_s20260618,nonbonded,291638,PRIVPROBE:1,duplicate_filter,0,False,0,duplicate_filter
m12_heavy_flood_dup60_s20260618_nonbonded,BudgetDoS,m12_heavy_flood_dup60_s20260618,nonbonded,292721,PRIVPROBE:1,duplicate_filter,0,False,0,duplicate_filter
m12_heavy_flood_dup60_s20260618_nonbonded,BudgetDoS,m12_heavy_flood_dup60_s20260618,nonbonded,293836,PRIVPROBE:1,budget_skip,0,False,0,budget_skip
m12_heavy_flood_dup60_s20260618_nonbonded,BudgetDoS,m12_heavy_flood_dup60_s20260618,nonbonded,294894,PRIVPROBE:1,duplicate_filter,0,False,0,duplicate_filter
m12_heavy_flood_dup60_s20260618_nonbonded,BudgetDoS,m12_heavy_flood_dup60_s20260618,nonbonded,295960,PRIVPROBE:1,duplicate_filter,0,False,0,duplicate_filter
m12_heavy_flood_dup60_s20260618_nonbonded,BudgetDoS,m12_heavy_flood_dup60_s20260618,nonbonded,297081,PRIVPROBE:1,duplicate_filter,0,False,0,duplicate_filter
m12_heavy_flood_dup60_s20260618_nonbonded,BudgetDoS,m12_heavy_flood_dup60_s20260618,nonbonded,298246,PRIVPROBE:1,duplicate_filter,0,False,0,duplicate_filter
m12_heavy_flood_dup60_s20260618_nonbonded,BudgetDoS,m12_heavy_flood_dup60_s20260618,nonbonded,299398,PRIVPROBE:1,duplicate_filter,0,False,0,duplicate_filter
m12_heavy_flood_dup60_s20260618_nonbonded,BudgetDoS,m12_heavy_flood_dup60_s20260618,nonbonded,300526,PRIVPROBE:1,duplicate_filter,0,False,0,duplicate_filter
m12_heavy_flood_dup60_s20260618_nonbonded,BudgetDoS,m12_heavy_flood_dup60_s20260618,nonbonded,301592,PRIVPROBE:1,duplicate_filter,0,False,0,duplicate_filter
m12_heavy_flood_dup60_s20260618_nonbonded,BudgetDoS,m12_heavy_flood_dup60_s20260618,nonbonded,302679,PRIVPROBE:1,duplicate_filter,0,False,0,duplicate_filter
m12_heavy_flood_dup60_s20260618_nonbonded,BudgetDoS,m12_heavy_flood_dup60_s20260618,nonbonded,303741,PRIVPROBE:1,duplicate_filter,0,False,0,duplicate_filter
m12_heavy_flood_dup60_s20260618_nonbonded,BudgetDoS,m12_heavy_flood_dup60_s20260618,nonbonded,304864,PRIVPROBE:1,duplicate_filter,0,False,0,duplicate_filter
m12_heavy_flood_dup60_s20260618_nonbonded,BudgetDoS,m12_heavy_flood_dup60_s20260618,nonbonded,305946,PRIVPROBE:1,duplicate_filter,0,False,0,duplicate_filter
m12_heavy_flood_dup60_s20260618_nonbonded,BudgetDoS,m12_heavy_flood_dup60_s20260618,nonbonded,307084,PRIVPROBE:1,budget_skip,0,False,0,budget_skip
m12_heavy_flood_dup60_s20260618_nonbonded,BudgetDoS,m12_heavy_flood_dup60_s20260618,nonbonded,308232,PRIVPROBE:1,duplicate_filter,0,False,0,duplicate_filter
m12_heavy_flood_dup60_s20260618_nonbonded,BudgetDoS,m12_heavy_flood_dup60_s20260618,nonbonded,309288,PRIVPROBE:1,duplicate_filter,0,False,0,duplicate_filter
m12_heavy_flood_dup60_s20260618_nonbonded,BudgetDoS,m12_heavy_flood_dup60_s20260618,nonbonded,310416,PRIVPROBE:1,duplicate_filter,0,False,0,duplicate_filter
m12_heavy_flood_dup60_s20260618_nonbonded,BudgetDoS,m12_heavy_flood_dup60_s20260618,nonbonded,311532,PRIVPROBE:1,duplicate_filter,0,False,0,duplicate_filter
m12_heavy_flood_dup60_s20260618_nonbonded,BudgetDoS,m12_heavy_flood_dup60_s20260618,nonbonded,312649,PRIVPROBE:1,duplicate_filter,0,False,0,duplicate_filter
m12_heavy_flood_dup60_s20260618_nonbonded,BudgetDoS,m12_heavy_flood_dup60_s20260618,nonbonded,313730,PRIVPROBE:1,duplicate_filter,0,False,0,duplicate_filter
m12_heavy_flood_dup60_s20260618_nonbonded,BudgetDoS,m12_heavy_flood_dup60_s20260618,nonbonded,314813,PRIVPROBE:1,duplicate_filter,0,False,0,duplicate_filter
m12_heavy_flood_dup60_s20260618_nonbonded,BudgetDoS,m12_heavy_flood_dup60_s20260618,nonbonded,315914,PRIVPROBE:1,duplicate_filter,0,False,0,duplicate_filter
m12_heavy_flood_dup60_s20260618_nonbonded,BudgetDoS,m12_heavy_flood_dup60_s20260618,nonbonded,317062,PRIVPROBE:1,duplicate_filter,0,False,0,duplicate_filter
m12_heavy_flood_dup60_s20260618_nonbonded,BudgetDoS,m12_heavy_flood_dup60_s20260618,nonbonded,318128,PRIVPROBE:1,duplicate_filter,0,False,0,duplicate_filter
m12_heavy_flood_dup60_s20260618_nonbonded,BudgetDoS,m12_heavy_flood_dup60_s20260618,nonbonded,319208,PRIVPROBE:1,duplicate_filter,0,False,0,duplicate_filter
m12_heavy_flood_dup60_s20260618_nonbonded,BudgetDoS,m12_heavy_flood_dup60_s20260618,nonbonded,320345,PRIVPROBE:1,budget_skip,0,False,0,budget_skip
m12_heavy_flood_dup60_s20260618_nonbonded,BudgetDoS,m12_heavy_flood_dup60_s20260618,nonbonded,321443,PRIVPROBE:1,duplicate_filter,0,False,0,duplicate_filter
m12_heavy_flood_dup60_s20260618_nonbonded,BudgetDoS,m12_heavy_flood_dup60_s20260618,nonbonded,322586,PRIVPROBE:1,duplicate_filter,0,False,0,duplicate_filter
m12_heavy_flood_dup60_s20260618_nonbonded,BudgetDoS,m12_heavy_flood_dup60_s20260618,nonbonded,323711,PRIVPROBE:1,duplicate_filter,0,False,0,duplicate_filter
m12_heavy_flood_dup60_s20260618_nonbonded,BudgetDoS,m12_heavy_flood_dup60_s20260618,nonbonded,324840,PRIVPROBE:1,duplicate_filter,0,False,0,duplicate_filter
m12_heavy_flood_dup60_s20260618_nonbonded,BudgetDoS,m12_heavy_flood_dup60_s20260618,nonbonded,325905,PRIVPROBE:1,duplicate_filter,0,False,0,duplicate_filter
m12_heavy_flood_dup60_s20260618_nonbonded,BudgetDoS,m12_heavy_flood_dup60_s20260618,nonbonded,326993,PRIVPROBE:1,duplicate_filter,0,False,0,duplicate_filter
m12_heavy_flood_dup60_s20260618_nonbonded,BudgetDoS,m12_heavy_flood_dup60_s20260618,nonbonded,328120,PRIVPROBE:1,duplicate_filter,0,False,0,duplicate_filter
m12_heavy_flood_dup60_s20260618_nonbonded,BudgetDoS,m12_heavy_flood_dup60_s20260618,nonbonded,329210,PRIVPROBE:1,duplicate_filter,0,False,0,duplicate_filter
m12_heavy_flood_dup60_s20260618_nonbonded,BudgetDoS,m12_heavy_flood_dup60_s20260618,nonbonded,330332,PRIVPROBE:1,duplicate_filter,0,False,0,duplicate_filter
m12_heavy_flood_dup60_s20260618_nonbonded,BudgetDoS,m12_heavy_flood_dup60_s20260618,nonbonded,331448,PRIVPROBE:1,duplicate_filter,0,False,0,duplicate_filter
m12_heavy_flood_dup60_s20260618_nonbonded,BudgetDoS,m12_heavy_flood_dup60_s20260618,nonbonded,332584,PRIVPROBE:1,duplicate_filter,0,False,0,duplicate_filter
m12_heavy_flood_dup60_s20260618_nonbonded,BudgetDoS,m12_heavy_flood_dup60_s20260618,nonbonded,333684,PRIVPROBE:1,budget_skip,0,False,0,budget_skip
m12_heavy_flood_dup60_s20260618_nonbonded,BudgetDoS,m12_heavy_flood_dup60_s20260618,nonbonded,334822,PRIVPROBE:1,duplicate_filter,0,False,0,duplicate_filter
m12_heavy_flood_dup60_s20260618_nonbonded,BudgetDoS,m12_heavy_flood_dup60_s20260618,nonbonded,335917,PRIVPROBE:1,duplicate_filter,0,False,0,duplicate_filter
m12_heavy_flood_dup60_s20260618_nonbonded,BudgetDoS,m12_heavy_flood_dup60_s20260618,nonbonded,336987,PRIVPROBE:1,duplicate_filter,0,False,0,duplicate_filter
m12_heavy_flood_dup60_s20260618_nonbonded,BudgetDoS,m12_heavy_flood_dup60_s20260618,nonbonded,338054,PRIVPROBE:1,duplicate_filter,0,False,0,duplicate_filter
m12_heavy_flood_dup60_s20260618_nonbonded,BudgetDoS,m12_heavy_flood_dup60_s20260618,nonbonded,339185,PRIVPROBE:1,duplicate_filter,0,False,0,duplicate_filter
m12_heavy_flood_dup60_s20260618_nonbonded,BudgetDoS,m12_heavy_flood_dup60_s20260618,nonbonded,340264,PRIVPROBE:1,duplicate_filter,0,False,0,duplicate_filter
m12_heavy_flood_dup60_s20260618_nonbonded,BudgetDoS,m12_heavy_flood_dup60_s20260618,nonbonded,341320,PRIVPROBE:1,duplicate_filter,0,False,0,duplicate_filter
m12_heavy_flood_dup60_s20260618_nonbonded,BudgetDoS,m12_heavy_flood_dup60_s20260618,nonbonded,342374,PRIVPROBE:1,duplicate_filter,0,False,0,duplicate_filter
m12_heavy_flood_dup60_s20260618_nonbonded,BudgetDoS,m12_heavy_flood_dup60_s20260618,nonbonded,343521,PRIVPROBE:1,duplicate_filter,0,False,0,duplicate_filter
m12_heavy_flood_dup60_s20260618_nonbonded,BudgetDoS,m12_heavy_flood_dup60_s20260618,nonbonded,344632,PRIVPROBE:1,duplicate_filter,0,False,0,duplicate_filter
m12_heavy_flood_dup60_s20260618_nonbonded,BudgetDoS,m12_heavy_flood_dup60_s20260618,nonbonded,345740,PRIVPROBE:1,duplicate_filter,0,False,0,duplicate_filter
m12_heavy_flood_dup60_s20260618_nonbonded,BudgetDoS,m12_heavy_flood_dup60_s20260618,nonbonded,346823,PRIVPROBE:1,budget_skip,0,False,0,budget_skip
m12_heavy_flood_dup60_s20260618_nonbonded,BudgetDoS,m12_heavy_flood_dup60_s20260618,nonbonded,347877,PRIVPROBE:1,duplicate_filter,0,False,0,duplicate_filter
m12_heavy_flood_dup60_s20260618_nonbonded,BudgetDoS,m12_heavy_flood_dup60_s20260618,nonbonded,348996,PRIVPROBE:1,duplicate_filter,0,False,0,duplicate_filter
m12_heavy_flood_dup60_s20260618_nonbonded,BudgetDoS,m12_heavy_flood_dup60_s20260618,nonbonded,350117,PRIVPROBE:1,duplicate_filter,0,False,0,duplicate_filter
m12_heavy_flood_dup60_s20260618_nonbonded,BudgetDoS,m12_heavy_flood_dup60_s20260618,nonbonded,351186,PRIVPROBE:1,duplicate_filter,0,False,0,duplicate_filter
m12_heavy_flood_dup60_s20260618_nonbonded,BudgetDoS,m12_heavy_flood_dup60_s20260618,nonbonded,352275,PRIVPROBE:1,duplicate_filter,0,False,0,duplicate_filter
m12_heavy_flood_dup60_s20260618_nonbonded,BudgetDoS,m12_heavy_flood_dup60_s20260618,nonbonded,353342,PRIVPROBE:1,duplicate_filter,0,False,0,duplicate_filter
m12_heavy_flood_dup60_s20260618_nonbonded,BudgetDoS,m12_heavy_flood_dup60_s20260618,nonbonded,354480,PRIVPROBE:1,duplicate_filter,0,False,0,duplicate_filter
m12_heavy_flood_dup60_s20260618_nonbonded,BudgetDoS,m12_heavy_flood_dup60_s20260618,nonbonded,355626,PRIVPROBE:1,duplicate_filter,0,False,0,duplicate_filter
m12_heavy_flood_dup60_s20260618_nonbonded,BudgetDoS,m12_heavy_flood_dup60_s20260618,nonbonded,356837,PRIVPROBE:1,duplicate_filter,0,False,0,duplicate_filter
m12_heavy_flood_dup60_s20260618_nonbonded,BudgetDoS,m12_heavy_flood_dup60_s20260618,nonbonded,357962,PRIVPROBE:1,duplicate_filter,0,False,0,duplicate_filter
m12_heavy_flood_dup60_s20260618_nonbonded,BudgetDoS,m12_heavy_flood_dup60_s20260618,nonbonded,359098,PRIVPROBE:1,duplicate_filter,0,False,0,duplicate_filter
m12_heavy_flood_dup60_s20260618_nonbonded,BudgetDoS,m12_heavy_flood_dup60_s20260618,nonbonded,360171,PRIVPROBE:1,budget_skip,0,False,0,budget_skip
m12_heavy_flood_dup60_s20260618_nonbonded,BudgetDoS,m12_heavy_flood_dup60_s20260618,nonbonded,361304,PRIVPROBE:1,duplicate_filter,0,False,0,duplicate_filter
m12_heavy_flood_dup60_s20260618_nonbonded,BudgetDoS,m12_heavy_flood_dup60_s20260618,nonbonded,362394,PRIVPROBE:1,duplicate_filter,0,False,0,duplicate_filter
m12_heavy_flood_dup60_s20260618_nonbonded,BudgetDoS,m12_heavy_flood_dup60_s20260618,nonbonded,363512,PRIVPROBE:1,duplicate_filter,0,False,0,duplicate_filter
m12_heavy_flood_dup60_s20260618_nonbonded,BudgetDoS,m12_heavy_flood_dup60_s20260618,nonbonded,364601,PRIVPROBE:1,duplicate_filter,0,False,0,duplicate_filter
m12_heavy_flood_dup60_s20260618_nonbonded,BudgetDoS,m12_heavy_flood_dup60_s20260618,nonbonded,365747,PRIVPROBE:1,duplicate_filter,0,False,0,duplicate_filter
m12_heavy_flood_dup60_s20260618_nonbonded,BudgetDoS,m12_heavy_flood_dup60_s20260618,nonbonded,366862,PRIVPROBE:1,duplicate_filter,0,False,0,duplicate_filter
m12_heavy_flood_dup60_s20260618_nonbonded,BudgetDoS,m12_heavy_flood_dup60_s20260618,nonbonded,367988,PRIVPROBE:1,duplicate_filter,0,False,0,duplicate_filter
m12_heavy_flood_dup60_s20260618_nonbonded,BudgetDoS,m12_heavy_flood_dup60_s20260618,nonbonded,369093,PRIVPROBE:1,duplicate_filter,0,False,0,duplicate_filter
m12_heavy_flood_dup60_s20260618_nonbonded,BudgetDoS,m12_heavy_flood_dup60_s20260618,nonbonded,370197,PRIVPROBE:1,duplicate_filter,0,False,0,duplicate_filter
m12_heavy_flood_dup60_s20260618_nonbonded,BudgetDoS,m12_heavy_flood_dup60_s20260618,nonbonded,371277,PRIVPROBE:1,duplicate_filter,0,False,0,duplicate_filter
m12_heavy_flood_dup60_s20260618_nonbonded,BudgetDoS,m12_heavy_flood_dup60_s20260618,nonbonded,372373,PRIVPROBE:1,duplicate_filter,0,False,0,duplicate_filter
m12_heavy_flood_dup60_s20260618_nonbonded,BudgetDoS,m12_heavy_flood_dup60_s20260618,nonbonded,373405,PRIVPROBE:1,budget_skip,0,False,0,budget_skip
m12_heavy_flood_dup60_s20260618_nonbonded,BudgetDoS,m12_heavy_flood_dup60_s20260618,nonbonded,374549,PRIVPROBE:1,duplicate_filter,0,False,0,duplicate_filter
m12_heavy_flood_dup60_s20260618_nonbonded,BudgetDoS,m12_heavy_flood_dup60_s20260618,nonbonded,375711,PRIVPROBE:1,duplicate_filter,0,False,0,duplicate_filter
m12_heavy_flood_dup60_s20260618_nonbonded,BudgetDoS,m12_heavy_flood_dup60_s20260618,nonbonded,376827,PRIVPROBE:1,duplicate_filter,0,False,0,duplicate_filter
m12_heavy_flood_dup60_s20260618_nonbonded,BudgetDoS,m12_heavy_flood_dup60_s20260618,nonbonded,377970,PRIVPROBE:1,duplicate_filter,0,False,0,duplicate_filter
m12_heavy_flood_dup60_s20260618_nonbonded,BudgetDoS,m12_heavy_flood_dup60_s20260618,nonbonded,379042,PRIVPROBE:1,duplicate_filter,0,False,0,duplicate_filter
m12_heavy_flood_dup60_s20260618_nonbonded,BudgetDoS,m12_heavy_flood_dup60_s20260618,nonbonded,380149,PRIVPROBE:1,duplicate_filter,0,False,0,duplicate_filter
m12_heavy_flood_dup60_s20260618_nonbonded,BudgetDoS,m12_heavy_flood_dup60_s20260618,nonbonded,381297,PRIVPROBE:1,duplicate_filter,0,False,0,duplicate_filter
m12_heavy_flood_dup60_s20260618_nonbonded,BudgetDoS,m12_heavy_flood_dup60_s20260618,nonbonded,382449,PRIVPROBE:1,duplicate_filter,0,False,0,duplicate_filter
m12_heavy_flood_dup60_s20260618_nonbonded,BudgetDoS,m12_heavy_flood_dup60_s20260618,nonbonded,383595,PRIVPROBE:1,duplicate_filter,0,False,0,duplicate_filter
m12_heavy_flood_dup60_s20260618_nonbonded,BudgetDoS,m12_heavy_flood_dup60_s20260618,nonbonded,384711,PRIVPROBE:1,duplicate_filter,0,False,0,duplicate_filter
m12_heavy_flood_dup60_s20260618_nonbonded,BudgetDoS,m12_heavy_flood_dup60_s20260618,nonbonded,385828,PRIVPROBE:1,duplicate_filter,0,False,0,duplicate_filter
m12_heavy_flood_dup60_s20260618_nonbonded,BudgetDoS,m12_heavy_flood_dup60_s20260618,nonbonded,386971,PRIVPROBE:1,budget_skip,0,False,0,budget_skip
m12_heavy_flood_dup60_s20260618_nonbonded,BudgetDoS,m12_heavy_flood_dup60_s20260618,nonbonded,388079,PRIVPROBE:1,duplicate_filter,0,False,0,duplicate_filter
m12_heavy_flood_dup60_s20260618_nonbonded,BudgetDoS,m12_heavy_flood_dup60_s20260618,nonbonded,389108,PRIVPROBE:1,duplicate_filter,0,False,0,duplicate_filter
m12_heavy_flood_dup60_s20260618_nonbonded,BudgetDoS,m12_heavy_flood_dup60_s20260618,nonbonded,390224,PRIVPROBE:1,duplicate_filter,0,False,0,duplicate_filter
m12_heavy_flood_dup60_s20260618_nonbonded,BudgetDoS,m12_heavy_flood_dup60_s20260618,nonbonded,391344,PRIVPROBE:1,duplicate_filter,0,False,0,duplicate_filter
m12_heavy_flood_dup60_s20260618_nonbonded,BudgetDoS,m12_heavy_flood_dup60_s20260618,nonbonded,392399,PRIVPROBE:1,duplicate_filter,0,False,0,duplicate_filter
m12_heavy_flood_dup60_s20260618_nonbonded,BudgetDoS,m12_heavy_flood_dup60_s20260618,nonbonded,393453,PRIVPROBE:1,duplicate_filter,0,False,0,duplicate_filter
m12_heavy_flood_dup60_s20260618_nonbonded,BudgetDoS,m12_heavy_flood_dup60_s20260618,nonbonded,394574,PRIVPROBE:1,duplicate_filter,0,False,0,duplicate_filter
m12_heavy_flood_dup60_s20260618_nonbonded,BudgetDoS,m12_heavy_flood_dup60_s20260618,nonbonded,395702,PRIVPROBE:1,duplicate_filter,0,False,0,duplicate_filter
m12_heavy_flood_dup60_s20260618_nonbonded,BudgetDoS,m12_heavy_flood_dup60_s20260618,nonbonded,396796,PRIVPROBE:1,duplicate_filter,0,False,0,duplicate_filter
m12_heavy_flood_dup60_s20260618_nonbonded,BudgetDoS,m12_heavy_flood_dup60_s20260618,nonbonded,397945,PRIVPROBE:1,duplicate_filter,0,False,0,duplicate_filter
m12_heavy_flood_dup60_s20260618_nonbonded,BudgetDoS,m12_heavy_flood_dup60_s20260618,nonbonded,399058,PRIVPROBE:1,duplicate_filter,0,False,0,duplicate_filter
