run_id,method,paired_trace_id,identity_label_for_scoring,event_id,rpa_value,action,aes_attempts,deferred,delay_ms,admission_path
m12_no_attack_dup0_s20260627_nonbonded,P3-Persist,m12_no_attack_dup0_s20260627,nonbonded,1302,PRIVPROBE:0,host_scan,504,False,0,host_scan
m12_no_attack_dup0_s20260627_nonbonded,P3-Persist,m12_no_attack_dup0_s20260627,nonbonded,1312,PRIVPROBE:0,host_scan,504,False,0,host_scan
m12_no_attack_dup0_s20260627_nonbonded,P3-Persist,m12_no_attack_dup0_s20260627,nonbonded,1330,PRIVPROBE:0,host_scan,504,False,0,host_scan
m12_no_attack_dup0_s20260627_nonbonded,P3-Persist,m12_no_attack_dup0_s20260627,nonbonded,1348,PRIVPROBE:0,host_scan,504,False,0,host_scan
m12_no_attack_dup0_s20260627_nonbonded,P3-Persist,m12_no_attack_dup0_s20260627,nonbonded,1374,PRIVPROBE:0,host_scan,504,False,0,host_scan
m12_no_attack_dup0_s20260627_nonbonded,P3-Persist,m12_no_attack_dup0_s20260627,nonbonded,1395,PRIVPROBE:0,host_scan,504,False,0,host_scan
m12_no_attack_dup0_s20260627_nonbonded,P3-Persist,m12_no_attack_dup0_s20260627,nonbonded,1407,PRIVPROBE:0,host_scan,504,False,0,host_scan
m12_no_attack_dup0_s20260627_nonbonded,P3-Persist,m12_no_attack_dup0_s20260627,nonbonded,1420,PRIVPROBE:0,host_scan,504,False,0,host_scan
m12_no_attack_dup0_s20260627_nonbonded,P3-Persist,m12_no_attack_dup0_s20260627,nonbonded,1438,PRIVPROBE:0,host_scan,504,False,0,host_scan
m12_no_attack_dup0_s20260627_nonbonded,P3-Persist,m12_no_attack_dup0_s20260627,nonbonded,1460,PRIVPROBE:0,host_scan,504,False,0,host_scan
m12_no_attack_dup0_s20260627_nonbonded,P3-Persist,m12_no_attack_dup0_s20260627,nonbonded,1482,PRIVPROBE:0,host_scan,504,False,0,host_scan
m12_no_attack_dup0_s20260627_nonbonded,P3-Persist,m12_no_attack_dup0_s20260627,nonbonded,1504,PRIVPROBE:0,host_scan,504,False,0,host_scan
m12_no_attack_dup0_s20260627_nonbonded,P3-Persist,m12_no_attack_dup0_s20260627,nonbonded,1521,PRIVPROBE:0,host_scan,504,False,0,host_scan
m12_no_attack_dup0_s20260627_nonbonded,P3-Persist,m12_no_attack_dup0_s20260627,nonbonded,1535,PRIVPROBE:0,host_scan,504,False,0,host_scan
m12_no_attack_dup0_s20260627_nonbonded,P3-Persist,m12_no_attack_dup0_s20260627,nonbonded,1559,PRIVPROBE:0,host_scan,504,False,0,host_scan
m12_no_attack_dup0_s20260627_nonbonded,P3-Persist,m12_no_attack_dup0_s20260627,nonbonded,1575,PRIVPROBE:0,host_scan,504,False,0,host_scan
m12_no_attack_dup0_s20260627_nonbonded,P3-Persist,m12_no_attack_dup0_s20260627,nonbonded,1596,PRIVPROBE:0,host_scan,504,False,0,host_scan
m12_no_attack_dup0_s20260627_nonbonded,P3-Persist,m12_no_attack_dup0_s20260627,nonbonded,1619,PRIVPROBE:0,host_scan,504,False,0,host_scan
m12_no_attack_dup0_s20260627_nonbonded,P3-Persist,m12_no_attack_dup0_s20260627,nonbonded,1640,PRIVPROBE:0,host_scan,504,False,0,host_scan
m12_no_attack_dup0_s20260627_nonbonded,P3-Persist,m12_no_attack_dup0_s20260627,nonbonded,1656,PRIVPROBE:0,host_scan,504,False,0,host_scan
m12_no_attack_dup0_s20260627_nonbonded,P3-Persist,m12_no_attack_dup0_s20260627,nonbonded,1673,PRIVPROBE:0,host_scan,504,False,0,host_scan
m12_no_attack_dup0_s20260627_nonbonded,P3-Persist,m12_no_attack_dup0_s20260627,nonbonded,1696,PRIVPROBE:0,host_scan,504,False,0,host_scan
m12_no_attack_dup0_s20260627_nonbonded,P3-Persist,m12_no_attack_dup0_s20260627,nonbonded,1714,PRIVPROBE:0,host_scan,504,False,0,host_scan
m12_no_attack_dup0_s20260627_nonbonded,P3-Persist,m12_no_attack_dup0_s20260627,nonbonded,1731,PRIVPROBE:0,host_scan,504,False,0,reserve
m12_no_attack_dup0_s20260627_nonbonded,P3-Persist,m12_no_attack_dup0_s20260627,nonbonded,1752,PRIVPROBE:0,host_scan,504,False,0,host_scan
m12_no_attack_dup0_s20260627_nonbonded,P3-Persist,m12_no_attack_dup0_s20260627,nonbonded,1778,PRIVPROBE:0,host_scan,504,False,0,host_scan
m12_no_attack_dup0_s20260627_nonbonded,P3-Persist,m12_no_attack_dup0_s20260627,nonbonded,1796,PRIVPROBE:0,host_scan,504,False,0,host_scan
m12_no_attack_dup0_s20260627_nonbonded,P3-Persist,m12_no_attack_dup0_s20260627,nonbonded,1828,PRIVPROBE:0,host_scan,504,False,0,host_scan
m12_no_attack_dup0_s20260627_nonbonded,P3-Persist,m12_no_attack_dup0_s20260627,nonbonded,1857,PRIVPROBE:0,host_scan,504,False,0,host_scan
m12_no_attack_dup0_s20260627_nonbonded,P3-Persist,m12_no_attack_dup0_s20260627,nonbonded,1888,PRIVPROBE:0,host_scan,504,False,0,host_scan
m12_no_attack_dup0_s20260627_nonbonded,P3-Persist,m12_no_attack_dup0_s20260627,nonbonded,1908,PRIVPROBE:0,host_scan,504,False,0,host_scan
m12_no_attack_dup0_s20260627_nonbonded,P3-Persist,m12_no_attack_dup0_s20260627,nonbonded,1936,PRIVPROBE:0,host_scan,504,False,0,host_scan
m12_no_attack_dup0_s20260627_nonbonded,P3-Persist,m12_no_attack_dup0_s20260627,nonbonded,1956,PRIVPROBE:0,host_scan,504,False,0,reserve
m12_no_attack_dup0_s20260627_nonbonded,P3-Persist,m12_no_attack_dup0_s20260627,nonbonded,1973,PRIVPROBE:0,host_scan,504,False,0,reserve
m12_no_attack_dup0_s20260627_nonbonded,P3-Persist,m12_no_attack_dup0_s20260627,nonbonded,1999,PRIVPROBE:0,host_scan,504,False,0,reserve
m12_no_attack_dup0_s20260627_nonbonded,P3-Persist,m12_no_attack_dup0_s20260627,nonbonded,2027,PRIVPROBE:0,host_scan,504,False,0,reserve
m12_no_attack_dup0_s20260627_nonbonded,P3-Persist,m12_no_attack_dup0_s20260627,nonbonded,2049,PRIVPROBE:0,host_scan,504,False,0,host_scan
m12_no_attack_dup0_s20260627_nonbonded,P3-Persist,m12_no_attack_dup0_s20260627,nonbonded,2074,PRIVPROBE:0,host_scan,504,False,0,host_scan
m12_no_attack_dup0_s20260627_nonbonded,P3-Persist,m12_no_attack_dup0_s20260627,nonbonded,2096,PRIVPROBE:0,host_scan,504,False,0,host_scan
m12_no_attack_dup0_s20260627_nonbonded,P3-Persist,m12_no_attack_dup0_s20260627,nonbonded,2116,PRIVPROBE:0,host_scan,504,False,0,host_scan
m12_no_attack_dup0_s20260627_nonbonded,P3-Persist,m12_no_attack_dup0_s20260627,nonbonded,2135,PRIVPROBE:0,host_scan,504,False,0,host_scan
m12_no_attack_dup0_s20260627_nonbonded,P3-Persist,m12_no_attack_dup0_s20260627,nonbonded,2160,PRIVPROBE:0,host_scan,504,False,0,host_scan
m12_no_attack_dup0_s20260627_nonbonded,P3-Persist,m12_no_attack_dup0_s20260627,nonbonded,2182,PRIVPROBE:0,host_scan,504,False,0,host_scan
m12_no_attack_dup0_s20260627_nonbonded,P3-Persist,m12_no_attack_dup0_s20260627,nonbonded,2200,PRIVPROBE:0,host_scan,504,False,0,host_scan
m12_no_attack_dup0_s20260627_nonbonded,P3-Persist,m12_no_attack_dup0_s20260627,nonbonded,2218,PRIVPROBE:0,host_scan,504,False,0,host_scan
m12_no_attack_dup0_s20260627_nonbonded,P3-Persist,m12_no_attack_dup0_s20260627,nonbonded,2250,PRIVPROBE:0,host_scan,504,False,0,host_scan
m12_no_attack_dup0_s20260627_nonbonded,P3-Persist,m12_no_attack_dup0_s20260627,nonbonded,2263,PRIVPROBE:0,host_scan,504,False,0,host_scan
m12_no_attack_dup0_s20260627_nonbonded,P3-Persist,m12_no_attack_dup0_s20260627,nonbonded,2282,PRIVPROBE:0,host_scan,504,False,0,reserve
m12_no_attack_dup0_s20260627_nonbonded,P3-Persist,m12_no_attack_dup0_s20260627,nonbonded,2296,PRIVPROBE:0,host_scan,504,False,0,host_scan
m12_no_attack_dup0_s20260627_nonbonded,P3-Persist,m12_no_attack_dup0_s20260627,nonbonded,2317,PRIVPROBE:0,host_scan,504,False,0,host_scan
m12_no_attack_dup0_s20260627_nonbonded,P3-Persist,m12_no_attack_dup0_s20260627,nonbonded,2340,PRIVPROBE:0,host_scan,504,False,0,host_scan
m12_no_attack_dup0_s20260627_nonbonded,P3-Persist,m12_no_attack_dup0_s20260627,nonbonded,2369,PRIVPROBE:0,host_scan,504,False,0,host_scan
m12_no_attack_dup0_s20260627_nonbonded,P3-Persist,m12_no_attack_dup0_s20260627,nonbonded,2388,PRIVPROBE:0,host_scan,504,False,0,host_scan
m12_no_attack_dup0_s20260627_nonbonded,P3-Persist,m12_no_attack_dup0_s20260627,nonbonded,2403,PRIVPROBE:0,host_scan,504,False,0,host_scan
m12_no_attack_dup0_s20260627_nonbonded,P3-Persist,m12_no_attack_dup0_s20260627,nonbonded,2423,PRIVPROBE:0,host_scan,504,False,0,host_scan
m12_no_attack_dup0_s20260627_nonbonded,P3-Persist,m12_no_attack_dup0_s20260627,nonbonded,2440,PRIVPROBE:0,host_scan,504,False,0,host_scan
m12_no_attack_dup0_s20260627_nonbonded,P3-Persist,m12_no_attack_dup0_s20260627,nonbonded,2462,PRIVPROBE:0,host_scan,504,False,0,host_scan
m12_no_attack_dup0_s20260627_nonbonded,P3-Persist,m12_no_attack_dup0_s20260627,nonbonded,2478,PRIVPROBE:0,host_scan,504,False,0,host_scan
m12_no_attack_dup0_s20260627_nonbonded,P3-Persist,m12_no_attack_dup0_s20260627,nonbonded,2498,PRIVPROBE:0,host_scan,504,False,0,host_scan
m12_no_attack_dup0_s20260627_nonbonded,P3-Persist,m12_no_attack_dup0_s20260627,nonbonded,2516,PRIVPROBE:0,host_scan,504,False,0,reserve
m12_no_attack_dup0_s20260627_nonbonded,P3-Persist,m12_no_attack_dup0_s20260627,nonbonded,2538,PRIVPROBE:0,host_scan,504,False,0,host_scan
m12_no_attack_dup0_s20260627_nonbonded,P3-Persist,m12_no_attack_dup0_s20260627,nonbonded,2559,PRIVPROBE:0,host_scan,504,False,0,host_scan
m12_no_attack_dup0_s20260627_nonbonded,P3-Persist,m12_no_attack_dup0_s20260627,nonbonded,2583,PRIVPROBE:0,host_scan,504,False,0,host_scan
m12_no_attack_dup0_s20260627_nonbonded,P3-Persist,m12_no_attack_dup0_s20260627,nonbonded,2598,PRIVPROBE:0,host_scan,504,False,0,host_scan
m12_no_attack_dup0_s20260627_nonbonded,P3-Persist,m12_no_attack_dup0_s20260627,nonbonded,2614,PRIVPROBE:0,host_scan,504,False,0,host_scan
m12_no_attack_dup0_s20260627_nonbonded,P3-Persist,m12_no_attack_dup0_s20260627,nonbonded,2631,PRIVPROBE:0,host_scan,504,False,0,host_scan
m12_no_attack_dup0_s20260627_nonbonded,P3-Persist,m12_no_attack_dup0_s20260627,nonbonded,2657,PRIVPROBE:0,host_scan,504,False,0,host_scan
m12_no_attack_dup0_s20260627_nonbonded,P3-Persist,m12_no_attack_dup0_s20260627,nonbonded,2667,PRIVPROBE:0,host_scan,504,False,0,host_scan
m12_no_attack_dup0_s20260627_nonbonded,P3-Persist,m12_no_attack_dup0_s20260627,nonbonded,2684,PRIVPROBE:0,host_scan,504,False,0,host_scan
m12_no_attack_dup0_s20260627_nonbonded,P3-Persist,m12_no_attack_dup0_s20260627,nonbonded,2699,PRIVPROBE:0,host_scan,504,False,0,host_scan
m12_no_attack_dup0_s20260627_nonbonded,P3-Persist,m12_no_attack_dup0_s20260627,nonbonded,2718,PRIVPROBE:0,host_scan,504,False,0,host_scan
m12_no_attack_dup0_s20260627_nonbonded,P3-Persist,m12_no_attack_dup0_s20260627,nonbonded,2744,PRIVPROBE:0,host_scan,504,False,0,reserve
m12_no_attack_dup0_s20260627_nonbonded,P3-Persist,m12_no_attack_dup0_s20260627,nonbonded,2755,PRIVPROBE:0,host_scan,504,False,0,host_scan
m12_no_attack_dup0_s20260627_nonbonded,P3-Persist,m12_no_attack_dup0_s20260627,nonbonded,2773,PRIVPROBE:0,host_scan,504,False,0,host_scan
m12_no_attack_dup0_s20260627_nonbonded,P3-Persist,m12_no_attack_dup0_s20260627,nonbonded,2794,PRIVPROBE:0,host_scan,504,False,0,host_scan
m12_no_attack_dup0_s20260627_nonbonded,P3-Persist,m12_no_attack_dup0_s20260627,nonbonded,2816,PRIVPROBE:0,host_scan,504,False,0,host_scan
m12_no_attack_dup0_s20260627_nonbonded,P3-Persist,m12_no_attack_dup0_s20260627,nonbonded,2833,PRIVPROBE:0,host_scan,504,False,0,host_scan
m12_no_attack_dup0_s20260627_nonbonded,P3-Persist,m12_no_attack_dup0_s20260627,nonbonded,2848,PRIVPROBE:0,host_scan,504,False,0,host_scan
m12_no_attack_dup0_s20260627_nonbonded,P3-Persist,m12_no_attack_dup0_s20260627,nonbonded,2872,PRIVPROBE:0,host_scan,504,False,0,host_scan
m12_no_attack_dup0_s20260627_nonbonded,P3-Persist,m12_no_attack_dup0_s20260627,nonbonded,2892,PRIVPROBE:0,host_scan,504,False,0,host_scan
m12_no_attack_dup0_s20260627_nonbonded,P3-Persist,m12_no_attack_dup0_s20260627,nonbonded,2912,PRIVPROBE:0,host_scan,504,False,0,host_scan
m12_no_attack_dup0_s20260627_nonbonded,P3-Persist,m12_no_attack_dup0_s20260627,nonbonded,2944,PRIVPROBE:0,host_scan,504,False,0,reserve
m12_no_attack_dup0_s20260627_nonbonded,P3-Persist,m12_no_attack_dup0_s20260627,nonbonded,2976,PRIVPROBE:0,host_scan,504,False,0,reserve
m12_no_attack_dup0_s20260627_nonbonded,P3-Persist,m12_no_attack_dup0_s20260627,nonbonded,2994,PRIVPROBE:0,host_scan,504,False,0,reserve
m12_no_attack_dup0_s20260627_nonbonded,P3-Persist,m12_no_attack_dup0_s20260627,nonbonded,3016,PRIVPROBE:0,host_scan,504,False,0,host_scan
m12_no_attack_dup0_s20260627_nonbonded,P3-Persist,m12_no_attack_dup0_s20260627,nonbonded,3048,PRIVPROBE:0,host_scan,504,False,0,host_scan
m12_no_attack_dup0_s20260627_nonbonded,P3-Persist,m12_no_attack_dup0_s20260627,nonbonded,3077,PRIVPROBE:0,host_scan,504,False,0,host_scan
m12_no_attack_dup0_s20260627_nonbonded,P3-Persist,m12_no_attack_dup0_s20260627,nonbonded,3099,PRIVPROBE:0,host_scan,504,False,0,host_scan
m12_no_attack_dup0_s20260627_nonbonded,P3-Persist,m12_no_attack_dup0_s20260627,nonbonded,3126,PRIVPROBE:0,host_scan,504,False,0,host_scan
m12_no_attack_dup0_s20260627_nonbonded,P3-Persist,m12_no_attack_dup0_s20260627,nonbonded,3152,PRIVPROBE:0,host_scan,504,False,0,host_scan
m12_no_attack_dup0_s20260627_nonbonded,P3-Persist,m12_no_attack_dup0_s20260627,nonbonded,3170,PRIVPROBE:0,host_scan,504,False,0,host_scan
m12_no_attack_dup0_s20260627_nonbonded,P3-Persist,m12_no_attack_dup0_s20260627,nonbonded,3187,PRIVPROBE:0,host_scan,504,False,0,host_scan
m12_no_attack_dup0_s20260627_nonbonded,P3-Persist,m12_no_attack_dup0_s20260627,nonbonded,3202,PRIVPROBE:0,host_scan,504,False,0,host_scan
m12_no_attack_dup0_s20260627_nonbonded,P3-Persist,m12_no_attack_dup0_s20260627,nonbonded,3216,PRIVPROBE:0,host_scan,504,False,0,host_scan
m12_no_attack_dup0_s20260627_nonbonded,P3-Persist,m12_no_attack_dup0_s20260627,nonbonded,3252,PRIVPROBE:0,host_scan,504,False,0,reserve
m12_no_attack_dup0_s20260627_nonbonded,P3-Persist,m12_no_attack_dup0_s20260627,nonbonded,3273,PRIVPROBE:0,host_scan,504,False,0,reserve
m12_no_attack_dup0_s20260627_nonbonded,P3-Persist,m12_no_attack_dup0_s20260627,nonbonded,3296,PRIVPROBE:0,host_scan,504,False,0,host_scan
m12_no_attack_dup0_s20260627_nonbonded,P3-Persist,m12_no_attack_dup0_s20260627,nonbonded,3306,PRIVPROBE:0,host_scan,504,False,0,host_scan
m12_no_attack_dup0_s20260627_nonbonded,P3-Persist,m12_no_attack_dup0_s20260627,nonbonded,3327,PRIVPROBE:0,host_scan,504,False,0,host_scan
m12_no_attack_dup0_s20260627_nonbonded,P3-Persist,m12_no_attack_dup0_s20260627,nonbonded,3354,PRIVPROBE:0,host_scan,504,False,0,host_scan
m12_no_attack_dup0_s20260627_nonbonded,P3-Persist,m12_no_attack_dup0_s20260627,nonbonded,3379,PRIVPROBE:0,host_scan,504,False,0,host_scan
m12_no_attack_dup0_s20260627_nonbonded,P3-Persist,m12_no_attack_dup0_s20260627,nonbonded,3405,PRIVPROBE:0,host_scan,504,False,0,host_scan
m12_no_attack_dup0_s20260627_nonbonded,P3-Persist,m12_no_attack_dup0_s20260627,nonbonded,3426,PRIVPROBE:0,host_scan,504,False,0,host_scan
m12_no_attack_dup0_s20260627_nonbonded,P3-Persist,m12_no_attack_dup0_s20260627,nonbonded,3443,PRIVPROBE:0,host_scan,504,False,0,host_scan
m12_no_attack_dup0_s20260627_nonbonded,P3-Persist,m12_no_attack_dup0_s20260627,nonbonded,3464,PRIVPROBE:0,host_scan,504,False,0,host_scan
m12_no_attack_dup0_s20260627_nonbonded,P3-Persist,m12_no_attack_dup0_s20260627,nonbonded,3489,PRIVPROBE:0,host_scan,504,False,0,host_scan
m12_no_attack_dup0_s20260627_nonbonded,P3-Persist,m12_no_attack_dup0_s20260627,nonbonded,3512,PRIVPROBE:0,host_scan,504,False,0,host_scan
m12_no_attack_dup0_s20260627_nonbonded,P3-Persist,m12_no_attack_dup0_s20260627,nonbonded,3526,PRIVPROBE:0,host_scan,504,False,0,host_scan
m12_no_attack_dup0_s20260627_nonbonded,P3-Persist,m12_no_attack_dup0_s20260627,nonbonded,3548,PRIVPROBE:0,host_scan,504,False,0,host_scan
m12_no_attack_dup0_s20260627_nonbonded,P3-Persist,m12_no_attack_dup0_s20260627,nonbonded,3561,PRIVPROBE:0,host_scan,504,False,0,host_scan
m12_no_attack_dup0_s20260627_nonbonded,P3-Persist,m12_no_attack_dup0_s20260627,nonbonded,3581,PRIVPROBE:0,host_scan,504,False,0,host_scan
m12_no_attack_dup0_s20260627_nonbonded,P3-Persist,m12_no_attack_dup0_s20260627,nonbonded,3603,PRIVPROBE:0,host_scan,504,False,0,host_scan
m12_no_attack_dup0_s20260627_nonbonded,P3-Persist,m12_no_attack_dup0_s20260627,nonbonded,3626,PRIVPROBE:0,host_scan,504,False,0,host_scan
m12_no_attack_dup0_s20260627_nonbonded,P3-Persist,m12_no_attack_dup0_s20260627,nonbonded,3648,PRIVPROBE:0,host_scan,504,False,0,host_scan
m12_no_attack_dup0_s20260627_nonbonded,P3-Persist,m12_no_attack_dup0_s20260627,nonbonded,3678,PRIVPROBE:0,host_scan,504,False,0,host_scan
m12_no_attack_dup0_s20260627_nonbonded,P3-Persist,m12_no_attack_dup0_s20260627,nonbonded,3696,PRIVPROBE:0,host_scan,504,False,0,host_scan
m12_no_attack_dup0_s20260627_nonbonded,P3-Persist,m12_no_attack_dup0_s20260627,nonbonded,3717,PRIVPROBE:0,host_scan,504,False,0,host_scan
m12_no_attack_dup0_s20260627_nonbonded,P3-Persist,m12_no_attack_dup0_s20260627,nonbonded,3754,PRIVPROBE:0,host_scan,504,False,0,reserve
m12_no_attack_dup0_s20260627_nonbonded,P3-Persist,m12_no_attack_dup0_s20260627,nonbonded,3768,PRIVPROBE:0,host_scan,504,False,0,reserve
m12_no_attack_dup0_s20260627_nonbonded,P3-Persist,m12_no_attack_dup0_s20260627,nonbonded,3792,PRIVPROBE:0,host_scan,504,False,0,reserve
m12_no_attack_dup0_s20260627_nonbonded,P3-Persist,m12_no_attack_dup0_s20260627,nonbonded,3811,PRIVPROBE:1,host_scan,504,False,0,host_scan
m12_no_attack_dup0_s20260627_nonbonded,P3-Persist,m12_no_attack_dup0_s20260627,nonbonded,3822,PRIVPROBE:1,host_scan,504,False,0,host_scan
m12_no_attack_dup0_s20260627_nonbonded,P3-Persist,m12_no_attack_dup0_s20260627,nonbonded,3845,PRIVPROBE:1,host_scan,504,False,0,host_scan
m12_no_attack_dup0_s20260627_nonbonded,P3-Persist,m12_no_attack_dup0_s20260627,nonbonded,3881,PRIVPROBE:1,host_scan,504,False,0,host_scan
m12_no_attack_dup0_s20260627_nonbonded,P3-Persist,m12_no_attack_dup0_s20260627,nonbonded,3900,PRIVPROBE:1,host_scan,504,False,0,host_scan
m12_no_attack_dup0_s20260627_nonbonded,P3-Persist,m12_no_attack_dup0_s20260627,nonbonded,3928,PRIVPROBE:1,host_scan,504,False,0,host_scan
m12_no_attack_dup0_s20260627_nonbonded,P3-Persist,m12_no_attack_dup0_s20260627,nonbonded,3943,PRIVPROBE:1,host_scan,504,False,0,host_scan
m12_no_attack_dup0_s20260627_nonbonded,P3-Persist,m12_no_attack_dup0_s20260627,nonbonded,3972,PRIVPROBE:1,defer,0,True,1000,defer
m12_no_attack_dup0_s20260627_nonbonded,P3-Persist,m12_no_attack_dup0_s20260627,nonbonded,3986,PRIVPROBE:1,host_scan,504,False,0,reserve
m12_no_attack_dup0_s20260627_nonbonded,P3-Persist,m12_no_attack_dup0_s20260627,nonbonded,4011,PRIVPROBE:1,host_scan,504,False,0,reserve
m12_no_attack_dup0_s20260627_nonbonded,P3-Persist,m12_no_attack_dup0_s20260627,nonbonded,4030,PRIVPROBE:1,host_scan,504,False,0,reserve
m12_no_attack_dup0_s20260627_nonbonded,P3-Persist,m12_no_attack_dup0_s20260627,nonbonded,4053,PRIVPROBE:1,host_scan,504,False,0,reserve
m12_no_attack_dup0_s20260627_nonbonded,P3-Persist,m12_no_attack_dup0_s20260627,nonbonded,4080,PRIVPROBE:1,host_scan,504,False,0,host_scan
m12_no_attack_dup0_s20260627_nonbonded,P3-Persist,m12_no_attack_dup0_s20260627,nonbonded,4097,PRIVPROBE:1,host_scan,504,False,0,host_scan
m12_no_attack_dup0_s20260627_nonbonded,P3-Persist,m12_no_attack_dup0_s20260627,nonbonded,4109,PRIVPROBE:1,host_scan,504,False,0,host_scan
m12_no_attack_dup0_s20260627_nonbonded,P3-Persist,m12_no_attack_dup0_s20260627,nonbonded,4136,PRIVPROBE:1,host_scan,504,False,0,host_scan
m12_no_attack_dup0_s20260627_nonbonded,P3-Persist,m12_no_attack_dup0_s20260627,nonbonded,4153,PRIVPROBE:1,host_scan,504,False,0,host_scan
m12_no_attack_dup0_s20260627_nonbonded,P3-Persist,m12_no_attack_dup0_s20260627,nonbonded,4175,PRIVPROBE:1,host_scan,504,False,0,host_scan
m12_no_attack_dup0_s20260627_nonbonded,P3-Persist,m12_no_attack_dup0_s20260627,nonbonded,4193,PRIVPROBE:1,host_scan,504,False,0,host_scan
m12_no_attack_dup0_s20260627_nonbonded,P3-Persist,m12_no_attack_dup0_s20260627,nonbonded,4210,PRIVPROBE:1,host_scan,504,False,0,host_scan
m12_no_attack_dup0_s20260627_nonbonded,P3-Persist,m12_no_attack_dup0_s20260627,nonbonded,4232,PRIVPROBE:1,host_scan,504,False,0,host_scan
m12_no_attack_dup0_s20260627_nonbonded,P3-Persist,m12_no_attack_dup0_s20260627,nonbonded,4250,PRIVPROBE:1,host_scan,504,False,0,host_scan
m12_no_attack_dup0_s20260627_nonbonded,P3-Persist,m12_no_attack_dup0_s20260627,nonbonded,4268,PRIVPROBE:1,host_scan,504,False,0,reserve
m12_no_attack_dup0_s20260627_nonbonded,P3-Persist,m12_no_attack_dup0_s20260627,nonbonded,4290,PRIVPROBE:1,host_scan,504,False,0,reserve
m12_no_attack_dup0_s20260627_nonbonded,P3-Persist,m12_no_attack_dup0_s20260627,nonbonded,4314,PRIVPROBE:1,host_scan,504,False,0,host_scan
m12_no_attack_dup0_s20260627_nonbonded,P3-Persist,m12_no_attack_dup0_s20260627,nonbonded,4324,PRIVPROBE:1,host_scan,504,False,0,host_scan
m12_no_attack_dup0_s20260627_nonbonded,P3-Persist,m12_no_attack_dup0_s20260627,nonbonded,4347,PRIVPROBE:1,host_scan,504,False,0,host_scan
m12_no_attack_dup0_s20260627_nonbonded,P3-Persist,m12_no_attack_dup0_s20260627,nonbonded,4375,PRIVPROBE:1,host_scan,504,False,0,host_scan
m12_no_attack_dup0_s20260627_nonbonded,P3-Persist,m12_no_attack_dup0_s20260627,nonbonded,4395,PRIVPROBE:1,host_scan,504,False,0,host_scan
m12_no_attack_dup0_s20260627_nonbonded,P3-Persist,m12_no_attack_dup0_s20260627,nonbonded,4416,PRIVPROBE:1,host_scan,504,False,0,host_scan
m12_no_attack_dup0_s20260627_nonbonded,P3-Persist,m12_no_attack_dup0_s20260627,nonbonded,4435,PRIVPROBE:1,host_scan,504,False,0,host_scan
m12_no_attack_dup0_s20260627_nonbonded,P3-Persist,m12_no_attack_dup0_s20260627,nonbonded,4454,PRIVPROBE:1,host_scan,504,False,0,host_scan
m12_no_attack_dup0_s20260627_nonbonded,P3-Persist,m12_no_attack_dup0_s20260627,nonbonded,4473,PRIVPROBE:1,host_scan,504,False,0,host_scan
m12_no_attack_dup0_s20260627_nonbonded,P3-Persist,m12_no_attack_dup0_s20260627,nonbonded,4494,PRIVPROBE:1,host_scan,504,False,0,host_scan
m12_no_attack_dup0_s20260627_nonbonded,P3-Persist,m12_no_attack_dup0_s20260627,nonbonded,4525,PRIVPROBE:1,host_scan,504,False,0,reserve
m12_no_attack_dup0_s20260627_nonbonded,P3-Persist,m12_no_attack_dup0_s20260627,nonbonded,4541,PRIVPROBE:1,host_scan,504,False,0,reserve
m12_no_attack_dup0_s20260627_nonbonded,P3-Persist,m12_no_attack_dup0_s20260627,nonbonded,4555,PRIVPROBE:1,host_scan,504,False,0,host_scan
m12_no_attack_dup0_s20260627_nonbonded,P3-Persist,m12_no_attack_dup0_s20260627,nonbonded,4577,PRIVPROBE:1,host_scan,504,False,0,host_scan
m12_no_attack_dup0_s20260627_nonbonded,P3-Persist,m12_no_attack_dup0_s20260627,nonbonded,4591,PRIVPROBE:1,host_scan,504,False,0,host_scan
m12_no_attack_dup0_s20260627_nonbonded,P3-Persist,m12_no_attack_dup0_s20260627,nonbonded,4614,PRIVPROBE:1,host_scan,504,False,0,host_scan
m12_no_attack_dup0_s20260627_nonbonded,P3-Persist,m12_no_attack_dup0_s20260627,nonbonded,4629,PRIVPROBE:1,host_scan,504,False,0,host_scan
m12_no_attack_dup0_s20260627_nonbonded,P3-Persist,m12_no_attack_dup0_s20260627,nonbonded,4651,PRIVPROBE:1,host_scan,504,False,0,host_scan
m12_no_attack_dup0_s20260627_nonbonded,P3-Persist,m12_no_attack_dup0_s20260627,nonbonded,4659,PRIVPROBE:1,host_scan,504,False,0,host_scan
m12_no_attack_dup0_s20260627_nonbonded,P3-Persist,m12_no_attack_dup0_s20260627,nonbonded,4680,PRIVPROBE:1,host_scan,504,False,0,host_scan
m12_no_attack_dup0_s20260627_nonbonded,P3-Persist,m12_no_attack_dup0_s20260627,nonbonded,4703,PRIVPROBE:1,host_scan,504,False,0,host_scan
m12_no_attack_dup0_s20260627_nonbonded,P3-Persist,m12_no_attack_dup0_s20260627,nonbonded,4721,PRIVPROBE:1,host_scan,504,False,0,host_scan
m12_no_attack_dup0_s20260627_nonbonded,P3-Persist,m12_no_attack_dup0_s20260627,nonbonded,4747,PRIVPROBE:1,host_scan,504,False,0,host_scan
m12_no_attack_dup0_s20260627_nonbonded,P3-Persist,m12_no_attack_dup0_s20260627,nonbonded,4762,PRIVPROBE:1,host_scan,504,False,0,host_scan
m12_no_attack_dup0_s20260627_nonbonded,P3-Persist,m12_no_attack_dup0_s20260627,nonbonded,4790,PRIVPROBE:1,host_scan,504,False,0,host_scan
m12_no_attack_dup0_s20260627_nonbonded,P3-Persist,m12_no_attack_dup0_s20260627,nonbonded,4815,PRIVPROBE:1,host_scan,504,False,0,host_scan
m12_no_attack_dup0_s20260627_nonbonded,P3-Persist,m12_no_attack_dup0_s20260627,nonbonded,4834,PRIVPROBE:1,host_scan,504,False,0,host_scan
m12_no_attack_dup0_s20260627_nonbonded,P3-Persist,m12_no_attack_dup0_s20260627,nonbonded,4848,PRIVPROBE:1,host_scan,504,False,0,host_scan
m12_no_attack_dup0_s20260627_nonbonded,P3-Persist,m12_no_attack_dup0_s20260627,nonbonded,4874,PRIVPROBE:1,host_scan,504,False,0,host_scan
m12_no_attack_dup0_s20260627_nonbonded,P3-Persist,m12_no_attack_dup0_s20260627,nonbonded,4896,PRIVPROBE:1,host_scan,504,False,0,host_scan
m12_no_attack_dup0_s20260627_nonbonded,P3-Persist,m12_no_attack_dup0_s20260627,nonbonded,4914,PRIVPROBE:1,host_scan,504,False,0,host_scan
m12_no_attack_dup0_s20260627_nonbonded,P3-Persist,m12_no_attack_dup0_s20260627,nonbonded,4933,PRIVPROBE:1,host_scan,504,False,0,host_scan
m12_no_attack_dup0_s20260627_nonbonded,P3-Persist,m12_no_attack_dup0_s20260627,nonbonded,4965,PRIVPROBE:1,host_scan,504,False,0,host_scan
m12_no_attack_dup0_s20260627_nonbonded,P3-Persist,m12_no_attack_dup0_s20260627,nonbonded,4988,PRIVPROBE:1,host_scan,504,False,0,host_scan
m12_no_attack_dup0_s20260627_nonbonded,P3-Persist,m12_no_attack_dup0_s20260627,nonbonded,5014,PRIVPROBE:1,host_scan,504,False,0,reserve
m12_no_attack_dup0_s20260627_nonbonded,P3-Persist,m12_no_attack_dup0_s20260627,nonbonded,5037,PRIVPROBE:1,host_scan,504,False,0,reserve
m12_no_attack_dup0_s20260627_nonbonded,P3-Persist,m12_no_attack_dup0_s20260627,nonbonded,5053,PRIVPROBE:1,host_scan,504,False,0,host_scan
m12_no_attack_dup0_s20260627_nonbonded,P3-Persist,m12_no_attack_dup0_s20260627,nonbonded,5072,PRIVPROBE:1,host_scan,504,False,0,host_scan
m12_no_attack_dup0_s20260627_nonbonded,P3-Persist,m12_no_attack_dup0_s20260627,nonbonded,5092,PRIVPROBE:1,host_scan,504,False,0,host_scan
m12_no_attack_dup0_s20260627_nonbonded,P3-Persist,m12_no_attack_dup0_s20260627,nonbonded,5116,PRIVPROBE:1,host_scan,504,False,0,host_scan
m12_no_attack_dup0_s20260627_nonbonded,P3-Persist,m12_no_attack_dup0_s20260627,nonbonded,5133,PRIVPROBE:1,host_scan,504,False,0,host_scan
m12_no_attack_dup0_s20260627_nonbonded,P3-Persist,m12_no_attack_dup0_s20260627,nonbonded,5163,PRIVPROBE:1,host_scan,504,False,0,host_scan
m12_no_attack_dup0_s20260627_nonbonded,P3-Persist,m12_no_attack_dup0_s20260627,nonbonded,5181,PRIVPROBE:1,host_scan,504,False,0,host_scan
m12_no_attack_dup0_s20260627_nonbonded,P3-Persist,m12_no_attack_dup0_s20260627,nonbonded,5201,PRIVPROBE:1,host_scan,504,False,0,host_scan
m12_no_attack_dup0_s20260627_nonbonded,P3-Persist,m12_no_attack_dup0_s20260627,nonbonded,5211,PRIVPROBE:1,host_scan,504,False,0,host_scan
m12_no_attack_dup0_s20260627_nonbonded,P3-Persist,m12_no_attack_dup0_s20260627,nonbonded,5232,PRIVPROBE:1,host_scan,504,False,0,host_scan
m12_no_attack_dup0_s20260627_nonbonded,P3-Persist,m12_no_attack_dup0_s20260627,nonbonded,5257,PRIVPROBE:1,host_scan,504,False,0,host_scan
m12_no_attack_dup0_s20260627_nonbonded,P3-Persist,m12_no_attack_dup0_s20260627,nonbonded,5279,PRIVPROBE:1,host_scan,504,False,0,reserve
m12_no_attack_dup0_s20260627_nonbonded,P3-Persist,m12_no_attack_dup0_s20260627,nonbonded,5307,PRIVPROBE:1,host_scan,504,False,0,host_scan
m12_no_attack_dup0_s20260627_nonbonded,P3-Persist,m12_no_attack_dup0_s20260627,nonbonded,5329,PRIVPROBE:1,host_scan,504,False,0,host_scan
m12_no_attack_dup0_s20260627_nonbonded,P3-Persist,m12_no_attack_dup0_s20260627,nonbonded,5345,PRIVPROBE:1,host_scan,504,False,0,host_scan
m12_no_attack_dup0_s20260627_nonbonded,P3-Persist,m12_no_attack_dup0_s20260627,nonbonded,5373,PRIVPROBE:1,host_scan,504,False,0,host_scan
m12_no_attack_dup0_s20260627_nonbonded,P3-Persist,m12_no_attack_dup0_s20260627,nonbonded,5389,PRIVPROBE:1,host_scan,504,False,0,host_scan
m12_no_attack_dup0_s20260627_nonbonded,P3-Persist,m12_no_attack_dup0_s20260627,nonbonded,5408,PRIVPROBE:1,host_scan,504,False,0,host_scan
m12_no_attack_dup0_s20260627_nonbonded,P3-Persist,m12_no_attack_dup0_s20260627,nonbonded,5430,PRIVPROBE:1,host_scan,504,False,0,host_scan
m12_no_attack_dup0_s20260627_nonbonded,P3-Persist,m12_no_attack_dup0_s20260627,nonbonded,5447,PRIVPROBE:1,host_scan,504,False,0,host_scan
m12_no_attack_dup0_s20260627_nonbonded,P3-Persist,m12_no_attack_dup0_s20260627,nonbonded,5472,PRIVPROBE:1,host_scan,504,False,0,host_scan
m12_no_attack_dup0_s20260627_nonbonded,P3-Persist,m12_no_attack_dup0_s20260627,nonbonded,5496,PRIVPROBE:1,host_scan,504,False,0,host_scan
m12_no_attack_dup0_s20260627_nonbonded,P3-Persist,m12_no_attack_dup0_s20260627,nonbonded,5520,PRIVPROBE:1,host_scan,504,False,0,host_scan
m12_no_attack_dup0_s20260627_nonbonded,P3-Persist,m12_no_attack_dup0_s20260627,nonbonded,5545,PRIVPROBE:1,host_scan,504,False,0,reserve
m12_no_attack_dup0_s20260627_nonbonded,P3-Persist,m12_no_attack_dup0_s20260627,nonbonded,5576,PRIVPROBE:1,host_scan,504,False,0,host_scan
m12_no_attack_dup0_s20260627_nonbonded,P3-Persist,m12_no_attack_dup0_s20260627,nonbonded,5599,PRIVPROBE:1,host_scan,504,False,0,host_scan
m12_no_attack_dup0_s20260627_nonbonded,P3-Persist,m12_no_attack_dup0_s20260627,nonbonded,5625,PRIVPROBE:1,host_scan,504,False,0,host_scan
m12_no_attack_dup0_s20260627_nonbonded,P3-Persist,m12_no_attack_dup0_s20260627,nonbonded,5642,PRIVPROBE:1,host_scan,504,False,0,host_scan
m12_no_attack_dup0_s20260627_nonbonded,P3-Persist,m12_no_attack_dup0_s20260627,nonbonded,5668,PRIVPROBE:1,host_scan,504,False,0,host_scan
m12_no_attack_dup0_s20260627_nonbonded,P3-Persist,m12_no_attack_dup0_s20260627,nonbonded,5699,PRIVPROBE:1,host_scan,504,False,0,host_scan
m12_no_attack_dup0_s20260627_nonbonded,P3-Persist,m12_no_attack_dup0_s20260627,nonbonded,5713,PRIVPROBE:1,host_scan,504,False,0,host_scan
m12_no_attack_dup0_s20260627_nonbonded,P3-Persist,m12_no_attack_dup0_s20260627,nonbonded,5741,PRIVPROBE:1,host_scan,504,False,0,host_scan
m12_no_attack_dup0_s20260627_nonbonded,P3-Persist,m12_no_attack_dup0_s20260627,nonbonded,5765,PRIVPROBE:1,host_scan,504,False,0,host_scan
m12_no_attack_dup0_s20260627_nonbonded,P3-Persist,m12_no_attack_dup0_s20260627,nonbonded,5779,PRIVPROBE:1,host_scan,504,False,0,host_scan
m12_no_attack_dup0_s20260627_nonbonded,P3-Persist,m12_no_attack_dup0_s20260627,nonbonded,5796,PRIVPROBE:1,host_scan,504,False,0,reserve
m12_no_attack_dup0_s20260627_nonbonded,P3-Persist,m12_no_attack_dup0_s20260627,nonbonded,5818,PRIVPROBE:1,host_scan,504,False,0,reserve
m12_no_attack_dup0_s20260627_nonbonded,P3-Persist,m12_no_attack_dup0_s20260627,nonbonded,5828,PRIVPROBE:1,host_scan,504,False,0,host_scan
m12_no_attack_dup0_s20260627_nonbonded,P3-Persist,m12_no_attack_dup0_s20260627,nonbonded,5854,PRIVPROBE:1,host_scan,504,False,0,host_scan
m12_no_attack_dup0_s20260627_nonbonded,P3-Persist,m12_no_attack_dup0_s20260627,nonbonded,5877,PRIVPROBE:1,host_scan,504,False,0,host_scan
m12_no_attack_dup0_s20260627_nonbonded,P3-Persist,m12_no_attack_dup0_s20260627,nonbonded,5892,PRIVPROBE:1,host_scan,504,False,0,host_scan
m12_no_attack_dup0_s20260627_nonbonded,P3-Persist,m12_no_attack_dup0_s20260627,nonbonded,5913,PRIVPROBE:1,host_scan,504,False,0,host_scan
m12_no_attack_dup0_s20260627_nonbonded,P3-Persist,m12_no_attack_dup0_s20260627,nonbonded,5930,PRIVPROBE:1,host_scan,504,False,0,host_scan
m12_no_attack_dup0_s20260627_nonbonded,P3-Persist,m12_no_attack_dup0_s20260627,nonbonded,5946,PRIVPROBE:1,host_scan,504,False,0,host_scan
m12_no_attack_dup0_s20260627_nonbonded,P3-Persist,m12_no_attack_dup0_s20260627,nonbonded,5977,PRIVPROBE:1,host_scan,504,False,0,host_scan
m12_no_attack_dup0_s20260627_nonbonded,P3-Persist,m12_no_attack_dup0_s20260627,nonbonded,6005,PRIVPROBE:1,host_scan,504,False,0,host_scan
m12_no_attack_dup0_s20260627_nonbonded,P3-Persist,m12_no_attack_dup0_s20260627,nonbonded,6021,PRIVPROBE:1,host_scan,504,False,0,host_scan
m12_no_attack_dup0_s20260627_nonbonded,P3-Persist,m12_no_attack_dup0_s20260627,nonbonded,6033,PRIVPROBE:1,host_scan,504,False,0,host_scan
m12_no_attack_dup0_s20260627_nonbonded,P3-Persist,m12_no_attack_dup0_s20260627,nonbonded,6053,PRIVPROBE:1,host_scan,504,False,0,reserve
m12_no_attack_dup0_s20260627_nonbonded,P3-Persist,m12_no_attack_dup0_s20260627,nonbonded,6066,PRIVPROBE:1,host_scan,504,False,0,host_scan
m12_no_attack_dup0_s20260627_nonbonded,P3-Persist,m12_no_attack_dup0_s20260627,nonbonded,6092,PRIVPROBE:1,host_scan,504,False,0,host_scan
m12_no_attack_dup0_s20260627_nonbonded,P3-Persist,m12_no_attack_dup0_s20260627,nonbonded,6107,PRIVPROBE:1,host_scan,504,False,0,host_scan
m12_no_attack_dup0_s20260627_nonbonded,P3-Persist,m12_no_attack_dup0_s20260627,nonbonded,6126,PRIVPROBE:1,host_scan,504,False,0,host_scan
m12_no_attack_dup0_s20260627_nonbonded,P3-Persist,m12_no_attack_dup0_s20260627,nonbonded,6154,PRIVPROBE:1,host_scan,504,False,0,host_scan
m12_no_attack_dup0_s20260627_nonbonded,P3-Persist,m12_no_attack_dup0_s20260627,nonbonded,6167,PRIVPROBE:1,host_scan,504,False,0,host_scan
m12_no_attack_dup0_s20260627_nonbonded,P3-Persist,m12_no_attack_dup0_s20260627,nonbonded,6191,PRIVPROBE:1,host_scan,504,False,0,host_scan
m12_no_attack_dup0_s20260627_nonbonded,P3-Persist,m12_no_attack_dup0_s20260627,nonbonded,6210,PRIVPROBE:1,host_scan,504,False,0,host_scan
m12_no_attack_dup0_s20260627_nonbonded,P3-Persist,m12_no_attack_dup0_s20260627,nonbonded,6228,PRIVPROBE:1,host_scan,504,False,0,host_scan
m12_no_attack_dup0_s20260627_nonbonded,P3-Persist,m12_no_attack_dup0_s20260627,nonbonded,6243,PRIVPROBE:1,host_scan,504,False,0,host_scan
m12_no_attack_dup0_s20260627_nonbonded,P3-Persist,m12_no_attack_dup0_s20260627,nonbonded,6267,PRIVPROBE:1,host_scan,504,False,0,reserve
m12_no_attack_dup0_s20260627_nonbonded,P3-Persist,m12_no_attack_dup0_s20260627,nonbonded,6285,PRIVPROBE:1,host_scan,504,False,0,reserve
m12_no_attack_dup0_s20260627_nonbonded,P3-Persist,m12_no_attack_dup0_s20260627,nonbonded,6320,PRIVPROBE:1,host_scan,504,False,0,host_scan
m12_no_attack_dup0_s20260627_nonbonded,P3-Persist,m12_no_attack_dup0_s20260627,nonbonded,6340,PRIVPROBE:1,host_scan,504,False,0,host_scan
m12_no_attack_dup0_s20260627_nonbonded,P3-Persist,m12_no_attack_dup0_s20260627,nonbonded,6364,PRIVPROBE:1,host_scan,504,False,0,host_scan
m12_no_attack_dup0_s20260627_nonbonded,P3-Persist,m12_no_attack_dup0_s20260627,nonbonded,6391,PRIVPROBE:1,host_scan,504,False,0,host_scan
m12_no_attack_dup0_s20260627_nonbonded,P3-Persist,m12_no_attack_dup0_s20260627,nonbonded,6411,PRIVPROBE:1,host_scan,504,False,0,host_scan
m12_no_attack_dup0_s20260627_nonbonded,P3-Persist,m12_no_attack_dup0_s20260627,nonbonded,6434,PRIVPROBE:1,host_scan,504,False,0,host_scan
m12_no_attack_dup0_s20260627_nonbonded,P3-Persist,m12_no_attack_dup0_s20260627,nonbonded,6461,PRIVPROBE:1,host_scan,504,False,0,host_scan
m12_no_attack_dup0_s20260627_nonbonded,P3-Persist,m12_no_attack_dup0_s20260627,nonbonded,6486,PRIVPROBE:1,host_scan,504,False,0,host_scan
m12_no_attack_dup0_s20260627_nonbonded,P3-Persist,m12_no_attack_dup0_s20260627,nonbonded,6508,PRIVPROBE:1,host_scan,504,False,0,host_scan
m12_no_attack_dup0_s20260627_nonbonded,P3-Persist,m12_no_attack_dup0_s20260627,nonbonded,6537,PRIVPROBE:1,host_scan,504,False,0,reserve
m12_no_attack_dup0_s20260627_nonbonded,P3-Persist,m12_no_attack_dup0_s20260627,nonbonded,6557,PRIVPROBE:1,host_scan,504,False,0,reserve
m12_no_attack_dup0_s20260627_nonbonded,P3-Persist,m12_no_attack_dup0_s20260627,nonbonded,6577,PRIVPROBE:1,host_scan,504,False,0,reserve
m12_no_attack_dup0_s20260627_nonbonded,P3-Persist,m12_no_attack_dup0_s20260627,nonbonded,6598,PRIVPROBE:1,host_scan,504,False,0,host_scan
m12_no_attack_dup0_s20260627_nonbonded,P3-Persist,m12_no_attack_dup0_s20260627,nonbonded,6613,PRIVPROBE:1,host_scan,504,False,0,host_scan
m12_no_attack_dup0_s20260627_nonbonded,P3-Persist,m12_no_attack_dup0_s20260627,nonbonded,6644,PRIVPROBE:1,host_scan,504,False,0,host_scan
m12_no_attack_dup0_s20260627_nonbonded,P3-Persist,m12_no_attack_dup0_s20260627,nonbonded,6668,PRIVPROBE:1,host_scan,504,False,0,host_scan
m12_no_attack_dup0_s20260627_nonbonded,P3-Persist,m12_no_attack_dup0_s20260627,nonbonded,6684,PRIVPROBE:1,host_scan,504,False,0,host_scan
m12_no_attack_dup0_s20260627_nonbonded,P3-Persist,m12_no_attack_dup0_s20260627,nonbonded,6709,PRIVPROBE:1,host_scan,504,False,0,host_scan
m12_no_attack_dup0_s20260627_nonbonded,P3-Persist,m12_no_attack_dup0_s20260627,nonbonded,6727,PRIVPROBE:1,host_scan,504,False,0,host_scan
m12_no_attack_dup0_s20260627_nonbonded,P3-Persist,m12_no_attack_dup0_s20260627,nonbonded,6754,PRIVPROBE:1,host_scan,504,False,0,host_scan
m12_no_attack_dup0_s20260627_nonbonded,P3-Persist,m12_no_attack_dup0_s20260627,nonbonded,6782,PRIVPROBE:1,host_scan,504,False,0,host_scan
m12_no_attack_dup0_s20260627_nonbonded,P3-Persist,m12_no_attack_dup0_s20260627,nonbonded,6808,PRIVPROBE:1,host_scan,504,False,0,host_scan
m12_no_attack_dup0_s20260627_nonbonded,P3-Persist,m12_no_attack_dup0_s20260627,nonbonded,6834,PRIVPROBE:1,host_scan,504,False,0,reserve
m12_no_attack_dup0_s20260627_nonbonded,P3-Persist,m12_no_attack_dup0_s20260627,nonbonded,6851,PRIVPROBE:1,host_scan,504,False,0,reserve
m12_no_attack_dup0_s20260627_nonbonded,P3-Persist,m12_no_attack_dup0_s20260627,nonbonded,6872,PRIVPROBE:1,host_scan,504,False,0,host_scan
m12_no_attack_dup0_s20260627_nonbonded,P3-Persist,m12_no_attack_dup0_s20260627,nonbonded,6888,PRIVPROBE:1,host_scan,504,False,0,host_scan
m12_no_attack_dup0_s20260627_nonbonded,P3-Persist,m12_no_attack_dup0_s20260627,nonbonded,6907,PRIVPROBE:1,host_scan,504,False,0,host_scan
m12_no_attack_dup0_s20260627_nonbonded,P3-Persist,m12_no_attack_dup0_s20260627,nonbonded,6927,PRIVPROBE:1,host_scan,504,False,0,host_scan
m12_no_attack_dup0_s20260627_nonbonded,P3-Persist,m12_no_attack_dup0_s20260627,nonbonded,6944,PRIVPROBE:1,host_scan,504,False,0,host_scan
m12_no_attack_dup0_s20260627_nonbonded,P3-Persist,m12_no_attack_dup0_s20260627,nonbonded,6980,PRIVPROBE:1,host_scan,504,False,0,host_scan
m12_no_attack_dup0_s20260627_nonbonded,P3-Persist,m12_no_attack_dup0_s20260627,nonbonded,6999,PRIVPROBE:1,host_scan,504,False,0,host_scan
m12_no_attack_dup0_s20260627_nonbonded,P3-Persist,m12_no_attack_dup0_s20260627,nonbonded,7032,PRIVPROBE:1,host_scan,504,False,0,host_scan
m12_no_attack_dup0_s20260627_nonbonded,P3-Persist,m12_no_attack_dup0_s20260627,nonbonded,7056,PRIVPROBE:1,host_scan,504,False,0,host_scan
m12_no_attack_dup0_s20260627_nonbonded,P3-Persist,m12_no_attack_dup0_s20260627,nonbonded,7071,PRIVPROBE:1,host_scan,504,False,0,host_scan
m12_no_attack_dup0_s20260627_nonbonded,P3-Persist,m12_no_attack_dup0_s20260627,nonbonded,7089,PRIVPROBE:1,host_scan,504,False,0,reserve
m12_no_attack_dup0_s20260627_nonbonded,P3-Persist,m12_no_attack_dup0_s20260627,nonbonded,7106,PRIVPROBE:1,host_scan,504,False,0,reserve
m12_no_attack_dup0_s20260627_nonbonded,P3-Persist,m12_no_attack_dup0_s20260627,nonbonded,7132,PRIVPROBE:1,host_scan,504,False,0,host_scan
m12_no_attack_dup0_s20260627_nonbonded,P3-Persist,m12_no_attack_dup0_s20260627,nonbonded,7153,PRIVPROBE:1,host_scan,504,False,0,host_scan
m12_no_attack_dup0_s20260627_nonbonded,P3-Persist,m12_no_attack_dup0_s20260627,nonbonded,7179,PRIVPROBE:1,host_scan,504,False,0,host_scan
m12_no_attack_dup0_s20260627_nonbonded,P3-Persist,m12_no_attack_dup0_s20260627,nonbonded,7197,PRIVPROBE:1,host_scan,504,False,0,host_scan
m12_no_attack_dup0_s20260627_nonbonded,P3-Persist,m12_no_attack_dup0_s20260627,nonbonded,7210,PRIVPROBE:1,host_scan,504,False,0,host_scan
m12_no_attack_dup0_s20260627_nonbonded,P3-Persist,m12_no_attack_dup0_s20260627,nonbonded,7224,PRIVPROBE:1,host_scan,504,False,0,host_scan
m12_no_attack_dup0_s20260627_nonbonded,P3-Persist,m12_no_attack_dup0_s20260627,nonbonded,7244,PRIVPROBE:1,host_scan,504,False,0,host_scan
m12_no_attack_dup0_s20260627_nonbonded,P3-Persist,m12_no_attack_dup0_s20260627,nonbonded,7265,PRIVPROBE:1,host_scan,504,False,0,host_scan
m12_no_attack_dup0_s20260627_nonbonded,P3-Persist,m12_no_attack_dup0_s20260627,nonbonded,7283,PRIVPROBE:1,host_scan,504,False,0,host_scan
m12_no_attack_dup0_s20260627_nonbonded,P3-Persist,m12_no_attack_dup0_s20260627,nonbonded,7306,PRIVPROBE:1,host_scan,504,False,0,host_scan
m12_no_attack_dup0_s20260627_nonbonded,P3-Persist,m12_no_attack_dup0_s20260627,nonbonded,7318,PRIVPROBE:1,host_scan,504,False,0,reserve
m12_no_attack_dup0_s20260627_nonbonded,P3-Persist,m12_no_attack_dup0_s20260627,nonbonded,7338,PRIVPROBE:1,host_scan,504,False,0,reserve
m12_no_attack_dup0_s20260627_nonbonded,P3-Persist,m12_no_attack_dup0_s20260627,nonbonded,7366,PRIVPROBE:1,host_scan,504,False,0,host_scan
m12_no_attack_dup0_s20260627_nonbonded,P3-Persist,m12_no_attack_dup0_s20260627,nonbonded,7384,PRIVPROBE:1,host_scan,504,False,0,host_scan
m12_no_attack_dup0_s20260627_nonbonded,P3-Persist,m12_no_attack_dup0_s20260627,nonbonded,7402,PRIVPROBE:1,host_scan,504,False,0,host_scan
m12_no_attack_dup0_s20260627_nonbonded,P3-Persist,m12_no_attack_dup0_s20260627,nonbonded,7436,PRIVPROBE:1,host_scan,504,False,0,host_scan
m12_no_attack_dup0_s20260627_nonbonded,P3-Persist,m12_no_attack_dup0_s20260627,nonbonded,7460,PRIVPROBE:1,host_scan,504,False,0,host_scan
m12_no_attack_dup0_s20260627_nonbonded,P3-Persist,m12_no_attack_dup0_s20260627,nonbonded,7480,PRIVPROBE:1,host_scan,504,False,0,host_scan
m12_no_attack_dup0_s20260627_nonbonded,P3-Persist,m12_no_attack_dup0_s20260627,nonbonded,7500,PRIVPROBE:1,host_scan,504,False,0,host_scan
m12_no_attack_dup0_s20260627_nonbonded,P3-Persist,m12_no_attack_dup0_s20260627,nonbonded,7517,PRIVPROBE:1,host_scan,504,False,0,host_scan
m12_no_attack_dup0_s20260627_nonbonded,P3-Persist,m12_no_attack_dup0_s20260627,nonbonded,7537,PRIVPROBE:1,host_scan,504,False,0,host_scan
m12_no_attack_dup0_s20260627_nonbonded,P3-Persist,m12_no_attack_dup0_s20260627,nonbonded,7568,PRIVPROBE:1,host_scan,504,False,0,host_scan
m12_no_attack_dup0_s20260627_nonbonded,P3-Persist,m12_no_attack_dup0_s20260627,nonbonded,7594,PRIVPROBE:1,host_scan,504,False,0,reserve
m12_no_attack_dup0_s20260627_nonbonded,P3-Persist,m12_no_attack_dup0_s20260627,nonbonded,7620,PRIVPROBE:1,host_scan,504,False,0,reserve
m12_no_attack_dup0_s20260627_nonbonded,P3-NoPersist,m12_no_attack_dup0_s20260627,nonbonded,1302,PRIVPROBE:0,host_scan,504,False,0,host_scan
m12_no_attack_dup0_s20260627_nonbonded,P3-NoPersist,m12_no_attack_dup0_s20260627,nonbonded,1312,PRIVPROBE:0,host_scan,504,False,0,host_scan
m12_no_attack_dup0_s20260627_nonbonded,P3-NoPersist,m12_no_attack_dup0_s20260627,nonbonded,1330,PRIVPROBE:0,host_scan,504,False,0,host_scan
m12_no_attack_dup0_s20260627_nonbonded,P3-NoPersist,m12_no_attack_dup0_s20260627,nonbonded,1348,PRIVPROBE:0,host_scan,504,False,0,host_scan
m12_no_attack_dup0_s20260627_nonbonded,P3-NoPersist,m12_no_attack_dup0_s20260627,nonbonded,1374,PRIVPROBE:0,host_scan,504,False,0,host_scan
m12_no_attack_dup0_s20260627_nonbonded,P3-NoPersist,m12_no_attack_dup0_s20260627,nonbonded,1395,PRIVPROBE:0,host_scan,504,False,0,host_scan
m12_no_attack_dup0_s20260627_nonbonded,P3-NoPersist,m12_no_attack_dup0_s20260627,nonbonded,1407,PRIVPROBE:0,host_scan,504,False,0,host_scan
m12_no_attack_dup0_s20260627_nonbonded,P3-NoPersist,m12_no_attack_dup0_s20260627,nonbonded,1420,PRIVPROBE:0,host_scan,504,False,0,host_scan
m12_no_attack_dup0_s20260627_nonbonded,P3-NoPersist,m12_no_attack_dup0_s20260627,nonbonded,1438,PRIVPROBE:0,host_scan,504,False,0,host_scan
m12_no_attack_dup0_s20260627_nonbonded,P3-NoPersist,m12_no_attack_dup0_s20260627,nonbonded,1460,PRIVPROBE:0,host_scan,504,False,0,host_scan
m12_no_attack_dup0_s20260627_nonbonded,P3-NoPersist,m12_no_attack_dup0_s20260627,nonbonded,1482,PRIVPROBE:0,host_scan,504,False,0,host_scan
m12_no_attack_dup0_s20260627_nonbonded,P3-NoPersist,m12_no_attack_dup0_s20260627,nonbonded,1504,PRIVPROBE:0,host_scan,504,False,0,host_scan
m12_no_attack_dup0_s20260627_nonbonded,P3-NoPersist,m12_no_attack_dup0_s20260627,nonbonded,1521,PRIVPROBE:0,host_scan,504,False,0,host_scan
m12_no_attack_dup0_s20260627_nonbonded,P3-NoPersist,m12_no_attack_dup0_s20260627,nonbonded,1535,PRIVPROBE:0,host_scan,504,False,0,host_scan
m12_no_attack_dup0_s20260627_nonbonded,P3-NoPersist,m12_no_attack_dup0_s20260627,nonbonded,1559,PRIVPROBE:0,host_scan,504,False,0,host_scan
m12_no_attack_dup0_s20260627_nonbonded,P3-NoPersist,m12_no_attack_dup0_s20260627,nonbonded,1575,PRIVPROBE:0,host_scan,504,False,0,host_scan
m12_no_attack_dup0_s20260627_nonbonded,P3-NoPersist,m12_no_attack_dup0_s20260627,nonbonded,1596,PRIVPROBE:0,host_scan,504,False,0,host_scan
m12_no_attack_dup0_s20260627_nonbonded,P3-NoPersist,m12_no_attack_dup0_s20260627,nonbonded,1619,PRIVPROBE:0,host_scan,504,False,0,host_scan
m12_no_attack_dup0_s20260627_nonbonded,P3-NoPersist,m12_no_attack_dup0_s20260627,nonbonded,1640,PRIVPROBE:0,host_scan,504,False,0,host_scan
m12_no_attack_dup0_s20260627_nonbonded,P3-NoPersist,m12_no_attack_dup0_s20260627,nonbonded,1656,PRIVPROBE:0,host_scan,504,False,0,host_scan
m12_no_attack_dup0_s20260627_nonbonded,P3-NoPersist,m12_no_attack_dup0_s20260627,nonbonded,1673,PRIVPROBE:0,host_scan,504,False,0,host_scan
m12_no_attack_dup0_s20260627_nonbonded,P3-NoPersist,m12_no_attack_dup0_s20260627,nonbonded,1696,PRIVPROBE:0,host_scan,504,False,0,host_scan
m12_no_attack_dup0_s20260627_nonbonded,P3-NoPersist,m12_no_attack_dup0_s20260627,nonbonded,1714,PRIVPROBE:0,host_scan,504,False,0,host_scan
m12_no_attack_dup0_s20260627_nonbonded,P3-NoPersist,m12_no_attack_dup0_s20260627,nonbonded,1731,PRIVPROBE:0,defer,0,True,1000,defer
m12_no_attack_dup0_s20260627_nonbonded,P3-NoPersist,m12_no_attack_dup0_s20260627,nonbonded,1752,PRIVPROBE:0,host_scan,504,False,0,host_scan
m12_no_attack_dup0_s20260627_nonbonded,P3-NoPersist,m12_no_attack_dup0_s20260627,nonbonded,1778,PRIVPROBE:0,host_scan,504,False,0,host_scan
m12_no_attack_dup0_s20260627_nonbonded,P3-NoPersist,m12_no_attack_dup0_s20260627,nonbonded,1796,PRIVPROBE:0,host_scan,504,False,0,host_scan
m12_no_attack_dup0_s20260627_nonbonded,P3-NoPersist,m12_no_attack_dup0_s20260627,nonbonded,1828,PRIVPROBE:0,host_scan,504,False,0,host_scan
m12_no_attack_dup0_s20260627_nonbonded,P3-NoPersist,m12_no_attack_dup0_s20260627,nonbonded,1857,PRIVPROBE:0,host_scan,504,False,0,host_scan
m12_no_attack_dup0_s20260627_nonbonded,P3-NoPersist,m12_no_attack_dup0_s20260627,nonbonded,1888,PRIVPROBE:0,host_scan,504,False,0,host_scan
m12_no_attack_dup0_s20260627_nonbonded,P3-NoPersist,m12_no_attack_dup0_s20260627,nonbonded,1908,PRIVPROBE:0,host_scan,504,False,0,host_scan
m12_no_attack_dup0_s20260627_nonbonded,P3-NoPersist,m12_no_attack_dup0_s20260627,nonbonded,1936,PRIVPROBE:0,host_scan,504,False,0,host_scan
m12_no_attack_dup0_s20260627_nonbonded,P3-NoPersist,m12_no_attack_dup0_s20260627,nonbonded,1956,PRIVPROBE:0,defer,0,True,1000,defer
m12_no_attack_dup0_s20260627_nonbonded,P3-NoPersist,m12_no_attack_dup0_s20260627,nonbonded,1973,PRIVPROBE:0,defer,0,True,1000,defer
m12_no_attack_dup0_s20260627_nonbonded,P3-NoPersist,m12_no_attack_dup0_s20260627,nonbonded,1999,PRIVPROBE:0,defer,0,True,1000,defer
m12_no_attack_dup0_s20260627_nonbonded,P3-NoPersist,m12_no_attack_dup0_s20260627,nonbonded,2027,PRIVPROBE:0,defer,0,True,1000,defer
m12_no_attack_dup0_s20260627_nonbonded,P3-NoPersist,m12_no_attack_dup0_s20260627,nonbonded,2049,PRIVPROBE:0,host_scan,504,False,0,host_scan
m12_no_attack_dup0_s20260627_nonbonded,P3-NoPersist,m12_no_attack_dup0_s20260627,nonbonded,2074,PRIVPROBE:0,host_scan,504,False,0,host_scan
m12_no_attack_dup0_s20260627_nonbonded,P3-NoPersist,m12_no_attack_dup0_s20260627,nonbonded,2096,PRIVPROBE:0,host_scan,504,False,0,host_scan
m12_no_attack_dup0_s20260627_nonbonded,P3-NoPersist,m12_no_attack_dup0_s20260627,nonbonded,2116,PRIVPROBE:0,host_scan,504,False,0,host_scan
m12_no_attack_dup0_s20260627_nonbonded,P3-NoPersist,m12_no_attack_dup0_s20260627,nonbonded,2135,PRIVPROBE:0,host_scan,504,False,0,host_scan
m12_no_attack_dup0_s20260627_nonbonded,P3-NoPersist,m12_no_attack_dup0_s20260627,nonbonded,2160,PRIVPROBE:0,host_scan,504,False,0,host_scan
m12_no_attack_dup0_s20260627_nonbonded,P3-NoPersist,m12_no_attack_dup0_s20260627,nonbonded,2182,PRIVPROBE:0,host_scan,504,False,0,host_scan
m12_no_attack_dup0_s20260627_nonbonded,P3-NoPersist,m12_no_attack_dup0_s20260627,nonbonded,2200,PRIVPROBE:0,host_scan,504,False,0,host_scan
m12_no_attack_dup0_s20260627_nonbonded,P3-NoPersist,m12_no_attack_dup0_s20260627,nonbonded,2218,PRIVPROBE:0,host_scan,504,False,0,host_scan
m12_no_attack_dup0_s20260627_nonbonded,P3-NoPersist,m12_no_attack_dup0_s20260627,nonbonded,2250,PRIVPROBE:0,host_scan,504,False,0,host_scan
m12_no_attack_dup0_s20260627_nonbonded,P3-NoPersist,m12_no_attack_dup0_s20260627,nonbonded,2263,PRIVPROBE:0,host_scan,504,False,0,host_scan
m12_no_attack_dup0_s20260627_nonbonded,P3-NoPersist,m12_no_attack_dup0_s20260627,nonbonded,2282,PRIVPROBE:0,defer,0,True,1000,defer
m12_no_attack_dup0_s20260627_nonbonded,P3-NoPersist,m12_no_attack_dup0_s20260627,nonbonded,2296,PRIVPROBE:0,host_scan,504,False,0,host_scan
m12_no_attack_dup0_s20260627_nonbonded,P3-NoPersist,m12_no_attack_dup0_s20260627,nonbonded,2317,PRIVPROBE:0,host_scan,504,False,0,host_scan
m12_no_attack_dup0_s20260627_nonbonded,P3-NoPersist,m12_no_attack_dup0_s20260627,nonbonded,2340,PRIVPROBE:0,host_scan,504,False,0,host_scan
m12_no_attack_dup0_s20260627_nonbonded,P3-NoPersist,m12_no_attack_dup0_s20260627,nonbonded,2369,PRIVPROBE:0,host_scan,504,False,0,host_scan
m12_no_attack_dup0_s20260627_nonbonded,P3-NoPersist,m12_no_attack_dup0_s20260627,nonbonded,2388,PRIVPROBE:0,host_scan,504,False,0,host_scan
m12_no_attack_dup0_s20260627_nonbonded,P3-NoPersist,m12_no_attack_dup0_s20260627,nonbonded,2403,PRIVPROBE:0,host_scan,504,False,0,host_scan
m12_no_attack_dup0_s20260627_nonbonded,P3-NoPersist,m12_no_attack_dup0_s20260627,nonbonded,2423,PRIVPROBE:0,host_scan,504,False,0,host_scan
m12_no_attack_dup0_s20260627_nonbonded,P3-NoPersist,m12_no_attack_dup0_s20260627,nonbonded,2440,PRIVPROBE:0,host_scan,504,False,0,host_scan
m12_no_attack_dup0_s20260627_nonbonded,P3-NoPersist,m12_no_attack_dup0_s20260627,nonbonded,2462,PRIVPROBE:0,host_scan,504,False,0,host_scan
m12_no_attack_dup0_s20260627_nonbonded,P3-NoPersist,m12_no_attack_dup0_s20260627,nonbonded,2478,PRIVPROBE:0,host_scan,504,False,0,host_scan
m12_no_attack_dup0_s20260627_nonbonded,P3-NoPersist,m12_no_attack_dup0_s20260627,nonbonded,2498,PRIVPROBE:0,host_scan,504,False,0,host_scan
m12_no_attack_dup0_s20260627_nonbonded,P3-NoPersist,m12_no_attack_dup0_s20260627,nonbonded,2516,PRIVPROBE:0,defer,0,True,1000,defer
m12_no_attack_dup0_s20260627_nonbonded,P3-NoPersist,m12_no_attack_dup0_s20260627,nonbonded,2538,PRIVPROBE:0,host_scan,504,False,0,host_scan
m12_no_attack_dup0_s20260627_nonbonded,P3-NoPersist,m12_no_attack_dup0_s20260627,nonbonded,2559,PRIVPROBE:0,host_scan,504,False,0,host_scan
m12_no_attack_dup0_s20260627_nonbonded,P3-NoPersist,m12_no_attack_dup0_s20260627,nonbonded,2583,PRIVPROBE:0,host_scan,504,False,0,host_scan
m12_no_attack_dup0_s20260627_nonbonded,P3-NoPersist,m12_no_attack_dup0_s20260627,nonbonded,2598,PRIVPROBE:0,host_scan,504,False,0,host_scan
m12_no_attack_dup0_s20260627_nonbonded,P3-NoPersist,m12_no_attack_dup0_s20260627,nonbonded,2614,PRIVPROBE:0,host_scan,504,False,0,host_scan
m12_no_attack_dup0_s20260627_nonbonded,P3-NoPersist,m12_no_attack_dup0_s20260627,nonbonded,2631,PRIVPROBE:0,host_scan,504,False,0,host_scan
m12_no_attack_dup0_s20260627_nonbonded,P3-NoPersist,m12_no_attack_dup0_s20260627,nonbonded,2657,PRIVPROBE:0,host_scan,504,False,0,host_scan
m12_no_attack_dup0_s20260627_nonbonded,P3-NoPersist,m12_no_attack_dup0_s20260627,nonbonded,2667,PRIVPROBE:0,host_scan,504,False,0,host_scan
m12_no_attack_dup0_s20260627_nonbonded,P3-NoPersist,m12_no_attack_dup0_s20260627,nonbonded,2684,PRIVPROBE:0,host_scan,504,False,0,host_scan
m12_no_attack_dup0_s20260627_nonbonded,P3-NoPersist,m12_no_attack_dup0_s20260627,nonbonded,2699,PRIVPROBE:0,host_scan,504,False,0,host_scan
m12_no_attack_dup0_s20260627_nonbonded,P3-NoPersist,m12_no_attack_dup0_s20260627,nonbonded,2718,PRIVPROBE:0,host_scan,504,False,0,host_scan
m12_no_attack_dup0_s20260627_nonbonded,P3-NoPersist,m12_no_attack_dup0_s20260627,nonbonded,2744,PRIVPROBE:0,defer,0,True,1000,defer
m12_no_attack_dup0_s20260627_nonbonded,P3-NoPersist,m12_no_attack_dup0_s20260627,nonbonded,2755,PRIVPROBE:0,host_scan,504,False,0,host_scan
m12_no_attack_dup0_s20260627_nonbonded,P3-NoPersist,m12_no_attack_dup0_s20260627,nonbonded,2773,PRIVPROBE:0,host_scan,504,False,0,host_scan
m12_no_attack_dup0_s20260627_nonbonded,P3-NoPersist,m12_no_attack_dup0_s20260627,nonbonded,2794,PRIVPROBE:0,host_scan,504,False,0,host_scan
m12_no_attack_dup0_s20260627_nonbonded,P3-NoPersist,m12_no_attack_dup0_s20260627,nonbonded,2816,PRIVPROBE:0,host_scan,504,False,0,host_scan
m12_no_attack_dup0_s20260627_nonbonded,P3-NoPersist,m12_no_attack_dup0_s20260627,nonbonded,2833,PRIVPROBE:0,host_scan,504,False,0,host_scan
m12_no_attack_dup0_s20260627_nonbonded,P3-NoPersist,m12_no_attack_dup0_s20260627,nonbonded,2848,PRIVPROBE:0,host_scan,504,False,0,host_scan
m12_no_attack_dup0_s20260627_nonbonded,P3-NoPersist,m12_no_attack_dup0_s20260627,nonbonded,2872,PRIVPROBE:0,host_scan,504,False,0,host_scan
m12_no_attack_dup0_s20260627_nonbonded,P3-NoPersist,m12_no_attack_dup0_s20260627,nonbonded,2892,PRIVPROBE:0,host_scan,504,False,0,host_scan
m12_no_attack_dup0_s20260627_nonbonded,P3-NoPersist,m12_no_attack_dup0_s20260627,nonbonded,2912,PRIVPROBE:0,host_scan,504,False,0,host_scan
m12_no_attack_dup0_s20260627_nonbonded,P3-NoPersist,m12_no_attack_dup0_s20260627,nonbonded,2944,PRIVPROBE:0,defer,0,True,1000,defer
m12_no_attack_dup0_s20260627_nonbonded,P3-NoPersist,m12_no_attack_dup0_s20260627,nonbonded,2976,PRIVPROBE:0,defer,0,True,1000,defer
m12_no_attack_dup0_s20260627_nonbonded,P3-NoPersist,m12_no_attack_dup0_s20260627,nonbonded,2994,PRIVPROBE:0,defer,0,True,1000,defer
m12_no_attack_dup0_s20260627_nonbonded,P3-NoPersist,m12_no_attack_dup0_s20260627,nonbonded,3016,PRIVPROBE:0,host_scan,504,False,0,host_scan
m12_no_attack_dup0_s20260627_nonbonded,P3-NoPersist,m12_no_attack_dup0_s20260627,nonbonded,3048,PRIVPROBE:0,host_scan,504,False,0,host_scan
m12_no_attack_dup0_s20260627_nonbonded,P3-NoPersist,m12_no_attack_dup0_s20260627,nonbonded,3077,PRIVPROBE:0,host_scan,504,False,0,host_scan
m12_no_attack_dup0_s20260627_nonbonded,P3-NoPersist,m12_no_attack_dup0_s20260627,nonbonded,3099,PRIVPROBE:0,host_scan,504,False,0,host_scan
m12_no_attack_dup0_s20260627_nonbonded,P3-NoPersist,m12_no_attack_dup0_s20260627,nonbonded,3126,PRIVPROBE:0,host_scan,504,False,0,host_scan
m12_no_attack_dup0_s20260627_nonbonded,P3-NoPersist,m12_no_attack_dup0_s20260627,nonbonded,3152,PRIVPROBE:0,host_scan,504,False,0,host_scan
m12_no_attack_dup0_s20260627_nonbonded,P3-NoPersist,m12_no_attack_dup0_s20260627,nonbonded,3170,PRIVPROBE:0,host_scan,504,False,0,host_scan
m12_no_attack_dup0_s20260627_nonbonded,P3-NoPersist,m12_no_attack_dup0_s20260627,nonbonded,3187,PRIVPROBE:0,host_scan,504,False,0,host_scan
m12_no_attack_dup0_s20260627_nonbonded,P3-NoPersist,m12_no_attack_dup0_s20260627,nonbonded,3202,PRIVPROBE:0,host_scan,504,False,0,host_scan
m12_no_attack_dup0_s20260627_nonbonded,P3-NoPersist,m12_no_attack_dup0_s20260627,nonbonded,3216,PRIVPROBE:0,host_scan,504,False,0,host_scan
m12_no_attack_dup0_s20260627_nonbonded,P3-NoPersist,m12_no_attack_dup0_s20260627,nonbonded,3252,PRIVPROBE:0,defer,0,True,1000,defer
m12_no_attack_dup0_s20260627_nonbonded,P3-NoPersist,m12_no_attack_dup0_s20260627,nonbonded,3273,PRIVPROBE:0,defer,0,True,1000,defer
m12_no_attack_dup0_s20260627_nonbonded,P3-NoPersist,m12_no_attack_dup0_s20260627,nonbonded,3296,PRIVPROBE:0,host_scan,504,False,0,host_scan
m12_no_attack_dup0_s20260627_nonbonded,P3-NoPersist,m12_no_attack_dup0_s20260627,nonbonded,3306,PRIVPROBE:0,host_scan,504,False,0,host_scan
m12_no_attack_dup0_s20260627_nonbonded,P3-NoPersist,m12_no_attack_dup0_s20260627,nonbonded,3327,PRIVPROBE:0,host_scan,504,False,0,host_scan
m12_no_attack_dup0_s20260627_nonbonded,P3-NoPersist,m12_no_attack_dup0_s20260627,nonbonded,3354,PRIVPROBE:0,host_scan,504,False,0,host_scan
m12_no_attack_dup0_s20260627_nonbonded,P3-NoPersist,m12_no_attack_dup0_s20260627,nonbonded,3379,PRIVPROBE:0,host_scan,504,False,0,host_scan
m12_no_attack_dup0_s20260627_nonbonded,P3-NoPersist,m12_no_attack_dup0_s20260627,nonbonded,3405,PRIVPROBE:0,host_scan,504,False,0,host_scan
m12_no_attack_dup0_s20260627_nonbonded,P3-NoPersist,m12_no_attack_dup0_s20260627,nonbonded,3426,PRIVPROBE:0,host_scan,504,False,0,host_scan
m12_no_attack_dup0_s20260627_nonbonded,P3-NoPersist,m12_no_attack_dup0_s20260627,nonbonded,3443,PRIVPROBE:0,host_scan,504,False,0,host_scan
m12_no_attack_dup0_s20260627_nonbonded,P3-NoPersist,m12_no_attack_dup0_s20260627,nonbonded,3464,PRIVPROBE:0,host_scan,504,False,0,host_scan
m12_no_attack_dup0_s20260627_nonbonded,P3-NoPersist,m12_no_attack_dup0_s20260627,nonbonded,3489,PRIVPROBE:0,host_scan,504,False,0,host_scan
m12_no_attack_dup0_s20260627_nonbonded,P3-NoPersist,m12_no_attack_dup0_s20260627,nonbonded,3512,PRIVPROBE:0,host_scan,504,False,0,host_scan
m12_no_attack_dup0_s20260627_nonbonded,P3-NoPersist,m12_no_attack_dup0_s20260627,nonbonded,3526,PRIVPROBE:0,host_scan,504,False,0,host_scan
m12_no_attack_dup0_s20260627_nonbonded,P3-NoPersist,m12_no_attack_dup0_s20260627,nonbonded,3548,PRIVPROBE:0,host_scan,504,False,0,host_scan
m12_no_attack_dup0_s20260627_nonbonded,P3-NoPersist,m12_no_attack_dup0_s20260627,nonbonded,3561,PRIVPROBE:0,host_scan,504,False,0,host_scan
m12_no_attack_dup0_s20260627_nonbonded,P3-NoPersist,m12_no_attack_dup0_s20260627,nonbonded,3581,PRIVPROBE:0,host_scan,504,False,0,host_scan
m12_no_attack_dup0_s20260627_nonbonded,P3-NoPersist,m12_no_attack_dup0_s20260627,nonbonded,3603,PRIVPROBE:0,host_scan,504,False,0,host_scan
m12_no_attack_dup0_s20260627_nonbonded,P3-NoPersist,m12_no_attack_dup0_s20260627,nonbonded,3626,PRIVPROBE:0,host_scan,504,False,0,host_scan
m12_no_attack_dup0_s20260627_nonbonded,P3-NoPersist,m12_no_attack_dup0_s20260627,nonbonded,3648,PRIVPROBE:0,host_scan,504,False,0,host_scan
m12_no_attack_dup0_s20260627_nonbonded,P3-NoPersist,m12_no_attack_dup0_s20260627,nonbonded,3678,PRIVPROBE:0,host_scan,504,False,0,host_scan
m12_no_attack_dup0_s20260627_nonbonded,P3-NoPersist,m12_no_attack_dup0_s20260627,nonbonded,3696,PRIVPROBE:0,host_scan,504,False,0,host_scan
m12_no_attack_dup0_s20260627_nonbonded,P3-NoPersist,m12_no_attack_dup0_s20260627,nonbonded,3717,PRIVPROBE:0,host_scan,504,False,0,host_scan
m12_no_attack_dup0_s20260627_nonbonded,P3-NoPersist,m12_no_attack_dup0_s20260627,nonbonded,3754,PRIVPROBE:0,defer,0,True,1000,defer
m12_no_attack_dup0_s20260627_nonbonded,P3-NoPersist,m12_no_attack_dup0_s20260627,nonbonded,3768,PRIVPROBE:0,defer,0,True,1000,defer
m12_no_attack_dup0_s20260627_nonbonded,P3-NoPersist,m12_no_attack_dup0_s20260627,nonbonded,3792,PRIVPROBE:0,defer,0,True,1000,defer
m12_no_attack_dup0_s20260627_nonbonded,P3-NoPersist,m12_no_attack_dup0_s20260627,nonbonded,3811,PRIVPROBE:1,host_scan,504,False,0,host_scan
m12_no_attack_dup0_s20260627_nonbonded,P3-NoPersist,m12_no_attack_dup0_s20260627,nonbonded,3822,PRIVPROBE:1,host_scan,504,False,0,host_scan
m12_no_attack_dup0_s20260627_nonbonded,P3-NoPersist,m12_no_attack_dup0_s20260627,nonbonded,3845,PRIVPROBE:1,host_scan,504,False,0,host_scan
m12_no_attack_dup0_s20260627_nonbonded,P3-NoPersist,m12_no_attack_dup0_s20260627,nonbonded,3881,PRIVPROBE:1,host_scan,504,False,0,host_scan
m12_no_attack_dup0_s20260627_nonbonded,P3-NoPersist,m12_no_attack_dup0_s20260627,nonbonded,3900,PRIVPROBE:1,host_scan,504,False,0,host_scan
m12_no_attack_dup0_s20260627_nonbonded,P3-NoPersist,m12_no_attack_dup0_s20260627,nonbonded,3928,PRIVPROBE:1,host_scan,504,False,0,host_scan
m12_no_attack_dup0_s20260627_nonbonded,P3-NoPersist,m12_no_attack_dup0_s20260627,nonbonded,3943,PRIVPROBE:1,host_scan,504,False,0,host_scan
m12_no_attack_dup0_s20260627_nonbonded,P3-NoPersist,m12_no_attack_dup0_s20260627,nonbonded,3972,PRIVPROBE:1,defer,0,True,1000,defer
m12_no_attack_dup0_s20260627_nonbonded,P3-NoPersist,m12_no_attack_dup0_s20260627,nonbonded,3986,PRIVPROBE:1,defer,0,True,1000,defer
m12_no_attack_dup0_s20260627_nonbonded,P3-NoPersist,m12_no_attack_dup0_s20260627,nonbonded,4011,PRIVPROBE:1,defer,0,True,1000,defer
m12_no_attack_dup0_s20260627_nonbonded,P3-NoPersist,m12_no_attack_dup0_s20260627,nonbonded,4030,PRIVPROBE:1,defer,0,True,1000,defer
m12_no_attack_dup0_s20260627_nonbonded,P3-NoPersist,m12_no_attack_dup0_s20260627,nonbonded,4053,PRIVPROBE:1,defer,0,True,1000,defer
m12_no_attack_dup0_s20260627_nonbonded,P3-NoPersist,m12_no_attack_dup0_s20260627,nonbonded,4080,PRIVPROBE:1,host_scan,504,False,0,host_scan
m12_no_attack_dup0_s20260627_nonbonded,P3-NoPersist,m12_no_attack_dup0_s20260627,nonbonded,4097,PRIVPROBE:1,host_scan,504,False,0,host_scan
m12_no_attack_dup0_s20260627_nonbonded,P3-NoPersist,m12_no_attack_dup0_s20260627,nonbonded,4109,PRIVPROBE:1,host_scan,504,False,0,host_scan
m12_no_attack_dup0_s20260627_nonbonded,P3-NoPersist,m12_no_attack_dup0_s20260627,nonbonded,4136,PRIVPROBE:1,host_scan,504,False,0,host_scan
m12_no_attack_dup0_s20260627_nonbonded,P3-NoPersist,m12_no_attack_dup0_s20260627,nonbonded,4153,PRIVPROBE:1,host_scan,504,False,0,host_scan
m12_no_attack_dup0_s20260627_nonbonded,P3-NoPersist,m12_no_attack_dup0_s20260627,nonbonded,4175,PRIVPROBE:1,host_scan,504,False,0,host_scan
m12_no_attack_dup0_s20260627_nonbonded,P3-NoPersist,m12_no_attack_dup0_s20260627,nonbonded,4193,PRIVPROBE:1,host_scan,504,False,0,host_scan
m12_no_attack_dup0_s20260627_nonbonded,P3-NoPersist,m12_no_attack_dup0_s20260627,nonbonded,4210,PRIVPROBE:1,host_scan,504,False,0,host_scan
m12_no_attack_dup0_s20260627_nonbonded,P3-NoPersist,m12_no_attack_dup0_s20260627,nonbonded,4232,PRIVPROBE:1,host_scan,504,False,0,host_scan
m12_no_attack_dup0_s20260627_nonbonded,P3-NoPersist,m12_no_attack_dup0_s20260627,nonbonded,4250,PRIVPROBE:1,host_scan,504,False,0,host_scan
m12_no_attack_dup0_s20260627_nonbonded,P3-NoPersist,m12_no_attack_dup0_s20260627,nonbonded,4268,PRIVPROBE:1,defer,0,True,1000,defer
m12_no_attack_dup0_s20260627_nonbonded,P3-NoPersist,m12_no_attack_dup0_s20260627,nonbonded,4290,PRIVPROBE:1,defer,0,True,1000,defer
m12_no_attack_dup0_s20260627_nonbonded,P3-NoPersist,m12_no_attack_dup0_s20260627,nonbonded,4314,PRIVPROBE:1,host_scan,504,False,0,host_scan
m12_no_attack_dup0_s20260627_nonbonded,P3-NoPersist,m12_no_attack_dup0_s20260627,nonbonded,4324,PRIVPROBE:1,host_scan,504,False,0,host_scan
m12_no_attack_dup0_s20260627_nonbonded,P3-NoPersist,m12_no_attack_dup0_s20260627,nonbonded,4347,PRIVPROBE:1,host_scan,504,False,0,host_scan
m12_no_attack_dup0_s20260627_nonbonded,P3-NoPersist,m12_no_attack_dup0_s20260627,nonbonded,4375,PRIVPROBE:1,host_scan,504,False,0,host_scan
m12_no_attack_dup0_s20260627_nonbonded,P3-NoPersist,m12_no_attack_dup0_s20260627,nonbonded,4395,PRIVPROBE:1,host_scan,504,False,0,host_scan
m12_no_attack_dup0_s20260627_nonbonded,P3-NoPersist,m12_no_attack_dup0_s20260627,nonbonded,4416,PRIVPROBE:1,host_scan,504,False,0,host_scan
m12_no_attack_dup0_s20260627_nonbonded,P3-NoPersist,m12_no_attack_dup0_s20260627,nonbonded,4435,PRIVPROBE:1,host_scan,504,False,0,host_scan
m12_no_attack_dup0_s20260627_nonbonded,P3-NoPersist,m12_no_attack_dup0_s20260627,nonbonded,4454,PRIVPROBE:1,host_scan,504,False,0,host_scan
m12_no_attack_dup0_s20260627_nonbonded,P3-NoPersist,m12_no_attack_dup0_s20260627,nonbonded,4473,PRIVPROBE:1,host_scan,504,False,0,host_scan
m12_no_attack_dup0_s20260627_nonbonded,P3-NoPersist,m12_no_attack_dup0_s20260627,nonbonded,4494,PRIVPROBE:1,host_scan,504,False,0,host_scan
m12_no_attack_dup0_s20260627_nonbonded,P3-NoPersist,m12_no_attack_dup0_s20260627,nonbonded,4525,PRIVPROBE:1,defer,0,True,1000,defer
m12_no_attack_dup0_s20260627_nonbonded,P3-NoPersist,m12_no_attack_dup0_s20260627,nonbonded,4541,PRIVPROBE:1,defer,0,True,1000,defer
m12_no_attack_dup0_s20260627_nonbonded,P3-NoPersist,m12_no_attack_dup0_s20260627,nonbonded,4555,PRIVPROBE:1,host_scan,504,False,0,host_scan
m12_no_attack_dup0_s20260627_nonbonded,P3-NoPersist,m12_no_attack_dup0_s20260627,nonbonded,4577,PRIVPROBE:1,host_scan,504,False,0,host_scan
m12_no_attack_dup0_s20260627_nonbonded,P3-NoPersist,m12_no_attack_dup0_s20260627,nonbonded,4591,PRIVPROBE:1,host_scan,504,False,0,host_scan
m12_no_attack_dup0_s20260627_nonbonded,P3-NoPersist,m12_no_attack_dup0_s20260627,nonbonded,4614,PRIVPROBE:1,host_scan,504,False,0,host_scan
m12_no_attack_dup0_s20260627_nonbonded,P3-NoPersist,m12_no_attack_dup0_s20260627,nonbonded,4629,PRIVPROBE:1,host_scan,504,False,0,host_scan
m12_no_attack_dup0_s20260627_nonbonded,P3-NoPersist,m12_no_attack_dup0_s20260627,nonbonded,4651,PRIVPROBE:1,host_scan,504,False,0,host_scan
m12_no_attack_dup0_s20260627_nonbonded,P3-NoPersist,m12_no_attack_dup0_s20260627,nonbonded,4659,PRIVPROBE:1,host_scan,504,False,0,host_scan
m12_no_attack_dup0_s20260627_nonbonded,P3-NoPersist,m12_no_attack_dup0_s20260627,nonbonded,4680,PRIVPROBE:1,host_scan,504,False,0,host_scan
m12_no_attack_dup0_s20260627_nonbonded,P3-NoPersist,m12_no_attack_dup0_s20260627,nonbonded,4703,PRIVPROBE:1,host_scan,504,False,0,host_scan
m12_no_attack_dup0_s20260627_nonbonded,P3-NoPersist,m12_no_attack_dup0_s20260627,nonbonded,4721,PRIVPROBE:1,host_scan,504,False,0,host_scan
m12_no_attack_dup0_s20260627_nonbonded,P3-NoPersist,m12_no_attack_dup0_s20260627,nonbonded,4747,PRIVPROBE:1,host_scan,504,False,0,host_scan
m12_no_attack_dup0_s20260627_nonbonded,P3-NoPersist,m12_no_attack_dup0_s20260627,nonbonded,4762,PRIVPROBE:1,host_scan,504,False,0,host_scan
m12_no_attack_dup0_s20260627_nonbonded,P3-NoPersist,m12_no_attack_dup0_s20260627,nonbonded,4790,PRIVPROBE:1,host_scan,504,False,0,host_scan
m12_no_attack_dup0_s20260627_nonbonded,P3-NoPersist,m12_no_attack_dup0_s20260627,nonbonded,4815,PRIVPROBE:1,host_scan,504,False,0,host_scan
m12_no_attack_dup0_s20260627_nonbonded,P3-NoPersist,m12_no_attack_dup0_s20260627,nonbonded,4834,PRIVPROBE:1,host_scan,504,False,0,host_scan
m12_no_attack_dup0_s20260627_nonbonded,P3-NoPersist,m12_no_attack_dup0_s20260627,nonbonded,4848,PRIVPROBE:1,host_scan,504,False,0,host_scan
m12_no_attack_dup0_s20260627_nonbonded,P3-NoPersist,m12_no_attack_dup0_s20260627,nonbonded,4874,PRIVPROBE:1,host_scan,504,False,0,host_scan
m12_no_attack_dup0_s20260627_nonbonded,P3-NoPersist,m12_no_attack_dup0_s20260627,nonbonded,4896,PRIVPROBE:1,host_scan,504,False,0,host_scan
m12_no_attack_dup0_s20260627_nonbonded,P3-NoPersist,m12_no_attack_dup0_s20260627,nonbonded,4914,PRIVPROBE:1,host_scan,504,False,0,host_scan
m12_no_attack_dup0_s20260627_nonbonded,P3-NoPersist,m12_no_attack_dup0_s20260627,nonbonded,4933,PRIVPROBE:1,host_scan,504,False,0,host_scan
m12_no_attack_dup0_s20260627_nonbonded,P3-NoPersist,m12_no_attack_dup0_s20260627,nonbonded,4965,PRIVPROBE:1,host_scan,504,False,0,host_scan
m12_no_attack_dup0_s20260627_nonbonded,P3-NoPersist,m12_no_attack_dup0_s20260627,nonbonded,4988,PRIVPROBE:1,host_scan,504,False,0,host_scan
m12_no_attack_dup0_s20260627_nonbonded,P3-NoPersist,m12_no_attack_dup0_s20260627,nonbonded,5014,PRIVPROBE:1,defer,0,True,1000,defer
m12_no_attack_dup0_s20260627_nonbonded,P3-NoPersist,m12_no_attack_dup0_s20260627,nonbonded,5037,PRIVPROBE:1,defer,0,True,1000,defer
m12_no_attack_dup0_s20260627_nonbonded,P3-NoPersist,m12_no_attack_dup0_s20260627,nonbonded,5053,PRIVPROBE:1,host_scan,504,False,0,host_scan
m12_no_attack_dup0_s20260627_nonbonded,P3-NoPersist,m12_no_attack_dup0_s20260627,nonbonded,5072,PRIVPROBE:1,host_scan,504,False,0,host_scan
m12_no_attack_dup0_s20260627_nonbonded,P3-NoPersist,m12_no_attack_dup0_s20260627,nonbonded,5092,PRIVPROBE:1,host_scan,504,False,0,host_scan
m12_no_attack_dup0_s20260627_nonbonded,P3-NoPersist,m12_no_attack_dup0_s20260627,nonbonded,5116,PRIVPROBE:1,host_scan,504,False,0,host_scan
m12_no_attack_dup0_s20260627_nonbonded,P3-NoPersist,m12_no_attack_dup0_s20260627,nonbonded,5133,PRIVPROBE:1,host_scan,504,False,0,host_scan
m12_no_attack_dup0_s20260627_nonbonded,P3-NoPersist,m12_no_attack_dup0_s20260627,nonbonded,5163,PRIVPROBE:1,host_scan,504,False,0,host_scan
m12_no_attack_dup0_s20260627_nonbonded,P3-NoPersist,m12_no_attack_dup0_s20260627,nonbonded,5181,PRIVPROBE:1,host_scan,504,False,0,host_scan
m12_no_attack_dup0_s20260627_nonbonded,P3-NoPersist,m12_no_attack_dup0_s20260627,nonbonded,5201,PRIVPROBE:1,host_scan,504,False,0,host_scan
m12_no_attack_dup0_s20260627_nonbonded,P3-NoPersist,m12_no_attack_dup0_s20260627,nonbonded,5211,PRIVPROBE:1,host_scan,504,False,0,host_scan
m12_no_attack_dup0_s20260627_nonbonded,P3-NoPersist,m12_no_attack_dup0_s20260627,nonbonded,5232,PRIVPROBE:1,host_scan,504,False,0,host_scan
m12_no_attack_dup0_s20260627_nonbonded,P3-NoPersist,m12_no_attack_dup0_s20260627,nonbonded,5257,PRIVPROBE:1,host_scan,504,False,0,host_scan
m12_no_attack_dup0_s20260627_nonbonded,P3-NoPersist,m12_no_attack_dup0_s20260627,nonbonded,5279,PRIVPROBE:1,defer,0,True,1000,defer
m12_no_attack_dup0_s20260627_nonbonded,P3-NoPersist,m12_no_attack_dup0_s20260627,nonbonded,5307,PRIVPROBE:1,host_scan,504,False,0,host_scan
m12_no_attack_dup0_s20260627_nonbonded,P3-NoPersist,m12_no_attack_dup0_s20260627,nonbonded,5329,PRIVPROBE:1,host_scan,504,False,0,host_scan
m12_no_attack_dup0_s20260627_nonbonded,P3-NoPersist,m12_no_attack_dup0_s20260627,nonbonded,5345,PRIVPROBE:1,host_scan,504,False,0,host_scan
m12_no_attack_dup0_s20260627_nonbonded,P3-NoPersist,m12_no_attack_dup0_s20260627,nonbonded,5373,PRIVPROBE:1,host_scan,504,False,0,host_scan
m12_no_attack_dup0_s20260627_nonbonded,P3-NoPersist,m12_no_attack_dup0_s20260627,nonbonded,5389,PRIVPROBE:1,host_scan,504,False,0,host_scan
m12_no_attack_dup0_s20260627_nonbonded,P3-NoPersist,m12_no_attack_dup0_s20260627,nonbonded,5408,PRIVPROBE:1,host_scan,504,False,0,host_scan
m12_no_attack_dup0_s20260627_nonbonded,P3-NoPersist,m12_no_attack_dup0_s20260627,nonbonded,5430,PRIVPROBE:1,host_scan,504,False,0,host_scan
m12_no_attack_dup0_s20260627_nonbonded,P3-NoPersist,m12_no_attack_dup0_s20260627,nonbonded,5447,PRIVPROBE:1,host_scan,504,False,0,host_scan
m12_no_attack_dup0_s20260627_nonbonded,P3-NoPersist,m12_no_attack_dup0_s20260627,nonbonded,5472,PRIVPROBE:1,host_scan,504,False,0,host_scan
m12_no_attack_dup0_s20260627_nonbonded,P3-NoPersist,m12_no_attack_dup0_s20260627,nonbonded,5496,PRIVPROBE:1,host_scan,504,False,0,host_scan
m12_no_attack_dup0_s20260627_nonbonded,P3-NoPersist,m12_no_attack_dup0_s20260627,nonbonded,5520,PRIVPROBE:1,host_scan,504,False,0,host_scan
m12_no_attack_dup0_s20260627_nonbonded,P3-NoPersist,m12_no_attack_dup0_s20260627,nonbonded,5545,PRIVPROBE:1,defer,0,True,1000,defer
m12_no_attack_dup0_s20260627_nonbonded,P3-NoPersist,m12_no_attack_dup0_s20260627,nonbonded,5576,PRIVPROBE:1,host_scan,504,False,0,host_scan
m12_no_attack_dup0_s20260627_nonbonded,P3-NoPersist,m12_no_attack_dup0_s20260627,nonbonded,5599,PRIVPROBE:1,host_scan,504,False,0,host_scan
m12_no_attack_dup0_s20260627_nonbonded,P3-NoPersist,m12_no_attack_dup0_s20260627,nonbonded,5625,PRIVPROBE:1,host_scan,504,False,0,host_scan
m12_no_attack_dup0_s20260627_nonbonded,P3-NoPersist,m12_no_attack_dup0_s20260627,nonbonded,5642,PRIVPROBE:1,host_scan,504,False,0,host_scan
m12_no_attack_dup0_s20260627_nonbonded,P3-NoPersist,m12_no_attack_dup0_s20260627,nonbonded,5668,PRIVPROBE:1,host_scan,504,False,0,host_scan
m12_no_attack_dup0_s20260627_nonbonded,P3-NoPersist,m12_no_attack_dup0_s20260627,nonbonded,5699,PRIVPROBE:1,host_scan,504,False,0,host_scan
m12_no_attack_dup0_s20260627_nonbonded,P3-NoPersist,m12_no_attack_dup0_s20260627,nonbonded,5713,PRIVPROBE:1,host_scan,504,False,0,host_scan
m12_no_attack_dup0_s20260627_nonbonded,P3-NoPersist,m12_no_attack_dup0_s20260627,nonbonded,5741,PRIVPROBE:1,host_scan,504,False,0,host_scan
m12_no_attack_dup0_s20260627_nonbonded,P3-NoPersist,m12_no_attack_dup0_s20260627,nonbonded,5765,PRIVPROBE:1,host_scan,504,False,0,host_scan
m12_no_attack_dup0_s20260627_nonbonded,P3-NoPersist,m12_no_attack_dup0_s20260627,nonbonded,5779,PRIVPROBE:1,host_scan,504,False,0,host_scan
m12_no_attack_dup0_s20260627_nonbonded,P3-NoPersist,m12_no_attack_dup0_s20260627,nonbonded,5796,PRIVPROBE:1,defer,0,True,1000,defer
m12_no_attack_dup0_s20260627_nonbonded,P3-NoPersist,m12_no_attack_dup0_s20260627,nonbonded,5818,PRIVPROBE:1,defer,0,True,1000,defer
m12_no_attack_dup0_s20260627_nonbonded,P3-NoPersist,m12_no_attack_dup0_s20260627,nonbonded,5828,PRIVPROBE:1,host_scan,504,False,0,host_scan
m12_no_attack_dup0_s20260627_nonbonded,P3-NoPersist,m12_no_attack_dup0_s20260627,nonbonded,5854,PRIVPROBE:1,host_scan,504,False,0,host_scan
m12_no_attack_dup0_s20260627_nonbonded,P3-NoPersist,m12_no_attack_dup0_s20260627,nonbonded,5877,PRIVPROBE:1,host_scan,504,False,0,host_scan
m12_no_attack_dup0_s20260627_nonbonded,P3-NoPersist,m12_no_attack_dup0_s20260627,nonbonded,5892,PRIVPROBE:1,host_scan,504,False,0,host_scan
m12_no_attack_dup0_s20260627_nonbonded,P3-NoPersist,m12_no_attack_dup0_s20260627,nonbonded,5913,PRIVPROBE:1,host_scan,504,False,0,host_scan
m12_no_attack_dup0_s20260627_nonbonded,P3-NoPersist,m12_no_attack_dup0_s20260627,nonbonded,5930,PRIVPROBE:1,host_scan,504,False,0,host_scan
m12_no_attack_dup0_s20260627_nonbonded,P3-NoPersist,m12_no_attack_dup0_s20260627,nonbonded,5946,PRIVPROBE:1,host_scan,504,False,0,host_scan
m12_no_attack_dup0_s20260627_nonbonded,P3-NoPersist,m12_no_attack_dup0_s20260627,nonbonded,5977,PRIVPROBE:1,host_scan,504,False,0,host_scan
m12_no_attack_dup0_s20260627_nonbonded,P3-NoPersist,m12_no_attack_dup0_s20260627,nonbonded,6005,PRIVPROBE:1,host_scan,504,False,0,host_scan
m12_no_attack_dup0_s20260627_nonbonded,P3-NoPersist,m12_no_attack_dup0_s20260627,nonbonded,6021,PRIVPROBE:1,host_scan,504,False,0,host_scan
m12_no_attack_dup0_s20260627_nonbonded,P3-NoPersist,m12_no_attack_dup0_s20260627,nonbonded,6033,PRIVPROBE:1,host_scan,504,False,0,host_scan
m12_no_attack_dup0_s20260627_nonbonded,P3-NoPersist,m12_no_attack_dup0_s20260627,nonbonded,6053,PRIVPROBE:1,defer,0,True,1000,defer
m12_no_attack_dup0_s20260627_nonbonded,P3-NoPersist,m12_no_attack_dup0_s20260627,nonbonded,6066,PRIVPROBE:1,host_scan,504,False,0,host_scan
m12_no_attack_dup0_s20260627_nonbonded,P3-NoPersist,m12_no_attack_dup0_s20260627,nonbonded,6092,PRIVPROBE:1,host_scan,504,False,0,host_scan
m12_no_attack_dup0_s20260627_nonbonded,P3-NoPersist,m12_no_attack_dup0_s20260627,nonbonded,6107,PRIVPROBE:1,host_scan,504,False,0,host_scan
m12_no_attack_dup0_s20260627_nonbonded,P3-NoPersist,m12_no_attack_dup0_s20260627,nonbonded,6126,PRIVPROBE:1,host_scan,504,False,0,host_scan
m12_no_attack_dup0_s20260627_nonbonded,P3-NoPersist,m12_no_attack_dup0_s20260627,nonbonded,6154,PRIVPROBE:1,host_scan,504,False,0,host_scan
m12_no_attack_dup0_s20260627_nonbonded,P3-NoPersist,m12_no_attack_dup0_s20260627,nonbonded,6167,PRIVPROBE:1,host_scan,504,False,0,host_scan
m12_no_attack_dup0_s20260627_nonbonded,P3-NoPersist,m12_no_attack_dup0_s20260627,nonbonded,6191,PRIVPROBE:1,host_scan,504,False,0,host_scan
m12_no_attack_dup0_s20260627_nonbonded,P3-NoPersist,m12_no_attack_dup0_s20260627,nonbonded,6210,PRIVPROBE:1,host_scan,504,False,0,host_scan
m12_no_attack_dup0_s20260627_nonbonded,P3-NoPersist,m12_no_attack_dup0_s20260627,nonbonded,6228,PRIVPROBE:1,host_scan,504,False,0,host_scan
m12_no_attack_dup0_s20260627_nonbonded,P3-NoPersist,m12_no_attack_dup0_s20260627,nonbonded,6243,PRIVPROBE:1,host_scan,504,False,0,host_scan
m12_no_attack_dup0_s20260627_nonbonded,P3-NoPersist,m12_no_attack_dup0_s20260627,nonbonded,6267,PRIVPROBE:1,defer,0,True,1000,defer
m12_no_attack_dup0_s20260627_nonbonded,P3-NoPersist,m12_no_attack_dup0_s20260627,nonbonded,6285,PRIVPROBE:1,defer,0,True,1000,defer
m12_no_attack_dup0_s20260627_nonbonded,P3-NoPersist,m12_no_attack_dup0_s20260627,nonbonded,6320,PRIVPROBE:1,host_scan,504,False,0,host_scan
m12_no_attack_dup0_s20260627_nonbonded,P3-NoPersist,m12_no_attack_dup0_s20260627,nonbonded,6340,PRIVPROBE:1,host_scan,504,False,0,host_scan
m12_no_attack_dup0_s20260627_nonbonded,P3-NoPersist,m12_no_attack_dup0_s20260627,nonbonded,6364,PRIVPROBE:1,host_scan,504,False,0,host_scan
m12_no_attack_dup0_s20260627_nonbonded,P3-NoPersist,m12_no_attack_dup0_s20260627,nonbonded,6391,PRIVPROBE:1,host_scan,504,False,0,host_scan
m12_no_attack_dup0_s20260627_nonbonded,P3-NoPersist,m12_no_attack_dup0_s20260627,nonbonded,6411,PRIVPROBE:1,host_scan,504,False,0,host_scan
m12_no_attack_dup0_s20260627_nonbonded,P3-NoPersist,m12_no_attack_dup0_s20260627,nonbonded,6434,PRIVPROBE:1,host_scan,504,False,0,host_scan
m12_no_attack_dup0_s20260627_nonbonded,P3-NoPersist,m12_no_attack_dup0_s20260627,nonbonded,6461,PRIVPROBE:1,host_scan,504,False,0,host_scan
m12_no_attack_dup0_s20260627_nonbonded,P3-NoPersist,m12_no_attack_dup0_s20260627,nonbonded,6486,PRIVPROBE:1,host_scan,504,False,0,host_scan
m12_no_attack_dup0_s20260627_nonbonded,P3-NoPersist,m12_no_attack_dup0_s20260627,nonbonded,6508,PRIVPROBE:1,host_scan,504,False,0,host_scan
m12_no_attack_dup0_s20260627_nonbonded,P3-NoPersist,m12_no_attack_dup0_s20260627,nonbonded,6537,PRIVPROBE:1,defer,0,True,1000,defer
m12_no_attack_dup0_s20260627_nonbonded,P3-NoPersist,m12_no_attack_dup0_s20260627,nonbonded,6557,PRIVPROBE:1,defer,0,True,1000,defer
m12_no_attack_dup0_s20260627_nonbonded,P3-NoPersist,m12_no_attack_dup0_s20260627,nonbonded,6577,PRIVPROBE:1,defer,0,True,1000,defer
m12_no_attack_dup0_s20260627_nonbonded,P3-NoPersist,m12_no_attack_dup0_s20260627,nonbonded,6598,PRIVPROBE:1,host_scan,504,False,0,host_scan
m12_no_attack_dup0_s20260627_nonbonded,P3-NoPersist,m12_no_attack_dup0_s20260627,nonbonded,6613,PRIVPROBE:1,host_scan,504,False,0,host_scan
m12_no_attack_dup0_s20260627_nonbonded,P3-NoPersist,m12_no_attack_dup0_s20260627,nonbonded,6644,PRIVPROBE:1,host_scan,504,False,0,host_scan
m12_no_attack_dup0_s20260627_nonbonded,P3-NoPersist,m12_no_attack_dup0_s20260627,nonbonded,6668,PRIVPROBE:1,host_scan,504,False,0,host_scan
m12_no_attack_dup0_s20260627_nonbonded,P3-NoPersist,m12_no_attack_dup0_s20260627,nonbonded,6684,PRIVPROBE:1,host_scan,504,False,0,host_scan
m12_no_attack_dup0_s20260627_nonbonded,P3-NoPersist,m12_no_attack_dup0_s20260627,nonbonded,6709,PRIVPROBE:1,host_scan,504,False,0,host_scan
m12_no_attack_dup0_s20260627_nonbonded,P3-NoPersist,m12_no_attack_dup0_s20260627,nonbonded,6727,PRIVPROBE:1,host_scan,504,False,0,host_scan
m12_no_attack_dup0_s20260627_nonbonded,P3-NoPersist,m12_no_attack_dup0_s20260627,nonbonded,6754,PRIVPROBE:1,host_scan,504,False,0,host_scan
m12_no_attack_dup0_s20260627_nonbonded,P3-NoPersist,m12_no_attack_dup0_s20260627,nonbonded,6782,PRIVPROBE:1,host_scan,504,False,0,host_scan
m12_no_attack_dup0_s20260627_nonbonded,P3-NoPersist,m12_no_attack_dup0_s20260627,nonbonded,6808,PRIVPROBE:1,host_scan,504,False,0,host_scan
m12_no_attack_dup0_s20260627_nonbonded,P3-NoPersist,m12_no_attack_dup0_s20260627,nonbonded,6834,PRIVPROBE:1,defer,0,True,1000,defer
m12_no_attack_dup0_s20260627_nonbonded,P3-NoPersist,m12_no_attack_dup0_s20260627,nonbonded,6851,PRIVPROBE:1,defer,0,True,1000,defer
m12_no_attack_dup0_s20260627_nonbonded,P3-NoPersist,m12_no_attack_dup0_s20260627,nonbonded,6872,PRIVPROBE:1,host_scan,504,False,0,host_scan
m12_no_attack_dup0_s20260627_nonbonded,P3-NoPersist,m12_no_attack_dup0_s20260627,nonbonded,6888,PRIVPROBE:1,host_scan,504,False,0,host_scan
m12_no_attack_dup0_s20260627_nonbonded,P3-NoPersist,m12_no_attack_dup0_s20260627,nonbonded,6907,PRIVPROBE:1,host_scan,504,False,0,host_scan
m12_no_attack_dup0_s20260627_nonbonded,P3-NoPersist,m12_no_attack_dup0_s20260627,nonbonded,6927,PRIVPROBE:1,host_scan,504,False,0,host_scan
m12_no_attack_dup0_s20260627_nonbonded,P3-NoPersist,m12_no_attack_dup0_s20260627,nonbonded,6944,PRIVPROBE:1,host_scan,504,False,0,host_scan
m12_no_attack_dup0_s20260627_nonbonded,P3-NoPersist,m12_no_attack_dup0_s20260627,nonbonded,6980,PRIVPROBE:1,host_scan,504,False,0,host_scan
m12_no_attack_dup0_s20260627_nonbonded,P3-NoPersist,m12_no_attack_dup0_s20260627,nonbonded,6999,PRIVPROBE:1,host_scan,504,False,0,host_scan
m12_no_attack_dup0_s20260627_nonbonded,P3-NoPersist,m12_no_attack_dup0_s20260627,nonbonded,7032,PRIVPROBE:1,host_scan,504,False,0,host_scan
m12_no_attack_dup0_s20260627_nonbonded,P3-NoPersist,m12_no_attack_dup0_s20260627,nonbonded,7056,PRIVPROBE:1,host_scan,504,False,0,host_scan
m12_no_attack_dup0_s20260627_nonbonded,P3-NoPersist,m12_no_attack_dup0_s20260627,nonbonded,7071,PRIVPROBE:1,host_scan,504,False,0,host_scan
m12_no_attack_dup0_s20260627_nonbonded,P3-NoPersist,m12_no_attack_dup0_s20260627,nonbonded,7089,PRIVPROBE:1,defer,0,True,1000,defer
m12_no_attack_dup0_s20260627_nonbonded,P3-NoPersist,m12_no_attack_dup0_s20260627,nonbonded,7106,PRIVPROBE:1,defer,0,True,1000,defer
m12_no_attack_dup0_s20260627_nonbonded,P3-NoPersist,m12_no_attack_dup0_s20260627,nonbonded,7132,PRIVPROBE:1,host_scan,504,False,0,host_scan
m12_no_attack_dup0_s20260627_nonbonded,P3-NoPersist,m12_no_attack_dup0_s20260627,nonbonded,7153,PRIVPROBE:1,host_scan,504,False,0,host_scan
m12_no_attack_dup0_s20260627_nonbonded,P3-NoPersist,m12_no_attack_dup0_s20260627,nonbonded,7179,PRIVPROBE:1,host_scan,504,False,0,host_scan
m12_no_attack_dup0_s20260627_nonbonded,P3-NoPersist,m12_no_attack_dup0_s20260627,nonbonded,7197,PRIVPROBE:1,host_scan,504,False,0,host_scan
m12_no_attack_dup0_s20260627_nonbonded,P3-NoPersist,m12_no_attack_dup0_s20260627,nonbonded,7210,PRIVPROBE:1,host_scan,504,False,0,host_scan
m12_no_attack_dup0_s20260627_nonbonded,P3-NoPersist,m12_no_attack_dup0_s20260627,nonbonded,7224,PRIVPROBE:1,host_scan,504,False,0,host_scan
m12_no_attack_dup0_s20260627_nonbonded,P3-NoPersist,m12_no_attack_dup0_s20260627,nonbonded,7244,PRIVPROBE:1,host_scan,504,False,0,host_scan
m12_no_attack_dup0_s20260627_nonbonded,P3-NoPersist,m12_no_attack_dup0_s20260627,nonbonded,7265,PRIVPROBE:1,host_scan,504,False,0,host_scan
m12_no_attack_dup0_s20260627_nonbonded,P3-NoPersist,m12_no_attack_dup0_s20260627,nonbonded,7283,PRIVPROBE:1,host_scan,504,False,0,host_scan
m12_no_attack_dup0_s20260627_nonbonded,P3-NoPersist,m12_no_attack_dup0_s20260627,nonbonded,7306,PRIVPROBE:1,host_scan,504,False,0,host_scan
m12_no_attack_dup0_s20260627_nonbonded,P3-NoPersist,m12_no_attack_dup0_s20260627,nonbonded,7318,PRIVPROBE:1,defer,0,True,1000,defer
m12_no_attack_dup0_s20260627_nonbonded,P3-NoPersist,m12_no_attack_dup0_s20260627,nonbonded,7338,PRIVPROBE:1,defer,0,True,1000,defer
m12_no_attack_dup0_s20260627_nonbonded,P3-NoPersist,m12_no_attack_dup0_s20260627,nonbonded,7366,PRIVPROBE:1,host_scan,504,False,0,host_scan
m12_no_attack_dup0_s20260627_nonbonded,P3-NoPersist,m12_no_attack_dup0_s20260627,nonbonded,7384,PRIVPROBE:1,host_scan,504,False,0,host_scan
m12_no_attack_dup0_s20260627_nonbonded,P3-NoPersist,m12_no_attack_dup0_s20260627,nonbonded,7402,PRIVPROBE:1,host_scan,504,False,0,host_scan
m12_no_attack_dup0_s20260627_nonbonded,P3-NoPersist,m12_no_attack_dup0_s20260627,nonbonded,7436,PRIVPROBE:1,host_scan,504,False,0,host_scan
m12_no_attack_dup0_s20260627_nonbonded,P3-NoPersist,m12_no_attack_dup0_s20260627,nonbonded,7460,PRIVPROBE:1,host_scan,504,False,0,host_scan
m12_no_attack_dup0_s20260627_nonbonded,P3-NoPersist,m12_no_attack_dup0_s20260627,nonbonded,7480,PRIVPROBE:1,host_scan,504,False,0,host_scan
m12_no_attack_dup0_s20260627_nonbonded,P3-NoPersist,m12_no_attack_dup0_s20260627,nonbonded,7500,PRIVPROBE:1,host_scan,504,False,0,host_scan
m12_no_attack_dup0_s20260627_nonbonded,P3-NoPersist,m12_no_attack_dup0_s20260627,nonbonded,7517,PRIVPROBE:1,host_scan,504,False,0,host_scan
m12_no_attack_dup0_s20260627_nonbonded,P3-NoPersist,m12_no_attack_dup0_s20260627,nonbonded,7537,PRIVPROBE:1,host_scan,504,False,0,host_scan
m12_no_attack_dup0_s20260627_nonbonded,P3-NoPersist,m12_no_attack_dup0_s20260627,nonbonded,7568,PRIVPROBE:1,host_scan,504,False,0,host_scan
m12_no_attack_dup0_s20260627_nonbonded,P3-NoPersist,m12_no_attack_dup0_s20260627,nonbonded,7594,PRIVPROBE:1,defer,0,True,1000,defer
m12_no_attack_dup0_s20260627_nonbonded,P3-NoPersist,m12_no_attack_dup0_s20260627,nonbonded,7620,PRIVPROBE:1,defer,0,True,1000,defer
m12_no_attack_dup0_s20260627_nonbonded,BudgetDoS,m12_no_attack_dup0_s20260627,nonbonded,1302,PRIVPROBE:0,host_scan,504,False,0,host_scan
m12_no_attack_dup0_s20260627_nonbonded,BudgetDoS,m12_no_attack_dup0_s20260627,nonbonded,1312,PRIVPROBE:0,host_scan,504,False,0,host_scan
m12_no_attack_dup0_s20260627_nonbonded,BudgetDoS,m12_no_attack_dup0_s20260627,nonbonded,1330,PRIVPROBE:0,host_scan,504,False,0,host_scan
m12_no_attack_dup0_s20260627_nonbonded,BudgetDoS,m12_no_attack_dup0_s20260627,nonbonded,1348,PRIVPROBE:0,host_scan,504,False,0,host_scan
m12_no_attack_dup0_s20260627_nonbonded,BudgetDoS,m12_no_attack_dup0_s20260627,nonbonded,1374,PRIVPROBE:0,host_scan,504,False,0,host_scan
m12_no_attack_dup0_s20260627_nonbonded,BudgetDoS,m12_no_attack_dup0_s20260627,nonbonded,1395,PRIVPROBE:0,host_scan,504,False,0,host_scan
m12_no_attack_dup0_s20260627_nonbonded,BudgetDoS,m12_no_attack_dup0_s20260627,nonbonded,1407,PRIVPROBE:0,host_scan,504,False,0,host_scan
m12_no_attack_dup0_s20260627_nonbonded,BudgetDoS,m12_no_attack_dup0_s20260627,nonbonded,1420,PRIVPROBE:0,host_scan,504,False,0,host_scan
m12_no_attack_dup0_s20260627_nonbonded,BudgetDoS,m12_no_attack_dup0_s20260627,nonbonded,1438,PRIVPROBE:0,host_scan,504,False,0,host_scan
m12_no_attack_dup0_s20260627_nonbonded,BudgetDoS,m12_no_attack_dup0_s20260627,nonbonded,1460,PRIVPROBE:0,host_scan,504,False,0,host_scan
m12_no_attack_dup0_s20260627_nonbonded,BudgetDoS,m12_no_attack_dup0_s20260627,nonbonded,1482,PRIVPROBE:0,budget_skip,0,False,0,budget_skip
m12_no_attack_dup0_s20260627_nonbonded,BudgetDoS,m12_no_attack_dup0_s20260627,nonbonded,1504,PRIVPROBE:0,budget_skip,0,False,0,budget_skip
m12_no_attack_dup0_s20260627_nonbonded,BudgetDoS,m12_no_attack_dup0_s20260627,nonbonded,1521,PRIVPROBE:0,host_scan,504,False,0,host_scan
m12_no_attack_dup0_s20260627_nonbonded,BudgetDoS,m12_no_attack_dup0_s20260627,nonbonded,1535,PRIVPROBE:0,host_scan,504,False,0,host_scan
m12_no_attack_dup0_s20260627_nonbonded,BudgetDoS,m12_no_attack_dup0_s20260627,nonbonded,1559,PRIVPROBE:0,host_scan,504,False,0,host_scan
m12_no_attack_dup0_s20260627_nonbonded,BudgetDoS,m12_no_attack_dup0_s20260627,nonbonded,1575,PRIVPROBE:0,host_scan,504,False,0,host_scan
m12_no_attack_dup0_s20260627_nonbonded,BudgetDoS,m12_no_attack_dup0_s20260627,nonbonded,1596,PRIVPROBE:0,host_scan,504,False,0,host_scan
m12_no_attack_dup0_s20260627_nonbonded,BudgetDoS,m12_no_attack_dup0_s20260627,nonbonded,1619,PRIVPROBE:0,host_scan,504,False,0,host_scan
m12_no_attack_dup0_s20260627_nonbonded,BudgetDoS,m12_no_attack_dup0_s20260627,nonbonded,1640,PRIVPROBE:0,host_scan,504,False,0,host_scan
m12_no_attack_dup0_s20260627_nonbonded,BudgetDoS,m12_no_attack_dup0_s20260627,nonbonded,1656,PRIVPROBE:0,host_scan,504,False,0,host_scan
m12_no_attack_dup0_s20260627_nonbonded,BudgetDoS,m12_no_attack_dup0_s20260627,nonbonded,1673,PRIVPROBE:0,host_scan,504,False,0,host_scan
m12_no_attack_dup0_s20260627_nonbonded,BudgetDoS,m12_no_attack_dup0_s20260627,nonbonded,1696,PRIVPROBE:0,budget_skip,0,False,0,budget_skip
m12_no_attack_dup0_s20260627_nonbonded,BudgetDoS,m12_no_attack_dup0_s20260627,nonbonded,1714,PRIVPROBE:0,budget_skip,0,False,0,budget_skip
m12_no_attack_dup0_s20260627_nonbonded,BudgetDoS,m12_no_attack_dup0_s20260627,nonbonded,1731,PRIVPROBE:0,budget_skip,0,False,0,budget_skip
m12_no_attack_dup0_s20260627_nonbonded,BudgetDoS,m12_no_attack_dup0_s20260627,nonbonded,1752,PRIVPROBE:0,host_scan,504,False,0,host_scan
m12_no_attack_dup0_s20260627_nonbonded,BudgetDoS,m12_no_attack_dup0_s20260627,nonbonded,1778,PRIVPROBE:0,host_scan,504,False,0,host_scan
m12_no_attack_dup0_s20260627_nonbonded,BudgetDoS,m12_no_attack_dup0_s20260627,nonbonded,1796,PRIVPROBE:0,host_scan,504,False,0,host_scan
m12_no_attack_dup0_s20260627_nonbonded,BudgetDoS,m12_no_attack_dup0_s20260627,nonbonded,1828,PRIVPROBE:0,host_scan,504,False,0,host_scan
m12_no_attack_dup0_s20260627_nonbonded,BudgetDoS,m12_no_attack_dup0_s20260627,nonbonded,1857,PRIVPROBE:0,host_scan,504,False,0,host_scan
m12_no_attack_dup0_s20260627_nonbonded,BudgetDoS,m12_no_attack_dup0_s20260627,nonbonded,1888,PRIVPROBE:0,host_scan,504,False,0,host_scan
m12_no_attack_dup0_s20260627_nonbonded,BudgetDoS,m12_no_attack_dup0_s20260627,nonbonded,1908,PRIVPROBE:0,host_scan,504,False,0,host_scan
m12_no_attack_dup0_s20260627_nonbonded,BudgetDoS,m12_no_attack_dup0_s20260627,nonbonded,1936,PRIVPROBE:0,budget_skip,0,False,0,budget_skip
m12_no_attack_dup0_s20260627_nonbonded,BudgetDoS,m12_no_attack_dup0_s20260627,nonbonded,1956,PRIVPROBE:0,budget_skip,0,False,0,budget_skip
m12_no_attack_dup0_s20260627_nonbonded,BudgetDoS,m12_no_attack_dup0_s20260627,nonbonded,1973,PRIVPROBE:0,budget_skip,0,False,0,budget_skip
m12_no_attack_dup0_s20260627_nonbonded,BudgetDoS,m12_no_attack_dup0_s20260627,nonbonded,1999,PRIVPROBE:0,budget_skip,0,False,0,budget_skip
m12_no_attack_dup0_s20260627_nonbonded,BudgetDoS,m12_no_attack_dup0_s20260627,nonbonded,2027,PRIVPROBE:0,budget_skip,0,False,0,budget_skip
m12_no_attack_dup0_s20260627_nonbonded,BudgetDoS,m12_no_attack_dup0_s20260627,nonbonded,2049,PRIVPROBE:0,host_scan,504,False,0,host_scan
m12_no_attack_dup0_s20260627_nonbonded,BudgetDoS,m12_no_attack_dup0_s20260627,nonbonded,2074,PRIVPROBE:0,host_scan,504,False,0,host_scan
m12_no_attack_dup0_s20260627_nonbonded,BudgetDoS,m12_no_attack_dup0_s20260627,nonbonded,2096,PRIVPROBE:0,host_scan,504,False,0,host_scan
m12_no_attack_dup0_s20260627_nonbonded,BudgetDoS,m12_no_attack_dup0_s20260627,nonbonded,2116,PRIVPROBE:0,host_scan,504,False,0,host_scan
m12_no_attack_dup0_s20260627_nonbonded,BudgetDoS,m12_no_attack_dup0_s20260627,nonbonded,2135,PRIVPROBE:0,host_scan,504,False,0,host_scan
m12_no_attack_dup0_s20260627_nonbonded,BudgetDoS,m12_no_attack_dup0_s20260627,nonbonded,2160,PRIVPROBE:0,host_scan,504,False,0,host_scan
m12_no_attack_dup0_s20260627_nonbonded,BudgetDoS,m12_no_attack_dup0_s20260627,nonbonded,2182,PRIVPROBE:0,host_scan,504,False,0,host_scan
m12_no_attack_dup0_s20260627_nonbonded,BudgetDoS,m12_no_attack_dup0_s20260627,nonbonded,2200,PRIVPROBE:0,host_scan,504,False,0,host_scan
m12_no_attack_dup0_s20260627_nonbonded,BudgetDoS,m12_no_attack_dup0_s20260627,nonbonded,2218,PRIVPROBE:0,host_scan,504,False,0,host_scan
m12_no_attack_dup0_s20260627_nonbonded,BudgetDoS,m12_no_attack_dup0_s20260627,nonbonded,2250,PRIVPROBE:0,budget_skip,0,False,0,budget_skip
m12_no_attack_dup0_s20260627_nonbonded,BudgetDoS,m12_no_attack_dup0_s20260627,nonbonded,2263,PRIVPROBE:0,budget_skip,0,False,0,budget_skip
m12_no_attack_dup0_s20260627_nonbonded,BudgetDoS,m12_no_attack_dup0_s20260627,nonbonded,2282,PRIVPROBE:0,budget_skip,0,False,0,budget_skip
m12_no_attack_dup0_s20260627_nonbonded,BudgetDoS,m12_no_attack_dup0_s20260627,nonbonded,2296,PRIVPROBE:0,host_scan,504,False,0,host_scan
m12_no_attack_dup0_s20260627_nonbonded,BudgetDoS,m12_no_attack_dup0_s20260627,nonbonded,2317,PRIVPROBE:0,host_scan,504,False,0,host_scan
m12_no_attack_dup0_s20260627_nonbonded,BudgetDoS,m12_no_attack_dup0_s20260627,nonbonded,2340,PRIVPROBE:0,host_scan,504,False,0,host_scan
m12_no_attack_dup0_s20260627_nonbonded,BudgetDoS,m12_no_attack_dup0_s20260627,nonbonded,2369,PRIVPROBE:0,host_scan,504,False,0,host_scan
m12_no_attack_dup0_s20260627_nonbonded,BudgetDoS,m12_no_attack_dup0_s20260627,nonbonded,2388,PRIVPROBE:0,host_scan,504,False,0,host_scan
m12_no_attack_dup0_s20260627_nonbonded,BudgetDoS,m12_no_attack_dup0_s20260627,nonbonded,2403,PRIVPROBE:0,host_scan,504,False,0,host_scan
m12_no_attack_dup0_s20260627_nonbonded,BudgetDoS,m12_no_attack_dup0_s20260627,nonbonded,2423,PRIVPROBE:0,host_scan,504,False,0,host_scan
m12_no_attack_dup0_s20260627_nonbonded,BudgetDoS,m12_no_attack_dup0_s20260627,nonbonded,2440,PRIVPROBE:0,host_scan,504,False,0,host_scan
m12_no_attack_dup0_s20260627_nonbonded,BudgetDoS,m12_no_attack_dup0_s20260627,nonbonded,2462,PRIVPROBE:0,budget_skip,0,False,0,budget_skip
m12_no_attack_dup0_s20260627_nonbonded,BudgetDoS,m12_no_attack_dup0_s20260627,nonbonded,2478,PRIVPROBE:0,budget_skip,0,False,0,budget_skip
m12_no_attack_dup0_s20260627_nonbonded,BudgetDoS,m12_no_attack_dup0_s20260627,nonbonded,2498,PRIVPROBE:0,budget_skip,0,False,0,budget_skip
m12_no_attack_dup0_s20260627_nonbonded,BudgetDoS,m12_no_attack_dup0_s20260627,nonbonded,2516,PRIVPROBE:0,budget_skip,0,False,0,budget_skip
m12_no_attack_dup0_s20260627_nonbonded,BudgetDoS,m12_no_attack_dup0_s20260627,nonbonded,2538,PRIVPROBE:0,host_scan,504,False,0,host_scan
m12_no_attack_dup0_s20260627_nonbonded,BudgetDoS,m12_no_attack_dup0_s20260627,nonbonded,2559,PRIVPROBE:0,host_scan,504,False,0,host_scan
m12_no_attack_dup0_s20260627_nonbonded,BudgetDoS,m12_no_attack_dup0_s20260627,nonbonded,2583,PRIVPROBE:0,host_scan,504,False,0,host_scan
m12_no_attack_dup0_s20260627_nonbonded,BudgetDoS,m12_no_attack_dup0_s20260627,nonbonded,2598,PRIVPROBE:0,host_scan,504,False,0,host_scan
m12_no_attack_dup0_s20260627_nonbonded,BudgetDoS,m12_no_attack_dup0_s20260627,nonbonded,2614,PRIVPROBE:0,host_scan,504,False,0,host_scan
m12_no_attack_dup0_s20260627_nonbonded,BudgetDoS,m12_no_attack_dup0_s20260627,nonbonded,2631,PRIVPROBE:0,host_scan,504,False,0,host_scan
m12_no_attack_dup0_s20260627_nonbonded,BudgetDoS,m12_no_attack_dup0_s20260627,nonbonded,2657,PRIVPROBE:0,host_scan,504,False,0,host_scan
m12_no_attack_dup0_s20260627_nonbonded,BudgetDoS,m12_no_attack_dup0_s20260627,nonbonded,2667,PRIVPROBE:0,host_scan,504,False,0,host_scan
m12_no_attack_dup0_s20260627_nonbonded,BudgetDoS,m12_no_attack_dup0_s20260627,nonbonded,2684,PRIVPROBE:0,host_scan,504,False,0,host_scan
m12_no_attack_dup0_s20260627_nonbonded,BudgetDoS,m12_no_attack_dup0_s20260627,nonbonded,2699,PRIVPROBE:0,host_scan,504,False,0,host_scan
m12_no_attack_dup0_s20260627_nonbonded,BudgetDoS,m12_no_attack_dup0_s20260627,nonbonded,2718,PRIVPROBE:0,budget_skip,0,False,0,budget_skip
m12_no_attack_dup0_s20260627_nonbonded,BudgetDoS,m12_no_attack_dup0_s20260627,nonbonded,2744,PRIVPROBE:0,budget_skip,0,False,0,budget_skip
m12_no_attack_dup0_s20260627_nonbonded,BudgetDoS,m12_no_attack_dup0_s20260627,nonbonded,2755,PRIVPROBE:0,host_scan,504,False,0,host_scan
m12_no_attack_dup0_s20260627_nonbonded,BudgetDoS,m12_no_attack_dup0_s20260627,nonbonded,2773,PRIVPROBE:0,host_scan,504,False,0,host_scan
m12_no_attack_dup0_s20260627_nonbonded,BudgetDoS,m12_no_attack_dup0_s20260627,nonbonded,2794,PRIVPROBE:0,host_scan,504,False,0,host_scan
m12_no_attack_dup0_s20260627_nonbonded,BudgetDoS,m12_no_attack_dup0_s20260627,nonbonded,2816,PRIVPROBE:0,host_scan,504,False,0,host_scan
m12_no_attack_dup0_s20260627_nonbonded,BudgetDoS,m12_no_attack_dup0_s20260627,nonbonded,2833,PRIVPROBE:0,host_scan,504,False,0,host_scan
m12_no_attack_dup0_s20260627_nonbonded,BudgetDoS,m12_no_attack_dup0_s20260627,nonbonded,2848,PRIVPROBE:0,host_scan,504,False,0,host_scan
m12_no_attack_dup0_s20260627_nonbonded,BudgetDoS,m12_no_attack_dup0_s20260627,nonbonded,2872,PRIVPROBE:0,host_scan,504,False,0,host_scan
m12_no_attack_dup0_s20260627_nonbonded,BudgetDoS,m12_no_attack_dup0_s20260627,nonbonded,2892,PRIVPROBE:0,host_scan,504,False,0,host_scan
m12_no_attack_dup0_s20260627_nonbonded,BudgetDoS,m12_no_attack_dup0_s20260627,nonbonded,2912,PRIVPROBE:0,budget_skip,0,False,0,budget_skip
m12_no_attack_dup0_s20260627_nonbonded,BudgetDoS,m12_no_attack_dup0_s20260627,nonbonded,2944,PRIVPROBE:0,budget_skip,0,False,0,budget_skip
m12_no_attack_dup0_s20260627_nonbonded,BudgetDoS,m12_no_attack_dup0_s20260627,nonbonded,2976,PRIVPROBE:0,budget_skip,0,False,0,budget_skip
m12_no_attack_dup0_s20260627_nonbonded,BudgetDoS,m12_no_attack_dup0_s20260627,nonbonded,2994,PRIVPROBE:0,budget_skip,0,False,0,budget_skip
m12_no_attack_dup0_s20260627_nonbonded,BudgetDoS,m12_no_attack_dup0_s20260627,nonbonded,3016,PRIVPROBE:0,host_scan,504,False,0,host_scan
m12_no_attack_dup0_s20260627_nonbonded,BudgetDoS,m12_no_attack_dup0_s20260627,nonbonded,3048,PRIVPROBE:0,host_scan,504,False,0,host_scan
m12_no_attack_dup0_s20260627_nonbonded,BudgetDoS,m12_no_attack_dup0_s20260627,nonbonded,3077,PRIVPROBE:0,host_scan,504,False,0,host_scan
m12_no_attack_dup0_s20260627_nonbonded,BudgetDoS,m12_no_attack_dup0_s20260627,nonbonded,3099,PRIVPROBE:0,host_scan,504,False,0,host_scan
m12_no_attack_dup0_s20260627_nonbonded,BudgetDoS,m12_no_attack_dup0_s20260627,nonbonded,3126,PRIVPROBE:0,host_scan,504,False,0,host_scan
m12_no_attack_dup0_s20260627_nonbonded,BudgetDoS,m12_no_attack_dup0_s20260627,nonbonded,3152,PRIVPROBE:0,host_scan,504,False,0,host_scan
m12_no_attack_dup0_s20260627_nonbonded,BudgetDoS,m12_no_attack_dup0_s20260627,nonbonded,3170,PRIVPROBE:0,host_scan,504,False,0,host_scan
m12_no_attack_dup0_s20260627_nonbonded,BudgetDoS,m12_no_attack_dup0_s20260627,nonbonded,3187,PRIVPROBE:0,budget_skip,0,False,0,budget_skip
m12_no_attack_dup0_s20260627_nonbonded,BudgetDoS,m12_no_attack_dup0_s20260627,nonbonded,3202,PRIVPROBE:0,budget_skip,0,False,0,budget_skip
m12_no_attack_dup0_s20260627_nonbonded,BudgetDoS,m12_no_attack_dup0_s20260627,nonbonded,3216,PRIVPROBE:0,budget_skip,0,False,0,budget_skip
m12_no_attack_dup0_s20260627_nonbonded,BudgetDoS,m12_no_attack_dup0_s20260627,nonbonded,3252,PRIVPROBE:0,budget_skip,0,False,0,budget_skip
m12_no_attack_dup0_s20260627_nonbonded,BudgetDoS,m12_no_attack_dup0_s20260627,nonbonded,3273,PRIVPROBE:0,budget_skip,0,False,0,budget_skip
m12_no_attack_dup0_s20260627_nonbonded,BudgetDoS,m12_no_attack_dup0_s20260627,nonbonded,3296,PRIVPROBE:0,host_scan,504,False,0,host_scan
m12_no_attack_dup0_s20260627_nonbonded,BudgetDoS,m12_no_attack_dup0_s20260627,nonbonded,3306,PRIVPROBE:0,host_scan,504,False,0,host_scan
m12_no_attack_dup0_s20260627_nonbonded,BudgetDoS,m12_no_attack_dup0_s20260627,nonbonded,3327,PRIVPROBE:0,host_scan,504,False,0,host_scan
m12_no_attack_dup0_s20260627_nonbonded,BudgetDoS,m12_no_attack_dup0_s20260627,nonbonded,3354,PRIVPROBE:0,host_scan,504,False,0,host_scan
m12_no_attack_dup0_s20260627_nonbonded,BudgetDoS,m12_no_attack_dup0_s20260627,nonbonded,3379,PRIVPROBE:0,host_scan,504,False,0,host_scan
m12_no_attack_dup0_s20260627_nonbonded,BudgetDoS,m12_no_attack_dup0_s20260627,nonbonded,3405,PRIVPROBE:0,host_scan,504,False,0,host_scan
m12_no_attack_dup0_s20260627_nonbonded,BudgetDoS,m12_no_attack_dup0_s20260627,nonbonded,3426,PRIVPROBE:0,host_scan,504,False,0,host_scan
m12_no_attack_dup0_s20260627_nonbonded,BudgetDoS,m12_no_attack_dup0_s20260627,nonbonded,3443,PRIVPROBE:0,host_scan,504,False,0,host_scan
m12_no_attack_dup0_s20260627_nonbonded,BudgetDoS,m12_no_attack_dup0_s20260627,nonbonded,3464,PRIVPROBE:0,budget_skip,0,False,0,budget_skip
m12_no_attack_dup0_s20260627_nonbonded,BudgetDoS,m12_no_attack_dup0_s20260627,nonbonded,3489,PRIVPROBE:0,budget_skip,0,False,0,budget_skip
m12_no_attack_dup0_s20260627_nonbonded,BudgetDoS,m12_no_attack_dup0_s20260627,nonbonded,3512,PRIVPROBE:0,budget_skip,0,False,0,budget_skip
m12_no_attack_dup0_s20260627_nonbonded,BudgetDoS,m12_no_attack_dup0_s20260627,nonbonded,3526,PRIVPROBE:0,budget_skip,0,False,0,budget_skip
m12_no_attack_dup0_s20260627_nonbonded,BudgetDoS,m12_no_attack_dup0_s20260627,nonbonded,3548,PRIVPROBE:0,host_scan,504,False,0,host_scan
m12_no_attack_dup0_s20260627_nonbonded,BudgetDoS,m12_no_attack_dup0_s20260627,nonbonded,3561,PRIVPROBE:0,host_scan,504,False,0,host_scan
m12_no_attack_dup0_s20260627_nonbonded,BudgetDoS,m12_no_attack_dup0_s20260627,nonbonded,3581,PRIVPROBE:0,host_scan,504,False,0,host_scan
m12_no_attack_dup0_s20260627_nonbonded,BudgetDoS,m12_no_attack_dup0_s20260627,nonbonded,3603,PRIVPROBE:0,host_scan,504,False,0,host_scan
m12_no_attack_dup0_s20260627_nonbonded,BudgetDoS,m12_no_attack_dup0_s20260627,nonbonded,3626,PRIVPROBE:0,host_scan,504,False,0,host_scan
m12_no_attack_dup0_s20260627_nonbonded,BudgetDoS,m12_no_attack_dup0_s20260627,nonbonded,3648,PRIVPROBE:0,host_scan,504,False,0,host_scan
m12_no_attack_dup0_s20260627_nonbonded,BudgetDoS,m12_no_attack_dup0_s20260627,nonbonded,3678,PRIVPROBE:0,host_scan,504,False,0,host_scan
m12_no_attack_dup0_s20260627_nonbonded,BudgetDoS,m12_no_attack_dup0_s20260627,nonbonded,3696,PRIVPROBE:0,host_scan,504,False,0,host_scan
m12_no_attack_dup0_s20260627_nonbonded,BudgetDoS,m12_no_attack_dup0_s20260627,nonbonded,3717,PRIVPROBE:0,budget_skip,0,False,0,budget_skip
m12_no_attack_dup0_s20260627_nonbonded,BudgetDoS,m12_no_attack_dup0_s20260627,nonbonded,3754,PRIVPROBE:0,budget_skip,0,False,0,budget_skip
m12_no_attack_dup0_s20260627_nonbonded,BudgetDoS,m12_no_attack_dup0_s20260627,nonbonded,3768,PRIVPROBE:0,budget_skip,0,False,0,budget_skip
m12_no_attack_dup0_s20260627_nonbonded,BudgetDoS,m12_no_attack_dup0_s20260627,nonbonded,3792,PRIVPROBE:0,budget_skip,0,False,0,budget_skip
m12_no_attack_dup0_s20260627_nonbonded,BudgetDoS,m12_no_attack_dup0_s20260627,nonbonded,3811,PRIVPROBE:1,host_scan,504,False,0,host_scan
m12_no_attack_dup0_s20260627_nonbonded,BudgetDoS,m12_no_attack_dup0_s20260627,nonbonded,3822,PRIVPROBE:1,host_scan,504,False,0,host_scan
m12_no_attack_dup0_s20260627_nonbonded,BudgetDoS,m12_no_attack_dup0_s20260627,nonbonded,3845,PRIVPROBE:1,host_scan,504,False,0,host_scan
m12_no_attack_dup0_s20260627_nonbonded,BudgetDoS,m12_no_attack_dup0_s20260627,nonbonded,3881,PRIVPROBE:1,host_scan,504,False,0,host_scan
m12_no_attack_dup0_s20260627_nonbonded,BudgetDoS,m12_no_attack_dup0_s20260627,nonbonded,3900,PRIVPROBE:1,host_scan,504,False,0,host_scan
m12_no_attack_dup0_s20260627_nonbonded,BudgetDoS,m12_no_attack_dup0_s20260627,nonbonded,3928,PRIVPROBE:1,host_scan,504,False,0,host_scan
m12_no_attack_dup0_s20260627_nonbonded,BudgetDoS,m12_no_attack_dup0_s20260627,nonbonded,3943,PRIVPROBE:1,host_scan,504,False,0,host_scan
m12_no_attack_dup0_s20260627_nonbonded,BudgetDoS,m12_no_attack_dup0_s20260627,nonbonded,3972,PRIVPROBE:1,budget_skip,0,False,0,budget_skip
m12_no_attack_dup0_s20260627_nonbonded,BudgetDoS,m12_no_attack_dup0_s20260627,nonbonded,3986,PRIVPROBE:1,budget_skip,0,False,0,budget_skip
m12_no_attack_dup0_s20260627_nonbonded,BudgetDoS,m12_no_attack_dup0_s20260627,nonbonded,4011,PRIVPROBE:1,budget_skip,0,False,0,budget_skip
m12_no_attack_dup0_s20260627_nonbonded,BudgetDoS,m12_no_attack_dup0_s20260627,nonbonded,4030,PRIVPROBE:1,budget_skip,0,False,0,budget_skip
m12_no_attack_dup0_s20260627_nonbonded,BudgetDoS,m12_no_attack_dup0_s20260627,nonbonded,4053,PRIVPROBE:1,budget_skip,0,False,0,budget_skip
m12_no_attack_dup0_s20260627_nonbonded,BudgetDoS,m12_no_attack_dup0_s20260627,nonbonded,4080,PRIVPROBE:1,host_scan,504,False,0,host_scan
m12_no_attack_dup0_s20260627_nonbonded,BudgetDoS,m12_no_attack_dup0_s20260627,nonbonded,4097,PRIVPROBE:1,host_scan,504,False,0,host_scan
m12_no_attack_dup0_s20260627_nonbonded,BudgetDoS,m12_no_attack_dup0_s20260627,nonbonded,4109,PRIVPROBE:1,host_scan,504,False,0,host_scan
m12_no_attack_dup0_s20260627_nonbonded,BudgetDoS,m12_no_attack_dup0_s20260627,nonbonded,4136,PRIVPROBE:1,host_scan,504,False,0,host_scan
m12_no_attack_dup0_s20260627_nonbonded,BudgetDoS,m12_no_attack_dup0_s20260627,nonbonded,4153,PRIVPROBE:1,host_scan,504,False,0,host_scan
m12_no_attack_dup0_s20260627_nonbonded,BudgetDoS,m12_no_attack_dup0_s20260627,nonbonded,4175,PRIVPROBE:1,host_scan,504,False,0,host_scan
m12_no_attack_dup0_s20260627_nonbonded,BudgetDoS,m12_no_attack_dup0_s20260627,nonbonded,4193,PRIVPROBE:1,host_scan,504,False,0,host_scan
m12_no_attack_dup0_s20260627_nonbonded,BudgetDoS,m12_no_attack_dup0_s20260627,nonbonded,4210,PRIVPROBE:1,host_scan,504,False,0,host_scan
m12_no_attack_dup0_s20260627_nonbonded,BudgetDoS,m12_no_attack_dup0_s20260627,nonbonded,4232,PRIVPROBE:1,host_scan,504,False,0,host_scan
m12_no_attack_dup0_s20260627_nonbonded,BudgetDoS,m12_no_attack_dup0_s20260627,nonbonded,4250,PRIVPROBE:1,budget_skip,0,False,0,budget_skip
m12_no_attack_dup0_s20260627_nonbonded,BudgetDoS,m12_no_attack_dup0_s20260627,nonbonded,4268,PRIVPROBE:1,budget_skip,0,False,0,budget_skip
m12_no_attack_dup0_s20260627_nonbonded,BudgetDoS,m12_no_attack_dup0_s20260627,nonbonded,4290,PRIVPROBE:1,budget_skip,0,False,0,budget_skip
m12_no_attack_dup0_s20260627_nonbonded,BudgetDoS,m12_no_attack_dup0_s20260627,nonbonded,4314,PRIVPROBE:1,host_scan,504,False,0,host_scan
m12_no_attack_dup0_s20260627_nonbonded,BudgetDoS,m12_no_attack_dup0_s20260627,nonbonded,4324,PRIVPROBE:1,host_scan,504,False,0,host_scan
m12_no_attack_dup0_s20260627_nonbonded,BudgetDoS,m12_no_attack_dup0_s20260627,nonbonded,4347,PRIVPROBE:1,host_scan,504,False,0,host_scan
m12_no_attack_dup0_s20260627_nonbonded,BudgetDoS,m12_no_attack_dup0_s20260627,nonbonded,4375,PRIVPROBE:1,host_scan,504,False,0,host_scan
m12_no_attack_dup0_s20260627_nonbonded,BudgetDoS,m12_no_attack_dup0_s20260627,nonbonded,4395,PRIVPROBE:1,host_scan,504,False,0,host_scan
m12_no_attack_dup0_s20260627_nonbonded,BudgetDoS,m12_no_attack_dup0_s20260627,nonbonded,4416,PRIVPROBE:1,host_scan,504,False,0,host_scan
m12_no_attack_dup0_s20260627_nonbonded,BudgetDoS,m12_no_attack_dup0_s20260627,nonbonded,4435,PRIVPROBE:1,host_scan,504,False,0,host_scan
m12_no_attack_dup0_s20260627_nonbonded,BudgetDoS,m12_no_attack_dup0_s20260627,nonbonded,4454,PRIVPROBE:1,host_scan,504,False,0,host_scan
m12_no_attack_dup0_s20260627_nonbonded,BudgetDoS,m12_no_attack_dup0_s20260627,nonbonded,4473,PRIVPROBE:1,host_scan,504,False,0,host_scan
m12_no_attack_dup0_s20260627_nonbonded,BudgetDoS,m12_no_attack_dup0_s20260627,nonbonded,4494,PRIVPROBE:1,budget_skip,0,False,0,budget_skip
m12_no_attack_dup0_s20260627_nonbonded,BudgetDoS,m12_no_attack_dup0_s20260627,nonbonded,4525,PRIVPROBE:1,budget_skip,0,False,0,budget_skip
m12_no_attack_dup0_s20260627_nonbonded,BudgetDoS,m12_no_attack_dup0_s20260627,nonbonded,4541,PRIVPROBE:1,budget_skip,0,False,0,budget_skip
m12_no_attack_dup0_s20260627_nonbonded,BudgetDoS,m12_no_attack_dup0_s20260627,nonbonded,4555,PRIVPROBE:1,host_scan,504,False,0,host_scan
m12_no_attack_dup0_s20260627_nonbonded,BudgetDoS,m12_no_attack_dup0_s20260627,nonbonded,4577,PRIVPROBE:1,host_scan,504,False,0,host_scan
m12_no_attack_dup0_s20260627_nonbonded,BudgetDoS,m12_no_attack_dup0_s20260627,nonbonded,4591,PRIVPROBE:1,host_scan,504,False,0,host_scan
m12_no_attack_dup0_s20260627_nonbonded,BudgetDoS,m12_no_attack_dup0_s20260627,nonbonded,4614,PRIVPROBE:1,host_scan,504,False,0,host_scan
m12_no_attack_dup0_s20260627_nonbonded,BudgetDoS,m12_no_attack_dup0_s20260627,nonbonded,4629,PRIVPROBE:1,host_scan,504,False,0,host_scan
m12_no_attack_dup0_s20260627_nonbonded,BudgetDoS,m12_no_attack_dup0_s20260627,nonbonded,4651,PRIVPROBE:1,host_scan,504,False,0,host_scan
m12_no_attack_dup0_s20260627_nonbonded,BudgetDoS,m12_no_attack_dup0_s20260627,nonbonded,4659,PRIVPROBE:1,host_scan,504,False,0,host_scan
m12_no_attack_dup0_s20260627_nonbonded,BudgetDoS,m12_no_attack_dup0_s20260627,nonbonded,4680,PRIVPROBE:1,host_scan,504,False,0,host_scan
m12_no_attack_dup0_s20260627_nonbonded,BudgetDoS,m12_no_attack_dup0_s20260627,nonbonded,4703,PRIVPROBE:1,host_scan,504,False,0,host_scan
m12_no_attack_dup0_s20260627_nonbonded,BudgetDoS,m12_no_attack_dup0_s20260627,nonbonded,4721,PRIVPROBE:1,budget_skip,0,False,0,budget_skip
m12_no_attack_dup0_s20260627_nonbonded,BudgetDoS,m12_no_attack_dup0_s20260627,nonbonded,4747,PRIVPROBE:1,budget_skip,0,False,0,budget_skip
m12_no_attack_dup0_s20260627_nonbonded,BudgetDoS,m12_no_attack_dup0_s20260627,nonbonded,4762,PRIVPROBE:1,budget_skip,0,False,0,budget_skip
m12_no_attack_dup0_s20260627_nonbonded,BudgetDoS,m12_no_attack_dup0_s20260627,nonbonded,4790,PRIVPROBE:1,host_scan,504,False,0,host_scan
m12_no_attack_dup0_s20260627_nonbonded,BudgetDoS,m12_no_attack_dup0_s20260627,nonbonded,4815,PRIVPROBE:1,host_scan,504,False,0,host_scan
m12_no_attack_dup0_s20260627_nonbonded,BudgetDoS,m12_no_attack_dup0_s20260627,nonbonded,4834,PRIVPROBE:1,host_scan,504,False,0,host_scan
m12_no_attack_dup0_s20260627_nonbonded,BudgetDoS,m12_no_attack_dup0_s20260627,nonbonded,4848,PRIVPROBE:1,host_scan,504,False,0,host_scan
m12_no_attack_dup0_s20260627_nonbonded,BudgetDoS,m12_no_attack_dup0_s20260627,nonbonded,4874,PRIVPROBE:1,host_scan,504,False,0,host_scan
m12_no_attack_dup0_s20260627_nonbonded,BudgetDoS,m12_no_attack_dup0_s20260627,nonbonded,4896,PRIVPROBE:1,host_scan,504,False,0,host_scan
m12_no_attack_dup0_s20260627_nonbonded,BudgetDoS,m12_no_attack_dup0_s20260627,nonbonded,4914,PRIVPROBE:1,host_scan,504,False,0,host_scan
m12_no_attack_dup0_s20260627_nonbonded,BudgetDoS,m12_no_attack_dup0_s20260627,nonbonded,4933,PRIVPROBE:1,host_scan,504,False,0,host_scan
m12_no_attack_dup0_s20260627_nonbonded,BudgetDoS,m12_no_attack_dup0_s20260627,nonbonded,4965,PRIVPROBE:1,budget_skip,0,False,0,budget_skip
m12_no_attack_dup0_s20260627_nonbonded,BudgetDoS,m12_no_attack_dup0_s20260627,nonbonded,4988,PRIVPROBE:1,budget_skip,0,False,0,budget_skip
m12_no_attack_dup0_s20260627_nonbonded,BudgetDoS,m12_no_attack_dup0_s20260627,nonbonded,5014,PRIVPROBE:1,budget_skip,0,False,0,budget_skip
m12_no_attack_dup0_s20260627_nonbonded,BudgetDoS,m12_no_attack_dup0_s20260627,nonbonded,5037,PRIVPROBE:1,budget_skip,0,False,0,budget_skip
m12_no_attack_dup0_s20260627_nonbonded,BudgetDoS,m12_no_attack_dup0_s20260627,nonbonded,5053,PRIVPROBE:1,host_scan,504,False,0,host_scan
m12_no_attack_dup0_s20260627_nonbonded,BudgetDoS,m12_no_attack_dup0_s20260627,nonbonded,5072,PRIVPROBE:1,host_scan,504,False,0,host_scan
m12_no_attack_dup0_s20260627_nonbonded,BudgetDoS,m12_no_attack_dup0_s20260627,nonbonded,5092,PRIVPROBE:1,host_scan,504,False,0,host_scan
m12_no_attack_dup0_s20260627_nonbonded,BudgetDoS,m12_no_attack_dup0_s20260627,nonbonded,5116,PRIVPROBE:1,host_scan,504,False,0,host_scan
m12_no_attack_dup0_s20260627_nonbonded,BudgetDoS,m12_no_attack_dup0_s20260627,nonbonded,5133,PRIVPROBE:1,host_scan,504,False,0,host_scan
m12_no_attack_dup0_s20260627_nonbonded,BudgetDoS,m12_no_attack_dup0_s20260627,nonbonded,5163,PRIVPROBE:1,host_scan,504,False,0,host_scan
m12_no_attack_dup0_s20260627_nonbonded,BudgetDoS,m12_no_attack_dup0_s20260627,nonbonded,5181,PRIVPROBE:1,host_scan,504,False,0,host_scan
m12_no_attack_dup0_s20260627_nonbonded,BudgetDoS,m12_no_attack_dup0_s20260627,nonbonded,5201,PRIVPROBE:1,host_scan,504,False,0,host_scan
m12_no_attack_dup0_s20260627_nonbonded,BudgetDoS,m12_no_attack_dup0_s20260627,nonbonded,5211,PRIVPROBE:1,budget_skip,0,False,0,budget_skip
m12_no_attack_dup0_s20260627_nonbonded,BudgetDoS,m12_no_attack_dup0_s20260627,nonbonded,5232,PRIVPROBE:1,budget_skip,0,False,0,budget_skip
m12_no_attack_dup0_s20260627_nonbonded,BudgetDoS,m12_no_attack_dup0_s20260627,nonbonded,5257,PRIVPROBE:1,budget_skip,0,False,0,budget_skip
m12_no_attack_dup0_s20260627_nonbonded,BudgetDoS,m12_no_attack_dup0_s20260627,nonbonded,5279,PRIVPROBE:1,budget_skip,0,False,0,budget_skip
m12_no_attack_dup0_s20260627_nonbonded,BudgetDoS,m12_no_attack_dup0_s20260627,nonbonded,5307,PRIVPROBE:1,host_scan,504,False,0,host_scan
m12_no_attack_dup0_s20260627_nonbonded,BudgetDoS,m12_no_attack_dup0_s20260627,nonbonded,5329,PRIVPROBE:1,host_scan,504,False,0,host_scan
m12_no_attack_dup0_s20260627_nonbonded,BudgetDoS,m12_no_attack_dup0_s20260627,nonbonded,5345,PRIVPROBE:1,host_scan,504,False,0,host_scan
m12_no_attack_dup0_s20260627_nonbonded,BudgetDoS,m12_no_attack_dup0_s20260627,nonbonded,5373,PRIVPROBE:1,host_scan,504,False,0,host_scan
m12_no_attack_dup0_s20260627_nonbonded,BudgetDoS,m12_no_attack_dup0_s20260627,nonbonded,5389,PRIVPROBE:1,host_scan,504,False,0,host_scan
m12_no_attack_dup0_s20260627_nonbonded,BudgetDoS,m12_no_attack_dup0_s20260627,nonbonded,5408,PRIVPROBE:1,host_scan,504,False,0,host_scan
m12_no_attack_dup0_s20260627_nonbonded,BudgetDoS,m12_no_attack_dup0_s20260627,nonbonded,5430,PRIVPROBE:1,host_scan,504,False,0,host_scan
m12_no_attack_dup0_s20260627_nonbonded,BudgetDoS,m12_no_attack_dup0_s20260627,nonbonded,5447,PRIVPROBE:1,host_scan,504,False,0,host_scan
m12_no_attack_dup0_s20260627_nonbonded,BudgetDoS,m12_no_attack_dup0_s20260627,nonbonded,5472,PRIVPROBE:1,budget_skip,0,False,0,budget_skip
m12_no_attack_dup0_s20260627_nonbonded,BudgetDoS,m12_no_attack_dup0_s20260627,nonbonded,5496,PRIVPROBE:1,budget_skip,0,False,0,budget_skip
m12_no_attack_dup0_s20260627_nonbonded,BudgetDoS,m12_no_attack_dup0_s20260627,nonbonded,5520,PRIVPROBE:1,budget_skip,0,False,0,budget_skip
m12_no_attack_dup0_s20260627_nonbonded,BudgetDoS,m12_no_attack_dup0_s20260627,nonbonded,5545,PRIVPROBE:1,budget_skip,0,False,0,budget_skip
m12_no_attack_dup0_s20260627_nonbonded,BudgetDoS,m12_no_attack_dup0_s20260627,nonbonded,5576,PRIVPROBE:1,host_scan,504,False,0,host_scan
m12_no_attack_dup0_s20260627_nonbonded,BudgetDoS,m12_no_attack_dup0_s20260627,nonbonded,5599,PRIVPROBE:1,host_scan,504,False,0,host_scan
m12_no_attack_dup0_s20260627_nonbonded,BudgetDoS,m12_no_attack_dup0_s20260627,nonbonded,5625,PRIVPROBE:1,host_scan,504,False,0,host_scan
m12_no_attack_dup0_s20260627_nonbonded,BudgetDoS,m12_no_attack_dup0_s20260627,nonbonded,5642,PRIVPROBE:1,host_scan,504,False,0,host_scan
m12_no_attack_dup0_s20260627_nonbonded,BudgetDoS,m12_no_attack_dup0_s20260627,nonbonded,5668,PRIVPROBE:1,host_scan,504,False,0,host_scan
m12_no_attack_dup0_s20260627_nonbonded,BudgetDoS,m12_no_attack_dup0_s20260627,nonbonded,5699,PRIVPROBE:1,host_scan,504,False,0,host_scan
m12_no_attack_dup0_s20260627_nonbonded,BudgetDoS,m12_no_attack_dup0_s20260627,nonbonded,5713,PRIVPROBE:1,host_scan,504,False,0,host_scan
m12_no_attack_dup0_s20260627_nonbonded,BudgetDoS,m12_no_attack_dup0_s20260627,nonbonded,5741,PRIVPROBE:1,budget_skip,0,False,0,budget_skip
m12_no_attack_dup0_s20260627_nonbonded,BudgetDoS,m12_no_attack_dup0_s20260627,nonbonded,5765,PRIVPROBE:1,budget_skip,0,False,0,budget_skip
m12_no_attack_dup0_s20260627_nonbonded,BudgetDoS,m12_no_attack_dup0_s20260627,nonbonded,5779,PRIVPROBE:1,budget_skip,0,False,0,budget_skip
m12_no_attack_dup0_s20260627_nonbonded,BudgetDoS,m12_no_attack_dup0_s20260627,nonbonded,5796,PRIVPROBE:1,budget_skip,0,False,0,budget_skip
m12_no_attack_dup0_s20260627_nonbonded,BudgetDoS,m12_no_attack_dup0_s20260627,nonbonded,5818,PRIVPROBE:1,budget_skip,0,False,0,budget_skip
m12_no_attack_dup0_s20260627_nonbonded,BudgetDoS,m12_no_attack_dup0_s20260627,nonbonded,5828,PRIVPROBE:1,host_scan,504,False,0,host_scan
m12_no_attack_dup0_s20260627_nonbonded,BudgetDoS,m12_no_attack_dup0_s20260627,nonbonded,5854,PRIVPROBE:1,host_scan,504,False,0,host_scan
m12_no_attack_dup0_s20260627_nonbonded,BudgetDoS,m12_no_attack_dup0_s20260627,nonbonded,5877,PRIVPROBE:1,host_scan,504,False,0,host_scan
m12_no_attack_dup0_s20260627_nonbonded,BudgetDoS,m12_no_attack_dup0_s20260627,nonbonded,5892,PRIVPROBE:1,host_scan,504,False,0,host_scan
m12_no_attack_dup0_s20260627_nonbonded,BudgetDoS,m12_no_attack_dup0_s20260627,nonbonded,5913,PRIVPROBE:1,host_scan,504,False,0,host_scan
m12_no_attack_dup0_s20260627_nonbonded,BudgetDoS,m12_no_attack_dup0_s20260627,nonbonded,5930,PRIVPROBE:1,host_scan,504,False,0,host_scan
m12_no_attack_dup0_s20260627_nonbonded,BudgetDoS,m12_no_attack_dup0_s20260627,nonbonded,5946,PRIVPROBE:1,host_scan,504,False,0,host_scan
m12_no_attack_dup0_s20260627_nonbonded,BudgetDoS,m12_no_attack_dup0_s20260627,nonbonded,5977,PRIVPROBE:1,host_scan,504,False,0,host_scan
m12_no_attack_dup0_s20260627_nonbonded,BudgetDoS,m12_no_attack_dup0_s20260627,nonbonded,6005,PRIVPROBE:1,budget_skip,0,False,0,budget_skip
m12_no_attack_dup0_s20260627_nonbonded,BudgetDoS,m12_no_attack_dup0_s20260627,nonbonded,6021,PRIVPROBE:1,budget_skip,0,False,0,budget_skip
m12_no_attack_dup0_s20260627_nonbonded,BudgetDoS,m12_no_attack_dup0_s20260627,nonbonded,6033,PRIVPROBE:1,budget_skip,0,False,0,budget_skip
m12_no_attack_dup0_s20260627_nonbonded,BudgetDoS,m12_no_attack_dup0_s20260627,nonbonded,6053,PRIVPROBE:1,budget_skip,0,False,0,budget_skip
m12_no_attack_dup0_s20260627_nonbonded,BudgetDoS,m12_no_attack_dup0_s20260627,nonbonded,6066,PRIVPROBE:1,host_scan,504,False,0,host_scan
m12_no_attack_dup0_s20260627_nonbonded,BudgetDoS,m12_no_attack_dup0_s20260627,nonbonded,6092,PRIVPROBE:1,host_scan,504,False,0,host_scan
m12_no_attack_dup0_s20260627_nonbonded,BudgetDoS,m12_no_attack_dup0_s20260627,nonbonded,6107,PRIVPROBE:1,host_scan,504,False,0,host_scan
m12_no_attack_dup0_s20260627_nonbonded,BudgetDoS,m12_no_attack_dup0_s20260627,nonbonded,6126,PRIVPROBE:1,host_scan,504,False,0,host_scan
m12_no_attack_dup0_s20260627_nonbonded,BudgetDoS,m12_no_attack_dup0_s20260627,nonbonded,6154,PRIVPROBE:1,host_scan,504,False,0,host_scan
m12_no_attack_dup0_s20260627_nonbonded,BudgetDoS,m12_no_attack_dup0_s20260627,nonbonded,6167,PRIVPROBE:1,host_scan,504,False,0,host_scan
m12_no_attack_dup0_s20260627_nonbonded,BudgetDoS,m12_no_attack_dup0_s20260627,nonbonded,6191,PRIVPROBE:1,host_scan,504,False,0,host_scan
m12_no_attack_dup0_s20260627_nonbonded,BudgetDoS,m12_no_attack_dup0_s20260627,nonbonded,6210,PRIVPROBE:1,host_scan,504,False,0,host_scan
m12_no_attack_dup0_s20260627_nonbonded,BudgetDoS,m12_no_attack_dup0_s20260627,nonbonded,6228,PRIVPROBE:1,budget_skip,0,False,0,budget_skip
m12_no_attack_dup0_s20260627_nonbonded,BudgetDoS,m12_no_attack_dup0_s20260627,nonbonded,6243,PRIVPROBE:1,budget_skip,0,False,0,budget_skip
m12_no_attack_dup0_s20260627_nonbonded,BudgetDoS,m12_no_attack_dup0_s20260627,nonbonded,6267,PRIVPROBE:1,budget_skip,0,False,0,budget_skip
m12_no_attack_dup0_s20260627_nonbonded,BudgetDoS,m12_no_attack_dup0_s20260627,nonbonded,6285,PRIVPROBE:1,budget_skip,0,False,0,budget_skip
m12_no_attack_dup0_s20260627_nonbonded,BudgetDoS,m12_no_attack_dup0_s20260627,nonbonded,6320,PRIVPROBE:1,host_scan,504,False,0,host_scan
m12_no_attack_dup0_s20260627_nonbonded,BudgetDoS,m12_no_attack_dup0_s20260627,nonbonded,6340,PRIVPROBE:1,host_scan,504,False,0,host_scan
m12_no_attack_dup0_s20260627_nonbonded,BudgetDoS,m12_no_attack_dup0_s20260627,nonbonded,6364,PRIVPROBE:1,host_scan,504,False,0,host_scan
m12_no_attack_dup0_s20260627_nonbonded,BudgetDoS,m12_no_attack_dup0_s20260627,nonbonded,6391,PRIVPROBE:1,host_scan,504,False,0,host_scan
m12_no_attack_dup0_s20260627_nonbonded,BudgetDoS,m12_no_attack_dup0_s20260627,nonbonded,6411,PRIVPROBE:1,host_scan,504,False,0,host_scan
m12_no_attack_dup0_s20260627_nonbonded,BudgetDoS,m12_no_attack_dup0_s20260627,nonbonded,6434,PRIVPROBE:1,host_scan,504,False,0,host_scan
m12_no_attack_dup0_s20260627_nonbonded,BudgetDoS,m12_no_attack_dup0_s20260627,nonbonded,6461,PRIVPROBE:1,host_scan,504,False,0,host_scan
m12_no_attack_dup0_s20260627_nonbonded,BudgetDoS,m12_no_attack_dup0_s20260627,nonbonded,6486,PRIVPROBE:1,budget_skip,0,False,0,budget_skip
m12_no_attack_dup0_s20260627_nonbonded,BudgetDoS,m12_no_attack_dup0_s20260627,nonbonded,6508,PRIVPROBE:1,budget_skip,0,False,0,budget_skip
m12_no_attack_dup0_s20260627_nonbonded,BudgetDoS,m12_no_attack_dup0_s20260627,nonbonded,6537,PRIVPROBE:1,budget_skip,0,False,0,budget_skip
m12_no_attack_dup0_s20260627_nonbonded,BudgetDoS,m12_no_attack_dup0_s20260627,nonbonded,6557,PRIVPROBE:1,budget_skip,0,False,0,budget_skip
m12_no_attack_dup0_s20260627_nonbonded,BudgetDoS,m12_no_attack_dup0_s20260627,nonbonded,6577,PRIVPROBE:1,budget_skip,0,False,0,budget_skip
m12_no_attack_dup0_s20260627_nonbonded,BudgetDoS,m12_no_attack_dup0_s20260627,nonbonded,6598,PRIVPROBE:1,host_scan,504,False,0,host_scan
m12_no_attack_dup0_s20260627_nonbonded,BudgetDoS,m12_no_attack_dup0_s20260627,nonbonded,6613,PRIVPROBE:1,host_scan,504,False,0,host_scan
m12_no_attack_dup0_s20260627_nonbonded,BudgetDoS,m12_no_attack_dup0_s20260627,nonbonded,6644,PRIVPROBE:1,host_scan,504,False,0,host_scan
m12_no_attack_dup0_s20260627_nonbonded,BudgetDoS,m12_no_attack_dup0_s20260627,nonbonded,6668,PRIVPROBE:1,host_scan,504,False,0,host_scan
m12_no_attack_dup0_s20260627_nonbonded,BudgetDoS,m12_no_attack_dup0_s20260627,nonbonded,6684,PRIVPROBE:1,host_scan,504,False,0,host_scan
m12_no_attack_dup0_s20260627_nonbonded,BudgetDoS,m12_no_attack_dup0_s20260627,nonbonded,6709,PRIVPROBE:1,host_scan,504,False,0,host_scan
m12_no_attack_dup0_s20260627_nonbonded,BudgetDoS,m12_no_attack_dup0_s20260627,nonbonded,6727,PRIVPROBE:1,host_scan,504,False,0,host_scan
m12_no_attack_dup0_s20260627_nonbonded,BudgetDoS,m12_no_attack_dup0_s20260627,nonbonded,6754,PRIVPROBE:1,host_scan,504,False,0,host_scan
m12_no_attack_dup0_s20260627_nonbonded,BudgetDoS,m12_no_attack_dup0_s20260627,nonbonded,6782,PRIVPROBE:1,budget_skip,0,False,0,budget_skip
m12_no_attack_dup0_s20260627_nonbonded,BudgetDoS,m12_no_attack_dup0_s20260627,nonbonded,6808,PRIVPROBE:1,budget_skip,0,False,0,budget_skip
m12_no_attack_dup0_s20260627_nonbonded,BudgetDoS,m12_no_attack_dup0_s20260627,nonbonded,6834,PRIVPROBE:1,budget_skip,0,False,0,budget_skip
m12_no_attack_dup0_s20260627_nonbonded,BudgetDoS,m12_no_attack_dup0_s20260627,nonbonded,6851,PRIVPROBE:1,budget_skip,0,False,0,budget_skip
m12_no_attack_dup0_s20260627_nonbonded,BudgetDoS,m12_no_attack_dup0_s20260627,nonbonded,6872,PRIVPROBE:1,host_scan,504,False,0,host_scan
m12_no_attack_dup0_s20260627_nonbonded,BudgetDoS,m12_no_attack_dup0_s20260627,nonbonded,6888,PRIVPROBE:1,host_scan,504,False,0,host_scan
m12_no_attack_dup0_s20260627_nonbonded,BudgetDoS,m12_no_attack_dup0_s20260627,nonbonded,6907,PRIVPROBE:1,host_scan,504,False,0,host_scan
m12_no_attack_dup0_s20260627_nonbonded,BudgetDoS,m12_no_attack_dup0_s20260627,nonbonded,6927,PRIVPROBE:1,host_scan,504,False,0,host_scan
m12_no_attack_dup0_s20260627_nonbonded,BudgetDoS,m12_no_attack_dup0_s20260627,nonbonded,6944,PRIVPROBE:1,host_scan,504,False,0,host_scan
m12_no_attack_dup0_s20260627_nonbonded,BudgetDoS,m12_no_attack_dup0_s20260627,nonbonded,6980,PRIVPROBE:1,host_scan,504,False,0,host_scan
m12_no_attack_dup0_s20260627_nonbonded,BudgetDoS,m12_no_attack_dup0_s20260627,nonbonded,6999,PRIVPROBE:1,host_scan,504,False,0,host_scan
m12_no_attack_dup0_s20260627_nonbonded,BudgetDoS,m12_no_attack_dup0_s20260627,nonbonded,7032,PRIVPROBE:1,host_scan,504,False,0,host_scan
m12_no_attack_dup0_s20260627_nonbonded,BudgetDoS,m12_no_attack_dup0_s20260627,nonbonded,7056,PRIVPROBE:1,budget_skip,0,False,0,budget_skip
m12_no_attack_dup0_s20260627_nonbonded,BudgetDoS,m12_no_attack_dup0_s20260627,nonbonded,7071,PRIVPROBE:1,budget_skip,0,False,0,budget_skip
m12_no_attack_dup0_s20260627_nonbonded,BudgetDoS,m12_no_attack_dup0_s20260627,nonbonded,7089,PRIVPROBE:1,budget_skip,0,False,0,budget_skip
m12_no_attack_dup0_s20260627_nonbonded,BudgetDoS,m12_no_attack_dup0_s20260627,nonbonded,7106,PRIVPROBE:1,budget_skip,0,False,0,budget_skip
m12_no_attack_dup0_s20260627_nonbonded,BudgetDoS,m12_no_attack_dup0_s20260627,nonbonded,7132,PRIVPROBE:1,host_scan,504,False,0,host_scan
m12_no_attack_dup0_s20260627_nonbonded,BudgetDoS,m12_no_attack_dup0_s20260627,nonbonded,7153,PRIVPROBE:1,host_scan,504,False,0,host_scan
m12_no_attack_dup0_s20260627_nonbonded,BudgetDoS,m12_no_attack_dup0_s20260627,nonbonded,7179,PRIVPROBE:1,host_scan,504,False,0,host_scan
m12_no_attack_dup0_s20260627_nonbonded,BudgetDoS,m12_no_attack_dup0_s20260627,nonbonded,7197,PRIVPROBE:1,host_scan,504,False,0,host_scan
m12_no_attack_dup0_s20260627_nonbonded,BudgetDoS,m12_no_attack_dup0_s20260627,nonbonded,7210,PRIVPROBE:1,host_scan,504,False,0,host_scan
m12_no_attack_dup0_s20260627_nonbonded,BudgetDoS,m12_no_attack_dup0_s20260627,nonbonded,7224,PRIVPROBE:1,host_scan,504,False,0,host_scan
m12_no_attack_dup0_s20260627_nonbonded,BudgetDoS,m12_no_attack_dup0_s20260627,nonbonded,7244,PRIVPROBE:1,host_scan,504,False,0,host_scan
m12_no_attack_dup0_s20260627_nonbonded,BudgetDoS,m12_no_attack_dup0_s20260627,nonbonded,7265,PRIVPROBE:1,host_scan,504,False,0,host_scan
m12_no_attack_dup0_s20260627_nonbonded,BudgetDoS,m12_no_attack_dup0_s20260627,nonbonded,7283,PRIVPROBE:1,budget_skip,0,False,0,budget_skip
m12_no_attack_dup0_s20260627_nonbonded,BudgetDoS,m12_no_attack_dup0_s20260627,nonbonded,7306,PRIVPROBE:1,budget_skip,0,False,0,budget_skip
m12_no_attack_dup0_s20260627_nonbonded,BudgetDoS,m12_no_attack_dup0_s20260627,nonbonded,7318,PRIVPROBE:1,budget_skip,0,False,0,budget_skip
m12_no_attack_dup0_s20260627_nonbonded,BudgetDoS,m12_no_attack_dup0_s20260627,nonbonded,7338,PRIVPROBE:1,budget_skip,0,False,0,budget_skip
m12_no_attack_dup0_s20260627_nonbonded,BudgetDoS,m12_no_attack_dup0_s20260627,nonbonded,7366,PRIVPROBE:1,host_scan,504,False,0,host_scan
m12_no_attack_dup0_s20260627_nonbonded,BudgetDoS,m12_no_attack_dup0_s20260627,nonbonded,7384,PRIVPROBE:1,host_scan,504,False,0,host_scan
m12_no_attack_dup0_s20260627_nonbonded,BudgetDoS,m12_no_attack_dup0_s20260627,nonbonded,7402,PRIVPROBE:1,host_scan,504,False,0,host_scan
m12_no_attack_dup0_s20260627_nonbonded,BudgetDoS,m12_no_attack_dup0_s20260627,nonbonded,7436,PRIVPROBE:1,host_scan,504,False,0,host_scan
m12_no_attack_dup0_s20260627_nonbonded,BudgetDoS,m12_no_attack_dup0_s20260627,nonbonded,7460,PRIVPROBE:1,host_scan,504,False,0,host_scan
m12_no_attack_dup0_s20260627_nonbonded,BudgetDoS,m12_no_attack_dup0_s20260627,nonbonded,7480,PRIVPROBE:1,host_scan,504,False,0,host_scan
m12_no_attack_dup0_s20260627_nonbonded,BudgetDoS,m12_no_attack_dup0_s20260627,nonbonded,7500,PRIVPROBE:1,host_scan,504,False,0,host_scan
m12_no_attack_dup0_s20260627_nonbonded,BudgetDoS,m12_no_attack_dup0_s20260627,nonbonded,7517,PRIVPROBE:1,host_scan,504,False,0,host_scan
m12_no_attack_dup0_s20260627_nonbonded,BudgetDoS,m12_no_attack_dup0_s20260627,nonbonded,7537,PRIVPROBE:1,budget_skip,0,False,0,budget_skip
m12_no_attack_dup0_s20260627_nonbonded,BudgetDoS,m12_no_attack_dup0_s20260627,nonbonded,7568,PRIVPROBE:1,budget_skip,0,False,0,budget_skip
m12_no_attack_dup0_s20260627_nonbonded,BudgetDoS,m12_no_attack_dup0_s20260627,nonbonded,7594,PRIVPROBE:1,budget_skip,0,False,0,budget_skip
m12_no_attack_dup0_s20260627_nonbonded,BudgetDoS,m12_no_attack_dup0_s20260627,nonbonded,7620,PRIVPROBE:1,budget_skip,0,False,0,budget_skip
