run_id,method,paired_trace_id,identity_label_for_scoring,event_id,rpa_value,action,aes_attempts,deferred,delay_ms,admission_path
m12_heavy_flood_dup0_s20260625_nonbonded,P3-Persist,m12_heavy_flood_dup0_s20260625,nonbonded,66893,PRIVPROBE:0,host_scan,504,False,0,reserve
m12_heavy_flood_dup0_s20260625_nonbonded,P3-Persist,m12_heavy_flood_dup0_s20260625,nonbonded,68018,PRIVPROBE:0,host_scan,504,False,0,reserve
m12_heavy_flood_dup0_s20260625_nonbonded,P3-Persist,m12_heavy_flood_dup0_s20260625,nonbonded,69141,PRIVPROBE:0,host_scan,504,False,0,reserve
m12_heavy_flood_dup0_s20260625_nonbonded,P3-Persist,m12_heavy_flood_dup0_s20260625,nonbonded,70297,PRIVPROBE:0,host_scan,504,False,0,reserve
m12_heavy_flood_dup0_s20260625_nonbonded,P3-Persist,m12_heavy_flood_dup0_s20260625,nonbonded,71411,PRIVPROBE:0,host_scan,504,False,0,reserve
m12_heavy_flood_dup0_s20260625_nonbonded,P3-Persist,m12_heavy_flood_dup0_s20260625,nonbonded,72540,PRIVPROBE:0,host_scan,504,False,0,reserve
m12_heavy_flood_dup0_s20260625_nonbonded,P3-Persist,m12_heavy_flood_dup0_s20260625,nonbonded,73656,PRIVPROBE:0,host_scan,504,False,0,reserve
m12_heavy_flood_dup0_s20260625_nonbonded,P3-Persist,m12_heavy_flood_dup0_s20260625,nonbonded,74768,PRIVPROBE:0,host_scan,504,False,0,reserve
m12_heavy_flood_dup0_s20260625_nonbonded,P3-Persist,m12_heavy_flood_dup0_s20260625,nonbonded,75810,PRIVPROBE:0,host_scan,504,False,0,reserve
m12_heavy_flood_dup0_s20260625_nonbonded,P3-Persist,m12_heavy_flood_dup0_s20260625,nonbonded,76881,PRIVPROBE:0,host_scan,504,False,0,reserve
m12_heavy_flood_dup0_s20260625_nonbonded,P3-Persist,m12_heavy_flood_dup0_s20260625,nonbonded,77996,PRIVPROBE:0,host_scan,504,False,0,reserve
m12_heavy_flood_dup0_s20260625_nonbonded,P3-Persist,m12_heavy_flood_dup0_s20260625,nonbonded,79133,PRIVPROBE:0,host_scan,504,False,0,reserve
m12_heavy_flood_dup0_s20260625_nonbonded,P3-Persist,m12_heavy_flood_dup0_s20260625,nonbonded,80281,PRIVPROBE:0,host_scan,504,False,0,reserve
m12_heavy_flood_dup0_s20260625_nonbonded,P3-Persist,m12_heavy_flood_dup0_s20260625,nonbonded,81413,PRIVPROBE:0,host_scan,504,False,0,reserve
m12_heavy_flood_dup0_s20260625_nonbonded,P3-Persist,m12_heavy_flood_dup0_s20260625,nonbonded,82489,PRIVPROBE:0,host_scan,504,False,0,reserve
m12_heavy_flood_dup0_s20260625_nonbonded,P3-Persist,m12_heavy_flood_dup0_s20260625,nonbonded,83562,PRIVPROBE:0,host_scan,504,False,0,reserve
m12_heavy_flood_dup0_s20260625_nonbonded,P3-Persist,m12_heavy_flood_dup0_s20260625,nonbonded,84739,PRIVPROBE:0,host_scan,504,False,0,reserve
m12_heavy_flood_dup0_s20260625_nonbonded,P3-Persist,m12_heavy_flood_dup0_s20260625,nonbonded,85887,PRIVPROBE:0,host_scan,504,False,0,reserve
m12_heavy_flood_dup0_s20260625_nonbonded,P3-Persist,m12_heavy_flood_dup0_s20260625,nonbonded,86972,PRIVPROBE:0,host_scan,504,False,0,reserve
m12_heavy_flood_dup0_s20260625_nonbonded,P3-Persist,m12_heavy_flood_dup0_s20260625,nonbonded,88022,PRIVPROBE:0,host_scan,504,False,0,reserve
m12_heavy_flood_dup0_s20260625_nonbonded,P3-Persist,m12_heavy_flood_dup0_s20260625,nonbonded,89165,PRIVPROBE:0,host_scan,504,False,0,reserve
m12_heavy_flood_dup0_s20260625_nonbonded,P3-Persist,m12_heavy_flood_dup0_s20260625,nonbonded,90234,PRIVPROBE:0,host_scan,504,False,0,reserve
m12_heavy_flood_dup0_s20260625_nonbonded,P3-Persist,m12_heavy_flood_dup0_s20260625,nonbonded,91323,PRIVPROBE:0,host_scan,504,False,0,reserve
m12_heavy_flood_dup0_s20260625_nonbonded,P3-Persist,m12_heavy_flood_dup0_s20260625,nonbonded,92404,PRIVPROBE:0,host_scan,504,False,0,reserve
m12_heavy_flood_dup0_s20260625_nonbonded,P3-Persist,m12_heavy_flood_dup0_s20260625,nonbonded,93582,PRIVPROBE:0,host_scan,504,False,0,reserve
m12_heavy_flood_dup0_s20260625_nonbonded,P3-Persist,m12_heavy_flood_dup0_s20260625,nonbonded,94658,PRIVPROBE:0,host_scan,504,False,0,reserve
m12_heavy_flood_dup0_s20260625_nonbonded,P3-Persist,m12_heavy_flood_dup0_s20260625,nonbonded,95807,PRIVPROBE:0,host_scan,504,False,0,reserve
m12_heavy_flood_dup0_s20260625_nonbonded,P3-Persist,m12_heavy_flood_dup0_s20260625,nonbonded,96930,PRIVPROBE:0,host_scan,504,False,0,reserve
m12_heavy_flood_dup0_s20260625_nonbonded,P3-Persist,m12_heavy_flood_dup0_s20260625,nonbonded,98021,PRIVPROBE:0,host_scan,504,False,0,reserve
m12_heavy_flood_dup0_s20260625_nonbonded,P3-Persist,m12_heavy_flood_dup0_s20260625,nonbonded,99177,PRIVPROBE:0,host_scan,504,False,0,reserve
m12_heavy_flood_dup0_s20260625_nonbonded,P3-Persist,m12_heavy_flood_dup0_s20260625,nonbonded,100372,PRIVPROBE:0,host_scan,504,False,0,reserve
m12_heavy_flood_dup0_s20260625_nonbonded,P3-Persist,m12_heavy_flood_dup0_s20260625,nonbonded,101464,PRIVPROBE:0,host_scan,504,False,0,reserve
m12_heavy_flood_dup0_s20260625_nonbonded,P3-Persist,m12_heavy_flood_dup0_s20260625,nonbonded,102569,PRIVPROBE:0,host_scan,504,False,0,reserve
m12_heavy_flood_dup0_s20260625_nonbonded,P3-Persist,m12_heavy_flood_dup0_s20260625,nonbonded,103707,PRIVPROBE:0,host_scan,504,False,0,reserve
m12_heavy_flood_dup0_s20260625_nonbonded,P3-Persist,m12_heavy_flood_dup0_s20260625,nonbonded,104789,PRIVPROBE:0,host_scan,504,False,0,reserve
m12_heavy_flood_dup0_s20260625_nonbonded,P3-Persist,m12_heavy_flood_dup0_s20260625,nonbonded,105937,PRIVPROBE:0,host_scan,504,False,0,reserve
m12_heavy_flood_dup0_s20260625_nonbonded,P3-Persist,m12_heavy_flood_dup0_s20260625,nonbonded,107062,PRIVPROBE:0,host_scan,504,False,0,reserve
m12_heavy_flood_dup0_s20260625_nonbonded,P3-Persist,m12_heavy_flood_dup0_s20260625,nonbonded,108136,PRIVPROBE:0,host_scan,504,False,0,reserve
m12_heavy_flood_dup0_s20260625_nonbonded,P3-Persist,m12_heavy_flood_dup0_s20260625,nonbonded,109201,PRIVPROBE:0,host_scan,504,False,0,reserve
m12_heavy_flood_dup0_s20260625_nonbonded,P3-Persist,m12_heavy_flood_dup0_s20260625,nonbonded,110287,PRIVPROBE:0,host_scan,504,False,0,reserve
m12_heavy_flood_dup0_s20260625_nonbonded,P3-Persist,m12_heavy_flood_dup0_s20260625,nonbonded,111319,PRIVPROBE:0,host_scan,504,False,0,reserve
m12_heavy_flood_dup0_s20260625_nonbonded,P3-Persist,m12_heavy_flood_dup0_s20260625,nonbonded,112368,PRIVPROBE:0,host_scan,504,False,0,reserve
m12_heavy_flood_dup0_s20260625_nonbonded,P3-Persist,m12_heavy_flood_dup0_s20260625,nonbonded,113486,PRIVPROBE:0,host_scan,504,False,0,reserve
m12_heavy_flood_dup0_s20260625_nonbonded,P3-Persist,m12_heavy_flood_dup0_s20260625,nonbonded,114631,PRIVPROBE:0,host_scan,504,False,0,reserve
m12_heavy_flood_dup0_s20260625_nonbonded,P3-Persist,m12_heavy_flood_dup0_s20260625,nonbonded,115778,PRIVPROBE:0,host_scan,504,False,0,reserve
m12_heavy_flood_dup0_s20260625_nonbonded,P3-Persist,m12_heavy_flood_dup0_s20260625,nonbonded,116859,PRIVPROBE:0,host_scan,504,False,0,reserve
m12_heavy_flood_dup0_s20260625_nonbonded,P3-Persist,m12_heavy_flood_dup0_s20260625,nonbonded,117975,PRIVPROBE:0,host_scan,504,False,0,reserve
m12_heavy_flood_dup0_s20260625_nonbonded,P3-Persist,m12_heavy_flood_dup0_s20260625,nonbonded,119119,PRIVPROBE:0,host_scan,504,False,0,reserve
m12_heavy_flood_dup0_s20260625_nonbonded,P3-Persist,m12_heavy_flood_dup0_s20260625,nonbonded,120239,PRIVPROBE:0,host_scan,504,False,0,reserve
m12_heavy_flood_dup0_s20260625_nonbonded,P3-Persist,m12_heavy_flood_dup0_s20260625,nonbonded,121304,PRIVPROBE:0,host_scan,504,False,0,reserve
m12_heavy_flood_dup0_s20260625_nonbonded,P3-Persist,m12_heavy_flood_dup0_s20260625,nonbonded,122506,PRIVPROBE:0,host_scan,504,False,0,reserve
m12_heavy_flood_dup0_s20260625_nonbonded,P3-Persist,m12_heavy_flood_dup0_s20260625,nonbonded,123576,PRIVPROBE:0,host_scan,504,False,0,reserve
m12_heavy_flood_dup0_s20260625_nonbonded,P3-Persist,m12_heavy_flood_dup0_s20260625,nonbonded,124700,PRIVPROBE:0,host_scan,504,False,0,reserve
m12_heavy_flood_dup0_s20260625_nonbonded,P3-Persist,m12_heavy_flood_dup0_s20260625,nonbonded,125852,PRIVPROBE:0,host_scan,504,False,0,reserve
m12_heavy_flood_dup0_s20260625_nonbonded,P3-Persist,m12_heavy_flood_dup0_s20260625,nonbonded,127005,PRIVPROBE:0,host_scan,504,False,0,reserve
m12_heavy_flood_dup0_s20260625_nonbonded,P3-Persist,m12_heavy_flood_dup0_s20260625,nonbonded,128011,PRIVPROBE:0,host_scan,504,False,0,reserve
m12_heavy_flood_dup0_s20260625_nonbonded,P3-Persist,m12_heavy_flood_dup0_s20260625,nonbonded,129083,PRIVPROBE:0,host_scan,504,False,0,reserve
m12_heavy_flood_dup0_s20260625_nonbonded,P3-Persist,m12_heavy_flood_dup0_s20260625,nonbonded,130217,PRIVPROBE:0,host_scan,504,False,0,reserve
m12_heavy_flood_dup0_s20260625_nonbonded,P3-Persist,m12_heavy_flood_dup0_s20260625,nonbonded,131281,PRIVPROBE:0,host_scan,504,False,0,reserve
m12_heavy_flood_dup0_s20260625_nonbonded,P3-Persist,m12_heavy_flood_dup0_s20260625,nonbonded,132430,PRIVPROBE:0,host_scan,504,False,0,reserve
m12_heavy_flood_dup0_s20260625_nonbonded,P3-Persist,m12_heavy_flood_dup0_s20260625,nonbonded,133566,PRIVPROBE:0,host_scan,504,False,0,reserve
m12_heavy_flood_dup0_s20260625_nonbonded,P3-Persist,m12_heavy_flood_dup0_s20260625,nonbonded,134652,PRIVPROBE:0,host_scan,504,False,0,reserve
m12_heavy_flood_dup0_s20260625_nonbonded,P3-Persist,m12_heavy_flood_dup0_s20260625,nonbonded,135746,PRIVPROBE:0,host_scan,504,False,0,reserve
m12_heavy_flood_dup0_s20260625_nonbonded,P3-Persist,m12_heavy_flood_dup0_s20260625,nonbonded,136840,PRIVPROBE:0,host_scan,504,False,0,reserve
m12_heavy_flood_dup0_s20260625_nonbonded,P3-Persist,m12_heavy_flood_dup0_s20260625,nonbonded,137977,PRIVPROBE:0,host_scan,504,False,0,reserve
m12_heavy_flood_dup0_s20260625_nonbonded,P3-Persist,m12_heavy_flood_dup0_s20260625,nonbonded,139095,PRIVPROBE:0,host_scan,504,False,0,reserve
m12_heavy_flood_dup0_s20260625_nonbonded,P3-Persist,m12_heavy_flood_dup0_s20260625,nonbonded,140186,PRIVPROBE:0,host_scan,504,False,0,reserve
m12_heavy_flood_dup0_s20260625_nonbonded,P3-Persist,m12_heavy_flood_dup0_s20260625,nonbonded,141212,PRIVPROBE:0,host_scan,504,False,0,reserve
m12_heavy_flood_dup0_s20260625_nonbonded,P3-Persist,m12_heavy_flood_dup0_s20260625,nonbonded,142259,PRIVPROBE:0,host_scan,504,False,0,reserve
m12_heavy_flood_dup0_s20260625_nonbonded,P3-Persist,m12_heavy_flood_dup0_s20260625,nonbonded,143398,PRIVPROBE:0,host_scan,504,False,0,reserve
m12_heavy_flood_dup0_s20260625_nonbonded,P3-Persist,m12_heavy_flood_dup0_s20260625,nonbonded,144521,PRIVPROBE:0,host_scan,504,False,0,reserve
m12_heavy_flood_dup0_s20260625_nonbonded,P3-Persist,m12_heavy_flood_dup0_s20260625,nonbonded,145668,PRIVPROBE:0,host_scan,504,False,0,reserve
m12_heavy_flood_dup0_s20260625_nonbonded,P3-Persist,m12_heavy_flood_dup0_s20260625,nonbonded,146760,PRIVPROBE:0,host_scan,504,False,0,reserve
m12_heavy_flood_dup0_s20260625_nonbonded,P3-Persist,m12_heavy_flood_dup0_s20260625,nonbonded,147899,PRIVPROBE:0,host_scan,504,False,0,reserve
m12_heavy_flood_dup0_s20260625_nonbonded,P3-Persist,m12_heavy_flood_dup0_s20260625,nonbonded,149060,PRIVPROBE:0,host_scan,504,False,0,reserve
m12_heavy_flood_dup0_s20260625_nonbonded,P3-Persist,m12_heavy_flood_dup0_s20260625,nonbonded,150165,PRIVPROBE:0,host_scan,504,False,0,reserve
m12_heavy_flood_dup0_s20260625_nonbonded,P3-Persist,m12_heavy_flood_dup0_s20260625,nonbonded,151253,PRIVPROBE:0,host_scan,504,False,0,reserve
m12_heavy_flood_dup0_s20260625_nonbonded,P3-Persist,m12_heavy_flood_dup0_s20260625,nonbonded,152364,PRIVPROBE:0,host_scan,504,False,0,reserve
m12_heavy_flood_dup0_s20260625_nonbonded,P3-Persist,m12_heavy_flood_dup0_s20260625,nonbonded,153488,PRIVPROBE:0,host_scan,504,False,0,reserve
m12_heavy_flood_dup0_s20260625_nonbonded,P3-Persist,m12_heavy_flood_dup0_s20260625,nonbonded,154538,PRIVPROBE:0,host_scan,504,False,0,reserve
m12_heavy_flood_dup0_s20260625_nonbonded,P3-Persist,m12_heavy_flood_dup0_s20260625,nonbonded,155700,PRIVPROBE:0,host_scan,504,False,0,reserve
m12_heavy_flood_dup0_s20260625_nonbonded,P3-Persist,m12_heavy_flood_dup0_s20260625,nonbonded,156739,PRIVPROBE:0,host_scan,504,False,0,reserve
m12_heavy_flood_dup0_s20260625_nonbonded,P3-Persist,m12_heavy_flood_dup0_s20260625,nonbonded,157785,PRIVPROBE:0,host_scan,504,False,0,reserve
m12_heavy_flood_dup0_s20260625_nonbonded,P3-Persist,m12_heavy_flood_dup0_s20260625,nonbonded,158980,PRIVPROBE:0,host_scan,504,False,0,reserve
m12_heavy_flood_dup0_s20260625_nonbonded,P3-Persist,m12_heavy_flood_dup0_s20260625,nonbonded,160045,PRIVPROBE:0,host_scan,504,False,0,reserve
m12_heavy_flood_dup0_s20260625_nonbonded,P3-Persist,m12_heavy_flood_dup0_s20260625,nonbonded,161132,PRIVPROBE:0,host_scan,504,False,0,reserve
m12_heavy_flood_dup0_s20260625_nonbonded,P3-Persist,m12_heavy_flood_dup0_s20260625,nonbonded,162279,PRIVPROBE:0,host_scan,504,False,0,reserve
m12_heavy_flood_dup0_s20260625_nonbonded,P3-Persist,m12_heavy_flood_dup0_s20260625,nonbonded,163413,PRIVPROBE:0,host_scan,504,False,0,reserve
m12_heavy_flood_dup0_s20260625_nonbonded,P3-Persist,m12_heavy_flood_dup0_s20260625,nonbonded,164546,PRIVPROBE:0,host_scan,504,False,0,reserve
m12_heavy_flood_dup0_s20260625_nonbonded,P3-Persist,m12_heavy_flood_dup0_s20260625,nonbonded,165623,PRIVPROBE:0,host_scan,504,False,0,reserve
m12_heavy_flood_dup0_s20260625_nonbonded,P3-Persist,m12_heavy_flood_dup0_s20260625,nonbonded,166740,PRIVPROBE:0,host_scan,504,False,0,reserve
m12_heavy_flood_dup0_s20260625_nonbonded,P3-Persist,m12_heavy_flood_dup0_s20260625,nonbonded,167894,PRIVPROBE:0,host_scan,504,False,0,reserve
m12_heavy_flood_dup0_s20260625_nonbonded,P3-Persist,m12_heavy_flood_dup0_s20260625,nonbonded,169016,PRIVPROBE:0,host_scan,504,False,0,reserve
m12_heavy_flood_dup0_s20260625_nonbonded,P3-Persist,m12_heavy_flood_dup0_s20260625,nonbonded,170135,PRIVPROBE:0,host_scan,504,False,0,reserve
m12_heavy_flood_dup0_s20260625_nonbonded,P3-Persist,m12_heavy_flood_dup0_s20260625,nonbonded,171181,PRIVPROBE:0,host_scan,504,False,0,reserve
m12_heavy_flood_dup0_s20260625_nonbonded,P3-Persist,m12_heavy_flood_dup0_s20260625,nonbonded,172330,PRIVPROBE:0,host_scan,504,False,0,reserve
m12_heavy_flood_dup0_s20260625_nonbonded,P3-Persist,m12_heavy_flood_dup0_s20260625,nonbonded,173588,PRIVPROBE:0,host_scan,504,False,0,reserve
m12_heavy_flood_dup0_s20260625_nonbonded,P3-Persist,m12_heavy_flood_dup0_s20260625,nonbonded,174713,PRIVPROBE:0,host_scan,504,False,0,reserve
m12_heavy_flood_dup0_s20260625_nonbonded,P3-Persist,m12_heavy_flood_dup0_s20260625,nonbonded,175855,PRIVPROBE:0,host_scan,504,False,0,reserve
m12_heavy_flood_dup0_s20260625_nonbonded,P3-Persist,m12_heavy_flood_dup0_s20260625,nonbonded,176934,PRIVPROBE:0,host_scan,504,False,0,reserve
m12_heavy_flood_dup0_s20260625_nonbonded,P3-Persist,m12_heavy_flood_dup0_s20260625,nonbonded,178050,PRIVPROBE:0,host_scan,504,False,0,reserve
m12_heavy_flood_dup0_s20260625_nonbonded,P3-Persist,m12_heavy_flood_dup0_s20260625,nonbonded,179139,PRIVPROBE:0,host_scan,504,False,0,reserve
m12_heavy_flood_dup0_s20260625_nonbonded,P3-Persist,m12_heavy_flood_dup0_s20260625,nonbonded,180229,PRIVPROBE:0,host_scan,504,False,0,reserve
m12_heavy_flood_dup0_s20260625_nonbonded,P3-Persist,m12_heavy_flood_dup0_s20260625,nonbonded,181380,PRIVPROBE:0,host_scan,504,False,0,reserve
m12_heavy_flood_dup0_s20260625_nonbonded,P3-Persist,m12_heavy_flood_dup0_s20260625,nonbonded,182444,PRIVPROBE:0,host_scan,504,False,0,reserve
m12_heavy_flood_dup0_s20260625_nonbonded,P3-Persist,m12_heavy_flood_dup0_s20260625,nonbonded,183565,PRIVPROBE:0,host_scan,504,False,0,reserve
m12_heavy_flood_dup0_s20260625_nonbonded,P3-Persist,m12_heavy_flood_dup0_s20260625,nonbonded,184669,PRIVPROBE:0,host_scan,504,False,0,reserve
m12_heavy_flood_dup0_s20260625_nonbonded,P3-Persist,m12_heavy_flood_dup0_s20260625,nonbonded,185783,PRIVPROBE:0,host_scan,504,False,0,reserve
m12_heavy_flood_dup0_s20260625_nonbonded,P3-Persist,m12_heavy_flood_dup0_s20260625,nonbonded,186901,PRIVPROBE:0,host_scan,504,False,0,reserve
m12_heavy_flood_dup0_s20260625_nonbonded,P3-Persist,m12_heavy_flood_dup0_s20260625,nonbonded,187958,PRIVPROBE:0,host_scan,504,False,0,reserve
m12_heavy_flood_dup0_s20260625_nonbonded,P3-Persist,m12_heavy_flood_dup0_s20260625,nonbonded,189059,PRIVPROBE:0,host_scan,504,False,0,reserve
m12_heavy_flood_dup0_s20260625_nonbonded,P3-Persist,m12_heavy_flood_dup0_s20260625,nonbonded,190163,PRIVPROBE:0,host_scan,504,False,0,reserve
m12_heavy_flood_dup0_s20260625_nonbonded,P3-Persist,m12_heavy_flood_dup0_s20260625,nonbonded,191217,PRIVPROBE:0,host_scan,504,False,0,reserve
m12_heavy_flood_dup0_s20260625_nonbonded,P3-Persist,m12_heavy_flood_dup0_s20260625,nonbonded,192305,PRIVPROBE:0,host_scan,504,False,0,reserve
m12_heavy_flood_dup0_s20260625_nonbonded,P3-Persist,m12_heavy_flood_dup0_s20260625,nonbonded,193441,PRIVPROBE:0,host_scan,504,False,0,reserve
m12_heavy_flood_dup0_s20260625_nonbonded,P3-Persist,m12_heavy_flood_dup0_s20260625,nonbonded,194498,PRIVPROBE:0,host_scan,504,False,0,reserve
m12_heavy_flood_dup0_s20260625_nonbonded,P3-Persist,m12_heavy_flood_dup0_s20260625,nonbonded,195629,PRIVPROBE:0,host_scan,504,False,0,reserve
m12_heavy_flood_dup0_s20260625_nonbonded,P3-Persist,m12_heavy_flood_dup0_s20260625,nonbonded,196781,PRIVPROBE:0,host_scan,504,False,0,reserve
m12_heavy_flood_dup0_s20260625_nonbonded,P3-Persist,m12_heavy_flood_dup0_s20260625,nonbonded,197881,PRIVPROBE:0,host_scan,504,False,0,reserve
m12_heavy_flood_dup0_s20260625_nonbonded,P3-Persist,m12_heavy_flood_dup0_s20260625,nonbonded,199000,PRIVPROBE:0,host_scan,504,False,0,reserve
m12_heavy_flood_dup0_s20260625_nonbonded,P3-Persist,m12_heavy_flood_dup0_s20260625,nonbonded,200091,PRIVPROBE:1,defer,0,True,1000,defer
m12_heavy_flood_dup0_s20260625_nonbonded,P3-Persist,m12_heavy_flood_dup0_s20260625,nonbonded,201208,PRIVPROBE:1,host_scan,504,False,0,reserve
m12_heavy_flood_dup0_s20260625_nonbonded,P3-Persist,m12_heavy_flood_dup0_s20260625,nonbonded,202300,PRIVPROBE:1,host_scan,504,False,0,reserve
m12_heavy_flood_dup0_s20260625_nonbonded,P3-Persist,m12_heavy_flood_dup0_s20260625,nonbonded,203490,PRIVPROBE:1,host_scan,504,False,0,reserve
m12_heavy_flood_dup0_s20260625_nonbonded,P3-Persist,m12_heavy_flood_dup0_s20260625,nonbonded,204606,PRIVPROBE:1,host_scan,504,False,0,reserve
m12_heavy_flood_dup0_s20260625_nonbonded,P3-Persist,m12_heavy_flood_dup0_s20260625,nonbonded,205727,PRIVPROBE:1,host_scan,504,False,0,reserve
m12_heavy_flood_dup0_s20260625_nonbonded,P3-Persist,m12_heavy_flood_dup0_s20260625,nonbonded,206807,PRIVPROBE:1,host_scan,504,False,0,reserve
m12_heavy_flood_dup0_s20260625_nonbonded,P3-Persist,m12_heavy_flood_dup0_s20260625,nonbonded,207938,PRIVPROBE:1,host_scan,504,False,0,reserve
m12_heavy_flood_dup0_s20260625_nonbonded,P3-Persist,m12_heavy_flood_dup0_s20260625,nonbonded,209059,PRIVPROBE:1,host_scan,504,False,0,reserve
m12_heavy_flood_dup0_s20260625_nonbonded,P3-Persist,m12_heavy_flood_dup0_s20260625,nonbonded,210147,PRIVPROBE:1,host_scan,504,False,0,reserve
m12_heavy_flood_dup0_s20260625_nonbonded,P3-Persist,m12_heavy_flood_dup0_s20260625,nonbonded,211234,PRIVPROBE:1,host_scan,504,False,0,reserve
m12_heavy_flood_dup0_s20260625_nonbonded,P3-Persist,m12_heavy_flood_dup0_s20260625,nonbonded,212326,PRIVPROBE:1,host_scan,504,False,0,reserve
m12_heavy_flood_dup0_s20260625_nonbonded,P3-Persist,m12_heavy_flood_dup0_s20260625,nonbonded,213540,PRIVPROBE:1,host_scan,504,False,0,reserve
m12_heavy_flood_dup0_s20260625_nonbonded,P3-Persist,m12_heavy_flood_dup0_s20260625,nonbonded,214617,PRIVPROBE:1,host_scan,504,False,0,reserve
m12_heavy_flood_dup0_s20260625_nonbonded,P3-Persist,m12_heavy_flood_dup0_s20260625,nonbonded,215736,PRIVPROBE:1,host_scan,504,False,0,reserve
m12_heavy_flood_dup0_s20260625_nonbonded,P3-Persist,m12_heavy_flood_dup0_s20260625,nonbonded,216834,PRIVPROBE:1,host_scan,504,False,0,reserve
m12_heavy_flood_dup0_s20260625_nonbonded,P3-Persist,m12_heavy_flood_dup0_s20260625,nonbonded,217876,PRIVPROBE:1,host_scan,504,False,0,reserve
m12_heavy_flood_dup0_s20260625_nonbonded,P3-Persist,m12_heavy_flood_dup0_s20260625,nonbonded,219027,PRIVPROBE:1,host_scan,504,False,0,reserve
m12_heavy_flood_dup0_s20260625_nonbonded,P3-Persist,m12_heavy_flood_dup0_s20260625,nonbonded,220182,PRIVPROBE:1,host_scan,504,False,0,reserve
m12_heavy_flood_dup0_s20260625_nonbonded,P3-Persist,m12_heavy_flood_dup0_s20260625,nonbonded,221307,PRIVPROBE:1,host_scan,504,False,0,reserve
m12_heavy_flood_dup0_s20260625_nonbonded,P3-Persist,m12_heavy_flood_dup0_s20260625,nonbonded,222397,PRIVPROBE:1,host_scan,504,False,0,reserve
m12_heavy_flood_dup0_s20260625_nonbonded,P3-Persist,m12_heavy_flood_dup0_s20260625,nonbonded,223507,PRIVPROBE:1,host_scan,504,False,0,reserve
m12_heavy_flood_dup0_s20260625_nonbonded,P3-Persist,m12_heavy_flood_dup0_s20260625,nonbonded,224618,PRIVPROBE:1,host_scan,504,False,0,reserve
m12_heavy_flood_dup0_s20260625_nonbonded,P3-Persist,m12_heavy_flood_dup0_s20260625,nonbonded,225799,PRIVPROBE:1,host_scan,504,False,0,reserve
m12_heavy_flood_dup0_s20260625_nonbonded,P3-Persist,m12_heavy_flood_dup0_s20260625,nonbonded,226909,PRIVPROBE:1,host_scan,504,False,0,reserve
m12_heavy_flood_dup0_s20260625_nonbonded,P3-Persist,m12_heavy_flood_dup0_s20260625,nonbonded,228002,PRIVPROBE:1,host_scan,504,False,0,reserve
m12_heavy_flood_dup0_s20260625_nonbonded,P3-Persist,m12_heavy_flood_dup0_s20260625,nonbonded,229087,PRIVPROBE:1,host_scan,504,False,0,reserve
m12_heavy_flood_dup0_s20260625_nonbonded,P3-Persist,m12_heavy_flood_dup0_s20260625,nonbonded,230211,PRIVPROBE:1,host_scan,504,False,0,reserve
m12_heavy_flood_dup0_s20260625_nonbonded,P3-Persist,m12_heavy_flood_dup0_s20260625,nonbonded,231335,PRIVPROBE:1,host_scan,504,False,0,reserve
m12_heavy_flood_dup0_s20260625_nonbonded,P3-Persist,m12_heavy_flood_dup0_s20260625,nonbonded,232437,PRIVPROBE:1,host_scan,504,False,0,reserve
m12_heavy_flood_dup0_s20260625_nonbonded,P3-Persist,m12_heavy_flood_dup0_s20260625,nonbonded,233552,PRIVPROBE:1,host_scan,504,False,0,reserve
m12_heavy_flood_dup0_s20260625_nonbonded,P3-Persist,m12_heavy_flood_dup0_s20260625,nonbonded,234658,PRIVPROBE:1,host_scan,504,False,0,reserve
m12_heavy_flood_dup0_s20260625_nonbonded,P3-Persist,m12_heavy_flood_dup0_s20260625,nonbonded,235755,PRIVPROBE:1,host_scan,504,False,0,reserve
m12_heavy_flood_dup0_s20260625_nonbonded,P3-Persist,m12_heavy_flood_dup0_s20260625,nonbonded,236861,PRIVPROBE:1,host_scan,504,False,0,reserve
m12_heavy_flood_dup0_s20260625_nonbonded,P3-Persist,m12_heavy_flood_dup0_s20260625,nonbonded,237964,PRIVPROBE:1,host_scan,504,False,0,reserve
m12_heavy_flood_dup0_s20260625_nonbonded,P3-Persist,m12_heavy_flood_dup0_s20260625,nonbonded,239065,PRIVPROBE:1,host_scan,504,False,0,reserve
m12_heavy_flood_dup0_s20260625_nonbonded,P3-Persist,m12_heavy_flood_dup0_s20260625,nonbonded,240133,PRIVPROBE:1,host_scan,504,False,0,reserve
m12_heavy_flood_dup0_s20260625_nonbonded,P3-Persist,m12_heavy_flood_dup0_s20260625,nonbonded,241194,PRIVPROBE:1,host_scan,504,False,0,reserve
m12_heavy_flood_dup0_s20260625_nonbonded,P3-Persist,m12_heavy_flood_dup0_s20260625,nonbonded,242300,PRIVPROBE:1,host_scan,504,False,0,reserve
m12_heavy_flood_dup0_s20260625_nonbonded,P3-Persist,m12_heavy_flood_dup0_s20260625,nonbonded,243378,PRIVPROBE:1,host_scan,504,False,0,reserve
m12_heavy_flood_dup0_s20260625_nonbonded,P3-Persist,m12_heavy_flood_dup0_s20260625,nonbonded,244511,PRIVPROBE:1,host_scan,504,False,0,reserve
m12_heavy_flood_dup0_s20260625_nonbonded,P3-Persist,m12_heavy_flood_dup0_s20260625,nonbonded,245607,PRIVPROBE:1,host_scan,504,False,0,reserve
m12_heavy_flood_dup0_s20260625_nonbonded,P3-Persist,m12_heavy_flood_dup0_s20260625,nonbonded,246663,PRIVPROBE:1,host_scan,504,False,0,reserve
m12_heavy_flood_dup0_s20260625_nonbonded,P3-Persist,m12_heavy_flood_dup0_s20260625,nonbonded,247799,PRIVPROBE:1,host_scan,504,False,0,reserve
m12_heavy_flood_dup0_s20260625_nonbonded,P3-Persist,m12_heavy_flood_dup0_s20260625,nonbonded,248927,PRIVPROBE:1,host_scan,504,False,0,reserve
m12_heavy_flood_dup0_s20260625_nonbonded,P3-Persist,m12_heavy_flood_dup0_s20260625,nonbonded,250012,PRIVPROBE:1,host_scan,504,False,0,reserve
m12_heavy_flood_dup0_s20260625_nonbonded,P3-Persist,m12_heavy_flood_dup0_s20260625,nonbonded,251098,PRIVPROBE:1,host_scan,504,False,0,reserve
m12_heavy_flood_dup0_s20260625_nonbonded,P3-Persist,m12_heavy_flood_dup0_s20260625,nonbonded,252182,PRIVPROBE:1,host_scan,504,False,0,reserve
m12_heavy_flood_dup0_s20260625_nonbonded,P3-Persist,m12_heavy_flood_dup0_s20260625,nonbonded,253321,PRIVPROBE:1,host_scan,504,False,0,reserve
m12_heavy_flood_dup0_s20260625_nonbonded,P3-Persist,m12_heavy_flood_dup0_s20260625,nonbonded,254474,PRIVPROBE:1,host_scan,504,False,0,reserve
m12_heavy_flood_dup0_s20260625_nonbonded,P3-Persist,m12_heavy_flood_dup0_s20260625,nonbonded,255640,PRIVPROBE:1,host_scan,504,False,0,reserve
m12_heavy_flood_dup0_s20260625_nonbonded,P3-Persist,m12_heavy_flood_dup0_s20260625,nonbonded,256755,PRIVPROBE:1,host_scan,504,False,0,reserve
m12_heavy_flood_dup0_s20260625_nonbonded,P3-Persist,m12_heavy_flood_dup0_s20260625,nonbonded,257854,PRIVPROBE:1,host_scan,504,False,0,reserve
m12_heavy_flood_dup0_s20260625_nonbonded,P3-Persist,m12_heavy_flood_dup0_s20260625,nonbonded,258934,PRIVPROBE:1,host_scan,504,False,0,reserve
m12_heavy_flood_dup0_s20260625_nonbonded,P3-Persist,m12_heavy_flood_dup0_s20260625,nonbonded,260032,PRIVPROBE:1,host_scan,504,False,0,reserve
m12_heavy_flood_dup0_s20260625_nonbonded,P3-Persist,m12_heavy_flood_dup0_s20260625,nonbonded,261189,PRIVPROBE:1,host_scan,504,False,0,reserve
m12_heavy_flood_dup0_s20260625_nonbonded,P3-Persist,m12_heavy_flood_dup0_s20260625,nonbonded,262338,PRIVPROBE:1,host_scan,504,False,0,reserve
m12_heavy_flood_dup0_s20260625_nonbonded,P3-Persist,m12_heavy_flood_dup0_s20260625,nonbonded,263467,PRIVPROBE:1,host_scan,504,False,0,reserve
m12_heavy_flood_dup0_s20260625_nonbonded,P3-Persist,m12_heavy_flood_dup0_s20260625,nonbonded,264616,PRIVPROBE:1,host_scan,504,False,0,reserve
m12_heavy_flood_dup0_s20260625_nonbonded,P3-Persist,m12_heavy_flood_dup0_s20260625,nonbonded,265760,PRIVPROBE:1,host_scan,504,False,0,reserve
m12_heavy_flood_dup0_s20260625_nonbonded,P3-Persist,m12_heavy_flood_dup0_s20260625,nonbonded,266893,PRIVPROBE:1,host_scan,504,False,0,reserve
m12_heavy_flood_dup0_s20260625_nonbonded,P3-Persist,m12_heavy_flood_dup0_s20260625,nonbonded,267959,PRIVPROBE:1,host_scan,504,False,0,reserve
m12_heavy_flood_dup0_s20260625_nonbonded,P3-Persist,m12_heavy_flood_dup0_s20260625,nonbonded,269120,PRIVPROBE:1,host_scan,504,False,0,reserve
m12_heavy_flood_dup0_s20260625_nonbonded,P3-Persist,m12_heavy_flood_dup0_s20260625,nonbonded,270237,PRIVPROBE:1,host_scan,504,False,0,reserve
m12_heavy_flood_dup0_s20260625_nonbonded,P3-Persist,m12_heavy_flood_dup0_s20260625,nonbonded,271351,PRIVPROBE:1,host_scan,504,False,0,reserve
m12_heavy_flood_dup0_s20260625_nonbonded,P3-Persist,m12_heavy_flood_dup0_s20260625,nonbonded,272484,PRIVPROBE:1,host_scan,504,False,0,reserve
m12_heavy_flood_dup0_s20260625_nonbonded,P3-Persist,m12_heavy_flood_dup0_s20260625,nonbonded,273585,PRIVPROBE:1,host_scan,504,False,0,reserve
m12_heavy_flood_dup0_s20260625_nonbonded,P3-Persist,m12_heavy_flood_dup0_s20260625,nonbonded,274738,PRIVPROBE:1,host_scan,504,False,0,reserve
m12_heavy_flood_dup0_s20260625_nonbonded,P3-Persist,m12_heavy_flood_dup0_s20260625,nonbonded,275880,PRIVPROBE:1,host_scan,504,False,0,reserve
m12_heavy_flood_dup0_s20260625_nonbonded,P3-Persist,m12_heavy_flood_dup0_s20260625,nonbonded,276994,PRIVPROBE:1,host_scan,504,False,0,reserve
m12_heavy_flood_dup0_s20260625_nonbonded,P3-Persist,m12_heavy_flood_dup0_s20260625,nonbonded,278065,PRIVPROBE:1,host_scan,504,False,0,reserve
m12_heavy_flood_dup0_s20260625_nonbonded,P3-Persist,m12_heavy_flood_dup0_s20260625,nonbonded,279214,PRIVPROBE:1,host_scan,504,False,0,reserve
m12_heavy_flood_dup0_s20260625_nonbonded,P3-Persist,m12_heavy_flood_dup0_s20260625,nonbonded,280435,PRIVPROBE:1,host_scan,504,False,0,reserve
m12_heavy_flood_dup0_s20260625_nonbonded,P3-Persist,m12_heavy_flood_dup0_s20260625,nonbonded,281515,PRIVPROBE:1,host_scan,504,False,0,reserve
m12_heavy_flood_dup0_s20260625_nonbonded,P3-Persist,m12_heavy_flood_dup0_s20260625,nonbonded,282610,PRIVPROBE:1,host_scan,504,False,0,reserve
m12_heavy_flood_dup0_s20260625_nonbonded,P3-Persist,m12_heavy_flood_dup0_s20260625,nonbonded,283734,PRIVPROBE:1,host_scan,504,False,0,reserve
m12_heavy_flood_dup0_s20260625_nonbonded,P3-Persist,m12_heavy_flood_dup0_s20260625,nonbonded,284825,PRIVPROBE:1,host_scan,504,False,0,reserve
m12_heavy_flood_dup0_s20260625_nonbonded,P3-Persist,m12_heavy_flood_dup0_s20260625,nonbonded,285942,PRIVPROBE:1,host_scan,504,False,0,reserve
m12_heavy_flood_dup0_s20260625_nonbonded,P3-Persist,m12_heavy_flood_dup0_s20260625,nonbonded,287009,PRIVPROBE:1,host_scan,504,False,0,reserve
m12_heavy_flood_dup0_s20260625_nonbonded,P3-Persist,m12_heavy_flood_dup0_s20260625,nonbonded,288162,PRIVPROBE:1,host_scan,504,False,0,reserve
m12_heavy_flood_dup0_s20260625_nonbonded,P3-Persist,m12_heavy_flood_dup0_s20260625,nonbonded,289327,PRIVPROBE:1,host_scan,504,False,0,reserve
m12_heavy_flood_dup0_s20260625_nonbonded,P3-Persist,m12_heavy_flood_dup0_s20260625,nonbonded,290426,PRIVPROBE:1,host_scan,504,False,0,reserve
m12_heavy_flood_dup0_s20260625_nonbonded,P3-Persist,m12_heavy_flood_dup0_s20260625,nonbonded,291534,PRIVPROBE:1,host_scan,504,False,0,reserve
m12_heavy_flood_dup0_s20260625_nonbonded,P3-Persist,m12_heavy_flood_dup0_s20260625,nonbonded,292677,PRIVPROBE:1,host_scan,504,False,0,reserve
m12_heavy_flood_dup0_s20260625_nonbonded,P3-Persist,m12_heavy_flood_dup0_s20260625,nonbonded,293749,PRIVPROBE:1,host_scan,504,False,0,reserve
m12_heavy_flood_dup0_s20260625_nonbonded,P3-Persist,m12_heavy_flood_dup0_s20260625,nonbonded,294880,PRIVPROBE:1,host_scan,504,False,0,reserve
m12_heavy_flood_dup0_s20260625_nonbonded,P3-Persist,m12_heavy_flood_dup0_s20260625,nonbonded,296023,PRIVPROBE:1,host_scan,504,False,0,reserve
m12_heavy_flood_dup0_s20260625_nonbonded,P3-Persist,m12_heavy_flood_dup0_s20260625,nonbonded,297073,PRIVPROBE:1,host_scan,504,False,0,reserve
m12_heavy_flood_dup0_s20260625_nonbonded,P3-Persist,m12_heavy_flood_dup0_s20260625,nonbonded,298179,PRIVPROBE:1,host_scan,504,False,0,reserve
m12_heavy_flood_dup0_s20260625_nonbonded,P3-Persist,m12_heavy_flood_dup0_s20260625,nonbonded,299244,PRIVPROBE:1,host_scan,504,False,0,reserve
m12_heavy_flood_dup0_s20260625_nonbonded,P3-Persist,m12_heavy_flood_dup0_s20260625,nonbonded,300371,PRIVPROBE:1,host_scan,504,False,0,reserve
m12_heavy_flood_dup0_s20260625_nonbonded,P3-Persist,m12_heavy_flood_dup0_s20260625,nonbonded,301529,PRIVPROBE:1,host_scan,504,False,0,reserve
m12_heavy_flood_dup0_s20260625_nonbonded,P3-Persist,m12_heavy_flood_dup0_s20260625,nonbonded,302618,PRIVPROBE:1,host_scan,504,False,0,reserve
m12_heavy_flood_dup0_s20260625_nonbonded,P3-Persist,m12_heavy_flood_dup0_s20260625,nonbonded,303713,PRIVPROBE:1,host_scan,504,False,0,reserve
m12_heavy_flood_dup0_s20260625_nonbonded,P3-Persist,m12_heavy_flood_dup0_s20260625,nonbonded,304828,PRIVPROBE:1,host_scan,504,False,0,reserve
m12_heavy_flood_dup0_s20260625_nonbonded,P3-Persist,m12_heavy_flood_dup0_s20260625,nonbonded,305899,PRIVPROBE:1,host_scan,504,False,0,reserve
m12_heavy_flood_dup0_s20260625_nonbonded,P3-Persist,m12_heavy_flood_dup0_s20260625,nonbonded,306989,PRIVPROBE:1,host_scan,504,False,0,reserve
m12_heavy_flood_dup0_s20260625_nonbonded,P3-Persist,m12_heavy_flood_dup0_s20260625,nonbonded,308102,PRIVPROBE:1,host_scan,504,False,0,reserve
m12_heavy_flood_dup0_s20260625_nonbonded,P3-Persist,m12_heavy_flood_dup0_s20260625,nonbonded,309193,PRIVPROBE:1,host_scan,504,False,0,reserve
m12_heavy_flood_dup0_s20260625_nonbonded,P3-Persist,m12_heavy_flood_dup0_s20260625,nonbonded,310290,PRIVPROBE:1,host_scan,504,False,0,reserve
m12_heavy_flood_dup0_s20260625_nonbonded,P3-Persist,m12_heavy_flood_dup0_s20260625,nonbonded,311361,PRIVPROBE:1,host_scan,504,False,0,reserve
m12_heavy_flood_dup0_s20260625_nonbonded,P3-Persist,m12_heavy_flood_dup0_s20260625,nonbonded,312464,PRIVPROBE:1,host_scan,504,False,0,reserve
m12_heavy_flood_dup0_s20260625_nonbonded,P3-Persist,m12_heavy_flood_dup0_s20260625,nonbonded,313600,PRIVPROBE:1,host_scan,504,False,0,reserve
m12_heavy_flood_dup0_s20260625_nonbonded,P3-Persist,m12_heavy_flood_dup0_s20260625,nonbonded,314767,PRIVPROBE:1,host_scan,504,False,0,reserve
m12_heavy_flood_dup0_s20260625_nonbonded,P3-Persist,m12_heavy_flood_dup0_s20260625,nonbonded,315882,PRIVPROBE:1,host_scan,504,False,0,reserve
m12_heavy_flood_dup0_s20260625_nonbonded,P3-Persist,m12_heavy_flood_dup0_s20260625,nonbonded,317006,PRIVPROBE:1,host_scan,504,False,0,reserve
m12_heavy_flood_dup0_s20260625_nonbonded,P3-Persist,m12_heavy_flood_dup0_s20260625,nonbonded,318143,PRIVPROBE:1,host_scan,504,False,0,reserve
m12_heavy_flood_dup0_s20260625_nonbonded,P3-Persist,m12_heavy_flood_dup0_s20260625,nonbonded,319285,PRIVPROBE:1,host_scan,504,False,0,reserve
m12_heavy_flood_dup0_s20260625_nonbonded,P3-Persist,m12_heavy_flood_dup0_s20260625,nonbonded,320394,PRIVPROBE:1,host_scan,504,False,0,reserve
m12_heavy_flood_dup0_s20260625_nonbonded,P3-Persist,m12_heavy_flood_dup0_s20260625,nonbonded,321536,PRIVPROBE:1,host_scan,504,False,0,reserve
m12_heavy_flood_dup0_s20260625_nonbonded,P3-Persist,m12_heavy_flood_dup0_s20260625,nonbonded,322656,PRIVPROBE:1,host_scan,504,False,0,reserve
m12_heavy_flood_dup0_s20260625_nonbonded,P3-Persist,m12_heavy_flood_dup0_s20260625,nonbonded,323801,PRIVPROBE:1,host_scan,504,False,0,reserve
m12_heavy_flood_dup0_s20260625_nonbonded,P3-Persist,m12_heavy_flood_dup0_s20260625,nonbonded,324893,PRIVPROBE:1,host_scan,504,False,0,reserve
m12_heavy_flood_dup0_s20260625_nonbonded,P3-Persist,m12_heavy_flood_dup0_s20260625,nonbonded,325977,PRIVPROBE:1,host_scan,504,False,0,reserve
m12_heavy_flood_dup0_s20260625_nonbonded,P3-Persist,m12_heavy_flood_dup0_s20260625,nonbonded,327097,PRIVPROBE:1,host_scan,504,False,0,reserve
m12_heavy_flood_dup0_s20260625_nonbonded,P3-Persist,m12_heavy_flood_dup0_s20260625,nonbonded,328212,PRIVPROBE:1,host_scan,504,False,0,reserve
m12_heavy_flood_dup0_s20260625_nonbonded,P3-Persist,m12_heavy_flood_dup0_s20260625,nonbonded,329328,PRIVPROBE:1,host_scan,504,False,0,reserve
m12_heavy_flood_dup0_s20260625_nonbonded,P3-Persist,m12_heavy_flood_dup0_s20260625,nonbonded,330482,PRIVPROBE:1,host_scan,504,False,0,reserve
m12_heavy_flood_dup0_s20260625_nonbonded,P3-Persist,m12_heavy_flood_dup0_s20260625,nonbonded,331537,PRIVPROBE:1,host_scan,504,False,0,reserve
m12_heavy_flood_dup0_s20260625_nonbonded,P3-Persist,m12_heavy_flood_dup0_s20260625,nonbonded,332658,PRIVPROBE:1,host_scan,504,False,0,reserve
m12_heavy_flood_dup0_s20260625_nonbonded,P3-Persist,m12_heavy_flood_dup0_s20260625,nonbonded,333718,PRIVPROBE:1,host_scan,504,False,0,reserve
m12_heavy_flood_dup0_s20260625_nonbonded,P3-Persist,m12_heavy_flood_dup0_s20260625,nonbonded,334899,PRIVPROBE:1,host_scan,504,False,0,reserve
m12_heavy_flood_dup0_s20260625_nonbonded,P3-Persist,m12_heavy_flood_dup0_s20260625,nonbonded,336041,PRIVPROBE:1,host_scan,504,False,0,reserve
m12_heavy_flood_dup0_s20260625_nonbonded,P3-Persist,m12_heavy_flood_dup0_s20260625,nonbonded,337160,PRIVPROBE:1,host_scan,504,False,0,reserve
m12_heavy_flood_dup0_s20260625_nonbonded,P3-Persist,m12_heavy_flood_dup0_s20260625,nonbonded,338273,PRIVPROBE:1,host_scan,504,False,0,reserve
m12_heavy_flood_dup0_s20260625_nonbonded,P3-Persist,m12_heavy_flood_dup0_s20260625,nonbonded,339385,PRIVPROBE:1,host_scan,504,False,0,reserve
m12_heavy_flood_dup0_s20260625_nonbonded,P3-Persist,m12_heavy_flood_dup0_s20260625,nonbonded,340507,PRIVPROBE:1,host_scan,504,False,0,reserve
m12_heavy_flood_dup0_s20260625_nonbonded,P3-Persist,m12_heavy_flood_dup0_s20260625,nonbonded,341662,PRIVPROBE:1,host_scan,504,False,0,reserve
m12_heavy_flood_dup0_s20260625_nonbonded,P3-Persist,m12_heavy_flood_dup0_s20260625,nonbonded,342739,PRIVPROBE:1,host_scan,504,False,0,reserve
m12_heavy_flood_dup0_s20260625_nonbonded,P3-Persist,m12_heavy_flood_dup0_s20260625,nonbonded,343808,PRIVPROBE:1,host_scan,504,False,0,reserve
m12_heavy_flood_dup0_s20260625_nonbonded,P3-Persist,m12_heavy_flood_dup0_s20260625,nonbonded,344981,PRIVPROBE:1,host_scan,504,False,0,reserve
m12_heavy_flood_dup0_s20260625_nonbonded,P3-Persist,m12_heavy_flood_dup0_s20260625,nonbonded,346040,PRIVPROBE:1,host_scan,504,False,0,reserve
m12_heavy_flood_dup0_s20260625_nonbonded,P3-Persist,m12_heavy_flood_dup0_s20260625,nonbonded,347120,PRIVPROBE:1,host_scan,504,False,0,reserve
m12_heavy_flood_dup0_s20260625_nonbonded,P3-Persist,m12_heavy_flood_dup0_s20260625,nonbonded,348279,PRIVPROBE:1,host_scan,504,False,0,reserve
m12_heavy_flood_dup0_s20260625_nonbonded,P3-Persist,m12_heavy_flood_dup0_s20260625,nonbonded,349377,PRIVPROBE:1,host_scan,504,False,0,reserve
m12_heavy_flood_dup0_s20260625_nonbonded,P3-Persist,m12_heavy_flood_dup0_s20260625,nonbonded,350446,PRIVPROBE:1,host_scan,504,False,0,reserve
m12_heavy_flood_dup0_s20260625_nonbonded,P3-Persist,m12_heavy_flood_dup0_s20260625,nonbonded,351548,PRIVPROBE:1,host_scan,504,False,0,reserve
m12_heavy_flood_dup0_s20260625_nonbonded,P3-Persist,m12_heavy_flood_dup0_s20260625,nonbonded,352666,PRIVPROBE:1,host_scan,504,False,0,reserve
m12_heavy_flood_dup0_s20260625_nonbonded,P3-Persist,m12_heavy_flood_dup0_s20260625,nonbonded,353852,PRIVPROBE:1,host_scan,504,False,0,reserve
m12_heavy_flood_dup0_s20260625_nonbonded,P3-Persist,m12_heavy_flood_dup0_s20260625,nonbonded,354907,PRIVPROBE:1,host_scan,504,False,0,reserve
m12_heavy_flood_dup0_s20260625_nonbonded,P3-Persist,m12_heavy_flood_dup0_s20260625,nonbonded,356049,PRIVPROBE:1,host_scan,504,False,0,reserve
m12_heavy_flood_dup0_s20260625_nonbonded,P3-Persist,m12_heavy_flood_dup0_s20260625,nonbonded,357177,PRIVPROBE:1,host_scan,504,False,0,reserve
m12_heavy_flood_dup0_s20260625_nonbonded,P3-Persist,m12_heavy_flood_dup0_s20260625,nonbonded,358349,PRIVPROBE:1,host_scan,504,False,0,reserve
m12_heavy_flood_dup0_s20260625_nonbonded,P3-Persist,m12_heavy_flood_dup0_s20260625,nonbonded,359456,PRIVPROBE:1,host_scan,504,False,0,reserve
m12_heavy_flood_dup0_s20260625_nonbonded,P3-Persist,m12_heavy_flood_dup0_s20260625,nonbonded,360559,PRIVPROBE:1,host_scan,504,False,0,reserve
m12_heavy_flood_dup0_s20260625_nonbonded,P3-Persist,m12_heavy_flood_dup0_s20260625,nonbonded,361615,PRIVPROBE:1,host_scan,504,False,0,reserve
m12_heavy_flood_dup0_s20260625_nonbonded,P3-Persist,m12_heavy_flood_dup0_s20260625,nonbonded,362703,PRIVPROBE:1,host_scan,504,False,0,reserve
m12_heavy_flood_dup0_s20260625_nonbonded,P3-Persist,m12_heavy_flood_dup0_s20260625,nonbonded,363814,PRIVPROBE:1,host_scan,504,False,0,reserve
m12_heavy_flood_dup0_s20260625_nonbonded,P3-Persist,m12_heavy_flood_dup0_s20260625,nonbonded,364951,PRIVPROBE:1,host_scan,504,False,0,reserve
m12_heavy_flood_dup0_s20260625_nonbonded,P3-Persist,m12_heavy_flood_dup0_s20260625,nonbonded,366023,PRIVPROBE:1,host_scan,504,False,0,reserve
m12_heavy_flood_dup0_s20260625_nonbonded,P3-Persist,m12_heavy_flood_dup0_s20260625,nonbonded,367235,PRIVPROBE:1,host_scan,504,False,0,reserve
m12_heavy_flood_dup0_s20260625_nonbonded,P3-Persist,m12_heavy_flood_dup0_s20260625,nonbonded,368354,PRIVPROBE:1,host_scan,504,False,0,reserve
m12_heavy_flood_dup0_s20260625_nonbonded,P3-Persist,m12_heavy_flood_dup0_s20260625,nonbonded,369474,PRIVPROBE:1,host_scan,504,False,0,reserve
m12_heavy_flood_dup0_s20260625_nonbonded,P3-Persist,m12_heavy_flood_dup0_s20260625,nonbonded,370590,PRIVPROBE:1,host_scan,504,False,0,reserve
m12_heavy_flood_dup0_s20260625_nonbonded,P3-Persist,m12_heavy_flood_dup0_s20260625,nonbonded,371665,PRIVPROBE:1,host_scan,504,False,0,reserve
m12_heavy_flood_dup0_s20260625_nonbonded,P3-Persist,m12_heavy_flood_dup0_s20260625,nonbonded,372816,PRIVPROBE:1,host_scan,504,False,0,reserve
m12_heavy_flood_dup0_s20260625_nonbonded,P3-Persist,m12_heavy_flood_dup0_s20260625,nonbonded,373941,PRIVPROBE:1,host_scan,504,False,0,reserve
m12_heavy_flood_dup0_s20260625_nonbonded,P3-Persist,m12_heavy_flood_dup0_s20260625,nonbonded,375092,PRIVPROBE:1,host_scan,504,False,0,reserve
m12_heavy_flood_dup0_s20260625_nonbonded,P3-Persist,m12_heavy_flood_dup0_s20260625,nonbonded,376173,PRIVPROBE:1,host_scan,504,False,0,reserve
m12_heavy_flood_dup0_s20260625_nonbonded,P3-Persist,m12_heavy_flood_dup0_s20260625,nonbonded,377278,PRIVPROBE:1,host_scan,504,False,0,reserve
m12_heavy_flood_dup0_s20260625_nonbonded,P3-Persist,m12_heavy_flood_dup0_s20260625,nonbonded,378393,PRIVPROBE:1,host_scan,504,False,0,reserve
m12_heavy_flood_dup0_s20260625_nonbonded,P3-Persist,m12_heavy_flood_dup0_s20260625,nonbonded,379558,PRIVPROBE:1,host_scan,504,False,0,reserve
m12_heavy_flood_dup0_s20260625_nonbonded,P3-Persist,m12_heavy_flood_dup0_s20260625,nonbonded,380700,PRIVPROBE:1,host_scan,504,False,0,reserve
m12_heavy_flood_dup0_s20260625_nonbonded,P3-Persist,m12_heavy_flood_dup0_s20260625,nonbonded,381803,PRIVPROBE:1,host_scan,504,False,0,reserve
m12_heavy_flood_dup0_s20260625_nonbonded,P3-Persist,m12_heavy_flood_dup0_s20260625,nonbonded,382918,PRIVPROBE:1,host_scan,504,False,0,reserve
m12_heavy_flood_dup0_s20260625_nonbonded,P3-Persist,m12_heavy_flood_dup0_s20260625,nonbonded,383985,PRIVPROBE:1,host_scan,504,False,0,reserve
m12_heavy_flood_dup0_s20260625_nonbonded,P3-Persist,m12_heavy_flood_dup0_s20260625,nonbonded,385191,PRIVPROBE:1,host_scan,504,False,0,reserve
m12_heavy_flood_dup0_s20260625_nonbonded,P3-Persist,m12_heavy_flood_dup0_s20260625,nonbonded,386346,PRIVPROBE:1,host_scan,504,False,0,reserve
m12_heavy_flood_dup0_s20260625_nonbonded,P3-Persist,m12_heavy_flood_dup0_s20260625,nonbonded,387440,PRIVPROBE:1,host_scan,504,False,0,reserve
m12_heavy_flood_dup0_s20260625_nonbonded,P3-Persist,m12_heavy_flood_dup0_s20260625,nonbonded,388585,PRIVPROBE:1,host_scan,504,False,0,reserve
m12_heavy_flood_dup0_s20260625_nonbonded,P3-Persist,m12_heavy_flood_dup0_s20260625,nonbonded,389679,PRIVPROBE:1,host_scan,504,False,0,reserve
m12_heavy_flood_dup0_s20260625_nonbonded,P3-Persist,m12_heavy_flood_dup0_s20260625,nonbonded,390838,PRIVPROBE:1,host_scan,504,False,0,reserve
m12_heavy_flood_dup0_s20260625_nonbonded,P3-Persist,m12_heavy_flood_dup0_s20260625,nonbonded,391965,PRIVPROBE:1,host_scan,504,False,0,reserve
m12_heavy_flood_dup0_s20260625_nonbonded,P3-Persist,m12_heavy_flood_dup0_s20260625,nonbonded,393060,PRIVPROBE:1,host_scan,504,False,0,reserve
m12_heavy_flood_dup0_s20260625_nonbonded,P3-Persist,m12_heavy_flood_dup0_s20260625,nonbonded,394154,PRIVPROBE:1,host_scan,504,False,0,reserve
m12_heavy_flood_dup0_s20260625_nonbonded,P3-Persist,m12_heavy_flood_dup0_s20260625,nonbonded,395245,PRIVPROBE:1,host_scan,504,False,0,reserve
m12_heavy_flood_dup0_s20260625_nonbonded,P3-Persist,m12_heavy_flood_dup0_s20260625,nonbonded,396359,PRIVPROBE:1,host_scan,504,False,0,reserve
m12_heavy_flood_dup0_s20260625_nonbonded,P3-Persist,m12_heavy_flood_dup0_s20260625,nonbonded,397406,PRIVPROBE:1,host_scan,504,False,0,reserve
m12_heavy_flood_dup0_s20260625_nonbonded,P3-Persist,m12_heavy_flood_dup0_s20260625,nonbonded,398528,PRIVPROBE:1,host_scan,504,False,0,reserve
m12_heavy_flood_dup0_s20260625_nonbonded,P3-Persist,m12_heavy_flood_dup0_s20260625,nonbonded,399617,PRIVPROBE:1,host_scan,504,False,0,reserve
m12_heavy_flood_dup0_s20260625_nonbonded,P3-NoPersist,m12_heavy_flood_dup0_s20260625,nonbonded,66893,PRIVPROBE:0,defer,0,True,1000,defer
m12_heavy_flood_dup0_s20260625_nonbonded,P3-NoPersist,m12_heavy_flood_dup0_s20260625,nonbonded,68018,PRIVPROBE:0,defer,0,True,1000,defer
m12_heavy_flood_dup0_s20260625_nonbonded,P3-NoPersist,m12_heavy_flood_dup0_s20260625,nonbonded,69141,PRIVPROBE:0,defer,0,True,1000,defer
m12_heavy_flood_dup0_s20260625_nonbonded,P3-NoPersist,m12_heavy_flood_dup0_s20260625,nonbonded,70297,PRIVPROBE:0,defer,0,True,1000,defer
m12_heavy_flood_dup0_s20260625_nonbonded,P3-NoPersist,m12_heavy_flood_dup0_s20260625,nonbonded,71411,PRIVPROBE:0,defer,0,True,1000,defer
m12_heavy_flood_dup0_s20260625_nonbonded,P3-NoPersist,m12_heavy_flood_dup0_s20260625,nonbonded,72540,PRIVPROBE:0,defer,0,True,1000,defer
m12_heavy_flood_dup0_s20260625_nonbonded,P3-NoPersist,m12_heavy_flood_dup0_s20260625,nonbonded,73656,PRIVPROBE:0,defer,0,True,1000,defer
m12_heavy_flood_dup0_s20260625_nonbonded,P3-NoPersist,m12_heavy_flood_dup0_s20260625,nonbonded,74768,PRIVPROBE:0,defer,0,True,1000,defer
m12_heavy_flood_dup0_s20260625_nonbonded,P3-NoPersist,m12_heavy_flood_dup0_s20260625,nonbonded,75810,PRIVPROBE:0,defer,0,True,1000,defer
m12_heavy_flood_dup0_s20260625_nonbonded,P3-NoPersist,m12_heavy_flood_dup0_s20260625,nonbonded,76881,PRIVPROBE:0,defer,0,True,1000,defer
m12_heavy_flood_dup0_s20260625_nonbonded,P3-NoPersist,m12_heavy_flood_dup0_s20260625,nonbonded,77996,PRIVPROBE:0,defer,0,True,1000,defer
m12_heavy_flood_dup0_s20260625_nonbonded,P3-NoPersist,m12_heavy_flood_dup0_s20260625,nonbonded,79133,PRIVPROBE:0,defer,0,True,1000,defer
m12_heavy_flood_dup0_s20260625_nonbonded,P3-NoPersist,m12_heavy_flood_dup0_s20260625,nonbonded,80281,PRIVPROBE:0,defer,0,True,1000,defer
m12_heavy_flood_dup0_s20260625_nonbonded,P3-NoPersist,m12_heavy_flood_dup0_s20260625,nonbonded,81413,PRIVPROBE:0,defer,0,True,1000,defer
m12_heavy_flood_dup0_s20260625_nonbonded,P3-NoPersist,m12_heavy_flood_dup0_s20260625,nonbonded,82489,PRIVPROBE:0,defer,0,True,1000,defer
m12_heavy_flood_dup0_s20260625_nonbonded,P3-NoPersist,m12_heavy_flood_dup0_s20260625,nonbonded,83562,PRIVPROBE:0,defer,0,True,1000,defer
m12_heavy_flood_dup0_s20260625_nonbonded,P3-NoPersist,m12_heavy_flood_dup0_s20260625,nonbonded,84739,PRIVPROBE:0,defer,0,True,1000,defer
m12_heavy_flood_dup0_s20260625_nonbonded,P3-NoPersist,m12_heavy_flood_dup0_s20260625,nonbonded,85887,PRIVPROBE:0,defer,0,True,1000,defer
m12_heavy_flood_dup0_s20260625_nonbonded,P3-NoPersist,m12_heavy_flood_dup0_s20260625,nonbonded,86972,PRIVPROBE:0,defer,0,True,1000,defer
m12_heavy_flood_dup0_s20260625_nonbonded,P3-NoPersist,m12_heavy_flood_dup0_s20260625,nonbonded,88022,PRIVPROBE:0,defer,0,True,1000,defer
m12_heavy_flood_dup0_s20260625_nonbonded,P3-NoPersist,m12_heavy_flood_dup0_s20260625,nonbonded,89165,PRIVPROBE:0,defer,0,True,1000,defer
m12_heavy_flood_dup0_s20260625_nonbonded,P3-NoPersist,m12_heavy_flood_dup0_s20260625,nonbonded,90234,PRIVPROBE:0,defer,0,True,1000,defer
m12_heavy_flood_dup0_s20260625_nonbonded,P3-NoPersist,m12_heavy_flood_dup0_s20260625,nonbonded,91323,PRIVPROBE:0,defer,0,True,1000,defer
m12_heavy_flood_dup0_s20260625_nonbonded,P3-NoPersist,m12_heavy_flood_dup0_s20260625,nonbonded,92404,PRIVPROBE:0,defer,0,True,1000,defer
m12_heavy_flood_dup0_s20260625_nonbonded,P3-NoPersist,m12_heavy_flood_dup0_s20260625,nonbonded,93582,PRIVPROBE:0,defer,0,True,1000,defer
m12_heavy_flood_dup0_s20260625_nonbonded,P3-NoPersist,m12_heavy_flood_dup0_s20260625,nonbonded,94658,PRIVPROBE:0,defer,0,True,1000,defer
m12_heavy_flood_dup0_s20260625_nonbonded,P3-NoPersist,m12_heavy_flood_dup0_s20260625,nonbonded,95807,PRIVPROBE:0,defer,0,True,1000,defer
m12_heavy_flood_dup0_s20260625_nonbonded,P3-NoPersist,m12_heavy_flood_dup0_s20260625,nonbonded,96930,PRIVPROBE:0,defer,0,True,1000,defer
m12_heavy_flood_dup0_s20260625_nonbonded,P3-NoPersist,m12_heavy_flood_dup0_s20260625,nonbonded,98021,PRIVPROBE:0,defer,0,True,1000,defer
m12_heavy_flood_dup0_s20260625_nonbonded,P3-NoPersist,m12_heavy_flood_dup0_s20260625,nonbonded,99177,PRIVPROBE:0,defer,0,True,1000,defer
m12_heavy_flood_dup0_s20260625_nonbonded,P3-NoPersist,m12_heavy_flood_dup0_s20260625,nonbonded,100372,PRIVPROBE:0,defer,0,True,1000,defer
m12_heavy_flood_dup0_s20260625_nonbonded,P3-NoPersist,m12_heavy_flood_dup0_s20260625,nonbonded,101464,PRIVPROBE:0,defer,0,True,1000,defer
m12_heavy_flood_dup0_s20260625_nonbonded,P3-NoPersist,m12_heavy_flood_dup0_s20260625,nonbonded,102569,PRIVPROBE:0,defer,0,True,1000,defer
m12_heavy_flood_dup0_s20260625_nonbonded,P3-NoPersist,m12_heavy_flood_dup0_s20260625,nonbonded,103707,PRIVPROBE:0,defer,0,True,1000,defer
m12_heavy_flood_dup0_s20260625_nonbonded,P3-NoPersist,m12_heavy_flood_dup0_s20260625,nonbonded,104789,PRIVPROBE:0,defer,0,True,1000,defer
m12_heavy_flood_dup0_s20260625_nonbonded,P3-NoPersist,m12_heavy_flood_dup0_s20260625,nonbonded,105937,PRIVPROBE:0,defer,0,True,1000,defer
m12_heavy_flood_dup0_s20260625_nonbonded,P3-NoPersist,m12_heavy_flood_dup0_s20260625,nonbonded,107062,PRIVPROBE:0,defer,0,True,1000,defer
m12_heavy_flood_dup0_s20260625_nonbonded,P3-NoPersist,m12_heavy_flood_dup0_s20260625,nonbonded,108136,PRIVPROBE:0,defer,0,True,1000,defer
m12_heavy_flood_dup0_s20260625_nonbonded,P3-NoPersist,m12_heavy_flood_dup0_s20260625,nonbonded,109201,PRIVPROBE:0,defer,0,True,1000,defer
m12_heavy_flood_dup0_s20260625_nonbonded,P3-NoPersist,m12_heavy_flood_dup0_s20260625,nonbonded,110287,PRIVPROBE:0,defer,0,True,1000,defer
m12_heavy_flood_dup0_s20260625_nonbonded,P3-NoPersist,m12_heavy_flood_dup0_s20260625,nonbonded,111319,PRIVPROBE:0,defer,0,True,1000,defer
m12_heavy_flood_dup0_s20260625_nonbonded,P3-NoPersist,m12_heavy_flood_dup0_s20260625,nonbonded,112368,PRIVPROBE:0,defer,0,True,1000,defer
m12_heavy_flood_dup0_s20260625_nonbonded,P3-NoPersist,m12_heavy_flood_dup0_s20260625,nonbonded,113486,PRIVPROBE:0,defer,0,True,1000,defer
m12_heavy_flood_dup0_s20260625_nonbonded,P3-NoPersist,m12_heavy_flood_dup0_s20260625,nonbonded,114631,PRIVPROBE:0,defer,0,True,1000,defer
m12_heavy_flood_dup0_s20260625_nonbonded,P3-NoPersist,m12_heavy_flood_dup0_s20260625,nonbonded,115778,PRIVPROBE:0,defer,0,True,1000,defer
m12_heavy_flood_dup0_s20260625_nonbonded,P3-NoPersist,m12_heavy_flood_dup0_s20260625,nonbonded,116859,PRIVPROBE:0,defer,0,True,1000,defer
m12_heavy_flood_dup0_s20260625_nonbonded,P3-NoPersist,m12_heavy_flood_dup0_s20260625,nonbonded,117975,PRIVPROBE:0,defer,0,True,1000,defer
m12_heavy_flood_dup0_s20260625_nonbonded,P3-NoPersist,m12_heavy_flood_dup0_s20260625,nonbonded,119119,PRIVPROBE:0,defer,0,True,1000,defer
m12_heavy_flood_dup0_s20260625_nonbonded,P3-NoPersist,m12_heavy_flood_dup0_s20260625,nonbonded,120239,PRIVPROBE:0,defer,0,True,1000,defer
m12_heavy_flood_dup0_s20260625_nonbonded,P3-NoPersist,m12_heavy_flood_dup0_s20260625,nonbonded,121304,PRIVPROBE:0,defer,0,True,1000,defer
m12_heavy_flood_dup0_s20260625_nonbonded,P3-NoPersist,m12_heavy_flood_dup0_s20260625,nonbonded,122506,PRIVPROBE:0,defer,0,True,1000,defer
m12_heavy_flood_dup0_s20260625_nonbonded,P3-NoPersist,m12_heavy_flood_dup0_s20260625,nonbonded,123576,PRIVPROBE:0,defer,0,True,1000,defer
m12_heavy_flood_dup0_s20260625_nonbonded,P3-NoPersist,m12_heavy_flood_dup0_s20260625,nonbonded,124700,PRIVPROBE:0,defer,0,True,1000,defer
m12_heavy_flood_dup0_s20260625_nonbonded,P3-NoPersist,m12_heavy_flood_dup0_s20260625,nonbonded,125852,PRIVPROBE:0,defer,0,True,1000,defer
m12_heavy_flood_dup0_s20260625_nonbonded,P3-NoPersist,m12_heavy_flood_dup0_s20260625,nonbonded,127005,PRIVPROBE:0,defer,0,True,1000,defer
m12_heavy_flood_dup0_s20260625_nonbonded,P3-NoPersist,m12_heavy_flood_dup0_s20260625,nonbonded,128011,PRIVPROBE:0,defer,0,True,1000,defer
m12_heavy_flood_dup0_s20260625_nonbonded,P3-NoPersist,m12_heavy_flood_dup0_s20260625,nonbonded,129083,PRIVPROBE:0,defer,0,True,1000,defer
m12_heavy_flood_dup0_s20260625_nonbonded,P3-NoPersist,m12_heavy_flood_dup0_s20260625,nonbonded,130217,PRIVPROBE:0,defer,0,True,1000,defer
m12_heavy_flood_dup0_s20260625_nonbonded,P3-NoPersist,m12_heavy_flood_dup0_s20260625,nonbonded,131281,PRIVPROBE:0,defer,0,True,1000,defer
m12_heavy_flood_dup0_s20260625_nonbonded,P3-NoPersist,m12_heavy_flood_dup0_s20260625,nonbonded,132430,PRIVPROBE:0,defer,0,True,1000,defer
m12_heavy_flood_dup0_s20260625_nonbonded,P3-NoPersist,m12_heavy_flood_dup0_s20260625,nonbonded,133566,PRIVPROBE:0,defer,0,True,1000,defer
m12_heavy_flood_dup0_s20260625_nonbonded,P3-NoPersist,m12_heavy_flood_dup0_s20260625,nonbonded,134652,PRIVPROBE:0,defer,0,True,1000,defer
m12_heavy_flood_dup0_s20260625_nonbonded,P3-NoPersist,m12_heavy_flood_dup0_s20260625,nonbonded,135746,PRIVPROBE:0,defer,0,True,1000,defer
m12_heavy_flood_dup0_s20260625_nonbonded,P3-NoPersist,m12_heavy_flood_dup0_s20260625,nonbonded,136840,PRIVPROBE:0,defer,0,True,1000,defer
m12_heavy_flood_dup0_s20260625_nonbonded,P3-NoPersist,m12_heavy_flood_dup0_s20260625,nonbonded,137977,PRIVPROBE:0,defer,0,True,1000,defer
m12_heavy_flood_dup0_s20260625_nonbonded,P3-NoPersist,m12_heavy_flood_dup0_s20260625,nonbonded,139095,PRIVPROBE:0,defer,0,True,1000,defer
m12_heavy_flood_dup0_s20260625_nonbonded,P3-NoPersist,m12_heavy_flood_dup0_s20260625,nonbonded,140186,PRIVPROBE:0,defer,0,True,1000,defer
m12_heavy_flood_dup0_s20260625_nonbonded,P3-NoPersist,m12_heavy_flood_dup0_s20260625,nonbonded,141212,PRIVPROBE:0,defer,0,True,1000,defer
m12_heavy_flood_dup0_s20260625_nonbonded,P3-NoPersist,m12_heavy_flood_dup0_s20260625,nonbonded,142259,PRIVPROBE:0,defer,0,True,1000,defer
m12_heavy_flood_dup0_s20260625_nonbonded,P3-NoPersist,m12_heavy_flood_dup0_s20260625,nonbonded,143398,PRIVPROBE:0,defer,0,True,1000,defer
m12_heavy_flood_dup0_s20260625_nonbonded,P3-NoPersist,m12_heavy_flood_dup0_s20260625,nonbonded,144521,PRIVPROBE:0,defer,0,True,1000,defer
m12_heavy_flood_dup0_s20260625_nonbonded,P3-NoPersist,m12_heavy_flood_dup0_s20260625,nonbonded,145668,PRIVPROBE:0,defer,0,True,1000,defer
m12_heavy_flood_dup0_s20260625_nonbonded,P3-NoPersist,m12_heavy_flood_dup0_s20260625,nonbonded,146760,PRIVPROBE:0,defer,0,True,1000,defer
m12_heavy_flood_dup0_s20260625_nonbonded,P3-NoPersist,m12_heavy_flood_dup0_s20260625,nonbonded,147899,PRIVPROBE:0,defer,0,True,1000,defer
m12_heavy_flood_dup0_s20260625_nonbonded,P3-NoPersist,m12_heavy_flood_dup0_s20260625,nonbonded,149060,PRIVPROBE:0,defer,0,True,1000,defer
m12_heavy_flood_dup0_s20260625_nonbonded,P3-NoPersist,m12_heavy_flood_dup0_s20260625,nonbonded,150165,PRIVPROBE:0,defer,0,True,1000,defer
m12_heavy_flood_dup0_s20260625_nonbonded,P3-NoPersist,m12_heavy_flood_dup0_s20260625,nonbonded,151253,PRIVPROBE:0,defer,0,True,1000,defer
m12_heavy_flood_dup0_s20260625_nonbonded,P3-NoPersist,m12_heavy_flood_dup0_s20260625,nonbonded,152364,PRIVPROBE:0,defer,0,True,1000,defer
m12_heavy_flood_dup0_s20260625_nonbonded,P3-NoPersist,m12_heavy_flood_dup0_s20260625,nonbonded,153488,PRIVPROBE:0,defer,0,True,1000,defer
m12_heavy_flood_dup0_s20260625_nonbonded,P3-NoPersist,m12_heavy_flood_dup0_s20260625,nonbonded,154538,PRIVPROBE:0,defer,0,True,1000,defer
m12_heavy_flood_dup0_s20260625_nonbonded,P3-NoPersist,m12_heavy_flood_dup0_s20260625,nonbonded,155700,PRIVPROBE:0,defer,0,True,1000,defer
m12_heavy_flood_dup0_s20260625_nonbonded,P3-NoPersist,m12_heavy_flood_dup0_s20260625,nonbonded,156739,PRIVPROBE:0,defer,0,True,1000,defer
m12_heavy_flood_dup0_s20260625_nonbonded,P3-NoPersist,m12_heavy_flood_dup0_s20260625,nonbonded,157785,PRIVPROBE:0,defer,0,True,1000,defer
m12_heavy_flood_dup0_s20260625_nonbonded,P3-NoPersist,m12_heavy_flood_dup0_s20260625,nonbonded,158980,PRIVPROBE:0,defer,0,True,1000,defer
m12_heavy_flood_dup0_s20260625_nonbonded,P3-NoPersist,m12_heavy_flood_dup0_s20260625,nonbonded,160045,PRIVPROBE:0,defer,0,True,1000,defer
m12_heavy_flood_dup0_s20260625_nonbonded,P3-NoPersist,m12_heavy_flood_dup0_s20260625,nonbonded,161132,PRIVPROBE:0,defer,0,True,1000,defer
m12_heavy_flood_dup0_s20260625_nonbonded,P3-NoPersist,m12_heavy_flood_dup0_s20260625,nonbonded,162279,PRIVPROBE:0,defer,0,True,1000,defer
m12_heavy_flood_dup0_s20260625_nonbonded,P3-NoPersist,m12_heavy_flood_dup0_s20260625,nonbonded,163413,PRIVPROBE:0,defer,0,True,1000,defer
m12_heavy_flood_dup0_s20260625_nonbonded,P3-NoPersist,m12_heavy_flood_dup0_s20260625,nonbonded,164546,PRIVPROBE:0,defer,0,True,1000,defer
m12_heavy_flood_dup0_s20260625_nonbonded,P3-NoPersist,m12_heavy_flood_dup0_s20260625,nonbonded,165623,PRIVPROBE:0,defer,0,True,1000,defer
m12_heavy_flood_dup0_s20260625_nonbonded,P3-NoPersist,m12_heavy_flood_dup0_s20260625,nonbonded,166740,PRIVPROBE:0,defer,0,True,1000,defer
m12_heavy_flood_dup0_s20260625_nonbonded,P3-NoPersist,m12_heavy_flood_dup0_s20260625,nonbonded,167894,PRIVPROBE:0,defer,0,True,1000,defer
m12_heavy_flood_dup0_s20260625_nonbonded,P3-NoPersist,m12_heavy_flood_dup0_s20260625,nonbonded,169016,PRIVPROBE:0,defer,0,True,1000,defer
m12_heavy_flood_dup0_s20260625_nonbonded,P3-NoPersist,m12_heavy_flood_dup0_s20260625,nonbonded,170135,PRIVPROBE:0,defer,0,True,1000,defer
m12_heavy_flood_dup0_s20260625_nonbonded,P3-NoPersist,m12_heavy_flood_dup0_s20260625,nonbonded,171181,PRIVPROBE:0,defer,0,True,1000,defer
m12_heavy_flood_dup0_s20260625_nonbonded,P3-NoPersist,m12_heavy_flood_dup0_s20260625,nonbonded,172330,PRIVPROBE:0,defer,0,True,1000,defer
m12_heavy_flood_dup0_s20260625_nonbonded,P3-NoPersist,m12_heavy_flood_dup0_s20260625,nonbonded,173588,PRIVPROBE:0,defer,0,True,1000,defer
m12_heavy_flood_dup0_s20260625_nonbonded,P3-NoPersist,m12_heavy_flood_dup0_s20260625,nonbonded,174713,PRIVPROBE:0,defer,0,True,1000,defer
m12_heavy_flood_dup0_s20260625_nonbonded,P3-NoPersist,m12_heavy_flood_dup0_s20260625,nonbonded,175855,PRIVPROBE:0,defer,0,True,1000,defer
m12_heavy_flood_dup0_s20260625_nonbonded,P3-NoPersist,m12_heavy_flood_dup0_s20260625,nonbonded,176934,PRIVPROBE:0,defer,0,True,1000,defer
m12_heavy_flood_dup0_s20260625_nonbonded,P3-NoPersist,m12_heavy_flood_dup0_s20260625,nonbonded,178050,PRIVPROBE:0,defer,0,True,1000,defer
m12_heavy_flood_dup0_s20260625_nonbonded,P3-NoPersist,m12_heavy_flood_dup0_s20260625,nonbonded,179139,PRIVPROBE:0,defer,0,True,1000,defer
m12_heavy_flood_dup0_s20260625_nonbonded,P3-NoPersist,m12_heavy_flood_dup0_s20260625,nonbonded,180229,PRIVPROBE:0,defer,0,True,1000,defer
m12_heavy_flood_dup0_s20260625_nonbonded,P3-NoPersist,m12_heavy_flood_dup0_s20260625,nonbonded,181380,PRIVPROBE:0,defer,0,True,1000,defer
m12_heavy_flood_dup0_s20260625_nonbonded,P3-NoPersist,m12_heavy_flood_dup0_s20260625,nonbonded,182444,PRIVPROBE:0,defer,0,True,1000,defer
m12_heavy_flood_dup0_s20260625_nonbonded,P3-NoPersist,m12_heavy_flood_dup0_s20260625,nonbonded,183565,PRIVPROBE:0,defer,0,True,1000,defer
m12_heavy_flood_dup0_s20260625_nonbonded,P3-NoPersist,m12_heavy_flood_dup0_s20260625,nonbonded,184669,PRIVPROBE:0,defer,0,True,1000,defer
m12_heavy_flood_dup0_s20260625_nonbonded,P3-NoPersist,m12_heavy_flood_dup0_s20260625,nonbonded,185783,PRIVPROBE:0,defer,0,True,1000,defer
m12_heavy_flood_dup0_s20260625_nonbonded,P3-NoPersist,m12_heavy_flood_dup0_s20260625,nonbonded,186901,PRIVPROBE:0,defer,0,True,1000,defer
m12_heavy_flood_dup0_s20260625_nonbonded,P3-NoPersist,m12_heavy_flood_dup0_s20260625,nonbonded,187958,PRIVPROBE:0,defer,0,True,1000,defer
m12_heavy_flood_dup0_s20260625_nonbonded,P3-NoPersist,m12_heavy_flood_dup0_s20260625,nonbonded,189059,PRIVPROBE:0,defer,0,True,1000,defer
m12_heavy_flood_dup0_s20260625_nonbonded,P3-NoPersist,m12_heavy_flood_dup0_s20260625,nonbonded,190163,PRIVPROBE:0,defer,0,True,1000,defer
m12_heavy_flood_dup0_s20260625_nonbonded,P3-NoPersist,m12_heavy_flood_dup0_s20260625,nonbonded,191217,PRIVPROBE:0,defer,0,True,1000,defer
m12_heavy_flood_dup0_s20260625_nonbonded,P3-NoPersist,m12_heavy_flood_dup0_s20260625,nonbonded,192305,PRIVPROBE:0,defer,0,True,1000,defer
m12_heavy_flood_dup0_s20260625_nonbonded,P3-NoPersist,m12_heavy_flood_dup0_s20260625,nonbonded,193441,PRIVPROBE:0,defer,0,True,1000,defer
m12_heavy_flood_dup0_s20260625_nonbonded,P3-NoPersist,m12_heavy_flood_dup0_s20260625,nonbonded,194498,PRIVPROBE:0,defer,0,True,1000,defer
m12_heavy_flood_dup0_s20260625_nonbonded,P3-NoPersist,m12_heavy_flood_dup0_s20260625,nonbonded,195629,PRIVPROBE:0,defer,0,True,1000,defer
m12_heavy_flood_dup0_s20260625_nonbonded,P3-NoPersist,m12_heavy_flood_dup0_s20260625,nonbonded,196781,PRIVPROBE:0,defer,0,True,1000,defer
m12_heavy_flood_dup0_s20260625_nonbonded,P3-NoPersist,m12_heavy_flood_dup0_s20260625,nonbonded,197881,PRIVPROBE:0,defer,0,True,1000,defer
m12_heavy_flood_dup0_s20260625_nonbonded,P3-NoPersist,m12_heavy_flood_dup0_s20260625,nonbonded,199000,PRIVPROBE:0,defer,0,True,1000,defer
m12_heavy_flood_dup0_s20260625_nonbonded,P3-NoPersist,m12_heavy_flood_dup0_s20260625,nonbonded,200091,PRIVPROBE:1,defer,0,True,1000,defer
m12_heavy_flood_dup0_s20260625_nonbonded,P3-NoPersist,m12_heavy_flood_dup0_s20260625,nonbonded,201208,PRIVPROBE:1,defer,0,True,1000,defer
m12_heavy_flood_dup0_s20260625_nonbonded,P3-NoPersist,m12_heavy_flood_dup0_s20260625,nonbonded,202300,PRIVPROBE:1,defer,0,True,1000,defer
m12_heavy_flood_dup0_s20260625_nonbonded,P3-NoPersist,m12_heavy_flood_dup0_s20260625,nonbonded,203490,PRIVPROBE:1,defer,0,True,1000,defer
m12_heavy_flood_dup0_s20260625_nonbonded,P3-NoPersist,m12_heavy_flood_dup0_s20260625,nonbonded,204606,PRIVPROBE:1,defer,0,True,1000,defer
m12_heavy_flood_dup0_s20260625_nonbonded,P3-NoPersist,m12_heavy_flood_dup0_s20260625,nonbonded,205727,PRIVPROBE:1,defer,0,True,1000,defer
m12_heavy_flood_dup0_s20260625_nonbonded,P3-NoPersist,m12_heavy_flood_dup0_s20260625,nonbonded,206807,PRIVPROBE:1,defer,0,True,1000,defer
m12_heavy_flood_dup0_s20260625_nonbonded,P3-NoPersist,m12_heavy_flood_dup0_s20260625,nonbonded,207938,PRIVPROBE:1,defer,0,True,1000,defer
m12_heavy_flood_dup0_s20260625_nonbonded,P3-NoPersist,m12_heavy_flood_dup0_s20260625,nonbonded,209059,PRIVPROBE:1,defer,0,True,1000,defer
m12_heavy_flood_dup0_s20260625_nonbonded,P3-NoPersist,m12_heavy_flood_dup0_s20260625,nonbonded,210147,PRIVPROBE:1,defer,0,True,1000,defer
m12_heavy_flood_dup0_s20260625_nonbonded,P3-NoPersist,m12_heavy_flood_dup0_s20260625,nonbonded,211234,PRIVPROBE:1,defer,0,True,1000,defer
m12_heavy_flood_dup0_s20260625_nonbonded,P3-NoPersist,m12_heavy_flood_dup0_s20260625,nonbonded,212326,PRIVPROBE:1,defer,0,True,1000,defer
m12_heavy_flood_dup0_s20260625_nonbonded,P3-NoPersist,m12_heavy_flood_dup0_s20260625,nonbonded,213540,PRIVPROBE:1,defer,0,True,1000,defer
m12_heavy_flood_dup0_s20260625_nonbonded,P3-NoPersist,m12_heavy_flood_dup0_s20260625,nonbonded,214617,PRIVPROBE:1,defer,0,True,1000,defer
m12_heavy_flood_dup0_s20260625_nonbonded,P3-NoPersist,m12_heavy_flood_dup0_s20260625,nonbonded,215736,PRIVPROBE:1,defer,0,True,1000,defer
m12_heavy_flood_dup0_s20260625_nonbonded,P3-NoPersist,m12_heavy_flood_dup0_s20260625,nonbonded,216834,PRIVPROBE:1,defer,0,True,1000,defer
m12_heavy_flood_dup0_s20260625_nonbonded,P3-NoPersist,m12_heavy_flood_dup0_s20260625,nonbonded,217876,PRIVPROBE:1,defer,0,True,1000,defer
m12_heavy_flood_dup0_s20260625_nonbonded,P3-NoPersist,m12_heavy_flood_dup0_s20260625,nonbonded,219027,PRIVPROBE:1,defer,0,True,1000,defer
m12_heavy_flood_dup0_s20260625_nonbonded,P3-NoPersist,m12_heavy_flood_dup0_s20260625,nonbonded,220182,PRIVPROBE:1,defer,0,True,1000,defer
m12_heavy_flood_dup0_s20260625_nonbonded,P3-NoPersist,m12_heavy_flood_dup0_s20260625,nonbonded,221307,PRIVPROBE:1,defer,0,True,1000,defer
m12_heavy_flood_dup0_s20260625_nonbonded,P3-NoPersist,m12_heavy_flood_dup0_s20260625,nonbonded,222397,PRIVPROBE:1,defer,0,True,1000,defer
m12_heavy_flood_dup0_s20260625_nonbonded,P3-NoPersist,m12_heavy_flood_dup0_s20260625,nonbonded,223507,PRIVPROBE:1,defer,0,True,1000,defer
m12_heavy_flood_dup0_s20260625_nonbonded,P3-NoPersist,m12_heavy_flood_dup0_s20260625,nonbonded,224618,PRIVPROBE:1,defer,0,True,1000,defer
m12_heavy_flood_dup0_s20260625_nonbonded,P3-NoPersist,m12_heavy_flood_dup0_s20260625,nonbonded,225799,PRIVPROBE:1,defer,0,True,1000,defer
m12_heavy_flood_dup0_s20260625_nonbonded,P3-NoPersist,m12_heavy_flood_dup0_s20260625,nonbonded,226909,PRIVPROBE:1,defer,0,True,1000,defer
m12_heavy_flood_dup0_s20260625_nonbonded,P3-NoPersist,m12_heavy_flood_dup0_s20260625,nonbonded,228002,PRIVPROBE:1,defer,0,True,1000,defer
m12_heavy_flood_dup0_s20260625_nonbonded,P3-NoPersist,m12_heavy_flood_dup0_s20260625,nonbonded,229087,PRIVPROBE:1,defer,0,True,1000,defer
m12_heavy_flood_dup0_s20260625_nonbonded,P3-NoPersist,m12_heavy_flood_dup0_s20260625,nonbonded,230211,PRIVPROBE:1,defer,0,True,1000,defer
m12_heavy_flood_dup0_s20260625_nonbonded,P3-NoPersist,m12_heavy_flood_dup0_s20260625,nonbonded,231335,PRIVPROBE:1,defer,0,True,1000,defer
m12_heavy_flood_dup0_s20260625_nonbonded,P3-NoPersist,m12_heavy_flood_dup0_s20260625,nonbonded,232437,PRIVPROBE:1,defer,0,True,1000,defer
m12_heavy_flood_dup0_s20260625_nonbonded,P3-NoPersist,m12_heavy_flood_dup0_s20260625,nonbonded,233552,PRIVPROBE:1,defer,0,True,1000,defer
m12_heavy_flood_dup0_s20260625_nonbonded,P3-NoPersist,m12_heavy_flood_dup0_s20260625,nonbonded,234658,PRIVPROBE:1,defer,0,True,1000,defer
m12_heavy_flood_dup0_s20260625_nonbonded,P3-NoPersist,m12_heavy_flood_dup0_s20260625,nonbonded,235755,PRIVPROBE:1,defer,0,True,1000,defer
m12_heavy_flood_dup0_s20260625_nonbonded,P3-NoPersist,m12_heavy_flood_dup0_s20260625,nonbonded,236861,PRIVPROBE:1,defer,0,True,1000,defer
m12_heavy_flood_dup0_s20260625_nonbonded,P3-NoPersist,m12_heavy_flood_dup0_s20260625,nonbonded,237964,PRIVPROBE:1,defer,0,True,1000,defer
m12_heavy_flood_dup0_s20260625_nonbonded,P3-NoPersist,m12_heavy_flood_dup0_s20260625,nonbonded,239065,PRIVPROBE:1,defer,0,True,1000,defer
m12_heavy_flood_dup0_s20260625_nonbonded,P3-NoPersist,m12_heavy_flood_dup0_s20260625,nonbonded,240133,PRIVPROBE:1,defer,0,True,1000,defer
m12_heavy_flood_dup0_s20260625_nonbonded,P3-NoPersist,m12_heavy_flood_dup0_s20260625,nonbonded,241194,PRIVPROBE:1,defer,0,True,1000,defer
m12_heavy_flood_dup0_s20260625_nonbonded,P3-NoPersist,m12_heavy_flood_dup0_s20260625,nonbonded,242300,PRIVPROBE:1,defer,0,True,1000,defer
m12_heavy_flood_dup0_s20260625_nonbonded,P3-NoPersist,m12_heavy_flood_dup0_s20260625,nonbonded,243378,PRIVPROBE:1,defer,0,True,1000,defer
m12_heavy_flood_dup0_s20260625_nonbonded,P3-NoPersist,m12_heavy_flood_dup0_s20260625,nonbonded,244511,PRIVPROBE:1,defer,0,True,1000,defer
m12_heavy_flood_dup0_s20260625_nonbonded,P3-NoPersist,m12_heavy_flood_dup0_s20260625,nonbonded,245607,PRIVPROBE:1,defer,0,True,1000,defer
m12_heavy_flood_dup0_s20260625_nonbonded,P3-NoPersist,m12_heavy_flood_dup0_s20260625,nonbonded,246663,PRIVPROBE:1,defer,0,True,1000,defer
m12_heavy_flood_dup0_s20260625_nonbonded,P3-NoPersist,m12_heavy_flood_dup0_s20260625,nonbonded,247799,PRIVPROBE:1,defer,0,True,1000,defer
m12_heavy_flood_dup0_s20260625_nonbonded,P3-NoPersist,m12_heavy_flood_dup0_s20260625,nonbonded,248927,PRIVPROBE:1,defer,0,True,1000,defer
m12_heavy_flood_dup0_s20260625_nonbonded,P3-NoPersist,m12_heavy_flood_dup0_s20260625,nonbonded,250012,PRIVPROBE:1,defer,0,True,1000,defer
m12_heavy_flood_dup0_s20260625_nonbonded,P3-NoPersist,m12_heavy_flood_dup0_s20260625,nonbonded,251098,PRIVPROBE:1,defer,0,True,1000,defer
m12_heavy_flood_dup0_s20260625_nonbonded,P3-NoPersist,m12_heavy_flood_dup0_s20260625,nonbonded,252182,PRIVPROBE:1,defer,0,True,1000,defer
m12_heavy_flood_dup0_s20260625_nonbonded,P3-NoPersist,m12_heavy_flood_dup0_s20260625,nonbonded,253321,PRIVPROBE:1,defer,0,True,1000,defer
m12_heavy_flood_dup0_s20260625_nonbonded,P3-NoPersist,m12_heavy_flood_dup0_s20260625,nonbonded,254474,PRIVPROBE:1,defer,0,True,1000,defer
m12_heavy_flood_dup0_s20260625_nonbonded,P3-NoPersist,m12_heavy_flood_dup0_s20260625,nonbonded,255640,PRIVPROBE:1,defer,0,True,1000,defer
m12_heavy_flood_dup0_s20260625_nonbonded,P3-NoPersist,m12_heavy_flood_dup0_s20260625,nonbonded,256755,PRIVPROBE:1,defer,0,True,1000,defer
m12_heavy_flood_dup0_s20260625_nonbonded,P3-NoPersist,m12_heavy_flood_dup0_s20260625,nonbonded,257854,PRIVPROBE:1,defer,0,True,1000,defer
m12_heavy_flood_dup0_s20260625_nonbonded,P3-NoPersist,m12_heavy_flood_dup0_s20260625,nonbonded,258934,PRIVPROBE:1,defer,0,True,1000,defer
m12_heavy_flood_dup0_s20260625_nonbonded,P3-NoPersist,m12_heavy_flood_dup0_s20260625,nonbonded,260032,PRIVPROBE:1,defer,0,True,1000,defer
m12_heavy_flood_dup0_s20260625_nonbonded,P3-NoPersist,m12_heavy_flood_dup0_s20260625,nonbonded,261189,PRIVPROBE:1,defer,0,True,1000,defer
m12_heavy_flood_dup0_s20260625_nonbonded,P3-NoPersist,m12_heavy_flood_dup0_s20260625,nonbonded,262338,PRIVPROBE:1,defer,0,True,1000,defer
m12_heavy_flood_dup0_s20260625_nonbonded,P3-NoPersist,m12_heavy_flood_dup0_s20260625,nonbonded,263467,PRIVPROBE:1,defer,0,True,1000,defer
m12_heavy_flood_dup0_s20260625_nonbonded,P3-NoPersist,m12_heavy_flood_dup0_s20260625,nonbonded,264616,PRIVPROBE:1,defer,0,True,1000,defer
m12_heavy_flood_dup0_s20260625_nonbonded,P3-NoPersist,m12_heavy_flood_dup0_s20260625,nonbonded,265760,PRIVPROBE:1,defer,0,True,1000,defer
m12_heavy_flood_dup0_s20260625_nonbonded,P3-NoPersist,m12_heavy_flood_dup0_s20260625,nonbonded,266893,PRIVPROBE:1,defer,0,True,1000,defer
m12_heavy_flood_dup0_s20260625_nonbonded,P3-NoPersist,m12_heavy_flood_dup0_s20260625,nonbonded,267959,PRIVPROBE:1,defer,0,True,1000,defer
m12_heavy_flood_dup0_s20260625_nonbonded,P3-NoPersist,m12_heavy_flood_dup0_s20260625,nonbonded,269120,PRIVPROBE:1,defer,0,True,1000,defer
m12_heavy_flood_dup0_s20260625_nonbonded,P3-NoPersist,m12_heavy_flood_dup0_s20260625,nonbonded,270237,PRIVPROBE:1,defer,0,True,1000,defer
m12_heavy_flood_dup0_s20260625_nonbonded,P3-NoPersist,m12_heavy_flood_dup0_s20260625,nonbonded,271351,PRIVPROBE:1,defer,0,True,1000,defer
m12_heavy_flood_dup0_s20260625_nonbonded,P3-NoPersist,m12_heavy_flood_dup0_s20260625,nonbonded,272484,PRIVPROBE:1,defer,0,True,1000,defer
m12_heavy_flood_dup0_s20260625_nonbonded,P3-NoPersist,m12_heavy_flood_dup0_s20260625,nonbonded,273585,PRIVPROBE:1,defer,0,True,1000,defer
m12_heavy_flood_dup0_s20260625_nonbonded,P3-NoPersist,m12_heavy_flood_dup0_s20260625,nonbonded,274738,PRIVPROBE:1,defer,0,True,1000,defer
m12_heavy_flood_dup0_s20260625_nonbonded,P3-NoPersist,m12_heavy_flood_dup0_s20260625,nonbonded,275880,PRIVPROBE:1,defer,0,True,1000,defer
m12_heavy_flood_dup0_s20260625_nonbonded,P3-NoPersist,m12_heavy_flood_dup0_s20260625,nonbonded,276994,PRIVPROBE:1,defer,0,True,1000,defer
m12_heavy_flood_dup0_s20260625_nonbonded,P3-NoPersist,m12_heavy_flood_dup0_s20260625,nonbonded,278065,PRIVPROBE:1,defer,0,True,1000,defer
m12_heavy_flood_dup0_s20260625_nonbonded,P3-NoPersist,m12_heavy_flood_dup0_s20260625,nonbonded,279214,PRIVPROBE:1,defer,0,True,1000,defer
m12_heavy_flood_dup0_s20260625_nonbonded,P3-NoPersist,m12_heavy_flood_dup0_s20260625,nonbonded,280435,PRIVPROBE:1,defer,0,True,1000,defer
m12_heavy_flood_dup0_s20260625_nonbonded,P3-NoPersist,m12_heavy_flood_dup0_s20260625,nonbonded,281515,PRIVPROBE:1,defer,0,True,1000,defer
m12_heavy_flood_dup0_s20260625_nonbonded,P3-NoPersist,m12_heavy_flood_dup0_s20260625,nonbonded,282610,PRIVPROBE:1,defer,0,True,1000,defer
m12_heavy_flood_dup0_s20260625_nonbonded,P3-NoPersist,m12_heavy_flood_dup0_s20260625,nonbonded,283734,PRIVPROBE:1,defer,0,True,1000,defer
m12_heavy_flood_dup0_s20260625_nonbonded,P3-NoPersist,m12_heavy_flood_dup0_s20260625,nonbonded,284825,PRIVPROBE:1,defer,0,True,1000,defer
m12_heavy_flood_dup0_s20260625_nonbonded,P3-NoPersist,m12_heavy_flood_dup0_s20260625,nonbonded,285942,PRIVPROBE:1,defer,0,True,1000,defer
m12_heavy_flood_dup0_s20260625_nonbonded,P3-NoPersist,m12_heavy_flood_dup0_s20260625,nonbonded,287009,PRIVPROBE:1,defer,0,True,1000,defer
m12_heavy_flood_dup0_s20260625_nonbonded,P3-NoPersist,m12_heavy_flood_dup0_s20260625,nonbonded,288162,PRIVPROBE:1,defer,0,True,1000,defer
m12_heavy_flood_dup0_s20260625_nonbonded,P3-NoPersist,m12_heavy_flood_dup0_s20260625,nonbonded,289327,PRIVPROBE:1,defer,0,True,1000,defer
m12_heavy_flood_dup0_s20260625_nonbonded,P3-NoPersist,m12_heavy_flood_dup0_s20260625,nonbonded,290426,PRIVPROBE:1,defer,0,True,1000,defer
m12_heavy_flood_dup0_s20260625_nonbonded,P3-NoPersist,m12_heavy_flood_dup0_s20260625,nonbonded,291534,PRIVPROBE:1,defer,0,True,1000,defer
m12_heavy_flood_dup0_s20260625_nonbonded,P3-NoPersist,m12_heavy_flood_dup0_s20260625,nonbonded,292677,PRIVPROBE:1,defer,0,True,1000,defer
m12_heavy_flood_dup0_s20260625_nonbonded,P3-NoPersist,m12_heavy_flood_dup0_s20260625,nonbonded,293749,PRIVPROBE:1,defer,0,True,1000,defer
m12_heavy_flood_dup0_s20260625_nonbonded,P3-NoPersist,m12_heavy_flood_dup0_s20260625,nonbonded,294880,PRIVPROBE:1,defer,0,True,1000,defer
m12_heavy_flood_dup0_s20260625_nonbonded,P3-NoPersist,m12_heavy_flood_dup0_s20260625,nonbonded,296023,PRIVPROBE:1,defer,0,True,1000,defer
m12_heavy_flood_dup0_s20260625_nonbonded,P3-NoPersist,m12_heavy_flood_dup0_s20260625,nonbonded,297073,PRIVPROBE:1,defer,0,True,1000,defer
m12_heavy_flood_dup0_s20260625_nonbonded,P3-NoPersist,m12_heavy_flood_dup0_s20260625,nonbonded,298179,PRIVPROBE:1,defer,0,True,1000,defer
m12_heavy_flood_dup0_s20260625_nonbonded,P3-NoPersist,m12_heavy_flood_dup0_s20260625,nonbonded,299244,PRIVPROBE:1,defer,0,True,1000,defer
m12_heavy_flood_dup0_s20260625_nonbonded,P3-NoPersist,m12_heavy_flood_dup0_s20260625,nonbonded,300371,PRIVPROBE:1,defer,0,True,1000,defer
m12_heavy_flood_dup0_s20260625_nonbonded,P3-NoPersist,m12_heavy_flood_dup0_s20260625,nonbonded,301529,PRIVPROBE:1,defer,0,True,1000,defer
m12_heavy_flood_dup0_s20260625_nonbonded,P3-NoPersist,m12_heavy_flood_dup0_s20260625,nonbonded,302618,PRIVPROBE:1,defer,0,True,1000,defer
m12_heavy_flood_dup0_s20260625_nonbonded,P3-NoPersist,m12_heavy_flood_dup0_s20260625,nonbonded,303713,PRIVPROBE:1,defer,0,True,1000,defer
m12_heavy_flood_dup0_s20260625_nonbonded,P3-NoPersist,m12_heavy_flood_dup0_s20260625,nonbonded,304828,PRIVPROBE:1,defer,0,True,1000,defer
m12_heavy_flood_dup0_s20260625_nonbonded,P3-NoPersist,m12_heavy_flood_dup0_s20260625,nonbonded,305899,PRIVPROBE:1,defer,0,True,1000,defer
m12_heavy_flood_dup0_s20260625_nonbonded,P3-NoPersist,m12_heavy_flood_dup0_s20260625,nonbonded,306989,PRIVPROBE:1,defer,0,True,1000,defer
m12_heavy_flood_dup0_s20260625_nonbonded,P3-NoPersist,m12_heavy_flood_dup0_s20260625,nonbonded,308102,PRIVPROBE:1,defer,0,True,1000,defer
m12_heavy_flood_dup0_s20260625_nonbonded,P3-NoPersist,m12_heavy_flood_dup0_s20260625,nonbonded,309193,PRIVPROBE:1,defer,0,True,1000,defer
m12_heavy_flood_dup0_s20260625_nonbonded,P3-NoPersist,m12_heavy_flood_dup0_s20260625,nonbonded,310290,PRIVPROBE:1,defer,0,True,1000,defer
m12_heavy_flood_dup0_s20260625_nonbonded,P3-NoPersist,m12_heavy_flood_dup0_s20260625,nonbonded,311361,PRIVPROBE:1,defer,0,True,1000,defer
m12_heavy_flood_dup0_s20260625_nonbonded,P3-NoPersist,m12_heavy_flood_dup0_s20260625,nonbonded,312464,PRIVPROBE:1,defer,0,True,1000,defer
m12_heavy_flood_dup0_s20260625_nonbonded,P3-NoPersist,m12_heavy_flood_dup0_s20260625,nonbonded,313600,PRIVPROBE:1,defer,0,True,1000,defer
m12_heavy_flood_dup0_s20260625_nonbonded,P3-NoPersist,m12_heavy_flood_dup0_s20260625,nonbonded,314767,PRIVPROBE:1,defer,0,True,1000,defer
m12_heavy_flood_dup0_s20260625_nonbonded,P3-NoPersist,m12_heavy_flood_dup0_s20260625,nonbonded,315882,PRIVPROBE:1,defer,0,True,1000,defer
m12_heavy_flood_dup0_s20260625_nonbonded,P3-NoPersist,m12_heavy_flood_dup0_s20260625,nonbonded,317006,PRIVPROBE:1,defer,0,True,1000,defer
m12_heavy_flood_dup0_s20260625_nonbonded,P3-NoPersist,m12_heavy_flood_dup0_s20260625,nonbonded,318143,PRIVPROBE:1,defer,0,True,1000,defer
m12_heavy_flood_dup0_s20260625_nonbonded,P3-NoPersist,m12_heavy_flood_dup0_s20260625,nonbonded,319285,PRIVPROBE:1,defer,0,True,1000,defer
m12_heavy_flood_dup0_s20260625_nonbonded,P3-NoPersist,m12_heavy_flood_dup0_s20260625,nonbonded,320394,PRIVPROBE:1,defer,0,True,1000,defer
m12_heavy_flood_dup0_s20260625_nonbonded,P3-NoPersist,m12_heavy_flood_dup0_s20260625,nonbonded,321536,PRIVPROBE:1,defer,0,True,1000,defer
m12_heavy_flood_dup0_s20260625_nonbonded,P3-NoPersist,m12_heavy_flood_dup0_s20260625,nonbonded,322656,PRIVPROBE:1,defer,0,True,1000,defer
m12_heavy_flood_dup0_s20260625_nonbonded,P3-NoPersist,m12_heavy_flood_dup0_s20260625,nonbonded,323801,PRIVPROBE:1,defer,0,True,1000,defer
m12_heavy_flood_dup0_s20260625_nonbonded,P3-NoPersist,m12_heavy_flood_dup0_s20260625,nonbonded,324893,PRIVPROBE:1,defer,0,True,1000,defer
m12_heavy_flood_dup0_s20260625_nonbonded,P3-NoPersist,m12_heavy_flood_dup0_s20260625,nonbonded,325977,PRIVPROBE:1,defer,0,True,1000,defer
m12_heavy_flood_dup0_s20260625_nonbonded,P3-NoPersist,m12_heavy_flood_dup0_s20260625,nonbonded,327097,PRIVPROBE:1,defer,0,True,1000,defer
m12_heavy_flood_dup0_s20260625_nonbonded,P3-NoPersist,m12_heavy_flood_dup0_s20260625,nonbonded,328212,PRIVPROBE:1,defer,0,True,1000,defer
m12_heavy_flood_dup0_s20260625_nonbonded,P3-NoPersist,m12_heavy_flood_dup0_s20260625,nonbonded,329328,PRIVPROBE:1,defer,0,True,1000,defer
m12_heavy_flood_dup0_s20260625_nonbonded,P3-NoPersist,m12_heavy_flood_dup0_s20260625,nonbonded,330482,PRIVPROBE:1,defer,0,True,1000,defer
m12_heavy_flood_dup0_s20260625_nonbonded,P3-NoPersist,m12_heavy_flood_dup0_s20260625,nonbonded,331537,PRIVPROBE:1,defer,0,True,1000,defer
m12_heavy_flood_dup0_s20260625_nonbonded,P3-NoPersist,m12_heavy_flood_dup0_s20260625,nonbonded,332658,PRIVPROBE:1,defer,0,True,1000,defer
m12_heavy_flood_dup0_s20260625_nonbonded,P3-NoPersist,m12_heavy_flood_dup0_s20260625,nonbonded,333718,PRIVPROBE:1,defer,0,True,1000,defer
m12_heavy_flood_dup0_s20260625_nonbonded,P3-NoPersist,m12_heavy_flood_dup0_s20260625,nonbonded,334899,PRIVPROBE:1,defer,0,True,1000,defer
m12_heavy_flood_dup0_s20260625_nonbonded,P3-NoPersist,m12_heavy_flood_dup0_s20260625,nonbonded,336041,PRIVPROBE:1,defer,0,True,1000,defer
m12_heavy_flood_dup0_s20260625_nonbonded,P3-NoPersist,m12_heavy_flood_dup0_s20260625,nonbonded,337160,PRIVPROBE:1,defer,0,True,1000,defer
m12_heavy_flood_dup0_s20260625_nonbonded,P3-NoPersist,m12_heavy_flood_dup0_s20260625,nonbonded,338273,PRIVPROBE:1,defer,0,True,1000,defer
m12_heavy_flood_dup0_s20260625_nonbonded,P3-NoPersist,m12_heavy_flood_dup0_s20260625,nonbonded,339385,PRIVPROBE:1,defer,0,True,1000,defer
m12_heavy_flood_dup0_s20260625_nonbonded,P3-NoPersist,m12_heavy_flood_dup0_s20260625,nonbonded,340507,PRIVPROBE:1,defer,0,True,1000,defer
m12_heavy_flood_dup0_s20260625_nonbonded,P3-NoPersist,m12_heavy_flood_dup0_s20260625,nonbonded,341662,PRIVPROBE:1,defer,0,True,1000,defer
m12_heavy_flood_dup0_s20260625_nonbonded,P3-NoPersist,m12_heavy_flood_dup0_s20260625,nonbonded,342739,PRIVPROBE:1,defer,0,True,1000,defer
m12_heavy_flood_dup0_s20260625_nonbonded,P3-NoPersist,m12_heavy_flood_dup0_s20260625,nonbonded,343808,PRIVPROBE:1,defer,0,True,1000,defer
m12_heavy_flood_dup0_s20260625_nonbonded,P3-NoPersist,m12_heavy_flood_dup0_s20260625,nonbonded,344981,PRIVPROBE:1,defer,0,True,1000,defer
m12_heavy_flood_dup0_s20260625_nonbonded,P3-NoPersist,m12_heavy_flood_dup0_s20260625,nonbonded,346040,PRIVPROBE:1,defer,0,True,1000,defer
m12_heavy_flood_dup0_s20260625_nonbonded,P3-NoPersist,m12_heavy_flood_dup0_s20260625,nonbonded,347120,PRIVPROBE:1,defer,0,True,1000,defer
m12_heavy_flood_dup0_s20260625_nonbonded,P3-NoPersist,m12_heavy_flood_dup0_s20260625,nonbonded,348279,PRIVPROBE:1,defer,0,True,1000,defer
m12_heavy_flood_dup0_s20260625_nonbonded,P3-NoPersist,m12_heavy_flood_dup0_s20260625,nonbonded,349377,PRIVPROBE:1,defer,0,True,1000,defer
m12_heavy_flood_dup0_s20260625_nonbonded,P3-NoPersist,m12_heavy_flood_dup0_s20260625,nonbonded,350446,PRIVPROBE:1,defer,0,True,1000,defer
m12_heavy_flood_dup0_s20260625_nonbonded,P3-NoPersist,m12_heavy_flood_dup0_s20260625,nonbonded,351548,PRIVPROBE:1,defer,0,True,1000,defer
m12_heavy_flood_dup0_s20260625_nonbonded,P3-NoPersist,m12_heavy_flood_dup0_s20260625,nonbonded,352666,PRIVPROBE:1,defer,0,True,1000,defer
m12_heavy_flood_dup0_s20260625_nonbonded,P3-NoPersist,m12_heavy_flood_dup0_s20260625,nonbonded,353852,PRIVPROBE:1,defer,0,True,1000,defer
m12_heavy_flood_dup0_s20260625_nonbonded,P3-NoPersist,m12_heavy_flood_dup0_s20260625,nonbonded,354907,PRIVPROBE:1,defer,0,True,1000,defer
m12_heavy_flood_dup0_s20260625_nonbonded,P3-NoPersist,m12_heavy_flood_dup0_s20260625,nonbonded,356049,PRIVPROBE:1,defer,0,True,1000,defer
m12_heavy_flood_dup0_s20260625_nonbonded,P3-NoPersist,m12_heavy_flood_dup0_s20260625,nonbonded,357177,PRIVPROBE:1,defer,0,True,1000,defer
m12_heavy_flood_dup0_s20260625_nonbonded,P3-NoPersist,m12_heavy_flood_dup0_s20260625,nonbonded,358349,PRIVPROBE:1,defer,0,True,1000,defer
m12_heavy_flood_dup0_s20260625_nonbonded,P3-NoPersist,m12_heavy_flood_dup0_s20260625,nonbonded,359456,PRIVPROBE:1,defer,0,True,1000,defer
m12_heavy_flood_dup0_s20260625_nonbonded,P3-NoPersist,m12_heavy_flood_dup0_s20260625,nonbonded,360559,PRIVPROBE:1,defer,0,True,1000,defer
m12_heavy_flood_dup0_s20260625_nonbonded,P3-NoPersist,m12_heavy_flood_dup0_s20260625,nonbonded,361615,PRIVPROBE:1,defer,0,True,1000,defer
m12_heavy_flood_dup0_s20260625_nonbonded,P3-NoPersist,m12_heavy_flood_dup0_s20260625,nonbonded,362703,PRIVPROBE:1,defer,0,True,1000,defer
m12_heavy_flood_dup0_s20260625_nonbonded,P3-NoPersist,m12_heavy_flood_dup0_s20260625,nonbonded,363814,PRIVPROBE:1,defer,0,True,1000,defer
m12_heavy_flood_dup0_s20260625_nonbonded,P3-NoPersist,m12_heavy_flood_dup0_s20260625,nonbonded,364951,PRIVPROBE:1,defer,0,True,1000,defer
m12_heavy_flood_dup0_s20260625_nonbonded,P3-NoPersist,m12_heavy_flood_dup0_s20260625,nonbonded,366023,PRIVPROBE:1,defer,0,True,1000,defer
m12_heavy_flood_dup0_s20260625_nonbonded,P3-NoPersist,m12_heavy_flood_dup0_s20260625,nonbonded,367235,PRIVPROBE:1,defer,0,True,1000,defer
m12_heavy_flood_dup0_s20260625_nonbonded,P3-NoPersist,m12_heavy_flood_dup0_s20260625,nonbonded,368354,PRIVPROBE:1,defer,0,True,1000,defer
m12_heavy_flood_dup0_s20260625_nonbonded,P3-NoPersist,m12_heavy_flood_dup0_s20260625,nonbonded,369474,PRIVPROBE:1,defer,0,True,1000,defer
m12_heavy_flood_dup0_s20260625_nonbonded,P3-NoPersist,m12_heavy_flood_dup0_s20260625,nonbonded,370590,PRIVPROBE:1,defer,0,True,1000,defer
m12_heavy_flood_dup0_s20260625_nonbonded,P3-NoPersist,m12_heavy_flood_dup0_s20260625,nonbonded,371665,PRIVPROBE:1,defer,0,True,1000,defer
m12_heavy_flood_dup0_s20260625_nonbonded,P3-NoPersist,m12_heavy_flood_dup0_s20260625,nonbonded,372816,PRIVPROBE:1,defer,0,True,1000,defer
m12_heavy_flood_dup0_s20260625_nonbonded,P3-NoPersist,m12_heavy_flood_dup0_s20260625,nonbonded,373941,PRIVPROBE:1,defer,0,True,1000,defer
m12_heavy_flood_dup0_s20260625_nonbonded,P3-NoPersist,m12_heavy_flood_dup0_s20260625,nonbonded,375092,PRIVPROBE:1,defer,0,True,1000,defer
m12_heavy_flood_dup0_s20260625_nonbonded,P3-NoPersist,m12_heavy_flood_dup0_s20260625,nonbonded,376173,PRIVPROBE:1,defer,0,True,1000,defer
m12_heavy_flood_dup0_s20260625_nonbonded,P3-NoPersist,m12_heavy_flood_dup0_s20260625,nonbonded,377278,PRIVPROBE:1,defer,0,True,1000,defer
m12_heavy_flood_dup0_s20260625_nonbonded,P3-NoPersist,m12_heavy_flood_dup0_s20260625,nonbonded,378393,PRIVPROBE:1,defer,0,True,1000,defer
m12_heavy_flood_dup0_s20260625_nonbonded,P3-NoPersist,m12_heavy_flood_dup0_s20260625,nonbonded,379558,PRIVPROBE:1,defer,0,True,1000,defer
m12_heavy_flood_dup0_s20260625_nonbonded,P3-NoPersist,m12_heavy_flood_dup0_s20260625,nonbonded,380700,PRIVPROBE:1,defer,0,True,1000,defer
m12_heavy_flood_dup0_s20260625_nonbonded,P3-NoPersist,m12_heavy_flood_dup0_s20260625,nonbonded,381803,PRIVPROBE:1,defer,0,True,1000,defer
m12_heavy_flood_dup0_s20260625_nonbonded,P3-NoPersist,m12_heavy_flood_dup0_s20260625,nonbonded,382918,PRIVPROBE:1,defer,0,True,1000,defer
m12_heavy_flood_dup0_s20260625_nonbonded,P3-NoPersist,m12_heavy_flood_dup0_s20260625,nonbonded,383985,PRIVPROBE:1,defer,0,True,1000,defer
m12_heavy_flood_dup0_s20260625_nonbonded,P3-NoPersist,m12_heavy_flood_dup0_s20260625,nonbonded,385191,PRIVPROBE:1,defer,0,True,1000,defer
m12_heavy_flood_dup0_s20260625_nonbonded,P3-NoPersist,m12_heavy_flood_dup0_s20260625,nonbonded,386346,PRIVPROBE:1,defer,0,True,1000,defer
m12_heavy_flood_dup0_s20260625_nonbonded,P3-NoPersist,m12_heavy_flood_dup0_s20260625,nonbonded,387440,PRIVPROBE:1,defer,0,True,1000,defer
m12_heavy_flood_dup0_s20260625_nonbonded,P3-NoPersist,m12_heavy_flood_dup0_s20260625,nonbonded,388585,PRIVPROBE:1,defer,0,True,1000,defer
m12_heavy_flood_dup0_s20260625_nonbonded,P3-NoPersist,m12_heavy_flood_dup0_s20260625,nonbonded,389679,PRIVPROBE:1,defer,0,True,1000,defer
m12_heavy_flood_dup0_s20260625_nonbonded,P3-NoPersist,m12_heavy_flood_dup0_s20260625,nonbonded,390838,PRIVPROBE:1,defer,0,True,1000,defer
m12_heavy_flood_dup0_s20260625_nonbonded,P3-NoPersist,m12_heavy_flood_dup0_s20260625,nonbonded,391965,PRIVPROBE:1,defer,0,True,1000,defer
m12_heavy_flood_dup0_s20260625_nonbonded,P3-NoPersist,m12_heavy_flood_dup0_s20260625,nonbonded,393060,PRIVPROBE:1,defer,0,True,1000,defer
m12_heavy_flood_dup0_s20260625_nonbonded,P3-NoPersist,m12_heavy_flood_dup0_s20260625,nonbonded,394154,PRIVPROBE:1,defer,0,True,1000,defer
m12_heavy_flood_dup0_s20260625_nonbonded,P3-NoPersist,m12_heavy_flood_dup0_s20260625,nonbonded,395245,PRIVPROBE:1,defer,0,True,1000,defer
m12_heavy_flood_dup0_s20260625_nonbonded,P3-NoPersist,m12_heavy_flood_dup0_s20260625,nonbonded,396359,PRIVPROBE:1,defer,0,True,1000,defer
m12_heavy_flood_dup0_s20260625_nonbonded,P3-NoPersist,m12_heavy_flood_dup0_s20260625,nonbonded,397406,PRIVPROBE:1,defer,0,True,1000,defer
m12_heavy_flood_dup0_s20260625_nonbonded,P3-NoPersist,m12_heavy_flood_dup0_s20260625,nonbonded,398528,PRIVPROBE:1,defer,0,True,1000,defer
m12_heavy_flood_dup0_s20260625_nonbonded,P3-NoPersist,m12_heavy_flood_dup0_s20260625,nonbonded,399617,PRIVPROBE:1,defer,0,True,1000,defer
m12_heavy_flood_dup0_s20260625_nonbonded,BudgetDoS,m12_heavy_flood_dup0_s20260625,nonbonded,66893,PRIVPROBE:0,budget_skip,0,False,0,budget_skip
m12_heavy_flood_dup0_s20260625_nonbonded,BudgetDoS,m12_heavy_flood_dup0_s20260625,nonbonded,68018,PRIVPROBE:0,budget_skip,0,False,0,budget_skip
m12_heavy_flood_dup0_s20260625_nonbonded,BudgetDoS,m12_heavy_flood_dup0_s20260625,nonbonded,69141,PRIVPROBE:0,budget_skip,0,False,0,budget_skip
m12_heavy_flood_dup0_s20260625_nonbonded,BudgetDoS,m12_heavy_flood_dup0_s20260625,nonbonded,70297,PRIVPROBE:0,budget_skip,0,False,0,budget_skip
m12_heavy_flood_dup0_s20260625_nonbonded,BudgetDoS,m12_heavy_flood_dup0_s20260625,nonbonded,71411,PRIVPROBE:0,budget_skip,0,False,0,budget_skip
m12_heavy_flood_dup0_s20260625_nonbonded,BudgetDoS,m12_heavy_flood_dup0_s20260625,nonbonded,72540,PRIVPROBE:0,budget_skip,0,False,0,budget_skip
m12_heavy_flood_dup0_s20260625_nonbonded,BudgetDoS,m12_heavy_flood_dup0_s20260625,nonbonded,73656,PRIVPROBE:0,budget_skip,0,False,0,budget_skip
m12_heavy_flood_dup0_s20260625_nonbonded,BudgetDoS,m12_heavy_flood_dup0_s20260625,nonbonded,74768,PRIVPROBE:0,budget_skip,0,False,0,budget_skip
m12_heavy_flood_dup0_s20260625_nonbonded,BudgetDoS,m12_heavy_flood_dup0_s20260625,nonbonded,75810,PRIVPROBE:0,budget_skip,0,False,0,budget_skip
m12_heavy_flood_dup0_s20260625_nonbonded,BudgetDoS,m12_heavy_flood_dup0_s20260625,nonbonded,76881,PRIVPROBE:0,budget_skip,0,False,0,budget_skip
m12_heavy_flood_dup0_s20260625_nonbonded,BudgetDoS,m12_heavy_flood_dup0_s20260625,nonbonded,77996,PRIVPROBE:0,budget_skip,0,False,0,budget_skip
m12_heavy_flood_dup0_s20260625_nonbonded,BudgetDoS,m12_heavy_flood_dup0_s20260625,nonbonded,79133,PRIVPROBE:0,budget_skip,0,False,0,budget_skip
m12_heavy_flood_dup0_s20260625_nonbonded,BudgetDoS,m12_heavy_flood_dup0_s20260625,nonbonded,80281,PRIVPROBE:0,budget_skip,0,False,0,budget_skip
m12_heavy_flood_dup0_s20260625_nonbonded,BudgetDoS,m12_heavy_flood_dup0_s20260625,nonbonded,81413,PRIVPROBE:0,budget_skip,0,False,0,budget_skip
m12_heavy_flood_dup0_s20260625_nonbonded,BudgetDoS,m12_heavy_flood_dup0_s20260625,nonbonded,82489,PRIVPROBE:0,budget_skip,0,False,0,budget_skip
m12_heavy_flood_dup0_s20260625_nonbonded,BudgetDoS,m12_heavy_flood_dup0_s20260625,nonbonded,83562,PRIVPROBE:0,budget_skip,0,False,0,budget_skip
m12_heavy_flood_dup0_s20260625_nonbonded,BudgetDoS,m12_heavy_flood_dup0_s20260625,nonbonded,84739,PRIVPROBE:0,budget_skip,0,False,0,budget_skip
m12_heavy_flood_dup0_s20260625_nonbonded,BudgetDoS,m12_heavy_flood_dup0_s20260625,nonbonded,85887,PRIVPROBE:0,budget_skip,0,False,0,budget_skip
m12_heavy_flood_dup0_s20260625_nonbonded,BudgetDoS,m12_heavy_flood_dup0_s20260625,nonbonded,86972,PRIVPROBE:0,budget_skip,0,False,0,budget_skip
m12_heavy_flood_dup0_s20260625_nonbonded,BudgetDoS,m12_heavy_flood_dup0_s20260625,nonbonded,88022,PRIVPROBE:0,budget_skip,0,False,0,budget_skip
m12_heavy_flood_dup0_s20260625_nonbonded,BudgetDoS,m12_heavy_flood_dup0_s20260625,nonbonded,89165,PRIVPROBE:0,budget_skip,0,False,0,budget_skip
m12_heavy_flood_dup0_s20260625_nonbonded,BudgetDoS,m12_heavy_flood_dup0_s20260625,nonbonded,90234,PRIVPROBE:0,budget_skip,0,False,0,budget_skip
m12_heavy_flood_dup0_s20260625_nonbonded,BudgetDoS,m12_heavy_flood_dup0_s20260625,nonbonded,91323,PRIVPROBE:0,budget_skip,0,False,0,budget_skip
m12_heavy_flood_dup0_s20260625_nonbonded,BudgetDoS,m12_heavy_flood_dup0_s20260625,nonbonded,92404,PRIVPROBE:0,budget_skip,0,False,0,budget_skip
m12_heavy_flood_dup0_s20260625_nonbonded,BudgetDoS,m12_heavy_flood_dup0_s20260625,nonbonded,93582,PRIVPROBE:0,budget_skip,0,False,0,budget_skip
m12_heavy_flood_dup0_s20260625_nonbonded,BudgetDoS,m12_heavy_flood_dup0_s20260625,nonbonded,94658,PRIVPROBE:0,budget_skip,0,False,0,budget_skip
m12_heavy_flood_dup0_s20260625_nonbonded,BudgetDoS,m12_heavy_flood_dup0_s20260625,nonbonded,95807,PRIVPROBE:0,budget_skip,0,False,0,budget_skip
m12_heavy_flood_dup0_s20260625_nonbonded,BudgetDoS,m12_heavy_flood_dup0_s20260625,nonbonded,96930,PRIVPROBE:0,budget_skip,0,False,0,budget_skip
m12_heavy_flood_dup0_s20260625_nonbonded,BudgetDoS,m12_heavy_flood_dup0_s20260625,nonbonded,98021,PRIVPROBE:0,budget_skip,0,False,0,budget_skip
m12_heavy_flood_dup0_s20260625_nonbonded,BudgetDoS,m12_heavy_flood_dup0_s20260625,nonbonded,99177,PRIVPROBE:0,budget_skip,0,False,0,budget_skip
m12_heavy_flood_dup0_s20260625_nonbonded,BudgetDoS,m12_heavy_flood_dup0_s20260625,nonbonded,100372,PRIVPROBE:0,budget_skip,0,False,0,budget_skip
m12_heavy_flood_dup0_s20260625_nonbonded,BudgetDoS,m12_heavy_flood_dup0_s20260625,nonbonded,101464,PRIVPROBE:0,budget_skip,0,False,0,budget_skip
m12_heavy_flood_dup0_s20260625_nonbonded,BudgetDoS,m12_heavy_flood_dup0_s20260625,nonbonded,102569,PRIVPROBE:0,budget_skip,0,False,0,budget_skip
m12_heavy_flood_dup0_s20260625_nonbonded,BudgetDoS,m12_heavy_flood_dup0_s20260625,nonbonded,103707,PRIVPROBE:0,budget_skip,0,False,0,budget_skip
m12_heavy_flood_dup0_s20260625_nonbonded,BudgetDoS,m12_heavy_flood_dup0_s20260625,nonbonded,104789,PRIVPROBE:0,budget_skip,0,False,0,budget_skip
m12_heavy_flood_dup0_s20260625_nonbonded,BudgetDoS,m12_heavy_flood_dup0_s20260625,nonbonded,105937,PRIVPROBE:0,budget_skip,0,False,0,budget_skip
m12_heavy_flood_dup0_s20260625_nonbonded,BudgetDoS,m12_heavy_flood_dup0_s20260625,nonbonded,107062,PRIVPROBE:0,budget_skip,0,False,0,budget_skip
m12_heavy_flood_dup0_s20260625_nonbonded,BudgetDoS,m12_heavy_flood_dup0_s20260625,nonbonded,108136,PRIVPROBE:0,budget_skip,0,False,0,budget_skip
m12_heavy_flood_dup0_s20260625_nonbonded,BudgetDoS,m12_heavy_flood_dup0_s20260625,nonbonded,109201,PRIVPROBE:0,budget_skip,0,False,0,budget_skip
m12_heavy_flood_dup0_s20260625_nonbonded,BudgetDoS,m12_heavy_flood_dup0_s20260625,nonbonded,110287,PRIVPROBE:0,budget_skip,0,False,0,budget_skip
m12_heavy_flood_dup0_s20260625_nonbonded,BudgetDoS,m12_heavy_flood_dup0_s20260625,nonbonded,111319,PRIVPROBE:0,budget_skip,0,False,0,budget_skip
m12_heavy_flood_dup0_s20260625_nonbonded,BudgetDoS,m12_heavy_flood_dup0_s20260625,nonbonded,112368,PRIVPROBE:0,budget_skip,0,False,0,budget_skip
m12_heavy_flood_dup0_s20260625_nonbonded,BudgetDoS,m12_heavy_flood_dup0_s20260625,nonbonded,113486,PRIVPROBE:0,budget_skip,0,False,0,budget_skip
m12_heavy_flood_dup0_s20260625_nonbonded,BudgetDoS,m12_heavy_flood_dup0_s20260625,nonbonded,114631,PRIVPROBE:0,budget_skip,0,False,0,budget_skip
m12_heavy_flood_dup0_s20260625_nonbonded,BudgetDoS,m12_heavy_flood_dup0_s20260625,nonbonded,115778,PRIVPROBE:0,budget_skip,0,False,0,budget_skip
m12_heavy_flood_dup0_s20260625_nonbonded,BudgetDoS,m12_heavy_flood_dup0_s20260625,nonbonded,116859,PRIVPROBE:0,budget_skip,0,False,0,budget_skip
m12_heavy_flood_dup0_s20260625_nonbonded,BudgetDoS,m12_heavy_flood_dup0_s20260625,nonbonded,117975,PRIVPROBE:0,budget_skip,0,False,0,budget_skip
m12_heavy_flood_dup0_s20260625_nonbonded,BudgetDoS,m12_heavy_flood_dup0_s20260625,nonbonded,119119,PRIVPROBE:0,budget_skip,0,False,0,budget_skip
m12_heavy_flood_dup0_s20260625_nonbonded,BudgetDoS,m12_heavy_flood_dup0_s20260625,nonbonded,120239,PRIVPROBE:0,budget_skip,0,False,0,budget_skip
m12_heavy_flood_dup0_s20260625_nonbonded,BudgetDoS,m12_heavy_flood_dup0_s20260625,nonbonded,121304,PRIVPROBE:0,budget_skip,0,False,0,budget_skip
m12_heavy_flood_dup0_s20260625_nonbonded,BudgetDoS,m12_heavy_flood_dup0_s20260625,nonbonded,122506,PRIVPROBE:0,budget_skip,0,False,0,budget_skip
m12_heavy_flood_dup0_s20260625_nonbonded,BudgetDoS,m12_heavy_flood_dup0_s20260625,nonbonded,123576,PRIVPROBE:0,budget_skip,0,False,0,budget_skip
m12_heavy_flood_dup0_s20260625_nonbonded,BudgetDoS,m12_heavy_flood_dup0_s20260625,nonbonded,124700,PRIVPROBE:0,budget_skip,0,False,0,budget_skip
m12_heavy_flood_dup0_s20260625_nonbonded,BudgetDoS,m12_heavy_flood_dup0_s20260625,nonbonded,125852,PRIVPROBE:0,budget_skip,0,False,0,budget_skip
m12_heavy_flood_dup0_s20260625_nonbonded,BudgetDoS,m12_heavy_flood_dup0_s20260625,nonbonded,127005,PRIVPROBE:0,budget_skip,0,False,0,budget_skip
m12_heavy_flood_dup0_s20260625_nonbonded,BudgetDoS,m12_heavy_flood_dup0_s20260625,nonbonded,128011,PRIVPROBE:0,budget_skip,0,False,0,budget_skip
m12_heavy_flood_dup0_s20260625_nonbonded,BudgetDoS,m12_heavy_flood_dup0_s20260625,nonbonded,129083,PRIVPROBE:0,budget_skip,0,False,0,budget_skip
m12_heavy_flood_dup0_s20260625_nonbonded,BudgetDoS,m12_heavy_flood_dup0_s20260625,nonbonded,130217,PRIVPROBE:0,budget_skip,0,False,0,budget_skip
m12_heavy_flood_dup0_s20260625_nonbonded,BudgetDoS,m12_heavy_flood_dup0_s20260625,nonbonded,131281,PRIVPROBE:0,budget_skip,0,False,0,budget_skip
m12_heavy_flood_dup0_s20260625_nonbonded,BudgetDoS,m12_heavy_flood_dup0_s20260625,nonbonded,132430,PRIVPROBE:0,budget_skip,0,False,0,budget_skip
m12_heavy_flood_dup0_s20260625_nonbonded,BudgetDoS,m12_heavy_flood_dup0_s20260625,nonbonded,133566,PRIVPROBE:0,budget_skip,0,False,0,budget_skip
m12_heavy_flood_dup0_s20260625_nonbonded,BudgetDoS,m12_heavy_flood_dup0_s20260625,nonbonded,134652,PRIVPROBE:0,budget_skip,0,False,0,budget_skip
m12_heavy_flood_dup0_s20260625_nonbonded,BudgetDoS,m12_heavy_flood_dup0_s20260625,nonbonded,135746,PRIVPROBE:0,budget_skip,0,False,0,budget_skip
m12_heavy_flood_dup0_s20260625_nonbonded,BudgetDoS,m12_heavy_flood_dup0_s20260625,nonbonded,136840,PRIVPROBE:0,budget_skip,0,False,0,budget_skip
m12_heavy_flood_dup0_s20260625_nonbonded,BudgetDoS,m12_heavy_flood_dup0_s20260625,nonbonded,137977,PRIVPROBE:0,budget_skip,0,False,0,budget_skip
m12_heavy_flood_dup0_s20260625_nonbonded,BudgetDoS,m12_heavy_flood_dup0_s20260625,nonbonded,139095,PRIVPROBE:0,budget_skip,0,False,0,budget_skip
m12_heavy_flood_dup0_s20260625_nonbonded,BudgetDoS,m12_heavy_flood_dup0_s20260625,nonbonded,140186,PRIVPROBE:0,budget_skip,0,False,0,budget_skip
m12_heavy_flood_dup0_s20260625_nonbonded,BudgetDoS,m12_heavy_flood_dup0_s20260625,nonbonded,141212,PRIVPROBE:0,budget_skip,0,False,0,budget_skip
m12_heavy_flood_dup0_s20260625_nonbonded,BudgetDoS,m12_heavy_flood_dup0_s20260625,nonbonded,142259,PRIVPROBE:0,budget_skip,0,False,0,budget_skip
m12_heavy_flood_dup0_s20260625_nonbonded,BudgetDoS,m12_heavy_flood_dup0_s20260625,nonbonded,143398,PRIVPROBE:0,budget_skip,0,False,0,budget_skip
m12_heavy_flood_dup0_s20260625_nonbonded,BudgetDoS,m12_heavy_flood_dup0_s20260625,nonbonded,144521,PRIVPROBE:0,budget_skip,0,False,0,budget_skip
m12_heavy_flood_dup0_s20260625_nonbonded,BudgetDoS,m12_heavy_flood_dup0_s20260625,nonbonded,145668,PRIVPROBE:0,budget_skip,0,False,0,budget_skip
m12_heavy_flood_dup0_s20260625_nonbonded,BudgetDoS,m12_heavy_flood_dup0_s20260625,nonbonded,146760,PRIVPROBE:0,budget_skip,0,False,0,budget_skip
m12_heavy_flood_dup0_s20260625_nonbonded,BudgetDoS,m12_heavy_flood_dup0_s20260625,nonbonded,147899,PRIVPROBE:0,budget_skip,0,False,0,budget_skip
m12_heavy_flood_dup0_s20260625_nonbonded,BudgetDoS,m12_heavy_flood_dup0_s20260625,nonbonded,149060,PRIVPROBE:0,budget_skip,0,False,0,budget_skip
m12_heavy_flood_dup0_s20260625_nonbonded,BudgetDoS,m12_heavy_flood_dup0_s20260625,nonbonded,150165,PRIVPROBE:0,budget_skip,0,False,0,budget_skip
m12_heavy_flood_dup0_s20260625_nonbonded,BudgetDoS,m12_heavy_flood_dup0_s20260625,nonbonded,151253,PRIVPROBE:0,budget_skip,0,False,0,budget_skip
m12_heavy_flood_dup0_s20260625_nonbonded,BudgetDoS,m12_heavy_flood_dup0_s20260625,nonbonded,152364,PRIVPROBE:0,budget_skip,0,False,0,budget_skip
m12_heavy_flood_dup0_s20260625_nonbonded,BudgetDoS,m12_heavy_flood_dup0_s20260625,nonbonded,153488,PRIVPROBE:0,budget_skip,0,False,0,budget_skip
m12_heavy_flood_dup0_s20260625_nonbonded,BudgetDoS,m12_heavy_flood_dup0_s20260625,nonbonded,154538,PRIVPROBE:0,budget_skip,0,False,0,budget_skip
m12_heavy_flood_dup0_s20260625_nonbonded,BudgetDoS,m12_heavy_flood_dup0_s20260625,nonbonded,155700,PRIVPROBE:0,budget_skip,0,False,0,budget_skip
m12_heavy_flood_dup0_s20260625_nonbonded,BudgetDoS,m12_heavy_flood_dup0_s20260625,nonbonded,156739,PRIVPROBE:0,budget_skip,0,False,0,budget_skip
m12_heavy_flood_dup0_s20260625_nonbonded,BudgetDoS,m12_heavy_flood_dup0_s20260625,nonbonded,157785,PRIVPROBE:0,budget_skip,0,False,0,budget_skip
m12_heavy_flood_dup0_s20260625_nonbonded,BudgetDoS,m12_heavy_flood_dup0_s20260625,nonbonded,158980,PRIVPROBE:0,budget_skip,0,False,0,budget_skip
m12_heavy_flood_dup0_s20260625_nonbonded,BudgetDoS,m12_heavy_flood_dup0_s20260625,nonbonded,160045,PRIVPROBE:0,budget_skip,0,False,0,budget_skip
m12_heavy_flood_dup0_s20260625_nonbonded,BudgetDoS,m12_heavy_flood_dup0_s20260625,nonbonded,161132,PRIVPROBE:0,budget_skip,0,False,0,budget_skip
m12_heavy_flood_dup0_s20260625_nonbonded,BudgetDoS,m12_heavy_flood_dup0_s20260625,nonbonded,162279,PRIVPROBE:0,budget_skip,0,False,0,budget_skip
m12_heavy_flood_dup0_s20260625_nonbonded,BudgetDoS,m12_heavy_flood_dup0_s20260625,nonbonded,163413,PRIVPROBE:0,budget_skip,0,False,0,budget_skip
m12_heavy_flood_dup0_s20260625_nonbonded,BudgetDoS,m12_heavy_flood_dup0_s20260625,nonbonded,164546,PRIVPROBE:0,budget_skip,0,False,0,budget_skip
m12_heavy_flood_dup0_s20260625_nonbonded,BudgetDoS,m12_heavy_flood_dup0_s20260625,nonbonded,165623,PRIVPROBE:0,budget_skip,0,False,0,budget_skip
m12_heavy_flood_dup0_s20260625_nonbonded,BudgetDoS,m12_heavy_flood_dup0_s20260625,nonbonded,166740,PRIVPROBE:0,budget_skip,0,False,0,budget_skip
m12_heavy_flood_dup0_s20260625_nonbonded,BudgetDoS,m12_heavy_flood_dup0_s20260625,nonbonded,167894,PRIVPROBE:0,budget_skip,0,False,0,budget_skip
m12_heavy_flood_dup0_s20260625_nonbonded,BudgetDoS,m12_heavy_flood_dup0_s20260625,nonbonded,169016,PRIVPROBE:0,budget_skip,0,False,0,budget_skip
m12_heavy_flood_dup0_s20260625_nonbonded,BudgetDoS,m12_heavy_flood_dup0_s20260625,nonbonded,170135,PRIVPROBE:0,budget_skip,0,False,0,budget_skip
m12_heavy_flood_dup0_s20260625_nonbonded,BudgetDoS,m12_heavy_flood_dup0_s20260625,nonbonded,171181,PRIVPROBE:0,budget_skip,0,False,0,budget_skip
m12_heavy_flood_dup0_s20260625_nonbonded,BudgetDoS,m12_heavy_flood_dup0_s20260625,nonbonded,172330,PRIVPROBE:0,budget_skip,0,False,0,budget_skip
m12_heavy_flood_dup0_s20260625_nonbonded,BudgetDoS,m12_heavy_flood_dup0_s20260625,nonbonded,173588,PRIVPROBE:0,budget_skip,0,False,0,budget_skip
m12_heavy_flood_dup0_s20260625_nonbonded,BudgetDoS,m12_heavy_flood_dup0_s20260625,nonbonded,174713,PRIVPROBE:0,budget_skip,0,False,0,budget_skip
m12_heavy_flood_dup0_s20260625_nonbonded,BudgetDoS,m12_heavy_flood_dup0_s20260625,nonbonded,175855,PRIVPROBE:0,budget_skip,0,False,0,budget_skip
m12_heavy_flood_dup0_s20260625_nonbonded,BudgetDoS,m12_heavy_flood_dup0_s20260625,nonbonded,176934,PRIVPROBE:0,budget_skip,0,False,0,budget_skip
m12_heavy_flood_dup0_s20260625_nonbonded,BudgetDoS,m12_heavy_flood_dup0_s20260625,nonbonded,178050,PRIVPROBE:0,budget_skip,0,False,0,budget_skip
m12_heavy_flood_dup0_s20260625_nonbonded,BudgetDoS,m12_heavy_flood_dup0_s20260625,nonbonded,179139,PRIVPROBE:0,budget_skip,0,False,0,budget_skip
m12_heavy_flood_dup0_s20260625_nonbonded,BudgetDoS,m12_heavy_flood_dup0_s20260625,nonbonded,180229,PRIVPROBE:0,budget_skip,0,False,0,budget_skip
m12_heavy_flood_dup0_s20260625_nonbonded,BudgetDoS,m12_heavy_flood_dup0_s20260625,nonbonded,181380,PRIVPROBE:0,budget_skip,0,False,0,budget_skip
m12_heavy_flood_dup0_s20260625_nonbonded,BudgetDoS,m12_heavy_flood_dup0_s20260625,nonbonded,182444,PRIVPROBE:0,budget_skip,0,False,0,budget_skip
m12_heavy_flood_dup0_s20260625_nonbonded,BudgetDoS,m12_heavy_flood_dup0_s20260625,nonbonded,183565,PRIVPROBE:0,budget_skip,0,False,0,budget_skip
m12_heavy_flood_dup0_s20260625_nonbonded,BudgetDoS,m12_heavy_flood_dup0_s20260625,nonbonded,184669,PRIVPROBE:0,budget_skip,0,False,0,budget_skip
m12_heavy_flood_dup0_s20260625_nonbonded,BudgetDoS,m12_heavy_flood_dup0_s20260625,nonbonded,185783,PRIVPROBE:0,budget_skip,0,False,0,budget_skip
m12_heavy_flood_dup0_s20260625_nonbonded,BudgetDoS,m12_heavy_flood_dup0_s20260625,nonbonded,186901,PRIVPROBE:0,budget_skip,0,False,0,budget_skip
m12_heavy_flood_dup0_s20260625_nonbonded,BudgetDoS,m12_heavy_flood_dup0_s20260625,nonbonded,187958,PRIVPROBE:0,budget_skip,0,False,0,budget_skip
m12_heavy_flood_dup0_s20260625_nonbonded,BudgetDoS,m12_heavy_flood_dup0_s20260625,nonbonded,189059,PRIVPROBE:0,budget_skip,0,False,0,budget_skip
m12_heavy_flood_dup0_s20260625_nonbonded,BudgetDoS,m12_heavy_flood_dup0_s20260625,nonbonded,190163,PRIVPROBE:0,budget_skip,0,False,0,budget_skip
m12_heavy_flood_dup0_s20260625_nonbonded,BudgetDoS,m12_heavy_flood_dup0_s20260625,nonbonded,191217,PRIVPROBE:0,budget_skip,0,False,0,budget_skip
m12_heavy_flood_dup0_s20260625_nonbonded,BudgetDoS,m12_heavy_flood_dup0_s20260625,nonbonded,192305,PRIVPROBE:0,budget_skip,0,False,0,budget_skip
m12_heavy_flood_dup0_s20260625_nonbonded,BudgetDoS,m12_heavy_flood_dup0_s20260625,nonbonded,193441,PRIVPROBE:0,budget_skip,0,False,0,budget_skip
m12_heavy_flood_dup0_s20260625_nonbonded,BudgetDoS,m12_heavy_flood_dup0_s20260625,nonbonded,194498,PRIVPROBE:0,budget_skip,0,False,0,budget_skip
m12_heavy_flood_dup0_s20260625_nonbonded,BudgetDoS,m12_heavy_flood_dup0_s20260625,nonbonded,195629,PRIVPROBE:0,budget_skip,0,False,0,budget_skip
m12_heavy_flood_dup0_s20260625_nonbonded,BudgetDoS,m12_heavy_flood_dup0_s20260625,nonbonded,196781,PRIVPROBE:0,budget_skip,0,False,0,budget_skip
m12_heavy_flood_dup0_s20260625_nonbonded,BudgetDoS,m12_heavy_flood_dup0_s20260625,nonbonded,197881,PRIVPROBE:0,budget_skip,0,False,0,budget_skip
m12_heavy_flood_dup0_s20260625_nonbonded,BudgetDoS,m12_heavy_flood_dup0_s20260625,nonbonded,199000,PRIVPROBE:0,budget_skip,0,False,0,budget_skip
m12_heavy_flood_dup0_s20260625_nonbonded,BudgetDoS,m12_heavy_flood_dup0_s20260625,nonbonded,200091,PRIVPROBE:1,budget_skip,0,False,0,budget_skip
m12_heavy_flood_dup0_s20260625_nonbonded,BudgetDoS,m12_heavy_flood_dup0_s20260625,nonbonded,201208,PRIVPROBE:1,budget_skip,0,False,0,budget_skip
m12_heavy_flood_dup0_s20260625_nonbonded,BudgetDoS,m12_heavy_flood_dup0_s20260625,nonbonded,202300,PRIVPROBE:1,budget_skip,0,False,0,budget_skip
m12_heavy_flood_dup0_s20260625_nonbonded,BudgetDoS,m12_heavy_flood_dup0_s20260625,nonbonded,203490,PRIVPROBE:1,budget_skip,0,False,0,budget_skip
m12_heavy_flood_dup0_s20260625_nonbonded,BudgetDoS,m12_heavy_flood_dup0_s20260625,nonbonded,204606,PRIVPROBE:1,budget_skip,0,False,0,budget_skip
m12_heavy_flood_dup0_s20260625_nonbonded,BudgetDoS,m12_heavy_flood_dup0_s20260625,nonbonded,205727,PRIVPROBE:1,budget_skip,0,False,0,budget_skip
m12_heavy_flood_dup0_s20260625_nonbonded,BudgetDoS,m12_heavy_flood_dup0_s20260625,nonbonded,206807,PRIVPROBE:1,budget_skip,0,False,0,budget_skip
m12_heavy_flood_dup0_s20260625_nonbonded,BudgetDoS,m12_heavy_flood_dup0_s20260625,nonbonded,207938,PRIVPROBE:1,budget_skip,0,False,0,budget_skip
m12_heavy_flood_dup0_s20260625_nonbonded,BudgetDoS,m12_heavy_flood_dup0_s20260625,nonbonded,209059,PRIVPROBE:1,budget_skip,0,False,0,budget_skip
m12_heavy_flood_dup0_s20260625_nonbonded,BudgetDoS,m12_heavy_flood_dup0_s20260625,nonbonded,210147,PRIVPROBE:1,budget_skip,0,False,0,budget_skip
m12_heavy_flood_dup0_s20260625_nonbonded,BudgetDoS,m12_heavy_flood_dup0_s20260625,nonbonded,211234,PRIVPROBE:1,budget_skip,0,False,0,budget_skip
m12_heavy_flood_dup0_s20260625_nonbonded,BudgetDoS,m12_heavy_flood_dup0_s20260625,nonbonded,212326,PRIVPROBE:1,budget_skip,0,False,0,budget_skip
m12_heavy_flood_dup0_s20260625_nonbonded,BudgetDoS,m12_heavy_flood_dup0_s20260625,nonbonded,213540,PRIVPROBE:1,budget_skip,0,False,0,budget_skip
m12_heavy_flood_dup0_s20260625_nonbonded,BudgetDoS,m12_heavy_flood_dup0_s20260625,nonbonded,214617,PRIVPROBE:1,budget_skip,0,False,0,budget_skip
m12_heavy_flood_dup0_s20260625_nonbonded,BudgetDoS,m12_heavy_flood_dup0_s20260625,nonbonded,215736,PRIVPROBE:1,budget_skip,0,False,0,budget_skip
m12_heavy_flood_dup0_s20260625_nonbonded,BudgetDoS,m12_heavy_flood_dup0_s20260625,nonbonded,216834,PRIVPROBE:1,budget_skip,0,False,0,budget_skip
m12_heavy_flood_dup0_s20260625_nonbonded,BudgetDoS,m12_heavy_flood_dup0_s20260625,nonbonded,217876,PRIVPROBE:1,budget_skip,0,False,0,budget_skip
m12_heavy_flood_dup0_s20260625_nonbonded,BudgetDoS,m12_heavy_flood_dup0_s20260625,nonbonded,219027,PRIVPROBE:1,budget_skip,0,False,0,budget_skip
m12_heavy_flood_dup0_s20260625_nonbonded,BudgetDoS,m12_heavy_flood_dup0_s20260625,nonbonded,220182,PRIVPROBE:1,budget_skip,0,False,0,budget_skip
m12_heavy_flood_dup0_s20260625_nonbonded,BudgetDoS,m12_heavy_flood_dup0_s20260625,nonbonded,221307,PRIVPROBE:1,budget_skip,0,False,0,budget_skip
m12_heavy_flood_dup0_s20260625_nonbonded,BudgetDoS,m12_heavy_flood_dup0_s20260625,nonbonded,222397,PRIVPROBE:1,budget_skip,0,False,0,budget_skip
m12_heavy_flood_dup0_s20260625_nonbonded,BudgetDoS,m12_heavy_flood_dup0_s20260625,nonbonded,223507,PRIVPROBE:1,budget_skip,0,False,0,budget_skip
m12_heavy_flood_dup0_s20260625_nonbonded,BudgetDoS,m12_heavy_flood_dup0_s20260625,nonbonded,224618,PRIVPROBE:1,budget_skip,0,False,0,budget_skip
m12_heavy_flood_dup0_s20260625_nonbonded,BudgetDoS,m12_heavy_flood_dup0_s20260625,nonbonded,225799,PRIVPROBE:1,budget_skip,0,False,0,budget_skip
m12_heavy_flood_dup0_s20260625_nonbonded,BudgetDoS,m12_heavy_flood_dup0_s20260625,nonbonded,226909,PRIVPROBE:1,budget_skip,0,False,0,budget_skip
m12_heavy_flood_dup0_s20260625_nonbonded,BudgetDoS,m12_heavy_flood_dup0_s20260625,nonbonded,228002,PRIVPROBE:1,budget_skip,0,False,0,budget_skip
m12_heavy_flood_dup0_s20260625_nonbonded,BudgetDoS,m12_heavy_flood_dup0_s20260625,nonbonded,229087,PRIVPROBE:1,budget_skip,0,False,0,budget_skip
m12_heavy_flood_dup0_s20260625_nonbonded,BudgetDoS,m12_heavy_flood_dup0_s20260625,nonbonded,230211,PRIVPROBE:1,budget_skip,0,False,0,budget_skip
m12_heavy_flood_dup0_s20260625_nonbonded,BudgetDoS,m12_heavy_flood_dup0_s20260625,nonbonded,231335,PRIVPROBE:1,budget_skip,0,False,0,budget_skip
m12_heavy_flood_dup0_s20260625_nonbonded,BudgetDoS,m12_heavy_flood_dup0_s20260625,nonbonded,232437,PRIVPROBE:1,budget_skip,0,False,0,budget_skip
m12_heavy_flood_dup0_s20260625_nonbonded,BudgetDoS,m12_heavy_flood_dup0_s20260625,nonbonded,233552,PRIVPROBE:1,budget_skip,0,False,0,budget_skip
m12_heavy_flood_dup0_s20260625_nonbonded,BudgetDoS,m12_heavy_flood_dup0_s20260625,nonbonded,234658,PRIVPROBE:1,budget_skip,0,False,0,budget_skip
m12_heavy_flood_dup0_s20260625_nonbonded,BudgetDoS,m12_heavy_flood_dup0_s20260625,nonbonded,235755,PRIVPROBE:1,budget_skip,0,False,0,budget_skip
m12_heavy_flood_dup0_s20260625_nonbonded,BudgetDoS,m12_heavy_flood_dup0_s20260625,nonbonded,236861,PRIVPROBE:1,budget_skip,0,False,0,budget_skip
m12_heavy_flood_dup0_s20260625_nonbonded,BudgetDoS,m12_heavy_flood_dup0_s20260625,nonbonded,237964,PRIVPROBE:1,budget_skip,0,False,0,budget_skip
m12_heavy_flood_dup0_s20260625_nonbonded,BudgetDoS,m12_heavy_flood_dup0_s20260625,nonbonded,239065,PRIVPROBE:1,budget_skip,0,False,0,budget_skip
m12_heavy_flood_dup0_s20260625_nonbonded,BudgetDoS,m12_heavy_flood_dup0_s20260625,nonbonded,240133,PRIVPROBE:1,budget_skip,0,False,0,budget_skip
m12_heavy_flood_dup0_s20260625_nonbonded,BudgetDoS,m12_heavy_flood_dup0_s20260625,nonbonded,241194,PRIVPROBE:1,budget_skip,0,False,0,budget_skip
m12_heavy_flood_dup0_s20260625_nonbonded,BudgetDoS,m12_heavy_flood_dup0_s20260625,nonbonded,242300,PRIVPROBE:1,budget_skip,0,False,0,budget_skip
m12_heavy_flood_dup0_s20260625_nonbonded,BudgetDoS,m12_heavy_flood_dup0_s20260625,nonbonded,243378,PRIVPROBE:1,budget_skip,0,False,0,budget_skip
m12_heavy_flood_dup0_s20260625_nonbonded,BudgetDoS,m12_heavy_flood_dup0_s20260625,nonbonded,244511,PRIVPROBE:1,budget_skip,0,False,0,budget_skip
m12_heavy_flood_dup0_s20260625_nonbonded,BudgetDoS,m12_heavy_flood_dup0_s20260625,nonbonded,245607,PRIVPROBE:1,budget_skip,0,False,0,budget_skip
m12_heavy_flood_dup0_s20260625_nonbonded,BudgetDoS,m12_heavy_flood_dup0_s20260625,nonbonded,246663,PRIVPROBE:1,budget_skip,0,False,0,budget_skip
m12_heavy_flood_dup0_s20260625_nonbonded,BudgetDoS,m12_heavy_flood_dup0_s20260625,nonbonded,247799,PRIVPROBE:1,budget_skip,0,False,0,budget_skip
m12_heavy_flood_dup0_s20260625_nonbonded,BudgetDoS,m12_heavy_flood_dup0_s20260625,nonbonded,248927,PRIVPROBE:1,budget_skip,0,False,0,budget_skip
m12_heavy_flood_dup0_s20260625_nonbonded,BudgetDoS,m12_heavy_flood_dup0_s20260625,nonbonded,250012,PRIVPROBE:1,budget_skip,0,False,0,budget_skip
m12_heavy_flood_dup0_s20260625_nonbonded,BudgetDoS,m12_heavy_flood_dup0_s20260625,nonbonded,251098,PRIVPROBE:1,budget_skip,0,False,0,budget_skip
m12_heavy_flood_dup0_s20260625_nonbonded,BudgetDoS,m12_heavy_flood_dup0_s20260625,nonbonded,252182,PRIVPROBE:1,budget_skip,0,False,0,budget_skip
m12_heavy_flood_dup0_s20260625_nonbonded,BudgetDoS,m12_heavy_flood_dup0_s20260625,nonbonded,253321,PRIVPROBE:1,budget_skip,0,False,0,budget_skip
m12_heavy_flood_dup0_s20260625_nonbonded,BudgetDoS,m12_heavy_flood_dup0_s20260625,nonbonded,254474,PRIVPROBE:1,budget_skip,0,False,0,budget_skip
m12_heavy_flood_dup0_s20260625_nonbonded,BudgetDoS,m12_heavy_flood_dup0_s20260625,nonbonded,255640,PRIVPROBE:1,budget_skip,0,False,0,budget_skip
m12_heavy_flood_dup0_s20260625_nonbonded,BudgetDoS,m12_heavy_flood_dup0_s20260625,nonbonded,256755,PRIVPROBE:1,budget_skip,0,False,0,budget_skip
m12_heavy_flood_dup0_s20260625_nonbonded,BudgetDoS,m12_heavy_flood_dup0_s20260625,nonbonded,257854,PRIVPROBE:1,budget_skip,0,False,0,budget_skip
m12_heavy_flood_dup0_s20260625_nonbonded,BudgetDoS,m12_heavy_flood_dup0_s20260625,nonbonded,258934,PRIVPROBE:1,budget_skip,0,False,0,budget_skip
m12_heavy_flood_dup0_s20260625_nonbonded,BudgetDoS,m12_heavy_flood_dup0_s20260625,nonbonded,260032,PRIVPROBE:1,budget_skip,0,False,0,budget_skip
m12_heavy_flood_dup0_s20260625_nonbonded,BudgetDoS,m12_heavy_flood_dup0_s20260625,nonbonded,261189,PRIVPROBE:1,budget_skip,0,False,0,budget_skip
m12_heavy_flood_dup0_s20260625_nonbonded,BudgetDoS,m12_heavy_flood_dup0_s20260625,nonbonded,262338,PRIVPROBE:1,budget_skip,0,False,0,budget_skip
m12_heavy_flood_dup0_s20260625_nonbonded,BudgetDoS,m12_heavy_flood_dup0_s20260625,nonbonded,263467,PRIVPROBE:1,budget_skip,0,False,0,budget_skip
m12_heavy_flood_dup0_s20260625_nonbonded,BudgetDoS,m12_heavy_flood_dup0_s20260625,nonbonded,264616,PRIVPROBE:1,budget_skip,0,False,0,budget_skip
m12_heavy_flood_dup0_s20260625_nonbonded,BudgetDoS,m12_heavy_flood_dup0_s20260625,nonbonded,265760,PRIVPROBE:1,budget_skip,0,False,0,budget_skip
m12_heavy_flood_dup0_s20260625_nonbonded,BudgetDoS,m12_heavy_flood_dup0_s20260625,nonbonded,266893,PRIVPROBE:1,budget_skip,0,False,0,budget_skip
m12_heavy_flood_dup0_s20260625_nonbonded,BudgetDoS,m12_heavy_flood_dup0_s20260625,nonbonded,267959,PRIVPROBE:1,budget_skip,0,False,0,budget_skip
m12_heavy_flood_dup0_s20260625_nonbonded,BudgetDoS,m12_heavy_flood_dup0_s20260625,nonbonded,269120,PRIVPROBE:1,budget_skip,0,False,0,budget_skip
m12_heavy_flood_dup0_s20260625_nonbonded,BudgetDoS,m12_heavy_flood_dup0_s20260625,nonbonded,270237,PRIVPROBE:1,budget_skip,0,False,0,budget_skip
m12_heavy_flood_dup0_s20260625_nonbonded,BudgetDoS,m12_heavy_flood_dup0_s20260625,nonbonded,271351,PRIVPROBE:1,budget_skip,0,False,0,budget_skip
m12_heavy_flood_dup0_s20260625_nonbonded,BudgetDoS,m12_heavy_flood_dup0_s20260625,nonbonded,272484,PRIVPROBE:1,budget_skip,0,False,0,budget_skip
m12_heavy_flood_dup0_s20260625_nonbonded,BudgetDoS,m12_heavy_flood_dup0_s20260625,nonbonded,273585,PRIVPROBE:1,budget_skip,0,False,0,budget_skip
m12_heavy_flood_dup0_s20260625_nonbonded,BudgetDoS,m12_heavy_flood_dup0_s20260625,nonbonded,274738,PRIVPROBE:1,budget_skip,0,False,0,budget_skip
m12_heavy_flood_dup0_s20260625_nonbonded,BudgetDoS,m12_heavy_flood_dup0_s20260625,nonbonded,275880,PRIVPROBE:1,budget_skip,0,False,0,budget_skip
m12_heavy_flood_dup0_s20260625_nonbonded,BudgetDoS,m12_heavy_flood_dup0_s20260625,nonbonded,276994,PRIVPROBE:1,budget_skip,0,False,0,budget_skip
m12_heavy_flood_dup0_s20260625_nonbonded,BudgetDoS,m12_heavy_flood_dup0_s20260625,nonbonded,278065,PRIVPROBE:1,budget_skip,0,False,0,budget_skip
m12_heavy_flood_dup0_s20260625_nonbonded,BudgetDoS,m12_heavy_flood_dup0_s20260625,nonbonded,279214,PRIVPROBE:1,budget_skip,0,False,0,budget_skip
m12_heavy_flood_dup0_s20260625_nonbonded,BudgetDoS,m12_heavy_flood_dup0_s20260625,nonbonded,280435,PRIVPROBE:1,budget_skip,0,False,0,budget_skip
m12_heavy_flood_dup0_s20260625_nonbonded,BudgetDoS,m12_heavy_flood_dup0_s20260625,nonbonded,281515,PRIVPROBE:1,budget_skip,0,False,0,budget_skip
m12_heavy_flood_dup0_s20260625_nonbonded,BudgetDoS,m12_heavy_flood_dup0_s20260625,nonbonded,282610,PRIVPROBE:1,budget_skip,0,False,0,budget_skip
m12_heavy_flood_dup0_s20260625_nonbonded,BudgetDoS,m12_heavy_flood_dup0_s20260625,nonbonded,283734,PRIVPROBE:1,budget_skip,0,False,0,budget_skip
m12_heavy_flood_dup0_s20260625_nonbonded,BudgetDoS,m12_heavy_flood_dup0_s20260625,nonbonded,284825,PRIVPROBE:1,budget_skip,0,False,0,budget_skip
m12_heavy_flood_dup0_s20260625_nonbonded,BudgetDoS,m12_heavy_flood_dup0_s20260625,nonbonded,285942,PRIVPROBE:1,budget_skip,0,False,0,budget_skip
m12_heavy_flood_dup0_s20260625_nonbonded,BudgetDoS,m12_heavy_flood_dup0_s20260625,nonbonded,287009,PRIVPROBE:1,budget_skip,0,False,0,budget_skip
m12_heavy_flood_dup0_s20260625_nonbonded,BudgetDoS,m12_heavy_flood_dup0_s20260625,nonbonded,288162,PRIVPROBE:1,budget_skip,0,False,0,budget_skip
m12_heavy_flood_dup0_s20260625_nonbonded,BudgetDoS,m12_heavy_flood_dup0_s20260625,nonbonded,289327,PRIVPROBE:1,budget_skip,0,False,0,budget_skip
m12_heavy_flood_dup0_s20260625_nonbonded,BudgetDoS,m12_heavy_flood_dup0_s20260625,nonbonded,290426,PRIVPROBE:1,budget_skip,0,False,0,budget_skip
m12_heavy_flood_dup0_s20260625_nonbonded,BudgetDoS,m12_heavy_flood_dup0_s20260625,nonbonded,291534,PRIVPROBE:1,budget_skip,0,False,0,budget_skip
m12_heavy_flood_dup0_s20260625_nonbonded,BudgetDoS,m12_heavy_flood_dup0_s20260625,nonbonded,292677,PRIVPROBE:1,budget_skip,0,False,0,budget_skip
m12_heavy_flood_dup0_s20260625_nonbonded,BudgetDoS,m12_heavy_flood_dup0_s20260625,nonbonded,293749,PRIVPROBE:1,budget_skip,0,False,0,budget_skip
m12_heavy_flood_dup0_s20260625_nonbonded,BudgetDoS,m12_heavy_flood_dup0_s20260625,nonbonded,294880,PRIVPROBE:1,budget_skip,0,False,0,budget_skip
m12_heavy_flood_dup0_s20260625_nonbonded,BudgetDoS,m12_heavy_flood_dup0_s20260625,nonbonded,296023,PRIVPROBE:1,budget_skip,0,False,0,budget_skip
m12_heavy_flood_dup0_s20260625_nonbonded,BudgetDoS,m12_heavy_flood_dup0_s20260625,nonbonded,297073,PRIVPROBE:1,budget_skip,0,False,0,budget_skip
m12_heavy_flood_dup0_s20260625_nonbonded,BudgetDoS,m12_heavy_flood_dup0_s20260625,nonbonded,298179,PRIVPROBE:1,budget_skip,0,False,0,budget_skip
m12_heavy_flood_dup0_s20260625_nonbonded,BudgetDoS,m12_heavy_flood_dup0_s20260625,nonbonded,299244,PRIVPROBE:1,budget_skip,0,False,0,budget_skip
m12_heavy_flood_dup0_s20260625_nonbonded,BudgetDoS,m12_heavy_flood_dup0_s20260625,nonbonded,300371,PRIVPROBE:1,budget_skip,0,False,0,budget_skip
m12_heavy_flood_dup0_s20260625_nonbonded,BudgetDoS,m12_heavy_flood_dup0_s20260625,nonbonded,301529,PRIVPROBE:1,budget_skip,0,False,0,budget_skip
m12_heavy_flood_dup0_s20260625_nonbonded,BudgetDoS,m12_heavy_flood_dup0_s20260625,nonbonded,302618,PRIVPROBE:1,budget_skip,0,False,0,budget_skip
m12_heavy_flood_dup0_s20260625_nonbonded,BudgetDoS,m12_heavy_flood_dup0_s20260625,nonbonded,303713,PRIVPROBE:1,budget_skip,0,False,0,budget_skip
m12_heavy_flood_dup0_s20260625_nonbonded,BudgetDoS,m12_heavy_flood_dup0_s20260625,nonbonded,304828,PRIVPROBE:1,budget_skip,0,False,0,budget_skip
m12_heavy_flood_dup0_s20260625_nonbonded,BudgetDoS,m12_heavy_flood_dup0_s20260625,nonbonded,305899,PRIVPROBE:1,budget_skip,0,False,0,budget_skip
m12_heavy_flood_dup0_s20260625_nonbonded,BudgetDoS,m12_heavy_flood_dup0_s20260625,nonbonded,306989,PRIVPROBE:1,budget_skip,0,False,0,budget_skip
m12_heavy_flood_dup0_s20260625_nonbonded,BudgetDoS,m12_heavy_flood_dup0_s20260625,nonbonded,308102,PRIVPROBE:1,budget_skip,0,False,0,budget_skip
m12_heavy_flood_dup0_s20260625_nonbonded,BudgetDoS,m12_heavy_flood_dup0_s20260625,nonbonded,309193,PRIVPROBE:1,budget_skip,0,False,0,budget_skip
m12_heavy_flood_dup0_s20260625_nonbonded,BudgetDoS,m12_heavy_flood_dup0_s20260625,nonbonded,310290,PRIVPROBE:1,budget_skip,0,False,0,budget_skip
m12_heavy_flood_dup0_s20260625_nonbonded,BudgetDoS,m12_heavy_flood_dup0_s20260625,nonbonded,311361,PRIVPROBE:1,budget_skip,0,False,0,budget_skip
m12_heavy_flood_dup0_s20260625_nonbonded,BudgetDoS,m12_heavy_flood_dup0_s20260625,nonbonded,312464,PRIVPROBE:1,budget_skip,0,False,0,budget_skip
m12_heavy_flood_dup0_s20260625_nonbonded,BudgetDoS,m12_heavy_flood_dup0_s20260625,nonbonded,313600,PRIVPROBE:1,budget_skip,0,False,0,budget_skip
m12_heavy_flood_dup0_s20260625_nonbonded,BudgetDoS,m12_heavy_flood_dup0_s20260625,nonbonded,314767,PRIVPROBE:1,budget_skip,0,False,0,budget_skip
m12_heavy_flood_dup0_s20260625_nonbonded,BudgetDoS,m12_heavy_flood_dup0_s20260625,nonbonded,315882,PRIVPROBE:1,budget_skip,0,False,0,budget_skip
m12_heavy_flood_dup0_s20260625_nonbonded,BudgetDoS,m12_heavy_flood_dup0_s20260625,nonbonded,317006,PRIVPROBE:1,budget_skip,0,False,0,budget_skip
m12_heavy_flood_dup0_s20260625_nonbonded,BudgetDoS,m12_heavy_flood_dup0_s20260625,nonbonded,318143,PRIVPROBE:1,budget_skip,0,False,0,budget_skip
m12_heavy_flood_dup0_s20260625_nonbonded,BudgetDoS,m12_heavy_flood_dup0_s20260625,nonbonded,319285,PRIVPROBE:1,budget_skip,0,False,0,budget_skip
m12_heavy_flood_dup0_s20260625_nonbonded,BudgetDoS,m12_heavy_flood_dup0_s20260625,nonbonded,320394,PRIVPROBE:1,budget_skip,0,False,0,budget_skip
m12_heavy_flood_dup0_s20260625_nonbonded,BudgetDoS,m12_heavy_flood_dup0_s20260625,nonbonded,321536,PRIVPROBE:1,budget_skip,0,False,0,budget_skip
m12_heavy_flood_dup0_s20260625_nonbonded,BudgetDoS,m12_heavy_flood_dup0_s20260625,nonbonded,322656,PRIVPROBE:1,budget_skip,0,False,0,budget_skip
m12_heavy_flood_dup0_s20260625_nonbonded,BudgetDoS,m12_heavy_flood_dup0_s20260625,nonbonded,323801,PRIVPROBE:1,budget_skip,0,False,0,budget_skip
m12_heavy_flood_dup0_s20260625_nonbonded,BudgetDoS,m12_heavy_flood_dup0_s20260625,nonbonded,324893,PRIVPROBE:1,budget_skip,0,False,0,budget_skip
m12_heavy_flood_dup0_s20260625_nonbonded,BudgetDoS,m12_heavy_flood_dup0_s20260625,nonbonded,325977,PRIVPROBE:1,budget_skip,0,False,0,budget_skip
m12_heavy_flood_dup0_s20260625_nonbonded,BudgetDoS,m12_heavy_flood_dup0_s20260625,nonbonded,327097,PRIVPROBE:1,budget_skip,0,False,0,budget_skip
m12_heavy_flood_dup0_s20260625_nonbonded,BudgetDoS,m12_heavy_flood_dup0_s20260625,nonbonded,328212,PRIVPROBE:1,budget_skip,0,False,0,budget_skip
m12_heavy_flood_dup0_s20260625_nonbonded,BudgetDoS,m12_heavy_flood_dup0_s20260625,nonbonded,329328,PRIVPROBE:1,budget_skip,0,False,0,budget_skip
m12_heavy_flood_dup0_s20260625_nonbonded,BudgetDoS,m12_heavy_flood_dup0_s20260625,nonbonded,330482,PRIVPROBE:1,budget_skip,0,False,0,budget_skip
m12_heavy_flood_dup0_s20260625_nonbonded,BudgetDoS,m12_heavy_flood_dup0_s20260625,nonbonded,331537,PRIVPROBE:1,budget_skip,0,False,0,budget_skip
m12_heavy_flood_dup0_s20260625_nonbonded,BudgetDoS,m12_heavy_flood_dup0_s20260625,nonbonded,332658,PRIVPROBE:1,budget_skip,0,False,0,budget_skip
m12_heavy_flood_dup0_s20260625_nonbonded,BudgetDoS,m12_heavy_flood_dup0_s20260625,nonbonded,333718,PRIVPROBE:1,budget_skip,0,False,0,budget_skip
m12_heavy_flood_dup0_s20260625_nonbonded,BudgetDoS,m12_heavy_flood_dup0_s20260625,nonbonded,334899,PRIVPROBE:1,budget_skip,0,False,0,budget_skip
m12_heavy_flood_dup0_s20260625_nonbonded,BudgetDoS,m12_heavy_flood_dup0_s20260625,nonbonded,336041,PRIVPROBE:1,budget_skip,0,False,0,budget_skip
m12_heavy_flood_dup0_s20260625_nonbonded,BudgetDoS,m12_heavy_flood_dup0_s20260625,nonbonded,337160,PRIVPROBE:1,budget_skip,0,False,0,budget_skip
m12_heavy_flood_dup0_s20260625_nonbonded,BudgetDoS,m12_heavy_flood_dup0_s20260625,nonbonded,338273,PRIVPROBE:1,budget_skip,0,False,0,budget_skip
m12_heavy_flood_dup0_s20260625_nonbonded,BudgetDoS,m12_heavy_flood_dup0_s20260625,nonbonded,339385,PRIVPROBE:1,budget_skip,0,False,0,budget_skip
m12_heavy_flood_dup0_s20260625_nonbonded,BudgetDoS,m12_heavy_flood_dup0_s20260625,nonbonded,340507,PRIVPROBE:1,budget_skip,0,False,0,budget_skip
m12_heavy_flood_dup0_s20260625_nonbonded,BudgetDoS,m12_heavy_flood_dup0_s20260625,nonbonded,341662,PRIVPROBE:1,budget_skip,0,False,0,budget_skip
m12_heavy_flood_dup0_s20260625_nonbonded,BudgetDoS,m12_heavy_flood_dup0_s20260625,nonbonded,342739,PRIVPROBE:1,budget_skip,0,False,0,budget_skip
m12_heavy_flood_dup0_s20260625_nonbonded,BudgetDoS,m12_heavy_flood_dup0_s20260625,nonbonded,343808,PRIVPROBE:1,budget_skip,0,False,0,budget_skip
m12_heavy_flood_dup0_s20260625_nonbonded,BudgetDoS,m12_heavy_flood_dup0_s20260625,nonbonded,344981,PRIVPROBE:1,budget_skip,0,False,0,budget_skip
m12_heavy_flood_dup0_s20260625_nonbonded,BudgetDoS,m12_heavy_flood_dup0_s20260625,nonbonded,346040,PRIVPROBE:1,budget_skip,0,False,0,budget_skip
m12_heavy_flood_dup0_s20260625_nonbonded,BudgetDoS,m12_heavy_flood_dup0_s20260625,nonbonded,347120,PRIVPROBE:1,budget_skip,0,False,0,budget_skip
m12_heavy_flood_dup0_s20260625_nonbonded,BudgetDoS,m12_heavy_flood_dup0_s20260625,nonbonded,348279,PRIVPROBE:1,budget_skip,0,False,0,budget_skip
m12_heavy_flood_dup0_s20260625_nonbonded,BudgetDoS,m12_heavy_flood_dup0_s20260625,nonbonded,349377,PRIVPROBE:1,budget_skip,0,False,0,budget_skip
m12_heavy_flood_dup0_s20260625_nonbonded,BudgetDoS,m12_heavy_flood_dup0_s20260625,nonbonded,350446,PRIVPROBE:1,budget_skip,0,False,0,budget_skip
m12_heavy_flood_dup0_s20260625_nonbonded,BudgetDoS,m12_heavy_flood_dup0_s20260625,nonbonded,351548,PRIVPROBE:1,budget_skip,0,False,0,budget_skip
m12_heavy_flood_dup0_s20260625_nonbonded,BudgetDoS,m12_heavy_flood_dup0_s20260625,nonbonded,352666,PRIVPROBE:1,budget_skip,0,False,0,budget_skip
m12_heavy_flood_dup0_s20260625_nonbonded,BudgetDoS,m12_heavy_flood_dup0_s20260625,nonbonded,353852,PRIVPROBE:1,budget_skip,0,False,0,budget_skip
m12_heavy_flood_dup0_s20260625_nonbonded,BudgetDoS,m12_heavy_flood_dup0_s20260625,nonbonded,354907,PRIVPROBE:1,budget_skip,0,False,0,budget_skip
m12_heavy_flood_dup0_s20260625_nonbonded,BudgetDoS,m12_heavy_flood_dup0_s20260625,nonbonded,356049,PRIVPROBE:1,budget_skip,0,False,0,budget_skip
m12_heavy_flood_dup0_s20260625_nonbonded,BudgetDoS,m12_heavy_flood_dup0_s20260625,nonbonded,357177,PRIVPROBE:1,budget_skip,0,False,0,budget_skip
m12_heavy_flood_dup0_s20260625_nonbonded,BudgetDoS,m12_heavy_flood_dup0_s20260625,nonbonded,358349,PRIVPROBE:1,budget_skip,0,False,0,budget_skip
m12_heavy_flood_dup0_s20260625_nonbonded,BudgetDoS,m12_heavy_flood_dup0_s20260625,nonbonded,359456,PRIVPROBE:1,budget_skip,0,False,0,budget_skip
m12_heavy_flood_dup0_s20260625_nonbonded,BudgetDoS,m12_heavy_flood_dup0_s20260625,nonbonded,360559,PRIVPROBE:1,budget_skip,0,False,0,budget_skip
m12_heavy_flood_dup0_s20260625_nonbonded,BudgetDoS,m12_heavy_flood_dup0_s20260625,nonbonded,361615,PRIVPROBE:1,budget_skip,0,False,0,budget_skip
m12_heavy_flood_dup0_s20260625_nonbonded,BudgetDoS,m12_heavy_flood_dup0_s20260625,nonbonded,362703,PRIVPROBE:1,budget_skip,0,False,0,budget_skip
m12_heavy_flood_dup0_s20260625_nonbonded,BudgetDoS,m12_heavy_flood_dup0_s20260625,nonbonded,363814,PRIVPROBE:1,budget_skip,0,False,0,budget_skip
m12_heavy_flood_dup0_s20260625_nonbonded,BudgetDoS,m12_heavy_flood_dup0_s20260625,nonbonded,364951,PRIVPROBE:1,budget_skip,0,False,0,budget_skip
m12_heavy_flood_dup0_s20260625_nonbonded,BudgetDoS,m12_heavy_flood_dup0_s20260625,nonbonded,366023,PRIVPROBE:1,budget_skip,0,False,0,budget_skip
m12_heavy_flood_dup0_s20260625_nonbonded,BudgetDoS,m12_heavy_flood_dup0_s20260625,nonbonded,367235,PRIVPROBE:1,budget_skip,0,False,0,budget_skip
m12_heavy_flood_dup0_s20260625_nonbonded,BudgetDoS,m12_heavy_flood_dup0_s20260625,nonbonded,368354,PRIVPROBE:1,budget_skip,0,False,0,budget_skip
m12_heavy_flood_dup0_s20260625_nonbonded,BudgetDoS,m12_heavy_flood_dup0_s20260625,nonbonded,369474,PRIVPROBE:1,budget_skip,0,False,0,budget_skip
m12_heavy_flood_dup0_s20260625_nonbonded,BudgetDoS,m12_heavy_flood_dup0_s20260625,nonbonded,370590,PRIVPROBE:1,budget_skip,0,False,0,budget_skip
m12_heavy_flood_dup0_s20260625_nonbonded,BudgetDoS,m12_heavy_flood_dup0_s20260625,nonbonded,371665,PRIVPROBE:1,budget_skip,0,False,0,budget_skip
m12_heavy_flood_dup0_s20260625_nonbonded,BudgetDoS,m12_heavy_flood_dup0_s20260625,nonbonded,372816,PRIVPROBE:1,budget_skip,0,False,0,budget_skip
m12_heavy_flood_dup0_s20260625_nonbonded,BudgetDoS,m12_heavy_flood_dup0_s20260625,nonbonded,373941,PRIVPROBE:1,budget_skip,0,False,0,budget_skip
m12_heavy_flood_dup0_s20260625_nonbonded,BudgetDoS,m12_heavy_flood_dup0_s20260625,nonbonded,375092,PRIVPROBE:1,budget_skip,0,False,0,budget_skip
m12_heavy_flood_dup0_s20260625_nonbonded,BudgetDoS,m12_heavy_flood_dup0_s20260625,nonbonded,376173,PRIVPROBE:1,budget_skip,0,False,0,budget_skip
m12_heavy_flood_dup0_s20260625_nonbonded,BudgetDoS,m12_heavy_flood_dup0_s20260625,nonbonded,377278,PRIVPROBE:1,budget_skip,0,False,0,budget_skip
m12_heavy_flood_dup0_s20260625_nonbonded,BudgetDoS,m12_heavy_flood_dup0_s20260625,nonbonded,378393,PRIVPROBE:1,budget_skip,0,False,0,budget_skip
m12_heavy_flood_dup0_s20260625_nonbonded,BudgetDoS,m12_heavy_flood_dup0_s20260625,nonbonded,379558,PRIVPROBE:1,budget_skip,0,False,0,budget_skip
m12_heavy_flood_dup0_s20260625_nonbonded,BudgetDoS,m12_heavy_flood_dup0_s20260625,nonbonded,380700,PRIVPROBE:1,budget_skip,0,False,0,budget_skip
m12_heavy_flood_dup0_s20260625_nonbonded,BudgetDoS,m12_heavy_flood_dup0_s20260625,nonbonded,381803,PRIVPROBE:1,budget_skip,0,False,0,budget_skip
m12_heavy_flood_dup0_s20260625_nonbonded,BudgetDoS,m12_heavy_flood_dup0_s20260625,nonbonded,382918,PRIVPROBE:1,budget_skip,0,False,0,budget_skip
m12_heavy_flood_dup0_s20260625_nonbonded,BudgetDoS,m12_heavy_flood_dup0_s20260625,nonbonded,383985,PRIVPROBE:1,budget_skip,0,False,0,budget_skip
m12_heavy_flood_dup0_s20260625_nonbonded,BudgetDoS,m12_heavy_flood_dup0_s20260625,nonbonded,385191,PRIVPROBE:1,budget_skip,0,False,0,budget_skip
m12_heavy_flood_dup0_s20260625_nonbonded,BudgetDoS,m12_heavy_flood_dup0_s20260625,nonbonded,386346,PRIVPROBE:1,budget_skip,0,False,0,budget_skip
m12_heavy_flood_dup0_s20260625_nonbonded,BudgetDoS,m12_heavy_flood_dup0_s20260625,nonbonded,387440,PRIVPROBE:1,budget_skip,0,False,0,budget_skip
m12_heavy_flood_dup0_s20260625_nonbonded,BudgetDoS,m12_heavy_flood_dup0_s20260625,nonbonded,388585,PRIVPROBE:1,budget_skip,0,False,0,budget_skip
m12_heavy_flood_dup0_s20260625_nonbonded,BudgetDoS,m12_heavy_flood_dup0_s20260625,nonbonded,389679,PRIVPROBE:1,budget_skip,0,False,0,budget_skip
m12_heavy_flood_dup0_s20260625_nonbonded,BudgetDoS,m12_heavy_flood_dup0_s20260625,nonbonded,390838,PRIVPROBE:1,budget_skip,0,False,0,budget_skip
m12_heavy_flood_dup0_s20260625_nonbonded,BudgetDoS,m12_heavy_flood_dup0_s20260625,nonbonded,391965,PRIVPROBE:1,budget_skip,0,False,0,budget_skip
m12_heavy_flood_dup0_s20260625_nonbonded,BudgetDoS,m12_heavy_flood_dup0_s20260625,nonbonded,393060,PRIVPROBE:1,budget_skip,0,False,0,budget_skip
m12_heavy_flood_dup0_s20260625_nonbonded,BudgetDoS,m12_heavy_flood_dup0_s20260625,nonbonded,394154,PRIVPROBE:1,budget_skip,0,False,0,budget_skip
m12_heavy_flood_dup0_s20260625_nonbonded,BudgetDoS,m12_heavy_flood_dup0_s20260625,nonbonded,395245,PRIVPROBE:1,budget_skip,0,False,0,budget_skip
m12_heavy_flood_dup0_s20260625_nonbonded,BudgetDoS,m12_heavy_flood_dup0_s20260625,nonbonded,396359,PRIVPROBE:1,budget_skip,0,False,0,budget_skip
m12_heavy_flood_dup0_s20260625_nonbonded,BudgetDoS,m12_heavy_flood_dup0_s20260625,nonbonded,397406,PRIVPROBE:1,budget_skip,0,False,0,budget_skip
m12_heavy_flood_dup0_s20260625_nonbonded,BudgetDoS,m12_heavy_flood_dup0_s20260625,nonbonded,398528,PRIVPROBE:1,budget_skip,0,False,0,budget_skip
m12_heavy_flood_dup0_s20260625_nonbonded,BudgetDoS,m12_heavy_flood_dup0_s20260625,nonbonded,399617,PRIVPROBE:1,budget_skip,0,False,0,budget_skip
