suite,m10_experiment,m10_scenario,run_id,duration_s,num_bonded,rl_capacity,background_rpa_rate_per_min,attack_rpa_rate_per_min,unique_attack_rpa,duplicate_filter_window_s,persist_reserve,persist_k,seed,method,summary_warmup_applied,summary_warmup_s,summary_measurement_s,aes_attempts_total,aes_attempts_per_legit_resolved,legit_resolution_rate,p50_resolution_delay_ms,p95_resolution_delay_ms,p99_resolution_delay_ms,attack_aes_amplification,false_defer_legit_rate,reserve_grant_legit_count,reserve_grant_attack_count,duplicate_filter_legit_count,duplicate_filter_attack_count,cache_hit_legit_count,host_scan_legit_count,budget_skip_legit_count,budget_skip_attack_count,estimated_energy_uJ,sram_bytes
m10_statistical_extension,main,medium_flood,m10_main_medium_flood_s20260610,1800,512,8,100.0,1000.0,True,0,200,1,20260610,Random-RL,True,300,1500,14610839,5886.719984,1.0,0.0,0.0,0.0,502750.08,0.0,0,0,0,0,0,1595,0,0,1753300.68,4128
m10_statistical_extension,main,medium_flood,m10_main_medium_flood_s20260610,1800,512,8,100.0,1000.0,True,0,200,1,20260610,AdaptiveRateLimit,True,300,1500,1261463,808.630128,0.628525,0.0,0.0,0.0,44089.92,0.371475,0,0,0,0,0,97,922,22751,151375.56,64
m10_statistical_extension,main,medium_flood,m10_main_medium_flood_s20260610,1800,512,8,100.0,1000.0,True,0,200,1,20260610,BudgetDoS,True,300,1500,1261414,833.717118,0.609589,0,0.0,0.0,44049.6,0.390411,0,0,0,0,0,99,969,22753,151369.68,4192
m10_statistical_extension,main,medium_flood,m10_main_medium_flood_s20260610,1800,512,8,100.0,1000.0,True,0,200,1,20260610,P3-NoPersist,True,300,1500,1260004,682.559047,0.743755,0.0,0.0,0.0,44815.68,0.257454,0,0,0,0,1788,54,44,2060,151200.48,5232
m10_statistical_extension,main,medium_flood,m10_main_medium_flood_s20260610,1800,512,8,100.0,1000.0,True,0,200,1,20260610,P3-Persist,True,300,1500,1338128,563.659646,0.956487,0.0,0.0,0.0,45360.0,0.050766,155,0,0,0,2183,28,5,2058,160575.36,6832
m10_statistical_extension,main,medium_flood,m10_main_medium_flood_s20260610,1800,512,8,100.0,1000.0,True,0,200,1,20260610,Oracle-Offline,True,300,1500,2482,1.0,1.0,0.0,0.0,0.0,0.0,0.0,0,0,0,0,0,0,0,0,297.84,0
m10_statistical_extension,main,medium_flood,m10_main_medium_flood_s20260611,1800,512,8,100.0,1000.0,True,0,200,1,20260611,Random-RL,True,300,1500,14654702,5627.765745,1.0,0.0,0.0,0.0,500532.48,0.0,0,0,0,0,0,1702,0,0,1758564.24,4128
m10_statistical_extension,main,medium_flood,m10_main_medium_flood_s20260611,1800,512,8,100.0,1000.0,True,0,200,1,20260611,AdaptiveRateLimit,True,300,1500,1261449,820.187906,0.59063,0.0,0.0,0.0,43767.36,0.40937,0,0,0,0,0,89,1066,22657,151373.88,64
m10_statistical_extension,main,medium_flood,m10_main_medium_flood_s20260611,1800,512,8,100.0,1000.0,True,0,200,1,20260611,BudgetDoS,True,300,1500,1261290,902.85612,0.536482,0,0.0,0.0,43444.8,0.463518,0,0,0,0,0,107,1207,22673,151354.8,4192
m10_statistical_extension,main,medium_flood,m10_main_medium_flood_s20260611,1800,512,8,100.0,1000.0,True,0,200,1,20260611,P3-NoPersist,True,300,1500,1260003,652.513206,0.741551,0,0.0,0.0,44291.52,0.259985,0,0,0,0,1867,61,42,2056,151200.36,5232
m10_statistical_extension,main,medium_flood,m10_main_medium_flood_s20260611,1800,512,8,100.0,1000.0,True,0,200,1,20260611,P3-Persist,True,300,1500,1358794,546.578439,0.954685,0.0,0.0,0.0,44896.32,0.049923,196,0,0,0,2251,29,8,2056,163055.28,6832
m10_statistical_extension,main,medium_flood,m10_main_medium_flood_s20260611,1800,512,8,100.0,1000.0,True,0,200,1,20260611,Oracle-Offline,True,300,1500,2604,1.0,1.0,0.0,0.0,0.0,0.0,0.0,0,0,0,0,0,0,0,0,312.48,0
m10_statistical_extension,main,medium_flood,m10_main_medium_flood_s20260612,1800,512,8,100.0,1000.0,True,0,200,1,20260612,Random-RL,True,300,1500,14650230,5591.69084,1.0,0.0,0.0,0.0,503778.24,0.0,0,0,0,0,0,1654,0,0,1758027.6,4128
m10_statistical_extension,main,medium_flood,m10_main_medium_flood_s20260612,1800,512,8,100.0,1000.0,True,0,200,1,20260612,AdaptiveRateLimit,True,300,1500,1261541,770.642028,0.624809,0,0.0,0.0,44231.04,0.375191,0,0,0,0,0,96,983,22795,151384.92,64
m10_statistical_extension,main,medium_flood,m10_main_medium_flood_s20260612,1800,512,8,100.0,1000.0,True,0,200,1,20260612,BudgetDoS,True,300,1500,1261462,807.077415,0.596565,0,0.0,0.0,44130.24,0.403435,0,0,0,0,0,101,1057,22800,151375.44,4192
m10_statistical_extension,main,medium_flood,m10_main_medium_flood_s20260612,1800,512,8,100.0,1000.0,True,0,200,1,20260612,P3-NoPersist,True,300,1500,1260002,615.836755,0.780916,0.0,0.0,0.0,44674.56,0.220229,0,0,0,0,1972,72,30,2112,151200.24,5232
m10_statistical_extension,main,medium_flood,m10_main_medium_flood_s20260612,1800,512,8,100.0,1000.0,True,0,200,1,20260612,P3-Persist,True,300,1500,1338630,532.682053,0.95916,0,0.0,0.0,45178.56,0.046183,156,0,0,0,2309,42,8,2108,160635.6,6832
m10_statistical_extension,main,medium_flood,m10_main_medium_flood_s20260612,1800,512,8,100.0,1000.0,True,0,200,1,20260612,Oracle-Offline,True,300,1500,2620,1.0,1.0,0.0,0.0,0.0,0.0,0.0,0,0,0,0,0,0,0,0,314.4,0
m10_statistical_extension,main,medium_flood,m10_main_medium_flood_s20260613,1800,512,8,100.0,1000.0,True,0,200,1,20260613,Random-RL,True,300,1500,14834713,5585.35881,1.0,0.0,0.0,0.0,507568.32,0.0,0,0,0,0,0,1671,0,0,1780165.56,4128
m10_statistical_extension,main,medium_flood,m10_main_medium_flood_s20260613,1800,512,8,100.0,1000.0,True,0,200,1,20260613,AdaptiveRateLimit,True,300,1500,1261603,733.490116,0.64759,0.0,0.0,0.0,43787.52,0.35241,0,0,0,0,0,117,936,23005,151392.36,64
m10_statistical_extension,main,medium_flood,m10_main_medium_flood_s20260613,1800,512,8,100.0,1000.0,True,0,200,1,20260613,BudgetDoS,True,300,1500,1261471,788.419375,0.60241,0.0,0.0,0.0,43585.92,0.39759,0,0,0,0,0,129,1056,23015,151376.52,4192
m10_statistical_extension,main,medium_flood,m10_main_medium_flood_s20260613,1800,512,8,100.0,1000.0,True,0,200,1,20260613,P3-NoPersist,True,300,1500,1260003,597.440967,0.794051,0,0.0,0.0,44432.64,0.208584,0,0,0,0,2026,80,42,2093,151200.36,5232
m10_statistical_extension,main,medium_flood,m10_main_medium_flood_s20260613,1800,512,8,100.0,1000.0,True,0,200,1,20260613,P3-Persist,True,300,1500,1340147,524.519374,0.961973,0,0.0,0.0,45097.92,0.042545,159,0,0,0,2341,44,12,2090,160817.64,6832
m10_statistical_extension,main,medium_flood,m10_main_medium_flood_s20260613,1800,512,8,100.0,1000.0,True,0,200,1,20260613,Oracle-Offline,True,300,1500,2656,1.0,1.0,0.0,0.0,0.0,0.0,0.0,0,0,0,0,0,0,0,0,318.72,0
m10_statistical_extension,main,medium_flood,m10_main_medium_flood_s20260614,1800,512,8,100.0,1000.0,True,0,200,1,20260614,Random-RL,True,300,1500,14676371,5812.424158,1.0,0,0.0,0.0,506278.08,0.0,0,0,0,0,0,1626,0,0,1761164.52,4128
m10_statistical_extension,main,medium_flood,m10_main_medium_flood_s20260614,1800,512,8,100.0,1000.0,True,0,200,1,20260614,AdaptiveRateLimit,True,300,1500,1261493,797.403919,0.626535,0.0,0.0,0.0,44009.28,0.373465,0,0,0,0,0,89,943,22930,151379.16,64
m10_statistical_extension,main,medium_flood,m10_main_medium_flood_s20260614,1800,512,8,100.0,1000.0,True,0,200,1,20260614,BudgetDoS,True,300,1500,1261493,797.403919,0.626535,0.0,0.0,0.0,44009.28,0.373465,0,0,0,0,0,89,943,22930,151379.16,4192
m10_statistical_extension,main,medium_flood,m10_main_medium_flood_s20260614,1800,512,8,100.0,1000.0,True,0,200,1,20260614,P3-NoPersist,True,300,1500,1260005,647.484584,0.770693,0.0,0.0,0.0,44472.96,0.231287,0,0,0,0,1880,61,43,2082,151200.6,5232
m10_statistical_extension,main,medium_flood,m10_main_medium_flood_s20260614,1800,512,8,100.0,1000.0,True,0,200,1,20260614,P3-Persist,True,300,1500,1336116,550.294893,0.961584,0.0,0.0,0.0,45017.28,0.042376,151,0,0,0,2230,35,7,2078,160333.92,6832
m10_statistical_extension,main,medium_flood,m10_main_medium_flood_s20260614,1800,512,8,100.0,1000.0,True,0,200,1,20260614,Oracle-Offline,True,300,1500,2525,1.0,1.0,0,0.0,0.0,0.0,0.0,0,0,0,0,0,0,0,0,303.0,0
m10_statistical_extension,main,medium_flood,m10_main_medium_flood_s20260615,1800,512,8,100.0,1000.0,True,0,200,1,20260615,Random-RL,True,300,1500,14705067,5972.813566,1.0,0.0,0.0,0.0,505975.68,0.0,0,0,0,0,0,1595,0,0,1764608.04,4128
m10_statistical_extension,main,medium_flood,m10_main_medium_flood_s20260615,1800,512,8,100.0,1000.0,True,0,200,1,20260615,AdaptiveRateLimit,True,300,1500,1261441,818.055123,0.62632,0.0,0.0,0.0,44392.32,0.37368,0,0,0,0,0,101,920,22896,151372.92,64
m10_statistical_extension,main,medium_flood,m10_main_medium_flood_s20260615,1800,512,8,100.0,1000.0,True,0,200,1,20260615,BudgetDoS,True,300,1500,1261228,940.51305,0.544679,0,0,0.0,44150.4,0.455321,0,0,0,0,0,113,1121,22908,151347.36,4192
m10_statistical_extension,main,medium_flood,m10_main_medium_flood_s20260615,1800,512,8,100.0,1000.0,True,0,200,1,20260615,P3-NoPersist,True,300,1500,1260005,672.720235,0.760764,0,0.0,0.0,45178.56,0.241673,0,0,0,0,1809,59,24,2081,151200.6,5232
m10_statistical_extension,main,medium_flood,m10_main_medium_flood_s20260615,1800,512,8,100.0,1000.0,True,0,200,1,20260615,P3-Persist,True,300,1500,1337115,567.536078,0.956946,0.0,0.0,0.0,45743.04,0.047929,153,0,0,0,2170,30,3,2080,160453.8,6832
m10_statistical_extension,main,medium_flood,m10_main_medium_flood_s20260615,1800,512,8,100.0,1000.0,True,0,200,1,20260615,Oracle-Offline,True,300,1500,2462,1.0,1.0,0.0,0.0,0.0,0.0,0.0,0,0,0,0,0,0,0,0,295.44,0
m10_statistical_extension,main,medium_flood,m10_main_medium_flood_s20260616,1800,512,8,100.0,1000.0,True,0,200,1,20260616,Random-RL,True,300,1500,14609866,5929.328734,1.0,0.0,0.0,0.0,501600.96,0.0,0,0,0,0,0,1542,0,0,1753183.92,4128
m10_statistical_extension,main,medium_flood,m10_main_medium_flood_s20260616,1800,512,8,100.0,1000.0,True,0,200,1,20260616,AdaptiveRateLimit,True,300,1500,1261452,817.002591,0.626623,0.0,0.0,0.0,44372.16,0.373377,0,0,0,0,0,92,920,22680,151374.24,64
m10_statistical_extension,main,medium_flood,m10_main_medium_flood_s20260616,1800,512,8,100.0,1000.0,True,0,200,1,20260616,BudgetDoS,True,300,1500,1261301,895.174592,0.571834,0,0.0,0.0,44130.24,0.428166,0,0,0,0,0,108,1055,22692,151356.12,4192
m10_statistical_extension,main,medium_flood,m10_main_medium_flood_s20260616,1800,512,8,100.0,1000.0,True,0,200,1,20260616,P3-NoPersist,True,300,1500,1260005,677.786444,0.754464,0,0.0,0.0,45037.44,0.245942,0,0,0,0,1801,53,35,2107,151200.6,5232
m10_statistical_extension,main,medium_flood,m10_main_medium_flood_s20260616,1800,512,8,100.0,1000.0,True,0,200,1,20260616,P3-Persist,True,300,1500,1346697,572.331917,0.954951,0,0.0,0.0,45440.64,0.050731,172,0,0,0,2143,29,5,2108,161603.64,6832
m10_statistical_extension,main,medium_flood,m10_main_medium_flood_s20260616,1800,512,8,100.0,1000.0,True,0,200,1,20260616,Oracle-Offline,True,300,1500,2464,1.0,1.0,0.0,0.0,0.0,0.0,0.0,0,0,0,0,0,0,0,0,295.68,0
m10_statistical_extension,main,medium_flood,m10_main_medium_flood_s20260617,1800,512,8,100.0,1000.0,True,0,200,1,20260617,Random-RL,True,300,1500,14791283,5942.660908,1.0,0,0.0,0.0,506943.36,0.0,0,0,0,0,0,1590,0,0,1774953.96,4128
m10_statistical_extension,main,medium_flood,m10_main_medium_flood_s20260617,1800,512,8,100.0,1000.0,True,0,200,1,20260617,AdaptiveRateLimit,True,300,1500,1261461,812.797036,0.623544,0.0,0.0,0.0,43706.88,0.376456,0,0,0,0,0,91,937,22978,151375.32,64
m10_statistical_extension,main,medium_flood,m10_main_medium_flood_s20260617,1800,512,8,100.0,1000.0,True,0,200,1,20260617,BudgetDoS,True,300,1500,1261303,902.865426,0.56127,0,0.0,0.0,43646.4,0.43873,0,0,0,0,0,94,1092,22981,151356.36,4192
m10_statistical_extension,main,medium_flood,m10_main_medium_flood_s20260617,1800,512,8,100.0,1000.0,True,0,200,1,20260617,P3-NoPersist,True,300,1500,1260004,678.515886,0.746083,0,0.0,0.0,44352.0,0.255123,0,0,0,0,1797,56,66,2092,151200.48,5232
m10_statistical_extension,main,medium_flood,m10_main_medium_flood_s20260617,1800,512,8,100.0,1000.0,True,0,200,1,20260617,P3-Persist,True,300,1500,1359293,571.852335,0.955002,0,0.0,0.0,44795.52,0.05223,197,0,0,0,2145,30,12,2093,163115.16,6832
m10_statistical_extension,main,medium_flood,m10_main_medium_flood_s20260617,1800,512,8,100.0,1000.0,True,0,200,1,20260617,Oracle-Offline,True,300,1500,2489,1.0,1.0,0,0.0,0.0,0.0,0.0,0,0,0,0,0,0,0,0,298.68,0
m10_statistical_extension,main,medium_flood,m10_main_medium_flood_s20260618,1800,512,8,100.0,1000.0,True,0,200,1,20260618,Random-RL,True,300,1500,14592231,5846.246394,1.0,0.0,0.0,0.0,501782.4,0.0,0,0,0,0,0,1569,0,0,1751067.72,4128
m10_statistical_extension,main,medium_flood,m10_main_medium_flood_s20260618,1800,512,8,100.0,1000.0,True,0,200,1,20260618,AdaptiveRateLimit,True,300,1500,1261477,805.026803,0.627804,0,0.0,0.0,44856.0,0.372196,0,0,0,0,0,90,929,22665,151377.24,64
m10_statistical_extension,main,medium_flood,m10_main_medium_flood_s20260618,1800,512,8,100.0,1000.0,True,0,200,1,20260618,BudgetDoS,True,300,1500,1261235,937.72119,0.538862,0,0.0,0.0,44472.96,0.461138,0,0,0,0,0,110,1151,22684,151348.2,4192
m10_statistical_extension,main,medium_flood,m10_main_medium_flood_s20260618,1800,512,8,100.0,1000.0,True,0,200,1,20260618,P3-NoPersist,True,300,1500,1260002,678.149623,0.744391,0.0,0.0,0.0,45279.36,0.25641,0,0,0,0,1791,65,30,2100,151200.24,5232
m10_statistical_extension,main,medium_flood,m10_main_medium_flood_s20260618,1800,512,8,100.0,1000.0,True,0,200,1,20260618,P3-Persist,True,300,1500,1342665,562.490574,0.95633,0,0.0,0.0,45904.32,0.046474,164,0,0,0,2182,32,6,2098,161119.8,6832
m10_statistical_extension,main,medium_flood,m10_main_medium_flood_s20260618,1800,512,8,100.0,1000.0,True,0,200,1,20260618,Oracle-Offline,True,300,1500,2496,1.0,1.0,0.0,0.0,0.0,0.0,0.0,0,0,0,0,0,0,0,0,299.52,0
m10_statistical_extension,main,medium_flood,m10_main_medium_flood_s20260619,1800,512,8,100.0,1000.0,True,0,200,1,20260619,Random-RL,True,300,1500,14598810,5704.888628,1.0,0,0.0,0.0,501379.2,0.0,0,0,0,0,0,1605,0,0,1751857.2,4128
m10_statistical_extension,main,medium_flood,m10_main_medium_flood_s20260619,1800,512,8,100.0,1000.0,True,0,200,1,20260619,AdaptiveRateLimit,True,300,1500,1261514,784.036047,0.628761,0,0.0,0.0,43807.68,0.371239,0,0,0,0,0,95,950,22697,151381.68,64
m10_statistical_extension,main,medium_flood,m10_main_medium_flood_s20260619,1800,512,8,100.0,1000.0,True,0,200,1,20260619,BudgetDoS,True,300,1500,1261461,807.076775,0.610785,0,0.0,0.0,43686.72,0.389215,0,0,0,0,0,102,996,22703,151375.32,4192
m10_statistical_extension,main,medium_flood,m10_main_medium_flood_s20260619,1800,512,8,100.0,1000.0,True,0,200,1,20260619,P3-NoPersist,True,300,1500,1260003,664.558544,0.740914,0.0,0.0,0.0,44412.48,0.260649,0,0,0,0,1831,62,57,2062,151200.36,5232
m10_statistical_extension,main,medium_flood,m10_main_medium_flood_s20260619,1800,512,8,100.0,1000.0,True,0,200,1,20260619,P3-Persist,True,300,1500,1349219,550.476948,0.957796,0,0.0,0.0,45037.44,0.05041,177,0,0,0,2233,30,6,2057,161906.28,6832
m10_statistical_extension,main,medium_flood,m10_main_medium_flood_s20260619,1800,512,8,100.0,1000.0,True,0,200,1,20260619,Oracle-Offline,True,300,1500,2559,1.0,1.0,0,0.0,0.0,0.0,0.0,0,0,0,0,0,0,0,0,307.08,0
m10_statistical_extension,main,medium_flood,m10_main_medium_flood_s20260620,1800,512,8,100.0,1000.0,True,0,200,1,20260620,Random-RL,True,300,1500,14705116,5898.562375,1.0,0,0.0,0.0,505895.04,0.0,0,0,0,0,0,1577,0,0,1764613.92,4128
m10_statistical_extension,main,medium_flood,m10_main_medium_flood_s20260620,1800,512,8,100.0,1000.0,True,0,200,1,20260620,AdaptiveRateLimit,True,300,1500,1261460,817.007772,0.619334,0.0,0.0,0.0,44251.2,0.380666,0,0,0,0,0,84,949,22899,151375.2,64
m10_statistical_extension,main,medium_flood,m10_main_medium_flood_s20260620,1800,512,8,100.0,1000.0,True,0,200,1,20260620,BudgetDoS,True,300,1500,1261423,835.37947,0.605696,0.0,0.0,0.0,44150.4,0.394304,0,0,0,0,0,87,983,22904,151370.76,4192
m10_statistical_extension,main,medium_flood,m10_main_medium_flood_s20260620,1800,512,8,100.0,1000.0,True,0,200,1,20260620,P3-NoPersist,True,300,1500,1260007,660.72732,0.764942,0,0.0,0.0,44755.2,0.236262,0,0,0,0,1846,54,44,2067,151200.84,5232
m10_statistical_extension,main,medium_flood,m10_main_medium_flood_s20260620,1800,512,8,100.0,1000.0,True,0,200,1,20260620,P3-Persist,True,300,1500,1336113,561.627995,0.954272,0,0.0,0.0,45339.84,0.052146,151,0,0,0,2196,23,4,2066,160333.56,6832
m10_statistical_extension,main,medium_flood,m10_main_medium_flood_s20260620,1800,512,8,100.0,1000.0,True,0,200,1,20260620,Oracle-Offline,True,300,1500,2493,1.0,1.0,0,0.0,0.0,0.0,0.0,0,0,0,0,0,0,0,0,299.16,0
m10_statistical_extension,main,medium_flood,m10_main_medium_flood_s20260621,1800,512,8,100.0,1000.0,True,0,200,1,20260621,Random-RL,True,300,1500,14622455,5839.638578,1.0,0.0,0.0,0.0,502004.16,0.0,0,0,0,0,0,1593,0,0,1754694.6,4128
m10_statistical_extension,main,medium_flood,m10_main_medium_flood_s20260621,1800,512,8,100.0,1000.0,True,0,200,1,20260621,AdaptiveRateLimit,True,300,1500,1261474,808.119154,0.623403,0,0,0.0,43948.8,0.376597,0,0,0,0,0,87,943,22721,151376.88,64
m10_statistical_extension,main,medium_flood,m10_main_medium_flood_s20260621,1800,512,8,100.0,1000.0,True,0,200,1,20260621,BudgetDoS,True,300,1500,1261348,869.295658,0.579473,0,0.0,0.0,43626.24,0.420527,0,0,0,0,0,103,1053,22737,151361.76,4192
m10_statistical_extension,main,medium_flood,m10_main_medium_flood_s20260621,1800,512,8,100.0,1000.0,True,0,200,1,20260621,P3-NoPersist,True,300,1500,1260004,671.286095,0.749601,0,0.0,0.0,44372.16,0.251997,0,0,0,0,1811,62,36,2039,151200.48,5232
m10_statistical_extension,main,medium_flood,m10_main_medium_flood_s20260621,1800,512,8,100.0,1000.0,True,0,200,1,20260621,P3-Persist,True,300,1500,1340141,559.557829,0.95647,0,0.0,0.0,44936.64,0.047125,159,0,0,0,2201,30,5,2039,160816.92,6832
m10_statistical_extension,main,medium_flood,m10_main_medium_flood_s20260621,1800,512,8,100.0,1000.0,True,0,200,1,20260621,Oracle-Offline,True,300,1500,2504,1.0,1.0,0.0,0.0,0.0,0.0,0.0,0,0,0,0,0,0,0,0,300.48,0
m10_statistical_extension,main,medium_flood,m10_main_medium_flood_s20260622,1800,512,8,100.0,1000.0,True,0,200,1,20260622,Random-RL,True,300,1500,14669420,5748.205329,1.0,0.0,0.0,0.0,505874.88,0.0,0,0,0,0,0,1548,0,0,1760330.4,4128
m10_statistical_extension,main,medium_flood,m10_main_medium_flood_s20260622,1800,512,8,100.0,1000.0,True,0,200,1,20260622,AdaptiveRateLimit,True,300,1500,1261547,773.00674,0.639498,0.0,0.0,0.0,44069.76,0.360502,0,0,0,0,0,85,920,22907,151385.64,64
m10_statistical_extension,main,medium_flood,m10_main_medium_flood_s20260622,1800,512,8,100.0,1000.0,True,0,200,1,20260622,BudgetDoS,True,300,1500,1261485,798.91387,0.61873,0,0.0,0.0,43888.32,0.38127,0,0,0,0,0,94,973,22916,151378.2,4192
m10_statistical_extension,main,medium_flood,m10_main_medium_flood_s20260622,1800,512,8,100.0,1000.0,True,0,200,1,20260622,P3-NoPersist,True,300,1500,1260000,664.206642,0.743339,0,0.0,0.0,44533.44,0.257837,0,0,0,0,1838,59,21,2083,151200.0,5232
m10_statistical_extension,main,medium_flood,m10_main_medium_flood_s20260622,1800,512,8,100.0,1000.0,True,0,200,1,20260622,P3-Persist,True,300,1500,1336113,547.138821,0.956897,0.0,0.0,0.0,45057.6,0.048197,151,0,0,0,2254,28,6,2082,160333.56,6832
m10_statistical_extension,main,medium_flood,m10_main_medium_flood_s20260622,1800,512,8,100.0,1000.0,True,0,200,1,20260622,Oracle-Offline,True,300,1500,2552,1.0,1.0,0.0,0.0,0.0,0.0,0.0,0,0,0,0,0,0,0,0,306.24,0
m10_statistical_extension,main,medium_flood,m10_main_medium_flood_s20260623,1800,512,8,100.0,1000.0,True,0,200,1,20260623,Random-RL,True,300,1500,14639632,5834.84735,1.0,0,0.0,0.0,502588.8,0.0,0,0,0,0,0,1557,0,0,1756755.84,4128
m10_statistical_extension,main,medium_flood,m10_main_medium_flood_s20260623,1800,512,8,100.0,1000.0,True,0,200,1,20260623,AdaptiveRateLimit,True,300,1500,1261474,806.053674,0.623754,0,0.0,0.0,44170.56,0.376246,0,0,0,0,0,91,944,22739,151376.88,64
m10_statistical_extension,main,medium_flood,m10_main_medium_flood_s20260623,1800,512,8,100.0,1000.0,True,0,200,1,20260623,BudgetDoS,True,300,1500,1261198,972.396299,0.516939,0,0.0,0.0,44089.92,0.483061,0,0,0,0,0,99,1212,22743,151343.76,4192
m10_statistical_extension,main,medium_flood,m10_main_medium_flood_s20260623,1800,512,8,100.0,1000.0,True,0,200,1,20260623,P3-NoPersist,True,300,1500,1260002,679.612729,0.73894,0.0,0.0,0.0,44674.56,0.262256,0,0,0,0,1788,64,68,2092,151200.24,5232
m10_statistical_extension,main,medium_flood,m10_main_medium_flood_s20260623,1800,512,8,100.0,1000.0,True,0,200,1,20260623,P3-Persist,True,300,1500,1345183,561.428631,0.954962,0.0,0.0,0.0,45239.04,0.051016,169,0,0,0,2186,34,13,2087,161421.96,6832
m10_statistical_extension,main,medium_flood,m10_main_medium_flood_s20260623,1800,512,8,100.0,1000.0,True,0,200,1,20260623,Oracle-Offline,True,300,1500,2509,1.0,1.0,0,0.0,0.0,0.0,0.0,0,0,0,0,0,0,0,0,301.08,0
m10_statistical_extension,main,medium_flood,m10_main_medium_flood_s20260624,1800,512,8,100.0,1000.0,True,0,200,1,20260624,Random-RL,True,300,1500,14615885,5905.408081,1.0,0,0.0,0.0,502669.44,0.0,0,0,0,0,0,1582,0,0,1753906.2,4128
m10_statistical_extension,main,medium_flood,m10_main_medium_flood_s20260624,1800,512,8,100.0,1000.0,True,0,200,1,20260624,AdaptiveRateLimit,True,300,1500,1261463,803.479618,0.634343,0.0,0.0,0.0,43565.76,0.365657,0,0,0,0,0,107,905,22773,151375.56,64
m10_statistical_extension,main,medium_flood,m10_main_medium_flood_s20260624,1800,512,8,100.0,1000.0,True,0,200,1,20260624,BudgetDoS,True,300,1500,1261278,908.701729,0.560808,0.0,0.0,0.0,43505.28,0.439192,0,0,0,0,0,110,1087,22776,151353.36,4192
m10_statistical_extension,main,medium_flood,m10_main_medium_flood_s20260624,1800,512,8,100.0,1000.0,True,0,200,1,20260624,P3-NoPersist,True,300,1500,1260002,670.21383,0.759596,0.0,0.0,0.0,44210.88,0.243232,0,0,0,0,1806,72,45,2083,151200.24,5232
m10_statistical_extension,main,medium_flood,m10_main_medium_flood_s20260624,1800,512,8,100.0,1000.0,True,0,200,1,20260624,P3-Persist,True,300,1500,1351738,569.632533,0.958788,0,0.0,0.0,44997.12,0.048889,182,0,0,0,2152,29,6,2080,162208.56,6832
m10_statistical_extension,main,medium_flood,m10_main_medium_flood_s20260624,1800,512,8,100.0,1000.0,True,0,200,1,20260624,Oracle-Offline,True,300,1500,2475,1.0,1.0,0,0.0,0.0,0.0,0.0,0,0,0,0,0,0,0,0,297.0,0
m10_statistical_extension,main,medium_flood,m10_main_medium_flood_s20260625,1800,512,8,100.0,1000.0,True,0,200,1,20260625,Random-RL,True,300,1500,14925940,5814.546163,1.0,0,0.0,0.0,514080.0,0.0,0,0,0,0,0,1579,0,0,1791112.8,4128
m10_statistical_extension,main,medium_flood,m10_main_medium_flood_s20260625,1800,512,8,100.0,1000.0,True,0,200,1,20260625,AdaptiveRateLimit,True,300,1500,1261523,775.844403,0.633424,0.0,0.0,0.0,43928.64,0.366576,0,0,0,0,0,103,941,23321,151382.76,64
m10_statistical_extension,main,medium_flood,m10_main_medium_flood_s20260625,1800,512,8,100.0,1000.0,True,0,200,1,20260625,BudgetDoS,True,300,1500,1261517,777.754007,0.631866,0.0,0.0,0.0,43888.32,0.368134,0,0,0,0,0,105,945,23323,151382.04,4192
m10_statistical_extension,main,medium_flood,m10_main_medium_flood_s20260625,1800,512,8,100.0,1000.0,True,0,200,1,20260625,P3-NoPersist,True,300,1500,1260001,662.809574,0.740553,0,0,0,44593.92,0.261395,0,0,0,0,1833,67,44,2080,151200.12,5232
m10_statistical_extension,main,medium_flood,m10_main_medium_flood_s20260625,1800,512,8,100.0,1000.0,True,0,200,1,20260625,P3-Persist,True,300,1500,1346201,546.791633,0.959096,0.0,0.0,0.0,45279.36,0.045189,171,0,0,0,2243,31,7,2077,161544.12,6832
m10_statistical_extension,main,medium_flood,m10_main_medium_flood_s20260625,1800,512,8,100.0,1000.0,True,0,200,1,20260625,Oracle-Offline,True,300,1500,2567,1.0,1.0,0,0.0,0.0,0.0,0.0,0,0,0,0,0,0,0,0,308.04,0
m10_statistical_extension,main,medium_flood,m10_main_medium_flood_s20260626,1800,512,8,100.0,1000.0,True,0,200,1,20260626,Random-RL,True,300,1500,14793807,5794.675676,1.0,0,0.0,0.0,508475.52,0.0,0,0,0,0,0,1650,0,0,1775256.84,4128
m10_statistical_extension,main,medium_flood,m10_main_medium_flood_s20260626,1800,512,8,100.0,1000.0,True,0,200,1,20260626,AdaptiveRateLimit,True,300,1500,1261431,821.779153,0.601253,0,0.0,0.0,43787.52,0.398747,0,0,0,0,0,104,1018,23050,151371.72,64
m10_statistical_extension,main,medium_flood,m10_main_medium_flood_s20260626,1800,512,8,100.0,1000.0,True,0,200,1,20260626,BudgetDoS,True,300,1500,1261179,968.647465,0.509988,0.0,0.0,0.0,43404.48,0.490012,0,0,0,0,0,123,1251,23069,151341.48,4192
m10_statistical_extension,main,medium_flood,m10_main_medium_flood_s20260626,1800,512,8,100.0,1000.0,True,0,200,1,20260626,P3-NoPersist,True,300,1500,1260005,661.767332,0.745789,0.0,0.0,0.0,44452.8,0.256169,0,0,0,0,1828,71,51,2176,151200.6,5232
m10_statistical_extension,main,medium_flood,m10_main_medium_flood_s20260626,1800,512,8,100.0,1000.0,True,0,200,1,20260626,P3-Persist,True,300,1500,1345189,551.533005,0.955347,0,0.0,0.0,45158.4,0.04857,169,0,0,0,2222,35,7,2174,161422.68,6832
m10_statistical_extension,main,medium_flood,m10_main_medium_flood_s20260626,1800,512,8,100.0,1000.0,True,0,200,1,20260626,Oracle-Offline,True,300,1500,2553,1.0,1.0,0,0.0,0.0,0.0,0.0,0,0,0,0,0,0,0,0,306.36,0
m10_statistical_extension,main,medium_flood,m10_main_medium_flood_s20260627,1800,512,8,100.0,1000.0,True,0,200,1,20260627,Random-RL,True,300,1500,14628540,5705.358814,1.0,0.0,0.0,0.0,501943.68,0.0,0,0,0,0,0,1616,0,0,1755424.8,4128
m10_statistical_extension,main,medium_flood,m10_main_medium_flood_s20260627,1800,512,8,100.0,1000.0,True,0,200,1,20260627,AdaptiveRateLimit,True,300,1500,1261472,798.905636,0.615835,0,0.0,0.0,44110.08,0.384165,0,0,0,0,0,107,985,22710,151376.64,64
m10_statistical_extension,main,medium_flood,m10_main_medium_flood_s20260627,1800,512,8,100.0,1000.0,True,0,200,1,20260627,BudgetDoS,True,300,1500,1261389,839.247505,0.586193,0,0.0,0.0,43968.96,0.413807,0,0,0,0,0,114,1061,22717,151366.68,4192
m10_statistical_extension,main,medium_flood,m10_main_medium_flood_s20260627,1800,512,8,100.0,1000.0,True,0,200,1,20260627,P3-NoPersist,True,300,1500,1260004,658.997908,0.74571,0.0,0.0,0.0,44755.2,0.25546,0,0,0,0,1839,69,44,2030,151200.48,5232
m10_statistical_extension,main,medium_flood,m10_main_medium_flood_s20260627,1800,512,8,100.0,1000.0,True,0,200,1,20260627,P3-Persist,True,300,1500,1366357,556.560896,0.957488,0,0.0,0.0,45380.16,0.047192,211,0,0,0,2200,31,10,2030,163962.84,6832
m10_statistical_extension,main,medium_flood,m10_main_medium_flood_s20260627,1800,512,8,100.0,1000.0,True,0,200,1,20260627,Oracle-Offline,True,300,1500,2564,1.0,1.0,0.0,0.0,0.0,0.0,0.0,0,0,0,0,0,0,0,0,307.68,0
m10_statistical_extension,main,medium_flood,m10_main_medium_flood_s20260628,1800,512,8,100.0,1000.0,True,0,200,1,20260628,Random-RL,True,300,1500,14708122,5848.159841,1.0,0,0.0,0.0,504927.36,0.0,0,0,0,0,0,1617,0,0,1764974.64,4128
m10_statistical_extension,main,medium_flood,m10_main_medium_flood_s20260628,1800,512,8,100.0,1000.0,True,0,200,1,20260628,AdaptiveRateLimit,True,300,1500,1261450,819.123377,0.612326,0.0,0.0,0.0,44513.28,0.387674,0,0,0,0,0,90,975,22838,151374.0,64
m10_statistical_extension,main,medium_flood,m10_main_medium_flood_s20260628,1800,512,8,100.0,1000.0,True,0,200,1,20260628,BudgetDoS,True,300,1500,1261229,949.720633,0.528032,0.0,0.0,0.0,44331.84,0.471968,0,0,0,0,0,99,1187,22847,151347.48,4192
m10_statistical_extension,main,medium_flood,m10_main_medium_flood_s20260628,1800,512,8,100.0,1000.0,True,0,200,1,20260628,P3-NoPersist,True,300,1500,1260002,670.21383,0.747515,0.0,0.0,0.0,45037.44,0.254871,0,0,0,0,1815,63,54,2023,151200.24,5232
m10_statistical_extension,main,medium_flood,m10_main_medium_flood_s20260628,1800,512,8,100.0,1000.0,True,0,200,1,20260628,P3-Persist,True,300,1500,1347709,561.311537,0.954672,0,0,0,45541.44,0.052883,174,0,0,0,2180,34,9,2020,161725.08,6832
m10_statistical_extension,main,medium_flood,m10_main_medium_flood_s20260628,1800,512,8,100.0,1000.0,True,0,200,1,20260628,Oracle-Offline,True,300,1500,2515,1.0,1.0,0,0.0,0.0,0.0,0.0,0,0,0,0,0,0,0,0,301.8,0
m10_statistical_extension,main,medium_flood,m10_main_medium_flood_s20260629,1800,512,8,100.0,1000.0,True,0,200,1,20260629,Random-RL,True,300,1500,14717674,5838.030147,1.0,0,0,0.0,504100.8,0.0,0,0,0,0,0,1647,0,0,1766120.88,4128
m10_statistical_extension,main,medium_flood,m10_main_medium_flood_s20260629,1800,512,8,100.0,1000.0,True,0,200,1,20260629,AdaptiveRateLimit,True,300,1500,1261448,813.837419,0.614835,0.0,0.0,0.0,43827.84,0.385165,0,0,0,0,0,102,971,22831,151373.76,64
m10_statistical_extension,main,medium_flood,m10_main_medium_flood_s20260629,1800,512,8,100.0,1000.0,True,0,200,1,20260629,BudgetDoS,True,300,1500,1261447,813.836774,0.614835,0.0,0.0,0.0,43807.68,0.385165,0,0,0,0,0,103,971,22832,151373.64,4192
m10_statistical_extension,main,medium_flood,m10_main_medium_flood_s20260629,1800,512,8,100.0,1000.0,True,0,200,1,20260629,P3-NoPersist,True,300,1500,1260003,659.687435,0.757636,0.0,0.0,0.0,44493.12,0.245141,0,0,0,0,1841,66,26,2048,151200.36,5232
m10_statistical_extension,main,medium_flood,m10_main_medium_flood_s20260629,1800,512,8,100.0,1000.0,True,0,200,1,20260629,P3-Persist,True,300,1500,1345189,558.16971,0.95597,0.0,0.0,0.0,45158.4,0.0476,169,0,0,0,2195,33,8,2044,161422.68,6832
m10_statistical_extension,main,medium_flood,m10_main_medium_flood_s20260629,1800,512,8,100.0,1000.0,True,0,200,1,20260629,Oracle-Offline,True,300,1500,2521,1.0,1.0,0,0,0.0,0.0,0.0,0,0,0,0,0,0,0,0,302.52,0
m10_statistical_extension,main,heavy_flood,m10_main_heavy_flood_s20260610,1800,512,8,1000.0,10000.0,True,0,200,1,20260610,Random-RL,True,300,1500,139177049,53798.627368,1.0,0,0.0,0.0,5033488.32,0.0,0,0,0,0,0,1610,0,0,16701245.88,4128
m10_statistical_extension,main,heavy_flood,m10_main_heavy_flood_s20260610,1800,512,8,1000.0,10000.0,True,0,200,1,20260610,AdaptiveRateLimit,True,300,1500,1261535,816.527508,0.597217,0,0.0,0.0,45339.84,0.402783,0,0,0,0,0,10,1042,247428,151384.2,64
m10_statistical_extension,main,heavy_flood,m10_main_heavy_flood_s20260610,1800,512,8,1000.0,10000.0,True,0,200,1,20260610,BudgetDoS,True,300,1500,1261535,816.527508,0.597217,0,0.0,0.0,45339.84,0.402783,0,0,0,0,0,10,1042,247428,151384.2,4192
m10_statistical_extension,main,heavy_flood,m10_main_heavy_flood_s20260610,1800,512,8,1000.0,10000.0,True,0,200,1,20260610,P3-NoPersist,True,300,1500,1260008,908.44124,0.536142,0,0.0,0.0,45319.68,0.464631,0,0,0,0,1368,11,62,22566,151200.96,5232
m10_statistical_extension,main,heavy_flood,m10_main_heavy_flood_s20260610,1800,512,8,1000.0,10000.0,True,0,200,1,20260610,P3-Persist,True,300,1500,1358795,550.342244,0.954387,0,0.0,0.0,45460.8,0.051797,196,0,0,0,2259,3,11,22566,163055.4,6832
m10_statistical_extension,main,heavy_flood,m10_main_heavy_flood_s20260610,1800,512,8,1000.0,10000.0,True,0,200,1,20260610,Oracle-Offline,True,300,1500,2587,1.0,1.0,0,0.0,0.0,0.0,0.0,0,0,0,0,0,0,0,0,310.44,0
m10_statistical_extension,main,heavy_flood,m10_main_heavy_flood_s20260611,1800,512,8,1000.0,10000.0,True,0,200,1,20260611,Random-RL,True,300,1500,139379656,54381.449863,1.0,0,0.0,0.0,5040120.96,0.0,0,0,0,0,0,1587,0,0,16725558.72,4128
m10_statistical_extension,main,heavy_flood,m10_main_heavy_flood_s20260611,1800,512,8,1000.0,10000.0,True,0,200,1,20260611,AdaptiveRateLimit,True,300,1500,1261536,816.0,0.603199,0.0,0.0,0.0,45339.84,0.396801,0,0,0,0,0,10,1017,247757,151384.32,64
m10_statistical_extension,main,heavy_flood,m10_main_heavy_flood_s20260611,1800,512,8,1000.0,10000.0,True,0,200,1,20260611,BudgetDoS,True,300,1500,1261536,816.0,0.603199,0.0,0.0,0.0,45339.84,0.396801,0,0,0,0,0,10,1017,247757,151384.32,4192
m10_statistical_extension,main,heavy_flood,m10_main_heavy_flood_s20260611,1800,512,8,1000.0,10000.0,True,0,200,1,20260611,P3-NoPersist,True,300,1500,1260008,800.513342,0.614124,0.0,0.0,0.0,45319.68,0.386266,0,0,0,0,1555,11,102,22459,151200.96,5232
m10_statistical_extension,main,heavy_flood,m10_main_heavy_flood_s20260611,1800,512,8,1000.0,10000.0,True,0,200,1,20260611,P3-Persist,True,300,1500,1353752,551.87607,0.957082,0,0.0,0.0,45480.96,0.050332,186,0,0,0,2256,3,8,22458,162450.24,6832
m10_statistical_extension,main,heavy_flood,m10_main_heavy_flood_s20260611,1800,512,8,1000.0,10000.0,True,0,200,1,20260611,Oracle-Offline,True,300,1500,2563,1.0,1.0,0,0.0,0.0,0.0,0.0,0,0,0,0,0,0,0,0,307.56,0
m10_statistical_extension,main,heavy_flood,m10_main_heavy_flood_s20260612,1800,512,8,1000.0,10000.0,True,0,200,1,20260612,Random-RL,True,300,1500,139207798,54124.338258,1.0,0.0,0.0,0.0,5033367.36,0.0,0,0,0,0,0,1590,0,0,16704935.76,4128
m10_statistical_extension,main,heavy_flood,m10_main_heavy_flood_s20260612,1800,512,8,1000.0,10000.0,True,0,200,1,20260612,AdaptiveRateLimit,True,300,1500,1261546,811.805663,0.604199,0.0,0.0,0.0,44976.96,0.395801,0,0,0,0,0,8,1018,247440,151385.52,64
m10_statistical_extension,main,heavy_flood,m10_main_heavy_flood_s20260612,1800,512,8,1000.0,10000.0,True,0,200,1,20260612,BudgetDoS,True,300,1500,1260938,1327.303158,0.369362,0.0,0.0,0.0,44896.32,0.630638,0,0,0,0,0,12,1622,247444,151312.56,4192
m10_statistical_extension,main,heavy_flood,m10_main_heavy_flood_s20260612,1800,512,8,1000.0,10000.0,True,0,200,1,20260612,P3-NoPersist,True,300,1500,1260008,923.759531,0.530327,0.0,0.0,0.0,44956.8,0.470062,0,0,0,0,1347,9,119,22514,151200.96,5232
m10_statistical_extension,main,heavy_flood,m10_main_heavy_flood_s20260612,1800,512,8,1000.0,10000.0,True,0,200,1,20260612,P3-Persist,True,300,1500,1366355,554.97766,0.957232,0.0,0.0,0.0,45097.92,0.0486,211,0,0,0,2239,1,3,22513,163962.6,6832
m10_statistical_extension,main,heavy_flood,m10_main_heavy_flood_s20260612,1800,512,8,1000.0,10000.0,True,0,200,1,20260612,Oracle-Offline,True,300,1500,2572,1.0,1.0,0.0,0.0,0.0,0.0,0.0,0,0,0,0,0,0,0,0,308.64,0
m10_statistical_extension,main,heavy_flood,m10_main_heavy_flood_s20260613,1800,512,8,1000.0,10000.0,True,0,200,1,20260613,Random-RL,True,300,1500,139847871,53316.001144,1.0,0,0.0,0.0,5052479.04,0.0,0,0,0,0,0,1648,0,0,16781744.52,4128
m10_statistical_extension,main,heavy_flood,m10_main_heavy_flood_s20260613,1800,512,8,1000.0,10000.0,True,0,200,1,20260613,AdaptiveRateLimit,True,300,1500,1261528,819.706303,0.586733,0,0.0,0.0,45521.28,0.413267,0,0,0,0,0,11,1084,248361,151383.36,64
m10_statistical_extension,main,heavy_flood,m10_main_heavy_flood_s20260613,1800,512,8,1000.0,10000.0,True,0,200,1,20260613,BudgetDoS,True,300,1500,1261528,819.706303,0.586733,0,0.0,0.0,45521.28,0.413267,0,0,0,0,0,11,1084,248361,151383.36,4192
m10_statistical_extension,main,heavy_flood,m10_main_heavy_flood_s20260613,1800,512,8,1000.0,10000.0,True,0,200,1,20260613,P3-NoPersist,True,300,1500,1260007,778.262508,0.617232,0,0.0,0.0,45521.28,0.382768,0,0,0,0,1601,11,52,22620,151200.84,5232
m10_statistical_extension,main,heavy_flood,m10_main_heavy_flood_s20260613,1800,512,8,1000.0,10000.0,True,0,200,1,20260613,P3-Persist,True,300,1500,1375931,548.83566,0.955776,0,0.0,0.0,45662.4,0.049562,230,0,0,0,2263,3,5,22620,165111.72,6832
m10_statistical_extension,main,heavy_flood,m10_main_heavy_flood_s20260613,1800,512,8,1000.0,10000.0,True,0,200,1,20260613,Oracle-Offline,True,300,1500,2623,1.0,1.0,0,0.0,0.0,0.0,0.0,0,0,0,0,0,0,0,0,314.76,0
m10_statistical_extension,main,heavy_flood,m10_main_heavy_flood_s20260614,1800,512,8,1000.0,10000.0,True,0,200,1,20260614,Random-RL,True,300,1500,139289929,54346.44128,1.0,0,0.0,0.0,5033871.36,0.0,0,0,0,0,0,1602,0,0,16714791.48,4128
m10_statistical_extension,main,heavy_flood,m10_main_heavy_flood_s20260614,1800,512,8,1000.0,10000.0,True,0,200,1,20260614,AdaptiveRateLimit,True,300,1500,1261539,815.474467,0.60359,0,0.0,0.0,45964.8,0.39641,0,0,0,0,0,8,1016,247416,151384.68,64
m10_statistical_extension,main,heavy_flood,m10_main_heavy_flood_s20260614,1800,512,8,1000.0,10000.0,True,0,200,1,20260614,BudgetDoS,True,300,1500,1261539,815.474467,0.60359,0,0.0,0.0,45964.8,0.39641,0,0,0,0,0,8,1016,247416,151384.68,4192
m10_statistical_extension,main,heavy_flood,m10_main_heavy_flood_s20260614,1800,512,8,1000.0,10000.0,True,0,200,1,20260614,P3-NoPersist,True,300,1500,1260008,863.610692,0.569255,0,0.0,0.0,45944.64,0.430745,0,0,0,0,1442,9,57,22583,151200.96,5232
m10_statistical_extension,main,heavy_flood,m10_main_heavy_flood_s20260614,1800,512,8,1000.0,10000.0,True,0,200,1,20260614,P3-Persist,True,300,1500,1369372,561.218033,0.952009,0.0,0.0,0.0,46045.44,0.051892,217,0,0,0,2217,2,7,22583,164324.64,6832
m10_statistical_extension,main,heavy_flood,m10_main_heavy_flood_s20260614,1800,512,8,1000.0,10000.0,True,0,200,1,20260614,Oracle-Offline,True,300,1500,2563,1.0,1.0,0,0.0,0.0,0.0,0.0,0,0,0,0,0,0,0,0,307.56,0
m10_statistical_extension,main,heavy_flood,m10_main_heavy_flood_s20260615,1800,512,8,1000.0,10000.0,True,0,200,1,20260615,Random-RL,True,300,1500,138969816,55499.127796,1.0,0.0,0.0,0.0,5025303.36,0.0,0,0,0,0,0,1616,0,0,16676377.92,4128
m10_statistical_extension,main,heavy_flood,m10_main_heavy_flood_s20260615,1800,512,8,1000.0,10000.0,True,0,200,1,20260615,AdaptiveRateLimit,True,300,1500,1261496,838.203322,0.601038,0,0.0,0.0,45702.72,0.398962,0,0,0,0,0,9,999,247004,151379.52,64
m10_statistical_extension,main,heavy_flood,m10_main_heavy_flood_s20260615,1800,512,8,1000.0,10000.0,True,0,200,1,20260615,BudgetDoS,True,300,1500,1261496,838.203322,0.601038,0,0.0,0.0,45702.72,0.398962,0,0,0,0,0,9,999,247004,151379.52,4192
m10_statistical_extension,main,heavy_flood,m10_main_heavy_flood_s20260615,1800,512,8,1000.0,10000.0,True,0,200,1,20260615,P3-NoPersist,True,300,1500,1260007,819.250325,0.614217,0.0,0.0,0.0,45682.56,0.385783,0,0,0,0,1521,10,59,22520,151200.84,5232
m10_statistical_extension,main,heavy_flood,m10_main_heavy_flood_s20260615,1800,512,8,1000.0,10000.0,True,0,200,1,20260615,P3-Persist,True,300,1500,1357785,568.586683,0.953674,0.0,0.0,0.0,45843.84,0.048323,194,0,0,0,2183,2,9,22520,162934.2,6832
m10_statistical_extension,main,heavy_flood,m10_main_heavy_flood_s20260615,1800,512,8,1000.0,10000.0,True,0,200,1,20260615,Oracle-Offline,True,300,1500,2504,1.0,1.0,0.0,0.0,0.0,0.0,0.0,0,0,0,0,0,0,0,0,300.48,0
m10_statistical_extension,main,heavy_flood,m10_main_heavy_flood_s20260616,1800,512,8,1000.0,10000.0,True,0,200,1,20260616,Random-RL,True,300,1500,139484440,56040.353556,1.0,0,0.0,0.0,5038225.92,0.0,0,0,0,0,0,1561,0,0,16738132.8,4128
m10_statistical_extension,main,heavy_flood,m10_main_heavy_flood_s20260616,1800,512,8,1000.0,10000.0,True,0,200,1,20260616,AdaptiveRateLimit,True,300,1500,1261484,846.065728,0.599036,0,0.0,0.0,45581.76,0.400964,0,0,0,0,0,7,998,247651,151378.08,64
m10_statistical_extension,main,heavy_flood,m10_main_heavy_flood_s20260616,1800,512,8,1000.0,10000.0,True,0,200,1,20260616,BudgetDoS,True,300,1500,1261484,846.065728,0.599036,0,0.0,0.0,45581.76,0.400964,0,0,0,0,0,7,998,247651,151378.08,4192
m10_statistical_extension,main,heavy_flood,m10_main_heavy_flood_s20260616,1800,512,8,1000.0,10000.0,True,0,200,1,20260616,P3-NoPersist,True,300,1500,1260008,918.373178,0.551225,0.0,0.0,0.0,45561.6,0.448775,0,0,0,0,1356,8,54,22441,151200.96,5232
m10_statistical_extension,main,heavy_flood,m10_main_heavy_flood_s20260616,1800,512,8,1000.0,10000.0,True,0,200,1,20260616,P3-Persist,True,300,1500,1354763,571.388865,0.952591,0,0.0,0.0,45662.4,0.051426,188,0,0,0,2170,2,6,22439,162571.56,6832
m10_statistical_extension,main,heavy_flood,m10_main_heavy_flood_s20260616,1800,512,8,1000.0,10000.0,True,0,200,1,20260616,Oracle-Offline,True,300,1500,2489,1.0,1.0,0,0.0,0.0,0.0,0.0,0,0,0,0,0,0,0,0,298.68,0
m10_statistical_extension,main,heavy_flood,m10_main_heavy_flood_s20260617,1800,512,8,1000.0,10000.0,True,0,200,1,20260617,Random-RL,True,300,1500,139731849,56298.085818,1.0,0.0,0.0,0.0,5051773.44,0.0,0,0,0,0,0,1609,0,0,16767821.88,4128
m10_statistical_extension,main,heavy_flood,m10_main_heavy_flood_s20260617,1800,512,8,1000.0,10000.0,True,0,200,1,20260617,AdaptiveRateLimit,True,300,1500,1261423,883.34944,0.575342,0.0,0.0,0.0,45178.56,0.424658,0,0,0,0,0,5,1054,248343,151370.76,64
m10_statistical_extension,main,heavy_flood,m10_main_heavy_flood_s20260617,1800,512,8,1000.0,10000.0,True,0,200,1,20260617,BudgetDoS,True,300,1500,1261398,898.431624,0.565673,0.0,0.0,0.0,45158.4,0.434327,0,0,0,0,0,6,1078,248344,151367.76,4192
m10_statistical_extension,main,heavy_flood,m10_main_heavy_flood_s20260617,1800,512,8,1000.0,10000.0,True,0,200,1,20260617,P3-NoPersist,True,300,1500,1260008,944.533733,0.53747,0.0,0.0,0.0,45158.4,0.462933,0,0,0,0,1320,6,173,22660,151200.96,5232
m10_statistical_extension,main,heavy_flood,m10_main_heavy_flood_s20260617,1800,512,8,1000.0,10000.0,True,0,200,1,20260617,P3-Persist,True,300,1500,1366359,577.497464,0.953263,0.0,0.0,0.0,45259.2,0.052377,211,0,0,0,2139,1,10,22660,163963.08,6832
m10_statistical_extension,main,heavy_flood,m10_main_heavy_flood_s20260617,1800,512,8,1000.0,10000.0,True,0,200,1,20260617,Oracle-Offline,True,300,1500,2482,1.0,1.0,0.0,0.0,0.0,0.0,0.0,0,0,0,0,0,0,0,0,297.84,0
m10_statistical_extension,main,heavy_flood,m10_main_heavy_flood_s20260618,1800,512,8,1000.0,10000.0,True,0,200,1,20260618,Random-RL,True,300,1500,139194153,55968.698432,1.0,0,0.0,0.0,5030222.4,0.0,0,0,0,0,0,1542,0,0,16703298.36,4128
m10_statistical_extension,main,heavy_flood,m10_main_heavy_flood_s20260618,1800,512,8,1000.0,10000.0,True,0,200,1,20260618,AdaptiveRateLimit,True,300,1500,1261452,865.193416,0.586248,0.0,0.0,0.0,45380.16,0.413752,0,0,0,0,0,6,1029,247264,151374.24,64
m10_statistical_extension,main,heavy_flood,m10_main_heavy_flood_s20260618,1800,512,8,1000.0,10000.0,True,0,200,1,20260618,BudgetDoS,True,300,1500,1261400,896.517413,0.565742,0,0.0,0.0,45360.0,0.434258,0,0,0,0,0,7,1080,247265,151368.0,4192
m10_statistical_extension,main,heavy_flood,m10_main_heavy_flood_s20260618,1800,512,8,1000.0,10000.0,True,0,200,1,20260618,P3-NoPersist,True,300,1500,1260007,901.292561,0.562123,0.0,0.0,0.0,45360.0,0.437877,0,0,0,0,1384,7,49,22569,151200.84,5232
m10_statistical_extension,main,heavy_flood,m10_main_heavy_flood_s20260618,1800,512,8,1000.0,10000.0,True,0,200,1,20260618,P3-Persist,True,300,1500,1356780,572.481013,0.952955,0.0,0.0,0.0,45420.48,0.051468,192,0,0,0,2162,4,5,22568,162813.6,6832
m10_statistical_extension,main,heavy_flood,m10_main_heavy_flood_s20260618,1800,512,8,1000.0,10000.0,True,0,200,1,20260618,Oracle-Offline,True,300,1500,2487,1.0,1.0,0,0.0,0.0,0.0,0.0,0,0,0,0,0,0,0,0,298.44,0
m10_statistical_extension,main,heavy_flood,m10_main_heavy_flood_s20260619,1800,512,8,1000.0,10000.0,True,0,200,1,20260619,Random-RL,True,300,1500,138847418,54068.30919,1.0,0.0,0.0,0.0,5024920.32,0.0,0,0,0,0,0,1606,0,0,16661690.16,4128
m10_statistical_extension,main,heavy_flood,m10_main_heavy_flood_s20260619,1800,512,8,1000.0,10000.0,True,0,200,1,20260619,AdaptiveRateLimit,True,300,1500,1261510,830.487163,0.591511,0,0.0,0.0,45622.08,0.408489,0,0,0,0,0,9,1049,246989,151381.2,64
m10_statistical_extension,main,heavy_flood,m10_main_heavy_flood_s20260619,1800,512,8,1000.0,10000.0,True,0,200,1,20260619,BudgetDoS,True,300,1500,1261510,830.487163,0.591511,0,0.0,0.0,45622.08,0.408489,0,0,0,0,0,9,1049,246989,151381.2,4192
m10_statistical_extension,main,heavy_flood,m10_main_heavy_flood_s20260619,1800,512,8,1000.0,10000.0,True,0,200,1,20260619,P3-NoPersist,True,300,1500,1260007,879.279135,0.558022,0,0.0,0.0,45642.24,0.442368,0,0,0,0,1417,9,75,22667,151200.84,5232
m10_statistical_extension,main,heavy_flood,m10_main_heavy_flood_s20260619,1800,512,8,1000.0,10000.0,True,0,200,1,20260619,P3-Persist,True,300,1500,1365347,555.470708,0.957165,0.0,0.0,0.0,45722.88,0.046729,209,0,0,0,2235,3,10,22666,163841.64,6832
m10_statistical_extension,main,heavy_flood,m10_main_heavy_flood_s20260619,1800,512,8,1000.0,10000.0,True,0,200,1,20260619,Oracle-Offline,True,300,1500,2568,1.0,1.0,0.0,0.0,0.0,0.0,0.0,0,0,0,0,0,0,0,0,308.16,0
m10_statistical_extension,main,heavy_flood,m10_main_heavy_flood_s20260620,1800,512,8,1000.0,10000.0,True,0,200,1,20260620,Random-RL,True,300,1500,139828147,54985.508061,1.0,0,0.0,0.0,5050483.2,0.0,0,0,0,0,0,1636,0,0,16779377.64,4128
m10_statistical_extension,main,heavy_flood,m10_main_heavy_flood_s20260620,1800,512,8,1000.0,10000.0,True,0,200,1,20260620,AdaptiveRateLimit,True,300,1500,1261463,854.07109,0.58081,0,0.0,0.0,45864.0,0.41919,0,0,0,0,0,14,1066,248245,151375.56,64
m10_statistical_extension,main,heavy_flood,m10_main_heavy_flood_s20260620,1800,512,8,1000.0,10000.0,True,0,200,1,20260620,BudgetDoS,True,300,1500,1261463,854.07109,0.58081,0,0.0,0.0,45864.0,0.41919,0,0,0,0,0,14,1066,248245,151375.56,4192
m10_statistical_extension,main,heavy_flood,m10_main_heavy_flood_s20260620,1800,512,8,1000.0,10000.0,True,0,200,1,20260620,P3-NoPersist,True,300,1500,1260006,931.957101,0.531656,0.0,0.0,0.0,45864.0,0.468738,0,0,0,0,1332,14,83,22729,151200.72,5232
m10_statistical_extension,main,heavy_flood,m10_main_heavy_flood_s20260620,1800,512,8,1000.0,10000.0,True,0,200,1,20260620,P3-Persist,True,300,1500,1364347,559.387864,0.959103,0,0.0,0.0,46025.28,0.047582,207,0,0,0,2207,6,4,22729,163721.64,6832
m10_statistical_extension,main,heavy_flood,m10_main_heavy_flood_s20260620,1800,512,8,1000.0,10000.0,True,0,200,1,20260620,Oracle-Offline,True,300,1500,2543,1.0,1.0,0,0.0,0.0,0.0,0.0,0,0,0,0,0,0,0,0,305.16,0
m10_statistical_extension,main,heavy_flood,m10_main_heavy_flood_s20260621,1800,512,8,1000.0,10000.0,True,0,200,1,20260621,Random-RL,True,300,1500,139541364,54700.652293,1.0,0,0.0,0.0,5044737.6,0.0,0,0,0,0,0,1651,0,0,16744963.68,4128
m10_statistical_extension,main,heavy_flood,m10_main_heavy_flood_s20260621,1800,512,8,1000.0,10000.0,True,0,200,1,20260621,AdaptiveRateLimit,True,300,1500,1261490,840.993333,0.588005,0.0,0.0,0.0,45662.4,0.411995,0,0,0,0,0,10,1051,247970,151378.8,64
m10_statistical_extension,main,heavy_flood,m10_main_heavy_flood_s20260621,1800,512,8,1000.0,10000.0,True,0,200,1,20260621,BudgetDoS,True,300,1500,1260959,1295.94964,0.381419,0,0.0,0.0,45581.76,0.618581,0,0,0,0,0,14,1578,247974,151315.08,4192
m10_statistical_extension,main,heavy_flood,m10_main_heavy_flood_s20260621,1800,512,8,1000.0,10000.0,True,0,200,1,20260621,P3-NoPersist,True,300,1500,1260007,790.964846,0.624461,0,0.0,0.0,45642.24,0.375539,0,0,0,0,1575,11,41,22613,151200.84,5232
m10_statistical_extension,main,heavy_flood,m10_main_heavy_flood_s20260621,1800,512,8,1000.0,10000.0,True,0,200,1,20260621,P3-Persist,True,300,1500,1375429,563.46948,0.95688,0,0,0.0,45722.88,0.049392,229,0,0,0,2194,5,3,22613,165051.48,6832
m10_statistical_extension,main,heavy_flood,m10_main_heavy_flood_s20260621,1800,512,8,1000.0,10000.0,True,0,200,1,20260621,Oracle-Offline,True,300,1500,2551,1.0,1.0,0,0.0,0.0,0.0,0.0,0,0,0,0,0,0,0,0,306.12,0
m10_statistical_extension,main,heavy_flood,m10_main_heavy_flood_s20260622,1800,512,8,1000.0,10000.0,True,0,200,1,20260622,Random-RL,True,300,1500,139048532,55090.543582,1.0,0.0,0.0,0.0,5033246.4,0.0,0,0,0,0,0,1544,0,0,16685823.84,4128
m10_statistical_extension,main,heavy_flood,m10_main_heavy_flood_s20260622,1800,512,8,1000.0,10000.0,True,0,200,1,20260622,AdaptiveRateLimit,True,300,1500,1261543,813.89871,0.614105,0.0,0.0,0.0,46166.4,0.385895,0,0,0,0,0,7,974,247375,151385.16,64
m10_statistical_extension,main,heavy_flood,m10_main_heavy_flood_s20260622,1800,512,8,1000.0,10000.0,True,0,200,1,20260622,BudgetDoS,True,300,1500,1261543,813.89871,0.614105,0.0,0.0,0.0,46166.4,0.385895,0,0,0,0,0,7,974,247375,151385.16,4192
m10_statistical_extension,main,heavy_flood,m10_main_heavy_flood_s20260622,1800,512,8,1000.0,10000.0,True,0,200,1,20260622,P3-NoPersist,True,300,1500,1260008,1012.054618,0.493265,0,0.0,0.0,46166.4,0.506735,0,0,0,0,1230,7,120,22523,151200.96,5232
m10_statistical_extension,main,heavy_flood,m10_main_heavy_flood_s20260622,1800,512,8,1000.0,10000.0,True,0,200,1,20260622,P3-Persist,True,300,1500,1353755,560.329056,0.957211,0.0,0.0,0.0,46206.72,0.049128,186,0,0,0,2216,3,4,22523,162450.6,6832
m10_statistical_extension,main,heavy_flood,m10_main_heavy_flood_s20260622,1800,512,8,1000.0,10000.0,True,0,200,1,20260622,Oracle-Offline,True,300,1500,2524,1.0,1.0,0.0,0.0,0.0,0.0,0.0,0,0,0,0,0,0,0,0,302.88,0
m10_statistical_extension,main,heavy_flood,m10_main_heavy_flood_s20260623,1800,512,8,1000.0,10000.0,True,0,200,1,20260623,Random-RL,True,300,1500,139493526,54151.213509,1.0,0.0,0.0,0.0,5045362.56,0.0,0,0,0,0,0,1634,0,0,16739223.12,4128
m10_statistical_extension,main,heavy_flood,m10_main_heavy_flood_s20260623,1800,512,8,1000.0,10000.0,True,0,200,1,20260623,AdaptiveRateLimit,True,300,1500,1261506,832.677228,0.588121,0,0.0,0.0,46347.84,0.411879,0,0,0,0,0,9,1061,247967,151380.72,64
m10_statistical_extension,main,heavy_flood,m10_main_heavy_flood_s20260623,1800,512,8,1000.0,10000.0,True,0,200,1,20260623,BudgetDoS,True,300,1500,1261451,864.007534,0.56677,0.0,0.0,0.0,46347.84,0.43323,0,0,0,0,0,9,1116,247967,151374.12,4192
m10_statistical_extension,main,heavy_flood,m10_main_heavy_flood_s20260623,1800,512,8,1000.0,10000.0,True,0,200,1,20260623,P3-NoPersist,True,300,1500,1260007,834.994698,0.585792,0,0.0,0.0,46327.68,0.414208,0,0,0,0,1492,10,91,22614,151200.84,5232
m10_statistical_extension,main,heavy_flood,m10_main_heavy_flood_s20260623,1800,512,8,1000.0,10000.0,True,0,200,1,20260623,P3-Persist,True,300,1500,1349723,547.999594,0.956134,0,0.0,0.0,46448.64,0.046972,178,0,0,0,2271,3,5,22613,161966.76,6832
m10_statistical_extension,main,heavy_flood,m10_main_heavy_flood_s20260623,1800,512,8,1000.0,10000.0,True,0,200,1,20260623,Oracle-Offline,True,300,1500,2576,1.0,1.0,0.0,0.0,0.0,0.0,0.0,0,0,0,0,0,0,0,0,309.12,0
m10_statistical_extension,main,heavy_flood,m10_main_heavy_flood_s20260624,1800,512,8,1000.0,10000.0,True,0,200,1,20260624,Random-RL,True,300,1500,139667906,53780.479784,1.0,0,0.0,0.0,5041149.12,0.0,0,0,0,0,0,1659,0,0,16760148.72,4128
m10_statistical_extension,main,heavy_flood,m10_main_heavy_flood_s20260624,1800,512,8,1000.0,10000.0,True,0,200,1,20260624,AdaptiveRateLimit,True,300,1500,1261502,832.674587,0.583365,0,0.0,0.0,45521.28,0.416635,0,0,0,0,0,13,1082,247799,151380.24,64
m10_statistical_extension,main,heavy_flood,m10_main_heavy_flood_s20260624,1800,512,8,1000.0,10000.0,True,0,200,1,20260624,BudgetDoS,True,300,1500,1261502,832.674587,0.583365,0,0.0,0.0,45521.28,0.416635,0,0,0,0,0,13,1082,247799,151380.24,4192
m10_statistical_extension,main,heavy_flood,m10_main_heavy_flood_s20260624,1800,512,8,1000.0,10000.0,True,0,200,1,20260624,P3-NoPersist,True,300,1500,1260007,830.591299,0.584136,0,0.0,0.0,45521.28,0.415864,0,0,0,0,1497,13,71,22714,151200.84,5232
m10_statistical_extension,main,heavy_flood,m10_main_heavy_flood_s20260624,1800,512,8,1000.0,10000.0,True,0,200,1,20260624,P3-Persist,True,300,1500,1358292,546.816425,0.956488,0.0,0.0,0.0,45702.72,0.049288,195,0,0,0,2273,4,6,22713,162995.04,6832
m10_statistical_extension,main,heavy_flood,m10_main_heavy_flood_s20260624,1800,512,8,1000.0,10000.0,True,0,200,1,20260624,Oracle-Offline,True,300,1500,2597,1.0,1.0,0,0.0,0.0,0.0,0.0,0,0,0,0,0,0,0,0,311.64,0
m10_statistical_extension,main,heavy_flood,m10_main_heavy_flood_s20260625,1800,512,8,1000.0,10000.0,True,0,200,1,20260625,Random-RL,True,300,1500,139511633,53637.690504,1.0,0,0,0,5044314.24,0.0,0,0,0,0,0,1696,0,0,16741395.96,4128
m10_statistical_extension,main,heavy_flood,m10_main_heavy_flood_s20260625,1800,512,8,1000.0,10000.0,True,0,200,1,20260625,AdaptiveRateLimit,True,300,1500,1261487,844.93436,0.57401,0,0.0,0.0,45541.44,0.42599,0,0,0,0,0,6,1108,247955,151378.44,64
m10_statistical_extension,main,heavy_flood,m10_main_heavy_flood_s20260625,1800,512,8,1000.0,10000.0,True,0,200,1,20260625,BudgetDoS,True,300,1500,1261487,844.93436,0.57401,0,0.0,0.0,45541.44,0.42599,0,0,0,0,0,6,1108,247955,151378.44,4192
m10_statistical_extension,main,heavy_flood,m10_main_heavy_flood_s20260625,1800,512,8,1000.0,10000.0,True,0,200,1,20260625,P3-NoPersist,True,300,1500,1260008,847.919246,0.571319,0.0,0.0,0.0,45541.44,0.428681,0,0,0,0,1472,6,49,22500,151200.96,5232
m10_statistical_extension,main,heavy_flood,m10_main_heavy_flood_s20260625,1800,512,8,1000.0,10000.0,True,0,200,1,20260625,P3-Persist,True,300,1500,1355769,544.485542,0.957324,0.0,0.0,0.0,45601.92,0.046521,190,0,0,0,2288,3,3,22499,162692.28,6832
m10_statistical_extension,main,heavy_flood,m10_main_heavy_flood_s20260625,1800,512,8,1000.0,10000.0,True,0,200,1,20260625,Oracle-Offline,True,300,1500,2601,1.0,1.0,0,0,0,0.0,0.0,0,0,0,0,0,0,0,0,312.12,0
m10_statistical_extension,main,heavy_flood,m10_main_heavy_flood_s20260626,1800,512,8,1000.0,10000.0,True,0,200,1,20260626,Random-RL,True,300,1500,139164906,53877.238095,1.0,0,0.0,0.0,5030303.04,0.0,0,0,0,0,0,1653,0,0,16699788.72,4128
m10_statistical_extension,main,heavy_flood,m10_main_heavy_flood_s20260626,1800,512,8,1000.0,10000.0,True,0,200,1,20260626,AdaptiveRateLimit,True,300,1500,1261503,833.775942,0.585753,0,0.0,0.0,45884.16,0.414247,0,0,0,0,0,10,1070,247243,151380.36,64
m10_statistical_extension,main,heavy_flood,m10_main_heavy_flood_s20260626,1800,512,8,1000.0,10000.0,True,0,200,1,20260626,BudgetDoS,True,300,1500,1261503,833.775942,0.585753,0,0.0,0.0,45884.16,0.414247,0,0,0,0,0,10,1070,247243,151380.36,4192
m10_statistical_extension,main,heavy_flood,m10_main_heavy_flood_s20260626,1800,512,8,1000.0,10000.0,True,0,200,1,20260626,P3-NoPersist,True,300,1500,1260007,853.085308,0.571816,0,0.0,0.0,45884.16,0.428184,0,0,0,0,1460,10,62,22475,151200.84,5232
m10_statistical_extension,main,heavy_flood,m10_main_heavy_flood_s20260626,1800,512,8,1000.0,10000.0,True,0,200,1,20260626,P3-Persist,True,300,1500,1364845,550.784907,0.95935,0.0,0.0,0.0,46045.44,0.047619,208,0,0,0,2255,2,6,22475,163781.4,6832
m10_statistical_extension,main,heavy_flood,m10_main_heavy_flood_s20260626,1800,512,8,1000.0,10000.0,True,0,200,1,20260626,Oracle-Offline,True,300,1500,2583,1.0,1.0,0,0.0,0.0,0.0,0.0,0,0,0,0,0,0,0,0,309.96,0
m10_statistical_extension,main,heavy_flood,m10_main_heavy_flood_s20260627,1800,512,8,1000.0,10000.0,True,0,200,1,20260627,Random-RL,True,300,1500,139730418,54306.419743,1.0,0,0.0,0.0,5051712.96,0.0,0,0,0,0,0,1619,0,0,16767650.16,4128
m10_statistical_extension,main,heavy_flood,m10_main_heavy_flood_s20260627,1800,512,8,1000.0,10000.0,True,0,200,1,20260627,AdaptiveRateLimit,True,300,1500,1261491,840.433711,0.583366,0,0,0,45722.88,0.416634,0,0,0,0,0,10,1072,248313,151378.92,64
m10_statistical_extension,main,heavy_flood,m10_main_heavy_flood_s20260627,1800,512,8,1000.0,10000.0,True,0,200,1,20260627,BudgetDoS,True,300,1500,1261491,840.433711,0.583366,0,0,0,45722.88,0.416634,0,0,0,0,0,10,1072,248313,151378.92,4192
m10_statistical_extension,main,heavy_flood,m10_main_heavy_flood_s20260627,1800,512,8,1000.0,10000.0,True,0,200,1,20260627,P3-NoPersist,True,300,1500,1260007,793.45529,0.617178,0.0,0.0,0.0,45743.04,0.382822,0,0,0,0,1571,10,82,22648,151200.84,5232
m10_statistical_extension,main,heavy_flood,m10_main_heavy_flood_s20260627,1800,512,8,1000.0,10000.0,True,0,200,1,20260627,P3-Persist,True,300,1500,1362822,555.347188,0.95375,0.0,0.0,0.0,45884.16,0.051691,204,0,0,0,2241,3,9,22648,163538.64,6832
m10_statistical_extension,main,heavy_flood,m10_main_heavy_flood_s20260627,1800,512,8,1000.0,10000.0,True,0,200,1,20260627,Oracle-Offline,True,300,1500,2573,1.0,1.0,0,0.0,0.0,0.0,0.0,0,0,0,0,0,0,0,0,308.76,0
m10_statistical_extension,main,heavy_flood,m10_main_heavy_flood_s20260628,1800,512,8,1000.0,10000.0,True,0,200,1,20260628,Random-RL,True,300,1500,139540382,55660.303949,1.0,0,0.0,0.0,5043467.52,0.0,0,0,0,0,0,1581,0,0,16744845.84,4128
m10_statistical_extension,main,heavy_flood,m10_main_heavy_flood_s20260628,1800,512,8,1000.0,10000.0,True,0,200,1,20260628,AdaptiveRateLimit,True,300,1500,1261458,859.303815,0.58556,0.0,0.0,0.0,46126.08,0.41444,0,0,0,0,0,10,1039,247884,151374.96,64
m10_statistical_extension,main,heavy_flood,m10_main_heavy_flood_s20260628,1800,512,8,1000.0,10000.0,True,0,200,1,20260628,BudgetDoS,True,300,1500,1261458,859.303815,0.58556,0.0,0.0,0.0,46126.08,0.41444,0,0,0,0,0,10,1039,247884,151374.96,4192
m10_statistical_extension,main,heavy_flood,m10_main_heavy_flood_s20260628,1800,512,8,1000.0,10000.0,True,0,200,1,20260628,P3-NoPersist,True,300,1500,1260007,888.580395,0.565616,0.0,0.0,0.0,46126.08,0.435181,0,0,0,0,1400,11,112,22708,151200.84,5232
m10_statistical_extension,main,heavy_flood,m10_main_heavy_flood_s20260628,1800,512,8,1000.0,10000.0,True,0,200,1,20260628,P3-Persist,True,300,1500,1355269,565.874322,0.955325,0,0.0,100.0,46247.04,0.055445,189,0,0,0,2190,3,11,22708,162632.28,6832
m10_statistical_extension,main,heavy_flood,m10_main_heavy_flood_s20260628,1800,512,8,1000.0,10000.0,True,0,200,1,20260628,Oracle-Offline,True,300,1500,2507,1.0,1.0,0,0.0,0.0,0.0,0.0,0,0,0,0,0,0,0,0,300.84,0
m10_statistical_extension,main,heavy_flood,m10_main_heavy_flood_s20260629,1800,512,8,1000.0,10000.0,True,0,200,1,20260629,Random-RL,True,300,1500,139020800,54582.175108,1.0,0,0.0,0.0,5021997.12,0.0,0,0,0,0,0,1579,0,0,16682496.0,4128
m10_statistical_extension,main,heavy_flood,m10_main_heavy_flood_s20260629,1800,512,8,1000.0,10000.0,True,0,200,1,20260629,AdaptiveRateLimit,True,300,1500,1261489,842.115487,0.588143,0.0,0.0,0.0,45722.88,0.411857,0,0,0,0,0,9,1049,246839,151378.68,64
m10_statistical_extension,main,heavy_flood,m10_main_heavy_flood_s20260629,1800,512,8,1000.0,10000.0,True,0,200,1,20260629,BudgetDoS,True,300,1500,1261489,842.115487,0.588143,0.0,0.0,0.0,45722.88,0.411857,0,0,0,0,0,9,1049,246839,151378.68,4192
m10_statistical_extension,main,heavy_flood,m10_main_heavy_flood_s20260629,1800,512,8,1000.0,10000.0,True,0,200,1,20260629,P3-NoPersist,True,300,1500,1260007,823.533987,0.600707,0.0,0.0,0.0,45722.88,0.399293,0,0,0,0,1514,9,55,22314,151200.84,5232
m10_statistical_extension,main,heavy_flood,m10_main_heavy_flood_s20260629,1800,512,8,1000.0,10000.0,True,0,200,1,20260629,P3-Persist,True,300,1500,1367868,561.983566,0.955634,0.0,0.0,0.0,45763.2,0.048685,214,0,0,0,2202,6,9,22314,164144.16,6832
m10_statistical_extension,main,heavy_flood,m10_main_heavy_flood_s20260629,1800,512,8,1000.0,10000.0,True,0,200,1,20260629,Oracle-Offline,True,300,1500,2547,1.0,1.0,0,0.0,0.0,0.0,0.0,0,0,0,0,0,0,0,0,305.64,0
m10_statistical_extension,reserve_sensitivity,heavy_flood,m10_reserve_r50_s20260610,1800,512,8,1000.0,10000.0,True,0,50,1,20260610,P3-Persist,True,300,1500,1358795,550.342244,0.954387,0,0.0,0.0,45460.8,0.051797,196,0,0,0,2259,3,11,22566,163055.4,5632
m10_statistical_extension,reserve_sensitivity,heavy_flood,m10_reserve_r50_s20260611,1800,512,8,1000.0,10000.0,True,0,50,1,20260611,P3-Persist,True,300,1500,1353752,551.87607,0.957082,0,0.0,0.0,45480.96,0.050332,186,0,0,0,2256,3,8,22458,162450.24,5632
m10_statistical_extension,reserve_sensitivity,heavy_flood,m10_reserve_r50_s20260612,1800,512,8,1000.0,10000.0,True,0,50,1,20260612,P3-Persist,True,300,1500,1366355,554.97766,0.957232,0.0,0.0,0.0,45097.92,0.0486,211,0,0,0,2239,1,3,22513,163962.6,5632
m10_statistical_extension,reserve_sensitivity,heavy_flood,m10_reserve_r50_s20260613,1800,512,8,1000.0,10000.0,True,0,50,1,20260613,P3-Persist,True,300,1500,1375931,548.83566,0.955776,0,0.0,0.0,45662.4,0.049562,230,0,0,0,2263,3,5,22620,165111.72,5632
m10_statistical_extension,reserve_sensitivity,heavy_flood,m10_reserve_r50_s20260614,1800,512,8,1000.0,10000.0,True,0,50,1,20260614,P3-Persist,True,300,1500,1369372,561.218033,0.952009,0.0,0.0,0.0,46045.44,0.051892,217,0,0,0,2217,2,7,22583,164324.64,5632
m10_statistical_extension,reserve_sensitivity,heavy_flood,m10_reserve_r50_s20260615,1800,512,8,1000.0,10000.0,True,0,50,1,20260615,P3-Persist,True,300,1500,1357785,568.586683,0.953674,0.0,0.0,0.0,45843.84,0.048323,194,0,0,0,2183,2,9,22520,162934.2,5632
m10_statistical_extension,reserve_sensitivity,heavy_flood,m10_reserve_r50_s20260616,1800,512,8,1000.0,10000.0,True,0,50,1,20260616,P3-Persist,True,300,1500,1354763,571.388865,0.952591,0,0.0,0.0,45662.4,0.051426,188,0,0,0,2170,2,6,22439,162571.56,5632
m10_statistical_extension,reserve_sensitivity,heavy_flood,m10_reserve_r50_s20260617,1800,512,8,1000.0,10000.0,True,0,50,1,20260617,P3-Persist,True,300,1500,1366359,577.497464,0.953263,0.0,0.0,0.0,45259.2,0.052377,211,0,0,0,2139,1,10,22660,163963.08,5632
m10_statistical_extension,reserve_sensitivity,heavy_flood,m10_reserve_r50_s20260618,1800,512,8,1000.0,10000.0,True,0,50,1,20260618,P3-Persist,True,300,1500,1356780,572.481013,0.952955,0.0,0.0,0.0,45420.48,0.051468,192,0,0,0,2162,4,5,22568,162813.6,5632
m10_statistical_extension,reserve_sensitivity,heavy_flood,m10_reserve_r50_s20260619,1800,512,8,1000.0,10000.0,True,0,50,1,20260619,P3-Persist,True,300,1500,1365347,555.470708,0.957165,0.0,0.0,0.0,45722.88,0.046729,209,0,0,0,2235,3,10,22666,163841.64,5632
m10_statistical_extension,reserve_sensitivity,heavy_flood,m10_reserve_r50_s20260620,1800,512,8,1000.0,10000.0,True,0,50,1,20260620,P3-Persist,True,300,1500,1364347,559.387864,0.959103,0,0.0,0.0,46025.28,0.047582,207,0,0,0,2207,6,4,22729,163721.64,5632
m10_statistical_extension,reserve_sensitivity,heavy_flood,m10_reserve_r50_s20260621,1800,512,8,1000.0,10000.0,True,0,50,1,20260621,P3-Persist,True,300,1500,1375429,563.46948,0.95688,0,0,0.0,45722.88,0.049392,229,0,0,0,2194,5,3,22613,165051.48,5632
m10_statistical_extension,reserve_sensitivity,heavy_flood,m10_reserve_r50_s20260622,1800,512,8,1000.0,10000.0,True,0,50,1,20260622,P3-Persist,True,300,1500,1353755,560.329056,0.957211,0.0,0.0,0.0,46206.72,0.049128,186,0,0,0,2216,3,4,22523,162450.6,5632
m10_statistical_extension,reserve_sensitivity,heavy_flood,m10_reserve_r50_s20260623,1800,512,8,1000.0,10000.0,True,0,50,1,20260623,P3-Persist,True,300,1500,1349723,547.999594,0.956134,0,0.0,0.0,46448.64,0.046972,178,0,0,0,2271,3,5,22613,161966.76,5632
m10_statistical_extension,reserve_sensitivity,heavy_flood,m10_reserve_r50_s20260624,1800,512,8,1000.0,10000.0,True,0,50,1,20260624,P3-Persist,True,300,1500,1358292,546.816425,0.956488,0.0,0.0,0.0,45702.72,0.049288,195,0,0,0,2273,4,6,22713,162995.04,5632
m10_statistical_extension,reserve_sensitivity,heavy_flood,m10_reserve_r50_s20260625,1800,512,8,1000.0,10000.0,True,0,50,1,20260625,P3-Persist,True,300,1500,1355769,544.485542,0.957324,0.0,0.0,0.0,45601.92,0.046521,190,0,0,0,2288,3,3,22499,162692.28,5632
m10_statistical_extension,reserve_sensitivity,heavy_flood,m10_reserve_r50_s20260626,1800,512,8,1000.0,10000.0,True,0,50,1,20260626,P3-Persist,True,300,1500,1364845,550.784907,0.95935,0.0,0.0,0.0,46045.44,0.047619,208,0,0,0,2255,2,6,22475,163781.4,5632
m10_statistical_extension,reserve_sensitivity,heavy_flood,m10_reserve_r50_s20260627,1800,512,8,1000.0,10000.0,True,0,50,1,20260627,P3-Persist,True,300,1500,1362822,555.347188,0.95375,0.0,0.0,0.0,45884.16,0.051691,204,0,0,0,2241,3,9,22648,163538.64,5632
m10_statistical_extension,reserve_sensitivity,heavy_flood,m10_reserve_r50_s20260628,1800,512,8,1000.0,10000.0,True,0,50,1,20260628,P3-Persist,True,300,1500,1355269,565.874322,0.955325,0,0.0,100.0,46247.04,0.055445,189,0,0,0,2190,3,11,22708,162632.28,5632
m10_statistical_extension,reserve_sensitivity,heavy_flood,m10_reserve_r50_s20260629,1800,512,8,1000.0,10000.0,True,0,50,1,20260629,P3-Persist,True,300,1500,1367868,561.983566,0.955634,0.0,0.0,0.0,45763.2,0.048685,214,0,0,0,2202,6,9,22314,164144.16,5632
m10_statistical_extension,reserve_sensitivity,heavy_flood,m10_reserve_r100_s20260610,1800,512,8,1000.0,10000.0,True,0,100,1,20260610,P3-Persist,True,300,1500,1358795,550.342244,0.954387,0,0.0,0.0,45460.8,0.051797,196,0,0,0,2259,3,11,22566,163055.4,6032
m10_statistical_extension,reserve_sensitivity,heavy_flood,m10_reserve_r100_s20260611,1800,512,8,1000.0,10000.0,True,0,100,1,20260611,P3-Persist,True,300,1500,1353752,551.87607,0.957082,0,0.0,0.0,45480.96,0.050332,186,0,0,0,2256,3,8,22458,162450.24,6032
m10_statistical_extension,reserve_sensitivity,heavy_flood,m10_reserve_r100_s20260612,1800,512,8,1000.0,10000.0,True,0,100,1,20260612,P3-Persist,True,300,1500,1366355,554.97766,0.957232,0.0,0.0,0.0,45097.92,0.0486,211,0,0,0,2239,1,3,22513,163962.6,6032
m10_statistical_extension,reserve_sensitivity,heavy_flood,m10_reserve_r100_s20260613,1800,512,8,1000.0,10000.0,True,0,100,1,20260613,P3-Persist,True,300,1500,1375931,548.83566,0.955776,0,0.0,0.0,45662.4,0.049562,230,0,0,0,2263,3,5,22620,165111.72,6032
m10_statistical_extension,reserve_sensitivity,heavy_flood,m10_reserve_r100_s20260614,1800,512,8,1000.0,10000.0,True,0,100,1,20260614,P3-Persist,True,300,1500,1369372,561.218033,0.952009,0.0,0.0,0.0,46045.44,0.051892,217,0,0,0,2217,2,7,22583,164324.64,6032
m10_statistical_extension,reserve_sensitivity,heavy_flood,m10_reserve_r100_s20260615,1800,512,8,1000.0,10000.0,True,0,100,1,20260615,P3-Persist,True,300,1500,1357785,568.586683,0.953674,0.0,0.0,0.0,45843.84,0.048323,194,0,0,0,2183,2,9,22520,162934.2,6032
m10_statistical_extension,reserve_sensitivity,heavy_flood,m10_reserve_r100_s20260616,1800,512,8,1000.0,10000.0,True,0,100,1,20260616,P3-Persist,True,300,1500,1354763,571.388865,0.952591,0,0.0,0.0,45662.4,0.051426,188,0,0,0,2170,2,6,22439,162571.56,6032
m10_statistical_extension,reserve_sensitivity,heavy_flood,m10_reserve_r100_s20260617,1800,512,8,1000.0,10000.0,True,0,100,1,20260617,P3-Persist,True,300,1500,1366359,577.497464,0.953263,0.0,0.0,0.0,45259.2,0.052377,211,0,0,0,2139,1,10,22660,163963.08,6032
m10_statistical_extension,reserve_sensitivity,heavy_flood,m10_reserve_r100_s20260618,1800,512,8,1000.0,10000.0,True,0,100,1,20260618,P3-Persist,True,300,1500,1356780,572.481013,0.952955,0.0,0.0,0.0,45420.48,0.051468,192,0,0,0,2162,4,5,22568,162813.6,6032
m10_statistical_extension,reserve_sensitivity,heavy_flood,m10_reserve_r100_s20260619,1800,512,8,1000.0,10000.0,True,0,100,1,20260619,P3-Persist,True,300,1500,1365347,555.470708,0.957165,0.0,0.0,0.0,45722.88,0.046729,209,0,0,0,2235,3,10,22666,163841.64,6032
m10_statistical_extension,reserve_sensitivity,heavy_flood,m10_reserve_r100_s20260620,1800,512,8,1000.0,10000.0,True,0,100,1,20260620,P3-Persist,True,300,1500,1364347,559.387864,0.959103,0,0.0,0.0,46025.28,0.047582,207,0,0,0,2207,6,4,22729,163721.64,6032
m10_statistical_extension,reserve_sensitivity,heavy_flood,m10_reserve_r100_s20260621,1800,512,8,1000.0,10000.0,True,0,100,1,20260621,P3-Persist,True,300,1500,1375429,563.46948,0.95688,0,0,0.0,45722.88,0.049392,229,0,0,0,2194,5,3,22613,165051.48,6032
m10_statistical_extension,reserve_sensitivity,heavy_flood,m10_reserve_r100_s20260622,1800,512,8,1000.0,10000.0,True,0,100,1,20260622,P3-Persist,True,300,1500,1353755,560.329056,0.957211,0.0,0.0,0.0,46206.72,0.049128,186,0,0,0,2216,3,4,22523,162450.6,6032
m10_statistical_extension,reserve_sensitivity,heavy_flood,m10_reserve_r100_s20260623,1800,512,8,1000.0,10000.0,True,0,100,1,20260623,P3-Persist,True,300,1500,1349723,547.999594,0.956134,0,0.0,0.0,46448.64,0.046972,178,0,0,0,2271,3,5,22613,161966.76,6032
m10_statistical_extension,reserve_sensitivity,heavy_flood,m10_reserve_r100_s20260624,1800,512,8,1000.0,10000.0,True,0,100,1,20260624,P3-Persist,True,300,1500,1358292,546.816425,0.956488,0.0,0.0,0.0,45702.72,0.049288,195,0,0,0,2273,4,6,22713,162995.04,6032
m10_statistical_extension,reserve_sensitivity,heavy_flood,m10_reserve_r100_s20260625,1800,512,8,1000.0,10000.0,True,0,100,1,20260625,P3-Persist,True,300,1500,1355769,544.485542,0.957324,0.0,0.0,0.0,45601.92,0.046521,190,0,0,0,2288,3,3,22499,162692.28,6032
m10_statistical_extension,reserve_sensitivity,heavy_flood,m10_reserve_r100_s20260626,1800,512,8,1000.0,10000.0,True,0,100,1,20260626,P3-Persist,True,300,1500,1364845,550.784907,0.95935,0.0,0.0,0.0,46045.44,0.047619,208,0,0,0,2255,2,6,22475,163781.4,6032
m10_statistical_extension,reserve_sensitivity,heavy_flood,m10_reserve_r100_s20260627,1800,512,8,1000.0,10000.0,True,0,100,1,20260627,P3-Persist,True,300,1500,1362822,555.347188,0.95375,0.0,0.0,0.0,45884.16,0.051691,204,0,0,0,2241,3,9,22648,163538.64,6032
m10_statistical_extension,reserve_sensitivity,heavy_flood,m10_reserve_r100_s20260628,1800,512,8,1000.0,10000.0,True,0,100,1,20260628,P3-Persist,True,300,1500,1355269,565.874322,0.955325,0,0.0,100.0,46247.04,0.055445,189,0,0,0,2190,3,11,22708,162632.28,6032
m10_statistical_extension,reserve_sensitivity,heavy_flood,m10_reserve_r100_s20260629,1800,512,8,1000.0,10000.0,True,0,100,1,20260629,P3-Persist,True,300,1500,1367868,561.983566,0.955634,0.0,0.0,0.0,45763.2,0.048685,214,0,0,0,2202,6,9,22314,164144.16,6032
m10_statistical_extension,reserve_sensitivity,heavy_flood,m10_reserve_r200_s20260610,1800,512,8,1000.0,10000.0,True,0,200,1,20260610,P3-Persist,True,300,1500,1358795,550.342244,0.954387,0,0.0,0.0,45460.8,0.051797,196,0,0,0,2259,3,11,22566,163055.4,6832
m10_statistical_extension,reserve_sensitivity,heavy_flood,m10_reserve_r200_s20260611,1800,512,8,1000.0,10000.0,True,0,200,1,20260611,P3-Persist,True,300,1500,1353752,551.87607,0.957082,0,0.0,0.0,45480.96,0.050332,186,0,0,0,2256,3,8,22458,162450.24,6832
m10_statistical_extension,reserve_sensitivity,heavy_flood,m10_reserve_r200_s20260612,1800,512,8,1000.0,10000.0,True,0,200,1,20260612,P3-Persist,True,300,1500,1366355,554.97766,0.957232,0.0,0.0,0.0,45097.92,0.0486,211,0,0,0,2239,1,3,22513,163962.6,6832
m10_statistical_extension,reserve_sensitivity,heavy_flood,m10_reserve_r200_s20260613,1800,512,8,1000.0,10000.0,True,0,200,1,20260613,P3-Persist,True,300,1500,1375931,548.83566,0.955776,0,0.0,0.0,45662.4,0.049562,230,0,0,0,2263,3,5,22620,165111.72,6832
m10_statistical_extension,reserve_sensitivity,heavy_flood,m10_reserve_r200_s20260614,1800,512,8,1000.0,10000.0,True,0,200,1,20260614,P3-Persist,True,300,1500,1369372,561.218033,0.952009,0.0,0.0,0.0,46045.44,0.051892,217,0,0,0,2217,2,7,22583,164324.64,6832
m10_statistical_extension,reserve_sensitivity,heavy_flood,m10_reserve_r200_s20260615,1800,512,8,1000.0,10000.0,True,0,200,1,20260615,P3-Persist,True,300,1500,1357785,568.586683,0.953674,0.0,0.0,0.0,45843.84,0.048323,194,0,0,0,2183,2,9,22520,162934.2,6832
m10_statistical_extension,reserve_sensitivity,heavy_flood,m10_reserve_r200_s20260616,1800,512,8,1000.0,10000.0,True,0,200,1,20260616,P3-Persist,True,300,1500,1354763,571.388865,0.952591,0,0.0,0.0,45662.4,0.051426,188,0,0,0,2170,2,6,22439,162571.56,6832
m10_statistical_extension,reserve_sensitivity,heavy_flood,m10_reserve_r200_s20260617,1800,512,8,1000.0,10000.0,True,0,200,1,20260617,P3-Persist,True,300,1500,1366359,577.497464,0.953263,0.0,0.0,0.0,45259.2,0.052377,211,0,0,0,2139,1,10,22660,163963.08,6832
m10_statistical_extension,reserve_sensitivity,heavy_flood,m10_reserve_r200_s20260618,1800,512,8,1000.0,10000.0,True,0,200,1,20260618,P3-Persist,True,300,1500,1356780,572.481013,0.952955,0.0,0.0,0.0,45420.48,0.051468,192,0,0,0,2162,4,5,22568,162813.6,6832
m10_statistical_extension,reserve_sensitivity,heavy_flood,m10_reserve_r200_s20260619,1800,512,8,1000.0,10000.0,True,0,200,1,20260619,P3-Persist,True,300,1500,1365347,555.470708,0.957165,0.0,0.0,0.0,45722.88,0.046729,209,0,0,0,2235,3,10,22666,163841.64,6832
m10_statistical_extension,reserve_sensitivity,heavy_flood,m10_reserve_r200_s20260620,1800,512,8,1000.0,10000.0,True,0,200,1,20260620,P3-Persist,True,300,1500,1364347,559.387864,0.959103,0,0.0,0.0,46025.28,0.047582,207,0,0,0,2207,6,4,22729,163721.64,6832
m10_statistical_extension,reserve_sensitivity,heavy_flood,m10_reserve_r200_s20260621,1800,512,8,1000.0,10000.0,True,0,200,1,20260621,P3-Persist,True,300,1500,1375429,563.46948,0.95688,0,0,0.0,45722.88,0.049392,229,0,0,0,2194,5,3,22613,165051.48,6832
m10_statistical_extension,reserve_sensitivity,heavy_flood,m10_reserve_r200_s20260622,1800,512,8,1000.0,10000.0,True,0,200,1,20260622,P3-Persist,True,300,1500,1353755,560.329056,0.957211,0.0,0.0,0.0,46206.72,0.049128,186,0,0,0,2216,3,4,22523,162450.6,6832
m10_statistical_extension,reserve_sensitivity,heavy_flood,m10_reserve_r200_s20260623,1800,512,8,1000.0,10000.0,True,0,200,1,20260623,P3-Persist,True,300,1500,1349723,547.999594,0.956134,0,0.0,0.0,46448.64,0.046972,178,0,0,0,2271,3,5,22613,161966.76,6832
m10_statistical_extension,reserve_sensitivity,heavy_flood,m10_reserve_r200_s20260624,1800,512,8,1000.0,10000.0,True,0,200,1,20260624,P3-Persist,True,300,1500,1358292,546.816425,0.956488,0.0,0.0,0.0,45702.72,0.049288,195,0,0,0,2273,4,6,22713,162995.04,6832
m10_statistical_extension,reserve_sensitivity,heavy_flood,m10_reserve_r200_s20260625,1800,512,8,1000.0,10000.0,True,0,200,1,20260625,P3-Persist,True,300,1500,1355769,544.485542,0.957324,0.0,0.0,0.0,45601.92,0.046521,190,0,0,0,2288,3,3,22499,162692.28,6832
m10_statistical_extension,reserve_sensitivity,heavy_flood,m10_reserve_r200_s20260626,1800,512,8,1000.0,10000.0,True,0,200,1,20260626,P3-Persist,True,300,1500,1364845,550.784907,0.95935,0.0,0.0,0.0,46045.44,0.047619,208,0,0,0,2255,2,6,22475,163781.4,6832
m10_statistical_extension,reserve_sensitivity,heavy_flood,m10_reserve_r200_s20260627,1800,512,8,1000.0,10000.0,True,0,200,1,20260627,P3-Persist,True,300,1500,1362822,555.347188,0.95375,0.0,0.0,0.0,45884.16,0.051691,204,0,0,0,2241,3,9,22648,163538.64,6832
m10_statistical_extension,reserve_sensitivity,heavy_flood,m10_reserve_r200_s20260628,1800,512,8,1000.0,10000.0,True,0,200,1,20260628,P3-Persist,True,300,1500,1355269,565.874322,0.955325,0,0.0,100.0,46247.04,0.055445,189,0,0,0,2190,3,11,22708,162632.28,6832
m10_statistical_extension,reserve_sensitivity,heavy_flood,m10_reserve_r200_s20260629,1800,512,8,1000.0,10000.0,True,0,200,1,20260629,P3-Persist,True,300,1500,1367868,561.983566,0.955634,0.0,0.0,0.0,45763.2,0.048685,214,0,0,0,2202,6,9,22314,164144.16,6832
m10_statistical_extension,reserve_sensitivity,heavy_flood,m10_reserve_r400_s20260610,1800,512,8,1000.0,10000.0,True,0,400,1,20260610,P3-Persist,True,300,1500,1358795,550.342244,0.954387,0,0.0,0.0,45460.8,0.051797,196,0,0,0,2259,3,11,22566,163055.4,8432
m10_statistical_extension,reserve_sensitivity,heavy_flood,m10_reserve_r400_s20260611,1800,512,8,1000.0,10000.0,True,0,400,1,20260611,P3-Persist,True,300,1500,1353752,551.87607,0.957082,0,0.0,0.0,45480.96,0.050332,186,0,0,0,2256,3,8,22458,162450.24,8432
m10_statistical_extension,reserve_sensitivity,heavy_flood,m10_reserve_r400_s20260612,1800,512,8,1000.0,10000.0,True,0,400,1,20260612,P3-Persist,True,300,1500,1366355,554.97766,0.957232,0.0,0.0,0.0,45097.92,0.0486,211,0,0,0,2239,1,3,22513,163962.6,8432
m10_statistical_extension,reserve_sensitivity,heavy_flood,m10_reserve_r400_s20260613,1800,512,8,1000.0,10000.0,True,0,400,1,20260613,P3-Persist,True,300,1500,1375931,548.83566,0.955776,0,0.0,0.0,45662.4,0.049562,230,0,0,0,2263,3,5,22620,165111.72,8432
m10_statistical_extension,reserve_sensitivity,heavy_flood,m10_reserve_r400_s20260614,1800,512,8,1000.0,10000.0,True,0,400,1,20260614,P3-Persist,True,300,1500,1369372,561.218033,0.952009,0.0,0.0,0.0,46045.44,0.051892,217,0,0,0,2217,2,7,22583,164324.64,8432
m10_statistical_extension,reserve_sensitivity,heavy_flood,m10_reserve_r400_s20260615,1800,512,8,1000.0,10000.0,True,0,400,1,20260615,P3-Persist,True,300,1500,1357785,568.586683,0.953674,0.0,0.0,0.0,45843.84,0.048323,194,0,0,0,2183,2,9,22520,162934.2,8432
m10_statistical_extension,reserve_sensitivity,heavy_flood,m10_reserve_r400_s20260616,1800,512,8,1000.0,10000.0,True,0,400,1,20260616,P3-Persist,True,300,1500,1354763,571.388865,0.952591,0,0.0,0.0,45662.4,0.051426,188,0,0,0,2170,2,6,22439,162571.56,8432
m10_statistical_extension,reserve_sensitivity,heavy_flood,m10_reserve_r400_s20260617,1800,512,8,1000.0,10000.0,True,0,400,1,20260617,P3-Persist,True,300,1500,1366359,577.497464,0.953263,0.0,0.0,0.0,45259.2,0.052377,211,0,0,0,2139,1,10,22660,163963.08,8432
m10_statistical_extension,reserve_sensitivity,heavy_flood,m10_reserve_r400_s20260618,1800,512,8,1000.0,10000.0,True,0,400,1,20260618,P3-Persist,True,300,1500,1356780,572.481013,0.952955,0.0,0.0,0.0,45420.48,0.051468,192,0,0,0,2162,4,5,22568,162813.6,8432
m10_statistical_extension,reserve_sensitivity,heavy_flood,m10_reserve_r400_s20260619,1800,512,8,1000.0,10000.0,True,0,400,1,20260619,P3-Persist,True,300,1500,1365347,555.470708,0.957165,0.0,0.0,0.0,45722.88,0.046729,209,0,0,0,2235,3,10,22666,163841.64,8432
m10_statistical_extension,reserve_sensitivity,heavy_flood,m10_reserve_r400_s20260620,1800,512,8,1000.0,10000.0,True,0,400,1,20260620,P3-Persist,True,300,1500,1364347,559.387864,0.959103,0,0.0,0.0,46025.28,0.047582,207,0,0,0,2207,6,4,22729,163721.64,8432
m10_statistical_extension,reserve_sensitivity,heavy_flood,m10_reserve_r400_s20260621,1800,512,8,1000.0,10000.0,True,0,400,1,20260621,P3-Persist,True,300,1500,1375429,563.46948,0.95688,0,0,0.0,45722.88,0.049392,229,0,0,0,2194,5,3,22613,165051.48,8432
m10_statistical_extension,reserve_sensitivity,heavy_flood,m10_reserve_r400_s20260622,1800,512,8,1000.0,10000.0,True,0,400,1,20260622,P3-Persist,True,300,1500,1353755,560.329056,0.957211,0.0,0.0,0.0,46206.72,0.049128,186,0,0,0,2216,3,4,22523,162450.6,8432
m10_statistical_extension,reserve_sensitivity,heavy_flood,m10_reserve_r400_s20260623,1800,512,8,1000.0,10000.0,True,0,400,1,20260623,P3-Persist,True,300,1500,1349723,547.999594,0.956134,0,0.0,0.0,46448.64,0.046972,178,0,0,0,2271,3,5,22613,161966.76,8432
m10_statistical_extension,reserve_sensitivity,heavy_flood,m10_reserve_r400_s20260624,1800,512,8,1000.0,10000.0,True,0,400,1,20260624,P3-Persist,True,300,1500,1358292,546.816425,0.956488,0.0,0.0,0.0,45702.72,0.049288,195,0,0,0,2273,4,6,22713,162995.04,8432
m10_statistical_extension,reserve_sensitivity,heavy_flood,m10_reserve_r400_s20260625,1800,512,8,1000.0,10000.0,True,0,400,1,20260625,P3-Persist,True,300,1500,1355769,544.485542,0.957324,0.0,0.0,0.0,45601.92,0.046521,190,0,0,0,2288,3,3,22499,162692.28,8432
m10_statistical_extension,reserve_sensitivity,heavy_flood,m10_reserve_r400_s20260626,1800,512,8,1000.0,10000.0,True,0,400,1,20260626,P3-Persist,True,300,1500,1364845,550.784907,0.95935,0.0,0.0,0.0,46045.44,0.047619,208,0,0,0,2255,2,6,22475,163781.4,8432
m10_statistical_extension,reserve_sensitivity,heavy_flood,m10_reserve_r400_s20260627,1800,512,8,1000.0,10000.0,True,0,400,1,20260627,P3-Persist,True,300,1500,1362822,555.347188,0.95375,0.0,0.0,0.0,45884.16,0.051691,204,0,0,0,2241,3,9,22648,163538.64,8432
m10_statistical_extension,reserve_sensitivity,heavy_flood,m10_reserve_r400_s20260628,1800,512,8,1000.0,10000.0,True,0,400,1,20260628,P3-Persist,True,300,1500,1355269,565.874322,0.955325,0,0.0,100.0,46247.04,0.055445,189,0,0,0,2190,3,11,22708,162632.28,8432
m10_statistical_extension,reserve_sensitivity,heavy_flood,m10_reserve_r400_s20260629,1800,512,8,1000.0,10000.0,True,0,400,1,20260629,P3-Persist,True,300,1500,1367868,561.983566,0.955634,0.0,0.0,0.0,45763.2,0.048685,214,0,0,0,2202,6,9,22314,164144.16,8432
m10_statistical_extension,threshold_sensitivity,heavy_flood,m10_threshold_k1_s20260610,1800,512,8,1000.0,10000.0,True,0,200,1,20260610,P3-Persist,True,300,1500,1358795,550.342244,0.954387,0,0.0,0.0,45460.8,0.051797,196,0,0,0,2259,3,11,22566,163055.4,6832
m10_statistical_extension,threshold_sensitivity,heavy_flood,m10_threshold_k1_s20260611,1800,512,8,1000.0,10000.0,True,0,200,1,20260611,P3-Persist,True,300,1500,1353752,551.87607,0.957082,0,0.0,0.0,45480.96,0.050332,186,0,0,0,2256,3,8,22458,162450.24,6832
m10_statistical_extension,threshold_sensitivity,heavy_flood,m10_threshold_k1_s20260612,1800,512,8,1000.0,10000.0,True,0,200,1,20260612,P3-Persist,True,300,1500,1366355,554.97766,0.957232,0.0,0.0,0.0,45097.92,0.0486,211,0,0,0,2239,1,3,22513,163962.6,6832
m10_statistical_extension,threshold_sensitivity,heavy_flood,m10_threshold_k1_s20260613,1800,512,8,1000.0,10000.0,True,0,200,1,20260613,P3-Persist,True,300,1500,1375931,548.83566,0.955776,0,0.0,0.0,45662.4,0.049562,230,0,0,0,2263,3,5,22620,165111.72,6832
m10_statistical_extension,threshold_sensitivity,heavy_flood,m10_threshold_k1_s20260614,1800,512,8,1000.0,10000.0,True,0,200,1,20260614,P3-Persist,True,300,1500,1369372,561.218033,0.952009,0.0,0.0,0.0,46045.44,0.051892,217,0,0,0,2217,2,7,22583,164324.64,6832
m10_statistical_extension,threshold_sensitivity,heavy_flood,m10_threshold_k1_s20260615,1800,512,8,1000.0,10000.0,True,0,200,1,20260615,P3-Persist,True,300,1500,1357785,568.586683,0.953674,0.0,0.0,0.0,45843.84,0.048323,194,0,0,0,2183,2,9,22520,162934.2,6832
m10_statistical_extension,threshold_sensitivity,heavy_flood,m10_threshold_k1_s20260616,1800,512,8,1000.0,10000.0,True,0,200,1,20260616,P3-Persist,True,300,1500,1354763,571.388865,0.952591,0,0.0,0.0,45662.4,0.051426,188,0,0,0,2170,2,6,22439,162571.56,6832
m10_statistical_extension,threshold_sensitivity,heavy_flood,m10_threshold_k1_s20260617,1800,512,8,1000.0,10000.0,True,0,200,1,20260617,P3-Persist,True,300,1500,1366359,577.497464,0.953263,0.0,0.0,0.0,45259.2,0.052377,211,0,0,0,2139,1,10,22660,163963.08,6832
m10_statistical_extension,threshold_sensitivity,heavy_flood,m10_threshold_k1_s20260618,1800,512,8,1000.0,10000.0,True,0,200,1,20260618,P3-Persist,True,300,1500,1356780,572.481013,0.952955,0.0,0.0,0.0,45420.48,0.051468,192,0,0,0,2162,4,5,22568,162813.6,6832
m10_statistical_extension,threshold_sensitivity,heavy_flood,m10_threshold_k1_s20260619,1800,512,8,1000.0,10000.0,True,0,200,1,20260619,P3-Persist,True,300,1500,1365347,555.470708,0.957165,0.0,0.0,0.0,45722.88,0.046729,209,0,0,0,2235,3,10,22666,163841.64,6832
m10_statistical_extension,threshold_sensitivity,heavy_flood,m10_threshold_k1_s20260620,1800,512,8,1000.0,10000.0,True,0,200,1,20260620,P3-Persist,True,300,1500,1364347,559.387864,0.959103,0,0.0,0.0,46025.28,0.047582,207,0,0,0,2207,6,4,22729,163721.64,6832
m10_statistical_extension,threshold_sensitivity,heavy_flood,m10_threshold_k1_s20260621,1800,512,8,1000.0,10000.0,True,0,200,1,20260621,P3-Persist,True,300,1500,1375429,563.46948,0.95688,0,0,0.0,45722.88,0.049392,229,0,0,0,2194,5,3,22613,165051.48,6832
m10_statistical_extension,threshold_sensitivity,heavy_flood,m10_threshold_k1_s20260622,1800,512,8,1000.0,10000.0,True,0,200,1,20260622,P3-Persist,True,300,1500,1353755,560.329056,0.957211,0.0,0.0,0.0,46206.72,0.049128,186,0,0,0,2216,3,4,22523,162450.6,6832
m10_statistical_extension,threshold_sensitivity,heavy_flood,m10_threshold_k1_s20260623,1800,512,8,1000.0,10000.0,True,0,200,1,20260623,P3-Persist,True,300,1500,1349723,547.999594,0.956134,0,0.0,0.0,46448.64,0.046972,178,0,0,0,2271,3,5,22613,161966.76,6832
m10_statistical_extension,threshold_sensitivity,heavy_flood,m10_threshold_k1_s20260624,1800,512,8,1000.0,10000.0,True,0,200,1,20260624,P3-Persist,True,300,1500,1358292,546.816425,0.956488,0.0,0.0,0.0,45702.72,0.049288,195,0,0,0,2273,4,6,22713,162995.04,6832
m10_statistical_extension,threshold_sensitivity,heavy_flood,m10_threshold_k1_s20260625,1800,512,8,1000.0,10000.0,True,0,200,1,20260625,P3-Persist,True,300,1500,1355769,544.485542,0.957324,0.0,0.0,0.0,45601.92,0.046521,190,0,0,0,2288,3,3,22499,162692.28,6832
m10_statistical_extension,threshold_sensitivity,heavy_flood,m10_threshold_k1_s20260626,1800,512,8,1000.0,10000.0,True,0,200,1,20260626,P3-Persist,True,300,1500,1364845,550.784907,0.95935,0.0,0.0,0.0,46045.44,0.047619,208,0,0,0,2255,2,6,22475,163781.4,6832
m10_statistical_extension,threshold_sensitivity,heavy_flood,m10_threshold_k1_s20260627,1800,512,8,1000.0,10000.0,True,0,200,1,20260627,P3-Persist,True,300,1500,1362822,555.347188,0.95375,0.0,0.0,0.0,45884.16,0.051691,204,0,0,0,2241,3,9,22648,163538.64,6832
m10_statistical_extension,threshold_sensitivity,heavy_flood,m10_threshold_k1_s20260628,1800,512,8,1000.0,10000.0,True,0,200,1,20260628,P3-Persist,True,300,1500,1355269,565.874322,0.955325,0,0.0,100.0,46247.04,0.055445,189,0,0,0,2190,3,11,22708,162632.28,6832
m10_statistical_extension,threshold_sensitivity,heavy_flood,m10_threshold_k1_s20260629,1800,512,8,1000.0,10000.0,True,0,200,1,20260629,P3-Persist,True,300,1500,1367868,561.983566,0.955634,0.0,0.0,0.0,45763.2,0.048685,214,0,0,0,2202,6,9,22314,164144.16,6832
m10_statistical_extension,threshold_sensitivity,heavy_flood,m10_threshold_k2_s20260610,1800,512,8,1000.0,10000.0,True,0,200,2,20260610,P3-Persist,True,300,1500,1327039,565.901493,0.906455,0,0.0,0.0,45440.64,0.096637,133,0,0,0,2201,4,22,22566,159244.68,6832
m10_statistical_extension,threshold_sensitivity,heavy_flood,m10_threshold_k2_s20260611,1800,512,8,1000.0,10000.0,True,0,200,2,20260611,P3-Persist,True,300,1500,1326538,567.381523,0.912212,0.0,0.0,0.0,45460.8,0.09403,132,0,0,0,2192,4,20,22458,159184.56,6832
m10_statistical_extension,threshold_sensitivity,heavy_flood,m10_threshold_k2_s20260612,1800,512,8,1000.0,10000.0,True,0,200,2,20260612,P3-Persist,True,300,1500,1327545,567.326923,0.909798,0.0,0.0,0.0,45077.76,0.09409,134,0,0,0,2195,2,14,22513,159305.4,6832
m10_statistical_extension,threshold_sensitivity,heavy_flood,m10_threshold_k2_s20260613,1800,512,8,1000.0,10000.0,True,0,200,2,20260613,P3-Persist,True,300,1500,1331071,560.215067,0.905833,0.0,0.0,0.0,45642.24,0.097598,141,0,0,0,2224,4,13,22620,159728.52,6832
m10_statistical_extension,threshold_sensitivity,heavy_flood,m10_threshold_k2_s20260614,1800,512,8,1000.0,10000.0,True,0,200,2,20260614,P3-Persist,True,300,1500,1325525,574.566537,0.900117,0,0.0,0.0,46045.44,0.104175,130,0,0,0,2169,3,15,22583,159063.0,6832
m10_statistical_extension,threshold_sensitivity,heavy_flood,m10_threshold_k2_s20260615,1800,512,8,1000.0,10000.0,True,0,200,2,20260615,P3-Persist,True,300,1500,1331072,586.633759,0.90615,0,0.0,0.0,45843.84,0.096645,141,0,0,0,2118,2,11,22520,159728.64,6832
m10_statistical_extension,threshold_sensitivity,heavy_flood,m10_threshold_k2_s20260616,1800,512,8,1000.0,10000.0,True,0,200,2,20260616,P3-Persist,True,300,1500,1331071,590.799379,0.905183,0,0.0,0.0,45662.4,0.099237,141,0,0,0,2103,2,10,22439,159728.52,6832
m10_statistical_extension,threshold_sensitivity,heavy_flood,m10_threshold_k2_s20260617,1800,512,8,1000.0,10000.0,True,0,200,2,20260617,P3-Persist,True,300,1500,1332079,592.825545,0.905318,0,0.0,0.0,45239.04,0.101128,143,0,0,0,2095,2,18,22660,159849.48,6832
m10_statistical_extension,threshold_sensitivity,heavy_flood,m10_threshold_k2_s20260618,1800,512,8,1000.0,10000.0,True,0,200,2,20260618,P3-Persist,True,300,1500,1330062,591.401512,0.904302,0,0.0,0.0,45400.32,0.100925,139,0,0,0,2099,5,9,22568,159607.44,6832
m10_statistical_extension,threshold_sensitivity,heavy_flood,m10_threshold_k2_s20260619,1800,512,8,1000.0,10000.0,True,0,200,2,20260619,P3-Persist,True,300,1500,1332080,567.325383,0.91433,0.0,0.0,0.0,45702.72,0.089953,143,0,0,0,2193,4,10,22667,159849.6,6832
m10_statistical_extension,threshold_sensitivity,heavy_flood,m10_threshold_k2_s20260620,1800,512,8,1000.0,10000.0,True,0,200,2,20260620,P3-Persist,True,300,1500,1327546,572.711821,0.911522,0.0,0.0,0.0,45984.96,0.093983,134,0,0,0,2166,8,14,22729,159305.52,6832
m10_statistical_extension,threshold_sensitivity,heavy_flood,m10_threshold_k2_s20260621,1800,512,8,1000.0,10000.0,True,0,200,2,20260621,P3-Persist,True,300,1500,1334600,575.258621,0.909447,0.0,0.0,0.0,45702.72,0.094865,148,0,0,0,2158,6,13,22613,160152.0,6832
m10_statistical_extension,threshold_sensitivity,heavy_flood,m10_threshold_k2_s20260622,1800,512,8,1000.0,10000.0,True,0,200,2,20260622,P3-Persist,True,300,1500,1323509,574.938749,0.912044,0.0,0.0,0.0,46186.56,0.091125,126,0,0,0,2167,4,16,22523,158821.08,6832
m10_statistical_extension,threshold_sensitivity,heavy_flood,m10_threshold_k2_s20260623,1800,512,8,1000.0,10000.0,True,0,200,2,20260623,P3-Persist,True,300,1500,1330568,567.648464,0.909938,0.0,0.0,0.0,46448.64,0.094332,140,0,0,0,2193,3,11,22613,159668.16,6832
m10_statistical_extension,threshold_sensitivity,heavy_flood,m10_threshold_k2_s20260624,1800,512,8,1000.0,10000.0,True,0,200,2,20260624,P3-Persist,True,300,1500,1337120,564.900718,0.911436,0,0.0,0.0,45702.72,0.09357,153,0,0,0,2202,4,16,22713,160454.4,6832
m10_statistical_extension,threshold_sensitivity,heavy_flood,m10_threshold_k2_s20260625,1800,512,8,1000.0,10000.0,True,0,200,2,20260625,P3-Persist,True,300,1500,1317965,556.573057,0.910419,0.0,0.0,0.0,45601.92,0.093041,115,0,0,0,2245,3,8,22499,158155.8,6832
m10_statistical_extension,threshold_sensitivity,heavy_flood,m10_threshold_k2_s20260626,1800,512,8,1000.0,10000.0,True,0,200,2,20260626,P3-Persist,True,300,1500,1338132,566.524979,0.914441,0.0,0.0,0.0,46045.44,0.089044,155,0,0,0,2193,2,21,22475,160575.84,6832
m10_statistical_extension,threshold_sensitivity,heavy_flood,m10_threshold_k2_s20260627,1800,512,8,1000.0,10000.0,True,0,200,2,20260627,P3-Persist,True,300,1500,1329055,567.729603,0.909833,0,0,0.0,45864.0,0.092888,137,0,0,0,2193,4,19,22648,159486.6,6832
m10_statistical_extension,threshold_sensitivity,heavy_flood,m10_threshold_k2_s20260628,1800,512,8,1000.0,10000.0,True,0,200,2,20260628,P3-Persist,True,300,1500,1332079,586.044435,0.906661,0,0.0,0.0,46267.2,0.098923,143,0,0,0,2122,1,30,22708,159849.48,6832
m10_statistical_extension,threshold_sensitivity,heavy_flood,m10_threshold_k2_s20260629,1800,512,8,1000.0,10000.0,True,0,200,2,20260629,P3-Persist,True,300,1500,1329557,575.815071,0.906557,0,0.0,0.0,45763.2,0.095799,138,0,0,0,2160,6,13,22314,159546.84,6832
m10_statistical_extension,threshold_sensitivity,heavy_flood,m10_threshold_k3_s20260610,1800,512,8,1000.0,10000.0,True,0,200,3,20260610,P3-Persist,True,300,1500,1305367,584.056823,0.863935,0,0.0,0.0,45440.64,0.137611,90,0,0,0,2134,4,28,22566,156644.04,6832
m10_statistical_extension,threshold_sensitivity,heavy_flood,m10_threshold_k3_s20260611,1800,512,8,1000.0,10000.0,True,0,200,3,20260611,P3-Persist,True,300,1500,1306879,585.257053,0.871245,0,0.0,0.0,45420.48,0.133437,93,0,0,0,2127,6,32,22458,156825.48,6832
m10_statistical_extension,threshold_sensitivity,heavy_flood,m10_threshold_k3_s20260612,1800,512,8,1000.0,10000.0,True,0,200,3,20260612,P3-Persist,True,300,1500,1309903,586.348702,0.868585,0.0,0.0,0.0,45077.76,0.134137,99,0,0,0,2126,2,18,22513,157188.36,6832
m10_statistical_extension,threshold_sensitivity,heavy_flood,m10_threshold_k3_s20260613,1800,512,8,1000.0,10000.0,True,0,200,3,20260613,P3-Persist,True,300,1500,1309903,577.304099,0.86504,0,0.0,0.0,45642.24,0.136485,99,0,0,0,2159,4,18,22620,157188.36,6832
m10_statistical_extension,threshold_sensitivity,heavy_flood,m10_threshold_k3_s20260614,1800,512,8,1000.0,10000.0,True,0,200,3,20260614,P3-Persist,True,300,1500,1305367,593.348636,0.858369,0.0,0.0,0.0,46065.6,0.143192,90,0,0,0,2101,2,25,22583,156644.04,6832
m10_statistical_extension,threshold_sensitivity,heavy_flood,m10_threshold_k3_s20260615,1800,512,8,1000.0,10000.0,True,0,200,3,20260615,P3-Persist,True,300,1500,1308391,606.579045,0.861422,0,0.0,0.0,45843.84,0.140176,96,0,0,0,2052,2,18,22520,157006.92,6832
m10_statistical_extension,threshold_sensitivity,heavy_flood,m10_threshold_k3_s20260616,1800,512,8,1000.0,10000.0,True,0,200,3,20260616,P3-Persist,True,300,1500,1309397,612.440131,0.85898,0.0,0.0,0.0,45682.56,0.143833,98,0,0,0,2034,1,17,22439,157127.64,6832
m10_statistical_extension,threshold_sensitivity,heavy_flood,m10_threshold_k3_s20260617,1800,512,8,1000.0,10000.0,True,0,200,3,20260617,P3-Persist,True,300,1500,1306374,610.740533,0.861805,0,0.0,0.0,45239.04,0.141015,92,0,0,0,2039,2,30,22660,156764.88,6832
m10_statistical_extension,threshold_sensitivity,heavy_flood,m10_threshold_k3_s20260618,1800,512,8,1000.0,10000.0,True,0,200,3,20260618,P3-Persist,True,300,1500,1307887,610.876693,0.860877,0,0,0.0,45400.32,0.141938,95,0,0,0,2034,5,17,22568,156946.44,6832
m10_statistical_extension,threshold_sensitivity,heavy_flood,m10_threshold_k3_s20260619,1800,512,8,1000.0,10000.0,True,0,200,3,20260619,P3-Persist,True,300,1500,1304357,583.604922,0.870327,0,0.0,0.0,45702.72,0.132399,88,0,0,0,2138,4,22,22667,156522.84,6832
m10_statistical_extension,threshold_sensitivity,heavy_flood,m10_threshold_k3_s20260620,1800,512,8,1000.0,10000.0,True,0,200,3,20260620,P3-Persist,True,300,1500,1315949,595.182723,0.869446,0,0.0,0.0,45984.96,0.134094,111,0,0,0,2087,8,26,22729,157913.88,6832
m10_statistical_extension,threshold_sensitivity,heavy_flood,m10_threshold_k3_s20260621,1800,512,8,1000.0,10000.0,True,0,200,3,20260621,P3-Persist,True,300,1500,1316958,596.44837,0.865543,0.0,0.0,0.0,45682.56,0.136025,113,0,0,0,2082,7,22,22613,158034.96,6832
m10_statistical_extension,threshold_sensitivity,heavy_flood,m10_threshold_k3_s20260622,1800,512,8,1000.0,10000.0,True,0,200,3,20260622,P3-Persist,True,300,1500,1310405,595.368015,0.872029,0,0,0,46206.72,0.129952,100,0,0,0,2093,3,21,22523,157248.6,6832
m10_statistical_extension,threshold_sensitivity,heavy_flood,m10_threshold_k3_s20260623,1800,512,8,1000.0,10000.0,True,0,200,3,20260623,P3-Persist,True,300,1500,1307885,586.758636,0.865295,0,0.0,0.0,46428.48,0.138199,95,0,0,0,2124,5,19,22613,156946.2,6832
m10_statistical_extension,threshold_sensitivity,heavy_flood,m10_threshold_k3_s20260624,1800,512,8,1000.0,10000.0,True,0,200,3,20260624,P3-Persist,True,300,1500,1311415,581.04342,0.86908,0,0.0,0.0,45702.72,0.134001,102,0,0,0,2144,4,27,22713,157369.8,6832
m10_statistical_extension,threshold_sensitivity,heavy_flood,m10_threshold_k3_s20260625,1800,512,8,1000.0,10000.0,True,0,200,3,20260625,P3-Persist,True,300,1500,1306374,575.748788,0.872357,0,0.0,0.0,45581.76,0.129566,92,0,0,0,2167,4,15,22499,156764.88,6832
m10_statistical_extension,threshold_sensitivity,heavy_flood,m10_threshold_k3_s20260626,1800,512,8,1000.0,10000.0,True,0,200,3,20260626,P3-Persist,True,300,1500,1310404,584.740741,0.867596,0,0,0.0,45964.8,0.135114,100,0,0,0,2131,6,26,22475,157248.48,6832
m10_statistical_extension,threshold_sensitivity,heavy_flood,m10_threshold_k3_s20260627,1800,512,8,1000.0,10000.0,True,0,200,3,20260627,P3-Persist,True,300,1500,1310407,586.574306,0.868247,0.0,0.0,0.0,45843.84,0.133696,100,0,0,0,2122,5,28,22648,157248.84,6832
m10_statistical_extension,threshold_sensitivity,heavy_flood,m10_threshold_k3_s20260628,1800,512,8,1000.0,10000.0,True,0,200,3,20260628,P3-Persist,True,300,1500,1304863,602.986599,0.863183,0.0,0.0,0.0,46226.88,0.141604,89,0,0,0,2065,3,42,22708,156583.56,6832
m10_statistical_extension,threshold_sensitivity,heavy_flood,m10_threshold_k3_s20260629,1800,512,8,1000.0,10000.0,True,0,200,3,20260629,P3-Persist,True,300,1500,1312926,598.416591,0.861406,0.0,0.0,0.0,45763.2,0.142128,105,0,0,0,2077,6,19,22314,157551.12,6832
m10_statistical_extension,attacker_dilemma,heavy_flood,m10_dilemma_unique_s20260610,1800,512,8,1000.0,10000.0,True,0,200,1,20260610,BudgetDoS,True,300,1500,1261535,816.527508,0.597217,0,0.0,0.0,45339.84,0.402783,0,0,0,0,0,10,1042,247428,151384.2,4192
m10_statistical_extension,attacker_dilemma,heavy_flood,m10_dilemma_unique_s20260610,1800,512,8,1000.0,10000.0,True,0,200,1,20260610,P3-Persist,True,300,1500,1358795,550.342244,0.954387,0,0.0,0.0,45460.8,0.051797,196,0,0,0,2259,3,11,22566,163055.4,6832
m10_statistical_extension,attacker_dilemma,heavy_flood,m10_dilemma_unique_s20260611,1800,512,8,1000.0,10000.0,True,0,200,1,20260611,BudgetDoS,True,300,1500,1261536,816.0,0.603199,0.0,0.0,0.0,45339.84,0.396801,0,0,0,0,0,10,1017,247757,151384.32,4192
m10_statistical_extension,attacker_dilemma,heavy_flood,m10_dilemma_unique_s20260611,1800,512,8,1000.0,10000.0,True,0,200,1,20260611,P3-Persist,True,300,1500,1353752,551.87607,0.957082,0,0.0,0.0,45480.96,0.050332,186,0,0,0,2256,3,8,22458,162450.24,6832
m10_statistical_extension,attacker_dilemma,heavy_flood,m10_dilemma_unique_s20260612,1800,512,8,1000.0,10000.0,True,0,200,1,20260612,BudgetDoS,True,300,1500,1260938,1327.303158,0.369362,0.0,0.0,0.0,44896.32,0.630638,0,0,0,0,0,12,1622,247444,151312.56,4192
m10_statistical_extension,attacker_dilemma,heavy_flood,m10_dilemma_unique_s20260612,1800,512,8,1000.0,10000.0,True,0,200,1,20260612,P3-Persist,True,300,1500,1366355,554.97766,0.957232,0.0,0.0,0.0,45097.92,0.0486,211,0,0,0,2239,1,3,22513,163962.6,6832
m10_statistical_extension,attacker_dilemma,heavy_flood,m10_dilemma_unique_s20260613,1800,512,8,1000.0,10000.0,True,0,200,1,20260613,BudgetDoS,True,300,1500,1261528,819.706303,0.586733,0,0.0,0.0,45521.28,0.413267,0,0,0,0,0,11,1084,248361,151383.36,4192
m10_statistical_extension,attacker_dilemma,heavy_flood,m10_dilemma_unique_s20260613,1800,512,8,1000.0,10000.0,True,0,200,1,20260613,P3-Persist,True,300,1500,1375931,548.83566,0.955776,0,0.0,0.0,45662.4,0.049562,230,0,0,0,2263,3,5,22620,165111.72,6832
m10_statistical_extension,attacker_dilemma,heavy_flood,m10_dilemma_unique_s20260614,1800,512,8,1000.0,10000.0,True,0,200,1,20260614,BudgetDoS,True,300,1500,1261539,815.474467,0.60359,0,0.0,0.0,45964.8,0.39641,0,0,0,0,0,8,1016,247416,151384.68,4192
m10_statistical_extension,attacker_dilemma,heavy_flood,m10_dilemma_unique_s20260614,1800,512,8,1000.0,10000.0,True,0,200,1,20260614,P3-Persist,True,300,1500,1369372,561.218033,0.952009,0.0,0.0,0.0,46045.44,0.051892,217,0,0,0,2217,2,7,22583,164324.64,6832
m10_statistical_extension,attacker_dilemma,heavy_flood,m10_dilemma_unique_s20260615,1800,512,8,1000.0,10000.0,True,0,200,1,20260615,BudgetDoS,True,300,1500,1261496,838.203322,0.601038,0,0.0,0.0,45702.72,0.398962,0,0,0,0,0,9,999,247004,151379.52,4192
m10_statistical_extension,attacker_dilemma,heavy_flood,m10_dilemma_unique_s20260615,1800,512,8,1000.0,10000.0,True,0,200,1,20260615,P3-Persist,True,300,1500,1357785,568.586683,0.953674,0.0,0.0,0.0,45843.84,0.048323,194,0,0,0,2183,2,9,22520,162934.2,6832
m10_statistical_extension,attacker_dilemma,heavy_flood,m10_dilemma_unique_s20260616,1800,512,8,1000.0,10000.0,True,0,200,1,20260616,BudgetDoS,True,300,1500,1261484,846.065728,0.599036,0,0.0,0.0,45581.76,0.400964,0,0,0,0,0,7,998,247651,151378.08,4192
m10_statistical_extension,attacker_dilemma,heavy_flood,m10_dilemma_unique_s20260616,1800,512,8,1000.0,10000.0,True,0,200,1,20260616,P3-Persist,True,300,1500,1354763,571.388865,0.952591,0,0.0,0.0,45662.4,0.051426,188,0,0,0,2170,2,6,22439,162571.56,6832
m10_statistical_extension,attacker_dilemma,heavy_flood,m10_dilemma_unique_s20260617,1800,512,8,1000.0,10000.0,True,0,200,1,20260617,BudgetDoS,True,300,1500,1261398,898.431624,0.565673,0.0,0.0,0.0,45158.4,0.434327,0,0,0,0,0,6,1078,248344,151367.76,4192
m10_statistical_extension,attacker_dilemma,heavy_flood,m10_dilemma_unique_s20260617,1800,512,8,1000.0,10000.0,True,0,200,1,20260617,P3-Persist,True,300,1500,1366359,577.497464,0.953263,0.0,0.0,0.0,45259.2,0.052377,211,0,0,0,2139,1,10,22660,163963.08,6832
m10_statistical_extension,attacker_dilemma,heavy_flood,m10_dilemma_unique_s20260618,1800,512,8,1000.0,10000.0,True,0,200,1,20260618,BudgetDoS,True,300,1500,1261400,896.517413,0.565742,0,0.0,0.0,45360.0,0.434258,0,0,0,0,0,7,1080,247265,151368.0,4192
m10_statistical_extension,attacker_dilemma,heavy_flood,m10_dilemma_unique_s20260618,1800,512,8,1000.0,10000.0,True,0,200,1,20260618,P3-Persist,True,300,1500,1356780,572.481013,0.952955,0.0,0.0,0.0,45420.48,0.051468,192,0,0,0,2162,4,5,22568,162813.6,6832
m10_statistical_extension,attacker_dilemma,heavy_flood,m10_dilemma_unique_s20260619,1800,512,8,1000.0,10000.0,True,0,200,1,20260619,BudgetDoS,True,300,1500,1261510,830.487163,0.591511,0,0.0,0.0,45622.08,0.408489,0,0,0,0,0,9,1049,246989,151381.2,4192
m10_statistical_extension,attacker_dilemma,heavy_flood,m10_dilemma_unique_s20260619,1800,512,8,1000.0,10000.0,True,0,200,1,20260619,P3-Persist,True,300,1500,1365347,555.470708,0.957165,0.0,0.0,0.0,45722.88,0.046729,209,0,0,0,2235,3,10,22666,163841.64,6832
m10_statistical_extension,attacker_dilemma,heavy_flood,m10_dilemma_unique_s20260620,1800,512,8,1000.0,10000.0,True,0,200,1,20260620,BudgetDoS,True,300,1500,1261463,854.07109,0.58081,0,0.0,0.0,45864.0,0.41919,0,0,0,0,0,14,1066,248245,151375.56,4192
m10_statistical_extension,attacker_dilemma,heavy_flood,m10_dilemma_unique_s20260620,1800,512,8,1000.0,10000.0,True,0,200,1,20260620,P3-Persist,True,300,1500,1364347,559.387864,0.959103,0,0.0,0.0,46025.28,0.047582,207,0,0,0,2207,6,4,22729,163721.64,6832
m10_statistical_extension,attacker_dilemma,heavy_flood,m10_dilemma_unique_s20260621,1800,512,8,1000.0,10000.0,True,0,200,1,20260621,BudgetDoS,True,300,1500,1260959,1295.94964,0.381419,0,0.0,0.0,45581.76,0.618581,0,0,0,0,0,14,1578,247974,151315.08,4192
m10_statistical_extension,attacker_dilemma,heavy_flood,m10_dilemma_unique_s20260621,1800,512,8,1000.0,10000.0,True,0,200,1,20260621,P3-Persist,True,300,1500,1375429,563.46948,0.95688,0,0,0.0,45722.88,0.049392,229,0,0,0,2194,5,3,22613,165051.48,6832
m10_statistical_extension,attacker_dilemma,heavy_flood,m10_dilemma_unique_s20260622,1800,512,8,1000.0,10000.0,True,0,200,1,20260622,BudgetDoS,True,300,1500,1261543,813.89871,0.614105,0.0,0.0,0.0,46166.4,0.385895,0,0,0,0,0,7,974,247375,151385.16,4192
m10_statistical_extension,attacker_dilemma,heavy_flood,m10_dilemma_unique_s20260622,1800,512,8,1000.0,10000.0,True,0,200,1,20260622,P3-Persist,True,300,1500,1353755,560.329056,0.957211,0.0,0.0,0.0,46206.72,0.049128,186,0,0,0,2216,3,4,22523,162450.6,6832
m10_statistical_extension,attacker_dilemma,heavy_flood,m10_dilemma_unique_s20260623,1800,512,8,1000.0,10000.0,True,0,200,1,20260623,BudgetDoS,True,300,1500,1261451,864.007534,0.56677,0.0,0.0,0.0,46347.84,0.43323,0,0,0,0,0,9,1116,247967,151374.12,4192
m10_statistical_extension,attacker_dilemma,heavy_flood,m10_dilemma_unique_s20260623,1800,512,8,1000.0,10000.0,True,0,200,1,20260623,P3-Persist,True,300,1500,1349723,547.999594,0.956134,0,0.0,0.0,46448.64,0.046972,178,0,0,0,2271,3,5,22613,161966.76,6832
m10_statistical_extension,attacker_dilemma,heavy_flood,m10_dilemma_unique_s20260624,1800,512,8,1000.0,10000.0,True,0,200,1,20260624,BudgetDoS,True,300,1500,1261502,832.674587,0.583365,0,0.0,0.0,45521.28,0.416635,0,0,0,0,0,13,1082,247799,151380.24,4192
m10_statistical_extension,attacker_dilemma,heavy_flood,m10_dilemma_unique_s20260624,1800,512,8,1000.0,10000.0,True,0,200,1,20260624,P3-Persist,True,300,1500,1358292,546.816425,0.956488,0.0,0.0,0.0,45702.72,0.049288,195,0,0,0,2273,4,6,22713,162995.04,6832
m10_statistical_extension,attacker_dilemma,heavy_flood,m10_dilemma_unique_s20260625,1800,512,8,1000.0,10000.0,True,0,200,1,20260625,BudgetDoS,True,300,1500,1261487,844.93436,0.57401,0,0.0,0.0,45541.44,0.42599,0,0,0,0,0,6,1108,247955,151378.44,4192
m10_statistical_extension,attacker_dilemma,heavy_flood,m10_dilemma_unique_s20260625,1800,512,8,1000.0,10000.0,True,0,200,1,20260625,P3-Persist,True,300,1500,1355769,544.485542,0.957324,0.0,0.0,0.0,45601.92,0.046521,190,0,0,0,2288,3,3,22499,162692.28,6832
m10_statistical_extension,attacker_dilemma,heavy_flood,m10_dilemma_unique_s20260626,1800,512,8,1000.0,10000.0,True,0,200,1,20260626,BudgetDoS,True,300,1500,1261503,833.775942,0.585753,0,0.0,0.0,45884.16,0.414247,0,0,0,0,0,10,1070,247243,151380.36,4192
m10_statistical_extension,attacker_dilemma,heavy_flood,m10_dilemma_unique_s20260626,1800,512,8,1000.0,10000.0,True,0,200,1,20260626,P3-Persist,True,300,1500,1364845,550.784907,0.95935,0.0,0.0,0.0,46045.44,0.047619,208,0,0,0,2255,2,6,22475,163781.4,6832
m10_statistical_extension,attacker_dilemma,heavy_flood,m10_dilemma_unique_s20260627,1800,512,8,1000.0,10000.0,True,0,200,1,20260627,BudgetDoS,True,300,1500,1261491,840.433711,0.583366,0,0,0,45722.88,0.416634,0,0,0,0,0,10,1072,248313,151378.92,4192
m10_statistical_extension,attacker_dilemma,heavy_flood,m10_dilemma_unique_s20260627,1800,512,8,1000.0,10000.0,True,0,200,1,20260627,P3-Persist,True,300,1500,1362822,555.347188,0.95375,0.0,0.0,0.0,45884.16,0.051691,204,0,0,0,2241,3,9,22648,163538.64,6832
m10_statistical_extension,attacker_dilemma,heavy_flood,m10_dilemma_unique_s20260628,1800,512,8,1000.0,10000.0,True,0,200,1,20260628,BudgetDoS,True,300,1500,1261458,859.303815,0.58556,0.0,0.0,0.0,46126.08,0.41444,0,0,0,0,0,10,1039,247884,151374.96,4192
m10_statistical_extension,attacker_dilemma,heavy_flood,m10_dilemma_unique_s20260628,1800,512,8,1000.0,10000.0,True,0,200,1,20260628,P3-Persist,True,300,1500,1355269,565.874322,0.955325,0,0.0,100.0,46247.04,0.055445,189,0,0,0,2190,3,11,22708,162632.28,6832
m10_statistical_extension,attacker_dilemma,heavy_flood,m10_dilemma_unique_s20260629,1800,512,8,1000.0,10000.0,True,0,200,1,20260629,BudgetDoS,True,300,1500,1261489,842.115487,0.588143,0.0,0.0,0.0,45722.88,0.411857,0,0,0,0,0,9,1049,246839,151378.68,4192
m10_statistical_extension,attacker_dilemma,heavy_flood,m10_dilemma_unique_s20260629,1800,512,8,1000.0,10000.0,True,0,200,1,20260629,P3-Persist,True,300,1500,1367868,561.983566,0.955634,0.0,0.0,0.0,45763.2,0.048685,214,0,0,0,2202,6,9,22314,164144.16,6832
m10_statistical_extension,attacker_dilemma,heavy_flood,m10_dilemma_repeated_s20260610,1800,512,8,1000.0,10000.0,False,0,200,1,20260610,BudgetDoS,True,300,1500,1261535,816.527508,0.597217,0,0.0,0.0,45339.84,0.402783,0,0,0,0,0,10,1042,247428,151384.2,4192
m10_statistical_extension,attacker_dilemma,heavy_flood,m10_dilemma_repeated_s20260610,1800,512,8,1000.0,10000.0,False,0,200,1,20260610,P3-Persist,True,300,1500,3780007,2266.191247,0.644762,0.0,0.0,0.0,145756.8,0.356784,21,4979,0,0,1632,8,55,22116,453600.84,6832
m10_statistical_extension,attacker_dilemma,heavy_flood,m10_dilemma_repeated_s20260611,1800,512,8,1000.0,10000.0,False,0,200,1,20260611,BudgetDoS,True,300,1500,1261536,816.0,0.603199,0.0,0.0,0.0,45339.84,0.396801,0,0,0,0,0,10,1017,247757,151384.32,4192
m10_statistical_extension,attacker_dilemma,heavy_flood,m10_dilemma_repeated_s20260611,1800,512,8,1000.0,10000.0,False,0,200,1,20260611,P3-Persist,True,300,1500,3780007,2217.012903,0.665236,0,0.0,0.0,145797.12,0.336715,18,4982,0,0,1671,9,76,22050,453600.84,6832
m10_statistical_extension,attacker_dilemma,heavy_flood,m10_dilemma_repeated_s20260612,1800,512,8,1000.0,10000.0,False,0,200,1,20260612,BudgetDoS,True,300,1500,1260938,1327.303158,0.369362,0.0,0.0,0.0,44896.32,0.630638,0,0,0,0,0,12,1622,247444,151312.56,4192
m10_statistical_extension,attacker_dilemma,heavy_flood,m10_dilemma_repeated_s20260612,1800,512,8,1000.0,10000.0,False,0,200,1,20260612,P3-Persist,True,300,1500,3780007,2183.712883,0.673017,0,0.0,0.0,145474.56,0.327372,18,4982,0,0,1701,5,55,22039,453600.84,6832
m10_statistical_extension,attacker_dilemma,heavy_flood,m10_dilemma_repeated_s20260613,1800,512,8,1000.0,10000.0,False,0,200,1,20260613,BudgetDoS,True,300,1500,1261528,819.706303,0.586733,0,0.0,0.0,45521.28,0.413267,0,0,0,0,0,11,1084,248361,151383.36,4192
m10_statistical_extension,attacker_dilemma,heavy_flood,m10_dilemma_repeated_s20260613,1800,512,8,1000.0,10000.0,False,0,200,1,20260613,P3-Persist,True,300,1500,3780007,2205.371645,0.65345,0.0,0.0,0.0,146059.2,0.346931,14,4986,0,0,1683,10,44,22148,453600.84,6832
m10_statistical_extension,attacker_dilemma,heavy_flood,m10_dilemma_repeated_s20260614,1800,512,8,1000.0,10000.0,False,0,200,1,20260614,BudgetDoS,True,300,1500,1261539,815.474467,0.60359,0,0.0,0.0,45964.8,0.39641,0,0,0,0,0,8,1016,247416,151384.68,4192
m10_statistical_extension,attacker_dilemma,heavy_flood,m10_dilemma_repeated_s20260614,1800,512,8,1000.0,10000.0,False,0,200,1,20260614,P3-Persist,True,300,1500,3780008,2366.943018,0.623098,0,0.0,0.0,146502.72,0.377292,14,4986,0,0,1568,7,51,22146,453600.96,6832
m10_statistical_extension,attacker_dilemma,heavy_flood,m10_dilemma_repeated_s20260615,1800,512,8,1000.0,10000.0,False,0,200,1,20260615,BudgetDoS,True,300,1500,1261496,838.203322,0.601038,0,0.0,0.0,45702.72,0.398962,0,0,0,0,0,9,999,247004,151379.52,4192
m10_statistical_extension,attacker_dilemma,heavy_flood,m10_dilemma_repeated_s20260615,1800,512,8,1000.0,10000.0,False,0,200,1,20260615,P3-Persist,True,300,1500,3780007,2313.345777,0.652556,0.0,0.0,0.0,146260.8,0.347444,13,4987,0,0,1606,8,54,22057,453600.84,6832
m10_statistical_extension,attacker_dilemma,heavy_flood,m10_dilemma_repeated_s20260616,1800,512,8,1000.0,10000.0,False,0,200,1,20260616,BudgetDoS,True,300,1500,1261484,846.065728,0.599036,0,0.0,0.0,45581.76,0.400964,0,0,0,0,0,7,998,247651,151378.08,4192
m10_statistical_extension,attacker_dilemma,heavy_flood,m10_dilemma_repeated_s20260616,1800,512,8,1000.0,10000.0,False,0,200,1,20260616,P3-Persist,True,300,1500,3780007,2545.459259,0.596625,0,0.0,0.0,146139.84,0.403375,14,4986,0,0,1459,5,54,21987,453600.84,6832
m10_statistical_extension,attacker_dilemma,heavy_flood,m10_dilemma_repeated_s20260617,1800,512,8,1000.0,10000.0,False,0,200,1,20260617,BudgetDoS,True,300,1500,1261398,898.431624,0.565673,0.0,0.0,0.0,45158.4,0.434327,0,0,0,0,0,6,1078,248344,151367.76,4192
m10_statistical_extension,attacker_dilemma,heavy_flood,m10_dilemma_repeated_s20260617,1800,512,8,1000.0,10000.0,False,0,200,1,20260617,P3-Persist,True,300,1500,3780008,2350.751244,0.647865,0.0,0.0,0.0,145615.68,0.352941,19,4981,0,0,1577,4,109,22207,453600.96,6832
m10_statistical_extension,attacker_dilemma,heavy_flood,m10_dilemma_repeated_s20260618,1800,512,8,1000.0,10000.0,False,0,200,1,20260618,BudgetDoS,True,300,1500,1261400,896.517413,0.565742,0,0.0,0.0,45360.0,0.434258,0,0,0,0,0,7,1080,247265,151368.0,4192
m10_statistical_extension,attacker_dilemma,heavy_flood,m10_dilemma_repeated_s20260618,1800,512,8,1000.0,10000.0,False,0,200,1,20260618,P3-Persist,True,300,1500,3780007,2353.678082,0.645758,0.0,0.0,0.0,145837.44,0.354644,17,4983,0,0,1576,6,42,22099,453600.84,6832
m10_statistical_extension,attacker_dilemma,heavy_flood,m10_dilemma_repeated_s20260619,1800,512,8,1000.0,10000.0,False,0,200,1,20260619,BudgetDoS,True,300,1500,1261510,830.487163,0.591511,0,0.0,0.0,45622.08,0.408489,0,0,0,0,0,9,1049,246989,151381.2,4192
m10_statistical_extension,attacker_dilemma,heavy_flood,m10_dilemma_repeated_s20260619,1800,512,8,1000.0,10000.0,False,0,200,1,20260619,P3-Persist,True,300,1500,3780006,2293.692961,0.641745,0.0,0.0,0.0,146180.16,0.358645,13,4987,0,0,1621,8,73,22172,453600.72,6832
m10_statistical_extension,attacker_dilemma,heavy_flood,m10_dilemma_repeated_s20260620,1800,512,8,1000.0,10000.0,False,0,200,1,20260620,BudgetDoS,True,300,1500,1261463,854.07109,0.58081,0,0.0,0.0,45864.0,0.41919,0,0,0,0,0,14,1066,248245,151375.56,4192
m10_statistical_extension,attacker_dilemma,heavy_flood,m10_dilemma_repeated_s20260620,1800,512,8,1000.0,10000.0,False,0,200,1,20260620,P3-Persist,True,300,1500,3780006,2493.407652,0.596146,0.0,0.0,0.0,146321.28,0.40464,18,4982,0,0,1479,13,71,22264,453600.72,6832
m10_statistical_extension,attacker_dilemma,heavy_flood,m10_dilemma_repeated_s20260621,1800,512,8,1000.0,10000.0,False,0,200,1,20260621,BudgetDoS,True,300,1500,1260959,1295.94964,0.381419,0,0.0,0.0,45581.76,0.618581,0,0,0,0,0,14,1578,247974,151315.08,4192
m10_statistical_extension,attacker_dilemma,heavy_flood,m10_dilemma_repeated_s20260621,1800,512,8,1000.0,10000.0,False,0,200,1,20260621,P3-Persist,True,300,1500,3780006,2260.769139,0.655429,0.0,0.0,0.0,146099.52,0.346139,18,4982,0,0,1638,10,52,22135,453600.72,6832
m10_statistical_extension,attacker_dilemma,heavy_flood,m10_dilemma_repeated_s20260622,1800,512,8,1000.0,10000.0,False,0,200,1,20260622,BudgetDoS,True,300,1500,1261543,813.89871,0.614105,0.0,0.0,0.0,46166.4,0.385895,0,0,0,0,0,7,974,247375,151385.16,4192
m10_statistical_extension,attacker_dilemma,heavy_flood,m10_dilemma_repeated_s20260622,1800,512,8,1000.0,10000.0,False,0,200,1,20260622,P3-Persist,True,300,1500,3780007,2303.477757,0.650158,0,0,0.0,146744.64,0.350238,11,4989,0,0,1616,7,41,22076,453600.84,6832
m10_statistical_extension,attacker_dilemma,heavy_flood,m10_dilemma_repeated_s20260623,1800,512,8,1000.0,10000.0,False,0,200,1,20260623,BudgetDoS,True,300,1500,1261451,864.007534,0.56677,0.0,0.0,0.0,46347.84,0.43323,0,0,0,0,0,9,1116,247967,151374.12,4192
m10_statistical_extension,attacker_dilemma,heavy_flood,m10_dilemma_repeated_s20260623,1800,512,8,1000.0,10000.0,False,0,200,1,20260623,P3-Persist,True,300,1500,3780007,2267.55069,0.647127,0,0.0,0.0,146966.4,0.352873,10,4990,0,0,1642,8,72,22170,453600.84,6832
m10_statistical_extension,attacker_dilemma,heavy_flood,m10_dilemma_repeated_s20260624,1800,512,8,1000.0,10000.0,False,0,200,1,20260624,BudgetDoS,True,300,1500,1261502,832.674587,0.583365,0,0.0,0.0,45521.28,0.416635,0,0,0,0,0,13,1082,247799,151380.24,4192
m10_statistical_extension,attacker_dilemma,heavy_flood,m10_dilemma_repeated_s20260624,1800,512,8,1000.0,10000.0,False,0,200,1,20260624,P3-Persist,True,300,1500,3780008,2207.948598,0.659222,0.0,0.0,0.0,146059.2,0.341548,14,4986,0,0,1678,12,64,22247,453600.96,6832
m10_statistical_extension,attacker_dilemma,heavy_flood,m10_dilemma_repeated_s20260625,1800,512,8,1000.0,10000.0,False,0,200,1,20260625,BudgetDoS,True,300,1500,1261487,844.93436,0.57401,0,0.0,0.0,45541.44,0.42599,0,0,0,0,0,6,1108,247955,151378.44,4192
m10_statistical_extension,attacker_dilemma,heavy_flood,m10_dilemma_repeated_s20260625,1800,512,8,1000.0,10000.0,False,0,200,1,20260625,P3-Persist,True,300,1500,3780007,2311.930887,0.628604,0,0.0,0.0,145978.56,0.371396,17,4983,0,0,1604,7,45,22062,453600.84,6832
m10_statistical_extension,attacker_dilemma,heavy_flood,m10_dilemma_repeated_s20260626,1800,512,8,1000.0,10000.0,False,0,200,1,20260626,BudgetDoS,True,300,1500,1261503,833.775942,0.585753,0,0.0,0.0,45884.16,0.414247,0,0,0,0,0,10,1070,247243,151380.36,4192
m10_statistical_extension,attacker_dilemma,heavy_flood,m10_dilemma_repeated_s20260626,1800,512,8,1000.0,10000.0,False,0,200,1,20260626,P3-Persist,True,300,1500,3780007,2386.368056,0.61324,0.0,0.0,0.0,146502.72,0.38676,9,4991,0,0,1558,10,61,22018,453600.84,6832
m10_statistical_extension,attacker_dilemma,heavy_flood,m10_dilemma_repeated_s20260627,1800,512,8,1000.0,10000.0,False,0,200,1,20260627,BudgetDoS,True,300,1500,1261491,840.433711,0.583366,0,0,0,45722.88,0.416634,0,0,0,0,0,10,1072,248313,151378.92,4192
m10_statistical_extension,attacker_dilemma,heavy_flood,m10_dilemma_repeated_s20260627,1800,512,8,1000.0,10000.0,False,0,200,1,20260627,P3-Persist,True,300,1500,3780007,2252.685936,0.652157,0.0,0.0,0.0,146280.96,0.348232,14,4986,0,0,1648,9,72,22176,453600.84,6832
m10_statistical_extension,attacker_dilemma,heavy_flood,m10_dilemma_repeated_s20260628,1800,512,8,1000.0,10000.0,False,0,200,1,20260628,BudgetDoS,True,300,1500,1261458,859.303815,0.58556,0.0,0.0,0.0,46126.08,0.41444,0,0,0,0,0,10,1039,247884,151374.96,4192
m10_statistical_extension,attacker_dilemma,heavy_flood,m10_dilemma_repeated_s20260628,1800,512,8,1000.0,10000.0,False,0,200,1,20260628,P3-Persist,True,300,1500,3780007,2416.884271,0.623853,0.0,0.0,0.0,146563.2,0.377343,19,4981,0,0,1529,9,110,22221,453600.84,6832
m10_statistical_extension,attacker_dilemma,heavy_flood,m10_dilemma_repeated_s20260629,1800,512,8,1000.0,10000.0,False,0,200,1,20260629,BudgetDoS,True,300,1500,1261489,842.115487,0.588143,0.0,0.0,0.0,45722.88,0.411857,0,0,0,0,0,9,1049,246839,151378.68,4192
m10_statistical_extension,attacker_dilemma,heavy_flood,m10_dilemma_repeated_s20260629,1800,512,8,1000.0,10000.0,False,0,200,1,20260629,P3-Persist,True,300,1500,3780007,2277.112651,0.651747,0.0,0.0,0.0,146119.68,0.348253,20,4980,0,0,1624,9,53,21879,453600.84,6832
m10_statistical_extension,attacker_dilemma,heavy_flood,m10_dilemma_repeated_dup60_s20260610,1800,512,8,1000.0,10000.0,False,60,200,1,20260610,BudgetDoS,True,300,1500,1260189,4345.47931,0.112099,0.0,0.0,0.0,504.0,0.887901,0,0,1636,249652,0,101,661,0,151222.68,4192
m10_statistical_extension,attacker_dilemma,heavy_flood,m10_dilemma_repeated_dup60_s20260610,1800,512,8,1000.0,10000.0,False,60,200,1,20260610,P3-Persist,True,300,1500,1340147,546.107172,0.948589,0.0,0.0,0.0,504.0,0.059142,159,0,27,249652,2243,41,8,0,160817.64,6832
m10_statistical_extension,attacker_dilemma,heavy_flood,m10_dilemma_repeated_dup60_s20260611,1800,512,8,1000.0,10000.0,False,60,200,1,20260611,BudgetDoS,True,300,1500,1260188,4300.982935,0.114319,0,0.0,0.0,504.0,0.885681,0,0,1636,249981,0,105,634,0,151222.56,4192
m10_statistical_extension,attacker_dilemma,heavy_flood,m10_dilemma_repeated_dup60_s20260611,1800,512,8,1000.0,10000.0,False,60,200,1,20260611,P3-Persist,True,300,1500,1336110,550.065871,0.947718,0,0.0,0.0,504.0,0.060476,151,0,31,249981,2231,41,10,0,160333.2,6832
m10_statistical_extension,attacker_dilemma,heavy_flood,m10_dilemma_repeated_dup60_s20260612,1800,512,8,1000.0,10000.0,False,60,200,1,20260612,BudgetDoS,True,300,1500,1260196,4330.570447,0.113142,0,0.0,0.0,504.0,0.886858,0,0,1637,249646,0,95,644,0,151223.52,4192
m10_statistical_extension,attacker_dilemma,heavy_flood,m10_dilemma_repeated_dup60_s20260612,1800,512,8,1000.0,10000.0,False,60,200,1,20260612,P3-Persist,True,300,1500,1344686,562.394814,0.929627,0,0.0,0.0,504.0,0.075816,168,0,71,249646,2174,35,3,0,161362.32,6832
m10_statistical_extension,attacker_dilemma,heavy_flood,m10_dilemma_repeated_dup60_s20260613,1800,512,8,1000.0,10000.0,False,60,200,1,20260613,BudgetDoS,True,300,1500,1260159,4286.255102,0.112085,0.0,0.0,0.0,504.0,0.887915,0,0,1665,250594,0,135,664,0,151219.08,4192
m10_statistical_extension,attacker_dilemma,heavy_flood,m10_dilemma_repeated_dup60_s20260613,1800,512,8,1000.0,10000.0,False,60,200,1,20260613,P3-Persist,True,300,1500,1342161,540.757857,0.946245,0.0,0.0,0.0,504.0,0.05833,163,0,32,250594,2251,59,5,0,161059.32,6832
m10_statistical_extension,attacker_dilemma,heavy_flood,m10_dilemma_repeated_dup60_s20260614,1800,512,8,1000.0,10000.0,False,60,200,1,20260614,BudgetDoS,True,300,1500,1260188,4360.512111,0.112758,0,0.0,0.0,504.0,0.887242,0,0,1610,249671,0,101,664,0,151222.56,4192
m10_statistical_extension,attacker_dilemma,heavy_flood,m10_dilemma_repeated_dup60_s20260614,1800,512,8,1000.0,10000.0,False,60,200,1,20260614,P3-Persist,True,300,1500,1346190,556.967315,0.943036,0,0.0,0.0,504.0,0.062427,171,0,32,249671,2196,44,6,0,161542.8,6832
m10_statistical_extension,attacker_dilemma,heavy_flood,m10_dilemma_repeated_dup60_s20260615,1800,512,8,1000.0,10000.0,False,60,200,1,20260615,BudgetDoS,True,300,1500,1260176,4468.70922,0.11262,0.0,0.0,0.0,504.0,0.88738,0,0,1560,249246,0,106,662,0,151221.12,4192
m10_statistical_extension,attacker_dilemma,heavy_flood,m10_dilemma_repeated_dup60_s20260615,1800,512,8,1000.0,10000.0,False,60,200,1,20260615,P3-Persist,True,300,1500,1345181,571.202123,0.940495,0,0.0,0.0,504.0,0.061901,169,0,34,249246,2157,24,8,0,161421.72,6832
m10_statistical_extension,attacker_dilemma,heavy_flood,m10_dilemma_repeated_dup60_s20260616,1800,512,8,1000.0,10000.0,False,60,200,1,20260616,BudgetDoS,True,300,1500,1260175,4684.665428,0.108076,0,0.0,0.0,504.0,0.891924,0,0,1565,249887,0,94,655,0,151221.0,4192
m10_statistical_extension,attacker_dilemma,heavy_flood,m10_dilemma_repeated_dup60_s20260616,1800,512,8,1000.0,10000.0,False,60,200,1,20260616,P3-Persist,True,300,1500,1333095,569.698718,0.940137,0.0,0.0,0.0,504.0,0.064283,145,0,39,249887,2149,31,5,0,159971.4,6832
m10_statistical_extension,attacker_dilemma,heavy_flood,m10_dilemma_repeated_dup60_s20260617,1800,512,8,1000.0,10000.0,False,60,200,1,20260617,BudgetDoS,True,300,1500,1260172,4791.528517,0.105963,0,0.0,0.0,504.0,0.894037,0,0,1513,250559,0,91,706,0,151220.64,4192
m10_statistical_extension,attacker_dilemma,heavy_flood,m10_dilemma_repeated_dup60_s20260617,1800,512,8,1000.0,10000.0,False,60,200,1,20260617,P3-Persist,True,300,1500,1348716,576.374359,0.942788,0.0,0.0,0.0,504.0,0.062853,176,0,33,250559,2120,32,8,0,161845.92,6832
m10_statistical_extension,attacker_dilemma,heavy_flood,m10_dilemma_repeated_dup60_s20260618,1800,512,8,1000.0,10000.0,False,60,200,1,20260618,BudgetDoS,True,300,1500,1260179,4315.681507,0.117411,0.0,0.0,0.0,504.0,0.882589,0,0,1548,249490,0,113,647,0,151221.48,4192
m10_statistical_extension,attacker_dilemma,heavy_flood,m10_dilemma_repeated_dup60_s20260618,1800,512,8,1000.0,10000.0,False,60,200,1,20260618,P3-Persist,True,300,1500,1336620,569.987207,0.942903,0,0.0,0.0,504.0,0.061922,152,0,33,249490,2140,41,4,0,160394.4,6832
m10_statistical_extension,attacker_dilemma,heavy_flood,m10_dilemma_repeated_dup60_s20260619,1800,512,8,1000.0,10000.0,False,60,200,1,20260619,BudgetDoS,True,300,1500,1260190,4390.905923,0.11176,0,0.0,0.0,504.0,0.88824,0,0,1635,249227,0,97,646,0,151222.8,4192
m10_statistical_extension,attacker_dilemma,heavy_flood,m10_dilemma_repeated_dup60_s20260619,1800,512,8,1000.0,10000.0,False,60,200,1,20260619,P3-Persist,True,300,1500,1341659,551.442252,0.94743,0,0.0,0.0,504.0,0.055685,162,0,28,249227,2224,36,9,0,160999.08,6832
m10_statistical_extension,attacker_dilemma,heavy_flood,m10_dilemma_repeated_dup60_s20260620,1800,512,8,1000.0,10000.0,False,60,200,1,20260620,BudgetDoS,True,300,1500,1260178,4390.864111,0.112859,0,0.0,0.0,504.0,0.887141,0,0,1578,250495,0,109,678,0,151221.36,4192
m10_statistical_extension,attacker_dilemma,heavy_flood,m10_dilemma_repeated_dup60_s20260620,1800,512,8,1000.0,10000.0,False,60,200,1,20260620,P3-Persist,True,300,1500,1339644,560.520502,0.939835,0.0,0.0,0.0,504.0,0.06685,158,0,51,250495,2182,38,2,0,160757.28,6832
m10_statistical_extension,attacker_dilemma,heavy_flood,m10_dilemma_repeated_dup60_s20260621,1800,512,8,1000.0,10000.0,False,60,200,1,20260621,BudgetDoS,True,300,1500,1260149,4684.568773,0.105449,0,0.0,0.0,504.0,0.894551,0,0,1575,250210,0,120,707,0,151217.88,4192
m10_statistical_extension,attacker_dilemma,heavy_flood,m10_dilemma_repeated_dup60_s20260621,1800,512,8,1000.0,10000.0,False,60,200,1,20260621,P3-Persist,True,300,1500,1351233,562.076955,0.942376,0.0,0.0,0.0,504.0,0.063897,181,0,36,250210,2179,35,3,0,162147.96,6832
m10_statistical_extension,attacker_dilemma,heavy_flood,m10_dilemma_repeated_dup60_s20260622,1800,512,8,1000.0,10000.0,False,60,200,1,20260622,BudgetDoS,True,300,1500,1260161,4809.774809,0.103803,0.0,0.0,0.0,504.0,0.896197,0,0,1615,249640,0,101,647,0,151219.32,4192
m10_statistical_extension,attacker_dilemma,heavy_flood,m10_dilemma_repeated_dup60_s20260622,1800,512,8,1000.0,10000.0,False,60,200,1,20260622,P3-Persist,True,300,1500,1331578,559.251575,0.943344,0,0,0.0,504.0,0.063391,142,0,41,249640,2196,33,3,0,159789.36,6832
m10_statistical_extension,attacker_dilemma,heavy_flood,m10_dilemma_repeated_dup60_s20260623,1800,512,8,1000.0,10000.0,False,60,200,1,20260623,BudgetDoS,True,300,1500,1260172,4330.487973,0.112966,0,0.0,0.0,504.0,0.887034,0,0,1630,250241,0,119,655,0,151220.64,4192
m10_statistical_extension,attacker_dilemma,heavy_flood,m10_dilemma_repeated_dup60_s20260623,1800,512,8,1000.0,10000.0,False,60,200,1,20260623,P3-Persist,True,300,1500,1327542,546.31358,0.943323,0.0,0.0,0.0,504.0,0.060559,134,0,42,250241,2251,39,4,0,159305.04,6832
m10_statistical_extension,attacker_dilemma,heavy_flood,m10_dilemma_repeated_dup60_s20260624,1800,512,8,1000.0,10000.0,False,60,200,1,20260624,BudgetDoS,True,300,1500,1260181,4104.824104,0.118213,0,0.0,0.0,504.0,0.881787,0,0,1648,250032,0,126,642,0,151221.72,4192
m10_statistical_extension,attacker_dilemma,heavy_flood,m10_dilemma_repeated_dup60_s20260624,1800,512,8,1000.0,10000.0,False,60,200,1,20260624,P3-Persist,True,300,1500,1335105,545.163332,0.943011,0,0.0,0.0,504.0,0.061995,149,0,36,250032,2246,45,6,0,160212.6,6832
m10_statistical_extension,attacker_dilemma,heavy_flood,m10_dilemma_repeated_dup60_s20260625,1800,512,8,1000.0,10000.0,False,60,200,1,20260625,BudgetDoS,True,300,1500,1260189,4214.67893,0.114956,0,0.0,0.0,504.0,0.885044,0,0,1636,250189,0,110,666,0,151222.68,4192
m10_statistical_extension,attacker_dilemma,heavy_flood,m10_dilemma_repeated_dup60_s20260625,1800,512,8,1000.0,10000.0,False,60,200,1,20260625,P3-Persist,True,300,1500,1332581,542.58184,0.944252,0.0,0.0,0.0,504.0,0.059977,144,0,38,250189,2268,39,2,0,159909.72,6832
m10_statistical_extension,attacker_dilemma,heavy_flood,m10_dilemma_repeated_dup60_s20260626,1800,512,8,1000.0,10000.0,False,60,200,1,20260626,BudgetDoS,True,300,1500,1260192,4549.429603,0.10724,0,0.0,0.0,504.0,0.89276,0,0,1613,249494,0,85,693,0,151223.04,4192
m10_statistical_extension,attacker_dilemma,heavy_flood,m10_dilemma_repeated_dup60_s20260626,1800,512,8,1000.0,10000.0,False,60,200,1,20260626,P3-Persist,True,300,1500,1350225,548.20341,0.953542,0,0.0,0.0,504.0,0.053039,179,0,19,249494,2245,30,7,0,162027.0,6832
m10_statistical_extension,attacker_dilemma,heavy_flood,m10_dilemma_repeated_dup60_s20260627,1800,512,8,1000.0,10000.0,False,60,200,1,20260627,BudgetDoS,True,300,1500,1260183,4360.49481,0.11232,0,0.0,0.0,504.0,0.88768,0,0,1601,250556,0,106,683,0,151221.96,4192
m10_statistical_extension,attacker_dilemma,heavy_flood,m10_dilemma_repeated_dup60_s20260627,1800,512,8,1000.0,10000.0,False,60,200,1,20260627,P3-Persist,True,300,1500,1341655,552.576194,0.943646,0.0,0.0,0.0,504.0,0.059852,162,0,32,250556,2220,39,8,0,160998.6,6832
m10_statistical_extension,attacker_dilemma,heavy_flood,m10_dilemma_repeated_dup60_s20260628,1800,512,8,1000.0,10000.0,False,60,200,1,20260628,BudgetDoS,True,300,1500,1260175,4158.993399,0.120862,0,0.0,0.0,504.0,0.879138,0,0,1573,250147,0,128,631,0,151221.0,4192
m10_statistical_extension,attacker_dilemma,heavy_flood,m10_dilemma_repeated_dup60_s20260628,1800,512,8,1000.0,10000.0,False,60,200,1,20260628,P3-Persist,True,300,1500,1333594,562.460565,0.945752,0,0.0,30.0,504.0,0.063821,146,0,28,250147,2178,37,8,0,160031.28,6832
m10_statistical_extension,attacker_dilemma,heavy_flood,m10_dilemma_repeated_dup60_s20260629,1800,512,8,1000.0,10000.0,False,60,200,1,20260629,BudgetDoS,True,300,1500,1260182,4390.878049,0.112682,0,0.0,0.0,504.0,0.887318,0,0,1596,249082,0,105,664,0,151221.84,4192
m10_statistical_extension,attacker_dilemma,heavy_flood,m10_dilemma_repeated_dup60_s20260629,1800,512,8,1000.0,10000.0,False,60,200,1,20260629,P3-Persist,True,300,1500,1341150,561.150628,0.938359,0.0,0.0,0.0,504.0,0.065567,161,0,40,249082,2183,40,10,0,160938.0,6832
m10_statistical_extension,rate_independence,heavy_flood,m10_rate_repeated_atk10000_s20260610,1800,512,8,1000.0,10000.0,False,0,200,1,20260610,P3-Persist,True,300,1500,3780007,2266.191247,0.644762,0.0,0.0,0.0,145756.8,0.356784,21,4979,0,0,1632,8,55,22116,453600.84,6832
m10_statistical_extension,rate_independence,heavy_flood,m10_rate_repeated_atk10000_s20260611,1800,512,8,1000.0,10000.0,False,0,200,1,20260611,P3-Persist,True,300,1500,3780007,2217.012903,0.665236,0,0.0,0.0,145797.12,0.336715,18,4982,0,0,1671,9,76,22050,453600.84,6832
m10_statistical_extension,rate_independence,heavy_flood,m10_rate_repeated_atk10000_s20260612,1800,512,8,1000.0,10000.0,False,0,200,1,20260612,P3-Persist,True,300,1500,3780007,2183.712883,0.673017,0,0.0,0.0,145474.56,0.327372,18,4982,0,0,1701,5,55,22039,453600.84,6832
m10_statistical_extension,rate_independence,heavy_flood,m10_rate_repeated_atk10000_s20260613,1800,512,8,1000.0,10000.0,False,0,200,1,20260613,P3-Persist,True,300,1500,3780007,2205.371645,0.65345,0.0,0.0,0.0,146059.2,0.346931,14,4986,0,0,1683,10,44,22148,453600.84,6832
m10_statistical_extension,rate_independence,heavy_flood,m10_rate_repeated_atk10000_s20260614,1800,512,8,1000.0,10000.0,False,0,200,1,20260614,P3-Persist,True,300,1500,3780008,2366.943018,0.623098,0,0.0,0.0,146502.72,0.377292,14,4986,0,0,1568,7,51,22146,453600.96,6832
m10_statistical_extension,rate_independence,heavy_flood,m10_rate_repeated_atk10000_s20260615,1800,512,8,1000.0,10000.0,False,0,200,1,20260615,P3-Persist,True,300,1500,3780007,2313.345777,0.652556,0.0,0.0,0.0,146260.8,0.347444,13,4987,0,0,1606,8,54,22057,453600.84,6832
m10_statistical_extension,rate_independence,heavy_flood,m10_rate_repeated_atk10000_s20260616,1800,512,8,1000.0,10000.0,False,0,200,1,20260616,P3-Persist,True,300,1500,3780007,2545.459259,0.596625,0,0.0,0.0,146139.84,0.403375,14,4986,0,0,1459,5,54,21987,453600.84,6832
m10_statistical_extension,rate_independence,heavy_flood,m10_rate_repeated_atk10000_s20260617,1800,512,8,1000.0,10000.0,False,0,200,1,20260617,P3-Persist,True,300,1500,3780008,2350.751244,0.647865,0.0,0.0,0.0,145615.68,0.352941,19,4981,0,0,1577,4,109,22207,453600.96,6832
m10_statistical_extension,rate_independence,heavy_flood,m10_rate_repeated_atk10000_s20260618,1800,512,8,1000.0,10000.0,False,0,200,1,20260618,P3-Persist,True,300,1500,3780007,2353.678082,0.645758,0.0,0.0,0.0,145837.44,0.354644,17,4983,0,0,1576,6,42,22099,453600.84,6832
m10_statistical_extension,rate_independence,heavy_flood,m10_rate_repeated_atk10000_s20260619,1800,512,8,1000.0,10000.0,False,0,200,1,20260619,P3-Persist,True,300,1500,3780006,2293.692961,0.641745,0.0,0.0,0.0,146180.16,0.358645,13,4987,0,0,1621,8,73,22172,453600.72,6832
m10_statistical_extension,rate_independence,heavy_flood,m10_rate_repeated_atk10000_s20260620,1800,512,8,1000.0,10000.0,False,0,200,1,20260620,P3-Persist,True,300,1500,3780006,2493.407652,0.596146,0.0,0.0,0.0,146321.28,0.40464,18,4982,0,0,1479,13,71,22264,453600.72,6832
m10_statistical_extension,rate_independence,heavy_flood,m10_rate_repeated_atk10000_s20260621,1800,512,8,1000.0,10000.0,False,0,200,1,20260621,P3-Persist,True,300,1500,3780006,2260.769139,0.655429,0.0,0.0,0.0,146099.52,0.346139,18,4982,0,0,1638,10,52,22135,453600.72,6832
m10_statistical_extension,rate_independence,heavy_flood,m10_rate_repeated_atk10000_s20260622,1800,512,8,1000.0,10000.0,False,0,200,1,20260622,P3-Persist,True,300,1500,3780007,2303.477757,0.650158,0,0,0.0,146744.64,0.350238,11,4989,0,0,1616,7,41,22076,453600.84,6832
m10_statistical_extension,rate_independence,heavy_flood,m10_rate_repeated_atk10000_s20260623,1800,512,8,1000.0,10000.0,False,0,200,1,20260623,P3-Persist,True,300,1500,3780007,2267.55069,0.647127,0,0.0,0.0,146966.4,0.352873,10,4990,0,0,1642,8,72,22170,453600.84,6832
m10_statistical_extension,rate_independence,heavy_flood,m10_rate_repeated_atk10000_s20260624,1800,512,8,1000.0,10000.0,False,0,200,1,20260624,P3-Persist,True,300,1500,3780008,2207.948598,0.659222,0.0,0.0,0.0,146059.2,0.341548,14,4986,0,0,1678,12,64,22247,453600.96,6832
m10_statistical_extension,rate_independence,heavy_flood,m10_rate_repeated_atk10000_s20260625,1800,512,8,1000.0,10000.0,False,0,200,1,20260625,P3-Persist,True,300,1500,3780007,2311.930887,0.628604,0,0.0,0.0,145978.56,0.371396,17,4983,0,0,1604,7,45,22062,453600.84,6832
m10_statistical_extension,rate_independence,heavy_flood,m10_rate_repeated_atk10000_s20260626,1800,512,8,1000.0,10000.0,False,0,200,1,20260626,P3-Persist,True,300,1500,3780007,2386.368056,0.61324,0.0,0.0,0.0,146502.72,0.38676,9,4991,0,0,1558,10,61,22018,453600.84,6832
m10_statistical_extension,rate_independence,heavy_flood,m10_rate_repeated_atk10000_s20260627,1800,512,8,1000.0,10000.0,False,0,200,1,20260627,P3-Persist,True,300,1500,3780007,2252.685936,0.652157,0.0,0.0,0.0,146280.96,0.348232,14,4986,0,0,1648,9,72,22176,453600.84,6832
m10_statistical_extension,rate_independence,heavy_flood,m10_rate_repeated_atk10000_s20260628,1800,512,8,1000.0,10000.0,False,0,200,1,20260628,P3-Persist,True,300,1500,3780007,2416.884271,0.623853,0.0,0.0,0.0,146563.2,0.377343,19,4981,0,0,1529,9,110,22221,453600.84,6832
m10_statistical_extension,rate_independence,heavy_flood,m10_rate_repeated_atk10000_s20260629,1800,512,8,1000.0,10000.0,False,0,200,1,20260629,P3-Persist,True,300,1500,3780007,2277.112651,0.651747,0.0,0.0,0.0,146119.68,0.348253,20,4980,0,0,1624,9,53,21879,453600.84,6832
m10_statistical_extension,rate_independence,heavy_flood,m10_rate_repeated_atk20000_s20260610,1800,512,8,1000.0,20000.0,False,0,200,1,20260610,P3-Persist,True,300,1500,3780008,2346.373681,0.61559,0,0.0,0.0,148538.88,0.38441,14,4986,0,0,1586,3,57,44752,453600.96,6832
m10_statistical_extension,rate_independence,heavy_flood,m10_rate_repeated_atk20000_s20260611,1800,512,8,1000.0,20000.0,False,0,200,1,20260611,P3-Persist,True,300,1500,3780008,2557.515562,0.569118,0.0,0.0,0.0,148236.48,0.431267,6,4994,0,0,1459,5,92,44659,453600.96,6832
m10_statistical_extension,rate_independence,heavy_flood,m10_rate_repeated_atk20000_s20260612,1800,512,8,1000.0,20000.0,False,0,200,1,20260612,P3-Persist,True,300,1500,3780007,2564.455224,0.583994,0.0,0.0,0.0,148276.8,0.416403,10,4990,0,0,1453,4,63,44630,453600.84,6832
m10_statistical_extension,rate_independence,heavy_flood,m10_rate_repeated_atk20000_s20260613,1800,512,8,1000.0,20000.0,False,0,200,1,20260613,P3-Persist,True,300,1500,3780008,2566.196877,0.570488,0,0.0,0.0,148417.92,0.429512,14,4986,0,0,1449,2,76,44712,453600.96,6832
m10_statistical_extension,rate_independence,heavy_flood,m10_rate_repeated_atk20000_s20260614,1800,512,8,1000.0,20000.0,False,0,200,1,20260614,P3-Persist,True,300,1500,3780008,2678.956768,0.562375,0,0.0,0.0,148962.24,0.437625,6,4994,0,0,1395,2,45,44888,453600.96,6832
m10_statistical_extension,rate_independence,heavy_flood,m10_rate_repeated_atk20000_s20260615,1800,512,8,1000.0,20000.0,False,0,200,1,20260615,P3-Persist,True,300,1500,3780008,2356.613466,0.614324,0.0,0.0,0.0,148659.84,0.385676,5,4995,0,0,1588,3,63,44790,453600.96,6832
m10_statistical_extension,rate_independence,heavy_flood,m10_rate_repeated_atk20000_s20260616,1800,512,8,1000.0,20000.0,False,0,200,1,20260616,P3-Persist,True,300,1500,3780007,2533.516756,0.577623,0.0,0.0,0.0,148417.92,0.422764,15,4985,0,0,1467,3,46,44796,453600.84,6832
m10_statistical_extension,rate_independence,heavy_flood,m10_rate_repeated_atk20000_s20260617,1800,512,8,1000.0,20000.0,False,0,200,1,20260617,P3-Persist,True,300,1500,3780008,2560.98103,0.600488,0.0,0.0,0.0,148397.76,0.400325,8,4992,0,0,1455,5,116,44686,453600.96,6832
m10_statistical_extension,rate_independence,heavy_flood,m10_rate_repeated_atk20000_s20260618,1800,512,8,1000.0,20000.0,False,0,200,1,20260618,P3-Persist,True,300,1500,3780007,2550.612011,0.574196,0.0,0.0,0.0,148659.84,0.425804,8,4992,0,0,1465,2,52,45000,453600.84,6832
m10_statistical_extension,rate_independence,heavy_flood,m10_rate_repeated_atk20000_s20260619,1800,512,8,1000.0,20000.0,False,0,200,1,20260619,P3-Persist,True,300,1500,3780008,2304.882927,0.628593,0.0,0.0,0.0,148417.92,0.371407,10,4990,0,0,1619,3,72,44967,453600.96,6832
m10_statistical_extension,rate_independence,heavy_flood,m10_rate_repeated_atk20000_s20260620,1800,512,8,1000.0,20000.0,False,0,200,1,20260620,P3-Persist,True,300,1500,3780007,2508.29927,0.583656,0,0.0,0.0,148599.36,0.416344,7,4993,0,0,1489,4,90,45400,453600.84,6832
m10_statistical_extension,rate_independence,heavy_flood,m10_rate_repeated_atk20000_s20260621,1800,512,8,1000.0,20000.0,False,0,200,1,20260621,P3-Persist,True,300,1500,3780008,2504.97548,0.592462,0,0.0,0.0,148639.68,0.407538,9,4991,0,0,1490,2,47,44856,453600.96,6832
m10_statistical_extension,rate_independence,heavy_flood,m10_rate_repeated_atk20000_s20260622,1800,512,8,1000.0,20000.0,False,0,200,1,20260622,P3-Persist,True,300,1500,3780008,2547.175202,0.584712,0.0,0.0,0.0,148458.24,0.415288,14,4986,0,0,1459,3,59,45159,453600.96,6832
m10_statistical_extension,rate_independence,heavy_flood,m10_rate_repeated_atk20000_s20260623,1800,512,8,1000.0,20000.0,False,0,200,1,20260623,P3-Persist,True,300,1500,3780007,2478.693115,0.598744,0,0.0,0.0,148256.64,0.401649,7,4993,0,0,1504,7,58,44864,453600.84,6832
m10_statistical_extension,rate_independence,heavy_flood,m10_rate_repeated_atk20000_s20260624,1800,512,8,1000.0,20000.0,False,0,200,1,20260624,P3-Persist,True,300,1500,3780008,2390.896901,0.630886,0,0,0.0,148498.56,0.369912,9,4991,0,0,1558,6,63,44842,453600.96,6832
m10_statistical_extension,rate_independence,heavy_flood,m10_rate_repeated_atk20000_s20260625,1800,512,8,1000.0,20000.0,False,0,200,1,20260625,P3-Persist,True,300,1500,3780007,2921.180062,0.515333,0.0,0.0,0.0,148115.52,0.485066,5,4995,0,0,1275,7,44,44368,453600.84,6832
m10_statistical_extension,rate_independence,heavy_flood,m10_rate_repeated_atk20000_s20260626,1800,512,8,1000.0,20000.0,False,0,200,1,20260626,P3-Persist,True,300,1500,3780008,2307.697192,0.624238,0.0,0.0,0.0,148397.76,0.376143,12,4988,0,0,1612,6,55,44778,453600.96,6832
m10_statistical_extension,rate_independence,heavy_flood,m10_rate_repeated_atk20000_s20260627,1800,512,8,1000.0,20000.0,False,0,200,1,20260627,P3-Persist,True,300,1500,3780007,2623.183206,0.588403,0,0,0.0,148438.08,0.412005,6,4994,0,0,1425,3,86,44688,453600.84,6832
m10_statistical_extension,rate_independence,heavy_flood,m10_rate_repeated_atk20000_s20260628,1800,512,8,1000.0,20000.0,False,0,200,1,20260628,P3-Persist,True,300,1500,3780007,2483.578844,0.601819,0.0,0.0,0.0,148901.76,0.398181,4,4996,0,0,1509,2,95,44690,453600.84,6832
m10_statistical_extension,rate_independence,heavy_flood,m10_rate_repeated_atk20000_s20260629,1800,512,8,1000.0,20000.0,False,0,200,1,20260629,P3-Persist,True,300,1500,3780007,2430.872669,0.630832,0,0.0,0.0,148579.2,0.369168,11,4989,0,0,1534,3,54,45151,453600.84,6832
