run_id,method,paired_trace_id,identity_label_for_scoring,event_id,rpa_value,action,aes_attempts,deferred,delay_ms,admission_path
m12_medium_flood_dup60_s20260628_bonded,P3-Persist,m12_medium_flood_dup60_s20260628,bonded,7344,PRIVPROBE:0,cache_hit,0,False,0,cache
m12_medium_flood_dup60_s20260628_bonded,P3-Persist,m12_medium_flood_dup60_s20260628,bonded,7478,PRIVPROBE:0,cache_hit,0,False,0,cache
m12_medium_flood_dup60_s20260628_bonded,P3-Persist,m12_medium_flood_dup60_s20260628,bonded,7595,PRIVPROBE:0,cache_hit,0,False,0,cache
m12_medium_flood_dup60_s20260628_bonded,P3-Persist,m12_medium_flood_dup60_s20260628,bonded,7726,PRIVPROBE:0,cache_hit,0,False,0,cache
m12_medium_flood_dup60_s20260628_bonded,P3-Persist,m12_medium_flood_dup60_s20260628,bonded,7885,PRIVPROBE:0,cache_hit,0,False,0,cache
m12_medium_flood_dup60_s20260628_bonded,P3-Persist,m12_medium_flood_dup60_s20260628,bonded,8000,PRIVPROBE:0,cache_hit,0,False,0,cache
m12_medium_flood_dup60_s20260628_bonded,P3-Persist,m12_medium_flood_dup60_s20260628,bonded,8109,PRIVPROBE:0,cache_hit,0,False,0,cache
m12_medium_flood_dup60_s20260628_bonded,P3-Persist,m12_medium_flood_dup60_s20260628,bonded,8215,PRIVPROBE:0,cache_hit,0,False,0,cache
m12_medium_flood_dup60_s20260628_bonded,P3-Persist,m12_medium_flood_dup60_s20260628,bonded,8362,PRIVPROBE:0,cache_hit,0,False,0,cache
m12_medium_flood_dup60_s20260628_bonded,P3-Persist,m12_medium_flood_dup60_s20260628,bonded,8481,PRIVPROBE:0,cache_hit,0,False,0,cache
m12_medium_flood_dup60_s20260628_bonded,P3-Persist,m12_medium_flood_dup60_s20260628,bonded,8608,PRIVPROBE:0,cache_hit,0,False,0,cache
m12_medium_flood_dup60_s20260628_bonded,P3-Persist,m12_medium_flood_dup60_s20260628,bonded,8767,PRIVPROBE:0,cache_hit,0,False,0,cache
m12_medium_flood_dup60_s20260628_bonded,P3-Persist,m12_medium_flood_dup60_s20260628,bonded,8887,PRIVPROBE:0,cache_hit,0,False,0,cache
m12_medium_flood_dup60_s20260628_bonded,P3-Persist,m12_medium_flood_dup60_s20260628,bonded,8989,PRIVPROBE:0,cache_hit,0,False,0,cache
m12_medium_flood_dup60_s20260628_bonded,P3-Persist,m12_medium_flood_dup60_s20260628,bonded,9095,PRIVPROBE:0,cache_hit,0,False,0,cache
m12_medium_flood_dup60_s20260628_bonded,P3-Persist,m12_medium_flood_dup60_s20260628,bonded,9216,PRIVPROBE:0,cache_hit,0,False,0,cache
m12_medium_flood_dup60_s20260628_bonded,P3-Persist,m12_medium_flood_dup60_s20260628,bonded,9327,PRIVPROBE:0,cache_hit,0,False,0,cache
m12_medium_flood_dup60_s20260628_bonded,P3-Persist,m12_medium_flood_dup60_s20260628,bonded,9446,PRIVPROBE:0,cache_hit,0,False,0,cache
m12_medium_flood_dup60_s20260628_bonded,P3-Persist,m12_medium_flood_dup60_s20260628,bonded,9581,PRIVPROBE:0,cache_hit,0,False,0,cache
m12_medium_flood_dup60_s20260628_bonded,P3-Persist,m12_medium_flood_dup60_s20260628,bonded,9715,PRIVPROBE:0,cache_hit,0,False,0,cache
m12_medium_flood_dup60_s20260628_bonded,P3-Persist,m12_medium_flood_dup60_s20260628,bonded,9831,PRIVPROBE:0,cache_hit,0,False,0,cache
m12_medium_flood_dup60_s20260628_bonded,P3-Persist,m12_medium_flood_dup60_s20260628,bonded,9942,PRIVPROBE:0,cache_hit,0,False,0,cache
m12_medium_flood_dup60_s20260628_bonded,P3-Persist,m12_medium_flood_dup60_s20260628,bonded,10066,PRIVPROBE:0,cache_hit,0,False,0,cache
m12_medium_flood_dup60_s20260628_bonded,P3-Persist,m12_medium_flood_dup60_s20260628,bonded,10187,PRIVPROBE:0,cache_hit,0,False,0,cache
m12_medium_flood_dup60_s20260628_bonded,P3-Persist,m12_medium_flood_dup60_s20260628,bonded,10291,PRIVPROBE:0,cache_hit,0,False,0,cache
m12_medium_flood_dup60_s20260628_bonded,P3-Persist,m12_medium_flood_dup60_s20260628,bonded,10428,PRIVPROBE:0,cache_hit,0,False,0,cache
m12_medium_flood_dup60_s20260628_bonded,P3-Persist,m12_medium_flood_dup60_s20260628,bonded,10558,PRIVPROBE:0,cache_hit,0,False,0,cache
m12_medium_flood_dup60_s20260628_bonded,P3-Persist,m12_medium_flood_dup60_s20260628,bonded,10679,PRIVPROBE:0,cache_hit,0,False,0,cache
m12_medium_flood_dup60_s20260628_bonded,P3-Persist,m12_medium_flood_dup60_s20260628,bonded,10780,PRIVPROBE:0,cache_hit,0,False,0,cache
m12_medium_flood_dup60_s20260628_bonded,P3-Persist,m12_medium_flood_dup60_s20260628,bonded,10874,PRIVPROBE:0,cache_hit,0,False,0,cache
m12_medium_flood_dup60_s20260628_bonded,P3-Persist,m12_medium_flood_dup60_s20260628,bonded,10990,PRIVPROBE:0,cache_hit,0,False,0,cache
m12_medium_flood_dup60_s20260628_bonded,P3-Persist,m12_medium_flood_dup60_s20260628,bonded,11130,PRIVPROBE:0,cache_hit,0,False,0,cache
m12_medium_flood_dup60_s20260628_bonded,P3-Persist,m12_medium_flood_dup60_s20260628,bonded,11235,PRIVPROBE:0,cache_hit,0,False,0,cache
m12_medium_flood_dup60_s20260628_bonded,P3-Persist,m12_medium_flood_dup60_s20260628,bonded,11339,PRIVPROBE:0,cache_hit,0,False,0,cache
m12_medium_flood_dup60_s20260628_bonded,P3-Persist,m12_medium_flood_dup60_s20260628,bonded,11457,PRIVPROBE:0,cache_hit,0,False,0,cache
m12_medium_flood_dup60_s20260628_bonded,P3-Persist,m12_medium_flood_dup60_s20260628,bonded,11578,PRIVPROBE:0,cache_hit,0,False,0,cache
m12_medium_flood_dup60_s20260628_bonded,P3-Persist,m12_medium_flood_dup60_s20260628,bonded,11676,PRIVPROBE:0,cache_hit,0,False,0,cache
m12_medium_flood_dup60_s20260628_bonded,P3-Persist,m12_medium_flood_dup60_s20260628,bonded,11785,PRIVPROBE:0,cache_hit,0,False,0,cache
m12_medium_flood_dup60_s20260628_bonded,P3-Persist,m12_medium_flood_dup60_s20260628,bonded,11891,PRIVPROBE:0,cache_hit,0,False,0,cache
m12_medium_flood_dup60_s20260628_bonded,P3-Persist,m12_medium_flood_dup60_s20260628,bonded,12029,PRIVPROBE:0,cache_hit,0,False,0,cache
m12_medium_flood_dup60_s20260628_bonded,P3-Persist,m12_medium_flood_dup60_s20260628,bonded,12159,PRIVPROBE:0,cache_hit,0,False,0,cache
m12_medium_flood_dup60_s20260628_bonded,P3-Persist,m12_medium_flood_dup60_s20260628,bonded,12287,PRIVPROBE:0,cache_hit,0,False,0,cache
m12_medium_flood_dup60_s20260628_bonded,P3-Persist,m12_medium_flood_dup60_s20260628,bonded,12394,PRIVPROBE:0,cache_hit,0,False,0,cache
m12_medium_flood_dup60_s20260628_bonded,P3-Persist,m12_medium_flood_dup60_s20260628,bonded,12530,PRIVPROBE:0,cache_hit,0,False,0,cache
m12_medium_flood_dup60_s20260628_bonded,P3-Persist,m12_medium_flood_dup60_s20260628,bonded,12641,PRIVPROBE:0,cache_hit,0,False,0,cache
m12_medium_flood_dup60_s20260628_bonded,P3-Persist,m12_medium_flood_dup60_s20260628,bonded,12758,PRIVPROBE:0,cache_hit,0,False,0,cache
m12_medium_flood_dup60_s20260628_bonded,P3-Persist,m12_medium_flood_dup60_s20260628,bonded,12889,PRIVPROBE:0,cache_hit,0,False,0,cache
m12_medium_flood_dup60_s20260628_bonded,P3-Persist,m12_medium_flood_dup60_s20260628,bonded,13013,PRIVPROBE:0,cache_hit,0,False,0,cache
m12_medium_flood_dup60_s20260628_bonded,P3-Persist,m12_medium_flood_dup60_s20260628,bonded,13141,PRIVPROBE:0,cache_hit,0,False,0,cache
m12_medium_flood_dup60_s20260628_bonded,P3-Persist,m12_medium_flood_dup60_s20260628,bonded,13281,PRIVPROBE:0,cache_hit,0,False,0,cache
m12_medium_flood_dup60_s20260628_bonded,P3-Persist,m12_medium_flood_dup60_s20260628,bonded,13400,PRIVPROBE:0,cache_hit,0,False,0,cache
m12_medium_flood_dup60_s20260628_bonded,P3-Persist,m12_medium_flood_dup60_s20260628,bonded,13536,PRIVPROBE:0,cache_hit,0,False,0,cache
m12_medium_flood_dup60_s20260628_bonded,P3-Persist,m12_medium_flood_dup60_s20260628,bonded,13638,PRIVPROBE:0,cache_hit,0,False,0,cache
m12_medium_flood_dup60_s20260628_bonded,P3-Persist,m12_medium_flood_dup60_s20260628,bonded,13750,PRIVPROBE:0,cache_hit,0,False,0,cache
m12_medium_flood_dup60_s20260628_bonded,P3-Persist,m12_medium_flood_dup60_s20260628,bonded,13884,PRIVPROBE:0,cache_hit,0,False,0,cache
m12_medium_flood_dup60_s20260628_bonded,P3-Persist,m12_medium_flood_dup60_s20260628,bonded,14002,PRIVPROBE:0,cache_hit,0,False,0,cache
m12_medium_flood_dup60_s20260628_bonded,P3-Persist,m12_medium_flood_dup60_s20260628,bonded,14106,PRIVPROBE:0,cache_hit,0,False,0,cache
m12_medium_flood_dup60_s20260628_bonded,P3-Persist,m12_medium_flood_dup60_s20260628,bonded,14208,PRIVPROBE:0,cache_hit,0,False,0,cache
m12_medium_flood_dup60_s20260628_bonded,P3-Persist,m12_medium_flood_dup60_s20260628,bonded,14318,PRIVPROBE:0,cache_hit,0,False,0,cache
m12_medium_flood_dup60_s20260628_bonded,P3-Persist,m12_medium_flood_dup60_s20260628,bonded,14437,PRIVPROBE:0,cache_hit,0,False,0,cache
m12_medium_flood_dup60_s20260628_bonded,P3-Persist,m12_medium_flood_dup60_s20260628,bonded,14546,PRIVPROBE:0,cache_hit,0,False,0,cache
m12_medium_flood_dup60_s20260628_bonded,P3-Persist,m12_medium_flood_dup60_s20260628,bonded,14659,PRIVPROBE:0,cache_hit,0,False,0,cache
m12_medium_flood_dup60_s20260628_bonded,P3-Persist,m12_medium_flood_dup60_s20260628,bonded,14776,PRIVPROBE:0,cache_hit,0,False,0,cache
m12_medium_flood_dup60_s20260628_bonded,P3-Persist,m12_medium_flood_dup60_s20260628,bonded,14895,PRIVPROBE:0,cache_hit,0,False,0,cache
m12_medium_flood_dup60_s20260628_bonded,P3-Persist,m12_medium_flood_dup60_s20260628,bonded,15020,PRIVPROBE:0,cache_hit,0,False,0,cache
m12_medium_flood_dup60_s20260628_bonded,P3-Persist,m12_medium_flood_dup60_s20260628,bonded,15152,PRIVPROBE:0,cache_hit,0,False,0,cache
m12_medium_flood_dup60_s20260628_bonded,P3-Persist,m12_medium_flood_dup60_s20260628,bonded,15274,PRIVPROBE:0,cache_hit,0,False,0,cache
m12_medium_flood_dup60_s20260628_bonded,P3-Persist,m12_medium_flood_dup60_s20260628,bonded,15399,PRIVPROBE:0,cache_hit,0,False,0,cache
m12_medium_flood_dup60_s20260628_bonded,P3-Persist,m12_medium_flood_dup60_s20260628,bonded,15500,PRIVPROBE:0,cache_hit,0,False,0,cache
m12_medium_flood_dup60_s20260628_bonded,P3-Persist,m12_medium_flood_dup60_s20260628,bonded,15619,PRIVPROBE:0,cache_hit,0,False,0,cache
m12_medium_flood_dup60_s20260628_bonded,P3-Persist,m12_medium_flood_dup60_s20260628,bonded,15727,PRIVPROBE:0,cache_hit,0,False,0,cache
m12_medium_flood_dup60_s20260628_bonded,P3-Persist,m12_medium_flood_dup60_s20260628,bonded,15848,PRIVPROBE:0,cache_hit,0,False,0,cache
m12_medium_flood_dup60_s20260628_bonded,P3-Persist,m12_medium_flood_dup60_s20260628,bonded,15968,PRIVPROBE:0,cache_hit,0,False,0,cache
m12_medium_flood_dup60_s20260628_bonded,P3-Persist,m12_medium_flood_dup60_s20260628,bonded,16079,PRIVPROBE:0,cache_hit,0,False,0,cache
m12_medium_flood_dup60_s20260628_bonded,P3-Persist,m12_medium_flood_dup60_s20260628,bonded,16180,PRIVPROBE:0,cache_hit,0,False,0,cache
m12_medium_flood_dup60_s20260628_bonded,P3-Persist,m12_medium_flood_dup60_s20260628,bonded,16303,PRIVPROBE:0,cache_hit,0,False,0,cache
m12_medium_flood_dup60_s20260628_bonded,P3-Persist,m12_medium_flood_dup60_s20260628,bonded,16427,PRIVPROBE:0,cache_hit,0,False,0,cache
m12_medium_flood_dup60_s20260628_bonded,P3-Persist,m12_medium_flood_dup60_s20260628,bonded,16552,PRIVPROBE:0,cache_hit,0,False,0,cache
m12_medium_flood_dup60_s20260628_bonded,P3-Persist,m12_medium_flood_dup60_s20260628,bonded,16708,PRIVPROBE:0,cache_hit,0,False,0,cache
m12_medium_flood_dup60_s20260628_bonded,P3-Persist,m12_medium_flood_dup60_s20260628,bonded,16827,PRIVPROBE:0,cache_hit,0,False,0,cache
m12_medium_flood_dup60_s20260628_bonded,P3-Persist,m12_medium_flood_dup60_s20260628,bonded,16931,PRIVPROBE:0,cache_hit,0,False,0,cache
m12_medium_flood_dup60_s20260628_bonded,P3-Persist,m12_medium_flood_dup60_s20260628,bonded,17058,PRIVPROBE:0,cache_hit,0,False,0,cache
m12_medium_flood_dup60_s20260628_bonded,P3-Persist,m12_medium_flood_dup60_s20260628,bonded,17182,PRIVPROBE:0,cache_hit,0,False,0,cache
m12_medium_flood_dup60_s20260628_bonded,P3-Persist,m12_medium_flood_dup60_s20260628,bonded,17303,PRIVPROBE:0,cache_hit,0,False,0,cache
m12_medium_flood_dup60_s20260628_bonded,P3-Persist,m12_medium_flood_dup60_s20260628,bonded,17438,PRIVPROBE:0,cache_hit,0,False,0,cache
m12_medium_flood_dup60_s20260628_bonded,P3-Persist,m12_medium_flood_dup60_s20260628,bonded,17555,PRIVPROBE:0,cache_hit,0,False,0,cache
m12_medium_flood_dup60_s20260628_bonded,P3-Persist,m12_medium_flood_dup60_s20260628,bonded,17660,PRIVPROBE:0,cache_hit,0,False,0,cache
m12_medium_flood_dup60_s20260628_bonded,P3-Persist,m12_medium_flood_dup60_s20260628,bonded,17785,PRIVPROBE:0,cache_hit,0,False,0,cache
m12_medium_flood_dup60_s20260628_bonded,P3-Persist,m12_medium_flood_dup60_s20260628,bonded,17890,PRIVPROBE:0,cache_hit,0,False,0,cache
m12_medium_flood_dup60_s20260628_bonded,P3-Persist,m12_medium_flood_dup60_s20260628,bonded,18034,PRIVPROBE:0,cache_hit,0,False,0,cache
m12_medium_flood_dup60_s20260628_bonded,P3-Persist,m12_medium_flood_dup60_s20260628,bonded,18146,PRIVPROBE:0,cache_hit,0,False,0,cache
m12_medium_flood_dup60_s20260628_bonded,P3-Persist,m12_medium_flood_dup60_s20260628,bonded,18266,PRIVPROBE:0,cache_hit,0,False,0,cache
m12_medium_flood_dup60_s20260628_bonded,P3-Persist,m12_medium_flood_dup60_s20260628,bonded,18383,PRIVPROBE:0,cache_hit,0,False,0,cache
m12_medium_flood_dup60_s20260628_bonded,P3-Persist,m12_medium_flood_dup60_s20260628,bonded,18487,PRIVPROBE:0,cache_hit,0,False,0,cache
m12_medium_flood_dup60_s20260628_bonded,P3-Persist,m12_medium_flood_dup60_s20260628,bonded,18624,PRIVPROBE:0,cache_hit,0,False,0,cache
m12_medium_flood_dup60_s20260628_bonded,P3-Persist,m12_medium_flood_dup60_s20260628,bonded,18739,PRIVPROBE:0,cache_hit,0,False,0,cache
m12_medium_flood_dup60_s20260628_bonded,P3-Persist,m12_medium_flood_dup60_s20260628,bonded,18852,PRIVPROBE:0,cache_hit,0,False,0,cache
m12_medium_flood_dup60_s20260628_bonded,P3-Persist,m12_medium_flood_dup60_s20260628,bonded,18986,PRIVPROBE:0,cache_hit,0,False,0,cache
m12_medium_flood_dup60_s20260628_bonded,P3-Persist,m12_medium_flood_dup60_s20260628,bonded,19108,PRIVPROBE:0,cache_hit,0,False,0,cache
m12_medium_flood_dup60_s20260628_bonded,P3-Persist,m12_medium_flood_dup60_s20260628,bonded,19226,PRIVPROBE:0,cache_hit,0,False,0,cache
m12_medium_flood_dup60_s20260628_bonded,P3-Persist,m12_medium_flood_dup60_s20260628,bonded,19355,PRIVPROBE:0,cache_hit,0,False,0,cache
m12_medium_flood_dup60_s20260628_bonded,P3-Persist,m12_medium_flood_dup60_s20260628,bonded,19454,PRIVPROBE:0,cache_hit,0,False,0,cache
m12_medium_flood_dup60_s20260628_bonded,P3-Persist,m12_medium_flood_dup60_s20260628,bonded,19577,PRIVPROBE:0,cache_hit,0,False,0,cache
m12_medium_flood_dup60_s20260628_bonded,P3-Persist,m12_medium_flood_dup60_s20260628,bonded,19697,PRIVPROBE:0,cache_hit,0,False,0,cache
m12_medium_flood_dup60_s20260628_bonded,P3-Persist,m12_medium_flood_dup60_s20260628,bonded,19848,PRIVPROBE:0,cache_hit,0,False,0,cache
m12_medium_flood_dup60_s20260628_bonded,P3-Persist,m12_medium_flood_dup60_s20260628,bonded,19954,PRIVPROBE:0,cache_hit,0,False,0,cache
m12_medium_flood_dup60_s20260628_bonded,P3-Persist,m12_medium_flood_dup60_s20260628,bonded,20082,PRIVPROBE:0,cache_hit,0,False,0,cache
m12_medium_flood_dup60_s20260628_bonded,P3-Persist,m12_medium_flood_dup60_s20260628,bonded,20218,PRIVPROBE:0,cache_hit,0,False,0,cache
m12_medium_flood_dup60_s20260628_bonded,P3-Persist,m12_medium_flood_dup60_s20260628,bonded,20368,PRIVPROBE:0,cache_hit,0,False,0,cache
m12_medium_flood_dup60_s20260628_bonded,P3-Persist,m12_medium_flood_dup60_s20260628,bonded,20493,PRIVPROBE:0,cache_hit,0,False,0,cache
m12_medium_flood_dup60_s20260628_bonded,P3-Persist,m12_medium_flood_dup60_s20260628,bonded,20625,PRIVPROBE:0,cache_hit,0,False,0,cache
m12_medium_flood_dup60_s20260628_bonded,P3-Persist,m12_medium_flood_dup60_s20260628,bonded,20758,PRIVPROBE:0,cache_hit,0,False,0,cache
m12_medium_flood_dup60_s20260628_bonded,P3-Persist,m12_medium_flood_dup60_s20260628,bonded,20865,PRIVPROBE:0,cache_hit,0,False,0,cache
m12_medium_flood_dup60_s20260628_bonded,P3-Persist,m12_medium_flood_dup60_s20260628,bonded,20995,PRIVPROBE:0,cache_hit,0,False,0,cache
m12_medium_flood_dup60_s20260628_bonded,P3-Persist,m12_medium_flood_dup60_s20260628,bonded,21120,PRIVPROBE:0,cache_hit,0,False,0,cache
m12_medium_flood_dup60_s20260628_bonded,P3-Persist,m12_medium_flood_dup60_s20260628,bonded,21223,PRIVPROBE:0,cache_hit,0,False,0,cache
m12_medium_flood_dup60_s20260628_bonded,P3-Persist,m12_medium_flood_dup60_s20260628,bonded,21345,PRIVPROBE:0,cache_hit,0,False,0,cache
m12_medium_flood_dup60_s20260628_bonded,P3-Persist,m12_medium_flood_dup60_s20260628,bonded,21449,PRIVPROBE:0,cache_hit,0,False,0,cache
m12_medium_flood_dup60_s20260628_bonded,P3-Persist,m12_medium_flood_dup60_s20260628,bonded,21585,PRIVPROBE:0,cache_hit,0,False,0,cache
m12_medium_flood_dup60_s20260628_bonded,P3-Persist,m12_medium_flood_dup60_s20260628,bonded,21724,PRIVPROBE:0,cache_hit,0,False,0,cache
m12_medium_flood_dup60_s20260628_bonded,P3-Persist,m12_medium_flood_dup60_s20260628,bonded,21830,PRIVPROBE:1,host_scan,504,False,0,host_scan
m12_medium_flood_dup60_s20260628_bonded,P3-Persist,m12_medium_flood_dup60_s20260628,bonded,21954,PRIVPROBE:1,cache_hit,0,False,0,cache
m12_medium_flood_dup60_s20260628_bonded,P3-Persist,m12_medium_flood_dup60_s20260628,bonded,22088,PRIVPROBE:1,cache_hit,0,False,0,cache
m12_medium_flood_dup60_s20260628_bonded,P3-Persist,m12_medium_flood_dup60_s20260628,bonded,22183,PRIVPROBE:1,cache_hit,0,False,0,cache
m12_medium_flood_dup60_s20260628_bonded,P3-Persist,m12_medium_flood_dup60_s20260628,bonded,22304,PRIVPROBE:1,cache_hit,0,False,0,cache
m12_medium_flood_dup60_s20260628_bonded,P3-Persist,m12_medium_flood_dup60_s20260628,bonded,22414,PRIVPROBE:1,cache_hit,0,False,0,cache
m12_medium_flood_dup60_s20260628_bonded,P3-Persist,m12_medium_flood_dup60_s20260628,bonded,22538,PRIVPROBE:1,cache_hit,0,False,0,cache
m12_medium_flood_dup60_s20260628_bonded,P3-Persist,m12_medium_flood_dup60_s20260628,bonded,22678,PRIVPROBE:1,cache_hit,0,False,0,cache
m12_medium_flood_dup60_s20260628_bonded,P3-Persist,m12_medium_flood_dup60_s20260628,bonded,22817,PRIVPROBE:1,cache_hit,0,False,0,cache
m12_medium_flood_dup60_s20260628_bonded,P3-Persist,m12_medium_flood_dup60_s20260628,bonded,22942,PRIVPROBE:1,cache_hit,0,False,0,cache
m12_medium_flood_dup60_s20260628_bonded,P3-Persist,m12_medium_flood_dup60_s20260628,bonded,23051,PRIVPROBE:1,cache_hit,0,False,0,cache
m12_medium_flood_dup60_s20260628_bonded,P3-Persist,m12_medium_flood_dup60_s20260628,bonded,23175,PRIVPROBE:1,cache_hit,0,False,0,cache
m12_medium_flood_dup60_s20260628_bonded,P3-Persist,m12_medium_flood_dup60_s20260628,bonded,23294,PRIVPROBE:1,cache_hit,0,False,0,cache
m12_medium_flood_dup60_s20260628_bonded,P3-Persist,m12_medium_flood_dup60_s20260628,bonded,23436,PRIVPROBE:1,cache_hit,0,False,0,cache
m12_medium_flood_dup60_s20260628_bonded,P3-Persist,m12_medium_flood_dup60_s20260628,bonded,23541,PRIVPROBE:1,cache_hit,0,False,0,cache
m12_medium_flood_dup60_s20260628_bonded,P3-Persist,m12_medium_flood_dup60_s20260628,bonded,23675,PRIVPROBE:1,cache_hit,0,False,0,cache
m12_medium_flood_dup60_s20260628_bonded,P3-Persist,m12_medium_flood_dup60_s20260628,bonded,23807,PRIVPROBE:1,cache_hit,0,False,0,cache
m12_medium_flood_dup60_s20260628_bonded,P3-Persist,m12_medium_flood_dup60_s20260628,bonded,23916,PRIVPROBE:1,cache_hit,0,False,0,cache
m12_medium_flood_dup60_s20260628_bonded,P3-Persist,m12_medium_flood_dup60_s20260628,bonded,24021,PRIVPROBE:1,cache_hit,0,False,0,cache
m12_medium_flood_dup60_s20260628_bonded,P3-Persist,m12_medium_flood_dup60_s20260628,bonded,24156,PRIVPROBE:1,cache_hit,0,False,0,cache
m12_medium_flood_dup60_s20260628_bonded,P3-Persist,m12_medium_flood_dup60_s20260628,bonded,24272,PRIVPROBE:1,cache_hit,0,False,0,cache
m12_medium_flood_dup60_s20260628_bonded,P3-Persist,m12_medium_flood_dup60_s20260628,bonded,24390,PRIVPROBE:1,cache_hit,0,False,0,cache
m12_medium_flood_dup60_s20260628_bonded,P3-Persist,m12_medium_flood_dup60_s20260628,bonded,24490,PRIVPROBE:1,cache_hit,0,False,0,cache
m12_medium_flood_dup60_s20260628_bonded,P3-Persist,m12_medium_flood_dup60_s20260628,bonded,24620,PRIVPROBE:1,cache_hit,0,False,0,cache
m12_medium_flood_dup60_s20260628_bonded,P3-Persist,m12_medium_flood_dup60_s20260628,bonded,24740,PRIVPROBE:1,cache_hit,0,False,0,cache
m12_medium_flood_dup60_s20260628_bonded,P3-Persist,m12_medium_flood_dup60_s20260628,bonded,24847,PRIVPROBE:1,cache_hit,0,False,0,cache
m12_medium_flood_dup60_s20260628_bonded,P3-Persist,m12_medium_flood_dup60_s20260628,bonded,24959,PRIVPROBE:1,cache_hit,0,False,0,cache
m12_medium_flood_dup60_s20260628_bonded,P3-Persist,m12_medium_flood_dup60_s20260628,bonded,25088,PRIVPROBE:1,cache_hit,0,False,0,cache
m12_medium_flood_dup60_s20260628_bonded,P3-Persist,m12_medium_flood_dup60_s20260628,bonded,25216,PRIVPROBE:1,cache_hit,0,False,0,cache
m12_medium_flood_dup60_s20260628_bonded,P3-Persist,m12_medium_flood_dup60_s20260628,bonded,25338,PRIVPROBE:1,cache_hit,0,False,0,cache
m12_medium_flood_dup60_s20260628_bonded,P3-Persist,m12_medium_flood_dup60_s20260628,bonded,25476,PRIVPROBE:1,cache_hit,0,False,0,cache
m12_medium_flood_dup60_s20260628_bonded,P3-Persist,m12_medium_flood_dup60_s20260628,bonded,25596,PRIVPROBE:1,cache_hit,0,False,0,cache
m12_medium_flood_dup60_s20260628_bonded,P3-Persist,m12_medium_flood_dup60_s20260628,bonded,25696,PRIVPROBE:1,cache_hit,0,False,0,cache
m12_medium_flood_dup60_s20260628_bonded,P3-Persist,m12_medium_flood_dup60_s20260628,bonded,25797,PRIVPROBE:1,cache_hit,0,False,0,cache
m12_medium_flood_dup60_s20260628_bonded,P3-Persist,m12_medium_flood_dup60_s20260628,bonded,25924,PRIVPROBE:1,cache_hit,0,False,0,cache
m12_medium_flood_dup60_s20260628_bonded,P3-Persist,m12_medium_flood_dup60_s20260628,bonded,26038,PRIVPROBE:1,cache_hit,0,False,0,cache
m12_medium_flood_dup60_s20260628_bonded,P3-Persist,m12_medium_flood_dup60_s20260628,bonded,26172,PRIVPROBE:1,cache_hit,0,False,0,cache
m12_medium_flood_dup60_s20260628_bonded,P3-Persist,m12_medium_flood_dup60_s20260628,bonded,26297,PRIVPROBE:1,cache_hit,0,False,0,cache
m12_medium_flood_dup60_s20260628_bonded,P3-Persist,m12_medium_flood_dup60_s20260628,bonded,26423,PRIVPROBE:1,cache_hit,0,False,0,cache
m12_medium_flood_dup60_s20260628_bonded,P3-Persist,m12_medium_flood_dup60_s20260628,bonded,26529,PRIVPROBE:1,cache_hit,0,False,0,cache
m12_medium_flood_dup60_s20260628_bonded,P3-Persist,m12_medium_flood_dup60_s20260628,bonded,26637,PRIVPROBE:1,cache_hit,0,False,0,cache
m12_medium_flood_dup60_s20260628_bonded,P3-Persist,m12_medium_flood_dup60_s20260628,bonded,26741,PRIVPROBE:1,cache_hit,0,False,0,cache
m12_medium_flood_dup60_s20260628_bonded,P3-Persist,m12_medium_flood_dup60_s20260628,bonded,26852,PRIVPROBE:1,cache_hit,0,False,0,cache
m12_medium_flood_dup60_s20260628_bonded,P3-Persist,m12_medium_flood_dup60_s20260628,bonded,26962,PRIVPROBE:1,cache_hit,0,False,0,cache
m12_medium_flood_dup60_s20260628_bonded,P3-Persist,m12_medium_flood_dup60_s20260628,bonded,27106,PRIVPROBE:1,cache_hit,0,False,0,cache
m12_medium_flood_dup60_s20260628_bonded,P3-Persist,m12_medium_flood_dup60_s20260628,bonded,27220,PRIVPROBE:1,cache_hit,0,False,0,cache
m12_medium_flood_dup60_s20260628_bonded,P3-Persist,m12_medium_flood_dup60_s20260628,bonded,27356,PRIVPROBE:1,cache_hit,0,False,0,cache
m12_medium_flood_dup60_s20260628_bonded,P3-Persist,m12_medium_flood_dup60_s20260628,bonded,27505,PRIVPROBE:1,cache_hit,0,False,0,cache
m12_medium_flood_dup60_s20260628_bonded,P3-Persist,m12_medium_flood_dup60_s20260628,bonded,27641,PRIVPROBE:1,cache_hit,0,False,0,cache
m12_medium_flood_dup60_s20260628_bonded,P3-Persist,m12_medium_flood_dup60_s20260628,bonded,27766,PRIVPROBE:1,cache_hit,0,False,0,cache
m12_medium_flood_dup60_s20260628_bonded,P3-Persist,m12_medium_flood_dup60_s20260628,bonded,27883,PRIVPROBE:1,cache_hit,0,False,0,cache
m12_medium_flood_dup60_s20260628_bonded,P3-Persist,m12_medium_flood_dup60_s20260628,bonded,28013,PRIVPROBE:1,cache_hit,0,False,0,cache
m12_medium_flood_dup60_s20260628_bonded,P3-Persist,m12_medium_flood_dup60_s20260628,bonded,28134,PRIVPROBE:1,cache_hit,0,False,0,cache
m12_medium_flood_dup60_s20260628_bonded,P3-Persist,m12_medium_flood_dup60_s20260628,bonded,28249,PRIVPROBE:1,cache_hit,0,False,0,cache
m12_medium_flood_dup60_s20260628_bonded,P3-Persist,m12_medium_flood_dup60_s20260628,bonded,28404,PRIVPROBE:1,cache_hit,0,False,0,cache
m12_medium_flood_dup60_s20260628_bonded,P3-Persist,m12_medium_flood_dup60_s20260628,bonded,28528,PRIVPROBE:1,cache_hit,0,False,0,cache
m12_medium_flood_dup60_s20260628_bonded,P3-Persist,m12_medium_flood_dup60_s20260628,bonded,28647,PRIVPROBE:1,cache_hit,0,False,0,cache
m12_medium_flood_dup60_s20260628_bonded,P3-Persist,m12_medium_flood_dup60_s20260628,bonded,28757,PRIVPROBE:1,cache_hit,0,False,0,cache
m12_medium_flood_dup60_s20260628_bonded,P3-Persist,m12_medium_flood_dup60_s20260628,bonded,28859,PRIVPROBE:1,cache_hit,0,False,0,cache
m12_medium_flood_dup60_s20260628_bonded,P3-Persist,m12_medium_flood_dup60_s20260628,bonded,28985,PRIVPROBE:1,cache_hit,0,False,0,cache
m12_medium_flood_dup60_s20260628_bonded,P3-Persist,m12_medium_flood_dup60_s20260628,bonded,29101,PRIVPROBE:1,cache_hit,0,False,0,cache
m12_medium_flood_dup60_s20260628_bonded,P3-Persist,m12_medium_flood_dup60_s20260628,bonded,29235,PRIVPROBE:1,cache_hit,0,False,0,cache
m12_medium_flood_dup60_s20260628_bonded,P3-Persist,m12_medium_flood_dup60_s20260628,bonded,29371,PRIVPROBE:1,cache_hit,0,False,0,cache
m12_medium_flood_dup60_s20260628_bonded,P3-Persist,m12_medium_flood_dup60_s20260628,bonded,29482,PRIVPROBE:1,cache_hit,0,False,0,cache
m12_medium_flood_dup60_s20260628_bonded,P3-Persist,m12_medium_flood_dup60_s20260628,bonded,29607,PRIVPROBE:1,cache_hit,0,False,0,cache
m12_medium_flood_dup60_s20260628_bonded,P3-Persist,m12_medium_flood_dup60_s20260628,bonded,29719,PRIVPROBE:1,cache_hit,0,False,0,cache
m12_medium_flood_dup60_s20260628_bonded,P3-Persist,m12_medium_flood_dup60_s20260628,bonded,29829,PRIVPROBE:1,cache_hit,0,False,0,cache
m12_medium_flood_dup60_s20260628_bonded,P3-Persist,m12_medium_flood_dup60_s20260628,bonded,29961,PRIVPROBE:1,cache_hit,0,False,0,cache
m12_medium_flood_dup60_s20260628_bonded,P3-Persist,m12_medium_flood_dup60_s20260628,bonded,30078,PRIVPROBE:1,cache_hit,0,False,0,cache
m12_medium_flood_dup60_s20260628_bonded,P3-Persist,m12_medium_flood_dup60_s20260628,bonded,30217,PRIVPROBE:1,cache_hit,0,False,0,cache
m12_medium_flood_dup60_s20260628_bonded,P3-Persist,m12_medium_flood_dup60_s20260628,bonded,30327,PRIVPROBE:1,cache_hit,0,False,0,cache
m12_medium_flood_dup60_s20260628_bonded,P3-Persist,m12_medium_flood_dup60_s20260628,bonded,30440,PRIVPROBE:1,cache_hit,0,False,0,cache
m12_medium_flood_dup60_s20260628_bonded,P3-Persist,m12_medium_flood_dup60_s20260628,bonded,30563,PRIVPROBE:1,cache_hit,0,False,0,cache
m12_medium_flood_dup60_s20260628_bonded,P3-Persist,m12_medium_flood_dup60_s20260628,bonded,30671,PRIVPROBE:1,cache_hit,0,False,0,cache
m12_medium_flood_dup60_s20260628_bonded,P3-Persist,m12_medium_flood_dup60_s20260628,bonded,30788,PRIVPROBE:1,cache_hit,0,False,0,cache
m12_medium_flood_dup60_s20260628_bonded,P3-Persist,m12_medium_flood_dup60_s20260628,bonded,30915,PRIVPROBE:1,cache_hit,0,False,0,cache
m12_medium_flood_dup60_s20260628_bonded,P3-Persist,m12_medium_flood_dup60_s20260628,bonded,31052,PRIVPROBE:1,cache_hit,0,False,0,cache
m12_medium_flood_dup60_s20260628_bonded,P3-Persist,m12_medium_flood_dup60_s20260628,bonded,31163,PRIVPROBE:1,cache_hit,0,False,0,cache
m12_medium_flood_dup60_s20260628_bonded,P3-Persist,m12_medium_flood_dup60_s20260628,bonded,31273,PRIVPROBE:1,cache_hit,0,False,0,cache
m12_medium_flood_dup60_s20260628_bonded,P3-Persist,m12_medium_flood_dup60_s20260628,bonded,31374,PRIVPROBE:1,cache_hit,0,False,0,cache
m12_medium_flood_dup60_s20260628_bonded,P3-Persist,m12_medium_flood_dup60_s20260628,bonded,31464,PRIVPROBE:1,cache_hit,0,False,0,cache
m12_medium_flood_dup60_s20260628_bonded,P3-Persist,m12_medium_flood_dup60_s20260628,bonded,31605,PRIVPROBE:1,cache_hit,0,False,0,cache
m12_medium_flood_dup60_s20260628_bonded,P3-Persist,m12_medium_flood_dup60_s20260628,bonded,31706,PRIVPROBE:1,cache_hit,0,False,0,cache
m12_medium_flood_dup60_s20260628_bonded,P3-Persist,m12_medium_flood_dup60_s20260628,bonded,31810,PRIVPROBE:1,cache_hit,0,False,0,cache
m12_medium_flood_dup60_s20260628_bonded,P3-Persist,m12_medium_flood_dup60_s20260628,bonded,31941,PRIVPROBE:1,cache_hit,0,False,0,cache
m12_medium_flood_dup60_s20260628_bonded,P3-Persist,m12_medium_flood_dup60_s20260628,bonded,32049,PRIVPROBE:1,cache_hit,0,False,0,cache
m12_medium_flood_dup60_s20260628_bonded,P3-Persist,m12_medium_flood_dup60_s20260628,bonded,32200,PRIVPROBE:1,cache_hit,0,False,0,cache
m12_medium_flood_dup60_s20260628_bonded,P3-Persist,m12_medium_flood_dup60_s20260628,bonded,32309,PRIVPROBE:1,cache_hit,0,False,0,cache
m12_medium_flood_dup60_s20260628_bonded,P3-Persist,m12_medium_flood_dup60_s20260628,bonded,32424,PRIVPROBE:1,cache_hit,0,False,0,cache
m12_medium_flood_dup60_s20260628_bonded,P3-Persist,m12_medium_flood_dup60_s20260628,bonded,32536,PRIVPROBE:1,cache_hit,0,False,0,cache
m12_medium_flood_dup60_s20260628_bonded,P3-Persist,m12_medium_flood_dup60_s20260628,bonded,32643,PRIVPROBE:1,cache_hit,0,False,0,cache
m12_medium_flood_dup60_s20260628_bonded,P3-Persist,m12_medium_flood_dup60_s20260628,bonded,32758,PRIVPROBE:1,cache_hit,0,False,0,cache
m12_medium_flood_dup60_s20260628_bonded,P3-Persist,m12_medium_flood_dup60_s20260628,bonded,32881,PRIVPROBE:1,cache_hit,0,False,0,cache
m12_medium_flood_dup60_s20260628_bonded,P3-Persist,m12_medium_flood_dup60_s20260628,bonded,33020,PRIVPROBE:1,cache_hit,0,False,0,cache
m12_medium_flood_dup60_s20260628_bonded,P3-Persist,m12_medium_flood_dup60_s20260628,bonded,33126,PRIVPROBE:1,cache_hit,0,False,0,cache
m12_medium_flood_dup60_s20260628_bonded,P3-Persist,m12_medium_flood_dup60_s20260628,bonded,33254,PRIVPROBE:1,cache_hit,0,False,0,cache
m12_medium_flood_dup60_s20260628_bonded,P3-Persist,m12_medium_flood_dup60_s20260628,bonded,33390,PRIVPROBE:1,cache_hit,0,False,0,cache
m12_medium_flood_dup60_s20260628_bonded,P3-Persist,m12_medium_flood_dup60_s20260628,bonded,33501,PRIVPROBE:1,cache_hit,0,False,0,cache
m12_medium_flood_dup60_s20260628_bonded,P3-Persist,m12_medium_flood_dup60_s20260628,bonded,33640,PRIVPROBE:1,cache_hit,0,False,0,cache
m12_medium_flood_dup60_s20260628_bonded,P3-Persist,m12_medium_flood_dup60_s20260628,bonded,33761,PRIVPROBE:1,cache_hit,0,False,0,cache
m12_medium_flood_dup60_s20260628_bonded,P3-Persist,m12_medium_flood_dup60_s20260628,bonded,33859,PRIVPROBE:1,cache_hit,0,False,0,cache
m12_medium_flood_dup60_s20260628_bonded,P3-Persist,m12_medium_flood_dup60_s20260628,bonded,33987,PRIVPROBE:1,cache_hit,0,False,0,cache
m12_medium_flood_dup60_s20260628_bonded,P3-Persist,m12_medium_flood_dup60_s20260628,bonded,34091,PRIVPROBE:1,cache_hit,0,False,0,cache
m12_medium_flood_dup60_s20260628_bonded,P3-Persist,m12_medium_flood_dup60_s20260628,bonded,34222,PRIVPROBE:1,cache_hit,0,False,0,cache
m12_medium_flood_dup60_s20260628_bonded,P3-Persist,m12_medium_flood_dup60_s20260628,bonded,34335,PRIVPROBE:1,cache_hit,0,False,0,cache
m12_medium_flood_dup60_s20260628_bonded,P3-Persist,m12_medium_flood_dup60_s20260628,bonded,34465,PRIVPROBE:1,cache_hit,0,False,0,cache
m12_medium_flood_dup60_s20260628_bonded,P3-Persist,m12_medium_flood_dup60_s20260628,bonded,34564,PRIVPROBE:1,cache_hit,0,False,0,cache
m12_medium_flood_dup60_s20260628_bonded,P3-Persist,m12_medium_flood_dup60_s20260628,bonded,34684,PRIVPROBE:1,cache_hit,0,False,0,cache
m12_medium_flood_dup60_s20260628_bonded,P3-Persist,m12_medium_flood_dup60_s20260628,bonded,34821,PRIVPROBE:1,cache_hit,0,False,0,cache
m12_medium_flood_dup60_s20260628_bonded,P3-Persist,m12_medium_flood_dup60_s20260628,bonded,34950,PRIVPROBE:1,cache_hit,0,False,0,cache
m12_medium_flood_dup60_s20260628_bonded,P3-Persist,m12_medium_flood_dup60_s20260628,bonded,35080,PRIVPROBE:1,cache_hit,0,False,0,cache
m12_medium_flood_dup60_s20260628_bonded,P3-Persist,m12_medium_flood_dup60_s20260628,bonded,35202,PRIVPROBE:1,cache_hit,0,False,0,cache
m12_medium_flood_dup60_s20260628_bonded,P3-Persist,m12_medium_flood_dup60_s20260628,bonded,35337,PRIVPROBE:1,cache_hit,0,False,0,cache
m12_medium_flood_dup60_s20260628_bonded,P3-Persist,m12_medium_flood_dup60_s20260628,bonded,35442,PRIVPROBE:1,cache_hit,0,False,0,cache
m12_medium_flood_dup60_s20260628_bonded,P3-Persist,m12_medium_flood_dup60_s20260628,bonded,35567,PRIVPROBE:1,cache_hit,0,False,0,cache
m12_medium_flood_dup60_s20260628_bonded,P3-Persist,m12_medium_flood_dup60_s20260628,bonded,35718,PRIVPROBE:1,cache_hit,0,False,0,cache
m12_medium_flood_dup60_s20260628_bonded,P3-Persist,m12_medium_flood_dup60_s20260628,bonded,35834,PRIVPROBE:1,cache_hit,0,False,0,cache
m12_medium_flood_dup60_s20260628_bonded,P3-Persist,m12_medium_flood_dup60_s20260628,bonded,35940,PRIVPROBE:1,cache_hit,0,False,0,cache
m12_medium_flood_dup60_s20260628_bonded,P3-Persist,m12_medium_flood_dup60_s20260628,bonded,36058,PRIVPROBE:1,cache_hit,0,False,0,cache
m12_medium_flood_dup60_s20260628_bonded,P3-Persist,m12_medium_flood_dup60_s20260628,bonded,36171,PRIVPROBE:1,cache_hit,0,False,0,cache
m12_medium_flood_dup60_s20260628_bonded,P3-Persist,m12_medium_flood_dup60_s20260628,bonded,36312,PRIVPROBE:1,cache_hit,0,False,0,cache
m12_medium_flood_dup60_s20260628_bonded,P3-Persist,m12_medium_flood_dup60_s20260628,bonded,36438,PRIVPROBE:1,cache_hit,0,False,0,cache
m12_medium_flood_dup60_s20260628_bonded,P3-Persist,m12_medium_flood_dup60_s20260628,bonded,36563,PRIVPROBE:1,cache_hit,0,False,0,cache
m12_medium_flood_dup60_s20260628_bonded,P3-Persist,m12_medium_flood_dup60_s20260628,bonded,36681,PRIVPROBE:1,cache_hit,0,False,0,cache
m12_medium_flood_dup60_s20260628_bonded,P3-Persist,m12_medium_flood_dup60_s20260628,bonded,36809,PRIVPROBE:1,cache_hit,0,False,0,cache
m12_medium_flood_dup60_s20260628_bonded,P3-Persist,m12_medium_flood_dup60_s20260628,bonded,36942,PRIVPROBE:1,cache_hit,0,False,0,cache
m12_medium_flood_dup60_s20260628_bonded,P3-Persist,m12_medium_flood_dup60_s20260628,bonded,37067,PRIVPROBE:1,cache_hit,0,False,0,cache
m12_medium_flood_dup60_s20260628_bonded,P3-Persist,m12_medium_flood_dup60_s20260628,bonded,37193,PRIVPROBE:1,cache_hit,0,False,0,cache
m12_medium_flood_dup60_s20260628_bonded,P3-Persist,m12_medium_flood_dup60_s20260628,bonded,37317,PRIVPROBE:1,cache_hit,0,False,0,cache
m12_medium_flood_dup60_s20260628_bonded,P3-Persist,m12_medium_flood_dup60_s20260628,bonded,37426,PRIVPROBE:1,cache_hit,0,False,0,cache
m12_medium_flood_dup60_s20260628_bonded,P3-Persist,m12_medium_flood_dup60_s20260628,bonded,37577,PRIVPROBE:1,cache_hit,0,False,0,cache
m12_medium_flood_dup60_s20260628_bonded,P3-Persist,m12_medium_flood_dup60_s20260628,bonded,37697,PRIVPROBE:1,cache_hit,0,False,0,cache
m12_medium_flood_dup60_s20260628_bonded,P3-Persist,m12_medium_flood_dup60_s20260628,bonded,37826,PRIVPROBE:1,cache_hit,0,False,0,cache
m12_medium_flood_dup60_s20260628_bonded,P3-Persist,m12_medium_flood_dup60_s20260628,bonded,37953,PRIVPROBE:1,cache_hit,0,False,0,cache
m12_medium_flood_dup60_s20260628_bonded,P3-Persist,m12_medium_flood_dup60_s20260628,bonded,38072,PRIVPROBE:1,cache_hit,0,False,0,cache
m12_medium_flood_dup60_s20260628_bonded,P3-Persist,m12_medium_flood_dup60_s20260628,bonded,38201,PRIVPROBE:1,cache_hit,0,False,0,cache
m12_medium_flood_dup60_s20260628_bonded,P3-Persist,m12_medium_flood_dup60_s20260628,bonded,38321,PRIVPROBE:1,cache_hit,0,False,0,cache
m12_medium_flood_dup60_s20260628_bonded,P3-Persist,m12_medium_flood_dup60_s20260628,bonded,38450,PRIVPROBE:1,cache_hit,0,False,0,cache
m12_medium_flood_dup60_s20260628_bonded,P3-Persist,m12_medium_flood_dup60_s20260628,bonded,38580,PRIVPROBE:1,cache_hit,0,False,0,cache
m12_medium_flood_dup60_s20260628_bonded,P3-Persist,m12_medium_flood_dup60_s20260628,bonded,38684,PRIVPROBE:1,cache_hit,0,False,0,cache
m12_medium_flood_dup60_s20260628_bonded,P3-Persist,m12_medium_flood_dup60_s20260628,bonded,38768,PRIVPROBE:1,cache_hit,0,False,0,cache
m12_medium_flood_dup60_s20260628_bonded,P3-Persist,m12_medium_flood_dup60_s20260628,bonded,38897,PRIVPROBE:1,cache_hit,0,False,0,cache
m12_medium_flood_dup60_s20260628_bonded,P3-Persist,m12_medium_flood_dup60_s20260628,bonded,39008,PRIVPROBE:1,cache_hit,0,False,0,cache
m12_medium_flood_dup60_s20260628_bonded,P3-Persist,m12_medium_flood_dup60_s20260628,bonded,39134,PRIVPROBE:1,cache_hit,0,False,0,cache
m12_medium_flood_dup60_s20260628_bonded,P3-Persist,m12_medium_flood_dup60_s20260628,bonded,39274,PRIVPROBE:1,cache_hit,0,False,0,cache
m12_medium_flood_dup60_s20260628_bonded,P3-Persist,m12_medium_flood_dup60_s20260628,bonded,39397,PRIVPROBE:1,cache_hit,0,False,0,cache
m12_medium_flood_dup60_s20260628_bonded,P3-Persist,m12_medium_flood_dup60_s20260628,bonded,39517,PRIVPROBE:1,cache_hit,0,False,0,cache
m12_medium_flood_dup60_s20260628_bonded,P3-Persist,m12_medium_flood_dup60_s20260628,bonded,39627,PRIVPROBE:1,cache_hit,0,False,0,cache
m12_medium_flood_dup60_s20260628_bonded,P3-Persist,m12_medium_flood_dup60_s20260628,bonded,39750,PRIVPROBE:1,cache_hit,0,False,0,cache
m12_medium_flood_dup60_s20260628_bonded,P3-Persist,m12_medium_flood_dup60_s20260628,bonded,39877,PRIVPROBE:1,cache_hit,0,False,0,cache
m12_medium_flood_dup60_s20260628_bonded,P3-Persist,m12_medium_flood_dup60_s20260628,bonded,39991,PRIVPROBE:1,cache_hit,0,False,0,cache
m12_medium_flood_dup60_s20260628_bonded,P3-Persist,m12_medium_flood_dup60_s20260628,bonded,40120,PRIVPROBE:1,cache_hit,0,False,0,cache
m12_medium_flood_dup60_s20260628_bonded,P3-Persist,m12_medium_flood_dup60_s20260628,bonded,40237,PRIVPROBE:1,cache_hit,0,False,0,cache
m12_medium_flood_dup60_s20260628_bonded,P3-Persist,m12_medium_flood_dup60_s20260628,bonded,40346,PRIVPROBE:1,cache_hit,0,False,0,cache
m12_medium_flood_dup60_s20260628_bonded,P3-Persist,m12_medium_flood_dup60_s20260628,bonded,40484,PRIVPROBE:1,cache_hit,0,False,0,cache
m12_medium_flood_dup60_s20260628_bonded,P3-Persist,m12_medium_flood_dup60_s20260628,bonded,40628,PRIVPROBE:1,cache_hit,0,False,0,cache
m12_medium_flood_dup60_s20260628_bonded,P3-Persist,m12_medium_flood_dup60_s20260628,bonded,40749,PRIVPROBE:1,cache_hit,0,False,0,cache
m12_medium_flood_dup60_s20260628_bonded,P3-Persist,m12_medium_flood_dup60_s20260628,bonded,40878,PRIVPROBE:1,cache_hit,0,False,0,cache
m12_medium_flood_dup60_s20260628_bonded,P3-Persist,m12_medium_flood_dup60_s20260628,bonded,40996,PRIVPROBE:1,cache_hit,0,False,0,cache
m12_medium_flood_dup60_s20260628_bonded,P3-Persist,m12_medium_flood_dup60_s20260628,bonded,41141,PRIVPROBE:1,cache_hit,0,False,0,cache
m12_medium_flood_dup60_s20260628_bonded,P3-Persist,m12_medium_flood_dup60_s20260628,bonded,41255,PRIVPROBE:1,cache_hit,0,False,0,cache
m12_medium_flood_dup60_s20260628_bonded,P3-Persist,m12_medium_flood_dup60_s20260628,bonded,41385,PRIVPROBE:1,cache_hit,0,False,0,cache
m12_medium_flood_dup60_s20260628_bonded,P3-Persist,m12_medium_flood_dup60_s20260628,bonded,41498,PRIVPROBE:1,cache_hit,0,False,0,cache
m12_medium_flood_dup60_s20260628_bonded,P3-Persist,m12_medium_flood_dup60_s20260628,bonded,41619,PRIVPROBE:1,cache_hit,0,False,0,cache
m12_medium_flood_dup60_s20260628_bonded,P3-Persist,m12_medium_flood_dup60_s20260628,bonded,41765,PRIVPROBE:1,cache_hit,0,False,0,cache
m12_medium_flood_dup60_s20260628_bonded,P3-Persist,m12_medium_flood_dup60_s20260628,bonded,41874,PRIVPROBE:1,cache_hit,0,False,0,cache
m12_medium_flood_dup60_s20260628_bonded,P3-Persist,m12_medium_flood_dup60_s20260628,bonded,41993,PRIVPROBE:1,cache_hit,0,False,0,cache
m12_medium_flood_dup60_s20260628_bonded,P3-Persist,m12_medium_flood_dup60_s20260628,bonded,42132,PRIVPROBE:1,cache_hit,0,False,0,cache
m12_medium_flood_dup60_s20260628_bonded,P3-Persist,m12_medium_flood_dup60_s20260628,bonded,42247,PRIVPROBE:1,cache_hit,0,False,0,cache
m12_medium_flood_dup60_s20260628_bonded,P3-Persist,m12_medium_flood_dup60_s20260628,bonded,42379,PRIVPROBE:1,cache_hit,0,False,0,cache
m12_medium_flood_dup60_s20260628_bonded,P3-Persist,m12_medium_flood_dup60_s20260628,bonded,42479,PRIVPROBE:1,cache_hit,0,False,0,cache
m12_medium_flood_dup60_s20260628_bonded,P3-Persist,m12_medium_flood_dup60_s20260628,bonded,42563,PRIVPROBE:1,cache_hit,0,False,0,cache
m12_medium_flood_dup60_s20260628_bonded,P3-Persist,m12_medium_flood_dup60_s20260628,bonded,42681,PRIVPROBE:1,cache_hit,0,False,0,cache
m12_medium_flood_dup60_s20260628_bonded,P3-Persist,m12_medium_flood_dup60_s20260628,bonded,42814,PRIVPROBE:1,cache_hit,0,False,0,cache
m12_medium_flood_dup60_s20260628_bonded,P3-Persist,m12_medium_flood_dup60_s20260628,bonded,42973,PRIVPROBE:1,cache_hit,0,False,0,cache
m12_medium_flood_dup60_s20260628_bonded,P3-Persist,m12_medium_flood_dup60_s20260628,bonded,43097,PRIVPROBE:1,cache_hit,0,False,0,cache
m12_medium_flood_dup60_s20260628_bonded,P3-Persist,m12_medium_flood_dup60_s20260628,bonded,43212,PRIVPROBE:1,cache_hit,0,False,0,cache
m12_medium_flood_dup60_s20260628_bonded,P3-Persist,m12_medium_flood_dup60_s20260628,bonded,43324,PRIVPROBE:1,cache_hit,0,False,0,cache
m12_medium_flood_dup60_s20260628_bonded,P3-Persist,m12_medium_flood_dup60_s20260628,bonded,43454,PRIVPROBE:1,cache_hit,0,False,0,cache
m12_medium_flood_dup60_s20260628_bonded,P3-Persist,m12_medium_flood_dup60_s20260628,bonded,43569,PRIVPROBE:1,cache_hit,0,False,0,cache
m12_medium_flood_dup60_s20260628_bonded,P3-NoPersist,m12_medium_flood_dup60_s20260628,bonded,7344,PRIVPROBE:0,cache_hit,0,False,0,cache
m12_medium_flood_dup60_s20260628_bonded,P3-NoPersist,m12_medium_flood_dup60_s20260628,bonded,7478,PRIVPROBE:0,cache_hit,0,False,0,cache
m12_medium_flood_dup60_s20260628_bonded,P3-NoPersist,m12_medium_flood_dup60_s20260628,bonded,7595,PRIVPROBE:0,cache_hit,0,False,0,cache
m12_medium_flood_dup60_s20260628_bonded,P3-NoPersist,m12_medium_flood_dup60_s20260628,bonded,7726,PRIVPROBE:0,cache_hit,0,False,0,cache
m12_medium_flood_dup60_s20260628_bonded,P3-NoPersist,m12_medium_flood_dup60_s20260628,bonded,7885,PRIVPROBE:0,cache_hit,0,False,0,cache
m12_medium_flood_dup60_s20260628_bonded,P3-NoPersist,m12_medium_flood_dup60_s20260628,bonded,8000,PRIVPROBE:0,cache_hit,0,False,0,cache
m12_medium_flood_dup60_s20260628_bonded,P3-NoPersist,m12_medium_flood_dup60_s20260628,bonded,8109,PRIVPROBE:0,cache_hit,0,False,0,cache
m12_medium_flood_dup60_s20260628_bonded,P3-NoPersist,m12_medium_flood_dup60_s20260628,bonded,8215,PRIVPROBE:0,cache_hit,0,False,0,cache
m12_medium_flood_dup60_s20260628_bonded,P3-NoPersist,m12_medium_flood_dup60_s20260628,bonded,8362,PRIVPROBE:0,cache_hit,0,False,0,cache
m12_medium_flood_dup60_s20260628_bonded,P3-NoPersist,m12_medium_flood_dup60_s20260628,bonded,8481,PRIVPROBE:0,cache_hit,0,False,0,cache
m12_medium_flood_dup60_s20260628_bonded,P3-NoPersist,m12_medium_flood_dup60_s20260628,bonded,8608,PRIVPROBE:0,cache_hit,0,False,0,cache
m12_medium_flood_dup60_s20260628_bonded,P3-NoPersist,m12_medium_flood_dup60_s20260628,bonded,8767,PRIVPROBE:0,cache_hit,0,False,0,cache
m12_medium_flood_dup60_s20260628_bonded,P3-NoPersist,m12_medium_flood_dup60_s20260628,bonded,8887,PRIVPROBE:0,cache_hit,0,False,0,cache
m12_medium_flood_dup60_s20260628_bonded,P3-NoPersist,m12_medium_flood_dup60_s20260628,bonded,8989,PRIVPROBE:0,cache_hit,0,False,0,cache
m12_medium_flood_dup60_s20260628_bonded,P3-NoPersist,m12_medium_flood_dup60_s20260628,bonded,9095,PRIVPROBE:0,cache_hit,0,False,0,cache
m12_medium_flood_dup60_s20260628_bonded,P3-NoPersist,m12_medium_flood_dup60_s20260628,bonded,9216,PRIVPROBE:0,cache_hit,0,False,0,cache
m12_medium_flood_dup60_s20260628_bonded,P3-NoPersist,m12_medium_flood_dup60_s20260628,bonded,9327,PRIVPROBE:0,cache_hit,0,False,0,cache
m12_medium_flood_dup60_s20260628_bonded,P3-NoPersist,m12_medium_flood_dup60_s20260628,bonded,9446,PRIVPROBE:0,cache_hit,0,False,0,cache
m12_medium_flood_dup60_s20260628_bonded,P3-NoPersist,m12_medium_flood_dup60_s20260628,bonded,9581,PRIVPROBE:0,cache_hit,0,False,0,cache
m12_medium_flood_dup60_s20260628_bonded,P3-NoPersist,m12_medium_flood_dup60_s20260628,bonded,9715,PRIVPROBE:0,cache_hit,0,False,0,cache
m12_medium_flood_dup60_s20260628_bonded,P3-NoPersist,m12_medium_flood_dup60_s20260628,bonded,9831,PRIVPROBE:0,cache_hit,0,False,0,cache
m12_medium_flood_dup60_s20260628_bonded,P3-NoPersist,m12_medium_flood_dup60_s20260628,bonded,9942,PRIVPROBE:0,cache_hit,0,False,0,cache
m12_medium_flood_dup60_s20260628_bonded,P3-NoPersist,m12_medium_flood_dup60_s20260628,bonded,10066,PRIVPROBE:0,cache_hit,0,False,0,cache
m12_medium_flood_dup60_s20260628_bonded,P3-NoPersist,m12_medium_flood_dup60_s20260628,bonded,10187,PRIVPROBE:0,cache_hit,0,False,0,cache
m12_medium_flood_dup60_s20260628_bonded,P3-NoPersist,m12_medium_flood_dup60_s20260628,bonded,10291,PRIVPROBE:0,cache_hit,0,False,0,cache
m12_medium_flood_dup60_s20260628_bonded,P3-NoPersist,m12_medium_flood_dup60_s20260628,bonded,10428,PRIVPROBE:0,cache_hit,0,False,0,cache
m12_medium_flood_dup60_s20260628_bonded,P3-NoPersist,m12_medium_flood_dup60_s20260628,bonded,10558,PRIVPROBE:0,cache_hit,0,False,0,cache
m12_medium_flood_dup60_s20260628_bonded,P3-NoPersist,m12_medium_flood_dup60_s20260628,bonded,10679,PRIVPROBE:0,cache_hit,0,False,0,cache
m12_medium_flood_dup60_s20260628_bonded,P3-NoPersist,m12_medium_flood_dup60_s20260628,bonded,10780,PRIVPROBE:0,cache_hit,0,False,0,cache
m12_medium_flood_dup60_s20260628_bonded,P3-NoPersist,m12_medium_flood_dup60_s20260628,bonded,10874,PRIVPROBE:0,cache_hit,0,False,0,cache
m12_medium_flood_dup60_s20260628_bonded,P3-NoPersist,m12_medium_flood_dup60_s20260628,bonded,10990,PRIVPROBE:0,cache_hit,0,False,0,cache
m12_medium_flood_dup60_s20260628_bonded,P3-NoPersist,m12_medium_flood_dup60_s20260628,bonded,11130,PRIVPROBE:0,cache_hit,0,False,0,cache
m12_medium_flood_dup60_s20260628_bonded,P3-NoPersist,m12_medium_flood_dup60_s20260628,bonded,11235,PRIVPROBE:0,cache_hit,0,False,0,cache
m12_medium_flood_dup60_s20260628_bonded,P3-NoPersist,m12_medium_flood_dup60_s20260628,bonded,11339,PRIVPROBE:0,cache_hit,0,False,0,cache
m12_medium_flood_dup60_s20260628_bonded,P3-NoPersist,m12_medium_flood_dup60_s20260628,bonded,11457,PRIVPROBE:0,cache_hit,0,False,0,cache
m12_medium_flood_dup60_s20260628_bonded,P3-NoPersist,m12_medium_flood_dup60_s20260628,bonded,11578,PRIVPROBE:0,cache_hit,0,False,0,cache
m12_medium_flood_dup60_s20260628_bonded,P3-NoPersist,m12_medium_flood_dup60_s20260628,bonded,11676,PRIVPROBE:0,cache_hit,0,False,0,cache
m12_medium_flood_dup60_s20260628_bonded,P3-NoPersist,m12_medium_flood_dup60_s20260628,bonded,11785,PRIVPROBE:0,cache_hit,0,False,0,cache
m12_medium_flood_dup60_s20260628_bonded,P3-NoPersist,m12_medium_flood_dup60_s20260628,bonded,11891,PRIVPROBE:0,cache_hit,0,False,0,cache
m12_medium_flood_dup60_s20260628_bonded,P3-NoPersist,m12_medium_flood_dup60_s20260628,bonded,12029,PRIVPROBE:0,cache_hit,0,False,0,cache
m12_medium_flood_dup60_s20260628_bonded,P3-NoPersist,m12_medium_flood_dup60_s20260628,bonded,12159,PRIVPROBE:0,cache_hit,0,False,0,cache
m12_medium_flood_dup60_s20260628_bonded,P3-NoPersist,m12_medium_flood_dup60_s20260628,bonded,12287,PRIVPROBE:0,cache_hit,0,False,0,cache
m12_medium_flood_dup60_s20260628_bonded,P3-NoPersist,m12_medium_flood_dup60_s20260628,bonded,12394,PRIVPROBE:0,cache_hit,0,False,0,cache
m12_medium_flood_dup60_s20260628_bonded,P3-NoPersist,m12_medium_flood_dup60_s20260628,bonded,12530,PRIVPROBE:0,cache_hit,0,False,0,cache
m12_medium_flood_dup60_s20260628_bonded,P3-NoPersist,m12_medium_flood_dup60_s20260628,bonded,12641,PRIVPROBE:0,cache_hit,0,False,0,cache
m12_medium_flood_dup60_s20260628_bonded,P3-NoPersist,m12_medium_flood_dup60_s20260628,bonded,12758,PRIVPROBE:0,cache_hit,0,False,0,cache
m12_medium_flood_dup60_s20260628_bonded,P3-NoPersist,m12_medium_flood_dup60_s20260628,bonded,12889,PRIVPROBE:0,cache_hit,0,False,0,cache
m12_medium_flood_dup60_s20260628_bonded,P3-NoPersist,m12_medium_flood_dup60_s20260628,bonded,13013,PRIVPROBE:0,cache_hit,0,False,0,cache
m12_medium_flood_dup60_s20260628_bonded,P3-NoPersist,m12_medium_flood_dup60_s20260628,bonded,13141,PRIVPROBE:0,cache_hit,0,False,0,cache
m12_medium_flood_dup60_s20260628_bonded,P3-NoPersist,m12_medium_flood_dup60_s20260628,bonded,13281,PRIVPROBE:0,cache_hit,0,False,0,cache
m12_medium_flood_dup60_s20260628_bonded,P3-NoPersist,m12_medium_flood_dup60_s20260628,bonded,13400,PRIVPROBE:0,cache_hit,0,False,0,cache
m12_medium_flood_dup60_s20260628_bonded,P3-NoPersist,m12_medium_flood_dup60_s20260628,bonded,13536,PRIVPROBE:0,cache_hit,0,False,0,cache
m12_medium_flood_dup60_s20260628_bonded,P3-NoPersist,m12_medium_flood_dup60_s20260628,bonded,13638,PRIVPROBE:0,cache_hit,0,False,0,cache
m12_medium_flood_dup60_s20260628_bonded,P3-NoPersist,m12_medium_flood_dup60_s20260628,bonded,13750,PRIVPROBE:0,cache_hit,0,False,0,cache
m12_medium_flood_dup60_s20260628_bonded,P3-NoPersist,m12_medium_flood_dup60_s20260628,bonded,13884,PRIVPROBE:0,cache_hit,0,False,0,cache
m12_medium_flood_dup60_s20260628_bonded,P3-NoPersist,m12_medium_flood_dup60_s20260628,bonded,14002,PRIVPROBE:0,cache_hit,0,False,0,cache
m12_medium_flood_dup60_s20260628_bonded,P3-NoPersist,m12_medium_flood_dup60_s20260628,bonded,14106,PRIVPROBE:0,cache_hit,0,False,0,cache
m12_medium_flood_dup60_s20260628_bonded,P3-NoPersist,m12_medium_flood_dup60_s20260628,bonded,14208,PRIVPROBE:0,cache_hit,0,False,0,cache
m12_medium_flood_dup60_s20260628_bonded,P3-NoPersist,m12_medium_flood_dup60_s20260628,bonded,14318,PRIVPROBE:0,cache_hit,0,False,0,cache
m12_medium_flood_dup60_s20260628_bonded,P3-NoPersist,m12_medium_flood_dup60_s20260628,bonded,14437,PRIVPROBE:0,cache_hit,0,False,0,cache
m12_medium_flood_dup60_s20260628_bonded,P3-NoPersist,m12_medium_flood_dup60_s20260628,bonded,14546,PRIVPROBE:0,cache_hit,0,False,0,cache
m12_medium_flood_dup60_s20260628_bonded,P3-NoPersist,m12_medium_flood_dup60_s20260628,bonded,14659,PRIVPROBE:0,cache_hit,0,False,0,cache
m12_medium_flood_dup60_s20260628_bonded,P3-NoPersist,m12_medium_flood_dup60_s20260628,bonded,14776,PRIVPROBE:0,cache_hit,0,False,0,cache
m12_medium_flood_dup60_s20260628_bonded,P3-NoPersist,m12_medium_flood_dup60_s20260628,bonded,14895,PRIVPROBE:0,cache_hit,0,False,0,cache
m12_medium_flood_dup60_s20260628_bonded,P3-NoPersist,m12_medium_flood_dup60_s20260628,bonded,15020,PRIVPROBE:0,cache_hit,0,False,0,cache
m12_medium_flood_dup60_s20260628_bonded,P3-NoPersist,m12_medium_flood_dup60_s20260628,bonded,15152,PRIVPROBE:0,cache_hit,0,False,0,cache
m12_medium_flood_dup60_s20260628_bonded,P3-NoPersist,m12_medium_flood_dup60_s20260628,bonded,15274,PRIVPROBE:0,cache_hit,0,False,0,cache
m12_medium_flood_dup60_s20260628_bonded,P3-NoPersist,m12_medium_flood_dup60_s20260628,bonded,15399,PRIVPROBE:0,cache_hit,0,False,0,cache
m12_medium_flood_dup60_s20260628_bonded,P3-NoPersist,m12_medium_flood_dup60_s20260628,bonded,15500,PRIVPROBE:0,cache_hit,0,False,0,cache
m12_medium_flood_dup60_s20260628_bonded,P3-NoPersist,m12_medium_flood_dup60_s20260628,bonded,15619,PRIVPROBE:0,cache_hit,0,False,0,cache
m12_medium_flood_dup60_s20260628_bonded,P3-NoPersist,m12_medium_flood_dup60_s20260628,bonded,15727,PRIVPROBE:0,cache_hit,0,False,0,cache
m12_medium_flood_dup60_s20260628_bonded,P3-NoPersist,m12_medium_flood_dup60_s20260628,bonded,15848,PRIVPROBE:0,cache_hit,0,False,0,cache
m12_medium_flood_dup60_s20260628_bonded,P3-NoPersist,m12_medium_flood_dup60_s20260628,bonded,15968,PRIVPROBE:0,cache_hit,0,False,0,cache
m12_medium_flood_dup60_s20260628_bonded,P3-NoPersist,m12_medium_flood_dup60_s20260628,bonded,16079,PRIVPROBE:0,cache_hit,0,False,0,cache
m12_medium_flood_dup60_s20260628_bonded,P3-NoPersist,m12_medium_flood_dup60_s20260628,bonded,16180,PRIVPROBE:0,cache_hit,0,False,0,cache
m12_medium_flood_dup60_s20260628_bonded,P3-NoPersist,m12_medium_flood_dup60_s20260628,bonded,16303,PRIVPROBE:0,cache_hit,0,False,0,cache
m12_medium_flood_dup60_s20260628_bonded,P3-NoPersist,m12_medium_flood_dup60_s20260628,bonded,16427,PRIVPROBE:0,cache_hit,0,False,0,cache
m12_medium_flood_dup60_s20260628_bonded,P3-NoPersist,m12_medium_flood_dup60_s20260628,bonded,16552,PRIVPROBE:0,cache_hit,0,False,0,cache
m12_medium_flood_dup60_s20260628_bonded,P3-NoPersist,m12_medium_flood_dup60_s20260628,bonded,16708,PRIVPROBE:0,cache_hit,0,False,0,cache
m12_medium_flood_dup60_s20260628_bonded,P3-NoPersist,m12_medium_flood_dup60_s20260628,bonded,16827,PRIVPROBE:0,cache_hit,0,False,0,cache
m12_medium_flood_dup60_s20260628_bonded,P3-NoPersist,m12_medium_flood_dup60_s20260628,bonded,16931,PRIVPROBE:0,cache_hit,0,False,0,cache
m12_medium_flood_dup60_s20260628_bonded,P3-NoPersist,m12_medium_flood_dup60_s20260628,bonded,17058,PRIVPROBE:0,cache_hit,0,False,0,cache
m12_medium_flood_dup60_s20260628_bonded,P3-NoPersist,m12_medium_flood_dup60_s20260628,bonded,17182,PRIVPROBE:0,cache_hit,0,False,0,cache
m12_medium_flood_dup60_s20260628_bonded,P3-NoPersist,m12_medium_flood_dup60_s20260628,bonded,17303,PRIVPROBE:0,cache_hit,0,False,0,cache
m12_medium_flood_dup60_s20260628_bonded,P3-NoPersist,m12_medium_flood_dup60_s20260628,bonded,17438,PRIVPROBE:0,cache_hit,0,False,0,cache
m12_medium_flood_dup60_s20260628_bonded,P3-NoPersist,m12_medium_flood_dup60_s20260628,bonded,17555,PRIVPROBE:0,cache_hit,0,False,0,cache
m12_medium_flood_dup60_s20260628_bonded,P3-NoPersist,m12_medium_flood_dup60_s20260628,bonded,17660,PRIVPROBE:0,cache_hit,0,False,0,cache
m12_medium_flood_dup60_s20260628_bonded,P3-NoPersist,m12_medium_flood_dup60_s20260628,bonded,17785,PRIVPROBE:0,cache_hit,0,False,0,cache
m12_medium_flood_dup60_s20260628_bonded,P3-NoPersist,m12_medium_flood_dup60_s20260628,bonded,17890,PRIVPROBE:0,cache_hit,0,False,0,cache
m12_medium_flood_dup60_s20260628_bonded,P3-NoPersist,m12_medium_flood_dup60_s20260628,bonded,18034,PRIVPROBE:0,cache_hit,0,False,0,cache
m12_medium_flood_dup60_s20260628_bonded,P3-NoPersist,m12_medium_flood_dup60_s20260628,bonded,18146,PRIVPROBE:0,cache_hit,0,False,0,cache
m12_medium_flood_dup60_s20260628_bonded,P3-NoPersist,m12_medium_flood_dup60_s20260628,bonded,18266,PRIVPROBE:0,cache_hit,0,False,0,cache
m12_medium_flood_dup60_s20260628_bonded,P3-NoPersist,m12_medium_flood_dup60_s20260628,bonded,18383,PRIVPROBE:0,cache_hit,0,False,0,cache
m12_medium_flood_dup60_s20260628_bonded,P3-NoPersist,m12_medium_flood_dup60_s20260628,bonded,18487,PRIVPROBE:0,cache_hit,0,False,0,cache
m12_medium_flood_dup60_s20260628_bonded,P3-NoPersist,m12_medium_flood_dup60_s20260628,bonded,18624,PRIVPROBE:0,cache_hit,0,False,0,cache
m12_medium_flood_dup60_s20260628_bonded,P3-NoPersist,m12_medium_flood_dup60_s20260628,bonded,18739,PRIVPROBE:0,cache_hit,0,False,0,cache
m12_medium_flood_dup60_s20260628_bonded,P3-NoPersist,m12_medium_flood_dup60_s20260628,bonded,18852,PRIVPROBE:0,cache_hit,0,False,0,cache
m12_medium_flood_dup60_s20260628_bonded,P3-NoPersist,m12_medium_flood_dup60_s20260628,bonded,18986,PRIVPROBE:0,cache_hit,0,False,0,cache
m12_medium_flood_dup60_s20260628_bonded,P3-NoPersist,m12_medium_flood_dup60_s20260628,bonded,19108,PRIVPROBE:0,cache_hit,0,False,0,cache
m12_medium_flood_dup60_s20260628_bonded,P3-NoPersist,m12_medium_flood_dup60_s20260628,bonded,19226,PRIVPROBE:0,cache_hit,0,False,0,cache
m12_medium_flood_dup60_s20260628_bonded,P3-NoPersist,m12_medium_flood_dup60_s20260628,bonded,19355,PRIVPROBE:0,cache_hit,0,False,0,cache
m12_medium_flood_dup60_s20260628_bonded,P3-NoPersist,m12_medium_flood_dup60_s20260628,bonded,19454,PRIVPROBE:0,cache_hit,0,False,0,cache
m12_medium_flood_dup60_s20260628_bonded,P3-NoPersist,m12_medium_flood_dup60_s20260628,bonded,19577,PRIVPROBE:0,cache_hit,0,False,0,cache
m12_medium_flood_dup60_s20260628_bonded,P3-NoPersist,m12_medium_flood_dup60_s20260628,bonded,19697,PRIVPROBE:0,cache_hit,0,False,0,cache
m12_medium_flood_dup60_s20260628_bonded,P3-NoPersist,m12_medium_flood_dup60_s20260628,bonded,19848,PRIVPROBE:0,cache_hit,0,False,0,cache
m12_medium_flood_dup60_s20260628_bonded,P3-NoPersist,m12_medium_flood_dup60_s20260628,bonded,19954,PRIVPROBE:0,cache_hit,0,False,0,cache
m12_medium_flood_dup60_s20260628_bonded,P3-NoPersist,m12_medium_flood_dup60_s20260628,bonded,20082,PRIVPROBE:0,cache_hit,0,False,0,cache
m12_medium_flood_dup60_s20260628_bonded,P3-NoPersist,m12_medium_flood_dup60_s20260628,bonded,20218,PRIVPROBE:0,cache_hit,0,False,0,cache
m12_medium_flood_dup60_s20260628_bonded,P3-NoPersist,m12_medium_flood_dup60_s20260628,bonded,20368,PRIVPROBE:0,cache_hit,0,False,0,cache
m12_medium_flood_dup60_s20260628_bonded,P3-NoPersist,m12_medium_flood_dup60_s20260628,bonded,20493,PRIVPROBE:0,cache_hit,0,False,0,cache
m12_medium_flood_dup60_s20260628_bonded,P3-NoPersist,m12_medium_flood_dup60_s20260628,bonded,20625,PRIVPROBE:0,cache_hit,0,False,0,cache
m12_medium_flood_dup60_s20260628_bonded,P3-NoPersist,m12_medium_flood_dup60_s20260628,bonded,20758,PRIVPROBE:0,cache_hit,0,False,0,cache
m12_medium_flood_dup60_s20260628_bonded,P3-NoPersist,m12_medium_flood_dup60_s20260628,bonded,20865,PRIVPROBE:0,cache_hit,0,False,0,cache
m12_medium_flood_dup60_s20260628_bonded,P3-NoPersist,m12_medium_flood_dup60_s20260628,bonded,20995,PRIVPROBE:0,cache_hit,0,False,0,cache
m12_medium_flood_dup60_s20260628_bonded,P3-NoPersist,m12_medium_flood_dup60_s20260628,bonded,21120,PRIVPROBE:0,cache_hit,0,False,0,cache
m12_medium_flood_dup60_s20260628_bonded,P3-NoPersist,m12_medium_flood_dup60_s20260628,bonded,21223,PRIVPROBE:0,cache_hit,0,False,0,cache
m12_medium_flood_dup60_s20260628_bonded,P3-NoPersist,m12_medium_flood_dup60_s20260628,bonded,21345,PRIVPROBE:0,cache_hit,0,False,0,cache
m12_medium_flood_dup60_s20260628_bonded,P3-NoPersist,m12_medium_flood_dup60_s20260628,bonded,21449,PRIVPROBE:0,cache_hit,0,False,0,cache
m12_medium_flood_dup60_s20260628_bonded,P3-NoPersist,m12_medium_flood_dup60_s20260628,bonded,21585,PRIVPROBE:0,cache_hit,0,False,0,cache
m12_medium_flood_dup60_s20260628_bonded,P3-NoPersist,m12_medium_flood_dup60_s20260628,bonded,21724,PRIVPROBE:0,cache_hit,0,False,0,cache
m12_medium_flood_dup60_s20260628_bonded,P3-NoPersist,m12_medium_flood_dup60_s20260628,bonded,21830,PRIVPROBE:1,host_scan,504,False,0,host_scan
m12_medium_flood_dup60_s20260628_bonded,P3-NoPersist,m12_medium_flood_dup60_s20260628,bonded,21954,PRIVPROBE:1,cache_hit,0,False,0,cache
m12_medium_flood_dup60_s20260628_bonded,P3-NoPersist,m12_medium_flood_dup60_s20260628,bonded,22088,PRIVPROBE:1,cache_hit,0,False,0,cache
m12_medium_flood_dup60_s20260628_bonded,P3-NoPersist,m12_medium_flood_dup60_s20260628,bonded,22183,PRIVPROBE:1,cache_hit,0,False,0,cache
m12_medium_flood_dup60_s20260628_bonded,P3-NoPersist,m12_medium_flood_dup60_s20260628,bonded,22304,PRIVPROBE:1,cache_hit,0,False,0,cache
m12_medium_flood_dup60_s20260628_bonded,P3-NoPersist,m12_medium_flood_dup60_s20260628,bonded,22414,PRIVPROBE:1,cache_hit,0,False,0,cache
m12_medium_flood_dup60_s20260628_bonded,P3-NoPersist,m12_medium_flood_dup60_s20260628,bonded,22538,PRIVPROBE:1,cache_hit,0,False,0,cache
m12_medium_flood_dup60_s20260628_bonded,P3-NoPersist,m12_medium_flood_dup60_s20260628,bonded,22678,PRIVPROBE:1,cache_hit,0,False,0,cache
m12_medium_flood_dup60_s20260628_bonded,P3-NoPersist,m12_medium_flood_dup60_s20260628,bonded,22817,PRIVPROBE:1,cache_hit,0,False,0,cache
m12_medium_flood_dup60_s20260628_bonded,P3-NoPersist,m12_medium_flood_dup60_s20260628,bonded,22942,PRIVPROBE:1,cache_hit,0,False,0,cache
m12_medium_flood_dup60_s20260628_bonded,P3-NoPersist,m12_medium_flood_dup60_s20260628,bonded,23051,PRIVPROBE:1,cache_hit,0,False,0,cache
m12_medium_flood_dup60_s20260628_bonded,P3-NoPersist,m12_medium_flood_dup60_s20260628,bonded,23175,PRIVPROBE:1,cache_hit,0,False,0,cache
m12_medium_flood_dup60_s20260628_bonded,P3-NoPersist,m12_medium_flood_dup60_s20260628,bonded,23294,PRIVPROBE:1,cache_hit,0,False,0,cache
m12_medium_flood_dup60_s20260628_bonded,P3-NoPersist,m12_medium_flood_dup60_s20260628,bonded,23436,PRIVPROBE:1,cache_hit,0,False,0,cache
m12_medium_flood_dup60_s20260628_bonded,P3-NoPersist,m12_medium_flood_dup60_s20260628,bonded,23541,PRIVPROBE:1,cache_hit,0,False,0,cache
m12_medium_flood_dup60_s20260628_bonded,P3-NoPersist,m12_medium_flood_dup60_s20260628,bonded,23675,PRIVPROBE:1,cache_hit,0,False,0,cache
m12_medium_flood_dup60_s20260628_bonded,P3-NoPersist,m12_medium_flood_dup60_s20260628,bonded,23807,PRIVPROBE:1,cache_hit,0,False,0,cache
m12_medium_flood_dup60_s20260628_bonded,P3-NoPersist,m12_medium_flood_dup60_s20260628,bonded,23916,PRIVPROBE:1,cache_hit,0,False,0,cache
m12_medium_flood_dup60_s20260628_bonded,P3-NoPersist,m12_medium_flood_dup60_s20260628,bonded,24021,PRIVPROBE:1,cache_hit,0,False,0,cache
m12_medium_flood_dup60_s20260628_bonded,P3-NoPersist,m12_medium_flood_dup60_s20260628,bonded,24156,PRIVPROBE:1,cache_hit,0,False,0,cache
m12_medium_flood_dup60_s20260628_bonded,P3-NoPersist,m12_medium_flood_dup60_s20260628,bonded,24272,PRIVPROBE:1,cache_hit,0,False,0,cache
m12_medium_flood_dup60_s20260628_bonded,P3-NoPersist,m12_medium_flood_dup60_s20260628,bonded,24390,PRIVPROBE:1,cache_hit,0,False,0,cache
m12_medium_flood_dup60_s20260628_bonded,P3-NoPersist,m12_medium_flood_dup60_s20260628,bonded,24490,PRIVPROBE:1,cache_hit,0,False,0,cache
m12_medium_flood_dup60_s20260628_bonded,P3-NoPersist,m12_medium_flood_dup60_s20260628,bonded,24620,PRIVPROBE:1,cache_hit,0,False,0,cache
m12_medium_flood_dup60_s20260628_bonded,P3-NoPersist,m12_medium_flood_dup60_s20260628,bonded,24740,PRIVPROBE:1,cache_hit,0,False,0,cache
m12_medium_flood_dup60_s20260628_bonded,P3-NoPersist,m12_medium_flood_dup60_s20260628,bonded,24847,PRIVPROBE:1,cache_hit,0,False,0,cache
m12_medium_flood_dup60_s20260628_bonded,P3-NoPersist,m12_medium_flood_dup60_s20260628,bonded,24959,PRIVPROBE:1,cache_hit,0,False,0,cache
m12_medium_flood_dup60_s20260628_bonded,P3-NoPersist,m12_medium_flood_dup60_s20260628,bonded,25088,PRIVPROBE:1,cache_hit,0,False,0,cache
m12_medium_flood_dup60_s20260628_bonded,P3-NoPersist,m12_medium_flood_dup60_s20260628,bonded,25216,PRIVPROBE:1,cache_hit,0,False,0,cache
m12_medium_flood_dup60_s20260628_bonded,P3-NoPersist,m12_medium_flood_dup60_s20260628,bonded,25338,PRIVPROBE:1,cache_hit,0,False,0,cache
m12_medium_flood_dup60_s20260628_bonded,P3-NoPersist,m12_medium_flood_dup60_s20260628,bonded,25476,PRIVPROBE:1,cache_hit,0,False,0,cache
m12_medium_flood_dup60_s20260628_bonded,P3-NoPersist,m12_medium_flood_dup60_s20260628,bonded,25596,PRIVPROBE:1,cache_hit,0,False,0,cache
m12_medium_flood_dup60_s20260628_bonded,P3-NoPersist,m12_medium_flood_dup60_s20260628,bonded,25696,PRIVPROBE:1,cache_hit,0,False,0,cache
m12_medium_flood_dup60_s20260628_bonded,P3-NoPersist,m12_medium_flood_dup60_s20260628,bonded,25797,PRIVPROBE:1,cache_hit,0,False,0,cache
m12_medium_flood_dup60_s20260628_bonded,P3-NoPersist,m12_medium_flood_dup60_s20260628,bonded,25924,PRIVPROBE:1,cache_hit,0,False,0,cache
m12_medium_flood_dup60_s20260628_bonded,P3-NoPersist,m12_medium_flood_dup60_s20260628,bonded,26038,PRIVPROBE:1,cache_hit,0,False,0,cache
m12_medium_flood_dup60_s20260628_bonded,P3-NoPersist,m12_medium_flood_dup60_s20260628,bonded,26172,PRIVPROBE:1,cache_hit,0,False,0,cache
m12_medium_flood_dup60_s20260628_bonded,P3-NoPersist,m12_medium_flood_dup60_s20260628,bonded,26297,PRIVPROBE:1,cache_hit,0,False,0,cache
m12_medium_flood_dup60_s20260628_bonded,P3-NoPersist,m12_medium_flood_dup60_s20260628,bonded,26423,PRIVPROBE:1,cache_hit,0,False,0,cache
m12_medium_flood_dup60_s20260628_bonded,P3-NoPersist,m12_medium_flood_dup60_s20260628,bonded,26529,PRIVPROBE:1,cache_hit,0,False,0,cache
m12_medium_flood_dup60_s20260628_bonded,P3-NoPersist,m12_medium_flood_dup60_s20260628,bonded,26637,PRIVPROBE:1,cache_hit,0,False,0,cache
m12_medium_flood_dup60_s20260628_bonded,P3-NoPersist,m12_medium_flood_dup60_s20260628,bonded,26741,PRIVPROBE:1,cache_hit,0,False,0,cache
m12_medium_flood_dup60_s20260628_bonded,P3-NoPersist,m12_medium_flood_dup60_s20260628,bonded,26852,PRIVPROBE:1,cache_hit,0,False,0,cache
m12_medium_flood_dup60_s20260628_bonded,P3-NoPersist,m12_medium_flood_dup60_s20260628,bonded,26962,PRIVPROBE:1,cache_hit,0,False,0,cache
m12_medium_flood_dup60_s20260628_bonded,P3-NoPersist,m12_medium_flood_dup60_s20260628,bonded,27106,PRIVPROBE:1,cache_hit,0,False,0,cache
m12_medium_flood_dup60_s20260628_bonded,P3-NoPersist,m12_medium_flood_dup60_s20260628,bonded,27220,PRIVPROBE:1,cache_hit,0,False,0,cache
m12_medium_flood_dup60_s20260628_bonded,P3-NoPersist,m12_medium_flood_dup60_s20260628,bonded,27356,PRIVPROBE:1,cache_hit,0,False,0,cache
m12_medium_flood_dup60_s20260628_bonded,P3-NoPersist,m12_medium_flood_dup60_s20260628,bonded,27505,PRIVPROBE:1,cache_hit,0,False,0,cache
m12_medium_flood_dup60_s20260628_bonded,P3-NoPersist,m12_medium_flood_dup60_s20260628,bonded,27641,PRIVPROBE:1,cache_hit,0,False,0,cache
m12_medium_flood_dup60_s20260628_bonded,P3-NoPersist,m12_medium_flood_dup60_s20260628,bonded,27766,PRIVPROBE:1,cache_hit,0,False,0,cache
m12_medium_flood_dup60_s20260628_bonded,P3-NoPersist,m12_medium_flood_dup60_s20260628,bonded,27883,PRIVPROBE:1,cache_hit,0,False,0,cache
m12_medium_flood_dup60_s20260628_bonded,P3-NoPersist,m12_medium_flood_dup60_s20260628,bonded,28013,PRIVPROBE:1,cache_hit,0,False,0,cache
m12_medium_flood_dup60_s20260628_bonded,P3-NoPersist,m12_medium_flood_dup60_s20260628,bonded,28134,PRIVPROBE:1,cache_hit,0,False,0,cache
m12_medium_flood_dup60_s20260628_bonded,P3-NoPersist,m12_medium_flood_dup60_s20260628,bonded,28249,PRIVPROBE:1,cache_hit,0,False,0,cache
m12_medium_flood_dup60_s20260628_bonded,P3-NoPersist,m12_medium_flood_dup60_s20260628,bonded,28404,PRIVPROBE:1,cache_hit,0,False,0,cache
m12_medium_flood_dup60_s20260628_bonded,P3-NoPersist,m12_medium_flood_dup60_s20260628,bonded,28528,PRIVPROBE:1,cache_hit,0,False,0,cache
m12_medium_flood_dup60_s20260628_bonded,P3-NoPersist,m12_medium_flood_dup60_s20260628,bonded,28647,PRIVPROBE:1,cache_hit,0,False,0,cache
m12_medium_flood_dup60_s20260628_bonded,P3-NoPersist,m12_medium_flood_dup60_s20260628,bonded,28757,PRIVPROBE:1,cache_hit,0,False,0,cache
m12_medium_flood_dup60_s20260628_bonded,P3-NoPersist,m12_medium_flood_dup60_s20260628,bonded,28859,PRIVPROBE:1,cache_hit,0,False,0,cache
m12_medium_flood_dup60_s20260628_bonded,P3-NoPersist,m12_medium_flood_dup60_s20260628,bonded,28985,PRIVPROBE:1,cache_hit,0,False,0,cache
m12_medium_flood_dup60_s20260628_bonded,P3-NoPersist,m12_medium_flood_dup60_s20260628,bonded,29101,PRIVPROBE:1,cache_hit,0,False,0,cache
m12_medium_flood_dup60_s20260628_bonded,P3-NoPersist,m12_medium_flood_dup60_s20260628,bonded,29235,PRIVPROBE:1,cache_hit,0,False,0,cache
m12_medium_flood_dup60_s20260628_bonded,P3-NoPersist,m12_medium_flood_dup60_s20260628,bonded,29371,PRIVPROBE:1,cache_hit,0,False,0,cache
m12_medium_flood_dup60_s20260628_bonded,P3-NoPersist,m12_medium_flood_dup60_s20260628,bonded,29482,PRIVPROBE:1,cache_hit,0,False,0,cache
m12_medium_flood_dup60_s20260628_bonded,P3-NoPersist,m12_medium_flood_dup60_s20260628,bonded,29607,PRIVPROBE:1,cache_hit,0,False,0,cache
m12_medium_flood_dup60_s20260628_bonded,P3-NoPersist,m12_medium_flood_dup60_s20260628,bonded,29719,PRIVPROBE:1,cache_hit,0,False,0,cache
m12_medium_flood_dup60_s20260628_bonded,P3-NoPersist,m12_medium_flood_dup60_s20260628,bonded,29829,PRIVPROBE:1,cache_hit,0,False,0,cache
m12_medium_flood_dup60_s20260628_bonded,P3-NoPersist,m12_medium_flood_dup60_s20260628,bonded,29961,PRIVPROBE:1,cache_hit,0,False,0,cache
m12_medium_flood_dup60_s20260628_bonded,P3-NoPersist,m12_medium_flood_dup60_s20260628,bonded,30078,PRIVPROBE:1,cache_hit,0,False,0,cache
m12_medium_flood_dup60_s20260628_bonded,P3-NoPersist,m12_medium_flood_dup60_s20260628,bonded,30217,PRIVPROBE:1,cache_hit,0,False,0,cache
m12_medium_flood_dup60_s20260628_bonded,P3-NoPersist,m12_medium_flood_dup60_s20260628,bonded,30327,PRIVPROBE:1,cache_hit,0,False,0,cache
m12_medium_flood_dup60_s20260628_bonded,P3-NoPersist,m12_medium_flood_dup60_s20260628,bonded,30440,PRIVPROBE:1,cache_hit,0,False,0,cache
m12_medium_flood_dup60_s20260628_bonded,P3-NoPersist,m12_medium_flood_dup60_s20260628,bonded,30563,PRIVPROBE:1,cache_hit,0,False,0,cache
m12_medium_flood_dup60_s20260628_bonded,P3-NoPersist,m12_medium_flood_dup60_s20260628,bonded,30671,PRIVPROBE:1,cache_hit,0,False,0,cache
m12_medium_flood_dup60_s20260628_bonded,P3-NoPersist,m12_medium_flood_dup60_s20260628,bonded,30788,PRIVPROBE:1,cache_hit,0,False,0,cache
m12_medium_flood_dup60_s20260628_bonded,P3-NoPersist,m12_medium_flood_dup60_s20260628,bonded,30915,PRIVPROBE:1,cache_hit,0,False,0,cache
m12_medium_flood_dup60_s20260628_bonded,P3-NoPersist,m12_medium_flood_dup60_s20260628,bonded,31052,PRIVPROBE:1,cache_hit,0,False,0,cache
m12_medium_flood_dup60_s20260628_bonded,P3-NoPersist,m12_medium_flood_dup60_s20260628,bonded,31163,PRIVPROBE:1,cache_hit,0,False,0,cache
m12_medium_flood_dup60_s20260628_bonded,P3-NoPersist,m12_medium_flood_dup60_s20260628,bonded,31273,PRIVPROBE:1,cache_hit,0,False,0,cache
m12_medium_flood_dup60_s20260628_bonded,P3-NoPersist,m12_medium_flood_dup60_s20260628,bonded,31374,PRIVPROBE:1,cache_hit,0,False,0,cache
m12_medium_flood_dup60_s20260628_bonded,P3-NoPersist,m12_medium_flood_dup60_s20260628,bonded,31464,PRIVPROBE:1,cache_hit,0,False,0,cache
m12_medium_flood_dup60_s20260628_bonded,P3-NoPersist,m12_medium_flood_dup60_s20260628,bonded,31605,PRIVPROBE:1,cache_hit,0,False,0,cache
m12_medium_flood_dup60_s20260628_bonded,P3-NoPersist,m12_medium_flood_dup60_s20260628,bonded,31706,PRIVPROBE:1,cache_hit,0,False,0,cache
m12_medium_flood_dup60_s20260628_bonded,P3-NoPersist,m12_medium_flood_dup60_s20260628,bonded,31810,PRIVPROBE:1,cache_hit,0,False,0,cache
m12_medium_flood_dup60_s20260628_bonded,P3-NoPersist,m12_medium_flood_dup60_s20260628,bonded,31941,PRIVPROBE:1,cache_hit,0,False,0,cache
m12_medium_flood_dup60_s20260628_bonded,P3-NoPersist,m12_medium_flood_dup60_s20260628,bonded,32049,PRIVPROBE:1,cache_hit,0,False,0,cache
m12_medium_flood_dup60_s20260628_bonded,P3-NoPersist,m12_medium_flood_dup60_s20260628,bonded,32200,PRIVPROBE:1,cache_hit,0,False,0,cache
m12_medium_flood_dup60_s20260628_bonded,P3-NoPersist,m12_medium_flood_dup60_s20260628,bonded,32309,PRIVPROBE:1,cache_hit,0,False,0,cache
m12_medium_flood_dup60_s20260628_bonded,P3-NoPersist,m12_medium_flood_dup60_s20260628,bonded,32424,PRIVPROBE:1,cache_hit,0,False,0,cache
m12_medium_flood_dup60_s20260628_bonded,P3-NoPersist,m12_medium_flood_dup60_s20260628,bonded,32536,PRIVPROBE:1,cache_hit,0,False,0,cache
m12_medium_flood_dup60_s20260628_bonded,P3-NoPersist,m12_medium_flood_dup60_s20260628,bonded,32643,PRIVPROBE:1,cache_hit,0,False,0,cache
m12_medium_flood_dup60_s20260628_bonded,P3-NoPersist,m12_medium_flood_dup60_s20260628,bonded,32758,PRIVPROBE:1,cache_hit,0,False,0,cache
m12_medium_flood_dup60_s20260628_bonded,P3-NoPersist,m12_medium_flood_dup60_s20260628,bonded,32881,PRIVPROBE:1,cache_hit,0,False,0,cache
m12_medium_flood_dup60_s20260628_bonded,P3-NoPersist,m12_medium_flood_dup60_s20260628,bonded,33020,PRIVPROBE:1,cache_hit,0,False,0,cache
m12_medium_flood_dup60_s20260628_bonded,P3-NoPersist,m12_medium_flood_dup60_s20260628,bonded,33126,PRIVPROBE:1,cache_hit,0,False,0,cache
m12_medium_flood_dup60_s20260628_bonded,P3-NoPersist,m12_medium_flood_dup60_s20260628,bonded,33254,PRIVPROBE:1,cache_hit,0,False,0,cache
m12_medium_flood_dup60_s20260628_bonded,P3-NoPersist,m12_medium_flood_dup60_s20260628,bonded,33390,PRIVPROBE:1,cache_hit,0,False,0,cache
m12_medium_flood_dup60_s20260628_bonded,P3-NoPersist,m12_medium_flood_dup60_s20260628,bonded,33501,PRIVPROBE:1,cache_hit,0,False,0,cache
m12_medium_flood_dup60_s20260628_bonded,P3-NoPersist,m12_medium_flood_dup60_s20260628,bonded,33640,PRIVPROBE:1,cache_hit,0,False,0,cache
m12_medium_flood_dup60_s20260628_bonded,P3-NoPersist,m12_medium_flood_dup60_s20260628,bonded,33761,PRIVPROBE:1,cache_hit,0,False,0,cache
m12_medium_flood_dup60_s20260628_bonded,P3-NoPersist,m12_medium_flood_dup60_s20260628,bonded,33859,PRIVPROBE:1,cache_hit,0,False,0,cache
m12_medium_flood_dup60_s20260628_bonded,P3-NoPersist,m12_medium_flood_dup60_s20260628,bonded,33987,PRIVPROBE:1,cache_hit,0,False,0,cache
m12_medium_flood_dup60_s20260628_bonded,P3-NoPersist,m12_medium_flood_dup60_s20260628,bonded,34091,PRIVPROBE:1,cache_hit,0,False,0,cache
m12_medium_flood_dup60_s20260628_bonded,P3-NoPersist,m12_medium_flood_dup60_s20260628,bonded,34222,PRIVPROBE:1,cache_hit,0,False,0,cache
m12_medium_flood_dup60_s20260628_bonded,P3-NoPersist,m12_medium_flood_dup60_s20260628,bonded,34335,PRIVPROBE:1,cache_hit,0,False,0,cache
m12_medium_flood_dup60_s20260628_bonded,P3-NoPersist,m12_medium_flood_dup60_s20260628,bonded,34465,PRIVPROBE:1,cache_hit,0,False,0,cache
m12_medium_flood_dup60_s20260628_bonded,P3-NoPersist,m12_medium_flood_dup60_s20260628,bonded,34564,PRIVPROBE:1,cache_hit,0,False,0,cache
m12_medium_flood_dup60_s20260628_bonded,P3-NoPersist,m12_medium_flood_dup60_s20260628,bonded,34684,PRIVPROBE:1,cache_hit,0,False,0,cache
m12_medium_flood_dup60_s20260628_bonded,P3-NoPersist,m12_medium_flood_dup60_s20260628,bonded,34821,PRIVPROBE:1,cache_hit,0,False,0,cache
m12_medium_flood_dup60_s20260628_bonded,P3-NoPersist,m12_medium_flood_dup60_s20260628,bonded,34950,PRIVPROBE:1,cache_hit,0,False,0,cache
m12_medium_flood_dup60_s20260628_bonded,P3-NoPersist,m12_medium_flood_dup60_s20260628,bonded,35080,PRIVPROBE:1,cache_hit,0,False,0,cache
m12_medium_flood_dup60_s20260628_bonded,P3-NoPersist,m12_medium_flood_dup60_s20260628,bonded,35202,PRIVPROBE:1,cache_hit,0,False,0,cache
m12_medium_flood_dup60_s20260628_bonded,P3-NoPersist,m12_medium_flood_dup60_s20260628,bonded,35337,PRIVPROBE:1,cache_hit,0,False,0,cache
m12_medium_flood_dup60_s20260628_bonded,P3-NoPersist,m12_medium_flood_dup60_s20260628,bonded,35442,PRIVPROBE:1,cache_hit,0,False,0,cache
m12_medium_flood_dup60_s20260628_bonded,P3-NoPersist,m12_medium_flood_dup60_s20260628,bonded,35567,PRIVPROBE:1,cache_hit,0,False,0,cache
m12_medium_flood_dup60_s20260628_bonded,P3-NoPersist,m12_medium_flood_dup60_s20260628,bonded,35718,PRIVPROBE:1,cache_hit,0,False,0,cache
m12_medium_flood_dup60_s20260628_bonded,P3-NoPersist,m12_medium_flood_dup60_s20260628,bonded,35834,PRIVPROBE:1,cache_hit,0,False,0,cache
m12_medium_flood_dup60_s20260628_bonded,P3-NoPersist,m12_medium_flood_dup60_s20260628,bonded,35940,PRIVPROBE:1,cache_hit,0,False,0,cache
m12_medium_flood_dup60_s20260628_bonded,P3-NoPersist,m12_medium_flood_dup60_s20260628,bonded,36058,PRIVPROBE:1,cache_hit,0,False,0,cache
m12_medium_flood_dup60_s20260628_bonded,P3-NoPersist,m12_medium_flood_dup60_s20260628,bonded,36171,PRIVPROBE:1,cache_hit,0,False,0,cache
m12_medium_flood_dup60_s20260628_bonded,P3-NoPersist,m12_medium_flood_dup60_s20260628,bonded,36312,PRIVPROBE:1,cache_hit,0,False,0,cache
m12_medium_flood_dup60_s20260628_bonded,P3-NoPersist,m12_medium_flood_dup60_s20260628,bonded,36438,PRIVPROBE:1,cache_hit,0,False,0,cache
m12_medium_flood_dup60_s20260628_bonded,P3-NoPersist,m12_medium_flood_dup60_s20260628,bonded,36563,PRIVPROBE:1,cache_hit,0,False,0,cache
m12_medium_flood_dup60_s20260628_bonded,P3-NoPersist,m12_medium_flood_dup60_s20260628,bonded,36681,PRIVPROBE:1,cache_hit,0,False,0,cache
m12_medium_flood_dup60_s20260628_bonded,P3-NoPersist,m12_medium_flood_dup60_s20260628,bonded,36809,PRIVPROBE:1,cache_hit,0,False,0,cache
m12_medium_flood_dup60_s20260628_bonded,P3-NoPersist,m12_medium_flood_dup60_s20260628,bonded,36942,PRIVPROBE:1,cache_hit,0,False,0,cache
m12_medium_flood_dup60_s20260628_bonded,P3-NoPersist,m12_medium_flood_dup60_s20260628,bonded,37067,PRIVPROBE:1,cache_hit,0,False,0,cache
m12_medium_flood_dup60_s20260628_bonded,P3-NoPersist,m12_medium_flood_dup60_s20260628,bonded,37193,PRIVPROBE:1,cache_hit,0,False,0,cache
m12_medium_flood_dup60_s20260628_bonded,P3-NoPersist,m12_medium_flood_dup60_s20260628,bonded,37317,PRIVPROBE:1,cache_hit,0,False,0,cache
m12_medium_flood_dup60_s20260628_bonded,P3-NoPersist,m12_medium_flood_dup60_s20260628,bonded,37426,PRIVPROBE:1,cache_hit,0,False,0,cache
m12_medium_flood_dup60_s20260628_bonded,P3-NoPersist,m12_medium_flood_dup60_s20260628,bonded,37577,PRIVPROBE:1,cache_hit,0,False,0,cache
m12_medium_flood_dup60_s20260628_bonded,P3-NoPersist,m12_medium_flood_dup60_s20260628,bonded,37697,PRIVPROBE:1,cache_hit,0,False,0,cache
m12_medium_flood_dup60_s20260628_bonded,P3-NoPersist,m12_medium_flood_dup60_s20260628,bonded,37826,PRIVPROBE:1,cache_hit,0,False,0,cache
m12_medium_flood_dup60_s20260628_bonded,P3-NoPersist,m12_medium_flood_dup60_s20260628,bonded,37953,PRIVPROBE:1,cache_hit,0,False,0,cache
m12_medium_flood_dup60_s20260628_bonded,P3-NoPersist,m12_medium_flood_dup60_s20260628,bonded,38072,PRIVPROBE:1,cache_hit,0,False,0,cache
m12_medium_flood_dup60_s20260628_bonded,P3-NoPersist,m12_medium_flood_dup60_s20260628,bonded,38201,PRIVPROBE:1,cache_hit,0,False,0,cache
m12_medium_flood_dup60_s20260628_bonded,P3-NoPersist,m12_medium_flood_dup60_s20260628,bonded,38321,PRIVPROBE:1,cache_hit,0,False,0,cache
m12_medium_flood_dup60_s20260628_bonded,P3-NoPersist,m12_medium_flood_dup60_s20260628,bonded,38450,PRIVPROBE:1,cache_hit,0,False,0,cache
m12_medium_flood_dup60_s20260628_bonded,P3-NoPersist,m12_medium_flood_dup60_s20260628,bonded,38580,PRIVPROBE:1,cache_hit,0,False,0,cache
m12_medium_flood_dup60_s20260628_bonded,P3-NoPersist,m12_medium_flood_dup60_s20260628,bonded,38684,PRIVPROBE:1,cache_hit,0,False,0,cache
m12_medium_flood_dup60_s20260628_bonded,P3-NoPersist,m12_medium_flood_dup60_s20260628,bonded,38768,PRIVPROBE:1,cache_hit,0,False,0,cache
m12_medium_flood_dup60_s20260628_bonded,P3-NoPersist,m12_medium_flood_dup60_s20260628,bonded,38897,PRIVPROBE:1,cache_hit,0,False,0,cache
m12_medium_flood_dup60_s20260628_bonded,P3-NoPersist,m12_medium_flood_dup60_s20260628,bonded,39008,PRIVPROBE:1,cache_hit,0,False,0,cache
m12_medium_flood_dup60_s20260628_bonded,P3-NoPersist,m12_medium_flood_dup60_s20260628,bonded,39134,PRIVPROBE:1,cache_hit,0,False,0,cache
m12_medium_flood_dup60_s20260628_bonded,P3-NoPersist,m12_medium_flood_dup60_s20260628,bonded,39274,PRIVPROBE:1,cache_hit,0,False,0,cache
m12_medium_flood_dup60_s20260628_bonded,P3-NoPersist,m12_medium_flood_dup60_s20260628,bonded,39397,PRIVPROBE:1,cache_hit,0,False,0,cache
m12_medium_flood_dup60_s20260628_bonded,P3-NoPersist,m12_medium_flood_dup60_s20260628,bonded,39517,PRIVPROBE:1,cache_hit,0,False,0,cache
m12_medium_flood_dup60_s20260628_bonded,P3-NoPersist,m12_medium_flood_dup60_s20260628,bonded,39627,PRIVPROBE:1,cache_hit,0,False,0,cache
m12_medium_flood_dup60_s20260628_bonded,P3-NoPersist,m12_medium_flood_dup60_s20260628,bonded,39750,PRIVPROBE:1,cache_hit,0,False,0,cache
m12_medium_flood_dup60_s20260628_bonded,P3-NoPersist,m12_medium_flood_dup60_s20260628,bonded,39877,PRIVPROBE:1,cache_hit,0,False,0,cache
m12_medium_flood_dup60_s20260628_bonded,P3-NoPersist,m12_medium_flood_dup60_s20260628,bonded,39991,PRIVPROBE:1,cache_hit,0,False,0,cache
m12_medium_flood_dup60_s20260628_bonded,P3-NoPersist,m12_medium_flood_dup60_s20260628,bonded,40120,PRIVPROBE:1,cache_hit,0,False,0,cache
m12_medium_flood_dup60_s20260628_bonded,P3-NoPersist,m12_medium_flood_dup60_s20260628,bonded,40237,PRIVPROBE:1,cache_hit,0,False,0,cache
m12_medium_flood_dup60_s20260628_bonded,P3-NoPersist,m12_medium_flood_dup60_s20260628,bonded,40346,PRIVPROBE:1,cache_hit,0,False,0,cache
m12_medium_flood_dup60_s20260628_bonded,P3-NoPersist,m12_medium_flood_dup60_s20260628,bonded,40484,PRIVPROBE:1,cache_hit,0,False,0,cache
m12_medium_flood_dup60_s20260628_bonded,P3-NoPersist,m12_medium_flood_dup60_s20260628,bonded,40628,PRIVPROBE:1,cache_hit,0,False,0,cache
m12_medium_flood_dup60_s20260628_bonded,P3-NoPersist,m12_medium_flood_dup60_s20260628,bonded,40749,PRIVPROBE:1,cache_hit,0,False,0,cache
m12_medium_flood_dup60_s20260628_bonded,P3-NoPersist,m12_medium_flood_dup60_s20260628,bonded,40878,PRIVPROBE:1,cache_hit,0,False,0,cache
m12_medium_flood_dup60_s20260628_bonded,P3-NoPersist,m12_medium_flood_dup60_s20260628,bonded,40996,PRIVPROBE:1,cache_hit,0,False,0,cache
m12_medium_flood_dup60_s20260628_bonded,P3-NoPersist,m12_medium_flood_dup60_s20260628,bonded,41141,PRIVPROBE:1,cache_hit,0,False,0,cache
m12_medium_flood_dup60_s20260628_bonded,P3-NoPersist,m12_medium_flood_dup60_s20260628,bonded,41255,PRIVPROBE:1,cache_hit,0,False,0,cache
m12_medium_flood_dup60_s20260628_bonded,P3-NoPersist,m12_medium_flood_dup60_s20260628,bonded,41385,PRIVPROBE:1,cache_hit,0,False,0,cache
m12_medium_flood_dup60_s20260628_bonded,P3-NoPersist,m12_medium_flood_dup60_s20260628,bonded,41498,PRIVPROBE:1,cache_hit,0,False,0,cache
m12_medium_flood_dup60_s20260628_bonded,P3-NoPersist,m12_medium_flood_dup60_s20260628,bonded,41619,PRIVPROBE:1,cache_hit,0,False,0,cache
m12_medium_flood_dup60_s20260628_bonded,P3-NoPersist,m12_medium_flood_dup60_s20260628,bonded,41765,PRIVPROBE:1,cache_hit,0,False,0,cache
m12_medium_flood_dup60_s20260628_bonded,P3-NoPersist,m12_medium_flood_dup60_s20260628,bonded,41874,PRIVPROBE:1,cache_hit,0,False,0,cache
m12_medium_flood_dup60_s20260628_bonded,P3-NoPersist,m12_medium_flood_dup60_s20260628,bonded,41993,PRIVPROBE:1,cache_hit,0,False,0,cache
m12_medium_flood_dup60_s20260628_bonded,P3-NoPersist,m12_medium_flood_dup60_s20260628,bonded,42132,PRIVPROBE:1,cache_hit,0,False,0,cache
m12_medium_flood_dup60_s20260628_bonded,P3-NoPersist,m12_medium_flood_dup60_s20260628,bonded,42247,PRIVPROBE:1,cache_hit,0,False,0,cache
m12_medium_flood_dup60_s20260628_bonded,P3-NoPersist,m12_medium_flood_dup60_s20260628,bonded,42379,PRIVPROBE:1,cache_hit,0,False,0,cache
m12_medium_flood_dup60_s20260628_bonded,P3-NoPersist,m12_medium_flood_dup60_s20260628,bonded,42479,PRIVPROBE:1,cache_hit,0,False,0,cache
m12_medium_flood_dup60_s20260628_bonded,P3-NoPersist,m12_medium_flood_dup60_s20260628,bonded,42563,PRIVPROBE:1,cache_hit,0,False,0,cache
m12_medium_flood_dup60_s20260628_bonded,P3-NoPersist,m12_medium_flood_dup60_s20260628,bonded,42681,PRIVPROBE:1,cache_hit,0,False,0,cache
m12_medium_flood_dup60_s20260628_bonded,P3-NoPersist,m12_medium_flood_dup60_s20260628,bonded,42814,PRIVPROBE:1,cache_hit,0,False,0,cache
m12_medium_flood_dup60_s20260628_bonded,P3-NoPersist,m12_medium_flood_dup60_s20260628,bonded,42973,PRIVPROBE:1,cache_hit,0,False,0,cache
m12_medium_flood_dup60_s20260628_bonded,P3-NoPersist,m12_medium_flood_dup60_s20260628,bonded,43097,PRIVPROBE:1,cache_hit,0,False,0,cache
m12_medium_flood_dup60_s20260628_bonded,P3-NoPersist,m12_medium_flood_dup60_s20260628,bonded,43212,PRIVPROBE:1,cache_hit,0,False,0,cache
m12_medium_flood_dup60_s20260628_bonded,P3-NoPersist,m12_medium_flood_dup60_s20260628,bonded,43324,PRIVPROBE:1,cache_hit,0,False,0,cache
m12_medium_flood_dup60_s20260628_bonded,P3-NoPersist,m12_medium_flood_dup60_s20260628,bonded,43454,PRIVPROBE:1,cache_hit,0,False,0,cache
m12_medium_flood_dup60_s20260628_bonded,P3-NoPersist,m12_medium_flood_dup60_s20260628,bonded,43569,PRIVPROBE:1,cache_hit,0,False,0,cache
m12_medium_flood_dup60_s20260628_bonded,BudgetDoS,m12_medium_flood_dup60_s20260628,bonded,7344,PRIVPROBE:0,rl_hit,1,False,0,rl
m12_medium_flood_dup60_s20260628_bonded,BudgetDoS,m12_medium_flood_dup60_s20260628,bonded,7478,PRIVPROBE:0,duplicate_filter,0,False,0,duplicate_filter
m12_medium_flood_dup60_s20260628_bonded,BudgetDoS,m12_medium_flood_dup60_s20260628,bonded,7595,PRIVPROBE:0,duplicate_filter,0,False,0,duplicate_filter
m12_medium_flood_dup60_s20260628_bonded,BudgetDoS,m12_medium_flood_dup60_s20260628,bonded,7726,PRIVPROBE:0,duplicate_filter,0,False,0,duplicate_filter
m12_medium_flood_dup60_s20260628_bonded,BudgetDoS,m12_medium_flood_dup60_s20260628,bonded,7885,PRIVPROBE:0,duplicate_filter,0,False,0,duplicate_filter
m12_medium_flood_dup60_s20260628_bonded,BudgetDoS,m12_medium_flood_dup60_s20260628,bonded,8000,PRIVPROBE:0,duplicate_filter,0,False,0,duplicate_filter
m12_medium_flood_dup60_s20260628_bonded,BudgetDoS,m12_medium_flood_dup60_s20260628,bonded,8109,PRIVPROBE:0,duplicate_filter,0,False,0,duplicate_filter
m12_medium_flood_dup60_s20260628_bonded,BudgetDoS,m12_medium_flood_dup60_s20260628,bonded,8215,PRIVPROBE:0,duplicate_filter,0,False,0,duplicate_filter
m12_medium_flood_dup60_s20260628_bonded,BudgetDoS,m12_medium_flood_dup60_s20260628,bonded,8362,PRIVPROBE:0,duplicate_filter,0,False,0,duplicate_filter
m12_medium_flood_dup60_s20260628_bonded,BudgetDoS,m12_medium_flood_dup60_s20260628,bonded,8481,PRIVPROBE:0,duplicate_filter,0,False,0,duplicate_filter
m12_medium_flood_dup60_s20260628_bonded,BudgetDoS,m12_medium_flood_dup60_s20260628,bonded,8608,PRIVPROBE:0,duplicate_filter,0,False,0,duplicate_filter
m12_medium_flood_dup60_s20260628_bonded,BudgetDoS,m12_medium_flood_dup60_s20260628,bonded,8767,PRIVPROBE:0,duplicate_filter,0,False,0,duplicate_filter
m12_medium_flood_dup60_s20260628_bonded,BudgetDoS,m12_medium_flood_dup60_s20260628,bonded,8887,PRIVPROBE:0,rl_hit,1,False,0,rl
m12_medium_flood_dup60_s20260628_bonded,BudgetDoS,m12_medium_flood_dup60_s20260628,bonded,8989,PRIVPROBE:0,duplicate_filter,0,False,0,duplicate_filter
m12_medium_flood_dup60_s20260628_bonded,BudgetDoS,m12_medium_flood_dup60_s20260628,bonded,9095,PRIVPROBE:0,duplicate_filter,0,False,0,duplicate_filter
m12_medium_flood_dup60_s20260628_bonded,BudgetDoS,m12_medium_flood_dup60_s20260628,bonded,9216,PRIVPROBE:0,duplicate_filter,0,False,0,duplicate_filter
m12_medium_flood_dup60_s20260628_bonded,BudgetDoS,m12_medium_flood_dup60_s20260628,bonded,9327,PRIVPROBE:0,duplicate_filter,0,False,0,duplicate_filter
m12_medium_flood_dup60_s20260628_bonded,BudgetDoS,m12_medium_flood_dup60_s20260628,bonded,9446,PRIVPROBE:0,duplicate_filter,0,False,0,duplicate_filter
m12_medium_flood_dup60_s20260628_bonded,BudgetDoS,m12_medium_flood_dup60_s20260628,bonded,9581,PRIVPROBE:0,duplicate_filter,0,False,0,duplicate_filter
m12_medium_flood_dup60_s20260628_bonded,BudgetDoS,m12_medium_flood_dup60_s20260628,bonded,9715,PRIVPROBE:0,duplicate_filter,0,False,0,duplicate_filter
m12_medium_flood_dup60_s20260628_bonded,BudgetDoS,m12_medium_flood_dup60_s20260628,bonded,9831,PRIVPROBE:0,duplicate_filter,0,False,0,duplicate_filter
m12_medium_flood_dup60_s20260628_bonded,BudgetDoS,m12_medium_flood_dup60_s20260628,bonded,9942,PRIVPROBE:0,duplicate_filter,0,False,0,duplicate_filter
m12_medium_flood_dup60_s20260628_bonded,BudgetDoS,m12_medium_flood_dup60_s20260628,bonded,10066,PRIVPROBE:0,duplicate_filter,0,False,0,duplicate_filter
m12_medium_flood_dup60_s20260628_bonded,BudgetDoS,m12_medium_flood_dup60_s20260628,bonded,10187,PRIVPROBE:0,duplicate_filter,0,False,0,duplicate_filter
m12_medium_flood_dup60_s20260628_bonded,BudgetDoS,m12_medium_flood_dup60_s20260628,bonded,10291,PRIVPROBE:0,rl_hit,1,False,0,rl
m12_medium_flood_dup60_s20260628_bonded,BudgetDoS,m12_medium_flood_dup60_s20260628,bonded,10428,PRIVPROBE:0,duplicate_filter,0,False,0,duplicate_filter
m12_medium_flood_dup60_s20260628_bonded,BudgetDoS,m12_medium_flood_dup60_s20260628,bonded,10558,PRIVPROBE:0,duplicate_filter,0,False,0,duplicate_filter
m12_medium_flood_dup60_s20260628_bonded,BudgetDoS,m12_medium_flood_dup60_s20260628,bonded,10679,PRIVPROBE:0,duplicate_filter,0,False,0,duplicate_filter
m12_medium_flood_dup60_s20260628_bonded,BudgetDoS,m12_medium_flood_dup60_s20260628,bonded,10780,PRIVPROBE:0,duplicate_filter,0,False,0,duplicate_filter
m12_medium_flood_dup60_s20260628_bonded,BudgetDoS,m12_medium_flood_dup60_s20260628,bonded,10874,PRIVPROBE:0,duplicate_filter,0,False,0,duplicate_filter
m12_medium_flood_dup60_s20260628_bonded,BudgetDoS,m12_medium_flood_dup60_s20260628,bonded,10990,PRIVPROBE:0,duplicate_filter,0,False,0,duplicate_filter
m12_medium_flood_dup60_s20260628_bonded,BudgetDoS,m12_medium_flood_dup60_s20260628,bonded,11130,PRIVPROBE:0,duplicate_filter,0,False,0,duplicate_filter
m12_medium_flood_dup60_s20260628_bonded,BudgetDoS,m12_medium_flood_dup60_s20260628,bonded,11235,PRIVPROBE:0,duplicate_filter,0,False,0,duplicate_filter
m12_medium_flood_dup60_s20260628_bonded,BudgetDoS,m12_medium_flood_dup60_s20260628,bonded,11339,PRIVPROBE:0,duplicate_filter,0,False,0,duplicate_filter
m12_medium_flood_dup60_s20260628_bonded,BudgetDoS,m12_medium_flood_dup60_s20260628,bonded,11457,PRIVPROBE:0,duplicate_filter,0,False,0,duplicate_filter
m12_medium_flood_dup60_s20260628_bonded,BudgetDoS,m12_medium_flood_dup60_s20260628,bonded,11578,PRIVPROBE:0,duplicate_filter,0,False,0,duplicate_filter
m12_medium_flood_dup60_s20260628_bonded,BudgetDoS,m12_medium_flood_dup60_s20260628,bonded,11676,PRIVPROBE:0,rl_hit,1,False,0,rl
m12_medium_flood_dup60_s20260628_bonded,BudgetDoS,m12_medium_flood_dup60_s20260628,bonded,11785,PRIVPROBE:0,duplicate_filter,0,False,0,duplicate_filter
m12_medium_flood_dup60_s20260628_bonded,BudgetDoS,m12_medium_flood_dup60_s20260628,bonded,11891,PRIVPROBE:0,duplicate_filter,0,False,0,duplicate_filter
m12_medium_flood_dup60_s20260628_bonded,BudgetDoS,m12_medium_flood_dup60_s20260628,bonded,12029,PRIVPROBE:0,duplicate_filter,0,False,0,duplicate_filter
m12_medium_flood_dup60_s20260628_bonded,BudgetDoS,m12_medium_flood_dup60_s20260628,bonded,12159,PRIVPROBE:0,duplicate_filter,0,False,0,duplicate_filter
m12_medium_flood_dup60_s20260628_bonded,BudgetDoS,m12_medium_flood_dup60_s20260628,bonded,12287,PRIVPROBE:0,duplicate_filter,0,False,0,duplicate_filter
m12_medium_flood_dup60_s20260628_bonded,BudgetDoS,m12_medium_flood_dup60_s20260628,bonded,12394,PRIVPROBE:0,duplicate_filter,0,False,0,duplicate_filter
m12_medium_flood_dup60_s20260628_bonded,BudgetDoS,m12_medium_flood_dup60_s20260628,bonded,12530,PRIVPROBE:0,duplicate_filter,0,False,0,duplicate_filter
m12_medium_flood_dup60_s20260628_bonded,BudgetDoS,m12_medium_flood_dup60_s20260628,bonded,12641,PRIVPROBE:0,duplicate_filter,0,False,0,duplicate_filter
m12_medium_flood_dup60_s20260628_bonded,BudgetDoS,m12_medium_flood_dup60_s20260628,bonded,12758,PRIVPROBE:0,duplicate_filter,0,False,0,duplicate_filter
m12_medium_flood_dup60_s20260628_bonded,BudgetDoS,m12_medium_flood_dup60_s20260628,bonded,12889,PRIVPROBE:0,duplicate_filter,0,False,0,duplicate_filter
m12_medium_flood_dup60_s20260628_bonded,BudgetDoS,m12_medium_flood_dup60_s20260628,bonded,13013,PRIVPROBE:0,duplicate_filter,0,False,0,duplicate_filter
m12_medium_flood_dup60_s20260628_bonded,BudgetDoS,m12_medium_flood_dup60_s20260628,bonded,13141,PRIVPROBE:0,rl_hit,1,False,0,rl
m12_medium_flood_dup60_s20260628_bonded,BudgetDoS,m12_medium_flood_dup60_s20260628,bonded,13281,PRIVPROBE:0,duplicate_filter,0,False,0,duplicate_filter
m12_medium_flood_dup60_s20260628_bonded,BudgetDoS,m12_medium_flood_dup60_s20260628,bonded,13400,PRIVPROBE:0,duplicate_filter,0,False,0,duplicate_filter
m12_medium_flood_dup60_s20260628_bonded,BudgetDoS,m12_medium_flood_dup60_s20260628,bonded,13536,PRIVPROBE:0,duplicate_filter,0,False,0,duplicate_filter
m12_medium_flood_dup60_s20260628_bonded,BudgetDoS,m12_medium_flood_dup60_s20260628,bonded,13638,PRIVPROBE:0,duplicate_filter,0,False,0,duplicate_filter
m12_medium_flood_dup60_s20260628_bonded,BudgetDoS,m12_medium_flood_dup60_s20260628,bonded,13750,PRIVPROBE:0,duplicate_filter,0,False,0,duplicate_filter
m12_medium_flood_dup60_s20260628_bonded,BudgetDoS,m12_medium_flood_dup60_s20260628,bonded,13884,PRIVPROBE:0,duplicate_filter,0,False,0,duplicate_filter
m12_medium_flood_dup60_s20260628_bonded,BudgetDoS,m12_medium_flood_dup60_s20260628,bonded,14002,PRIVPROBE:0,duplicate_filter,0,False,0,duplicate_filter
m12_medium_flood_dup60_s20260628_bonded,BudgetDoS,m12_medium_flood_dup60_s20260628,bonded,14106,PRIVPROBE:0,duplicate_filter,0,False,0,duplicate_filter
m12_medium_flood_dup60_s20260628_bonded,BudgetDoS,m12_medium_flood_dup60_s20260628,bonded,14208,PRIVPROBE:0,duplicate_filter,0,False,0,duplicate_filter
m12_medium_flood_dup60_s20260628_bonded,BudgetDoS,m12_medium_flood_dup60_s20260628,bonded,14318,PRIVPROBE:0,duplicate_filter,0,False,0,duplicate_filter
m12_medium_flood_dup60_s20260628_bonded,BudgetDoS,m12_medium_flood_dup60_s20260628,bonded,14437,PRIVPROBE:0,duplicate_filter,0,False,0,duplicate_filter
m12_medium_flood_dup60_s20260628_bonded,BudgetDoS,m12_medium_flood_dup60_s20260628,bonded,14546,PRIVPROBE:0,rl_hit,1,False,0,rl
m12_medium_flood_dup60_s20260628_bonded,BudgetDoS,m12_medium_flood_dup60_s20260628,bonded,14659,PRIVPROBE:0,duplicate_filter,0,False,0,duplicate_filter
m12_medium_flood_dup60_s20260628_bonded,BudgetDoS,m12_medium_flood_dup60_s20260628,bonded,14776,PRIVPROBE:0,duplicate_filter,0,False,0,duplicate_filter
m12_medium_flood_dup60_s20260628_bonded,BudgetDoS,m12_medium_flood_dup60_s20260628,bonded,14895,PRIVPROBE:0,duplicate_filter,0,False,0,duplicate_filter
m12_medium_flood_dup60_s20260628_bonded,BudgetDoS,m12_medium_flood_dup60_s20260628,bonded,15020,PRIVPROBE:0,duplicate_filter,0,False,0,duplicate_filter
m12_medium_flood_dup60_s20260628_bonded,BudgetDoS,m12_medium_flood_dup60_s20260628,bonded,15152,PRIVPROBE:0,duplicate_filter,0,False,0,duplicate_filter
m12_medium_flood_dup60_s20260628_bonded,BudgetDoS,m12_medium_flood_dup60_s20260628,bonded,15274,PRIVPROBE:0,duplicate_filter,0,False,0,duplicate_filter
m12_medium_flood_dup60_s20260628_bonded,BudgetDoS,m12_medium_flood_dup60_s20260628,bonded,15399,PRIVPROBE:0,duplicate_filter,0,False,0,duplicate_filter
m12_medium_flood_dup60_s20260628_bonded,BudgetDoS,m12_medium_flood_dup60_s20260628,bonded,15500,PRIVPROBE:0,duplicate_filter,0,False,0,duplicate_filter
m12_medium_flood_dup60_s20260628_bonded,BudgetDoS,m12_medium_flood_dup60_s20260628,bonded,15619,PRIVPROBE:0,duplicate_filter,0,False,0,duplicate_filter
m12_medium_flood_dup60_s20260628_bonded,BudgetDoS,m12_medium_flood_dup60_s20260628,bonded,15727,PRIVPROBE:0,duplicate_filter,0,False,0,duplicate_filter
m12_medium_flood_dup60_s20260628_bonded,BudgetDoS,m12_medium_flood_dup60_s20260628,bonded,15848,PRIVPROBE:0,duplicate_filter,0,False,0,duplicate_filter
m12_medium_flood_dup60_s20260628_bonded,BudgetDoS,m12_medium_flood_dup60_s20260628,bonded,15968,PRIVPROBE:0,rl_hit,1,False,0,rl
m12_medium_flood_dup60_s20260628_bonded,BudgetDoS,m12_medium_flood_dup60_s20260628,bonded,16079,PRIVPROBE:0,duplicate_filter,0,False,0,duplicate_filter
m12_medium_flood_dup60_s20260628_bonded,BudgetDoS,m12_medium_flood_dup60_s20260628,bonded,16180,PRIVPROBE:0,duplicate_filter,0,False,0,duplicate_filter
m12_medium_flood_dup60_s20260628_bonded,BudgetDoS,m12_medium_flood_dup60_s20260628,bonded,16303,PRIVPROBE:0,duplicate_filter,0,False,0,duplicate_filter
m12_medium_flood_dup60_s20260628_bonded,BudgetDoS,m12_medium_flood_dup60_s20260628,bonded,16427,PRIVPROBE:0,duplicate_filter,0,False,0,duplicate_filter
m12_medium_flood_dup60_s20260628_bonded,BudgetDoS,m12_medium_flood_dup60_s20260628,bonded,16552,PRIVPROBE:0,duplicate_filter,0,False,0,duplicate_filter
m12_medium_flood_dup60_s20260628_bonded,BudgetDoS,m12_medium_flood_dup60_s20260628,bonded,16708,PRIVPROBE:0,duplicate_filter,0,False,0,duplicate_filter
m12_medium_flood_dup60_s20260628_bonded,BudgetDoS,m12_medium_flood_dup60_s20260628,bonded,16827,PRIVPROBE:0,duplicate_filter,0,False,0,duplicate_filter
m12_medium_flood_dup60_s20260628_bonded,BudgetDoS,m12_medium_flood_dup60_s20260628,bonded,16931,PRIVPROBE:0,duplicate_filter,0,False,0,duplicate_filter
m12_medium_flood_dup60_s20260628_bonded,BudgetDoS,m12_medium_flood_dup60_s20260628,bonded,17058,PRIVPROBE:0,duplicate_filter,0,False,0,duplicate_filter
m12_medium_flood_dup60_s20260628_bonded,BudgetDoS,m12_medium_flood_dup60_s20260628,bonded,17182,PRIVPROBE:0,duplicate_filter,0,False,0,duplicate_filter
m12_medium_flood_dup60_s20260628_bonded,BudgetDoS,m12_medium_flood_dup60_s20260628,bonded,17303,PRIVPROBE:0,duplicate_filter,0,False,0,duplicate_filter
m12_medium_flood_dup60_s20260628_bonded,BudgetDoS,m12_medium_flood_dup60_s20260628,bonded,17438,PRIVPROBE:0,rl_hit,1,False,0,rl
m12_medium_flood_dup60_s20260628_bonded,BudgetDoS,m12_medium_flood_dup60_s20260628,bonded,17555,PRIVPROBE:0,duplicate_filter,0,False,0,duplicate_filter
m12_medium_flood_dup60_s20260628_bonded,BudgetDoS,m12_medium_flood_dup60_s20260628,bonded,17660,PRIVPROBE:0,duplicate_filter,0,False,0,duplicate_filter
m12_medium_flood_dup60_s20260628_bonded,BudgetDoS,m12_medium_flood_dup60_s20260628,bonded,17785,PRIVPROBE:0,duplicate_filter,0,False,0,duplicate_filter
m12_medium_flood_dup60_s20260628_bonded,BudgetDoS,m12_medium_flood_dup60_s20260628,bonded,17890,PRIVPROBE:0,duplicate_filter,0,False,0,duplicate_filter
m12_medium_flood_dup60_s20260628_bonded,BudgetDoS,m12_medium_flood_dup60_s20260628,bonded,18034,PRIVPROBE:0,duplicate_filter,0,False,0,duplicate_filter
m12_medium_flood_dup60_s20260628_bonded,BudgetDoS,m12_medium_flood_dup60_s20260628,bonded,18146,PRIVPROBE:0,duplicate_filter,0,False,0,duplicate_filter
m12_medium_flood_dup60_s20260628_bonded,BudgetDoS,m12_medium_flood_dup60_s20260628,bonded,18266,PRIVPROBE:0,duplicate_filter,0,False,0,duplicate_filter
m12_medium_flood_dup60_s20260628_bonded,BudgetDoS,m12_medium_flood_dup60_s20260628,bonded,18383,PRIVPROBE:0,duplicate_filter,0,False,0,duplicate_filter
m12_medium_flood_dup60_s20260628_bonded,BudgetDoS,m12_medium_flood_dup60_s20260628,bonded,18487,PRIVPROBE:0,duplicate_filter,0,False,0,duplicate_filter
m12_medium_flood_dup60_s20260628_bonded,BudgetDoS,m12_medium_flood_dup60_s20260628,bonded,18624,PRIVPROBE:0,duplicate_filter,0,False,0,duplicate_filter
m12_medium_flood_dup60_s20260628_bonded,BudgetDoS,m12_medium_flood_dup60_s20260628,bonded,18739,PRIVPROBE:0,duplicate_filter,0,False,0,duplicate_filter
m12_medium_flood_dup60_s20260628_bonded,BudgetDoS,m12_medium_flood_dup60_s20260628,bonded,18852,PRIVPROBE:0,rl_hit,1,False,0,rl
m12_medium_flood_dup60_s20260628_bonded,BudgetDoS,m12_medium_flood_dup60_s20260628,bonded,18986,PRIVPROBE:0,duplicate_filter,0,False,0,duplicate_filter
m12_medium_flood_dup60_s20260628_bonded,BudgetDoS,m12_medium_flood_dup60_s20260628,bonded,19108,PRIVPROBE:0,duplicate_filter,0,False,0,duplicate_filter
m12_medium_flood_dup60_s20260628_bonded,BudgetDoS,m12_medium_flood_dup60_s20260628,bonded,19226,PRIVPROBE:0,duplicate_filter,0,False,0,duplicate_filter
m12_medium_flood_dup60_s20260628_bonded,BudgetDoS,m12_medium_flood_dup60_s20260628,bonded,19355,PRIVPROBE:0,duplicate_filter,0,False,0,duplicate_filter
m12_medium_flood_dup60_s20260628_bonded,BudgetDoS,m12_medium_flood_dup60_s20260628,bonded,19454,PRIVPROBE:0,duplicate_filter,0,False,0,duplicate_filter
m12_medium_flood_dup60_s20260628_bonded,BudgetDoS,m12_medium_flood_dup60_s20260628,bonded,19577,PRIVPROBE:0,duplicate_filter,0,False,0,duplicate_filter
m12_medium_flood_dup60_s20260628_bonded,BudgetDoS,m12_medium_flood_dup60_s20260628,bonded,19697,PRIVPROBE:0,duplicate_filter,0,False,0,duplicate_filter
m12_medium_flood_dup60_s20260628_bonded,BudgetDoS,m12_medium_flood_dup60_s20260628,bonded,19848,PRIVPROBE:0,duplicate_filter,0,False,0,duplicate_filter
m12_medium_flood_dup60_s20260628_bonded,BudgetDoS,m12_medium_flood_dup60_s20260628,bonded,19954,PRIVPROBE:0,duplicate_filter,0,False,0,duplicate_filter
m12_medium_flood_dup60_s20260628_bonded,BudgetDoS,m12_medium_flood_dup60_s20260628,bonded,20082,PRIVPROBE:0,duplicate_filter,0,False,0,duplicate_filter
m12_medium_flood_dup60_s20260628_bonded,BudgetDoS,m12_medium_flood_dup60_s20260628,bonded,20218,PRIVPROBE:0,duplicate_filter,0,False,0,duplicate_filter
m12_medium_flood_dup60_s20260628_bonded,BudgetDoS,m12_medium_flood_dup60_s20260628,bonded,20368,PRIVPROBE:0,rl_hit,1,False,0,rl
m12_medium_flood_dup60_s20260628_bonded,BudgetDoS,m12_medium_flood_dup60_s20260628,bonded,20493,PRIVPROBE:0,duplicate_filter,0,False,0,duplicate_filter
m12_medium_flood_dup60_s20260628_bonded,BudgetDoS,m12_medium_flood_dup60_s20260628,bonded,20625,PRIVPROBE:0,duplicate_filter,0,False,0,duplicate_filter
m12_medium_flood_dup60_s20260628_bonded,BudgetDoS,m12_medium_flood_dup60_s20260628,bonded,20758,PRIVPROBE:0,duplicate_filter,0,False,0,duplicate_filter
m12_medium_flood_dup60_s20260628_bonded,BudgetDoS,m12_medium_flood_dup60_s20260628,bonded,20865,PRIVPROBE:0,duplicate_filter,0,False,0,duplicate_filter
m12_medium_flood_dup60_s20260628_bonded,BudgetDoS,m12_medium_flood_dup60_s20260628,bonded,20995,PRIVPROBE:0,duplicate_filter,0,False,0,duplicate_filter
m12_medium_flood_dup60_s20260628_bonded,BudgetDoS,m12_medium_flood_dup60_s20260628,bonded,21120,PRIVPROBE:0,duplicate_filter,0,False,0,duplicate_filter
m12_medium_flood_dup60_s20260628_bonded,BudgetDoS,m12_medium_flood_dup60_s20260628,bonded,21223,PRIVPROBE:0,duplicate_filter,0,False,0,duplicate_filter
m12_medium_flood_dup60_s20260628_bonded,BudgetDoS,m12_medium_flood_dup60_s20260628,bonded,21345,PRIVPROBE:0,duplicate_filter,0,False,0,duplicate_filter
m12_medium_flood_dup60_s20260628_bonded,BudgetDoS,m12_medium_flood_dup60_s20260628,bonded,21449,PRIVPROBE:0,duplicate_filter,0,False,0,duplicate_filter
m12_medium_flood_dup60_s20260628_bonded,BudgetDoS,m12_medium_flood_dup60_s20260628,bonded,21585,PRIVPROBE:0,duplicate_filter,0,False,0,duplicate_filter
m12_medium_flood_dup60_s20260628_bonded,BudgetDoS,m12_medium_flood_dup60_s20260628,bonded,21724,PRIVPROBE:0,duplicate_filter,0,False,0,duplicate_filter
m12_medium_flood_dup60_s20260628_bonded,BudgetDoS,m12_medium_flood_dup60_s20260628,bonded,21830,PRIVPROBE:1,rl_hit,1,False,0,rl
m12_medium_flood_dup60_s20260628_bonded,BudgetDoS,m12_medium_flood_dup60_s20260628,bonded,21954,PRIVPROBE:1,duplicate_filter,0,False,0,duplicate_filter
m12_medium_flood_dup60_s20260628_bonded,BudgetDoS,m12_medium_flood_dup60_s20260628,bonded,22088,PRIVPROBE:1,duplicate_filter,0,False,0,duplicate_filter
m12_medium_flood_dup60_s20260628_bonded,BudgetDoS,m12_medium_flood_dup60_s20260628,bonded,22183,PRIVPROBE:1,duplicate_filter,0,False,0,duplicate_filter
m12_medium_flood_dup60_s20260628_bonded,BudgetDoS,m12_medium_flood_dup60_s20260628,bonded,22304,PRIVPROBE:1,duplicate_filter,0,False,0,duplicate_filter
m12_medium_flood_dup60_s20260628_bonded,BudgetDoS,m12_medium_flood_dup60_s20260628,bonded,22414,PRIVPROBE:1,duplicate_filter,0,False,0,duplicate_filter
m12_medium_flood_dup60_s20260628_bonded,BudgetDoS,m12_medium_flood_dup60_s20260628,bonded,22538,PRIVPROBE:1,duplicate_filter,0,False,0,duplicate_filter
m12_medium_flood_dup60_s20260628_bonded,BudgetDoS,m12_medium_flood_dup60_s20260628,bonded,22678,PRIVPROBE:1,duplicate_filter,0,False,0,duplicate_filter
m12_medium_flood_dup60_s20260628_bonded,BudgetDoS,m12_medium_flood_dup60_s20260628,bonded,22817,PRIVPROBE:1,duplicate_filter,0,False,0,duplicate_filter
m12_medium_flood_dup60_s20260628_bonded,BudgetDoS,m12_medium_flood_dup60_s20260628,bonded,22942,PRIVPROBE:1,duplicate_filter,0,False,0,duplicate_filter
m12_medium_flood_dup60_s20260628_bonded,BudgetDoS,m12_medium_flood_dup60_s20260628,bonded,23051,PRIVPROBE:1,duplicate_filter,0,False,0,duplicate_filter
m12_medium_flood_dup60_s20260628_bonded,BudgetDoS,m12_medium_flood_dup60_s20260628,bonded,23175,PRIVPROBE:1,duplicate_filter,0,False,0,duplicate_filter
m12_medium_flood_dup60_s20260628_bonded,BudgetDoS,m12_medium_flood_dup60_s20260628,bonded,23294,PRIVPROBE:1,rl_hit,1,False,0,rl
m12_medium_flood_dup60_s20260628_bonded,BudgetDoS,m12_medium_flood_dup60_s20260628,bonded,23436,PRIVPROBE:1,duplicate_filter,0,False,0,duplicate_filter
m12_medium_flood_dup60_s20260628_bonded,BudgetDoS,m12_medium_flood_dup60_s20260628,bonded,23541,PRIVPROBE:1,duplicate_filter,0,False,0,duplicate_filter
m12_medium_flood_dup60_s20260628_bonded,BudgetDoS,m12_medium_flood_dup60_s20260628,bonded,23675,PRIVPROBE:1,duplicate_filter,0,False,0,duplicate_filter
m12_medium_flood_dup60_s20260628_bonded,BudgetDoS,m12_medium_flood_dup60_s20260628,bonded,23807,PRIVPROBE:1,duplicate_filter,0,False,0,duplicate_filter
m12_medium_flood_dup60_s20260628_bonded,BudgetDoS,m12_medium_flood_dup60_s20260628,bonded,23916,PRIVPROBE:1,duplicate_filter,0,False,0,duplicate_filter
m12_medium_flood_dup60_s20260628_bonded,BudgetDoS,m12_medium_flood_dup60_s20260628,bonded,24021,PRIVPROBE:1,duplicate_filter,0,False,0,duplicate_filter
m12_medium_flood_dup60_s20260628_bonded,BudgetDoS,m12_medium_flood_dup60_s20260628,bonded,24156,PRIVPROBE:1,duplicate_filter,0,False,0,duplicate_filter
m12_medium_flood_dup60_s20260628_bonded,BudgetDoS,m12_medium_flood_dup60_s20260628,bonded,24272,PRIVPROBE:1,duplicate_filter,0,False,0,duplicate_filter
m12_medium_flood_dup60_s20260628_bonded,BudgetDoS,m12_medium_flood_dup60_s20260628,bonded,24390,PRIVPROBE:1,duplicate_filter,0,False,0,duplicate_filter
m12_medium_flood_dup60_s20260628_bonded,BudgetDoS,m12_medium_flood_dup60_s20260628,bonded,24490,PRIVPROBE:1,duplicate_filter,0,False,0,duplicate_filter
m12_medium_flood_dup60_s20260628_bonded,BudgetDoS,m12_medium_flood_dup60_s20260628,bonded,24620,PRIVPROBE:1,duplicate_filter,0,False,0,duplicate_filter
m12_medium_flood_dup60_s20260628_bonded,BudgetDoS,m12_medium_flood_dup60_s20260628,bonded,24740,PRIVPROBE:1,rl_hit,1,False,0,rl
m12_medium_flood_dup60_s20260628_bonded,BudgetDoS,m12_medium_flood_dup60_s20260628,bonded,24847,PRIVPROBE:1,duplicate_filter,0,False,0,duplicate_filter
m12_medium_flood_dup60_s20260628_bonded,BudgetDoS,m12_medium_flood_dup60_s20260628,bonded,24959,PRIVPROBE:1,duplicate_filter,0,False,0,duplicate_filter
m12_medium_flood_dup60_s20260628_bonded,BudgetDoS,m12_medium_flood_dup60_s20260628,bonded,25088,PRIVPROBE:1,duplicate_filter,0,False,0,duplicate_filter
m12_medium_flood_dup60_s20260628_bonded,BudgetDoS,m12_medium_flood_dup60_s20260628,bonded,25216,PRIVPROBE:1,duplicate_filter,0,False,0,duplicate_filter
m12_medium_flood_dup60_s20260628_bonded,BudgetDoS,m12_medium_flood_dup60_s20260628,bonded,25338,PRIVPROBE:1,duplicate_filter,0,False,0,duplicate_filter
m12_medium_flood_dup60_s20260628_bonded,BudgetDoS,m12_medium_flood_dup60_s20260628,bonded,25476,PRIVPROBE:1,duplicate_filter,0,False,0,duplicate_filter
m12_medium_flood_dup60_s20260628_bonded,BudgetDoS,m12_medium_flood_dup60_s20260628,bonded,25596,PRIVPROBE:1,duplicate_filter,0,False,0,duplicate_filter
m12_medium_flood_dup60_s20260628_bonded,BudgetDoS,m12_medium_flood_dup60_s20260628,bonded,25696,PRIVPROBE:1,duplicate_filter,0,False,0,duplicate_filter
m12_medium_flood_dup60_s20260628_bonded,BudgetDoS,m12_medium_flood_dup60_s20260628,bonded,25797,PRIVPROBE:1,duplicate_filter,0,False,0,duplicate_filter
m12_medium_flood_dup60_s20260628_bonded,BudgetDoS,m12_medium_flood_dup60_s20260628,bonded,25924,PRIVPROBE:1,duplicate_filter,0,False,0,duplicate_filter
m12_medium_flood_dup60_s20260628_bonded,BudgetDoS,m12_medium_flood_dup60_s20260628,bonded,26038,PRIVPROBE:1,duplicate_filter,0,False,0,duplicate_filter
m12_medium_flood_dup60_s20260628_bonded,BudgetDoS,m12_medium_flood_dup60_s20260628,bonded,26172,PRIVPROBE:1,rl_hit,1,False,0,rl
m12_medium_flood_dup60_s20260628_bonded,BudgetDoS,m12_medium_flood_dup60_s20260628,bonded,26297,PRIVPROBE:1,duplicate_filter,0,False,0,duplicate_filter
m12_medium_flood_dup60_s20260628_bonded,BudgetDoS,m12_medium_flood_dup60_s20260628,bonded,26423,PRIVPROBE:1,duplicate_filter,0,False,0,duplicate_filter
m12_medium_flood_dup60_s20260628_bonded,BudgetDoS,m12_medium_flood_dup60_s20260628,bonded,26529,PRIVPROBE:1,duplicate_filter,0,False,0,duplicate_filter
m12_medium_flood_dup60_s20260628_bonded,BudgetDoS,m12_medium_flood_dup60_s20260628,bonded,26637,PRIVPROBE:1,duplicate_filter,0,False,0,duplicate_filter
m12_medium_flood_dup60_s20260628_bonded,BudgetDoS,m12_medium_flood_dup60_s20260628,bonded,26741,PRIVPROBE:1,duplicate_filter,0,False,0,duplicate_filter
m12_medium_flood_dup60_s20260628_bonded,BudgetDoS,m12_medium_flood_dup60_s20260628,bonded,26852,PRIVPROBE:1,duplicate_filter,0,False,0,duplicate_filter
m12_medium_flood_dup60_s20260628_bonded,BudgetDoS,m12_medium_flood_dup60_s20260628,bonded,26962,PRIVPROBE:1,duplicate_filter,0,False,0,duplicate_filter
m12_medium_flood_dup60_s20260628_bonded,BudgetDoS,m12_medium_flood_dup60_s20260628,bonded,27106,PRIVPROBE:1,duplicate_filter,0,False,0,duplicate_filter
m12_medium_flood_dup60_s20260628_bonded,BudgetDoS,m12_medium_flood_dup60_s20260628,bonded,27220,PRIVPROBE:1,duplicate_filter,0,False,0,duplicate_filter
m12_medium_flood_dup60_s20260628_bonded,BudgetDoS,m12_medium_flood_dup60_s20260628,bonded,27356,PRIVPROBE:1,duplicate_filter,0,False,0,duplicate_filter
m12_medium_flood_dup60_s20260628_bonded,BudgetDoS,m12_medium_flood_dup60_s20260628,bonded,27505,PRIVPROBE:1,duplicate_filter,0,False,0,duplicate_filter
m12_medium_flood_dup60_s20260628_bonded,BudgetDoS,m12_medium_flood_dup60_s20260628,bonded,27641,PRIVPROBE:1,rl_hit,1,False,0,rl
m12_medium_flood_dup60_s20260628_bonded,BudgetDoS,m12_medium_flood_dup60_s20260628,bonded,27766,PRIVPROBE:1,duplicate_filter,0,False,0,duplicate_filter
m12_medium_flood_dup60_s20260628_bonded,BudgetDoS,m12_medium_flood_dup60_s20260628,bonded,27883,PRIVPROBE:1,duplicate_filter,0,False,0,duplicate_filter
m12_medium_flood_dup60_s20260628_bonded,BudgetDoS,m12_medium_flood_dup60_s20260628,bonded,28013,PRIVPROBE:1,duplicate_filter,0,False,0,duplicate_filter
m12_medium_flood_dup60_s20260628_bonded,BudgetDoS,m12_medium_flood_dup60_s20260628,bonded,28134,PRIVPROBE:1,duplicate_filter,0,False,0,duplicate_filter
m12_medium_flood_dup60_s20260628_bonded,BudgetDoS,m12_medium_flood_dup60_s20260628,bonded,28249,PRIVPROBE:1,duplicate_filter,0,False,0,duplicate_filter
m12_medium_flood_dup60_s20260628_bonded,BudgetDoS,m12_medium_flood_dup60_s20260628,bonded,28404,PRIVPROBE:1,duplicate_filter,0,False,0,duplicate_filter
m12_medium_flood_dup60_s20260628_bonded,BudgetDoS,m12_medium_flood_dup60_s20260628,bonded,28528,PRIVPROBE:1,duplicate_filter,0,False,0,duplicate_filter
m12_medium_flood_dup60_s20260628_bonded,BudgetDoS,m12_medium_flood_dup60_s20260628,bonded,28647,PRIVPROBE:1,duplicate_filter,0,False,0,duplicate_filter
m12_medium_flood_dup60_s20260628_bonded,BudgetDoS,m12_medium_flood_dup60_s20260628,bonded,28757,PRIVPROBE:1,duplicate_filter,0,False,0,duplicate_filter
m12_medium_flood_dup60_s20260628_bonded,BudgetDoS,m12_medium_flood_dup60_s20260628,bonded,28859,PRIVPROBE:1,duplicate_filter,0,False,0,duplicate_filter
m12_medium_flood_dup60_s20260628_bonded,BudgetDoS,m12_medium_flood_dup60_s20260628,bonded,28985,PRIVPROBE:1,duplicate_filter,0,False,0,duplicate_filter
m12_medium_flood_dup60_s20260628_bonded,BudgetDoS,m12_medium_flood_dup60_s20260628,bonded,29101,PRIVPROBE:1,rl_hit,1,False,0,rl
m12_medium_flood_dup60_s20260628_bonded,BudgetDoS,m12_medium_flood_dup60_s20260628,bonded,29235,PRIVPROBE:1,duplicate_filter,0,False,0,duplicate_filter
m12_medium_flood_dup60_s20260628_bonded,BudgetDoS,m12_medium_flood_dup60_s20260628,bonded,29371,PRIVPROBE:1,duplicate_filter,0,False,0,duplicate_filter
m12_medium_flood_dup60_s20260628_bonded,BudgetDoS,m12_medium_flood_dup60_s20260628,bonded,29482,PRIVPROBE:1,duplicate_filter,0,False,0,duplicate_filter
m12_medium_flood_dup60_s20260628_bonded,BudgetDoS,m12_medium_flood_dup60_s20260628,bonded,29607,PRIVPROBE:1,duplicate_filter,0,False,0,duplicate_filter
m12_medium_flood_dup60_s20260628_bonded,BudgetDoS,m12_medium_flood_dup60_s20260628,bonded,29719,PRIVPROBE:1,duplicate_filter,0,False,0,duplicate_filter
m12_medium_flood_dup60_s20260628_bonded,BudgetDoS,m12_medium_flood_dup60_s20260628,bonded,29829,PRIVPROBE:1,duplicate_filter,0,False,0,duplicate_filter
m12_medium_flood_dup60_s20260628_bonded,BudgetDoS,m12_medium_flood_dup60_s20260628,bonded,29961,PRIVPROBE:1,duplicate_filter,0,False,0,duplicate_filter
m12_medium_flood_dup60_s20260628_bonded,BudgetDoS,m12_medium_flood_dup60_s20260628,bonded,30078,PRIVPROBE:1,duplicate_filter,0,False,0,duplicate_filter
m12_medium_flood_dup60_s20260628_bonded,BudgetDoS,m12_medium_flood_dup60_s20260628,bonded,30217,PRIVPROBE:1,duplicate_filter,0,False,0,duplicate_filter
m12_medium_flood_dup60_s20260628_bonded,BudgetDoS,m12_medium_flood_dup60_s20260628,bonded,30327,PRIVPROBE:1,duplicate_filter,0,False,0,duplicate_filter
m12_medium_flood_dup60_s20260628_bonded,BudgetDoS,m12_medium_flood_dup60_s20260628,bonded,30440,PRIVPROBE:1,duplicate_filter,0,False,0,duplicate_filter
m12_medium_flood_dup60_s20260628_bonded,BudgetDoS,m12_medium_flood_dup60_s20260628,bonded,30563,PRIVPROBE:1,rl_hit,1,False,0,rl
m12_medium_flood_dup60_s20260628_bonded,BudgetDoS,m12_medium_flood_dup60_s20260628,bonded,30671,PRIVPROBE:1,duplicate_filter,0,False,0,duplicate_filter
m12_medium_flood_dup60_s20260628_bonded,BudgetDoS,m12_medium_flood_dup60_s20260628,bonded,30788,PRIVPROBE:1,duplicate_filter,0,False,0,duplicate_filter
m12_medium_flood_dup60_s20260628_bonded,BudgetDoS,m12_medium_flood_dup60_s20260628,bonded,30915,PRIVPROBE:1,duplicate_filter,0,False,0,duplicate_filter
m12_medium_flood_dup60_s20260628_bonded,BudgetDoS,m12_medium_flood_dup60_s20260628,bonded,31052,PRIVPROBE:1,duplicate_filter,0,False,0,duplicate_filter
m12_medium_flood_dup60_s20260628_bonded,BudgetDoS,m12_medium_flood_dup60_s20260628,bonded,31163,PRIVPROBE:1,duplicate_filter,0,False,0,duplicate_filter
m12_medium_flood_dup60_s20260628_bonded,BudgetDoS,m12_medium_flood_dup60_s20260628,bonded,31273,PRIVPROBE:1,duplicate_filter,0,False,0,duplicate_filter
m12_medium_flood_dup60_s20260628_bonded,BudgetDoS,m12_medium_flood_dup60_s20260628,bonded,31374,PRIVPROBE:1,duplicate_filter,0,False,0,duplicate_filter
m12_medium_flood_dup60_s20260628_bonded,BudgetDoS,m12_medium_flood_dup60_s20260628,bonded,31464,PRIVPROBE:1,duplicate_filter,0,False,0,duplicate_filter
m12_medium_flood_dup60_s20260628_bonded,BudgetDoS,m12_medium_flood_dup60_s20260628,bonded,31605,PRIVPROBE:1,duplicate_filter,0,False,0,duplicate_filter
m12_medium_flood_dup60_s20260628_bonded,BudgetDoS,m12_medium_flood_dup60_s20260628,bonded,31706,PRIVPROBE:1,duplicate_filter,0,False,0,duplicate_filter
m12_medium_flood_dup60_s20260628_bonded,BudgetDoS,m12_medium_flood_dup60_s20260628,bonded,31810,PRIVPROBE:1,duplicate_filter,0,False,0,duplicate_filter
m12_medium_flood_dup60_s20260628_bonded,BudgetDoS,m12_medium_flood_dup60_s20260628,bonded,31941,PRIVPROBE:1,rl_hit,1,False,0,rl
m12_medium_flood_dup60_s20260628_bonded,BudgetDoS,m12_medium_flood_dup60_s20260628,bonded,32049,PRIVPROBE:1,duplicate_filter,0,False,0,duplicate_filter
m12_medium_flood_dup60_s20260628_bonded,BudgetDoS,m12_medium_flood_dup60_s20260628,bonded,32200,PRIVPROBE:1,duplicate_filter,0,False,0,duplicate_filter
m12_medium_flood_dup60_s20260628_bonded,BudgetDoS,m12_medium_flood_dup60_s20260628,bonded,32309,PRIVPROBE:1,duplicate_filter,0,False,0,duplicate_filter
m12_medium_flood_dup60_s20260628_bonded,BudgetDoS,m12_medium_flood_dup60_s20260628,bonded,32424,PRIVPROBE:1,duplicate_filter,0,False,0,duplicate_filter
m12_medium_flood_dup60_s20260628_bonded,BudgetDoS,m12_medium_flood_dup60_s20260628,bonded,32536,PRIVPROBE:1,duplicate_filter,0,False,0,duplicate_filter
m12_medium_flood_dup60_s20260628_bonded,BudgetDoS,m12_medium_flood_dup60_s20260628,bonded,32643,PRIVPROBE:1,duplicate_filter,0,False,0,duplicate_filter
m12_medium_flood_dup60_s20260628_bonded,BudgetDoS,m12_medium_flood_dup60_s20260628,bonded,32758,PRIVPROBE:1,duplicate_filter,0,False,0,duplicate_filter
m12_medium_flood_dup60_s20260628_bonded,BudgetDoS,m12_medium_flood_dup60_s20260628,bonded,32881,PRIVPROBE:1,duplicate_filter,0,False,0,duplicate_filter
m12_medium_flood_dup60_s20260628_bonded,BudgetDoS,m12_medium_flood_dup60_s20260628,bonded,33020,PRIVPROBE:1,duplicate_filter,0,False,0,duplicate_filter
m12_medium_flood_dup60_s20260628_bonded,BudgetDoS,m12_medium_flood_dup60_s20260628,bonded,33126,PRIVPROBE:1,duplicate_filter,0,False,0,duplicate_filter
m12_medium_flood_dup60_s20260628_bonded,BudgetDoS,m12_medium_flood_dup60_s20260628,bonded,33254,PRIVPROBE:1,duplicate_filter,0,False,0,duplicate_filter
m12_medium_flood_dup60_s20260628_bonded,BudgetDoS,m12_medium_flood_dup60_s20260628,bonded,33390,PRIVPROBE:1,rl_hit,1,False,0,rl
m12_medium_flood_dup60_s20260628_bonded,BudgetDoS,m12_medium_flood_dup60_s20260628,bonded,33501,PRIVPROBE:1,duplicate_filter,0,False,0,duplicate_filter
m12_medium_flood_dup60_s20260628_bonded,BudgetDoS,m12_medium_flood_dup60_s20260628,bonded,33640,PRIVPROBE:1,duplicate_filter,0,False,0,duplicate_filter
m12_medium_flood_dup60_s20260628_bonded,BudgetDoS,m12_medium_flood_dup60_s20260628,bonded,33761,PRIVPROBE:1,duplicate_filter,0,False,0,duplicate_filter
m12_medium_flood_dup60_s20260628_bonded,BudgetDoS,m12_medium_flood_dup60_s20260628,bonded,33859,PRIVPROBE:1,duplicate_filter,0,False,0,duplicate_filter
m12_medium_flood_dup60_s20260628_bonded,BudgetDoS,m12_medium_flood_dup60_s20260628,bonded,33987,PRIVPROBE:1,duplicate_filter,0,False,0,duplicate_filter
m12_medium_flood_dup60_s20260628_bonded,BudgetDoS,m12_medium_flood_dup60_s20260628,bonded,34091,PRIVPROBE:1,duplicate_filter,0,False,0,duplicate_filter
m12_medium_flood_dup60_s20260628_bonded,BudgetDoS,m12_medium_flood_dup60_s20260628,bonded,34222,PRIVPROBE:1,duplicate_filter,0,False,0,duplicate_filter
m12_medium_flood_dup60_s20260628_bonded,BudgetDoS,m12_medium_flood_dup60_s20260628,bonded,34335,PRIVPROBE:1,duplicate_filter,0,False,0,duplicate_filter
m12_medium_flood_dup60_s20260628_bonded,BudgetDoS,m12_medium_flood_dup60_s20260628,bonded,34465,PRIVPROBE:1,duplicate_filter,0,False,0,duplicate_filter
m12_medium_flood_dup60_s20260628_bonded,BudgetDoS,m12_medium_flood_dup60_s20260628,bonded,34564,PRIVPROBE:1,duplicate_filter,0,False,0,duplicate_filter
m12_medium_flood_dup60_s20260628_bonded,BudgetDoS,m12_medium_flood_dup60_s20260628,bonded,34684,PRIVPROBE:1,duplicate_filter,0,False,0,duplicate_filter
m12_medium_flood_dup60_s20260628_bonded,BudgetDoS,m12_medium_flood_dup60_s20260628,bonded,34821,PRIVPROBE:1,rl_hit,1,False,0,rl
m12_medium_flood_dup60_s20260628_bonded,BudgetDoS,m12_medium_flood_dup60_s20260628,bonded,34950,PRIVPROBE:1,duplicate_filter,0,False,0,duplicate_filter
m12_medium_flood_dup60_s20260628_bonded,BudgetDoS,m12_medium_flood_dup60_s20260628,bonded,35080,PRIVPROBE:1,duplicate_filter,0,False,0,duplicate_filter
m12_medium_flood_dup60_s20260628_bonded,BudgetDoS,m12_medium_flood_dup60_s20260628,bonded,35202,PRIVPROBE:1,duplicate_filter,0,False,0,duplicate_filter
m12_medium_flood_dup60_s20260628_bonded,BudgetDoS,m12_medium_flood_dup60_s20260628,bonded,35337,PRIVPROBE:1,duplicate_filter,0,False,0,duplicate_filter
m12_medium_flood_dup60_s20260628_bonded,BudgetDoS,m12_medium_flood_dup60_s20260628,bonded,35442,PRIVPROBE:1,duplicate_filter,0,False,0,duplicate_filter
m12_medium_flood_dup60_s20260628_bonded,BudgetDoS,m12_medium_flood_dup60_s20260628,bonded,35567,PRIVPROBE:1,duplicate_filter,0,False,0,duplicate_filter
m12_medium_flood_dup60_s20260628_bonded,BudgetDoS,m12_medium_flood_dup60_s20260628,bonded,35718,PRIVPROBE:1,duplicate_filter,0,False,0,duplicate_filter
m12_medium_flood_dup60_s20260628_bonded,BudgetDoS,m12_medium_flood_dup60_s20260628,bonded,35834,PRIVPROBE:1,duplicate_filter,0,False,0,duplicate_filter
m12_medium_flood_dup60_s20260628_bonded,BudgetDoS,m12_medium_flood_dup60_s20260628,bonded,35940,PRIVPROBE:1,duplicate_filter,0,False,0,duplicate_filter
m12_medium_flood_dup60_s20260628_bonded,BudgetDoS,m12_medium_flood_dup60_s20260628,bonded,36058,PRIVPROBE:1,duplicate_filter,0,False,0,duplicate_filter
m12_medium_flood_dup60_s20260628_bonded,BudgetDoS,m12_medium_flood_dup60_s20260628,bonded,36171,PRIVPROBE:1,duplicate_filter,0,False,0,duplicate_filter
m12_medium_flood_dup60_s20260628_bonded,BudgetDoS,m12_medium_flood_dup60_s20260628,bonded,36312,PRIVPROBE:1,rl_hit,1,False,0,rl
m12_medium_flood_dup60_s20260628_bonded,BudgetDoS,m12_medium_flood_dup60_s20260628,bonded,36438,PRIVPROBE:1,duplicate_filter,0,False,0,duplicate_filter
m12_medium_flood_dup60_s20260628_bonded,BudgetDoS,m12_medium_flood_dup60_s20260628,bonded,36563,PRIVPROBE:1,duplicate_filter,0,False,0,duplicate_filter
m12_medium_flood_dup60_s20260628_bonded,BudgetDoS,m12_medium_flood_dup60_s20260628,bonded,36681,PRIVPROBE:1,duplicate_filter,0,False,0,duplicate_filter
m12_medium_flood_dup60_s20260628_bonded,BudgetDoS,m12_medium_flood_dup60_s20260628,bonded,36809,PRIVPROBE:1,duplicate_filter,0,False,0,duplicate_filter
m12_medium_flood_dup60_s20260628_bonded,BudgetDoS,m12_medium_flood_dup60_s20260628,bonded,36942,PRIVPROBE:1,duplicate_filter,0,False,0,duplicate_filter
m12_medium_flood_dup60_s20260628_bonded,BudgetDoS,m12_medium_flood_dup60_s20260628,bonded,37067,PRIVPROBE:1,duplicate_filter,0,False,0,duplicate_filter
m12_medium_flood_dup60_s20260628_bonded,BudgetDoS,m12_medium_flood_dup60_s20260628,bonded,37193,PRIVPROBE:1,duplicate_filter,0,False,0,duplicate_filter
m12_medium_flood_dup60_s20260628_bonded,BudgetDoS,m12_medium_flood_dup60_s20260628,bonded,37317,PRIVPROBE:1,duplicate_filter,0,False,0,duplicate_filter
m12_medium_flood_dup60_s20260628_bonded,BudgetDoS,m12_medium_flood_dup60_s20260628,bonded,37426,PRIVPROBE:1,duplicate_filter,0,False,0,duplicate_filter
m12_medium_flood_dup60_s20260628_bonded,BudgetDoS,m12_medium_flood_dup60_s20260628,bonded,37577,PRIVPROBE:1,duplicate_filter,0,False,0,duplicate_filter
m12_medium_flood_dup60_s20260628_bonded,BudgetDoS,m12_medium_flood_dup60_s20260628,bonded,37697,PRIVPROBE:1,duplicate_filter,0,False,0,duplicate_filter
m12_medium_flood_dup60_s20260628_bonded,BudgetDoS,m12_medium_flood_dup60_s20260628,bonded,37826,PRIVPROBE:1,rl_hit,1,False,0,rl
m12_medium_flood_dup60_s20260628_bonded,BudgetDoS,m12_medium_flood_dup60_s20260628,bonded,37953,PRIVPROBE:1,duplicate_filter,0,False,0,duplicate_filter
m12_medium_flood_dup60_s20260628_bonded,BudgetDoS,m12_medium_flood_dup60_s20260628,bonded,38072,PRIVPROBE:1,duplicate_filter,0,False,0,duplicate_filter
m12_medium_flood_dup60_s20260628_bonded,BudgetDoS,m12_medium_flood_dup60_s20260628,bonded,38201,PRIVPROBE:1,duplicate_filter,0,False,0,duplicate_filter
m12_medium_flood_dup60_s20260628_bonded,BudgetDoS,m12_medium_flood_dup60_s20260628,bonded,38321,PRIVPROBE:1,duplicate_filter,0,False,0,duplicate_filter
m12_medium_flood_dup60_s20260628_bonded,BudgetDoS,m12_medium_flood_dup60_s20260628,bonded,38450,PRIVPROBE:1,duplicate_filter,0,False,0,duplicate_filter
m12_medium_flood_dup60_s20260628_bonded,BudgetDoS,m12_medium_flood_dup60_s20260628,bonded,38580,PRIVPROBE:1,duplicate_filter,0,False,0,duplicate_filter
m12_medium_flood_dup60_s20260628_bonded,BudgetDoS,m12_medium_flood_dup60_s20260628,bonded,38684,PRIVPROBE:1,duplicate_filter,0,False,0,duplicate_filter
m12_medium_flood_dup60_s20260628_bonded,BudgetDoS,m12_medium_flood_dup60_s20260628,bonded,38768,PRIVPROBE:1,duplicate_filter,0,False,0,duplicate_filter
m12_medium_flood_dup60_s20260628_bonded,BudgetDoS,m12_medium_flood_dup60_s20260628,bonded,38897,PRIVPROBE:1,duplicate_filter,0,False,0,duplicate_filter
m12_medium_flood_dup60_s20260628_bonded,BudgetDoS,m12_medium_flood_dup60_s20260628,bonded,39008,PRIVPROBE:1,duplicate_filter,0,False,0,duplicate_filter
m12_medium_flood_dup60_s20260628_bonded,BudgetDoS,m12_medium_flood_dup60_s20260628,bonded,39134,PRIVPROBE:1,duplicate_filter,0,False,0,duplicate_filter
m12_medium_flood_dup60_s20260628_bonded,BudgetDoS,m12_medium_flood_dup60_s20260628,bonded,39274,PRIVPROBE:1,rl_hit,1,False,0,rl
m12_medium_flood_dup60_s20260628_bonded,BudgetDoS,m12_medium_flood_dup60_s20260628,bonded,39397,PRIVPROBE:1,duplicate_filter,0,False,0,duplicate_filter
m12_medium_flood_dup60_s20260628_bonded,BudgetDoS,m12_medium_flood_dup60_s20260628,bonded,39517,PRIVPROBE:1,duplicate_filter,0,False,0,duplicate_filter
m12_medium_flood_dup60_s20260628_bonded,BudgetDoS,m12_medium_flood_dup60_s20260628,bonded,39627,PRIVPROBE:1,duplicate_filter,0,False,0,duplicate_filter
m12_medium_flood_dup60_s20260628_bonded,BudgetDoS,m12_medium_flood_dup60_s20260628,bonded,39750,PRIVPROBE:1,duplicate_filter,0,False,0,duplicate_filter
m12_medium_flood_dup60_s20260628_bonded,BudgetDoS,m12_medium_flood_dup60_s20260628,bonded,39877,PRIVPROBE:1,duplicate_filter,0,False,0,duplicate_filter
m12_medium_flood_dup60_s20260628_bonded,BudgetDoS,m12_medium_flood_dup60_s20260628,bonded,39991,PRIVPROBE:1,duplicate_filter,0,False,0,duplicate_filter
m12_medium_flood_dup60_s20260628_bonded,BudgetDoS,m12_medium_flood_dup60_s20260628,bonded,40120,PRIVPROBE:1,duplicate_filter,0,False,0,duplicate_filter
m12_medium_flood_dup60_s20260628_bonded,BudgetDoS,m12_medium_flood_dup60_s20260628,bonded,40237,PRIVPROBE:1,duplicate_filter,0,False,0,duplicate_filter
m12_medium_flood_dup60_s20260628_bonded,BudgetDoS,m12_medium_flood_dup60_s20260628,bonded,40346,PRIVPROBE:1,duplicate_filter,0,False,0,duplicate_filter
m12_medium_flood_dup60_s20260628_bonded,BudgetDoS,m12_medium_flood_dup60_s20260628,bonded,40484,PRIVPROBE:1,duplicate_filter,0,False,0,duplicate_filter
m12_medium_flood_dup60_s20260628_bonded,BudgetDoS,m12_medium_flood_dup60_s20260628,bonded,40628,PRIVPROBE:1,duplicate_filter,0,False,0,duplicate_filter
m12_medium_flood_dup60_s20260628_bonded,BudgetDoS,m12_medium_flood_dup60_s20260628,bonded,40749,PRIVPROBE:1,rl_hit,1,False,0,rl
m12_medium_flood_dup60_s20260628_bonded,BudgetDoS,m12_medium_flood_dup60_s20260628,bonded,40878,PRIVPROBE:1,duplicate_filter,0,False,0,duplicate_filter
m12_medium_flood_dup60_s20260628_bonded,BudgetDoS,m12_medium_flood_dup60_s20260628,bonded,40996,PRIVPROBE:1,duplicate_filter,0,False,0,duplicate_filter
m12_medium_flood_dup60_s20260628_bonded,BudgetDoS,m12_medium_flood_dup60_s20260628,bonded,41141,PRIVPROBE:1,duplicate_filter,0,False,0,duplicate_filter
m12_medium_flood_dup60_s20260628_bonded,BudgetDoS,m12_medium_flood_dup60_s20260628,bonded,41255,PRIVPROBE:1,duplicate_filter,0,False,0,duplicate_filter
m12_medium_flood_dup60_s20260628_bonded,BudgetDoS,m12_medium_flood_dup60_s20260628,bonded,41385,PRIVPROBE:1,duplicate_filter,0,False,0,duplicate_filter
m12_medium_flood_dup60_s20260628_bonded,BudgetDoS,m12_medium_flood_dup60_s20260628,bonded,41498,PRIVPROBE:1,duplicate_filter,0,False,0,duplicate_filter
m12_medium_flood_dup60_s20260628_bonded,BudgetDoS,m12_medium_flood_dup60_s20260628,bonded,41619,PRIVPROBE:1,duplicate_filter,0,False,0,duplicate_filter
m12_medium_flood_dup60_s20260628_bonded,BudgetDoS,m12_medium_flood_dup60_s20260628,bonded,41765,PRIVPROBE:1,duplicate_filter,0,False,0,duplicate_filter
m12_medium_flood_dup60_s20260628_bonded,BudgetDoS,m12_medium_flood_dup60_s20260628,bonded,41874,PRIVPROBE:1,duplicate_filter,0,False,0,duplicate_filter
m12_medium_flood_dup60_s20260628_bonded,BudgetDoS,m12_medium_flood_dup60_s20260628,bonded,41993,PRIVPROBE:1,duplicate_filter,0,False,0,duplicate_filter
m12_medium_flood_dup60_s20260628_bonded,BudgetDoS,m12_medium_flood_dup60_s20260628,bonded,42132,PRIVPROBE:1,duplicate_filter,0,False,0,duplicate_filter
m12_medium_flood_dup60_s20260628_bonded,BudgetDoS,m12_medium_flood_dup60_s20260628,bonded,42247,PRIVPROBE:1,rl_hit,1,False,0,rl
m12_medium_flood_dup60_s20260628_bonded,BudgetDoS,m12_medium_flood_dup60_s20260628,bonded,42379,PRIVPROBE:1,duplicate_filter,0,False,0,duplicate_filter
m12_medium_flood_dup60_s20260628_bonded,BudgetDoS,m12_medium_flood_dup60_s20260628,bonded,42479,PRIVPROBE:1,duplicate_filter,0,False,0,duplicate_filter
m12_medium_flood_dup60_s20260628_bonded,BudgetDoS,m12_medium_flood_dup60_s20260628,bonded,42563,PRIVPROBE:1,duplicate_filter,0,False,0,duplicate_filter
m12_medium_flood_dup60_s20260628_bonded,BudgetDoS,m12_medium_flood_dup60_s20260628,bonded,42681,PRIVPROBE:1,duplicate_filter,0,False,0,duplicate_filter
m12_medium_flood_dup60_s20260628_bonded,BudgetDoS,m12_medium_flood_dup60_s20260628,bonded,42814,PRIVPROBE:1,duplicate_filter,0,False,0,duplicate_filter
m12_medium_flood_dup60_s20260628_bonded,BudgetDoS,m12_medium_flood_dup60_s20260628,bonded,42973,PRIVPROBE:1,duplicate_filter,0,False,0,duplicate_filter
m12_medium_flood_dup60_s20260628_bonded,BudgetDoS,m12_medium_flood_dup60_s20260628,bonded,43097,PRIVPROBE:1,duplicate_filter,0,False,0,duplicate_filter
m12_medium_flood_dup60_s20260628_bonded,BudgetDoS,m12_medium_flood_dup60_s20260628,bonded,43212,PRIVPROBE:1,duplicate_filter,0,False,0,duplicate_filter
m12_medium_flood_dup60_s20260628_bonded,BudgetDoS,m12_medium_flood_dup60_s20260628,bonded,43324,PRIVPROBE:1,duplicate_filter,0,False,0,duplicate_filter
m12_medium_flood_dup60_s20260628_bonded,BudgetDoS,m12_medium_flood_dup60_s20260628,bonded,43454,PRIVPROBE:1,duplicate_filter,0,False,0,duplicate_filter
m12_medium_flood_dup60_s20260628_bonded,BudgetDoS,m12_medium_flood_dup60_s20260628,bonded,43569,PRIVPROBE:1,duplicate_filter,0,False,0,duplicate_filter
